schema_version,participant_id,session_id,trial_id,attempt_id,input_source,controller_family,order_strategy,order_seed,estimator_state_policy,max_control_amplitude,timestamp,monotonic_timestamp,missed_cycle_count,cursor_timestamp,cursor_sample_sequence,study_running,study_phase,study_controller_mode,start_x,start_y,start_z,end_x,end_y,end_z,cursor_x,cursor_y,cursor_z,haply_pos_x,haply_pos_y,haply_pos_z,haply_vel_x,haply_vel_y,haply_vel_z,K_h,u_h,K_a,u_a,endpoint_reached
3,P01,8f99450e-b3b4-4bbf-a34f-dee9d88fdb64,4,1,haply,mpc,seeded_random,593114440,persist_session,10.0,1785312723.103811,2810.165610627,0,,,True,careful,fixed,0.08,0.08,0.0,-0.08,0.08,0.0,,,,-0.058050588,-0.13710135,0.2529675,0.0002492135,-6.64862e-06,-0.00014859645,,,"{""Controller Type"": ""MPC Controller"", ""weight_comfort"": 1000.0, ""weight_trajectory"": 1000.0, ""weight_goal"": 100.0, ""Q"": [[1000.0, 0.0, 0.0, 0.0], [0.0, 0.0, 0.0, 0.0], [0.0, 0.0, 1000.0, 0.0], [0.0, 0.0, 0.0, 0.0]], ""R"": [[1000.0, 0.0], [0.0, 1000.0]], ""P"": [[100.0, 0.0, 0.0, 0.0], [0.0, 10000.0, 0.0, 0.0], [0.0, 0.0, 100.0, 0.0], [0.0, 0.0, 0.0, 10000.0]]}",,
3,P01,8f99450e-b3b4-4bbf-a34f-dee9d88fdb64,4,1,haply,mpc,seeded_random,593114440,persist_session,10.0,1785312723.113678,2810.175471307,0,1785312723.103682,434,True,careful,fixed,0.08,0.08,0.0,-0.08,0.08,0.0,0.081447198,0.08021488000000004,0.0,-0.058050588,-0.13710135,0.2529675,0.00039767066,-7.03908e-05,-0.00015078577,,,"{""Controller Type"": ""MPC Controller"", ""weight_comfort"": 1000.0, ""weight_trajectory"": 1000.0, ""weight_goal"": 100.0, ""Q"": [[1000.0, 0.0, 0.0, 0.0], [0.0, 0.0, 0.0, 0.0], [0.0, 0.0, 1000.0, 0.0], [0.0, 0.0, 0.0, 0.0]], ""R"": [[1000.0, 0.0], [0.0, 1000.0]], ""P"": [[100.0, 0.0, 0.0, 0.0], [0.0, 10000.0, 0.0, 0.0], [0.0, 0.0, 100.0, 0.0], [0.0, 0.0, 0.0, 10000.0]]}","[-0.006455562942358163, -9.522424522411568e-06, 0.0]",
3,P01,8f99450e-b3b4-4bbf-a34f-dee9d88fdb64,4,1,haply,mpc,seeded_random,593114440,persist_session,10.0,1785312723.1237483,2810.185543787,0,1785312723.1139212,435,True,careful,fixed,0.08,0.08,0.0,-0.08,0.08,0.0,0.081447198,0.08021488000000004,0.0,-0.058050588,-0.13710135,0.2529675,0.0004958792,-0.0001373768,-0.00010583876,"[-25.504704909175796, 56.80083159155061, 0.0, 0.0, 0.0, 0.0, -23.3875690159851, 55.17415895991075]","[4.117663143403277, 0.005025520830155867, 0.0]","{""Controller Type"": ""MPC Controller"", ""weight_comfort"": 1000.0, ""weight_trajectory"": 1000.0, ""weight_goal"": 100.0, ""Q"": [[1000.0, 0.0, 0.0, 0.0], [0.0, 0.0, 0.0, 0.0], [0.0, 0.0, 1000.0, 0.0], [0.0, 0.0, 0.0, 0.0]], ""R"": [[1000.0, 0.0], [0.0, 1000.0]], ""P"": [[100.0, 0.0, 0.0, 0.0], [0.0, 10000.0, 0.0, 0.0], [0.0, 0.0, 100.0, 0.0], [0.0, 0.0, 0.0, 10000.0]]}","[-0.00645556294235392, -9.522424525519935e-06, 0.0]",
3,P01,8f99450e-b3b4-4bbf-a34f-dee9d88fdb64,4,1,haply,mpc,seeded_random,593114440,persist_session,10.0,1785312723.133753,2810.19555022,0,1785312723.1234453,436,True,careful,fixed,0.08,0.08,0.0,-0.08,0.08,0.0,0.081447198,0.08021488000000004,0.0,-0.058050588,-0.13710135,0.2529675,0.0005629946,-0.00018315471,-7.5122174e-05,"[-24.208037348853924, 55.82070403144312, 0.0, 0.0, 0.0, 0.0, -23.38754804980139, 55.17414362130708]","[3.908319799051815, 0.005025516324942311, 0.0]","{""Controller Type"": ""MPC Controller"", ""weight_comfort"": 1000.0, ""weight_trajectory"": 1000.0, ""weight_goal"": 100.0, ""Q"": [[1000.0, 0.0, 0.0, 0.0], [0.0, 0.0, 0.0, 0.0], [0.0, 0.0, 1000.0, 0.0], [0.0, 0.0, 0.0, 0.0]], ""R"": [[1000.0, 0.0], [0.0, 1000.0]], ""P"": [[100.0, 0.0, 0.0, 0.0], [0.0, 10000.0, 0.0, 0.0], [0.0, 0.0, 100.0, 0.0], [0.0, 0.0, 0.0, 10000.0]]}","[-0.0064555629423539195, -9.522424525519933e-06, 0.0]",
3,P01,8f99450e-b3b4-4bbf-a34f-dee9d88fdb64,4,1,haply,mpc,seeded_random,593114440,persist_session,10.0,1785312723.1439219,2810.205717101,0,1785312723.133893,437,True,careful,fixed,0.08,0.08,0.0,-0.08,0.08,0.0,0.081447198,0.08021488000000004,0.0,-0.058050588,-0.13710135,0.2529675,0.0005435863,-0.00018884987,-5.2634834e-05,"[-23.03123767535724, 54.93118243931407, 0.0, 0.0, 0.0, 0.0, -23.387526978297846, 55.174128205652714]","[3.7183287891584604, 0.005025511797097629, 0.0]","{""Controller Type"": ""MPC Controller"", ""weight_comfort"": 1000.0, ""weight_trajectory"": 1000.0, ""weight_goal"": 100.0, ""Q"": [[1000.0, 0.0, 0.0, 0.0], [0.0, 0.0, 0.0, 0.0], [0.0, 0.0, 1000.0, 0.0], [0.0, 0.0, 0.0, 0.0]], ""R"": [[1000.0, 0.0], [0.0, 1000.0]], ""P"": [[100.0, 0.0, 0.0, 0.0], [0.0, 10000.0, 0.0, 0.0], [0.0, 0.0, 100.0, 0.0], [0.0, 0.0, 0.0, 10000.0]]}","[-0.0064555629423539195, -9.522424525519928e-06, 0.0]",
3,P01,8f99450e-b3b4-4bbf-a34f-dee9d88fdb64,4,1,haply,mpc,seeded_random,593114440,persist_session,10.0,1785312723.1539686,2810.21576916,0,1785312723.1434758,438,True,careful,fixed,0.08,0.08,0.0,-0.08,0.08,0.0,0.081447198,0.08021488000000004,0.0,-0.058050588,-0.13710135,0.2529675,0.0003907472,-0.00013575128,-3.78356e-05,"[-21.958431669476674, 54.12026777993031, 0.0, 0.0, 0.0, 0.0, -23.387505800945604, 55.174112712560735]","[3.5451272655114714, 0.0050255072465081796, 0.0]","{""Controller Type"": ""MPC Controller"", ""weight_comfort"": 1000.0, ""weight_trajectory"": 1000.0, ""weight_goal"": 100.0, ""Q"": [[1000.0, 0.0, 0.0, 0.0], [0.0, 0.0, 0.0, 0.0], [0.0, 0.0, 1000.0, 0.0], [0.0, 0.0, 0.0, 0.0]], ""R"": [[1000.0, 0.0], [0.0, 1000.0]], ""P"": [[100.0, 0.0, 0.0, 0.0], [0.0, 10000.0, 0.0, 0.0], [0.0, 0.0, 100.0, 0.0], [0.0, 0.0, 0.0, 10000.0]]}","[-0.00645556294235392, -9.522424525519925e-06, 0.0]",
3,P01,8f99450e-b3b4-4bbf-a34f-dee9d88fdb64,4,1,haply,mpc,seeded_random,593114440,persist_session,10.0,1785312723.1639762,2810.225777274,0,1785312723.154217,439,True,careful,fixed,0.08,0.08,0.0,-0.08,0.08,0.0,0.081447198,0.08021488000000004,0.0,-0.058050588,-0.13710135,0.2529675,0.00028037984,-9.740807e-05,-2.7148864e-05,"[-20.97642959115007, 53.37799016730011, 0.0, 0.0, 0.0, 0.0, -23.38748451721315, 55.17409714164229]","[3.3865857815354645, 0.00502550267305975, 0.0]","{""Controller Type"": ""MPC Controller"", ""weight_comfort"": 1000.0, ""weight_trajectory"": 1000.0, ""weight_goal"": 100.0, ""Q"": [[1000.0, 0.0, 0.0, 0.0], [0.0, 0.0, 0.0, 0.0], [0.0, 0.0, 1000.0, 0.0], [0.0, 0.0, 0.0, 0.0]], ""R"": [[1000.0, 0.0], [0.0, 1000.0]], ""P"": [[100.0, 0.0, 0.0, 0.0], [0.0, 10000.0, 0.0, 0.0], [0.0, 0.0, 100.0, 0.0], [0.0, 0.0, 0.0, 10000.0]]}","[-0.0064555629423539195, -9.522424525519926e-06, 0.0]",
3,P01,8f99450e-b3b4-4bbf-a34f-dee9d88fdb64,4,1,haply,mpc,seeded_random,593114440,persist_session,10.0,1785312723.1739066,2810.235686493,0,1785312723.1638575,440,True,careful,fixed,0.08,0.08,0.0,-0.08,0.08,0.0,0.081447198,0.08021488000000004,0.0,-0.058050588,-0.13710135,0.2529675,0.00020123566,-6.9912225e-05,-1.948542e-05,"[-20.074181733871523, 52.69599732809689, 0.0, 0.0, 0.0, 0.0, -23.387463126566296, 55.17408149250658]","[3.2409203930763395, 0.005025498076637554, 0.0]","{""Controller Type"": ""MPC Controller"", ""weight_comfort"": 1000.0, ""weight_trajectory"": 1000.0, ""weight_goal"": 100.0, ""Q"": [[1000.0, 0.0, 0.0, 0.0], [0.0, 0.0, 0.0, 0.0], [0.0, 0.0, 1000.0, 0.0], [0.0, 0.0, 0.0, 0.0]], ""R"": [[1000.0, 0.0], [0.0, 1000.0]], ""P"": [[100.0, 0.0, 0.0, 0.0], [0.0, 10000.0, 0.0, 0.0], [0.0, 0.0, 100.0, 0.0], [0.0, 0.0, 0.0, 10000.0]]}","[-0.00645556294235392, -9.522424525519926e-06, 0.0]",False
3,P01,8f99450e-b3b4-4bbf-a34f-dee9d88fdb64,4,1,haply,mpc,seeded_random,593114440,persist_session,10.0,1785312723.1838603,2810.245639107,0,1785312723.1744406,441,True,careful,fixed,0.08,0.08,0.0,-0.08,0.08,0.0,0.081447198,0.08021488000000004,0.0,-0.058050588,-0.13710135,0.2529675,0.00014520889,-5.0447696e-05,-1.4060409e-05,"[-19.242361318272575, 52.067239318460075, 0.0, 0.0, 0.0, 0.0, -23.387441628468178, 55.17406576476084]","[3.1066253177386938, 0.005025493457126231, 0.0]","{""Controller Type"": ""MPC Controller"", ""weight_comfort"": 1000.0, ""weight_trajectory"": 1000.0, ""weight_goal"": 100.0, ""Q"": [[1000.0, 0.0, 0.0, 0.0], [0.0, 0.0, 0.0, 0.0], [0.0, 0.0, 1000.0, 0.0], [0.0, 0.0, 0.0, 0.0]], ""R"": [[1000.0, 0.0], [0.0, 1000.0]], ""P"": [[100.0, 0.0, 0.0, 0.0], [0.0, 10000.0, 0.0, 0.0], [0.0, 0.0, 100.0, 0.0], [0.0, 0.0, 0.0, 10000.0]]}","[-0.0064555629423539195, -9.522424525519926e-06, 0.0]",False
3,P01,8f99450e-b3b4-4bbf-a34f-dee9d88fdb64,4,1,haply,mpc,seeded_random,593114440,persist_session,10.0,1785312723.1938622,2810.255654538,0,1785312723.183861,442,True,careful,fixed,0.08,0.08,0.0,-0.08,0.08,0.0,0.081447198,0.08021488000000004,0.0,-0.058050588,-0.13710135,0.2529675,0.000103957784,-3.611646e-05,-1.0066112e-05,"[-18.473041281614353, 51.48572421501717, 0.0, 0.0, 0.0, 0.0, -23.38742002237924, 55.174049958010336]","[2.9824207534549667, 0.005025488814409839, 0.0]","{""Controller Type"": ""MPC Controller"", ""weight_comfort"": 1000.0, ""weight_trajectory"": 1000.0, ""weight_goal"": 100.0, ""Q"": [[1000.0, 0.0, 0.0, 0.0], [0.0, 0.0, 0.0, 0.0], [0.0, 0.0, 1000.0, 0.0], [0.0, 0.0, 0.0, 0.0]], ""R"": [[1000.0, 0.0], [0.0, 1000.0]], ""P"": [[100.0, 0.0, 0.0, 0.0], [0.0, 10000.0, 0.0, 0.0], [0.0, 0.0, 100.0, 0.0], [0.0, 0.0, 0.0, 10000.0]]}","[-0.00645556294235392, -9.522424525519926e-06, 0.0]",False
3,P01,8f99450e-b3b4-4bbf-a34f-dee9d88fdb64,4,1,haply,mpc,seeded_random,593114440,persist_session,10.0,1785312723.203842,2810.265637829,0,1785312723.193895,443,True,careful,fixed,0.08,0.08,0.0,-0.08,0.08,0.0,0.081447198,0.08021488000000004,0.0,-0.058050588,-0.13710135,0.2529675,7.5177166e-05,-2.6117648e-05,-7.2793173e-06,"[-17.75944119493473, 50.94632681413195, 0.0, 0.0, 0.0, 0.0, -23.38739830775721, 55.17403407185835]","[2.8672120189679844, 0.0050254841483718575, 0.0]","{""Controller Type"": ""MPC Controller"", ""weight_comfort"": 1000.0, ""weight_trajectory"": 1000.0, ""weight_goal"": 100.0, ""Q"": [[1000.0, 0.0, 0.0, 0.0], [0.0, 0.0, 0.0, 0.0], [0.0, 0.0, 1000.0, 0.0], [0.0, 0.0, 0.0, 0.0]], ""R"": [[1000.0, 0.0], [0.0, 1000.0]], ""P"": [[100.0, 0.0, 0.0, 0.0], [0.0, 10000.0, 0.0, 0.0], [0.0, 0.0, 100.0, 0.0], [0.0, 0.0, 0.0, 10000.0]]}","[-0.0064555629423539195, -9.522424525519925e-06, 0.0]",False
3,P01,8f99450e-b3b4-4bbf-a34f-dee9d88fdb64,4,1,haply,mpc,seeded_random,593114440,persist_session,10.0,1785312723.213778,2810.275567373,0,1785312723.20386,444,True,careful,fixed,0.08,0.08,0.0,-0.08,0.08,0.0,0.081447198,0.08021488000000004,0.0,-0.058050588,-0.13710135,0.2529675,5.3555777e-05,-1.8606062e-05,-5.185743e-06,"[-17.095727175684083, 50.44463738948421, 0.0, 0.0, 0.0, 0.0, -23.387376484057103, 55.17401810590618]","[2.760057250286649, 0.005025479458895179, 0.0]","{""Controller Type"": ""MPC Controller"", ""weight_comfort"": 1000.0, ""weight_trajectory"": 1000.0, ""weight_goal"": 100.0, ""Q"": [[1000.0, 0.0, 0.0, 0.0], [0.0, 0.0, 0.0, 0.0], [0.0, 0.0, 1000.0, 0.0], [0.0, 0.0, 0.0, 0.0]], ""R"": [[1000.0, 0.0], [0.0, 1000.0]], ""P"": [[100.0, 0.0, 0.0, 0.0], [0.0, 10000.0, 0.0, 0.0], [0.0, 0.0, 100.0, 0.0], [0.0, 0.0, 0.0, 10000.0]]}","[-0.00645556294235392, -9.522424525519925e-06, 0.0]",False
3,P01,8f99450e-b3b4-4bbf-a34f-dee9d88fdb64,4,1,haply,mpc,seeded_random,593114440,persist_session,10.0,1785312723.2237213,2810.285521196,0,1785312723.2141526,445,True,careful,fixed,0.08,0.08,0.0,-0.08,0.08,0.0,0.081447198,0.08021488000000004,0.0,-0.058050588,-0.13710135,0.2529675,3.8477778e-05,-1.3367743e-05,-3.7257576e-06,"[-16.47685228567133, 49.976841051763365, 0.0, 0.0, 0.0, 0.0, -23.3873545507312, 55.174002059753114]","[2.660141633381532, 0.0050254747458621084, 0.0]","{""Controller Type"": ""MPC Controller"", ""weight_comfort"": 1000.0, ""weight_trajectory"": 1000.0, ""weight_goal"": 100.0, ""Q"": [[1000.0, 0.0, 0.0, 0.0], [0.0, 0.0, 0.0, 0.0], [0.0, 0.0, 1000.0, 0.0], [0.0, 0.0, 0.0, 0.0]], ""R"": [[1000.0, 0.0], [0.0, 1000.0]], ""P"": [[100.0, 0.0, 0.0, 0.0], [0.0, 10000.0, 0.0, 0.0], [0.0, 0.0, 100.0, 0.0], [0.0, 0.0, 0.0, 10000.0]]}","[-0.0064555629423539195, -9.522424525519926e-06, 0.0]",False
3,P01,8f99450e-b3b4-4bbf-a34f-dee9d88fdb64,4,1,haply,mpc,seeded_random,593114440,persist_session,10.0,1785312723.2339187,2810.295699893,0,1785312723.2239492,446,True,careful,fixed,0.08,0.08,0.0,-0.08,0.08,0.0,0.081447198,0.08021488000000004,0.0,-0.058050588,-0.13710135,0.2529675,2.7773818e-05,-9.649029e-06,-2.6893056e-06,"[-15.898428169086868, 49.53962072217131, 0.0, 0.0, 0.0, 0.0, -23.38733250722903, 55.17398593299644]","[2.5667566805033455, 0.005025470009154362, 0.0]","{""Controller Type"": ""MPC Controller"", ""weight_comfort"": 1000.0, ""weight_trajectory"": 1000.0, ""weight_goal"": 100.0, ""Q"": [[1000.0, 0.0, 0.0, 0.0], [0.0, 0.0, 0.0, 0.0], [0.0, 0.0, 1000.0, 0.0], [0.0, 0.0, 0.0, 0.0]], ""R"": [[1000.0, 0.0], [0.0, 1000.0]], ""P"": [[100.0, 0.0, 0.0, 0.0], [0.0, 10000.0, 0.0, 0.0], [0.0, 0.0, 100.0, 0.0], [0.0, 0.0, 0.0, 10000.0]]}","[-0.00645556294235392, -9.522424525519926e-06, 0.0]",False
3,P01,8f99450e-b3b4-4bbf-a34f-dee9d88fdb64,4,1,haply,mpc,seeded_random,593114440,persist_session,10.0,1785312723.2437763,2810.305571947,0,1785312723.2340772,447,True,careful,fixed,0.08,0.08,0.0,-0.08,0.08,0.0,0.081447198,0.08021488000000004,0.0,-0.058110785,-0.13707665,0.25296706,2.0037314e-05,-6.961256e-06,-1.9401884e-06,"[-15.356621021991117, 49.130078497640035, 0.0, 0.0, 0.0, 0.0, -23.387310352997357, 55.17396972523141]","[2.4792834347483623, 0.005025465248653061, 0.0]","{""Controller Type"": ""MPC Controller"", ""weight_comfort"": 1000.0, ""weight_trajectory"": 1000.0, ""weight_goal"": 100.0, ""Q"": [[1000.0, 0.0, 0.0, 0.0], [0.0, 0.0, 0.0, 0.0], [0.0, 0.0, 1000.0, 0.0], [0.0, 0.0, 0.0, 0.0]], ""R"": [[1000.0, 0.0], [0.0, 1000.0]], ""P"": [[100.0, 0.0, 0.0, 0.0], [0.0, 10000.0, 0.0, 0.0], [0.0, 0.0, 100.0, 0.0], [0.0, 0.0, 0.0, 10000.0]]}","[-0.0064555629423539195, -9.522424525519926e-06, 0.0]",False
3,P01,8f99450e-b3b4-4bbf-a34f-dee9d88fdb64,4,1,haply,mpc,seeded_random,593114440,persist_session,10.0,1785312723.2537892,2810.315585322,0,1785312723.2438018,448,True,careful,fixed,0.08,0.08,0.0,-0.08,0.08,0.0,0.081266607,0.08021400000000006,0.0,-0.05817099,-0.13705191,0.25296664,-4.7500027e-05,2.0436957e-05,-1.826319e-06,"[-14.703695785950211, 48.7840106948299, 0.0, 0.0, 0.0, 0.0, -23.38728195891045, 55.17396957551818]","[1.4652716595539501, 1.20757225642509e-05, 0.0]","{""Controller Type"": ""MPC Controller"", ""weight_comfort"": 1000.0, ""weight_trajectory"": 1000.0, ""weight_goal"": 100.0, ""Q"": [[1000.0, 0.0, 0.0, 0.0], [0.0, 0.0, 0.0, 0.0], [0.0, 0.0, 1000.0, 0.0], [0.0, 0.0, 0.0, 0.0]], ""R"": [[1000.0, 0.0], [0.0, 1000.0]], ""P"": [[100.0, 0.0, 0.0, 0.0], [0.0, 10000.0, 0.0, 0.0], [0.0, 0.0, 100.0, 0.0], [0.0, 0.0, 0.0, 10000.0]]}","[-0.00620090742358367, -8.28151630276813e-06, 0.0]",False
3,P01,8f99450e-b3b4-4bbf-a34f-dee9d88fdb64,4,1,haply,mpc,seeded_random,593114440,persist_session,10.0,1785312723.263726,2810.325523801,0,1785312723.2538724,449,True,careful,fixed,0.08,0.08,0.0,-0.08,0.08,0.0,0.081085992,0.08021316000000006,0.0,-0.05817099,-0.13705191,0.25296664,-0.00026049663,0.00010775425,-2.9531323e-06,"[-14.440455808671752, 48.642272093242774, 0.0, 0.0, 0.0, 0.0, -23.387282967758033, 55.17396965743859]","[1.4537585877140313, 0.00038309357099346186, 0.0]","{""Controller Type"": ""MPC Controller"", ""weight_comfort"": 1000.0, ""weight_trajectory"": 1000.0, ""weight_goal"": 100.0, ""Q"": [[1000.0, 0.0, 0.0, 0.0], [0.0, 0.0, 0.0, 0.0], [0.0, 0.0, 1000.0, 0.0], [0.0, 0.0, 0.0, 0.0]], ""R"": [[1000.0, 0.0], [0.0, 1000.0]], ""P"": [[100.0, 0.0, 0.0, 0.0], [0.0, 10000.0, 0.0, 0.0], [0.0, 0.0, 100.0, 0.0], [0.0, 0.0, 0.0, 10000.0]]}","[-0.006201344846865775, -8.338335427039673e-06, 0.0]",False
3,P01,8f99450e-b3b4-4bbf-a34f-dee9d88fdb64,4,1,haply,mpc,seeded_random,593114440,persist_session,10.0,1785312723.2738285,2810.335628942,0,1785312723.263951,450,True,careful,fixed,0.08,0.08,0.0,-0.08,0.08,0.0,0.081085992,0.08021316000000006,0.0,-0.058231186,-0.13702714,0.2529662,-0.00041271627,0.0001701674,-3.7589452e-06,"[-14.333382795512733, 48.55998089967965, 0.0, 0.0, 0.0, 0.0, -23.38729757679496, 55.17398034524073]","[2.308907186330902, 0.004985236351471003, 0.0]","{""Controller Type"": ""MPC Controller"", ""weight_comfort"": 1000.0, ""weight_trajectory"": 1000.0, ""weight_goal"": 100.0, ""Q"": [[1000.0, 0.0, 0.0, 0.0], [0.0, 0.0, 0.0, 0.0], [0.0, 0.0, 1000.0, 0.0], [0.0, 0.0, 0.0, 0.0]], ""R"": [[1000.0, 0.0], [0.0, 1000.0]], ""P"": [[100.0, 0.0, 0.0, 0.0], [0.0, 10000.0, 0.0, 0.0], [0.0, 0.0, 100.0, 0.0], [0.0, 0.0, 0.0, 10000.0]]}","[-0.006439556069400133, -9.446202587831433e-06, 0.0]",False
3,P01,8f99450e-b3b4-4bbf-a34f-dee9d88fdb64,4,1,haply,mpc,seeded_random,593114440,persist_session,10.0,1785312723.2837217,2810.345495106,0,1785312723.2735133,451,True,careful,fixed,0.08,0.08,0.0,-0.08,0.08,0.0,0.08090540400000001,0.08021227999999997,0.0,-0.058231186,-0.13702714,0.2529662,-0.0005753658,0.00023703459,-4.724651e-06,"[-13.747383675679338, 48.25714180155316, 0.0, 0.0, 0.0, 0.0, -23.38726871960274, 55.173980967214156]","[1.3006678053692307, -0.00011292995142767569, 0.0]","{""Controller Type"": ""MPC Controller"", ""weight_comfort"": 1000.0, ""weight_trajectory"": 1000.0, ""weight_goal"": 100.0, ""Q"": [[1000.0, 0.0, 0.0, 0.0], [0.0, 0.0, 0.0, 0.0], [0.0, 0.0, 1000.0, 0.0], [0.0, 0.0, 0.0, 0.0]], ""R"": [[1000.0, 0.0], [0.0, 1000.0]], ""P"": [[100.0, 0.0, 0.0, 0.0], [0.0, 10000.0, 0.0, 0.0], [0.0, 0.0, 100.0, 0.0], [0.0, 0.0, 0.0, 10000.0]]}","[-0.006180716792872176, -8.1848864214168e-06, 0.0]",False
3,P01,8f99450e-b3b4-4bbf-a34f-dee9d88fdb64,4,1,haply,mpc,seeded_random,593114440,persist_session,10.0,1785312723.2938561,2810.355648637,0,1785312723.2839086,452,True,careful,fixed,0.08,0.08,0.0,-0.08,0.08,0.0,0.08090540400000001,0.08021227999999997,0.0,-0.05830751,-0.13702749,0.25302595,-0.0012534038,0.0005164615,-9.514244e-06,"[-13.673546335000742, 48.19990754144659, 0.0, 0.0, 0.0, 0.0, -23.38728608285953, 55.17399366997738]","[2.200147497146014, 0.004964653089668661, 0.0]","{""Controller Type"": ""MPC Controller"", ""weight_comfort"": 1000.0, ""weight_trajectory"": 1000.0, ""weight_goal"": 100.0, ""Q"": [[1000.0, 0.0, 0.0, 0.0], [0.0, 0.0, 0.0, 0.0], [0.0, 0.0, 1000.0, 0.0], [0.0, 0.0, 0.0, 0.0]], ""R"": [[1000.0, 0.0], [0.0, 1000.0]], ""P"": [[100.0, 0.0, 0.0, 0.0], [0.0, 10000.0, 0.0, 0.0], [0.0, 0.0, 100.0, 0.0], [0.0, 0.0, 0.0, 10000.0]]}","[-0.006431553297649933, -9.407205317018578e-06, 0.0]",False
3,P01,8f99450e-b3b4-4bbf-a34f-dee9d88fdb64,4,1,haply,mpc,seeded_random,593114440,persist_session,10.0,1785312723.303726,2810.365517088,0,1785312723.293501,453,True,careful,fixed,0.08,0.08,0.0,-0.08,0.08,0.0,0.08067643199999999,0.08033178000000002,0.0,-0.05835093,-0.13697271,0.25310603,-0.001924822,0.0008050606,-1.0944803e-05,"[-13.101456622607845, 47.954602141518244, 0.0, 0.0, 0.0, 0.0, -23.50714028166859, 55.44919424972158]","[0.9603993254260956, 0.6985805943745752, 0.0]","{""Controller Type"": ""MPC Controller"", ""weight_comfort"": 1000.0, ""weight_trajectory"": 1000.0, ""weight_goal"": 100.0, ""Q"": [[1000.0, 0.0, 0.0, 0.0], [0.0, 0.0, 0.0, 0.0], [0.0, 0.0, 1000.0, 0.0], [0.0, 0.0, 0.0, 0.0]], ""R"": [[1000.0, 0.0], [0.0, 1000.0]], ""P"": [[100.0, 0.0, 0.0, 0.0], [0.0, 10000.0, 0.0, 0.0], [0.0, 0.0, 100.0, 0.0], [0.0, 0.0, 0.0, 10000.0]]}","[-0.006104360595005897, -0.00018016838120640198, 0.0]",False
3,P01,8f99450e-b3b4-4bbf-a34f-dee9d88fdb64,4,1,haply,mpc,seeded_random,593114440,persist_session,10.0,1785312723.3137217,2810.375523126,0,1785312723.3038743,454,True,careful,fixed,0.08,0.08,0.0,-0.08,0.08,0.0,0.080546172,0.08049193999999998,0.0,-0.05841108,-0.13694789,0.25310555,-0.0024590688,0.0010409463,4.989633e-05,"[-13.032387113610511, 47.912634834411925, 0.0, 0.0, 0.0, 0.0, -23.3639203418661, 55.12188684801175]","[1.490652619730724, 0.8625512155481458, 0.0]","{""Controller Type"": ""MPC Controller"", ""weight_comfort"": 1000.0, ""weight_trajectory"": 1000.0, ""weight_goal"": 100.0, ""Q"": [[1000.0, 0.0, 0.0, 0.0], [0.0, 0.0, 0.0, 0.0], [0.0, 0.0, 1000.0, 0.0], [0.0, 0.0, 0.0, 0.0]], ""R"": [[1000.0, 0.0], [0.0, 1000.0]], ""P"": [[100.0, 0.0, 0.0, 0.0], [0.0, 10000.0, 0.0, 0.0], [0.0, 0.0, 100.0, 0.0], [0.0, 0.0, 0.0, 10000.0]]}","[-0.006248850049702795, -0.0002268679324264035, 0.0]",False
3,P01,8f99450e-b3b4-4bbf-a34f-dee9d88fdb64,4,1,haply,mpc,seeded_random,593114440,persist_session,10.0,1785312723.3237758,2810.385576707,0,1785312723.3136187,455,True,careful,fixed,0.08,0.08,0.0,-0.08,0.08,0.0,0.080365722,0.08049098000000005,0.0,-0.05847124,-0.13692302,0.25310513,-0.0029383558,0.0012406465,0.00011386625,"[-12.742721423603145, 47.76399439689673, 0.0, 0.0, 0.0, 0.0, -23.349645147745637, 55.11550531863407]","[1.1589869053928052, 0.006034335832236559, 0.0]","{""Controller Type"": ""MPC Controller"", ""weight_comfort"": 1000.0, ""weight_trajectory"": 1000.0, ""weight_goal"": 100.0, ""Q"": [[1000.0, 0.0, 0.0, 0.0], [0.0, 0.0, 0.0, 0.0], [0.0, 0.0, 1000.0, 0.0], [0.0, 0.0, 0.0, 0.0]], ""R"": [[1000.0, 0.0], [0.0, 1000.0]], ""P"": [[100.0, 0.0, 0.0, 0.0], [0.0, 10000.0, 0.0, 0.0], [0.0, 0.0, 100.0, 0.0], [0.0, 0.0, 0.0, 10000.0]]}","[-0.006161677717289763, -2.0449305366103555e-05, 0.0]",False
3,P01,8f99450e-b3b4-4bbf-a34f-dee9d88fdb64,4,1,haply,mpc,seeded_random,593114440,persist_session,10.0,1785312723.333858,2810.395647363,0,1785312723.323666,456,True,careful,fixed,0.08,0.08,0.0,-0.08,0.08,0.0,0.08018524199999999,0.08049014000000004,0.0,-0.05853137,-0.13689813,0.2531047,-0.003317842,0.0013992359,0.00015957163,"[-12.565714660215768, 47.67158445038236, 0.0, 0.0, 0.0, 0.0, -23.349596033978447, 55.11548103500302]","[1.1565272817850087, 0.006836728245675299, 0.0]","{""Controller Type"": ""MPC Controller"", ""weight_comfort"": 1000.0, ""weight_trajectory"": 1000.0, ""weight_goal"": 100.0, ""Q"": [[1000.0, 0.0, 0.0, 0.0], [0.0, 0.0, 0.0, 0.0], [0.0, 0.0, 1000.0, 0.0], [0.0, 0.0, 0.0, 0.0]], ""R"": [[1000.0, 0.0], [0.0, 1000.0]], ""P"": [[100.0, 0.0, 0.0, 0.0], [0.0, 10000.0, 0.0, 0.0], [0.0, 0.0, 100.0, 0.0], [0.0, 0.0, 0.0, 10000.0]]}","[-0.006161058197334144, -2.0610176388659156e-05, 0.0]",False
3,P01,8f99450e-b3b4-4bbf-a34f-dee9d88fdb64,4,1,haply,mpc,seeded_random,593114440,persist_session,10.0,1785312723.3438275,2810.405622022,0,1785312723.3338587,457,True,careful,fixed,0.08,0.08,0.0,-0.08,0.08,0.0,0.080004852,0.08048928000000005,0.0,-0.058591522,-0.13687323,0.25310427,-0.0036869766,0.0015445373,0.00018830216,"[-12.389911779172701, 47.57907044243942, 0.0, 0.0, 0.0, 0.0, -23.349533072096474, 55.11545008612162]","[1.1403879385216624, 0.006774111728134049, 0.0]","{""Controller Type"": ""MPC Controller"", ""weight_comfort"": 1000.0, ""weight_trajectory"": 1000.0, ""weight_goal"": 100.0, ""Q"": [[1000.0, 0.0, 0.0, 0.0], [0.0, 0.0, 0.0, 0.0], [0.0, 0.0, 1000.0, 0.0], [0.0, 0.0, 0.0, 0.0]], ""R"": [[1000.0, 0.0], [0.0, 1000.0]], ""P"": [[100.0, 0.0, 0.0, 0.0], [0.0, 10000.0, 0.0, 0.0], [0.0, 0.0, 100.0, 0.0], [0.0, 0.0, 0.0, 10000.0]]}","[-0.006156580132675738, -2.05618217435843e-05, 0.0]",False
3,P01,8f99450e-b3b4-4bbf-a34f-dee9d88fdb64,4,1,haply,mpc,seeded_random,593114440,persist_session,10.0,1785312723.3537135,2810.415508808,0,1785312723.344077,458,True,careful,fixed,0.08,0.08,0.0,-0.08,0.08,0.0,0.07982439599999999,0.08048842000000006,0.0,-0.05871175,-0.13682334,0.25310335,-0.004086158,0.0016954812,0.00014499378,"[-12.21813038948863, 47.48861822225521, 0.0, 0.0, 0.0, 0.0, -23.34947086555941, 55.115419495907815]","[1.1141092120484806, 0.006765721690004363, 0.0]","{""Controller Type"": ""MPC Controller"", ""weight_comfort"": 1000.0, ""weight_trajectory"": 1000.0, ""weight_goal"": 100.0, ""Q"": [[1000.0, 0.0, 0.0, 0.0], [0.0, 0.0, 0.0, 0.0], [0.0, 0.0, 1000.0, 0.0], [0.0, 0.0, 0.0, 0.0]], ""R"": [[1000.0, 0.0], [0.0, 1000.0]], ""P"": [[100.0, 0.0, 0.0, 0.0], [0.0, 10000.0, 0.0, 0.0], [0.0, 0.0, 100.0, 0.0], [0.0, 0.0, 0.0, 10000.0]]}","[-0.006238736730483029, -2.082319116052193e-05, 0.0]",False
3,P01,8f99450e-b3b4-4bbf-a34f-dee9d88fdb64,4,1,haply,mpc,seeded_random,593114440,persist_session,10.0,1785312723.3638563,2810.425642212,0,1785312723.3540256,459,True,careful,fixed,0.08,0.08,0.0,-0.08,0.08,0.0,0.07946371199999999,0.08048658000000003,0.0,-0.058771845,-0.13679837,0.2531029,-0.0046588806,0.0019343324,9.153371e-05,"[-11.939412311770653, 47.445604711566865, 0.0, 0.0, 0.0, 0.0, -23.3493844679335, 55.115410414445755]","[0.18375583191892964, 0.0011676021059798848, 0.0]","{""Controller Type"": ""MPC Controller"", ""weight_comfort"": 1000.0, ""weight_trajectory"": 1000.0, ""weight_goal"": 100.0, ""Q"": [[1000.0, 0.0, 0.0, 0.0], [0.0, 0.0, 0.0, 0.0], [0.0, 0.0, 1000.0, 0.0], [0.0, 0.0, 0.0, 0.0]], ""R"": [[1000.0, 0.0], [0.0, 1000.0]], ""P"": [[100.0, 0.0, 0.0, 0.0], [0.0, 10000.0, 0.0, 0.0], [0.0, 0.0, 100.0, 0.0], [0.0, 0.0, 0.0, 10000.0]]}","[-0.006152235908594649, -1.9962145023529023e-05, 0.0]",False
3,P01,8f99450e-b3b4-4bbf-a34f-dee9d88fdb64,4,1,haply,mpc,seeded_random,593114440,persist_session,10.0,1785312723.373842,2810.435638718,0,1785312723.3641238,460,True,careful,fixed,0.08,0.08,0.0,-0.08,0.08,0.0,0.07928342699999999,0.08048568000000006,0.0,-0.05889201,-0.13674833,0.253102,-0.005159149,0.0021440722,5.172431e-05,"[-12.051386527313431, 47.50484134059805, 0.0, 0.0, 0.0, 0.0, -23.349412564099133, 55.11542374188649]","[1.071475168309089, 0.0064282010808828505, 0.0]","{""Controller Type"": ""MPC Controller"", ""weight_comfort"": 1000.0, ""weight_trajectory"": 1000.0, ""weight_goal"": 100.0, ""Q"": [[1000.0, 0.0, 0.0, 0.0], [0.0, 0.0, 0.0, 0.0], [0.0, 0.0, 1000.0, 0.0], [0.0, 0.0, 0.0, 0.0]], ""R"": [[1000.0, 0.0], [0.0, 1000.0]], ""P"": [[100.0, 0.0, 0.0, 0.0], [0.0, 10000.0, 0.0, 0.0], [0.0, 0.0, 100.0, 0.0], [0.0, 0.0, 0.0, 10000.0]]}","[-0.006495045670368822, -2.15656064963003e-05, 0.0]",False
3,P01,8f99450e-b3b4-4bbf-a34f-dee9d88fdb64,4,1,haply,mpc,seeded_random,593114440,persist_session,10.0,1785312723.3837965,2810.445584882,0,1785312723.373892,461,True,careful,fixed,0.08,0.08,0.0,-0.08,0.08,0.0,0.078922932,0.08048388000000001,0.0,-0.058952097,-0.13672327,0.25310156,-0.0055478374,0.002308105,2.3788714e-05,"[-11.781830427747808, 47.47050044182115, 0.0, 0.0, 0.0, 0.0, -23.34932903852067, 55.11541509602868]","[0.12051480068840581, 0.0011421275049370294, 0.0]","{""Controller Type"": ""MPC Controller"", ""weight_comfort"": 1000.0, ""weight_trajectory"": 1000.0, ""weight_goal"": 100.0, ""Q"": [[1000.0, 0.0, 0.0, 0.0], [0.0, 0.0, 0.0, 0.0], [0.0, 0.0, 1000.0, 0.0], [0.0, 0.0, 0.0, 0.0]], ""R"": [[1000.0, 0.0], [0.0, 1000.0]], ""P"": [[100.0, 0.0, 0.0, 0.0], [0.0, 10000.0, 0.0, 0.0], [0.0, 0.0, 100.0, 0.0], [0.0, 0.0, 0.0, 10000.0]]}","[-0.00639714104671243, -2.074313689486251e-05, 0.0]",False
3,P01,8f99450e-b3b4-4bbf-a34f-dee9d88fdb64,4,1,haply,mpc,seeded_random,593114440,persist_session,10.0,1785312723.3938336,2810.455626784,0,1785312723.3841126,462,True,careful,fixed,0.08,0.08,0.0,-0.08,0.08,0.0,0.07874267099999999,0.08048300000000003,0.0,-0.059012152,-0.1366982,0.2531011,-0.005863758,0.0024424163,3.0440774e-06,"[-11.902256321682444, 47.535440103643026, 0.0, 0.0, 0.0, 0.0, -23.34935749079892, 55.115428825501766]","[1.0510061753742872, 0.006532233464129081, 0.0]","{""Controller Type"": ""MPC Controller"", ""weight_comfort"": 1000.0, ""weight_trajectory"": 1000.0, ""weight_goal"": 100.0, ""Q"": [[1000.0, 0.0, 0.0, 0.0], [0.0, 0.0, 0.0, 0.0], [0.0, 0.0, 1000.0, 0.0], [0.0, 0.0, 0.0, 0.0]], ""R"": [[1000.0, 0.0], [0.0, 1000.0]], ""P"": [[100.0, 0.0, 0.0, 0.0], [0.0, 10000.0, 0.0, 0.0], [0.0, 0.0, 100.0, 0.0], [0.0, 0.0, 0.0, 10000.0]]}","[-0.006767666392560789, -2.245260790776973e-05, 0.0]",False
3,P01,8f99450e-b3b4-4bbf-a34f-dee9d88fdb64,4,1,haply,mpc,seeded_random,593114440,persist_session,10.0,1785312723.4037855,2810.46557492,0,1785312723.394,463,True,careful,fixed,0.08,0.08,0.0,-0.08,0.08,0.0,0.078562506,0.08048208000000007,0.0,-0.059132244,-0.13664797,0.2531002,-0.006185757,0.002580111,-1.2593591e-05,"[-11.752708566272187, 47.45656000506064, 0.0, 0.0, 0.0, 0.0, -23.34929482847297, 55.11540004415132]","[0.9988058344583082, 0.006127895398500258, 0.0]","{""Controller Type"": ""MPC Controller"", ""weight_comfort"": 1000.0, ""weight_trajectory"": 1000.0, ""weight_goal"": 100.0, ""Q"": [[1000.0, 0.0, 0.0, 0.0], [0.0, 0.0, 0.0, 0.0], [0.0, 0.0, 1000.0, 0.0], [0.0, 0.0, 0.0, 0.0]], ""R"": [[1000.0, 0.0], [0.0, 1000.0]], ""P"": [[100.0, 0.0, 0.0, 0.0], [0.0, 10000.0, 0.0, 0.0], [0.0, 0.0, 100.0, 0.0], [0.0, 0.0, 0.0, 10000.0]]}","[-0.006851188815021114, -2.2635914521663153e-05, 0.0]",False
3,P01,8f99450e-b3b4-4bbf-a34f-dee9d88fdb64,4,1,haply,mpc,seeded_random,593114440,persist_session,10.0,1785312723.4137764,2810.475574729,0,1785312723.403984,464,True,careful,fixed,0.08,0.08,0.0,-0.08,0.08,0.0,0.07820223,0.08048028000000002,0.0,-0.05919226,-0.13662283,0.25309974,-0.0065630563,0.0027411422,-2.532314e-05,"[-11.517294393803349, 47.427016185841545, 0.0, 0.0, 0.0, 0.0, -23.349216952133112, 55.11539103562502]","[0.1106446309707092, 0.00127750920117704, 0.0]","{""Controller Type"": ""MPC Controller"", ""weight_comfort"": 1000.0, ""weight_trajectory"": 1000.0, ""weight_goal"": 100.0, ""Q"": [[1000.0, 0.0, 0.0, 0.0], [0.0, 0.0, 0.0, 0.0], [0.0, 0.0, 1000.0, 0.0], [0.0, 0.0, 0.0, 0.0]], ""R"": [[1000.0, 0.0], [0.0, 1000.0]], ""P"": [[100.0, 0.0, 0.0, 0.0], [0.0, 10000.0, 0.0, 0.0], [0.0, 0.0, 100.0, 0.0], [0.0, 0.0, 0.0, 10000.0]]}","[-0.00676434999187289, -2.187756571013665e-05, 0.0]",False
3,P01,8f99450e-b3b4-4bbf-a34f-dee9d88fdb64,4,1,haply,mpc,seeded_random,593114440,persist_session,10.0,1785312723.4237604,2810.485545713,0,1785312723.4139612,465,True,careful,fixed,0.08,0.08,0.0,-0.08,0.08,0.0,0.07802218200000001,0.08047936000000006,0.0,-0.059285555,-0.1366525,0.25307903,-0.0067140674,0.002832119,-2.629203e-05,"[-11.630693151880276, 47.48787549913737, 0.0, 0.0, 0.0, 0.0, -23.34924200498422, 55.11540256855829]","[0.9809355387923631, 0.006110438407798256, 0.0]","{""Controller Type"": ""MPC Controller"", ""weight_comfort"": 1000.0, ""weight_trajectory"": 1000.0, ""weight_goal"": 100.0, ""Q"": [[1000.0, 0.0, 0.0, 0.0], [0.0, 0.0, 0.0, 0.0], [0.0, 0.0, 1000.0, 0.0], [0.0, 0.0, 0.0, 0.0]], ""R"": [[1000.0, 0.0], [0.0, 1000.0]], ""P"": [[100.0, 0.0, 0.0, 0.0], [0.0, 10000.0, 0.0, 0.0], [0.0, 0.0, 100.0, 0.0], [0.0, 0.0, 0.0, 10000.0]]}","[-0.00713773129772706, -2.3528778347526797e-05, 0.0]",False
3,P01,8f99450e-b3b4-4bbf-a34f-dee9d88fdb64,4,1,haply,mpc,seeded_random,593114440,persist_session,10.0,1785312723.4343462,2810.496130749,0,1785312723.4240758,466,True,careful,fixed,0.08,0.08,0.0,-0.08,0.08,0.0,0.07802218200000001,0.08047936000000006,0.0,-0.05933508,-0.13673222,0.253119,-0.0067782216,0.0028783644,-9.675501e-06,"[-11.622816018203478, 47.4809920822767, 0.0, 0.0, 0.0, 0.0, -23.349219655738413, 55.11538638464757]","[1.8366627481810656, 0.011192681934176017, 0.0]","{""Controller Type"": ""MPC Controller"", ""weight_comfort"": 1000.0, ""weight_trajectory"": 1000.0, ""weight_goal"": 100.0, ""Q"": [[1000.0, 0.0, 0.0, 0.0], [0.0, 0.0, 0.0, 0.0], [0.0, 0.0, 1000.0, 0.0], [0.0, 0.0, 0.0, 0.0]], ""R"": [[1000.0, 0.0], [0.0, 1000.0]], ""P"": [[100.0, 0.0, 0.0, 0.0], [0.0, 10000.0, 0.0, 0.0], [0.0, 0.0, 100.0, 0.0], [0.0, 0.0, 0.0, 10000.0]]}","[-0.007419453985826951, -2.4968310434810625e-05, 0.0]",False
3,P01,8f99450e-b3b4-4bbf-a34f-dee9d88fdb64,4,1,haply,mpc,seeded_random,593114440,persist_session,10.0,1785312723.4437425,2810.505534128,0,1785312723.4340618,467,True,careful,fixed,0.08,0.08,0.0,-0.08,0.08,0.0,0.07774229700000002,0.08043793999999999,0.0,-0.059395134,-0.13670701,0.25311852,-0.0068231323,0.0028407068,6.98844e-05,"[-11.219311692023402, 47.3593121194972, 0.0, 0.0, 0.0, 0.0, -23.360619364986878, 55.14539400647071]","[0.44237543237282484, -0.2185036439087818, 0.0]","{""Controller Type"": ""MPC Controller"", ""weight_comfort"": 1000.0, ""weight_trajectory"": 1000.0, ""weight_goal"": 100.0, ""Q"": [[1000.0, 0.0, 0.0, 0.0], [0.0, 0.0, 0.0, 0.0], [0.0, 0.0, 1000.0, 0.0], [0.0, 0.0, 0.0, 0.0]], ""R"": [[1000.0, 0.0], [0.0, 1000.0]], ""P"": [[100.0, 0.0, 0.0, 0.0], [0.0, 10000.0, 0.0, 0.0], [0.0, 0.0, 100.0, 0.0], [0.0, 0.0, 0.0, 10000.0]]}","[-0.007129913510084389, 4.291201806082977e-05, 0.0]",False
3,P01,8f99450e-b3b4-4bbf-a34f-dee9d88fdb64,4,1,haply,mpc,seeded_random,593114440,persist_session,10.0,1785312723.4538126,2810.515591426,0,1785312723.4440074,468,True,careful,fixed,0.08,0.08,0.0,-0.08,0.08,0.0,0.07741355999999999,0.08051692000000005,0.0,-0.059455212,-0.13668174,0.25311807,-0.0068367305,0.0027517169,0.00022984028,"[-11.137371074974292, 47.34523960313197, 0.0, 0.0, 0.0, 0.0, -23.469113622608923, 55.386191473324814]","[0.18825170925523915, 0.45196311293106645, 0.0]","{""Controller Type"": ""MPC Controller"", ""weight_comfort"": 1000.0, ""weight_trajectory"": 1000.0, ""weight_goal"": 100.0, ""Q"": [[1000.0, 0.0, 0.0, 0.0], [0.0, 0.0, 0.0, 0.0], [0.0, 0.0, 1000.0, 0.0], [0.0, 0.0, 0.0, 0.0]], ""R"": [[1000.0, 0.0], [0.0, 1000.0]], ""P"": [[100.0, 0.0, 0.0, 0.0], [0.0, 10000.0, 0.0, 0.0], [0.0, 0.0, 100.0, 0.0], [0.0, 0.0, 0.0, 10000.0]]}","[-0.007225273766247097, -0.000158587386525158, 0.0]",False
3,P01,8f99450e-b3b4-4bbf-a34f-dee9d88fdb64,4,1,haply,mpc,seeded_random,593114440,persist_session,10.0,1785312723.464094,2810.525874445,0,1785312723.4542985,469,True,careful,fixed,0.08,0.08,0.0,-0.08,0.08,0.0,0.07723332599999999,0.08051601999999997,0.0,-0.05951524,-0.13665645,0.2531176,-0.0069034626,0.002598696,0.00035420308,"[-11.211902208181765, 47.38611241926248, 0.0, 0.0, 0.0, 0.0, -23.46099334465598, 55.38217334567103]","[0.9329841822615335, 0.007262937465161241, 0.0]","{""Controller Type"": ""MPC Controller"", ""weight_comfort"": 1000.0, ""weight_trajectory"": 1000.0, ""weight_goal"": 100.0, ""Q"": [[1000.0, 0.0, 0.0, 0.0], [0.0, 0.0, 0.0, 0.0], [0.0, 0.0, 1000.0, 0.0], [0.0, 0.0, 0.0, 0.0]], ""R"": [[1000.0, 0.0], [0.0, 1000.0]], ""P"": [[100.0, 0.0, 0.0, 0.0], [0.0, 10000.0, 0.0, 0.0], [0.0, 0.0, 100.0, 0.0], [0.0, 0.0, 0.0, 10000.0]]}","[-0.007582134919233192, -2.7210486263063773e-05, 0.0]",False
3,P01,8f99450e-b3b4-4bbf-a34f-dee9d88fdb64,4,1,haply,mpc,seeded_random,593114440,persist_session,10.0,1785312723.4739215,2810.535706632,0,1785312723.464438,470,True,careful,fixed,0.08,0.08,0.0,-0.08,0.08,0.0,0.07705324200000001,0.08051508000000002,0.0,-0.05957528,-0.13663115,0.2531171,-0.0068883235,0.0024860885,0.00032127585,"[-11.094247301692793, 47.322294716423045, 0.0, 0.0, 0.0, 0.0, -23.460916753223326, 55.38213668907964]","[0.9019104354837854, 0.006949934046746141, 0.0]","{""Controller Type"": ""MPC Controller"", ""weight_comfort"": 1000.0, ""weight_trajectory"": 1000.0, ""weight_goal"": 100.0, ""Q"": [[1000.0, 0.0, 0.0, 0.0], [0.0, 0.0, 0.0, 0.0], [0.0, 0.0, 1000.0, 0.0], [0.0, 0.0, 0.0, 0.0]], ""R"": [[1000.0, 0.0], [0.0, 1000.0]], ""P"": [[100.0, 0.0, 0.0, 0.0], [0.0, 10000.0, 0.0, 0.0], [0.0, 0.0, 100.0, 0.0], [0.0, 0.0, 0.0, 10000.0]]}","[-0.007681146074593165, -2.7471891201554477e-05, 0.0]",False
3,P01,8f99450e-b3b4-4bbf-a34f-dee9d88fdb64,4,1,haply,mpc,seeded_random,593114440,persist_session,10.0,1785312723.4836783,2810.545477825,0,1785312723.4740417,471,True,careful,fixed,0.08,0.08,0.0,-0.08,0.08,0.0,0.07705324200000001,0.08051508000000002,0.0,-0.05965167,-0.13663076,0.25317693,-0.0068063987,0.002502046,0.00034395957,"[-11.108862175869323, 47.33554708494523, 0.0, 0.0, 0.0, 0.0, -23.460887950039535, 55.382115878018745]","[1.7446828196514514, 0.012084234165306715, 0.0]","{""Controller Type"": ""MPC Controller"", ""weight_comfort"": 1000.0, ""weight_trajectory"": 1000.0, ""weight_goal"": 100.0, ""Q"": [[1000.0, 0.0, 0.0, 0.0], [0.0, 0.0, 0.0, 0.0], [0.0, 0.0, 1000.0, 0.0], [0.0, 0.0, 0.0, 0.0]], ""R"": [[1000.0, 0.0], [0.0, 1000.0]], ""P"": [[100.0, 0.0, 0.0, 0.0], [0.0, 10000.0, 0.0, 0.0], [0.0, 0.0, 100.0, 0.0], [0.0, 0.0, 0.0, 10000.0]]}","[-0.007981247459518228, -2.9038356307964414e-05, 0.0]",False
3,P01,8f99450e-b3b4-4bbf-a34f-dee9d88fdb64,4,1,haply,mpc,seeded_random,593114440,persist_session,10.0,1785312723.493772,2810.555566636,0,1785312723.4836051,472,True,careful,fixed,0.08,0.08,0.0,-0.08,0.08,0.0,0.07664395200000002,0.08063374000000006,0.0,-0.0597451,-0.13666013,0.25315613,-0.006810302,0.002480335,0.00042502402,"[-10.68439177847677, 47.406196427206176, 0.0, 0.0, 0.0, 0.0, -23.592172282332843, 55.67705832370401]","[-0.35521349615715736, 0.7057733886967227, 0.0]","{""Controller Type"": ""MPC Controller"", ""weight_comfort"": 1000.0, ""weight_trajectory"": 1000.0, ""weight_goal"": 100.0, ""Q"": [[1000.0, 0.0, 0.0, 0.0], [0.0, 0.0, 0.0, 0.0], [0.0, 0.0, 1000.0, 0.0], [0.0, 0.0, 0.0, 0.0]], ""R"": [[1000.0, 0.0], [0.0, 1000.0]], ""P"": [[100.0, 0.0, 0.0, 0.0], [0.0, 10000.0, 0.0, 0.0], [0.0, 0.0, 100.0, 0.0], [0.0, 0.0, 0.0, 10000.0]]}","[-0.007483297528985517, -0.0002537197847488224, 0.0]",False
3,P01,8f99450e-b3b4-4bbf-a34f-dee9d88fdb64,4,1,haply,mpc,seeded_random,593114440,persist_session,10.0,1785312723.5037632,2810.565562856,0,1785312723.4941404,473,True,careful,fixed,0.08,0.08,0.0,-0.08,0.08,0.0,0.076363662,0.08059213999999998,0.0,-0.05980512,-0.13663474,0.25315568,-0.0069240276,0.0023349319,0.00043006157,"[-10.811366001419001, 47.44674221115138, 0.0, 0.0, 0.0, 0.0, -23.662325349078486, 55.87249740290537]","[0.42818449456386065, -0.2066096542338145, 0.0]","{""Controller Type"": ""MPC Controller"", ""weight_comfort"": 1000.0, ""weight_trajectory"": 1000.0, ""weight_goal"": 100.0, ""Q"": [[1000.0, 0.0, 0.0, 0.0], [0.0, 0.0, 0.0, 0.0], [0.0, 0.0, 1000.0, 0.0], [0.0, 0.0, 0.0, 0.0]], ""R"": [[1000.0, 0.0], [0.0, 1000.0]], ""P"": [[100.0, 0.0, 0.0, 0.0], [0.0, 10000.0, 0.0, 0.0], [0.0, 0.0, 100.0, 0.0], [0.0, 0.0, 0.0, 10000.0]]}","[-0.007930933655993318, 3.5268593476546934e-05, 0.0]",False
3,P01,8f99450e-b3b4-4bbf-a34f-dee9d88fdb64,4,1,haply,mpc,seeded_random,593114440,persist_session,10.0,1785312723.5138357,2810.575624826,0,1785312723.503631,474,True,careful,fixed,0.08,0.08,0.0,-0.08,0.08,0.0,0.07618360199999999,0.08059124000000001,0.0,-0.059925154,-0.13658388,0.25315472,-0.007017933,0.0022363293,0.00043354285,"[-10.813221367509499, 47.447699296943796, 0.0, 0.0, 0.0, 0.0, -23.667167900167307, 55.87494677783276]","[0.7886606064949178, 0.008694389128803662, 0.0]","{""Controller Type"": ""MPC Controller"", ""weight_comfort"": 1000.0, ""weight_trajectory"": 1000.0, ""weight_goal"": 100.0, ""Q"": [[1000.0, 0.0, 0.0, 0.0], [0.0, 0.0, 0.0, 0.0], [0.0, 0.0, 1000.0, 0.0], [0.0, 0.0, 0.0, 0.0]], ""R"": [[1000.0, 0.0], [0.0, 1000.0]], ""P"": [[100.0, 0.0, 0.0, 0.0], [0.0, 10000.0, 0.0, 0.0], [0.0, 0.0, 100.0, 0.0], [0.0, 0.0, 0.0, 10000.0]]}","[-0.00817704122969335, -3.4064904570530836e-05, 0.0]",False
3,P01,8f99450e-b3b4-4bbf-a34f-dee9d88fdb64,4,1,haply,mpc,seeded_random,593114440,persist_session,10.0,1785312723.5237288,2810.585532753,0,1785312723.513915,475,True,careful,fixed,0.08,0.08,0.0,-0.08,0.08,0.0,0.07582349999999999,0.08058932000000002,0.0,-0.060045168,-0.13653292,0.25315377,-0.007178694,0.002073683,0.0002520283,"[-10.650199108927055, 47.43724616491777, 0.0, 0.0, 0.0, 0.0, -23.667035244660987, 55.87491540584252]","[-0.0015081380488035645, 0.0035156806101338776, 0.0]","{""Controller Type"": ""MPC Controller"", ""weight_comfort"": 1000.0, ""weight_trajectory"": 1000.0, ""weight_goal"": 100.0, ""Q"": [[1000.0, 0.0, 0.0, 0.0], [0.0, 0.0, 0.0, 0.0], [0.0, 0.0, 1000.0, 0.0], [0.0, 0.0, 0.0, 0.0]], ""R"": [[1000.0, 0.0], [0.0, 1000.0]], ""P"": [[100.0, 0.0, 0.0, 0.0], [0.0, 10000.0, 0.0, 0.0], [0.0, 0.0, 100.0, 0.0], [0.0, 0.0, 0.0, 10000.0]]}","[-0.00810107644045561, -3.324540237387811e-05, 0.0]",False
3,P01,8f99450e-b3b4-4bbf-a34f-dee9d88fdb64,4,1,haply,mpc,seeded_random,593114440,persist_session,10.0,1785312723.5337672,2810.595563571,0,1785312723.5236468,476,True,careful,fixed,0.08,0.08,0.0,-0.08,0.08,0.0,0.07546345799999998,0.08058742000000002,0.0,-0.06013866,-0.13656208,0.25313297,-0.0072845435,0.002036598,5.742051e-05,"[-10.639777196486962, 47.43727862362379, 0.0, 0.0, 0.0, 0.0, -23.66699452112992, 55.87490704332985]","[-0.10091958659011957, 0.0029936252725854557, 0.0]","{""Controller Type"": ""MPC Controller"", ""weight_comfort"": 1000.0, ""weight_trajectory"": 1000.0, ""weight_goal"": 100.0, ""Q"": [[1000.0, 0.0, 0.0, 0.0], [0.0, 0.0, 0.0, 0.0], [0.0, 0.0, 1000.0, 0.0], [0.0, 0.0, 0.0, 0.0]], ""R"": [[1000.0, 0.0], [0.0, 1000.0]], ""P"": [[100.0, 0.0, 0.0, 0.0], [0.0, 10000.0, 0.0, 0.0], [0.0, 0.0, 100.0, 0.0], [0.0, 0.0, 0.0, 10000.0]]}","[-0.008283804326987962, -3.395093101858013e-05, 0.0]",False
3,P01,8f99450e-b3b4-4bbf-a34f-dee9d88fdb64,4,1,haply,mpc,seeded_random,593114440,persist_session,10.0,1785312723.5437186,2810.605517691,0,1785312723.5342193,477,True,careful,fixed,0.08,0.08,0.0,-0.08,0.08,0.0,0.07518298200000001,0.08054582000000005,0.0,-0.060292225,-0.13656561,0.25311166,-0.0074521364,0.0021222485,-6.0039933e-05,"[-10.703678204294485, 47.4577736621205, 0.0, 0.0, 0.0, 0.0, -23.674916874418695, 55.89666077452504]","[0.402021817715557, -0.2070177635358796, 0.0]","{""Controller Type"": ""MPC Controller"", ""weight_comfort"": 1000.0, ""weight_trajectory"": 1000.0, ""weight_goal"": 100.0, ""Q"": [[1000.0, 0.0, 0.0, 0.0], [0.0, 0.0, 0.0, 0.0], [0.0, 0.0, 1000.0, 0.0], [0.0, 0.0, 0.0, 0.0]], ""R"": [[1000.0, 0.0], [0.0, 1000.0]], ""P"": [[100.0, 0.0, 0.0, 0.0], [0.0, 10000.0, 0.0, 0.0], [0.0, 0.0, 100.0, 0.0], [0.0, 0.0, 0.0, 10000.0]]}","[-0.008665115752156942, 4.160641976506796e-05, 0.0]",False
3,P01,8f99450e-b3b4-4bbf-a34f-dee9d88fdb64,4,1,haply,mpc,seeded_random,593114440,persist_session,10.0,1785312723.5538168,2810.615609091,0,1785312723.54358,478,True,careful,fixed,0.08,0.08,0.0,-0.08,0.08,0.0,0.074722287,0.08050320000000005,0.0,-0.060385738,-0.13659449,0.25309083,-0.0078116455,0.0019185669,-0.0002531231,"[-10.551057141904133, 47.531511004133336, 0.0, 0.0, 0.0, 0.0, -23.66330509080936, 55.86586747147369]","[-0.7067984495548247, -0.2424518410727628, 0.0]","{""Controller Type"": ""MPC Controller"", ""weight_comfort"": 1000.0, ""weight_trajectory"": 1000.0, ""weight_goal"": 100.0, ""Q"": [[1000.0, 0.0, 0.0, 0.0], [0.0, 0.0, 0.0, 0.0], [0.0, 0.0, 1000.0, 0.0], [0.0, 0.0, 0.0, 0.0]], ""R"": [[1000.0, 0.0], [0.0, 1000.0]], ""P"": [[100.0, 0.0, 0.0, 0.0], [0.0, 10000.0, 0.0, 0.0], [0.0, 0.0, 100.0, 0.0], [0.0, 0.0, 0.0, 10000.0]]}","[-0.008505176606671272, 5.8744297383568426e-05, 0.0]",False
3,P01,8f99450e-b3b4-4bbf-a34f-dee9d88fdb64,4,1,haply,mpc,seeded_random,593114440,persist_session,10.0,1785312723.5637863,2810.625579155,0,1785312723.5539105,479,True,careful,fixed,0.08,0.08,0.0,-0.08,0.08,0.0,0.074441748,0.08046154,0.0,-0.060539417,-0.13659784,0.2530694,-0.008379861,0.0015374849,-0.00050518895,"[-10.737899411596159, 47.58909014308202, 0.0, 0.0, 0.0, 0.0, -23.647913707670874, 55.82485749518418]","[0.3660247841407067, -0.21421282354330629, 0.0]","{""Controller Type"": ""MPC Controller"", ""weight_comfort"": 1000.0, ""weight_trajectory"": 1000.0, ""weight_goal"": 100.0, ""Q"": [[1000.0, 0.0, 0.0, 0.0], [0.0, 0.0, 0.0, 0.0], [0.0, 0.0, 1000.0, 0.0], [0.0, 0.0, 0.0, 0.0]], ""R"": [[1000.0, 0.0], [0.0, 1000.0]], ""P"": [[100.0, 0.0, 0.0, 0.0], [0.0, 10000.0, 0.0, 0.0], [0.0, 0.0, 100.0, 0.0], [0.0, 0.0, 0.0, 10000.0]]}","[-0.009145839186843332, 5.213115053577263e-05, 0.0]",False
3,P01,8f99450e-b3b4-4bbf-a34f-dee9d88fdb64,4,1,haply,mpc,seeded_random,593114440,persist_session,10.0,1785312723.5737867,2810.635581343,0,1785312723.5638204,480,True,careful,fixed,0.08,0.08,0.0,-0.08,0.08,0.0,0.073980711,0.08041868000000002,0.0,-0.060693022,-0.13660084,0.253048,-0.008971987,0.0012443733,-0.0007157501,"[-10.616502204412408, 47.63652503896566, 0.0, 0.0, 0.0, 0.0, -23.634891295433594, 55.7908792374142]","[-0.5814584573127135, -0.23139908225901987, 0.0]","{""Controller Type"": ""MPC Controller"", ""weight_comfort"": 1000.0, ""weight_trajectory"": 1000.0, ""weight_goal"": 100.0, ""Q"": [[1000.0, 0.0, 0.0, 0.0], [0.0, 0.0, 0.0, 0.0], [0.0, 0.0, 1000.0, 0.0], [0.0, 0.0, 0.0, 0.0]], ""R"": [[1000.0, 0.0], [0.0, 1000.0]], ""P"": [[100.0, 0.0, 0.0, 0.0], [0.0, 10000.0, 0.0, 0.0], [0.0, 0.0, 100.0, 0.0], [0.0, 0.0, 0.0, 10000.0]]}","[-0.009045889819185398, 6.358108024151733e-05, 0.0]",False
3,P01,8f99450e-b3b4-4bbf-a34f-dee9d88fdb64,4,1,haply,mpc,seeded_random,593114440,persist_session,10.0,1785312723.5838466,2810.645635067,0,1785312723.5740247,481,True,careful,fixed,0.08,0.08,0.0,-0.08,0.08,0.0,0.073519896,0.08037588000000001,0.0,-0.060906775,-0.13657804,0.25302604,-0.009719372,0.00094946555,-0.00093723345,"[-10.673482631622043, 47.61723627795443, 0.0, 0.0, 0.0, 0.0, -23.61978234713212, 55.75178373219521]","[-0.5117470391538739, -0.22496172572649295, 0.0]","{""Controller Type"": ""MPC Controller"", ""weight_comfort"": 1000.0, ""weight_trajectory"": 1000.0, ""weight_goal"": 100.0, ""Q"": [[1000.0, 0.0, 0.0, 0.0], [0.0, 0.0, 0.0, 0.0], [0.0, 0.0, 1000.0, 0.0], [0.0, 0.0, 0.0, 0.0]], ""R"": [[1000.0, 0.0], [0.0, 1000.0]], ""P"": [[100.0, 0.0, 0.0, 0.0], [0.0, 10000.0, 0.0, 0.0], [0.0, 0.0, 100.0, 0.0], [0.0, 0.0, 0.0, 10000.0]]}","[-0.009392044747963318, 6.629090485414728e-05, 0.0]",False
3,P01,8f99450e-b3b4-4bbf-a34f-dee9d88fdb64,4,1,haply,mpc,seeded_random,593114440,persist_session,10.0,1785312723.593906,2810.655698523,0,1785312723.5837595,482,True,careful,fixed,0.08,0.08,0.0,-0.08,0.08,0.0,0.072878637,0.08033196000000004,0.0,-0.061060473,-0.13658068,0.25300458,-0.010886059,0.0005264944,-0.0012438968,"[-10.630743712649373, 47.679561613267374, 0.0, 0.0, 0.0, 0.0, -23.60493220031866, 55.7140495129182]","[-1.515552639561959, -0.2435245568348233, 0.0]","{""Controller Type"": ""MPC Controller"", ""weight_comfort"": 1000.0, ""weight_trajectory"": 1000.0, ""weight_goal"": 100.0, ""Q"": [[1000.0, 0.0, 0.0, 0.0], [0.0, 0.0, 0.0, 0.0], [0.0, 0.0, 1000.0, 0.0], [0.0, 0.0, 0.0, 0.0]], ""R"": [[1000.0, 0.0], [0.0, 1000.0]], ""P"": [[100.0, 0.0, 0.0, 0.0], [0.0, 10000.0, 0.0, 0.0], [0.0, 0.0, 100.0, 0.0], [0.0, 0.0, 0.0, 10000.0]]}","[-0.009358613604047555, 8.087170319418065e-05, 0.0]",False
3,P01,8f99450e-b3b4-4bbf-a34f-dee9d88fdb64,4,1,haply,mpc,seeded_random,593114440,persist_session,10.0,1785312723.6037693,2810.66556627,0,1785312723.5942183,483,True,careful,fixed,0.08,0.08,0.0,-0.08,0.08,0.0,0.072417543,0.08028903999999998,0.0,-0.061274365,-0.13655742,0.2529825,-0.011997118,0.00027028567,-0.0014904186,"[-10.85023256854389, 47.61531876110103, 0.0, 0.0, 0.0, 0.0, -23.58808835837121, 55.67139874883711]","[-0.445455088764811, -0.22164401582748577, 0.0]","{""Controller Type"": ""MPC Controller"", ""weight_comfort"": 1000.0, ""weight_trajectory"": 1000.0, ""weight_goal"": 100.0, ""Q"": [[1000.0, 0.0, 0.0, 0.0], [0.0, 0.0, 0.0, 0.0], [0.0, 0.0, 1000.0, 0.0], [0.0, 0.0, 0.0, 0.0]], ""R"": [[1000.0, 0.0], [0.0, 1000.0]], ""P"": [[100.0, 0.0, 0.0, 0.0], [0.0, 10000.0, 0.0, 0.0], [0.0, 0.0, 100.0, 0.0], [0.0, 0.0, 0.0, 10000.0]]}","[-0.010220546196872344, 7.744305322106857e-05, 0.0]",False
3,P01,8f99450e-b3b4-4bbf-a34f-dee9d88fdb64,4,1,haply,mpc,seeded_random,593114440,persist_session,10.0,1785312723.6137538,2810.67554896,0,1785312723.6037958,484,True,careful,fixed,0.08,0.08,0.0,-0.08,0.08,0.0,0.07177586700000001,0.08024488000000002,0.0,-0.061428145,-0.13655968,0.252961,-0.013090744,0.00022898617,-0.0016673767,"[-10.794998497333264, 47.703404416390626, 0.0, 0.0, 0.0, 0.0, -23.57327642552257, 55.63459477370639]","[-1.5576214051181636, -0.2507473903586946, 0.0]","{""Controller Type"": ""MPC Controller"", ""weight_comfort"": 1000.0, ""weight_trajectory"": 1000.0, ""weight_goal"": 100.0, ""Q"": [[1000.0, 0.0, 0.0, 0.0], [0.0, 0.0, 0.0, 0.0], [0.0, 0.0, 1000.0, 0.0], [0.0, 0.0, 0.0, 0.0]], ""R"": [[1000.0, 0.0], [0.0, 1000.0]], ""P"": [[100.0, 0.0, 0.0, 0.0], [0.0, 10000.0, 0.0, 0.0], [0.0, 0.0, 100.0, 0.0], [0.0, 0.0, 0.0, 10000.0]]}","[-0.010124013410693794, 9.861413709861787e-05, 0.0]",False
3,P01,8f99450e-b3b4-4bbf-a34f-dee9d88fdb64,4,1,haply,mpc,seeded_random,593114440,persist_session,10.0,1785312723.623676,2810.685470758,0,1785312723.6140552,485,True,careful,fixed,0.08,0.08,0.0,-0.08,0.08,0.0,0.07131452699999999,0.08020188,0.0,-0.06164206,-0.13653582,0.25293887,-0.013967463,0.00024806196,-0.001795079,"[-11.014855396849933, 47.63055379239097, 0.0, 0.0, 0.0, 0.0, -23.554744022812784, 55.58878876792688]","[-0.47512340525049446, -0.22823307904416304, 0.0]","{""Controller Type"": ""MPC Controller"", ""weight_comfort"": 1000.0, ""weight_trajectory"": 1000.0, ""weight_goal"": 100.0, ""Q"": [[1000.0, 0.0, 0.0, 0.0], [0.0, 0.0, 0.0, 0.0], [0.0, 0.0, 1000.0, 0.0], [0.0, 0.0, 0.0, 0.0]], ""R"": [[1000.0, 0.0], [0.0, 1000.0]], ""P"": [[100.0, 0.0, 0.0, 0.0], [0.0, 10000.0, 0.0, 0.0], [0.0, 0.0, 100.0, 0.0], [0.0, 0.0, 0.0, 10000.0]]}","[-0.011069329744776868, 9.494431260346508e-05, 0.0]",False
3,P01,8f99450e-b3b4-4bbf-a34f-dee9d88fdb64,4,1,haply,mpc,seeded_random,593114440,persist_session,10.0,1785312723.6337857,2810.695573739,0,1785312723.623909,486,True,careful,fixed,0.08,0.08,0.0,-0.08,0.08,0.0,0.070672782,0.08015761999999998,0.0,-0.061855912,-0.13651152,0.2529167,-0.014885195,0.00036473657,-0.0018987568,"[-10.976120772452107, 47.689216549923366, 0.0, 0.0, 0.0, 0.0, -23.53847340241072, 55.549121542807804]","[-1.452023773216069, -0.24579707832594846, 0.0]","{""Controller Type"": ""MPC Controller"", ""weight_comfort"": 1000.0, ""weight_trajectory"": 1000.0, ""weight_goal"": 100.0, ""Q"": [[1000.0, 0.0, 0.0, 0.0], [0.0, 0.0, 0.0, 0.0], [0.0, 0.0, 1000.0, 0.0], [0.0, 0.0, 0.0, 0.0]], ""R"": [[1000.0, 0.0], [0.0, 1000.0]], ""P"": [[100.0, 0.0, 0.0, 0.0], [0.0, 10000.0, 0.0, 0.0], [0.0, 0.0, 100.0, 0.0], [0.0, 0.0, 0.0, 10000.0]]}","[-0.01103574913312376, 0.00011278701004902262, 0.0]",False
3,P01,8f99450e-b3b4-4bbf-a34f-dee9d88fdb64,4,1,haply,mpc,seeded_random,593114440,persist_session,10.0,1785312723.6438742,2810.70565612,0,1785312723.634367,487,True,careful,fixed,0.08,0.08,0.0,-0.08,0.08,0.0,0.070031226,0.08011328000000001,0.0,-0.062009927,-0.1365134,0.25289503,-0.015607004,0.00046673603,-0.00197833,"[-11.08483326079136, 47.55193709468066, 0.0, 0.0, 0.0, 0.0, -23.51985663582963, 55.50412416428593]","[-1.2540499579625972, -0.23266313456833193, 0.0]","{""Controller Type"": ""MPC Controller"", ""weight_comfort"": 1000.0, ""weight_trajectory"": 1000.0, ""weight_goal"": 100.0, ""Q"": [[1000.0, 0.0, 0.0, 0.0], [0.0, 0.0, 0.0, 0.0], [0.0, 0.0, 1000.0, 0.0], [0.0, 0.0, 0.0, 0.0]], ""R"": [[1000.0, 0.0], [0.0, 1000.0]], ""P"": [[100.0, 0.0, 0.0, 0.0], [0.0, 10000.0, 0.0, 0.0], [0.0, 0.0, 100.0, 0.0], [0.0, 0.0, 0.0, 10000.0]]}","[-0.011683728864409946, 0.00011572927956042902, 0.0]",False
3,P01,8f99450e-b3b4-4bbf-a34f-dee9d88fdb64,4,1,haply,mpc,seeded_random,593114440,persist_session,10.0,1785312723.6538584,2810.71565587,0,1785312723.6439207,488,True,careful,fixed,0.08,0.08,0.0,-0.08,0.08,0.0,0.06956918100000001,0.08006994000000006,0.0,-0.06218981,-0.13643436,0.25289348,-0.016069757,0.000653478,-0.0019968087,"[-11.238181372516488, 47.47545891299365, 0.0, 0.0, 0.0, 0.0, -23.502519847134785, 55.46269685782228]","[-0.6151740859879311, -0.2499614346535618, 0.0]","{""Controller Type"": ""MPC Controller"", ""weight_comfort"": 1000.0, ""weight_trajectory"": 1000.0, ""weight_goal"": 100.0, ""Q"": [[1000.0, 0.0, 0.0, 0.0], [0.0, 0.0, 0.0, 0.0], [0.0, 0.0, 1000.0, 0.0], [0.0, 0.0, 0.0, 0.0]], ""R"": [[1000.0, 0.0], [0.0, 1000.0]], ""P"": [[100.0, 0.0, 0.0, 0.0], [0.0, 10000.0, 0.0, 0.0], [0.0, 0.0, 100.0, 0.0], [0.0, 0.0, 0.0, 10000.0]]}","[-0.01249285116885374, 0.00013390126643495913, 0.0]",False
3,P01,8f99450e-b3b4-4bbf-a34f-dee9d88fdb64,4,1,haply,mpc,seeded_random,593114440,persist_session,10.0,1785312723.6637878,2810.725583447,0,1785312723.6539738,489,True,careful,fixed,0.08,0.08,0.0,-0.08,0.08,0.0,0.069029532,0.08006684000000003,0.0,-0.062377956,-0.13649008,0.25285104,-0.016427696,0.0008160545,-0.002007916,"[-11.262625992538542, 47.4558245808055, 0.0, 0.0, 0.0, 0.0, -23.50084094136565, 55.457548701280196]","[-0.8689434883874643, -0.01553013906839695, 0.0]","{""Controller Type"": ""MPC Controller"", ""weight_comfort"": 1000.0, ""weight_trajectory"": 1000.0, ""weight_goal"": 100.0, ""Q"": [[1000.0, 0.0, 0.0, 0.0], [0.0, 0.0, 0.0, 0.0], [0.0, 0.0, 1000.0, 0.0], [0.0, 0.0, 0.0, 0.0]], ""R"": [[1000.0, 0.0], [0.0, 1000.0]], ""P"": [[100.0, 0.0, 0.0, 0.0], [0.0, 10000.0, 0.0, 0.0], [0.0, 0.0, 100.0, 0.0], [0.0, 0.0, 0.0, 10000.0]]}","[-0.012828826531852251, 2.7752523071454337e-06, 0.0]",False
3,P01,8f99450e-b3b4-4bbf-a34f-dee9d88fdb64,4,1,haply,mpc,seeded_random,593114440,persist_session,10.0,1785312723.673682,2810.735482716,0,1785312723.663867,490,True,careful,fixed,0.08,0.08,0.0,-0.08,0.08,0.0,0.068465094,0.07998196000000007,0.0,-0.06255782,-0.13641064,0.2528495,-0.016780227,0.00093960576,-0.0020301482,"[-11.309034037973262, 47.408071127868645, 0.0, 0.0, 0.0, 0.0, -23.55642132720888, 55.588087090564926]","[-1.0257876781984199, -0.47735121793836255, 0.0]","{""Controller Type"": ""MPC Controller"", ""weight_comfort"": 1000.0, ""weight_trajectory"": 1000.0, ""weight_goal"": 100.0, ""Q"": [[1000.0, 0.0, 0.0, 0.0], [0.0, 0.0, 0.0, 0.0], [0.0, 0.0, 1000.0, 0.0], [0.0, 0.0, 0.0, 0.0]], ""R"": [[1000.0, 0.0], [0.0, 1000.0]], ""P"": [[100.0, 0.0, 0.0, 0.0], [0.0, 10000.0, 0.0, 0.0], [0.0, 0.0, 100.0, 0.0], [0.0, 0.0, 0.0, 10000.0]]}","[-0.013259863844049759, 0.0002941541826817185, 0.0]",False
3,P01,8f99450e-b3b4-4bbf-a34f-dee9d88fdb64,4,1,haply,mpc,seeded_random,593114440,persist_session,10.0,1785312723.6838548,2810.745653193,0,1785312723.6740592,491,True,careful,fixed,0.08,0.08,0.0,-0.08,0.08,0.0,0.067925502,0.07997888000000003,0.0,-0.06277185,-0.13638513,0.25282717,-0.01705404,0.0010438779,-0.0020463816,"[-11.395283993941087, 47.34083747935675, 0.0, 0.0, 0.0, 0.0, -23.55145643501211, 55.57712897502228]","[-0.8206603365077516, -0.017292436189019177, 0.0]","{""Controller Type"": ""MPC Controller"", ""weight_comfort"": 1000.0, ""weight_trajectory"": 1000.0, ""weight_goal"": 100.0, ""Q"": [[1000.0, 0.0, 0.0, 0.0], [0.0, 0.0, 0.0, 0.0], [0.0, 0.0, 1000.0, 0.0], [0.0, 0.0, 0.0, 0.0]], ""R"": [[1000.0, 0.0], [0.0, 1000.0]], ""P"": [[100.0, 0.0, 0.0, 0.0], [0.0, 10000.0, 0.0, 0.0], [0.0, 0.0, 100.0, 0.0], [0.0, 0.0, 0.0, 10000.0]]}","[-0.013944159181883032, 1.3257727052272494e-05, 0.0]",False
3,P01,8f99450e-b3b4-4bbf-a34f-dee9d88fdb64,4,1,haply,mpc,seeded_random,593114440,persist_session,10.0,1785312723.6936831,2810.755487905,0,1785312723.6839087,492,True,careful,fixed,0.08,0.08,0.0,-0.08,0.08,0.0,0.06728341199999999,0.07993422,0.0,-0.06292596,-0.13638595,0.25280535,-0.017310197,0.0012267107,-0.0020374297,"[-11.404699818901507, 47.324816438594496, 0.0, 0.0, 0.0, 0.0, -23.56621673487331, 55.611384283796625]","[-1.4053718015423888, -0.25370432889374434, 0.0]","{""Controller Type"": ""MPC Controller"", ""weight_comfort"": 1000.0, ""weight_trajectory"": 1000.0, ""weight_goal"": 100.0, ""Q"": [[1000.0, 0.0, 0.0, 0.0], [0.0, 0.0, 0.0, 0.0], [0.0, 0.0, 1000.0, 0.0], [0.0, 0.0, 0.0, 0.0]], ""R"": [[1000.0, 0.0], [0.0, 1000.0]], ""P"": [[100.0, 0.0, 0.0, 0.0], [0.0, 10000.0, 0.0, 0.0], [0.0, 0.0, 100.0, 0.0], [0.0, 0.0, 0.0, 10000.0]]}","[-0.01416111507786049, 0.0001781946338727431, 0.0]",False
3,P01,8f99450e-b3b4-4bbf-a34f-dee9d88fdb64,4,1,haply,mpc,seeded_random,593114440,persist_session,10.0,1785312723.7038014,2810.76559786,0,1785312723.6941185,493,True,careful,fixed,0.08,0.08,0.0,-0.08,0.08,0.0,0.06682108199999999,0.07989057999999999,0.0,-0.06304579,-0.13633256,0.25280428,-0.017451277,0.0013359895,-0.0020334157,"[-11.58539633611776, 47.26056650866899, 0.0, 0.0, 0.0, 0.0, -23.544812245878152, 55.562226193545555]","[-0.4391183281353961, -0.2400672950234187, 0.0]","{""Controller Type"": ""MPC Controller"", ""weight_comfort"": 1000.0, ""weight_trajectory"": 1000.0, ""weight_goal"": 100.0, ""Q"": [[1000.0, 0.0, 0.0, 0.0], [0.0, 0.0, 0.0, 0.0], [0.0, 0.0, 1000.0, 0.0], [0.0, 0.0, 0.0, 0.0]], ""R"": [[1000.0, 0.0], [0.0, 1000.0]], ""P"": [[100.0, 0.0, 0.0, 0.0], [0.0, 10000.0, 0.0, 0.0], [0.0, 0.0, 100.0, 0.0], [0.0, 0.0, 0.0, 10000.0]]}","[-0.015424980092551171, 0.00018058079066372848, 0.0]",False
3,P01,8f99450e-b3b4-4bbf-a34f-dee9d88fdb64,4,1,haply,mpc,seeded_random,593114440,persist_session,10.0,1785312723.713957,2810.775759953,0,1785312723.7037814,494,True,careful,fixed,0.08,0.08,0.0,-0.08,0.08,0.0,0.06646159199999999,0.07988844,0.0,-0.063200004,-0.1363332,0.2527824,-0.017581416,0.0014243867,-0.0020337629,"[-11.65842557792543, 47.26246150185119, 0.0, 0.0, 0.0, 0.0, -23.541810215978497, 55.55720112821243]","[-0.0508053972658602, -0.01493037607773675, 0.0]","{""Controller Type"": ""MPC Controller"", ""weight_comfort"": 1000.0, ""weight_trajectory"": 1000.0, ""weight_goal"": 100.0, ""Q"": [[1000.0, 0.0, 0.0, 0.0], [0.0, 0.0, 0.0, 0.0], [0.0, 0.0, 1000.0, 0.0], [0.0, 0.0, 0.0, 0.0]], ""R"": [[1000.0, 0.0], [0.0, 1000.0]], ""P"": [[100.0, 0.0, 0.0, 0.0], [0.0, 10000.0, 0.0, 0.0], [0.0, 0.0, 100.0, 0.0], [0.0, 0.0, 0.0, 10000.0]]}","[-0.01616347548925632, 2.3794291319338122e-05, 0.0]",False
3,P01,8f99450e-b3b4-4bbf-a34f-dee9d88fdb64,4,1,haply,mpc,seeded_random,593114440,persist_session,10.0,1785312723.7237191,2810.785506999,0,1785312723.714048,495,True,careful,fixed,0.08,0.08,0.0,-0.08,0.08,0.0,0.06646159199999999,0.07988844,0.0,-0.063354224,-0.13633367,0.25276053,-0.017577223,0.0015822877,-0.0019940904,"[-11.878108158790667, 47.520808713582305, 0.0, 0.0, 0.0, 0.0, -23.54174060185409, 55.557151526266786]","[1.7396866308846695, -0.0026263165815427637, 0.0]","{""Controller Type"": ""MPC Controller"", ""weight_comfort"": 1000.0, ""weight_trajectory"": 1000.0, ""weight_goal"": 100.0, ""Q"": [[1000.0, 0.0, 0.0, 0.0], [0.0, 0.0, 0.0, 0.0], [0.0, 0.0, 1000.0, 0.0], [0.0, 0.0, 0.0, 0.0]], ""R"": [[1000.0, 0.0], [0.0, 1000.0]], ""P"": [[100.0, 0.0, 0.0, 0.0], [0.0, 10000.0, 0.0, 0.0], [0.0, 0.0, 100.0, 0.0], [0.0, 0.0, 0.0, 10000.0]]}","[-0.01765454415925504, 1.4918141892610974e-05, 0.0]",False
3,P01,8f99450e-b3b4-4bbf-a34f-dee9d88fdb64,4,1,haply,mpc,seeded_random,593114440,persist_session,10.0,1785312723.733764,2810.795545401,0,1785312723.7242045,496,True,careful,fixed,0.08,0.08,0.0,-0.08,0.08,0.0,0.06553629,0.07980093999999999,0.0,-0.06347402,-0.13627994,0.25275943,-0.01744008,0.0016779592,-0.00195398,"[-11.689894963300134, 48.74149807306828, 0.0, 0.0, 0.0, 0.0, -23.601479948601984, 55.69467135402502]","[-2.7392042884821626, -0.4845111035188879, 0.0]","{""Controller Type"": ""MPC Controller"", ""weight_comfort"": 1000.0, ""weight_trajectory"": 1000.0, ""weight_goal"": 100.0, ""Q"": [[1000.0, 0.0, 0.0, 0.0], [0.0, 0.0, 0.0, 0.0], [0.0, 0.0, 1000.0, 0.0], [0.0, 0.0, 0.0, 0.0]], ""R"": [[1000.0, 0.0], [0.0, 1000.0]], ""P"": [[100.0, 0.0, 0.0, 0.0], [0.0, 10000.0, 0.0, 0.0], [0.0, 0.0, 100.0, 0.0], [0.0, 0.0, 0.0, 10000.0]]}","[-0.014977950094196503, 0.00040098297923284165, 0.0]",False
3,P01,8f99450e-b3b4-4bbf-a34f-dee9d88fdb64,4,1,haply,mpc,seeded_random,593114440,persist_session,10.0,1785312723.7437217,2810.805494476,0,1785312723.7339342,497,True,careful,fixed,0.08,0.08,0.0,-0.08,0.08,0.0,0.06517690199999998,0.07979874000000003,0.0,-0.06362831,-0.13628013,0.25273746,-0.01712436,0.0016839526,-0.0019144473,"[-12.13887571386957, 48.75565522604511, 0.0, 0.0, 0.0, 0.0, -23.593195221956673, 55.68273846600849]","[-0.03862775068558055, -0.0173389894183106, 0.0]","{""Controller Type"": ""MPC Controller"", ""weight_comfort"": 1000.0, ""weight_trajectory"": 1000.0, ""weight_goal"": 100.0, ""Q"": [[1000.0, 0.0, 0.0, 0.0], [0.0, 0.0, 0.0, 0.0], [0.0, 0.0, 1000.0, 0.0], [0.0, 0.0, 0.0, 0.0]], ""R"": [[1000.0, 0.0], [0.0, 1000.0]], ""P"": [[100.0, 0.0, 0.0, 0.0], [0.0, 10000.0, 0.0, 0.0], [0.0, 0.0, 100.0, 0.0], [0.0, 0.0, 0.0, 10000.0]]}","[-0.01778425872625243, 3.9939253557824136e-05, 0.0]",False
3,P01,8f99450e-b3b4-4bbf-a34f-dee9d88fdb64,4,1,haply,mpc,seeded_random,593114440,persist_session,10.0,1785312723.7538614,2810.815645559,0,1785312723.7444968,498,True,careful,fixed,0.08,0.08,0.0,-0.08,0.08,0.0,0.06471403200000002,0.07975480000000007,0.0,-0.06372269,-0.13630712,0.25271603,-0.016688589,0.0016350873,-0.001874157,"[-12.11932677294805, 48.761807828343876, 0.0, 0.0, 0.0, 0.0, -23.604492364234343, 55.707907728618984]","[-0.38297185095633424, -0.23752924435597905, 0.0]","{""Controller Type"": ""MPC Controller"", ""weight_comfort"": 1000.0, ""weight_trajectory"": 1000.0, ""weight_goal"": 100.0, ""Q"": [[1000.0, 0.0, 0.0, 0.0], [0.0, 0.0, 0.0, 0.0], [0.0, 0.0, 1000.0, 0.0], [0.0, 0.0, 0.0, 0.0]], ""R"": [[1000.0, 0.0], [0.0, 1000.0]], ""P"": [[100.0, 0.0, 0.0, 0.0], [0.0, 10000.0, 0.0, 0.0], [0.0, 0.0, 100.0, 0.0], [0.0, 0.0, 0.0, 10000.0]]}","[-0.01808407615126392, 0.0002299937480919538, 0.0]",False
3,P01,8f99450e-b3b4-4bbf-a34f-dee9d88fdb64,4,1,haply,mpc,seeded_random,593114440,persist_session,10.0,1785312723.7637706,2810.825552221,0,1785312723.7536657,499,True,careful,fixed,0.08,0.08,0.0,-0.08,0.08,0.0,0.064430892,0.07971193999999998,0.0,-0.063877076,-0.13630709,0.25269398,-0.01625972,0.0015563146,-0.0018434301,"[-12.216573726613275, 48.789668088791984, 0.0, 0.0, 0.0, 0.0, -23.584495098516012, 55.66346052689127]","[0.2577964156789645, -0.2669934975478662, 0.0]","{""Controller Type"": ""MPC Controller"", ""weight_comfort"": 1000.0, ""weight_trajectory"": 1000.0, ""weight_goal"": 100.0, ""Q"": [[1000.0, 0.0, 0.0, 0.0], [0.0, 0.0, 0.0, 0.0], [0.0, 0.0, 1000.0, 0.0], [0.0, 0.0, 0.0, 0.0]], ""R"": [[1000.0, 0.0], [0.0, 1000.0]], ""P"": [[100.0, 0.0, 0.0, 0.0], [0.0, 10000.0, 0.0, 0.0], [0.0, 0.0, 100.0, 0.0], [0.0, 0.0, 0.0, 10000.0]]}","[-0.01907675749149758, 0.00026643853076746717, 0.0]",False
3,P01,8f99450e-b3b4-4bbf-a34f-dee9d88fdb64,4,1,haply,mpc,seeded_random,593114440,persist_session,10.0,1785312723.7739751,2810.835770385,0,1785312723.7642224,500,True,careful,fixed,0.08,0.08,0.0,-0.08,0.08,0.0,0.06396773399999998,0.07966783999999999,0.0,-0.064031444,-0.13630682,0.25267196,-0.015873171,0.0014750053,-0.0018190613,"[-12.156909351970267, 48.80983928232899, 0.0, 0.0, 0.0, 0.0, -23.55949022905704, 55.608740226599316]","[-0.3912498601984098, -0.2401278443433155, 0.0]","{""Controller Type"": ""MPC Controller"", ""weight_comfort"": 1000.0, ""weight_trajectory"": 1000.0, ""weight_goal"": 100.0, ""Q"": [[1000.0, 0.0, 0.0, 0.0], [0.0, 0.0, 0.0, 0.0], [0.0, 0.0, 1000.0, 0.0], [0.0, 0.0, 0.0, 0.0]], ""R"": [[1000.0, 0.0], [0.0, 1000.0]], ""P"": [[100.0, 0.0, 0.0, 0.0], [0.0, 10000.0, 0.0, 0.0], [0.0, 0.0, 100.0, 0.0], [0.0, 0.0, 0.0, 10000.0]]}","[-0.019102445617134933, 0.0002594820242470186, 0.0]",False
3,P01,8f99450e-b3b4-4bbf-a34f-dee9d88fdb64,4,1,haply,mpc,seeded_random,593114440,persist_session,10.0,1785312723.78395,2810.845727425,0,1785312723.7738605,501,True,careful,fixed,0.08,0.08,0.0,-0.08,0.08,0.0,0.06396773399999998,0.07966783999999999,0.0,-0.06412597,-0.13633361,0.25265044,-0.015507271,0.0013893858,-0.0017985773,"[-12.467260229914018, 49.189200866080334, 0.0, 0.0, 0.0, 0.0, -23.555602760095777, 55.60598196785756]","[1.79488320448904, -0.007824229012793693, 0.0]","{""Controller Type"": ""MPC Controller"", ""weight_comfort"": 1000.0, ""weight_trajectory"": 1000.0, ""weight_goal"": 100.0, ""Q"": [[1000.0, 0.0, 0.0, 0.0], [0.0, 0.0, 0.0, 0.0], [0.0, 0.0, 1000.0, 0.0], [0.0, 0.0, 0.0, 0.0]], ""R"": [[1000.0, 0.0], [0.0, 1000.0]], ""P"": [[100.0, 0.0, 0.0, 0.0], [0.0, 10000.0, 0.0, 0.0], [0.0, 0.0, 100.0, 0.0], [0.0, 0.0, 0.0, 10000.0]]}","[-0.02125625198266619, 5.4405439734998446e-05, 0.0]",False
3,P01,8f99450e-b3b4-4bbf-a34f-dee9d88fdb64,4,1,haply,mpc,seeded_random,593114440,persist_session,10.0,1785312723.7939227,2810.855709917,0,1785312723.7839575,502,True,careful,fixed,0.08,0.08,0.0,-0.08,0.08,0.0,0.06350462999999998,0.07962379999999997,0.0,-0.06428046,-0.1363332,0.25262827,-0.015068652,0.0012795876,-0.0017746094,"[-12.194764703977842, 49.32280665854523, 0.0, 0.0, 0.0, 0.0, -23.572295296420453, 55.642302714987295]","[-0.5122042090958283, -0.2515618166067653, 0.0]","{""Controller Type"": ""MPC Controller"", ""weight_comfort"": 1000.0, ""weight_trajectory"": 1000.0, ""weight_goal"": 100.0, ""Q"": [[1000.0, 0.0, 0.0, 0.0], [0.0, 0.0, 0.0, 0.0], [0.0, 0.0, 1000.0, 0.0], [0.0, 0.0, 0.0, 0.0]], ""R"": [[1000.0, 0.0], [0.0, 1000.0]], ""P"": [[100.0, 0.0, 0.0, 0.0], [0.0, 10000.0, 0.0, 0.0], [0.0, 0.0, 100.0, 0.0], [0.0, 0.0, 0.0, 10000.0]]}","[-0.01966250396534833, 0.0002863148195115401, 0.0]",False
3,P01,8f99450e-b3b4-4bbf-a34f-dee9d88fdb64,4,1,haply,mpc,seeded_random,593114440,persist_session,10.0,1785312723.8037844,2810.865577165,0,1785312723.7940867,503,True,careful,fixed,0.08,0.08,0.0,-0.08,0.08,0.0,0.062757582,0.07953642,0.0,-0.06434037,-0.13630597,0.2526277,-0.014749242,0.001167015,-0.0017679308,"[-12.16098715109614, 49.43810157075318, 0.0, 0.0, 0.0, 0.0, -23.56002241767003, 55.61483126304303]","[-1.9100772456103146, -0.49068517035427056, 0.0]","{""Controller Type"": ""MPC Controller"", ""weight_comfort"": 1000.0, ""weight_trajectory"": 1000.0, ""weight_goal"": 100.0, ""Q"": [[1000.0, 0.0, 0.0, 0.0], [0.0, 0.0, 0.0, 0.0], [0.0, 0.0, 1000.0, 0.0], [0.0, 0.0, 0.0, 0.0]], ""R"": [[1000.0, 0.0], [0.0, 1000.0]], ""P"": [[100.0, 0.0, 0.0, 0.0], [0.0, 10000.0, 0.0, 0.0], [0.0, 0.0, 100.0, 0.0], [0.0, 0.0, 0.0, 10000.0]]}","[-0.019260562301438636, 0.0005510173380877841, 0.0]",False
3,P01,8f99450e-b3b4-4bbf-a34f-dee9d88fdb64,4,1,haply,mpc,seeded_random,593114440,persist_session,10.0,1785312723.8138978,2810.875689027,0,1785312723.803952,504,True,careful,fixed,0.08,0.08,0.0,-0.08,0.08,0.0,0.06257785200000002,0.07953528000000004,0.0,-0.06449487,-0.13630523,0.2526056,-0.014380643,0.0009960323,-0.0017709244,"[-12.601482716650033, 49.76912529473561, 0.0, 0.0, 0.0, 0.0, -23.547092520158056, 55.60250016652195]","[0.8899769385844015, -0.01736804818480317, 0.0]","{""Controller Type"": ""MPC Controller"", ""weight_comfort"": 1000.0, ""weight_trajectory"": 1000.0, ""weight_goal"": 100.0, ""Q"": [[1000.0, 0.0, 0.0, 0.0], [0.0, 0.0, 0.0, 0.0], [0.0, 0.0, 1000.0, 0.0], [0.0, 0.0, 0.0, 0.0]], ""R"": [[1000.0, 0.0], [0.0, 1000.0]], ""P"": [[100.0, 0.0, 0.0, 0.0], [0.0, 10000.0, 0.0, 0.0], [0.0, 0.0, 100.0, 0.0], [0.0, 0.0, 0.0, 10000.0]]}","[-0.022566131771383145, 9.156763966063052e-05, 0.0]",False
3,P01,8f99450e-b3b4-4bbf-a34f-dee9d88fdb64,4,1,haply,mpc,seeded_random,593114440,persist_session,10.0,1785312723.8238056,2810.885595241,0,1785312723.813647,505,True,careful,fixed,0.08,0.08,0.0,-0.08,0.08,0.0,0.06211435200000001,0.07949107999999999,0.0,-0.06458953,-0.13633178,0.25258395,-0.014018505,0.00090648205,-0.0017505218,"[-12.446692035754669, 49.868769536881125, 0.0, 0.0, 0.0, 0.0, -23.56652663224551, 55.643898002909474]","[-0.6152669097399905, -0.2656754593091804, 0.0]","{""Controller Type"": ""MPC Controller"", ""weight_comfort"": 1000.0, ""weight_trajectory"": 1000.0, ""weight_goal"": 100.0, ""Q"": [[1000.0, 0.0, 0.0, 0.0], [0.0, 0.0, 0.0, 0.0], [0.0, 0.0, 1000.0, 0.0], [0.0, 0.0, 0.0, 0.0]], ""R"": [[1000.0, 0.0], [0.0, 1000.0]], ""P"": [[100.0, 0.0, 0.0, 0.0], [0.0, 10000.0, 0.0, 0.0], [0.0, 0.0, 100.0, 0.0], [0.0, 0.0, 0.0, 10000.0]]}","[-0.02166338277308868, 0.00035707183408518675, 0.0]",False
3,P01,8f99450e-b3b4-4bbf-a34f-dee9d88fdb64,4,1,haply,mpc,seeded_random,593114440,persist_session,10.0,1785312723.8337893,2810.895581655,0,1785312723.8238506,506,True,careful,fixed,0.08,0.08,0.0,-0.08,0.08,0.0,0.06183037199999998,0.07944778000000002,0.0,-0.06464944,-0.13630444,0.25258335,-0.013605869,0.0007769566,-0.0017341905,"[-12.575331251680051, 49.92123124565161, 0.0, 0.0, 0.0, 0.0, -23.53955219578032, 55.587286863816296]","[0.39418845895481414, -0.24888924023270376, 0.0]","{""Controller Type"": ""MPC Controller"", ""weight_comfort"": 1000.0, ""weight_trajectory"": 1000.0, ""weight_goal"": 100.0, ""Q"": [[1000.0, 0.0, 0.0, 0.0], [0.0, 0.0, 0.0, 0.0], [0.0, 0.0, 1000.0, 0.0], [0.0, 0.0, 0.0, 0.0]], ""R"": [[1000.0, 0.0], [0.0, 1000.0]], ""P"": [[100.0, 0.0, 0.0, 0.0], [0.0, 10000.0, 0.0, 0.0], [0.0, 0.0, 100.0, 0.0], [0.0, 0.0, 0.0, 10000.0]]}","[-0.023285251988343105, 0.00035541471139512664, 0.0]",False
3,P01,8f99450e-b3b4-4bbf-a34f-dee9d88fdb64,4,1,haply,mpc,seeded_random,593114440,persist_session,10.0,1785312723.8438206,2810.905606396,0,1785312723.8335557,507,True,careful,fixed,0.08,0.08,0.0,-0.08,0.08,0.0,0.06165064199999999,0.07944657999999999,0.0,-0.06476919,-0.13624966,0.25258225,-0.013250061,0.0006388502,-0.0017278905,"[-12.584540949155802, 49.928142824093186, 0.0, 0.0, 0.0, 0.0, -23.531786064092355, 55.580056497891015]","[0.8579794067655522, -0.019895254660139215, 0.0]","{""Controller Type"": ""MPC Controller"", ""weight_comfort"": 1000.0, ""weight_trajectory"": 1000.0, ""weight_goal"": 100.0, ""Q"": [[1000.0, 0.0, 0.0, 0.0], [0.0, 0.0, 0.0, 0.0], [0.0, 0.0, 1000.0, 0.0], [0.0, 0.0, 0.0, 0.0]], ""R"": [[1000.0, 0.0], [0.0, 1000.0]], ""P"": [[100.0, 0.0, 0.0, 0.0], [0.0, 10000.0, 0.0, 0.0], [0.0, 0.0, 100.0, 0.0], [0.0, 0.0, 0.0, 10000.0]]}","[-0.024147158592683595, 0.00011674188533559838, 0.0]",False
3,P01,8f99450e-b3b4-4bbf-a34f-dee9d88fdb64,4,1,haply,mpc,seeded_random,593114440,persist_session,10.0,1785312723.8537571,2810.915554094,0,1785312723.8439853,508,True,careful,fixed,0.08,0.08,0.0,-0.08,0.08,0.0,0.061291391999999986,0.07944438000000004,0.0,-0.06480404,-0.13630345,0.25256115,-0.01287742,0.00051729847,-0.0017141139,"[-12.46777888076618, 49.91653536175983, 0.0, 0.0, 0.0, 0.0, -23.531468775269982, 55.579721780294655]","[0.042206571735370124, -0.024798412233302744, 0.0]","{""Controller Type"": ""MPC Controller"", ""weight_comfort"": 1000.0, ""weight_trajectory"": 1000.0, ""weight_goal"": 100.0, ""Q"": [[1000.0, 0.0, 0.0, 0.0], [0.0, 0.0, 0.0, 0.0], [0.0, 0.0, 1000.0, 0.0], [0.0, 0.0, 0.0, 0.0]], ""R"": [[1000.0, 0.0], [0.0, 1000.0]], ""P"": [[100.0, 0.0, 0.0, 0.0], [0.0, 10000.0, 0.0, 0.0], [0.0, 0.0, 100.0, 0.0], [0.0, 0.0, 0.0, 10000.0]]}","[-0.02382386267082484, 0.00012596831926289475, 0.0]",False
3,P01,8f99450e-b3b4-4bbf-a34f-dee9d88fdb64,4,1,haply,mpc,seeded_random,593114440,persist_session,10.0,1785312723.8637936,2810.925584001,0,1785312723.853621,509,True,careful,fixed,0.08,0.08,0.0,-0.08,0.08,0.0,0.06118684200000002,0.07940218000000004,0.0,-0.06495866,-0.13630229,0.2525389,-0.0123697715,0.00038243664,-0.0016843735,"[-12.58549205136331, 50.0336549743634, 0.0, 0.0, 0.0, 0.0, -23.549258522461262, 55.616870395807744]","[1.2340261956082095, -0.2576552414852814, 0.0]","{""Controller Type"": ""MPC Controller"", ""weight_comfort"": 1000.0, ""weight_trajectory"": 1000.0, ""weight_goal"": 100.0, ""Q"": [[1000.0, 0.0, 0.0, 0.0], [0.0, 0.0, 0.0, 0.0], [0.0, 0.0, 1000.0, 0.0], [0.0, 0.0, 0.0, 0.0]], ""R"": [[1000.0, 0.0], [0.0, 1000.0]], ""P"": [[100.0, 0.0, 0.0, 0.0], [0.0, 10000.0, 0.0, 0.0], [0.0, 0.0, 100.0, 0.0], [0.0, 0.0, 0.0, 10000.0]]}","[-0.02545920147050905, 0.0003921930073535332, 0.0]",False
3,P01,8f99450e-b3b4-4bbf-a34f-dee9d88fdb64,4,1,haply,mpc,seeded_random,593114440,persist_session,10.0,1785312723.8737476,2810.935536741,0,1785312723.8638206,510,True,careful,fixed,0.08,0.08,0.0,-0.08,0.08,0.0,0.060722981999999995,0.07935768000000004,0.0,-0.06501854,-0.13627481,0.2525383,-0.011987582,0.00025037647,-0.0016715165,"[-12.40732106579746, 50.136504691037274, 0.0, 0.0, 0.0, 0.0, -23.52256828527541, 55.561599447040635]","[-0.5341373682672717, -0.257520882047849, 0.0]","{""Controller Type"": ""MPC Controller"", ""weight_comfort"": 1000.0, ""weight_trajectory"": 1000.0, ""weight_goal"": 100.0, ""Q"": [[1000.0, 0.0, 0.0, 0.0], [0.0, 0.0, 0.0, 0.0], [0.0, 0.0, 1000.0, 0.0], [0.0, 0.0, 0.0, 0.0]], ""R"": [[1000.0, 0.0], [0.0, 1000.0]], ""P"": [[100.0, 0.0, 0.0, 0.0], [0.0, 10000.0, 0.0, 0.0], [0.0, 0.0, 100.0, 0.0], [0.0, 0.0, 0.0, 10000.0]]}","[-0.02413387509591132, 0.00041565395750019733, 0.0]",False
3,P01,8f99450e-b3b4-4bbf-a34f-dee9d88fdb64,4,1,haply,mpc,seeded_random,593114440,persist_session,10.0,1785312723.883774,2810.945571962,0,1785312723.8735464,511,True,careful,fixed,0.08,0.08,0.0,-0.08,0.08,0.0,0.060543342,0.07935648000000001,0.0,-0.0651133,-0.13630095,0.2525166,-0.011539906,5.416813e-05,-0.0016675586,"[-12.578163038736859, 50.2660752387644, 0.0, 0.0, 0.0, 0.0, -23.51326782927071, 55.55321197541139]","[0.8393404053865149, -0.021985582900823794, 0.0]","{""Controller Type"": ""MPC Controller"", ""weight_comfort"": 1000.0, ""weight_trajectory"": 1000.0, ""weight_goal"": 100.0, ""Q"": [[1000.0, 0.0, 0.0, 0.0], [0.0, 0.0, 0.0, 0.0], [0.0, 0.0, 1000.0, 0.0], [0.0, 0.0, 0.0, 0.0]], ""R"": [[1000.0, 0.0], [0.0, 1000.0]], ""P"": [[100.0, 0.0, 0.0, 0.0], [0.0, 10000.0, 0.0, 0.0], [0.0, 0.0, 100.0, 0.0], [0.0, 0.0, 0.0, 10000.0]]}","[-0.02620377516704434, 0.000147183661866279, 0.0]",False
3,P01,8f99450e-b3b4-4bbf-a34f-dee9d88fdb64,4,1,haply,mpc,seeded_random,593114440,persist_session,10.0,1785312723.8938093,2810.955602856,0,1785312723.883711,512,True,careful,fixed,0.08,0.08,0.0,-0.08,0.08,0.0,0.060259062,0.07931307999999998,0.0,-0.0651133,-0.13630095,0.2525166,-0.011057296,-2.1743317e-05,-0.0016226482,"[-12.478135723161955, 50.22781146046284, 0.0, 0.0, 0.0, 0.0, -23.529223559071518, 55.58591021017816]","[0.3454366684125447, -0.253495773957376, 0.0]","{""Controller Type"": ""MPC Controller"", ""weight_comfort"": 1000.0, ""weight_trajectory"": 1000.0, ""weight_goal"": 100.0, ""Q"": [[1000.0, 0.0, 0.0, 0.0], [0.0, 0.0, 0.0, 0.0], [0.0, 0.0, 1000.0, 0.0], [0.0, 0.0, 0.0, 0.0]], ""R"": [[1000.0, 0.0], [0.0, 1000.0]], ""P"": [[100.0, 0.0, 0.0, 0.0], [0.0, 10000.0, 0.0, 0.0], [0.0, 0.0, 100.0, 0.0], [0.0, 0.0, 0.0, 10000.0]]}","[-0.02612802695979715, 0.0004352701630220641, 0.0]",False
3,P01,8f99450e-b3b4-4bbf-a34f-dee9d88fdb64,4,1,haply,mpc,seeded_random,593114440,persist_session,10.0,1785312723.9036465,2810.965445758,0,1785312723.8937361,513,True,careful,fixed,0.08,0.08,0.0,-0.08,0.08,0.0,0.060259062,0.07931307999999998,0.0,-0.0652082,-0.13632724,0.25249478,-0.0106171435,-6.804117e-05,-0.001574583,"[-12.58581905640393, 50.36829539519929, 0.0, 0.0, 0.0, 0.0, -23.52069910473174, 55.57990296646408]","[1.76527517535294, -0.01615683862902283, 0.0]","{""Controller Type"": ""MPC Controller"", ""weight_comfort"": 1000.0, ""weight_trajectory"": 1000.0, ""weight_goal"": 100.0, ""Q"": [[1000.0, 0.0, 0.0, 0.0], [0.0, 0.0, 0.0, 0.0], [0.0, 0.0, 1000.0, 0.0], [0.0, 0.0, 0.0, 0.0]], ""R"": [[1000.0, 0.0], [0.0, 1000.0]], ""P"": [[100.0, 0.0, 0.0, 0.0], [0.0, 10000.0, 0.0, 0.0], [0.0, 0.0, 100.0, 0.0], [0.0, 0.0, 0.0, 10000.0]]}","[-0.027983274161419776, 0.000152036278978334, 0.0]",False
3,P01,8f99450e-b3b4-4bbf-a34f-dee9d88fdb64,4,1,haply,mpc,seeded_random,593114440,persist_session,10.0,1785312723.913794,2810.975587654,0,1785312723.903971,514,True,careful,fixed,0.08,0.08,0.0,-0.08,0.08,0.0,0.05997436200000002,0.07926943999999997,0.0,-0.06526808,-0.13629963,0.25249422,-0.010214424,-9.043835e-05,-0.0015248365,"[-12.351246770377537, 50.28075734666407, 0.0, 0.0, 0.0, 0.0, -23.537800549968452, 55.614675044918094]","[0.3302095698902252, -0.25432953974573663, 0.0]","{""Controller Type"": ""MPC Controller"", ""weight_comfort"": 1000.0, ""weight_trajectory"": 1000.0, ""weight_goal"": 100.0, ""Q"": [[1000.0, 0.0, 0.0, 0.0], [0.0, 0.0, 0.0, 0.0], [0.0, 0.0, 1000.0, 0.0], [0.0, 0.0, 0.0, 0.0]], ""R"": [[1000.0, 0.0], [0.0, 1000.0]], ""P"": [[100.0, 0.0, 0.0, 0.0], [0.0, 10000.0, 0.0, 0.0], [0.0, 0.0, 100.0, 0.0], [0.0, 0.0, 0.0, 10000.0]]}","[-0.026690073187508274, 0.00045492264292958876, 0.0]",False
3,P01,8f99450e-b3b4-4bbf-a34f-dee9d88fdb64,4,1,haply,mpc,seeded_random,593114440,persist_session,10.0,1785312723.9237502,2810.985546421,0,1785312723.9138904,515,True,careful,fixed,0.08,0.08,0.0,-0.08,0.08,0.0,0.05979472199999998,0.07926832,0.0,-0.06528546,-0.13632426,0.25255466,-0.009790138,-0.00014594846,-0.0014430434,"[-12.365052842246154, 50.2913456942367, 0.0, 0.0, 0.0, 0.0, -23.52763885397654, 55.60587344815625]","[0.8177950050280832, -0.023493161873959632, 0.0]","{""Controller Type"": ""MPC Controller"", ""weight_comfort"": 1000.0, ""weight_trajectory"": 1000.0, ""weight_goal"": 100.0, ""Q"": [[1000.0, 0.0, 0.0, 0.0], [0.0, 0.0, 0.0, 0.0], [0.0, 0.0, 1000.0, 0.0], [0.0, 0.0, 0.0, 0.0]], ""R"": [[1000.0, 0.0], [0.0, 1000.0]], ""P"": [[100.0, 0.0, 0.0, 0.0], [0.0, 10000.0, 0.0, 0.0], [0.0, 0.0, 100.0, 0.0], [0.0, 0.0, 0.0, 10000.0]]}","[-0.027712866371681584, 0.00017593112882213034, 0.0]",False
3,P01,8f99450e-b3b4-4bbf-a34f-dee9d88fdb64,4,1,haply,mpc,seeded_random,593114440,persist_session,10.0,1785312723.9338186,2810.995613814,0,1785312723.9241004,516,True,careful,fixed,0.08,0.08,0.0,-0.08,0.08,0.0,0.05974258199999999,0.0793892,0.0,-0.065380275,-0.13635021,0.25253287,-0.009318048,-0.00020911521,-0.0013605966,"[-12.345953355813311, 50.26876738394636, 0.0, 0.0, 0.0, 0.0, -23.642821585697885, 55.892372642748434]","[1.4685459012758808, 0.647287208253805, 0.0]","{""Controller Type"": ""MPC Controller"", ""weight_comfort"": 1000.0, ""weight_trajectory"": 1000.0, ""weight_goal"": 100.0, ""Q"": [[1000.0, 0.0, 0.0, 0.0], [0.0, 0.0, 0.0, 0.0], [0.0, 0.0, 1000.0, 0.0], [0.0, 0.0, 0.0, 0.0]], ""R"": [[1000.0, 0.0], [0.0, 1000.0]], ""P"": [[100.0, 0.0, 0.0, 0.0], [0.0, 10000.0, 0.0, 0.0], [0.0, 0.0, 100.0, 0.0], [0.0, 0.0, 0.0, 10000.0]]}","[-0.02871881459250496, -0.0006779838709801525, 0.0]",False
3,P01,8f99450e-b3b4-4bbf-a34f-dee9d88fdb64,4,1,haply,mpc,seeded_random,593114440,persist_session,10.0,1785312723.9438078,2811.005597203,0,1785312723.9337726,517,True,careful,fixed,0.08,0.08,0.0,-0.08,0.08,0.0,0.059458136999999994,0.07934562000000006,0.0,-0.06544016,-0.13632254,0.25253227,-0.008640892,-0.00033423526,-0.0012751995,"[-12.145198846000321, 50.213309645774736, 0.0, 0.0, 0.0, 0.0, -23.79770956550506, 56.21329741331829]","[0.21704277968120622, -0.268853734735682, 0.0]","{""Controller Type"": ""MPC Controller"", ""weight_comfort"": 1000.0, ""weight_trajectory"": 1000.0, ""weight_goal"": 100.0, ""Q"": [[1000.0, 0.0, 0.0, 0.0], [0.0, 0.0, 0.0, 0.0], [0.0, 0.0, 1000.0, 0.0], [0.0, 0.0, 0.0, 0.0]], ""R"": [[1000.0, 0.0], [0.0, 1000.0]], ""P"": [[100.0, 0.0, 0.0, 0.0], [0.0, 10000.0, 0.0, 0.0], [0.0, 0.0, 100.0, 0.0], [0.0, 0.0, 0.0, 10000.0]]}","[-0.02760759409378921, 0.00047348237668279054, 0.0]",False
3,P01,8f99450e-b3b4-4bbf-a34f-dee9d88fdb64,4,1,haply,mpc,seeded_random,593114440,persist_session,10.0,1785312723.9538238,2811.015609444,0,1785312723.944073,518,True,careful,fixed,0.08,0.08,0.0,-0.08,0.08,0.0,0.05927848200000001,0.07934442000000003,0.0,-0.06553517,-0.13634862,0.25251046,-0.008122078,-0.00040583062,-0.001203877,"[-12.174184205742558, 50.23615081221848, 0.0, 0.0, 0.0, 0.0, -23.788221329285136, 56.20491073499617]","[0.8194050939016563, -0.022142974144391127, 0.0]","{""Controller Type"": ""MPC Controller"", ""weight_comfort"": 1000.0, ""weight_trajectory"": 1000.0, ""weight_goal"": 100.0, ""Q"": [[1000.0, 0.0, 0.0, 0.0], [0.0, 0.0, 0.0, 0.0], [0.0, 0.0, 1000.0, 0.0], [0.0, 0.0, 0.0, 0.0]], ""R"": [[1000.0, 0.0], [0.0, 1000.0]], ""P"": [[100.0, 0.0, 0.0, 0.0], [0.0, 10000.0, 0.0, 0.0], [0.0, 0.0, 100.0, 0.0], [0.0, 0.0, 0.0, 10000.0]]}","[-0.028832997308405283, 0.0001654669647849545, 0.0]",False
3,P01,8f99450e-b3b4-4bbf-a34f-dee9d88fdb64,4,1,haply,mpc,seeded_random,593114440,persist_session,10.0,1785312723.9638317,2811.025616113,0,1785312723.9538426,519,True,careful,fixed,0.08,0.08,0.0,-0.08,0.08,0.0,0.05899345199999999,0.0793008,0.0,-0.06559505,-0.13632089,0.2525099,-0.007746922,-0.00040704987,-0.0011746682,"[-12.071471064579569, 50.20767472980458, 0.0, 0.0, 0.0, 0.0, -23.807803538888834, 56.245128963863436]","[0.21304836884360157, -0.26777163206171173, 0.0]","{""Controller Type"": ""MPC Controller"", ""weight_comfort"": 1000.0, ""weight_trajectory"": 1000.0, ""weight_goal"": 100.0, ""Q"": [[1000.0, 0.0, 0.0, 0.0], [0.0, 0.0, 0.0, 0.0], [0.0, 0.0, 1000.0, 0.0], [0.0, 0.0, 0.0, 0.0]], ""R"": [[1000.0, 0.0], [0.0, 1000.0]], ""P"": [[100.0, 0.0, 0.0, 0.0], [0.0, 10000.0, 0.0, 0.0], [0.0, 0.0, 100.0, 0.0], [0.0, 0.0, 0.0, 10000.0]]}","[-0.028580911676620923, 0.0004996290869188337, 0.0]",False
3,P01,8f99450e-b3b4-4bbf-a34f-dee9d88fdb64,4,1,haply,mpc,seeded_random,593114440,persist_session,10.0,1785312723.973822,2811.035616678,0,1785312723.9638658,520,True,careful,fixed,0.08,0.08,0.0,-0.08,0.08,0.0,0.05881381199999999,0.07929968000000004,0.0,-0.06572514,-0.13640046,0.25246665,-0.0075748367,-0.00038840045,-0.0011713818,"[-12.099993929158956, 50.22968831518096, 0.0, 0.0, 0.0, 0.0, -23.797483748699495, 56.23618721552835]","[0.7794012638892868, -0.02294978019311918, 0.0]","{""Controller Type"": ""MPC Controller"", ""weight_comfort"": 1000.0, ""weight_trajectory"": 1000.0, ""weight_goal"": 100.0, ""Q"": [[1000.0, 0.0, 0.0, 0.0], [0.0, 0.0, 0.0, 0.0], [0.0, 0.0, 1000.0, 0.0], [0.0, 0.0, 0.0, 0.0]], ""R"": [[1000.0, 0.0], [0.0, 1000.0]], ""P"": [[100.0, 0.0, 0.0, 0.0], [0.0, 10000.0, 0.0, 0.0], [0.0, 0.0, 100.0, 0.0], [0.0, 0.0, 0.0, 10000.0]]}","[-0.029798551031285397, 0.0001825895562181126, 0.0]",False
3,P01,8f99450e-b3b4-4bbf-a34f-dee9d88fdb64,4,1,haply,mpc,seeded_random,593114440,persist_session,10.0,1785312723.9838305,2811.045622242,0,1785312723.9737892,521,True,careful,fixed,0.08,0.08,0.0,-0.08,0.08,0.0,0.058423541999999995,0.07921318000000005,0.0,-0.06578505,-0.13637264,0.25246608,-0.007522806,-0.00038594744,-0.0011838151,"[-11.986645562046412, 50.268526771823424, 0.0, 0.0, 0.0, 0.0, -23.869092752358426, 56.39139821762921]","[-0.31772790056761124, -0.5103286759313944, 0.0]","{""Controller Type"": ""MPC Controller"", ""weight_comfort"": 1000.0, ""weight_trajectory"": 1000.0, ""weight_goal"": 100.0, ""Q"": [[1000.0, 0.0, 0.0, 0.0], [0.0, 0.0, 0.0, 0.0], [0.0, 0.0, 1000.0, 0.0], [0.0, 0.0, 0.0, 0.0]], ""R"": [[1000.0, 0.0], [0.0, 1000.0]], ""P"": [[100.0, 0.0, 0.0, 0.0], [0.0, 10000.0, 0.0, 0.0], [0.0, 0.0, 100.0, 0.0], [0.0, 0.0, 0.0, 10000.0]]}","[-0.029017058818102962, 0.0008729913038683807, 0.0]",False
3,P01,8f99450e-b3b4-4bbf-a34f-dee9d88fdb64,4,1,haply,mpc,seeded_random,593114440,persist_session,10.0,1785312723.9939933,2811.055789806,0,1785312723.984054,522,True,careful,fixed,0.08,0.08,0.0,-0.08,0.08,0.0,0.058243812000000006,0.07921203999999998,0.0,-0.065957405,-0.13639505,0.25250405,-0.0074926615,-0.0003739867,-0.001191452,"[-12.096802793248353, 50.35581521456061, 0.0, 0.0, 0.0, 0.0, -23.84724271450494, 56.37289930480635]","[0.7906167333540791, -0.02505135502138142, 0.0]","{""Controller Type"": ""MPC Controller"", ""weight_comfort"": 1000.0, ""weight_trajectory"": 1000.0, ""weight_goal"": 100.0, ""Q"": [[1000.0, 0.0, 0.0, 0.0], [0.0, 0.0, 0.0, 0.0], [0.0, 0.0, 1000.0, 0.0], [0.0, 0.0, 0.0, 0.0]], ""R"": [[1000.0, 0.0], [0.0, 1000.0]], ""P"": [[100.0, 0.0, 0.0, 0.0], [0.0, 10000.0, 0.0, 0.0], [0.0, 0.0, 100.0, 0.0], [0.0, 0.0, 0.0, 10000.0]]}","[-0.031103992346627005, 0.0002139944103596931, 0.0]",False
3,P01,8f99450e-b3b4-4bbf-a34f-dee9d88fdb64,4,1,haply,mpc,seeded_random,593114440,persist_session,10.0,1785312724.0041194,2811.065910383,0,1785312723.993868,523,True,careful,fixed,0.08,0.08,0.0,-0.08,0.08,0.0,0.058243812000000006,0.07921203999999998,0.0,-0.0660525,-0.13642073,0.25248212,-0.00783715,-0.00032540722,-0.001180199,"[-12.107738787121157, 50.3706820548567, 0.0, 0.0, 0.0, 0.0, -23.84654559219142, 56.37241272067052]","[1.6738199646318854, -0.018790124064823582, 0.0]","{""Controller Type"": ""MPC Controller"", ""weight_comfort"": 1000.0, ""weight_trajectory"": 1000.0, ""weight_goal"": 100.0, ""Q"": [[1000.0, 0.0, 0.0, 0.0], [0.0, 0.0, 0.0, 0.0], [0.0, 0.0, 1000.0, 0.0], [0.0, 0.0, 0.0, 0.0]], ""R"": [[1000.0, 0.0], [0.0, 1000.0]], ""P"": [[100.0, 0.0, 0.0, 0.0], [0.0, 10000.0, 0.0, 0.0], [0.0, 0.0, 100.0, 0.0], [0.0, 0.0, 0.0, 10000.0]]}","[-0.03247142740294737, 0.00020532097818300814, 0.0]",False
3,P01,8f99450e-b3b4-4bbf-a34f-dee9d88fdb64,4,1,haply,mpc,seeded_random,593114440,persist_session,10.0,1785312724.0141733,2811.075971045,0,1785312724.0039933,524,True,careful,fixed,0.08,0.08,0.0,-0.08,0.08,0.0,0.05772674700000001,0.07928797999999998,0.0,-0.06620755,-0.13641837,0.25245956,-0.008298274,-0.00030578577,-0.001193695,"[-11.90873993904593, 50.659130874017336, 0.0, 0.0, 0.0, 0.0, -23.8911713484745, 56.489280579319434]","[-0.9468750509233488, 0.406665856259317, 0.0]","{""Controller Type"": ""MPC Controller"", ""weight_comfort"": 1000.0, ""weight_trajectory"": 1000.0, ""weight_goal"": 100.0, ""Q"": [[1000.0, 0.0, 0.0, 0.0], [0.0, 0.0, 0.0, 0.0], [0.0, 0.0, 1000.0, 0.0], [0.0, 0.0, 0.0, 0.0]], ""R"": [[1000.0, 0.0], [0.0, 1000.0]], ""P"": [[100.0, 0.0, 0.0, 0.0], [0.0, 10000.0, 0.0, 0.0], [0.0, 0.0, 100.0, 0.0], [0.0, 0.0, 0.0, 10000.0]]}","[-0.029573292032810426, -0.00041730815827634805, 0.0]",False
3,P01,8f99450e-b3b4-4bbf-a34f-dee9d88fdb64,4,1,haply,mpc,seeded_random,593114440,persist_session,10.0,1785312724.0239727,2811.085760909,0,1785312724.0139585,525,True,careful,fixed,0.08,0.08,0.0,-0.08,0.08,0.0,0.057441462,0.07924411999999997,0.0,-0.06630272,-0.13644397,0.25243753,-0.008759979,-0.00035866883,-0.0012440672,"[-12.052006962580402, 50.69896708938258, 0.0, 0.0, 0.0, 0.0, -23.99624901539505, 56.702455415966455]","[0.20502632900248452, -0.26770420899954595, 0.0]","{""Controller Type"": ""MPC Controller"", ""weight_comfort"": 1000.0, ""weight_trajectory"": 1000.0, ""weight_goal"": 100.0, ""Q"": [[1000.0, 0.0, 0.0, 0.0], [0.0, 0.0, 0.0, 0.0], [0.0, 0.0, 1000.0, 0.0], [0.0, 0.0, 0.0, 0.0]], ""R"": [[1000.0, 0.0], [0.0, 1000.0]], ""P"": [[100.0, 0.0, 0.0, 0.0], [0.0, 10000.0, 0.0, 0.0], [0.0, 0.0, 100.0, 0.0], [0.0, 0.0, 0.0, 10000.0]]}","[-0.032061963215299666, 0.0005769524689363155, 0.0]",False
3,P01,8f99450e-b3b4-4bbf-a34f-dee9d88fdb64,4,1,haply,mpc,seeded_random,593114440,persist_session,10.0,1785312724.0338798,2811.095667937,0,1785312724.0241988,526,True,careful,fixed,0.08,0.08,0.0,-0.08,0.08,0.0,0.05697631199999999,0.07919900000000007,0.0,-0.06645781,-0.13644134,0.25241488,-0.009292151,-0.0004935868,-0.0013419103,"[-12.000179711505673, 50.74653787265058, 0.0, 0.0, 0.0, 0.0, -23.965317633557042, 56.640175728771666]","[-0.6613399898595582, -0.26875928283965606, 0.0]","{""Controller Type"": ""MPC Controller"", ""weight_comfort"": 1000.0, ""weight_trajectory"": 1000.0, ""weight_goal"": 100.0, ""Q"": [[1000.0, 0.0, 0.0, 0.0], [0.0, 0.0, 0.0, 0.0], [0.0, 0.0, 1000.0, 0.0], [0.0, 0.0, 0.0, 0.0]], ""R"": [[1000.0, 0.0], [0.0, 1000.0]], ""P"": [[100.0, 0.0, 0.0, 0.0], [0.0, 10000.0, 0.0, 0.0], [0.0, 0.0, 100.0, 0.0], [0.0, 0.0, 0.0, 10000.0]]}","[-0.03171620113210172, 0.0006125005495718571, 0.0]",False
3,P01,8f99450e-b3b4-4bbf-a34f-dee9d88fdb64,4,1,haply,mpc,seeded_random,593114440,persist_session,10.0,1785312724.0437424,2811.105539286,0,1785312724.0339777,527,True,careful,fixed,0.08,0.08,0.0,-0.08,0.08,0.0,0.05669080200000001,0.07915494000000006,0.0,-0.06661301,-0.13643862,0.2523922,-0.009900814,-0.00046966365,-0.0014698148,"[-12.102097090913645, 50.771628157429596, 0.0, 0.0, 0.0, 0.0, -23.933752024260762, 56.576890578331714]","[0.17190130584143448, -0.2751373906811041, 0.0]","{""Controller Type"": ""MPC Controller"", ""weight_comfort"": 1000.0, ""weight_trajectory"": 1000.0, ""weight_goal"": 100.0, ""Q"": [[1000.0, 0.0, 0.0, 0.0], [0.0, 0.0, 0.0, 0.0], [0.0, 0.0, 1000.0, 0.0], [0.0, 0.0, 0.0, 0.0]], ""R"": [[1000.0, 0.0], [0.0, 1000.0]], ""P"": [[100.0, 0.0, 0.0, 0.0], [0.0, 10000.0, 0.0, 0.0], [0.0, 0.0, 100.0, 0.0], [0.0, 0.0, 0.0, 10000.0]]}","[-0.03381726659993056, 0.0006486206570780047, 0.0]",False
3,P01,8f99450e-b3b4-4bbf-a34f-dee9d88fdb64,4,1,haply,mpc,seeded_random,593114440,persist_session,10.0,1785312724.0538108,2811.115594471,0,1785312724.0436952,528,True,careful,fixed,0.08,0.08,0.0,-0.08,0.08,0.0,0.055759932,0.07906428000000004,0.0,-0.066768214,-0.13643572,0.2523695,-0.010429376,-0.00043673223,-0.0015896654,"[-12.096172309052022, 51.673697516464195, 0.0, 0.0, 0.0, 0.0, -23.92180092903911, 56.55121261173032]","[-3.307829182449689, -0.549983973078805, 0.0]","{""Controller Type"": ""MPC Controller"", ""weight_comfort"": 1000.0, ""weight_trajectory"": 1000.0, ""weight_goal"": 100.0, ""Q"": [[1000.0, 0.0, 0.0, 0.0], [0.0, 0.0, 0.0, 0.0], [0.0, 0.0, 1000.0, 0.0], [0.0, 0.0, 0.0, 0.0]], ""R"": [[1000.0, 0.0], [0.0, 1000.0]], ""P"": [[100.0, 0.0, 0.0, 0.0], [0.0, 10000.0, 0.0, 0.0], [0.0, 0.0, 100.0, 0.0], [0.0, 0.0, 0.0, 10000.0]]}","[-0.029832655811100374, 0.0011886329393852016, 0.0]",False
3,P01,8f99450e-b3b4-4bbf-a34f-dee9d88fdb64,4,1,haply,mpc,seeded_random,593114440,persist_session,10.0,1785312724.0638247,2811.125622113,0,1785312724.0539467,529,True,careful,fixed,0.08,0.08,0.0,-0.08,0.08,0.0,0.05529431999999998,0.07901888000000007,0.0,-0.06682813,-0.13640751,0.2523689,-0.010827133,-0.00042545205,-0.0016836292,"[-12.382882769335726, 51.4076417897181, 0.0, 0.0, 0.0, 0.0, -23.830044513649437, 56.37178375067626]","[-0.6595405478355996, -0.2730288162931276, 0.0]","{""Controller Type"": ""MPC Controller"", ""weight_comfort"": 1000.0, ""weight_trajectory"": 1000.0, ""weight_goal"": 100.0, ""Q"": [[1000.0, 0.0, 0.0, 0.0], [0.0, 0.0, 0.0, 0.0], [0.0, 0.0, 1000.0, 0.0], [0.0, 0.0, 0.0, 0.0]], ""R"": [[1000.0, 0.0], [0.0, 1000.0]], ""P"": [[100.0, 0.0, 0.0, 0.0], [0.0, 10000.0, 0.0, 0.0], [0.0, 0.0, 100.0, 0.0], [0.0, 0.0, 0.0, 10000.0]]}","[-0.035828838049022954, 0.0007633920710134663, 0.0]",False
3,P01,8f99450e-b3b4-4bbf-a34f-dee9d88fdb64,4,1,haply,mpc,seeded_random,593114440,persist_session,10.0,1785312724.0737598,2811.135555073,0,1785312724.0636044,530,True,careful,fixed,0.08,0.08,0.0,-0.08,0.08,0.0,0.055114572,0.07901768000000003,0.0,-0.06698334,-0.13640437,0.2523462,-0.011107661,-0.00039225866,-0.0017443824,"[-12.54198622740735, 51.530882689333275, 0.0, 0.0, 0.0, 0.0, -23.814628119255303, 56.35904557607927]","[0.7355104407044804, -0.03039643350465426, 0.0]","{""Controller Type"": ""MPC Controller"", ""weight_comfort"": 1000.0, ""weight_trajectory"": 1000.0, ""weight_goal"": 100.0, ""Q"": [[1000.0, 0.0, 0.0, 0.0], [0.0, 0.0, 0.0, 0.0], [0.0, 0.0, 1000.0, 0.0], [0.0, 0.0, 0.0, 0.0]], ""R"": [[1000.0, 0.0], [0.0, 1000.0]], ""P"": [[100.0, 0.0, 0.0, 0.0], [0.0, 10000.0, 0.0, 0.0], [0.0, 0.0, 100.0, 0.0], [0.0, 0.0, 0.0, 10000.0]]}","[-0.038993443886183234, 0.0003420874846332521, 0.0]",False
3,P01,8f99450e-b3b4-4bbf-a34f-dee9d88fdb64,4,1,haply,mpc,seeded_random,593114440,persist_session,10.0,1785312724.0837476,2811.14554241,0,1785312724.073865,531,True,careful,fixed,0.08,0.08,0.0,-0.08,0.08,0.0,0.05464894199999999,0.07897228000000006,0.0,-0.06707874,-0.13642947,0.252324,-0.011290044,-0.00035422159,-0.0017813637,"[-12.44400504467503, 51.6255241221743, 0.0, 0.0, 0.0, 0.0, -23.83270502209915, 56.39413051613037]","[-0.6672182727281064, -0.27402047314877503, 0.0]","{""Controller Type"": ""MPC Controller"", ""weight_comfort"": 1000.0, ""weight_trajectory"": 1000.0, ""weight_goal"": 100.0, ""Q"": [[1000.0, 0.0, 0.0, 0.0], [0.0, 0.0, 0.0, 0.0], [0.0, 0.0, 1000.0, 0.0], [0.0, 0.0, 0.0, 0.0]], ""R"": [[1000.0, 0.0], [0.0, 1000.0]], ""P"": [[100.0, 0.0, 0.0, 0.0], [0.0, 10000.0, 0.0, 0.0], [0.0, 0.0, 100.0, 0.0], [0.0, 0.0, 0.0, 10000.0]]}","[-0.03754403589810006, 0.0008199951433059249, 0.0]",False
3,P01,8f99450e-b3b4-4bbf-a34f-dee9d88fdb64,4,1,haply,mpc,seeded_random,593114440,persist_session,10.0,1785312724.093735,2811.155529477,0,1785312724.0835505,532,True,careful,fixed,0.08,0.08,0.0,-0.08,0.08,0.0,0.054362742000000006,0.07892788,0.0,-0.06723401,-0.13642605,0.2523012,-0.011470925,-0.00027540227,-0.0018018488,"[-12.541479224415045, 51.64849260843466, 0.0, 0.0, 0.0, 0.0, -23.798017470134116, 56.326881667805594]","[0.15893195318354048, -0.28372602037456207, 0.0]","{""Controller Type"": ""MPC Controller"", ""weight_comfort"": 1000.0, ""weight_trajectory"": 1000.0, ""weight_goal"": 100.0, ""Q"": [[1000.0, 0.0, 0.0, 0.0], [0.0, 0.0, 0.0, 0.0], [0.0, 0.0, 1000.0, 0.0], [0.0, 0.0, 0.0, 0.0]], ""R"": [[1000.0, 0.0], [0.0, 1000.0]], ""P"": [[100.0, 0.0, 0.0, 0.0], [0.0, 10000.0, 0.0, 0.0], [0.0, 0.0, 100.0, 0.0], [0.0, 0.0, 0.0, 10000.0]]}","[-0.04001951608569023, 0.0008719929727362866, 0.0]",False
3,P01,8f99450e-b3b4-4bbf-a34f-dee9d88fdb64,4,1,haply,mpc,seeded_random,593114440,persist_session,10.0,1785312724.1039293,2811.16570889,0,1785312724.0938013,533,True,careful,fixed,0.08,0.08,0.0,-0.08,0.08,0.0,0.05389693200000001,0.07888228000000003,0.0,-0.067353845,-0.13636918,0.25229993,-0.011657856,-0.0002070518,-0.0018227617,"[-12.498280085415688, 51.692176340155946, 0.0, 0.0, 0.0, 0.0, -23.760661606088156, 56.25532028974146]","[-0.6754783974204832, -0.2768056401641797, 0.0]","{""Controller Type"": ""MPC Controller"", ""weight_comfort"": 1000.0, ""weight_trajectory"": 1000.0, ""weight_goal"": 100.0, ""Q"": [[1000.0, 0.0, 0.0, 0.0], [0.0, 0.0, 0.0, 0.0], [0.0, 0.0, 1000.0, 0.0], [0.0, 0.0, 0.0, 0.0]], ""R"": [[1000.0, 0.0], [0.0, 1000.0]], ""P"": [[100.0, 0.0, 0.0, 0.0], [0.0, 10000.0, 0.0, 0.0], [0.0, 0.0, 100.0, 0.0], [0.0, 0.0, 0.0, 10000.0]]}","[-0.039631223758255195, 0.000907151166921613, 0.0]",False
3,P01,8f99450e-b3b4-4bbf-a34f-dee9d88fdb64,4,1,haply,mpc,seeded_random,593114440,persist_session,10.0,1785312724.1137187,2811.175505125,0,1785312724.1036983,534,True,careful,fixed,0.08,0.08,0.0,-0.08,0.08,0.0,0.05353742700000001,0.07887974000000003,0.0,-0.06744931,-0.13639413,0.25227767,-0.011838438,-0.00013142102,-0.0018382018,"[-12.563559720901043, 51.67797540200999, 0.0, 0.0, 0.0, 0.0, -23.742053337443224, 56.23823308633027]","[-0.19947981818695903, -0.04103045483570439, 0.0]","{""Controller Type"": ""MPC Controller"", ""weight_comfort"": 1000.0, ""weight_trajectory"": 1000.0, ""weight_goal"": 100.0, ""Q"": [[1000.0, 0.0, 0.0, 0.0], [0.0, 0.0, 0.0, 0.0], [0.0, 0.0, 1000.0, 0.0], [0.0, 0.0, 0.0, 0.0]], ""R"": [[1000.0, 0.0], [0.0, 1000.0]], ""P"": [[100.0, 0.0, 0.0, 0.0], [0.0, 10000.0, 0.0, 0.0], [0.0, 0.0, 100.0, 0.0], [0.0, 0.0, 0.0, 10000.0]]}","[-0.04171247018870799, 0.00045610705855194116, 0.0]",False
3,P01,8f99450e-b3b4-4bbf-a34f-dee9d88fdb64,4,1,haply,mpc,seeded_random,593114440,persist_session,10.0,1785312724.123933,2811.185730181,0,1785312724.1139145,535,True,careful,fixed,0.08,0.08,0.0,-0.08,0.08,0.0,0.053251032000000004,0.07883522000000004,0.0,-0.06756914,-0.13633707,0.25227645,-0.011946852,-7.580892e-05,-0.0018468809,"[-12.60215567439061, 51.69035438430455, 0.0, 0.0, 0.0, 0.0, -23.758692512281055, 56.2697678373298]","[0.23019808560107724, -0.2728843161059533, 0.0]","{""Controller Type"": ""MPC Controller"", ""weight_comfort"": 1000.0, ""weight_trajectory"": 1000.0, ""weight_goal"": 100.0, ""Q"": [[1000.0, 0.0, 0.0, 0.0], [0.0, 0.0, 0.0, 0.0], [0.0, 0.0, 1000.0, 0.0], [0.0, 0.0, 0.0, 0.0]], ""R"": [[1000.0, 0.0], [0.0, 1000.0]], ""P"": [[100.0, 0.0, 0.0, 0.0], [0.0, 10000.0, 0.0, 0.0], [0.0, 0.0, 100.0, 0.0], [0.0, 0.0, 0.0, 10000.0]]}","[-0.04355307396039297, 0.0009633103613594177, 0.0]",False
3,P01,8f99450e-b3b4-4bbf-a34f-dee9d88fdb64,4,1,haply,mpc,seeded_random,593114440,persist_session,10.0,1785312724.1339016,2811.195697463,0,1785312724.1235669,536,True,careful,fixed,0.08,0.08,0.0,-0.08,0.08,0.0,0.052891542,0.07883277999999999,0.0,-0.06772452,-0.13633324,0.25225356,-0.012103716,1.5371163e-05,-0.001850888,"[-12.562772894816096, 51.702462909976205, 0.0, 0.0, 0.0, 0.0, -23.739158550797484, 56.25205536881481]","[-0.25610367116438093, -0.041928636843857725, 0.0]","{""Controller Type"": ""MPC Controller"", ""weight_comfort"": 1000.0, ""weight_trajectory"": 1000.0, ""weight_goal"": 100.0, ""Q"": [[1000.0, 0.0, 0.0, 0.0], [0.0, 0.0, 0.0, 0.0], [0.0, 0.0, 1000.0, 0.0], [0.0, 0.0, 0.0, 0.0]], ""R"": [[1000.0, 0.0], [0.0, 1000.0]], ""P"": [[100.0, 0.0, 0.0, 0.0], [0.0, 10000.0, 0.0, 0.0], [0.0, 0.0, 100.0, 0.0], [0.0, 0.0, 0.0, 10000.0]]}","[-0.04359286586887988, 0.0004988131656328887, 0.0]",False
3,P01,8f99450e-b3b4-4bbf-a34f-dee9d88fdb64,4,1,haply,mpc,seeded_random,593114440,persist_session,10.0,1785312724.1438289,2811.205627933,0,1785312724.1340206,537,True,careful,fixed,0.08,0.08,0.0,-0.08,0.08,0.0,0.05242540200000001,0.078787,0.0,-0.06784429,-0.13627598,0.2522523,-0.012162692,0.0002569597,-0.0017934164,"[-12.559852479290987, 51.70539036857757, 0.0, 0.0, 0.0, 0.0, -23.754992041584515, 56.28187267124003]","[-0.6423466904452484, -0.27529058709448495, 0.0]","{""Controller Type"": ""MPC Controller"", ""weight_comfort"": 1000.0, ""weight_trajectory"": 1000.0, ""weight_goal"": 100.0, ""Q"": [[1000.0, 0.0, 0.0, 0.0], [0.0, 0.0, 0.0, 0.0], [0.0, 0.0, 1000.0, 0.0], [0.0, 0.0, 0.0, 0.0]], ""R"": [[1000.0, 0.0], [0.0, 1000.0]], ""P"": [[100.0, 0.0, 0.0, 0.0], [0.0, 10000.0, 0.0, 0.0], [0.0, 0.0, 100.0, 0.0], [0.0, 0.0, 0.0, 10000.0]]}","[-0.04416467748070714, 0.0010522051587851123, 0.0]",False
3,P01,8f99450e-b3b4-4bbf-a34f-dee9d88fdb64,4,1,haply,mpc,seeded_random,593114440,persist_session,10.0,1785312724.1538317,2811.215627419,0,1785312724.143672,538,True,careful,fixed,0.08,0.08,0.0,-0.08,0.08,0.0,0.052066091999999994,0.07878447999999999,0.0,-0.068017565,-0.13629636,0.25228986,-0.012222103,0.00049267843,-0.001737176,"[-12.616562003339608, 51.68723769912974, 0.0, 0.0, 0.0, 0.0, -23.73434908383459, 56.263200335984955]","[-0.2580290946042978, -0.04353997680075633, 0.0]","{""Controller Type"": ""MPC Controller"", ""weight_comfort"": 1000.0, ""weight_trajectory"": 1000.0, ""weight_goal"": 100.0, ""Q"": [[1000.0, 0.0, 0.0, 0.0], [0.0, 0.0, 0.0, 0.0], [0.0, 0.0, 1000.0, 0.0], [0.0, 0.0, 0.0, 0.0]], ""R"": [[1000.0, 0.0], [0.0, 1000.0]], ""P"": [[100.0, 0.0, 0.0, 0.0], [0.0, 10000.0, 0.0, 0.0], [0.0, 0.0, 100.0, 0.0], [0.0, 0.0, 0.0, 10000.0]]}","[-0.046265308133773116, 0.0005548024957941821, 0.0]",False
3,P01,8f99450e-b3b4-4bbf-a34f-dee9d88fdb64,4,1,haply,mpc,seeded_random,593114440,persist_session,10.0,1785312724.1637712,2811.225564648,0,1785312724.1539125,539,True,careful,fixed,0.08,0.08,0.0,-0.08,0.08,0.0,0.05154626699999999,0.07885959999999997,0.0,-0.0681373,-0.13623889,0.2522886,-0.012332397,0.0006855793,-0.0016115892,"[-12.60211767906386, 51.71387532363098, 0.0, 0.0, 0.0, 0.0, -23.778288501482148, 56.38851858557546]","[-0.9673076843701309, 0.386523476568837, 0.0]","{""Controller Type"": ""MPC Controller"", ""weight_comfort"": 1000.0, ""weight_trajectory"": 1000.0, ""weight_goal"": 100.0, ""Q"": [[1000.0, 0.0, 0.0, 0.0], [0.0, 0.0, 0.0, 0.0], [0.0, 0.0, 1000.0, 0.0], [0.0, 0.0, 0.0, 0.0]], ""R"": [[1000.0, 0.0], [0.0, 1000.0]], ""P"": [[100.0, 0.0, 0.0, 0.0], [0.0, 10000.0, 0.0, 0.0], [0.0, 0.0, 100.0, 0.0], [0.0, 0.0, 0.0, 10000.0]]}","[-0.046213791021615526, -0.0004731095688359818, 0.0]",False
3,P01,8f99450e-b3b4-4bbf-a34f-dee9d88fdb64,4,1,haply,mpc,seeded_random,593114440,persist_session,10.0,1785312724.1737607,2811.235558528,0,1785312724.163781,540,True,careful,fixed,0.08,0.08,0.0,-0.08,0.08,0.0,0.051187062000000005,0.07885707999999997,0.0,-0.068232864,-0.13626322,0.25226623,-0.012465379,0.00084610237,-0.001490173,"[-12.695016536171677, 51.68941238044809, 0.0, 0.0, 0.0, 0.0, -23.80875840086876, 56.416268059241844]","[-0.21605092040483753, -0.041618019319649556, 0.0]","{""Controller Type"": ""MPC Controller"", ""weight_comfort"": 1000.0, ""weight_trajectory"": 1000.0, ""weight_goal"": 100.0, ""Q"": [[1000.0, 0.0, 0.0, 0.0], [0.0, 0.0, 0.0, 0.0], [0.0, 0.0, 1000.0, 0.0], [0.0, 0.0, 0.0, 0.0]], ""R"": [[1000.0, 0.0], [0.0, 1000.0]], ""P"": [[100.0, 0.0, 0.0, 0.0], [0.0, 10000.0, 0.0, 0.0], [0.0, 0.0, 100.0, 0.0], [0.0, 0.0, 0.0, 10000.0]]}","[-0.049396530575767546, 0.0005611527474442337, 0.0]",False
3,P01,8f99450e-b3b4-4bbf-a34f-dee9d88fdb64,4,1,haply,mpc,seeded_random,593114440,persist_session,10.0,1785312724.18379,2811.245584646,0,1785312724.1738539,541,True,careful,fixed,0.08,0.08,0.0,-0.08,0.08,0.0,0.050900369999999986,0.07881233999999998,0.0,-0.068352565,-0.13620555,0.25226498,-0.012544932,0.0009907569,-0.0013921742,"[-12.732769436113726, 51.70054823210108, 0.0, 0.0, 0.0, 0.0, -23.82724773573266, 56.45128302474581]","[0.19524480743925743, -0.2790326911490231, 0.0]","{""Controller Type"": ""MPC Controller"", ""weight_comfort"": 1000.0, ""weight_trajectory"": 1000.0, ""weight_goal"": 100.0, ""Q"": [[1000.0, 0.0, 0.0, 0.0], [0.0, 0.0, 0.0, 0.0], [0.0, 0.0, 1000.0, 0.0], [0.0, 0.0, 0.0, 0.0]], ""R"": [[1000.0, 0.0], [0.0, 1000.0]], ""P"": [[100.0, 0.0, 0.0, 0.0], [0.0, 10000.0, 0.0, 0.0], [0.0, 0.0, 100.0, 0.0], [0.0, 0.0, 0.0, 10000.0]]}","[-0.05154361338578371, 0.001186054589807592, 0.0]",False
3,P01,8f99450e-b3b4-4bbf-a34f-dee9d88fdb64,4,1,haply,mpc,seeded_random,593114440,persist_session,10.0,1785312724.193815,2811.255597531,0,1785312724.1841047,542,True,careful,fixed,0.08,0.08,0.0,-0.08,0.08,0.0,0.05054126699999999,0.07880984000000008,0.0,-0.06847223,-0.1361478,0.2522637,-0.012594587,0.0011179558,-0.0013154178,"[-12.705324193250325, 51.705269106207254, 0.0, 0.0, 0.0, 0.0, -23.807590149131766, 56.43371271800304]","[-0.1527534052395214, -0.04209807832053236, 0.0]","{""Controller Type"": ""MPC Controller"", ""weight_comfort"": 1000.0, ""weight_trajectory"": 1000.0, ""weight_goal"": 100.0, ""Q"": [[1000.0, 0.0, 0.0, 0.0], [0.0, 0.0, 0.0, 0.0], [0.0, 0.0, 1000.0, 0.0], [0.0, 0.0, 0.0, 0.0]], ""R"": [[1000.0, 0.0], [0.0, 1000.0]], ""P"": [[100.0, 0.0, 0.0, 0.0], [0.0, 10000.0, 0.0, 0.0], [0.0, 0.0, 100.0, 0.0], [0.0, 0.0, 0.0, 10000.0]]}","[-0.051937117932488334, 0.0006121879112652021, 0.0]",False
3,P01,8f99450e-b3b4-4bbf-a34f-dee9d88fdb64,4,1,haply,mpc,seeded_random,593114440,persist_session,10.0,1785312724.2038102,2811.265605455,0,1785312724.1936104,543,True,careful,fixed,0.08,0.08,0.0,-0.08,0.08,0.0,0.050182272000000014,0.07880727999999998,0.0,-0.06858585,-0.13619642,0.25230187,-0.012538767,0.0012655676,-0.0012795504,"[-12.705903382321209, 51.7050308277192, 0.0, 0.0, 0.0, 0.0, -23.805773862970288, 56.432056140431875]","[-0.2986136801097612, -0.04359138003714862, 0.0]","{""Controller Type"": ""MPC Controller"", ""weight_comfort"": 1000.0, ""weight_trajectory"": 1000.0, ""weight_goal"": 100.0, ""Q"": [[1000.0, 0.0, 0.0, 0.0], [0.0, 0.0, 0.0, 0.0], [0.0, 0.0, 1000.0, 0.0], [0.0, 0.0, 0.0, 0.0]], ""R"": [[1000.0, 0.0], [0.0, 1000.0]], ""P"": [[100.0, 0.0, 0.0, 0.0], [0.0, 10000.0, 0.0, 0.0], [0.0, 0.0, 100.0, 0.0], [0.0, 0.0, 0.0, 10000.0]]}","[-0.05288167707048095, 0.0006351195674615933, 0.0]",False
3,P01,8f99450e-b3b4-4bbf-a34f-dee9d88fdb64,4,1,haply,mpc,seeded_random,593114440,persist_session,10.0,1785312724.213696,2811.275480178,0,1785312724.2039683,544,True,careful,fixed,0.08,0.08,0.0,-0.08,0.08,0.0,0.04984141199999999,0.07888361999999999,0.0,-0.06870551,-0.13613848,0.2523006,-0.012461444,0.0013804331,-0.0011269775,"[-12.735750077565523, 51.70444178487249, 0.0, 0.0, 0.0, 0.0, -23.850157339396414, 56.558025044685145]","[-0.047880217683286874, 0.39022097975212033, 0.0]","{""Controller Type"": ""MPC Controller"", ""weight_comfort"": 1000.0, ""weight_trajectory"": 1000.0, ""weight_goal"": 100.0, ""Q"": [[1000.0, 0.0, 0.0, 0.0], [0.0, 0.0, 0.0, 0.0], [0.0, 0.0, 1000.0, 0.0], [0.0, 0.0, 0.0, 0.0]], ""R"": [[1000.0, 0.0], [0.0, 1000.0]], ""P"": [[100.0, 0.0, 0.0, 0.0], [0.0, 10000.0, 0.0, 0.0], [0.0, 0.0, 100.0, 0.0], [0.0, 0.0, 0.0, 10000.0]]}","[-0.05493274605736853, -0.0005599997181205123, 0.0]",False
3,P01,8f99450e-b3b4-4bbf-a34f-dee9d88fdb64,4,1,haply,mpc,seeded_random,593114440,persist_session,10.0,1785312724.223689,2811.285479881,0,1785312724.2139592,545,True,careful,fixed,0.08,0.08,0.0,-0.08,0.08,0.0,0.04948243200000001,0.07888107999999999,0.0,-0.06887906,-0.1361579,0.25233802,-0.012517959,0.0014029334,-0.0007418379,"[-12.730718643485233, 51.70580170255142, 0.0, 0.0, 0.0, 0.0, -23.88053017671241, 56.58572236377644]","[-0.20941539749105464, -0.04110622344334931, 0.0]","{""Controller Type"": ""MPC Controller"", ""weight_comfort"": 1000.0, ""weight_trajectory"": 1000.0, ""weight_goal"": 100.0, ""Q"": [[1000.0, 0.0, 0.0, 0.0], [0.0, 0.0, 0.0, 0.0], [0.0, 0.0, 1000.0, 0.0], [0.0, 0.0, 0.0, 0.0]], ""R"": [[1000.0, 0.0], [0.0, 1000.0]], ""P"": [[100.0, 0.0, 0.0, 0.0], [0.0, 10000.0, 0.0, 0.0], [0.0, 0.0, 100.0, 0.0], [0.0, 0.0, 0.0, 10000.0]]}","[-0.055884174406260055, 0.0006303806817440609, 0.0]",False
3,P01,8f99450e-b3b4-4bbf-a34f-dee9d88fdb64,4,1,haply,mpc,seeded_random,593114440,persist_session,10.0,1785312724.2338755,2811.295665661,0,1785312724.2240129,546,True,careful,fixed,0.08,0.08,0.0,-0.08,0.08,0.0,0.04896178199999998,0.07895592000000001,0.0,-0.06893888,-0.13612883,0.2523374,-0.0125894975,0.0014025408,-0.00034490423,"[-12.711306103861709, 51.750929083180026, 0.0, 0.0, 0.0, 0.0, -23.92944379267564, 56.72239163563244]","[-1.0407651486133973, 0.39726142567568423, 0.0]","{""Controller Type"": ""MPC Controller"", ""weight_comfort"": 1000.0, ""weight_trajectory"": 1000.0, ""weight_goal"": 100.0, ""Q"": [[1000.0, 0.0, 0.0, 0.0], [0.0, 0.0, 0.0, 0.0], [0.0, 0.0, 1000.0, 0.0], [0.0, 0.0, 0.0, 0.0]], ""R"": [[1000.0, 0.0], [0.0, 1000.0]], ""P"": [[100.0, 0.0, 0.0, 0.0], [0.0, 10000.0, 0.0, 0.0], [0.0, 0.0, 100.0, 0.0], [0.0, 0.0, 0.0, 10000.0]]}","[-0.05538679407651405, -0.0006527130249742616, 0.0]",False
3,P01,8f99450e-b3b4-4bbf-a34f-dee9d88fdb64,4,1,haply,mpc,seeded_random,593114440,persist_session,10.0,1785312724.2436795,2811.305474283,0,1785312724.2339995,547,True,careful,fixed,0.08,0.08,0.0,-0.08,0.08,0.0,0.04878232200000002,0.07895468,0.0,-0.06911248,-0.13614789,0.2523749,-0.012653823,0.0014423685,-5.197416e-05,"[-12.905866161614254, 51.91999492104759, 0.0, 0.0, 0.0, 0.0, -23.956379330500166, 56.74423167899527]","[0.7290445999339347, -0.032087780911672574, 0.0]","{""Controller Type"": ""MPC Controller"", ""weight_comfort"": 1000.0, ""weight_trajectory"": 1000.0, ""weight_goal"": 100.0, ""Q"": [[1000.0, 0.0, 0.0, 0.0], [0.0, 0.0, 0.0, 0.0], [0.0, 0.0, 1000.0, 0.0], [0.0, 0.0, 0.0, 0.0]], ""R"": [[1000.0, 0.0], [0.0, 1000.0]], ""P"": [[100.0, 0.0, 0.0, 0.0], [0.0, 10000.0, 0.0, 0.0], [0.0, 0.0, 100.0, 0.0], [0.0, 0.0, 0.0, 10000.0]]}","[-0.06174963466534882, 0.0006038444910844223, 0.0]",False
3,P01,8f99450e-b3b4-4bbf-a34f-dee9d88fdb64,4,1,haply,mpc,seeded_random,593114440,persist_session,10.0,1785312724.2537296,2811.315517777,0,1785312724.2438076,548,True,careful,fixed,0.08,0.08,0.0,-0.08,0.08,0.0,0.04826152199999999,0.07902968000000005,0.0,-0.069250084,-0.13611382,0.25243416,-0.012670782,0.0014987179,0.00022026563,"[-12.82274386634685, 52.14393570089814, 0.0, 0.0, 0.0, 0.0, -24.009941484417094, 56.8911877574292]","[-1.124134894092966, 0.4117364678369848, 0.0]","{""Controller Type"": ""MPC Controller"", ""weight_comfort"": 1000.0, ""weight_trajectory"": 1000.0, ""weight_goal"": 100.0, ""Q"": [[1000.0, 0.0, 0.0, 0.0], [0.0, 0.0, 0.0, 0.0], [0.0, 0.0, 1000.0, 0.0], [0.0, 0.0, 0.0, 0.0]], ""R"": [[1000.0, 0.0], [0.0, 1000.0]], ""P"": [[100.0, 0.0, 0.0, 0.0], [0.0, 10000.0, 0.0, 0.0], [0.0, 0.0, 100.0, 0.0], [0.0, 0.0, 0.0, 10000.0]]}","[-0.057974517659408864, -0.0007684430671444918, 0.0]",False
3,P01,8f99450e-b3b4-4bbf-a34f-dee9d88fdb64,4,1,haply,mpc,seeded_random,593114440,persist_session,10.0,1785312724.2637017,2811.325500109,0,1785312724.25396,549,True,careful,fixed,0.08,0.08,0.0,-0.08,0.08,0.0,0.04784870999999999,0.07914820000000006,0.0,-0.06930988,-0.1360846,0.25243348,-0.012695845,0.0015119349,0.0005316704,"[-12.902705895452868, 52.08208978580781, 0.0, 0.0, 0.0, 0.0, -23.951992875923544, 56.742743219747496]","[-0.4681550802014691, 0.6420213277348475, 0.0]","{""Controller Type"": ""MPC Controller"", ""weight_comfort"": 1000.0, ""weight_trajectory"": 1000.0, ""weight_goal"": 100.0, ""Q"": [[1000.0, 0.0, 0.0, 0.0], [0.0, 0.0, 0.0, 0.0], [0.0, 0.0, 1000.0, 0.0], [0.0, 0.0, 0.0, 0.0]], ""R"": [[1000.0, 0.0], [0.0, 1000.0]], ""P"": [[100.0, 0.0, 0.0, 0.0], [0.0, 10000.0, 0.0, 0.0], [0.0, 0.0, 100.0, 0.0], [0.0, 0.0, 0.0, 10000.0]]}","[-0.061930425329934445, -0.0015907349605864946, 0.0]",False
3,P01,8f99450e-b3b4-4bbf-a34f-dee9d88fdb64,4,1,haply,mpc,seeded_random,593114440,persist_session,10.0,1785312724.273729,2811.335530618,0,1785312724.263852,550,True,careful,fixed,0.08,0.08,0.0,-0.08,0.08,0.0,0.047669321999999986,0.07914684,0.0,-0.06954346,-0.13607404,0.25247034,-0.012730729,0.0015462971,0.0008029997,"[-13.015486243315559, 52.18029722563029, 0.0, 0.0, 0.0, 0.0, -23.988694607391572, 56.77380125329344]","[0.715405396267811, -0.028271741837918044, 0.0]","{""Controller Type"": ""MPC Controller"", ""weight_comfort"": 1000.0, ""weight_trajectory"": 1000.0, ""weight_goal"": 100.0, ""Q"": [[1000.0, 0.0, 0.0, 0.0], [0.0, 0.0, 0.0, 0.0], [0.0, 0.0, 1000.0, 0.0], [0.0, 0.0, 0.0, 0.0]], ""R"": [[1000.0, 0.0], [0.0, 1000.0]], ""P"": [[100.0, 0.0, 0.0, 0.0], [0.0, 10000.0, 0.0, 0.0], [0.0, 0.0, 100.0, 0.0], [0.0, 0.0, 0.0, 10000.0]]}","[-0.06683889710829458, 0.0005451840412978846, 0.0]",False
3,P01,8f99450e-b3b4-4bbf-a34f-dee9d88fdb64,4,1,haply,mpc,seeded_random,593114440,persist_session,10.0,1785312724.2837582,2811.345550611,0,1785312724.2736883,551,True,careful,fixed,0.08,0.08,0.0,-0.08,0.08,0.0,0.046968581999999995,0.07922056000000005,0.0,-0.069621295,-0.13606893,0.2525303,-0.012857824,0.0014873449,0.0012774423,"[-12.976198318423664, 52.75134174010496, 0.0, 0.0, 0.0, 0.0, -24.041825958148273, 56.91529260061142]","[-2.110395048495741, 0.40781733397011, 0.0]","{""Controller Type"": ""MPC Controller"", ""weight_comfort"": 1000.0, ""weight_trajectory"": 1000.0, ""weight_goal"": 100.0, ""Q"": [[1000.0, 0.0, 0.0, 0.0], [0.0, 0.0, 0.0, 0.0], [0.0, 0.0, 1000.0, 0.0], [0.0, 0.0, 0.0, 0.0]], ""R"": [[1000.0, 0.0], [0.0, 1000.0]], ""P"": [[100.0, 0.0, 0.0, 0.0], [0.0, 10000.0, 0.0, 0.0], [0.0, 0.0, 100.0, 0.0], [0.0, 0.0, 0.0, 10000.0]]}","[-0.06000636923927976, -0.0009454103700725374, 0.0]",False
3,P01,8f99450e-b3b4-4bbf-a34f-dee9d88fdb64,4,1,haply,mpc,seeded_random,593114440,persist_session,10.0,1785312724.2936885,2811.355488336,0,1785312724.2839408,552,True,careful,fixed,0.08,0.08,0.0,-0.08,0.08,0.0,0.046735077,0.07934047999999999,0.0,-0.06975891,-0.13603435,0.2525896,-0.012985722,0.0013887525,0.0017647151,"[-13.258452020011333, 52.93079303926912, 0.0, 0.0, 0.0, 0.0, -23.983558615875577, 56.768963930347134]","[0.47478700920803174, 0.6481911675529979, 0.0]","{""Controller Type"": ""MPC Controller"", ""weight_comfort"": 1000.0, ""weight_trajectory"": 1000.0, ""weight_goal"": 100.0, ""Q"": [[1000.0, 0.0, 0.0, 0.0], [0.0, 0.0, 0.0, 0.0], [0.0, 0.0, 1000.0, 0.0], [0.0, 0.0, 0.0, 0.0]], ""R"": [[1000.0, 0.0], [0.0, 1000.0]], ""P"": [[100.0, 0.0, 0.0, 0.0], [0.0, 10000.0, 0.0, 0.0], [0.0, 0.0, 100.0, 0.0], [0.0, 0.0, 0.0, 10000.0]]}","[-0.07052994870204725, -0.0018688252809426866, 0.0]",False
3,P01,8f99450e-b3b4-4bbf-a34f-dee9d88fdb64,4,1,haply,mpc,seeded_random,593114440,persist_session,10.0,1785312724.303682,2811.365474409,0,1785312724.2936053,553,True,careful,fixed,0.08,0.08,0.0,-0.08,0.08,0.0,0.04632223200000002,0.07945908000000007,0.0,-0.06987844,-0.13597545,0.2525883,-0.013126843,0.001320395,0.0021474785,"[-13.194890484731513, 52.999824237060885, 0.0, 0.0, 0.0, 0.0, -23.821857412563137, 56.36866041367593]","[-0.597213092554298, 0.6788519344496463, 0.0]","{""Controller Type"": ""MPC Controller"", ""weight_comfort"": 1000.0, ""weight_trajectory"": 1000.0, ""weight_goal"": 100.0, ""Q"": [[1000.0, 0.0, 0.0, 0.0], [0.0, 0.0, 0.0, 0.0], [0.0, 0.0, 1000.0, 0.0], [0.0, 0.0, 0.0, 0.0]], ""R"": [[1000.0, 0.0], [0.0, 1000.0]], ""P"": [[100.0, 0.0, 0.0, 0.0], [0.0, 10000.0, 0.0, 0.0], [0.0, 0.0, 100.0, 0.0], [0.0, 0.0, 0.0, 10000.0]]}","[-0.06857333957857119, -0.0021285238844297163, 0.0]",False
3,P01,8f99450e-b3b4-4bbf-a34f-dee9d88fdb64,4,1,haply,mpc,seeded_random,593114440,persist_session,10.0,1785312724.313843,2811.375637785,0,1785312724.3040912,554,True,careful,fixed,0.08,0.08,0.0,-0.08,0.08,0.0,0.045963642,0.07945648,0.0,-0.07011204,-0.13596392,0.25262514,-0.013204834,0.0013316256,0.0024389257,"[-13.245277337413516, 52.99093044095122, 0.0, 0.0, 0.0, 0.0, -23.849852892486556, 56.39855001031233]","[-0.14372821645568923, -0.02694702261287147, 0.0]","{""Controller Type"": ""MPC Controller"", ""weight_comfort"": 1000.0, ""weight_trajectory"": 1000.0, ""weight_goal"": 100.0, ""Q"": [[1000.0, 0.0, 0.0, 0.0], [0.0, 0.0, 0.0, 0.0], [0.0, 0.0, 1000.0, 0.0], [0.0, 0.0, 0.0, 0.0]], ""R"": [[1000.0, 0.0], [0.0, 1000.0]], ""P"": [[100.0, 0.0, 0.0, 0.0], [0.0, 10000.0, 0.0, 0.0], [0.0, 0.0, 100.0, 0.0], [0.0, 0.0, 0.0, 10000.0]]}","[-0.07210972861044362, 0.00043130176705014604, 0.0]",False
3,P01,8f99450e-b3b4-4bbf-a34f-dee9d88fdb64,4,1,haply,mpc,seeded_random,593114440,persist_session,10.0,1785312724.323832,2811.385622518,0,1785312724.3138812,555,True,careful,fixed,0.08,0.08,0.0,-0.08,0.08,0.0,0.045262842,0.07953016000000007,0.0,-0.070267946,-0.1359576,0.2526019,-0.013243877,0.0014216864,0.0026033863,"[-13.229905800186241, 53.286681543405, 0.0, 0.0, 0.0, 0.0, -23.909010215383805, 56.5482112835226]","[-2.1572400893802826, 0.4143535334410144, 0.0]","{""Controller Type"": ""MPC Controller"", ""weight_comfort"": 1000.0, ""weight_trajectory"": 1000.0, ""weight_goal"": 100.0, ""Q"": [[1000.0, 0.0, 0.0, 0.0], [0.0, 0.0, 0.0, 0.0], [0.0, 0.0, 1000.0, 0.0], [0.0, 0.0, 0.0, 0.0]], ""R"": [[1000.0, 0.0], [0.0, 1000.0]], ""P"": [[100.0, 0.0, 0.0, 0.0], [0.0, 10000.0, 0.0, 0.0], [0.0, 0.0, 100.0, 0.0], [0.0, 0.0, 0.0, 10000.0]]}","[-0.06749267769645899, -0.0013178736217868592, 0.0]",False
3,P01,8f99450e-b3b4-4bbf-a34f-dee9d88fdb64,4,1,haply,mpc,seeded_random,593114440,persist_session,10.0,1785312724.3339229,2811.395705561,0,1785312724.324273,556,True,careful,fixed,0.08,0.08,0.0,-0.08,0.08,0.0,0.044795124000000006,0.07948368,0.0,-0.070267946,-0.1359576,0.2526019,-0.013243877,0.0014216864,0.0026033863,"[-13.359361552143904, 53.09693009138438, 0.0, 0.0, 0.0, 0.0, -24.015519720313648, 56.77287767648535]","[-0.7225885646672641, -0.26632731983350516, 0.0]","{""Controller Type"": ""MPC Controller"", ""weight_comfort"": 1000.0, ""weight_trajectory"": 1000.0, ""weight_goal"": 100.0, ""Q"": [[1000.0, 0.0, 0.0, 0.0], [0.0, 0.0, 0.0, 0.0], [0.0, 0.0, 1000.0, 0.0], [0.0, 0.0, 0.0, 0.0]], ""R"": [[1000.0, 0.0], [0.0, 1000.0]], ""P"": [[100.0, 0.0, 0.0, 0.0], [0.0, 10000.0, 0.0, 0.0], [0.0, 0.0, 100.0, 0.0], [0.0, 0.0, 0.0, 10000.0]]}","[-0.07581395087351539, 0.001421933924683356, 0.0]",False
3,P01,8f99450e-b3b4-4bbf-a34f-dee9d88fdb64,4,1,haply,mpc,seeded_random,593114440,persist_session,10.0,1785312724.3438816,2811.405659181,0,1785312724.333994,557,True,careful,fixed,0.08,0.08,0.0,-0.08,0.08,0.0,0.044795124000000006,0.07948368,0.0,-0.07057957,-0.13593979,0.25269878,-0.013680263,0.0016853983,0.0027177874,"[-13.627768858498726, 53.521371685151664, 0.0, 0.0, 0.0, 0.0, -24.007163630527, 56.76727703170415]","[1.700679104539687, -0.012395378725713717, 0.0]","{""Controller Type"": ""MPC Controller"", ""weight_comfort"": 1000.0, ""weight_trajectory"": 1000.0, ""weight_goal"": 100.0, ""Q"": [[1000.0, 0.0, 0.0, 0.0], [0.0, 0.0, 0.0, 0.0], [0.0, 0.0, 1000.0, 0.0], [0.0, 0.0, 0.0, 0.0]], ""R"": [[1000.0, 0.0], [0.0, 1000.0]], ""P"": [[100.0, 0.0, 0.0, 0.0], [0.0, 10000.0, 0.0, 0.0], [0.0, 0.0, 100.0, 0.0], [0.0, 0.0, 0.0, 10000.0]]}","[-0.08614389460115715, 0.00039538419922567977, 0.0]",False
3,P01,8f99450e-b3b4-4bbf-a34f-dee9d88fdb64,4,1,haply,mpc,seeded_random,593114440,persist_session,10.0,1785312724.3540545,2811.415836043,0,1785312724.3441799,558,True,careful,fixed,0.08,0.08,0.0,-0.08,0.08,0.0,0.043860252000000016,0.07967744000000004,0.0,-0.07081355,-0.13592735,0.25273547,-0.014075946,0.0018744175,0.0027445103,"[-13.71557039518245, 55.051010606758986, 0.0, 0.0, 0.0, 0.0, -24.340939632893487, 57.568679788252034]","[-3.3537940720567585, 1.0872354247051477, 0.0]","{""Controller Type"": ""MPC Controller"", ""weight_comfort"": 1000.0, ""weight_trajectory"": 1000.0, ""weight_goal"": 100.0, ""Q"": [[1000.0, 0.0, 0.0, 0.0], [0.0, 0.0, 0.0, 0.0], [0.0, 0.0, 1000.0, 0.0], [0.0, 0.0, 0.0, 0.0]], ""R"": [[1000.0, 0.0], [0.0, 1000.0]], ""P"": [[100.0, 0.0, 0.0, 0.0], [0.0, 10000.0, 0.0, 0.0], [0.0, 0.0, 100.0, 0.0], [0.0, 0.0, 0.0, 10000.0]]}","[-0.06937031515593253, -0.004434465157093297, 0.0]",False
3,P01,8f99450e-b3b4-4bbf-a34f-dee9d88fdb64,4,1,haply,mpc,seeded_random,593114440,persist_session,10.0,1785312724.3636992,2811.425496201,0,1785312724.353823,559,True,careful,fixed,0.08,0.08,0.0,-0.08,0.08,0.0,0.043860252000000016,0.07967744000000004,0.0,-0.071010925,-0.13586174,0.25279418,-0.014551505,0.0020496994,0.002787602,"[-14.4175476337806, 56.157480123760116, 0.0, 0.0, 0.0, 0.0, -24.362750604703077, 57.58310063871312]","[1.7857610831420692, -0.007858448835051999, 0.0]","{""Controller Type"": ""MPC Controller"", ""weight_comfort"": 1000.0, ""weight_trajectory"": 1000.0, ""weight_goal"": 100.0, ""Q"": [[1000.0, 0.0, 0.0, 0.0], [0.0, 0.0, 0.0, 0.0], [0.0, 0.0, 1000.0, 0.0], [0.0, 0.0, 0.0, 0.0]], ""R"": [[1000.0, 0.0], [0.0, 1000.0]], ""P"": [[100.0, 0.0, 0.0, 0.0], [0.0, 10000.0, 0.0, 0.0], [0.0, 0.0, 100.0, 0.0], [0.0, 0.0, 0.0, 10000.0]]}","[-0.09204925124739674, 0.0002659330331651212, 0.0]",False
3,P01,8f99450e-b3b4-4bbf-a34f-dee9d88fdb64,4,1,haply,mpc,seeded_random,593114440,persist_session,10.0,1785312724.375117,2811.436889359,0,1785312724.3637514,560,True,careful,fixed,0.08,0.08,0.0,-0.08,0.08,0.0,0.04256618699999999,0.07986823999999998,0.0,-0.07118514,-0.13587841,0.2528317,-0.015021744,0.0022375009,0.0028353808,"[-14.853144447368127, 59.332478271501195, 0.0, 0.0, 0.0, 0.0, -24.71767138966208, 58.4257421478693]","[-5.912835522588341, 1.1195382868591741, 0.0]","{""Controller Type"": ""MPC Controller"", ""weight_comfort"": 1000.0, ""weight_trajectory"": 1000.0, ""weight_goal"": 100.0, ""Q"": [[1000.0, 0.0, 0.0, 0.0], [0.0, 0.0, 0.0, 0.0], [0.0, 0.0, 1000.0, 0.0], [0.0, 0.0, 0.0, 0.0]], ""R"": [[1000.0, 0.0], [0.0, 1000.0]], ""P"": [[100.0, 0.0, 0.0, 0.0], [0.0, 10000.0, 0.0, 0.0], [0.0, 0.0, 100.0, 0.0], [0.0, 0.0, 0.0, 10000.0]]}","[-0.06519337062766972, -0.00513745328398854, 0.0]",False
3,P01,8f99450e-b3b4-4bbf-a34f-dee9d88fdb64,4,1,haply,mpc,seeded_random,593114440,persist_session,10.0,1785312724.3838868,2811.445667935,0,1785312724.3739083,561,True,careful,fixed,0.08,0.08,0.0,-0.08,0.08,0.0,0.04256618699999999,0.07986823999999998,0.0,-0.07138246,-0.13581228,0.25289038,-0.01559624,0.0024604173,0.0029476108,"[-15.825969239489217, 60.83925209238373, 0.0, 0.0, 0.0, 0.0, -24.72627617361598, 58.43135193562319]","[1.939728705263483, -0.0032579341486361955, 0.0]","{""Controller Type"": ""MPC Controller"", ""weight_comfort"": 1000.0, ""weight_trajectory"": 1000.0, ""weight_goal"": 100.0, ""Q"": [[1000.0, 0.0, 0.0, 0.0], [0.0, 0.0, 0.0, 0.0], [0.0, 0.0, 1000.0, 0.0], [0.0, 0.0, 0.0, 0.0]], ""R"": [[1000.0, 0.0], [0.0, 1000.0]], ""P"": [[100.0, 0.0, 0.0, 0.0], [0.0, 10000.0, 0.0, 0.0], [0.0, 0.0, 100.0, 0.0], [0.0, 0.0, 0.0, 10000.0]]}","[-0.10085291974366456, 0.00012027486022324529, 0.0]",False
3,P01,8f99450e-b3b4-4bbf-a34f-dee9d88fdb64,4,1,haply,mpc,seeded_random,593114440,persist_session,10.0,1785312724.394035,2811.455815592,0,1785312724.3844254,562,True,careful,fixed,0.08,0.08,0.0,-0.08,0.08,0.0,0.041451582000000015,0.08006064000000007,0.0,-0.07152006,-0.13577595,0.25294977,-0.016086828,0.0026108213,0.0031288187,"[-15.992656684759869, 62.558348268456484, 0.0, 0.0, 0.0, 0.0, -25.000043574124298, 59.074003370230784]","[-4.687603769148811, 1.0822146975275366, 0.0]","{""Controller Type"": ""MPC Controller"", ""weight_comfort"": 1000.0, ""weight_trajectory"": 1000.0, ""weight_goal"": 100.0, ""Q"": [[1000.0, 0.0, 0.0, 0.0], [0.0, 0.0, 0.0, 0.0], [0.0, 0.0, 1000.0, 0.0], [0.0, 0.0, 0.0, 0.0]], ""R"": [[1000.0, 0.0], [0.0, 1000.0]], ""P"": [[100.0, 0.0, 0.0, 0.0], [0.0, 10000.0, 0.0, 0.0], [0.0, 0.0, 100.0, 0.0], [0.0, 0.0, 0.0, 10000.0]]}","[-0.07741733138592756, -0.005522431195791327, 0.0]",False
3,P01,8f99450e-b3b4-4bbf-a34f-dee9d88fdb64,4,1,haply,mpc,seeded_random,593114440,persist_session,10.0,1785312724.4037936,2811.465586179,0,1785312724.3940957,563,True,careful,fixed,0.08,0.08,0.0,-0.08,0.08,0.0,0.04103878200000001,0.08017942000000006,0.0,-0.07177248,-0.13578591,0.2530474,-0.016539112,0.0026750464,0.003440099,"[-16.28392751772677, 62.23489888003908, 0.0, 0.0, 0.0, 0.0, -24.623309830182183, 58.20065800061544]","[-0.6856711567638194, 0.7192979583895579, 0.0]","{""Controller Type"": ""MPC Controller"", ""weight_comfort"": 1000.0, ""weight_trajectory"": 1000.0, ""weight_goal"": 100.0, ""Q"": [[1000.0, 0.0, 0.0, 0.0], [0.0, 0.0, 0.0, 0.0], [0.0, 0.0, 1000.0, 0.0], [0.0, 0.0, 0.0, 0.0]], ""R"": [[1000.0, 0.0], [0.0, 1000.0]], ""P"": [[100.0, 0.0, 0.0, 0.0], [0.0, 10000.0, 0.0, 0.0], [0.0, 0.0, 100.0, 0.0], [0.0, 0.0, 0.0, 10000.0]]}","[-0.0990903377476185, -0.0039722009300760305, 0.0]",False
3,P01,8f99450e-b3b4-4bbf-a34f-dee9d88fdb64,4,1,haply,mpc,seeded_random,593114440,persist_session,10.0,1785312724.4139132,2811.475703664,0,1785312724.4040658,564,True,careful,fixed,0.08,0.08,0.0,-0.08,0.08,0.0,0.040281522,0.08037467999999998,0.0,-0.07194696,-0.13580173,0.25308496,-0.016925624,0.0026380338,0.003885287,"[-16.28268223744293, 62.33933381060607, 0.0, 0.0, 0.0, 0.0, -24.43966360588171, 57.77704515706411]","[-2.7763179803401616, 1.1406849318684893, 0.0]","{""Controller Type"": ""MPC Controller"", ""weight_comfort"": 1000.0, ""weight_trajectory"": 1000.0, ""weight_goal"": 100.0, ""Q"": [[1000.0, 0.0, 0.0, 0.0], [0.0, 0.0, 0.0, 0.0], [0.0, 0.0, 1000.0, 0.0], [0.0, 0.0, 0.0, 0.0]], ""R"": [[1000.0, 0.0], [0.0, 1000.0]], ""P"": [[100.0, 0.0, 0.0, 0.0], [0.0, 10000.0, 0.0, 0.0], [0.0, 0.0, 100.0, 0.0], [0.0, 0.0, 0.0, 10000.0]]}","[-0.09349260935547712, -0.006815438891236642, 0.0]",False
3,P01,8f99450e-b3b4-4bbf-a34f-dee9d88fdb64,4,1,haply,mpc,seeded_random,593114440,persist_session,10.0,1785312724.4237719,2811.485566294,0,1785312724.414248,565,True,careful,fixed,0.08,0.08,0.0,-0.08,0.08,0.0,0.039758081999999986,0.08044980000000007,0.0,-0.07218126,-0.1357871,0.2531217,-0.017265523,0.0025358424,0.0043630432,"[-16.390308676719272, 62.04239273743303, 0.0, 0.0, 0.0, 0.0, -24.149966405721035, 57.13820069240185]","[-1.226581647388661, 0.4324067197226857, 0.0]","{""Controller Type"": ""MPC Controller"", ""weight_comfort"": 1000.0, ""weight_trajectory"": 1000.0, ""weight_goal"": 100.0, ""Q"": [[1000.0, 0.0, 0.0, 0.0], [0.0, 0.0, 0.0, 0.0], [0.0, 0.0, 1000.0, 0.0], [0.0, 0.0, 0.0, 0.0]], ""R"": [[1000.0, 0.0], [0.0, 1000.0]], ""P"": [[100.0, 0.0, 0.0, 0.0], [0.0, 10000.0, 0.0, 0.0], [0.0, 0.0, 100.0, 0.0], [0.0, 0.0, 0.0, 10000.0]]}","[-0.10520500173293529, -0.003025032546949588, 0.0]",False
3,P01,8f99450e-b3b4-4bbf-a34f-dee9d88fdb64,4,1,haply,mpc,seeded_random,593114440,persist_session,10.0,1785312724.4337976,2811.495599258,0,1785312724.4239213,566,True,careful,fixed,0.08,0.08,0.0,-0.08,0.08,0.0,0.03905518200000001,0.08052328000000003,0.0,-0.07233724,-0.1357738,0.25324214,-0.017593917,0.0023723182,0.004729873,"[-16.39200191783234, 61.98124452644382, 0.0, 0.0, 0.0, 0.0, -24.071620600538814, 56.96683320922063]","[-2.5522215367821652, 0.4453232126581582, 0.0]","{""Controller Type"": ""MPC Controller"", ""weight_comfort"": 1000.0, ""weight_trajectory"": 1000.0, ""weight_goal"": 100.0, ""Q"": [[1000.0, 0.0, 0.0, 0.0], [0.0, 0.0, 0.0, 0.0], [0.0, 0.0, 1000.0, 0.0], [0.0, 0.0, 0.0, 0.0]], ""R"": [[1000.0, 0.0], [0.0, 1000.0]], ""P"": [[100.0, 0.0, 0.0, 0.0], [0.0, 10000.0, 0.0, 0.0], [0.0, 0.0, 100.0, 0.0], [0.0, 0.0, 0.0, 10000.0]]}","[-0.10269385473389415, -0.003361451913181965, 0.0]",False
3,P01,8f99450e-b3b4-4bbf-a34f-dee9d88fdb64,4,1,haply,mpc,seeded_random,593114440,persist_session,10.0,1785312724.4439845,2811.505774599,0,1785312724.433513,567,True,careful,fixed,0.08,0.08,0.0,-0.08,0.08,0.0,0.03858724200000001,0.08076416000000003,0.0,-0.07257164,-0.13575844,0.253279,-0.017858962,0.0022350939,0.0050173225,"[-16.504529411948393, 61.731505812146295, 0.0, 0.0, 0.0, 0.0, -24.283318212855104, 57.4491945156278]","[-1.0544401222095936, 1.4613178861793947, 0.0]","{""Controller Type"": ""MPC Controller"", ""weight_comfort"": 1000.0, ""weight_trajectory"": 1000.0, ""weight_goal"": 100.0, ""Q"": [[1000.0, 0.0, 0.0, 0.0], [0.0, 0.0, 0.0, 0.0], [0.0, 0.0, 1000.0, 0.0], [0.0, 0.0, 0.0, 0.0]], ""R"": [[1000.0, 0.0], [0.0, 1000.0]], ""P"": [[100.0, 0.0, 0.0, 0.0], [0.0, 10000.0, 0.0, 0.0], [0.0, 0.0, 100.0, 0.0], [0.0, 0.0, 0.0, 10000.0]]}","[-0.1148647611473987, -0.010320938796440724, 0.0]",False
3,P01,8f99450e-b3b4-4bbf-a34f-dee9d88fdb64,4,1,haply,mpc,seeded_random,593114440,persist_session,10.0,1785312724.453682,2811.515482459,0,1785312724.444241,568,True,careful,fixed,0.08,0.08,0.0,-0.08,0.08,0.0,0.03788404199999998,0.08083787999999997,0.0,-0.072843276,-0.1357953,0.25329366,-0.01812516,0.0020022178,0.005224813,"[-16.51082522958464, 61.65570064766097, 0.0, 0.0, 0.0, 0.0, -23.911392919535377, 56.679046748209785]","[-2.0950056119744622, 0.4095140236582896, 0.0]","{""Controller Type"": ""MPC Controller"", ""weight_comfort"": 1000.0, ""weight_trajectory"": 1000.0, ""weight_goal"": 100.0, ""Q"": [[1000.0, 0.0, 0.0, 0.0], [0.0, 0.0, 0.0, 0.0], [0.0, 0.0, 1000.0, 0.0], [0.0, 0.0, 0.0, 0.0]], ""R"": [[1000.0, 0.0], [0.0, 1000.0]], ""P"": [[100.0, 0.0, 0.0, 0.0], [0.0, 10000.0, 0.0, 0.0], [0.0, 0.0, 100.0, 0.0], [0.0, 0.0, 0.0, 10000.0]]}","[-0.11383709802867843, -0.003807959576489413, 0.0]",False
3,P01,8f99450e-b3b4-4bbf-a34f-dee9d88fdb64,4,1,haply,mpc,seeded_random,593114440,persist_session,10.0,1785312724.4637628,2811.525549884,0,1785312724.4535944,569,True,careful,fixed,0.08,0.08,0.0,-0.08,0.08,0.0,0.037069134000000004,0.08086719999999997,0.0,-0.073036626,-0.13583376,0.25339216,-0.018577669,0.0016733285,0.005298094,"[-16.495360746541113, 61.395582087013466, 0.0, 0.0, 0.0, 0.0, -23.853055396394016, 56.573100728009]","[-3.4179471215402093, 0.19802445934067678, 0.0]","{""Controller Type"": ""MPC Controller"", ""weight_comfort"": 1000.0, ""weight_trajectory"": 1000.0, ""weight_goal"": 100.0, ""Q"": [[1000.0, 0.0, 0.0, 0.0], [0.0, 0.0, 0.0, 0.0], [0.0, 0.0, 1000.0, 0.0], [0.0, 0.0, 0.0, 0.0]], ""R"": [[1000.0, 0.0], [0.0, 1000.0]], ""P"": [[100.0, 0.0, 0.0, 0.0], [0.0, 10000.0, 0.0, 0.0], [0.0, 0.0, 100.0, 0.0], [0.0, 0.0, 0.0, 10000.0]]}","[-0.11112351999788958, -0.0025280744354648646, 0.0]",False
3,P01,8f99450e-b3b4-4bbf-a34f-dee9d88fdb64,4,1,haply,mpc,seeded_random,593114440,persist_session,10.0,1785312724.4737782,2811.535567463,0,1785312724.4640617,570,True,careful,fixed,0.08,0.08,0.0,-0.08,0.08,0.0,0.03648908400000002,0.08106419999999998,0.0,-0.073271304,-0.13581738,0.25342894,-0.019210234,0.0012190912,0.005345347,"[-16.597143387706048, 60.95727561902144, 0.0, 0.0, 0.0, 0.0, -24.030479529259527, 56.96593991436206]","[-1.4445909586309351, 1.097702624292502, 0.0]","{""Controller Type"": ""MPC Controller"", ""weight_comfort"": 1000.0, ""weight_trajectory"": 1000.0, ""weight_goal"": 100.0, ""Q"": [[1000.0, 0.0, 0.0, 0.0], [0.0, 0.0, 0.0, 0.0], [0.0, 0.0, 1000.0, 0.0], [0.0, 0.0, 0.0, 0.0]], ""R"": [[1000.0, 0.0], [0.0, 1000.0]], ""P"": [[100.0, 0.0, 0.0, 0.0], [0.0, 10000.0, 0.0, 0.0], [0.0, 0.0, 100.0, 0.0], [0.0, 0.0, 0.0, 10000.0]]}","[-0.12931266767203337, -0.009808584318884771, 0.0]",False
3,P01,8f99450e-b3b4-4bbf-a34f-dee9d88fdb64,4,1,haply,mpc,seeded_random,593114440,persist_session,10.0,1785312724.483792,2811.545581438,0,1785312724.4736009,571,True,careful,fixed,0.08,0.08,0.0,-0.08,0.08,0.0,0.03578505000000001,0.08113776,0.0,-0.073603176,-0.13582209,0.25344273,-0.019797165,0.00081491726,0.005321469,"[-16.59752439765148, 60.84430146416372, 0.0, 0.0, 0.0, 0.0, -23.69945795880709, 56.29787339449293]","[-2.5688602233072286, 0.4610995589247267, 0.0]","{""Controller Type"": ""MPC Controller"", ""weight_comfort"": 1000.0, ""weight_trajectory"": 1000.0, ""weight_goal"": 100.0, ""Q"": [[1000.0, 0.0, 0.0, 0.0], [0.0, 0.0, 0.0, 0.0], [0.0, 0.0, 1000.0, 0.0], [0.0, 0.0, 0.0, 0.0]], ""R"": [[1000.0, 0.0], [0.0, 1000.0]], ""P"": [[100.0, 0.0, 0.0, 0.0], [0.0, 10000.0, 0.0, 0.0], [0.0, 0.0, 100.0, 0.0], [0.0, 0.0, 0.0, 10000.0]]}","[-0.12696847909580006, -0.005324157137178735, 0.0]",False
3,P01,8f99450e-b3b4-4bbf-a34f-dee9d88fdb64,4,1,haply,mpc,seeded_random,593114440,persist_session,10.0,1785312724.4938443,2811.555611998,0,1785312724.4840648,572,True,careful,fixed,0.08,0.08,0.0,-0.08,0.08,0.0,0.03478943399999998,0.08116534000000003,0.0,-0.07383814,-0.13580495,0.25347936,-0.020522255,0.00039742884,0.0051960303,"[-16.55186680957179, 60.36445089907171, 0.0, 0.0, 0.0, 0.0, -23.635244545455677, 56.194030028112365]","[-3.8435300370346326, 0.17565455485428125, 0.0]","{""Controller Type"": ""MPC Controller"", ""weight_comfort"": 1000.0, ""weight_trajectory"": 1000.0, ""weight_goal"": 100.0, ""Q"": [[1000.0, 0.0, 0.0, 0.0], [0.0, 0.0, 0.0, 0.0], [0.0, 0.0, 1000.0, 0.0], [0.0, 0.0, 0.0, 0.0]], ""R"": [[1000.0, 0.0], [0.0, 1000.0]], ""P"": [[100.0, 0.0, 0.0, 0.0], [0.0, 10000.0, 0.0, 0.0], [0.0, 0.0, 100.0, 0.0], [0.0, 0.0, 0.0, 10000.0]]}","[-0.12480465373008329, -0.0032556561571146724, 0.0]",False
3,P01,8f99450e-b3b4-4bbf-a34f-dee9d88fdb64,4,1,haply,mpc,seeded_random,593114440,persist_session,10.0,1785312724.503874,2811.565667834,0,1785312724.4935384,573,True,careful,fixed,0.08,0.08,0.0,-0.08,0.08,0.0,0.03408454200000001,0.0812386,0.0,-0.07411062,-0.13583963,0.25349376,-0.021449985,0.00014812799,0.0050213705,"[-16.54717695795035, 59.53249305235954, 0.0, 0.0, 0.0, 0.0, -23.650698056023348, 56.22485772011807]","[-2.541810945440191, 0.46408617714159467, 0.0]","{""Controller Type"": ""MPC Controller"", ""weight_comfort"": 1000.0, ""weight_trajectory"": 1000.0, ""weight_goal"": 100.0, ""Q"": [[1000.0, 0.0, 0.0, 0.0], [0.0, 0.0, 0.0, 0.0], [0.0, 0.0, 1000.0, 0.0], [0.0, 0.0, 0.0, 0.0]], ""R"": [[1000.0, 0.0], [0.0, 1000.0]], ""P"": [[100.0, 0.0, 0.0, 0.0], [0.0, 10000.0, 0.0, 0.0], [0.0, 0.0, 100.0, 0.0], [0.0, 0.0, 0.0, 10000.0]]}","[-0.14143883983382102, -0.006245616354676119, 0.0]",False
3,P01,8f99450e-b3b4-4bbf-a34f-dee9d88fdb64,4,1,haply,mpc,seeded_random,593114440,persist_session,10.0,1785312724.514018,2811.575810232,0,1785312724.503858,574,True,careful,fixed,0.08,0.08,0.0,-0.08,0.08,0.0,0.03326710199999999,0.08126740000000005,0.0,-0.07440552,-0.13579044,0.25352964,-0.022336006,-1.702233e-05,0.004898659,"[-16.530099588646078, 59.07492577200085, 0.0, 0.0, 0.0, 0.0, -23.580973159609744, 56.11298718717959]","[-2.807098775092473, 0.186485312149257, 0.0]","{""Controller Type"": ""MPC Controller"", ""weight_comfort"": 1000.0, ""weight_trajectory"": 1000.0, ""weight_goal"": 100.0, ""Q"": [[1000.0, 0.0, 0.0, 0.0], [0.0, 0.0, 0.0, 0.0], [0.0, 0.0, 1000.0, 0.0], [0.0, 0.0, 0.0, 0.0]], ""R"": [[1000.0, 0.0], [0.0, 1000.0]], ""P"": [[100.0, 0.0, 0.0, 0.0], [0.0, 10000.0, 0.0, 0.0], [0.0, 0.0, 100.0, 0.0], [0.0, 0.0, 0.0, 10000.0]]}","[-0.1463459816900709, -0.003929153378136524, 0.0]",False
3,P01,8f99450e-b3b4-4bbf-a34f-dee9d88fdb64,4,1,haply,mpc,seeded_random,593114440,persist_session,10.0,1785312724.5237722,2811.585569712,0,1785312724.5135267,575,True,careful,fixed,0.08,0.08,0.0,-0.08,0.08,0.0,0.03238240199999999,0.08133916000000002,0.0,-0.07465981,-0.1358008,0.25348267,-0.023034915,-5.1174164e-05,0.0047404757,"[-16.479872056868693, 58.526886880746815, 0.0, 0.0, 0.0, 0.0, -23.587359758086084, 56.125496880658226]","[-3.5033086674434957, 0.4481491489691377, 0.0]","{""Controller Type"": ""MPC Controller"", ""weight_comfort"": 1000.0, ""weight_trajectory"": 1000.0, ""weight_goal"": 100.0, ""Q"": [[1000.0, 0.0, 0.0, 0.0], [0.0, 0.0, 0.0, 0.0], [0.0, 0.0, 1000.0, 0.0], [0.0, 0.0, 0.0, 0.0]], ""R"": [[1000.0, 0.0], [0.0, 1000.0]], ""P"": [[100.0, 0.0, 0.0, 0.0], [0.0, 10000.0, 0.0, 0.0], [0.0, 0.0, 100.0, 0.0], [0.0, 0.0, 0.0, 10000.0]]}","[-0.1474176022611392, -0.007110895766365706, 0.0]",False
3,P01,8f99450e-b3b4-4bbf-a34f-dee9d88fdb64,4,1,haply,mpc,seeded_random,593114440,persist_session,10.0,1785312724.5339396,2811.595730878,0,1785312724.5238047,576,True,careful,fixed,0.08,0.08,0.0,-0.08,0.08,0.0,0.03161953200000002,0.08124522000000006,0.0,-0.07495484,-0.13575053,0.2535184,-0.023677377,5.1909992e-05,0.004443986,"[-16.470663451300947, 57.81608557467474, 0.0, 0.0, 0.0, 0.0, -23.757267595289697, 56.61783816903584]","[-2.452874984088603, -0.48789962652977203, 0.0]","{""Controller Type"": ""MPC Controller"", ""weight_comfort"": 1000.0, ""weight_trajectory"": 1000.0, ""weight_goal"": 100.0, ""Q"": [[1000.0, 0.0, 0.0, 0.0], [0.0, 0.0, 0.0, 0.0], [0.0, 0.0, 1000.0, 0.0], [0.0, 0.0, 0.0, 0.0]], ""R"": [[1000.0, 0.0], [0.0, 1000.0]], ""P"": [[100.0, 0.0, 0.0, 0.0], [0.0, 10000.0, 0.0, 0.0], [0.0, 0.0, 100.0, 0.0], [0.0, 0.0, 0.0, 10000.0]]}","[-0.1655068206693562, 0.003155479744588658, 0.0]",False
3,P01,8f99450e-b3b4-4bbf-a34f-dee9d88fdb64,4,1,haply,mpc,seeded_random,593114440,persist_session,10.0,1785312724.543773,2811.605567864,0,1785312724.5334945,577,True,careful,fixed,0.08,0.08,0.0,-0.08,0.08,0.0,0.030734442000000015,0.08131667999999997,0.0,-0.07513053,-0.13576289,0.25355574,-0.024171144,0.00027025412,0.0040259715,"[-16.431969402152156, 57.41509935733956, 0.0, 0.0, 0.0, 0.0, -24.015197150709522, 57.123306473291166]","[-3.424846181582157, 0.4528909603416364, 0.0]","{""Controller Type"": ""MPC Controller"", ""weight_comfort"": 1000.0, ""weight_trajectory"": 1000.0, ""weight_goal"": 100.0, ""Q"": [[1000.0, 0.0, 0.0, 0.0], [0.0, 0.0, 0.0, 0.0], [0.0, 0.0, 1000.0, 0.0], [0.0, 0.0, 0.0, 0.0]], ""R"": [[1000.0, 0.0], [0.0, 1000.0]], ""P"": [[100.0, 0.0, 0.0, 0.0], [0.0, 10000.0, 0.0, 0.0], [0.0, 0.0, 100.0, 0.0], [0.0, 0.0, 0.0, 10000.0]]}","[-0.16332596916433206, -0.007952005330026034, 0.0]",False
3,P01,8f99450e-b3b4-4bbf-a34f-dee9d88fdb64,4,1,haply,mpc,seeded_random,593114440,persist_session,10.0,1785312724.5541103,2811.61589984,0,1785312724.5439305,578,True,careful,fixed,0.08,0.08,0.0,-0.08,0.08,0.0,0.030207371999999996,0.08139135999999997,0.0,-0.07546356,-0.13576381,0.25356892,-0.024573341,0.0004633479,0.003750538,"[-16.55801370245462, 57.05078936477515, 0.0, 0.0, 0.0, 0.0, -23.920788981412407, 56.940898916568564]","[-1.0565179313597164, 0.4407491479983867, 0.0]","{""Controller Type"": ""MPC Controller"", ""weight_comfort"": 1000.0, ""weight_trajectory"": 1000.0, ""weight_goal"": 100.0, ""Q"": [[1000.0, 0.0, 0.0, 0.0], [0.0, 0.0, 0.0, 0.0], [0.0, 0.0, 1000.0, 0.0], [0.0, 0.0, 0.0, 0.0]], ""R"": [[1000.0, 0.0], [0.0, 1000.0]], ""P"": [[100.0, 0.0, 0.0, 0.0], [0.0, 10000.0, 0.0, 0.0], [0.0, 0.0, 100.0, 0.0], [0.0, 0.0, 0.0, 10000.0]]}","[-0.1973457394314273, -0.008287282059247973, 0.0]",False
3,P01,8f99450e-b3b4-4bbf-a34f-dee9d88fdb64,4,1,haply,mpc,seeded_random,593114440,persist_session,10.0,1785312724.5637457,2811.625541081,0,1785312724.5535278,579,True,careful,fixed,0.08,0.08,0.0,-0.08,0.08,0.0,0.029208282000000002,0.08141771999999997,0.0,-0.07569917,-0.13574393,0.2536054,-0.024801267,0.0006013197,0.0035379194,"[-16.61452963802589, 57.46546042320341, 0.0, 0.0, 0.0, 0.0, -23.848823812465813, 56.82988723584745]","[-4.167775551065347, 0.189900229190649, 0.0]","{""Controller Type"": ""MPC Controller"", ""weight_comfort"": 1000.0, ""weight_trajectory"": 1000.0, ""weight_goal"": 100.0, ""Q"": [[1000.0, 0.0, 0.0, 0.0], [0.0, 0.0, 0.0, 0.0], [0.0, 0.0, 1000.0, 0.0], [0.0, 0.0, 0.0, 0.0]], ""R"": [[1000.0, 0.0], [0.0, 1000.0]], ""P"": [[100.0, 0.0, 0.0, 0.0], [0.0, 10000.0, 0.0, 0.0], [0.0, 0.0, 100.0, 0.0], [0.0, 0.0, 0.0, 10000.0]]}","[-0.1695074227056029, -0.005649081984766404, 0.0]",False
3,P01,8f99450e-b3b4-4bbf-a34f-dee9d88fdb64,4,1,haply,mpc,seeded_random,593114440,persist_session,10.0,1785312724.5737212,2811.635513671,0,1785312724.5638688,580,True,careful,fixed,0.08,0.08,0.0,-0.08,0.08,0.0,0.02850145200000001,0.08149067999999998,0.0,-0.075972855,-0.13577557,0.25361928,-0.024922065,0.00068142504,0.003322731,"[-16.63199823127664, 56.668680217858004, 0.0, 0.0, 0.0, 0.0, -23.844727203286997, 56.822086321473115]","[-2.0688590400377844, 0.43645075387203075, 0.0]","{""Controller Type"": ""MPC Controller"", ""weight_comfort"": 1000.0, ""weight_trajectory"": 1000.0, ""weight_goal"": 100.0, ""Q"": [[1000.0, 0.0, 0.0, 0.0], [0.0, 0.0, 0.0, 0.0], [0.0, 0.0, 1000.0, 0.0], [0.0, 0.0, 0.0, 0.0]], ""R"": [[1000.0, 0.0], [0.0, 1000.0]], ""P"": [[100.0, 0.0, 0.0, 0.0], [0.0, 10000.0, 0.0, 0.0], [0.0, 0.0, 100.0, 0.0], [0.0, 0.0, 0.0, 10000.0]]}","[-0.20514662632048622, -0.00956583048823791, 0.0]",False
3,P01,8f99450e-b3b4-4bbf-a34f-dee9d88fdb64,4,1,haply,mpc,seeded_random,593114440,persist_session,10.0,1785312724.5837684,2811.645564771,0,1785312724.5735927,581,True,careful,fixed,0.08,0.08,0.0,-0.08,0.08,0.0,0.02768039699999998,0.08151844000000003,0.0,-0.076130174,-0.13576353,0.25359514,-0.025043283,0.000762219,0.003083425,"[-16.60976515493884, 56.39310944492687, 0.0, 0.0, 0.0, 0.0, -23.770619993777576, 56.70882801895804]","[-2.9731067441106243, 0.19798781967093887, 0.0]","{""Controller Type"": ""MPC Controller"", ""weight_comfort"": 1000.0, ""weight_trajectory"": 1000.0, ""weight_goal"": 100.0, ""Q"": [[1000.0, 0.0, 0.0, 0.0], [0.0, 0.0, 0.0, 0.0], [0.0, 0.0, 1000.0, 0.0], [0.0, 0.0, 0.0, 0.0]], ""R"": [[1000.0, 0.0], [0.0, 1000.0]], ""P"": [[100.0, 0.0, 0.0, 0.0], [0.0, 10000.0, 0.0, 0.0], [0.0, 0.0, 100.0, 0.0], [0.0, 0.0, 0.0, 10000.0]]}","[-0.2019661985078637, -0.006681946866303633, 0.0]",False
3,P01,8f99450e-b3b4-4bbf-a34f-dee9d88fdb64,4,1,haply,mpc,seeded_random,593114440,persist_session,10.0,1785312724.593766,2811.655564143,0,1785312724.583768,582,True,careful,fixed,0.08,0.08,0.0,-0.08,0.08,0.0,0.027208440000000014,0.08147016000000001,0.0,-0.076366045,-0.13574259,0.2536315,-0.025059987,0.00078559236,0.0028704721,"[-16.740955756139957, 56.14021962637862, 0.0, 0.0, 0.0, 0.0, -23.795676572274868, 56.818065600664575]","[-0.8091767135852643, -0.23461013120766144, 0.0]","{""Controller Type"": ""MPC Controller"", ""weight_comfort"": 1000.0, ""weight_trajectory"": 1000.0, ""weight_goal"": 100.0, ""Q"": [[1000.0, 0.0, 0.0, 0.0], [0.0, 0.0, 0.0, 0.0], [0.0, 0.0, 1000.0, 0.0], [0.0, 0.0, 0.0, 0.0]], ""R"": [[1000.0, 0.0], [0.0, 1000.0]], ""P"": [[100.0, 0.0, 0.0, 0.0], [0.0, 10000.0, 0.0, 0.0], [0.0, 0.0, 100.0, 0.0], [0.0, 0.0, 0.0, 10000.0]]}","[-0.24085077539965047, -0.00013986912928598764, 0.0]",False
3,P01,8f99450e-b3b4-4bbf-a34f-dee9d88fdb64,4,1,haply,mpc,seeded_random,593114440,persist_session,10.0,1785312724.6036432,2811.665445538,0,1785312724.5937686,583,True,careful,fixed,0.08,0.08,0.0,-0.08,0.08,0.0,0.02650082700000002,0.08154288000000004,0.0,-0.07660193,-0.13572122,0.2536678,-0.025087299,0.0008038304,0.0025803847,"[-16.741279257296455, 56.177971274332116, 0.0, 0.0, 0.0, 0.0, -23.95757661253233, 57.12602474777445]","[-2.1919856733220557, 0.4523548028283701, 0.0]","{""Controller Type"": ""MPC Controller"", ""weight_comfort"": 1000.0, ""weight_trajectory"": 1000.0, ""weight_goal"": 100.0, ""Q"": [[1000.0, 0.0, 0.0, 0.0], [0.0, 0.0, 0.0, 0.0], [0.0, 0.0, 1000.0, 0.0], [0.0, 0.0, 0.0, 0.0]], ""R"": [[1000.0, 0.0], [0.0, 1000.0]], ""P"": [[100.0, 0.0, 0.0, 0.0], [0.0, 10000.0, 0.0, 0.0], [0.0, 0.0, 100.0, 0.0], [0.0, 0.0, 0.0, 10000.0]]}","[-0.22893923643046224, -0.011393440126331549, 0.0]",False
3,P01,8f99450e-b3b4-4bbf-a34f-dee9d88fdb64,4,1,haply,mpc,seeded_random,593114440,persist_session,10.0,1785312724.6137261,2811.67552122,0,1785312724.6037042,584,True,careful,fixed,0.08,0.08,0.0,-0.08,0.08,0.0,0.02650082700000002,0.08154288000000004,0.0,-0.076857366,-0.13572823,0.2536201,-0.02513763,0.0008182839,0.0023893067,"[-17.190835699063054, 56.86508137188751, 0.0, 0.0, 0.0, 0.0, -23.913404787814216, 57.1000881631038]","[1.8308382187713388, 0.03689551397902371, 0.0]","{""Controller Type"": ""MPC Controller"", ""weight_comfort"": 1000.0, ""weight_trajectory"": 1000.0, ""weight_goal"": 100.0, ""Q"": [[1000.0, 0.0, 0.0, 0.0], [0.0, 0.0, 0.0, 0.0], [0.0, 0.0, 1000.0, 0.0], [0.0, 0.0, 0.0, 0.0]], ""R"": [[1000.0, 0.0], [0.0, 1000.0]], ""P"": [[100.0, 0.0, 0.0, 0.0], [0.0, 10000.0, 0.0, 0.0], [0.0, 0.0, 100.0, 0.0], [0.0, 0.0, 0.0, 10000.0]]}","[-0.2938510006801445, -0.00472258544177208, 0.0]",False
3,P01,8f99450e-b3b4-4bbf-a34f-dee9d88fdb64,4,1,haply,mpc,seeded_random,593114440,persist_session,10.0,1785312724.6242092,2811.685997188,0,1785312724.6137464,585,True,careful,fixed,0.08,0.08,0.0,-0.08,0.08,0.0,0.02502686400000001,0.08152008000000005,0.0,-0.07701497,-0.13571541,0.25359574,-0.025043692,0.00075477234,0.0022536668,"[-17.914784983506987, 60.37689991741791, 0.0, 0.0, 0.0, 0.0, -23.91247586529179, 57.11140228903993]","[-6.980408942331968, -0.09331804899329466, 0.0]","{""Controller Type"": ""MPC Controller"", ""weight_comfort"": 1000.0, ""weight_trajectory"": 1000.0, ""weight_goal"": 100.0, ""Q"": [[1000.0, 0.0, 0.0, 0.0], [0.0, 0.0, 0.0, 0.0], [0.0, 0.0, 1000.0, 0.0], [0.0, 0.0, 0.0, 0.0]], ""R"": [[1000.0, 0.0], [0.0, 1000.0]], ""P"": [[100.0, 0.0, 0.0, 0.0], [0.0, 10000.0, 0.0, 0.0], [0.0, 0.0, 100.0, 0.0], [0.0, 0.0, 0.0, 10000.0]]}","[-0.17201096732203955, -0.002849550104356455, 0.0]",False
3,P01,8f99450e-b3b4-4bbf-a34f-dee9d88fdb64,4,1,haply,mpc,seeded_random,593114440,persist_session,10.0,1785312724.633803,2811.695601287,0,1785312724.6240835,586,True,careful,fixed,0.08,0.08,0.0,-0.08,0.08,0.0,0.02502686400000001,0.08152008000000005,0.0,-0.07719142,-0.13572551,0.25363275,-0.02482958,0.00071684516,0.0020253411,"[-18.928108255352992, 61.8892795439907, 0.0, 0.0, 0.0, 0.0, -23.922954490070094, 57.1175552489448]","[1.987959851512236, 0.03636480466126691, 0.0]","{""Controller Type"": ""MPC Controller"", ""weight_comfort"": 1000.0, ""weight_trajectory"": 1000.0, ""weight_goal"": 100.0, ""Q"": [[1000.0, 0.0, 0.0, 0.0], [0.0, 0.0, 0.0, 0.0], [0.0, 0.0, 1000.0, 0.0], [0.0, 0.0, 0.0, 0.0]], ""R"": [[1000.0, 0.0], [0.0, 1000.0]], ""P"": [[100.0, 0.0, 0.0, 0.0], [0.0, 10000.0, 0.0, 0.0], [0.0, 0.0, 100.0, 0.0], [0.0, 0.0, 0.0, 10000.0]]}","[-0.3213158043687094, -0.005159072315627781, 0.0]",False
3,P01,8f99450e-b3b4-4bbf-a34f-dee9d88fdb64,4,1,haply,mpc,seeded_random,593114440,persist_session,10.0,1785312724.64379,2811.705581202,0,1785312724.6339386,587,True,careful,fixed,0.08,0.08,0.0,-0.08,0.08,0.0,0.02402470200000001,0.08154538000000006,0.0,-0.07744706,-0.1357315,0.25358468,-0.024428861,0.0006002608,0.0017762418,"[-19.148302710387785, 63.452234478566965, 0.0, 0.0, 0.0, 0.0, -23.931822200293855, 57.13060057345247]","[-4.460585702637476, 0.18365037593101197, 0.0]","{""Controller Type"": ""MPC Controller"", ""weight_comfort"": 1000.0, ""weight_trajectory"": 1000.0, ""weight_goal"": 100.0, ""Q"": [[1000.0, 0.0, 0.0, 0.0], [0.0, 0.0, 0.0, 0.0], [0.0, 0.0, 1000.0, 0.0], [0.0, 0.0, 0.0, 0.0]], ""R"": [[1000.0, 0.0], [0.0, 1000.0]], ""P"": [[100.0, 0.0, 0.0, 0.0], [0.0, 10000.0, 0.0, 0.0], [0.0, 0.0, 100.0, 0.0], [0.0, 0.0, 0.0, 10000.0]]}","[-0.23019138193084035, -0.008418993903014775, 0.0]",False
3,P01,8f99450e-b3b4-4bbf-a34f-dee9d88fdb64,4,1,haply,mpc,seeded_random,593114440,persist_session,10.0,1785312724.654348,2811.716138093,0,1785312724.6443374,588,True,careful,fixed,0.08,0.08,0.0,-0.08,0.08,0.0,0.023257782000000005,0.08144924000000003,0.0,-0.07768345,-0.13570869,0.25362083,-0.024010468,0.0005369951,0.0015315042,"[-19.122675291298204, 62.6128291499256, 0.0, 0.0, 0.0, 0.0, -24.02845058372867, 57.42346552589738]","[-2.643153541852347, -0.4960707270095989, 0.0]","{""Controller Type"": ""MPC Controller"", ""weight_comfort"": 1000.0, ""weight_trajectory"": 1000.0, ""weight_goal"": 100.0, ""Q"": [[1000.0, 0.0, 0.0, 0.0], [0.0, 0.0, 0.0, 0.0], [0.0, 0.0, 1000.0, 0.0], [0.0, 0.0, 0.0, 0.0]], ""R"": [[1000.0, 0.0], [0.0, 1000.0]], ""P"": [[100.0, 0.0, 0.0, 0.0], [0.0, 10000.0, 0.0, 0.0], [0.0, 0.0, 100.0, 0.0], [0.0, 0.0, 0.0, 10000.0]]}","[-0.27199707601262013, 0.005065234142600134, 0.0]",False
3,P01,8f99450e-b3b4-4bbf-a34f-dee9d88fdb64,4,1,haply,mpc,seeded_random,593114440,persist_session,10.0,1785312724.6641731,2811.725939194,0,1785312724.65401,589,True,careful,fixed,0.08,0.08,0.0,-0.08,0.08,0.0,0.023257782000000005,0.08144924000000003,0.0,-0.07784119,-0.13569501,0.25359637,-0.023593288,0.00044144233,0.0013173037,"[-19.58187053104815, 63.29323700774107, 0.0, 0.0, 0.0, 0.0, -24.07935790377747, 57.45326756656578]","[2.021980518447194, 0.03489676864847124, 0.0]","{""Controller Type"": ""MPC Controller"", ""weight_comfort"": 1000.0, ""weight_trajectory"": 1000.0, ""weight_goal"": 100.0, ""Q"": [[1000.0, 0.0, 0.0, 0.0], [0.0, 0.0, 0.0, 0.0], [0.0, 0.0, 1000.0, 0.0], [0.0, 0.0, 0.0, 0.0]], ""R"": [[1000.0, 0.0], [0.0, 1000.0]], ""P"": [[100.0, 0.0, 0.0, 0.0], [0.0, 10000.0, 0.0, 0.0], [0.0, 0.0, 100.0, 0.0], [0.0, 0.0, 0.0, 10000.0]]}","[-0.3567077026688644, -0.005553969486473199, 0.0]",False
3,P01,8f99450e-b3b4-4bbf-a34f-dee9d88fdb64,4,1,haply,mpc,seeded_random,593114440,persist_session,10.0,1785312724.67372,2811.735503907,0,1785312724.6645153,590,True,careful,fixed,0.08,0.08,0.0,-0.08,0.08,0.0,0.022075391999999985,0.08147262000000005,0.0,-0.07811614,-0.1357231,0.25360948,-0.02320406,0.00037928173,0.0011494622,"[-19.859819138159093, 64.95004759889797, 0.0, 0.0, 0.0, 0.0, -24.08451827342273, 57.46062646888729]","[-5.283113300894277, 0.16334967961259106, 0.0]","{""Controller Type"": ""MPC Controller"", ""weight_comfort"": 1000.0, ""weight_trajectory"": 1000.0, ""weight_goal"": 100.0, ""Q"": [[1000.0, 0.0, 0.0, 0.0], [0.0, 0.0, 0.0, 0.0], [0.0, 0.0, 1000.0, 0.0], [0.0, 0.0, 0.0, 0.0]], ""R"": [[1000.0, 0.0], [0.0, 1000.0]], ""P"": [[100.0, 0.0, 0.0, 0.0], [0.0, 10000.0, 0.0, 0.0], [0.0, 0.0, 100.0, 0.0], [0.0, 0.0, 0.0, 10000.0]]}","[-0.24183611898709376, -0.008878826798745855, 0.0]",False
3,P01,8f99450e-b3b4-4bbf-a34f-dee9d88fdb64,4,1,haply,mpc,seeded_random,593114440,persist_session,10.0,1785312724.6837115,2811.745500668,0,1785312724.674039,591,True,careful,fixed,0.08,0.08,0.0,-0.08,0.08,0.0,0.021250541999999997,0.08149884000000002,0.0,-0.07829307,-0.13573213,0.25364634,-0.022922313,0.00034783207,0.0010257413,"[-19.732045262003513, 63.68381090714187, 0.0, 0.0, 0.0, 0.0, -24.067893284407397, 57.43546716295998]","[-3.5178307110530636, 0.1942024841787372, 0.0]","{""Controller Type"": ""MPC Controller"", ""weight_comfort"": 1000.0, ""weight_trajectory"": 1000.0, ""weight_goal"": 100.0, ""Q"": [[1000.0, 0.0, 0.0, 0.0], [0.0, 0.0, 0.0, 0.0], [0.0, 0.0, 1000.0, 0.0], [0.0, 0.0, 0.0, 0.0]], ""R"": [[1000.0, 0.0], [0.0, 1000.0]], ""P"": [[100.0, 0.0, 0.0, 0.0], [0.0, 10000.0, 0.0, 0.0], [0.0, 0.0, 100.0, 0.0], [0.0, 0.0, 0.0, 10000.0]]}","[-0.28624168212627527, -0.01018561986822332, 0.0]",False
3,P01,8f99450e-b3b4-4bbf-a34f-dee9d88fdb64,4,1,haply,mpc,seeded_random,593114440,persist_session,10.0,1785312724.693846,2811.755627274,0,1785312724.6841276,592,True,careful,fixed,0.08,0.08,0.0,-0.08,0.08,0.0,0.02071975199999998,0.08157256000000007,0.0,-0.07851068,-0.13568497,0.25362086,-0.02266195,0.00032793754,0.0009578105,"[-19.82101565017782, 63.32481810948099, 0.0, 0.0, 0.0, 0.0, -24.06650949034378, 57.4328442980641]","[-1.3353042476788628, 0.4575192053466656, 0.0]","{""Controller Type"": ""MPC Controller"", ""weight_comfort"": 1000.0, ""weight_trajectory"": 1000.0, ""weight_goal"": 100.0, ""Q"": [[1000.0, 0.0, 0.0, 0.0], [0.0, 0.0, 0.0, 0.0], [0.0, 0.0, 1000.0, 0.0], [0.0, 0.0, 0.0, 0.0]], ""R"": [[1000.0, 0.0], [0.0, 1000.0]], ""P"": [[100.0, 0.0, 0.0, 0.0], [0.0, 10000.0, 0.0, 0.0], [0.0, 0.0, 100.0, 0.0], [0.0, 0.0, 0.0, 10000.0]]}","[-0.34044755433083124, -0.017074814122126056, 0.0]",False
3,P01,8f99450e-b3b4-4bbf-a34f-dee9d88fdb64,4,1,haply,mpc,seeded_random,593114440,persist_session,10.0,1785312724.703817,2811.765609806,0,1785312724.6938667,593,True,careful,fixed,0.08,0.08,0.0,-0.08,0.08,0.0,0.020066922,0.08152160000000003,0.0,-0.078726344,-0.13574494,0.25363457,-0.022467138,0.00031997784,0.0008532212,"[-19.82215635397892, 63.224028834448774, 0.0, 0.0, 0.0, 0.0, -24.127237823425205, 57.68591332950403]","[-2.254455812234566, -0.2651286034576083, 0.0]","{""Controller Type"": ""MPC Controller"", ""weight_comfort"": 1000.0, ""weight_trajectory"": 1000.0, ""weight_goal"": 100.0, ""Q"": [[1000.0, 0.0, 0.0, 0.0], [0.0, 0.0, 0.0, 0.0], [0.0, 0.0, 1000.0, 0.0], [0.0, 0.0, 0.0, 0.0]], ""R"": [[1000.0, 0.0], [0.0, 1000.0]], ""P"": [[100.0, 0.0, 0.0, 0.0], [0.0, 10000.0, 0.0, 0.0], [0.0, 0.0, 100.0, 0.0], [0.0, 0.0, 0.0, 10000.0]]}","[-0.33193856389614085, 0.00022091512600183215, 0.0]",False
3,P01,8f99450e-b3b4-4bbf-a34f-dee9d88fdb64,4,1,haply,mpc,seeded_random,593114440,persist_session,10.0,1785312724.7138066,2811.775606214,0,1785312724.7036583,594,True,careful,fixed,0.08,0.08,0.0,-0.08,0.08,0.0,0.019419929999999988,0.08154902000000003,0.0,-0.078982785,-0.1357486,0.2535859,-0.022333354,0.0003205597,0.0006999722,"[-19.82689392103034, 62.93393668035644, 0.0, 0.0, 0.0, 0.0, -24.204334344176264, 57.801874125720204]","[-2.1872434194905304, 0.19935881613111944, 0.0]","{""Controller Type"": ""MPC Controller"", ""weight_comfort"": 1000.0, ""weight_trajectory"": 1000.0, ""weight_goal"": 100.0, ""Q"": [[1000.0, 0.0, 0.0, 0.0], [0.0, 0.0, 0.0, 0.0], [0.0, 0.0, 1000.0, 0.0], [0.0, 0.0, 0.0, 0.0]], ""R"": [[1000.0, 0.0], [0.0, 1000.0]], ""P"": [[100.0, 0.0, 0.0, 0.0], [0.0, 10000.0, 0.0, 0.0], [0.0, 0.0, 100.0, 0.0], [0.0, 0.0, 0.0, 10000.0]]}","[-0.34454853179116823, -0.011786838072280908, 0.0]",False
3,P01,8f99450e-b3b4-4bbf-a34f-dee9d88fdb64,4,1,haply,mpc,seeded_random,593114440,persist_session,10.0,1785312724.7238011,2811.785592661,0,1785312724.7138622,595,True,careful,fixed,0.08,0.08,0.0,-0.08,0.08,0.0,0.018650607,0.08145167999999997,0.0,-0.07920055,-0.13570042,0.25356022,-0.022291875,0.0003399656,0.0005491846,"[-19.809106963891946, 62.63369324826454, 0.0, 0.0, 0.0, 0.0, -24.31537354228692, 58.13667240215035]","[-2.768115159686221, -0.5192994029515896, 0.0]","{""Controller Type"": ""MPC Controller"", ""weight_comfort"": 1000.0, ""weight_trajectory"": 1000.0, ""weight_goal"": 100.0, ""Q"": [[1000.0, 0.0, 0.0, 0.0], [0.0, 0.0, 0.0, 0.0], [0.0, 0.0, 1000.0, 0.0], [0.0, 0.0, 0.0, 0.0]], ""R"": [[1000.0, 0.0], [0.0, 1000.0]], ""P"": [[100.0, 0.0, 0.0, 0.0], [0.0, 10000.0, 0.0, 0.0], [0.0, 0.0, 100.0, 0.0], [0.0, 0.0, 0.0, 10000.0]]}","[-0.3436952427576429, 0.007293182821207822, 0.0]",False
3,P01,8f99450e-b3b4-4bbf-a34f-dee9d88fdb64,4,1,haply,mpc,seeded_random,593114440,persist_session,10.0,1785312724.7337334,2811.795526745,0,1785312724.7236109,596,True,careful,fixed,0.08,0.08,0.0,-0.08,0.08,0.0,0.017997312000000015,0.08140032000000003,0.0,-0.079476334,-0.13572624,0.25357294,-0.022310102,0.00032371716,0.00040409184,"[-19.808799945919255, 62.22987982742645, 0.0, 0.0, 0.0, 0.0, -24.269007139899596, 57.95615958100453]","[-2.229037210483288, -0.2713516365513642, 0.0]","{""Controller Type"": ""MPC Controller"", ""weight_comfort"": 1000.0, ""weight_trajectory"": 1000.0, ""weight_goal"": 100.0, ""Q"": [[1000.0, 0.0, 0.0, 0.0], [0.0, 0.0, 0.0, 0.0], [0.0, 0.0, 1000.0, 0.0], [0.0, 0.0, 0.0, 0.0]], ""R"": [[1000.0, 0.0], [0.0, 1000.0]], ""P"": [[100.0, 0.0, 0.0, 0.0], [0.0, 10000.0, 0.0, 0.0], [0.0, 0.0, 100.0, 0.0], [0.0, 0.0, 0.0, 10000.0]]}","[-0.36840586692247496, 0.0009646081171151435, 0.0]",False
3,P01,8f99450e-b3b4-4bbf-a34f-dee9d88fdb64,4,1,haply,mpc,seeded_random,593114440,persist_session,10.0,1785312724.7438383,2811.80564052,0,1785312724.7338524,597,True,careful,fixed,0.08,0.08,0.0,-0.08,0.08,0.0,0.017169960000000012,0.08142576000000007,0.0,-0.079733096,-0.13572867,0.25352395,-0.022394499,0.0002698825,0.00015140834,"[-19.778917438608918, 61.913982230852056, 0.0, 0.0, 0.0, 0.0, -24.334604081118506, 58.05346392718478]","[-3.0797544858341594, 0.17890063625646307, 0.0]","{""Controller Type"": ""MPC Controller"", ""weight_comfort"": 1000.0, ""weight_trajectory"": 1000.0, ""weight_goal"": 100.0, ""Q"": [[1000.0, 0.0, 0.0, 0.0], [0.0, 0.0, 0.0, 0.0], [0.0, 0.0, 1000.0, 0.0], [0.0, 0.0, 0.0, 0.0]], ""R"": [[1000.0, 0.0], [0.0, 1000.0]], ""P"": [[100.0, 0.0, 0.0, 0.0], [0.0, 10000.0, 0.0, 0.0], [0.0, 0.0, 100.0, 0.0], [0.0, 0.0, 0.0, 10000.0]]}","[-0.35999287608411934, -0.012327178439452472, 0.0]",False
3,P01,8f99450e-b3b4-4bbf-a34f-dee9d88fdb64,4,1,haply,mpc,seeded_random,593114440,persist_session,10.0,1785312724.7537937,2811.815590705,0,1785312724.7435591,598,True,careful,fixed,0.08,0.08,0.0,-0.08,0.08,0.0,0.01639967399999999,0.08132778000000002,0.0,-0.08004965,-0.13569711,0.2534739,-0.022711918,0.0001342739,-0.00013910716,"[-19.729057669556923, 61.36485448932145, 0.0, 0.0, 0.0, 0.0, -24.467544499388246, 58.43949962761703]","[-2.9677838475319387, -0.5574020617861457, 0.0]","{""Controller Type"": ""MPC Controller"", ""weight_comfort"": 1000.0, ""weight_trajectory"": 1000.0, ""weight_goal"": 100.0, ""Q"": [[1000.0, 0.0, 0.0, 0.0], [0.0, 0.0, 0.0, 0.0], [0.0, 0.0, 1000.0, 0.0], [0.0, 0.0, 0.0, 0.0]], ""R"": [[1000.0, 0.0], [0.0, 1000.0]], ""P"": [[100.0, 0.0, 0.0, 0.0], [0.0, 10000.0, 0.0, 0.0], [0.0, 0.0, 100.0, 0.0], [0.0, 0.0, 0.0, 10000.0]]}","[-0.37561054826917656, 0.010103006243203835, 0.0]",False
3,P01,8f99450e-b3b4-4bbf-a34f-dee9d88fdb64,4,1,haply,mpc,seeded_random,593114440,persist_session,10.0,1785312724.7637587,2811.825551756,0,1785312724.7538652,599,True,careful,fixed,0.08,0.08,0.0,-0.08,0.08,0.0,0.015450011999999999,0.08122767999999997,0.0,-0.080306694,-0.13569865,0.2534246,-0.023290088,4.3682794e-05,-0.00045687857,"[-19.64941411240182, 60.81029935570891, 0.0, 0.0, 0.0, 0.0, -24.367333516183983, 58.151156143105155]","[-3.727855245645075, -0.5348880303837944, 0.0]","{""Controller Type"": ""MPC Controller"", ""weight_comfort"": 1000.0, ""weight_trajectory"": 1000.0, ""weight_goal"": 100.0, ""Q"": [[1000.0, 0.0, 0.0, 0.0], [0.0, 0.0, 0.0, 0.0], [0.0, 0.0, 1000.0, 0.0], [0.0, 0.0, 0.0, 0.0]], ""R"": [[1000.0, 0.0], [0.0, 1000.0]], ""P"": [[100.0, 0.0, 0.0, 0.0], [0.0, 10000.0, 0.0, 0.0], [0.0, 0.0, 100.0, 0.0], [0.0, 0.0, 0.0, 10000.0]]}","[-0.36790462400813384, 0.010600620848297047, 0.0]",False
3,P01,8f99450e-b3b4-4bbf-a34f-dee9d88fdb64,4,1,haply,mpc,seeded_random,593114440,persist_session,10.0,1785312724.7737923,2811.835589948,0,1785312724.7635703,600,True,careful,fixed,0.08,0.08,0.0,-0.08,0.08,0.0,0.014678880000000005,0.08112908000000002,0.0,-0.08056384,-0.13569975,0.25337526,-0.023814773,3.7125294e-05,-0.00074432354,"[-19.577344733995925, 60.07022535460447, 0.0, 0.0, 0.0, 0.0, -24.26978678645689, 57.8778412153039]","[-2.919417263287225, -0.5606155973415526, 0.0]","{""Controller Type"": ""MPC Controller"", ""weight_comfort"": 1000.0, ""weight_trajectory"": 1000.0, ""weight_goal"": 100.0, ""Q"": [[1000.0, 0.0, 0.0, 0.0], [0.0, 0.0, 0.0, 0.0], [0.0, 0.0, 1000.0, 0.0], [0.0, 0.0, 0.0, 0.0]], ""R"": [[1000.0, 0.0], [0.0, 1000.0]], ""P"": [[100.0, 0.0, 0.0, 0.0], [0.0, 10000.0, 0.0, 0.0], [0.0, 0.0, 100.0, 0.0], [0.0, 0.0, 0.0, 10000.0]]}","[-0.40529553540148017, 0.012619989863489276, 0.0]",False
3,P01,8f99450e-b3b4-4bbf-a34f-dee9d88fdb64,4,1,haply,mpc,seeded_random,593114440,persist_session,10.0,1785312724.7836957,2811.845493963,0,1785312724.7738743,601,True,careful,fixed,0.08,0.08,0.0,-0.08,0.08,0.0,0.013907442000000006,0.0810304,0.0,-0.08082102,-0.13570045,0.25332567,-0.024117297,0.00033127848,-0.001636797,"[-19.540334231894867, 59.58451407620327, 0.0, 0.0, 0.0, 0.0, -24.164799147618897, 57.585451341471554]","[-2.625990961879088, -0.5265899730904098, 0.0]","{""Controller Type"": ""MPC Controller"", ""weight_comfort"": 1000.0, ""weight_trajectory"": 1000.0, ""weight_goal"": 100.0, ""Q"": [[1000.0, 0.0, 0.0, 0.0], [0.0, 0.0, 0.0, 0.0], [0.0, 0.0, 1000.0, 0.0], [0.0, 0.0, 0.0, 0.0]], ""R"": [[1000.0, 0.0], [0.0, 1000.0]], ""P"": [[100.0, 0.0, 0.0, 0.0], [0.0, 10000.0, 0.0, 0.0], [0.0, 0.0, 100.0, 0.0], [0.0, 0.0, 0.0, 10000.0]]}","[-0.4282715638434112, 0.012666599777184, 0.0]",False
3,P01,8f99450e-b3b4-4bbf-a34f-dee9d88fdb64,4,1,haply,mpc,seeded_random,593114440,persist_session,10.0,1785312724.7936857,2811.855479424,0,1785312724.7835565,602,True,careful,fixed,0.08,0.08,0.0,-0.08,0.08,0.0,0.013135902000000019,0.08093122000000003,0.0,-0.08107841,-0.13570073,0.25327596,-0.024291629,0.00065684994,-0.0023869968,"[-19.49605669404499, 59.162891968644416, 0.0, 0.0, 0.0, 0.0, -24.065844732841185, 57.317444184716535]","[-2.898707583942814, -0.5647242225197033, 0.0]","{""Controller Type"": ""MPC Controller"", ""weight_comfort"": 1000.0, ""weight_trajectory"": 1000.0, ""weight_goal"": 100.0, ""Q"": [[1000.0, 0.0, 0.0, 0.0], [0.0, 0.0, 0.0, 0.0], [0.0, 0.0, 1000.0, 0.0], [0.0, 0.0, 0.0, 0.0]], ""R"": [[1000.0, 0.0], [0.0, 1000.0]], ""P"": [[100.0, 0.0, 0.0, 0.0], [0.0, 10000.0, 0.0, 0.0], [0.0, 0.0, 100.0, 0.0], [0.0, 0.0, 0.0, 10000.0]]}","[-0.4318445139168637, 0.015376647828016581, 0.0]",False
3,P01,8f99450e-b3b4-4bbf-a34f-dee9d88fdb64,4,1,haply,mpc,seeded_random,593114440,persist_session,10.0,1785312724.8037763,2811.865574921,0,1785312724.7939658,603,True,careful,fixed,0.08,0.08,0.0,-0.08,0.08,0.0,0.012363731999999988,0.08083180000000006,0.0,-0.08129655,-0.13564955,0.25324976,-0.024455477,0.0008973299,-0.0029466061,"[-19.45812413758754, 58.683357485656195, 0.0, 0.0, 0.0, 0.0, -23.95500369569968, 57.01911411798817]","[-2.5559292369423687, -0.5246651498924674, 0.0]","{""Controller Type"": ""MPC Controller"", ""weight_comfort"": 1000.0, ""weight_trajectory"": 1000.0, ""weight_goal"": 100.0, ""Q"": [[1000.0, 0.0, 0.0, 0.0], [0.0, 0.0, 0.0, 0.0], [0.0, 0.0, 1000.0, 0.0], [0.0, 0.0, 0.0, 0.0]], ""R"": [[1000.0, 0.0], [0.0, 1000.0]], ""P"": [[100.0, 0.0, 0.0, 0.0], [0.0, 10000.0, 0.0, 0.0], [0.0, 0.0, 100.0, 0.0], [0.0, 0.0, 0.0, 10000.0]]}","[-0.45773862439444435, 0.015232618108197682, 0.0]",False
3,P01,8f99450e-b3b4-4bbf-a34f-dee9d88fdb64,4,1,haply,mpc,seeded_random,593114440,persist_session,10.0,1785312724.8137412,2811.87553209,0,1785312724.8037014,604,True,careful,fixed,0.08,0.08,0.0,-0.08,0.08,0.0,0.011709312000000013,0.0807794,0.0,-0.08155411,-0.1356491,0.25319985,-0.024574785,0.001055736,-0.003348995,"[-19.44576844440047, 58.31158904906286, 0.0, 0.0, 0.0, 0.0, -23.888450323944998, 56.82075470148829]","[-2.1363111897147156, -0.2872086519349347, 0.0]","{""Controller Type"": ""MPC Controller"", ""weight_comfort"": 1000.0, ""weight_trajectory"": 1000.0, ""weight_goal"": 100.0, ""Q"": [[1000.0, 0.0, 0.0, 0.0], [0.0, 0.0, 0.0, 0.0], [0.0, 0.0, 1000.0, 0.0], [0.0, 0.0, 0.0, 0.0]], ""R"": [[1000.0, 0.0], [0.0, 1000.0]], ""P"": [[100.0, 0.0, 0.0, 0.0], [0.0, 10000.0, 0.0, 0.0], [0.0, 0.0, 100.0, 0.0], [0.0, 0.0, 0.0, 10000.0]]}","[-0.48581250356557043, 0.006478634167935183, 0.0]",False
3,P01,8f99450e-b3b4-4bbf-a34f-dee9d88fdb64,4,1,haply,mpc,seeded_random,593114440,persist_session,10.0,1785312724.824055,2811.885801364,0,1785312724.813904,605,True,careful,fixed,0.08,0.08,0.0,-0.08,0.08,0.0,0.010936632000000002,0.08067958000000003,0.0,-0.081772245,-0.13559727,0.2531735,-0.02458408,0.0012234541,-0.0036092836,"[-19.418225538175555, 58.02184711393968, 0.0, 0.0, 0.0, 0.0, -23.86691049159655, 56.76440389677754]","[-2.628357528017328, -0.5391484809946321, 0.0]","{""Controller Type"": ""MPC Controller"", ""weight_comfort"": 1000.0, ""weight_trajectory"": 1000.0, ""weight_goal"": 100.0, ""Q"": [[1000.0, 0.0, 0.0, 0.0], [0.0, 0.0, 0.0, 0.0], [0.0, 0.0, 1000.0, 0.0], [0.0, 0.0, 0.0, 0.0]], ""R"": [[1000.0, 0.0], [0.0, 1000.0]], ""P"": [[100.0, 0.0, 0.0, 0.0], [0.0, 10000.0, 0.0, 0.0], [0.0, 0.0, 100.0, 0.0], [0.0, 0.0, 0.0, 10000.0]]}","[-0.4797713354837557, 0.018234348802309744, 0.0]",False
3,P01,8f99450e-b3b4-4bbf-a34f-dee9d88fdb64,4,1,haply,mpc,seeded_random,593114440,persist_session,10.0,1785312724.833831,2811.895624304,0,1785312724.8235505,606,True,careful,fixed,0.08,0.08,0.0,-0.08,0.08,0.0,0.010282227000000019,0.08062688000000001,0.0,-0.082029924,-0.13559598,0.25312343,-0.024537,0.0013372153,-0.0037949495,"[-19.399867667508115, 57.62584365304041, 0.0, 0.0, 0.0, 0.0, -23.791635969394328, 56.55200278308318]","[-2.1578271314985686, -0.2940386520130993, 0.0]","{""Controller Type"": ""MPC Controller"", ""weight_comfort"": 1000.0, ""weight_trajectory"": 1000.0, ""weight_goal"": 100.0, ""Q"": [[1000.0, 0.0, 0.0, 0.0], [0.0, 0.0, 0.0, 0.0], [0.0, 0.0, 1000.0, 0.0], [0.0, 0.0, 0.0, 0.0]], ""R"": [[1000.0, 0.0], [0.0, 1000.0]], ""P"": [[100.0, 0.0, 0.0, 0.0], [0.0, 10000.0, 0.0, 0.0], [0.0, 0.0, 100.0, 0.0], [0.0, 0.0, 0.0, 10000.0]]}","[-0.511168865366089, 0.008461112971968394, 0.0]",False
3,P01,8f99450e-b3b4-4bbf-a34f-dee9d88fdb64,4,1,haply,mpc,seeded_random,593114440,persist_session,10.0,1785312724.8438544,2811.905648005,0,1785312724.833982,607,True,careful,fixed,0.08,0.08,0.0,-0.08,0.08,0.0,0.009509189999999987,0.08052673999999999,0.0,-0.08218862,-0.135578,0.25309783,-0.024506398,0.0014215015,-0.003935474,"[-19.372111328419283, 57.32724095446636, 0.0, 0.0, 0.0, 0.0, -23.764650288218448, 56.48299258535598]","[-2.5143005185431364, -0.5297044815769282, 0.0]","{""Controller Type"": ""MPC Controller"", ""weight_comfort"": 1000.0, ""weight_trajectory"": 1000.0, ""weight_goal"": 100.0, ""Q"": [[1000.0, 0.0, 0.0, 0.0], [0.0, 0.0, 0.0, 0.0], [0.0, 0.0, 1000.0, 0.0], [0.0, 0.0, 0.0, 0.0]], ""R"": [[1000.0, 0.0], [0.0, 1000.0]], ""P"": [[100.0, 0.0, 0.0, 0.0], [0.0, 10000.0, 0.0, 0.0], [0.0, 0.0, 100.0, 0.0], [0.0, 0.0, 0.0, 10000.0]]}","[-0.5091505205782503, 0.02046598583049118, 0.0]",False
3,P01,8f99450e-b3b4-4bbf-a34f-dee9d88fdb64,4,1,haply,mpc,seeded_random,593114440,persist_session,10.0,1785312724.853848,2811.915632083,0,1785312724.8439121,608,True,careful,fixed,0.08,0.08,0.0,-0.08,0.08,0.0,0.009033101999999987,0.08047554000000007,0.0,-0.08234733,-0.13555983,0.2530722,-0.024376804,0.0014382023,-0.0040342454,"[-19.435470684173158, 57.101147388506035, 0.0, 0.0, 0.0, 0.0, -23.69137302607245, 56.28402807663133]","[-1.0072437347613665, -0.2789355570232689, 0.0]","{""Controller Type"": ""MPC Controller"", ""weight_comfort"": 1000.0, ""weight_trajectory"": 1000.0, ""weight_goal"": 100.0, ""Q"": [[1000.0, 0.0, 0.0, 0.0], [0.0, 0.0, 0.0, 0.0], [0.0, 0.0, 1000.0, 0.0], [0.0, 0.0, 0.0, 0.0]], ""R"": [[1000.0, 0.0], [0.0, 1000.0]], ""P"": [[100.0, 0.0, 0.0, 0.0], [0.0, 10000.0, 0.0, 0.0], [0.0, 0.0, 100.0, 0.0], [0.0, 0.0, 0.0, 10000.0]]}","[-0.5874073123595321, 0.00953777635430419, 0.0]",False
3,P01,8f99450e-b3b4-4bbf-a34f-dee9d88fdb64,4,1,haply,mpc,seeded_random,593114440,persist_session,10.0,1785312724.8637867,2811.925584122,0,1785312724.8536878,609,True,careful,fixed,0.08,0.08,0.0,-0.08,0.08,0.0,0.00855697200000001,0.08042428000000007,0.0,-0.08260518,-0.13555756,0.25302187,-0.024043677,0.0013792214,-0.0040837056,"[-19.45116126633042, 57.03717226199108, 0.0, 0.0, 0.0, 0.0, -23.6623018500685, 56.20656099251156]","[-1.055503424945568, -0.284687935488971, 0.0]","{""Controller Type"": ""MPC Controller"", ""weight_comfort"": 1000.0, ""weight_trajectory"": 1000.0, ""weight_goal"": 100.0, ""Q"": [[1000.0, 0.0, 0.0, 0.0], [0.0, 0.0, 0.0, 0.0], [0.0, 0.0, 1000.0, 0.0], [0.0, 0.0, 0.0, 0.0]], ""R"": [[1000.0, 0.0], [0.0, 1000.0]], ""P"": [[100.0, 0.0, 0.0, 0.0], [0.0, 10000.0, 0.0, 0.0], [0.0, 0.0, 100.0, 0.0], [0.0, 0.0, 0.0, 10000.0]]}","[-0.5952354648637708, 0.010469731588498205, 0.0]",False
3,P01,8f99450e-b3b4-4bbf-a34f-dee9d88fdb64,4,1,haply,mpc,seeded_random,593114440,persist_session,10.0,1785312724.8738475,2811.935631852,0,1785312724.863909,610,True,careful,fixed,0.08,0.08,0.0,-0.08,0.08,0.0,0.007783421999999998,0.08032361999999998,0.0,-0.082863115,-0.13555495,0.25297135,-0.023826664,0.0013223117,-0.0041341884,"[-19.451702324673366, 57.04203143384975, 0.0, 0.0, 0.0, 0.0, -23.641563056025593, 56.15525114237902]","[-2.609439310097069, -0.5453726226967947, 0.0]","{""Controller Type"": ""MPC Controller"", ""weight_comfort"": 1000.0, ""weight_trajectory"": 1000.0, ""weight_goal"": 100.0, ""Q"": [[1000.0, 0.0, 0.0, 0.0], [0.0, 0.0, 0.0, 0.0], [0.0, 0.0, 1000.0, 0.0], [0.0, 0.0, 0.0, 0.0]], ""R"": [[1000.0, 0.0], [0.0, 1000.0]], ""P"": [[100.0, 0.0, 0.0, 0.0], [0.0, 10000.0, 0.0, 0.0], [0.0, 0.0, 100.0, 0.0], [0.0, 0.0, 0.0, 10000.0]]}","[-0.534522730752266, 0.024886014513171965, 0.0]",False
3,P01,8f99450e-b3b4-4bbf-a34f-dee9d88fdb64,4,1,haply,mpc,seeded_random,593114440,persist_session,10.0,1785312724.8843443,2811.946126901,0,1785312724.8739583,611,True,careful,fixed,0.08,0.08,0.0,-0.08,0.08,0.0,0.007783421999999998,0.08032361999999998,0.0,-0.083022036,-0.13553616,0.25294554,-0.023600759,0.0012734943,-0.0041629295,"[-19.894006301225694, 57.67677589431455, 0.0, 0.0, 0.0, 0.0, -23.654793876471135, 56.16266737674894]","[1.7463639504111543, 0.007655164394303182, 0.0]","{""Controller Type"": ""MPC Controller"", ""weight_comfort"": 1000.0, ""weight_trajectory"": 1000.0, ""weight_goal"": 100.0, ""Q"": [[1000.0, 0.0, 0.0, 0.0], [0.0, 0.0, 0.0, 0.0], [0.0, 0.0, 1000.0, 0.0], [0.0, 0.0, 0.0, 0.0]], ""R"": [[1000.0, 0.0], [0.0, 1000.0]], ""P"": [[100.0, 0.0, 0.0, 0.0], [0.0, 10000.0, 0.0, 0.0], [0.0, 0.0, 100.0, 0.0], [0.0, 0.0, 0.0, 10000.0]]}","[-0.7493164038719823, -0.003064513750015961, 0.0]",False
3,P01,8f99450e-b3b4-4bbf-a34f-dee9d88fdb64,4,1,haply,mpc,seeded_random,593114440,persist_session,10.0,1785312724.8938262,2811.955623462,0,1785312724.8841293,612,True,careful,fixed,0.08,0.08,0.0,-0.08,0.08,0.0,0.007009616999999996,0.08022257999999999,0.0,-0.08328011,-0.13553284,0.25289482,-0.023426166,0.0012530365,-0.0041813958,"[-19.985988830414588, 58.46853138134885, 0.0, 0.0, 0.0, 0.0, -23.7500751562233, 56.394860969702655]","[-2.70931346554483, -0.5549508806357328, 0.0]","{""Controller Type"": ""MPC Controller"", ""weight_comfort"": 1000.0, ""weight_trajectory"": 1000.0, ""weight_goal"": 100.0, ""Q"": [[1000.0, 0.0, 0.0, 0.0], [0.0, 0.0, 0.0, 0.0], [0.0, 0.0, 1000.0, 0.0], [0.0, 0.0, 0.0, 0.0]], ""R"": [[1000.0, 0.0], [0.0, 1000.0]], ""P"": [[100.0, 0.0, 0.0, 0.0], [0.0, 10000.0, 0.0, 0.0], [0.0, 0.0, 100.0, 0.0], [0.0, 0.0, 0.0, 10000.0]]}","[-0.5461230699493345, 0.027044791858278242, 0.0]",False
3,P01,8f99450e-b3b4-4bbf-a34f-dee9d88fdb64,4,1,haply,mpc,seeded_random,593114440,persist_session,10.0,1785312724.903899,2811.965673397,0,1785312724.8938093,613,True,careful,fixed,0.08,0.08,0.0,-0.08,0.08,0.0,0.005758631999999986,0.08006952000000006,0.0,-0.08353837,-0.13552915,0.25284392,-0.023300732,0.0012338225,-0.004203873,"[-19.956668747739904, 58.34758676588708, 0.0, 0.0, 0.0, 0.0, -23.646435124450317, 56.14862835144641]","[-5.829009197811788, -0.8861742813475209, 0.0]","{""Controller Type"": ""MPC Controller"", ""weight_comfort"": 1000.0, ""weight_trajectory"": 1000.0, ""weight_goal"": 100.0, ""Q"": [[1000.0, 0.0, 0.0, 0.0], [0.0, 0.0, 0.0, 0.0], [0.0, 0.0, 1000.0, 0.0], [0.0, 0.0, 0.0, 0.0]], ""R"": [[1000.0, 0.0], [0.0, 1000.0]], ""P"": [[100.0, 0.0, 0.0, 0.0], [0.0, 10000.0, 0.0, 0.0], [0.0, 0.0, 100.0, 0.0], [0.0, 0.0, 0.0, 10000.0]]}","[-0.4005434968741972, 0.048491559011155726, 0.0]",False
3,P01,8f99450e-b3b4-4bbf-a34f-dee9d88fdb64,4,1,haply,mpc,seeded_random,593114440,persist_session,10.0,1785312724.9137657,2811.975559947,0,1785312724.904326,614,True,careful,fixed,0.08,0.08,0.0,-0.08,0.08,0.0,0.004983851999999997,0.07996772000000002,0.0,-0.08365752,-0.13545911,0.25284207,-0.023188928,0.0012733323,-0.0042006113,"[-19.828449429713523, 57.15228426687644, 0.0, 0.0, 0.0, 0.0, -23.390039508007497, 55.54597611407541]","[-2.5254133270429215, -0.5384342201730079, 0.0]","{""Controller Type"": ""MPC Controller"", ""weight_comfort"": 1000.0, ""weight_trajectory"": 1000.0, ""weight_goal"": 100.0, ""Q"": [[1000.0, 0.0, 0.0, 0.0], [0.0, 0.0, 0.0, 0.0], [0.0, 0.0, 1000.0, 0.0], [0.0, 0.0, 0.0, 0.0]], ""R"": [[1000.0, 0.0], [0.0, 1000.0]], ""P"": [[100.0, 0.0, 0.0, 0.0], [0.0, 10000.0, 0.0, 0.0], [0.0, 0.0, 100.0, 0.0], [0.0, 0.0, 0.0, 10000.0]]}","[-0.5855102971978673, 0.03150086679073707, 0.0]",False
3,P01,8f99450e-b3b4-4bbf-a34f-dee9d88fdb64,4,1,haply,mpc,seeded_random,593114440,persist_session,10.0,1785312724.923816,2811.985596531,0,1785312724.9140031,615,True,careful,fixed,0.08,0.08,0.0,-0.08,0.08,0.0,0.004626402000000002,0.07996401999999997,0.0,-0.08375686,-0.13547452,0.25281706,-0.022853764,0.0013131873,-0.0041458164,"[-19.948844903913113, 57.04834809370853, 0.0, 0.0, 0.0, 0.0, -23.37971100978694, 55.524318650716154]","[-0.4190212654044272, -0.022070543097591072, 0.0]","{""Controller Type"": ""MPC Controller"", ""weight_comfort"": 1000.0, ""weight_trajectory"": 1000.0, ""weight_goal"": 100.0, ""Q"": [[1000.0, 0.0, 0.0, 0.0], [0.0, 0.0, 0.0, 0.0], [0.0, 0.0, 1000.0, 0.0], [0.0, 0.0, 0.0, 0.0]], ""R"": [[1000.0, 0.0], [0.0, 1000.0]], ""P"": [[100.0, 0.0, 0.0, 0.0], [0.0, 10000.0, 0.0, 0.0], [0.0, 0.0, 100.0, 0.0], [0.0, 0.0, 0.0, 10000.0]]}","[-0.7109431290110917, 0.0016415413544539621, 0.0]",False
3,P01,8f99450e-b3b4-4bbf-a34f-dee9d88fdb64,4,1,haply,mpc,seeded_random,593114440,persist_session,10.0,1785312724.9336774,2811.995466351,0,1785312724.92402,616,True,careful,fixed,0.08,0.08,0.0,-0.08,0.08,0.0,0.004328381999999992,0.07991399999999999,0.0,-0.08405514,-0.1355204,0.25274184,-0.022216732,0.0013363187,-0.0040324745,"[-19.976037478324926, 57.048431628845876, 0.0, 0.0, 0.0, 0.0, -23.4016759031338, 55.574978930719226]","[-0.012738940912162988, -0.27952908120046494, 0.0]","{""Controller Type"": ""MPC Controller"", ""weight_comfort"": 1000.0, ""weight_trajectory"": 1000.0, ""weight_goal"": 100.0, ""Q"": [[1000.0, 0.0, 0.0, 0.0], [0.0, 0.0, 0.0, 0.0], [0.0, 0.0, 1000.0, 0.0], [0.0, 0.0, 0.0, 0.0]], ""R"": [[1000.0, 0.0], [0.0, 1000.0]], ""P"": [[100.0, 0.0, 0.0, 0.0], [0.0, 10000.0, 0.0, 0.0], [0.0, 0.0, 100.0, 0.0], [0.0, 0.0, 0.0, 10000.0]]}","[-0.7406493035648272, 0.017469767601628862, 0.0]",False
3,P01,8f99450e-b3b4-4bbf-a34f-dee9d88fdb64,4,1,haply,mpc,seeded_random,593114440,persist_session,10.0,1785312724.943779,2812.005572061,0,1785312724.9340808,617,True,careful,fixed,0.08,0.08,0.0,-0.08,0.08,0.0,0.0034335419999999978,0.07976356000000001,0.0,-0.08427376,-0.13546517,0.25271478,-0.021878457,0.0012720238,-0.0040066834,"[-20.06651740400853, 57.559186231159636, 0.0, 0.0, 0.0, 0.0, -23.456835762269503, 55.702442433368695]","[-3.445285553032952, -0.8384705637497081, 0.0]","{""Controller Type"": ""MPC Controller"", ""weight_comfort"": 1000.0, ""weight_trajectory"": 1000.0, ""weight_goal"": 100.0, ""Q"": [[1000.0, 0.0, 0.0, 0.0], [0.0, 0.0, 0.0, 0.0], [0.0, 0.0, 1000.0, 0.0], [0.0, 0.0, 0.0, 0.0]], ""R"": [[1000.0, 0.0], [0.0, 1000.0]], ""P"": [[100.0, 0.0, 0.0, 0.0], [0.0, 10000.0, 0.0, 0.0], [0.0, 0.0, 100.0, 0.0], [0.0, 0.0, 0.0, 10000.0]]}","[-0.5558149129141311, 0.05401372803791511, 0.0]",False
3,P01,8f99450e-b3b4-4bbf-a34f-dee9d88fdb64,4,1,haply,mpc,seeded_random,593114440,persist_session,10.0,1785312724.953841,2812.015636354,0,1785312724.9438078,618,True,careful,fixed,0.08,0.08,0.0,-0.08,0.08,0.0,0.0027776819999999897,0.07970944000000008,0.0,-0.08441319,-0.13553055,0.2526653,-0.021632368,0.0012188595,-0.00399354,"[-20.020046393893026, 56.974893749224755, 0.0, 0.0, 0.0, 0.0, -23.27355025638342, 55.29867112221301]","[-2.184418429136496, -0.31443828698775816, 0.0]","{""Controller Type"": ""MPC Controller"", ""weight_comfort"": 1000.0, ""weight_trajectory"": 1000.0, ""weight_goal"": 100.0, ""Q"": [[1000.0, 0.0, 0.0, 0.0], [0.0, 0.0, 0.0, 0.0], [0.0, 0.0, 1000.0, 0.0], [0.0, 0.0, 0.0, 0.0]], ""R"": [[1000.0, 0.0], [0.0, 1000.0]], ""P"": [[100.0, 0.0, 0.0, 0.0], [0.0, 10000.0, 0.0, 0.0], [0.0, 0.0, 100.0, 0.0], [0.0, 0.0, 0.0, 10000.0]]}","[-0.6391961471052046, 0.023004561137774954, 0.0]",False
3,P01,8f99450e-b3b4-4bbf-a34f-dee9d88fdb64,4,1,haply,mpc,seeded_random,593114440,persist_session,10.0,1785312724.9637284,2812.025516078,0,1785312724.9539564,619,True,careful,fixed,0.08,0.08,0.0,-0.08,0.08,0.0,0.002359392000000002,0.07961047999999998,0.0,-0.0846319,-0.1354747,0.2526382,-0.021324959,0.0011971995,-0.0039556716,"[-20.09129980133533, 56.839566695133875, 0.0, 0.0, 0.0, 0.0, -23.240266587404836, 55.224186101424685]","[-0.6880393004622238, -0.5475530034775674, 0.0]","{""Controller Type"": ""MPC Controller"", ""weight_comfort"": 1000.0, ""weight_trajectory"": 1000.0, ""weight_goal"": 100.0, ""Q"": [[1000.0, 0.0, 0.0, 0.0], [0.0, 0.0, 0.0, 0.0], [0.0, 0.0, 1000.0, 0.0], [0.0, 0.0, 0.0, 0.0]], ""R"": [[1000.0, 0.0], [0.0, 1000.0]], ""P"": [[100.0, 0.0, 0.0, 0.0], [0.0, 10000.0, 0.0, 0.0], [0.0, 0.0, 100.0, 0.0], [0.0, 0.0, 0.0, 10000.0]]}","[-0.7388703966124905, 0.039543363886895416, 0.0]",False
3,P01,8f99450e-b3b4-4bbf-a34f-dee9d88fdb64,4,1,haply,mpc,seeded_random,593114440,persist_session,10.0,1785312724.9739504,2812.03572984,0,1785312724.964012,620,True,careful,fixed,0.08,0.08,0.0,-0.08,0.08,0.0,0.001703262000000011,0.07955627999999998,0.0,-0.084851146,-0.13552706,0.25264928,-0.021062583,0.001155834,-0.0039323918,"[-20.09415778252976, 56.88015345604624, 0.0, 0.0, 0.0, 0.0, -23.132018262287314, 54.99442417261714]","[-2.0697050641629855, -0.3066875236284246, 0.0]","{""Controller Type"": ""MPC Controller"", ""weight_comfort"": 1000.0, ""weight_trajectory"": 1000.0, ""weight_goal"": 100.0, ""Q"": [[1000.0, 0.0, 0.0, 0.0], [0.0, 0.0, 0.0, 0.0], [0.0, 0.0, 1000.0, 0.0], [0.0, 0.0, 0.0, 0.0]], ""R"": [[1000.0, 0.0], [0.0, 1000.0]], ""P"": [[100.0, 0.0, 0.0, 0.0], [0.0, 10000.0, 0.0, 0.0], [0.0, 0.0, 100.0, 0.0], [0.0, 0.0, 0.0, 10000.0]]}","[-0.6619588017288832, 0.02519981312681937, 0.0]",False
3,P01,8f99450e-b3b4-4bbf-a34f-dee9d88fdb64,4,1,haply,mpc,seeded_random,593114440,persist_session,10.0,1785312724.9838622,2812.045654556,0,1785312724.9739063,621,True,careful,fixed,0.08,0.08,0.0,-0.08,0.08,0.0,0.0010455239999999921,0.07957843999999997,0.0,-0.08505042,-0.13555646,0.25259858,-0.020922877,0.0010439453,-0.003894687,"[-20.07195104481732, 56.61545526408032, 0.0, 0.0, 0.0, 0.0, -23.15468077991993, 55.07008006438255]","[-2.136826019422166, 0.11357701785980108, 0.0]","{""Controller Type"": ""MPC Controller"", ""weight_comfort"": 1000.0, ""weight_trajectory"": 1000.0, ""weight_goal"": 100.0, ""Q"": [[1000.0, 0.0, 0.0, 0.0], [0.0, 0.0, 0.0, 0.0], [0.0, 0.0, 1000.0, 0.0], [0.0, 0.0, 0.0, 0.0]], ""R"": [[1000.0, 0.0], [0.0, 1000.0]], ""P"": [[100.0, 0.0, 0.0, 0.0], [0.0, 10000.0, 0.0, 0.0], [0.0, 0.0, 100.0, 0.0], [0.0, 0.0, 0.0, 10000.0]]}","[-0.6660312128070006, -0.0031301178485864767, 0.0]",False
3,P01,8f99450e-b3b4-4bbf-a34f-dee9d88fdb64,4,1,haply,mpc,seeded_random,593114440,persist_session,10.0,1785312724.9938273,2812.055615545,0,1785312724.9838774,622,True,careful,fixed,0.08,0.08,0.0,-0.08,0.08,0.0,0.00044770199999999427,0.07947704000000005,0.0,-0.08530945,-0.13554996,0.25254676,-0.0208512,0.0009335089,-0.0038648087,"[-20.063986478996096, 56.35192358188413, 0.0, 0.0, 0.0, 0.0, -23.331309725520004, 55.459543987862425]","[-1.7644903639082934, -0.5761886828628588, 0.0]","{""Controller Type"": ""MPC Controller"", ""weight_comfort"": 1000.0, ""weight_trajectory"": 1000.0, ""weight_goal"": 100.0, ""Q"": [[1000.0, 0.0, 0.0, 0.0], [0.0, 0.0, 0.0, 0.0], [0.0, 0.0, 1000.0, 0.0], [0.0, 0.0, 0.0, 0.0]], ""R"": [[1000.0, 0.0], [0.0, 1000.0]], ""P"": [[100.0, 0.0, 0.0, 0.0], [0.0, 10000.0, 0.0, 0.0], [0.0, 0.0, 100.0, 0.0], [0.0, 0.0, 0.0, 10000.0]]}","[-0.698448891380461, 0.04572305077893736, 0.0]",False
3,P01,8f99450e-b3b4-4bbf-a34f-dee9d88fdb64,4,1,haply,mpc,seeded_random,593114440,persist_session,10.0,1785312725.0037684,2812.065564783,0,1785312724.9936914,623,True,careful,fixed,0.08,0.08,0.0,-0.08,0.08,0.0,-0.000329387999999986,0.07937339999999998,0.0,-0.085608825,-0.13558847,0.2526183,-0.020878037,0.0007038044,-0.0038578282,"[-20.038578143290405, 56.193253169250006, 0.0, 0.0, 0.0, 0.0, -23.176603681944645, 55.121837792957585]","[-2.8529852208640984, -0.5966310103885462, 0.0]","{""Controller Type"": ""MPC Controller"", ""weight_comfort"": 1000.0, ""weight_trajectory"": 1000.0, ""weight_goal"": 100.0, ""Q"": [[1000.0, 0.0, 0.0, 0.0], [0.0, 0.0, 0.0, 0.0], [0.0, 0.0, 1000.0, 0.0], [0.0, 0.0, 0.0, 0.0]], ""R"": [[1000.0, 0.0], [0.0, 1000.0]], ""P"": [[100.0, 0.0, 0.0, 0.0], [0.0, 10000.0, 0.0, 0.0], [0.0, 0.0, 100.0, 0.0], [0.0, 0.0, 0.0, 10000.0]]}","[-0.632370584551357, 0.049865821379503246, 0.0]",False
3,P01,8f99450e-b3b4-4bbf-a34f-dee9d88fdb64,4,1,haply,mpc,seeded_random,593114440,persist_session,10.0,1785312725.013663,2812.075458709,0,1785312725.0038772,624,True,careful,fixed,0.08,0.08,0.0,-0.08,0.08,0.0,-0.0012275129999999995,0.07951648000000006,0.0,-0.08584793,-0.13555357,0.2526526,-0.021227738,0.0003524407,-0.0039043091,"[-19.93913350386119, 55.67997080501167, 0.0, 0.0, 0.0, 0.0, -23.684812752223777, 56.388168379653024]","[-3.338922289848912, 0.7806392286502964, 0.0]","{""Controller Type"": ""MPC Controller"", ""weight_comfort"": 1000.0, ""weight_trajectory"": 1000.0, ""weight_goal"": 100.0, ""Q"": [[1000.0, 0.0, 0.0, 0.0], [0.0, 0.0, 0.0, 0.0], [0.0, 0.0, 1000.0, 0.0], [0.0, 0.0, 0.0, 0.0]], ""R"": [[1000.0, 0.0], [0.0, 1000.0]], ""P"": [[100.0, 0.0, 0.0, 0.0], [0.0, 10000.0, 0.0, 0.0], [0.0, 0.0, 100.0, 0.0], [0.0, 0.0, 0.0, 10000.0]]}","[-0.6039279305937761, -0.050485473808356426, 0.0]",False
3,P01,8f99450e-b3b4-4bbf-a34f-dee9d88fdb64,4,1,haply,mpc,seeded_random,593114440,persist_session,10.0,1785312725.0238552,2812.085651303,0,1785312725.0140119,625,True,careful,fixed,0.08,0.08,0.0,-0.08,0.08,0.0,-0.0019448280000000095,0.07958508000000003,0.0,-0.086127535,-0.13556847,0.25266224,-0.02151408,0.00027642676,-0.0038025435,"[-19.863354759682924, 55.081474527622774, 0.0, 0.0, 0.0, 0.0, -23.53166325622726, 55.989351573693305]","[-2.3481267414962286, 0.3692184193456252, 0.0]","{""Controller Type"": ""MPC Controller"", ""weight_comfort"": 1000.0, ""weight_trajectory"": 1000.0, ""weight_goal"": 100.0, ""Q"": [[1000.0, 0.0, 0.0, 0.0], [0.0, 0.0, 0.0, 0.0], [0.0, 0.0, 1000.0, 0.0], [0.0, 0.0, 0.0, 0.0]], ""R"": [[1000.0, 0.0], [0.0, 1000.0]], ""P"": [[100.0, 0.0, 0.0, 0.0], [0.0, 10000.0, 0.0, 0.0], [0.0, 0.0, 100.0, 0.0], [0.0, 0.0, 0.0, 10000.0]]}","[-0.6811356495997958, -0.022366009832793576, 0.0]",False
3,P01,8f99450e-b3b4-4bbf-a34f-dee9d88fdb64,4,1,haply,mpc,seeded_random,593114440,persist_session,10.0,1785312725.0338748,2812.095658402,0,1785312725.0238402,626,True,careful,fixed,0.08,0.08,0.0,-0.08,0.08,0.0,-0.002783643000000016,0.07960435999999999,0.0,-0.086447716,-0.13563296,0.25264704,-0.021988606,-6.201627e-05,-0.0028503134,"[-19.80038462663124, 54.75181654974586, 0.0, 0.0, 0.0, 0.0, -23.514770511494252, 55.9303562866489]","[-3.1439707641410015, 0.10041386922279452, 0.0]","{""Controller Type"": ""MPC Controller"", ""weight_comfort"": 1000.0, ""weight_trajectory"": 1000.0, ""weight_goal"": 100.0, ""Q"": [[1000.0, 0.0, 0.0, 0.0], [0.0, 0.0, 0.0, 0.0], [0.0, 0.0, 1000.0, 0.0], [0.0, 0.0, 0.0, 0.0]], ""R"": [[1000.0, 0.0], [0.0, 1000.0]], ""P"": [[100.0, 0.0, 0.0, 0.0], [0.0, 10000.0, 0.0, 0.0], [0.0, 0.0, 100.0, 0.0], [0.0, 0.0, 0.0, 10000.0]]}","[-0.6259567383590886, -0.002734289933287334, 0.0]",False
3,P01,8f99450e-b3b4-4bbf-a34f-dee9d88fdb64,4,1,haply,mpc,seeded_random,593114440,persist_session,10.0,1785312725.0436602,2812.105450965,0,1785312725.0340652,627,True,careful,fixed,0.08,0.08,0.0,-0.08,0.08,0.0,-0.0037441859999999827,0.07957396,0.0,-0.08672755,-0.13564682,0.2526564,-0.0227016,-0.00062885694,-0.0017703852,"[-19.664848624239895, 54.12725862700157, 0.0, 0.0, 0.0, 0.0, -23.542188919564037, 55.984456766571384]","[-3.585161400448567, -0.17647665236287433, 0.0]","{""Controller Type"": ""MPC Controller"", ""weight_comfort"": 1000.0, ""weight_trajectory"": 1000.0, ""weight_goal"": 100.0, ""Q"": [[1000.0, 0.0, 0.0, 0.0], [0.0, 0.0, 0.0, 0.0], [0.0, 0.0, 1000.0, 0.0], [0.0, 0.0, 0.0, 0.0]], ""R"": [[1000.0, 0.0], [0.0, 1000.0]], ""P"": [[100.0, 0.0, 0.0, 0.0], [0.0, 10000.0, 0.0, 0.0], [0.0, 0.0, 100.0, 0.0], [0.0, 0.0, 0.0, 10000.0]]}","[-0.5933881391260007, 0.019258438826257836, 0.0]",False
3,P01,8f99450e-b3b4-4bbf-a34f-dee9d88fdb64,4,1,haply,mpc,seeded_random,593114440,persist_session,10.0,1785312725.0541093,2812.115888223,0,1785312725.0439239,628,True,careful,fixed,0.08,0.08,0.0,-0.08,0.08,0.0,-0.004583688000000002,0.07959268000000003,0.0,-0.08702797,-0.13568279,0.25272754,-0.023404676,-0.0009872053,-0.0009417294,"[-19.512663835431578, 53.3516067469779, 0.0, 0.0, 0.0, 0.0, -23.552874341334878, 56.0230803899482]","[-3.071540797918179, 0.09678576561323012, 0.0]","{""Controller Type"": ""MPC Controller"", ""weight_comfort"": 1000.0, ""weight_trajectory"": 1000.0, ""weight_goal"": 100.0, ""Q"": [[1000.0, 0.0, 0.0, 0.0], [0.0, 0.0, 0.0, 0.0], [0.0, 0.0, 1000.0, 0.0], [0.0, 0.0, 0.0, 0.0]], ""R"": [[1000.0, 0.0], [0.0, 1000.0]], ""P"": [[100.0, 0.0, 0.0, 0.0], [0.0, 10000.0, 0.0, 0.0], [0.0, 0.0, 100.0, 0.0], [0.0, 0.0, 0.0, 10000.0]]}","[-0.6354557960835568, -0.002421463057561043, 0.0]",False
3,P01,8f99450e-b3b4-4bbf-a34f-dee9d88fdb64,4,1,haply,mpc,seeded_random,593114440,persist_session,10.0,1785312725.0637944,2812.12558918,0,1785312725.0539398,629,True,careful,fixed,0.08,0.08,0.0,-0.08,0.08,0.0,-0.004583688000000002,0.07959268000000003,0.0,-0.08728797,-0.13566837,0.25282356,-0.024166916,-0.0011493722,-0.00025013823,"[-20.000855435731435, 54.0197819719879, 0.0, 0.0, 0.0, 0.0, -23.556189257909107, 56.02483464592846]","[1.508390753808018, -0.009594907008530947, 0.0]","{""Controller Type"": ""MPC Controller"", ""weight_comfort"": 1000.0, ""weight_trajectory"": 1000.0, ""weight_goal"": 100.0, ""Q"": [[1000.0, 0.0, 0.0, 0.0], [0.0, 0.0, 0.0, 0.0], [0.0, 0.0, 1000.0, 0.0], [0.0, 0.0, 0.0, 0.0]], ""R"": [[1000.0, 0.0], [0.0, 1000.0]], ""P"": [[100.0, 0.0, 0.0, 0.0], [0.0, 10000.0, 0.0, 0.0], [0.0, 0.0, 100.0, 0.0], [0.0, 0.0, 0.0, 10000.0]]}","[-1.0174235439364403, 0.006096010679985594, 0.0]",False
3,P01,8f99450e-b3b4-4bbf-a34f-dee9d88fdb64,4,1,haply,mpc,seeded_random,593114440,persist_session,10.0,1785312725.0739653,2812.135755067,0,1785312725.064121,630,True,careful,fixed,0.08,0.08,0.0,-0.08,0.08,0.0,-0.00626494800000002,0.07992700000000003,0.0,-0.08768908,-0.13571656,0.25286877,-0.025098482,-0.0012875065,0.0006499607,"[-21.159462174633507, 57.87997148616974, 0.0, 0.0, 0.0, 0.0, -24.584212042865758, 58.46300370006224]","[-7.997754919091601, 1.9179567879203192, 0.0]","{""Controller Type"": ""MPC Controller"", ""weight_comfort"": 1000.0, ""weight_trajectory"": 1000.0, ""weight_goal"": 100.0, ""Q"": [[1000.0, 0.0, 0.0, 0.0], [0.0, 0.0, 0.0, 0.0], [0.0, 0.0, 1000.0, 0.0], [0.0, 0.0, 0.0, 0.0]], ""R"": [[1000.0, 0.0], [0.0, 1000.0]], ""P"": [[100.0, 0.0, 0.0, 0.0], [0.0, 10000.0, 0.0, 0.0], [0.0, 0.0, 100.0, 0.0], [0.0, 0.0, 0.0, 10000.0]]}","[-0.26531732477676706, -0.15270517047306206, 0.0]",False
3,P01,8f99450e-b3b4-4bbf-a34f-dee9d88fdb64,4,1,haply,mpc,seeded_random,593114440,persist_session,10.0,1785312725.0841837,2812.145976098,0,1785312725.0738268,631,True,careful,fixed,0.08,0.08,0.0,-0.08,0.08,0.0,-0.00626494800000002,0.07992700000000003,0.0,-0.08786935,-0.13571543,0.2529038,-0.026083719,-0.0013382861,0.0015189943,"[-22.19281007856315, 59.25265895650422, 0.0, 0.0, 0.0, 0.0, -24.595341305839458, 58.468626952429425]","[1.6363880051689774, -0.0017954599153256867, 0.0]","{""Controller Type"": ""MPC Controller"", ""weight_comfort"": 1000.0, ""weight_trajectory"": 1000.0, ""weight_goal"": 100.0, ""Q"": [[1000.0, 0.0, 0.0, 0.0], [0.0, 0.0, 0.0, 0.0], [0.0, 0.0, 1000.0, 0.0], [0.0, 0.0, 0.0, 0.0]], ""R"": [[1000.0, 0.0], [0.0, 1000.0]], ""P"": [[100.0, 0.0, 0.0, 0.0], [0.0, 10000.0, 0.0, 0.0], [0.0, 0.0, 100.0, 0.0], [0.0, 0.0, 0.0, 10000.0]]}","[-1.0389941392503619, 0.001141130877119202, 0.0]",False
3,P01,8f99450e-b3b4-4bbf-a34f-dee9d88fdb64,4,1,haply,mpc,seeded_random,593114440,persist_session,10.0,1785312725.0940294,2812.155813904,0,1785312725.0837984,632,True,careful,fixed,0.08,0.08,0.0,-0.08,0.08,0.0,-0.007468278000000009,0.08001742000000006,0.0,-0.088230155,-0.13571244,0.2529738,-0.026613306,-0.0014066744,0.002189871,"[-22.702109206826666, 61.17242218351979, 0.0, 0.0, 0.0, 0.0, -24.673919996535734, 58.65379426769334]","[-5.735389150339834, 0.5322869095521245, 0.0]","{""Controller Type"": ""MPC Controller"", ""weight_comfort"": 1000.0, ""weight_trajectory"": 1000.0, ""weight_goal"": 100.0, ""Q"": [[1000.0, 0.0, 0.0, 0.0], [0.0, 0.0, 0.0, 0.0], [0.0, 0.0, 1000.0, 0.0], [0.0, 0.0, 0.0, 0.0]], ""R"": [[1000.0, 0.0], [0.0, 1000.0]], ""P"": [[100.0, 0.0, 0.0, 0.0], [0.0, 10000.0, 0.0, 0.0], [0.0, 0.0, 100.0, 0.0], [0.0, 0.0, 0.0, 10000.0]]}","[-0.4699471196975259, -0.044000429122409236, 0.0]",False
3,P01,8f99450e-b3b4-4bbf-a34f-dee9d88fdb64,4,1,haply,mpc,seeded_random,593114440,persist_session,10.0,1785312725.1037028,2812.165489765,0,1785312725.093864,633,True,careful,fixed,0.08,0.08,0.0,-0.08,0.08,0.0,-0.008009087999999998,0.08008748000000004,0.0,-0.088410586,-0.13571066,0.25300884,-0.026987556,-0.0014030217,0.0027034709,"[-22.713523252344405, 60.48178325949574, 0.0, 0.0, 0.0, 0.0, -24.572901087805896, 58.41960940531644]","[-1.6144450473047278, 0.4087717861052728, 0.0]","{""Controller Type"": ""MPC Controller"", ""weight_comfort"": 1000.0, ""weight_trajectory"": 1000.0, ""weight_goal"": 100.0, ""Q"": [[1000.0, 0.0, 0.0, 0.0], [0.0, 0.0, 0.0, 0.0], [0.0, 0.0, 1000.0, 0.0], [0.0, 0.0, 0.0, 0.0]], ""R"": [[1000.0, 0.0], [0.0, 1000.0]], ""P"": [[100.0, 0.0, 0.0, 0.0], [0.0, 10000.0, 0.0, 0.0], [0.0, 0.0, 100.0, 0.0], [0.0, 0.0, 0.0, 10000.0]]}","[-0.7945635219747016, -0.035397785379261026, 0.0]",False
3,P01,8f99450e-b3b4-4bbf-a34f-dee9d88fdb64,4,1,haply,mpc,seeded_random,593114440,persist_session,10.0,1785312725.1138358,2812.175615482,0,1785312725.104106,634,True,careful,fixed,0.08,0.08,0.0,-0.08,0.08,0.0,-0.009632795999999999,0.08029756000000005,0.0,-0.08861152,-0.13573098,0.25310588,-0.027134407,-0.0014388816,0.003063188,"[-22.98039587709744, 61.36643262150829, 0.0, 0.0, 0.0, 0.0, -24.62855775738983, 58.54825526727918]","[-8.111630376657466, 1.2082496896996655, 0.0]","{""Controller Type"": ""MPC Controller"", ""weight_comfort"": 1000.0, ""weight_trajectory"": 1000.0, ""weight_goal"": 100.0, ""Q"": [[1000.0, 0.0, 0.0, 0.0], [0.0, 0.0, 0.0, 0.0], [0.0, 0.0, 1000.0, 0.0], [0.0, 0.0, 0.0, 0.0]], ""R"": [[1000.0, 0.0], [0.0, 1000.0]], ""P"": [[100.0, 0.0, 0.0, 0.0], [0.0, 10000.0, 0.0, 0.0], [0.0, 0.0, 100.0, 0.0], [0.0, 0.0, 0.0, 10000.0]]}","[-0.2682691094726063, -0.10864394587055748, 0.0]",False
3,P01,8f99450e-b3b4-4bbf-a34f-dee9d88fdb64,4,1,haply,mpc,seeded_random,593114440,persist_session,10.0,1785312725.123746,2812.185543198,0,1785312725.1136642,635,True,careful,fixed,0.08,0.08,0.0,-0.08,0.08,0.0,-0.010235597999999999,0.08049164000000003,0.0,-0.08873245,-0.1357659,0.25314194,-0.026945943,-0.0012532508,0.0034574396,"[-22.86082451777913, 60.03362108505796, 0.0, 0.0, 0.0, 0.0, -24.05437418703241, 57.240655037234674]","[-2.191236897558947, 1.1741019768708922, 0.0]","{""Controller Type"": ""MPC Controller"", ""weight_comfort"": 1000.0, ""weight_trajectory"": 1000.0, ""weight_goal"": 100.0, ""Q"": [[1000.0, 0.0, 0.0, 0.0], [0.0, 0.0, 0.0, 0.0], [0.0, 0.0, 1000.0, 0.0], [0.0, 0.0, 0.0, 0.0]], ""R"": [[1000.0, 0.0], [0.0, 1000.0]], ""P"": [[100.0, 0.0, 0.0, 0.0], [0.0, 10000.0, 0.0, 0.0], [0.0, 0.0, 100.0, 0.0], [0.0, 0.0, 0.0, 10000.0]]}","[-0.7503443846673742, -0.11220493349031427, 0.0]",False
3,P01,8f99450e-b3b4-4bbf-a34f-dee9d88fdb64,4,1,haply,mpc,seeded_random,593114440,persist_session,10.0,1785312725.1338017,2812.195601061,0,1785312725.123887,636,True,careful,fixed,0.08,0.08,0.0,-0.08,0.08,0.0,-0.010598388000000014,0.08056376000000004,0.0,-0.088913076,-0.13576348,0.2531769,-0.026006876,-0.0011307248,0.0038957,"[-22.931522155578705, 59.94783383417585, 0.0, 0.0, 0.0, 0.0, -23.74345942692255, 56.58761677978169]","[-0.5359400472536047, 0.4125966191141659, 0.0]","{""Controller Type"": ""MPC Controller"", ""weight_comfort"": 1000.0, ""weight_trajectory"": 1000.0, ""weight_goal"": 100.0, ""Q"": [[1000.0, 0.0, 0.0, 0.0], [0.0, 0.0, 0.0, 0.0], [0.0, 0.0, 1000.0, 0.0], [0.0, 0.0, 0.0, 0.0]], ""R"": [[1000.0, 0.0], [0.0, 1000.0]], ""P"": [[100.0, 0.0, 0.0, 0.0], [0.0, 10000.0, 0.0, 0.0], [0.0, 0.0, 100.0, 0.0], [0.0, 0.0, 0.0, 10000.0]]}","[-0.8919763228532834, -0.04600751264987736, 0.0]",False
3,P01,8f99450e-b3b4-4bbf-a34f-dee9d88fdb64,4,1,haply,mpc,seeded_random,593114440,persist_session,10.0,1785312725.1438155,2812.205605897,0,1785312725.1337104,637,True,careful,fixed,0.08,0.08,0.0,-0.08,0.08,0.0,-0.011140265999999982,0.08063367999999999,0.0,-0.08925591,-0.13584523,0.25322264,-0.024966406,-0.0014674192,0.004114271,"[-22.93194076659264, 59.97161227145967, 0.0, 0.0, 0.0, 0.0, -23.666760718668765, 56.42849609016348]","[-1.729090516946425, 0.41664135513561606, 0.0]","{""Controller Type"": ""MPC Controller"", ""weight_comfort"": 1000.0, ""weight_trajectory"": 1000.0, ""weight_goal"": 100.0, ""Q"": [[1000.0, 0.0, 0.0, 0.0], [0.0, 0.0, 0.0, 0.0], [0.0, 0.0, 1000.0, 0.0], [0.0, 0.0, 0.0, 0.0]], ""R"": [[1000.0, 0.0], [0.0, 1000.0]], ""P"": [[100.0, 0.0, 0.0, 0.0], [0.0, 10000.0, 0.0, 0.0], [0.0, 0.0, 100.0, 0.0], [0.0, 0.0, 0.0, 10000.0]]}","[-0.7902542915187037, -0.04801718939841336, 0.0]",False
3,P01,8f99450e-b3b4-4bbf-a34f-dee9d88fdb64,4,1,haply,mpc,seeded_random,593114440,persist_session,10.0,1785312725.153994,2812.215793628,0,1785312725.1438396,638,True,careful,fixed,0.08,0.08,0.0,-0.08,0.08,0.0,-0.012168767999999983,0.08072516000000002,0.0,-0.089516826,-0.13582703,0.25331876,-0.024515029,-0.0017606159,0.0042739846,"[-22.9344229240467, 59.98161284482784, 0.0, 0.0, 0.0, 0.0, -23.588026923565405, 56.26320603410553]","[-4.53475431063558, 0.525235184137925, 0.0]","{""Controller Type"": ""MPC Controller"", ""weight_comfort"": 1000.0, ""weight_trajectory"": 1000.0, ""weight_goal"": 100.0, ""Q"": [[1000.0, 0.0, 0.0, 0.0], [0.0, 0.0, 0.0, 0.0], [0.0, 0.0, 1000.0, 0.0], [0.0, 0.0, 0.0, 0.0]], ""R"": [[1000.0, 0.0], [0.0, 1000.0]], ""P"": [[100.0, 0.0, 0.0, 0.0], [0.0, 10000.0, 0.0, 0.0], [0.0, 0.0, 100.0, 0.0], [0.0, 0.0, 0.0, 10000.0]]}","[-0.5427992993356701, -0.060657142403177294, 0.0]",False
3,P01,8f99450e-b3b4-4bbf-a34f-dee9d88fdb64,4,1,haply,mpc,seeded_random,593114440,persist_session,10.0,1785312725.1637585,2812.225546872,0,1785312725.1536314,639,True,careful,fixed,0.08,0.08,0.0,-0.08,0.08,0.0,-0.012951515999999982,0.08091739999999997,0.0,-0.08963805,-0.13586132,0.25335473,-0.024361175,-0.0018421425,0.004502025,"[-22.763703870301978, 59.10684188441881, 0.0, 0.0, 0.0, 0.0, -23.567607215261386, 56.218231539277454]","[-3.1986532141574076, 1.1253338758928382, 0.0]","{""Controller Type"": ""MPC Controller"", ""weight_comfort"": 1000.0, ""weight_trajectory"": 1000.0, ""weight_goal"": 100.0, ""Q"": [[1000.0, 0.0, 0.0, 0.0], [0.0, 0.0, 0.0, 0.0], [0.0, 0.0, 1000.0, 0.0], [0.0, 0.0, 0.0, 0.0]], ""R"": [[1000.0, 0.0], [0.0, 1000.0]], ""P"": [[100.0, 0.0, 0.0, 0.0], [0.0, 10000.0, 0.0, 0.0], [0.0, 0.0, 100.0, 0.0], [0.0, 0.0, 0.0, 10000.0]]}","[-0.6532691436408141, -0.12180149252636222, 0.0]",False
3,P01,8f99450e-b3b4-4bbf-a34f-dee9d88fdb64,4,1,haply,mpc,seeded_random,593114440,persist_session,10.0,1785312725.1738012,2812.235596397,0,1785312725.163946,640,True,careful,fixed,0.08,0.08,0.0,-0.08,0.08,0.0,-0.013315187999999992,0.08098933999999997,0.0,-0.08977964,-0.13591753,0.25345296,-0.023760447,-0.0019492308,0.004781878,"[-22.863218340891663, 58.97148629592832, 0.0, 0.0, 0.0, 0.0, -23.243209358705098, 55.59077553320479]","[-0.5546135939048953, 0.4107228233766155, 0.0]","{""Controller Type"": ""MPC Controller"", ""weight_comfort"": 1000.0, ""weight_trajectory"": 1000.0, ""weight_goal"": 100.0, ""Q"": [[1000.0, 0.0, 0.0, 0.0], [0.0, 0.0, 0.0, 0.0], [0.0, 0.0, 1000.0, 0.0], [0.0, 0.0, 0.0, 0.0]], ""R"": [[1000.0, 0.0], [0.0, 1000.0]], ""P"": [[100.0, 0.0, 0.0, 0.0], [0.0, 10000.0, 0.0, 0.0], [0.0, 0.0, 100.0, 0.0], [0.0, 0.0, 0.0, 10000.0]]}","[-0.8924374408016521, -0.05547655060420909, 0.0]",False
3,P01,8f99450e-b3b4-4bbf-a34f-dee9d88fdb64,4,1,haply,mpc,seeded_random,593114440,persist_session,10.0,1785312725.1837368,2812.245529676,0,1785312725.173598,641,True,careful,fixed,0.08,0.08,0.0,-0.08,0.08,0.0,-0.013739957999999983,0.08118580000000003,0.0,-0.09006157,-0.1359259,0.25346157,-0.023225274,-0.0020854927,0.0050023557,"[-22.86491077577483, 58.96202989577151, 0.0, 0.0, 0.0, 0.0, -23.354279144246654, 55.8313069939569]","[-1.0797632540737088, 1.164086171711633, 0.0]","{""Controller Type"": ""MPC Controller"", ""weight_comfort"": 1000.0, ""weight_trajectory"": 1000.0, ""weight_goal"": 100.0, ""Q"": [[1000.0, 0.0, 0.0, 0.0], [0.0, 0.0, 0.0, 0.0], [0.0, 0.0, 1000.0, 0.0], [0.0, 0.0, 0.0, 0.0]], ""R"": [[1000.0, 0.0], [0.0, 1000.0]], ""P"": [[100.0, 0.0, 0.0, 0.0], [0.0, 10000.0, 0.0, 0.0], [0.0, 0.0, 100.0, 0.0], [0.0, 0.0, 0.0, 10000.0]]}","[-0.8439289295484749, -0.1321296453588011, 0.0]",False
3,P01,8f99450e-b3b4-4bbf-a34f-dee9d88fdb64,4,1,haply,mpc,seeded_random,593114440,persist_session,10.0,1785312725.1936898,2812.255487176,0,1785312725.1840732,642,True,careful,fixed,0.08,0.08,0.0,-0.08,0.08,0.0,-0.014585747999999982,0.08120302000000007,0.0,-0.090263225,-0.13594425,0.25355875,-0.022920234,-0.0022477813,0.005106181,"[-22.873115559499762, 59.00184780201988, 0.0, 0.0, 0.0, 0.0, -23.180616401476367, 55.62224825720528]","[-3.2677261310359667, 0.11932355705309412, 0.0]","{""Controller Type"": ""MPC Controller"", ""weight_comfort"": 1000.0, ""weight_trajectory"": 1000.0, ""weight_goal"": 100.0, ""Q"": [[1000.0, 0.0, 0.0, 0.0], [0.0, 0.0, 0.0, 0.0], [0.0, 0.0, 1000.0, 0.0], [0.0, 0.0, 0.0, 0.0]], ""R"": [[1000.0, 0.0], [0.0, 1000.0]], ""P"": [[100.0, 0.0, 0.0, 0.0], [0.0, 10000.0, 0.0, 0.0], [0.0, 0.0, 100.0, 0.0], [0.0, 0.0, 0.0, 10000.0]]}","[-0.6385484184059677, -0.031145560891676995, 0.0]",False
3,P01,8f99450e-b3b4-4bbf-a34f-dee9d88fdb64,4,1,haply,mpc,seeded_random,593114440,persist_session,10.0,1785312725.203699,2812.265492106,0,1785312725.1935742,643,True,careful,fixed,0.08,0.08,0.0,-0.08,0.08,0.0,-0.015190713000000008,0.08139738000000002,0.0,-0.09042391,-0.13591816,0.25353128,-0.022621965,-0.0022400715,0.005276262,"[-22.814294175387015, 58.536931799634694, 0.0, 0.0, 0.0, 0.0, -23.581186900403274, 56.476932610460146]","[-2.248699840856318, 1.1882912425086776, 0.0]","{""Controller Type"": ""MPC Controller"", ""weight_comfort"": 1000.0, ""weight_trajectory"": 1000.0, ""weight_goal"": 100.0, ""Q"": [[1000.0, 0.0, 0.0, 0.0], [0.0, 0.0, 0.0, 0.0], [0.0, 0.0, 1000.0, 0.0], [0.0, 0.0, 0.0, 0.0]], ""R"": [[1000.0, 0.0], [0.0, 1000.0]], ""P"": [[100.0, 0.0, 0.0, 0.0], [0.0, 10000.0, 0.0, 0.0], [0.0, 0.0, 100.0, 0.0], [0.0, 0.0, 0.0, 10000.0]]}","[-0.728805005469443, -0.13948751252826816, 0.0]",False
3,P01,8f99450e-b3b4-4bbf-a34f-dee9d88fdb64,4,1,haply,mpc,seeded_random,593114440,persist_session,10.0,1785312725.2138262,2812.275623487,0,1785312725.2039733,644,True,careful,fixed,0.08,0.08,0.0,-0.08,0.08,0.0,-0.01567276799999999,0.08134244000000007,0.0,-0.09054547,-0.1359519,0.25356722,-0.022177165,-0.0020439615,0.0055097383,"[-22.8303237083042, 58.353350266832756, 0.0, 0.0, 0.0, 0.0, -23.689041464189465, 57.00184264528798]","[-1.2363836815406504, -0.26934804819018415, 0.0]","{""Controller Type"": ""MPC Controller"", ""weight_comfort"": 1000.0, ""weight_trajectory"": 1000.0, ""weight_goal"": 100.0, ""Q"": [[1000.0, 0.0, 0.0, 0.0], [0.0, 0.0, 0.0, 0.0], [0.0, 0.0, 1000.0, 0.0], [0.0, 0.0, 0.0, 0.0]], ""R"": [[1000.0, 0.0], [0.0, 1000.0]], ""P"": [[100.0, 0.0, 0.0, 0.0], [0.0, 10000.0, 0.0, 0.0], [0.0, 0.0, 100.0, 0.0], [0.0, 0.0, 0.0, 10000.0]]}","[-0.8223997796696204, 0.004495199473160993, 0.0]",False
3,P01,8f99450e-b3b4-4bbf-a34f-dee9d88fdb64,4,1,haply,mpc,seeded_random,593114440,persist_session,10.0,1785312725.2237244,2812.28552264,0,1785312725.21358,645,True,careful,fixed,0.08,0.08,0.0,-0.08,0.08,0.0,-0.01603744800000001,0.08141431999999998,0.0,-0.09076597,-0.1358876,0.25353867,-0.021572094,-0.0017814673,0.0052646887,"[-22.85498296177285, 58.290843163901826, 0.0, 0.0, 0.0, 0.0, -23.883871877590487, 57.3556635484088]","[-0.75093911137705, 0.4629349326840517, 0.0]","{""Controller Type"": ""MPC Controller"", ""weight_comfort"": 1000.0, ""weight_trajectory"": 1000.0, ""weight_goal"": 100.0, ""Q"": [[1000.0, 0.0, 0.0, 0.0], [0.0, 0.0, 0.0, 0.0], [0.0, 0.0, 1000.0, 0.0], [0.0, 0.0, 0.0, 0.0]], ""R"": [[1000.0, 0.0], [0.0, 1000.0]], ""P"": [[100.0, 0.0, 0.0, 0.0], [0.0, 10000.0, 0.0, 0.0], [0.0, 0.0, 100.0, 0.0], [0.0, 0.0, 0.0, 10000.0]]}","[-0.8674415368363789, -0.0685435239208814, 0.0]",False
3,P01,8f99450e-b3b4-4bbf-a34f-dee9d88fdb64,4,1,haply,mpc,seeded_random,593114440,persist_session,10.0,1785312725.2339733,2812.295752333,0,1785312725.2239103,646,True,careful,fixed,0.08,0.08,0.0,-0.08,0.08,0.0,-0.016698948000000005,0.08135722000000006,0.0,-0.090887554,-0.13592105,0.25357452,-0.021064945,-0.001550571,0.004958475,"[-22.858909549304254, 58.318845063382796, 0.0, 0.0, 0.0, 0.0, -23.935851425722472, 57.60037128792834]","[-2.2873998194712453, -0.285891475466391, 0.0]","{""Controller Type"": ""MPC Controller"", ""weight_comfort"": 1000.0, ""weight_trajectory"": 1000.0, ""weight_goal"": 100.0, ""Q"": [[1000.0, 0.0, 0.0, 0.0], [0.0, 0.0, 0.0, 0.0], [0.0, 0.0, 1000.0, 0.0], [0.0, 0.0, 0.0, 0.0]], ""R"": [[1000.0, 0.0], [0.0, 1000.0]], ""P"": [[100.0, 0.0, 0.0, 0.0], [0.0, 10000.0, 0.0, 0.0], [0.0, 0.0, 100.0, 0.0], [0.0, 0.0, 0.0, 10000.0]]}","[-0.7159240036606257, 0.005660651021148765, 0.0]",False
3,P01,8f99450e-b3b4-4bbf-a34f-dee9d88fdb64,4,1,haply,mpc,seeded_random,593114440,persist_session,10.0,1785312725.2437177,2812.305505449,0,1785312725.2338421,647,True,careful,fixed,0.08,0.08,0.0,-0.08,0.08,0.0,-0.017063699999999987,0.08142892000000007,0.0,-0.09104841,-0.13589434,0.25354692,-0.020542081,-0.0012990535,0.00441872,"[-22.91353060780359, 58.19537197825884, 0.0, 0.0, 0.0, 0.0, -24.11984616149821, 57.93081774538244]","[-0.6951705441756835, 0.45268141249610816, 0.0]","{""Controller Type"": ""MPC Controller"", ""weight_comfort"": 1000.0, ""weight_trajectory"": 1000.0, ""weight_goal"": 100.0, ""Q"": [[1000.0, 0.0, 0.0, 0.0], [0.0, 0.0, 0.0, 0.0], [0.0, 0.0, 1000.0, 0.0], [0.0, 0.0, 0.0, 0.0]], ""R"": [[1000.0, 0.0], [0.0, 1000.0]], ""P"": [[100.0, 0.0, 0.0, 0.0], [0.0, 10000.0, 0.0, 0.0], [0.0, 0.0, 100.0, 0.0], [0.0, 0.0, 0.0, 10000.0]]}","[-0.8684091871404688, -0.06823197357483046, 0.0]",False
3,P01,8f99450e-b3b4-4bbf-a34f-dee9d88fdb64,4,1,haply,mpc,seeded_random,593114440,persist_session,10.0,1785312725.2539325,2812.315701821,0,1785312725.2437599,648,True,careful,fixed,0.08,0.08,0.0,-0.08,0.08,0.0,-0.01754626799999999,0.08137372000000004,0.0,-0.091209315,-0.13586761,0.25351918,-0.020023862,-0.0010332374,0.003966484,"[-22.913734286908532, 58.181026653457906, 0.0, 0.0, 0.0, 0.0, -24.173242636080623, 58.18485581344439]","[-1.3998701988841529, -0.2906372096868553, 0.0]","{""Controller Type"": ""MPC Controller"", ""weight_comfort"": 1000.0, ""weight_trajectory"": 1000.0, ""weight_goal"": 100.0, ""Q"": [[1000.0, 0.0, 0.0, 0.0], [0.0, 0.0, 0.0, 0.0], [0.0, 0.0, 1000.0, 0.0], [0.0, 0.0, 0.0, 0.0]], ""R"": [[1000.0, 0.0], [0.0, 1000.0]], ""P"": [[100.0, 0.0, 0.0, 0.0], [0.0, 10000.0, 0.0, 0.0], [0.0, 0.0, 100.0, 0.0], [0.0, 0.0, 0.0, 10000.0]]}","[-0.7969013455637199, 0.005624968154706408, 0.0]",False
3,P01,8f99450e-b3b4-4bbf-a34f-dee9d88fdb64,4,1,haply,mpc,seeded_random,593114440,persist_session,10.0,1785312725.2639587,2812.325749883,0,1785312725.2538726,649,True,careful,fixed,0.08,0.08,0.0,-0.08,0.08,0.0,-0.018028983,0.08131824000000004,0.0,-0.09137026,-0.13584064,0.25349155,-0.019522265,-0.0008100636,0.003457484,"[-22.916177840349825, 58.07890565007943, 0.0, 0.0, 0.0, 0.0, -24.157139740875685, 58.11041748305802]","[-1.3521559716615994, -0.28695680207856666, 0.0]","{""Controller Type"": ""MPC Controller"", ""weight_comfort"": 1000.0, ""weight_trajectory"": 1000.0, ""weight_goal"": 100.0, ""Q"": [[1000.0, 0.0, 0.0, 0.0], [0.0, 0.0, 0.0, 0.0], [0.0, 0.0, 1000.0, 0.0], [0.0, 0.0, 0.0, 0.0]], ""R"": [[1000.0, 0.0], [0.0, 1000.0]], ""P"": [[100.0, 0.0, 0.0, 0.0], [0.0, 10000.0, 0.0, 0.0], [0.0, 0.0, 100.0, 0.0], [0.0, 0.0, 0.0, 10000.0]]}","[-0.7984039826923791, 0.0062643152432645495, 0.0]",False
3,P01,8f99450e-b3b4-4bbf-a34f-dee9d88fdb64,4,1,haply,mpc,seeded_random,593114440,persist_session,10.0,1785312725.2738674,2812.335663022,0,1785312725.2637715,650,True,careful,fixed,0.08,0.08,0.0,-0.08,0.08,0.0,-0.018511817999999985,0.08126298000000004,0.0,-0.09157266,-0.13586274,0.25343817,-0.019175723,-0.0006133897,0.0030260338,"[-22.916120420152815, 57.980851553987364, 0.0, 0.0, 0.0, 0.0, -24.14024319230514, 58.03676572925859]","[-1.4190397798767163, -0.2934979960715656, 0.0]","{""Controller Type"": ""MPC Controller"", ""weight_comfort"": 1000.0, ""weight_trajectory"": 1000.0, ""weight_goal"": 100.0, ""Q"": [[1000.0, 0.0, 0.0, 0.0], [0.0, 0.0, 0.0, 0.0], [0.0, 0.0, 1000.0, 0.0], [0.0, 0.0, 0.0, 0.0]], ""R"": [[1000.0, 0.0], [0.0, 1000.0]], ""P"": [[100.0, 0.0, 0.0, 0.0], [0.0, 10000.0, 0.0, 0.0], [0.0, 0.0, 100.0, 0.0], [0.0, 0.0, 0.0, 10000.0]]}","[-0.7883546649357442, 0.007924003699096089, 0.0]",False
3,P01,8f99450e-b3b4-4bbf-a34f-dee9d88fdb64,4,1,haply,mpc,seeded_random,593114440,persist_session,10.0,1785312725.2838583,2812.345658941,0,1785312725.2739158,651,True,careful,fixed,0.08,0.08,0.0,-0.08,0.08,0.0,-0.019119018,0.08115622000000006,0.0,-0.09173366,-0.13583542,0.2534103,-0.01847941,-1.2099263e-06,0.0012103161,"[-22.902225958032368, 57.87372136919342, 0.0, 0.0, 0.0, 0.0, -24.12389081571304, 57.98747846548032]","[-2.0698179546664077, -0.582379613976212, 0.0]","{""Controller Type"": ""MPC Controller"", ""weight_comfort"": 1000.0, ""weight_trajectory"": 1000.0, ""weight_goal"": 100.0, ""Q"": [[1000.0, 0.0, 0.0, 0.0], [0.0, 0.0, 0.0, 0.0], [0.0, 0.0, 1000.0, 0.0], [0.0, 0.0, 0.0, 0.0]], ""R"": [[1000.0, 0.0], [0.0, 1000.0]], ""P"": [[100.0, 0.0, 0.0, 0.0], [0.0, 10000.0, 0.0, 0.0], [0.0, 0.0, 100.0, 0.0], [0.0, 0.0, 0.0, 10000.0]]}","[-0.7183871038624605, 0.03885785243763788, 0.0]",False
3,P01,8f99450e-b3b4-4bbf-a34f-dee9d88fdb64,4,1,haply,mpc,seeded_random,593114440,persist_session,10.0,1785312725.2937415,2812.355533048,0,1785312725.2839448,652,True,careful,fixed,0.08,0.08,0.0,-0.08,0.08,0.0,-0.019602017999999985,0.08110047999999997,0.0,-0.0918946,-0.13580793,0.2533825,-0.017991072,0.00042532297,-8.159817e-05,"[-22.901493197484385, 57.68400883038938, 0.0, 0.0, 0.0, 0.0, -24.071019581060096, 57.78001315194617]","[-1.3948557411480467, -0.2946423450872034, 0.0]","{""Controller Type"": ""MPC Controller"", ""weight_comfort"": 1000.0, ""weight_trajectory"": 1000.0, ""weight_goal"": 100.0, ""Q"": [[1000.0, 0.0, 0.0, 0.0], [0.0, 0.0, 0.0, 0.0], [0.0, 0.0, 1000.0, 0.0], [0.0, 0.0, 0.0, 0.0]], ""R"": [[1000.0, 0.0], [0.0, 1000.0]], ""P"": [[100.0, 0.0, 0.0, 0.0], [0.0, 10000.0, 0.0, 0.0], [0.0, 0.0, 100.0, 0.0], [0.0, 0.0, 0.0, 10000.0]]}","[-0.7820678256285633, 0.01104985986424735, 0.0]",False
3,P01,8f99450e-b3b4-4bbf-a34f-dee9d88fdb64,4,1,haply,mpc,seeded_random,593114440,persist_session,10.0,1785312725.3037965,2812.365589022,0,1785312725.294036,653,True,careful,fixed,0.08,0.08,0.0,-0.08,0.08,0.0,-0.02008483800000002,0.08104488000000004,0.0,-0.092076235,-0.13580208,0.25341702,-0.017583793,0.00073941034,-0.0009747807,"[-22.90096664539985, 57.57964593424099, 0.0, 0.0, 0.0, 0.0, -24.050534261511487, 57.701950509117935]","[-1.382856811719301, -0.29279767170369125, 0.0]","{""Controller Type"": ""MPC Controller"", ""weight_comfort"": 1000.0, ""weight_trajectory"": 1000.0, ""weight_goal"": 100.0, ""Q"": [[1000.0, 0.0, 0.0, 0.0], [0.0, 0.0, 0.0, 0.0], [0.0, 0.0, 1000.0, 0.0], [0.0, 0.0, 0.0, 0.0]], ""R"": [[1000.0, 0.0], [0.0, 1000.0]], ""P"": [[100.0, 0.0, 0.0, 0.0], [0.0, 10000.0, 0.0, 0.0], [0.0, 0.0, 100.0, 0.0], [0.0, 0.0, 0.0, 10000.0]]}","[-0.7792183215953937, 0.01191378214349823, 0.0]",False
3,P01,8f99450e-b3b4-4bbf-a34f-dee9d88fdb64,4,1,haply,mpc,seeded_random,593114440,persist_session,10.0,1785312725.3138049,2812.375598759,0,1785312725.3040254,654,True,careful,fixed,0.08,0.08,0.0,-0.08,0.08,0.0,-0.02062974300000002,0.08111392,0.0,-0.09227889,-0.13582334,0.25336337,-0.017357277,0.0008337366,-0.0010951953,"[-22.89075769116456, 57.47423191507288, 0.0, 0.0, 0.0, 0.0, -24.217911393991095, 58.014417031073705]","[-1.776061298806942, 0.4279293493670901, 0.0]","{""Controller Type"": ""MPC Controller"", ""weight_comfort"": 1000.0, ""weight_trajectory"": 1000.0, ""weight_goal"": 100.0, ""Q"": [[1000.0, 0.0, 0.0, 0.0], [0.0, 0.0, 0.0, 0.0], [0.0, 0.0, 1000.0, 0.0], [0.0, 0.0, 0.0, 0.0]], ""R"": [[1000.0, 0.0], [0.0, 1000.0]], ""P"": [[100.0, 0.0, 0.0, 0.0], [0.0, 10000.0, 0.0, 0.0], [0.0, 0.0, 100.0, 0.0], [0.0, 0.0, 0.0, 10000.0]]}","[-0.7340283805010565, -0.06290602550054275, 0.0]",False
3,P01,8f99450e-b3b4-4bbf-a34f-dee9d88fdb64,4,1,haply,mpc,seeded_random,593114440,persist_session,10.0,1785312725.3237655,2812.385558023,0,1785312725.314061,655,True,careful,fixed,0.08,0.08,0.0,-0.08,0.08,0.0,-0.021237708000000008,0.08100661999999997,0.0,-0.09243998,-0.13579534,0.25333536,-0.017236354,0.0008666544,-0.0012072752,"[-22.86423954374295, 57.29880766878203, 0.0, 0.0, 0.0, 0.0, -24.430010436998646, 58.62995822921171]","[-2.1276837934803856, -0.6022813853592235, 0.0]","{""Controller Type"": ""MPC Controller"", ""weight_comfort"": 1000.0, ""weight_trajectory"": 1000.0, ""weight_goal"": 100.0, ""Q"": [[1000.0, 0.0, 0.0, 0.0], [0.0, 0.0, 0.0, 0.0], [0.0, 0.0, 1000.0, 0.0], [0.0, 0.0, 0.0, 0.0]], ""R"": [[1000.0, 0.0], [0.0, 1000.0]], ""P"": [[100.0, 0.0, 0.0, 0.0], [0.0, 10000.0, 0.0, 0.0], [0.0, 0.0, 100.0, 0.0], [0.0, 0.0, 0.0, 10000.0]]}","[-0.691437141527311, 0.04365564437108657, 0.0]",False
3,P01,8f99450e-b3b4-4bbf-a34f-dee9d88fdb64,4,1,haply,mpc,seeded_random,593114440,persist_session,10.0,1785312725.3338144,2812.395606985,0,1785312725.3243444,656,True,careful,fixed,0.08,0.08,0.0,-0.08,0.08,0.0,-0.021720978000000016,0.08095060000000004,0.0,-0.09260108,-0.13576713,0.25330734,-0.01722296,0.00087102054,-0.0013139192,"[-22.862035239617484, 57.103267716379335, 0.0, 0.0, 0.0, 0.0, -24.37189834972784, 58.41856816274016]","[-1.3511816834105643, -0.29507174734473895, 0.0]","{""Controller Type"": ""MPC Controller"", ""weight_comfort"": 1000.0, ""weight_trajectory"": 1000.0, ""weight_goal"": 100.0, ""Q"": [[1000.0, 0.0, 0.0, 0.0], [0.0, 0.0, 0.0, 0.0], [0.0, 0.0, 1000.0, 0.0], [0.0, 0.0, 0.0, 0.0]], ""R"": [[1000.0, 0.0], [0.0, 1000.0]], ""P"": [[100.0, 0.0, 0.0, 0.0], [0.0, 10000.0, 0.0, 0.0], [0.0, 0.0, 100.0, 0.0], [0.0, 0.0, 0.0, 10000.0]]}","[-0.7670094260201671, 0.013607729541433777, 0.0]",False
3,P01,8f99450e-b3b4-4bbf-a34f-dee9d88fdb64,4,1,haply,mpc,seeded_random,593114440,persist_session,10.0,1785312725.3436933,2812.405491952,0,1785312725.334059,657,True,careful,fixed,0.08,0.08,0.0,-0.08,0.08,0.0,-0.022204278000000008,0.08089456,0.0,-0.092702486,-0.13577747,0.25328037,-0.017226873,0.00087785505,-0.0013920029,"[-22.85615395566395, 57.00169753485389, 0.0, 0.0, 0.0, 0.0, -24.348721725868288, 58.33925938735698]","[-1.51483761151117, -0.31475649312273074, 0.0]","{""Controller Type"": ""MPC Controller"", ""weight_comfort"": 1000.0, ""weight_trajectory"": 1000.0, ""weight_goal"": 100.0, ""Q"": [[1000.0, 0.0, 0.0, 0.0], [0.0, 0.0, 0.0, 0.0], [0.0, 0.0, 1000.0, 0.0], [0.0, 0.0, 0.0, 0.0]], ""R"": [[1000.0, 0.0], [0.0, 1000.0]], ""P"": [[100.0, 0.0, 0.0, 0.0], [0.0, 10000.0, 0.0, 0.0], [0.0, 0.0, 100.0, 0.0], [0.0, 0.0, 0.0, 10000.0]]}","[-0.7449830530114079, 0.016715656611204582, 0.0]",False
3,P01,8f99450e-b3b4-4bbf-a34f-dee9d88fdb64,4,1,haply,mpc,seeded_random,593114440,persist_session,10.0,1785312725.353832,2812.415620129,0,1785312725.3434312,658,True,careful,fixed,0.08,0.08,0.0,-0.08,0.08,0.0,-0.022508496000000003,0.08084061999999997,0.0,-0.09290538,-0.1357979,0.25322646,-0.016864905,0.0011736727,-0.0018766724,"[-22.896014682015572, 56.93307257228153, 0.0, 0.0, 0.0, 0.0, -24.321858597523036, 58.24976993357419]","[-0.5316925022176873, -0.31479933381554576, 0.0]","{""Controller Type"": ""MPC Controller"", ""weight_comfort"": 1000.0, ""weight_trajectory"": 1000.0, ""weight_goal"": 100.0, ""Q"": [[1000.0, 0.0, 0.0, 0.0], [0.0, 0.0, 0.0, 0.0], [0.0, 0.0, 1000.0, 0.0], [0.0, 0.0, 0.0, 0.0]], ""R"": [[1000.0, 0.0], [0.0, 1000.0]], ""P"": [[100.0, 0.0, 0.0, 0.0], [0.0, 10000.0, 0.0, 0.0], [0.0, 0.0, 100.0, 0.0], [0.0, 0.0, 0.0, 10000.0]]}","[-0.8454846297549309, 0.017761944038632137, 0.0]",False
3,P01,8f99450e-b3b4-4bbf-a34f-dee9d88fdb64,4,1,haply,mpc,seeded_random,593114440,persist_session,10.0,1785312725.3638213,2812.425620373,0,1785312725.3537426,659,True,careful,fixed,0.08,0.08,0.0,-0.08,0.08,0.0,-0.022508496000000003,0.08084061999999997,0.0,-0.093024716,-0.13572033,0.25322422,-0.01664156,0.001295724,-0.002251926,"[-23.002052710982355, 57.06648474300469, 0.0, 0.0, 0.0, 0.0, -24.344481205224362, 58.25976881929311]","[1.3224226054416528, 0.020464457790735035, 0.0]","{""Controller Type"": ""MPC Controller"", ""weight_comfort"": 1000.0, ""weight_trajectory"": 1000.0, ""weight_goal"": 100.0, ""Q"": [[1000.0, 0.0, 0.0, 0.0], [0.0, 0.0, 0.0, 0.0], [0.0, 0.0, 1000.0, 0.0], [0.0, 0.0, 0.0, 0.0]], ""R"": [[1000.0, 0.0], [0.0, 1000.0]], ""P"": [[100.0, 0.0, 0.0, 0.0], [0.0, 10000.0, 0.0, 0.0], [0.0, 0.0, 100.0, 0.0], [0.0, 0.0, 0.0, 10000.0]]}","[-1.0408847525109737, -0.016883877779637266, 0.0]",False
3,P01,8f99450e-b3b4-4bbf-a34f-dee9d88fdb64,4,1,haply,mpc,seeded_random,593114440,persist_session,10.0,1785312725.3737817,2812.435577243,0,1785312725.3637471,660,True,careful,fixed,0.08,0.08,0.0,-0.08,0.08,0.0,-0.02347518599999998,0.08072832000000002,0.0,-0.09320671,-0.13571332,0.2532585,-0.01652008,0.0012844666,-0.0023590093,"[-23.35383770822971, 58.31062193939933, 0.0, 0.0, 0.0, 0.0, -24.447258797863885, 58.53823731056985]","[-4.314211249356219, -0.6392819466247495, 0.0]","{""Controller Type"": ""MPC Controller"", ""weight_comfort"": 1000.0, ""weight_trajectory"": 1000.0, ""weight_goal"": 100.0, ""Q"": [[1000.0, 0.0, 0.0, 0.0], [0.0, 0.0, 0.0, 0.0], [0.0, 0.0, 1000.0, 0.0], [0.0, 0.0, 0.0, 0.0]], ""R"": [[1000.0, 0.0], [0.0, 1000.0]], ""P"": [[100.0, 0.0, 0.0, 0.0], [0.0, 10000.0, 0.0, 0.0], [0.0, 0.0, 100.0, 0.0], [0.0, 0.0, 0.0, 10000.0]]}","[-0.44518679963754787, 0.05335959892757708, 0.0]",False
3,P01,8f99450e-b3b4-4bbf-a34f-dee9d88fdb64,4,1,haply,mpc,seeded_random,593114440,persist_session,10.0,1785312725.3836904,2812.445490569,0,1785312725.3736682,661,True,careful,fixed,0.08,0.08,0.0,-0.08,0.08,0.0,-0.024021167999999996,0.08079688000000002,0.0,-0.09324857,-0.1357622,0.25323254,-0.016508235,0.0012864496,-0.0022510048,"[-23.275631610725934, 57.699723716064625, 0.0, 0.0, 0.0, 0.0, -24.718602603883774, 59.07357919847802]","[-1.8724202808458443, 0.4279282223023124, 0.0]","{""Controller Type"": ""MPC Controller"", ""weight_comfort"": 1000.0, ""weight_trajectory"": 1000.0, ""weight_goal"": 100.0, ""Q"": [[1000.0, 0.0, 0.0, 0.0], [0.0, 0.0, 0.0, 0.0], [0.0, 0.0, 1000.0, 0.0], [0.0, 0.0, 0.0, 0.0]], ""R"": [[1000.0, 0.0], [0.0, 1000.0]], ""P"": [[100.0, 0.0, 0.0, 0.0], [0.0, 10000.0, 0.0, 0.0], [0.0, 0.0, 100.0, 0.0], [0.0, 0.0, 0.0, 10000.0]]}","[-0.6904513818127689, -0.05830125741786832, 0.0]",False
3,P01,8f99450e-b3b4-4bbf-a34f-dee9d88fdb64,4,1,haply,mpc,seeded_random,593114440,persist_session,10.0,1785312725.3937912,2812.455587685,0,1785312725.3835773,662,True,careful,fixed,0.08,0.08,0.0,-0.08,0.08,0.0,-0.02414674800000001,0.08074496000000003,0.0,-0.09335012,-0.1357722,0.2532054,-0.016262496,0.0012041434,-0.002197092,"[-23.426390385666966, 57.81567422040135, 0.0, 0.0, 0.0, 0.0, -24.792224643114128, 59.31687029120063]","[0.5757344366647521, -0.29232747001010967, 0.0]","{""Controller Type"": ""MPC Controller"", ""weight_comfort"": 1000.0, ""weight_trajectory"": 1000.0, ""weight_goal"": 100.0, ""Q"": [[1000.0, 0.0, 0.0, 0.0], [0.0, 0.0, 0.0, 0.0], [0.0, 0.0, 1000.0, 0.0], [0.0, 0.0, 0.0, 0.0]], ""R"": [[1000.0, 0.0], [0.0, 1000.0]], ""P"": [[100.0, 0.0, 0.0, 0.0], [0.0, 10000.0, 0.0, 0.0], [0.0, 0.0, 100.0, 0.0], [0.0, 0.0, 0.0, 10000.0]]}","[-0.9471132344299973, 0.01679483968112069, 0.0]",False
3,P01,8f99450e-b3b4-4bbf-a34f-dee9d88fdb64,4,1,haply,mpc,seeded_random,593114440,persist_session,10.0,1785312725.4038088,2812.465612567,0,1785312725.3937302,663,True,careful,fixed,0.08,0.08,0.0,-0.08,0.08,0.0,-0.024451397999999985,0.08069068000000007,0.0,-0.093591854,-0.1357258,0.25323865,-0.015791498,0.0010980867,-0.0021562723,"[-23.40289626516028, 57.8453217534763, 0.0, 0.0, 0.0, 0.0, -24.76785870992719, 59.23928400246303]","[-0.435734648221044, -0.2996042942569956, 0.0]","{""Controller Type"": ""MPC Controller"", ""weight_comfort"": 1000.0, ""weight_trajectory"": 1000.0, ""weight_goal"": 100.0, ""Q"": [[1000.0, 0.0, 0.0, 0.0], [0.0, 0.0, 0.0, 0.0], [0.0, 0.0, 1000.0, 0.0], [0.0, 0.0, 0.0, 0.0]], ""R"": [[1000.0, 0.0], [0.0, 1000.0]], ""P"": [[100.0, 0.0, 0.0, 0.0], [0.0, 10000.0, 0.0, 0.0], [0.0, 0.0, 100.0, 0.0], [0.0, 0.0, 0.0, 10000.0]]}","[-0.8376958455561676, 0.018591497299777694, 0.0]",False
3,P01,8f99450e-b3b4-4bbf-a34f-dee9d88fdb64,4,1,haply,mpc,seeded_random,593114440,persist_session,10.0,1785312725.4137256,2812.475516219,0,1785312725.4035583,664,True,careful,fixed,0.08,0.08,0.0,-0.08,0.08,0.0,-0.025176600000000007,0.08075718000000004,0.0,-0.093795024,-0.13574515,0.25318432,-0.015732115,0.0010966535,-0.0021215265,"[-23.45865195470146, 58.081533033469334, 0.0, 0.0, 0.0, 0.0, -24.922387880213023, 59.54531633406829]","[-2.9996775569076934, 0.42177335941311783, 0.0]","{""Controller Type"": ""MPC Controller"", ""weight_comfort"": 1000.0, ""weight_trajectory"": 1000.0, ""weight_goal"": 100.0, ""Q"": [[1000.0, 0.0, 0.0, 0.0], [0.0, 0.0, 0.0, 0.0], [0.0, 0.0, 1000.0, 0.0], [0.0, 0.0, 0.0, 0.0]], ""R"": [[1000.0, 0.0], [0.0, 1000.0]], ""P"": [[100.0, 0.0, 0.0, 0.0], [0.0, 10000.0, 0.0, 0.0], [0.0, 0.0, 100.0, 0.0], [0.0, 0.0, 0.0, 10000.0]]}","[-0.5596347275633862, -0.057087591457731665, 0.0]",False
3,P01,8f99450e-b3b4-4bbf-a34f-dee9d88fdb64,4,1,haply,mpc,seeded_random,593114440,persist_session,10.0,1785312725.424062,2812.485841557,0,1785312725.4139082,665,True,careful,fixed,0.08,0.08,0.0,-0.08,0.08,0.0,-0.025176600000000007,0.08075718000000004,0.0,-0.093837015,-0.13579398,0.25315812,-0.015780421,0.0010582203,-0.002129482,"[-23.78750195061352, 58.49090010245312, 0.0, 0.0, 0.0, 0.0, -24.896188852358474, 59.533867587001104]","[1.3041117344392652, 0.01885089627522973, 0.0]","{""Controller Type"": ""MPC Controller"", ""weight_comfort"": 1000.0, ""weight_trajectory"": 1000.0, ""weight_goal"": 100.0, ""Q"": [[1000.0, 0.0, 0.0, 0.0], [0.0, 0.0, 0.0, 0.0], [0.0, 0.0, 1000.0, 0.0], [0.0, 0.0, 0.0, 0.0]], ""R"": [[1000.0, 0.0], [0.0, 1000.0]], ""P"": [[100.0, 0.0, 0.0, 0.0], [0.0, 10000.0, 0.0, 0.0], [0.0, 0.0, 100.0, 0.0], [0.0, 0.0, 0.0, 10000.0]]}","[-1.0129417273523618, -0.015519979284312245, 0.0]",False
3,P01,8f99450e-b3b4-4bbf-a34f-dee9d88fdb64,4,1,haply,mpc,seeded_random,593114440,persist_session,10.0,1785312725.4341223,2812.495893884,0,1785312725.4245787,666,True,careful,fixed,0.08,0.08,0.0,-0.08,0.08,0.0,-0.02591208299999999,0.08059612,0.0,-0.09407893,-0.13574682,0.25319117,-0.015469151,0.00091440283,-0.0020684935,"[-23.908034834176085, 59.03546429320607, 0.0, 0.0, 0.0, 0.0, -25.05891374344038, 59.95180001257384]","[-2.77601668617031, -0.889977875760503, 0.0]","{""Controller Type"": ""MPC Controller"", ""weight_comfort"": 1000.0, ""weight_trajectory"": 1000.0, ""weight_goal"": 100.0, ""Q"": [[1000.0, 0.0, 0.0, 0.0], [0.0, 0.0, 0.0, 0.0], [0.0, 0.0, 1000.0, 0.0], [0.0, 0.0, 0.0, 0.0]], ""R"": [[1000.0, 0.0], [0.0, 1000.0]], ""P"": [[100.0, 0.0, 0.0, 0.0], [0.0, 10000.0, 0.0, 0.0], [0.0, 0.0, 100.0, 0.0], [0.0, 0.0, 0.0, 10000.0]]}","[-0.5787530144035838, 0.08090609688768789, 0.0]",False
3,P01,8f99450e-b3b4-4bbf-a34f-dee9d88fdb64,4,1,haply,mpc,seeded_random,593114440,persist_session,10.0,1785312725.443935,2812.505720295,0,1785312725.4344912,667,True,careful,fixed,0.08,0.08,0.0,-0.08,0.08,0.0,-0.026637828000000016,0.08066222000000006,0.0,-0.09420157,-0.13577801,0.25322646,-0.0153986905,0.0008189457,-0.001945766,"[-23.80739686124194, 58.616722032745955, 0.0, 0.0, 0.0, 0.0, -25.385632408134637, 60.60903461025629]","[-3.0212206225948455, 0.42097338425855374, 0.0]","{""Controller Type"": ""MPC Controller"", ""weight_comfort"": 1000.0, ""weight_trajectory"": 1000.0, ""weight_goal"": 100.0, ""Q"": [[1000.0, 0.0, 0.0, 0.0], [0.0, 0.0, 0.0, 0.0], [0.0, 0.0, 1000.0, 0.0], [0.0, 0.0, 0.0, 0.0]], ""R"": [[1000.0, 0.0], [0.0, 1000.0]], ""P"": [[100.0, 0.0, 0.0, 0.0], [0.0, 10000.0, 0.0, 0.0], [0.0, 0.0, 100.0, 0.0], [0.0, 0.0, 0.0, 10000.0]]}","[-0.5412882312565876, -0.05506105534177412, 0.0]",False
3,P01,8f99450e-b3b4-4bbf-a34f-dee9d88fdb64,4,1,haply,mpc,seeded_random,593114440,persist_session,10.0,1785312725.4538386,2812.515614626,0,1785312725.443796,668,True,careful,fixed,0.08,0.08,0.0,-0.08,0.08,0.0,-0.027005747999999996,0.0807328,0.0,-0.09434537,-0.13583611,0.25317284,-0.01538267,0.0007164215,-0.0017780378,"[-23.827139163420643, 58.356208371911954, 0.0, 0.0, 0.0, 0.0, -25.30656607513246, 60.44934494263823]","[-1.0447639908629405, 0.47707489861017244, 0.0]","{""Controller Type"": ""MPC Controller"", ""weight_comfort"": 1000.0, ""weight_trajectory"": 1000.0, ""weight_goal"": 100.0, ""Q"": [[1000.0, 0.0, 0.0, 0.0], [0.0, 0.0, 0.0, 0.0], [0.0, 0.0, 1000.0, 0.0], [0.0, 0.0, 0.0, 0.0]], ""R"": [[1000.0, 0.0], [0.0, 1000.0]], ""P"": [[100.0, 0.0, 0.0, 0.0], [0.0, 10000.0, 0.0, 0.0], [0.0, 0.0, 100.0, 0.0], [0.0, 0.0, 0.0, 10000.0]]}","[-0.744938831458166, -0.062348191309869044, 0.0]",False
3,P01,8f99450e-b3b4-4bbf-a34f-dee9d88fdb64,4,1,haply,mpc,seeded_random,593114440,persist_session,10.0,1785312725.4637895,2812.525584677,0,1785312725.455737,669,True,careful,fixed,0.08,0.08,0.0,-0.08,0.08,0.0,-0.027437147999999995,0.08062556000000004,0.0,-0.09452774,-0.13582762,0.25320688,-0.015339701,0.00056063954,-0.0015553264,"[-23.836489856634675, 58.30401508979322, 0.0, 0.0, 0.0, 0.0, -25.451881778856233, 60.84916895353644]","[-0.8534375353112156, -0.5305449963273607, 0.0]","{""Controller Type"": ""MPC Controller"", ""weight_comfort"": 1000.0, ""weight_trajectory"": 1000.0, ""weight_goal"": 100.0, ""Q"": [[1000.0, 0.0, 0.0, 0.0], [0.0, 0.0, 0.0, 0.0], [0.0, 0.0, 1000.0, 0.0], [0.0, 0.0, 0.0, 0.0]], ""R"": [[1000.0, 0.0], [0.0, 1000.0]], ""P"": [[100.0, 0.0, 0.0, 0.0], [0.0, 10000.0, 0.0, 0.0], [0.0, 0.0, 100.0, 0.0], [0.0, 0.0, 0.0, 10000.0]]}","[-0.7600257944120495, 0.0429588621370632, 0.0]",False
3,P01,8f99450e-b3b4-4bbf-a34f-dee9d88fdb64,4,1,haply,mpc,seeded_random,593114440,persist_session,10.0,1785312725.4737997,2812.535594466,0,1785312725.463754,670,True,careful,fixed,0.08,0.08,0.0,-0.08,0.08,0.0,-0.027984257999999998,0.08069364000000007,0.0,-0.09481205,-0.13582812,0.25321355,-0.0154137965,0.000350693,-0.001234809,"[-23.879330029279917, 58.49031487651779, 0.0, 0.0, 0.0, 0.0, -25.825519254186315, 61.620319524923694]","[-2.749583578365968, 0.5412020095893676, 0.0]","{""Controller Type"": ""MPC Controller"", ""weight_comfort"": 1000.0, ""weight_trajectory"": 1000.0, ""weight_goal"": 100.0, ""Q"": [[1000.0, 0.0, 0.0, 0.0], [0.0, 0.0, 0.0, 0.0], [0.0, 0.0, 1000.0, 0.0], [0.0, 0.0, 0.0, 0.0]], ""R"": [[1000.0, 0.0], [0.0, 1000.0]], ""P"": [[100.0, 0.0, 0.0, 0.0], [0.0, 10000.0, 0.0, 0.0], [0.0, 0.0, 100.0, 0.0], [0.0, 0.0, 0.0, 10000.0]]}","[-0.5513285902980322, -0.06755321211169286, 0.0]",False
3,P01,8f99450e-b3b4-4bbf-a34f-dee9d88fdb64,4,1,haply,mpc,seeded_random,593114440,persist_session,10.0,1785312725.4837692,2812.545563815,0,1785312725.4739726,671,True,careful,fixed,0.08,0.08,0.0,-0.08,0.08,0.0,-0.028837187999999986,0.08070698000000004,0.0,-0.09493489,-0.13585886,0.25324866,-0.015652664,9.9369645e-05,-0.0010394104,"[-23.76223157582275, 58.06863881022357, 0.0, 0.0, 0.0, 0.0, -25.771986009783788, 61.55138257392718]","[-3.631143063588374, 0.09857314621932839, 0.0]","{""Controller Type"": ""MPC Controller"", ""weight_comfort"": 1000.0, ""weight_trajectory"": 1000.0, ""weight_goal"": 100.0, ""Q"": [[1000.0, 0.0, 0.0, 0.0], [0.0, 0.0, 0.0, 0.0], [0.0, 0.0, 1000.0, 0.0], [0.0, 0.0, 0.0, 0.0]], ""R"": [[1000.0, 0.0], [0.0, 1000.0]], ""P"": [[100.0, 0.0, 0.0, 0.0], [0.0, 10000.0, 0.0, 0.0], [0.0, 0.0, 100.0, 0.0], [0.0, 0.0, 0.0, 10000.0]]}","[-0.4421573311905878, -0.023011619503085702, 0.0]",False
3,P01,8f99450e-b3b4-4bbf-a34f-dee9d88fdb64,4,1,haply,mpc,seeded_random,593114440,persist_session,10.0,1785312725.493722,2812.555517483,0,1785312725.4835553,672,True,careful,fixed,0.08,0.08,0.0,-0.08,0.08,0.0,-0.029205707999999983,0.08077720000000005,0.0,-0.09503682,-0.13586782,0.25322115,-0.01590385,-0.0001570579,-0.0008839452,"[-23.7837925663289, 57.756602329267075, 0.0, 0.0, 0.0, 0.0, -25.804521177526006, 61.61610595303869]","[-1.0130399045608012, 0.4715623433975569, 0.0]","{""Controller Type"": ""MPC Controller"", ""weight_comfort"": 1000.0, ""weight_trajectory"": 1000.0, ""weight_goal"": 100.0, ""Q"": [[1000.0, 0.0, 0.0, 0.0], [0.0, 0.0, 0.0, 0.0], [0.0, 0.0, 1000.0, 0.0], [0.0, 0.0, 0.0, 0.0]], ""R"": [[1000.0, 0.0], [0.0, 1000.0]], ""P"": [[100.0, 0.0, 0.0, 0.0], [0.0, 10000.0, 0.0, 0.0], [0.0, 0.0, 100.0, 0.0], [0.0, 0.0, 0.0, 10000.0]]}","[-0.7192293041968794, -0.06242078494597166, 0.0]",False
3,P01,8f99450e-b3b4-4bbf-a34f-dee9d88fdb64,4,1,haply,mpc,seeded_random,593114440,persist_session,10.0,1785312725.5037901,2812.565588604,0,1785312725.4939992,673,True,careful,fixed,0.08,0.08,0.0,-0.08,0.08,0.0,-0.029511497999999983,0.08072218000000003,0.0,-0.09526163,-0.13590719,0.2532287,-0.015929615,-0.00038239761,-0.00072053674,"[-23.804879144908703, 57.720636238936876, 0.0, 0.0, 0.0, 0.0, -25.87748090845436, 61.85704800550302]","[-0.4881425029293174, -0.30718301322319363, 0.0]","{""Controller Type"": ""MPC Controller"", ""weight_comfort"": 1000.0, ""weight_trajectory"": 1000.0, ""weight_goal"": 100.0, ""Q"": [[1000.0, 0.0, 0.0, 0.0], [0.0, 0.0, 0.0, 0.0], [0.0, 0.0, 1000.0, 0.0], [0.0, 0.0, 0.0, 0.0]], ""R"": [[1000.0, 0.0], [0.0, 1000.0]], ""P"": [[100.0, 0.0, 0.0, 0.0], [0.0, 10000.0, 0.0, 0.0], [0.0, 0.0, 100.0, 0.0], [0.0, 0.0, 0.0, 10000.0]]}","[-0.7723671708411165, 0.018013439202872468, 0.0]",False
3,P01,8f99450e-b3b4-4bbf-a34f-dee9d88fdb64,4,1,haply,mpc,seeded_random,593114440,persist_session,10.0,1785312725.5137625,2812.575554268,0,1785312725.5035875,674,True,careful,fixed,0.08,0.08,0.0,-0.08,0.08,0.0,-0.030185928,0.08073727999999997,0.0,-0.09548668,-0.13594629,0.25323614,-0.016047005,-0.0006525453,-0.0005229885,"[-23.859382311619086, 57.93988675052986, 0.0, 0.0, 0.0, 0.0, -25.92246815534866, 61.918040699329694]","[-2.8869168745659106, 0.11662347089281919, 0.0]","{""Controller Type"": ""MPC Controller"", ""weight_comfort"": 1000.0, ""weight_trajectory"": 1000.0, ""weight_goal"": 100.0, ""Q"": [[1000.0, 0.0, 0.0, 0.0], [0.0, 0.0, 0.0, 0.0], [0.0, 0.0, 1000.0, 0.0], [0.0, 0.0, 0.0, 0.0]], ""R"": [[1000.0, 0.0], [0.0, 1000.0]], ""P"": [[100.0, 0.0, 0.0, 0.0], [0.0, 10000.0, 0.0, 0.0], [0.0, 0.0, 100.0, 0.0], [0.0, 0.0, 0.0, 10000.0]]}","[-0.5024762661181035, -0.025507980786211058, 0.0]",False
3,P01,8f99450e-b3b4-4bbf-a34f-dee9d88fdb64,4,1,haply,mpc,seeded_random,593114440,persist_session,10.0,1785312725.5237162,2812.585513391,0,1785312725.5139525,675,True,careful,fixed,0.08,0.08,0.0,-0.08,0.08,0.0,-0.030861078000000014,0.08075216000000002,0.0,-0.0956694,-0.13593662,0.25327003,-0.01649891,-0.0009842766,-0.00025436445,"[-23.758344148782758, 57.50567891181645, 0.0, 0.0, 0.0, 0.0, -25.91353783205997, 61.90642064869617]","[-2.5783123361443647, 0.10836394012660638, 0.0]","{""Controller Type"": ""MPC Controller"", ""weight_comfort"": 1000.0, ""weight_trajectory"": 1000.0, ""weight_goal"": 100.0, ""Q"": [[1000.0, 0.0, 0.0, 0.0], [0.0, 0.0, 0.0, 0.0], [0.0, 0.0, 1000.0, 0.0], [0.0, 0.0, 0.0, 0.0]], ""R"": [[1000.0, 0.0], [0.0, 1000.0]], ""P"": [[100.0, 0.0, 0.0, 0.0], [0.0, 10000.0, 0.0, 0.0], [0.0, 0.0, 100.0, 0.0], [0.0, 0.0, 0.0, 10000.0]]}","[-0.5241426886966342, -0.02501873166415616, 0.0]",False
3,P01,8f99450e-b3b4-4bbf-a34f-dee9d88fdb64,4,1,haply,mpc,seeded_random,593114440,persist_session,10.0,1785312725.5337393,2812.595531514,0,1785312725.5235379,676,True,careful,fixed,0.08,0.08,0.0,-0.08,0.08,0.0,-0.031409238000000006,0.08081993999999998,0.0,-0.095792554,-0.13596678,0.2533051,-0.016838964,-0.0011534472,2.1996437e-05,"[-23.690944799352575, 57.16293345718567, 0.0, 0.0, 0.0, 0.0, -25.940150379120766, 61.958584836196195]","[-2.1178206381009765, 0.45938998782548135, 0.0]","{""Controller Type"": ""MPC Controller"", ""weight_comfort"": 1000.0, ""weight_trajectory"": 1000.0, ""weight_goal"": 100.0, ""Q"": [[1000.0, 0.0, 0.0, 0.0], [0.0, 0.0, 0.0, 0.0], [0.0, 0.0, 1000.0, 0.0], [0.0, 0.0, 0.0, 0.0]], ""R"": [[1000.0, 0.0], [0.0, 1000.0]], ""P"": [[100.0, 0.0, 0.0, 0.0], [0.0, 10000.0, 0.0, 0.0], [0.0, 0.0, 100.0, 0.0], [0.0, 0.0, 0.0, 10000.0]]}","[-0.565457219187145, -0.06234055644217358, 0.0]",False
3,P01,8f99450e-b3b4-4bbf-a34f-dee9d88fdb64,4,1,haply,mpc,seeded_random,593114440,persist_session,10.0,1785312725.5438442,2812.605637377,0,1785312725.53374,677,True,careful,fixed,0.08,0.08,0.0,-0.08,0.08,0.0,-0.03177870000000001,0.08089008000000003,0.0,-0.096017815,-0.13600518,0.2533124,-0.016921481,-0.0012402927,0.00027382738,"[-23.703952012498032, 57.012218475670245, 0.0, 0.0, 0.0, 0.0, -25.84362700659813, 61.77299905675454]","[-0.9216086566459354, 0.44769278021441106, 0.0]","{""Controller Type"": ""MPC Controller"", ""weight_comfort"": 1000.0, ""weight_trajectory"": 1000.0, ""weight_goal"": 100.0, ""Q"": [[1000.0, 0.0, 0.0, 0.0], [0.0, 0.0, 0.0, 0.0], [0.0, 0.0, 1000.0, 0.0], [0.0, 0.0, 0.0, 0.0]], ""R"": [[1000.0, 0.0], [0.0, 1000.0]], ""P"": [[100.0, 0.0, 0.0, 0.0], [0.0, 10000.0, 0.0, 0.0], [0.0, 0.0, 100.0, 0.0], [0.0, 0.0, 0.0, 10000.0]]}","[-0.6927925256772259, -0.06267860943891501, 0.0]",False
3,P01,8f99450e-b3b4-4bbf-a34f-dee9d88fdb64,4,1,haply,mpc,seeded_random,593114440,persist_session,10.0,1785312725.5541036,2812.615882345,0,1785312725.5438583,678,True,careful,fixed,0.08,0.08,0.0,-0.08,0.08,0.0,-0.03245448300000002,0.08090468,0.0,-0.096179694,-0.13597351,0.2532834,-0.01701869,-0.0013071072,0.00039682403,"[-23.716408954802347, 57.06241993286405, 0.0, 0.0, 0.0, 0.0, -25.790005351454937, 61.70796998746039]","[-2.68350745119215, 0.11237246610525511, 0.0]","{""Controller Type"": ""MPC Controller"", ""weight_comfort"": 1000.0, ""weight_trajectory"": 1000.0, ""weight_goal"": 100.0, ""Q"": [[1000.0, 0.0, 0.0, 0.0], [0.0, 0.0, 0.0, 0.0], [0.0, 0.0, 1000.0, 0.0], [0.0, 0.0, 0.0, 0.0]], ""R"": [[1000.0, 0.0], [0.0, 1000.0]], ""P"": [[100.0, 0.0, 0.0, 0.0], [0.0, 10000.0, 0.0, 0.0], [0.0, 0.0, 100.0, 0.0], [0.0, 0.0, 0.0, 10000.0]]}","[-0.4865219211025691, -0.028482117735201252, 0.0]",False
3,P01,8f99450e-b3b4-4bbf-a34f-dee9d88fdb64,4,1,haply,mpc,seeded_random,593114440,persist_session,10.0,1785312725.5636833,2812.625477373,0,1785312725.5540571,679,True,careful,fixed,0.08,0.08,0.0,-0.08,0.08,0.0,-0.03294011999999999,0.08084668,0.0,-0.096281804,-0.13598172,0.25325564,-0.01714498,-0.0014187073,0.00044127274,"[-23.675344529209745, 56.75703211503537, 0.0, 0.0, 0.0, 0.0, -25.82158763022852, 61.816707791661024]","[-1.588436483433559, -0.32968441878952437, 0.0]","{""Controller Type"": ""MPC Controller"", ""weight_comfort"": 1000.0, ""weight_trajectory"": 1000.0, ""weight_goal"": 100.0, ""Q"": [[1000.0, 0.0, 0.0, 0.0], [0.0, 0.0, 0.0, 0.0], [0.0, 0.0, 1000.0, 0.0], [0.0, 0.0, 0.0, 0.0]], ""R"": [[1000.0, 0.0], [0.0, 1000.0]], ""P"": [[100.0, 0.0, 0.0, 0.0], [0.0, 10000.0, 0.0, 0.0], [0.0, 0.0, 100.0, 0.0], [0.0, 0.0, 0.0, 10000.0]]}","[-0.6007184199606767, 0.018305662495415563, 0.0]",False
3,P01,8f99450e-b3b4-4bbf-a34f-dee9d88fdb64,4,1,haply,mpc,seeded_random,593114440,persist_session,10.0,1785312725.5739717,2812.635760939,0,1785312725.563885,680,True,careful,fixed,0.08,0.08,0.0,-0.08,0.08,0.0,-0.03324645,0.08079116000000003,0.0,-0.09636268,-0.13596301,0.2533172,-0.017051542,-0.00147967,0.0005236671,"[-23.69795659771209, 56.671927350254556, 0.0, 0.0, 0.0, 0.0, -25.792374817066918, 61.71888217833568]","[-0.6584764194455504, -0.3282595355654334, 0.0]","{""Controller Type"": ""MPC Controller"", ""weight_comfort"": 1000.0, ""weight_trajectory"": 1000.0, ""weight_goal"": 100.0, ""Q"": [[1000.0, 0.0, 0.0, 0.0], [0.0, 0.0, 0.0, 0.0], [0.0, 0.0, 1000.0, 0.0], [0.0, 0.0, 0.0, 0.0]], ""R"": [[1000.0, 0.0], [0.0, 1000.0]], ""P"": [[100.0, 0.0, 0.0, 0.0], [0.0, 10000.0, 0.0, 0.0], [0.0, 0.0, 100.0, 0.0], [0.0, 0.0, 0.0, 10000.0]]}","[-0.7008292923240279, 0.019271632661356054, 0.0]",False
3,P01,8f99450e-b3b4-4bbf-a34f-dee9d88fdb64,4,1,haply,mpc,seeded_random,593114440,persist_session,10.0,1785312725.583769,2812.645568971,0,1785312725.5741134,681,True,careful,fixed,0.08,0.08,0.0,-0.08,0.08,0.0,-0.03348907800000002,0.08091428000000006,0.0,-0.09656712,-0.13597934,0.25326142,-0.01675347,-0.0013218248,0.0004875158,"[-23.71678489273812, 56.6590904403673, 0.0, 0.0, 0.0, 0.0, -26.109079561235134, 62.377971293098945]","[-0.2409220330560513, 0.7747195518418957, 0.0]","{""Controller Type"": ""MPC Controller"", ""weight_comfort"": 1000.0, ""weight_trajectory"": 1000.0, ""weight_goal"": 100.0, ""Q"": [[1000.0, 0.0, 0.0, 0.0], [0.0, 0.0, 0.0, 0.0], [0.0, 0.0, 1000.0, 0.0], [0.0, 0.0, 0.0, 0.0]], ""R"": [[1000.0, 0.0], [0.0, 1000.0]], ""P"": [[100.0, 0.0, 0.0, 0.0], [0.0, 10000.0, 0.0, 0.0], [0.0, 0.0, 100.0, 0.0], [0.0, 0.0, 0.0, 10000.0]]}","[-0.7445156631463482, -0.09669895618722014, 0.0]",False
3,P01,8f99450e-b3b4-4bbf-a34f-dee9d88fdb64,4,1,haply,mpc,seeded_random,593114440,persist_session,10.0,1785312725.5938523,2812.655642396,0,1785312725.5837915,682,True,careful,fixed,0.08,0.08,0.0,-0.08,0.08,0.0,-0.03410239800000002,0.08080272000000005,0.0,-0.0966693,-0.13598734,0.25323355,-0.016634181,-0.0011496962,0.00041891914,"[-23.77140736399197, 56.88217272459569, 0.0, 0.0, 0.0, 0.0, -26.494659487406214, 63.44713793446259]","[-2.5136737507142506, -0.710088996498176, 0.0]","{""Controller Type"": ""MPC Controller"", ""weight_comfort"": 1000.0, ""weight_trajectory"": 1000.0, ""weight_goal"": 100.0, ""Q"": [[1000.0, 0.0, 0.0, 0.0], [0.0, 0.0, 0.0, 0.0], [0.0, 0.0, 1000.0, 0.0], [0.0, 0.0, 0.0, 0.0]], ""R"": [[1000.0, 0.0], [0.0, 1000.0]], ""P"": [[100.0, 0.0, 0.0, 0.0], [0.0, 10000.0, 0.0, 0.0], [0.0, 0.0, 100.0, 0.0], [0.0, 0.0, 0.0, 10000.0]]}","[-0.4796068853730809, 0.05683689054852984, 0.0]",False
3,P01,8f99450e-b3b4-4bbf-a34f-dee9d88fdb64,4,1,haply,mpc,seeded_random,593114440,persist_session,10.0,1785312725.6037352,2812.665532746,0,1785312725.5941653,683,True,careful,fixed,0.08,0.08,0.0,-0.08,0.08,0.0,-0.034408938,0.08074697999999997,0.0,-0.09675019,-0.13596845,0.25329515,-0.016557744,-0.0010150092,0.00029217708,"[-23.81296640711952, 56.75517586981364, 0.0, 0.0, 0.0, 0.0, -26.41865099792037, 63.191725879321154]","[-0.5914203634116573, -0.319803510739202, 0.0]","{""Controller Type"": ""MPC Controller"", ""weight_comfort"": 1000.0, ""weight_trajectory"": 1000.0, ""weight_goal"": 100.0, ""Q"": [[1000.0, 0.0, 0.0, 0.0], [0.0, 0.0, 0.0, 0.0], [0.0, 0.0, 1000.0, 0.0], [0.0, 0.0, 0.0, 0.0]], ""R"": [[1000.0, 0.0], [0.0, 1000.0]], ""P"": [[100.0, 0.0, 0.0, 0.0], [0.0, 10000.0, 0.0, 0.0], [0.0, 0.0, 100.0, 0.0], [0.0, 0.0, 0.0, 10000.0]]}","[-0.6916567411291464, 0.01852352396280471, 0.0]",False
3,P01,8f99450e-b3b4-4bbf-a34f-dee9d88fdb64,4,1,haply,mpc,seeded_random,593114440,persist_session,10.0,1785312725.6138718,2812.67567071,0,1785312725.60395,684,True,careful,fixed,0.08,0.08,0.0,-0.08,0.08,0.0,-0.034651608,0.08087018000000007,0.0,-0.0968525,-0.13597645,0.25326717,-0.016217686,-0.0008142126,0.00015620576,"[-23.826759018085507, 56.740412939519494, 0.0, 0.0, 0.0, 0.0, -26.763779839050596, 63.91641504591725]","[-0.3267119920869237, 0.8280665144221692, 0.0]","{""Controller Type"": ""MPC Controller"", ""weight_comfort"": 1000.0, ""weight_trajectory"": 1000.0, ""weight_goal"": 100.0, ""Q"": [[1000.0, 0.0, 0.0, 0.0], [0.0, 0.0, 0.0, 0.0], [0.0, 0.0, 1000.0, 0.0], [0.0, 0.0, 0.0, 0.0]], ""R"": [[1000.0, 0.0], [0.0, 1000.0]], ""P"": [[100.0, 0.0, 0.0, 0.0], [0.0, 10000.0, 0.0, 0.0], [0.0, 0.0, 100.0, 0.0], [0.0, 0.0, 0.0, 10000.0]]}","[-0.7180789070342243, -0.09970848531913039, 0.0]",False
3,P01,8f99450e-b3b4-4bbf-a34f-dee9d88fdb64,4,1,haply,mpc,seeded_random,593114440,persist_session,10.0,1785312725.6236706,2812.685465982,0,1785312725.6137087,685,True,careful,fixed,0.08,0.08,0.0,-0.08,0.08,0.0,-0.03495853799999998,0.08081421999999999,0.0,-0.09701449,-0.13594386,0.253238,-0.015519218,-0.00054589147,0.0002096752,"[-23.82698725650087, 56.73921693335707, 0.0, 0.0, 0.0, 0.0, -26.897471333847143, 64.37250178481324]","[-0.711353846818197, -0.34723489607392544, 0.0]","{""Controller Type"": ""MPC Controller"", ""weight_comfort"": 1000.0, ""weight_trajectory"": 1000.0, ""weight_goal"": 100.0, ""Q"": [[1000.0, 0.0, 0.0, 0.0], [0.0, 0.0, 0.0, 0.0], [0.0, 0.0, 1000.0, 0.0], [0.0, 0.0, 0.0, 0.0]], ""R"": [[1000.0, 0.0], [0.0, 1000.0]], ""P"": [[100.0, 0.0, 0.0, 0.0], [0.0, 10000.0, 0.0, 0.0], [0.0, 0.0, 100.0, 0.0], [0.0, 0.0, 0.0, 10000.0]]}","[-0.6700127826202457, 0.019438991012358537, 0.0]",False
3,P01,8f99450e-b3b4-4bbf-a34f-dee9d88fdb64,4,1,haply,mpc,seeded_random,593114440,persist_session,10.0,1785312725.6338205,2812.695622108,0,1785312725.6238065,686,True,careful,fixed,0.08,0.08,0.0,-0.08,0.08,0.0,-0.035444507999999986,0.08075588000000006,0.0,-0.09707426,-0.13590337,0.2532368,-0.014995673,-0.00029936247,0.00027100267,"[-23.826710604136096, 56.73754203863681, 0.0, 0.0, 0.0, 0.0, -26.865594878330075, 64.2675358334336]","[-1.668974210565804, -0.3510004007813403, 0.0]","{""Controller Type"": ""MPC Controller"", ""weight_comfort"": 1000.0, ""weight_trajectory"": 1000.0, ""weight_goal"": 100.0, ""Q"": [[1000.0, 0.0, 0.0, 0.0], [0.0, 0.0, 0.0, 0.0], [0.0, 0.0, 1000.0, 0.0], [0.0, 0.0, 0.0, 0.0]], ""R"": [[1000.0, 0.0], [0.0, 1000.0]], ""P"": [[100.0, 0.0, 0.0, 0.0], [0.0, 10000.0, 0.0, 0.0], [0.0, 0.0, 100.0, 0.0], [0.0, 0.0, 0.0, 10000.0]]}","[-0.5540409900036993, 0.021003310773013973, 0.0]",False
3,P01,8f99450e-b3b4-4bbf-a34f-dee9d88fdb64,4,1,haply,mpc,seeded_random,593114440,persist_session,10.0,1785312725.6436827,2812.705477248,0,1785312725.6336553,687,True,careful,fixed,0.08,0.08,0.0,-0.08,0.08,0.0,-0.03562381799999999,0.08075347999999999,0.0,-0.09717657,-0.13591115,0.25320882,-0.014470187,5.761329e-06,2.3983102e-05,"[-23.902558576606893, 56.74310909874074, 0.0, 0.0, 0.0, 0.0, -26.886216956329218, 64.26979834881078]","[0.02762688794191459, 0.004596725057145319, 0.0]","{""Controller Type"": ""MPC Controller"", ""weight_comfort"": 1000.0, ""weight_trajectory"": 1000.0, ""weight_goal"": 100.0, ""Q"": [[1000.0, 0.0, 0.0, 0.0], [0.0, 0.0, 0.0, 0.0], [0.0, 0.0, 1000.0, 0.0], [0.0, 0.0, 0.0, 0.0]], ""R"": [[1000.0, 0.0], [0.0, 1000.0]], ""P"": [[100.0, 0.0, 0.0, 0.0], [0.0, 10000.0, 0.0, 0.0], [0.0, 0.0, 100.0, 0.0], [0.0, 0.0, 0.0, 10000.0]]}","[-0.7440073481565733, -0.014655033066100989, 0.0]",False
3,P01,8f99450e-b3b4-4bbf-a34f-dee9d88fdb64,4,1,haply,mpc,seeded_random,593114440,persist_session,10.0,1785312725.6539392,2812.715731592,0,1785312725.6439626,688,True,careful,fixed,0.08,0.08,0.0,-0.08,0.08,0.0,-0.03593074800000001,0.08069752000000002,0.0,-0.0972363,-0.13587065,0.25320762,-0.013743431,0.00040362313,-0.00069048663,"[-23.898200975444816, 56.76074717483753, 0.0, 0.0, 0.0, 0.0, -26.90138339116713, 64.31937776319626]","[-0.6370394264907686, -0.3304356524769596, 0.0]","{""Controller Type"": ""MPC Controller"", ""weight_comfort"": 1000.0, ""weight_trajectory"": 1000.0, ""weight_goal"": 100.0, ""Q"": [[1000.0, 0.0, 0.0, 0.0], [0.0, 0.0, 0.0, 0.0], [0.0, 0.0, 1000.0, 0.0], [0.0, 0.0, 0.0, 0.0]], ""R"": [[1000.0, 0.0], [0.0, 1000.0]], ""P"": [[100.0, 0.0, 0.0, 0.0], [0.0, 10000.0, 0.0, 0.0], [0.0, 0.0, 100.0, 0.0], [0.0, 0.0, 0.0, 10000.0]]}","[-0.6639703799512043, 0.02004176801738429, 0.0]",False
3,P01,8f99450e-b3b4-4bbf-a34f-dee9d88fdb64,4,1,haply,mpc,seeded_random,593114440,persist_session,10.0,1785312725.663712,2812.725505125,0,1785312725.653604,689,True,careful,fixed,0.08,0.08,0.0,-0.08,0.08,0.0,-0.036109937999999994,0.08069512000000006,0.0,-0.09733864,-0.13587834,0.25317952,-0.013048646,0.0007641182,-0.0011095874,"[-23.926562841545074, 56.760732000740894, 0.0, 0.0, 0.0, 0.0, -26.919512902295217, 64.32067729252267]","[-0.00478587085549087, 0.0027011852602528592, 0.0]","{""Controller Type"": ""MPC Controller"", ""weight_comfort"": 1000.0, ""weight_trajectory"": 1000.0, ""weight_goal"": 100.0, ""Q"": [[1000.0, 0.0, 0.0, 0.0], [0.0, 0.0, 0.0, 0.0], [0.0, 0.0, 1000.0, 0.0], [0.0, 0.0, 0.0, 0.0]], ""R"": [[1000.0, 0.0], [0.0, 1000.0]], ""P"": [[100.0, 0.0, 0.0, 0.0], [0.0, 10000.0, 0.0, 0.0], [0.0, 0.0, 100.0, 0.0], [0.0, 0.0, 0.0, 10000.0]]}","[-0.7331954988662388, -0.013383867905589443, 0.0]",False
3,P01,8f99450e-b3b4-4bbf-a34f-dee9d88fdb64,4,1,haply,mpc,seeded_random,593114440,persist_session,10.0,1785312725.6737323,2812.73553219,0,1785312725.6639798,690,True,careful,fixed,0.08,0.08,0.0,-0.08,0.08,0.0,-0.03641695800000001,0.08063892,0.0,-0.097398385,-0.13583773,0.2531783,-0.012411004,0.0010901338,-0.0013852977,"[-23.92286885843273, 56.77626115826392, 0.0, 0.0, 0.0, 0.0, -26.93478448547584, 64.36904052902771]","[-0.6373886118309995, -0.3314445837456635, 0.0]","{""Controller Type"": ""MPC Controller"", ""weight_comfort"": 1000.0, ""weight_trajectory"": 1000.0, ""weight_goal"": 100.0, ""Q"": [[1000.0, 0.0, 0.0, 0.0], [0.0, 0.0, 0.0, 0.0], [0.0, 0.0, 1000.0, 0.0], [0.0, 0.0, 0.0, 0.0]], ""R"": [[1000.0, 0.0], [0.0, 1000.0]], ""P"": [[100.0, 0.0, 0.0, 0.0], [0.0, 10000.0, 0.0, 0.0], [0.0, 0.0, 100.0, 0.0], [0.0, 0.0, 0.0, 10000.0]]}","[-0.6566739226175893, 0.021253544712633844, 0.0]",False
3,P01,8f99450e-b3b4-4bbf-a34f-dee9d88fdb64,4,1,haply,mpc,seeded_random,593114440,persist_session,10.0,1785312725.684095,2812.7458891,0,1785312725.6735895,691,True,careful,fixed,0.08,0.08,0.0,-0.08,0.08,0.0,-0.03659619300000001,0.08063648000000007,0.0,-0.097458065,-0.13579716,0.25317714,-0.011789349,0.0013079144,-0.0015283882,"[-23.95052362443223, 56.77524925956846, 0.0, 0.0, 0.0, 0.0, -26.951277412057525, 64.36945896808326]","[-0.019397851408706757, 0.000809891256862337, 0.0]","{""Controller Type"": ""MPC Controller"", ""weight_comfort"": 1000.0, ""weight_trajectory"": 1000.0, ""weight_goal"": 100.0, ""Q"": [[1000.0, 0.0, 0.0, 0.0], [0.0, 0.0, 0.0, 0.0], [0.0, 0.0, 1000.0, 0.0], [0.0, 0.0, 0.0, 0.0]], ""R"": [[1000.0, 0.0], [0.0, 1000.0]], ""P"": [[100.0, 0.0, 0.0, 0.0], [0.0, 10000.0, 0.0, 0.0], [0.0, 0.0, 100.0, 0.0], [0.0, 0.0, 0.0, 10000.0]]}","[-0.7243358989406778, -0.012103905942840276, 0.0]",False
3,P01,8f99450e-b3b4-4bbf-a34f-dee9d88fdb64,4,1,haply,mpc,seeded_random,593114440,persist_session,10.0,1785312725.6936953,2812.755496448,0,1785312725.6838808,692,True,careful,fixed,0.08,0.08,0.0,-0.08,0.08,0.0,-0.03677523299999999,0.08063416000000007,0.0,-0.09751775,-0.13575655,0.2531759,-0.011233294,0.0014287712,-0.0016233992,"[-23.952420779365564, 56.77547519871059, 0.0, 0.0, 0.0, 0.0, -26.951283283025955, 64.3694594064726]","[0.0476060747965793, 0.002580470447699372, 0.0]","{""Controller Type"": ""MPC Controller"", ""weight_comfort"": 1000.0, ""weight_trajectory"": 1000.0, ""weight_goal"": 100.0, ""Q"": [[1000.0, 0.0, 0.0, 0.0], [0.0, 0.0, 0.0, 0.0], [0.0, 0.0, 1000.0, 0.0], [0.0, 0.0, 0.0, 0.0]], ""R"": [[1000.0, 0.0], [0.0, 1000.0]], ""P"": [[100.0, 0.0, 0.0, 0.0], [0.0, 10000.0, 0.0, 0.0], [0.0, 0.0, 100.0, 0.0], [0.0, 0.0, 0.0, 10000.0]]}","[-0.7293389899520207, -0.01224434686155742, 0.0]",False
3,P01,8f99450e-b3b4-4bbf-a34f-dee9d88fdb64,4,1,haply,mpc,seeded_random,593114440,persist_session,10.0,1785312725.7037418,2812.765542454,0,1785312725.6935513,693,True,careful,fixed,0.08,0.08,0.0,-0.08,0.08,0.0,-0.036954288,0.08063168000000004,0.0,-0.09767972,-0.13572326,0.25314665,-0.010695058,0.0016232544,-0.0016226247,"[-23.950145957737313, 56.775564662577565, 0.0, 0.0, 0.0, 0.0, -26.951168891519576, 64.36945744266725]","[-0.020282351415863653, 0.0005169583232695549, 0.0]","{""Controller Type"": ""MPC Controller"", ""weight_comfort"": 1000.0, ""weight_trajectory"": 1000.0, ""weight_goal"": 100.0, ""Q"": [[1000.0, 0.0, 0.0, 0.0], [0.0, 0.0, 0.0, 0.0], [0.0, 0.0, 1000.0, 0.0], [0.0, 0.0, 0.0, 0.0]], ""R"": [[1000.0, 0.0], [0.0, 1000.0]], ""P"": [[100.0, 0.0, 0.0, 0.0], [0.0, 10000.0, 0.0, 0.0], [0.0, 0.0, 100.0, 0.0], [0.0, 0.0, 0.0, 10000.0]]}","[-0.71896546604084, -0.01199583399861805, 0.0]",False
3,P01,8f99450e-b3b4-4bbf-a34f-dee9d88fdb64,4,1,haply,mpc,seeded_random,593114440,persist_session,10.0,1785312725.7138045,2812.775603807,0,1785312725.7036955,694,True,careful,fixed,0.08,0.08,0.0,-0.08,0.08,0.0,-0.037440197999999994,0.08057317999999997,0.0,-0.09767972,-0.13572326,0.25314665,-0.010349155,0.0018414578,-0.0016060687,"[-23.972118745573542, 56.89514337732115, 0.0, 0.0, 0.0, 0.0, -26.970947744906812, 64.4288554047713]","[-1.7050355021755308, -0.3560905958636245, 0.0]","{""Controller Type"": ""MPC Controller"", ""weight_comfort"": 1000.0, ""weight_trajectory"": 1000.0, ""weight_goal"": 100.0, ""Q"": [[1000.0, 0.0, 0.0, 0.0], [0.0, 0.0, 0.0, 0.0], [0.0, 0.0, 1000.0, 0.0], [0.0, 0.0, 0.0, 0.0]], ""R"": [[1000.0, 0.0], [0.0, 1000.0]], ""P"": [[100.0, 0.0, 0.0, 0.0], [0.0, 10000.0, 0.0, 0.0], [0.0, 0.0, 100.0, 0.0], [0.0, 0.0, 0.0, 10000.0]]}","[-0.5197616400542617, 0.02501048131819452, 0.0]",False
3,P01,8f99450e-b3b4-4bbf-a34f-dee9d88fdb64,4,1,haply,mpc,seeded_random,593114440,persist_session,10.0,1785312725.7239118,2812.785694044,0,1785312725.7136683,695,True,careful,fixed,0.08,0.08,0.0,-0.08,0.08,0.0,-0.037440197999999994,0.08057317999999997,0.0,-0.09779903,-0.13564183,0.25314423,-0.009999512,0.002034265,-0.0015556741,"[-24.160725033946527, 57.124628016099734, 0.0, 0.0, 0.0, 0.0, -26.98996647489221, 64.43667778134567]","[1.0282756736212075, 0.015470108984077767, 0.0]","{""Controller Type"": ""MPC Controller"", ""weight_comfort"": 1000.0, ""weight_trajectory"": 1000.0, ""weight_goal"": 100.0, ""Q"": [[1000.0, 0.0, 0.0, 0.0], [0.0, 0.0, 0.0, 0.0], [0.0, 0.0, 1000.0, 0.0], [0.0, 0.0, 0.0, 0.0]], ""R"": [[1000.0, 0.0], [0.0, 1000.0]], ""P"": [[100.0, 0.0, 0.0, 0.0], [0.0, 10000.0, 0.0, 0.0], [0.0, 0.0, 100.0, 0.0], [0.0, 0.0, 0.0, 10000.0]]}","[-0.8305753143070468, -0.01240920534272574, 0.0]",False
3,P01,8f99450e-b3b4-4bbf-a34f-dee9d88fdb64,4,1,haply,mpc,seeded_random,593114440,persist_session,10.0,1785312725.7337825,2812.795587105,0,1785312725.7239401,696,True,careful,fixed,0.08,0.08,0.0,-0.08,0.08,0.0,-0.037440197999999994,0.08057317999999997,0.0,-0.09798239,-0.13562967,0.2531778,-0.009755911,0.0021875817,-0.0014370141,"[-24.10930865521684, 57.06206769957014, 0.0, 0.0, 0.0, 0.0, -26.98944107149946, 64.43646168367802]","[1.0260874027229152, 0.015469807833361111, 0.0]","{""Controller Type"": ""MPC Controller"", ""weight_comfort"": 1000.0, ""weight_trajectory"": 1000.0, ""weight_goal"": 100.0, ""Q"": [[1000.0, 0.0, 0.0, 0.0], [0.0, 0.0, 0.0, 0.0], [0.0, 0.0, 1000.0, 0.0], [0.0, 0.0, 0.0, 0.0]], ""R"": [[1000.0, 0.0], [0.0, 1000.0]], ""P"": [[100.0, 0.0, 0.0, 0.0], [0.0, 10000.0, 0.0, 0.0], [0.0, 0.0, 100.0, 0.0], [0.0, 0.0, 0.0, 10000.0]]}","[-0.8305753143091497, -0.012409205341689955, 0.0]",False
3,P01,8f99450e-b3b4-4bbf-a34f-dee9d88fdb64,4,1,haply,mpc,seeded_random,593114440,persist_session,10.0,1785312725.7442377,2812.806033676,0,1785312725.733755,697,True,careful,fixed,0.08,0.08,0.0,-0.08,0.08,0.0,-0.03834820800000001,0.08063548000000004,0.0,-0.098084845,-0.1356368,0.25314963,-0.009680296,0.0023028208,-0.0011945657,"[-24.532138949761798, 58.344853028748005, 0.0, 0.0, 0.0, 0.0, -27.031967050200542, 64.52117653417132]","[-4.375831845764333, 0.4267226914450992, 0.0]","{""Controller Type"": ""MPC Controller"", ""weight_comfort"": 1000.0, ""weight_trajectory"": 1000.0, ""weight_goal"": 100.0, ""Q"": [[1000.0, 0.0, 0.0, 0.0], [0.0, 0.0, 0.0, 0.0], [0.0, 0.0, 1000.0, 0.0], [0.0, 0.0, 0.0, 0.0]], ""R"": [[1000.0, 0.0], [0.0, 1000.0]], ""P"": [[100.0, 0.0, 0.0, 0.0], [0.0, 10000.0, 0.0, 0.0], [0.0, 0.0, 100.0, 0.0], [0.0, 0.0, 0.0, 10000.0]]}","[-0.21305626762745544, -0.05507349363936805, 0.0]",False
3,P01,8f99450e-b3b4-4bbf-a34f-dee9d88fdb64,4,1,haply,mpc,seeded_random,593114440,persist_session,10.0,1785312725.7537146,2812.815508747,0,1785312725.7440789,698,True,careful,fixed,0.08,0.08,0.0,-0.08,0.08,0.0,-0.03834820800000001,0.08063548000000004,0.0,-0.09814445,-0.13559595,0.2531484,-0.0097004855,0.0023918485,-0.0010271408,"[-24.921489167161887, 58.81444826616937, 0.0, 0.0, 0.0, 0.0, -27.007945000522476, 64.51132008236472]","[1.03802468312088, 0.01716300888893298, 0.0]","{""Controller Type"": ""MPC Controller"", ""weight_comfort"": 1000.0, ""weight_trajectory"": 1000.0, ""weight_goal"": 100.0, ""Q"": [[1000.0, 0.0, 0.0, 0.0], [0.0, 0.0, 0.0, 0.0], [0.0, 0.0, 1000.0, 0.0], [0.0, 0.0, 0.0, 0.0]], ""R"": [[1000.0, 0.0], [0.0, 1000.0]], ""P"": [[100.0, 0.0, 0.0, 0.0], [0.0, 10000.0, 0.0, 0.0], [0.0, 0.0, 100.0, 0.0], [0.0, 0.0, 0.0, 10000.0]]}","[-0.8147532570898961, -0.013790113014954149, 0.0]",False
3,P01,8f99450e-b3b4-4bbf-a34f-dee9d88fdb64,4,1,haply,mpc,seeded_random,593114440,persist_session,10.0,1785312725.7639692,2812.825754438,0,1785312725.753605,699,True,careful,fixed,0.08,0.08,0.0,-0.08,0.08,0.0,-0.038834387999999984,0.08057668000000001,0.0,-0.098246865,-0.135603,0.2531202,-0.009670328,0.002469389,-0.0009820941,"[-25.00269981719951, 59.19379373867383, 0.0, 0.0, 0.0, 0.0, -27.039078537577062, 64.60342019615145]","[-1.9918272244334756, -0.383176303639831, 0.0]","{""Controller Type"": ""MPC Controller"", ""weight_comfort"": 1000.0, ""weight_trajectory"": 1000.0, ""weight_goal"": 100.0, ""Q"": [[1000.0, 0.0, 0.0, 0.0], [0.0, 0.0, 0.0, 0.0], [0.0, 0.0, 1000.0, 0.0], [0.0, 0.0, 0.0, 0.0]], ""R"": [[1000.0, 0.0], [0.0, 1000.0]], ""P"": [[100.0, 0.0, 0.0, 0.0], [0.0, 10000.0, 0.0, 0.0], [0.0, 0.0, 100.0, 0.0], [0.0, 0.0, 0.0, 10000.0]]}","[-0.47386046161956247, 0.027664562815842477, 0.0]",False
3,P01,8f99450e-b3b4-4bbf-a34f-dee9d88fdb64,4,1,haply,mpc,seeded_random,593114440,persist_session,10.0,1785312725.7737174,2812.835511509,0,1785312725.764093,700,True,careful,fixed,0.08,0.08,0.0,-0.08,0.08,0.0,-0.03914163300000001,0.08052028000000006,0.0,-0.0983278,-0.13558333,0.25318187,-0.00957147,0.0024794128,-0.000948533,"[-25.021134791696102, 59.08241535869566, 0.0, 0.0, 0.0, 0.0, -26.997552920276334, 64.47945395613544]","[-0.708485747318597, -0.3326956714486238, 0.0]","{""Controller Type"": ""MPC Controller"", ""weight_comfort"": 1000.0, ""weight_trajectory"": 1000.0, ""weight_goal"": 100.0, ""Q"": [[1000.0, 0.0, 0.0, 0.0], [0.0, 0.0, 0.0, 0.0], [0.0, 0.0, 1000.0, 0.0], [0.0, 0.0, 0.0, 0.0]], ""R"": [[1000.0, 0.0], [0.0, 1000.0]], ""P"": [[100.0, 0.0, 0.0, 0.0], [0.0, 10000.0, 0.0, 0.0], [0.0, 0.0, 100.0, 0.0], [0.0, 0.0, 0.0, 10000.0]]}","[-0.6098619544860943, 0.02373023443699568, 0.0]",False
3,P01,8f99450e-b3b4-4bbf-a34f-dee9d88fdb64,4,1,haply,mpc,seeded_random,593114440,persist_session,10.0,1785312725.7838748,2812.845659591,0,1785312725.774249,701,True,careful,fixed,0.08,0.08,0.0,-0.08,0.08,0.0,-0.03938443800000002,0.08064361999999997,0.0,-0.09844702,-0.13550135,0.25317946,-0.009474726,0.0025039716,-0.0008449269,"[-25.034200733868616, 59.06174423484241, 0.0, 0.0, 0.0, 0.0, -27.30982198906577, 65.15109554204429]","[-0.39522152017958434, 0.8087955186429228, 0.0]","{""Controller Type"": ""MPC Controller"", ""weight_comfort"": 1000.0, ""weight_trajectory"": 1000.0, ""weight_goal"": 100.0, ""Q"": [[1000.0, 0.0, 0.0, 0.0], [0.0, 0.0, 0.0, 0.0], [0.0, 0.0, 1000.0, 0.0], [0.0, 0.0, 0.0, 0.0]], ""R"": [[1000.0, 0.0], [0.0, 1000.0]], ""P"": [[100.0, 0.0, 0.0, 0.0], [0.0, 10000.0, 0.0, 0.0], [0.0, 0.0, 100.0, 0.0], [0.0, 0.0, 0.0, 10000.0]]}","[-0.6405692564230585, -0.09318228943487455, 0.0]",False
3,P01,8f99450e-b3b4-4bbf-a34f-dee9d88fdb64,4,1,haply,mpc,seeded_random,593114440,persist_session,10.0,1785312725.7942364,2812.856033242,0,1785312725.78401,702,True,careful,fixed,0.08,0.08,0.0,-0.08,0.08,0.0,-0.03938443800000002,0.08064361999999997,0.0,-0.09852791,-0.13548157,0.25324112,-0.00949662,0.0024134638,-0.0004362111,"[-25.103905287836028, 59.14574756793985, 0.0, 0.0, 0.0, 0.0, -27.26038096553874, 65.13102367417551]","[1.0196092216602315, 0.01754532639703922, 0.0]","{""Controller Type"": ""MPC Controller"", ""weight_comfort"": 1000.0, ""weight_trajectory"": 1000.0, ""weight_goal"": 100.0, ""Q"": [[1000.0, 0.0, 0.0, 0.0], [0.0, 0.0, 0.0, 0.0], [0.0, 0.0, 1000.0, 0.0], [0.0, 0.0, 0.0, 0.0]], ""R"": [[1000.0, 0.0], [0.0, 1000.0]], ""P"": [[100.0, 0.0, 0.0, 0.0], [0.0, 10000.0, 0.0, 0.0], [0.0, 0.0, 100.0, 0.0], [0.0, 0.0, 0.0, 10000.0]]}","[-0.7964437574020307, -0.014001214289267132, 0.0]",False
3,P01,8f99450e-b3b4-4bbf-a34f-dee9d88fdb64,4,1,haply,mpc,seeded_random,593114440,persist_session,10.0,1785312725.8037415,2812.865511073,0,1785312725.793958,703,True,careful,fixed,0.08,0.08,0.0,-0.08,0.08,0.0,-0.03974209799999999,0.08063880000000007,0.0,-0.09858746,-0.13544053,0.2532399,-0.009424602,0.0024532748,6.875922e-05,"[-25.11312055622193, 59.305657515110354, 0.0, 0.0, 0.0, 0.0, -27.259446078068404, 65.13146469742527]","[-1.1212088507487747, -0.014144082386547841, 0.0]","{""Controller Type"": ""MPC Controller"", ""weight_comfort"": 1000.0, ""weight_trajectory"": 1000.0, ""weight_goal"": 100.0, ""Q"": [[1000.0, 0.0, 0.0, 0.0], [0.0, 0.0, 0.0, 0.0], [0.0, 0.0, 1000.0, 0.0], [0.0, 0.0, 0.0, 0.0]], ""R"": [[1000.0, 0.0], [0.0, 1000.0]], ""P"": [[100.0, 0.0, 0.0, 0.0], [0.0, 10000.0, 0.0, 0.0], [0.0, 0.0, 100.0, 0.0], [0.0, 0.0, 0.0, 10000.0]]}","[-0.5554645152138771, -0.010745946065992346, 0.0]",False
3,P01,8f99450e-b3b4-4bbf-a34f-dee9d88fdb64,4,1,haply,mpc,seeded_random,593114440,persist_session,10.0,1785312725.8139243,2812.875709505,0,1785312725.8041272,704,True,careful,fixed,0.08,0.08,0.0,-0.08,0.08,0.0,-0.040163418000000006,0.08075968000000006,0.0,-0.09866834,-0.1354206,0.2533015,-0.009016282,0.0029298677,0.0007235764,"[-25.101950426356556, 59.22905926254823, 0.0, 0.0, 0.0, 0.0, -27.402989586972087, 65.43438997896195]","[-1.4539261930731164, 0.7986226833499747, 0.0]","{""Controller Type"": ""MPC Controller"", ""weight_comfort"": 1000.0, ""weight_trajectory"": 1000.0, ""weight_goal"": 100.0, ""Q"": [[1000.0, 0.0, 0.0, 0.0], [0.0, 0.0, 0.0, 0.0], [0.0, 0.0, 1000.0, 0.0], [0.0, 0.0, 0.0, 0.0]], ""R"": [[1000.0, 0.0], [0.0, 1000.0]], ""P"": [[100.0, 0.0, 0.0, 0.0], [0.0, 10000.0, 0.0, 0.0], [0.0, 0.0, 100.0, 0.0], [0.0, 0.0, 0.0, 10000.0]]}","[-0.5119221655720597, -0.09418989130462212, 0.0]",False
3,P01,8f99450e-b3b4-4bbf-a34f-dee9d88fdb64,4,1,haply,mpc,seeded_random,593114440,persist_session,10.0,1785312725.8237722,2812.885553631,0,1785312725.8139036,705,True,careful,fixed,0.08,0.08,0.0,-0.08,0.08,0.0,-0.04040605799999998,0.08088288000000005,0.0,-0.09872789,-0.13537948,0.25330028,-0.008725406,0.0032404752,0.001182843,"[-25.1275939217481, 59.169955170993006, 0.0, 0.0, 0.0, 0.0, -27.120740451071814, 64.84501831574893]","[-0.47364270120263696, 0.8411105943559373, 0.0]","{""Controller Type"": ""MPC Controller"", ""weight_comfort"": 1000.0, ""weight_trajectory"": 1000.0, ""weight_goal"": 100.0, ""Q"": [[1000.0, 0.0, 0.0, 0.0], [0.0, 0.0, 0.0, 0.0], [0.0, 0.0, 1000.0, 0.0], [0.0, 0.0, 0.0, 0.0]], ""R"": [[1000.0, 0.0], [0.0, 1000.0]], ""P"": [[100.0, 0.0, 0.0, 0.0], [0.0, 10000.0, 0.0, 0.0], [0.0, 0.0, 100.0, 0.0], [0.0, 0.0, 0.0, 10000.0]]}","[-0.6159677651724584, -0.10159701874366629, 0.0]",False
3,P01,8f99450e-b3b4-4bbf-a34f-dee9d88fdb64,4,1,haply,mpc,seeded_random,593114440,persist_session,10.0,1785312725.8337152,2812.895505327,0,1785312725.8242416,706,True,careful,fixed,0.08,0.08,0.0,-0.08,0.08,0.0,-0.040584708,0.08088044,0.0,-0.0987874,-0.13533837,0.25329906,-0.0084971385,0.0034569,0.001517874,"[-25.14487893070511, 59.168758729461146, 0.0, 0.0, 0.0, 0.0, -27.05992755859619, 64.8352145731515]","[-0.03139025034322229, 0.008522177649184354, 0.0]","{""Controller Type"": ""MPC Controller"", ""weight_comfort"": 1000.0, ""weight_trajectory"": 1000.0, ""weight_goal"": 100.0, ""Q"": [[1000.0, 0.0, 0.0, 0.0], [0.0, 0.0, 0.0, 0.0], [0.0, 0.0, 1000.0, 0.0], [0.0, 0.0, 0.0, 0.0]], ""R"": [[1000.0, 0.0], [0.0, 1000.0]], ""P"": [[100.0, 0.0, 0.0, 0.0], [0.0, 10000.0, 0.0, 0.0], [0.0, 0.0, 100.0, 0.0], [0.0, 0.0, 0.0, 10000.0]]}","[-0.6619632300827972, -0.0176601688461341, 0.0]",False
3,P01,8f99450e-b3b4-4bbf-a34f-dee9d88fdb64,4,1,haply,mpc,seeded_random,593114440,persist_session,10.0,1785312725.8439229,2812.905697941,0,1785312725.83418,707,True,careful,fixed,0.08,0.08,0.0,-0.08,0.08,0.0,-0.04076323799999999,0.08087800000000006,0.0,-0.09888994,-0.13534503,0.25327083,-0.008540067,0.0034300385,0.0016473811,"[-25.14504244192168, 59.168726845682144, 0.0, 0.0, 0.0, 0.0, -27.059501045981015, 64.835150736098]","[-0.07626822435666591, 0.007840536982760209, 0.0]","{""Controller Type"": ""MPC Controller"", ""weight_comfort"": 1000.0, ""weight_trajectory"": 1000.0, ""weight_goal"": 100.0, ""Q"": [[1000.0, 0.0, 0.0, 0.0], [0.0, 0.0, 0.0, 0.0], [0.0, 0.0, 1000.0, 0.0], [0.0, 0.0, 0.0, 0.0]], ""R"": [[1000.0, 0.0], [0.0, 1000.0]], ""P"": [[100.0, 0.0, 0.0, 0.0], [0.0, 10000.0, 0.0, 0.0], [0.0, 0.0, 100.0, 0.0], [0.0, 0.0, 0.0, 10000.0]]}","[-0.654230646172872, -0.01755136675704323, 0.0]",False
3,P01,8f99450e-b3b4-4bbf-a34f-dee9d88fdb64,4,1,haply,mpc,seeded_random,593114440,persist_session,10.0,1785312725.8541193,2812.915907713,0,1785312725.8445373,708,True,careful,fixed,0.08,0.08,0.0,-0.08,0.08,0.0,-0.04107085799999999,0.08082154000000003,0.0,-0.09903034,-0.13528374,0.2533313,-0.008670481,0.0034014303,0.0016303111,"[-25.14368037158283, 59.184870987182485, 0.0, 0.0, 0.0, 0.0, -27.073980426841782, 64.88712352676362]","[-0.7790424668373948, -0.33147753637667826, 0.0]","{""Controller Type"": ""MPC Controller"", ""weight_comfort"": 1000.0, ""weight_trajectory"": 1000.0, ""weight_goal"": 100.0, ""Q"": [[1000.0, 0.0, 0.0, 0.0], [0.0, 0.0, 0.0, 0.0], [0.0, 0.0, 1000.0, 0.0], [0.0, 0.0, 0.0, 0.0]], ""R"": [[1000.0, 0.0], [0.0, 1000.0]], ""P"": [[100.0, 0.0, 0.0, 0.0], [0.0, 10000.0, 0.0, 0.0], [0.0, 0.0, 100.0, 0.0], [0.0, 0.0, 0.0, 10000.0]]}","[-0.5717772735856483, 0.017734553198195373, 0.0]",False
3,P01,8f99450e-b3b4-4bbf-a34f-dee9d88fdb64,4,1,haply,mpc,seeded_random,593114440,persist_session,10.0,1785312725.863935,2812.925707528,0,1785312725.8540514,709,True,careful,fixed,0.08,0.08,0.0,-0.08,0.08,0.0,-0.04107085799999999,0.08082154000000003,0.0,-0.09908983,-0.13524248,0.25333008,-0.008769635,0.003400519,0.0015997915,"[-25.246891840898027, 59.309332129779946, 0.0, 0.0, 0.0, 0.0, -27.102386349628308, 64.89844984497728]","[0.982839837532961, 0.022265694481674272, 0.0]","{""Controller Type"": ""MPC Controller"", ""weight_comfort"": 1000.0, ""weight_trajectory"": 1000.0, ""weight_goal"": 100.0, ""Q"": [[1000.0, 0.0, 0.0, 0.0], [0.0, 0.0, 0.0, 0.0], [0.0, 0.0, 1000.0, 0.0], [0.0, 0.0, 0.0, 0.0]], ""R"": [[1000.0, 0.0], [0.0, 1000.0]], ""P"": [[100.0, 0.0, 0.0, 0.0], [0.0, 10000.0, 0.0, 0.0], [0.0, 0.0, 100.0, 0.0], [0.0, 0.0, 0.0, 10000.0]]}","[-0.7661274637725115, -0.017936117560122634, 0.0]",False
3,P01,8f99450e-b3b4-4bbf-a34f-dee9d88fdb64,4,1,haply,mpc,seeded_random,593114440,persist_session,10.0,1785312725.874077,2812.935864361,0,1785312725.8645291,710,True,careful,fixed,0.08,0.08,0.0,-0.08,0.08,0.0,-0.04167052800000001,0.08094004000000005,0.0,-0.099192336,-0.13524893,0.25330183,-0.008830043,0.0033868197,0.0015756428,"[-25.361937052366283, 59.742275525369706, 0.0, 0.0, 0.0, 0.0, -27.21149789408961, 65.12116559096917]","[-2.4470923059213017, 0.7620772430743327, 0.0]","{""Controller Type"": ""MPC Controller"", ""weight_comfort"": 1000.0, ""weight_trajectory"": 1000.0, ""weight_goal"": 100.0, ""Q"": [[1000.0, 0.0, 0.0, 0.0], [0.0, 0.0, 0.0, 0.0], [0.0, 0.0, 1000.0, 0.0], [0.0, 0.0, 0.0, 0.0]], ""R"": [[1000.0, 0.0], [0.0, 1000.0]], ""P"": [[100.0, 0.0, 0.0, 0.0], [0.0, 10000.0, 0.0, 0.0], [0.0, 0.0, 100.0, 0.0], [0.0, 0.0, 0.0, 10000.0]]}","[-0.38026846283508364, -0.09463840526905817, 0.0]",False
3,P01,8f99450e-b3b4-4bbf-a34f-dee9d88fdb64,4,1,haply,mpc,seeded_random,593114440,persist_session,10.0,1785312725.884045,2812.945839365,0,1785312725.874529,711,True,careful,fixed,0.08,0.08,0.0,-0.08,0.08,0.0,-0.04197804600000002,0.08088354000000003,0.0,-0.09937588,-0.1352351,0.25333527,-0.00896423,0.0033566412,0.0015199161,"[-25.366454164952792, 59.5635017557076, 0.0, 0.0, 0.0, 0.0, -27.327018498942117, 65.54720807350618]","[-0.8672481586162473, -0.3462063947387422, 0.0]","{""Controller Type"": ""MPC Controller"", ""weight_comfort"": 1000.0, ""weight_trajectory"": 1000.0, ""weight_goal"": 100.0, ""Q"": [[1000.0, 0.0, 0.0, 0.0], [0.0, 0.0, 0.0, 0.0], [0.0, 0.0, 1000.0, 0.0], [0.0, 0.0, 0.0, 0.0]], ""R"": [[1000.0, 0.0], [0.0, 1000.0]], ""P"": [[100.0, 0.0, 0.0, 0.0], [0.0, 10000.0, 0.0, 0.0], [0.0, 0.0, 100.0, 0.0], [0.0, 0.0, 0.0, 10000.0]]}","[-0.5480000469736697, 0.01771287523522341, 0.0]",False
3,P01,8f99450e-b3b4-4bbf-a34f-dee9d88fdb64,4,1,haply,mpc,seeded_random,593114440,persist_session,10.0,1785312725.893694,2812.955480803,0,1785312725.8838038,712,True,careful,fixed,0.08,0.08,0.0,-0.08,0.08,0.0,-0.04197804600000002,0.08088354000000003,0.0,-0.09943532,-0.1351937,0.25333402,-0.00912796,0.003222839,0.0014222029,"[-25.47839513533053, 59.69816237897071, 0.0, 0.0, 0.0, 0.0, -27.359896298919864, 65.56020441513971]","[0.9687383678293607, 0.024173562775948475, 0.0]","{""Controller Type"": ""MPC Controller"", ""weight_comfort"": 1000.0, ""weight_trajectory"": 1000.0, ""weight_goal"": 100.0, ""Q"": [[1000.0, 0.0, 0.0, 0.0], [0.0, 0.0, 0.0, 0.0], [0.0, 0.0, 1000.0, 0.0], [0.0, 0.0, 0.0, 0.0]], ""R"": [[1000.0, 0.0], [0.0, 1000.0]], ""P"": [[100.0, 0.0, 0.0, 0.0], [0.0, 10000.0, 0.0, 0.0], [0.0, 0.0, 100.0, 0.0], [0.0, 0.0, 0.0, 10000.0]]}","[-0.7495810432134996, -0.019323416259705063, 0.0]",False
3,P01,8f99450e-b3b4-4bbf-a34f-dee9d88fdb64,4,1,haply,mpc,seeded_random,593114440,persist_session,10.0,1785312725.9037488,2812.965548434,0,1785312725.8937624,713,True,careful,fixed,0.08,0.08,0.0,-0.08,0.08,0.0,-0.04270699799999998,0.08094792,0.0,-0.09964057,-0.13520624,0.2532773,-0.009357162,0.0029023355,0.001246407,"[-25.726415851943397, 60.48485857935591, 0.0, 0.0, 0.0, 0.0, -27.404425788763863, 65.6424520742124]","[-3.468011915285818, 0.4503441938184344, 0.0]","{""Controller Type"": ""MPC Controller"", ""weight_comfort"": 1000.0, ""weight_trajectory"": 1000.0, ""weight_goal"": 100.0, ""Q"": [[1000.0, 0.0, 0.0, 0.0], [0.0, 0.0, 0.0, 0.0], [0.0, 0.0, 1000.0, 0.0], [0.0, 0.0, 0.0, 0.0]], ""R"": [[1000.0, 0.0], [0.0, 1000.0]], ""P"": [[100.0, 0.0, 0.0, 0.0], [0.0, 10000.0, 0.0, 0.0], [0.0, 0.0, 100.0, 0.0], [0.0, 0.0, 0.0, 10000.0]]}","[-0.2557317020232679, -0.06319087724019039, 0.0]",False
3,P01,8f99450e-b3b4-4bbf-a34f-dee9d88fdb64,4,1,haply,mpc,seeded_random,593114440,persist_session,10.0,1785312725.9138198,2812.975611862,0,1785312725.9035416,714,True,careful,fixed,0.08,0.08,0.0,-0.08,0.08,0.0,-0.043322747999999994,0.08083447999999999,0.0,-0.099700026,-0.13516472,0.25327605,-0.009792916,0.0026110208,0.0010287649,"[-25.53736818710191, 59.84081603406282, 0.0, 0.0, 0.0, 0.0, -27.668425879178127, 66.39024425092488]","[-2.8312471185363526, -0.7470456049248491, 0.0]","{""Controller Type"": ""MPC Controller"", ""weight_comfort"": 1000.0, ""weight_trajectory"": 1000.0, ""weight_goal"": 100.0, ""Q"": [[1000.0, 0.0, 0.0, 0.0], [0.0, 0.0, 0.0, 0.0], [0.0, 0.0, 1000.0, 0.0], [0.0, 0.0, 0.0, 0.0]], ""R"": [[1000.0, 0.0], [0.0, 1000.0]], ""P"": [[100.0, 0.0, 0.0, 0.0], [0.0, 10000.0, 0.0, 0.0], [0.0, 0.0, 100.0, 0.0], [0.0, 0.0, 0.0, 10000.0]]}","[-0.31107318428106173, 0.05792432650001108, 0.0]",False
3,P01,8f99450e-b3b4-4bbf-a34f-dee9d88fdb64,4,1,haply,mpc,seeded_random,593114440,persist_session,10.0,1785312725.9237657,2812.985565228,0,1785312725.9138472,715,True,careful,fixed,0.08,0.08,0.0,-0.08,0.08,0.0,-0.04350111599999999,0.08083197999999997,0.0,-0.09980264,-0.13517073,0.25324765,-0.010027241,0.0025456084,0.0004402556,"[-25.628233706682266, 59.81523210796488, 0.0, 0.0, 0.0, 0.0, -27.720444485644006, 66.39725877896537]","[-0.09986809094737958, 0.006955840476185811, 0.0]","{""Controller Type"": ""MPC Controller"", ""weight_comfort"": 1000.0, ""weight_trajectory"": 1000.0, ""weight_goal"": 100.0, ""Q"": [[1000.0, 0.0, 0.0, 0.0], [0.0, 0.0, 0.0, 0.0], [0.0, 0.0, 1000.0, 0.0], [0.0, 0.0, 0.0, 0.0]], ""R"": [[1000.0, 0.0], [0.0, 1000.0]], ""P"": [[100.0, 0.0, 0.0, 0.0], [0.0, 10000.0, 0.0, 0.0], [0.0, 0.0, 100.0, 0.0], [0.0, 0.0, 0.0, 10000.0]]}","[-0.6077172610954676, -0.016649867232964383, 0.0]",False
3,P01,8f99450e-b3b4-4bbf-a34f-dee9d88fdb64,4,1,haply,mpc,seeded_random,593114440,persist_session,10.0,1785312725.9338336,2812.99562879,0,1785312725.9236667,716,True,careful,fixed,0.08,0.08,0.0,-0.08,0.08,0.0,-0.043808957999999995,0.08077518,0.0,-0.099964745,-0.13513522,0.25321794,-0.010020026,0.0024989303,-0.00018313489,"[-25.62897310718929, 59.84201809424192, 0.0, 0.0, 0.0, 0.0, -27.7399161041055, 66.46384801917783]","[-0.9485106869096946, -0.36295032671709127, 0.0]","{""Controller Type"": ""MPC Controller"", ""weight_comfort"": 1000.0, ""weight_trajectory"": 1000.0, ""weight_goal"": 100.0, ""Q"": [[1000.0, 0.0, 0.0, 0.0], [0.0, 0.0, 0.0, 0.0], [0.0, 0.0, 1000.0, 0.0], [0.0, 0.0, 0.0, 0.0]], ""R"": [[1000.0, 0.0], [0.0, 1000.0]], ""P"": [[100.0, 0.0, 0.0, 0.0], [0.0, 10000.0, 0.0, 0.0], [0.0, 0.0, 100.0, 0.0], [0.0, 0.0, 0.0, 10000.0]]}","[-0.509595390530793, 0.02102917140593404, 0.0]",False
3,P01,8f99450e-b3b4-4bbf-a34f-dee9d88fdb64,4,1,haply,mpc,seeded_random,593114440,persist_session,10.0,1785312725.943831,2813.005629364,0,1785312725.933717,717,True,careful,fixed,0.08,0.08,0.0,-0.08,0.08,0.0,-0.04429527299999998,0.08071575999999997,0.0,-0.10019168,-0.13516803,0.253224,-0.010540622,0.002088593,-0.0004713822,"[-25.6209886938204, 59.8088365678464, 0.0, 0.0, 0.0, 0.0, -27.702471049076347, 66.34122115065442]","[-1.9792469517352322, -0.3723984409501327, 0.0]","{""Controller Type"": ""MPC Controller"", ""weight_comfort"": 1000.0, ""weight_trajectory"": 1000.0, ""weight_goal"": 100.0, ""Q"": [[1000.0, 0.0, 0.0, 0.0], [0.0, 0.0, 0.0, 0.0], [0.0, 0.0, 1000.0, 0.0], [0.0, 0.0, 0.0, 0.0]], ""R"": [[1000.0, 0.0], [0.0, 1000.0]], ""P"": [[100.0, 0.0, 0.0, 0.0], [0.0, 10000.0, 0.0, 0.0], [0.0, 0.0, 100.0, 0.0], [0.0, 0.0, 0.0, 10000.0]]}","[-0.3882372893345803, 0.023191294346644898, 0.0]",False
3,P01,8f99450e-b3b4-4bbf-a34f-dee9d88fdb64,4,1,haply,mpc,seeded_random,593114440,persist_session,10.0,1785312725.9537673,2813.015561776,0,1785312725.9435723,718,True,careful,fixed,0.08,0.08,0.0,-0.08,0.08,0.0,-0.04497607800000002,0.08072788000000003,0.0,-0.100251116,-0.13512631,0.25322273,-0.011196755,0.0016232465,-0.00066928356,"[-25.552966549431346, 59.594214969048586, 0.0, 0.0, 0.0, 0.0, -27.75172213515528, 66.39949719640603]","[-3.2218209304267793, 0.10185794754213452, 0.0]","{""Controller Type"": ""MPC Controller"", ""weight_comfort"": 1000.0, ""weight_trajectory"": 1000.0, ""weight_goal"": 100.0, ""Q"": [[1000.0, 0.0, 0.0, 0.0], [0.0, 0.0, 0.0, 0.0], [0.0, 0.0, 1000.0, 0.0], [0.0, 0.0, 0.0, 0.0]], ""R"": [[1000.0, 0.0], [0.0, 1000.0]], ""P"": [[100.0, 0.0, 0.0, 0.0], [0.0, 10000.0, 0.0, 0.0], [0.0, 0.0, 100.0, 0.0], [0.0, 0.0, 0.0, 10000.0]]}","[-0.2388375412005707, -0.024099146442139913, 0.0]",False
3,P01,8f99450e-b3b4-4bbf-a34f-dee9d88fdb64,4,1,haply,mpc,seeded_random,593114440,persist_session,10.0,1785312725.963865,2813.025666397,0,1785312725.953826,719,True,careful,fixed,0.08,0.08,0.0,-0.08,0.08,0.0,-0.045154386000000005,0.08072534000000003,0.0,-0.10035382,-0.13513206,0.25319418,-0.011633846,0.0013148984,-0.0008083466,"[-25.647778596933392, 59.551774877979646, 0.0, 0.0, 0.0, 0.0, -27.74561690736121, 66.39898381861212]","[-0.14187370158959645, 0.0036768994243956063, 0.0]","{""Controller Type"": ""MPC Controller"", ""weight_comfort"": 1000.0, ""weight_trajectory"": 1000.0, ""weight_goal"": 100.0, ""Q"": [[1000.0, 0.0, 0.0, 0.0], [0.0, 0.0, 0.0, 0.0], [0.0, 0.0, 1000.0, 0.0], [0.0, 0.0, 0.0, 0.0]], ""R"": [[1000.0, 0.0], [0.0, 1000.0]], ""P"": [[100.0, 0.0, 0.0, 0.0], [0.0, 10000.0, 0.0, 0.0], [0.0, 0.0, 100.0, 0.0], [0.0, 0.0, 0.0, 10000.0]]}","[-0.5759611794505323, -0.014314008335305238, 0.0]",False
3,P01,8f99450e-b3b4-4bbf-a34f-dee9d88fdb64,4,1,haply,mpc,seeded_random,593114440,persist_session,10.0,1785312725.9738247,2813.035615535,0,1785312725.963573,720,True,careful,fixed,0.08,0.08,0.0,-0.08,0.08,0.0,-0.04546249799999999,0.08066824,0.0,-0.10047817,-0.1351588,0.25322857,-0.01178996,0.0011356495,-0.000912132,"[-25.64953744343099, 59.57903825381338, 0.0, 0.0, 0.0, 0.0, -27.767565399575492, 66.46927978992568]","[-0.9974740005221918, -0.3708346540596011, 0.0]","{""Controller Type"": ""MPC Controller"", ""weight_comfort"": 1000.0, ""weight_trajectory"": 1000.0, ""weight_goal"": 100.0, ""Q"": [[1000.0, 0.0, 0.0, 0.0], [0.0, 0.0, 0.0, 0.0], [0.0, 0.0, 1000.0, 0.0], [0.0, 0.0, 0.0, 0.0]], ""R"": [[1000.0, 0.0], [0.0, 1000.0]], ""P"": [[100.0, 0.0, 0.0, 0.0], [0.0, 10000.0, 0.0, 0.0], [0.0, 0.0, 100.0, 0.0], [0.0, 0.0, 0.0, 10000.0]]}","[-0.4763585467831364, 0.02391987722746514, 0.0]",False
3,P01,8f99450e-b3b4-4bbf-a34f-dee9d88fdb64,4,1,haply,mpc,seeded_random,593114440,persist_session,10.0,1785312725.9837573,2813.045555004,0,1785312725.9739666,721,True,careful,fixed,0.08,0.08,0.0,-0.08,0.08,0.0,-0.04583554800000002,0.08073701999999999,0.0,-0.10064035,-0.13512251,0.25319877,-0.011972733,0.0010283464,-0.0009780258,"[-25.640293991786727, 59.51536723849694, 0.0, 0.0, 0.0, 0.0, -27.93024062217372, 66.7847970908483]","[-1.260151608413925, 0.46253497173787483, 0.0]","{""Controller Type"": ""MPC Controller"", ""weight_comfort"": 1000.0, ""weight_trajectory"": 1000.0, ""weight_goal"": 100.0, ""Q"": [[1000.0, 0.0, 0.0, 0.0], [0.0, 0.0, 0.0, 0.0], [0.0, 0.0, 1000.0, 0.0], [0.0, 0.0, 0.0, 0.0]], ""R"": [[1000.0, 0.0], [0.0, 1000.0]], ""P"": [[100.0, 0.0, 0.0, 0.0], [0.0, 10000.0, 0.0, 0.0], [0.0, 0.0, 100.0, 0.0], [0.0, 0.0, 0.0, 10000.0]]}","[-0.4409670553725326, -0.05986365952493279, 0.0]",False
3,P01,8f99450e-b3b4-4bbf-a34f-dee9d88fdb64,4,1,haply,mpc,seeded_random,593114440,persist_session,10.0,1785312725.993739,2813.055529586,0,1785312725.9835,722,True,careful,fixed,0.08,0.08,0.0,-0.08,0.08,0.0,-0.04632208800000001,0.08067742000000006,0.0,-0.10069974,-0.13508062,0.2531975,-0.0121382745,0.0009809958,-0.001025008,"[-25.619929430864435, 59.43963772726151, 0.0, 0.0, 0.0, 0.0, -28.04142636797895, 67.13520871826222]","[-2.1706927693219473, -0.4007134321457654, 0.0]","{""Controller Type"": ""MPC Controller"", ""weight_comfort"": 1000.0, ""weight_trajectory"": 1000.0, ""weight_goal"": 100.0, ""Q"": [[1000.0, 0.0, 0.0, 0.0], [0.0, 0.0, 0.0, 0.0], [0.0, 0.0, 1000.0, 0.0], [0.0, 0.0, 0.0, 0.0]], ""R"": [[1000.0, 0.0], [0.0, 1000.0]], ""P"": [[100.0, 0.0, 0.0, 0.0], [0.0, 10000.0, 0.0, 0.0], [0.0, 0.0, 100.0, 0.0], [0.0, 0.0, 0.0, 10000.0]]}","[-0.3316567007548467, 0.02634262217907782, 0.0]",False
3,P01,8f99450e-b3b4-4bbf-a34f-dee9d88fdb64,4,1,haply,mpc,seeded_random,593114440,persist_session,10.0,1785312726.003879,2813.065679663,0,1785312725.9939158,723,True,careful,fixed,0.08,0.08,0.0,-0.08,0.08,0.0,-0.04650025799999999,0.08067488000000006,0.0,-0.10075914,-0.13503869,0.25319624,-0.012240266,0.0009366657,-0.001060171,"[-25.679241306257442, 59.40836986517033, 0.0, 0.0, 0.0, 0.0, -28.06374103038509, 67.13661607361912]","[-0.15597709533728643, 0.002567691093122191, 0.0]","{""Controller Type"": ""MPC Controller"", ""weight_comfort"": 1000.0, ""weight_trajectory"": 1000.0, ""weight_goal"": 100.0, ""Q"": [[1000.0, 0.0, 0.0, 0.0], [0.0, 0.0, 0.0, 0.0], [0.0, 0.0, 1000.0, 0.0], [0.0, 0.0, 0.0, 0.0]], ""R"": [[1000.0, 0.0], [0.0, 1000.0]], ""P"": [[100.0, 0.0, 0.0, 0.0], [0.0, 10000.0, 0.0, 0.0], [0.0, 0.0, 100.0, 0.0], [0.0, 0.0, 0.0, 10000.0]]}","[-0.552172105100659, -0.013254358577505608, 0.0]",False
3,P01,8f99450e-b3b4-4bbf-a34f-dee9d88fdb64,4,1,haply,mpc,seeded_random,593114440,persist_session,10.0,1785312726.0136623,2813.075452637,0,1785312726.0035448,724,True,careful,fixed,0.08,0.08,0.0,-0.08,0.08,0.0,-0.04667845799999999,0.08067236000000005,0.0,-0.10086197,-0.13504416,0.25316754,-0.012182641,0.0009174576,-0.0011197022,"[-25.6807179481756, 59.406945457364344, 0.0, 0.0, 0.0, 0.0, -28.063619930529292, 67.13661202532755]","[-0.24369786442402153, 0.001298592091940387, 0.0]","{""Controller Type"": ""MPC Controller"", ""weight_comfort"": 1000.0, ""weight_trajectory"": 1000.0, ""weight_goal"": 100.0, ""Q"": [[1000.0, 0.0, 0.0, 0.0], [0.0, 0.0, 0.0, 0.0], [0.0, 0.0, 1000.0, 0.0], [0.0, 0.0, 0.0, 0.0]], ""R"": [[1000.0, 0.0], [0.0, 1000.0]], ""P"": [[100.0, 0.0, 0.0, 0.0], [0.0, 10000.0, 0.0, 0.0], [0.0, 0.0, 100.0, 0.0], [0.0, 0.0, 0.0, 10000.0]]}","[-0.5395102149379841, -0.013084019019783346, 0.0]",False
3,P01,8f99450e-b3b4-4bbf-a34f-dee9d88fdb64,4,1,haply,mpc,seeded_random,593114440,persist_session,10.0,1785312726.0238147,2813.085616254,0,1785312726.013958,725,True,careful,fixed,0.08,0.08,0.0,-0.08,0.08,0.0,-0.04698694799999999,0.08061496000000007,0.0,-0.10102409,-0.13500743,0.25313765,-0.0117823975,0.0013072401,-0.0013742613,"[-25.68113955746481, 59.415510657446276, 0.0, 0.0, 0.0, 0.0, -28.079250808756775, 67.18637276038521]","[-0.91237081105887, -0.3530804957831852, 0.0]","{""Controller Type"": ""MPC Controller"", ""weight_comfort"": 1000.0, ""weight_trajectory"": 1000.0, ""weight_goal"": 100.0, ""Q"": [[1000.0, 0.0, 0.0, 0.0], [0.0, 0.0, 0.0, 0.0], [0.0, 0.0, 1000.0, 0.0], [0.0, 0.0, 0.0, 0.0]], ""R"": [[1000.0, 0.0], [0.0, 1000.0]], ""P"": [[100.0, 0.0, 0.0, 0.0], [0.0, 10000.0, 0.0, 0.0], [0.0, 0.0, 100.0, 0.0], [0.0, 0.0, 0.0, 10000.0]]}","[-0.46015068254985547, 0.022857191440383746, 0.0]",False
3,P01,8f99450e-b3b4-4bbf-a34f-dee9d88fdb64,4,1,haply,mpc,seeded_random,593114440,persist_session,10.0,1785312726.0337605,2813.095552932,0,1785312726.0234776,726,True,careful,fixed,0.08,0.08,0.0,-0.08,0.08,0.0,-0.04747330799999999,0.08055518,0.0,-0.10112694,-0.13501275,0.25310892,-0.01166029,0.0015134146,-0.0016324566,"[-25.68315715388908, 59.42278025944843, 0.0, 0.0, 0.0, 0.0, -28.03762814097415, 67.06284672205898]","[-2.2005517242119703, -0.40556800927270553, 0.0]","{""Controller Type"": ""MPC Controller"", ""weight_comfort"": 1000.0, ""weight_trajectory"": 1000.0, ""weight_goal"": 100.0, ""Q"": [[1000.0, 0.0, 0.0, 0.0], [0.0, 0.0, 0.0, 0.0], [0.0, 0.0, 1000.0, 0.0], [0.0, 0.0, 0.0, 0.0]], ""R"": [[1000.0, 0.0], [0.0, 1000.0]], ""P"": [[100.0, 0.0, 0.0, 0.0], [0.0, 10000.0, 0.0, 0.0], [0.0, 0.0, 100.0, 0.0], [0.0, 0.0, 0.0, 10000.0]]}","[-0.30888571464174736, 0.029261108188681984, 0.0]",False
3,P01,8f99450e-b3b4-4bbf-a34f-dee9d88fdb64,4,1,haply,mpc,seeded_random,593114440,persist_session,10.0,1785312726.0436878,2813.105475366,0,1785312726.0339696,727,True,careful,fixed,0.08,0.08,0.0,-0.08,0.08,0.0,-0.047781857999999997,0.08049772000000005,0.0,-0.10124568,-0.13492851,0.25310636,-0.011515976,0.0017436893,-0.001775964,"[-25.67315560237734, 59.25667092245313, 0.0, 0.0, 0.0, 0.0, -27.989961489834222, 66.92035885263279]","[-0.9154715926192388, -0.35255874783167523, 0.0]","{""Controller Type"": ""MPC Controller"", ""weight_comfort"": 1000.0, ""weight_trajectory"": 1000.0, ""weight_goal"": 100.0, ""Q"": [[1000.0, 0.0, 0.0, 0.0], [0.0, 0.0, 0.0, 0.0], [0.0, 0.0, 1000.0, 0.0], [0.0, 0.0, 0.0, 0.0]], ""R"": [[1000.0, 0.0], [0.0, 1000.0]], ""P"": [[100.0, 0.0, 0.0, 0.0], [0.0, 10000.0, 0.0, 0.0], [0.0, 0.0, 100.0, 0.0], [0.0, 0.0, 0.0, 10000.0]]}","[-0.44621911339309417, 0.025228972125461123, 0.0]",False
3,P01,8f99450e-b3b4-4bbf-a34f-dee9d88fdb64,4,1,haply,mpc,seeded_random,593114440,persist_session,10.0,1785312726.0537806,2813.115580011,0,1785312726.0437193,728,True,careful,fixed,0.08,0.08,0.0,-0.08,0.08,0.0,-0.048138078000000015,0.08049259999999997,0.0,-0.10130501,-0.13488637,0.2531051,-0.011421273,0.0019109084,-0.0018763206,"[-25.66385905470101, 59.20606372170824, 0.0, 0.0, 0.0, 0.0, -28.000468188635715, 66.90971352897986]","[-1.3454938753983468, -0.02134440504340418, 0.0]","{""Controller Type"": ""MPC Controller"", ""weight_comfort"": 1000.0, ""weight_trajectory"": 1000.0, ""weight_goal"": 100.0, ""Q"": [[1000.0, 0.0, 0.0, 0.0], [0.0, 0.0, 0.0, 0.0], [0.0, 0.0, 1000.0, 0.0], [0.0, 0.0, 0.0, 0.0]], ""R"": [[1000.0, 0.0], [0.0, 1000.0]], ""P"": [[100.0, 0.0, 0.0, 0.0], [0.0, 10000.0, 0.0, 0.0], [0.0, 0.0, 100.0, 0.0], [0.0, 0.0, 0.0, 10000.0]]}","[-0.39216312356645977, -0.0073974626863990926, 0.0]",False
3,P01,8f99450e-b3b4-4bbf-a34f-dee9d88fdb64,4,1,haply,mpc,seeded_random,593114440,persist_session,10.0,1785312726.0638168,2813.125612098,0,1785312726.0540037,729,True,careful,fixed,0.08,0.08,0.0,-0.08,0.08,0.0,-0.048316068000000004,0.08049008000000007,0.0,-0.10146711,-0.13484922,0.25307512,-0.011315339,0.002029159,-0.0019436716,"[-25.695416821218185, 59.17958272734336, 0.0, 0.0, 0.0, 0.0, -28.001283659616455, 66.90963938904859]","[-0.2100746797943538, -0.0026720494791384556, 0.0]","{""Controller Type"": ""MPC Controller"", ""weight_comfort"": 1000.0, ""weight_trajectory"": 1000.0, ""weight_goal"": 100.0, ""Q"": [[1000.0, 0.0, 0.0, 0.0], [0.0, 0.0, 0.0, 0.0], [0.0, 0.0, 1000.0, 0.0], [0.0, 0.0, 0.0, 0.0]], ""R"": [[1000.0, 0.0], [0.0, 1000.0]], ""P"": [[100.0, 0.0, 0.0, 0.0], [0.0, 10000.0, 0.0, 0.0], [0.0, 0.0, 100.0, 0.0], [0.0, 0.0, 0.0, 10000.0]]}","[-0.5159177769275066, -0.009196456635303777, 0.0]",False
3,P01,8f99450e-b3b4-4bbf-a34f-dee9d88fdb64,4,1,haply,mpc,seeded_random,593114440,persist_session,10.0,1785312726.0737205,2813.135518634,0,1785312726.063694,730,True,careful,fixed,0.08,0.08,0.0,-0.08,0.08,0.0,-0.048802368,0.08043012,0.0,-0.10157005,-0.13485424,0.2530463,-0.011164348,0.0021473651,-0.0019616438,"[-25.74166836215265, 59.342864668196704, 0.0, 0.0, 0.0, 0.0, -28.030027274810248, 66.99052962962632]","[-2.175000071857439, -0.4024570510494978, 0.0]","{""Controller Type"": ""MPC Controller"", ""weight_comfort"": 1000.0, ""weight_trajectory"": 1000.0, ""weight_goal"": 100.0, ""Q"": [[1000.0, 0.0, 0.0, 0.0], [0.0, 0.0, 0.0, 0.0], [0.0, 0.0, 1000.0, 0.0], [0.0, 0.0, 0.0, 0.0]], ""R"": [[1000.0, 0.0], [0.0, 1000.0]], ""P"": [[100.0, 0.0, 0.0, 0.0], [0.0, 10000.0, 0.0, 0.0], [0.0, 0.0, 100.0, 0.0], [0.0, 0.0, 0.0, 10000.0]]}","[-0.28889045245468115, 0.03145773238740058, 0.0]",False
3,P01,8f99450e-b3b4-4bbf-a34f-dee9d88fdb64,4,1,haply,mpc,seeded_random,593114440,persist_session,10.0,1785312726.083772,2813.145565281,0,1785312726.0735888,731,True,careful,fixed,0.08,0.08,0.0,-0.08,0.08,0.0,-0.049111187999999986,0.08037248000000002,0.0,-0.10173223,-0.13481686,0.25301623,-0.011175208,0.0022893143,-0.0019883157,"[-25.71794183987439, 59.1500298803769, 0.0, 0.0, 0.0, 0.0, -27.97559768609813, 66.83963459673765]","[-1.051686510130593, -0.37893748375596575, 0.0]","{""Controller Type"": ""MPC Controller"", ""weight_comfort"": 1000.0, ""weight_trajectory"": 1000.0, ""weight_goal"": 100.0, ""Q"": [[1000.0, 0.0, 0.0, 0.0], [0.0, 0.0, 0.0, 0.0], [0.0, 0.0, 1000.0, 0.0], [0.0, 0.0, 0.0, 0.0]], ""R"": [[1000.0, 0.0], [0.0, 1000.0]], ""P"": [[100.0, 0.0, 0.0, 0.0], [0.0, 10000.0, 0.0, 0.0], [0.0, 0.0, 100.0, 0.0], [0.0, 0.0, 0.0, 10000.0]]}","[-0.408468025555617, 0.030341917802000004, 0.0]",False
3,P01,8f99450e-b3b4-4bbf-a34f-dee9d88fdb64,4,1,haply,mpc,seeded_random,593114440,persist_session,10.0,1785312726.0938358,2813.155624823,0,1785312726.0839264,732,True,careful,fixed,0.08,0.08,0.0,-0.08,0.08,0.0,-0.04959772800000002,0.08031234000000004,0.0,-0.1017915,-0.13477452,0.25301495,-0.011175801,0.0023992872,-0.0020022274,"[-25.702005703837266, 59.09210562335517, 0.0, 0.0, 0.0, 0.0, -27.924149963247732, 66.7007931686436]","[-1.9997778511428814, -0.37931689633832505, 0.0]","{""Controller Type"": ""MPC Controller"", ""weight_comfort"": 1000.0, ""weight_trajectory"": 1000.0, ""weight_goal"": 100.0, ""Q"": [[1000.0, 0.0, 0.0, 0.0], [0.0, 0.0, 0.0, 0.0], [0.0, 0.0, 1000.0, 0.0], [0.0, 0.0, 0.0, 0.0]], ""R"": [[1000.0, 0.0], [0.0, 1000.0]], ""P"": [[100.0, 0.0, 0.0, 0.0], [0.0, 10000.0, 0.0, 0.0], [0.0, 0.0, 100.0, 0.0], [0.0, 0.0, 0.0, 10000.0]]}","[-0.2939454166580639, 0.03163562846305902, 0.0]",False
3,P01,8f99450e-b3b4-4bbf-a34f-dee9d88fdb64,4,1,haply,mpc,seeded_random,593114440,persist_session,10.0,1785312726.1036553,2813.165447278,0,1785312726.0938337,733,True,careful,fixed,0.08,0.08,0.0,-0.08,0.08,0.0,-0.04977553799999998,0.08030978000000005,0.0,-0.10197552,-0.13475779,0.25304782,-0.011119286,0.002460719,-0.0019901486,"[-25.742326190156348, 59.0362178242584, 0.0, 0.0, 0.0, 0.0, -27.932571890912623, 66.69609270958478]","[-0.281502825327694, -0.00858110097662289, 0.0]","{""Controller Type"": ""MPC Controller"", ""weight_comfort"": 1000.0, ""weight_trajectory"": 1000.0, ""weight_goal"": 100.0, ""Q"": [[1000.0, 0.0, 0.0, 0.0], [0.0, 0.0, 0.0, 0.0], [0.0, 0.0, 1000.0, 0.0], [0.0, 0.0, 0.0, 0.0]], ""R"": [[1000.0, 0.0], [0.0, 1000.0]], ""P"": [[100.0, 0.0, 0.0, 0.0], [0.0, 10000.0, 0.0, 0.0], [0.0, 0.0, 100.0, 0.0], [0.0, 0.0, 0.0, 10000.0]]}","[-0.4833809739813002, -0.0051361616395358516, 0.0]",False
3,P01,8f99450e-b3b4-4bbf-a34f-dee9d88fdb64,4,1,haply,mpc,seeded_random,593114440,persist_session,10.0,1785312726.1141484,2813.175939453,0,1785312726.1039333,734,True,careful,fixed,0.08,0.08,0.0,-0.08,0.08,0.0,-0.050327598,0.08037551999999998,0.0,-0.102078386,-0.1347624,0.25301895,-0.011142912,0.0024353939,-0.0017696709,"[-25.797851688670537, 59.215698425386286, 0.0, 0.0, 0.0, 0.0, -27.97841341741825, 66.79315350732482]","[-2.471323021723101, 0.4452722288262481, 0.0]","{""Controller Type"": ""MPC Controller"", ""weight_comfort"": 1000.0, ""weight_trajectory"": 1000.0, ""weight_goal"": 100.0, ""Q"": [[1000.0, 0.0, 0.0, 0.0], [0.0, 0.0, 0.0, 0.0], [0.0, 0.0, 1000.0, 0.0], [0.0, 0.0, 0.0, 0.0]], ""R"": [[1000.0, 0.0], [0.0, 1000.0]], ""P"": [[100.0, 0.0, 0.0, 0.0], [0.0, 10000.0, 0.0, 0.0], [0.0, 0.0, 100.0, 0.0], [0.0, 0.0, 0.0, 10000.0]]}","[-0.22924511321297067, -0.05145705213587513, 0.0]",False
3,P01,8f99450e-b3b4-4bbf-a34f-dee9d88fdb64,4,1,haply,mpc,seeded_random,593114440,persist_session,10.0,1785312726.1238503,2813.185647375,0,1785312726.1139865,735,True,careful,fixed,0.08,0.08,0.0,-0.08,0.08,0.0,-0.050327598,0.08037551999999998,0.0,-0.10224059,-0.13472451,0.25298876,-0.011282522,0.002448956,-0.0016445823,"[-25.98938542497269, 59.44027575116896, 0.0, 0.0, 0.0, 0.0, -27.960869740268336, 66.7864085632048]","[0.7711674920627305, 0.010499865804864906, 0.0]","{""Controller Type"": ""MPC Controller"", ""weight_comfort"": 1000.0, ""weight_trajectory"": 1000.0, ""weight_goal"": 100.0, ""Q"": [[1000.0, 0.0, 0.0, 0.0], [0.0, 0.0, 0.0, 0.0], [0.0, 0.0, 1000.0, 0.0], [0.0, 0.0, 0.0, 0.0]], ""R"": [[1000.0, 0.0], [0.0, 1000.0]], ""P"": [[100.0, 0.0, 0.0, 0.0], [0.0, 10000.0, 0.0, 0.0], [0.0, 0.0, 100.0, 0.0], [0.0, 0.0, 0.0, 10000.0]]}","[-0.5916117495400013, -0.008305976760897555, 0.0]",False
3,P01,8f99450e-b3b4-4bbf-a34f-dee9d88fdb64,4,1,haply,mpc,seeded_random,593114440,persist_session,10.0,1785312726.1339839,2813.1957743,0,1785312726.1239269,736,True,careful,fixed,0.08,0.08,0.0,-0.08,0.08,0.0,-0.05112280800000002,0.08025739999999998,0.0,-0.10244654,-0.13473347,0.25293088,-0.011455639,0.0025029003,-0.0016131239,"[-26.34765956733911, 60.43367311279408, 0.0, 0.0, 0.0, 0.0, -28.085565747905257, 67.09769238280377]","[-4.0737205709665325, -0.7900818223502679, 0.0]","{""Controller Type"": ""MPC Controller"", ""weight_comfort"": 1000.0, ""weight_trajectory"": 1000.0, ""weight_goal"": 100.0, ""Q"": [[1000.0, 0.0, 0.0, 0.0], [0.0, 0.0, 0.0, 0.0], [0.0, 0.0, 1000.0, 0.0], [0.0, 0.0, 0.0, 0.0]], ""R"": [[1000.0, 0.0], [0.0, 1000.0]], ""P"": [[100.0, 0.0, 0.0, 0.0], [0.0, 10000.0, 0.0, 0.0], [0.0, 0.0, 100.0, 0.0], [0.0, 0.0, 0.0, 10000.0]]}","[-0.04545914282397237, 0.07313499150448959, 0.0]",False
3,P01,8f99450e-b3b4-4bbf-a34f-dee9d88fdb64,4,1,haply,mpc,seeded_random,593114440,persist_session,10.0,1785312726.1438751,2813.205668264,0,1785312726.1338727,737,True,careful,fixed,0.08,0.08,0.0,-0.08,0.08,0.0,-0.05112280800000002,0.08025739999999998,0.0,-0.10258688,-0.13466899,0.25299138,-0.011856431,0.0025111397,-0.0016639233,"[-26.6391296601383, 60.77272916883344, 0.0, 0.0, 0.0, 0.0, -28.107458819788953, 67.10604866873796]","[0.7692632619087079, 0.007234859900213032, 0.0]","{""Controller Type"": ""MPC Controller"", ""weight_comfort"": 1000.0, ""weight_trajectory"": 1000.0, ""weight_goal"": 100.0, ""Q"": [[1000.0, 0.0, 0.0, 0.0], [0.0, 0.0, 0.0, 0.0], [0.0, 0.0, 1000.0, 0.0], [0.0, 0.0, 0.0, 0.0]], ""R"": [[1000.0, 0.0], [0.0, 1000.0]], ""P"": [[100.0, 0.0, 0.0, 0.0], [0.0, 10000.0, 0.0, 0.0], [0.0, 0.0, 100.0, 0.0], [0.0, 0.0, 0.0, 10000.0]]}","[-0.5761768090538858, -0.005697481347998824, 0.0]",False
3,P01,8f99450e-b3b4-4bbf-a34f-dee9d88fdb64,4,1,haply,mpc,seeded_random,593114440,persist_session,10.0,1785312726.153912,2813.215712049,0,1785312726.1440988,738,True,careful,fixed,0.08,0.08,0.0,-0.08,0.08,0.0,-0.05216167800000002,0.08026264,0.0,-0.102814816,-0.13469827,0.2529964,-0.01227811,0.0025756217,-0.0016690488,"[-27.189197355808723, 62.21227526593541, 0.0, 0.0, 0.0, 0.0, -28.107733929431692, 67.10638789638755]","[-5.563301296660766, 0.04176878719569242, 0.0]","{""Controller Type"": ""MPC Controller"", ""weight_comfort"": 1000.0, ""weight_trajectory"": 1000.0, ""weight_goal"": 100.0, ""Q"": [[1000.0, 0.0, 0.0, 0.0], [0.0, 0.0, 0.0, 0.0], [0.0, 0.0, 1000.0, 0.0], [0.0, 0.0, 0.0, 0.0]], ""R"": [[1000.0, 0.0], [0.0, 1000.0]], ""P"": [[100.0, 0.0, 0.0, 0.0], [0.0, 10000.0, 0.0, 0.0], [0.0, 0.0, 100.0, 0.0], [0.0, 0.0, 0.0, 10000.0]]}","[0.11862526654355067, -0.009221081658040338, 0.0]",False
3,P01,8f99450e-b3b4-4bbf-a34f-dee9d88fdb64,4,1,haply,mpc,seeded_random,593114440,persist_session,10.0,1785312726.1637783,2813.225574766,0,1785312726.1539838,739,True,careful,fixed,0.08,0.08,0.0,-0.08,0.08,0.0,-0.05284548600000001,0.08027268000000004,0.0,-0.10293979,-0.13472326,0.25303048,-0.012867731,0.0024491204,-0.0014771249,"[-26.700606649066888, 60.82079374719005, 0.0, 0.0, 0.0, 0.0, -28.106543950316482, 67.10454022565236]","[-3.4822862198045414, 0.07582035222777667, 0.0]","{""Controller Type"": ""MPC Controller"", ""weight_comfort"": 1000.0, ""weight_trajectory"": 1000.0, ""weight_goal"": 100.0, ""Q"": [[1000.0, 0.0, 0.0, 0.0], [0.0, 0.0, 0.0, 0.0], [0.0, 0.0, 1000.0, 0.0], [0.0, 0.0, 0.0, 0.0]], ""R"": [[1000.0, 0.0], [0.0, 1000.0]], ""P"": [[100.0, 0.0, 0.0, 0.0], [0.0, 10000.0, 0.0, 0.0], [0.0, 0.0, 100.0, 0.0], [0.0, 0.0, 0.0, 10000.0]]}","[-0.08300079456244876, -0.01279207021911894, 0.0]",False
3,P01,8f99450e-b3b4-4bbf-a34f-dee9d88fdb64,4,1,haply,mpc,seeded_random,593114440,persist_session,10.0,1785312726.173665,2813.235464689,0,1785312726.16389,740,True,careful,fixed,0.08,0.08,0.0,-0.08,0.08,0.0,-0.05322040800000001,0.08034084000000002,0.0,-0.10310214,-0.13468447,0.25300005,-0.013429212,0.002237207,-0.0009413407,"[-26.592991911792154, 60.38068198802126, 0.0, 0.0, 0.0, 0.0, -28.132506385583405, 67.16028981962909]","[-1.573124470787056, 0.47169453967765435, 0.0]","{""Controller Type"": ""MPC Controller"", ""weight_comfort"": 1000.0, ""weight_trajectory"": 1000.0, ""weight_goal"": 100.0, ""Q"": [[1000.0, 0.0, 0.0, 0.0], [0.0, 0.0, 0.0, 0.0], [0.0, 0.0, 1000.0, 0.0], [0.0, 0.0, 0.0, 0.0]], ""R"": [[1000.0, 0.0], [0.0, 1000.0]], ""P"": [[100.0, 0.0, 0.0, 0.0], [0.0, 10000.0, 0.0, 0.0], [0.0, 0.0, 100.0, 0.0], [0.0, 0.0, 0.0, 10000.0]]}","[-0.28372207016453743, -0.05328275798897097, 0.0]",False
3,P01,8f99450e-b3b4-4bbf-a34f-dee9d88fdb64,4,1,haply,mpc,seeded_random,593114440,persist_session,10.0,1785312726.1836815,2813.245474107,0,1785312726.1737475,741,True,careful,fixed,0.08,0.08,0.0,-0.08,0.08,0.0,-0.053707457999999986,0.08027997999999997,0.0,-0.103286326,-0.13466619,0.25303277,-0.013862367,0.0019638594,-0.00064608635,"[-26.546796569263993, 60.23111202032941, 0.0, 0.0, 0.0, 0.0, -28.27081524689467, 67.52646357313597]","[-2.2779343670945207, -0.4089851816943344, 0.0]","{""Controller Type"": ""MPC Controller"", ""weight_comfort"": 1000.0, ""weight_trajectory"": 1000.0, ""weight_goal"": 100.0, ""Q"": [[1000.0, 0.0, 0.0, 0.0], [0.0, 0.0, 0.0, 0.0], [0.0, 0.0, 1000.0, 0.0], [0.0, 0.0, 0.0, 0.0]], ""R"": [[1000.0, 0.0], [0.0, 1000.0]], ""P"": [[100.0, 0.0, 0.0, 0.0], [0.0, 10000.0, 0.0, 0.0], [0.0, 0.0, 100.0, 0.0], [0.0, 0.0, 0.0, 10000.0]]}","[-0.1972322481541685, 0.03483319425427283, 0.0]",False
3,P01,8f99450e-b3b4-4bbf-a34f-dee9d88fdb64,4,1,haply,mpc,seeded_random,593114440,persist_session,10.0,1785312726.193695,2813.255498508,0,1785312726.1838315,742,True,careful,fixed,0.08,0.08,0.0,-0.08,0.08,0.0,-0.054260015999999994,0.08034542000000006,0.0,-0.10353647,-0.13471533,0.25310078,-0.014560772,0.0018755478,-0.00037333524,"[-26.441102241939376, 59.90966610925283, 0.0, 0.0, 0.0, 0.0, -28.436884316249312, 67.88040317903373]","[-2.6022156792332827, 0.45033551614926576, 0.0]","{""Controller Type"": ""MPC Controller"", ""weight_comfort"": 1000.0, ""weight_trajectory"": 1000.0, ""weight_goal"": 100.0, ""Q"": [[1000.0, 0.0, 0.0, 0.0], [0.0, 0.0, 0.0, 0.0], [0.0, 0.0, 1000.0, 0.0], [0.0, 0.0, 0.0, 0.0]], ""R"": [[1000.0, 0.0], [0.0, 1000.0]], ""P"": [[100.0, 0.0, 0.0, 0.0], [0.0, 10000.0, 0.0, 0.0], [0.0, 0.0, 100.0, 0.0], [0.0, 0.0, 0.0, 10000.0]]}","[-0.15042616747422444, -0.050823204745635314, 0.0]",False
3,P01,8f99450e-b3b4-4bbf-a34f-dee9d88fdb64,4,1,haply,mpc,seeded_random,593114440,persist_session,10.0,1785312726.2036862,2813.265481967,0,1785312726.1936216,743,True,careful,fixed,0.08,0.08,0.0,-0.08,0.08,0.0,-0.05501044800000002,0.08048144000000007,0.0,-0.10382406,-0.13470028,0.2531042,-0.015282098,0.0016527157,-0.000104407205,"[-26.295934155884265, 59.517471455188655, 0.0, 0.0, 0.0, 0.0, -28.35310635843904, 67.69525264226363]","[-3.9049789721230015, 0.9541750367892425, 0.0]","{""Controller Type"": ""MPC Controller"", ""weight_comfort"": 1000.0, ""weight_trajectory"": 1000.0, ""weight_goal"": 100.0, ""Q"": [[1000.0, 0.0, 0.0, 0.0], [0.0, 0.0, 0.0, 0.0], [0.0, 0.0, 1000.0, 0.0], [0.0, 0.0, 0.0, 0.0]], ""R"": [[1000.0, 0.0], [0.0, 1000.0]], ""P"": [[100.0, 0.0, 0.0, 0.0], [0.0, 10000.0, 0.0, 0.0], [0.0, 0.0, 100.0, 0.0], [0.0, 0.0, 0.0, 10000.0]]}","[0.009938412386152371, -0.10313301573952831, 0.0]",False
3,P01,8f99450e-b3b4-4bbf-a34f-dee9d88fdb64,4,1,haply,mpc,seeded_random,593114440,persist_session,10.0,1785312726.213752,2813.275554055,0,1785312726.2038095,744,True,careful,fixed,0.08,0.08,0.0,-0.08,0.08,0.0,-0.05587321799999999,0.08048828000000002,0.0,-0.10394928,-0.13472453,0.25313815,-0.016069712,0.0013405154,0.0005673058,"[-25.94209401084771, 58.58881736798473, 0.0, 0.0, 0.0, 0.0, -28.27894501823625, 67.61694264387785]","[-4.335756351864689, 0.0592051818590655, 0.0]","{""Controller Type"": ""MPC Controller"", ""weight_comfort"": 1000.0, ""weight_trajectory"": 1000.0, ""weight_goal"": 100.0, ""Q"": [[1000.0, 0.0, 0.0, 0.0], [0.0, 0.0, 0.0, 0.0], [0.0, 0.0, 1000.0, 0.0], [0.0, 0.0, 0.0, 0.0]], ""R"": [[1000.0, 0.0], [0.0, 1000.0]], ""P"": [[100.0, 0.0, 0.0, 0.0], [0.0, 10000.0, 0.0, 0.0], [0.0, 0.0, 100.0, 0.0], [0.0, 0.0, 0.0, 10000.0]]}","[0.08070809474419514, -0.015315547210609475, 0.0]",False
3,P01,8f99450e-b3b4-4bbf-a34f-dee9d88fdb64,4,1,haply,mpc,seeded_random,593114440,persist_session,10.0,1785312726.2238257,2813.285620635,0,1785312726.213688,745,True,careful,fixed,0.08,0.08,0.0,-0.08,0.08,0.0,-0.056248878000000016,0.08055618000000003,0.0,-0.10411179,-0.1346847,0.25310752,-0.016566345,0.0010848184,0.0010414722,"[-25.77741236625162, 57.98424622222697, 0.0, 0.0, 0.0, 0.0, -28.31307148597508, 67.68600071334569]","[-1.5928078030805373, 0.4809926339925458, 0.0]","{""Controller Type"": ""MPC Controller"", ""weight_comfort"": 1000.0, ""weight_trajectory"": 1000.0, ""weight_goal"": 100.0, ""Q"": [[1000.0, 0.0, 0.0, 0.0], [0.0, 0.0, 0.0, 0.0], [0.0, 0.0, 1000.0, 0.0], [0.0, 0.0, 0.0, 0.0]], ""R"": [[1000.0, 0.0], [0.0, 1000.0]], ""P"": [[100.0, 0.0, 0.0, 0.0], [0.0, 10000.0, 0.0, 0.0], [0.0, 0.0, 100.0, 0.0], [0.0, 0.0, 0.0, 10000.0]]}","[-0.22243870233656768, -0.058127317981299276, 0.0]",False
3,P01,8f99450e-b3b4-4bbf-a34f-dee9d88fdb64,4,1,haply,mpc,seeded_random,593114440,persist_session,10.0,1785312726.233761,2813.295561235,0,1785312726.2237778,746,True,careful,fixed,0.08,0.08,0.0,-0.08,0.08,0.0,-0.05673640799999999,0.08049491999999997,0.0,-0.104362234,-0.13473262,0.2531754,-0.016932378,0.000912204,0.0013418141,"[-25.726953012086536, 57.82823196995049, 0.0, 0.0, 0.0, 0.0, -28.429803252951032, 68.02951919369707]","[-2.195685901786801, -0.3989662192878725, 0.0]","{""Controller Type"": ""MPC Controller"", ""weight_comfort"": 1000.0, ""weight_trajectory"": 1000.0, ""weight_goal"": 100.0, ""Q"": [[1000.0, 0.0, 0.0, 0.0], [0.0, 0.0, 0.0, 0.0], [0.0, 0.0, 1000.0, 0.0], [0.0, 0.0, 0.0, 0.0]], ""R"": [[1000.0, 0.0], [0.0, 1000.0]], ""P"": [[100.0, 0.0, 0.0, 0.0], [0.0, 10000.0, 0.0, 0.0], [0.0, 0.0, 100.0, 0.0], [0.0, 0.0, 0.0, 10000.0]]}","[-0.1441932015777456, 0.029441491815539247, 0.0]",False
3,P01,8f99450e-b3b4-4bbf-a34f-dee9d88fdb64,4,1,haply,mpc,seeded_random,593114440,persist_session,10.0,1785312726.2437816,2813.305569223,0,1785312726.2339864,747,True,careful,fixed,0.08,0.08,0.0,-0.08,0.08,0.0,-0.057487739999999996,0.08063068000000001,0.0,-0.10454691,-0.13471305,0.25320786,-0.017350214,0.0007154478,0.0015862605,"[-25.628048884763565, 57.565176136556914, 0.0, 0.0, 0.0, 0.0, -28.83282587425983, 68.89751173945893]","[-3.6597306838638963, 0.9344235394729931, 0.0]","{""Controller Type"": ""MPC Controller"", ""weight_comfort"": 1000.0, ""weight_trajectory"": 1000.0, ""weight_goal"": 100.0, ""Q"": [[1000.0, 0.0, 0.0, 0.0], [0.0, 0.0, 0.0, 0.0], [0.0, 0.0, 1000.0, 0.0], [0.0, 0.0, 0.0, 0.0]], ""R"": [[1000.0, 0.0], [0.0, 1000.0]], ""P"": [[100.0, 0.0, 0.0, 0.0], [0.0, 10000.0, 0.0, 0.0], [0.0, 0.0, 100.0, 0.0], [0.0, 0.0, 0.0, 10000.0]]}","[0.03925256049192939, -0.10263672921278831, 0.0]",False
3,P01,8f99450e-b3b4-4bbf-a34f-dee9d88fdb64,4,1,haply,mpc,seeded_random,593114440,persist_session,10.0,1785312726.2538726,2813.315664634,0,1785312726.2440975,748,True,careful,fixed,0.08,0.08,0.0,-0.08,0.08,0.0,-0.05804176800000002,0.08069560000000003,0.0,-0.10470946,-0.13467269,0.25317714,-0.017724799,0.0005803016,0.0018215297,"[-25.388086039538386, 56.87650380386455, 0.0, 0.0, 0.0, 0.0, -28.570798542930426, 68.39294647467038]","[-2.559017837776173, 0.45900242202307706, 0.0]","{""Controller Type"": ""MPC Controller"", ""weight_comfort"": 1000.0, ""weight_trajectory"": 1000.0, ""weight_goal"": 100.0, ""Q"": [[1000.0, 0.0, 0.0, 0.0], [0.0, 0.0, 0.0, 0.0], [0.0, 0.0, 1000.0, 0.0], [0.0, 0.0, 0.0, 0.0]], ""R"": [[1000.0, 0.0], [0.0, 1000.0]], ""P"": [[100.0, 0.0, 0.0, 0.0], [0.0, 10000.0, 0.0, 0.0], [0.0, 0.0, 100.0, 0.0], [0.0, 0.0, 0.0, 10000.0]]}","[-0.0749648913824281, -0.058265857713182476, 0.0]",False
3,P01,8f99450e-b3b4-4bbf-a34f-dee9d88fdb64,4,1,haply,mpc,seeded_random,593114440,persist_session,10.0,1785312726.2638137,2813.325607085,0,1785312726.2542748,749,True,careful,fixed,0.08,0.08,0.0,-0.08,0.08,0.0,-0.058529418000000014,0.08063416000000007,0.0,-0.10479065,-0.13464963,0.25323913,-0.017938258,0.00059122994,0.0019177045,"[-25.262618075878997, 56.50027295950247, 0.0, 0.0, 0.0, 0.0, -28.669666696448356, 68.70866302219129]","[-2.1648137405531562, -0.39660760041494036, 0.0]","{""Controller Type"": ""MPC Controller"", ""weight_comfort"": 1000.0, ""weight_trajectory"": 1000.0, ""weight_goal"": 100.0, ""Q"": [[1000.0, 0.0, 0.0, 0.0], [0.0, 0.0, 0.0, 0.0], [0.0, 0.0, 1000.0, 0.0], [0.0, 0.0, 0.0, 0.0]], ""R"": [[1000.0, 0.0], [0.0, 1000.0]], ""P"": [[100.0, 0.0, 0.0, 0.0], [0.0, 10000.0, 0.0, 0.0], [0.0, 0.0, 100.0, 0.0], [0.0, 0.0, 0.0, 10000.0]]}","[-0.11106708616135595, 0.026141748414776438, 0.0]",False
3,P01,8f99450e-b3b4-4bbf-a34f-dee9d88fdb64,4,1,haply,mpc,seeded_random,593114440,persist_session,10.0,1785312726.2739353,2813.335727197,0,1785312726.2643297,750,True,careful,fixed,0.08,0.08,0.0,-0.08,0.08,0.0,-0.058772988,0.08075813999999998,0.0,-0.104975395,-0.13462958,0.25327158,-0.018113775,0.000574149,0.0019414135,"[-25.238442910745444, 56.33854607457077, 0.0, 0.0, 0.0, 0.0, -29.04914925765783, 69.503412019986]","[-0.8290187274292877, 0.8790279475672208, 0.0]","{""Controller Type"": ""MPC Controller"", ""weight_comfort"": 1000.0, ""weight_trajectory"": 1000.0, ""weight_goal"": 100.0, ""Q"": [[1000.0, 0.0, 0.0, 0.0], [0.0, 0.0, 0.0, 0.0], [0.0, 0.0, 1000.0, 0.0], [0.0, 0.0, 0.0, 0.0]], ""R"": [[1000.0, 0.0], [0.0, 1000.0]], ""P"": [[100.0, 0.0, 0.0, 0.0], [0.0, 10000.0, 0.0, 0.0], [0.0, 0.0, 100.0, 0.0], [0.0, 0.0, 0.0, 10000.0]]}","[-0.26416200230889303, -0.09908301818393507, 0.0]",False
3,P01,8f99450e-b3b4-4bbf-a34f-dee9d88fdb64,4,1,haply,mpc,seeded_random,593114440,persist_session,10.0,1785312726.284018,2813.345808502,0,1785312726.273889,751,True,careful,fixed,0.08,0.08,0.0,-0.08,0.08,0.0,-0.059327223,0.08082304000000001,0.0,-0.10515998,-0.13460921,0.2533042,-0.018109452,0.0006549815,0.0020144135,"[-25.286193727356174, 56.47043972163298, 0.0, 0.0, 0.0, 0.0, -28.78109659265707, 68.9992590985554]","[-2.751310362733591, 0.49213321287875317, 0.0]","{""Controller Type"": ""MPC Controller"", ""weight_comfort"": 1000.0, ""weight_trajectory"": 1000.0, ""weight_goal"": 100.0, ""Q"": [[1000.0, 0.0, 0.0, 0.0], [0.0, 0.0, 0.0, 0.0], [0.0, 0.0, 1000.0, 0.0], [0.0, 0.0, 0.0, 0.0]], ""R"": [[1000.0, 0.0], [0.0, 1000.0]], ""P"": [[100.0, 0.0, 0.0, 0.0], [0.0, 10000.0, 0.0, 0.0], [0.0, 0.0, 100.0, 0.0], [0.0, 0.0, 0.0, 10000.0]]}","[-0.027990540663005225, -0.06359524426559235, 0.0]",False
3,P01,8f99450e-b3b4-4bbf-a34f-dee9d88fdb64,4,1,haply,mpc,seeded_random,593114440,persist_session,10.0,1785312726.2940152,2813.355801891,0,1785312726.2839189,752,True,careful,fixed,0.08,0.08,0.0,-0.08,0.08,0.0,-0.059327223,0.08082304000000001,0.0,-0.105219215,-0.13456544,0.25330287,-0.018022306,0.00082511024,0.0021434044,"[-25.441617593656005, 56.640208995106725, 0.0, 0.0, 0.0, 0.0, -28.73706629811474, 68.98332259704831]","[0.5259488870329273, 0.023651755046000672, 0.0]","{""Controller Type"": ""MPC Controller"", ""weight_comfort"": 1000.0, ""weight_trajectory"": 1000.0, ""weight_goal"": 100.0, ""Q"": [[1000.0, 0.0, 0.0, 0.0], [0.0, 0.0, 0.0, 0.0], [0.0, 0.0, 1000.0, 0.0], [0.0, 0.0, 0.0, 0.0]], ""R"": [[1000.0, 0.0], [0.0, 1000.0]], ""P"": [[100.0, 0.0, 0.0, 0.0], [0.0, 10000.0, 0.0, 0.0], [0.0, 0.0, 100.0, 0.0], [0.0, 0.0, 0.0, 10000.0]]}","[-0.41467671274457907, -0.018314934346716275, 0.0]",False
3,P01,8f99450e-b3b4-4bbf-a34f-dee9d88fdb64,4,1,haply,mpc,seeded_random,593114440,persist_session,10.0,1785312726.303816,2813.365604141,0,1785312726.29418,753,True,careful,fixed,0.08,0.08,0.0,-0.08,0.08,0.0,-0.060058683000000015,0.08088562000000005,0.0,-0.1053227,-0.13456827,0.2532733,-0.01771331,0.00095241464,0.002303034,"[-25.722173146439687, 57.37110612405926, 0.0, 0.0, 0.0, 0.0, -28.772145242720597, 69.04678202365531]","[-3.57676765600019, 0.4465827227115933, 0.0]","{""Controller Type"": ""MPC Controller"", ""weight_comfort"": 1000.0, ""weight_trajectory"": 1000.0, ""weight_goal"": 100.0, ""Q"": [[1000.0, 0.0, 0.0, 0.0], [0.0, 0.0, 0.0, 0.0], [0.0, 0.0, 1000.0, 0.0], [0.0, 0.0, 0.0, 0.0]], ""R"": [[1000.0, 0.0], [0.0, 1000.0]], ""P"": [[100.0, 0.0, 0.0, 0.0], [0.0, 10000.0, 0.0, 0.0], [0.0, 0.0, 100.0, 0.0], [0.0, 0.0, 0.0, 10000.0]]}","[0.07545760572557694, -0.06040308279317997, 0.0]",False
3,P01,8f99450e-b3b4-4bbf-a34f-dee9d88fdb64,4,1,haply,mpc,seeded_random,593114440,persist_session,10.0,1785312726.3142533,2813.376025111,0,1785312726.3044884,754,True,careful,fixed,0.08,0.08,0.0,-0.08,0.08,0.0,-0.06036913800000002,0.08082647999999998,0.0,-0.10546309,-0.13450105,0.25333396,-0.017305762,0.0011650345,0.002295156,"[-25.624515991932224, 56.9891933356237, 0.0, 0.0, 0.0, 0.0, -28.84637814640144, 69.32449542394036]","[-1.2132778223928744, -0.373874428511099, 0.0]","{""Controller Type"": ""MPC Controller"", ""weight_comfort"": 1000.0, ""weight_trajectory"": 1000.0, ""weight_goal"": 100.0, ""Q"": [[1000.0, 0.0, 0.0, 0.0], [0.0, 0.0, 0.0, 0.0], [0.0, 0.0, 1000.0, 0.0], [0.0, 0.0, 0.0, 0.0]], ""R"": [[1000.0, 0.0], [0.0, 1000.0]], ""P"": [[100.0, 0.0, 0.0, 0.0], [0.0, 10000.0, 0.0, 0.0], [0.0, 0.0, 100.0, 0.0], [0.0, 0.0, 0.0, 10000.0]]}","[-0.1930026414513587, 0.019880715948692333, 0.0]",False
3,P01,8f99450e-b3b4-4bbf-a34f-dee9d88fdb64,4,1,haply,mpc,seeded_random,593114440,persist_session,10.0,1785312726.3239772,2813.385766812,0,1785312726.314469,755,True,careful,fixed,0.08,0.08,0.0,-0.08,0.08,0.0,-0.06079030799999999,0.08094780000000007,0.0,-0.10550737,-0.1345475,0.2533058,-0.016832778,0.0014669988,0.0019560182,"[-25.597705976294154, 56.90802572732041, 0.0, 0.0, 0.0, 0.0, -29.22327336477593, 70.08927356249694]","[-1.9097111909302769, 0.879667012663295, 0.0]","{""Controller Type"": ""MPC Controller"", ""weight_comfort"": 1000.0, ""weight_trajectory"": 1000.0, ""weight_goal"": 100.0, ""Q"": [[1000.0, 0.0, 0.0, 0.0], [0.0, 0.0, 0.0, 0.0], [0.0, 0.0, 1000.0, 0.0], [0.0, 0.0, 0.0, 0.0]], ""R"": [[1000.0, 0.0], [0.0, 1000.0]], ""P"": [[100.0, 0.0, 0.0, 0.0], [0.0, 10000.0, 0.0, 0.0], [0.0, 0.0, 100.0, 0.0], [0.0, 0.0, 0.0, 10000.0]]}","[-0.10394969093376871, -0.10222680280140102, 0.0]",False
3,P01,8f99450e-b3b4-4bbf-a34f-dee9d88fdb64,4,1,haply,mpc,seeded_random,593114440,persist_session,10.0,1785312726.333937,2813.395709537,0,1785312726.3238091,756,True,careful,fixed,0.08,0.08,0.0,-0.08,0.08,0.0,-0.06092314800000001,0.08089148000000007,0.0,-0.105625734,-0.13445973,0.25330305,-0.015822478,0.0015556075,0.001723622,"[-25.61540707991495, 56.84377661946004, 0.0, 0.0, 0.0, 0.0, -29.374710910216862, 70.67019143413914]","[-0.3198064016966283, -0.3999505912536191, 0.0]","{""Controller Type"": ""MPC Controller"", ""weight_comfort"": 1000.0, ""weight_trajectory"": 1000.0, ""weight_goal"": 100.0, ""Q"": [[1000.0, 0.0, 0.0, 0.0], [0.0, 0.0, 0.0, 0.0], [0.0, 0.0, 1000.0, 0.0], [0.0, 0.0, 0.0, 0.0]], ""R"": [[1000.0, 0.0], [0.0, 1000.0]], ""P"": [[100.0, 0.0, 0.0, 0.0], [0.0, 10000.0, 0.0, 0.0], [0.0, 0.0, 100.0, 0.0], [0.0, 0.0, 0.0, 10000.0]]}","[-0.2880022181160324, 0.020392892725090414, 0.0]",False
3,P01,8f99450e-b3b4-4bbf-a34f-dee9d88fdb64,4,1,haply,mpc,seeded_random,593114440,persist_session,10.0,1785312726.3438578,2813.405644612,0,1785312726.333704,757,True,careful,fixed,0.08,0.08,0.0,-0.08,0.08,0.0,-0.06127824,0.08088597999999997,0.0,-0.10581047,-0.13443871,0.25333548,-0.015111177,0.0016629943,0.0015737404,"[-25.633804350625436, 56.90369828481645, 0.0, 0.0, 0.0, 0.0, -29.405123618627666, 70.66319539083844]","[-1.562167752041816, -0.013225420177101398, 0.0]","{""Controller Type"": ""MPC Controller"", ""weight_comfort"": 1000.0, ""weight_trajectory"": 1000.0, ""weight_goal"": 100.0, ""Q"": [[1000.0, 0.0, 0.0, 0.0], [0.0, 0.0, 0.0, 0.0], [0.0, 0.0, 1000.0, 0.0], [0.0, 0.0, 0.0, 0.0]], ""R"": [[1000.0, 0.0], [0.0, 1000.0]], ""P"": [[100.0, 0.0, 0.0, 0.0], [0.0, 10000.0, 0.0, 0.0], [0.0, 0.0, 100.0, 0.0], [0.0, 0.0, 0.0, 10000.0]]}","[-0.1363068520620118, -0.01602147592349939, 0.0]",False
3,P01,8f99450e-b3b4-4bbf-a34f-dee9d88fdb64,4,1,haply,mpc,seeded_random,593114440,persist_session,10.0,1785312726.353787,2813.415579029,0,1785312726.3438911,758,True,careful,fixed,0.08,0.08,0.0,-0.08,0.08,0.0,-0.06183244800000001,0.08095084000000002,0.0,-0.10591401,-0.13444111,0.25330585,-0.014704656,0.0017789175,0.0014473344,"[-25.585826654893193, 56.7736584874404, 0.0, 0.0, 0.0, 0.0, -29.455911468283794, 70.75417530950959]","[-2.6238061698850688, 0.4784887332467033, 0.0]","{""Controller Type"": ""MPC Controller"", ""weight_comfort"": 1000.0, ""weight_trajectory"": 1000.0, ""weight_goal"": 100.0, ""Q"": [[1000.0, 0.0, 0.0, 0.0], [0.0, 0.0, 0.0, 0.0], [0.0, 0.0, 1000.0, 0.0], [0.0, 0.0, 0.0, 0.0]], ""R"": [[1000.0, 0.0], [0.0, 1000.0]], ""P"": [[100.0, 0.0, 0.0, 0.0], [0.0, 10000.0, 0.0, 0.0], [0.0, 0.0, 100.0, 0.0], [0.0, 0.0, 0.0, 10000.0]]}","[-0.0015858640298359416, -0.06368846011050655, 0.0]",False
3,P01,8f99450e-b3b4-4bbf-a34f-dee9d88fdb64,4,1,haply,mpc,seeded_random,593114440,persist_session,10.0,1785312726.3638365,2813.425625901,0,1785312726.3541827,759,True,careful,fixed,0.08,0.08,0.0,-0.08,0.08,0.0,-0.06214306800000001,0.08089158000000002,0.0,-0.106076725,-0.13439937,0.25327477,-0.014384847,0.0019045077,0.0012266232,"[-25.508312960238495, 56.49639325533194, 0.0, 0.0, 0.0, 0.0, -29.52822227410864, 71.04131127816692]","[-1.2496719634342297, -0.38273671296856365, 0.0]","{""Controller Type"": ""MPC Controller"", ""weight_comfort"": 1000.0, ""weight_trajectory"": 1000.0, ""weight_goal"": 100.0, ""Q"": [[1000.0, 0.0, 0.0, 0.0], [0.0, 0.0, 0.0, 0.0], [0.0, 0.0, 1000.0, 0.0], [0.0, 0.0, 0.0, 0.0]], ""R"": [[1000.0, 0.0], [0.0, 1000.0]], ""P"": [[100.0, 0.0, 0.0, 0.0], [0.0, 10000.0, 0.0, 0.0], [0.0, 0.0, 100.0, 0.0], [0.0, 0.0, 0.0, 10000.0]]}","[-0.15707415725225035, 0.01858502008928439, 0.0]",False
3,P01,8f99450e-b3b4-4bbf-a34f-dee9d88fdb64,4,1,haply,mpc,seeded_random,593114440,persist_session,10.0,1785312726.3738265,2813.435614865,0,1785312726.3639755,760,True,careful,fixed,0.08,0.08,0.0,-0.08,0.08,0.0,-0.06263121299999999,0.08082941999999999,0.0,-0.106135845,-0.13435529,0.2532734,-0.014016006,0.0020869372,0.0010727051,"[-25.488903583172295, 56.4431779240551, 0.0, 0.0, 0.0, 0.0, -29.48705992384014, 70.8939062047156]","[-2.3708294083891572, -0.42554315794648356, 0.0]","{""Controller Type"": ""MPC Controller"", ""weight_comfort"": 1000.0, ""weight_trajectory"": 1000.0, ""weight_goal"": 100.0, ""Q"": [[1000.0, 0.0, 0.0, 0.0], [0.0, 0.0, 0.0, 0.0], [0.0, 0.0, 1000.0, 0.0], [0.0, 0.0, 0.0, 0.0]], ""R"": [[1000.0, 0.0], [0.0, 1000.0]], ""P"": [[100.0, 0.0, 0.0, 0.0], [0.0, 10000.0, 0.0, 0.0], [0.0, 0.0, 100.0, 0.0], [0.0, 0.0, 0.0, 10000.0]]}","[-0.01596481498674289, 0.023909590040883826, 0.0]",False
3,P01,8f99450e-b3b4-4bbf-a34f-dee9d88fdb64,4,1,haply,mpc,seeded_random,593114440,persist_session,10.0,1785312726.3837457,2813.445541363,0,1785312726.3737063,761,True,careful,fixed,0.08,0.08,0.0,-0.08,0.08,0.0,-0.06280857300000002,0.08082667999999998,0.0,-0.10623941,-0.1343575,0.25324374,-0.013741556,0.0021956929,0.0009828446,"[-25.475444177545867, 56.30360486884015, 0.0, 0.0, 0.0, 0.0, -29.522846766205145, 70.89658151198239]","[-0.5882658459565189, 0.004442910402312934, 0.0]","{""Controller Type"": ""MPC Controller"", ""weight_comfort"": 1000.0, ""weight_trajectory"": 1000.0, ""weight_goal"": 100.0, ""Q"": [[1000.0, 0.0, 0.0, 0.0], [0.0, 0.0, 0.0, 0.0], [0.0, 0.0, 1000.0, 0.0], [0.0, 0.0, 0.0, 0.0]], ""R"": [[1000.0, 0.0], [0.0, 1000.0]], ""P"": [[100.0, 0.0, 0.0, 0.0], [0.0, 10000.0, 0.0, 0.0], [0.0, 0.0, 100.0, 0.0], [0.0, 0.0, 0.0, 10000.0]]}","[-0.22358986478217588, -0.01654077804923951, 0.0]",False
3,P01,8f99450e-b3b4-4bbf-a34f-dee9d88fdb64,4,1,haply,mpc,seeded_random,593114440,persist_session,10.0,1785312726.393706,2813.455505531,0,1785312726.3839464,762,True,careful,fixed,0.08,0.08,0.0,-0.08,0.08,0.0,-0.06311926800000002,0.08076736000000001,0.0,-0.106379725,-0.1342894,0.25330436,-0.013333498,0.0024363499,0.0004688768,"[-25.473228804925164, 56.29604658776022, 0.0, 0.0, 0.0, 0.0, -29.538247767032804, 70.95213524727431]","[-1.2780759673122204, -0.38835390271464026, 0.0]","{""Controller Type"": ""MPC Controller"", ""weight_comfort"": 1000.0, ""weight_trajectory"": 1000.0, ""weight_goal"": 100.0, ""Q"": [[1000.0, 0.0, 0.0, 0.0], [0.0, 0.0, 0.0, 0.0], [0.0, 0.0, 1000.0, 0.0], [0.0, 0.0, 0.0, 0.0]], ""R"": [[1000.0, 0.0], [0.0, 1000.0]], ""P"": [[100.0, 0.0, 0.0, 0.0], [0.0, 10000.0, 0.0, 0.0], [0.0, 0.0, 100.0, 0.0], [0.0, 0.0, 0.0, 10000.0]]}","[-0.13645399137475098, 0.02159226096996153, 0.0]",False
3,P01,8f99450e-b3b4-4bbf-a34f-dee9d88fdb64,4,1,haply,mpc,seeded_random,593114440,persist_session,10.0,1785312726.4040039,2813.465796651,0,1785312726.393844,763,True,careful,fixed,0.08,0.08,0.0,-0.08,0.08,0.0,-0.06354021299999998,0.08088860000000003,0.0,-0.10654244,-0.13424724,0.2532732,-0.013134365,0.0025724806,0.00037769004,"[-25.44101130336006, 56.20475301272502, 0.0, 0.0, 0.0, 0.0, -29.923344881913184, 71.73905458863464]","[-1.971666209799945, 0.9053642136184555, 0.0]","{""Controller Type"": ""MPC Controller"", ""weight_comfort"": 1000.0, ""weight_trajectory"": 1000.0, ""weight_goal"": 100.0, ""Q"": [[1000.0, 0.0, 0.0, 0.0], [0.0, 0.0, 0.0, 0.0], [0.0, 0.0, 1000.0, 0.0], [0.0, 0.0, 0.0, 0.0]], ""R"": [[1000.0, 0.0], [0.0, 1000.0]], ""P"": [[100.0, 0.0, 0.0, 0.0], [0.0, 10000.0, 0.0, 0.0], [0.0, 0.0, 100.0, 0.0], [0.0, 0.0, 0.0, 10000.0]]}","[-0.046584979825624165, -0.1016379585678781, 0.0]",False
3,P01,8f99450e-b3b4-4bbf-a34f-dee9d88fdb64,4,1,haply,mpc,seeded_random,593114440,persist_session,10.0,1785312726.4138756,2813.475670471,0,1785312726.4039083,764,True,careful,fixed,0.08,0.08,0.0,-0.08,0.08,0.0,-0.06402835800000001,0.08082627999999997,0.0,-0.10664604,-0.13424912,0.25324345,-0.012894414,0.0026997486,0.00030027848,"[-25.348591924020692, 55.95556474422945, 0.0, 0.0, 0.0, 0.0, -30.075819433154077, 72.29585350264702]","[-2.309116193435737, -0.4228153740840031, 0.0]","{""Controller Type"": ""MPC Controller"", ""weight_comfort"": 1000.0, ""weight_trajectory"": 1000.0, ""weight_goal"": 100.0, ""Q"": [[1000.0, 0.0, 0.0, 0.0], [0.0, 0.0, 0.0, 0.0], [0.0, 0.0, 1000.0, 0.0], [0.0, 0.0, 0.0, 0.0]], ""R"": [[1000.0, 0.0], [0.0, 1000.0]], ""P"": [[100.0, 0.0, 0.0, 0.0], [0.0, 10000.0, 0.0, 0.0], [0.0, 0.0, 100.0, 0.0], [0.0, 0.0, 0.0, 10000.0]]}","[0.0031167938912895713, 0.022952482467711855, 0.0]",False
3,P01,8f99450e-b3b4-4bbf-a34f-dee9d88fdb64,4,1,haply,mpc,seeded_random,593114440,persist_session,10.0,1785312726.423769,2813.485569906,0,1785312726.4138546,765,True,careful,fixed,0.08,0.08,0.0,-0.08,0.08,0.0,-0.064339158,0.08076677999999998,0.0,-0.106705084,-0.1342048,0.25324208,-0.012651195,0.0027655845,0.00025474382,"[-25.266723053995342, 55.694301979803896, 0.0, 0.0, 0.0, 0.0, -30.029712743659505, 72.13109723698125]","[-1.344618192024343, -0.4084689773469047, 0.0]","{""Controller Type"": ""MPC Controller"", ""weight_comfort"": 1000.0, ""weight_trajectory"": 1000.0, ""weight_goal"": 100.0, ""Q"": [[1000.0, 0.0, 0.0, 0.0], [0.0, 0.0, 0.0, 0.0], [0.0, 0.0, 1000.0, 0.0], [0.0, 0.0, 0.0, 0.0]], ""R"": [[1000.0, 0.0], [0.0, 1000.0]], ""P"": [[100.0, 0.0, 0.0, 0.0], [0.0, 10000.0, 0.0, 0.0], [0.0, 0.0, 100.0, 0.0], [0.0, 0.0, 0.0, 10000.0]]}","[-0.10593342236117091, 0.0228776411048213, 0.0]",False
3,P01,8f99450e-b3b4-4bbf-a34f-dee9d88fdb64,4,1,haply,mpc,seeded_random,593114440,persist_session,10.0,1785312726.433749,2813.495544204,0,1785312726.4235067,766,True,careful,fixed,0.08,0.08,0.0,-0.08,0.08,0.0,-0.06451629000000002,0.08076403999999998,0.0,-0.10676411,-0.13416046,0.25324067,-0.0123391505,0.0028257798,1.3885352e-05,"[-25.254611045185182, 55.61598133201867, 0.0, 0.0, 0.0, 0.0, -30.061508231900664, 72.13252484375316]","[-0.629606182680936, 0.0024915787851272145, 0.0]","{""Controller Type"": ""MPC Controller"", ""weight_comfort"": 1000.0, ""weight_trajectory"": 1000.0, ""weight_goal"": 100.0, ""Q"": [[1000.0, 0.0, 0.0, 0.0], [0.0, 0.0, 0.0, 0.0], [0.0, 0.0, 1000.0, 0.0], [0.0, 0.0, 0.0, 0.0]], ""R"": [[1000.0, 0.0], [0.0, 1000.0]], ""P"": [[100.0, 0.0, 0.0, 0.0], [0.0, 10000.0, 0.0, 0.0], [0.0, 0.0, 100.0, 0.0], [0.0, 0.0, 0.0, 10000.0]]}","[-0.1885559263057997, -0.015137889779039007, 0.0]",False
3,P01,8f99450e-b3b4-4bbf-a34f-dee9d88fdb64,4,1,haply,mpc,seeded_random,593114440,persist_session,10.0,1785312726.4437828,2813.505581602,0,1785312726.4340088,767,True,careful,fixed,0.08,0.08,0.0,-0.08,0.08,0.0,-0.06469336799999999,0.08076122000000002,0.0,-0.10686773,-0.13416225,0.25321084,-0.0118903965,0.0029857422,-0.0005296292,"[-25.251808254597577, 55.59172144990181, 0.0, 0.0, 0.0, 0.0, -30.061396257173453, 72.13251784882966]","[-0.5508229531406786, 0.003514476449087492, 0.0]","{""Controller Type"": ""MPC Controller"", ""weight_comfort"": 1000.0, ""weight_trajectory"": 1000.0, ""weight_goal"": 100.0, ""Q"": [[1000.0, 0.0, 0.0, 0.0], [0.0, 0.0, 0.0, 0.0], [0.0, 0.0, 1000.0, 0.0], [0.0, 0.0, 0.0, 0.0]], ""R"": [[1000.0, 0.0], [0.0, 1000.0]], ""P"": [[100.0, 0.0, 0.0, 0.0], [0.0, 10000.0, 0.0, 0.0], [0.0, 0.0, 100.0, 0.0], [0.0, 0.0, 0.0, 10000.0]]}","[-0.19496663129614533, -0.015178435985983745, 0.0]",False
3,P01,8f99450e-b3b4-4bbf-a34f-dee9d88fdb64,4,1,haply,mpc,seeded_random,593114440,persist_session,10.0,1785312726.453726,2813.515517385,0,1785312726.4437554,768,True,careful,fixed,0.08,0.08,0.0,-0.08,0.08,0.0,-0.06500422799999998,0.08070156,0.0,-0.107075065,-0.13416564,0.25315115,-0.011570824,0.0030751417,-0.0009161809,"[-25.256087978777412, 55.60489841687983, 0.0, 0.0, 0.0, 0.0, -30.082602485734597, 72.20434284445129]","[-1.3947479812211951, -0.42086809364749, 0.0]","{""Controller Type"": ""MPC Controller"", ""weight_comfort"": 1000.0, ""weight_trajectory"": 1000.0, ""weight_goal"": 100.0, ""Q"": [[1000.0, 0.0, 0.0, 0.0], [0.0, 0.0, 0.0, 0.0], [0.0, 0.0, 1000.0, 0.0], [0.0, 0.0, 0.0, 0.0]], ""R"": [[1000.0, 0.0], [0.0, 1000.0]], ""P"": [[100.0, 0.0, 0.0, 0.0], [0.0, 10000.0, 0.0, 0.0], [0.0, 0.0, 100.0, 0.0], [0.0, 0.0, 0.0, 10000.0]]}","[-0.08826369317393025, 0.025265743826968227, 0.0]",False
3,P01,8f99450e-b3b4-4bbf-a34f-dee9d88fdb64,4,1,haply,mpc,seeded_random,593114440,persist_session,10.0,1785312726.4637628,2813.525561345,0,1785312726.453925,769,True,careful,fixed,0.08,0.08,0.0,-0.08,0.08,0.0,-0.06562623299999999,0.08058218,0.0,-0.10717877,-0.13416731,0.2531212,-0.011370784,0.0031042374,-0.0012044687,"[-25.24379116742327, 55.57405797896396, 0.0, 0.0, 0.0, 0.0, -30.00279389357924, 71.986712679845]","[-3.036268721852046, -0.8275861842985269, 0.0]","{""Controller Type"": ""MPC Controller"", ""weight_comfort"": 1000.0, ""weight_trajectory"": 1000.0, ""weight_goal"": 100.0, ""Q"": [[1000.0, 0.0, 0.0, 0.0], [0.0, 0.0, 0.0, 0.0], [0.0, 0.0, 1000.0, 0.0], [0.0, 0.0, 0.0, 0.0]], ""R"": [[1000.0, 0.0], [0.0, 1000.0]], ""P"": [[100.0, 0.0, 0.0, 0.0], [0.0, 10000.0, 0.0, 0.0], [0.0, 0.0, 100.0, 0.0], [0.0, 0.0, 0.0, 10000.0]]}","[0.11987780416983936, 0.06548550684100736, 0.0]",False
3,P01,8f99450e-b3b4-4bbf-a34f-dee9d88fdb64,4,1,haply,mpc,seeded_random,593114440,persist_session,10.0,1785312726.473745,2813.535534548,0,1785312726.4637697,770,True,careful,fixed,0.08,0.08,0.0,-0.08,0.08,0.0,-0.06593734800000002,0.08052228,0.0,-0.10717877,-0.13416731,0.2531212,-0.011263268,0.0030953002,-0.0014452743,"[-25.112993242160364, 55.18120243646433, 0.0, 0.0, 0.0, 0.0, -29.872096362392746, 71.5870444102198]","[-1.3906825513848278, -0.4199656741168685, 0.0]","{""Controller Type"": ""MPC Controller"", ""weight_comfort"": 1000.0, ""weight_trajectory"": 1000.0, ""weight_goal"": 100.0, ""Q"": [[1000.0, 0.0, 0.0, 0.0], [0.0, 0.0, 0.0, 0.0], [0.0, 0.0, 1000.0, 0.0], [0.0, 0.0, 0.0, 0.0]], ""R"": [[1000.0, 0.0], [0.0, 1000.0]], ""P"": [[100.0, 0.0, 0.0, 0.0], [0.0, 10000.0, 0.0, 0.0], [0.0, 0.0, 100.0, 0.0], [0.0, 0.0, 0.0, 10000.0]]}","[-0.07147952219882504, 0.029025728901033356, 0.0]",False
3,P01,8f99450e-b3b4-4bbf-a34f-dee9d88fdb64,4,1,haply,mpc,seeded_random,593114440,persist_session,10.0,1785312726.4839497,2813.545751044,0,1785312726.474084,771,True,careful,fixed,0.08,0.08,0.0,-0.08,0.08,0.0,-0.06593734800000002,0.08052228,0.0,-0.107341416,-0.13412425,0.25308985,-0.011116644,0.0029818036,-0.0016387501,"[-25.171721179440617, 55.24333067669894, 0.0, 0.0, 0.0, 0.0, -29.897079003046628, 71.59568562114715]","[0.35398115518750245, 0.015614646421711191, 0.0]","{""Controller Type"": ""MPC Controller"", ""weight_comfort"": 1000.0, ""weight_trajectory"": 1000.0, ""weight_goal"": 100.0, ""Q"": [[1000.0, 0.0, 0.0, 0.0], [0.0, 0.0, 0.0, 0.0], [0.0, 0.0, 1000.0, 0.0], [0.0, 0.0, 0.0, 0.0]], ""R"": [[1000.0, 0.0], [0.0, 1000.0]], ""P"": [[100.0, 0.0, 0.0, 0.0], [0.0, 10000.0, 0.0, 0.0], [0.0, 0.0, 100.0, 0.0], [0.0, 0.0, 0.0, 10000.0]]}","[-0.2827418282700452, -0.011649301662125796, 0.0]",False
3,P01,8f99450e-b3b4-4bbf-a34f-dee9d88fdb64,4,1,haply,mpc,seeded_random,593114440,persist_session,10.0,1785312726.493778,2813.555572863,0,1785312726.4835057,772,True,careful,fixed,0.08,0.08,0.0,-0.08,0.08,0.0,-0.06642528599999999,0.08045958000000003,0.0,-0.107548885,-0.13412708,0.25302985,-0.011119247,0.0028091513,-0.0018397752,"[-25.360274372999545, 55.72543802913745, 0.0, 0.0, 0.0, 0.0, -29.93453607292684, 71.70407309775425]","[-2.541653504173581, -0.46341618341276847, 0.0]","{""Controller Type"": ""MPC Controller"", ""weight_comfort"": 1000.0, ""weight_trajectory"": 1000.0, ""weight_goal"": 100.0, ""Q"": [[1000.0, 0.0, 0.0, 0.0], [0.0, 0.0, 0.0, 0.0], [0.0, 0.0, 1000.0, 0.0], [0.0, 0.0, 0.0, 0.0]], ""R"": [[1000.0, 0.0], [0.0, 1000.0]], ""P"": [[100.0, 0.0, 0.0, 0.0], [0.0, 10000.0, 0.0, 0.0], [0.0, 0.0, 100.0, 0.0], [0.0, 0.0, 0.0, 10000.0]]}","[0.07328557589079575, 0.03424122086997149, 0.0]",False
3,P01,8f99450e-b3b4-4bbf-a34f-dee9d88fdb64,4,1,haply,mpc,seeded_random,593114440,persist_session,10.0,1785312726.5036783,2813.565475923,0,1785312726.493991,773,True,careful,fixed,0.08,0.08,0.0,-0.08,0.08,0.0,-0.06704769299999999,0.08033958000000002,0.0,-0.10765256,-0.13412838,0.2529998,-0.011286143,0.0026059446,-0.0020597782,"[-25.18824503226537, 55.2991676832561, 0.0, 0.0, 0.0, 0.0, -29.828084639923176, 71.42991037261581]","[-2.9563505468948676, -0.8073672511418355, 0.0]","{""Controller Type"": ""MPC Controller"", ""weight_comfort"": 1000.0, ""weight_trajectory"": 1000.0, ""weight_goal"": 100.0, ""Q"": [[1000.0, 0.0, 0.0, 0.0], [0.0, 0.0, 0.0, 0.0], [0.0, 0.0, 1000.0, 0.0], [0.0, 0.0, 0.0, 0.0]], ""R"": [[1000.0, 0.0], [0.0, 1000.0]], ""P"": [[100.0, 0.0, 0.0, 0.0], [0.0, 10000.0, 0.0, 0.0], [0.0, 0.0, 100.0, 0.0], [0.0, 0.0, 0.0, 10000.0]]}","[0.13645251264488834, 0.06895427751426333, 0.0]",False
3,P01,8f99450e-b3b4-4bbf-a34f-dee9d88fdb64,4,1,haply,mpc,seeded_random,593114440,persist_session,10.0,1785312726.5137393,2813.575538235,0,1785312726.5034752,774,True,careful,fixed,0.08,0.08,0.0,-0.08,0.08,0.0,-0.06735871799999998,0.08027948000000001,0.0,-0.10775629,-0.13412967,0.25296968,-0.011592831,0.0022214185,-0.0023542682,"[-25.043465589848015, 54.88821471142075, 0.0, 0.0, 0.0, 0.0, -29.67145480943006, 71.00961299872955]","[-1.4834061575281003, -0.44168072047068213, 0.0]","{""Controller Type"": ""MPC Controller"", ""weight_comfort"": 1000.0, ""weight_trajectory"": 1000.0, ""weight_goal"": 100.0, ""Q"": [[1000.0, 0.0, 0.0, 0.0], [0.0, 0.0, 0.0, 0.0], [0.0, 0.0, 1000.0, 0.0], [0.0, 0.0, 0.0, 0.0]], ""R"": [[1000.0, 0.0], [0.0, 1000.0]], ""P"": [[100.0, 0.0, 0.0, 0.0], [0.0, 10000.0, 0.0, 0.0], [0.0, 0.0, 100.0, 0.0], [0.0, 0.0, 0.0, 10000.0]]}","[-0.034947662434946104, 0.036141202776384926, 0.0]",False
3,P01,8f99450e-b3b4-4bbf-a34f-dee9d88fdb64,4,1,haply,mpc,seeded_random,593114440,persist_session,10.0,1785312726.5238385,2813.585634778,0,1785312726.5136063,775,True,careful,fixed,0.08,0.08,0.0,-0.08,0.08,0.0,-0.06766990800000001,0.08021923999999997,0.0,-0.107963905,-0.134132,0.25290948,-0.01181769,0.0018107162,-0.0026177422,"[-24.99459665186781, 54.74734092083838, 0.0, 0.0, 0.0, 0.0, -29.601690053100683, 70.82627906415705]","[-1.3734471417387821, -0.4146456725508198, 0.0]","{""Controller Type"": ""MPC Controller"", ""weight_comfort"": 1000.0, ""weight_trajectory"": 1000.0, ""weight_goal"": 100.0, ""Q"": [[1000.0, 0.0, 0.0, 0.0], [0.0, 0.0, 0.0, 0.0], [0.0, 0.0, 1000.0, 0.0], [0.0, 0.0, 0.0, 0.0]], ""R"": [[1000.0, 0.0], [0.0, 1000.0]], ""P"": [[100.0, 0.0, 0.0, 0.0], [0.0, 10000.0, 0.0, 0.0], [0.0, 0.0, 100.0, 0.0], [0.0, 0.0, 0.0, 10000.0]]}","[-0.04258469923985843, 0.034874665917739925, 0.0]",False
3,P01,8f99450e-b3b4-4bbf-a34f-dee9d88fdb64,4,1,haply,mpc,seeded_random,593114440,persist_session,10.0,1785312726.5337443,2813.595490863,0,1785312726.5240414,776,True,careful,fixed,0.08,0.08,0.0,-0.08,0.08,0.0,-0.068292753,0.08009884000000006,0.0,-0.108067624,-0.13413303,0.25287932,-0.012140013,0.0014376516,-0.0028818853,"[-24.978954536488864, 54.70918744579432, 0.0, 0.0, 0.0, 0.0, -29.511393156980272, 70.60654736847935]","[-2.973018303733058, -0.8117398526293652, 0.0]","{""Controller Type"": ""MPC Controller"", ""weight_comfort"": 1000.0, ""weight_trajectory"": 1000.0, ""weight_goal"": 100.0, ""Q"": [[1000.0, 0.0, 0.0, 0.0], [0.0, 0.0, 0.0, 0.0], [0.0, 0.0, 1000.0, 0.0], [0.0, 0.0, 0.0, 0.0]], ""R"": [[1000.0, 0.0], [0.0, 1000.0]], ""P"": [[100.0, 0.0, 0.0, 0.0], [0.0, 10000.0, 0.0, 0.0], [0.0, 0.0, 100.0, 0.0], [0.0, 0.0, 0.0, 10000.0]]}","[0.16372491750614981, 0.07497051308726584, 0.0]",False
3,P01,8f99450e-b3b4-4bbf-a34f-dee9d88fdb64,4,1,haply,mpc,seeded_random,593114440,persist_session,10.0,1785312726.5437627,2813.605563905,0,1785312726.5335817,777,True,careful,fixed,0.08,0.08,0.0,-0.08,0.08,0.0,-0.06860391,0.08003852000000006,0.0,-0.10817144,-0.13413405,0.25284904,-0.012432034,0.0011462903,-0.0030990147,"[-24.825968569176556, 54.28858130096381, 0.0, 0.0, 0.0, 0.0, -29.333357489150828, 70.17608225708913]","[-1.4877001557753946, -0.4425681446479223, 0.0]","{""Controller Type"": ""MPC Controller"", ""weight_comfort"": 1000.0, ""weight_trajectory"": 1000.0, ""weight_goal"": 100.0, ""Q"": [[1000.0, 0.0, 0.0, 0.0], [0.0, 0.0, 0.0, 0.0], [0.0, 0.0, 1000.0, 0.0], [0.0, 0.0, 0.0, 0.0]], ""R"": [[1000.0, 0.0], [0.0, 1000.0]], ""P"": [[100.0, 0.0, 0.0, 0.0], [0.0, 10000.0, 0.0, 0.0], [0.0, 0.0, 100.0, 0.0], [0.0, 0.0, 0.0, 10000.0]]}","[-0.011101575479243503, 0.04143462391443079, 0.0]",False
3,P01,8f99450e-b3b4-4bbf-a34f-dee9d88fdb64,4,1,haply,mpc,seeded_random,593114440,persist_session,10.0,1785312726.5540626,2813.61585996,0,1785312726.5439217,778,True,careful,fixed,0.08,0.08,0.0,-0.08,0.08,0.0,-0.06891535799999998,0.07997796000000007,0.0,-0.10843807,-0.13409083,0.25278714,-0.012587094,0.00091328885,-0.0032503332,"[-24.77507879621189, 54.14625855817079, 0.0, 0.0, 0.0, 0.0, -29.254965042787834, 69.99124211604722]","[-1.3563040191135687, -0.4105751202842317, 0.0]","{""Controller Type"": ""MPC Controller"", ""weight_comfort"": 1000.0, ""weight_trajectory"": 1000.0, ""weight_goal"": 100.0, ""Q"": [[1000.0, 0.0, 0.0, 0.0], [0.0, 0.0, 0.0, 0.0], [0.0, 0.0, 1000.0, 0.0], [0.0, 0.0, 0.0, 0.0]], ""R"": [[1000.0, 0.0], [0.0, 1000.0]], ""P"": [[100.0, 0.0, 0.0, 0.0], [0.0, 10000.0, 0.0, 0.0], [0.0, 0.0, 100.0, 0.0], [0.0, 0.0, 0.0, 10000.0]]}","[-0.021521489865066922, 0.03967324412180404, 0.0]",False
3,P01,8f99450e-b3b4-4bbf-a34f-dee9d88fdb64,4,1,haply,mpc,seeded_random,593114440,persist_session,10.0,1785312726.563835,2813.625628659,0,1785312726.5534797,779,True,careful,fixed,0.08,0.08,0.0,-0.08,0.08,0.0,-0.069715248,0.07985416000000006,0.0,-0.1085418,-0.1340915,0.25275683,-0.012823848,0.00079944346,-0.0033797368,"[-24.932515054857703, 54.51240285837882, 0.0, 0.0, 0.0, 0.0, -29.190050286866263, 69.8410016768774]","[-4.305627722009258, -0.9088762446838914, 0.0]","{""Controller Type"": ""MPC Controller"", ""weight_comfort"": 1000.0, ""weight_trajectory"": 1000.0, ""weight_goal"": 100.0, ""Q"": [[1000.0, 0.0, 0.0, 0.0], [0.0, 0.0, 0.0, 0.0], [0.0, 0.0, 1000.0, 0.0], [0.0, 0.0, 0.0, 0.0]], ""R"": [[1000.0, 0.0], [0.0, 1000.0]], ""P"": [[100.0, 0.0, 0.0, 0.0], [0.0, 10000.0, 0.0, 0.0], [0.0, 0.0, 100.0, 0.0], [0.0, 0.0, 0.0, 10000.0]]}","[0.3529851470522552, 0.08991958381079702, 0.0]",False
3,P01,8f99450e-b3b4-4bbf-a34f-dee9d88fdb64,4,1,haply,mpc,seeded_random,593114440,persist_session,10.0,1785312726.5737581,2813.635558346,0,1785312726.564119,780,True,careful,fixed,0.08,0.08,0.0,-0.08,0.08,0.0,-0.07002643799999998,0.07979354,0.0,-0.108645745,-0.13409233,0.25272644,-0.013032593,0.00073464203,-0.0034799308,"[-24.7288108322172, 53.95441189805585, 0.0, 0.0, 0.0, 0.0, -28.992122760592977, 69.4093678400334]","[-1.3314647685304684, -0.40145767385427406, 0.0]","{""Controller Type"": ""MPC Controller"", ""weight_comfort"": 1000.0, ""weight_trajectory"": 1000.0, ""weight_goal"": 100.0, ""Q"": [[1000.0, 0.0, 0.0, 0.0], [0.0, 0.0, 0.0, 0.0], [0.0, 0.0, 1000.0, 0.0], [0.0, 0.0, 0.0, 0.0]], ""R"": [[1000.0, 0.0], [0.0, 1000.0]], ""P"": [[100.0, 0.0, 0.0, 0.0], [0.0, 10000.0, 0.0, 0.0], [0.0, 0.0, 100.0, 0.0], [0.0, 0.0, 0.0, 10000.0]]}","[-0.005001262223201105, 0.042733982357887765, 0.0]",False
3,P01,8f99450e-b3b4-4bbf-a34f-dee9d88fdb64,4,1,haply,mpc,seeded_random,593114440,persist_session,10.0,1785312726.5839424,2813.645739507,0,1785312726.573738,781,True,careful,fixed,0.08,0.08,0.0,-0.08,0.08,0.0,-0.070338273,0.07973276000000001,0.0,-0.108853474,-0.13409354,0.25266564,-0.013147597,0.00071224995,-0.003535328,"[-24.684876168400052, 53.83851432588615, 0.0, 0.0, 0.0, 0.0, -28.913515388254147, 69.24028668248607]","[-1.5068738897324438, -0.44523861477494275, 0.0]","{""Controller Type"": ""MPC Controller"", ""weight_comfort"": 1000.0, ""weight_trajectory"": 1000.0, ""weight_goal"": 100.0, ""Q"": [[1000.0, 0.0, 0.0, 0.0], [0.0, 0.0, 0.0, 0.0], [0.0, 0.0, 1000.0, 0.0], [0.0, 0.0, 0.0, 0.0]], ""R"": [[1000.0, 0.0], [0.0, 1000.0]], ""P"": [[100.0, 0.0, 0.0, 0.0], [0.0, 10000.0, 0.0, 0.0], [0.0, 0.0, 100.0, 0.0], [0.0, 0.0, 0.0, 10000.0]]}","[0.02248629970552339, 0.04824950639024709, 0.0]",False
3,P01,8f99450e-b3b4-4bbf-a34f-dee9d88fdb64,4,1,haply,mpc,seeded_random,593114440,persist_session,10.0,1785312726.5937574,2813.655560355,0,1785312726.5841017,782,True,careful,fixed,0.08,0.08,0.0,-0.08,0.08,0.0,-0.07096146000000002,0.07961116000000007,0.0,-0.10901624,-0.13404872,0.25263384,-0.0133455675,0.00074820494,-0.0035940157,"[-24.65678717682531, 53.772084996793225, 0.0, 0.0, 0.0, 0.0, -28.80169814362967, 68.99467813446243]","[-3.010583863952706, -0.8207413058747538, 0.0]","{""Controller Type"": ""MPC Controller"", ""weight_comfort"": 1000.0, ""weight_trajectory"": 1000.0, ""weight_goal"": 100.0, ""Q"": [[1000.0, 0.0, 0.0, 0.0], [0.0, 0.0, 0.0, 0.0], [0.0, 0.0, 1000.0, 0.0], [0.0, 0.0, 0.0, 0.0]], ""R"": [[1000.0, 0.0], [0.0, 1000.0]], ""P"": [[100.0, 0.0, 0.0, 0.0], [0.0, 10000.0, 0.0, 0.0], [0.0, 0.0, 100.0, 0.0], [0.0, 0.0, 0.0, 10000.0]]}","[0.22050439815126596, 0.08720731135343257, 0.0]",False
3,P01,8f99450e-b3b4-4bbf-a34f-dee9d88fdb64,4,1,haply,mpc,seeded_random,593114440,persist_session,10.0,1785312726.603839,2813.665626024,0,1785312726.593718,783,True,careful,fixed,0.08,0.08,0.0,-0.08,0.08,0.0,-0.071449758,0.07954756000000002,0.0,-0.10922403,-0.13404943,0.25257286,-0.013820354,0.00094551157,-0.0036770843,"[-24.418993645337245, 53.20289776502699, 0.0, 0.0, 0.0, 0.0, -28.571261836579783, 68.52667940042919]","[-2.4927357781076074, -0.46614297010294004, 0.0]","{""Controller Type"": ""MPC Controller"", ""weight_comfort"": 1000.0, ""weight_trajectory"": 1000.0, ""weight_goal"": 100.0, ""Q"": [[1000.0, 0.0, 0.0, 0.0], [0.0, 0.0, 0.0, 0.0], [0.0, 0.0, 1000.0, 0.0], [0.0, 0.0, 0.0, 0.0]], ""R"": [[1000.0, 0.0], [0.0, 1000.0]], ""P"": [[100.0, 0.0, 0.0, 0.0], [0.0, 10000.0, 0.0, 0.0], [0.0, 0.0, 100.0, 0.0], [0.0, 0.0, 0.0, 10000.0]]}","[0.16774174234281186, 0.054368991070448805, 0.0]",False
3,P01,8f99450e-b3b4-4bbf-a34f-dee9d88fdb64,4,1,haply,mpc,seeded_random,593114440,persist_session,10.0,1785312726.6137333,2813.675532496,0,1785312726.604109,784,True,careful,fixed,0.08,0.08,0.0,-0.08,0.08,0.0,-0.072073128,0.07942560000000004,0.0,-0.109327994,-0.13404974,0.25254232,-0.014033841,0.0009814927,-0.0037382066,"[-24.24293040152846, 52.791456995151066, 0.0, 0.0, 0.0, 0.0, -28.444683088266416, 68.25848271182188]","[-2.9748605034551643, -0.8174941460014564, 0.0]","{""Controller Type"": ""MPC Controller"", ""weight_comfort"": 1000.0, ""weight_trajectory"": 1000.0, ""weight_goal"": 100.0, ""Q"": [[1000.0, 0.0, 0.0, 0.0], [0.0, 0.0, 0.0, 0.0], [0.0, 0.0, 1000.0, 0.0], [0.0, 0.0, 0.0, 0.0]], ""R"": [[1000.0, 0.0], [0.0, 1000.0]], ""P"": [[100.0, 0.0, 0.0, 0.0], [0.0, 10000.0, 0.0, 0.0], [0.0, 0.0, 100.0, 0.0], [0.0, 0.0, 0.0, 10000.0]]}","[0.24245864164409348, 0.09157278086452524, 0.0]",False
3,P01,8f99450e-b3b4-4bbf-a34f-dee9d88fdb64,4,1,haply,mpc,seeded_random,593114440,persist_session,10.0,1785312726.6239522,2813.685742775,0,1785312726.6138077,785,True,careful,fixed,0.08,0.08,0.0,-0.08,0.08,0.0,-0.07238502,0.07936452,0.0,-0.1094319,-0.13404994,0.25251177,-0.0141244065,0.0009772558,-0.0037764208,"[-24.07006814154732, 52.35632160345105, 0.0, 0.0, 0.0, 0.0, -28.20604826325069, 67.80506067127617]","[-1.5004002694681318, -0.4449468941600588, 0.0]","{""Controller Type"": ""MPC Controller"", ""weight_comfort"": 1000.0, ""weight_trajectory"": 1000.0, ""weight_goal"": 100.0, ""Q"": [[1000.0, 0.0, 0.0, 0.0], [0.0, 0.0, 0.0, 0.0], [0.0, 0.0, 1000.0, 0.0], [0.0, 0.0, 0.0, 0.0]], ""R"": [[1000.0, 0.0], [0.0, 1000.0]], ""P"": [[100.0, 0.0, 0.0, 0.0], [0.0, 10000.0, 0.0, 0.0], [0.0, 0.0, 100.0, 0.0], [0.0, 0.0, 0.0, 10000.0]]}","[0.06207740657906425, 0.05645895868331997, 0.0]",False
3,P01,8f99450e-b3b4-4bbf-a34f-dee9d88fdb64,4,1,haply,mpc,seeded_random,593114440,persist_session,10.0,1785312726.6338181,2813.695622953,0,1785312726.6241035,786,True,careful,fixed,0.08,0.08,0.0,-0.08,0.08,0.0,-0.072696738,0.07930342000000007,0.0,-0.10966239,-0.1340703,0.2525141,-0.01420913,0.0009645642,-0.0037901045,"[-24.01114346292674, 52.20747933155544, 0.0, 0.0, 0.0, 0.0, -28.099911303705813, 67.60963357845063]","[-1.4052755083135475, -0.420797768357209, 0.0]","{""Controller Type"": ""MPC Controller"", ""weight_comfort"": 1000.0, ""weight_trajectory"": 1000.0, ""weight_goal"": 100.0, ""Q"": [[1000.0, 0.0, 0.0, 0.0], [0.0, 0.0, 0.0, 0.0], [0.0, 0.0, 1000.0, 0.0], [0.0, 0.0, 0.0, 0.0]], ""R"": [[1000.0, 0.0], [0.0, 1000.0]], ""P"": [[100.0, 0.0, 0.0, 0.0], [0.0, 10000.0, 0.0, 0.0], [0.0, 0.0, 100.0, 0.0], [0.0, 0.0, 0.0, 10000.0]]}","[0.05574064806132885, 0.055389089522598675, 0.0]",False
3,P01,8f99450e-b3b4-4bbf-a34f-dee9d88fdb64,4,1,haply,mpc,seeded_random,593114440,persist_session,10.0,1785312726.6439288,2813.705715251,0,1785312726.6338813,787,True,careful,fixed,0.08,0.08,0.0,-0.08,0.08,0.0,-0.073388208,0.07930808000000006,0.0,-0.109847955,-0.13404483,0.25254557,-0.01447006,0.0009318143,-0.0038060774,"[-24.072663112152632, 52.347717536462355, 0.0, 0.0, 0.0, 0.0, -28.06907014295854, 67.61794367439495]","[-3.5427873235732577, 0.012804524580329376, 0.0]","{""Controller Type"": ""MPC Controller"", ""weight_comfort"": 1000.0, ""weight_trajectory"": 1000.0, ""weight_goal"": 100.0, ""Q"": [[1000.0, 0.0, 0.0, 0.0], [0.0, 0.0, 0.0, 0.0], [0.0, 0.0, 1000.0, 0.0], [0.0, 0.0, 0.0, 0.0]], ""R"": [[1000.0, 0.0], [0.0, 1000.0]], ""P"": [[100.0, 0.0, 0.0, 0.0], [0.0, 10000.0, 0.0, 0.0], [0.0, 0.0, 100.0, 0.0], [0.0, 0.0, 0.0, 10000.0]]}","[0.3409311529271478, 0.01228694386035931, 0.0]",False
3,P01,8f99450e-b3b4-4bbf-a34f-dee9d88fdb64,4,1,haply,mpc,seeded_random,593114440,persist_session,10.0,1785312726.653945,2813.715732942,0,1785312726.6444914,788,True,careful,fixed,0.08,0.08,0.0,-0.08,0.08,0.0,-0.07394490299999999,0.07937102000000001,0.0,-0.10995195,-0.13404472,0.25251484,-0.014703809,0.0008942808,-0.003773055,"[-23.754583321835714, 51.61249003832241, 0.0, 0.0, 0.0, 0.0, -28.084137855566933, 67.66920741727928]","[-2.564187687303529, 0.3837548967401433, 0.0]","{""Controller Type"": ""MPC Controller"", ""weight_comfort"": 1000.0, ""weight_trajectory"": 1000.0, ""weight_goal"": 100.0, ""Q"": [[1000.0, 0.0, 0.0, 0.0], [0.0, 0.0, 0.0, 0.0], [0.0, 0.0, 1000.0, 0.0], [0.0, 0.0, 0.0, 0.0]], ""R"": [[1000.0, 0.0], [0.0, 1000.0]], ""P"": [[100.0, 0.0, 0.0, 0.0], [0.0, 10000.0, 0.0, 0.0], [0.0, 0.0, 100.0, 0.0], [0.0, 0.0, 0.0, 10000.0]]}","[0.22975933952916158, -0.025710806252127173, 0.0]",False
3,P01,8f99450e-b3b4-4bbf-a34f-dee9d88fdb64,4,1,haply,mpc,seeded_random,593114440,persist_session,10.0,1785312726.6638455,2813.725631075,0,1785312726.65406,789,True,careful,fixed,0.08,0.08,0.0,-0.08,0.08,0.0,-0.07425688800000002,0.07930956000000006,0.0,-0.10995195,-0.13404472,0.25251484,-0.0147642875,0.00086796854,-0.003702268,"[-23.600060407812467, 51.24014830131862, 0.0, 0.0, 0.0, 0.0, -28.291928625084065, 68.05865873650458]","[-1.5351772087657272, -0.4566876425132368, 0.0]","{""Controller Type"": ""MPC Controller"", ""weight_comfort"": 1000.0, ""weight_trajectory"": 1000.0, ""weight_goal"": 100.0, ""Q"": [[1000.0, 0.0, 0.0, 0.0], [0.0, 0.0, 0.0, 0.0], [0.0, 0.0, 1000.0, 0.0], [0.0, 0.0, 0.0, 0.0]], ""R"": [[1000.0, 0.0], [0.0, 1000.0]], ""P"": [[100.0, 0.0, 0.0, 0.0], [0.0, 10000.0, 0.0, 0.0], [0.0, 0.0, 100.0, 0.0], [0.0, 0.0, 0.0, 10000.0]]}","[0.1028351294783606, 0.05852982281961577, 0.0]",False
3,P01,8f99450e-b3b4-4bbf-a34f-dee9d88fdb64,4,1,haply,mpc,seeded_random,593114440,persist_session,10.0,1785312726.6738489,2813.735641492,0,1785312726.6640873,790,True,careful,fixed,0.08,0.08,0.0,-0.08,0.08,0.0,-0.07425688800000002,0.07930956000000006,0.0,-0.11018264,-0.1340644,0.2525169,-0.014658058,0.00079981185,-0.0036129553,"[-23.628948284320774, 51.26876706621796, 0.0, 0.0, 0.0, 0.0, -28.250698096396448, 68.04539227653109]","[0.1357036964390616, -0.01950541199367441, 0.0]","{""Controller Type"": ""MPC Controller"", ""weight_comfort"": 1000.0, ""weight_trajectory"": 1000.0, ""weight_goal"": 100.0, ""Q"": [[1000.0, 0.0, 0.0, 0.0], [0.0, 0.0, 0.0, 0.0], [0.0, 0.0, 1000.0, 0.0], [0.0, 0.0, 0.0, 0.0]], ""R"": [[1000.0, 0.0], [0.0, 1000.0]], ""P"": [[100.0, 0.0, 0.0, 0.0], [0.0, 10000.0, 0.0, 0.0], [0.0, 0.0, 100.0, 0.0], [0.0, 0.0, 0.0, 10000.0]]}","[-0.11584656989764264, 0.015450260521333177, 0.0]",False
3,P01,8f99450e-b3b4-4bbf-a34f-dee9d88fdb64,4,1,haply,mpc,seeded_random,593114440,persist_session,10.0,1785312726.6839018,2813.7456973,0,1785312726.6737175,791,True,careful,fixed,0.08,0.08,0.0,-0.08,0.08,0.0,-0.074948958,0.07931368,0.0,-0.11036827,-0.13403833,0.25254828,-0.014783552,0.00076527405,-0.0033204565,"[-24.040254689450624, 52.19276653553137, 0.0, 0.0, 0.0, 0.0, -28.248967028904644, 68.04573484501653]","[-3.629380136916548, 0.00972354078220122, 0.0]","{""Controller Type"": ""MPC Controller"", ""weight_comfort"": 1000.0, ""weight_trajectory"": 1000.0, ""weight_goal"": 100.0, ""Q"": [[1000.0, 0.0, 0.0, 0.0], [0.0, 0.0, 0.0, 0.0], [0.0, 0.0, 1000.0, 0.0], [0.0, 0.0, 0.0, 0.0]], ""R"": [[1000.0, 0.0], [0.0, 1000.0]], ""P"": [[100.0, 0.0, 0.0, 0.0], [0.0, 10000.0, 0.0, 0.0], [0.0, 0.0, 100.0, 0.0], [0.0, 0.0, 0.0, 10000.0]]}","[0.3801001215742516, 0.012488724281630136, 0.0]",False
3,P01,8f99450e-b3b4-4bbf-a34f-dee9d88fdb64,4,1,haply,mpc,seeded_random,593114440,persist_session,10.0,1785312726.6943722,2813.756139134,0,1785312726.6837955,792,True,careful,fixed,0.08,0.08,0.0,-0.08,0.08,0.0,-0.07550584800000001,0.07937644000000005,0.0,-0.1103909,-0.13405833,0.25261196,-0.0151086785,0.0005083092,-0.0024040157,"[-23.687264414818998, 51.394299313351986, 0.0, 0.0, 0.0, 0.0, -28.27027094805408, 68.11664700445887]","[-2.7335045414315737, 0.40656513767944324, 0.0]","{""Controller Type"": ""MPC Controller"", ""weight_comfort"": 1000.0, ""weight_trajectory"": 1000.0, ""weight_goal"": 100.0, ""Q"": [[1000.0, 0.0, 0.0, 0.0], [0.0, 0.0, 0.0, 0.0], [0.0, 0.0, 1000.0, 0.0], [0.0, 0.0, 0.0, 0.0]], ""R"": [[1000.0, 0.0], [0.0, 1000.0]], ""P"": [[100.0, 0.0, 0.0, 0.0], [0.0, 10000.0, 0.0, 0.0], [0.0, 0.0, 100.0, 0.0], [0.0, 0.0, 0.0, 10000.0]]}","[0.27995705545894656, -0.027813125005245194, 0.0]",False
3,P01,8f99450e-b3b4-4bbf-a34f-dee9d88fdb64,4,1,haply,mpc,seeded_random,593114440,persist_session,10.0,1785312726.703682,2813.765470607,0,1785312726.6940732,793,True,careful,fixed,0.08,0.08,0.0,-0.08,0.08,0.0,-0.07550584800000001,0.07937644000000005,0.0,-0.110495046,-0.13405794,0.2525811,-0.015155574,0.00039438388,-0.0015658811,"[-23.725649617985717, 51.4317921825631, 0.0, 0.0, 0.0, 0.0, -28.30395165903706, 68.12746710251358]","[0.10662667568196944, -0.017649212096507837, 0.0]","{""Controller Type"": ""MPC Controller"", ""weight_comfort"": 1000.0, ""weight_trajectory"": 1000.0, ""weight_goal"": 100.0, ""Q"": [[1000.0, 0.0, 0.0, 0.0], [0.0, 0.0, 0.0, 0.0], [0.0, 0.0, 1000.0, 0.0], [0.0, 0.0, 0.0, 0.0]], ""R"": [[1000.0, 0.0], [0.0, 1000.0]], ""P"": [[100.0, 0.0, 0.0, 0.0], [0.0, 10000.0, 0.0, 0.0], [0.0, 0.0, 100.0, 0.0], [0.0, 0.0, 0.0, 10000.0]]}","[-0.0906532767581819, 0.013953659189028703, 0.0]",False
3,P01,8f99450e-b3b4-4bbf-a34f-dee9d88fdb64,4,1,haply,mpc,seeded_random,593114440,persist_session,10.0,1785312726.7139199,2813.775712433,0,1785312726.7042356,794,True,careful,fixed,0.08,0.08,0.0,-0.08,0.08,0.0,-0.075886176,0.07944208000000003,0.0,-0.11070321,-0.1340569,0.2525194,-0.014778121,7.168216e-05,-0.0009072057,"[-23.823273320761803, 51.65676063784381, 0.0, 0.0, 0.0, 0.0, -28.333456171373278, 68.22048289401114]","[-1.8352592713343423, 0.4248374177934816, 0.0]","{""Controller Type"": ""MPC Controller"", ""weight_comfort"": 1000.0, ""weight_trajectory"": 1000.0, ""weight_goal"": 100.0, ""Q"": [[1000.0, 0.0, 0.0, 0.0], [0.0, 0.0, 0.0, 0.0], [0.0, 0.0, 1000.0, 0.0], [0.0, 0.0, 0.0, 0.0]], ""R"": [[1000.0, 0.0], [0.0, 1000.0]], ""P"": [[100.0, 0.0, 0.0, 0.0], [0.0, 10000.0, 0.0, 0.0], [0.0, 0.0, 100.0, 0.0], [0.0, 0.0, 0.0, 10000.0]]}","[0.16802467727887768, -0.03083581982834328, 0.0]",False
3,P01,8f99450e-b3b4-4bbf-a34f-dee9d88fdb64,4,1,haply,mpc,seeded_random,593114440,persist_session,10.0,1785312726.7237272,2813.785512146,0,1785312726.714011,795,True,careful,fixed,0.08,0.08,0.0,-0.08,0.08,0.0,-0.07651066799999999,0.07931868000000003,0.0,-0.11077105,-0.1341223,0.25255355,-0.014635934,-0.00016755651,-0.0005262367,"[-23.774916280927112, 51.549190947972725, 0.0, 0.0, 0.0, 0.0, -28.79783200862464, 69.19179325727714]","[-3.2102117105467514, -0.8930648119439974, 0.0]","{""Controller Type"": ""MPC Controller"", ""weight_comfort"": 1000.0, ""weight_trajectory"": 1000.0, ""weight_goal"": 100.0, ""Q"": [[1000.0, 0.0, 0.0, 0.0], [0.0, 0.0, 0.0, 0.0], [0.0, 0.0, 1000.0, 0.0], [0.0, 0.0, 0.0, 0.0]], ""R"": [[1000.0, 0.0], [0.0, 1000.0]], ""P"": [[100.0, 0.0, 0.0, 0.0], [0.0, 10000.0, 0.0, 0.0], [0.0, 0.0, 100.0, 0.0], [0.0, 0.0, 0.0, 10000.0]]}","[0.35807783096137413, 0.09991062274459453, 0.0]",False
3,P01,8f99450e-b3b4-4bbf-a34f-dee9d88fdb64,4,1,haply,mpc,seeded_random,593114440,persist_session,10.0,1785312726.733805,2813.795602233,0,1785312726.7241514,796,True,careful,fixed,0.08,0.08,0.0,-0.08,0.08,0.0,-0.07671418799999999,0.07938698000000005,0.0,-0.1107937,-0.13414226,0.25261724,-0.014522533,-0.0002924226,-0.00042135667,"[-23.63603692624692, 51.2165604490593, 0.0, 0.0, 0.0, 0.0, -29.00399306038325, 69.85771616314423]","[-0.9502618380025563, 0.4527411617775845, 0.0]","{""Controller Type"": ""MPC Controller"", ""weight_comfort"": 1000.0, ""weight_trajectory"": 1000.0, ""weight_goal"": 100.0, ""Q"": [[1000.0, 0.0, 0.0, 0.0], [0.0, 0.0, 0.0, 0.0], [0.0, 0.0, 1000.0, 0.0], [0.0, 0.0, 0.0, 0.0]], ""R"": [[1000.0, 0.0], [0.0, 1000.0]], ""P"": [[100.0, 0.0, 0.0, 0.0], [0.0, 10000.0, 0.0, 0.0], [0.0, 0.0, 100.0, 0.0], [0.0, 0.0, 0.0, 10000.0]]}","[0.06832889159402603, -0.031455855710785956, 0.0]",False
3,P01,8f99450e-b3b4-4bbf-a34f-dee9d88fdb64,4,1,haply,mpc,seeded_random,593114440,persist_session,10.0,1785312726.7437792,2813.805565779,0,1785312726.733968,797,True,careful,fixed,0.08,0.08,0.0,-0.08,0.08,0.0,-0.07678213799999999,0.07951436000000006,0.0,-0.110875286,-0.13411622,0.25267947,-0.014087205,-0.000703133,-0.00026687657,"[-23.626813903845825, 51.18656768089345, 0.0, 0.0, 0.0, 0.0, -28.918164656361228, 69.62852009686131]","[-0.2782812795290483, 0.8894501426317555, 0.0]","{""Controller Type"": ""MPC Controller"", ""weight_comfort"": 1000.0, ""weight_trajectory"": 1000.0, ""weight_goal"": 100.0, ""Q"": [[1000.0, 0.0, 0.0, 0.0], [0.0, 0.0, 0.0, 0.0], [0.0, 0.0, 1000.0, 0.0], [0.0, 0.0, 0.0, 0.0]], ""R"": [[1000.0, 0.0], [0.0, 1000.0]], ""P"": [[100.0, 0.0, 0.0, 0.0], [0.0, 10000.0, 0.0, 0.0], [0.0, 0.0, 100.0, 0.0], [0.0, 0.0, 0.0, 10000.0]]}","[-0.018484250405995304, -0.07616053983827915, 0.0]",False
3,P01,8f99450e-b3b4-4bbf-a34f-dee9d88fdb64,4,1,haply,mpc,seeded_random,593114440,persist_session,10.0,1785312726.7537389,2813.815528588,0,1785312726.7437434,798,True,careful,fixed,0.08,0.08,0.0,-0.08,0.08,0.0,-0.07702689600000001,0.07963882000000005,0.0,-0.11100212,-0.13413538,0.25271225,-0.013502982,-0.0011046721,-5.1451185e-05,"[-23.649246704995292, 51.238596129536724, 0.0, 0.0, 0.0, 0.0, -28.614689234204782, 68.84083905445443]","[-1.2126083234743699, 0.8661437286845504, 0.0]","{""Controller Type"": ""MPC Controller"", ""weight_comfort"": 1000.0, ""weight_trajectory"": 1000.0, ""weight_goal"": 100.0, ""Q"": [[1000.0, 0.0, 0.0, 0.0], [0.0, 0.0, 0.0, 0.0], [0.0, 0.0, 1000.0, 0.0], [0.0, 0.0, 0.0, 0.0]], ""R"": [[1000.0, 0.0], [0.0, 1000.0]], ""P"": [[100.0, 0.0, 0.0, 0.0], [0.0, 10000.0, 0.0, 0.0], [0.0, 0.0, 100.0, 0.0], [0.0, 0.0, 0.0, 10000.0]]}","[0.10795629406635401, -0.07730943392355626, 0.0]",False
3,P01,8f99450e-b3b4-4bbf-a34f-dee9d88fdb64,4,1,haply,mpc,seeded_random,593114440,persist_session,10.0,1785312726.7637744,2813.825565724,0,1785312726.7537668,799,True,careful,fixed,0.08,0.08,0.0,-0.08,0.08,0.0,-0.07740739799999999,0.07970438000000007,0.0,-0.11100212,-0.13413538,0.25271225,-0.012614287,-0.0009425394,0.00045330165,"[-23.615859867797823, 51.163701852628364, 0.0, 0.0, 0.0, 0.0, -28.44192335203397, 68.3674033904829]","[-1.881026337140289, 0.4387643026871324, 0.0]","{""Controller Type"": ""MPC Controller"", ""weight_comfort"": 1000.0, ""weight_trajectory"": 1000.0, ""weight_goal"": 100.0, ""Q"": [[1000.0, 0.0, 0.0, 0.0], [0.0, 0.0, 0.0, 0.0], [0.0, 0.0, 1000.0, 0.0], [0.0, 0.0, 0.0, 0.0]], ""R"": [[1000.0, 0.0], [0.0, 1000.0]], ""P"": [[100.0, 0.0, 0.0, 0.0], [0.0, 10000.0, 0.0, 0.0], [0.0, 0.0, 100.0, 0.0], [0.0, 0.0, 0.0, 10000.0]]}","[0.20230711572350119, -0.03725263015900544, 0.0]",False
3,P01,8f99450e-b3b4-4bbf-a34f-dee9d88fdb64,4,1,haply,mpc,seeded_random,593114440,persist_session,10.0,1785312726.7737882,2813.835569276,0,1785312726.7636886,800,True,careful,fixed,0.08,0.08,0.0,-0.08,0.08,0.0,-0.07740739799999999,0.07970438000000007,0.0,-0.11100212,-0.13413538,0.25271225,-0.011518357,-0.0005254196,0.0010589341,"[-23.632074415613868, 51.17932257998824, 0.0, 0.0, 0.0, 0.0, -28.460123965098234, 68.3730466237556]","[0.06126856339406966, -0.008413381846560264, 0.0]","{""Controller Type"": ""MPC Controller"", ""weight_comfort"": 1000.0, ""weight_trajectory"": 1000.0, ""weight_goal"": 100.0, ""Q"": [[1000.0, 0.0, 0.0, 0.0], [0.0, 0.0, 0.0, 0.0], [0.0, 0.0, 1000.0, 0.0], [0.0, 0.0, 0.0, 0.0]], ""R"": [[1000.0, 0.0], [0.0, 1000.0]], ""P"": [[100.0, 0.0, 0.0, 0.0], [0.0, 10000.0, 0.0, 0.0], [0.0, 0.0, 100.0, 0.0], [0.0, 0.0, 0.0, 10000.0]]}","[-0.052296318513448584, 0.006615210610738648, 0.0]",False
3,P01,8f99450e-b3b4-4bbf-a34f-dee9d88fdb64,4,1,haply,mpc,seeded_random,593114440,persist_session,10.0,1785312726.783719,2813.845514584,0,1785312726.7737823,801,True,careful,fixed,0.08,0.08,0.0,-0.08,0.08,0.0,-0.07740739799999999,0.07970438000000007,0.0,-0.11100212,-0.13413538,0.25271225,-0.010700923,-0.00026228005,0.0014888623,"[-23.631809219753777, 51.17906709631552, 0.0, 0.0, 0.0, 0.0, -28.459887499011767, 68.37297330571504]","[0.0612678758467524, -0.008413311942455783, 0.0]","{""Controller Type"": ""MPC Controller"", ""weight_comfort"": 1000.0, ""weight_trajectory"": 1000.0, ""weight_goal"": 100.0, ""Q"": [[1000.0, 0.0, 0.0, 0.0], [0.0, 0.0, 0.0, 0.0], [0.0, 0.0, 1000.0, 0.0], [0.0, 0.0, 0.0, 0.0]], ""R"": [[1000.0, 0.0], [0.0, 1000.0]], ""P"": [[100.0, 0.0, 0.0, 0.0], [0.0, 10000.0, 0.0, 0.0], [0.0, 0.0, 100.0, 0.0], [0.0, 0.0, 0.0, 10000.0]]}","[-0.052296318513448674, 0.006615210610738654, 0.0]",False
3,P01,8f99450e-b3b4-4bbf-a34f-dee9d88fdb64,4,1,haply,mpc,seeded_random,593114440,persist_session,10.0,1785312726.793891,2813.855677792,0,1785312726.7835944,802,True,careful,fixed,0.08,0.08,0.0,-0.08,0.08,0.0,-0.07740739799999999,0.07970438000000007,0.0,-0.11108374,-0.1341092,0.25277457,-0.009570719,-0.0004104652,0.0017096964,"[-23.631542697248026, 51.17881033458249, 0.0, 0.0, 0.0, 0.0, -28.45964984861259, 68.37289962046964]","[0.061267184859970944, -0.008413241688244777, 0.0]","{""Controller Type"": ""MPC Controller"", ""weight_comfort"": 1000.0, ""weight_trajectory"": 1000.0, ""weight_goal"": 100.0, ""Q"": [[1000.0, 0.0, 0.0, 0.0], [0.0, 0.0, 0.0, 0.0], [0.0, 0.0, 1000.0, 0.0], [0.0, 0.0, 0.0, 0.0]], ""R"": [[1000.0, 0.0], [0.0, 1000.0]], ""P"": [[100.0, 0.0, 0.0, 0.0], [0.0, 10000.0, 0.0, 0.0], [0.0, 0.0, 100.0, 0.0], [0.0, 0.0, 0.0, 10000.0]]}","[-0.05229631851344867, 0.0066152106107385394, 0.0]",False
3,P01,8f99450e-b3b4-4bbf-a34f-dee9d88fdb64,4,1,haply,mpc,seeded_random,593114440,persist_session,10.0,1785312726.8037024,2813.865500294,0,1785312726.7939258,803,True,careful,fixed,0.08,0.08,0.0,-0.08,0.08,0.0,-0.077652258,0.07982901999999997,0.0,-0.11110634,-0.13412908,0.25283834,-0.008145023,-0.00027660694,0.002022862,"[-23.67073360240924, 51.268511452157924, 0.0, 0.0, 0.0, 0.0, -28.5776424472479, 68.6661778047211]","[-1.159520734116261, 0.8235164109943967, 0.0]","{""Controller Type"": ""MPC Controller"", ""weight_comfort"": 1000.0, ""weight_trajectory"": 1000.0, ""weight_goal"": 100.0, ""Q"": [[1000.0, 0.0, 0.0, 0.0], [0.0, 0.0, 0.0, 0.0], [0.0, 0.0, 1000.0, 0.0], [0.0, 0.0, 0.0, 0.0]], ""R"": [[1000.0, 0.0], [0.0, 1000.0]], ""P"": [[100.0, 0.0, 0.0, 0.0], [0.0, 10000.0, 0.0, 0.0], [0.0, 0.0, 100.0, 0.0], [0.0, 0.0, 0.0, 10000.0]]}","[0.11159977483398749, -0.07708704624334016, 0.0]",False
3,P01,8f99450e-b3b4-4bbf-a34f-dee9d88fdb64,4,1,haply,mpc,seeded_random,593114440,persist_session,10.0,1785312726.8137195,2813.875514673,0,1785312726.8035924,804,True,careful,fixed,0.08,0.08,0.0,-0.08,0.08,0.0,-0.077720058,0.07995656000000001,0.0,-0.11110634,-0.13412908,0.25283834,-0.0068996907,2.176018e-05,0.0024482643,"[-23.655352351330453, 51.226072280848406, 0.0, 0.0, 0.0, 0.0, -28.27658595560756, 67.94134164897451]","[-0.30535569762486225, 0.8951743139831144, 0.0]","{""Controller Type"": ""MPC Controller"", ""weight_comfort"": 1000.0, ""weight_trajectory"": 1000.0, ""weight_goal"": 100.0, ""Q"": [[1000.0, 0.0, 0.0, 0.0], [0.0, 0.0, 0.0, 0.0], [0.0, 0.0, 1000.0, 0.0], [0.0, 0.0, 0.0, 0.0]], ""R"": [[1000.0, 0.0], [0.0, 1000.0]], ""P"": [[100.0, 0.0, 0.0, 0.0], [0.0, 10000.0, 0.0, 0.0], [0.0, 0.0, 100.0, 0.0], [0.0, 0.0, 0.0, 10000.0]]}","[0.0010510646203323105, -0.08751696024178976, 0.0]",False
3,P01,8f99450e-b3b4-4bbf-a34f-dee9d88fdb64,4,1,haply,mpc,seeded_random,593114440,persist_session,10.0,1785312726.8238297,2813.885631604,0,1785312726.8139405,805,True,careful,fixed,0.08,0.08,0.0,-0.08,0.08,0.0,-0.077720058,0.07995656000000001,0.0,-0.11110634,-0.13412908,0.25283834,-0.005987676,0.00024176079,0.0027524198,"[-23.657773249811644, 51.228402104123354, 0.0, 0.0, 0.0, 0.0, -28.281938447791685, 67.94296984426929]","[0.05393835085872223, -0.0012285674061718395, 0.0]","{""Controller Type"": ""MPC Controller"", ""weight_comfort"": 1000.0, ""weight_trajectory"": 1000.0, ""weight_goal"": 100.0, ""Q"": [[1000.0, 0.0, 0.0, 0.0], [0.0, 0.0, 0.0, 0.0], [0.0, 0.0, 1000.0, 0.0], [0.0, 0.0, 0.0, 0.0]], ""R"": [[1000.0, 0.0], [0.0, 1000.0]], ""P"": [[100.0, 0.0, 0.0, 0.0], [0.0, 10000.0, 0.0, 0.0], [0.0, 0.0, 100.0, 0.0], [0.0, 0.0, 0.0, 10000.0]]}","[-0.045989523233388147, 0.0009720747856713047, 0.0]",False
3,P01,8f99450e-b3b4-4bbf-a34f-dee9d88fdb64,4,1,haply,mpc,seeded_random,593114440,persist_session,10.0,1785312726.833733,2813.895528,0,1785312726.823541,806,True,careful,fixed,0.08,0.08,0.0,-0.08,0.08,0.0,-0.077720058,0.07995656000000001,0.0,-0.11110634,-0.13412908,0.25283834,-0.004914839,5.23974e-05,0.0029749982,"[-23.65756288888693, 51.22819965706399, 0.0, 0.0, 0.0, 0.0, -28.28193325929786, 67.94296826596128]","[0.05393787124801481, -0.0012285671807836676, 0.0]","{""Controller Type"": ""MPC Controller"", ""weight_comfort"": 1000.0, ""weight_trajectory"": 1000.0, ""weight_goal"": 100.0, ""Q"": [[1000.0, 0.0, 0.0, 0.0], [0.0, 0.0, 0.0, 0.0], [0.0, 0.0, 1000.0, 0.0], [0.0, 0.0, 0.0, 0.0]], ""R"": [[1000.0, 0.0], [0.0, 1000.0]], ""P"": [[100.0, 0.0, 0.0, 0.0], [0.0, 10000.0, 0.0, 0.0], [0.0, 0.0, 100.0, 0.0], [0.0, 0.0, 0.0, 10000.0]]}","[-0.04598952323338826, 0.0009720747856712348, 0.0]",False
3,P01,8f99450e-b3b4-4bbf-a34f-dee9d88fdb64,4,1,haply,mpc,seeded_random,593114440,persist_session,10.0,1785312726.844107,2813.90589348,0,1785312726.8339086,807,True,careful,fixed,0.08,0.08,0.0,-0.08,0.08,0.0,-0.077720058,0.07995656000000001,0.0,-0.11118796,-0.1341028,0.25290066,-0.003927282,-0.00020040013,0.0030791236,"[-23.65735147464134, 51.227996196310116, 0.0, 0.0, 0.0, 0.0, -28.281928044733117, 67.94296667972267]","[0.0539373892357969, -0.0012285669542629752, 0.0]","{""Controller Type"": ""MPC Controller"", ""weight_comfort"": 1000.0, ""weight_trajectory"": 1000.0, ""weight_goal"": 100.0, ""Q"": [[1000.0, 0.0, 0.0, 0.0], [0.0, 0.0, 0.0, 0.0], [0.0, 0.0, 1000.0, 0.0], [0.0, 0.0, 0.0, 0.0]], ""R"": [[1000.0, 0.0], [0.0, 1000.0]], ""P"": [[100.0, 0.0, 0.0, 0.0], [0.0, 10000.0, 0.0, 0.0], [0.0, 0.0, 100.0, 0.0], [0.0, 0.0, 0.0, 10000.0]]}","[-0.045989523233388147, 0.0009720747856712521, 0.0]",False
3,P01,8f99450e-b3b4-4bbf-a34f-dee9d88fdb64,4,1,haply,mpc,seeded_random,593114440,persist_session,10.0,1785312726.8537807,2813.91557502,0,1785312726.843555,808,True,careful,fixed,0.08,0.08,0.0,-0.08,0.08,0.0,-0.07796491800000001,0.08008120000000002,0.0,-0.11121052,-0.1341226,0.25296438,-0.0036647776,-1.6291338e-05,0.0030957628,"[-23.710600453089164, 51.34836107942401, 0.0, 0.0, 0.0, 0.0, -28.4607141990993, 68.36181987265799]","[-1.2551492081487905, 0.8856046067741005, 0.0]","{""Controller Type"": ""MPC Controller"", ""weight_comfort"": 1000.0, ""weight_trajectory"": 1000.0, ""weight_goal"": 100.0, ""Q"": [[1000.0, 0.0, 0.0, 0.0], [0.0, 0.0, 0.0, 0.0], [0.0, 0.0, 1000.0, 0.0], [0.0, 0.0, 0.0, 0.0]], ""R"": [[1000.0, 0.0], [0.0, 1000.0]], ""P"": [[100.0, 0.0, 0.0, 0.0], [0.0, 10000.0, 0.0, 0.0], [0.0, 0.0, 100.0, 0.0], [0.0, 0.0, 0.0, 10000.0]]}","[0.12919384721705357, -0.08847569468025063, 0.0]",False
3,P01,8f99450e-b3b4-4bbf-a34f-dee9d88fdb64,4,1,haply,mpc,seeded_random,593114440,persist_session,10.0,1785312726.8637426,2813.925535974,0,1785312726.8538792,809,True,careful,fixed,0.08,0.08,0.0,-0.08,0.08,0.0,-0.07803259799999998,0.08020864,0.0,-0.11121052,-0.1341226,0.25296438,-0.0034862768,0.00010662572,0.0031443252,"[-23.69470877474792, 51.30557092948041, 0.0, 0.0, 0.0, 0.0, -28.11429452628864, 67.57386524857105]","[-0.2897139019408074, 0.8399817509077405, 0.0]","{""Controller Type"": ""MPC Controller"", ""weight_comfort"": 1000.0, ""weight_trajectory"": 1000.0, ""weight_goal"": 100.0, ""Q"": [[1000.0, 0.0, 0.0, 0.0], [0.0, 0.0, 0.0, 0.0], [0.0, 0.0, 1000.0, 0.0], [0.0, 0.0, 0.0, 0.0]], ""R"": [[1000.0, 0.0], [0.0, 1000.0]], ""P"": [[100.0, 0.0, 0.0, 0.0], [0.0, 10000.0, 0.0, 0.0], [0.0, 0.0, 100.0, 0.0], [0.0, 0.0, 0.0, 10000.0]]}","[0.004281434669225155, -0.08745696399060018, 0.0]",False
3,P01,8f99450e-b3b4-4bbf-a34f-dee9d88fdb64,4,1,haply,mpc,seeded_random,593114440,persist_session,10.0,1785312726.8737798,2813.935575837,0,1785312726.8635747,810,True,careful,fixed,0.08,0.08,0.0,-0.08,0.08,0.0,-0.07803259799999998,0.08020864,0.0,-0.11127837,-0.1341878,0.25299868,-0.0033749028,0.00017684672,0.0031566347,"[-23.696868273824037, 51.3076466398359, 0.0, 0.0, 0.0, 0.0, -28.087907092699872, 67.56600077569031]","[0.04662126603565845, 0.005860260935820791, 0.0]","{""Controller Type"": ""MPC Controller"", ""weight_comfort"": 1000.0, ""weight_trajectory"": 1000.0, ""weight_goal"": 100.0, ""Q"": [[1000.0, 0.0, 0.0, 0.0], [0.0, 0.0, 0.0, 0.0], [0.0, 0.0, 1000.0, 0.0], [0.0, 0.0, 0.0, 0.0]], ""R"": [[1000.0, 0.0], [0.0, 1000.0]], ""P"": [[100.0, 0.0, 0.0, 0.0], [0.0, 10000.0, 0.0, 0.0], [0.0, 0.0, 100.0, 0.0], [0.0, 0.0, 0.0, 10000.0]]}","[-0.039685148523383854, -0.004668823298170571, 0.0]",False
3,P01,8f99450e-b3b4-4bbf-a34f-dee9d88fdb64,4,1,haply,mpc,seeded_random,593114440,persist_session,10.0,1785312726.883861,2813.945650534,0,1785312726.8738105,811,True,careful,fixed,0.08,0.08,0.0,-0.08,0.08,0.0,-0.078236148,0.08027723999999997,0.0,-0.11127837,-0.1341878,0.25299868,-0.0033576586,4.8066642e-05,0.0030188728,"[-23.72614906505155, 51.37420412578535, 0.0, 0.0, 0.0, 0.0, -28.131652001232236, 67.65926954941257]","[-0.9797837841916661, 0.46125005262795654, 0.0]","{""Controller Type"": ""MPC Controller"", ""weight_comfort"": 1000.0, ""weight_trajectory"": 1000.0, ""weight_goal"": 100.0, ""Q"": [[1000.0, 0.0, 0.0, 0.0], [0.0, 0.0, 0.0, 0.0], [0.0, 0.0, 1000.0, 0.0], [0.0, 0.0, 0.0, 0.0]], ""R"": [[1000.0, 0.0], [0.0, 1000.0]], ""P"": [[100.0, 0.0, 0.0, 0.0], [0.0, 10000.0, 0.0, 0.0], [0.0, 0.0, 100.0, 0.0], [0.0, 0.0, 0.0, 10000.0]]}","[0.09779448578803075, -0.0511532565725276, 0.0]",False
3,P01,8f99450e-b3b4-4bbf-a34f-dee9d88fdb64,4,1,haply,mpc,seeded_random,593114440,persist_session,10.0,1785312726.8937814,2813.955572979,0,1785312726.883695,812,True,careful,fixed,0.08,0.08,0.0,-0.08,0.08,0.0,-0.078236148,0.08027723999999997,0.0,-0.11138265,-0.13418697,0.25296766,-0.002977626,-0.00039820172,0.0029074203,"[-23.73226568834892, 51.380079193805955, 0.0, 0.0, 0.0, 0.0, -28.11267042265826, 67.65363015907141]","[0.041860204298925535, 0.007793956747976941, 0.0]","{""Controller Type"": ""MPC Controller"", ""weight_comfort"": 1000.0, ""weight_trajectory"": 1000.0, ""weight_goal"": 100.0, ""Q"": [[1000.0, 0.0, 0.0, 0.0], [0.0, 0.0, 0.0, 0.0], [0.0, 0.0, 1000.0, 0.0], [0.0, 0.0, 0.0, 0.0]], ""R"": [[1000.0, 0.0], [0.0, 1000.0]], ""P"": [[100.0, 0.0, 0.0, 0.0], [0.0, 10000.0, 0.0, 0.0], [0.0, 0.0, 100.0, 0.0], [0.0, 0.0, 0.0, 10000.0]]}","[-0.03557925656644529, -0.006203913779571156, 0.0]",False
3,P01,8f99450e-b3b4-4bbf-a34f-dee9d88fdb64,4,1,haply,mpc,seeded_random,593114440,persist_session,10.0,1785312726.9038208,2813.96561537,0,1785312726.893896,813,True,careful,fixed,0.08,0.08,0.0,-0.08,0.08,0.0,-0.078548988,0.08021519999999999,0.0,-0.11138265,-0.13418697,0.25296766,-0.0030752276,-0.00044981577,0.0027650343,"[-23.804607418197314, 51.54021506101897, 0.0, 0.0, 0.0, 0.0, -28.14305707464927, 67.73477085413106]","[-1.5460395523745238, -0.40588129774640014, 0.0]","{""Controller Type"": ""MPC Controller"", ""weight_comfort"": 1000.0, ""weight_trajectory"": 1000.0, ""weight_goal"": 100.0, ""Q"": [[1000.0, 0.0, 0.0, 0.0], [0.0, 0.0, 0.0, 0.0], [0.0, 0.0, 1000.0, 0.0], [0.0, 0.0, 0.0, 0.0]], ""R"": [[1000.0, 0.0], [0.0, 1000.0]], ""P"": [[100.0, 0.0, 0.0, 0.0], [0.0, 10000.0, 0.0, 0.0], [0.0, 0.0, 100.0, 0.0], [0.0, 0.0, 0.0, 10000.0]]}","[0.17641056702929753, 0.03597312214588989, 0.0]",False
3,P01,8f99450e-b3b4-4bbf-a34f-dee9d88fdb64,4,1,haply,mpc,seeded_random,593114440,persist_session,10.0,1785312726.9137764,2813.975569665,0,1785312726.9038622,814,True,careful,fixed,0.08,0.08,0.0,-0.08,0.08,0.0,-0.078548988,0.08021519999999999,0.0,-0.11142794,-0.13423231,0.2529381,-0.0030556542,-0.0005305052,0.002523033,"[-23.812446054388477, 51.5477305343862, 0.0, 0.0, 0.0, 0.0, -28.1561639815904, 67.73865700314539]","[0.03455214497427037, 0.006059206488837827, 0.0]","{""Controller Type"": ""MPC Controller"", ""weight_comfort"": 1000.0, ""weight_trajectory"": 1000.0, ""weight_goal"": 100.0, ""Q"": [[1000.0, 0.0, 0.0, 0.0], [0.0, 0.0, 0.0, 0.0], [0.0, 0.0, 1000.0, 0.0], [0.0, 0.0, 0.0, 0.0]], ""R"": [[1000.0, 0.0], [0.0, 1000.0]], ""P"": [[100.0, 0.0, 0.0, 0.0], [0.0, 10000.0, 0.0, 0.0], [0.0, 0.0, 100.0, 0.0], [0.0, 0.0, 0.0, 10000.0]]}","[-0.02926883043130148, -0.0048156191226308995, 0.0]",False
3,P01,8f99450e-b3b4-4bbf-a34f-dee9d88fdb64,4,1,haply,mpc,seeded_random,593114440,persist_session,10.0,1785312726.9237952,2813.985587922,0,1785312726.9140425,815,True,careful,fixed,0.08,0.08,0.0,-0.08,0.08,0.0,-0.07868485800000001,0.08015608000000002,0.0,-0.11153218,-0.1342313,0.25290713,-0.0027938928,-0.00036596728,0.0016321228,"[-23.82584406782036, 51.5783895839763, 0.0, 0.0, 0.0, 0.0, -28.184882997565843, 67.81319351391511]","[-0.6570540486867636, -0.3894146058325446, 0.0]","{""Controller Type"": ""MPC Controller"", ""weight_comfort"": 1000.0, ""weight_trajectory"": 1000.0, ""weight_goal"": 100.0, ""Q"": [[1000.0, 0.0, 0.0, 0.0], [0.0, 0.0, 0.0, 0.0], [0.0, 0.0, 1000.0, 0.0], [0.0, 0.0, 0.0, 0.0]], ""R"": [[1000.0, 0.0], [0.0, 1000.0]], ""P"": [[100.0, 0.0, 0.0, 0.0], [0.0, 10000.0, 0.0, 0.0], [0.0, 0.0, 100.0, 0.0], [0.0, 0.0, 0.0, 10000.0]]}","[0.0629848826792084, 0.035456401717080484, 0.0]",False
3,P01,8f99450e-b3b4-4bbf-a34f-dee9d88fdb64,4,1,haply,mpc,seeded_random,593114440,persist_session,10.0,1785312726.9336653,2813.995457325,0,1785312726.923795,816,True,careful,fixed,0.08,0.08,0.0,-0.08,0.08,0.0,-0.07899757799999998,0.08009413999999998,0.0,-0.11153218,-0.1342313,0.25290713,-0.0029605762,-0.00054154557,0.0007817768,"[-23.841215111724047, 51.61208035269138, 0.0, 0.0, 0.0, 0.0, -28.11741675544165, 67.64474585698443]","[-1.6310725815212563, -0.4269772675843709, 0.0]","{""Controller Type"": ""MPC Controller"", ""weight_comfort"": 1000.0, ""weight_trajectory"": 1000.0, ""weight_goal"": 100.0, ""Q"": [[1000.0, 0.0, 0.0, 0.0], [0.0, 0.0, 0.0, 0.0], [0.0, 0.0, 1000.0, 0.0], [0.0, 0.0, 0.0, 0.0]], ""R"": [[1000.0, 0.0], [0.0, 1000.0]], ""P"": [[100.0, 0.0, 0.0, 0.0], [0.0, 10000.0, 0.0, 0.0], [0.0, 0.0, 100.0, 0.0], [0.0, 0.0, 0.0, 10000.0]]}","[0.19483985082824506, 0.04049001194086714, 0.0]",False
3,P01,8f99450e-b3b4-4bbf-a34f-dee9d88fdb64,4,1,haply,mpc,seeded_random,593114440,persist_session,10.0,1785312726.9437037,2814.005497946,0,1785312726.9341748,817,True,careful,fixed,0.08,0.08,0.0,-0.08,0.08,0.0,-0.07899757799999998,0.08009413999999998,0.0,-0.11153218,-0.1342313,0.25290713,-0.0032495284,-0.00083879865,6.523148e-05,"[-23.8467434968627, 51.617368307185615, 0.0, 0.0, 0.0, 0.0, -28.123282677909614, 67.64647756027499]","[0.0239045003096125, 0.002647525831297812, 0.0]","{""Controller Type"": ""MPC Controller"", ""weight_comfort"": 1000.0, ""weight_trajectory"": 1000.0, ""weight_goal"": 100.0, ""Q"": [[1000.0, 0.0, 0.0, 0.0], [0.0, 0.0, 0.0, 0.0], [0.0, 0.0, 1000.0, 0.0], [0.0, 0.0, 0.0, 0.0]], ""R"": [[1000.0, 0.0], [0.0, 1000.0]], ""P"": [[100.0, 0.0, 0.0, 0.0], [0.0, 10000.0, 0.0, 0.0], [0.0, 0.0, 100.0, 0.0], [0.0, 0.0, 0.0, 10000.0]]}","[-0.020220134420675873, -0.0021066095937909714, 0.0]",False
3,P01,8f99450e-b3b4-4bbf-a34f-dee9d88fdb64,4,1,haply,mpc,seeded_random,593114440,persist_session,10.0,1785312726.9537673,2814.015564363,0,1785312726.943937,818,True,careful,fixed,0.08,0.08,0.0,-0.08,0.08,0.0,-0.07899757799999998,0.08009413999999998,0.0,-0.11163662,-0.13423033,0.25287598,-0.003250262,-0.00081656594,-0.0003049773,"[-23.846700168088397, 51.617326862788914, 0.0, 0.0, 0.0, 0.0, -28.123257058460926, 67.64646999705133]","[0.023904456875895905, 0.002647523419482912, 0.0]","{""Controller Type"": ""MPC Controller"", ""weight_comfort"": 1000.0, ""weight_trajectory"": 1000.0, ""weight_goal"": 100.0, ""Q"": [[1000.0, 0.0, 0.0, 0.0], [0.0, 0.0, 0.0, 0.0], [0.0, 0.0, 1000.0, 0.0], [0.0, 0.0, 0.0, 0.0]], ""R"": [[1000.0, 0.0], [0.0, 1000.0]], ""P"": [[100.0, 0.0, 0.0, 0.0], [0.0, 10000.0, 0.0, 0.0], [0.0, 0.0, 100.0, 0.0], [0.0, 0.0, 0.0, 10000.0]]}","[-0.020220134420675905, -0.0021066095937908895, 0.0]",False
3,P01,8f99450e-b3b4-4bbf-a34f-dee9d88fdb64,4,1,haply,mpc,seeded_random,593114440,persist_session,10.0,1785312726.9640696,2814.02586374,0,1785312726.9538603,819,True,careful,fixed,0.08,0.08,0.0,-0.08,0.08,0.0,-0.07931089800000002,0.08003184000000002,0.0,-0.11163662,-0.13423033,0.25287598,-0.0034331346,-0.0009500555,-0.0006762904,"[-23.930516710543206, 51.79999375437894, 0.0, 0.0, 0.0, 0.0, -28.16245177158652, 67.74143035975108]","[-1.6190646828027173, -0.4243978437012389, 0.0]","{""Controller Type"": ""MPC Controller"", ""weight_comfort"": 1000.0, ""weight_trajectory"": 1000.0, ""weight_goal"": 100.0, ""Q"": [[1000.0, 0.0, 0.0, 0.0], [0.0, 0.0, 0.0, 0.0], [0.0, 0.0, 1000.0, 0.0], [0.0, 0.0, 0.0, 0.0]], ""R"": [[1000.0, 0.0], [0.0, 1000.0]], ""P"": [[100.0, 0.0, 0.0, 0.0], [0.0, 10000.0, 0.0, 0.0], [0.0, 0.0, 100.0, 0.0], [0.0, 0.0, 0.0, 10000.0]]}","[0.19786584000713056, 0.04139465706674497, 0.0]",False
3,P01,8f99450e-b3b4-4bbf-a34f-dee9d88fdb64,4,1,haply,mpc,seeded_random,593114440,persist_session,10.0,1785312726.9739435,2814.035717006,0,1785312726.9641387,820,True,careful,fixed,0.08,0.08,0.0,-0.08,0.08,0.0,-0.07931089800000002,0.08003184000000002,0.0,-0.11163662,-0.13423033,0.25287598,-0.0034331346,-0.0009500555,-0.0006762904,"[-23.934356145741585, 51.80365879573816, 0.0, 0.0, 0.0, 0.0, -28.164467365229264, 67.74202392520598]","[0.016493212688742414, 0.000896756640909437, 0.0]","{""Controller Type"": ""MPC Controller"", ""weight_comfort"": 1000.0, ""weight_trajectory"": 1000.0, ""weight_goal"": 100.0, ""Q"": [[1000.0, 0.0, 0.0, 0.0], [0.0, 0.0, 0.0, 0.0], [0.0, 0.0, 1000.0, 0.0], [0.0, 0.0, 0.0, 0.0]], ""R"": [[1000.0, 0.0], [0.0, 1000.0]], ""P"": [[100.0, 0.0, 0.0, 0.0], [0.0, 10000.0, 0.0, 0.0], [0.0, 0.0, 100.0, 0.0], [0.0, 0.0, 0.0, 10000.0]]}","[-0.013900026005308702, -0.0007124968096623335, 0.0]",False
3,P01,8f99450e-b3b4-4bbf-a34f-dee9d88fdb64,4,1,haply,mpc,seeded_random,593114440,persist_session,10.0,1785312726.9842038,2814.045983955,0,1785312726.9742477,821,True,careful,fixed,0.08,0.08,0.0,-0.08,0.08,0.0,-0.07931089800000002,0.08003184000000002,0.0,-0.111681804,-0.13427551,0.25284636,-0.0036094484,-0.0010642359,-0.0011074045,"[-23.934335316211108, 51.80363891232126, 0.0, 0.0, 0.0, 0.0, -28.164464386814103, 67.74202304810242]","[0.0164931983350713, 0.0008967565460766983, 0.0]","{""Controller Type"": ""MPC Controller"", ""weight_comfort"": 1000.0, ""weight_trajectory"": 1000.0, ""weight_goal"": 100.0, ""Q"": [[1000.0, 0.0, 0.0, 0.0], [0.0, 0.0, 0.0, 0.0], [0.0, 0.0, 1000.0, 0.0], [0.0, 0.0, 0.0, 0.0]], ""R"": [[1000.0, 0.0], [0.0, 1000.0]], ""P"": [[100.0, 0.0, 0.0, 0.0], [0.0, 10000.0, 0.0, 0.0], [0.0, 0.0, 100.0, 0.0], [0.0, 0.0, 0.0, 10000.0]]}","[-0.013900026005308697, -0.0007124968096622918, 0.0]",False
3,P01,8f99450e-b3b4-4bbf-a34f-dee9d88fdb64,4,1,haply,mpc,seeded_random,593114440,persist_session,10.0,1785312726.9944155,2814.056086467,0,1785312726.9841094,822,True,careful,fixed,0.08,0.08,0.0,-0.08,0.08,0.0,-0.07944644999999999,0.0799726,0.0,-0.111831434,-0.13431966,0.2527855,-0.0036703553,-0.0011048887,-0.001241893,"[-23.95041202327349, 51.839073251995785, 0.0, 0.0, 0.0, 0.0, -28.202298278369263, 67.83109271553033]","[-0.6992851760868747, -0.4082390824600712, 0.0]","{""Controller Type"": ""MPC Controller"", ""weight_comfort"": 1000.0, ""weight_trajectory"": 1000.0, ""weight_goal"": 100.0, ""Q"": [[1000.0, 0.0, 0.0, 0.0], [0.0, 0.0, 0.0, 0.0], [0.0, 0.0, 1000.0, 0.0], [0.0, 0.0, 0.0, 0.0]], ""R"": [[1000.0, 0.0], [0.0, 1000.0]], ""P"": [[100.0, 0.0, 0.0, 0.0], [0.0, 10000.0, 0.0, 0.0], [0.0, 0.0, 100.0, 0.0], [0.0, 0.0, 0.0, 10000.0]]}","[0.0810222197587079, 0.040901851939521824, 0.0]",False
3,P01,8f99450e-b3b4-4bbf-a34f-dee9d88fdb64,4,1,haply,mpc,seeded_random,593114440,persist_session,10.0,1785312727.0037105,2814.065507285,0,1785312726.9941404,823,True,careful,fixed,0.08,0.08,0.0,-0.08,0.08,0.0,-0.07944644999999999,0.0799726,0.0,-0.11187677,-0.13436495,0.25275576,-0.0038309833,-0.0012094658,-0.0014009988,"[-23.951802176822667, 51.840399757238195, 0.0, 0.0, 0.0, 0.0, -28.200567765760365, 67.83058430573148]","[0.013258520094980518, -0.0007726955567817458, 0.0]","{""Controller Type"": ""MPC Controller"", ""weight_comfort"": 1000.0, ""weight_trajectory"": 1000.0, ""weight_goal"": 100.0, ""Q"": [[1000.0, 0.0, 0.0, 0.0], [0.0, 0.0, 0.0, 0.0], [0.0, 0.0, 1000.0, 0.0], [0.0, 0.0, 0.0, 0.0]], ""R"": [[1000.0, 0.0], [0.0, 1000.0]], ""P"": [[100.0, 0.0, 0.0, 0.0], [0.0, 10000.0, 0.0, 0.0], [0.0, 0.0, 100.0, 0.0], [0.0, 0.0, 0.0, 10000.0]]}","[-0.011165750070419155, 0.0006131410929356427, 0.0]",False
3,P01,8f99450e-b3b4-4bbf-a34f-dee9d88fdb64,4,1,haply,mpc,seeded_random,593114440,persist_session,10.0,1785312727.0137641,2814.075563972,0,1785312727.0044627,824,True,careful,fixed,0.08,0.08,0.0,-0.08,0.08,0.0,-0.080031348,0.07979140000000001,0.0,-0.111981146,-0.13436376,0.25272453,-0.004041176,-0.0013068379,-0.0015514949,"[-24.205399181127817, 52.38579480574943, 0.0, 0.0, 0.0, 0.0, -28.48038949472397, 68.47553852781333]","[-2.9691137590702397, -1.2079724031061383, 0.0]","{""Controller Type"": ""MPC Controller"", ""weight_comfort"": 1000.0, ""weight_trajectory"": 1000.0, ""weight_goal"": 100.0, ""Q"": [[1000.0, 0.0, 0.0, 0.0], [0.0, 0.0, 0.0, 0.0], [0.0, 0.0, 1000.0, 0.0], [0.0, 0.0, 0.0, 0.0]], ""R"": [[1000.0, 0.0], [0.0, 1000.0]], ""P"": [[100.0, 0.0, 0.0, 0.0], [0.0, 10000.0, 0.0, 0.0], [0.0, 0.0, 100.0, 0.0], [0.0, 0.0, 0.0, 10000.0]]}","[0.38073574160046547, 0.12240163032894014, 0.0]",False
3,P01,8f99450e-b3b4-4bbf-a34f-dee9d88fdb64,4,1,haply,mpc,seeded_random,593114440,persist_session,10.0,1785312727.023776,2814.085569938,0,1785312727.0137143,825,True,careful,fixed,0.08,0.08,0.0,-0.08,0.08,0.0,-0.08034447600000001,0.07972894000000003,0.0,-0.11202648,-0.13440903,0.2526947,-0.004295893,-0.0014383899,-0.0017154783,"[-23.950468700688255, 51.84061297853278, 0.0, 0.0, 0.0, 0.0, -28.097112280539434, 67.65877060754636]","[-1.7628395175571328, -0.4643985386648491, 0.0]","{""Controller Type"": ""MPC Controller"", ""weight_comfort"": 1000.0, ""weight_trajectory"": 1000.0, ""weight_goal"": 100.0, ""Q"": [[1000.0, 0.0, 0.0, 0.0], [0.0, 0.0, 0.0, 0.0], [0.0, 0.0, 1000.0, 0.0], [0.0, 0.0, 0.0, 0.0]], ""R"": [[1000.0, 0.0], [0.0, 1000.0]], ""P"": [[100.0, 0.0, 0.0, 0.0], [0.0, 10000.0, 0.0, 0.0], [0.0, 0.0, 100.0, 0.0], [0.0, 0.0, 0.0, 10000.0]]}","[0.23470843037828518, 0.05134556058678683, 0.0]",False
3,P01,8f99450e-b3b4-4bbf-a34f-dee9d88fdb64,4,1,haply,mpc,seeded_random,593114440,persist_session,10.0,1785312727.0337722,2814.095558147,0,1785312727.0237536,826,True,careful,fixed,0.08,0.08,0.0,-0.08,0.08,0.0,-0.080480478,0.07966928000000001,0.0,-0.11207172,-0.13445419,0.25266492,-0.004552443,-0.0016056944,-0.0018822302,"[-23.882722726280246, 51.69781874984951, 0.0, 0.0, 0.0, 0.0, -27.990727930735883, 67.44094524245881]","[-0.7118213686267628, -0.41003353798611614, 0.0]","{""Controller Type"": ""MPC Controller"", ""weight_comfort"": 1000.0, ""weight_trajectory"": 1000.0, ""weight_goal"": 100.0, ""Q"": [[1000.0, 0.0, 0.0, 0.0], [0.0, 0.0, 0.0, 0.0], [0.0, 0.0, 1000.0, 0.0], [0.0, 0.0, 0.0, 0.0]], ""R"": [[1000.0, 0.0], [0.0, 1000.0]], ""P"": [[100.0, 0.0, 0.0, 0.0], [0.0, 10000.0, 0.0, 0.0], [0.0, 0.0, 100.0, 0.0], [0.0, 0.0, 0.0, 10000.0]]}","[0.10160940643922305, 0.04725714195608497, 0.0]",False
3,P01,8f99450e-b3b4-4bbf-a34f-dee9d88fdb64,4,1,haply,mpc,seeded_random,593114440,persist_session,10.0,1785312727.0437477,2814.105541651,0,1785312727.0335302,827,True,careful,fixed,0.08,0.08,0.0,-0.08,0.08,0.0,-0.080616198,0.07960972000000005,0.0,-0.11217617,-0.1344529,0.25263354,-0.0048302324,-0.0018194609,-0.0020643375,"[-23.864770227323305, 51.66016685784399, 0.0, 0.0, 0.0, 0.0, -27.89818946108265, 67.25538577090784]","[-0.7318589740558578, -0.4206147946197965, 0.0]","{""Controller Type"": ""MPC Controller"", ""weight_comfort"": 1000.0, ""weight_trajectory"": 1000.0, ""weight_goal"": 100.0, ""Q"": [[1000.0, 0.0, 0.0, 0.0], [0.0, 0.0, 0.0, 0.0], [0.0, 0.0, 1000.0, 0.0], [0.0, 0.0, 0.0, 0.0]], ""R"": [[1000.0, 0.0], [0.0, 1000.0]], ""P"": [[100.0, 0.0, 0.0, 0.0], [0.0, 10000.0, 0.0, 0.0], [0.0, 0.0, 100.0, 0.0], [0.0, 0.0, 0.0, 10000.0]]}","[0.10689472929360641, 0.049592447014465815, 0.0]",False
3,P01,8f99450e-b3b4-4bbf-a34f-dee9d88fdb64,4,1,haply,mpc,seeded_random,593114440,persist_session,10.0,1785312727.0537982,2814.115594869,0,1785312727.044135,828,True,careful,fixed,0.08,0.08,0.0,-0.08,0.08,0.0,-0.08092954800000002,0.07954696,0.0,-0.11222143,-0.13449804,0.2526037,-0.005075554,-0.0019546363,-0.0022030687,"[-23.860906366530585, 51.652004166101534, 0.0, 0.0, 0.0, 0.0, -27.800145222742792, 67.06460774540503]","[-1.5483818019711888, -0.409485759547156, 0.0]","{""Controller Type"": ""MPC Controller"", ""weight_comfort"": 1000.0, ""weight_trajectory"": 1000.0, ""weight_goal"": 100.0, ""Q"": [[1000.0, 0.0, 0.0, 0.0], [0.0, 0.0, 0.0, 0.0], [0.0, 0.0, 1000.0, 0.0], [0.0, 0.0, 0.0, 0.0]], ""R"": [[1000.0, 0.0], [0.0, 1000.0]], ""P"": [[100.0, 0.0, 0.0, 0.0], [0.0, 10000.0, 0.0, 0.0], [0.0, 0.0, 100.0, 0.0], [0.0, 0.0, 0.0, 10000.0]]}","[0.2189742383099926, 0.04982945385431239, 0.0]",False
3,P01,8f99450e-b3b4-4bbf-a34f-dee9d88fdb64,4,1,haply,mpc,seeded_random,593114440,persist_session,10.0,1785312727.0636625,2814.125456189,0,1785312727.053604,829,True,careful,fixed,0.08,0.08,0.0,-0.08,0.08,0.0,-0.08106532799999999,0.07948728,0.0,-0.11222143,-0.13449804,0.2526037,-0.0053284727,-0.002075573,-0.0023349994,"[-23.79560675118549, 51.51727068410764, 0.0, 0.0, 0.0, 0.0, -27.701775812933324, 66.87533986706244]","[-0.7640941636947344, -0.4357057540185821, 0.0]","{""Controller Type"": ""MPC Controller"", ""weight_comfort"": 1000.0, ""weight_trajectory"": 1000.0, ""weight_goal"": 100.0, ""Q"": [[1000.0, 0.0, 0.0, 0.0], [0.0, 0.0, 0.0, 0.0], [0.0, 0.0, 1000.0, 0.0], [0.0, 0.0, 0.0, 0.0]], ""R"": [[1000.0, 0.0], [0.0, 1000.0]], ""P"": [[100.0, 0.0, 0.0, 0.0], [0.0, 10000.0, 0.0, 0.0], [0.0, 0.0, 100.0, 0.0], [0.0, 0.0, 0.0, 10000.0]]}","[0.12001414960142151, 0.05374552229862356, 0.0]",False
3,P01,8f99450e-b3b4-4bbf-a34f-dee9d88fdb64,4,1,haply,mpc,seeded_random,593114440,persist_session,10.0,1785312727.0738142,2814.135613185,0,1785312727.0639625,830,True,careful,fixed,0.08,0.08,0.0,-0.08,0.08,0.0,-0.08106532799999999,0.07948728,0.0,-0.112280615,-0.13445145,0.2526022,-0.005619784,-0.0022724778,-0.002502342,"[-23.792756885892867, 51.51458508719472, 0.0, 0.0, 0.0, 0.0, -27.66714030859173, 66.86552205302043]","[-0.025347090107734248, -0.014185496179021378, 0.0]","{""Controller Type"": ""MPC Controller"", ""weight_comfort"": 1000.0, ""weight_trajectory"": 1000.0, ""weight_goal"": 100.0, ""Q"": [[1000.0, 0.0, 0.0, 0.0], [0.0, 0.0, 0.0, 0.0], [0.0, 0.0, 1000.0, 0.0], [0.0, 0.0, 0.0, 0.0]], ""R"": [[1000.0, 0.0], [0.0, 1000.0]], ""P"": [[100.0, 0.0, 0.0, 0.0], [0.0, 10000.0, 0.0, 0.0], [0.0, 0.0, 100.0, 0.0], [0.0, 0.0, 0.0, 10000.0]]}","[0.023839283861363064, 0.011473346813541705, 0.0]",False
3,P01,8f99450e-b3b4-4bbf-a34f-dee9d88fdb64,4,1,haply,mpc,seeded_random,593114440,persist_session,10.0,1785312727.083692,2814.145473064,0,1785312727.0735595,831,True,careful,fixed,0.08,0.08,0.0,-0.08,0.08,0.0,-0.081242883,0.07948428000000002,0.0,-0.112280615,-0.13445145,0.2526022,-0.0059328484,-0.002524865,-0.0026939334,"[-23.82637663561692, 51.58421872037577, 0.0, 0.0, 0.0, 0.0, -27.666969104213596, 66.86542051998583]","[-0.9839716113199317, -0.03517024773434382, 0.0]","{""Controller Type"": ""MPC Controller"", ""weight_comfort"": 1000.0, ""weight_trajectory"": 1000.0, ""weight_goal"": 100.0, ""Q"": [[1000.0, 0.0, 0.0, 0.0], [0.0, 0.0, 0.0, 0.0], [0.0, 0.0, 1000.0, 0.0], [0.0, 0.0, 0.0, 0.0]], ""R"": [[1000.0, 0.0], [0.0, 1000.0]], ""P"": [[100.0, 0.0, 0.0, 0.0], [0.0, 10000.0, 0.0, 0.0], [0.0, 0.0, 100.0, 0.0], [0.0, 0.0, 0.0, 10000.0]]}","[0.15189628232526148, 0.01363702001558184, 0.0]",False
3,P01,8f99450e-b3b4-4bbf-a34f-dee9d88fdb64,4,1,haply,mpc,seeded_random,593114440,persist_session,10.0,1785312727.0937967,2814.155587574,0,1785312727.0838845,832,True,careful,fixed,0.08,0.08,0.0,-0.08,0.08,0.0,-0.081242883,0.07948428000000002,0.0,-0.112280615,-0.13445145,0.2526022,-0.005480462,-0.0020326492,-0.002385118,"[-23.82204014811187, 51.58013544576495, 0.0, 0.0, 0.0, 0.0, -27.664451923742753, 66.86470702857184]","[-0.02960800872540573, -0.014267111146112154, 0.0]","{""Controller Type"": ""MPC Controller"", ""weight_comfort"": 1000.0, ""weight_trajectory"": 1000.0, ""weight_goal"": 100.0, ""Q"": [[1000.0, 0.0, 0.0, 0.0], [0.0, 0.0, 0.0, 0.0], [0.0, 0.0, 1000.0, 0.0], [0.0, 0.0, 0.0, 0.0]], ""R"": [[1000.0, 0.0], [0.0, 1000.0]], ""P"": [[100.0, 0.0, 0.0, 0.0], [0.0, 10000.0, 0.0, 0.0], [0.0, 0.0, 100.0, 0.0], [0.0, 0.0, 0.0, 10000.0]]}","[0.027812505296137626, 0.01154047905033701, 0.0]",False
3,P01,8f99450e-b3b4-4bbf-a34f-dee9d88fdb64,4,1,haply,mpc,seeded_random,593114440,persist_session,10.0,1785312727.103697,2814.165490583,0,1785312727.0936189,833,True,careful,fixed,0.08,0.08,0.0,-0.08,0.08,0.0,-0.081242883,0.07948428000000002,0.0,-0.112280615,-0.13445145,0.2526022,-0.004473797,-0.0009980829,-0.0017130738,"[-23.821969304969716, 51.5800687392419, 0.0, 0.0, 0.0, 0.0, -27.663641664587317, 66.8644773617056]","[-0.02960792067566868, -0.014266693279260513, 0.0]","{""Controller Type"": ""MPC Controller"", ""weight_comfort"": 1000.0, ""weight_trajectory"": 1000.0, ""weight_goal"": 100.0, ""Q"": [[1000.0, 0.0, 0.0, 0.0], [0.0, 0.0, 0.0, 0.0], [0.0, 0.0, 1000.0, 0.0], [0.0, 0.0, 0.0, 0.0]], ""R"": [[1000.0, 0.0], [0.0, 1000.0]], ""P"": [[100.0, 0.0, 0.0, 0.0], [0.0, 10000.0, 0.0, 0.0], [0.0, 0.0, 100.0, 0.0], [0.0, 0.0, 0.0, 10000.0]]}","[0.02781250529613767, 0.01154047905033704, 0.0]",False
3,P01,8f99450e-b3b4-4bbf-a34f-dee9d88fdb64,4,1,haply,mpc,seeded_random,593114440,persist_session,10.0,1785312727.11372,2814.175522574,0,1785312727.104035,834,True,careful,fixed,0.08,0.08,0.0,-0.08,0.08,0.0,-0.081242883,0.07948428000000002,0.0,-0.112280615,-0.13445145,0.2526022,-0.0037530095,-0.00029559268,-0.001245422,"[-23.821898106256405, 51.580001697909935, 0.0, 0.0, 0.0, 0.0, -27.662827381597854, 66.86424655428901]","[-0.029607832183998286, -0.014266273337237186, 0.0]","{""Controller Type"": ""MPC Controller"", ""weight_comfort"": 1000.0, ""weight_trajectory"": 1000.0, ""weight_goal"": 100.0, ""Q"": [[1000.0, 0.0, 0.0, 0.0], [0.0, 0.0, 0.0, 0.0], [0.0, 0.0, 1000.0, 0.0], [0.0, 0.0, 0.0, 0.0]], ""R"": [[1000.0, 0.0], [0.0, 1000.0]], ""P"": [[100.0, 0.0, 0.0, 0.0], [0.0, 10000.0, 0.0, 0.0], [0.0, 0.0, 100.0, 0.0], [0.0, 0.0, 0.0, 10000.0]]}","[0.027812505296137716, 0.011540479050337072, 0.0]",False
3,P01,8f99450e-b3b4-4bbf-a34f-dee9d88fdb64,4,1,haply,mpc,seeded_random,593114440,persist_session,10.0,1785312727.1238778,2814.185658254,0,1785312727.113483,835,True,careful,fixed,0.08,0.08,0.0,-0.08,0.08,0.0,-0.081242883,0.07948428000000002,0.0,-0.112280615,-0.13445145,0.2526022,-0.0027032066,-0.00020209744,-0.000893224,"[-23.821826550189424, 51.57993432009062, 0.0, 0.0, 0.0, 0.0, -27.66200905503164, 66.86401460072605]","[-0.029607743248179087, -0.014265851309860458, 0.0]","{""Controller Type"": ""MPC Controller"", ""weight_comfort"": 1000.0, ""weight_trajectory"": 1000.0, ""weight_goal"": 100.0, ""Q"": [[1000.0, 0.0, 0.0, 0.0], [0.0, 0.0, 0.0, 0.0], [0.0, 0.0, 1000.0, 0.0], [0.0, 0.0, 0.0, 0.0]], ""R"": [[1000.0, 0.0], [0.0, 1000.0]], ""P"": [[100.0, 0.0, 0.0, 0.0], [0.0, 10000.0, 0.0, 0.0], [0.0, 0.0, 100.0, 0.0], [0.0, 0.0, 0.0, 10000.0]]}","[0.027812505296137675, 0.011540479050337072, 0.0]",False
3,P01,8f99450e-b3b4-4bbf-a34f-dee9d88fdb64,4,1,haply,mpc,seeded_random,593114440,persist_session,10.0,1785312727.133683,2814.195474659,0,1785312727.1240103,836,True,careful,fixed,0.08,0.08,0.0,-0.08,0.08,0.0,-0.081242883,0.07948428000000002,0.0,-0.112280615,-0.13445145,0.2526022,-0.0019501133,-0.00014579455,-0.0006443783,"[-23.82175463497734, 51.57986660409714, 0.0, 0.0, 0.0, 0.0, -27.66118666505149, 66.86378149539388]","[-0.029607653865984542, -0.014265427186899896, 0.0]","{""Controller Type"": ""MPC Controller"", ""weight_comfort"": 1000.0, ""weight_trajectory"": 1000.0, ""weight_goal"": 100.0, ""Q"": [[1000.0, 0.0, 0.0, 0.0], [0.0, 0.0, 0.0, 0.0], [0.0, 0.0, 1000.0, 0.0], [0.0, 0.0, 0.0, 0.0]], ""R"": [[1000.0, 0.0], [0.0, 1000.0]], ""P"": [[100.0, 0.0, 0.0, 0.0], [0.0, 10000.0, 0.0, 0.0], [0.0, 0.0, 100.0, 0.0], [0.0, 0.0, 0.0, 10000.0]]}","[0.027812505296137626, 0.011540479050337074, 0.0]",False
3,P01,8f99450e-b3b4-4bbf-a34f-dee9d88fdb64,4,1,haply,mpc,seeded_random,593114440,persist_session,10.0,1785312727.1439033,2814.205699731,0,1785312727.134007,837,True,careful,fixed,0.08,0.08,0.0,-0.08,0.08,0.0,-0.081242883,0.07948428000000002,0.0,-0.112280615,-0.13445145,0.2526022,-0.0014071624,-0.00010520238,-0.00046497042,"[-23.821682358819764, 51.57979854823422, 0.0, 0.0, 0.0, 0.0, -27.66036019172532, 66.86354723264279]","[-0.02960756403517699, -0.014265000958076124, 0.0]","{""Controller Type"": ""MPC Controller"", ""weight_comfort"": 1000.0, ""weight_trajectory"": 1000.0, ""weight_goal"": 100.0, ""Q"": [[1000.0, 0.0, 0.0, 0.0], [0.0, 0.0, 0.0, 0.0], [0.0, 0.0, 1000.0, 0.0], [0.0, 0.0, 0.0, 0.0]], ""R"": [[1000.0, 0.0], [0.0, 1000.0]], ""P"": [[100.0, 0.0, 0.0, 0.0], [0.0, 10000.0, 0.0, 0.0], [0.0, 0.0, 100.0, 0.0], [0.0, 0.0, 0.0, 10000.0]]}","[0.02781250529613767, 0.011540479050337074, 0.0]",False
3,P01,8f99450e-b3b4-4bbf-a34f-dee9d88fdb64,4,1,haply,mpc,seeded_random,593114440,persist_session,10.0,1785312727.1538827,2814.215676412,0,1785312727.1439102,838,True,careful,fixed,0.08,0.08,0.0,-0.08,0.08,0.0,-0.081242883,0.07948428000000002,0.0,-0.112280615,-0.13445145,0.2526022,-0.0010127259,-7.571349e-05,-0.00033463628,"[-23.821609719907304, 51.57973015079813, 0.0, 0.0, 0.0, 0.0, -27.659529615025736, 66.86331180679602]","[-0.029607473753507554, -0.014264572613060614, 0.0]","{""Controller Type"": ""MPC Controller"", ""weight_comfort"": 1000.0, ""weight_trajectory"": 1000.0, ""weight_goal"": 100.0, ""Q"": [[1000.0, 0.0, 0.0, 0.0], [0.0, 0.0, 0.0, 0.0], [0.0, 0.0, 1000.0, 0.0], [0.0, 0.0, 0.0, 0.0]], ""R"": [[1000.0, 0.0], [0.0, 1000.0]], ""P"": [[100.0, 0.0, 0.0, 0.0], [0.0, 10000.0, 0.0, 0.0], [0.0, 0.0, 100.0, 0.0], [0.0, 0.0, 0.0, 10000.0]]}","[0.02781250529613763, 0.011540479050337072, 0.0]",False
3,P01,8f99450e-b3b4-4bbf-a34f-dee9d88fdb64,4,1,haply,mpc,seeded_random,593114440,persist_session,10.0,1785312727.1639647,2814.225746472,0,1785312727.154,839,True,careful,fixed,0.08,0.08,0.0,-0.08,0.08,0.0,-0.081242883,0.07948428000000002,0.0,-0.112280615,-0.13445145,0.2526022,-0.00072424795,-5.4146298e-05,-0.00023931425,"[-23.82153671642152, 51.579661410076596, 0.0, 0.0, 0.0, 0.0, -27.65869491482959, 66.86307521214971]","[-0.02960738301871613, -0.014264142141475457, 0.0]","{""Controller Type"": ""MPC Controller"", ""weight_comfort"": 1000.0, ""weight_trajectory"": 1000.0, ""weight_goal"": 100.0, ""Q"": [[1000.0, 0.0, 0.0, 0.0], [0.0, 0.0, 0.0, 0.0], [0.0, 0.0, 1000.0, 0.0], [0.0, 0.0, 0.0, 0.0]], ""R"": [[1000.0, 0.0], [0.0, 1000.0]], ""P"": [[100.0, 0.0, 0.0, 0.0], [0.0, 10000.0, 0.0, 0.0], [0.0, 0.0, 100.0, 0.0], [0.0, 0.0, 0.0, 10000.0]]}","[0.02781250529613767, 0.011540479050337072, 0.0]",False
3,P01,8f99450e-b3b4-4bbf-a34f-dee9d88fdb64,4,1,haply,mpc,seeded_random,593114440,persist_session,10.0,1785312727.1737947,2814.235586366,0,1785312727.163629,840,True,careful,fixed,0.08,0.08,0.0,-0.08,0.08,0.0,-0.081242883,0.07948428000000002,0.0,-0.112280615,-0.13445145,0.2526022,-0.0005185277,-3.876622e-05,-0.00017133786,"[-23.821463346534877, 51.57959232434881, 0.0, 0.0, 0.0, 0.0, -27.657856070917546, 66.8628374429727]","[-0.02960729182853131, -0.014263709532893139, 0.0]","{""Controller Type"": ""MPC Controller"", ""weight_comfort"": 1000.0, ""weight_trajectory"": 1000.0, ""weight_goal"": 100.0, ""Q"": [[1000.0, 0.0, 0.0, 0.0], [0.0, 0.0, 0.0, 0.0], [0.0, 0.0, 1000.0, 0.0], [0.0, 0.0, 0.0, 0.0]], ""R"": [[1000.0, 0.0], [0.0, 1000.0]], ""P"": [[100.0, 0.0, 0.0, 0.0], [0.0, 10000.0, 0.0, 0.0], [0.0, 0.0, 100.0, 0.0], [0.0, 0.0, 0.0, 10000.0]]}","[0.027812505296137716, 0.011540479050337072, 0.0]",False
3,P01,8f99450e-b3b4-4bbf-a34f-dee9d88fdb64,4,1,haply,mpc,seeded_random,593114440,persist_session,10.0,1785312727.1839492,2814.245736876,0,1785312727.1741052,841,True,careful,fixed,0.08,0.08,0.0,-0.08,0.08,0.0,-0.081242883,0.07948428000000002,0.0,-0.112280615,-0.13445145,0.2526022,-0.0003744936,-2.7997925e-05,-0.00012374445,"[-23.8213896084107, 51.57952289188534, 0.0, 0.0, 0.0, 0.0, -27.657013062973657, 66.86259849350648]","[-0.029607200180670323, -0.014263274776836315, 0.0]","{""Controller Type"": ""MPC Controller"", ""weight_comfort"": 1000.0, ""weight_trajectory"": 1000.0, ""weight_goal"": 100.0, ""Q"": [[1000.0, 0.0, 0.0, 0.0], [0.0, 0.0, 0.0, 0.0], [0.0, 0.0, 1000.0, 0.0], [0.0, 0.0, 0.0, 0.0]], ""R"": [[1000.0, 0.0], [0.0, 1000.0]], ""P"": [[100.0, 0.0, 0.0, 0.0], [0.0, 10000.0, 0.0, 0.0], [0.0, 0.0, 100.0, 0.0], [0.0, 0.0, 0.0, 10000.0]]}","[0.027812505296137675, 0.011540479050337072, 0.0]",False
3,P01,8f99450e-b3b4-4bbf-a34f-dee9d88fdb64,4,1,haply,mpc,seeded_random,593114440,persist_session,10.0,1785312727.1937706,2814.25556529,0,1785312727.1841035,842,True,careful,fixed,0.08,0.08,0.0,-0.08,0.08,0.0,-0.081242883,0.07948428000000002,0.0,-0.112280615,-0.13445145,0.2526022,-0.00026910126,-2.0118572e-05,-8.89195e-05,"[-23.821315500203138, 51.57945311094811, 0.0, 0.0, 0.0, 0.0, -27.656165870584914, 66.86235835796501]","[-0.02960710807283898, -0.014262837862777593, 0.0]","{""Controller Type"": ""MPC Controller"", ""weight_comfort"": 1000.0, ""weight_trajectory"": 1000.0, ""weight_goal"": 100.0, ""Q"": [[1000.0, 0.0, 0.0, 0.0], [0.0, 0.0, 0.0, 0.0], [0.0, 0.0, 1000.0, 0.0], [0.0, 0.0, 0.0, 0.0]], ""R"": [[1000.0, 0.0], [0.0, 1000.0]], ""P"": [[100.0, 0.0, 0.0, 0.0], [0.0, 10000.0, 0.0, 0.0], [0.0, 0.0, 100.0, 0.0], [0.0, 0.0, 0.0, 10000.0]]}","[0.027812505296137626, 0.011540479050337072, 0.0]",False
3,P01,8f99450e-b3b4-4bbf-a34f-dee9d88fdb64,4,1,haply,mpc,seeded_random,593114440,persist_session,10.0,1785312727.203805,2814.265594646,0,1785312727.193802,843,True,careful,fixed,0.08,0.08,0.0,-0.08,0.08,0.0,-0.081242883,0.07948428000000002,0.0,-0.112325944,-0.13449666,0.25257224,-0.00025955957,-8.0648e-05,-0.00010769696,"[-23.821241020057105, 51.57938297979035, 0.0, 0.0, 0.0, 0.0, -27.65531447324082, 66.8621170305346]","[-0.029607015502731638, -0.014262398780139298, 0.0]","{""Controller Type"": ""MPC Controller"", ""weight_comfort"": 1000.0, ""weight_trajectory"": 1000.0, ""weight_goal"": 100.0, ""Q"": [[1000.0, 0.0, 0.0, 0.0], [0.0, 0.0, 0.0, 0.0], [0.0, 0.0, 1000.0, 0.0], [0.0, 0.0, 0.0, 0.0]], ""R"": [[1000.0, 0.0], [0.0, 1000.0]], ""P"": [[100.0, 0.0, 0.0, 0.0], [0.0, 10000.0, 0.0, 0.0], [0.0, 0.0, 100.0, 0.0], [0.0, 0.0, 0.0, 10000.0]]}","[0.02781250529613767, 0.011540479050337072, 0.0]",False
3,P01,8f99450e-b3b4-4bbf-a34f-dee9d88fdb64,4,1,haply,mpc,seeded_random,593114440,persist_session,10.0,1785312727.2136827,2814.275477903,0,1785312727.203897,844,True,careful,fixed,0.08,0.08,0.0,-0.08,0.08,0.0,-0.08137886999999999,0.07942436000000003,0.0,-0.112325944,-0.13449666,0.25257224,-0.00027734615,-0.00014853853,-0.00013740886,"[-23.838584451505252, 51.614645406655704, 0.0, 0.0, 0.0, 0.0, -27.7011961433971, 66.94733510137507]","[-0.7281653544977716, -0.41332398334535264, 0.0]","{""Controller Type"": ""MPC Controller"", ""weight_comfort"": 1000.0, ""weight_trajectory"": 1000.0, ""weight_goal"": 100.0, ""Q"": [[1000.0, 0.0, 0.0, 0.0], [0.0, 0.0, 0.0, 0.0], [0.0, 0.0, 1000.0, 0.0], [0.0, 0.0, 0.0, 0.0]], ""R"": [[1000.0, 0.0], [0.0, 1000.0]], ""P"": [[100.0, 0.0, 0.0, 0.0], [0.0, 10000.0, 0.0, 0.0], [0.0, 0.0, 100.0, 0.0], [0.0, 0.0, 0.0, 10000.0]]}","[0.12120314514194604, 0.05269122978060094, 0.0]",False
3,P01,8f99450e-b3b4-4bbf-a34f-dee9d88fdb64,4,1,haply,mpc,seeded_random,593114440,persist_session,10.0,1785312727.2239733,2814.28577047,0,1785312727.2138362,845,True,careful,fixed,0.08,0.08,0.0,-0.08,0.08,0.0,-0.08137886999999999,0.07942436000000003,0.0,-0.112325944,-0.13449666,0.25257224,-0.00028427152,-0.0001918187,-0.00015500998,"[-23.834672735994335, 51.61096381818064, 0.0, 0.0, 0.0, 0.0, -27.65995725486966, 66.93568439956294]","[-0.03286491519548028, -0.015922177794192464, 0.0]","{""Controller Type"": ""MPC Controller"", ""weight_comfort"": 1000.0, ""weight_trajectory"": 1000.0, ""weight_goal"": 100.0, ""Q"": [[1000.0, 0.0, 0.0, 0.0], [0.0, 0.0, 0.0, 0.0], [0.0, 0.0, 1000.0, 0.0], [0.0, 0.0, 0.0, 0.0]], ""R"": [[1000.0, 0.0], [0.0, 1000.0]], ""P"": [[100.0, 0.0, 0.0, 0.0], [0.0, 10000.0, 0.0, 0.0], [0.0, 0.0, 100.0, 0.0], [0.0, 0.0, 0.0, 10000.0]]}","[0.030855542457865842, 0.012881333593274953, 0.0]",False
3,P01,8f99450e-b3b4-4bbf-a34f-dee9d88fdb64,4,1,haply,mpc,seeded_random,593114440,persist_session,10.0,1785312727.2338054,2814.295600598,0,1785312727.2239034,846,True,careful,fixed,0.08,0.08,0.0,-0.08,0.08,0.0,-0.08137886999999999,0.07942436000000003,0.0,-0.112325944,-0.13449666,0.25257224,-0.0002892103,-0.00022268375,-0.00016756213,"[-23.83457966317179, 51.61087622085158, 0.0, 0.0, 0.0, 0.0, -27.658881022752524, 66.93538034530918]","[-0.03286478686015746, -0.01592155827193656, 0.0]","{""Controller Type"": ""MPC Controller"", ""weight_comfort"": 1000.0, ""weight_trajectory"": 1000.0, ""weight_goal"": 100.0, ""Q"": [[1000.0, 0.0, 0.0, 0.0], [0.0, 0.0, 0.0, 0.0], [0.0, 0.0, 1000.0, 0.0], [0.0, 0.0, 0.0, 0.0]], ""R"": [[1000.0, 0.0], [0.0, 1000.0]], ""P"": [[100.0, 0.0, 0.0, 0.0], [0.0, 10000.0, 0.0, 0.0], [0.0, 0.0, 100.0, 0.0], [0.0, 0.0, 0.0, 10000.0]]}","[0.030855542457865866, 0.01288133359327494, 0.0]",False
3,P01,8f99450e-b3b4-4bbf-a34f-dee9d88fdb64,4,1,haply,mpc,seeded_random,593114440,persist_session,10.0,1785312727.2438118,2814.305600775,0,1785312727.2340481,847,True,careful,fixed,0.08,0.08,0.0,-0.08,0.08,0.0,-0.08137886999999999,0.07942436000000003,0.0,-0.112325944,-0.13449666,0.25257224,-0.00025733345,-0.00020939943,-0.00015312545,"[-23.834486123378994, 51.610788184024216, 0.0, 0.0, 0.0, 0.0, -27.657799466813916, 66.93507478698345]","[-0.032864657880943365, -0.01592093568507606, 0.0]","{""Controller Type"": ""MPC Controller"", ""weight_comfort"": 1000.0, ""weight_trajectory"": 1000.0, ""weight_goal"": 100.0, ""Q"": [[1000.0, 0.0, 0.0, 0.0], [0.0, 0.0, 0.0, 0.0], [0.0, 0.0, 1000.0, 0.0], [0.0, 0.0, 0.0, 0.0]], ""R"": [[1000.0, 0.0], [0.0, 1000.0]], ""P"": [[100.0, 0.0, 0.0, 0.0], [0.0, 10000.0, 0.0, 0.0], [0.0, 0.0, 100.0, 0.0], [0.0, 0.0, 0.0, 10000.0]]}","[0.030855542457865866, 0.012881333593274976, 0.0]",False
3,P01,8f99450e-b3b4-4bbf-a34f-dee9d88fdb64,4,1,haply,mpc,seeded_random,593114440,persist_session,10.0,1785312727.2539537,2814.315744619,0,1785312727.2440608,848,True,careful,fixed,0.08,0.08,0.0,-0.08,0.08,0.0,-0.08137886999999999,0.07942436000000003,0.0,-0.112325944,-0.13449666,0.25257224,-0.00018453204,-0.00015015893,-0.00010980521,"[-23.83439211427673, 51.61069970549696, 0.0, 0.0, 0.0, 0.0, -27.656712561141138, 66.93476771726495]","[-0.03286452825461253, -0.01592031001869458, 0.0]","{""Controller Type"": ""MPC Controller"", ""weight_comfort"": 1000.0, ""weight_trajectory"": 1000.0, ""weight_goal"": 100.0, ""Q"": [[1000.0, 0.0, 0.0, 0.0], [0.0, 0.0, 0.0, 0.0], [0.0, 0.0, 1000.0, 0.0], [0.0, 0.0, 0.0, 0.0]], ""R"": [[1000.0, 0.0], [0.0, 1000.0]], ""P"": [[100.0, 0.0, 0.0, 0.0], [0.0, 10000.0, 0.0, 0.0], [0.0, 0.0, 100.0, 0.0], [0.0, 0.0, 0.0, 10000.0]]}","[0.030855542457865866, 0.012881333593274945, 0.0]",False
3,P01,8f99450e-b3b4-4bbf-a34f-dee9d88fdb64,4,1,haply,mpc,seeded_random,593114440,persist_session,10.0,1785312727.2637484,2814.325525048,0,1785312727.2537835,849,True,careful,fixed,0.08,0.08,0.0,-0.08,0.08,0.0,-0.08137886999999999,0.07942436000000003,0.0,-0.112325944,-0.13449666,0.25257224,-0.00013359173,-0.000108707354,-7.949335e-05,"[-23.834297633514105, 51.61061078305722, 0.0, 0.0, 0.0, 0.0, -27.655620279699594, 66.93445912879847]","[-0.032864397977923364, -0.01591968125780557, 0.0]","{""Controller Type"": ""MPC Controller"", ""weight_comfort"": 1000.0, ""weight_trajectory"": 1000.0, ""weight_goal"": 100.0, ""Q"": [[1000.0, 0.0, 0.0, 0.0], [0.0, 0.0, 0.0, 0.0], [0.0, 0.0, 1000.0, 0.0], [0.0, 0.0, 0.0, 0.0]], ""R"": [[1000.0, 0.0], [0.0, 1000.0]], ""P"": [[100.0, 0.0, 0.0, 0.0], [0.0, 10000.0, 0.0, 0.0], [0.0, 0.0, 100.0, 0.0], [0.0, 0.0, 0.0, 10000.0]]}","[0.030855542457865866, 0.012881333593274978, 0.0]",False
3,P01,8f99450e-b3b4-4bbf-a34f-dee9d88fdb64,4,1,haply,mpc,seeded_random,593114440,persist_session,10.0,1785312727.2738857,2814.335674035,0,1785312727.263737,850,True,careful,fixed,0.08,0.08,0.0,-0.08,0.08,0.0,-0.08137886999999999,0.07942436000000003,0.0,-0.112325944,-0.13449666,0.25257224,-9.5153075e-05,-7.7428704e-05,-5.6620527e-05,"[-23.83420267872848, 51.610521414481354, 0.0, 0.0, 0.0, 0.0, -27.654522596332257, 66.93414901419418]","[-0.03286426704761811, -0.015919049387351995, 0.0]","{""Controller Type"": ""MPC Controller"", ""weight_comfort"": 1000.0, ""weight_trajectory"": 1000.0, ""weight_goal"": 100.0, ""Q"": [[1000.0, 0.0, 0.0, 0.0], [0.0, 0.0, 0.0, 0.0], [0.0, 0.0, 1000.0, 0.0], [0.0, 0.0, 0.0, 0.0]], ""R"": [[1000.0, 0.0], [0.0, 1000.0]], ""P"": [[100.0, 0.0, 0.0, 0.0], [0.0, 10000.0, 0.0, 0.0], [0.0, 0.0, 100.0, 0.0], [0.0, 0.0, 0.0, 10000.0]]}","[0.030855542457865866, 0.012881333593274943, 0.0]",False
3,P01,8f99450e-b3b4-4bbf-a34f-dee9d88fdb64,4,1,haply,mpc,seeded_random,593114440,persist_session,10.0,1785312727.2838037,2814.34560119,0,1785312727.2738109,851,True,careful,fixed,0.08,0.08,0.0,-0.08,0.08,0.0,-0.08137886999999999,0.07942436000000003,0.0,-0.11237123,-0.1345418,0.25254232,-0.00011298456,-9.999902e-05,-7.014976e-05,"[-23.834107247545433, 51.61043159753462, 0.0, 0.0, 0.0, 0.0, -27.653419484759134, 66.93383736602753]","[-0.032864135460422744, -0.015918414392206044, 0.0]","{""Controller Type"": ""MPC Controller"", ""weight_comfort"": 1000.0, ""weight_trajectory"": 1000.0, ""weight_goal"": 100.0, ""Q"": [[1000.0, 0.0, 0.0, 0.0], [0.0, 0.0, 0.0, 0.0], [0.0, 0.0, 1000.0, 0.0], [0.0, 0.0, 0.0, 0.0]], ""R"": [[1000.0, 0.0], [0.0, 1000.0]], ""P"": [[100.0, 0.0, 0.0, 0.0], [0.0, 10000.0, 0.0, 0.0], [0.0, 0.0, 100.0, 0.0], [0.0, 0.0, 0.0, 10000.0]]}","[0.030855542457865866, 0.01288133359327498, 0.0]",False
3,P01,8f99450e-b3b4-4bbf-a34f-dee9d88fdb64,4,1,haply,mpc,seeded_random,593114440,persist_session,10.0,1785312727.2940795,2814.355871403,0,1785312727.2835188,852,True,careful,fixed,0.08,0.08,0.0,-0.08,0.08,0.0,-0.08151472800000001,0.07936452,0.0,-0.11237123,-0.1345418,0.25254232,-0.00019585376,-0.00018629071,-0.00012628963,"[-23.85532316505731, 51.65343837984504, 0.0, 0.0, 0.0, 0.0, -27.712110430053755, 67.0414059332116]","[-0.7590005282388652, -0.43085602212803337, 0.0]","{""Controller Type"": ""MPC Controller"", ""weight_comfort"": 1000.0, ""weight_trajectory"": 1000.0, ""weight_goal"": 100.0, ""Q"": [[1000.0, 0.0, 0.0, 0.0], [0.0, 0.0, 0.0, 0.0], [0.0, 0.0, 1000.0, 0.0], [0.0, 0.0, 0.0, 0.0]], ""R"": [[1000.0, 0.0], [0.0, 1000.0]], ""P"": [[100.0, 0.0, 0.0, 0.0], [0.0, 10000.0, 0.0, 0.0], [0.0, 0.0, 100.0, 0.0], [0.0, 0.0, 0.0, 10000.0]]}","[0.12775538610395024, 0.05556182825520189, 0.0]",False
3,P01,8f99450e-b3b4-4bbf-a34f-dee9d88fdb64,4,1,haply,mpc,seeded_random,593114440,persist_session,10.0,1785312727.3037999,2814.365601249,0,1785312727.293704,853,True,careful,fixed,0.08,0.08,0.0,-0.08,0.08,0.0,-0.08151472800000001,0.07936452,0.0,-0.11241649,-0.13458692,0.2525124,-0.00026733152,-0.00026001263,-0.00017450706,"[-23.850781737633582, 51.64916637570404, 0.0, 0.0, 0.0, 0.0, -27.66402199089226, 67.02787093258173]","[-0.03612744691988241, -0.017579932694772427, 0.0]","{""Controller Type"": ""MPC Controller"", ""weight_comfort"": 1000.0, ""weight_trajectory"": 1000.0, ""weight_goal"": 100.0, ""Q"": [[1000.0, 0.0, 0.0, 0.0], [0.0, 0.0, 0.0, 0.0], [0.0, 0.0, 1000.0, 0.0], [0.0, 0.0, 0.0, 0.0]], ""R"": [[1000.0, 0.0], [0.0, 1000.0]], ""P"": [[100.0, 0.0, 0.0, 0.0], [0.0, 10000.0, 0.0, 0.0], [0.0, 0.0, 100.0, 0.0], [0.0, 0.0, 0.0, 10000.0]]}","[0.033895692933412346, 0.014220397943232559, 0.0]",False
3,P01,8f99450e-b3b4-4bbf-a34f-dee9d88fdb64,4,1,haply,mpc,seeded_random,593114440,persist_session,10.0,1785312727.3137038,2814.375498654,0,1785312727.303549,854,True,careful,fixed,0.08,0.08,0.0,-0.08,0.08,0.0,-0.08165050799999998,0.07930468000000007,0.0,-0.11241649,-0.13458692,0.2525124,-0.0003445359,-0.000338834,-0.00022633815,"[-23.871049792140322, 51.690014354158976, 0.0, 0.0, 0.0, 0.0, -27.719876146988337, 67.12777073612895]","[-0.7522949443393777, -0.4272902633803416, 0.0]","{""Controller Type"": ""MPC Controller"", ""weight_comfort"": 1000.0, ""weight_trajectory"": 1000.0, ""weight_goal"": 100.0, ""Q"": [[1000.0, 0.0, 0.0, 0.0], [0.0, 0.0, 0.0, 0.0], [0.0, 0.0, 1000.0, 0.0], [0.0, 0.0, 0.0, 0.0]], ""R"": [[1000.0, 0.0], [0.0, 1000.0]], ""P"": [[100.0, 0.0, 0.0, 0.0], [0.0, 10000.0, 0.0, 0.0], [0.0, 0.0, 100.0, 0.0], [0.0, 0.0, 0.0, 10000.0]]}","[0.1294336691539662, 0.05632521821888064, 0.0]",False
3,P01,8f99450e-b3b4-4bbf-a34f-dee9d88fdb64,4,1,haply,mpc,seeded_random,593114440,persist_session,10.0,1785312727.3237414,2814.385546164,0,1785312727.3141558,855,True,careful,fixed,0.08,0.08,0.0,-0.08,0.08,0.0,-0.08165050799999998,0.07930468000000007,0.0,-0.11241649,-0.13458692,0.2525124,-0.00039977886,-0.00039523406,-0.00026342552,"[-23.866303357106123, 51.68555183468763, 0.0, 0.0, 0.0, 0.0, -27.669368900904097, 67.11360860584726]","[-0.03939152462133006, -0.019239065584174698, 0.0]","{""Controller Type"": ""MPC Controller"", ""weight_comfort"": 1000.0, ""weight_trajectory"": 1000.0, ""weight_goal"": 100.0, ""Q"": [[1000.0, 0.0, 0.0, 0.0], [0.0, 0.0, 0.0, 0.0], [0.0, 0.0, 1000.0, 0.0], [0.0, 0.0, 0.0, 0.0]], ""R"": [[1000.0, 0.0], [0.0, 1000.0]], ""P"": [[100.0, 0.0, 0.0, 0.0], [0.0, 10000.0, 0.0, 0.0], [0.0, 0.0, 100.0, 0.0], [0.0, 0.0, 0.0, 10000.0]]}","[0.036934097970801064, 0.015559462293187581, 0.0]",False
3,P01,8f99450e-b3b4-4bbf-a34f-dee9d88fdb64,4,1,haply,mpc,seeded_random,593114440,persist_session,10.0,1785312727.3340611,2814.395848455,0,1785312727.323888,856,True,careful,fixed,0.08,0.08,0.0,-0.08,0.08,0.0,-0.08165050799999998,0.07930468000000007,0.0,-0.11246179,-0.1346321,0.25248235,-0.00043908376,-0.00043536344,-0.0002898429,"[-23.866163093693192, 51.685419961353894, 0.0, 0.0, 0.0, 0.0, -27.667720246346875, 67.11314632642323]","[-0.03939129311544491, -0.019237919241687967, 0.0]","{""Controller Type"": ""MPC Controller"", ""weight_comfort"": 1000.0, ""weight_trajectory"": 1000.0, ""weight_goal"": 100.0, ""Q"": [[1000.0, 0.0, 0.0, 0.0], [0.0, 0.0, 0.0, 0.0], [0.0, 0.0, 1000.0, 0.0], [0.0, 0.0, 0.0, 0.0]], ""R"": [[1000.0, 0.0], [0.0, 1000.0]], ""P"": [[100.0, 0.0, 0.0, 0.0], [0.0, 10000.0, 0.0, 0.0], [0.0, 0.0, 100.0, 0.0], [0.0, 0.0, 0.0, 10000.0]]}","[0.03693409797080103, 0.015559462293187555, 0.0]",False
3,P01,8f99450e-b3b4-4bbf-a34f-dee9d88fdb64,4,1,haply,mpc,seeded_random,593114440,persist_session,10.0,1785312727.3437479,2814.405549749,0,1785312727.3339236,857,True,careful,fixed,0.08,0.08,0.0,-0.08,0.08,0.0,-0.08165050799999998,0.07930468000000007,0.0,-0.11246179,-0.1346321,0.25248235,-0.0005835067,-0.00058005657,-0.00038593225,"[-23.8660221271001, 51.68528742690184, 0.0, 0.0, 0.0, 0.0, -27.66606350503213, 67.11268177948865]","[-0.03939106044895528, -0.019236767276317002, 0.0]","{""Controller Type"": ""MPC Controller"", ""weight_comfort"": 1000.0, ""weight_trajectory"": 1000.0, ""weight_goal"": 100.0, ""Q"": [[1000.0, 0.0, 0.0, 0.0], [0.0, 0.0, 0.0, 0.0], [0.0, 0.0, 1000.0, 0.0], [0.0, 0.0, 0.0, 0.0]], ""R"": [[1000.0, 0.0], [0.0, 1000.0]], ""P"": [[100.0, 0.0, 0.0, 0.0], [0.0, 10000.0, 0.0, 0.0], [0.0, 0.0, 100.0, 0.0], [0.0, 0.0, 0.0, 10000.0]]}","[0.03693409797080102, 0.015559462293187562, 0.0]",False
3,P01,8f99450e-b3b4-4bbf-a34f-dee9d88fdb64,4,1,haply,mpc,seeded_random,593114440,persist_session,10.0,1785312727.3538024,2814.4155926,0,1785312727.343704,858,True,careful,fixed,0.08,0.08,0.0,-0.08,0.08,0.0,-0.08178640800000002,0.07924458000000006,0.0,-0.11246179,-0.1346321,0.25248235,-0.0007087367,-0.00070541917,-0.00046920066,"[-23.887356295347697, 51.72809363128383, 0.0, 0.0, 0.0, 0.0, -27.726005518683486, 67.21799514925101]","[-0.761441012268778, -0.4339952307047325, 0.0]","{""Controller Type"": ""MPC Controller"", ""weight_comfort"": 1000.0, ""weight_trajectory"": 1000.0, ""weight_goal"": 100.0, ""Q"": [[1000.0, 0.0, 0.0, 0.0], [0.0, 0.0, 0.0, 0.0], [0.0, 0.0, 1000.0, 0.0], [0.0, 0.0, 0.0, 0.0]], ""R"": [[1000.0, 0.0], [0.0, 1000.0]], ""P"": [[100.0, 0.0, 0.0, 0.0], [0.0, 10000.0, 0.0, 0.0], [0.0, 0.0, 100.0, 0.0], [0.0, 0.0, 0.0, 10000.0]]}","[0.1331681207584687, 0.058117701951273436, 0.0]",False
3,P01,8f99450e-b3b4-4bbf-a34f-dee9d88fdb64,4,1,haply,mpc,seeded_random,593114440,persist_session,10.0,1785312727.36373,2814.425522127,0,1785312727.3540273,859,True,careful,fixed,0.08,0.08,0.0,-0.08,0.08,0.0,-0.08178640800000002,0.07924458000000006,0.0,-0.11246179,-0.1346321,0.25248235,-0.00079510204,-0.0007918761,-0.0005266272,"[-23.881926035447137, 51.72299097222609, 0.0, 0.0, 0.0, 0.0, -27.667820605538765, 67.20174572317373]","[-0.04266286372513146, -0.020900825041834357, 0.0]","{""Controller Type"": ""MPC Controller"", ""weight_comfort"": 1000.0, ""weight_trajectory"": 1000.0, ""weight_goal"": 100.0, ""Q"": [[1000.0, 0.0, 0.0, 0.0], [0.0, 0.0, 0.0, 0.0], [0.0, 0.0, 1000.0, 0.0], [0.0, 0.0, 0.0, 0.0]], ""R"": [[1000.0, 0.0], [0.0, 1000.0]], ""P"": [[100.0, 0.0, 0.0, 0.0], [0.0, 10000.0, 0.0, 0.0], [0.0, 0.0, 100.0, 0.0], [0.0, 0.0, 0.0, 10000.0]]}","[0.03997518829766316, 0.01690434477033364, 0.0]",False
3,P01,8f99450e-b3b4-4bbf-a34f-dee9d88fdb64,4,1,haply,mpc,seeded_random,593114440,persist_session,10.0,1785312727.3739634,2814.435739533,0,1785312727.3639717,860,True,careful,fixed,0.08,0.08,0.0,-0.08,0.08,0.0,-0.08178640800000002,0.07924458000000006,0.0,-0.11246179,-0.1346321,0.25248235,-0.0008594416,-0.00085628417,-0.00056940806,"[-23.881758369405887, 51.7228334212691, 0.0, 0.0, 0.0, 0.0, -27.665837246145326, 67.20119182612196]","[-0.04266256420517404, -0.020899326772481366, 0.0]","{""Controller Type"": ""MPC Controller"", ""weight_comfort"": 1000.0, ""weight_trajectory"": 1000.0, ""weight_goal"": 100.0, ""Q"": [[1000.0, 0.0, 0.0, 0.0], [0.0, 0.0, 0.0, 0.0], [0.0, 0.0, 1000.0, 0.0], [0.0, 0.0, 0.0, 0.0]], ""R"": [[1000.0, 0.0], [0.0, 1000.0]], ""P"": [[100.0, 0.0, 0.0, 0.0], [0.0, 10000.0, 0.0, 0.0], [0.0, 0.0, 100.0, 0.0], [0.0, 0.0, 0.0, 10000.0]]}","[0.03997518829766315, 0.016904344770333524, 0.0]",False
3,P01,8f99450e-b3b4-4bbf-a34f-dee9d88fdb64,4,1,haply,mpc,seeded_random,593114440,persist_session,10.0,1785312727.3838258,2814.445618133,0,1785312727.3745208,861,True,careful,fixed,0.08,0.08,0.0,-0.08,0.08,0.0,-0.08178640800000002,0.07924458000000006,0.0,-0.11246179,-0.1346321,0.25248235,-0.00065916195,-0.00065677136,-0.00043673188,"[-23.881589863193717, 51.722675080827656, 0.0, 0.0, 0.0, 0.0, -27.66384420660113, 67.20063522567362]","[-0.04266226318432857, -0.02089782119054889, 0.0]","{""Controller Type"": ""MPC Controller"", ""weight_comfort"": 1000.0, ""weight_trajectory"": 1000.0, ""weight_goal"": 100.0, ""Q"": [[1000.0, 0.0, 0.0, 0.0], [0.0, 0.0, 0.0, 0.0], [0.0, 0.0, 1000.0, 0.0], [0.0, 0.0, 0.0, 0.0]], ""R"": [[1000.0, 0.0], [0.0, 1000.0]], ""P"": [[100.0, 0.0, 0.0, 0.0], [0.0, 10000.0, 0.0, 0.0], [0.0, 0.0, 100.0, 0.0], [0.0, 0.0, 0.0, 10000.0]]}","[0.03997518829766315, 0.016904344770333642, 0.0]",False
3,P01,8f99450e-b3b4-4bbf-a34f-dee9d88fdb64,4,1,haply,mpc,seeded_random,593114440,persist_session,10.0,1785312727.393979,2814.455758666,0,1785312727.383807,862,True,careful,fixed,0.08,0.08,0.0,-0.08,0.08,0.0,-0.08178640800000002,0.07924458000000006,0.0,-0.11246179,-0.1346321,0.25248235,-0.0004717165,-0.0004700058,-0.0003125388,"[-23.88142051261251, 51.72251594695691, 0.0, 0.0, 0.0, 0.0, -27.66184144108609, 67.20007590903245]","[-0.0426619606550955, -0.020896308261423517, 0.0]","{""Controller Type"": ""MPC Controller"", ""weight_comfort"": 1000.0, ""weight_trajectory"": 1000.0, ""weight_goal"": 100.0, ""Q"": [[1000.0, 0.0, 0.0, 0.0], [0.0, 0.0, 0.0, 0.0], [0.0, 0.0, 1000.0, 0.0], [0.0, 0.0, 0.0, 0.0]], ""R"": [[1000.0, 0.0], [0.0, 1000.0]], ""P"": [[100.0, 0.0, 0.0, 0.0], [0.0, 10000.0, 0.0, 0.0], [0.0, 0.0, 100.0, 0.0], [0.0, 0.0, 0.0, 10000.0]]}","[0.03997518829766315, 0.01690434477033352, 0.0]",False
3,P01,8f99450e-b3b4-4bbf-a34f-dee9d88fdb64,4,1,haply,mpc,seeded_random,593114440,persist_session,10.0,1785312727.4041061,2814.465885467,0,1785312727.3944373,863,True,careful,fixed,0.08,0.08,0.0,-0.08,0.08,0.0,-0.08178640800000002,0.07924458000000006,0.0,-0.11246179,-0.1346321,0.25248235,-0.00034246847,-0.00034122643,-0.00022690457,"[-23.881250313443292, 51.72235601569242, 0.0, 0.0, 0.0, 0.0, -27.65982890357739, 67.19951386334556]","[-0.042661656609938016, -0.020894787950338698, 0.0]","{""Controller Type"": ""MPC Controller"", ""weight_comfort"": 1000.0, ""weight_trajectory"": 1000.0, ""weight_goal"": 100.0, ""Q"": [[1000.0, 0.0, 0.0, 0.0], [0.0, 0.0, 0.0, 0.0], [0.0, 0.0, 1000.0, 0.0], [0.0, 0.0, 0.0, 0.0]], ""R"": [[1000.0, 0.0], [0.0, 1000.0]], ""P"": [[100.0, 0.0, 0.0, 0.0], [0.0, 10000.0, 0.0, 0.0], [0.0, 0.0, 100.0, 0.0], [0.0, 0.0, 0.0, 10000.0]]}","[0.03997518829766315, 0.01690434477033364, 0.0]",False
3,P01,8f99450e-b3b4-4bbf-a34f-dee9d88fdb64,4,1,haply,mpc,seeded_random,593114440,persist_session,10.0,1785312727.414062,2814.475840702,0,1785312727.4043145,864,True,careful,fixed,0.08,0.08,0.0,-0.08,0.08,0.0,-0.08178640800000002,0.07924458000000006,0.0,-0.11246179,-0.1346321,0.25248235,-0.00024525818,-0.00024436877,-0.00016249731,"[-23.881079261446132, 51.722195283050034, 0.0, 0.0, 0.0, 0.0, -27.657806547848743, 67.19894907570323]","[-0.04266135104128187, -0.02089326022237416, 0.0]","{""Controller Type"": ""MPC Controller"", ""weight_comfort"": 1000.0, ""weight_trajectory"": 1000.0, ""weight_goal"": 100.0, ""Q"": [[1000.0, 0.0, 0.0, 0.0], [0.0, 0.0, 0.0, 0.0], [0.0, 0.0, 1000.0, 0.0], [0.0, 0.0, 0.0, 0.0]], ""R"": [[1000.0, 0.0], [0.0, 1000.0]], ""P"": [[100.0, 0.0, 0.0, 0.0], [0.0, 10000.0, 0.0, 0.0], [0.0, 0.0, 100.0, 0.0], [0.0, 0.0, 0.0, 10000.0]]}","[0.03997518829766315, 0.016904344770333646, 0.0]",False
3,P01,8f99450e-b3b4-4bbf-a34f-dee9d88fdb64,4,1,haply,mpc,seeded_random,593114440,persist_session,10.0,1785312727.423776,2814.485572297,0,1785312727.4137976,865,True,careful,fixed,0.08,0.08,0.0,-0.08,0.08,0.0,-0.08178640800000002,0.07924458000000006,0.0,-0.11246179,-0.1346321,0.25248235,-0.00017714841,-0.00017650599,-0.00011737079,"[-23.880907352360037, 51.722033745025826, 0.0, 0.0, 0.0, 0.0, -27.655774327469608, 67.19838153313869]","[-0.042661043941515195, -0.020891725042455355, 0.0]","{""Controller Type"": ""MPC Controller"", ""weight_comfort"": 1000.0, ""weight_trajectory"": 1000.0, ""weight_goal"": 100.0, ""Q"": [[1000.0, 0.0, 0.0, 0.0], [0.0, 0.0, 0.0, 0.0], [0.0, 0.0, 1000.0, 0.0], [0.0, 0.0, 0.0, 0.0]], ""R"": [[1000.0, 0.0], [0.0, 1000.0]], ""P"": [[100.0, 0.0, 0.0, 0.0], [0.0, 10000.0, 0.0, 0.0], [0.0, 0.0, 100.0, 0.0], [0.0, 0.0, 0.0, 10000.0]]}","[0.03997518829766315, 0.016904344770333524, 0.0]",False
3,P01,8f99450e-b3b4-4bbf-a34f-dee9d88fdb64,4,1,haply,mpc,seeded_random,593114440,persist_session,10.0,1785312727.4339151,2814.495703228,0,1785312727.4237468,866,True,careful,fixed,0.08,0.08,0.0,-0.08,0.08,0.0,-0.08178640800000002,0.07924458000000006,0.0,-0.112507075,-0.13467725,0.25245228,-0.00019574398,-0.00019508449,-0.00012976768,"[-23.88073458190285, 51.721871397595976, 0.0, 0.0, 0.0, 0.0, -27.65373219580445, 67.19781122262795]","[-0.04266073530298831, -0.020890182375352864, 0.0]","{""Controller Type"": ""MPC Controller"", ""weight_comfort"": 1000.0, ""weight_trajectory"": 1000.0, ""weight_goal"": 100.0, ""Q"": [[1000.0, 0.0, 0.0, 0.0], [0.0, 0.0, 0.0, 0.0], [0.0, 0.0, 1000.0, 0.0], [0.0, 0.0, 0.0, 0.0]], ""R"": [[1000.0, 0.0], [0.0, 1000.0]], ""P"": [[100.0, 0.0, 0.0, 0.0], [0.0, 10000.0, 0.0, 0.0], [0.0, 0.0, 100.0, 0.0], [0.0, 0.0, 0.0, 10000.0]]}","[0.03997518829766315, 0.016904344770333642, 0.0]",False
3,P01,8f99450e-b3b4-4bbf-a34f-dee9d88fdb64,4,1,haply,mpc,seeded_random,593114440,persist_session,10.0,1785312727.4437532,2814.505546023,0,1785312727.433793,867,True,careful,fixed,0.08,0.08,0.0,-0.08,0.08,0.0,-0.08178640800000002,0.07924458000000006,0.0,-0.112507075,-0.13467725,0.25245228,-0.00037937803,-0.0003782113,-0.0002516759,"[-23.88056094577114, 51.72170823671667, 0.0, 0.0, 0.0, 0.0, -27.65168010601198, 67.19723813108953]","[-0.04266042511801354, -0.020888632185681835, 0.0]","{""Controller Type"": ""MPC Controller"", ""weight_comfort"": 1000.0, ""weight_trajectory"": 1000.0, ""weight_goal"": 100.0, ""Q"": [[1000.0, 0.0, 0.0, 0.0], [0.0, 0.0, 0.0, 0.0], [0.0, 0.0, 1000.0, 0.0], [0.0, 0.0, 0.0, 0.0]], ""R"": [[1000.0, 0.0], [0.0, 1000.0]], ""P"": [[100.0, 0.0, 0.0, 0.0], [0.0, 10000.0, 0.0, 0.0], [0.0, 0.0, 100.0, 0.0], [0.0, 0.0, 0.0, 10000.0]]}","[0.03997518829766315, 0.016904344770333524, 0.0]",False
3,P01,8f99450e-b3b4-4bbf-a34f-dee9d88fdb64,4,1,haply,mpc,seeded_random,593114440,persist_session,10.0,1785312727.453964,2814.515753062,0,1785312727.4438326,868,True,careful,fixed,0.08,0.08,0.0,-0.08,0.08,0.0,-0.081922263,0.07918443999999997,0.0,-0.112447806,-0.13472393,0.25245383,-0.0005228409,-0.00052133,-0.00034693128,"[-23.900721669117495, 51.761893117959346, 0.0, 0.0, 0.0, 0.0, -27.707283174435773, 67.29236712855214]","[-0.746383175760802, -0.42569825864764566, 0.0]","{""Controller Type"": ""MPC Controller"", ""weight_comfort"": 1000.0, ""weight_trajectory"": 1000.0, ""weight_goal"": 100.0, ""Q"": [[1000.0, 0.0, 0.0, 0.0], [0.0, 0.0, 0.0, 0.0], [0.0, 0.0, 1000.0, 0.0], [0.0, 0.0, 0.0, 0.0]], ""R"": [[1000.0, 0.0], [0.0, 1000.0]], ""P"": [[100.0, 0.0, 0.0, 0.0], [0.0, 10000.0, 0.0, 0.0], [0.0, 0.0, 100.0, 0.0], [0.0, 0.0, 0.0, 10000.0]]}","[0.13377246355845684, 0.05842632139386756, 0.0]",False
3,P01,8f99450e-b3b4-4bbf-a34f-dee9d88fdb64,4,1,haply,mpc,seeded_random,593114440,persist_session,10.0,1785312727.4638097,2814.525604598,0,1785312727.453818,869,True,careful,fixed,0.08,0.08,0.0,-0.08,0.08,0.0,-0.081922263,0.07918443999999997,0.0,-0.112447806,-0.13472393,0.25245383,-0.0005455024,-0.00060778327,-0.00038482345,"[-23.894526491185335, 51.756074888283166, 0.0, 0.0, 0.0, 0.0, -27.64065984617179, 67.27383806252439]","[-0.04593156417652524, -0.02254261654414482, 0.0]","{""Controller Type"": ""MPC Controller"", ""weight_comfort"": 1000.0, ""weight_trajectory"": 1000.0, ""weight_goal"": 100.0, ""Q"": [[1000.0, 0.0, 0.0, 0.0], [0.0, 0.0, 0.0, 0.0], [0.0, 0.0, 1000.0, 0.0], [0.0, 0.0, 0.0, 0.0]], ""R"": [[1000.0, 0.0], [0.0, 1000.0]], ""P"": [[100.0, 0.0, 0.0, 0.0], [0.0, 10000.0, 0.0, 0.0], [0.0, 0.0, 100.0, 0.0], [0.0, 0.0, 0.0, 10000.0]]}","[0.043015271640972005, 0.018250122343972202, 0.0]",False
3,P01,8f99450e-b3b4-4bbf-a34f-dee9d88fdb64,4,1,haply,mpc,seeded_random,593114440,persist_session,10.0,1785312727.4739702,2814.535763708,0,1785312727.4638696,870,True,careful,fixed,0.08,0.08,0.0,-0.08,0.08,0.0,-0.081744456,0.07918754,0.0,-0.112447806,-0.13472393,0.25245383,-0.0004884899,-0.0006110114,-0.00036848636,"[-23.924941977863526, 51.82587981680682, 0.0, 0.0, 0.0, 0.0, -27.637555572081254, 67.27375674929688]","[0.8750440153472056, -0.0017063731099259717, 0.0]","{""Controller Type"": ""MPC Controller"", ""weight_comfort"": 1000.0, ""weight_trajectory"": 1000.0, ""weight_goal"": 100.0, ""Q"": [[1000.0, 0.0, 0.0, 0.0], [0.0, 0.0, 0.0, 0.0], [0.0, 0.0, 1000.0, 0.0], [0.0, 0.0, 0.0, 0.0]], ""R"": [[1000.0, 0.0], [0.0, 1000.0]], ""P"": [[100.0, 0.0, 0.0, 0.0], [0.0, 10000.0, 0.0, 0.0], [0.0, 0.0, 100.0, 0.0], [0.0, 0.0, 0.0, 10000.0]]}","[-0.07960571063335056, 0.016112270374959554, 0.0]",False
3,P01,8f99450e-b3b4-4bbf-a34f-dee9d88fdb64,4,1,haply,mpc,seeded_random,593114440,persist_session,10.0,1785312727.4836736,2814.545467933,0,1785312727.4742382,871,True,careful,fixed,0.08,0.08,0.0,-0.08,0.08,0.0,-0.081744456,0.07918754,0.0,-0.112447806,-0.13472393,0.25245383,-0.00031075356,-0.00047636192,-0.0002657711,"[-23.93168415291732, 51.83220709295546, 0.0, 0.0, 0.0, 0.0, -27.638340577460173, 67.27397508624432]","[-0.04174777001066133, -0.022455046185563318, 0.0]","{""Controller Type"": ""MPC Controller"", ""weight_comfort"": 1000.0, ""weight_trajectory"": 1000.0, ""weight_goal"": 100.0, ""Q"": [[1000.0, 0.0, 0.0, 0.0], [0.0, 0.0, 0.0, 0.0], [0.0, 0.0, 1000.0, 0.0], [0.0, 0.0, 0.0, 0.0]], ""R"": [[1000.0, 0.0], [0.0, 1000.0]], ""P"": [[100.0, 0.0, 0.0, 0.0], [0.0, 10000.0, 0.0, 0.0], [0.0, 0.0, 100.0, 0.0], [0.0, 0.0, 0.0, 10000.0]]}","[0.0390364110983066, 0.01818075236594896, 0.0]",False
3,P01,8f99450e-b3b4-4bbf-a34f-dee9d88fdb64,4,1,haply,mpc,seeded_random,593114440,persist_session,10.0,1785312727.4938006,2814.555584217,0,1785312727.4839058,872,True,careful,fixed,0.08,0.08,0.0,-0.08,0.08,0.0,-0.081744456,0.07918754,0.0,-0.112447806,-0.13472393,0.25245383,-0.00017702556,-0.00037505222,-0.00018848859,"[-23.93151418595572, 51.83204758539394, 0.0, 0.0, 0.0, 0.0, -27.635910772036198, 67.2732992739335]","[-0.04174747351077537, -0.022453072065848557, 0.0]","{""Controller Type"": ""MPC Controller"", ""weight_comfort"": 1000.0, ""weight_trajectory"": 1000.0, ""weight_goal"": 100.0, ""Q"": [[1000.0, 0.0, 0.0, 0.0], [0.0, 0.0, 0.0, 0.0], [0.0, 0.0, 1000.0, 0.0], [0.0, 0.0, 0.0, 0.0]], ""R"": [[1000.0, 0.0], [0.0, 1000.0]], ""P"": [[100.0, 0.0, 0.0, 0.0], [0.0, 10000.0, 0.0, 0.0], [0.0, 0.0, 100.0, 0.0], [0.0, 0.0, 0.0, 10000.0]]}","[0.039036411098306675, 0.018180752365948852, 0.0]",False
3,P01,8f99450e-b3b4-4bbf-a34f-dee9d88fdb64,4,1,haply,mpc,seeded_random,593114440,persist_session,10.0,1785312727.5037937,2814.565565003,0,1785312727.494106,873,True,careful,fixed,0.08,0.08,0.0,-0.08,0.08,0.0,-0.081744456,0.07918754,0.0,-0.112447806,-0.13472393,0.25245383,-0.000120610435,-0.00027176135,-0.00013422656,"[-23.93134336732127, 51.831887278569674, 0.0, 0.0, 0.0, 0.0, -27.633469186951697, 67.27262018529466]","[-0.04174717552518359, -0.022451088375630802, 0.0]","{""Controller Type"": ""MPC Controller"", ""weight_comfort"": 1000.0, ""weight_trajectory"": 1000.0, ""weight_goal"": 100.0, ""Q"": [[1000.0, 0.0, 0.0, 0.0], [0.0, 0.0, 0.0, 0.0], [0.0, 0.0, 1000.0, 0.0], [0.0, 0.0, 0.0, 0.0]], ""R"": [[1000.0, 0.0], [0.0, 1000.0]], ""P"": [[100.0, 0.0, 0.0, 0.0], [0.0, 10000.0, 0.0, 0.0], [0.0, 0.0, 100.0, 0.0], [0.0, 0.0, 0.0, 10000.0]]}","[0.03903641109830656, 0.01818075236594885, 0.0]",False
3,P01,8f99450e-b3b4-4bbf-a34f-dee9d88fdb64,4,1,haply,mpc,seeded_random,593114440,persist_session,10.0,1785312727.513866,2814.575652838,0,1785312727.503783,874,True,careful,fixed,0.08,0.08,0.0,-0.08,0.08,0.0,-0.081744456,0.07918754,0.0,-0.112447806,-0.13472393,0.25245383,-8.734753e-05,-0.00019681289,-9.720852e-05,"[-23.931171692758653, 51.83172616848922, 0.0, 0.0, 0.0, 0.0, -27.631015767233844, 67.27193780503796]","[-0.04174687604646279, -0.022449095070246835, 0.0]","{""Controller Type"": ""MPC Controller"", ""weight_comfort"": 1000.0, ""weight_trajectory"": 1000.0, ""weight_goal"": 100.0, ""Q"": [[1000.0, 0.0, 0.0, 0.0], [0.0, 0.0, 0.0, 0.0], [0.0, 0.0, 1000.0, 0.0], [0.0, 0.0, 0.0, 0.0]], ""R"": [[1000.0, 0.0], [0.0, 1000.0]], ""P"": [[100.0, 0.0, 0.0, 0.0], [0.0, 10000.0, 0.0, 0.0], [0.0, 0.0, 100.0, 0.0], [0.0, 0.0, 0.0, 10000.0]]}","[0.039036411098306675, 0.018180752365948852, 0.0]",False
3,P01,8f99450e-b3b4-4bbf-a34f-dee9d88fdb64,4,1,haply,mpc,seeded_random,593114440,persist_session,10.0,1785312727.5241756,2814.58596134,0,1785312727.514083,875,True,careful,fixed,0.08,0.08,0.0,-0.08,0.08,0.0,-0.081744456,0.07918754,0.0,-0.11238855,-0.13477057,0.25245532,-6.227961e-05,-0.00014032946,-6.93106e-05,"[-23.930999157991433, 51.83156425113929, 0.0, 0.0, 0.0, 0.0, -27.628550457674397, 67.2712521178081]","[-0.0417465750671529, -0.022447092104842168, 0.0]","{""Controller Type"": ""MPC Controller"", ""weight_comfort"": 1000.0, ""weight_trajectory"": 1000.0, ""weight_goal"": 100.0, ""Q"": [[1000.0, 0.0, 0.0, 0.0], [0.0, 0.0, 0.0, 0.0], [0.0, 0.0, 1000.0, 0.0], [0.0, 0.0, 0.0, 0.0]], ""R"": [[1000.0, 0.0], [0.0, 1000.0]], ""P"": [[100.0, 0.0, 0.0, 0.0], [0.0, 10000.0, 0.0, 0.0], [0.0, 0.0, 100.0, 0.0], [0.0, 0.0, 0.0, 10000.0]]}","[0.03903641109830656, 0.018180752365948852, 0.0]",False
3,P01,8f99450e-b3b4-4bbf-a34f-dee9d88fdb64,4,1,haply,mpc,seeded_random,593114440,persist_session,10.0,1785312727.533805,2814.595601908,0,1785312727.5239303,876,True,careful,fixed,0.08,0.08,0.0,-0.08,0.08,0.0,-0.081744456,0.07918754,0.0,-0.11238855,-0.13477057,0.25245532,1.3004156e-05,-0.00014615736,-4.8304217e-05,"[-23.93082575872192, 51.83140152248668, 0.0, 0.0, 0.0, 0.0, -27.6260732028289, 67.27056310818408]","[-0.0417462725797568, -0.022445079434370394, 0.0]","{""Controller Type"": ""MPC Controller"", ""weight_comfort"": 1000.0, ""weight_trajectory"": 1000.0, ""weight_goal"": 100.0, ""Q"": [[1000.0, 0.0, 0.0, 0.0], [0.0, 0.0, 0.0, 0.0], [0.0, 0.0, 1000.0, 0.0], [0.0, 0.0, 0.0, 0.0]], ""R"": [[1000.0, 0.0], [0.0, 1000.0]], ""P"": [[100.0, 0.0, 0.0, 0.0], [0.0, 10000.0, 0.0, 0.0], [0.0, 0.0, 100.0, 0.0], [0.0, 0.0, 0.0, 10000.0]]}","[0.03903641109830667, 0.018180752365948852, 0.0]",False
3,P01,8f99450e-b3b4-4bbf-a34f-dee9d88fdb64,4,1,haply,mpc,seeded_random,593114440,persist_session,10.0,1785312727.5437124,2814.60550433,0,1785312727.5338006,877,True,careful,fixed,0.08,0.08,0.0,-0.08,0.08,0.0,-0.08156668800000001,0.07919051999999999,0.0,-0.11238855,-0.13477057,0.25245532,8.333459e-05,-0.00016321753,-3.2835895e-05,"[-23.964857507939367, 51.90887749037392, 0.0, 0.0, 0.0, 0.0, -27.62284056682971, 67.27046299262517]","[0.8973547991847035, -0.0020500990441356497, 0.0]","{""Controller Type"": ""MPC Controller"", ""weight_comfort"": 1000.0, ""weight_trajectory"": 1000.0, ""weight_goal"": 100.0, ""Q"": [[1000.0, 0.0, 0.0, 0.0], [0.0, 0.0, 0.0, 0.0], [0.0, 0.0, 1000.0, 0.0], [0.0, 0.0, 0.0, 0.0]], ""R"": [[1000.0, 0.0], [0.0, 1000.0]], ""P"": [[100.0, 0.0, 0.0, 0.0], [0.0, 10000.0, 0.0, 0.0], [0.0, 0.0, 100.0, 0.0], [0.0, 0.0, 0.0, 10000.0]]}","[-0.08573522181958576, 0.016089152831199587, 0.0]",False
3,P01,8f99450e-b3b4-4bbf-a34f-dee9d88fdb64,4,1,haply,mpc,seeded_random,593114440,persist_session,10.0,1785312727.553649,2814.615446403,0,1785312727.544131,878,True,careful,fixed,0.08,0.08,0.0,-0.08,0.08,0.0,-0.08156668800000001,0.07919051999999999,0.0,-0.11238855,-0.13477057,0.25245532,0.00013301635,-0.00017526893,-2.1909002e-05,"[-23.971281515856774, 51.91490134533758, 0.0, 0.0, 0.0, 0.0, -27.62360297176354, 67.27067505715344]","[-0.03755551909551487, -0.022360754133583568, 0.0]","{""Controller Type"": ""MPC Controller"", ""weight_comfort"": 1000.0, ""weight_trajectory"": 1000.0, ""weight_goal"": 100.0, ""Q"": [[1000.0, 0.0, 0.0, 0.0], [0.0, 0.0, 0.0, 0.0], [0.0, 0.0, 1000.0, 0.0], [0.0, 0.0, 0.0, 0.0]], ""R"": [[1000.0, 0.0], [0.0, 1000.0]], ""P"": [[100.0, 0.0, 0.0, 0.0], [0.0, 10000.0, 0.0, 0.0], [0.0, 0.0, 100.0, 0.0], [0.0, 0.0, 0.0, 10000.0]]}","[0.035058423274720016, 0.018114067677398513, 0.0]",False
3,P01,8f99450e-b3b4-4bbf-a34f-dee9d88fdb64,4,1,haply,mpc,seeded_random,593114440,persist_session,10.0,1785312727.5637534,2814.625547513,0,1785312727.553848,879,True,careful,fixed,0.08,0.08,0.0,-0.08,0.08,0.0,-0.08156668800000001,0.07919051999999999,0.0,-0.1123293,-0.13481718,0.2524568,0.00016997119,-0.00018422997,-1.3781854e-05,"[-23.971139379829005, 51.91476806299619, 0.0, 0.0, 0.0, 0.0, -27.62110767353315, 67.26998098472731]","[-0.037555296412705795, -0.022358734239572034, 0.0]","{""Controller Type"": ""MPC Controller"", ""weight_comfort"": 1000.0, ""weight_trajectory"": 1000.0, ""weight_goal"": 100.0, ""Q"": [[1000.0, 0.0, 0.0, 0.0], [0.0, 0.0, 0.0, 0.0], [0.0, 0.0, 1000.0, 0.0], [0.0, 0.0, 0.0, 0.0]], ""R"": [[1000.0, 0.0], [0.0, 1000.0]], ""P"": [[100.0, 0.0, 0.0, 0.0], [0.0, 10000.0, 0.0, 0.0], [0.0, 0.0, 100.0, 0.0], [0.0, 0.0, 0.0, 10000.0]]}","[0.035058423274719974, 0.0181140676773985, 0.0]",False
3,P01,8f99450e-b3b4-4bbf-a34f-dee9d88fdb64,4,1,haply,mpc,seeded_random,593114440,persist_session,10.0,1785312727.5736961,2814.635495123,0,1785312727.563926,880,True,careful,fixed,0.08,0.08,0.0,-0.08,0.08,0.0,-0.08138893800000002,0.07919347999999998,0.0,-0.11237457,-0.13486242,0.25242674,0.00027948048,-0.00039757526,-5.664347e-05,"[-24.003011983605806, 51.986919760779514, 0.0, 0.0, 0.0, 0.0, -27.617928195845547, 67.26986200810612]","[0.8835811073018447, -0.002516551409547787, 0.0]","{""Controller Type"": ""MPC Controller"", ""weight_comfort"": 1000.0, ""weight_trajectory"": 1000.0, ""weight_goal"": 100.0, ""Q"": [[1000.0, 0.0, 0.0, 0.0], [0.0, 0.0, 0.0, 0.0], [0.0, 0.0, 1000.0, 0.0], [0.0, 0.0, 0.0, 0.0]], ""R"": [[1000.0, 0.0], [0.0, 1000.0]], ""P"": [[100.0, 0.0, 0.0, 0.0], [0.0, 10000.0, 0.0, 0.0], [0.0, 0.0, 100.0, 0.0], [0.0, 0.0, 0.0, 10000.0]]}","[-0.08721179863452282, 0.016077950339279376, 0.0]",False
3,P01,8f99450e-b3b4-4bbf-a34f-dee9d88fdb64,4,1,haply,mpc,seeded_random,593114440,persist_session,10.0,1785312727.583683,2814.645480325,0,1785312727.573843,881,True,careful,fixed,0.08,0.08,0.0,-0.08,0.08,0.0,-0.08138893800000002,0.07919347999999998,0.0,-0.11237457,-0.13486242,0.25242674,0.00039219254,-0.0006333967,-0.000106571715,"[-24.00892322369987, 51.992458424106744, 0.0, 0.0, 0.0, 0.0, -27.618752647767135, 67.27009134558058]","[-0.033346905804479736, -0.022275076385477672, 0.0]","{""Controller Type"": ""MPC Controller"", ""weight_comfort"": 1000.0, ""weight_trajectory"": 1000.0, ""weight_goal"": 100.0, ""Q"": [[1000.0, 0.0, 0.0, 0.0], [0.0, 0.0, 0.0, 0.0], [0.0, 0.0, 1000.0, 0.0], [0.0, 0.0, 0.0, 0.0]], ""R"": [[1000.0, 0.0], [0.0, 1000.0]], ""P"": [[100.0, 0.0, 0.0, 0.0], [0.0, 10000.0, 0.0, 0.0], [0.0, 0.0, 100.0, 0.0], [0.0, 0.0, 0.0, 10000.0]]}","[0.03108083824455406, 0.018047830537093322, 0.0]",False
3,P01,8f99450e-b3b4-4bbf-a34f-dee9d88fdb64,4,1,haply,mpc,seeded_random,593114440,persist_session,10.0,1785312727.5936756,2814.655478739,0,1785312727.5837991,882,True,careful,fixed,0.08,0.08,0.0,-0.08,0.08,0.0,-0.08152474799999998,0.07913335999999999,0.0,-0.11237457,-0.13486242,0.25242674,0.00048217564,-0.0007872463,-0.00013409623,"[-24.03078956905442, 52.036687930257976, 0.0, 0.0, 0.0, 0.0, -27.68134426739466, 67.37569637398592]","[-0.7464657660855971, -0.43083763650010015, 0.0]","{""Controller Type"": ""MPC Controller"", ""weight_comfort"": 1000.0, ""weight_trajectory"": 1000.0, ""weight_goal"": 100.0, ""Q"": [[1000.0, 0.0, 0.0, 0.0], [0.0, 0.0, 0.0, 0.0], [0.0, 0.0, 1000.0, 0.0], [0.0, 0.0, 0.0, 0.0]], ""R"": [[1000.0, 0.0], [0.0, 1000.0]], ""P"": [[100.0, 0.0, 0.0, 0.0], [0.0, 10000.0, 0.0, 0.0], [0.0, 0.0, 100.0, 0.0], [0.0, 0.0, 0.0, 10000.0]]}","[0.12560746731152903, 0.05989262060780907, 0.0]",False
3,P01,8f99450e-b3b4-4bbf-a34f-dee9d88fdb64,4,1,haply,mpc,seeded_random,593114440,persist_session,10.0,1785312727.6039245,2814.665713401,0,1785312727.5935817,883,True,careful,fixed,0.08,0.08,0.0,-0.08,0.08,0.0,-0.08152474799999998,0.07913335999999999,0.0,-0.11231525,-0.13490902,0.25242823,0.00055949576,-0.00090144796,-0.00015133328,"[-24.02541747402768, 52.03165735469216, 0.0, 0.0, 0.0, 0.0, -27.603271022081426, 67.35407827356087]","[-0.036632707242688245, -0.023922098798577082, 0.0]","{""Controller Type"": ""MPC Controller"", ""weight_comfort"": 1000.0, ""weight_trajectory"": 1000.0, ""weight_goal"": 100.0, ""Q"": [[1000.0, 0.0, 0.0, 0.0], [0.0, 0.0, 0.0, 0.0], [0.0, 0.0, 1000.0, 0.0], [0.0, 0.0, 0.0, 0.0]], ""R"": [[1000.0, 0.0], [0.0, 1000.0]], ""P"": [[100.0, 0.0, 0.0, 0.0], [0.0, 10000.0, 0.0, 0.0], [0.0, 0.0, 100.0, 0.0], [0.0, 0.0, 0.0, 10000.0]]}","[0.03411991460431049, 0.01939316056248433, 0.0]",False
3,P01,8f99450e-b3b4-4bbf-a34f-dee9d88fdb64,4,1,haply,mpc,seeded_random,593114440,persist_session,10.0,1785312727.6137958,2814.675592324,0,1785312727.6037219,884,True,careful,fixed,0.08,0.08,0.0,-0.08,0.08,0.0,-0.08134678800000002,0.07913633999999997,0.0,-0.11231525,-0.13490902,0.25242823,0.00071330415,-0.0009402662,-0.00011811672,"[-24.05710237960717, 52.10329496634107, 0.0, 0.0, 0.0, 0.0, -27.599623427676832, 67.35388082247947]","[0.8820121398663833, -0.004042707505370485, 0.0]","{""Controller Type"": ""MPC Controller"", ""weight_comfort"": 1000.0, ""weight_trajectory"": 1000.0, ""weight_goal"": 100.0, ""Q"": [[1000.0, 0.0, 0.0, 0.0], [0.0, 0.0, 0.0, 0.0], [0.0, 0.0, 1000.0, 0.0], [0.0, 0.0, 0.0, 0.0]], ""R"": [[1000.0, 0.0], [0.0, 1000.0]], ""P"": [[100.0, 0.0, 0.0, 0.0], [0.0, 10000.0, 0.0, 0.0], [0.0, 0.0, 100.0, 0.0], [0.0, 0.0, 0.0, 10000.0]]}","[-0.08756797748194262, 0.017355455918659196, 0.0]",False
3,P01,8f99450e-b3b4-4bbf-a34f-dee9d88fdb64,4,1,haply,mpc,seeded_random,593114440,persist_session,10.0,1785312727.6237864,2814.685580104,0,1785312727.6136382,885,True,careful,fixed,0.08,0.08,0.0,-0.08,0.08,0.0,-0.08134678800000002,0.07913633999999997,0.0,-0.11231525,-0.13490902,0.25242823,0.00085163966,-0.0009410349,-7.5991535e-05,"[-24.062918065441412, 52.10873659744286, 0.0, 0.0, 0.0, 0.0, -27.600334024298093, 67.3540775968916]","[-0.03240764929552008, -0.02383730448342612, 0.0]","{""Controller Type"": ""MPC Controller"", ""weight_comfort"": 1000.0, ""weight_trajectory"": 1000.0, ""weight_goal"": 100.0, ""Q"": [[1000.0, 0.0, 0.0, 0.0], [0.0, 0.0, 0.0, 0.0], [0.0, 0.0, 1000.0, 0.0], [0.0, 0.0, 0.0, 0.0]], ""R"": [[1000.0, 0.0], [0.0, 1000.0]], ""P"": [[100.0, 0.0, 0.0, 0.0], [0.0, 10000.0, 0.0, 0.0], [0.0, 0.0, 100.0, 0.0], [0.0, 0.0, 0.0, 10000.0]]}","[0.03013763031756936, 0.019326475873934025, 0.0]",False
3,P01,8f99450e-b3b4-4bbf-a34f-dee9d88fdb64,4,1,haply,mpc,seeded_random,593114440,persist_session,10.0,1785312727.6337202,2814.695522436,0,1785312727.624116,886,True,careful,fixed,0.08,0.08,0.0,-0.08,0.08,0.0,-0.08134678800000002,0.07913633999999997,0.0,-0.11231525,-0.13490902,0.25242823,0.0009499801,-0.00094158144,-4.6045396e-05,"[-24.062809041747926, 52.10863458596249, 0.0, 0.0, 0.0, 0.0, -27.59739888184538, 67.3532648137832]","[-0.03240750246371798, -0.023834769518295405, 0.0]","{""Controller Type"": ""MPC Controller"", ""weight_comfort"": 1000.0, ""weight_trajectory"": 1000.0, ""weight_goal"": 100.0, ""Q"": [[1000.0, 0.0, 0.0, 0.0], [0.0, 0.0, 0.0, 0.0], [0.0, 0.0, 1000.0, 0.0], [0.0, 0.0, 0.0, 0.0]], ""R"": [[1000.0, 0.0], [0.0, 1000.0]], ""P"": [[100.0, 0.0, 0.0, 0.0], [0.0, 10000.0, 0.0, 0.0], [0.0, 0.0, 100.0, 0.0], [0.0, 0.0, 0.0, 10000.0]]}","[0.030137630317569435, 0.019326475873934, 0.0]",False
3,P01,8f99450e-b3b4-4bbf-a34f-dee9d88fdb64,4,1,haply,mpc,seeded_random,593114440,persist_session,10.0,1785312727.6440244,2814.705809151,0,1785312727.6339648,887,True,careful,fixed,0.08,0.08,0.0,-0.08,0.08,0.0,-0.08134678800000002,0.07913633999999997,0.0,-0.1122559,-0.13495564,0.25242972,0.0010257551,-0.0009454964,-2.4282352e-05,"[-24.06269947119206, 52.108532062792975, 0.0, 0.0, 0.0, 0.0, -27.59444961885158, 67.35244812049413]","[-0.032407354895408184, -0.02383222235781818, 0.0]","{""Controller Type"": ""MPC Controller"", ""weight_comfort"": 1000.0, ""weight_trajectory"": 1000.0, ""weight_goal"": 100.0, ""Q"": [[1000.0, 0.0, 0.0, 0.0], [0.0, 0.0, 0.0, 0.0], [0.0, 0.0, 1000.0, 0.0], [0.0, 0.0, 0.0, 0.0]], ""R"": [[1000.0, 0.0], [0.0, 1000.0]], ""P"": [[100.0, 0.0, 0.0, 0.0], [0.0, 10000.0, 0.0, 0.0], [0.0, 0.0, 100.0, 0.0], [0.0, 0.0, 0.0, 10000.0]]}","[0.030137630317569403, 0.019326475873933924, 0.0]",False
3,P01,8f99450e-b3b4-4bbf-a34f-dee9d88fdb64,4,1,haply,mpc,seeded_random,593114440,persist_session,10.0,1785312727.654224,2814.715992014,0,1785312727.64409,888,True,careful,fixed,0.08,0.08,0.0,-0.08,0.08,0.0,-0.08134678800000002,0.07913633999999997,0.0,-0.1122559,-0.13495564,0.25242972,0.0010945023,-0.0009604979,-8.66063e-06,"[-24.062589351035783, 52.10842902537238, 0.0, 0.0, 0.0, 0.0, -27.59148617049223, 67.35162749907356]","[-0.03240720658690315, -0.02382966294600815, 0.0]","{""Controller Type"": ""MPC Controller"", ""weight_comfort"": 1000.0, ""weight_trajectory"": 1000.0, ""weight_goal"": 100.0, ""Q"": [[1000.0, 0.0, 0.0, 0.0], [0.0, 0.0, 0.0, 0.0], [0.0, 0.0, 1000.0, 0.0], [0.0, 0.0, 0.0, 0.0]], ""R"": [[1000.0, 0.0], [0.0, 1000.0]], ""P"": [[100.0, 0.0, 0.0, 0.0], [0.0, 10000.0, 0.0, 0.0], [0.0, 0.0, 100.0, 0.0], [0.0, 0.0, 0.0, 10000.0]]}","[0.0301376303175694, 0.019326475873934, 0.0]",False
3,P01,8f99450e-b3b4-4bbf-a34f-dee9d88fdb64,4,1,haply,mpc,seeded_random,593114440,persist_session,10.0,1785312727.6638255,2814.725605161,0,1785312727.6539223,889,True,careful,fixed,0.08,0.08,0.0,-0.08,0.08,0.0,-0.08116873800000002,0.07913932000000007,0.0,-0.1122559,-0.13495564,0.25242972,0.0011441495,-0.0009713315,2.620918e-06,"[-24.099581646618216, 52.191380663667665, 0.0, 0.0, 0.0, 0.0, -27.58764718939825, 67.35145311698582]","[0.9169431489125547, -0.0033312467967857792, 0.0]","{""Controller Type"": ""MPC Controller"", ""weight_comfort"": 1000.0, ""weight_trajectory"": 1000.0, ""weight_goal"": 100.0, ""Q"": [[1000.0, 0.0, 0.0, 0.0], [0.0, 0.0, 0.0, 0.0], [0.0, 0.0, 1000.0, 0.0], [0.0, 0.0, 0.0, 0.0]], ""R"": [[1000.0, 0.0], [0.0, 1000.0]], ""P"": [[100.0, 0.0, 0.0, 0.0], [0.0, 10000.0, 0.0, 0.0], [0.0, 0.0, 100.0, 0.0], [0.0, 0.0, 0.0, 10000.0]]}","[-0.09529838877105559, 0.017227069320179637, 0.0]",False
