schema_version,participant_id,session_id,trial_id,attempt_id,input_source,controller_family,order_strategy,order_seed,estimator_state_policy,max_control_amplitude,timestamp,monotonic_timestamp,missed_cycle_count,cursor_timestamp,cursor_sample_sequence,study_running,study_phase,study_controller_mode,start_x,start_y,start_z,end_x,end_y,end_z,cursor_x,cursor_y,cursor_z,haply_pos_x,haply_pos_y,haply_pos_z,haply_vel_x,haply_vel_y,haply_vel_z,K_h,u_h,K_a,u_a,endpoint_reached
3,P16,348eb992-215e-4660-80e3-387165623cf5,32,1,haply,mpc,seeded_random,2704771326,persist_session,10.0,35.84962333679199,973.048119897,0,1786086453.7008798,178.0,True,aggressive,adaptive,0.0,-0.15,0.0,0.096,-0.022,0.0,-0.0010003199999999,-0.14857984,0.0,0.02896382,-0.09099598,0.14881685,-3.7192383e-06,-0.00094594376,-0.0014180592,,,"{""Controller Type"": ""MPC Controller"", ""weight_comfort"": 500.0, ""weight_trajectory"": 3000.0, ""weight_goal"": 1000.0, ""Q"": [[3000.0, 0.0, 0.0, 0.0], [0.0, 0.0, 0.0, 0.0], [0.0, 0.0, 3000.0, 0.0], [0.0, 0.0, 0.0, 0.0]], ""R"": [[500.0, 0.0], [0.0, 500.0]], ""P"": [[1000.0, 0.0, 0.0, 0.0], [0.0, 100000.0, 0.0, 0.0], [0.0, 0.0, 1000.0, 0.0], [0.0, 0.0, 0.0, 100000.0]]}",,
3,P16,348eb992-215e-4660-80e3-387165623cf5,32,1,haply,mpc,seeded_random,2704771326,persist_session,10.0,35.85999764442444,973.058465884,0,1786086453.7111456,179.0,True,aggressive,adaptive,0.0,-0.15,0.0,0.096,-0.022,0.0,-0.0010003199999999,-0.14857984,0.0,0.02896382,-0.09099598,0.14881685,-3.2292905e-06,-0.0012215512,-0.0017386785,,,"{""Controller Type"": ""MPC Controller"", ""weight_comfort"": 500.0, ""weight_trajectory"": 3000.0, ""weight_goal"": 1000.0, ""Q"": [[3000.0, 0.0, 0.0, 0.0], [0.0, 0.0, 0.0, 0.0], [0.0, 0.0, 3000.0, 0.0], [0.0, 0.0, 0.0, 0.0]], ""R"": [[500.0, 0.0], [0.0, 500.0]], ""P"": [[1000.0, 0.0, 0.0, 0.0], [0.0, 100000.0, 0.0, 0.0], [0.0, 0.0, 1000.0, 0.0], [0.0, 0.0, 0.0, 100000.0]]}","[0.007361714169910665, 0.009553134829566906, 0.0]",
3,P16,348eb992-215e-4660-80e3-387165623cf5,32,1,haply,mpc,seeded_random,2704771326,persist_session,10.0,35.869313373565674,973.067798217,0,1786086453.720793,180.0,True,aggressive,adaptive,0.0,-0.15,0.0,0.096,-0.022,0.0,-0.0010003199999999,-0.14857984,0.0,0.02896382,-0.09099598,0.14881685,-2.8733537e-06,-0.001421774,-0.0019716015,"[-5.471761296875056, 7.545133750026415, 0.0, 0.0, 0.0, 0.0, 2.384818234075155, 20.400152220512012]","[-0.5307625967604954, 0.30186991049831574, 0.0]","{""Controller Type"": ""MPC Controller"", ""weight_comfort"": 391.252630658896, ""weight_trajectory"": 3652.4842160466237, ""weight_goal"": 1000.0, ""Q"": [[3652.4842160466237, 0.0, 0.0, 0.0], [0.0, 0.0, 0.0, 0.0], [0.0, 0.0, 3652.4842160466237, 0.0], [0.0, 0.0, 0.0, 0.0]], ""R"": [[391.252630658896, 0.0], [0.0, 391.252630658896]], ""P"": [[1000.0, 0.0, 0.0, 0.0], [0.0, 100000.0, 0.0, 0.0], [0.0, 0.0, 1000.0, 0.0], [0.0, 0.0, 0.0, 100000.0]]}","[0.008174973416807953, 0.010594529422890403, 0.0]",
3,P16,348eb992-215e-4660-80e3-387165623cf5,32,1,haply,mpc,seeded_random,2704771326,persist_session,10.0,35.87961567878723,973.0781111,0,1786086453.7310565,181.0,True,aggressive,adaptive,0.0,-0.15,0.0,0.096,-0.022,0.0,-0.0010003199999999,-0.14857984,0.0,0.02896382,-0.09099598,0.14881685,-2.51654e-06,-0.0014545709,-0.0019921993,"[-5.4113173585162055, 7.530036005990479, 0.0, 0.0, 0.0, 0.0, 1.4687400691708163, 20.401984436622833]","[-0.5248995153976267, 0.1859128829572309, 0.0]","{""Controller Type"": ""MPC Controller"", ""weight_comfort"": 391.252630658896, ""weight_trajectory"": 3652.4842160466237, ""weight_goal"": 1000.0, ""Q"": [[3652.4842160466237, 0.0, 0.0, 0.0], [0.0, 0.0, 0.0, 0.0], [0.0, 0.0, 3652.4842160466237, 0.0], [0.0, 0.0, 0.0, 0.0]], ""R"": [[391.252630658896, 0.0], [0.0, 391.252630658896]], ""P"": [[1000.0, 0.0, 0.0, 0.0], [0.0, 100000.0, 0.0, 0.0], [0.0, 0.0, 1000.0, 0.0], [0.0, 0.0, 0.0, 100000.0]]}","[0.008174973416807953, 0.010594529422890403, 0.0]",False
3,P16,348eb992-215e-4660-80e3-387165623cf5,32,1,haply,mpc,seeded_random,2704771326,persist_session,10.0,35.88952745437622,973.088023907,0,1786086453.7407694,182.0,True,aggressive,adaptive,0.0,-0.15,0.0,0.096,-0.022,0.0,-0.0010003199999999,-0.14857984,0.0,0.028963849,-0.090965465,0.14885731,-1.821344e-06,-0.0010618479,-0.0014533947,"[-5.352135685580324, 7.51525355180459, 0.0, 0.0, 0.0, 0.0, 1.0608346626409375, 20.402800274054798]","[-0.5191588741847107, 0.13428028186354388, 0.0]","{""Controller Type"": ""MPC Controller"", ""weight_comfort"": 391.252630658896, ""weight_trajectory"": 3652.4842160466237, ""weight_goal"": 1000.0, ""Q"": [[3652.4842160466237, 0.0, 0.0, 0.0], [0.0, 0.0, 0.0, 0.0], [0.0, 0.0, 3652.4842160466237, 0.0], [0.0, 0.0, 0.0, 0.0]], ""R"": [[391.252630658896, 0.0], [0.0, 391.252630658896]], ""P"": [[1000.0, 0.0, 0.0, 0.0], [0.0, 100000.0, 0.0, 0.0], [0.0, 0.0, 1000.0, 0.0], [0.0, 0.0, 0.0, 100000.0]]}","[0.008174973416720948, 0.010594529422829412, 0.0]",False
3,P16,348eb992-215e-4660-80e3-387165623cf5,32,1,haply,mpc,seeded_random,2704771326,persist_session,10.0,35.899493589401246,973.097997142,0,1786086453.7509844,183.0,True,aggressive,adaptive,0.0,-0.15,0.0,0.096,-0.022,0.0,-0.0010002329999999,-0.14849892,0.0,0.029003264,-0.09086306,0.1489778,1.9726945e-06,-0.00074840285,-0.0010265976,"[-5.294177175081831, 7.500776620288061, 0.0, 0.0, 0.0, 0.0, 0.8300723104300103, 20.403261813818204]","[-0.5135368801196336, 0.10507042024266106, 0.0]","{""Controller Type"": ""MPC Controller"", ""weight_comfort"": 378.5076405367012, ""weight_trajectory"": 3728.954156779793, ""weight_goal"": 1000.0, ""Q"": [[3728.954156779793, 0.0, 0.0, 0.0], [0.0, 0.0, 0.0, 0.0], [0.0, 0.0, 3728.954156779793, 0.0], [0.0, 0.0, 0.0, 0.0]], ""R"": [[378.5076405367012, 0.0], [0.0, 378.5076405367012]], ""P"": [[1000.0, 0.0, 0.0, 0.0], [0.0, 100000.0, 0.0, 0.0], [0.0, 0.0, 1000.0, 0.0], [0.0, 0.0, 0.0, 100000.0]]}","[0.008407257310982484, 0.010701812622184208, 0.0]",False
3,P16,348eb992-215e-4660-80e3-387165623cf5,32,1,haply,mpc,seeded_random,2704771326,persist_session,10.0,35.90958918571472,973.108083486,0,1786086453.761017,184.0,True,aggressive,adaptive,0.0,-0.15,0.0,0.096,-0.022,0.0,-0.0008819879999999,-0.14825794,0.0,0.029083172,-0.09079943,0.14910768,4.7895624e-05,2.2537839e-05,-1.4273461e-05,"[-5.237320532265813, 7.4865754829842714, 0.0, 0.0, 0.0, 0.0, 1.5480762659432175, 20.444174796502608]","[-0.507957549883365, 0.3577815660438256, 0.0]","{""Controller Type"": ""MPC Controller"", ""weight_comfort"": 378.5076405367012, ""weight_trajectory"": 3728.954156779793, ""weight_goal"": 1000.0, ""Q"": [[3728.954156779793, 0.0, 0.0, 0.0], [0.0, 0.0, 0.0, 0.0], [0.0, 0.0, 3728.954156779793, 0.0], [0.0, 0.0, 0.0, 0.0]], ""R"": [[378.5076405367012, 0.0], [0.0, 378.5076405367012]], ""P"": [[1000.0, 0.0, 0.0, 0.0], [0.0, 100000.0, 0.0, 0.0], [0.0, 0.0, 1000.0, 0.0], [0.0, 0.0, 0.0, 100000.0]]}","[0.008407257310982484, 0.010701812622184208, 0.0]",False
3,P16,348eb992-215e-4660-80e3-387165623cf5,32,1,haply,mpc,seeded_random,2704771326,persist_session,10.0,35.919738664627076,973.118224895,0,1786086453.7713451,185.0,True,aggressive,adaptive,0.0,-0.15,0.0,0.096,-0.022,0.0,-0.0006422639999999,-0.14799818,0.0,0.029204976,-0.09082349,0.14925824,0.00012498924,0.0007652249,0.0010303175,"[-5.068295083868765, 7.446797965852818, 0.0, 0.0, 0.0, 0.0, 2.6385735001809065, 20.666317470111853]","[-0.4032584371126359, 0.8295368510808444, 0.0]","{""Controller Type"": ""MPC Controller"", ""weight_comfort"": 378.5076405367012, ""weight_trajectory"": 3728.954156779793, ""weight_goal"": 1000.0, ""Q"": [[3728.954156779793, 0.0, 0.0, 0.0], [0.0, 0.0, 0.0, 0.0], [0.0, 0.0, 3728.954156779793, 0.0], [0.0, 0.0, 0.0, 0.0]], ""R"": [[378.5076405367012, 0.0], [0.0, 378.5076405367012]], ""P"": [[1000.0, 0.0, 0.0, 0.0], [0.0, 100000.0, 0.0, 0.0], [0.0, 0.0, 1000.0, 0.0], [0.0, 0.0, 0.0, 100000.0]]}","[0.008662093459804813, 0.010988208383369693, 0.0]",False
3,P16,348eb992-215e-4660-80e3-387165623cf5,32,1,haply,mpc,seeded_random,2704771326,persist_session,10.0,35.92964114189148,973.128133772,0,1786086453.781014,186.0,True,aggressive,adaptive,0.0,-0.15,0.0,0.096,-0.022,0.0,-0.0002768519999999,-0.14769706,0.0,0.029326824,-0.09081662,0.14944914,0.00024646483,0.0014226732,0.0021815745,"[-4.923487718680567, 7.4149098775229625, 0.0, 0.0, 0.0, 0.0, 1.8765344677856353, 20.501335352609065]","[-0.30370986512880416, 0.7520672327004334, 0.0]","{""Controller Type"": ""MPC Controller"", ""weight_comfort"": 383.50269501770435, ""weight_trajectory"": 3698.9838298937743, ""weight_goal"": 1000.0, ""Q"": [[3698.9838298937743, 0.0, 0.0, 0.0], [0.0, 0.0, 0.0, 0.0], [0.0, 0.0, 3698.9838298937743, 0.0], [0.0, 0.0, 0.0, 0.0]], ""R"": [[383.50269501770435, 0.0], [0.0, 383.50269501770435]], ""P"": [[1000.0, 0.0, 0.0, 0.0], [0.0, 100000.0, 0.0, 0.0], [0.0, 0.0, 1000.0, 0.0], [0.0, 0.0, 0.0, 100000.0]]}","[0.009100613051671742, 0.011908867834127463, 0.0]",False
3,P16,348eb992-215e-4660-80e3-387165623cf5,32,1,haply,mpc,seeded_random,2704771326,persist_session,10.0,35.939591064453126,973.138078118,0,1786086453.791037,187.0,True,aggressive,adaptive,0.0,-0.15,0.0,0.096,-0.022,0.0,8.869200000000826e-05,-0.14731526,0.0,0.02944869,-0.09080916,0.14963998,0.000398576,0.0028974002,0.004573968,"[-4.759223407953215, 7.382203223663435, 0.0, 0.0, 0.0, 0.0, 1.6482596562092484, 20.43448067696501]","[-0.17920895372515733, 0.8435802844373593, 0.0]","{""Controller Type"": ""MPC Controller"", ""weight_comfort"": 383.50269501770435, ""weight_trajectory"": 3698.9838298937743, ""weight_goal"": 1000.0, ""Q"": [[3698.9838298937743, 0.0, 0.0, 0.0], [0.0, 0.0, 0.0, 0.0], [0.0, 0.0, 3698.9838298937743, 0.0], [0.0, 0.0, 0.0, 0.0]], ""R"": [[383.50269501770435, 0.0], [0.0, 383.50269501770435]], ""P"": [[1000.0, 0.0, 0.0, 0.0], [0.0, 100000.0, 0.0, 0.0], [0.0, 0.0, 1000.0, 0.0], [0.0, 0.0, 0.0, 100000.0]]}","[0.009643815092708391, 0.013037996578585993, 0.0]",False
3,P16,348eb992-215e-4660-80e3-387165623cf5,32,1,haply,mpc,seeded_random,2704771326,persist_session,10.0,35.94943584442139,973.147931818,0,1786086453.8008647,188.0,True,aggressive,adaptive,0.0,-0.15,0.0,0.096,-0.022,0.0,0.00045429,-0.14693358,0.0,0.029572135,-0.09085063,0.149842,0.0023554391,0.004309167,0.007241695,"[-4.7539384409216, 7.3811414998752065, 0.0, 0.0, 0.0, 0.0, 1.4179942778403007, 20.3433980474517]","[-0.18677194861836421, 0.9525974399899825, 0.0]","{""Controller Type"": ""MPC Controller"", ""weight_comfort"": 383.50269501770435, ""weight_trajectory"": 3698.9838298937743, ""weight_goal"": 1000.0, ""Q"": [[3698.9838298937743, 0.0, 0.0, 0.0], [0.0, 0.0, 0.0, 0.0], [0.0, 0.0, 3698.9838298937743, 0.0], [0.0, 0.0, 0.0, 0.0]], ""R"": [[383.50269501770435, 0.0], [0.0, 383.50269501770435]], ""P"": [[1000.0, 0.0, 0.0, 0.0], [0.0, 100000.0, 0.0, 0.0], [0.0, 0.0, 1000.0, 0.0], [0.0, 0.0, 0.0, 100000.0]]}","[0.012343322977515628, 0.01640314139750619, 0.0]",False
3,P16,348eb992-215e-4660-80e3-387165623cf5,32,1,haply,mpc,seeded_random,2704771326,persist_session,10.0,35.95950235366821,973.157992439,0,1786086453.8110871,189.0,True,aggressive,adaptive,0.0,-0.15,0.0,0.096,-0.022,0.0,0.000824625,-0.14652954,0.0,0.029736498,-0.090898775,0.15009442,0.0048946063,0.0024718172,0.010091767,"[-4.729929484262668, 7.3763502464845345, 0.0, 0.0, 0.0, 0.0, 0.7870160752709503, 20.084763414619186]","[-0.1775095040235477, 0.8783857570521467, 0.0]","{""Controller Type"": ""MPC Controller"", ""weight_comfort"": 376.6104097298798, ""weight_trajectory"": 3740.3375416207214, ""weight_goal"": 1000.0, ""Q"": [[3740.3375416207214, 0.0, 0.0, 0.0], [0.0, 0.0, 0.0, 0.0], [0.0, 0.0, 3740.3375416207214, 0.0], [0.0, 0.0, 0.0, 0.0]], ""R"": [[376.6104097298798, 0.0], [0.0, 376.6104097298798]], ""P"": [[1000.0, 0.0, 0.0, 0.0], [0.0, 100000.0, 0.0, 0.0], [0.0, 0.0, 1000.0, 0.0], [0.0, 0.0, 0.0, 100000.0]]}","[0.012343322977515628, 0.01640314139750619, 0.0]",False
3,P16,348eb992-215e-4660-80e3-387165623cf5,32,1,haply,mpc,seeded_random,2704771326,persist_session,10.0,35.96933878898621,973.167837748,0,1786086453.8208747,190.0,True,aggressive,adaptive,0.0,-0.15,0.0,0.096,-0.022,0.0,0.001317714,-0.1460247,0.0,0.029900847,-0.09091503,0.15038702,0.006947788,0.0011552495,0.012837984,"[-4.721724230917636, 7.374702245081111, 0.0, 0.0, 0.0, 0.0, 0.2581654991239106, 19.860017219640145]","[-0.18222359625888046, 0.8171130246366435, 0.0]","{""Controller Type"": ""MPC Controller"", ""weight_comfort"": 376.6104097298798, ""weight_trajectory"": 3740.3375416207214, ""weight_goal"": 1000.0, ""Q"": [[3740.3375416207214, 0.0, 0.0, 0.0], [0.0, 0.0, 0.0, 0.0], [0.0, 0.0, 3740.3375416207214, 0.0], [0.0, 0.0, 0.0, 0.0]], ""R"": [[376.6104097298798, 0.0], [0.0, 376.6104097298798]], ""P"": [[1000.0, 0.0, 0.0, 0.0], [0.0, 100000.0, 0.0, 0.0], [0.0, 0.0, 1000.0, 0.0], [0.0, 0.0, 0.0, 100000.0]]}","[0.015925254654372594, 0.021471392137023534, 0.0]",False
3,P16,348eb992-215e-4660-80e3-387165623cf5,32,1,haply,mpc,seeded_random,2704771326,persist_session,10.0,35.9796897315979,973.178186022,0,1786086453.831108,191.0,True,aggressive,adaptive,0.0,-0.15,0.0,0.096,-0.022,0.0,0.001810761,-0.1454395,0.0,0.030107336,-0.09092384,0.15082137,0.008874426,8.883205e-05,0.015983652,"[-4.586885298128644, 7.350782171605065, 0.0, 0.0, 0.0, 0.0, 0.35677319360612986, 19.92751151827715]","[-0.06397057442113274, 1.0721050099295888, 0.0]","{""Controller Type"": ""MPC Controller"", ""weight_comfort"": 376.6104097298798, ""weight_trajectory"": 3740.3375416207214, ""weight_goal"": 1000.0, ""Q"": [[3740.3375416207214, 0.0, 0.0, 0.0], [0.0, 0.0, 0.0, 0.0], [0.0, 0.0, 3740.3375416207214, 0.0], [0.0, 0.0, 0.0, 0.0]], ""R"": [[376.6104097298798, 0.0], [0.0, 376.6104097298798]], ""P"": [[1000.0, 0.0, 0.0, 0.0], [0.0, 100000.0, 0.0, 0.0], [0.0, 0.0, 1000.0, 0.0], [0.0, 0.0, 0.0, 100000.0]]}","[0.019168676363914748, 0.025330528641249718, 0.0]",False
3,P16,348eb992-215e-4660-80e3-387165623cf5,32,1,haply,mpc,seeded_random,2704771326,persist_session,10.0,35.9893344783783,973.187827928,0,1786086453.840878,192.0,True,aggressive,adaptive,0.0,-0.15,0.0,0.096,-0.022,0.0,0.0024302279999999,-0.1445708,0.0,0.030354893,-0.09093685,0.15130593,0.010880669,-0.00035336963,0.02007217,"[-4.598958048553086, 7.3529640413531006, 0.0, 0.0, 0.0, 0.0, 0.03767113911518255, 19.662871616424404]","[-0.07890534451738823, 1.1290769771672862, 0.0]","{""Controller Type"": ""MPC Controller"", ""weight_comfort"": 372.679704960847, ""weight_trajectory"": 3763.921770234918, ""weight_goal"": 1000.0, ""Q"": [[3763.921770234918, 0.0, 0.0, 0.0], [0.0, 0.0, 0.0, 0.0], [0.0, 0.0, 3763.921770234918, 0.0], [0.0, 0.0, 0.0, 0.0]], ""R"": [[372.679704960847, 0.0], [0.0, 372.679704960847]], ""P"": [[1000.0, 0.0, 0.0, 0.0], [0.0, 100000.0, 0.0, 0.0], [0.0, 0.0, 1000.0, 0.0], [0.0, 0.0, 0.0, 100000.0]]}","[0.023457317354399793, 0.030030638413322094, 0.0]",False
3,P16,348eb992-215e-4660-80e3-387165623cf5,32,1,haply,mpc,seeded_random,2704771326,persist_session,10.0,35.99972356796265,973.198199814,0,1786086453.85105,193.0,True,aggressive,adaptive,0.0,-0.15,0.0,0.096,-0.022,0.0,0.003172899,-0.14360168,0.0,0.030643146,-0.09092142,0.15188034,0.01320166,-0.0004632038,0.025020616,"[-4.4728717439527985, 7.33374578846987, 0.0, 0.0, 0.0, 0.0, 0.606695034976465, 20.72877965811586]","[0.04647464756612307, 1.9174792396780624, 0.0]","{""Controller Type"": ""MPC Controller"", ""weight_comfort"": 372.679704960847, ""weight_trajectory"": 3763.921770234918, ""weight_goal"": 1000.0, ""Q"": [[3763.921770234918, 0.0, 0.0, 0.0], [0.0, 0.0, 0.0, 0.0], [0.0, 0.0, 3763.921770234918, 0.0], [0.0, 0.0, 0.0, 0.0]], ""R"": [[372.679704960847, 0.0], [0.0, 372.679704960847]], ""P"": [[1000.0, 0.0, 0.0, 0.0], [0.0, 100000.0, 0.0, 0.0], [0.0, 0.0, 1000.0, 0.0], [0.0, 0.0, 0.0, 100000.0]]}","[0.023457317354399793, 0.030030638413322094, 0.0]",False
3,P16,348eb992-215e-4660-80e3-387165623cf5,32,1,haply,mpc,seeded_random,2704771326,persist_session,10.0,36.00943888664246,973.207928685,0,1786086453.8608477,194.0,True,aggressive,adaptive,0.0,-0.15,0.0,0.096,-0.022,0.0,0.004037658,-0.14245286,0.0,0.030967487,-0.09077819,0.15251927,0.015792407,0.0005321614,0.030873707,"[-4.407782653405409, 7.325147050106064, 0.0, 0.0, 0.0, 0.0, 0.14840631983724745, 19.72457477731203]","[0.12566263386408455, 1.8972920475587416, 0.0]","{""Controller Type"": ""MPC Controller"", ""weight_comfort"": 372.679704960847, ""weight_trajectory"": 3763.921770234918, ""weight_goal"": 1000.0, ""Q"": [[3763.921770234918, 0.0, 0.0, 0.0], [0.0, 0.0, 0.0, 0.0], [0.0, 0.0, 3763.921770234918, 0.0], [0.0, 0.0, 0.0, 0.0]], ""R"": [[372.679704960847, 0.0], [0.0, 372.679704960847]], ""P"": [[1000.0, 0.0, 0.0, 0.0], [0.0, 100000.0, 0.0, 0.0], [0.0, 0.0, 1000.0, 0.0], [0.0, 0.0, 0.0, 100000.0]]}","[0.0396348428663852, 0.051248288781307536, 0.0]",False
3,P16,348eb992-215e-4660-80e3-387165623cf5,32,1,haply,mpc,seeded_random,2704771326,persist_session,10.0,36.019639863967896,973.218127897,0,1786086453.8709948,195.0,True,aggressive,adaptive,0.0,-0.15,0.0,0.096,-0.022,0.0,0.0050106809999999,-0.141175,0.0,0.03141731,-0.09072603,0.15328123,0.019364903,0.0018331631,0.037775412,"[-4.311053566943962, 7.315812303432416, 0.0, 0.0, 0.0, 0.0, 0.12883285232474245, 19.651839948655912]","[0.24924211480709202, 2.3197498734631816, 0.0]","{""Controller Type"": ""MPC Controller"", ""weight_comfort"": 371.49323463198533, ""weight_trajectory"": 3771.0405922080886, ""weight_goal"": 1000.0, ""Q"": [[3771.0405922080886, 0.0, 0.0, 0.0], [0.0, 0.0, 0.0, 0.0], [0.0, 0.0, 3771.0405922080886, 0.0], [0.0, 0.0, 0.0, 0.0]], ""R"": [[371.49323463198533, 0.0], [0.0, 371.49323463198533]], ""P"": [[1000.0, 0.0, 0.0, 0.0], [0.0, 100000.0, 0.0, 0.0], [0.0, 0.0, 1000.0, 0.0], [0.0, 0.0, 0.0, 100000.0]]}","[0.0396348428663852, 0.051248288781307536, 0.0]",False
3,P16,348eb992-215e-4660-80e3-387165623cf5,32,1,haply,mpc,seeded_random,2704771326,persist_session,10.0,36.02976502418518,973.228248306,0,1786086453.8807302,196.0,True,aggressive,adaptive,0.0,-0.15,0.0,0.096,-0.022,0.0,0.0063601499999999,-0.13965108,0.0,0.03190378,-0.090557694,0.15415691,0.023295715,0.0035152966,0.045195326,"[-4.280006363140028, 7.313476820741442, 0.0, 0.0, 0.0, 0.0, -0.14662836731090728, 18.324992248719173]","[0.31186746393612846, 2.290257503956631, 0.0]","{""Controller Type"": ""MPC Controller"", ""weight_comfort"": 371.49323463198533, ""weight_trajectory"": 3771.0405922080886, ""weight_goal"": 1000.0, ""Q"": [[3771.0405922080886, 0.0, 0.0, 0.0], [0.0, 0.0, 0.0, 0.0], [0.0, 0.0, 3771.0405922080886, 0.0], [0.0, 0.0, 0.0, 0.0]], ""R"": [[371.49323463198533, 0.0], [0.0, 371.49323463198533]], ""P"": [[1000.0, 0.0, 0.0, 0.0], [0.0, 100000.0, 0.0, 0.0], [0.0, 0.0, 1000.0, 0.0], [0.0, 0.0, 0.0, 100000.0]]}","[0.07223952221711842, 0.10322966022414194, 0.0]",False
3,P16,348eb992-215e-4660-80e3-387165623cf5,32,1,haply,mpc,seeded_random,2704771326,persist_session,10.0,36.03943242073059,973.237931611,0,1786086453.8910203,197.0,True,aggressive,adaptive,0.0,-0.15,0.0,0.096,-0.022,0.0,0.00781956,-0.13789972,0.0,0.03247133,-0.09038719,0.15513054,0.028023152,0.0056899637,0.053333953,"[-4.0662038768779905, 7.327284155980056, 0.0, 0.0, 0.0, 0.0, -0.13054842288019233, 18.598555466808218]","[0.6511806256188586, 2.8959612063027964, 0.0]","{""Controller Type"": ""MPC Controller"", ""weight_comfort"": 371.49323463198533, ""weight_trajectory"": 3771.0405922080886, ""weight_goal"": 1000.0, ""Q"": [[3771.0405922080886, 0.0, 0.0, 0.0], [0.0, 0.0, 0.0, 0.0], [0.0, 0.0, 3771.0405922080886, 0.0], [0.0, 0.0, 0.0, 0.0]], ""R"": [[371.49323463198533, 0.0], [0.0, 371.49323463198533]], ""P"": [[1000.0, 0.0, 0.0, 0.0], [0.0, 100000.0, 0.0, 0.0], [0.0, 0.0, 1000.0, 0.0], [0.0, 0.0, 0.0, 100000.0]]}","[0.07223952221711842, 0.10322966022414194, 0.0]",False
3,P16,348eb992-215e-4660-80e3-387165623cf5,32,1,haply,mpc,seeded_random,2704771326,persist_session,10.0,36.04972852706909,973.248223969,0,1786086453.9009423,198.0,True,aggressive,adaptive,0.0,-0.15,0.0,0.096,-0.022,0.0,0.00952221,-0.13595246,0.0,0.033121843,-0.090225175,0.1562535,0.033539016,0.008186703,0.06203731,"[-4.086214787178155, 7.325552401387636, 0.0, 0.0, 0.0, 0.0, -0.13499224302332746, 16.964621169686705]","[0.6786053425951508, 2.871628428445285, 0.0]","{""Controller Type"": ""MPC Controller"", ""weight_comfort"": 385.9180113000651, ""weight_trajectory"": 3684.4919321996094, ""weight_goal"": 1000.0, ""Q"": [[3684.4919321996094, 0.0, 0.0, 0.0], [0.0, 0.0, 0.0, 0.0], [0.0, 0.0, 3684.4919321996094, 0.0], [0.0, 0.0, 0.0, 0.0]], ""R"": [[385.9180113000651, 0.0], [0.0, 385.9180113000651]], ""P"": [[1000.0, 0.0, 0.0, 0.0], [0.0, 100000.0, 0.0, 0.0], [0.0, 0.0, 1000.0, 0.0], [0.0, 0.0, 0.0, 100000.0]]}","[0.11682584286610206, 0.16227145585180117, 0.0]",False
3,P16,348eb992-215e-4660-80e3-387165623cf5,32,1,haply,mpc,seeded_random,2704771326,persist_session,10.0,36.05957402229309,973.258073507,0,1786086453.9110076,199.0,True,aggressive,adaptive,0.0,-0.15,0.0,0.096,-0.022,0.0,0.0114737489999999,-0.13370654,0.0,0.03393013,-0.08999213,0.15750906,0.039858453,0.011168017,0.07167756,"[-3.993550600216384, 7.348861932385767, 0.0, 0.0, 0.0, 0.0, -0.08325333099220614, 16.33877782063679]","[0.9157638497636171, 3.197177516981751, 0.0]","{""Controller Type"": ""MPC Controller"", ""weight_comfort"": 385.9180113000651, ""weight_trajectory"": 3684.4919321996094, ""weight_goal"": 1000.0, ""Q"": [[3684.4919321996094, 0.0, 0.0, 0.0], [0.0, 0.0, 0.0, 0.0], [0.0, 0.0, 3684.4919321996094, 0.0], [0.0, 0.0, 0.0, 0.0]], ""R"": [[385.9180113000651, 0.0], [0.0, 385.9180113000651]], ""P"": [[1000.0, 0.0, 0.0, 0.0], [0.0, 100000.0, 0.0, 0.0], [0.0, 0.0, 1000.0, 0.0], [0.0, 0.0, 0.0, 100000.0]]}","[0.16455582267190696, 0.24746431360737034, 0.0]",False
3,P16,348eb992-215e-4660-80e3-387165623cf5,32,1,haply,mpc,seeded_random,2704771326,persist_session,10.0,36.06928767204285,973.267781152,0,1786086453.9210773,200.0,True,aggressive,adaptive,0.0,-0.15,0.0,0.096,-0.022,0.0,0.01389861,-0.13119542,0.0,0.034746382,-0.089845724,0.1588418,0.046543293,0.014058853,0.08158709,"[-3.9531495743875555, 7.366941037505925, 0.0, 0.0, 0.0, 0.0, 0.051288105432468645, 15.476247064088918]","[1.0942127357319924, 3.4590146199941203, 0.0]","{""Controller Type"": ""MPC Controller"", ""weight_comfort"": 385.9180113000651, ""weight_trajectory"": 3684.4919321996094, ""weight_goal"": 1000.0, ""Q"": [[3684.4919321996094, 0.0, 0.0, 0.0], [0.0, 0.0, 0.0, 0.0], [0.0, 0.0, 3684.4919321996094, 0.0], [0.0, 0.0, 0.0, 0.0]], ""R"": [[385.9180113000651, 0.0], [0.0, 385.9180113000651]], ""P"": [[1000.0, 0.0, 0.0, 0.0], [0.0, 100000.0, 0.0, 0.0], [0.0, 0.0, 1000.0, 0.0], [0.0, 0.0, 0.0, 100000.0]]}","[0.2400798973238007, 0.5776751911481172, 0.0]",False
3,P16,348eb992-215e-4660-80e3-387165623cf5,32,1,haply,mpc,seeded_random,2704771326,persist_session,10.0,36.07969821929932,973.278182744,0,1786086453.931299,201.0,True,aggressive,adaptive,0.0,-0.15,0.0,0.096,-0.022,0.0,0.016347366,-0.12852994,0.0,0.03560278,-0.08965364,0.1603106,0.053811856,0.016781656,0.09229375,"[-3.8877073337558072, 7.450395546693695, 0.0, 0.0, 0.0, 0.0, 0.28539511486435887, 14.411244172323876]","[1.4749424892477765, 3.624984074757927, 0.0]","{""Controller Type"": ""MPC Controller"", ""weight_comfort"": 400.12843005054583, ""weight_trajectory"": 3599.2294196967255, ""weight_goal"": 1000.0, ""Q"": [[3599.2294196967255, 0.0, 0.0, 0.0], [0.0, 0.0, 0.0, 0.0], [0.0, 0.0, 3599.2294196967255, 0.0], [0.0, 0.0, 0.0, 0.0]], ""R"": [[400.12843005054583, 0.0], [0.0, 400.12843005054583]], ""P"": [[1000.0, 0.0, 0.0, 0.0], [0.0, 100000.0, 0.0, 0.0], [0.0, 0.0, 1000.0, 0.0], [0.0, 0.0, 0.0, 100000.0]]}","[0.2400798973238007, 0.5776751911481172, 0.0]",False
3,P16,348eb992-215e-4660-80e3-387165623cf5,32,1,haply,mpc,seeded_random,2704771326,persist_session,10.0,36.08954514503479,973.288043325,0,1786086453.9413018,202.0,True,aggressive,adaptive,0.0,-0.15,0.0,0.096,-0.022,0.0,0.01891656,-0.12559234,0.0,0.036588646,-0.08953172,0.16182067,0.061154727,0.018755188,0.10290973,"[-3.9165037356343335, 7.408493260569967, 0.0, 0.0, 0.0, 0.0, 0.794086408715714, 12.410255123553554]","[1.4628483914095896, 3.320770243528501, 0.0]","{""Controller Type"": ""MPC Controller"", ""weight_comfort"": 400.12843005054583, ""weight_trajectory"": 3599.2294196967255, ""weight_goal"": 1000.0, ""Q"": [[3599.2294196967255, 0.0, 0.0, 0.0], [0.0, 0.0, 0.0, 0.0], [0.0, 0.0, 3599.2294196967255, 0.0], [0.0, 0.0, 0.0, 0.0]], ""R"": [[400.12843005054583, 0.0], [0.0, 400.12843005054583]], ""P"": [[1000.0, 0.0, 0.0, 0.0], [0.0, 100000.0, 0.0, 0.0], [0.0, 0.0, 1000.0, 0.0], [0.0, 0.0, 0.0, 100000.0]]}","[0.22409406601377388, 0.7049208860982541, 0.0]",False
3,P16,348eb992-215e-4660-80e3-387165623cf5,32,1,haply,mpc,seeded_random,2704771326,persist_session,10.0,36.09946145057678,973.297951878,0,1786086453.9514165,203.0,True,aggressive,adaptive,0.0,-0.15,0.0,0.096,-0.022,0.0,0.021874158,-0.1225722,0.0,0.03762293,-0.08943173,0.16345012,0.068666615,0.01977535,0.11349826,"[-3.9151714104079023, 7.412319504590644, 0.0, 0.0, 0.0, 0.0, 0.897290572798754, 12.095447155090874]","[1.6020309259212602, 3.64509809693855, 0.0]","{""Controller Type"": ""MPC Controller"", ""weight_comfort"": 400.12843005054583, ""weight_trajectory"": 3599.2294196967255, ""weight_goal"": 1000.0, ""Q"": [[3599.2294196967255, 0.0, 0.0, 0.0], [0.0, 0.0, 0.0, 0.0], [0.0, 0.0, 3599.2294196967255, 0.0], [0.0, 0.0, 0.0, 0.0]], ""R"": [[400.12843005054583, 0.0], [0.0, 400.12843005054583]], ""P"": [[1000.0, 0.0, 0.0, 0.0], [0.0, 100000.0, 0.0, 0.0], [0.0, 0.0, 1000.0, 0.0], [0.0, 0.0, 0.0, 100000.0]]}","[0.22409406601377388, 0.7049208860982541, 0.0]",False
3,P16,348eb992-215e-4660-80e3-387165623cf5,32,1,haply,mpc,seeded_random,2704771326,persist_session,10.0,36.10966290473938,973.308160489,0,1786086453.9612775,204.0,True,aggressive,adaptive,0.0,-0.15,0.0,0.096,-0.022,0.0,0.02497701,-0.1193133,0.0,0.038716737,-0.08945265,0.1650983,0.075927146,0.019854924,0.12368997,"[-3.919030371699462, 7.474141637542803, 0.0, 0.0, 0.0, 0.0, 1.6025090871484, 10.09221865326785]","[1.8949882434766876, 3.174604174917591, 0.0]","{""Controller Type"": ""MPC Controller"", ""weight_comfort"": 436.01338419649505, ""weight_trajectory"": 3383.9196948210297, ""weight_goal"": 1000.0, ""Q"": [[3383.9196948210297, 0.0, 0.0, 0.0], [0.0, 0.0, 0.0, 0.0], [0.0, 0.0, 3383.9196948210297, 0.0], [0.0, 0.0, 0.0, 0.0]], ""R"": [[436.01338419649505, 0.0], [0.0, 436.01338419649505]], ""P"": [[1000.0, 0.0, 0.0, 0.0], [0.0, 100000.0, 0.0, 0.0], [0.0, 0.0, 1000.0, 0.0], [0.0, 0.0, 0.0, 100000.0]]}","[-0.5085823831592489, 0.2646354823096951, 0.0]",False
3,P16,348eb992-215e-4660-80e3-387165623cf5,32,1,haply,mpc,seeded_random,2704771326,persist_session,10.0,36.11954058647156,973.318038653,0,1786086453.9710977,205.0,True,aggressive,adaptive,0.0,-0.15,0.0,0.096,-0.022,0.0,0.028258431,-0.11601694,0.0,0.039865334,-0.08949301,0.16692711,0.08322133,0.019055676,0.13399684,"[-3.9211471656655914, 7.481893983511143, 0.0, 0.0, 0.0, 0.0, 1.6678484982282231, 9.938321863712654]","[2.075698267696707, 3.44668057004914, 0.0]","{""Controller Type"": ""MPC Controller"", ""weight_comfort"": 436.01338419649505, ""weight_trajectory"": 3383.9196948210297, ""weight_goal"": 1000.0, ""Q"": [[3383.9196948210297, 0.0, 0.0, 0.0], [0.0, 0.0, 0.0, 0.0], [0.0, 0.0, 3383.9196948210297, 0.0], [0.0, 0.0, 0.0, 0.0]], ""R"": [[436.01338419649505, 0.0], [0.0, 436.01338419649505]], ""P"": [[1000.0, 0.0, 0.0, 0.0], [0.0, 100000.0, 0.0, 0.0], [0.0, 0.0, 1000.0, 0.0], [0.0, 0.0, 0.0, 100000.0]]}","[-0.5085823831592489, 0.2646354823096951, 0.0]",False
3,P16,348eb992-215e-4660-80e3-387165623cf5,32,1,haply,mpc,seeded_random,2704771326,persist_session,10.0,36.12981475830078,973.328305751,0,1786086453.981217,206.0,True,aggressive,adaptive,0.0,-0.15,0.0,0.096,-0.022,0.0,0.031704222,-0.11235932,0.0,0.041018657,-0.08949482,0.1688173,0.089942746,0.01716124,0.1437441,"[-3.916144880977657, 7.470322256384248, 0.0, 0.0, 0.0, 0.0, 2.368712422315507, 8.389669011513245]","[2.2309780690124956, 3.038932614516163, 0.0]","{""Controller Type"": ""MPC Controller"", ""weight_comfort"": 436.01338419649505, ""weight_trajectory"": 3383.9196948210297, ""weight_goal"": 1000.0, ""Q"": [[3383.9196948210297, 0.0, 0.0, 0.0], [0.0, 0.0, 0.0, 0.0], [0.0, 0.0, 3383.9196948210297, 0.0], [0.0, 0.0, 0.0, 0.0]], ""R"": [[436.01338419649505, 0.0], [0.0, 436.01338419649505]], ""P"": [[1000.0, 0.0, 0.0, 0.0], [0.0, 100000.0, 0.0, 0.0], [0.0, 0.0, 1000.0, 0.0], [0.0, 0.0, 0.0, 100000.0]]}","[-0.8252761229236727, 0.11007311013302555, 0.0]",False
3,P16,348eb992-215e-4660-80e3-387165623cf5,32,1,haply,mpc,seeded_random,2704771326,persist_session,10.0,36.13947643280029,973.337970919,0,1786086453.991035,207.0,True,aggressive,adaptive,0.0,-0.15,0.0,0.096,-0.022,0.0,0.035164191,-0.10857894,0.0,0.042160388,-0.089634985,0.17074583,0.09575294,0.014401392,0.15335388,"[-3.874272210804993, 7.390283055398028, 0.0, 0.0, 0.0, 0.0, 2.5474040522275807, 8.044812531218076]","[2.2674999371528473, 3.1380757236582513, 0.0]","{""Controller Type"": ""MPC Controller"", ""weight_comfort"": 455.55199845304764, ""weight_trajectory"": 3266.688009281714, ""weight_goal"": 1000.0, ""Q"": [[3266.688009281714, 0.0, 0.0, 0.0], [0.0, 0.0, 0.0, 0.0], [0.0, 0.0, 3266.688009281714, 0.0], [0.0, 0.0, 0.0, 0.0]], ""R"": [[455.55199845304764, 0.0], [0.0, 455.55199845304764]], ""P"": [[1000.0, 0.0, 0.0, 0.0], [0.0, 100000.0, 0.0, 0.0], [0.0, 0.0, 1000.0, 0.0], [0.0, 0.0, 0.0, 100000.0]]}","[-1.0186328762081802, -0.2610736498349177, 0.0]",False
3,P16,348eb992-215e-4660-80e3-387165623cf5,32,1,haply,mpc,seeded_random,2704771326,persist_session,10.0,36.149631395339966,973.348125451,0,1786086454.001001,208.0,True,aggressive,adaptive,0.0,-0.15,0.0,0.096,-0.022,0.0,0.038589384,-0.10472188,0.0,0.043232247,-0.0897961,0.17266008,0.10002913,0.01105169,0.16217083,"[-3.837627683094628, 7.331594901906172, 0.0, 0.0, 0.0, 0.0, 2.791544866203734, 7.622903541320552]","[2.350184838085316, 3.1767619285066, 0.0]","{""Controller Type"": ""MPC Controller"", ""weight_comfort"": 455.55199845304764, ""weight_trajectory"": 3266.688009281714, ""weight_goal"": 1000.0, ""Q"": [[3266.688009281714, 0.0, 0.0, 0.0], [0.0, 0.0, 0.0, 0.0], [0.0, 0.0, 3266.688009281714, 0.0], [0.0, 0.0, 0.0, 0.0]], ""R"": [[455.55199845304764, 0.0], [0.0, 455.55199845304764]], ""P"": [[1000.0, 0.0, 0.0, 0.0], [0.0, 100000.0, 0.0, 0.0], [0.0, 0.0, 1000.0, 0.0], [0.0, 0.0, 0.0, 100000.0]]}","[-1.2573813603568709, -0.6291184970481113, 0.0]",False
3,P16,348eb992-215e-4660-80e3-387165623cf5,32,1,haply,mpc,seeded_random,2704771326,persist_session,10.0,36.15983165740967,973.358318211,0,1786086454.0111802,209.0,True,aggressive,adaptive,0.0,-0.15,0.0,0.096,-0.022,0.0,0.041804961,-0.10089338,0.0,0.044267427,-0.08992696,0.17459106,0.10364013,0.0077551315,0.1700409,"[-3.7348510701958464, 7.175521129802093, 0.0, 0.0, 0.0, 0.0, 3.527945468007811, 6.4134093655210656]","[2.2517448332377916, 2.773993746858121, 0.0]","{""Controller Type"": ""MPC Controller"", ""weight_comfort"": 455.55199845304764, ""weight_trajectory"": 3266.688009281714, ""weight_goal"": 1000.0, ""Q"": [[3266.688009281714, 0.0, 0.0, 0.0], [0.0, 0.0, 0.0, 0.0], [0.0, 0.0, 3266.688009281714, 0.0], [0.0, 0.0, 0.0, 0.0]], ""R"": [[455.55199845304764, 0.0], [0.0, 455.55199845304764]], ""P"": [[1000.0, 0.0, 0.0, 0.0], [0.0, 100000.0, 0.0, 0.0], [0.0, 0.0, 1000.0, 0.0], [0.0, 0.0, 0.0, 100000.0]]}","[-1.2969282832232476, -0.779197337072979, 0.0]",False
3,P16,348eb992-215e-4660-80e3-387165623cf5,32,1,haply,mpc,seeded_random,2704771326,persist_session,10.0,36.16957797050476,973.368068851,0,1786086454.0210023,210.0,True,aggressive,adaptive,0.0,-0.15,0.0,0.096,-0.022,0.0,0.044910501,-0.09703142,0.0,0.04519178,-0.09010172,0.17651053,0.10495251,0.00508171,0.1764503,"[-3.600890767174691, 6.9630781646461815, 0.0, 0.0, 0.0, 0.0, 4.349059924643924, 5.091343263726252]","[2.004446341724179, 2.258002414670011, 0.0]","{""Controller Type"": ""MPC Controller"", ""weight_comfort"": 487.29810161840504, ""weight_trajectory"": 3076.21139028957, ""weight_goal"": 1000.0, ""Q"": [[3076.21139028957, 0.0, 0.0, 0.0], [0.0, 0.0, 0.0, 0.0], [0.0, 0.0, 3076.21139028957, 0.0], [0.0, 0.0, 0.0, 0.0]], ""R"": [[487.29810161840504, 0.0], [0.0, 487.29810161840504]], ""P"": [[1000.0, 0.0, 0.0, 0.0], [0.0, 100000.0, 0.0, 0.0], [0.0, 0.0, 1000.0, 0.0], [0.0, 0.0, 0.0, 100000.0]]}","[-1.1470728254808795, -0.8067870499092403, 0.0]",False
3,P16,348eb992-215e-4660-80e3-387165623cf5,32,1,haply,mpc,seeded_random,2704771326,persist_session,10.0,36.179544105529786,973.378034067,0,1786086454.030926,211.0,True,aggressive,adaptive,0.0,-0.15,0.0,0.096,-0.022,0.0,0.04768356,-0.09319248,0.0,0.04617182,-0.09029866,0.17843832,0.104462504,0.002984516,0.18174559,"[-3.5393600777549885, 6.8742068771379286, 0.0, 0.0, 0.0, 0.0, 4.484406760890216, 4.89366517554701]","[1.9925950539245871, 2.260563231512603, 0.0]","{""Controller Type"": ""MPC Controller"", ""weight_comfort"": 487.29810161840504, ""weight_trajectory"": 3076.21139028957, ""weight_goal"": 1000.0, ""Q"": [[3076.21139028957, 0.0, 0.0, 0.0], [0.0, 0.0, 0.0, 0.0], [0.0, 0.0, 3076.21139028957, 0.0], [0.0, 0.0, 0.0, 0.0]], ""R"": [[487.29810161840504, 0.0], [0.0, 487.29810161840504]], ""P"": [[1000.0, 0.0, 0.0, 0.0], [0.0, 100000.0, 0.0, 0.0], [0.0, 0.0, 1000.0, 0.0], [0.0, 0.0, 0.0, 100000.0]]}","[-0.9994516080363985, -1.1765963157505526, 0.0]",False
3,P16,348eb992-215e-4660-80e3-387165623cf5,32,1,haply,mpc,seeded_random,2704771326,persist_session,10.0,36.18967737197876,973.388158611,0,1786086454.0410726,212.0,True,aggressive,adaptive,0.0,-0.15,0.0,0.096,-0.022,0.0,0.05062368,-0.0893369,0.0,0.04711892,-0.090507165,0.18030225,0.10312446,0.0010446473,0.18553907,"[-3.4096698330632718, 6.665425516514495, 0.0, 0.0, 0.0, 0.0, 5.090859518967226, 4.038893563186998]","[1.6978755510625572, 1.9248973349832779, 0.0]","{""Controller Type"": ""MPC Controller"", ""weight_comfort"": 487.29810161840504, ""weight_trajectory"": 3076.21139028957, ""weight_goal"": 1000.0, ""Q"": [[3076.21139028957, 0.0, 0.0, 0.0], [0.0, 0.0, 0.0, 0.0], [0.0, 0.0, 3076.21139028957, 0.0], [0.0, 0.0, 0.0, 0.0]], ""R"": [[487.29810161840504, 0.0], [0.0, 487.29810161840504]], ""P"": [[1000.0, 0.0, 0.0, 0.0], [0.0, 100000.0, 0.0, 0.0], [0.0, 0.0, 1000.0, 0.0], [0.0, 0.0, 0.0, 100000.0]]}","[-0.9994516080363985, -1.1765963157505526, 0.0]",False
3,P16,348eb992-215e-4660-80e3-387165623cf5,32,1,haply,mpc,seeded_random,2704771326,persist_session,10.0,36.19938172340393,973.397871257,0,1786086454.0507731,213.0,True,aggressive,adaptive,0.0,-0.15,0.0,0.096,-0.022,0.0,0.05346498,-0.08560904,0.0,0.04807511,-0.09071611,0.18215576,0.10145822,-0.00082025037,0.18793967,"[-3.387348512202999, 6.634584598668742, 0.0, 0.0, 0.0, 0.0, 5.601690006203656, 3.345345330282286]","[1.7687553628836694, 1.6483872223222047, 0.0]","{""Controller Type"": ""MPC Controller"", ""weight_comfort"": 507.5382093143438, ""weight_trajectory"": 2954.770744113938, ""weight_goal"": 1000.0, ""Q"": [[2954.770744113938, 0.0, 0.0, 0.0], [0.0, 0.0, 0.0, 0.0], [0.0, 0.0, 2954.770744113938, 0.0], [0.0, 0.0, 0.0, 0.0]], ""R"": [[507.5382093143438, 0.0], [0.0, 507.5382093143438]], ""P"": [[1000.0, 0.0, 0.0, 0.0], [0.0, 100000.0, 0.0, 0.0], [0.0, 0.0, 1000.0, 0.0], [0.0, 0.0, 0.0, 100000.0]]}","[-1.310262471892439, -1.4041099238379409, 0.0]",False
3,P16,348eb992-215e-4660-80e3-387165623cf5,32,1,haply,mpc,seeded_random,2704771326,persist_session,10.0,36.209252490997315,973.40774633,0,1786086454.061007,214.0,True,aggressive,adaptive,0.0,-0.15,0.0,0.096,-0.022,0.0,0.0563335499999999,-0.08190202,0.0,0.04899931,-0.09094461,0.18394677,0.100347474,-0.0028048966,0.18894157,"[-3.338803907650992, 6.573320265551657, 0.0, 0.0, 0.0, 0.0, 5.843040613046612, 3.0382477672577153]","[1.7833180832319488, 1.5392511987519326, 0.0]","{""Controller Type"": ""MPC Controller"", ""weight_comfort"": 507.5382093143438, ""weight_trajectory"": 2954.770744113938, ""weight_goal"": 1000.0, ""Q"": [[2954.770744113938, 0.0, 0.0, 0.0], [0.0, 0.0, 0.0, 0.0], [0.0, 0.0, 2954.770744113938, 0.0], [0.0, 0.0, 0.0, 0.0]], ""R"": [[507.5382093143438, 0.0], [0.0, 507.5382093143438]], ""P"": [[1000.0, 0.0, 0.0, 0.0], [0.0, 100000.0, 0.0, 0.0], [0.0, 0.0, 1000.0, 0.0], [0.0, 0.0, 0.0, 100000.0]]}","[-1.2898347273196087, -1.3237420720823767, 0.0]",False
3,P16,348eb992-215e-4660-80e3-387165623cf5,32,1,haply,mpc,seeded_random,2704771326,persist_session,10.0,36.21943964004517,973.417940588,0,1786086454.0709918,215.0,True,aggressive,adaptive,0.0,-0.15,0.0,0.096,-0.022,0.0,0.0591061499999999,-0.07832,0.0,0.049975056,-0.09115913,0.1857832,0.09924128,-0.0050924737,0.18899705,"[-3.243831867838722, 6.456696049698886, 0.0, 0.0, 0.0, 0.0, 6.480818192903556, 2.2274400027464107]","[1.681149246138108, 1.1950601236042764, 0.0]","{""Controller Type"": ""MPC Controller"", ""weight_comfort"": 507.5382093143438, ""weight_trajectory"": 2954.770744113938, ""weight_goal"": 1000.0, ""Q"": [[2954.770744113938, 0.0, 0.0, 0.0], [0.0, 0.0, 0.0, 0.0], [0.0, 0.0, 2954.770744113938, 0.0], [0.0, 0.0, 0.0, 0.0]], ""R"": [[507.5382093143438, 0.0], [0.0, 507.5382093143438]], ""P"": [[1000.0, 0.0, 0.0, 0.0], [0.0, 100000.0, 0.0, 0.0], [0.0, 0.0, 1000.0, 0.0], [0.0, 0.0, 0.0, 100000.0]]}","[-1.2898347273196087, -1.3237420720823767, 0.0]",False
3,P16,348eb992-215e-4660-80e3-387165623cf5,32,1,haply,mpc,seeded_random,2704771326,persist_session,10.0,36.22986949920654,973.428350846,0,1786086454.080963,216.0,True,aggressive,adaptive,0.0,-0.15,0.0,0.096,-0.022,0.0,0.0620333879999999,-0.07464714,0.0,0.05086847,-0.091377646,0.1874768,0.09836965,-0.0071381424,0.1884299,"[-3.1775955648212575, 6.3801171826207685, 0.0, 0.0, 0.0, 0.0, 6.745167564500129, 1.9077139406506207]","[1.6544225785039481, 1.0642797380536337, 0.0]","{""Controller Type"": ""MPC Controller"", ""weight_comfort"": 524.6937367302821, ""weight_trajectory"": 2851.8375796183077, ""weight_goal"": 1000.0, ""Q"": [[2851.8375796183077, 0.0, 0.0, 0.0], [0.0, 0.0, 0.0, 0.0], [0.0, 0.0, 2851.8375796183077, 0.0], [0.0, 0.0, 0.0, 0.0]], ""R"": [[524.6937367302821, 0.0], [0.0, 524.6937367302821]], ""P"": [[1000.0, 0.0, 0.0, 0.0], [0.0, 100000.0, 0.0, 0.0], [0.0, 0.0, 1000.0, 0.0], [0.0, 0.0, 0.0, 100000.0]]}","[-1.5886661031771596, -1.611211279438376, 0.0]",False
3,P16,348eb992-215e-4660-80e3-387165623cf5,32,1,haply,mpc,seeded_random,2704771326,persist_session,10.0,36.23942626953125,973.437925695,0,1786086454.091609,217.0,True,aggressive,adaptive,0.0,-0.15,0.0,0.096,-0.022,0.0,0.06471363,-0.07125994,0.0,0.051691093,-0.09164849,0.18910949,0.097192556,-0.009103793,0.18676887,"[-3.1705666601936393, 6.372807873820268, 0.0, 0.0, 0.0, 0.0, 6.762734454098754, 1.888111056903636]","[1.763222860791954, 1.0515390552440258, 0.0]","{""Controller Type"": ""MPC Controller"", ""weight_comfort"": 524.6937367302821, ""weight_trajectory"": 2851.8375796183077, ""weight_goal"": 1000.0, ""Q"": [[2851.8375796183077, 0.0, 0.0, 0.0], [0.0, 0.0, 0.0, 0.0], [0.0, 0.0, 2851.8375796183077, 0.0], [0.0, 0.0, 0.0, 0.0]], ""R"": [[524.6937367302821, 0.0], [0.0, 524.6937367302821]], ""P"": [[1000.0, 0.0, 0.0, 0.0], [0.0, 100000.0, 0.0, 0.0], [0.0, 0.0, 1000.0, 0.0], [0.0, 0.0, 0.0, 100000.0]]}","[-1.5886661031771596, -1.611211279438376, 0.0]",False
3,P16,348eb992-215e-4660-80e3-387165623cf5,32,1,haply,mpc,seeded_random,2704771326,persist_session,10.0,36.24953688621521,973.448031135,0,1786086454.1010077,218.0,True,aggressive,adaptive,0.0,-0.15,0.0,0.096,-0.022,0.0,0.067181499,-0.06799456,0.0,0.052493114,-0.09181211,0.19064467,0.095206216,-0.010825159,0.18397924,"[-2.9927678490416105, 6.178182049100038, 0.0, 0.0, 0.0, 0.0, 7.552270555259321, 0.9408065188755595]","[1.4617390494924023, 0.6713478119998274, 0.0]","{""Controller Type"": ""MPC Controller"", ""weight_comfort"": 524.6937367302821, ""weight_trajectory"": 2851.8375796183077, ""weight_goal"": 1000.0, ""Q"": [[2851.8375796183077, 0.0, 0.0, 0.0], [0.0, 0.0, 0.0, 0.0], [0.0, 0.0, 2851.8375796183077, 0.0], [0.0, 0.0, 0.0, 0.0]], ""R"": [[524.6937367302821, 0.0], [0.0, 524.6937367302821]], ""P"": [[1000.0, 0.0, 0.0, 0.0], [0.0, 100000.0, 0.0, 0.0], [0.0, 0.0, 1000.0, 0.0], [0.0, 0.0, 0.0, 100000.0]]}","[-1.297078165838103, -1.2653481382123801, 0.0]",False
3,P16,348eb992-215e-4660-80e3-387165623cf5,32,1,haply,mpc,seeded_random,2704771326,persist_session,10.0,36.25939764022827,973.457897592,0,1786086454.1111495,219.0,True,aggressive,adaptive,0.0,-0.15,0.0,0.096,-0.022,0.0,0.069587562,-0.0649242,0.0,0.053294353,-0.09195709,0.19208202,0.09306397,-0.011804861,0.17973742,"[-2.978242908594976, 6.163580847834989, 0.0, 0.0, 0.0, 0.0, 7.130637781650886, 1.38236240460934]","[1.5326185126439087, 0.8082554410162868, 0.0]","{""Controller Type"": ""MPC Controller"", ""weight_comfort"": 530.540945662178, ""weight_trajectory"": 2816.754326026932, ""weight_goal"": 1000.0, ""Q"": [[2816.754326026932, 0.0, 0.0, 0.0], [0.0, 0.0, 0.0, 0.0], [0.0, 0.0, 2816.754326026932, 0.0], [0.0, 0.0, 0.0, 0.0]], ""R"": [[530.540945662178, 0.0], [0.0, 530.540945662178]], ""P"": [[1000.0, 0.0, 0.0, 0.0], [0.0, 100000.0, 0.0, 0.0], [0.0, 0.0, 1000.0, 0.0], [0.0, 0.0, 0.0, 100000.0]]}","[-1.47540199738676, -1.6366648393922187, 0.0]",False
3,P16,348eb992-215e-4660-80e3-387165623cf5,32,1,haply,mpc,seeded_random,2704771326,persist_session,10.0,36.26951946258545,973.467997545,0,1786086454.1210225,220.0,True,aggressive,adaptive,0.0,-0.15,0.0,0.096,-0.022,0.0,0.071991279,-0.0620495,0.0,0.054106563,-0.09212766,0.19345126,0.09054471,-0.011973164,0.17408636,"[-2.847813181670251, 6.031305322518932, 0.0, 0.0, 0.0, 0.0, 7.819814889618209, 0.6186155014559959]","[1.3556218647720755, 0.5229355576667405, 0.0]","{""Controller Type"": ""MPC Controller"", ""weight_comfort"": 530.540945662178, ""weight_trajectory"": 2816.754326026932, ""weight_goal"": 1000.0, ""Q"": [[2816.754326026932, 0.0, 0.0, 0.0], [0.0, 0.0, 0.0, 0.0], [0.0, 0.0, 2816.754326026932, 0.0], [0.0, 0.0, 0.0, 0.0]], ""R"": [[530.540945662178, 0.0], [0.0, 530.540945662178]], ""P"": [[1000.0, 0.0, 0.0, 0.0], [0.0, 100000.0, 0.0, 0.0], [0.0, 0.0, 1000.0, 0.0], [0.0, 0.0, 0.0, 100000.0]]}","[-1.4555706245842703, -1.3159527341498654, 0.0]",False
3,P16,348eb992-215e-4660-80e3-387165623cf5,32,1,haply,mpc,seeded_random,2704771326,persist_session,10.0,36.27973331451416,973.47822614,0,1786086454.1309173,221.0,True,aggressive,adaptive,0.0,-0.15,0.0,0.096,-0.022,0.0,0.074427909,-0.0593110199999999,0.0,0.054879013,-0.09230778,0.19472213,0.08830754,-0.011888883,0.16751328,"[-2.818985707496796, 6.003988372424873, 0.0, 0.0, 0.0, 0.0, 8.034933995418871, 0.38662043026624504]","[1.394085743162505, 0.43436750919475264, 0.0]","{""Controller Type"": ""MPC Controller"", ""weight_comfort"": 530.540945662178, ""weight_trajectory"": 2816.754326026932, ""weight_goal"": 1000.0, ""Q"": [[2816.754326026932, 0.0, 0.0, 0.0], [0.0, 0.0, 0.0, 0.0], [0.0, 0.0, 2816.754326026932, 0.0], [0.0, 0.0, 0.0, 0.0]], ""R"": [[530.540945662178, 0.0], [0.0, 530.540945662178]], ""P"": [[1000.0, 0.0, 0.0, 0.0], [0.0, 100000.0, 0.0, 0.0], [0.0, 0.0, 1000.0, 0.0], [0.0, 0.0, 0.0, 100000.0]]}","[-1.5612473094045514, -1.2726172714674586, 0.0]",False
3,P16,348eb992-215e-4660-80e3-387165623cf5,32,1,haply,mpc,seeded_random,2704771326,persist_session,10.0,36.28975571632385,973.488230941,0,1786086454.1409962,222.0,True,aggressive,adaptive,0.0,-0.15,0.0,0.096,-0.022,0.0,0.076745259,-0.05676928,0.0,0.05563525,-0.09258148,0.19595833,0.086156555,-0.012299643,0.16058649,"[-2.7729895089415106, 5.96267009973091, 0.0, 0.0, 0.0, 0.0, 8.262063637853084, 0.14592786197488689]","[1.4085026189907042, 0.34865274982917493, 0.0]","{""Controller Type"": ""MPC Controller"", ""weight_comfort"": 546.1113108307247, ""weight_trajectory"": 2723.332135015652, ""weight_goal"": 1000.0, ""Q"": [[2723.332135015652, 0.0, 0.0, 0.0], [0.0, 0.0, 0.0, 0.0], [0.0, 0.0, 2723.332135015652, 0.0], [0.0, 0.0, 0.0, 0.0]], ""R"": [[546.1113108307247, 0.0], [0.0, 546.1113108307247]], ""P"": [[1000.0, 0.0, 0.0, 0.0], [0.0, 100000.0, 0.0, 0.0], [0.0, 0.0, 1000.0, 0.0], [0.0, 0.0, 0.0, 100000.0]]}","[-1.5612473094045514, -1.2726172714674586, 0.0]",False
3,P16,348eb992-215e-4660-80e3-387165623cf5,32,1,haply,mpc,seeded_random,2704771326,persist_session,10.0,36.299685373306275,973.498189293,0,1786086454.1511862,223.0,True,aggressive,adaptive,0.0,-0.15,0.0,0.096,-0.022,0.0,0.0790139699999999,-0.05429688,0.0,0.05628889,-0.09280907,0.1970878,0.08397355,-0.013047468,0.15317816,"[-2.65987539855804, 5.862846883971366, 0.0, 0.0, 0.0, 0.0, 8.553624551531378, -0.1693767564551409]","[1.296775022479014, 0.2546892437398906, 0.0]","{""Controller Type"": ""MPC Controller"", ""weight_comfort"": 546.1113108307247, ""weight_trajectory"": 2723.332135015652, ""weight_goal"": 1000.0, ""Q"": [[2723.332135015652, 0.0, 0.0, 0.0], [0.0, 0.0, 0.0, 0.0], [0.0, 0.0, 2723.332135015652, 0.0], [0.0, 0.0, 0.0, 0.0]], ""R"": [[546.1113108307247, 0.0], [0.0, 546.1113108307247]], ""P"": [[1000.0, 0.0, 0.0, 0.0], [0.0, 100000.0, 0.0, 0.0], [0.0, 0.0, 1000.0, 0.0], [0.0, 0.0, 0.0, 100000.0]]}","[-1.4868729178481126, -1.1184078316968737, 0.0]",False
3,P16,348eb992-215e-4660-80e3-387165623cf5,32,1,haply,mpc,seeded_random,2704771326,persist_session,10.0,36.30945481300354,973.507946767,0,1786086454.1609702,224.0,True,aggressive,adaptive,0.0,-0.15,0.0,0.096,-0.022,0.0,0.08097489,-0.05203794,0.0,0.056845248,-0.09318693,0.19812752,0.08144202,-0.014733576,0.14567296,"[-2.5832487647633706, 5.797419745031095, 0.0, 0.0, 0.0, 0.0, 8.67508932855918, -0.2965841178696727]","[1.2468624633383039, 0.20821817690179228, 0.0]","{""Controller Type"": ""MPC Controller"", ""weight_comfort"": 546.1113108307247, ""weight_trajectory"": 2723.332135015652, ""weight_goal"": 1000.0, ""Q"": [[2723.332135015652, 0.0, 0.0, 0.0], [0.0, 0.0, 0.0, 0.0], [0.0, 0.0, 2723.332135015652, 0.0], [0.0, 0.0, 0.0, 0.0]], ""R"": [[546.1113108307247, 0.0], [0.0, 546.1113108307247]], ""P"": [[1000.0, 0.0, 0.0, 0.0], [0.0, 100000.0, 0.0, 0.0], [0.0, 0.0, 1000.0, 0.0], [0.0, 0.0, 0.0, 100000.0]]}","[-1.4868729178481126, -1.1184078316968737, 0.0]",False
3,P16,348eb992-215e-4660-80e3-387165623cf5,32,1,haply,mpc,seeded_random,2704771326,persist_session,10.0,36.319625034332276,973.518117479,0,1786086454.1713462,225.0,True,aggressive,adaptive,0.0,-0.15,0.0,0.096,-0.022,0.0,0.082643964,-0.0499585,0.0,0.057327036,-0.093467124,0.19901957,0.07764142,-0.017218981,0.13787527,"[-2.4642601974016625, 5.696400977444361, 0.0, 0.0, 0.0, 0.0, 8.813246356601065, -0.438419348836655]","[1.1046551015181745, 0.16350888083010603, 0.0]","{""Controller Type"": ""MPC Controller"", ""weight_comfort"": 547.7723771973344, ""weight_trajectory"": 2713.365736815994, ""weight_goal"": 1000.0, ""Q"": [[2713.365736815994, 0.0, 0.0, 0.0], [0.0, 0.0, 0.0, 0.0], [0.0, 0.0, 2713.365736815994, 0.0], [0.0, 0.0, 0.0, 0.0]], ""R"": [[547.7723771973344, 0.0], [0.0, 547.7723771973344]], ""P"": [[1000.0, 0.0, 0.0, 0.0], [0.0, 100000.0, 0.0, 0.0], [0.0, 0.0, 1000.0, 0.0], [0.0, 0.0, 0.0, 100000.0]]}","[-1.3516893834213508, -1.0840976234271764, 0.0]",False
3,P16,348eb992-215e-4660-80e3-387165623cf5,32,1,haply,mpc,seeded_random,2704771326,persist_session,10.0,36.32961715698242,973.528108144,0,1786086454.181394,226.0,True,aggressive,adaptive,0.0,-0.15,0.0,0.096,-0.022,0.0,0.0840893279999999,-0.0481744,0.0,0.057620596,-0.09375025,0.19985665,0.072331205,-0.019643966,0.12919785,"[-2.338838153331984, 5.586031280123173, 0.0, 0.0, 0.0, 0.0, 9.054456903380787, -0.7029177257876658]","[0.867328375787196, 0.11227793296903255, 0.0]","{""Controller Type"": ""MPC Controller"", ""weight_comfort"": 547.7723771973344, ""weight_trajectory"": 2713.365736815994, ""weight_goal"": 1000.0, ""Q"": [[2713.365736815994, 0.0, 0.0, 0.0], [0.0, 0.0, 0.0, 0.0], [0.0, 0.0, 2713.365736815994, 0.0], [0.0, 0.0, 0.0, 0.0]], ""R"": [[547.7723771973344, 0.0], [0.0, 547.7723771973344]], ""P"": [[1000.0, 0.0, 0.0, 0.0], [0.0, 100000.0, 0.0, 0.0], [0.0, 0.0, 1000.0, 0.0], [0.0, 0.0, 0.0, 100000.0]]}","[-1.05035164065922, -0.8768832654596249, 0.0]",False
3,P16,348eb992-215e-4660-80e3-387165623cf5,32,1,haply,mpc,seeded_random,2704771326,persist_session,10.0,36.33955945014954,973.538057601,0,1786086454.1911287,227.0,True,aggressive,adaptive,0.0,-0.15,0.0,0.096,-0.022,0.0,0.084970008,-0.04650024,0.0,0.05791531,-0.09404365,0.2005833,0.0656504,-0.021557458,0.120454594,"[-2.2798992212497398, 5.534220804212837, 0.0, 0.0, 0.0, 0.0, 9.205057587068858, -0.8786478047138088]","[0.7689458738379435, 0.08492109680800697, 0.0]","{""Controller Type"": ""MPC Controller"", ""weight_comfort"": 547.7723771973344, ""weight_trajectory"": 2713.365736815994, ""weight_goal"": 1000.0, ""Q"": [[2713.365736815994, 0.0, 0.0, 0.0], [0.0, 0.0, 0.0, 0.0], [0.0, 0.0, 2713.365736815994, 0.0], [0.0, 0.0, 0.0, 0.0]], ""R"": [[547.7723771973344, 0.0], [0.0, 547.7723771973344]], ""P"": [[1000.0, 0.0, 0.0, 0.0], [0.0, 100000.0, 0.0, 0.0], [0.0, 0.0, 1000.0, 0.0], [0.0, 0.0, 0.0, 100000.0]]}","[-0.9447143512252513, -0.728933011992397, 0.0]",False
3,P16,348eb992-215e-4660-80e3-387165623cf5,32,1,haply,mpc,seeded_random,2704771326,persist_session,10.0,36.34967626571655,973.548160888,0,1786086454.2011492,228.0,True,aggressive,adaptive,0.0,-0.15,0.0,0.096,-0.022,0.0,0.0858541499999999,-0.04504694,0.0,0.05810235,-0.09429181,0.20130625,0.05770603,-0.023032863,0.11102588,"[-2.2126444013810316, 5.460901295213919, 0.0, 0.0, 0.0, 0.0, 9.246359046770948, -0.9249493595099697]","[0.46962344248867033, 0.06746928878734959, 0.0]","{""Controller Type"": ""MPC Controller"", ""weight_comfort"": 530.8115112743436, ""weight_trajectory"": 49017.35173836495, ""weight_goal"": 86296.79316511503, ""Q"": [[49017.35173836495, 0.0, 0.0, 0.0], [0.0, 0.0, 0.0, 0.0], [0.0, 0.0, 49017.35173836495, 0.0], [0.0, 0.0, 0.0, 0.0]], ""R"": [[530.8115112743436, 0.0], [0.0, 530.8115112743436]], ""P"": [[86296.79316511503, 0.0, 0.0, 0.0], [0.0, 8629679.316511502, 0.0, 0.0], [0.0, 0.0, 86296.79316511503, 0.0], [0.0, 0.0, 0.0, 8629679.316511502]]}","[-0.4938410348052696, -0.733432651364947, 0.0]",False
3,P16,348eb992-215e-4660-80e3-387165623cf5,32,1,haply,mpc,seeded_random,2704771326,persist_session,10.0,36.359568490982056,973.558068645,0,1786086454.211059,229.0,True,aggressive,adaptive,0.0,-0.15,0.0,0.096,-0.022,0.0,0.0864152699999999,-0.04360104,0.0,0.058261584,-0.09462261,0.2018948,0.049750417,-0.023893876,0.10208517,"[-2.204694194124327, 5.4526084532236085, 0.0, 0.0, 0.0, 0.0, 9.369515572246819, -1.0846314015215093]","[0.45873352505071524, 0.058631574040881484, 0.0]","{""Controller Type"": ""MPC Controller"", ""weight_comfort"": 530.8115112743436, ""weight_trajectory"": 49017.35173836495, ""weight_goal"": 86296.79316511503, ""Q"": [[49017.35173836495, 0.0, 0.0, 0.0], [0.0, 0.0, 0.0, 0.0], [0.0, 0.0, 49017.35173836495, 0.0], [0.0, 0.0, 0.0, 0.0]], ""R"": [[530.8115112743436, 0.0], [0.0, 530.8115112743436]], ""P"": [[86296.79316511503, 0.0, 0.0, 0.0], [0.0, 8629679.316511502, 0.0, 0.0], [0.0, 0.0, 86296.79316511503, 0.0], [0.0, 0.0, 0.0, 8629679.316511502]]}","[-0.49121455811594333, -0.7885261121591169, 0.0]",False
3,P16,348eb992-215e-4660-80e3-387165623cf5,32,1,haply,mpc,seeded_random,2704771326,persist_session,10.0,36.36971177101135,973.568186734,0,1786086454.221007,230.0,True,aggressive,adaptive,0.0,-0.15,0.0,0.096,-0.022,0.0,0.086892972,-0.0424239399999999,0.0,0.058421493,-0.09496013,0.20242846,0.042652078,-0.024402702,0.093355216,"[-2.1899642510264896, 5.4281763883761895, 0.0, 0.0, 0.0, 0.0, 9.36730496619763, -1.082038530393038]","[0.28636587195376834, 0.04446862385466699, 0.0]","{""Controller Type"": ""MPC Controller"", ""weight_comfort"": 530.8115112743436, ""weight_trajectory"": 49017.35173836495, ""weight_goal"": 86296.79316511503, ""Q"": [[49017.35173836495, 0.0, 0.0, 0.0], [0.0, 0.0, 0.0, 0.0], [0.0, 0.0, 49017.35173836495, 0.0], [0.0, 0.0, 0.0, 0.0]], ""R"": [[530.8115112743436, 0.0], [0.0, 530.8115112743436]], ""P"": [[86296.79316511503, 0.0, 0.0, 0.0], [0.0, 8629679.316511502, 0.0, 0.0], [0.0, 0.0, 86296.79316511503, 0.0], [0.0, 0.0, 0.0, 8629679.316511502]]}","[-0.49121455811594333, -0.7885261121591169, 0.0]",False
3,P16,348eb992-215e-4660-80e3-387165623cf5,32,1,haply,mpc,seeded_random,2704771326,persist_session,10.0,36.38001145362854,973.578481745,0,1786086454.2312207,231.0,True,aggressive,adaptive,0.0,-0.15,0.0,0.096,-0.022,0.0,0.087372699,-0.04135662,0.0,0.05864135,-0.09517455,0.20288971,0.03675177,-0.025514659,0.085472085,"[-2.1871340432955457, 5.421859259492198, 0.0, 0.0, 0.0, 0.0, 9.45193249723492, -1.2100098078265253]","[0.24043846929808885, 0.049871157909577135, 0.0]","{""Controller Type"": ""MPC Controller"", ""weight_comfort"": 496.5904052232303, ""weight_trajectory"": 142972.11707705463, ""weight_goal"": 259301.4382286733, ""Q"": [[142972.11707705463, 0.0, 0.0, 0.0], [0.0, 0.0, 0.0, 0.0], [0.0, 0.0, 142972.11707705463, 0.0], [0.0, 0.0, 0.0, 0.0]], ""R"": [[496.5904052232303, 0.0], [0.0, 496.5904052232303]], ""P"": [[259301.4382286733, 0.0, 0.0, 0.0], [0.0, 25930143.82286733, 0.0, 0.0], [0.0, 0.0, 259301.4382286733, 0.0], [0.0, 0.0, 0.0, 25930143.82286733]]}","[-0.38500139240850517, -0.47632276692974684, 0.0]",False
3,P16,348eb992-215e-4660-80e3-387165623cf5,32,1,haply,mpc,seeded_random,2704771326,persist_session,10.0,36.38962067604065,973.588119476,0,1786086454.2410424,232.0,True,aggressive,adaptive,0.0,-0.15,0.0,0.096,-0.022,0.0,0.08803227,-0.04043412,0.0,0.058874678,-0.09543506,0.2033307,0.031849887,-0.02539017,0.07737782,"[-2.1861848191388695, 5.419940863712026, 0.0, 0.0, 0.0, 0.0, 9.482041372483586, -1.2643952771628333]","[0.23571033757771753, 0.05141128853705079, 0.0]","{""Controller Type"": ""MPC Controller"", ""weight_comfort"": 496.5904052232303, ""weight_trajectory"": 142972.11707705463, ""weight_goal"": 259301.4382286733, ""Q"": [[142972.11707705463, 0.0, 0.0, 0.0], [0.0, 0.0, 0.0, 0.0], [0.0, 0.0, 142972.11707705463, 0.0], [0.0, 0.0, 0.0, 0.0]], ""R"": [[496.5904052232303, 0.0], [0.0, 496.5904052232303]], ""P"": [[259301.4382286733, 0.0, 0.0, 0.0], [0.0, 25930143.82286733, 0.0, 0.0], [0.0, 0.0, 259301.4382286733, 0.0], [0.0, 0.0, 0.0, 25930143.82286733]]}","[-0.5880671121301237, -0.48859828259770055, 0.0]",False
3,P16,348eb992-215e-4660-80e3-387165623cf5,32,1,haply,mpc,seeded_random,2704771326,persist_session,10.0,36.399557485580445,973.5980319,0,1786086454.251194,233.0,True,aggressive,adaptive,0.0,-0.15,0.0,0.096,-0.022,0.0,0.088732254,-0.03955214,0.0,0.059084218,-0.09561752,0.20370075,0.028425653,-0.02496299,0.06978594,"[-2.200940201958153, 5.435683734217844, 0.0, 0.0, 0.0, 0.0, 9.499338979892489, -1.3025319240464637]","[0.3474956640754603, 0.05277148356128919, 0.0]","{""Controller Type"": ""MPC Controller"", ""weight_comfort"": 496.5904052232303, ""weight_trajectory"": 142972.11707705463, ""weight_goal"": 259301.4382286733, ""Q"": [[142972.11707705463, 0.0, 0.0, 0.0], [0.0, 0.0, 0.0, 0.0], [0.0, 0.0, 142972.11707705463, 0.0], [0.0, 0.0, 0.0, 0.0]], ""R"": [[496.5904052232303, 0.0], [0.0, 496.5904052232303]], ""P"": [[259301.4382286733, 0.0, 0.0, 0.0], [0.0, 25930143.82286733, 0.0, 0.0], [0.0, 0.0, 259301.4382286733, 0.0], [0.0, 0.0, 0.0, 25930143.82286733]]}","[-0.931350675459805, -0.36988695460018994, 0.0]",False
3,P16,348eb992-215e-4660-80e3-387165623cf5,32,1,haply,mpc,seeded_random,2704771326,persist_session,10.0,36.409604682922364,973.608094381,0,1786086454.2610693,234.0,True,aggressive,adaptive,0.0,-0.15,0.0,0.096,-0.022,0.0,0.089360874,-0.0388120399999999,0.0,0.05926411,-0.09585996,0.20411113,0.025975078,-0.024458978,0.06324349,"[-2.1991526289954604, 5.433922018298695, 0.0, 0.0, 0.0, 0.0, 9.508478213656089, -1.3254414309203635]","[0.35870181949177365, 0.05173889519020772, 0.0]","{""Controller Type"": ""MPC Controller"", ""weight_comfort"": 457.2889934165502, ""weight_trajectory"": 250806.32887091997, ""weight_goal"": 457636.1326678396, ""Q"": [[250806.32887091997, 0.0, 0.0, 0.0], [0.0, 0.0, 0.0, 0.0], [0.0, 0.0, 250806.32887091997, 0.0], [0.0, 0.0, 0.0, 0.0]], ""R"": [[457.2889934165502, 0.0], [0.0, 457.2889934165502]], ""P"": [[457636.1326678396, 0.0, 0.0, 0.0], [0.0, 45763613.26678396, 0.0, 0.0], [0.0, 0.0, 457636.1326678396, 0.0], [0.0, 0.0, 0.0, 45763613.26678396]]}","[-0.9945874523042249, -0.3015404050782207, 0.0]",False
3,P16,348eb992-215e-4660-80e3-387165623cf5,32,1,haply,mpc,seeded_random,2704771326,persist_session,10.0,36.419199838638306,973.61770173,0,1786086454.2710176,235.0,True,aggressive,adaptive,0.0,-0.15,0.0,0.096,-0.022,0.0,0.08990055,-0.03799128,0.0,0.059377473,-0.09604758,0.20445098,0.024061158,-0.023543872,0.05782492,"[-2.1912026539836913, 5.4261353078594095, 0.0, 0.0, 0.0, 0.0, 9.513879460175446, -1.357060495420322]","[0.33085733234598513, 0.05824339688459522, 0.0]","{""Controller Type"": ""MPC Controller"", ""weight_comfort"": 457.2889934165502, ""weight_trajectory"": 250806.32887091997, ""weight_goal"": 457636.1326678396, ""Q"": [[250806.32887091997, 0.0, 0.0, 0.0], [0.0, 0.0, 0.0, 0.0], [0.0, 0.0, 250806.32887091997, 0.0], [0.0, 0.0, 0.0, 0.0]], ""R"": [[457.2889934165502, 0.0], [0.0, 457.2889934165502]], ""P"": [[457636.1326678396, 0.0, 0.0, 0.0], [0.0, 45763613.26678396, 0.0, 0.0], [0.0, 0.0, 457636.1326678396, 0.0], [0.0, 0.0, 0.0, 45763613.26678396]]}","[-0.9582191699531376, -0.3902246081584663, 0.0]",False
3,P16,348eb992-215e-4660-80e3-387165623cf5,32,1,haply,mpc,seeded_random,2704771326,persist_session,10.0,36.42945088386536,973.62793883,0,1786086454.2810638,236.0,True,aggressive,adaptive,0.0,-0.15,0.0,0.096,-0.022,0.0,0.090240639,-0.03731158,0.0,0.05944959,-0.09626725,0.20473403,0.022401763,-0.022646401,0.053006254,"[-2.1821942550957893, 5.416886356068822, 0.0, 0.0, 0.0, 0.0, 9.503701771502243, -1.3357193963646894]","[0.2805467744073203, 0.041775602006729556, 0.0]","{""Controller Type"": ""MPC Controller"", ""weight_comfort"": 457.2889934165502, ""weight_trajectory"": 250806.32887091997, ""weight_goal"": 457636.1326678396, ""Q"": [[250806.32887091997, 0.0, 0.0, 0.0], [0.0, 0.0, 0.0, 0.0], [0.0, 0.0, 250806.32887091997, 0.0], [0.0, 0.0, 0.0, 0.0]], ""R"": [[457.2889934165502, 0.0], [0.0, 457.2889934165502]], ""P"": [[457636.1326678396, 0.0, 0.0, 0.0], [0.0, 45763613.26678396, 0.0, 0.0], [0.0, 0.0, 457636.1326678396, 0.0], [0.0, 0.0, 0.0, 45763613.26678396]]}","[-0.9582191699531376, -0.3902246081584663, 0.0]",False
3,P16,348eb992-215e-4660-80e3-387165623cf5,32,1,haply,mpc,seeded_random,2704771326,persist_session,10.0,36.4396609210968,973.638151163,0,1786086454.2914126,237.0,True,aggressive,adaptive,0.0,-0.15,0.0,0.096,-0.022,0.0,0.0904569899999999,-0.03674548,0.0,0.059576362,-0.09650186,0.20505407,0.02066446,-0.02189655,0.04865874,"[-2.1766713363522348, 5.407617697451404, 0.0, 0.0, 0.0, 0.0, 9.508779408355775, -1.369945615728044]","[0.17052435419800657, 0.052907849883153044, 0.0]","{""Controller Type"": ""MPC Controller"", ""weight_comfort"": 418.18333712081983, ""weight_trajectory"": 358285.5983466231, ""weight_goal"": 655062.2194185324, ""Q"": [[358285.5983466231, 0.0, 0.0, 0.0], [0.0, 0.0, 0.0, 0.0], [0.0, 0.0, 358285.5983466231, 0.0], [0.0, 0.0, 0.0, 0.0]], ""R"": [[418.18333712081983, 0.0], [0.0, 418.18333712081983]], ""P"": [[655062.2194185324, 0.0, 0.0, 0.0], [0.0, 65506221.94185325, 0.0, 0.0], [0.0, 0.0, 655062.2194185324, 0.0], [0.0, 0.0, 0.0, 65506221.94185325]]}","[-0.629434710300473, -0.18443816665846519, 0.0]",False
3,P16,348eb992-215e-4660-80e3-387165623cf5,32,1,haply,mpc,seeded_random,2704771326,persist_session,10.0,36.449608936309815,973.648106261,0,1786086454.3013213,238.0,True,aggressive,adaptive,0.0,-0.15,0.0,0.096,-0.022,0.0,0.090837306,-0.0361054,0.0,0.05977051,-0.09678967,0.2054491,0.018965567,-0.021870604,0.04506313,"[-2.1774338136004254, 5.404784081448724, 0.0, 0.0, 0.0, 0.0, 9.500548901981086, -1.3909102480393065]","[0.10092238410984007, 0.06400456597681727, 0.0]","{""Controller Type"": ""MPC Controller"", ""weight_comfort"": 418.18333712081983, ""weight_trajectory"": 358285.5983466231, ""weight_goal"": 655062.2194185324, ""Q"": [[358285.5983466231, 0.0, 0.0, 0.0], [0.0, 0.0, 0.0, 0.0], [0.0, 0.0, 358285.5983466231, 0.0], [0.0, 0.0, 0.0, 0.0]], ""R"": [[418.18333712081983, 0.0], [0.0, 418.18333712081983]], ""P"": [[655062.2194185324, 0.0, 0.0, 0.0], [0.0, 65506221.94185325, 0.0, 0.0], [0.0, 0.0, 655062.2194185324, 0.0], [0.0, 0.0, 0.0, 65506221.94185325]]}","[-0.4870413041729586, -0.051857216654767, 0.0]",False
3,P16,348eb992-215e-4660-80e3-387165623cf5,32,1,haply,mpc,seeded_random,2704771326,persist_session,10.0,36.45956338882446,973.658057337,0,1786086454.3113413,239.0,True,aggressive,adaptive,0.0,-0.15,0.0,0.096,-0.022,0.0,0.09141975,-0.03531534,0.0,0.060064394,-0.09707951,0.20582083,0.018224677,-0.022011517,0.042648494,"[-2.1841859831174344, 5.412829525690179, 0.0, 0.0, 0.0, 0.0, 9.495669264061865, -1.370121050541332]","[0.1964795902000941, 0.04543322512111059, 0.0]","{""Controller Type"": ""MPC Controller"", ""weight_comfort"": 418.18333712081983, ""weight_trajectory"": 358285.5983466231, ""weight_goal"": 655062.2194185324, ""Q"": [[358285.5983466231, 0.0, 0.0, 0.0], [0.0, 0.0, 0.0, 0.0], [0.0, 0.0, 358285.5983466231, 0.0], [0.0, 0.0, 0.0, 0.0]], ""R"": [[418.18333712081983, 0.0], [0.0, 418.18333712081983]], ""P"": [[655062.2194185324, 0.0, 0.0, 0.0], [0.0, 65506221.94185325, 0.0, 0.0], [0.0, 0.0, 655062.2194185324, 0.0], [0.0, 0.0, 0.0, 65506221.94185325]]}","[-0.7915590144330777, -0.250228964340476, 0.0]",False
3,P16,348eb992-215e-4660-80e3-387165623cf5,32,1,haply,mpc,seeded_random,2704771326,persist_session,10.0,36.46960915565491,973.668071354,0,1786086454.321096,240.0,True,aggressive,adaptive,0.0,-0.15,0.0,0.096,-0.022,0.0,0.092301402,-0.03457188,0.0,0.06040237,-0.097345434,0.2061932,0.018040106,-0.022090625,0.041120104,"[-2.2008145221566564, 5.427166470223158, 0.0, 0.0, 0.0, 0.0, 9.466234809098303, -1.3278952416818521]","[0.3053902769456302, 0.0213440322700843, 0.0]","{""Controller Type"": ""MPC Controller"", ""weight_comfort"": 379.52146626574444, ""weight_trajectory"": 465020.03662468045, ""weight_goal"": 851393.3192614588, ""Q"": [[465020.03662468045, 0.0, 0.0, 0.0], [0.0, 0.0, 0.0, 0.0], [0.0, 0.0, 465020.03662468045, 0.0], [0.0, 0.0, 0.0, 0.0]], ""R"": [[379.52146626574444, 0.0], [0.0, 379.52146626574444]], ""P"": [[851393.3192614588, 0.0, 0.0, 0.0], [0.0, 85139331.92614588, 0.0, 0.0], [0.0, 0.0, 851393.3192614588, 0.0], [0.0, 0.0, 0.0, 85139331.92614588]]}","[-1.1485699472939659, -0.5239636091078519, 0.0]",False
3,P16,348eb992-215e-4660-80e3-387165623cf5,32,1,haply,mpc,seeded_random,2704771326,persist_session,10.0,36.47953928947449,973.678031891,0,1786086454.3311036,241.0,True,aggressive,adaptive,0.0,-0.15,0.0,0.096,-0.022,0.0,0.09331533,-0.03382714,0.0,0.060741737,-0.097610265,0.20656785,0.019321324,-0.021705288,0.040165253,"[-2.2549474263443967, 5.467420215675149, 0.0, 0.0, 0.0, 0.0, 9.472384364128187, -1.3363286030962367]","[0.48581988635893375, 0.01723619499674371, 0.0]","{""Controller Type"": ""MPC Controller"", ""weight_comfort"": 379.52146626574444, ""weight_trajectory"": 465020.03662468045, ""weight_goal"": 851393.3192614588, ""Q"": [[465020.03662468045, 0.0, 0.0, 0.0], [0.0, 0.0, 0.0, 0.0], [0.0, 0.0, 465020.03662468045, 0.0], [0.0, 0.0, 0.0, 0.0]], ""R"": [[379.52146626574444, 0.0], [0.0, 379.52146626574444]], ""P"": [[851393.3192614588, 0.0, 0.0, 0.0], [0.0, 85139331.92614588, 0.0, 0.0], [0.0, 0.0, 851393.3192614588, 0.0], [0.0, 0.0, 0.0, 85139331.92614588]]}","[-1.8288523758414221, -0.5321592151305292, 0.0]",False
3,P16,348eb992-215e-4660-80e3-387165623cf5,32,1,haply,mpc,seeded_random,2704771326,persist_session,10.0,36.489684953689576,973.688162601,0,1786086454.341055,242.0,True,aggressive,adaptive,0.0,-0.15,0.0,0.096,-0.022,0.0,0.094333431,-0.03307784,0.0,0.060940377,-0.09790578,0.20691125,0.020860497,-0.021920402,0.039064746,"[-2.2674904323458462, 5.476319321411266, 0.0, 0.0, 0.0, 0.0, 9.476721121906076, -1.3419067194016177]","[0.5487491085754667, 0.01222143914293547, 0.0]","{""Controller Type"": ""MPC Controller"", ""weight_comfort"": 379.52146626574444, ""weight_trajectory"": 465020.03662468045, ""weight_goal"": 851393.3192614588, ""Q"": [[465020.03662468045, 0.0, 0.0, 0.0], [0.0, 0.0, 0.0, 0.0], [0.0, 0.0, 465020.03662468045, 0.0], [0.0, 0.0, 0.0, 0.0]], ""R"": [[379.52146626574444, 0.0], [0.0, 379.52146626574444]], ""P"": [[851393.3192614588, 0.0, 0.0, 0.0], [0.0, 85139331.92614588, 0.0, 0.0], [0.0, 0.0, 851393.3192614588, 0.0], [0.0, 0.0, 0.0, 85139331.92614588]]}","[-2.0888741616425337, -0.5051680140185743, 0.0]",False
3,P16,348eb992-215e-4660-80e3-387165623cf5,32,1,haply,mpc,seeded_random,2704771326,persist_session,10.0,36.499671354293824,973.698163753,0,1786086454.3508985,243.0,True,aggressive,adaptive,0.0,-0.15,0.0,0.096,-0.022,0.0,0.094929351,-0.03239104,0.0,0.06107122,-0.09814835,0.20718066,0.022365568,-0.023260148,0.03788116,"[-2.256369857184692, 5.468668726482623, 0.0, 0.0, 0.0, 0.0, 9.474508374131192, -1.3393589094301919]","[0.5557404530830246, 0.004105910298237286, 0.0]","{""Controller Type"": ""MPC Controller"", ""weight_comfort"": 309.4580028469788, ""weight_trajectory"": 658469.827009336, ""weight_goal"": 1207670.0175913032, ""Q"": [[658469.827009336, 0.0, 0.0, 0.0], [0.0, 0.0, 0.0, 0.0], [0.0, 0.0, 658469.827009336, 0.0], [0.0, 0.0, 0.0, 0.0]], ""R"": [[309.4580028469788, 0.0], [0.0, 309.4580028469788]], ""P"": [[1207670.0175913032, 0.0, 0.0, 0.0], [0.0, 120767001.75913033, 0.0, 0.0], [0.0, 0.0, 1207670.0175913032, 0.0], [0.0, 0.0, 0.0, 120767001.75913033]]}","[-1.5699777752305188, -0.4860334470720228, 0.0]",False
3,P16,348eb992-215e-4660-80e3-387165623cf5,32,1,haply,mpc,seeded_random,2704771326,persist_session,10.0,36.509826793670655,973.708305134,0,1786086454.3609903,244.0,True,aggressive,adaptive,0.0,-0.15,0.0,0.096,-0.022,0.0,0.09532188,-0.03185222,0.0,0.061133817,-0.098338105,0.20737499,0.023736252,-0.023490453,0.036511023,"[-2.1908571357135136, 5.423412673156688, 0.0, 0.0, 0.0, 0.0, 9.487960360224102, -1.3550954088419502]","[0.3259818083793005, 0.004042996685168651, 0.0]","{""Controller Type"": ""MPC Controller"", ""weight_comfort"": 309.4580028469788, ""weight_trajectory"": 658469.827009336, ""weight_goal"": 1207670.0175913032, ""Q"": [[658469.827009336, 0.0, 0.0, 0.0], [0.0, 0.0, 0.0, 0.0], [0.0, 0.0, 658469.827009336, 0.0], [0.0, 0.0, 0.0, 0.0]], ""R"": [[309.4580028469788, 0.0], [0.0, 309.4580028469788]], ""P"": [[1207670.0175913032, 0.0, 0.0, 0.0], [0.0, 120767001.75913033, 0.0, 0.0], [0.0, 0.0, 1207670.0175913032, 0.0], [0.0, 0.0, 0.0, 120767001.75913033]]}","[-1.5699777752305188, -0.4860334470720228, 0.0]",False
3,P16,348eb992-215e-4660-80e3-387165623cf5,32,1,haply,mpc,seeded_random,2704771326,persist_session,10.0,36.52001561164856,973.718500969,0,1786086454.3711157,245.0,True,aggressive,adaptive,0.0,-0.15,0.0,0.096,-0.022,0.0,0.095509671,-0.03146356,0.0,0.06117139,-0.09845197,0.20749192,0.023845948,-0.022641016,0.034298655,"[-2.1691445176203685, 5.408424740198825, 0.0, 0.0, 0.0, 0.0, 9.505973978513383, -1.3872202297863816]","[0.20888967608067166, 0.0195902897623577, 0.0]","{""Controller Type"": ""MPC Controller"", ""weight_comfort"": 309.4580028469788, ""weight_trajectory"": 658469.827009336, ""weight_goal"": 1207670.0175913032, ""Q"": [[658469.827009336, 0.0, 0.0, 0.0], [0.0, 0.0, 0.0, 0.0], [0.0, 0.0, 658469.827009336, 0.0], [0.0, 0.0, 0.0, 0.0]], ""R"": [[309.4580028469788, 0.0], [0.0, 309.4580028469788]], ""P"": [[1207670.0175913032, 0.0, 0.0, 0.0], [0.0, 120767001.75913033, 0.0, 0.0], [0.0, 0.0, 1207670.0175913032, 0.0], [0.0, 0.0, 0.0, 120767001.75913033]]}","[-0.8347166665457282, 0.033015537122095574, 0.0]",False
3,P16,348eb992-215e-4660-80e3-387165623cf5,32,1,haply,mpc,seeded_random,2704771326,persist_session,10.0,36.52944339752197,973.72793947,0,1786086454.3810556,246.0,True,aggressive,adaptive,0.0,-0.15,0.0,0.096,-0.022,0.0,0.09562239,-0.0312297,0.0,0.06119477,-0.09851639,0.20763122,0.022733206,-0.020980056,0.03140867,"[-2.160238180293469, 5.402106520466441, 0.0, 0.0, 0.0, 0.0, 9.504194535496685, -1.4052851501664247]","[0.09913109811678733, 0.03600212032583546, 0.0]","{""Controller Type"": ""MPC Controller"", ""weight_comfort"": 264.64898541758794, ""weight_trajectory"": 782291.8250844288, ""weight_goal"": 1433948.3540666387, ""Q"": [[782291.8250844288, 0.0, 0.0, 0.0], [0.0, 0.0, 0.0, 0.0], [0.0, 0.0, 782291.8250844288, 0.0], [0.0, 0.0, 0.0, 0.0]], ""R"": [[264.64898541758794, 0.0], [0.0, 264.64898541758794]], ""P"": [[1433948.3540666387, 0.0, 0.0, 0.0], [0.0, 143394835.40666386, 0.0, 0.0], [0.0, 0.0, 1433948.3540666387, 0.0], [0.0, 0.0, 0.0, 143394835.40666386]]}","[-0.8347166665457282, 0.033015537122095574, 0.0]",False
3,P16,348eb992-215e-4660-80e3-387165623cf5,32,1,haply,mpc,seeded_random,2704771326,persist_session,10.0,36.539561405181885,973.738055148,0,1786086454.3910725,247.0,True,aggressive,adaptive,0.0,-0.15,0.0,0.096,-0.022,0.0,0.09569253,-0.0309511,0.0,0.061218183,-0.0985809,0.20777063,0.018324045,-0.019419475,0.027910432,"[-2.1582735137985822, 5.400681934526276, 0.0, 0.0, 0.0, 0.0, 9.482851703561057, -1.4117647938015456]","[0.06042898227837139, 0.054308751833641734, 0.0]","{""Controller Type"": ""MPC Controller"", ""weight_comfort"": 264.64898541758794, ""weight_trajectory"": 782291.8250844288, ""weight_goal"": 1433948.3540666387, ""Q"": [[782291.8250844288, 0.0, 0.0, 0.0], [0.0, 0.0, 0.0, 0.0], [0.0, 0.0, 782291.8250844288, 0.0], [0.0, 0.0, 0.0, 0.0]], ""R"": [[264.64898541758794, 0.0], [0.0, 264.64898541758794]], ""P"": [[1433948.3540666387, 0.0, 0.0, 0.0], [0.0, 143394835.40666386, 0.0, 0.0], [0.0, 0.0, 1433948.3540666387, 0.0], [0.0, 0.0, 0.0, 143394835.40666386]]}","[-0.7338744024162827, 0.2801741698811565, 0.0]",False
3,P16,348eb992-215e-4660-80e3-387165623cf5,32,1,haply,mpc,seeded_random,2704771326,persist_session,10.0,36.54982699394226,973.748317824,0,1786086454.401183,248.0,True,aggressive,adaptive,0.0,-0.15,0.0,0.096,-0.022,0.0,0.095762769,-0.0306722799999999,0.0,0.061243203,-0.09865667,0.20784897,0.014455357,-0.017578913,0.024483403,"[-2.157584068391373, 5.400163777925959, 0.0, 0.0, 0.0, 0.0, 9.486225727924836, -1.409192779851145]","[0.03714938402016397, 0.04571835305568297, 0.0]","{""Controller Type"": ""MPC Controller"", ""weight_comfort"": 264.64898541758794, ""weight_trajectory"": 782291.8250844288, ""weight_goal"": 1433948.3540666387, ""Q"": [[782291.8250844288, 0.0, 0.0, 0.0], [0.0, 0.0, 0.0, 0.0], [0.0, 0.0, 782291.8250844288, 0.0], [0.0, 0.0, 0.0, 0.0]], ""R"": [[264.64898541758794, 0.0], [0.0, 264.64898541758794]], ""P"": [[1433948.3540666387, 0.0, 0.0, 0.0], [0.0, 143394835.40666386, 0.0, 0.0], [0.0, 0.0, 1433948.3540666387, 0.0], [0.0, 0.0, 0.0, 143394835.40666386]]}","[-0.6465919298441871, 0.18548620938782392, 0.0]",False
3,P16,348eb992-215e-4660-80e3-387165623cf5,32,1,haply,mpc,seeded_random,2704771326,persist_session,10.0,36.559562816619874,973.758041276,0,1786086454.411456,249.0,True,aggressive,adaptive,0.0,-0.15,0.0,0.096,-0.022,0.0,0.095837829,-0.0305156,0.0,0.061280735,-0.09877034,0.20796666,0.011301492,-0.015366035,0.021069229,"[-2.1575191984820057, 5.4001166099725095, 0.0, 0.0, 0.0, 0.0, 9.485693849826582, -1.4096499362164028]","[0.03700484057997877, 0.04338690971913386, 0.0]","{""Controller Type"": ""MPC Controller"", ""weight_comfort"": 246.23495004683465, ""weight_trajectory"": 833300.7068022996, ""weight_goal"": 1527123.3291013595, ""Q"": [[833300.7068022996, 0.0, 0.0, 0.0], [0.0, 0.0, 0.0, 0.0], [0.0, 0.0, 833300.7068022996, 0.0], [0.0, 0.0, 0.0, 0.0]], ""R"": [[246.23495004683465, 0.0], [0.0, 246.23495004683465]], ""P"": [[1527123.3291013595, 0.0, 0.0, 0.0], [0.0, 152712332.91013595, 0.0, 0.0], [0.0, 0.0, 1527123.3291013595, 0.0], [0.0, 0.0, 0.0, 152712332.91013595]]}","[-0.6363653987192562, 0.17211173807518565, 0.0]",False
3,P16,348eb992-215e-4660-80e3-387165623cf5,32,1,haply,mpc,seeded_random,2704771326,persist_session,10.0,36.56954397201538,973.768035153,0,1786086454.4212427,250.0,True,aggressive,adaptive,0.0,-0.15,0.0,0.096,-0.022,0.0,0.095950425,-0.03028022,0.0,0.061280735,-0.09877034,0.20796666,0.009037087,-0.013729652,0.018578617,"[-2.1575120822739593, 5.400111627203307, 0.0, 0.0, 0.0, 0.0, 9.462242343597861, -1.4101648304989436]","[0.039104447305363554, 0.05907031380875555, 0.0]","{""Controller Type"": ""MPC Controller"", ""weight_comfort"": 246.23495004683465, ""weight_trajectory"": 833300.7068022996, ""weight_goal"": 1527123.3291013595, ""Q"": [[833300.7068022996, 0.0, 0.0, 0.0], [0.0, 0.0, 0.0, 0.0], [0.0, 0.0, 833300.7068022996, 0.0], [0.0, 0.0, 0.0, 0.0]], ""R"": [[246.23495004683465, 0.0], [0.0, 246.23495004683465]], ""P"": [[1527123.3291013595, 0.0, 0.0, 0.0], [0.0, 152712332.91013595, 0.0, 0.0], [0.0, 0.0, 1527123.3291013595, 0.0], [0.0, 0.0, 0.0, 152712332.91013595]]}","[-0.6509648412452628, 0.38517547311876915, 0.0]",False
3,P16,348eb992-215e-4660-80e3-387165623cf5,32,1,haply,mpc,seeded_random,2704771326,persist_session,10.0,36.579534425735474,973.778026935,0,1786086454.4315135,251.0,True,aggressive,adaptive,0.0,-0.15,0.0,0.096,-0.022,0.0,0.095950425,-0.03028022,0.0,0.06124967,-0.098831594,0.2080076,0.007375642,-0.012507831,0.016227223,"[-2.1585790101549374, 5.400821172048516, 0.0, 0.0, 0.0, 0.0, 9.470545125089847, -1.4055990285401816]","[0.0620300430018678, 0.044611798398311434, 0.0]","{""Controller Type"": ""MPC Controller"", ""weight_comfort"": 246.23495004683465, ""weight_trajectory"": 833300.7068022996, ""weight_goal"": 1527123.3291013595, ""Q"": [[833300.7068022996, 0.0, 0.0, 0.0], [0.0, 0.0, 0.0, 0.0], [0.0, 0.0, 833300.7068022996, 0.0], [0.0, 0.0, 0.0, 0.0]], ""R"": [[246.23495004683465, 0.0], [0.0, 246.23495004683465]], ""P"": [[1527123.3291013595, 0.0, 0.0, 0.0], [0.0, 152712332.91013595, 0.0, 0.0], [0.0, 0.0, 1527123.3291013595, 0.0], [0.0, 0.0, 0.0, 152712332.91013595]]}","[-0.7250036147030288, 0.21470138366986194, 0.0]",False
3,P16,348eb992-215e-4660-80e3-387165623cf5,32,1,haply,mpc,seeded_random,2704771326,persist_session,10.0,36.589687480926514,973.788180262,0,1786086454.4412396,252.0,True,aggressive,adaptive,0.0,-0.15,0.0,0.096,-0.022,0.0,0.09585723,-0.03019834,0.0,0.061191913,-0.09880547,0.20803145,0.0057367682,-0.01067376,0.013514804,"[-2.1586388665146132, 5.400835473953, 0.0, 0.0, 0.0, 0.0, 9.3938815868065, -1.3873047125243132]","[-0.00010701452180745364, 0.07778340619270717, 0.0]","{""Controller Type"": ""MPC Controller"", ""weight_comfort"": 235.74607952801531, ""weight_trajectory"": 862706.0522205295, ""weight_goal"": 1579231.7931424829, ""Q"": [[862706.0522205295, 0.0, 0.0, 0.0], [0.0, 0.0, 0.0, 0.0], [0.0, 0.0, 862706.0522205295, 0.0], [0.0, 0.0, 0.0, 0.0]], ""R"": [[235.74607952801531, 0.0], [0.0, 235.74607952801531]], ""P"": [[1579231.7931424829, 0.0, 0.0, 0.0], [0.0, 157923179.3142483, 0.0, 0.0], [0.0, 0.0, 1579231.7931424829, 0.0], [0.0, 0.0, 0.0, 157923179.3142483]]}","[-0.5170875968420439, 0.6493462414316938, 0.0]",False
3,P16,348eb992-215e-4660-80e3-387165623cf5,32,1,haply,mpc,seeded_random,2704771326,persist_session,10.0,36.59961260795593,973.798104458,0,1786086454.451213,253.0,True,aggressive,adaptive,0.0,-0.15,0.0,0.096,-0.022,0.0,0.095683959,-0.03015064,0.0,0.06117776,-0.09875602,0.2080535,0.0042754104,-0.009001961,0.011535865,"[-2.161087843959925, 5.402385164884701, 0.0, 0.0, 0.0, 0.0, 9.41284600401317, -1.3896808364987792]","[-0.05207420021732681, 0.06547050247050089, 0.0]","{""Controller Type"": ""MPC Controller"", ""weight_comfort"": 235.74607952801531, ""weight_trajectory"": 862706.0522205295, ""weight_goal"": 1579231.7931424829, ""Q"": [[862706.0522205295, 0.0, 0.0, 0.0], [0.0, 0.0, 0.0, 0.0], [0.0, 0.0, 862706.0522205295, 0.0], [0.0, 0.0, 0.0, 0.0]], ""R"": [[235.74607952801531, 0.0], [0.0, 235.74607952801531]], ""P"": [[1579231.7931424829, 0.0, 0.0, 0.0], [0.0, 157923179.3142483, 0.0, 0.0], [0.0, 0.0, 1579231.7931424829, 0.0], [0.0, 0.0, 0.0, 157923179.3142483]]}","[-0.33207298628153364, 0.4845939370940609, 0.0]",False
3,P16,348eb992-215e-4660-80e3-387165623cf5,32,1,haply,mpc,seeded_random,2704771326,persist_session,10.0,36.609457387924195,973.807954577,0,1786086454.4612265,254.0,True,aggressive,adaptive,0.0,-0.15,0.0,0.096,-0.022,0.0,0.0956414999999999,-0.03010654,0.0,0.06117776,-0.09875602,0.2080535,0.00306366,-0.007318593,0.009613795,"[-2.1644010168084304, 5.404465008233365, 0.0, 0.0, 0.0, 0.0, 9.40117187646467, -1.3875586767164638]","[-0.09457856007041628, 0.06998918527379006, 0.0]","{""Controller Type"": ""MPC Controller"", ""weight_comfort"": 235.74607952801531, ""weight_trajectory"": 862706.0522205295, ""weight_goal"": 1579231.7931424829, ""Q"": [[862706.0522205295, 0.0, 0.0, 0.0], [0.0, 0.0, 0.0, 0.0], [0.0, 0.0, 862706.0522205295, 0.0], [0.0, 0.0, 0.0, 0.0]], ""R"": [[235.74607952801531, 0.0], [0.0, 235.74607952801531]], ""P"": [[1579231.7931424829, 0.0, 0.0, 0.0], [0.0, 157923179.3142483, 0.0, 0.0], [0.0, 0.0, 1579231.7931424829, 0.0], [0.0, 0.0, 0.0, 157923179.3142483]]}","[-0.16779680446631748, 0.5356606866432638, 0.0]",False
3,P16,348eb992-215e-4660-80e3-387165623cf5,32,1,haply,mpc,seeded_random,2704771326,persist_session,10.0,36.61961783409119,973.818109207,0,1786086454.47102,255.0,True,aggressive,adaptive,0.0,-0.15,0.0,0.096,-0.022,0.0,0.0956414999999999,-0.03010654,0.0,0.061163608,-0.09870659,0.20807554,0.00204978,-0.0057039065,0.0078045083,"[-2.1624209642953733, 5.403379967143166, 0.0, 0.0, 0.0, 0.0, 9.398251566421331, -1.3870136567568452]","[-0.023686324910140867, 0.07007886747823917, 0.0]","{""Controller Type"": ""MPC Controller"", ""weight_comfort"": 237.16260905750923, ""weight_trajectory"": 858745.8380393777, ""weight_goal"": 1572129.3261647385, ""Q"": [[858745.8380393777, 0.0, 0.0, 0.0], [0.0, 0.0, 0.0, 0.0], [0.0, 0.0, 858745.8380393777, 0.0], [0.0, 0.0, 0.0, 0.0]], ""R"": [[237.16260905750923, 0.0], [0.0, 237.16260905750923]], ""P"": [[1572129.3261647385, 0.0, 0.0, 0.0], [0.0, 157212932.61647385, 0.0, 0.0], [0.0, 0.0, 1572129.3261647385, 0.0], [0.0, 0.0, 0.0, 157212932.61647385]]}","[-0.39797336602222694, 0.5363413715928804, 0.0]",False
3,P16,348eb992-215e-4660-80e3-387165623cf5,32,1,haply,mpc,seeded_random,2704771326,persist_session,10.0,36.62947048187256,973.827973287,0,1786086454.4810317,256.0,True,aggressive,adaptive,0.0,-0.15,0.0,0.096,-0.022,0.0,0.095599044,-0.03006246,0.0,0.061149478,-0.09865721,0.20809759,0.0011560245,-0.0037526924,0.0057874033,"[-2.1622526827321686, 5.403339760375049, 0.0, 0.0, 0.0, 0.0, 9.38188989934537, -1.383108641897451]","[-0.0007751675867595075, 0.07605466574463937, 0.0]","{""Controller Type"": ""MPC Controller"", ""weight_comfort"": 237.16260905750923, ""weight_trajectory"": 858745.8380393777, ""weight_goal"": 1572129.3261647385, ""Q"": [[858745.8380393777, 0.0, 0.0, 0.0], [0.0, 0.0, 0.0, 0.0], [0.0, 0.0, 858745.8380393777, 0.0], [0.0, 0.0, 0.0, 0.0]], ""R"": [[237.16260905750923, 0.0], [0.0, 237.16260905750923]], ""P"": [[1572129.3261647385, 0.0, 0.0, 0.0], [0.0, 157212932.61647385, 0.0, 0.0], [0.0, 0.0, 1572129.3261647385, 0.0], [0.0, 0.0, 0.0, 157212932.61647385]]}","[-0.47420247754299605, 0.6161250796798546, 0.0]",False
3,P16,348eb992-215e-4660-80e3-387165623cf5,32,1,haply,mpc,seeded_random,2704771326,persist_session,10.0,36.63963688850403,973.838122345,0,1786086454.490913,257.0,True,aggressive,adaptive,0.0,-0.15,0.0,0.096,-0.022,0.0,0.095556654,-0.03001836,0.0,0.061135314,-0.09860774,0.2081196,0.0006553375,-0.0020826566,0.0044691246,"[-2.16286516097857, 5.403669712688623, 0.0, 0.0, 0.0, 0.0, 9.391860940033142, -1.3849663099092266]","[-0.023782285193207298, 0.06962368962215779, 0.0]","{""Controller Type"": ""MPC Controller"", ""weight_comfort"": 237.16260905750923, ""weight_trajectory"": 858745.8380393777, ""weight_goal"": 1572129.3261647385, ""Q"": [[858745.8380393777, 0.0, 0.0, 0.0], [0.0, 0.0, 0.0, 0.0], [0.0, 0.0, 858745.8380393777, 0.0], [0.0, 0.0, 0.0, 0.0]], ""R"": [[237.16260905750923, 0.0], [0.0, 237.16260905750923]], ""P"": [[1572129.3261647385, 0.0, 0.0, 0.0], [0.0, 157212932.61647385, 0.0, 0.0], [0.0, 0.0, 1572129.3261647385, 0.0], [0.0, 0.0, 0.0, 157212932.61647385]]}","[-0.3896813073937325, 0.530217405506517, 0.0]",False
3,P16,348eb992-215e-4660-80e3-387165623cf5,32,1,haply,mpc,seeded_random,2704771326,persist_session,10.0,36.6496218585968,973.848105783,0,1786086454.501241,258.0,True,aggressive,adaptive,0.0,-0.15,0.0,0.096,-0.022,0.0,0.095514162,-0.02997434,0.0,0.061147764,-0.09864553,0.20815888,0.00015593928,-0.00038673787,0.003794837,"[-2.1628346811854726, 5.4036535274452335, 0.0, 0.0, 0.0, 0.0, 9.390176188449063, -1.3846543895075654]","[-0.024140790676966124, 0.06911395912968016, 0.0]","{""Controller Type"": ""MPC Controller"", ""weight_comfort"": 236.75173505196267, ""weight_trajectory"": 859915.9019151181, ""weight_goal"": 1574120.6151787555, ""Q"": [[859915.9019151181, 0.0, 0.0, 0.0], [0.0, 0.0, 0.0, 0.0], [0.0, 0.0, 859915.9019151181, 0.0], [0.0, 0.0, 0.0, 0.0]], ""R"": [[236.75173505196267, 0.0], [0.0, 236.75173505196267]], ""P"": [[1574120.6151787555, 0.0, 0.0, 0.0], [0.0, 157412061.51787555, 0.0, 0.0], [0.0, 0.0, 1574120.6151787555, 0.0], [0.0, 0.0, 0.0, 157412061.51787555]]}","[-0.3810667649652179, 0.5229536496371481, 0.0]",False
3,P16,348eb992-215e-4660-80e3-387165623cf5,32,1,haply,mpc,seeded_random,2704771326,persist_session,10.0,36.65973104476929,973.858214528,0,1786086454.5108905,259.0,True,aggressive,adaptive,0.0,-0.15,0.0,0.096,-0.022,0.0,0.095551512,-0.02989578,0.0,0.061172668,-0.09872113,0.2082375,-0.00013918632,0.00063916703,0.0035153842,"[-2.1627704056315027, 5.403620171624829, 0.0, 0.0, 0.0, 0.0, 9.387808898816303, -1.3842103235837984]","[-0.023281983584298, 0.0689619662688511, 0.0]","{""Controller Type"": ""MPC Controller"", ""weight_comfort"": 236.75173505196267, ""weight_trajectory"": 859915.9019151181, ""weight_goal"": 1574120.6151787555, ""Q"": [[859915.9019151181, 0.0, 0.0, 0.0], [0.0, 0.0, 0.0, 0.0], [0.0, 0.0, 859915.9019151181, 0.0], [0.0, 0.0, 0.0, 0.0]], ""R"": [[236.75173505196267, 0.0], [0.0, 236.75173505196267]], ""P"": [[1574120.6151787555, 0.0, 0.0, 0.0], [0.0, 157412061.51787555, 0.0, 0.0], [0.0, 0.0, 1574120.6151787555, 0.0], [0.0, 0.0, 0.0, 157412061.51787555]]}","[-0.5206263978772335, 0.4463377796013045, 0.0]",False
3,P16,348eb992-215e-4660-80e3-387165623cf5,32,1,haply,mpc,seeded_random,2704771326,persist_session,10.0,36.669656410217286,973.868141047,0,1786086454.520992,260.0,True,aggressive,adaptive,0.0,-0.15,0.0,0.096,-0.022,0.0,0.095626224,-0.02973854,0.0,0.06119756,-0.098796695,0.20831622,-0.00027095614,0.0011299672,0.0035555167,"[-2.163188341271014, 5.4040595689641275, 0.0, 0.0, 0.0, 0.0, 9.39558279995953, -1.3851788294808693]","[0.01994711750049969, 0.06290824060700001, 0.0]","{""Controller Type"": ""MPC Controller"", ""weight_comfort"": 236.75173505196267, ""weight_trajectory"": 859915.9019151181, ""weight_goal"": 1574120.6151787555, ""Q"": [[859915.9019151181, 0.0, 0.0, 0.0], [0.0, 0.0, 0.0, 0.0], [0.0, 0.0, 859915.9019151181, 0.0], [0.0, 0.0, 0.0, 0.0]], ""R"": [[236.75173505196267, 0.0], [0.0, 236.75173505196267]], ""P"": [[1574120.6151787555, 0.0, 0.0, 0.0], [0.0, 157412061.51787555, 0.0, 0.0], [0.0, 0.0, 1574120.6151787555, 0.0], [0.0, 0.0, 0.0, 157412061.51787555]]}","[-0.5206263978772335, 0.4463377796013045, 0.0]",False
3,P16,348eb992-215e-4660-80e3-387165623cf5,32,1,haply,mpc,seeded_random,2704771326,persist_session,10.0,36.679655685424805,973.878146418,0,1786086454.5310662,261.0,True,aggressive,adaptive,0.0,-0.15,0.0,0.096,-0.022,0.0,0.0957009,-0.0295811,0.0,0.061222475,-0.09887229,0.20839506,-0.00022274727,0.0010099313,0.0036323932,"[-2.1636578905282926, 5.404420936422678, 0.0, 0.0, 0.0, 0.0, 9.406185101710916, -1.3842864798577323]","[0.03916284790940332, 0.05124245043666821, 0.0]","{""Controller Type"": ""MPC Controller"", ""weight_comfort"": 230.38228383704705, ""weight_trajectory"": 877481.2833417096, ""weight_goal"": 1606795.9831941023, ""Q"": [[877481.2833417096, 0.0, 0.0, 0.0], [0.0, 0.0, 0.0, 0.0], [0.0, 0.0, 877481.2833417096, 0.0], [0.0, 0.0, 0.0, 0.0]], ""R"": [[230.38228383704705, 0.0], [0.0, 230.38228383704705]], ""P"": [[1606795.9831941023, 0.0, 0.0, 0.0], [0.0, 160679598.31941023, 0.0, 0.0], [0.0, 0.0, 1606795.9831941023, 0.0], [0.0, 0.0, 0.0, 160679598.31941023]]}","[-0.5831299626989058, 0.30423382479588146, 0.0]",False
3,P16,348eb992-215e-4660-80e3-387165623cf5,32,1,haply,mpc,seeded_random,2704771326,persist_session,10.0,36.68949688911438,973.887982061,0,1786086454.5412529,262.0,True,aggressive,adaptive,0.0,-0.15,0.0,0.096,-0.022,0.0,0.0957756449999999,-0.02942342,0.0,0.061247364,-0.098947816,0.20847394,9.576845e-05,-4.9713297e-05,0.003432163,"[-2.1635973602525485, 5.404375999938265, 0.0, 0.0, 0.0, 0.0, 9.405539018755423, -1.3843510647409398]","[0.03941358155939399, 0.049669506348709216, 0.0]","{""Controller Type"": ""MPC Controller"", ""weight_comfort"": 230.38228383704705, ""weight_trajectory"": 877481.2833417096, ""weight_goal"": 1606795.9831941023, ""Q"": [[877481.2833417096, 0.0, 0.0, 0.0], [0.0, 0.0, 0.0, 0.0], [0.0, 0.0, 877481.2833417096, 0.0], [0.0, 0.0, 0.0, 0.0]], ""R"": [[230.38228383704705, 0.0], [0.0, 230.38228383704705]], ""P"": [[1606795.9831941023, 0.0, 0.0, 0.0], [0.0, 160679598.31941023, 0.0, 0.0], [0.0, 0.0, 1606795.9831941023, 0.0], [0.0, 0.0, 0.0, 160679598.31941023]]}","[-0.5846633755519673, 0.29504345486643363, 0.0]",False
3,P16,348eb992-215e-4660-80e3-387165623cf5,32,1,haply,mpc,seeded_random,2704771326,persist_session,10.0,36.699521675109864,973.898012795,0,1786086454.5512292,263.0,True,aggressive,adaptive,0.0,-0.15,0.0,0.096,-0.022,0.0,0.095850312,-0.02926566,0.0,0.061272275,-0.09902341,0.20855299,0.0006656733,-0.0018495158,0.0043222453,"[-2.1635198158858047, 5.404320263943498, 0.0, 0.0, 0.0, 0.0, 9.404631779262264, -1.384448792419538]","[0.03916895870970272, 0.0483845807154079, 0.0]","{""Controller Type"": ""MPC Controller"", ""weight_comfort"": 230.38228383704705, ""weight_trajectory"": 877481.2833417096, ""weight_goal"": 1606795.9831941023, ""Q"": [[877481.2833417096, 0.0, 0.0, 0.0], [0.0, 0.0, 0.0, 0.0], [0.0, 0.0, 877481.2833417096, 0.0], [0.0, 0.0, 0.0, 0.0]], ""R"": [[230.38228383704705, 0.0], [0.0, 230.38228383704705]], ""P"": [[1606795.9831941023, 0.0, 0.0, 0.0], [0.0, 160679598.31941023, 0.0, 0.0], [0.0, 0.0, 1606795.9831941023, 0.0], [0.0, 0.0, 0.0, 160679598.31941023]]}","[-0.581895642581193, 0.29009880724603476, 0.0]",False
3,P16,348eb992-215e-4660-80e3-387165623cf5,32,1,haply,mpc,seeded_random,2704771326,persist_session,10.0,36.70944465637207,973.907943461,0,1786086454.5612872,264.0,True,aggressive,adaptive,0.0,-0.15,0.0,0.096,-0.022,0.0,0.095925045,-0.02910756,0.0,0.0612847,-0.099061094,0.20859246,0.0011480117,-0.0033600763,0.005239954,"[-2.1634744056971806, 5.404288677487036, 0.0, 0.0, 0.0, 0.0, 9.404457374461193, -1.3844730870268973]","[0.04012386519539442, 0.046436446118674195, 0.0]","{""Controller Type"": ""MPC Controller"", ""weight_comfort"": 217.70620998817813, ""weight_trajectory"": 912622.5926991581, ""weight_goal"": 1671250.927882358, ""Q"": [[912622.5926991581, 0.0, 0.0, 0.0], [0.0, 0.0, 0.0, 0.0], [0.0, 0.0, 912622.5926991581, 0.0], [0.0, 0.0, 0.0, 0.0]], ""R"": [[217.70620998817813, 0.0], [0.0, 217.70620998817813]], ""P"": [[1671250.927882358, 0.0, 0.0, 0.0], [0.0, 167125092.78823578, 0.0, 0.0], [0.0, 0.0, 1671250.927882358, 0.0], [0.0, 0.0, 0.0, 167125092.78823578]]}","[-0.5831392183066458, 0.2763762625799852, 0.0]",False
3,P16,348eb992-215e-4660-80e3-387165623cf5,32,1,haply,mpc,seeded_random,2704771326,persist_session,10.0,36.719618215560914,973.918107434,0,1786086454.5714035,265.0,True,aggressive,adaptive,0.0,-0.15,0.0,0.096,-0.022,0.0,0.0959623199999999,-0.02902862,0.0,0.061309606,-0.09913664,0.20867164,0.0015002411,-0.004462004,0.005924542,"[-2.1633901602165246, 5.404231744427778, 0.0, 0.0, 0.0, 0.0, 9.40375063858456, -1.3845806756559174]","[0.039992686525433696, 0.045073572804002676, 0.0]","{""Controller Type"": ""MPC Controller"", ""weight_comfort"": 217.70620998817813, ""weight_trajectory"": 912622.5926991581, ""weight_goal"": 1671250.927882358, ""Q"": [[912622.5926991581, 0.0, 0.0, 0.0], [0.0, 0.0, 0.0, 0.0], [0.0, 0.0, 912622.5926991581, 0.0], [0.0, 0.0, 0.0, 0.0]], ""R"": [[217.70620998817813, 0.0], [0.0, 217.70620998817813]], ""P"": [[1671250.927882358, 0.0, 0.0, 0.0], [0.0, 167125092.78823578, 0.0, 0.0], [0.0, 0.0, 1671250.927882358, 0.0], [0.0, 0.0, 0.0, 167125092.78823578]]}","[-0.5855073278980497, 0.26974077932133567, 0.0]",False
3,P16,348eb992-215e-4660-80e3-387165623cf5,32,1,haply,mpc,seeded_random,2704771326,persist_session,10.0,36.72965587615967,973.928144971,0,1786086454.581344,266.0,True,aggressive,adaptive,0.0,-0.15,0.0,0.096,-0.022,0.0,0.096037038,-0.02887026,0.0,0.06133451,-0.099212185,0.2087509,0.0017545793,-0.0052587865,0.006403941,"[-2.1630308513364054, 5.4039888286086155, 0.0, 0.0, 0.0, 0.0, 9.386993947901779, -1.3826911460654798]","[0.019830214958459585, 0.0551881724803289, 0.0]","{""Controller Type"": ""MPC Controller"", ""weight_comfort"": 217.70620998817813, ""weight_trajectory"": 912622.5926991581, ""weight_goal"": 1671250.927882358, ""Q"": [[912622.5926991581, 0.0, 0.0, 0.0], [0.0, 0.0, 0.0, 0.0], [0.0, 0.0, 912622.5926991581, 0.0], [0.0, 0.0, 0.0, 0.0]], ""R"": [[217.70620998817813, 0.0], [0.0, 217.70620998817813]], ""P"": [[1671250.927882358, 0.0, 0.0, 0.0], [0.0, 167125092.78823578, 0.0, 0.0], [0.0, 0.0, 1671250.927882358, 0.0], [0.0, 0.0, 0.0, 167125092.78823578]]}","[-0.516638701950295, 0.4098693718295442, 0.0]",False
3,P16,348eb992-215e-4660-80e3-387165623cf5,32,1,haply,mpc,seeded_random,2704771326,persist_session,10.0,36.739318742752076,973.937815886,0,1786086454.5909014,267.0,True,aggressive,adaptive,0.0,-0.15,0.0,0.096,-0.022,0.0,0.09611175,-0.02871174,0.0,0.061345164,-0.09923796,0.20885207,0.0019283248,-0.005803287,0.006728179,"[-2.163722350771878, 5.404437540842586, 0.0, 0.0, 0.0, 0.0, 9.396204853670659, -1.3808970397346436]","[0.04070318733820442, 0.04255533941435571, 0.0]","{""Controller Type"": ""MPC Controller"", ""weight_comfort"": 206.91436333255513, ""weight_trajectory"": 942571.3025202911, ""weight_goal"": 1726075.6982699377, ""Q"": [[942571.3025202911, 0.0, 0.0, 0.0], [0.0, 0.0, 0.0, 0.0], [0.0, 0.0, 942571.3025202911, 0.0], [0.0, 0.0, 0.0, 0.0]], ""R"": [[206.91436333255513, 0.0], [0.0, 206.91436333255513]], ""P"": [[1726075.6982699377, 0.0, 0.0, 0.0], [0.0, 172607569.82699376, 0.0, 0.0], [0.0, 0.0, 1726075.6982699377, 0.0], [0.0, 0.0, 0.0, 172607569.82699376]]}","[-0.5925006723224795, 0.23433004976039454, 0.0]",False
3,P16,348eb992-215e-4660-80e3-387165623cf5,32,1,haply,mpc,seeded_random,2704771326,persist_session,10.0,36.74946202278137,973.947953682,0,1786086454.6009803,268.0,True,aggressive,adaptive,0.0,-0.15,0.0,0.096,-0.022,0.0,0.096143712,-0.0285094,0.0,0.061370045,-0.09931341,0.20893149,0.0020063429,-0.006028751,0.0070576617,"[-2.1636984017907075, 5.404422363670867, 0.0, 0.0, 0.0, 0.0, 9.396507575695145, -1.3808170293622324]","[0.042488804838922964, 0.0401647503641485, 0.0]","{""Controller Type"": ""MPC Controller"", ""weight_comfort"": 206.91436333255513, ""weight_trajectory"": 942571.3025202911, ""weight_goal"": 1726075.6982699377, ""Q"": [[942571.3025202911, 0.0, 0.0, 0.0], [0.0, 0.0, 0.0, 0.0], [0.0, 0.0, 942571.3025202911, 0.0], [0.0, 0.0, 0.0, 0.0]], ""R"": [[206.91436333255513, 0.0], [0.0, 206.91436333255513]], ""P"": [[1726075.6982699377, 0.0, 0.0, 0.0], [0.0, 172607569.82699376, 0.0, 0.0], [0.0, 0.0, 1726075.6982699377, 0.0], [0.0, 0.0, 0.0, 172607569.82699376]]}","[-0.5925006723224795, 0.23433004976039454, 0.0]",False
3,P16,348eb992-215e-4660-80e3-387165623cf5,32,1,haply,mpc,seeded_random,2704771326,persist_session,10.0,36.75931920051575,973.957821484,0,1786086454.6108437,269.0,True,aggressive,adaptive,0.0,-0.15,0.0,0.096,-0.022,0.0,0.096218355,-0.02835056,0.0,0.06133871,-0.09937463,0.20897304,0.0019824498,-0.006133208,0.0073065367,"[-2.1632256404971675, 5.404143134014122, 0.0, 0.0, 0.0, 0.0, 9.39858968794123, -1.3792803150750665]","[0.01744797152951278, 0.033489969270355205, 0.0]","{""Controller Type"": ""MPC Controller"", ""weight_comfort"": 206.91436333255513, ""weight_trajectory"": 942571.3025202911, ""weight_goal"": 1726075.6982699377, ""Q"": [[942571.3025202911, 0.0, 0.0, 0.0], [0.0, 0.0, 0.0, 0.0], [0.0, 0.0, 942571.3025202911, 0.0], [0.0, 0.0, 0.0, 0.0]], ""R"": [[206.91436333255513, 0.0], [0.0, 206.91436333255513]], ""P"": [[1726075.6982699377, 0.0, 0.0, 0.0], [0.0, 172607569.82699376, 0.0, 0.0], [0.0, 0.0, 1726075.6982699377, 0.0], [0.0, 0.0, 0.0, 172607569.82699376]]}","[-0.5768994713283828, 0.22156174384323396, 0.0]",False
3,P16,348eb992-215e-4660-80e3-387165623cf5,32,1,haply,mpc,seeded_random,2704771326,persist_session,10.0,36.769446744918824,973.967937631,0,1786086454.621205,270.0,True,aggressive,adaptive,0.0,-0.15,0.0,0.096,-0.022,0.0,0.09612435,-0.02826746,0.0,0.061363544,-0.09945003,0.20905256,0.0019252246,-0.006162649,0.0074304,"[-2.1641250218724886, 5.404693793669231, 0.0, 0.0, 0.0, 0.0, 9.39430653442636, -1.3805553487556126]","[0.04137459620866257, 0.037426080942334676, 0.0]","{""Controller Type"": ""MPC Controller"", ""weight_comfort"": 193.51506249461553, ""weight_trajectory"": 979724.2433624625, ""weight_goal"": 1794226.973519687, ""Q"": [[979724.2433624625, 0.0, 0.0, 0.0], [0.0, 0.0, 0.0, 0.0], [0.0, 0.0, 979724.2433624625, 0.0], [0.0, 0.0, 0.0, 0.0]], ""R"": [[193.51506249461553, 0.0], [0.0, 193.51506249461553]], ""P"": [[1794226.973519687, 0.0, 0.0, 0.0], [0.0, 179422697.3519687, 0.0, 0.0], [0.0, 0.0, 1794226.973519687, 0.0], [0.0, 0.0, 0.0, 179422697.3519687]]}","[-0.5768994713283828, 0.22156174384323396, 0.0]",False
3,P16,348eb992-215e-4660-80e3-387165623cf5,32,1,haply,mpc,seeded_random,2704771326,persist_session,10.0,36.77924717903137,973.977748844,0,1786086454.6308088,271.0,True,aggressive,adaptive,0.0,-0.15,0.0,0.096,-0.022,0.0,0.096198852,-0.02810842,0.0,0.061400816,-0.09956316,0.2091721,0.0018842847,-0.0061786836,0.0075149643,"[-2.1676203652476755, 5.407080486398579, 0.0, 0.0, 0.0, 0.0, 9.380285391859983, -1.3793615886911375]","[-0.048786663178665826, 0.047727909532802794, 0.0]","{""Controller Type"": ""MPC Controller"", ""weight_comfort"": 193.51506249461553, ""weight_trajectory"": 979724.2433624625, ""weight_goal"": 1794226.973519687, ""Q"": [[979724.2433624625, 0.0, 0.0, 0.0], [0.0, 0.0, 0.0, 0.0], [0.0, 0.0, 979724.2433624625, 0.0], [0.0, 0.0, 0.0, 0.0]], ""R"": [[193.51506249461553, 0.0], [0.0, 193.51506249461553]], ""P"": [[1794226.973519687, 0.0, 0.0, 0.0], [0.0, 179422697.3519687, 0.0, 0.0], [0.0, 0.0, 1794226.973519687, 0.0], [0.0, 0.0, 0.0, 179422697.3519687]]}","[-0.5664531361737749, 0.19233801438434434, 0.0]",False
3,P16,348eb992-215e-4660-80e3-387165623cf5,32,1,haply,mpc,seeded_random,2704771326,persist_session,10.0,36.78977693557739,973.98825985,0,1786086454.6410666,272.0,True,aggressive,adaptive,0.0,-0.15,0.0,0.096,-0.022,0.0,0.0963106679999999,-0.02786934,0.0,0.061438076,-0.099676244,0.20929183,0.0019315727,-0.0064476216,0.007597305,"[-2.171479593703756, 5.409460889714411, 0.0, 0.0, 0.0, 0.0, 9.387451191643242, -1.376474325906767]","[0.04239625713755241, 0.034547780830656925, 0.0]","{""Controller Type"": ""MPC Controller"", ""weight_comfort"": 193.51506249461553, ""weight_trajectory"": 979724.2433624625, ""weight_goal"": 1794226.973519687, ""Q"": [[979724.2433624625, 0.0, 0.0, 0.0], [0.0, 0.0, 0.0, 0.0], [0.0, 0.0, 979724.2433624625, 0.0], [0.0, 0.0, 0.0, 0.0]], ""R"": [[193.51506249461553, 0.0], [0.0, 193.51506249461553]], ""P"": [[1794226.973519687, 0.0, 0.0, 0.0], [0.0, 179422697.3519687, 0.0, 0.0], [0.0, 0.0, 1794226.973519687, 0.0], [0.0, 0.0, 0.0, 179422697.3519687]]}","[-0.5664531361737749, 0.19233801438434434, 0.0]",False
3,P16,348eb992-215e-4660-80e3-387165623cf5,32,1,haply,mpc,seeded_random,2704771326,persist_session,10.0,36.79962314605713,973.998104526,0,1786086454.6509786,273.0,True,aggressive,adaptive,0.0,-0.15,0.0,0.096,-0.022,0.0,0.096497004,-0.02746998,0.0,0.061462928,-0.099751644,0.20937178,0.0020542908,-0.0067429706,0.0076897205,"[-2.1722713710489607, 5.4099460566826005, 0.0, 0.0, 0.0, 0.0, 9.388196702456646, -1.3718418221521336]","[0.05964687553545327, 0.023128560034235045, 0.0]","{""Controller Type"": ""MPC Controller"", ""weight_comfort"": 182.12548024247235, ""weight_trajectory"": 1011248.4424134232, ""weight_goal"": 1852235.1632492752, ""Q"": [[1011248.4424134232, 0.0, 0.0, 0.0], [0.0, 0.0, 0.0, 0.0], [0.0, 0.0, 1011248.4424134232, 0.0], [0.0, 0.0, 0.0, 0.0]], ""R"": [[182.12548024247235, 0.0], [0.0, 182.12548024247235]], ""P"": [[1852235.1632492752, 0.0, 0.0, 0.0], [0.0, 185223516.3249275, 0.0, 0.0], [0.0, 0.0, 1852235.1632492752, 0.0], [0.0, 0.0, 0.0, 185223516.3249275]]}","[-0.6212756248352507, 0.057550862505788045, 0.0]",False
3,P16,348eb992-215e-4660-80e3-387165623cf5,32,1,haply,mpc,seeded_random,2704771326,persist_session,10.0,36.80993975639343,974.008415525,0,1786086454.6610034,274.0,True,aggressive,adaptive,0.0,-0.15,0.0,0.096,-0.022,0.0,0.096497004,-0.02746998,0.0,0.06147535,-0.09978934,0.20941181,0.0021703623,-0.006950022,0.00775772,"[-2.176085880030638, 5.41229450583259, 0.0, 0.0, 0.0, 0.0, 9.360361925336637, -1.3426840719697313]","[0.10282727437827531, -0.0028964200269634213, 0.0]","{""Controller Type"": ""MPC Controller"", ""weight_comfort"": 182.12548024247235, ""weight_trajectory"": 1011248.4424134232, ""weight_goal"": 1852235.1632492752, ""Q"": [[1011248.4424134232, 0.0, 0.0, 0.0], [0.0, 0.0, 0.0, 0.0], [0.0, 0.0, 1011248.4424134232, 0.0], [0.0, 0.0, 0.0, 0.0]], ""R"": [[182.12548024247235, 0.0], [0.0, 182.12548024247235]], ""P"": [[1852235.1632492752, 0.0, 0.0, 0.0], [0.0, 185223516.3249275, 0.0, 0.0], [0.0, 0.0, 1852235.1632492752, 0.0], [0.0, 0.0, 0.0, 185223516.3249275]]}","[-0.7647403964617602, -0.27321759233926246, 0.0]",False
3,P16,348eb992-215e-4660-80e3-387165623cf5,32,1,haply,mpc,seeded_random,2704771326,persist_session,10.0,36.81947363853455,974.017967619,0,1786086454.6710172,275.0,True,aggressive,adaptive,0.0,-0.15,0.0,0.096,-0.022,0.0,0.09653427,-0.02738992,0.0,0.06147535,-0.09978934,0.20941181,0.0022359402,-0.00704536,0.007752128,"[-2.1750573436922767, 5.41204879468812, 0.0, 0.0, 0.0, 0.0, 9.273395759112761, -1.3219126460736983]","[0.001081012200044426, 0.05072528933443168, 0.0]","{""Controller Type"": ""MPC Controller"", ""weight_comfort"": 182.12548024247235, ""weight_trajectory"": 1011248.4424134232, ""weight_goal"": 1852235.1632492752, ""Q"": [[1011248.4424134232, 0.0, 0.0, 0.0], [0.0, 0.0, 0.0, 0.0], [0.0, 0.0, 1011248.4424134232, 0.0], [0.0, 0.0, 0.0, 0.0]], ""R"": [[182.12548024247235, 0.0], [0.0, 182.12548024247235]], ""P"": [[1852235.1632492752, 0.0, 0.0, 0.0], [0.0, 185223516.3249275, 0.0, 0.0], [0.0, 0.0, 1852235.1632492752, 0.0], [0.0, 0.0, 0.0, 185223516.3249275]]}","[-0.4205536147028542, 0.46445217306623854, 0.0]",False
3,P16,348eb992-215e-4660-80e3-387165623cf5,32,1,haply,mpc,seeded_random,2704771326,persist_session,10.0,36.82963670730591,974.028131051,0,1786086454.6812022,276.0,True,aggressive,adaptive,0.0,-0.15,0.0,0.096,-0.022,0.0,0.09653427,-0.02738992,0.0,0.061487775,-0.099827036,0.20945185,0.0022203834,-0.0069235265,0.0075462097,"[-2.1756078428917247, 5.412324197358464, 0.0, 0.0, 0.0, 0.0, 9.283723330048973, -1.3224014568495448]","[0.02130409601585238, 0.03946598990127376, 0.0]","{""Controller Type"": ""MPC Controller"", ""weight_comfort"": 168.2414455858771, ""weight_trajectory"": 1050422.0316775073, ""weight_goal"": 1922121.5547859764, ""Q"": [[1050422.0316775073, 0.0, 0.0, 0.0], [0.0, 0.0, 0.0, 0.0], [0.0, 0.0, 1050422.0316775073, 0.0], [0.0, 0.0, 0.0, 0.0]], ""R"": [[168.2414455858771, 0.0], [0.0, 168.2414455858771]], ""P"": [[1922121.5547859764, 0.0, 0.0, 0.0], [0.0, 192212155.47859764, 0.0, 0.0], [0.0, 0.0, 1922121.5547859764, 0.0], [0.0, 0.0, 0.0, 192212155.47859764]]}","[-0.4877678461194241, 0.3142252564667621, 0.0]",False
3,P16,348eb992-215e-4660-80e3-387165623cf5,32,1,haply,mpc,seeded_random,2704771326,persist_session,10.0,36.83953417778015,974.038023891,0,1786086454.6914291,277.0,True,aggressive,adaptive,0.0,-0.15,0.0,0.096,-0.022,0.0,0.096571545,-0.02730984,0.0,0.061510734,-0.09989007,0.20959395,0.0019961712,-0.006189646,0.006740279,"[-2.175391416824014, 5.412272494599238, 0.0, 0.0, 0.0, 0.0, 9.266111148642976, -1.3181947172714863]","[0.001162246372266573, 0.04994359780229387, 0.0]","{""Controller Type"": ""MPC Controller"", ""weight_comfort"": 168.2414455858771, ""weight_trajectory"": 1050422.0316775073, ""weight_goal"": 1922121.5547859764, ""Q"": [[1050422.0316775073, 0.0, 0.0, 0.0], [0.0, 0.0, 0.0, 0.0], [0.0, 0.0, 1050422.0316775073, 0.0], [0.0, 0.0, 0.0, 0.0]], ""R"": [[168.2414455858771, 0.0], [0.0, 168.2414455858771]], ""P"": [[1922121.5547859764, 0.0, 0.0, 0.0], [0.0, 192212155.47859764, 0.0, 0.0], [0.0, 0.0, 1922121.5547859764, 0.0], [0.0, 0.0, 0.0, 192212155.47859764]]}","[-0.4229372057155038, 0.4609846184303471, 0.0]",False
3,P16,348eb992-215e-4660-80e3-387165623cf5,32,1,haply,mpc,seeded_random,2704771326,persist_session,10.0,36.84964074134827,974.048126082,0,1786086454.7011356,278.0,True,aggressive,adaptive,0.0,-0.15,0.0,0.096,-0.022,0.0,0.096640422,-0.02702564,0.0,0.061547983,-0.10000303,0.20971441,0.0019883385,-0.006108569,0.006826457,"[-2.1759265735838964, 5.4125355388857646, 0.0, 0.0, 0.0, 0.0, 9.275902500710332, -1.3186748037981446]","[0.020971121487588684, 0.03892796507732982, 0.0]","{""Controller Type"": ""MPC Controller"", ""weight_comfort"": 168.2414455858771, ""weight_trajectory"": 1050422.0316775073, ""weight_goal"": 1922121.5547859764, ""Q"": [[1050422.0316775073, 0.0, 0.0, 0.0], [0.0, 0.0, 0.0, 0.0], [0.0, 0.0, 1050422.0316775073, 0.0], [0.0, 0.0, 0.0, 0.0]], ""R"": [[168.2414455858771, 0.0], [0.0, 168.2414455858771]], ""P"": [[1922121.5547859764, 0.0, 0.0, 0.0], [0.0, 192212155.47859764, 0.0, 0.0], [0.0, 0.0, 1922121.5547859764, 0.0], [0.0, 0.0, 0.0, 192212155.47859764]]}","[-0.4888756175432856, 0.31344492237799865, 0.0]",False
3,P16,348eb992-215e-4660-80e3-387165623cf5,32,1,haply,mpc,seeded_random,2704771326,persist_session,10.0,36.859513416290284,974.05799328,0,1786086454.7110193,279.0,True,aggressive,adaptive,0.0,-0.15,0.0,0.096,-0.022,0.0,0.096752169,-0.02678472,0.0,0.061583273,-0.10010339,0.20989712,0.0020455956,-0.006235944,0.0071464777,"[-2.176743208013971, 5.41297865787473, 0.0, 0.0, 0.0, 0.0, 9.258917032464733, -1.2935472194190893]","[0.039804361221702486, 0.008657752496909851, 0.0]","{""Controller Type"": ""MPC Controller"", ""weight_comfort"": 158.71224404450075, ""weight_trajectory"": 1076896.2877193252, ""weight_goal"": 1970630.2492913774, ""Q"": [[1076896.2877193252, 0.0, 0.0, 0.0], [0.0, 0.0, 0.0, 0.0], [0.0, 0.0, 1076896.2877193252, 0.0], [0.0, 0.0, 0.0, 0.0]], ""R"": [[158.71224404450075, 0.0], [0.0, 158.71224404450075]], ""P"": [[1970630.2492913774, 0.0, 0.0, 0.0], [0.0, 197063024.92913774, 0.0, 0.0], [0.0, 0.0, 1970630.2492913774, 0.0], [0.0, 0.0, 0.0, 197063024.92913774]]}","[-0.5413540281436909, -0.09803850119477991, 0.0]",False
3,P16,348eb992-215e-4660-80e3-387165623cf5,32,1,haply,mpc,seeded_random,2704771326,persist_session,10.0,36.86958207130432,974.068062844,0,1786086454.7210195,280.0,True,aggressive,adaptive,0.0,-0.15,0.0,0.096,-0.022,0.0,0.096858039,-0.0264193,0.0,0.0617088,-0.10016909,0.21001455,0.0022568055,-0.006751778,0.007878141,"[-2.1781331671066844, 5.413765665708221, 0.0, 0.0, 0.0, 0.0, 9.260988409638708, -1.2980998279636453]","[0.06284775087338997, 0.012669236041821234, 0.0]","{""Controller Type"": ""MPC Controller"", ""weight_comfort"": 158.71224404450075, ""weight_trajectory"": 1076896.2877193252, ""weight_goal"": 1970630.2492913774, ""Q"": [[1076896.2877193252, 0.0, 0.0, 0.0], [0.0, 0.0, 0.0, 0.0], [0.0, 0.0, 1076896.2877193252, 0.0], [0.0, 0.0, 0.0, 0.0]], ""R"": [[158.71224404450075, 0.0], [0.0, 158.71224404450075]], ""P"": [[1970630.2492913774, 0.0, 0.0, 0.0], [0.0, 197063024.92913774, 0.0, 0.0], [0.0, 0.0, 1970630.2492913774, 0.0], [0.0, 0.0, 0.0, 197063024.92913774]]}","[-0.618023197988958, -0.01997069963711223, 0.0]",False
3,P16,348eb992-215e-4660-80e3-387165623cf5,32,1,haply,mpc,seeded_random,2704771326,persist_session,10.0,36.87938083648682,974.077876895,0,1786086454.73079,281.0,True,aggressive,adaptive,0.0,-0.15,0.0,0.096,-0.022,0.0,0.09723462,-0.02618444,0.0,0.061802763,-0.10029589,0.21017443,0.00269088,-0.0072659114,0.008670598,"[-2.177640371496076, 5.413493961620235, 0.0, 0.0, 0.0, 0.0, 9.240299220857981, -1.2785323083766091]","[0.05917984918572206, -0.005883403951577049, 0.0]","{""Controller Type"": ""MPC Controller"", ""weight_comfort"": 158.71224404450075, ""weight_trajectory"": 1076896.2877193252, ""weight_goal"": 1970630.2492913774, ""Q"": [[1076896.2877193252, 0.0, 0.0, 0.0], [0.0, 0.0, 0.0, 0.0], [0.0, 0.0, 1076896.2877193252, 0.0], [0.0, 0.0, 0.0, 0.0]], ""R"": [[158.71224404450075, 0.0], [0.0, 158.71224404450075]], ""P"": [[1970630.2492913774, 0.0, 0.0, 0.0], [0.0, 197063024.92913774, 0.0, 0.0], [0.0, 0.0, 1970630.2492913774, 0.0], [0.0, 0.0, 0.0, 197063024.92913774]]}","[-1.135335347618624, -0.028721394264199493, 0.0]",False
3,P16,348eb992-215e-4660-80e3-387165623cf5,32,1,haply,mpc,seeded_random,2704771326,persist_session,10.0,36.889558687210084,974.088047808,0,1786086454.7410903,282.0,True,aggressive,adaptive,0.0,-0.15,0.0,0.096,-0.022,0.0,0.097516509,-0.02586468,0.0,0.061882384,-0.1003723,0.21035635,0.0033992147,-0.008362072,0.010108173,"[-2.208361592705874, 5.432168961662984, 0.0, 0.0, 0.0, 0.0, 9.248172967181333, -1.2905511156353155]","[0.21209387157573, 0.0076770087195957015, 0.0]","{""Controller Type"": ""MPC Controller"", ""weight_comfort"": 130.20399997602024, ""weight_trajectory"": 1155950.5780031127, ""weight_goal"": 2115863.6666666707, ""Q"": [[1155950.5780031127, 0.0, 0.0, 0.0], [0.0, 0.0, 0.0, 0.0], [0.0, 0.0, 1155950.5780031127, 0.0], [0.0, 0.0, 0.0, 0.0]], ""R"": [[130.20399997602024, 0.0], [0.0, 130.20399997602024]], ""P"": [[2115863.6666666707, 0.0, 0.0, 0.0], [0.0, 211586366.66666707, 0.0, 0.0], [0.0, 0.0, 2115863.6666666707, 0.0], [0.0, 0.0, 0.0, 211586366.66666707]]}","[-1.135335347618624, -0.028721394264199493, 0.0]",False
3,P16,348eb992-215e-4660-80e3-387165623cf5,32,1,haply,mpc,seeded_random,2704771326,persist_session,10.0,36.89971293449402,974.09819608,0,1786086454.7507837,283.0,True,aggressive,adaptive,0.0,-0.15,0.0,0.096,-0.022,0.0,0.097755372,-0.02550084,0.0,0.06190323,-0.10042175,0.21056202,0.0038837234,-0.008978655,0.011187998,"[-2.1972906109050574, 5.425763717115852, 0.0, 0.0, 0.0, 0.0, 9.238617878721621, -1.2813047182780806]","[0.15181803913882938, -0.004071831350655079, 0.0]","{""Controller Type"": ""MPC Controller"", ""weight_comfort"": 130.20399997602024, ""weight_trajectory"": 1155950.5780031127, ""weight_goal"": 2115863.6666666707, ""Q"": [[1155950.5780031127, 0.0, 0.0, 0.0], [0.0, 0.0, 0.0, 0.0], [0.0, 0.0, 1155950.5780031127, 0.0], [0.0, 0.0, 0.0, 0.0]], ""R"": [[130.20399997602024, 0.0], [0.0, 130.20399997602024]], ""P"": [[2115863.6666666707, 0.0, 0.0, 0.0], [0.0, 211586366.66666707, 0.0, 0.0], [0.0, 0.0, 2115863.6666666707, 0.0], [0.0, 0.0, 0.0, 211586366.66666707]]}","[-0.9490367428093525, -0.16464012063893863, 0.0]",False
3,P16,348eb992-215e-4660-80e3-387165623cf5,32,1,haply,mpc,seeded_random,2704771326,persist_session,10.0,36.90982378959656,974.108283799,0,1786086454.7610617,284.0,True,aggressive,adaptive,0.0,-0.15,0.0,0.096,-0.022,0.0,0.09781791,-0.0250895,0.0,0.061911557,-0.10043346,0.21072729,0.0041939905,-0.008777798,0.012410289,"[-2.1937323766694377, 5.423766741075395, 0.0, 0.0, 0.0, 0.0, 9.223878103671401, -1.2693475458263428]","[0.13750579571470709, -0.015354656767831473, 0.0]","{""Controller Type"": ""MPC Controller"", ""weight_comfort"": 130.20399997602024, ""weight_trajectory"": 1155950.5780031127, ""weight_goal"": 2115863.6666666707, ""Q"": [[1155950.5780031127, 0.0, 0.0, 0.0], [0.0, 0.0, 0.0, 0.0], [0.0, 0.0, 1155950.5780031127, 0.0], [0.0, 0.0, 0.0, 0.0]], ""R"": [[130.20399997602024, 0.0], [0.0, 130.20399997602024]], ""P"": [[2115863.6666666707, 0.0, 0.0, 0.0], [0.0, 211586366.66666707, 0.0, 0.0], [0.0, 0.0, 2115863.6666666707, 0.0], [0.0, 0.0, 0.0, 211586366.66666707]]}","[-0.9022736500754813, -0.2969337989146911, 0.0]",False
3,P16,348eb992-215e-4660-80e3-387165623cf5,32,1,haply,mpc,seeded_random,2704771326,persist_session,10.0,36.91930450439453,974.117802636,0,1786086454.770849,285.0,True,aggressive,adaptive,0.0,-0.15,0.0,0.096,-0.022,0.0,0.097842891,-0.0247589599999999,0.0,0.061946798,-0.100532845,0.21091177,0.0057002753,-0.007817686,0.013361555,"[-2.187020404061223, 5.4209158389045635, 0.0, 0.0, 0.0, 0.0, 9.217151213295988, -1.264273890079047]","[0.03696020781451105, -0.02212169496914824, 0.0]","{""Controller Type"": ""MPC Controller"", ""weight_comfort"": 94.97931870982428, ""weight_trajectory"": 1254125.604531402, ""weight_goal"": 2295056.299093431, ""Q"": [[1254125.604531402, 0.0, 0.0, 0.0], [0.0, 0.0, 0.0, 0.0], [0.0, 0.0, 1254125.604531402, 0.0], [0.0, 0.0, 0.0, 0.0]], ""R"": [[94.97931870982428, 0.0], [0.0, 94.97931870982428]], ""P"": [[2295056.299093431, 0.0, 0.0, 0.0], [0.0, 229505629.9093431, 0.0, 0.0], [0.0, 0.0, 2295056.299093431, 0.0], [0.0, 0.0, 0.0, 229505629.9093431]]}","[-0.45902041139969607, -0.28084608172023273, 0.0]",False
3,P16,348eb992-215e-4660-80e3-387165623cf5,32,1,haply,mpc,seeded_random,2704771326,persist_session,10.0,36.9296945476532,974.128193479,0,1786086454.7810495,286.0,True,aggressive,adaptive,0.0,-0.15,0.0,0.096,-0.022,0.0,0.0979486139999999,-0.02439,0.0,0.06197983,-0.10061881,0.21115899,0.00571522,-0.0077759125,0.0143681,"[-2.185984893168686, 5.4205608339791915, 0.0, 0.0, 0.0, 0.0, 9.230136166287107, -1.2742595153735226]","[0.0178638836575878, -0.01756905335736783, 0.0]","{""Controller Type"": ""MPC Controller"", ""weight_comfort"": 94.97931870982428, ""weight_trajectory"": 1254125.604531402, ""weight_goal"": 2295056.299093431, ""Q"": [[1254125.604531402, 0.0, 0.0, 0.0], [0.0, 0.0, 0.0, 0.0], [0.0, 0.0, 1254125.604531402, 0.0], [0.0, 0.0, 0.0, 0.0]], ""R"": [[94.97931870982428, 0.0], [0.0, 94.97931870982428]], ""P"": [[2295056.299093431, 0.0, 0.0, 0.0], [0.0, 229505629.9093431, 0.0, 0.0], [0.0, 0.0, 2295056.299093431, 0.0], [0.0, 0.0, 0.0, 229505629.9093431]]}","[-0.45902041139969607, -0.28084608172023273, 0.0]",False
3,P16,348eb992-215e-4660-80e3-387165623cf5,32,1,haply,mpc,seeded_random,2704771326,persist_session,10.0,36.93951024055481,974.138010699,0,1786086454.7908251,287.0,True,aggressive,adaptive,0.0,-0.15,0.0,0.096,-0.022,0.0,0.09804771,-0.02389556,0.0,0.062017735,-0.10055564,0.21134444,0.0048169577,-0.007385329,0.015501712,"[-2.18946664122619, 5.422207723621181, 0.0, 0.0, 0.0, 0.0, 9.223756325374579, -1.2696598004782464]","[0.06046353738224639, -0.023878726969788794, 0.0]","{""Controller Type"": ""MPC Controller"", ""weight_comfort"": 94.97931870982428, ""weight_trajectory"": 1254125.604531402, ""weight_goal"": 2295056.299093431, ""Q"": [[1254125.604531402, 0.0, 0.0, 0.0], [0.0, 0.0, 0.0, 0.0], [0.0, 0.0, 1254125.604531402, 0.0], [0.0, 0.0, 0.0, 0.0]], ""R"": [[94.97931870982428, 0.0], [0.0, 94.97931870982428]], ""P"": [[2295056.299093431, 0.0, 0.0, 0.0], [0.0, 229505629.9093431, 0.0, 0.0], [0.0, 0.0, 2295056.299093431, 0.0], [0.0, 0.0, 0.0, 229505629.9093431]]}","[-0.5642774772974898, -0.6466445831826885, 0.0]",False
3,P16,348eb992-215e-4660-80e3-387165623cf5,32,1,haply,mpc,seeded_random,2704771326,persist_session,10.0,36.949585094451905,974.14807752,0,1786086454.8009574,288.0,True,aggressive,adaptive,0.0,-0.15,0.0,0.096,-0.022,0.0,0.098161425,-0.02352466,0.0,0.06201339,-0.10052916,0.21146914,0.0043615587,-0.0062730345,0.0164995,"[-2.1890540491841874, 5.422015630955895, 0.0, 0.0, 0.0, 0.0, 9.162709979709938, -1.2298387488177405]","[0.05944705592556759, -0.044836810073776844, 0.0]","{""Controller Type"": ""MPC Controller"", ""weight_comfort"": 62.57702976024033, ""weight_trajectory"": 1344653.683734614, ""weight_goal"": 2459965.522459157, ""Q"": [[1344653.683734614, 0.0, 0.0, 0.0], [0.0, 0.0, 0.0, 0.0], [0.0, 0.0, 1344653.683734614, 0.0], [0.0, 0.0, 0.0, 0.0]], ""R"": [[62.57702976024033, 0.0], [0.0, 62.57702976024033]], ""P"": [[2459965.522459157, 0.0, 0.0, 0.0], [0.0, 245996552.24591568, 0.0, 0.0], [0.0, 0.0, 2459965.522459157, 0.0], [0.0, 0.0, 0.0, 245996552.24591568]]}","[-0.5642774772974898, -0.6466445831826885, 0.0]",False
3,P16,348eb992-215e-4660-80e3-387165623cf5,32,1,haply,mpc,seeded_random,2704771326,persist_session,10.0,36.959414377212525,974.157902618,0,1786086454.8110902,289.0,True,aggressive,adaptive,0.0,-0.15,0.0,0.096,-0.022,0.0,0.098141901,-0.0231507,0.0,0.062011227,-0.10051595,0.21153142,0.004007651,-0.0053966194,0.017086599,"[-2.189279065697701, 5.4221215062284775, 0.0, 0.0, 0.0, 0.0, 9.201072467761339, -1.2552001253415694]","[0.06558446092160138, -0.03191892231218431, 0.0]","{""Controller Type"": ""MPC Controller"", ""weight_comfort"": 62.57702976024033, ""weight_trajectory"": 1344653.683734614, ""weight_goal"": 2459965.522459157, ""Q"": [[1344653.683734614, 0.0, 0.0, 0.0], [0.0, 0.0, 0.0, 0.0], [0.0, 0.0, 1344653.683734614, 0.0], [0.0, 0.0, 0.0, 0.0]], ""R"": [[62.57702976024033, 0.0], [0.0, 62.57702976024033]], ""P"": [[2459965.522459157, 0.0, 0.0, 0.0], [0.0, 245996552.24591568, 0.0, 0.0], [0.0, 0.0, 2459965.522459157, 0.0], [0.0, 0.0, 0.0, 245996552.24591568]]}","[-0.5826579136624684, -0.41838196975533637, 0.0]",False
3,P16,348eb992-215e-4660-80e3-387165623cf5,32,1,haply,mpc,seeded_random,2704771326,persist_session,10.0,36.9695955657959,974.168092407,0,1786086454.8214335,290.0,True,aggressive,adaptive,0.0,-0.15,0.0,0.096,-0.022,0.0,0.098141901,-0.0231507,0.0,0.06199444,-0.10045205,0.2116151,0.0035112782,-0.004050908,0.016648822,"[-2.186847195828528, 5.4218193612931085, 0.0, 0.0, 0.0, 0.0, 9.199096496762216, -1.2539360843030019]","[-0.0057628267826870415, -0.035692274028274046, 0.0]","{""Controller Type"": ""MPC Controller"", ""weight_comfort"": 62.57702976024033, ""weight_trajectory"": 1344653.683734614, ""weight_goal"": 2459965.522459157, ""Q"": [[1344653.683734614, 0.0, 0.0, 0.0], [0.0, 0.0, 0.0, 0.0], [0.0, 0.0, 1344653.683734614, 0.0], [0.0, 0.0, 0.0, 0.0]], ""R"": [[62.57702976024033, 0.0], [0.0, 62.57702976024033]], ""P"": [[2459965.522459157, 0.0, 0.0, 0.0], [0.0, 245996552.24591568, 0.0, 0.0], [0.0, 0.0, 2459965.522459157, 0.0], [0.0, 0.0, 0.0, 245996552.24591568]]}","[-0.334321208830593, -0.48861229611052065, 0.0]",False
3,P16,348eb992-215e-4660-80e3-387165623cf5,32,1,haply,mpc,seeded_random,2704771326,persist_session,10.0,36.979548110961915,974.178035773,0,1786086454.8313298,291.0,True,aggressive,adaptive,0.0,-0.15,0.0,0.096,-0.022,0.0,0.09809154,-0.02298334,0.0,0.061992202,-0.10043859,0.21167743,0.0028258266,-0.0021493621,0.015165324,"[-2.1872829598193766, 5.421923410309638, 0.0, 0.0, 0.0, 0.0, 9.182780458644794, -1.250051194014131]","[0.004684943558920086, 0.010566625473762798, 0.0]","{""Controller Type"": ""MPC Controller"", ""weight_comfort"": 54.52436280125386, ""weight_trajectory"": 1366997.6541943087, ""weight_goal"": 2501000.0, ""Q"": [[1366997.6541943087, 0.0, 0.0, 0.0], [0.0, 0.0, 0.0, 0.0], [0.0, 0.0, 1366997.6541943087, 0.0], [0.0, 0.0, 0.0, 0.0]], ""R"": [[54.52436280125386, 0.0], [0.0, 54.52436280125386]], ""P"": [[2501000.0, 0.0, 0.0, 0.0], [0.0, 250100000.0, 0.0, 0.0], [0.0, 0.0, 2501000.0, 0.0], [0.0, 0.0, 0.0, 250100000.0]]}","[-0.37021496305167634, 0.19889171233761094, 0.0]",False
3,P16,348eb992-215e-4660-80e3-387165623cf5,32,1,haply,mpc,seeded_random,2704771326,persist_session,10.0,36.98941077232361,974.187913304,0,1786086454.8410645,292.0,True,aggressive,adaptive,0.0,-0.15,0.0,0.096,-0.022,0.0,0.098084826,-0.02285868,0.0,0.061913773,-0.100509755,0.21178427,0.0018894984,-0.00087490806,0.013938324,"[-2.186800175123417, 5.422088362745968, 0.0, 0.0, 0.0, 0.0, 9.16201085938107, -1.235514739472852]","[-0.02301859171137983, -0.011884921917420355, 0.0]","{""Controller Type"": ""MPC Controller"", ""weight_comfort"": 54.52436280125386, ""weight_trajectory"": 1366997.6541943087, ""weight_goal"": 2501000.0, ""Q"": [[1366997.6541943087, 0.0, 0.0, 0.0], [0.0, 0.0, 0.0, 0.0], [0.0, 0.0, 1366997.6541943087, 0.0], [0.0, 0.0, 0.0, 0.0]], ""R"": [[54.52436280125386, 0.0], [0.0, 54.52436280125386]], ""P"": [[2501000.0, 0.0, 0.0, 0.0], [0.0, 250100000.0, 0.0, 0.0], [0.0, 0.0, 2501000.0, 0.0], [0.0, 0.0, 0.0, 250100000.0]]}","[-0.26727302106567213, -0.1450600603639143, 0.0]",False
3,P16,348eb992-215e-4660-80e3-387165623cf5,32,1,haply,mpc,seeded_random,2704771326,persist_session,10.0,36.999562397003174,974.198057117,0,1786086454.8510232,293.0,True,aggressive,adaptive,0.0,-0.15,0.0,0.096,-0.022,0.0,0.097849539,-0.022645,0.0,0.06192611,-0.10054688,0.21182534,0.00076098245,-0.00028472595,0.013029756,"[-2.1877724651740103, 5.422285607672228, 0.0, 0.0, 0.0, 0.0, 9.165608526825697, -1.2381192408826551]","[0.0008213604494755463, -0.007984816687749278, 0.0]","{""Controller Type"": ""MPC Controller"", ""weight_comfort"": 54.52436280125386, ""weight_trajectory"": 1366997.6541943087, ""weight_goal"": 2501000.0, ""Q"": [[1366997.6541943087, 0.0, 0.0, 0.0], [0.0, 0.0, 0.0, 0.0], [0.0, 0.0, 1366997.6541943087, 0.0], [0.0, 0.0, 0.0, 0.0]], ""R"": [[54.52436280125386, 0.0], [0.0, 54.52436280125386]], ""P"": [[2501000.0, 0.0, 0.0, 0.0], [0.0, 250100000.0, 0.0, 0.0], [0.0, 0.0, 2501000.0, 0.0], [0.0, 0.0, 0.0, 250100000.0]]}","[-0.3481375884045091, -0.09009288002691665, 0.0]",False
3,P16,348eb992-215e-4660-80e3-387165623cf5,32,1,haply,mpc,seeded_random,2704771326,persist_session,10.0,37.009444608688355,974.207935461,0,1786086454.86103,294.0,True,aggressive,adaptive,0.0,-0.15,0.0,0.096,-0.022,0.0,0.09788655,-0.02256286,0.0,0.06192611,-0.10054688,0.21182534,3.940999e-06,4.0276835e-05,0.01234179,"[-2.1970560802931645, 5.430284995536406, 0.0, 0.0, 0.0, 0.0, 9.149839119923051, -1.2280656701610253]","[-0.12423330651292455, -0.02044837050740545, 0.0]","{""Controller Type"": ""MPC Controller"", ""weight_comfort"": 54.515161000743696, ""weight_trajectory"": 1367274.260317644, ""weight_goal"": 2501000.0, ""Q"": [[1367274.260317644, 0.0, 0.0, 0.0], [0.0, 0.0, 0.0, 0.0], [0.0, 0.0, 1367274.260317644, 0.0], [0.0, 0.0, 0.0, 0.0]], ""R"": [[54.515161000743696, 0.0], [0.0, 54.515161000743696]], ""P"": [[2501000.0, 0.0, 0.0, 0.0], [0.0, 250100000.0, 0.0, 0.0], [0.0, 0.0, 2501000.0, 0.0], [0.0, 0.0, 0.0, 250100000.0]]}","[0.12027699855793443, -0.28839347620507183, 0.0]",False
3,P16,348eb992-215e-4660-80e3-387165623cf5,32,1,haply,mpc,seeded_random,2704771326,persist_session,10.0,37.0192507648468,974.217750715,0,1786086454.8708365,295.0,True,aggressive,adaptive,0.0,-0.15,0.0,0.096,-0.022,0.0,0.09788655,-0.02256286,0.0,0.061906442,-0.10064484,0.2119094,-0.0006278832,0.000515054,0.011466478,"[-2.2054870604546104, 5.433423493671179, 0.0, 0.0, 0.0, 0.0, 9.157137158626442, -1.2333809197647725]","[0.024257008779259275, -0.004970055648462793, 0.0]","{""Controller Type"": ""MPC Controller"", ""weight_comfort"": 54.515161000743696, ""weight_trajectory"": 1367274.260317644, ""weight_goal"": 2501000.0, ""Q"": [[1367274.260317644, 0.0, 0.0, 0.0], [0.0, 0.0, 0.0, 0.0], [0.0, 0.0, 1367274.260317644, 0.0], [0.0, 0.0, 0.0, 0.0]], ""R"": [[54.515161000743696, 0.0], [0.0, 54.515161000743696]], ""P"": [[2501000.0, 0.0, 0.0, 0.0], [0.0, 250100000.0, 0.0, 0.0], [0.0, 0.0, 2501000.0, 0.0], [0.0, 0.0, 0.0, 250100000.0]]}","[-0.32666666657822957, 0.09746235178952878, 0.0]",False
3,P16,348eb992-215e-4660-80e3-387165623cf5,32,1,haply,mpc,seeded_random,2704771326,persist_session,10.0,37.02963723182678,974.22813793,0,1786086454.8810923,296.0,True,aggressive,adaptive,0.0,-0.15,0.0,0.096,-0.022,0.0,0.097827546,-0.02239474,0.0,0.06191876,-0.10068196,0.21195054,-0.0011312478,0.0010782087,0.01060434,"[-2.2046771369076335, 5.433230113719433, 0.0, 0.0, 0.0, 0.0, 9.155249812740363, -1.2329316541646118]","[0.004159233652633098, 0.005153123909599216, 0.0]","{""Controller Type"": ""MPC Controller"", ""weight_comfort"": 54.515161000743696, ""weight_trajectory"": 1367274.260317644, ""weight_goal"": 2501000.0, ""Q"": [[1367274.260317644, 0.0, 0.0, 0.0], [0.0, 0.0, 0.0, 0.0], [0.0, 0.0, 1367274.260317644, 0.0], [0.0, 0.0, 0.0, 0.0]], ""R"": [[54.515161000743696, 0.0], [0.0, 54.515161000743696]], ""P"": [[2501000.0, 0.0, 0.0, 0.0], [0.0, 250100000.0, 0.0, 0.0], [0.0, 0.0, 2501000.0, 0.0], [0.0, 0.0, 0.0, 250100000.0]]}","[-0.32666666657822957, 0.09746235178952878, 0.0]",False
3,P16,348eb992-215e-4660-80e3-387165623cf5,32,1,haply,mpc,seeded_random,2704771326,persist_session,10.0,37.03946818351746,974.237965878,0,1786086454.890878,297.0,True,aggressive,adaptive,0.0,-0.15,0.0,0.096,-0.022,0.0,0.0978645,-0.02231246,0.0,0.061931085,-0.1007191,0.21199174,-0.00082873926,-0.00083257206,0.009088173,"[-2.204404111986614, 5.433510875840866, 0.0, 0.0, 0.0, 0.0, 9.132678181866442, -1.2187935033953312]","[-0.027231559000832815, -0.016374226360214027, 0.0]","{""Controller Type"": ""MPC Controller"", ""weight_comfort"": 54.51142909284806, ""weight_trajectory"": 1367386.441468987, ""weight_goal"": 2501000.0, ""Q"": [[1367386.441468987, 0.0, 0.0, 0.0], [0.0, 0.0, 0.0, 0.0], [0.0, 0.0, 1367386.441468987, 0.0], [0.0, 0.0, 0.0, 0.0]], ""R"": [[54.51142909284806, 0.0], [0.0, 54.51142909284806]], ""P"": [[2501000.0, 0.0, 0.0, 0.0], [0.0, 250100000.0, 0.0, 0.0], [0.0, 0.0, 2501000.0, 0.0], [0.0, 0.0, 0.0, 250100000.0]]}","[-0.2091749168562039, -0.23730669749267191, 0.0]",False
3,P16,348eb992-215e-4660-80e3-387165623cf5,32,1,haply,mpc,seeded_random,2704771326,persist_session,10.0,37.05018748283386,974.248666701,0,1786086454.9009864,298.0,True,aggressive,adaptive,0.0,-0.15,0.0,0.096,-0.022,0.0,0.0979014749999999,-0.0222300599999999,0.0,0.06194341,-0.100756235,0.21203297,-0.00061877817,-0.0021710522,0.008007114,"[-2.2073661368239583, 5.434622331696761, 0.0, 0.0, 0.0, 0.0, 9.13812536506166, -1.222343209032662]","[0.024638643804053402, -0.007422442431819953, 0.0]","{""Controller Type"": ""MPC Controller"", ""weight_comfort"": 54.51142909284806, ""weight_trajectory"": 1367386.441468987, ""weight_goal"": 2501000.0, ""Q"": [[1367386.441468987, 0.0, 0.0, 0.0], [0.0, 0.0, 0.0, 0.0], [0.0, 0.0, 1367386.441468987, 0.0], [0.0, 0.0, 0.0, 0.0]], ""R"": [[54.51142909284806, 0.0], [0.0, 54.51142909284806]], ""P"": [[2501000.0, 0.0, 0.0, 0.0], [0.0, 250100000.0, 0.0, 0.0], [0.0, 0.0, 2501000.0, 0.0], [0.0, 0.0, 0.0, 250100000.0]]}","[-0.3932630783525704, -0.1026760473771819, 0.0]",False
3,P16,348eb992-215e-4660-80e3-387165623cf5,32,1,haply,mpc,seeded_random,2704771326,persist_session,10.0,37.060021772384644,974.258503363,0,1786086454.910956,299.0,True,aggressive,adaptive,0.0,-0.15,0.0,0.096,-0.022,0.0,0.09793845,-0.0221476,0.0,0.06194341,-0.100756235,0.21203297,-0.0004797438,-0.003082931,0.0072271903,"[-2.207253956369359, 5.434580764510947, 0.0, 0.0, 0.0, 0.0, 9.138245057416935, -1.2224190982228127]","[0.024075774122696916, -0.00786230128341875, 0.0]","{""Controller Type"": ""MPC Controller"", ""weight_comfort"": 54.51142909284806, ""weight_trajectory"": 1367386.441468987, ""weight_goal"": 2501000.0, ""Q"": [[1367386.441468987, 0.0, 0.0, 0.0], [0.0, 0.0, 0.0, 0.0], [0.0, 0.0, 1367386.441468987, 0.0], [0.0, 0.0, 0.0, 0.0]], ""R"": [[54.51142909284806, 0.0], [0.0, 54.51142909284806]], ""P"": [[2501000.0, 0.0, 0.0, 0.0], [0.0, 250100000.0, 0.0, 0.0], [0.0, 0.0, 2501000.0, 0.0], [0.0, 0.0, 0.0, 250100000.0]]}","[-0.404807259818394, -0.1286647206944751, 0.0]",False
3,P16,348eb992-215e-4660-80e3-387165623cf5,32,1,haply,mpc,seeded_random,2704771326,persist_session,10.0,37.06963719367981,974.268124884,0,1786086454.921085,300.0,True,aggressive,adaptive,0.0,-0.15,0.0,0.096,-0.022,0.0,0.09793845,-0.0221476,0.0,0.06194341,-0.100756235,0.21203297,6.5159846e-05,-0.0034889423,0.006599571,"[-2.207192261334635, 5.434557934378567, 0.0, 0.0, 0.0, 0.0, 9.138094060703942, -1.222326179492754]","[0.024433857655580093, -0.00876114063241264, 0.0]","{""Controller Type"": ""MPC Controller"", ""weight_comfort"": 54.51483427320612, ""weight_trajectory"": 1367284.0817474234, ""weight_goal"": 2501000.0, ""Q"": [[1367284.0817474234, 0.0, 0.0, 0.0], [0.0, 0.0, 0.0, 0.0], [0.0, 0.0, 1367284.0817474234, 0.0], [0.0, 0.0, 0.0, 0.0]], ""R"": [[54.51483427320612, 0.0], [0.0, 54.51483427320612]], ""P"": [[2501000.0, 0.0, 0.0, 0.0], [0.0, 250100000.0, 0.0, 0.0], [0.0, 0.0, 2501000.0, 0.0], [0.0, 0.0, 0.0, 250100000.0]]}","[-0.404807259818394, -0.1286647206944751, 0.0]",False
3,P16,348eb992-215e-4660-80e3-387165623cf5,32,1,haply,mpc,seeded_random,2704771326,persist_session,10.0,37.079340591430665,974.27782169,0,1786086454.9309487,301.0,True,aggressive,adaptive,0.0,-0.15,0.0,0.096,-0.022,0.0,0.09793845,-0.0221476,0.0,0.06194341,-0.100756235,0.21203297,0.00046422085,-0.0037493722,0.0061092116,"[-2.206379770043101, 5.4343639439544535, 0.0, 0.0, 0.0, 0.0, 9.137611019974008, -1.2222112121395168]","[0.004276956865240037, 0.0013487113865485866, 0.0]","{""Controller Type"": ""MPC Controller"", ""weight_comfort"": 54.51483427320612, ""weight_trajectory"": 1367284.0817474234, ""weight_goal"": 2501000.0, ""Q"": [[1367284.0817474234, 0.0, 0.0, 0.0], [0.0, 0.0, 0.0, 0.0], [0.0, 0.0, 1367284.0817474234, 0.0], [0.0, 0.0, 0.0, 0.0]], ""R"": [[54.51483427320612, 0.0], [0.0, 54.51483427320612]], ""P"": [[2501000.0, 0.0, 0.0, 0.0], [0.0, 250100000.0, 0.0, 0.0], [0.0, 0.0, 2501000.0, 0.0], [0.0, 0.0, 0.0, 250100000.0]]}","[-0.3356534901678898, 0.02555776788529227, 0.0]",False
3,P16,348eb992-215e-4660-80e3-387165623cf5,32,1,haply,mpc,seeded_random,2704771326,persist_session,10.0,37.08950532913208,974.287984369,0,1786086454.941075,302.0,True,aggressive,adaptive,0.0,-0.15,0.0,0.096,-0.022,0.0,0.09793845,-0.0221476,0.0,0.06194341,-0.100756235,0.21203297,0.00053288834,-0.0033112518,0.0050888425,"[-2.206370379933535, 5.434361701971855, 0.0, 0.0, 0.0, 0.0, 9.137610222686364, -1.2222110223790172]","[0.0042769386629821484, 0.0013487112688689304, 0.0]","{""Controller Type"": ""MPC Controller"", ""weight_comfort"": 54.51483427320612, ""weight_trajectory"": 1367284.0817474234, ""weight_goal"": 2501000.0, ""Q"": [[1367284.0817474234, 0.0, 0.0, 0.0], [0.0, 0.0, 0.0, 0.0], [0.0, 0.0, 1367284.0817474234, 0.0], [0.0, 0.0, 0.0, 0.0]], ""R"": [[54.51483427320612, 0.0], [0.0, 54.51483427320612]], ""P"": [[2501000.0, 0.0, 0.0, 0.0], [0.0, 250100000.0, 0.0, 0.0], [0.0, 0.0, 2501000.0, 0.0], [0.0, 0.0, 0.0, 250100000.0]]}","[-0.3356534901678898, 0.02555776788529227, 0.0]",False
3,P16,348eb992-215e-4660-80e3-387165623cf5,32,1,haply,mpc,seeded_random,2704771326,persist_session,10.0,37.099447383880616,974.297944347,0,1786086454.9510813,303.0,True,aggressive,adaptive,0.0,-0.15,0.0,0.096,-0.022,0.0,0.09793845,-0.0221476,0.0,0.06194341,-0.100756235,0.21203297,0.0003793455,-0.0023571702,0.0036225778,"[-2.206360980504506, 5.434359457764141, 0.0, 0.0, 0.0, 0.0, 9.137609424600774, -1.2222108324286005]","[0.004276920442658948, 0.0013487111510714974, 0.0]","{""Controller Type"": ""MPC Controller"", ""weight_comfort"": 54.514035629713305, ""weight_trajectory"": 1367308.0889708176, ""weight_goal"": 2501000.0, ""Q"": [[1367308.0889708176, 0.0, 0.0, 0.0], [0.0, 0.0, 0.0, 0.0], [0.0, 0.0, 1367308.0889708176, 0.0], [0.0, 0.0, 0.0, 0.0]], ""R"": [[54.514035629713305, 0.0], [0.0, 54.514035629713305]], ""P"": [[2501000.0, 0.0, 0.0, 0.0], [0.0, 250100000.0, 0.0, 0.0], [0.0, 0.0, 2501000.0, 0.0], [0.0, 0.0, 0.0, 250100000.0]]}","[-0.33565360937292804, 0.02555777696195802, 0.0]",False
3,P16,348eb992-215e-4660-80e3-387165623cf5,32,1,haply,mpc,seeded_random,2704771326,persist_session,10.0,37.10946668624878,974.307967958,0,1786086454.9613256,304.0,True,aggressive,adaptive,0.0,-0.15,0.0,0.096,-0.022,0.0,0.09793845,-0.0221476,0.0,0.061898973,-0.10077987,0.21203472,0.00027508507,-0.001709319,0.0026269383,"[-2.2063515717468447, 5.434357211329123, 0.0, 0.0, 0.0, 0.0, 9.137608625716439, -1.2222106422880765]","[0.004276902204252659, 0.0013487110331561695, 0.0]","{""Controller Type"": ""MPC Controller"", ""weight_comfort"": 54.514035629713305, ""weight_trajectory"": 1367308.0889708176, ""weight_goal"": 2501000.0, ""Q"": [[1367308.0889708176, 0.0, 0.0, 0.0], [0.0, 0.0, 0.0, 0.0], [0.0, 0.0, 1367308.0889708176, 0.0], [0.0, 0.0, 0.0, 0.0]], ""R"": [[54.514035629713305, 0.0], [0.0, 54.514035629713305]], ""P"": [[2501000.0, 0.0, 0.0, 0.0], [0.0, 250100000.0, 0.0, 0.0], [0.0, 0.0, 2501000.0, 0.0], [0.0, 0.0, 0.0, 250100000.0]]}","[-0.33565360937292804, 0.02555777696195802, 0.0]",False
3,P16,348eb992-215e-4660-80e3-387165623cf5,32,1,haply,mpc,seeded_random,2704771326,persist_session,10.0,37.11962188720703,974.318118545,0,1786086454.9711285,305.0,True,aggressive,adaptive,0.0,-0.15,0.0,0.096,-0.022,0.0,0.097805139,-0.0221441,0.0,0.061854545,-0.10080349,0.21203646,-1.2269296e-05,-0.0013244504,0.001874011,"[-2.2063421536513728, 5.43435496266461, 0.0, 0.0, 0.0, 0.0, 9.137607826032559, -1.222210451957255]","[0.004276883947745491, 0.0013487109151228288, 0.0]","{""Controller Type"": ""MPC Controller"", ""weight_comfort"": 54.514035629713305, ""weight_trajectory"": 1367308.0889708176, ""weight_goal"": 2501000.0, ""Q"": [[1367308.0889708176, 0.0, 0.0, 0.0], [0.0, 0.0, 0.0, 0.0], [0.0, 0.0, 1367308.0889708176, 0.0], [0.0, 0.0, 0.0, 0.0]], ""R"": [[54.514035629713305, 0.0], [0.0, 54.514035629713305]], ""P"": [[2501000.0, 0.0, 0.0, 0.0], [0.0, 250100000.0, 0.0, 0.0], [0.0, 0.0, 2501000.0, 0.0], [0.0, 0.0, 0.0, 250100000.0]]}","[-0.33565360937292765, 0.025557776961958517, 0.0]",False
3,P16,348eb992-215e-4660-80e3-387165623cf5,32,1,haply,mpc,seeded_random,2704771326,persist_session,10.0,37.12951506614685,974.327998218,0,1786086454.9809413,306.0,True,aggressive,adaptive,0.0,-0.15,0.0,0.096,-0.022,0.0,0.097671855,-0.02214062,0.0,0.061765634,-0.10085064,0.21203995,-0.00037324405,-0.0011511062,0.0013694817,"[-2.208501977935676, 5.436907161568186, 0.0, 0.0, 0.0, 0.0, 9.137616275604197, -1.2222082236100478]","[-0.06995121956356963, 0.0008803530623689294, 0.0]","{""Controller Type"": ""MPC Controller"", ""weight_comfort"": 54.51411945904795, ""weight_trajectory"": 1367305.5690610183, ""weight_goal"": 2501000.0, ""Q"": [[1367305.5690610183, 0.0, 0.0, 0.0], [0.0, 0.0, 0.0, 0.0], [0.0, 0.0, 1367305.5690610183, 0.0], [0.0, 0.0, 0.0, 0.0]], ""R"": [[54.51411945904795, 0.0], [0.0, 54.51411945904795]], ""P"": [[2501000.0, 0.0, 0.0, 0.0], [0.0, 250100000.0, 0.0, 0.0], [0.0, 0.0, 2501000.0, 0.0], [0.0, 0.0, 0.0, 250100000.0]]}","[-0.058997736638317554, 0.01829434368752365, 0.0]",False
3,P16,348eb992-215e-4660-80e3-387165623cf5,32,1,haply,mpc,seeded_random,2704771326,persist_session,10.0,37.13962639808655,974.338117947,0,1786086454.9913936,307.0,True,aggressive,adaptive,0.0,-0.15,0.0,0.096,-0.022,0.0,0.097405122,-0.02213364,0.0,0.061676685,-0.100897744,0.21204343,-0.00077986665,-0.0010970784,0.0010028335,"[-2.2083734887304205, 5.436765437621047, 0.0, 0.0, 0.0, 0.0, 9.137616027541643, -1.2222082945879886]","[-0.07015345725231101, 0.0008514904432139069, 0.0]","{""Controller Type"": ""MPC Controller"", ""weight_comfort"": 54.51411945904795, ""weight_trajectory"": 1367305.5690610183, ""weight_goal"": 2501000.0, ""Q"": [[1367305.5690610183, 0.0, 0.0, 0.0], [0.0, 0.0, 0.0, 0.0], [0.0, 0.0, 1367305.5690610183, 0.0], [0.0, 0.0, 0.0, 0.0]], ""R"": [[54.51411945904795, 0.0], [0.0, 54.51411945904795]], ""P"": [[2501000.0, 0.0, 0.0, 0.0], [0.0, 250100000.0, 0.0, 0.0], [0.0, 0.0, 2501000.0, 0.0], [0.0, 0.0, 0.0, 250100000.0]]}","[-0.03622891482322349, 0.017736558168105893, 0.0]",False
3,P16,348eb992-215e-4660-80e3-387165623cf5,32,1,haply,mpc,seeded_random,2704771326,persist_session,10.0,37.149496688842774,974.347986124,0,1786086455.0010436,308.0,True,aggressive,adaptive,0.0,-0.15,0.0,0.096,-0.022,0.0,0.097138275,-0.02212668,0.0,0.061543185,-0.10096826,0.21204863,-0.001276372,-0.0011675154,0.0007503555,"[-2.213748176773039, 5.440973554749676, 0.0, 0.0, 0.0, 0.0, 9.137613014554715, -1.2222009704294783]","[-0.1357384033480713, 0.0004049678640977736, 0.0]","{""Controller Type"": ""MPC Controller"", ""weight_comfort"": 54.51411945904795, ""weight_trajectory"": 1367305.5690610183, ""weight_goal"": 2501000.0, ""Q"": [[1367305.5690610183, 0.0, 0.0, 0.0], [0.0, 0.0, 0.0, 0.0], [0.0, 0.0, 1367305.5690610183, 0.0], [0.0, 0.0, 0.0, 0.0]], ""R"": [[54.51411945904795, 0.0], [0.0, 54.51411945904795]], ""P"": [[2501000.0, 0.0, 0.0, 0.0], [0.0, 250100000.0, 0.0, 0.0], [0.0, 0.0, 2501000.0, 0.0], [0.0, 0.0, 0.0, 250100000.0]]}","[0.23252635767590704, 0.01068873892771698, 0.0]",False
3,P16,348eb992-215e-4660-80e3-387165623cf5,32,1,haply,mpc,seeded_random,2704771326,persist_session,10.0,37.15956248283386,974.358036805,0,1786086455.0114634,309.0,True,aggressive,adaptive,0.0,-0.15,0.0,0.096,-0.022,0.0,0.096737775,-0.02211628,0.0,0.061454143,-0.10101517,0.21205212,-0.002694197,-0.0017722532,0.0006052115,"[-2.214203895666896, 5.441312915049629, 0.0, 0.0, 0.0, 0.0, 9.13761205983666, -1.2221994713858504]","[-0.14794586880230634, 0.00027604851102971603, 0.0]","{""Controller Type"": ""MPC Controller"", ""weight_comfort"": 54.515754534766366, ""weight_trajectory"": 1367256.4186849226, ""weight_goal"": 2501000.0, ""Q"": [[1367256.4186849226, 0.0, 0.0, 0.0], [0.0, 0.0, 0.0, 0.0], [0.0, 0.0, 1367256.4186849226, 0.0], [0.0, 0.0, 0.0, 0.0]], ""R"": [[54.515754534766366, 0.0], [0.0, 54.515754534766366]], ""P"": [[2501000.0, 0.0, 0.0, 0.0], [0.0, 250100000.0, 0.0, 0.0], [0.0, 0.0, 2501000.0, 0.0], [0.0, 0.0, 0.0, 250100000.0]]}","[0.31851223114793165, 0.008487007015967258, 0.0]",False
3,P16,348eb992-215e-4660-80e3-387165623cf5,32,1,haply,mpc,seeded_random,2704771326,persist_session,10.0,37.16938961982727,974.367890955,0,1786086455.0210066,310.0,True,aggressive,adaptive,0.0,-0.15,0.0,0.096,-0.022,0.0,0.096470649,-0.0221093,0.0,0.061409615,-0.101038605,0.21205385,-0.0046103992,-0.002681149,0.00054057816,"[-2.222172287357903, 5.446843293135649, 0.0, 0.0, 0.0, 0.0, 9.137598973932317, -1.222187409218092]","[-0.20771687729042385, -0.000157339629052129, 0.0]","{""Controller Type"": ""MPC Controller"", ""weight_comfort"": 54.515754534766366, ""weight_trajectory"": 1367256.4186849226, ""weight_goal"": 2501000.0, ""Q"": [[1367256.4186849226, 0.0, 0.0, 0.0], [0.0, 0.0, 0.0, 0.0], [0.0, 0.0, 1367256.4186849226, 0.0], [0.0, 0.0, 0.0, 0.0]], ""R"": [[54.515754534766366, 0.0], [0.0, 54.515754534766366]], ""P"": [[2501000.0, 0.0, 0.0, 0.0], [0.0, 250100000.0, 0.0, 0.0], [0.0, 0.0, 2501000.0, 0.0], [0.0, 0.0, 0.0, 250100000.0]]}","[0.5889344394909405, 0.0015239981961251159, 0.0]",False
3,P16,348eb992-215e-4660-80e3-387165623cf5,32,1,haply,mpc,seeded_random,2704771326,persist_session,10.0,37.17947949409485,974.377975973,0,1786086455.030872,311.0,True,aggressive,adaptive,0.0,-0.15,0.0,0.096,-0.022,0.0,0.096337065,-0.02210584,0.0,0.061377205,-0.101099215,0.21209687,-0.005840435,-0.0032548863,0.00048748808,"[-2.213331693189714, 5.440750765539306, 0.0, 0.0, 0.0, 0.0, 9.137606317383604, -1.2221960452972953]","[-0.15125196895148213, 0.00010481109535016853, 0.0]","{""Controller Type"": ""MPC Controller"", ""weight_comfort"": 54.515754534766366, ""weight_trajectory"": 1367256.4186849226, ""weight_goal"": 2501000.0, ""Q"": [[1367256.4186849226, 0.0, 0.0, 0.0], [0.0, 0.0, 0.0, 0.0], [0.0, 0.0, 1367256.4186849226, 0.0], [0.0, 0.0, 0.0, 0.0]], ""R"": [[54.515754534766366, 0.0], [0.0, 54.515754534766366]], ""P"": [[2501000.0, 0.0, 0.0, 0.0], [0.0, 250100000.0, 0.0, 0.0], [0.0, 0.0, 2501000.0, 0.0], [0.0, 0.0, 0.0, 250100000.0]]}","[0.19411794721659434, 0.011787152708578863, 0.0]",False
3,P16,348eb992-215e-4660-80e3-387165623cf5,32,1,haply,mpc,seeded_random,2704771326,persist_session,10.0,37.18967522621155,974.388154566,0,1786086455.0409677,312.0,True,aggressive,adaptive,0.0,-0.15,0.0,0.096,-0.022,0.0,0.096239835,-0.0220198,0.0,0.06140144,-0.10117358,0.21217944,-0.0065796864,-0.0037769254,0.0006221231,"[-2.2082407198847265, 5.437155636505735, 0.0, 0.0, 0.0, 0.0, 9.13760277742627, -1.2221998148618198]","[-0.07287920615005733, 0.0005384680608662225, 0.0]","{""Controller Type"": ""MPC Controller"", ""weight_comfort"": 54.51376935216269, ""weight_trajectory"": 1367316.0932739887, ""weight_goal"": 2501000.0, ""Q"": [[1367316.0932739887, 0.0, 0.0, 0.0], [0.0, 0.0, 0.0, 0.0], [0.0, 0.0, 1367316.0932739887, 0.0], [0.0, 0.0, 0.0, 0.0]], ""R"": [[54.51376935216269, 0.0], [0.0, 54.51376935216269]], ""P"": [[2501000.0, 0.0, 0.0, 0.0], [0.0, 250100000.0, 0.0, 0.0], [0.0, 0.0, 2501000.0, 0.0], [0.0, 0.0, 0.0, 250100000.0]]}","[0.19411794721659434, 0.011787152708578863, 0.0]",False
3,P16,348eb992-215e-4660-80e3-387165623cf5,32,1,haply,mpc,seeded_random,2704771326,persist_session,10.0,37.19954194068909,974.398030468,0,1786086455.0511146,313.0,True,aggressive,adaptive,0.0,-0.15,0.0,0.096,-0.022,0.0,0.09631254,-0.02185466,0.0,0.061413553,-0.101210736,0.21222074,-0.0070972373,-0.0042665927,0.0008350811,"[-2.2072057131563048, 5.436424714301681, 0.0, 0.0, 0.0, 0.0, 9.130936516169315, -1.218263279371848]","[-0.05182723424717628, -0.010201644901636716, 0.0]","{""Controller Type"": ""MPC Controller"", ""weight_comfort"": 54.51376935216269, ""weight_trajectory"": 1367316.0932739887, ""weight_goal"": 2501000.0, ""Q"": [[1367316.0932739887, 0.0, 0.0, 0.0], [0.0, 0.0, 0.0, 0.0], [0.0, 0.0, 1367316.0932739887, 0.0], [0.0, 0.0, 0.0, 0.0]], ""R"": [[54.51376935216269, 0.0], [0.0, 54.51376935216269]], ""P"": [[2501000.0, 0.0, 0.0, 0.0], [0.0, 250100000.0, 0.0, 0.0], [0.0, 0.0, 2501000.0, 0.0], [0.0, 0.0, 0.0, 250100000.0]]}","[0.13804579579250045, -0.1554792394163669, 0.0]",False
3,P16,348eb992-215e-4660-80e3-387165623cf5,32,1,haply,mpc,seeded_random,2704771326,persist_session,10.0,37.20973743438721,974.408203972,0,1786086455.0612967,314.0,True,aggressive,adaptive,0.0,-0.15,0.0,0.096,-0.022,0.0,0.096348879,-0.02177206,0.0,0.06142787,-0.101261504,0.21219961,-0.0073971986,-0.004587817,0.0009928998,"[-2.210950739958651, 5.438644420515686, 0.0, 0.0, 0.0, 0.0, 9.118147768301645, -1.2109167717886442]","[0.039660384958539095, -0.021032891745123645, 0.0]","{""Controller Type"": ""MPC Controller"", ""weight_comfort"": 54.51376935216269, ""weight_trajectory"": 1367316.0932739887, ""weight_goal"": 2501000.0, ""Q"": [[1367316.0932739887, 0.0, 0.0, 0.0], [0.0, 0.0, 0.0, 0.0], [0.0, 0.0, 1367316.0932739887, 0.0], [0.0, 0.0, 0.0, 0.0]], ""R"": [[54.51376935216269, 0.0], [0.0, 54.51376935216269]], ""P"": [[2501000.0, 0.0, 0.0, 0.0], [0.0, 250100000.0, 0.0, 0.0], [0.0, 0.0, 2501000.0, 0.0], [0.0, 0.0, 0.0, 250100000.0]]}","[-0.18772212320214615, -0.3286307450050976, 0.0]",False
3,P16,348eb992-215e-4660-80e3-387165623cf5,32,1,haply,mpc,seeded_random,2704771326,persist_session,10.0,37.21939958572388,974.41788762,0,1786086455.0709968,315.0,True,aggressive,adaptive,0.0,-0.15,0.0,0.096,-0.022,0.0,0.09639183,-0.0218143199999999,0.0,0.06144,-0.10129873,0.21224101,-0.006474555,-0.0042410214,0.001081306,"[-2.2104364609198384, 5.4383689041200265, 0.0, 0.0, 0.0, 0.0, 9.125063785941235, -1.2147220464726556]","[0.020180144271960035, -0.011934085995802281, 0.0]","{""Controller Type"": ""MPC Controller"", ""weight_comfort"": 54.50977061479018, ""weight_trajectory"": 1367436.2953194068, ""weight_goal"": 2501000.0, ""Q"": [[1367436.2953194068, 0.0, 0.0, 0.0], [0.0, 0.0, 0.0, 0.0], [0.0, 0.0, 1367436.2953194068, 0.0], [0.0, 0.0, 0.0, 0.0]], ""R"": [[54.50977061479018, 0.0], [0.0, 54.50977061479018]], ""P"": [[2501000.0, 0.0, 0.0, 0.0], [0.0, 250100000.0, 0.0, 0.0], [0.0, 0.0, 2501000.0, 0.0], [0.0, 0.0, 0.0, 250100000.0]]}","[-0.15041083570781236, 0.04908323085096166, 0.0]",False
3,P16,348eb992-215e-4660-80e3-387165623cf5,32,1,haply,mpc,seeded_random,2704771326,persist_session,10.0,37.22993768692017,974.428405287,0,1786086455.0810225,316.0,True,aggressive,adaptive,0.0,-0.15,0.0,0.096,-0.022,0.0,0.09642822,-0.02173152,0.0,0.061364997,-0.101396486,0.2122232,-0.0046934816,-0.0034609546,0.001115777,"[-2.210542274925322, 5.43842648239843, 0.0, 0.0, 0.0, 0.0, 9.120608344501687, -1.2117670125867601]","[0.024947024163538035, 0.0035857594397274723, 0.0]","{""Controller Type"": ""MPC Controller"", ""weight_comfort"": 54.50977061479018, ""weight_trajectory"": 1367436.2953194068, ""weight_goal"": 2501000.0, ""Q"": [[1367436.2953194068, 0.0, 0.0, 0.0], [0.0, 0.0, 0.0, 0.0], [0.0, 0.0, 1367436.2953194068, 0.0], [0.0, 0.0, 0.0, 0.0]], ""R"": [[54.50977061479018, 0.0], [0.0, 54.50977061479018]], ""P"": [[2501000.0, 0.0, 0.0, 0.0], [0.0, 250100000.0, 0.0, 0.0], [0.0, 0.0, 2501000.0, 0.0], [0.0, 0.0, 0.0, 250100000.0]]}","[-0.15041083570781236, 0.04908323085096166, 0.0]",False
3,P16,348eb992-215e-4660-80e3-387165623cf5,32,1,haply,mpc,seeded_random,2704771326,persist_session,10.0,37.23969687461853,974.438183312,0,1786086455.0910332,317.0,True,aggressive,adaptive,0.0,-0.15,0.0,0.096,-0.022,0.0,0.096203211,-0.02176714,0.0,0.061320297,-0.10141988,0.21222495,-0.003687994,-0.003493859,0.001533004,"[-2.210393022999414, 5.438349037372933, 0.0, 0.0, 0.0, 0.0, 9.109069095599558, -1.2054767397066928]","[0.020685878228344987, -0.01240132457662451, 0.0]","{""Controller Type"": ""MPC Controller"", ""weight_comfort"": 54.50977061479018, ""weight_trajectory"": 1367436.2953194068, ""weight_goal"": 2501000.0, ""Q"": [[1367436.2953194068, 0.0, 0.0, 0.0], [0.0, 0.0, 0.0, 0.0], [0.0, 0.0, 1367436.2953194068, 0.0], [0.0, 0.0, 0.0, 0.0]], ""R"": [[54.50977061479018, 0.0], [0.0, 54.50977061479018]], ""P"": [[2501000.0, 0.0, 0.0, 0.0], [0.0, 250100000.0, 0.0, 0.0], [0.0, 0.0, 2501000.0, 0.0], [0.0, 0.0, 0.0, 250100000.0]]}","[0.38391682960996987, 0.02602506546385948, 0.0]",False
3,P16,348eb992-215e-4660-80e3-387165623cf5,32,1,haply,mpc,seeded_random,2704771326,persist_session,10.0,37.24941767692566,974.447921635,0,1786086455.100963,318.0,True,aggressive,adaptive,0.0,-0.15,0.0,0.096,-0.022,0.0,0.096069111,-0.02176364,0.0,0.061245095,-0.10151743,0.2122072,-0.0030438327,-0.00414636,0.0024006474,"[-2.225155051166046, 5.448297249272394, 0.0, 0.0, 0.0, 0.0, 9.10611505152341, -1.2033512754186373]","[-0.12200814670772665, 0.0021612975588298985, 0.0]","{""Controller Type"": ""MPC Controller"", ""weight_comfort"": 54.50746346220246, ""weight_trajectory"": 1367505.6483261937, ""weight_goal"": 2501000.0, ""Q"": [[1367505.6483261937, 0.0, 0.0, 0.0], [0.0, 0.0, 0.0, 0.0], [0.0, 0.0, 1367505.6483261937, 0.0], [0.0, 0.0, 0.0, 0.0]], ""R"": [[54.50746346220246, 0.0], [0.0, 54.50746346220246]], ""P"": [[2501000.0, 0.0, 0.0, 0.0], [0.0, 250100000.0, 0.0, 0.0], [0.0, 0.0, 2501000.0, 0.0], [0.0, 0.0, 0.0, 250100000.0]]}","[0.23984218987219455, -0.04749939479237273, 0.0]",False
3,P16,348eb992-215e-4660-80e3-387165623cf5,32,1,haply,mpc,seeded_random,2704771326,persist_session,10.0,37.259431734085084,974.457922525,0,1786086455.1110065,319.0,True,aggressive,adaptive,0.0,-0.15,0.0,0.096,-0.022,0.0,0.095843505,-0.0217991399999999,0.0,0.061200365,-0.101540774,0.21220894,-0.0028669948,-0.004241758,0.002470233,"[-2.2216065589102065, 5.445931849543608, 0.0, 0.0, 0.0, 0.0, 9.10559798238364, -1.2031809501322843]","[-0.07339199666924445, -0.002576285512173391, 0.0]","{""Controller Type"": ""MPC Controller"", ""weight_comfort"": 54.50746346220246, ""weight_trajectory"": 1367505.6483261937, ""weight_goal"": 2501000.0, ""Q"": [[1367505.6483261937, 0.0, 0.0, 0.0], [0.0, 0.0, 0.0, 0.0], [0.0, 0.0, 1367505.6483261937, 0.0], [0.0, 0.0, 0.0, 0.0]], ""R"": [[54.50746346220246, 0.0], [0.0, 54.50746346220246]], ""P"": [[2501000.0, 0.0, 0.0, 0.0], [0.0, 250100000.0, 0.0, 0.0], [0.0, 0.0, 2501000.0, 0.0], [0.0, 0.0, 0.0, 250100000.0]]}","[0.44595761620896857, 0.031129062550902885, 0.0]",False
3,P16,348eb992-215e-4660-80e3-387165623cf5,32,1,haply,mpc,seeded_random,2704771326,persist_session,10.0,37.269783153533936,974.468271718,0,1786086455.1212046,320.0,True,aggressive,adaptive,0.0,-0.15,0.0,0.096,-0.022,0.0,0.095709315,-0.0217956599999999,0.0,0.061214615,-0.101591796,0.21218763,-0.0029251575,-0.003901821,0.0016626943,"[-2.226499826441603, 5.449090634752802, 0.0, 0.0, 0.0, 0.0, 9.10458119491078, -1.2024726586438317]","[-0.12275507628898079, 0.002421693566045024, 0.0]","{""Controller Type"": ""MPC Controller"", ""weight_comfort"": 54.50746346220246, ""weight_trajectory"": 1367505.6483261937, ""weight_goal"": 2501000.0, ""Q"": [[1367505.6483261937, 0.0, 0.0, 0.0], [0.0, 0.0, 0.0, 0.0], [0.0, 0.0, 1367505.6483261937, 0.0], [0.0, 0.0, 0.0, 0.0]], ""R"": [[54.50746346220246, 0.0], [0.0, 54.50746346220246]], ""P"": [[2501000.0, 0.0, 0.0, 0.0], [0.0, 250100000.0, 0.0, 0.0], [0.0, 0.0, 2501000.0, 0.0], [0.0, 0.0, 0.0, 250100000.0]]}","[0.44595761620896857, 0.031129062550902885, 0.0]",False
3,P16,348eb992-215e-4660-80e3-387165623cf5,32,1,haply,mpc,seeded_random,2704771326,persist_session,10.0,37.27956809043884,974.478061194,0,1786086455.1312125,321.0,True,aggressive,adaptive,0.0,-0.15,0.0,0.096,-0.022,0.0,0.095752065,-0.02183828,0.0,0.061214615,-0.101591796,0.21218763,-0.0028541465,-0.004077146,0.00090027746,"[-2.2226012710145553, 5.446666005057672, 0.0, 0.0, 0.0, 0.0, 9.104135623946657, -1.2023223922503474]","[-0.0723133340903671, -0.0022706093610533325, 0.0]","{""Controller Type"": ""MPC Controller"", ""weight_comfort"": 54.82890420823676, ""weight_trajectory"": 1366660.5275991277, ""weight_goal"": 2499352.645203482, ""Q"": [[1366660.5275991277, 0.0, 0.0, 0.0], [0.0, 0.0, 0.0, 0.0], [0.0, 0.0, 1366660.5275991277, 0.0], [0.0, 0.0, 0.0, 0.0]], ""R"": [[54.82890420823676, 0.0], [0.0, 54.82890420823676]], ""P"": [[2499352.645203482, 0.0, 0.0, 0.0], [0.0, 249935264.5203482, 0.0, 0.0], [0.0, 0.0, 2499352.645203482, 0.0], [0.0, 0.0, 0.0, 249935264.5203482]]}","[0.29470761427660713, -0.043040634385756296, 0.0]",False
3,P16,348eb992-215e-4660-80e3-387165623cf5,32,1,haply,mpc,seeded_random,2704771326,persist_session,10.0,37.28952349662781,974.488020477,0,1786086455.141448,322.0,True,aggressive,adaptive,0.0,-0.15,0.0,0.096,-0.022,0.0,0.095752065,-0.02183828,0.0,0.061214615,-0.101591796,0.21218763,-0.0034805217,-0.0045525823,0.0003922157,"[-2.2241328410033203, 5.4478790542118265, 0.0, 0.0, 0.0, 0.0, 9.102523640285547, -1.201269171366932]","[0.022719955274970723, 0.0036437289568225124, 0.0]","{""Controller Type"": ""MPC Controller"", ""weight_comfort"": 54.82890420823676, ""weight_trajectory"": 1366660.5275991277, ""weight_goal"": 2499352.645203482, ""Q"": [[1366660.5275991277, 0.0, 0.0, 0.0], [0.0, 0.0, 0.0, 0.0], [0.0, 0.0, 1366660.5275991277, 0.0], [0.0, 0.0, 0.0, 0.0]], ""R"": [[54.82890420823676, 0.0], [0.0, 54.82890420823676]], ""P"": [[2499352.645203482, 0.0, 0.0, 0.0], [0.0, 249935264.5203482, 0.0, 0.0], [0.0, 0.0, 2499352.645203482, 0.0], [0.0, 0.0, 0.0, 249935264.5203482]]}","[-0.038435041525420384, 0.04911404188401204, 0.0]",False
3,P16,348eb992-215e-4660-80e3-387165623cf5,32,1,haply,mpc,seeded_random,2704771326,persist_session,10.0,37.29967106819153,974.498151132,0,1786086455.1512308,323.0,True,aggressive,adaptive,0.0,-0.15,0.0,0.096,-0.022,0.0,0.095752065,-0.02183828,0.0,0.061228815,-0.10164264,0.21216641,-0.0040564286,-0.004878236,5.341536e-05,"[-2.2242523264096685, 5.447907565743445, 0.0, 0.0, 0.0, 0.0, 9.10224749594853, -1.2012034590812761]","[-0.0005514700005483916, -0.0014720154650443914, 0.0]","{""Controller Type"": ""MPC Controller"", ""weight_comfort"": 54.82890420823676, ""weight_trajectory"": 1366660.5275991277, ""weight_goal"": 2499352.645203482, ""Q"": [[1366660.5275991277, 0.0, 0.0, 0.0], [0.0, 0.0, 0.0, 0.0], [0.0, 0.0, 1366660.5275991277, 0.0], [0.0, 0.0, 0.0, 0.0]], ""R"": [[54.82890420823676, 0.0], [0.0, 54.82890420823676]], ""P"": [[2499352.645203482, 0.0, 0.0, 0.0], [0.0, 249935264.5203482, 0.0, 0.0], [0.0, 0.0, 2499352.645203482, 0.0], [0.0, 0.0, 0.0, 249935264.5203482]]}","[0.0412114211844603, -0.03029022092817007, 0.0]",False
3,P16,348eb992-215e-4660-80e3-387165623cf5,32,1,haply,mpc,seeded_random,2704771326,persist_session,10.0,37.30943550109863,974.507939304,0,1786086455.1611705,324.0,True,aggressive,adaptive,0.0,-0.15,0.0,0.096,-0.022,0.0,0.095794665,-0.02188072,0.0,0.061228815,-0.10164264,0.21216641,-0.0029314156,-0.00429811,-0.00023664955,"[-2.2242521681531544, 5.447907527980376, 0.0, 0.0, 0.0, 0.0, 9.10224652143486, -1.2012032271825475]","[-0.0005514699613110627, -0.0014720153074460408, 0.0]","{""Controller Type"": ""MPC Controller"", ""weight_comfort"": 55.09120255611664, ""weight_trajectory"": 1365937.6100682397, ""weight_goal"": 2498014.592892893, ""Q"": [[1365937.6100682397, 0.0, 0.0, 0.0], [0.0, 0.0, 0.0, 0.0], [0.0, 0.0, 1365937.6100682397, 0.0], [0.0, 0.0, 0.0, 0.0]], ""R"": [[55.09120255611664, 0.0], [0.0, 55.09120255611664]], ""P"": [[2498014.592892893, 0.0, 0.0, 0.0], [0.0, 249801459.28928933, 0.0, 0.0], [0.0, 0.0, 2498014.592892893, 0.0], [0.0, 0.0, 0.0, 249801459.28928933]]}","[0.04121142112910499, -0.03029022091468073, 0.0]",False
3,P16,348eb992-215e-4660-80e3-387165623cf5,32,1,haply,mpc,seeded_random,2704771326,persist_session,10.0,37.319543018341065,974.518037317,0,1786086455.1710005,325.0,True,aggressive,adaptive,0.0,-0.15,0.0,0.096,-0.022,0.0,0.095794665,-0.02188072,0.0,0.061228815,-0.10164264,0.21216641,-0.0019240171,-0.0037775429,-0.00045435468,"[-2.2246388187761044, 5.4482023985414125, 0.0, 0.0, 0.0, 0.0, 9.100653132649192, -1.2001937917045513]","[0.022893416525359124, 0.004039012598745839, 0.0]","{""Controller Type"": ""MPC Controller"", ""weight_comfort"": 55.09120255611664, ""weight_trajectory"": 1365937.6100682397, ""weight_goal"": 2498014.592892893, ""Q"": [[1365937.6100682397, 0.0, 0.0, 0.0], [0.0, 0.0, 0.0, 0.0], [0.0, 0.0, 1365937.6100682397, 0.0], [0.0, 0.0, 0.0, 0.0]], ""R"": [[55.09120255611664, 0.0], [0.0, 55.09120255611664]], ""P"": [[2498014.592892893, 0.0, 0.0, 0.0], [0.0, 249801459.28928933, 0.0, 0.0], [0.0, 0.0, 2498014.592892893, 0.0], [0.0, 0.0, 0.0, 249801459.28928933]]}","[-0.04681630625069266, 0.055680571492453035, 0.0]",False
3,P16,348eb992-215e-4660-80e3-387165623cf5,32,1,haply,mpc,seeded_random,2704771326,persist_session,10.0,37.32931198120117,974.527815848,0,1786086455.181099,326.0,True,aggressive,adaptive,0.0,-0.15,0.0,0.096,-0.022,0.0,0.095794665,-0.02188072,0.0,0.061228815,-0.10164264,0.21216641,-0.0011872284,-0.0033968117,-0.00061357935,"[-2.2247425387602493, 5.44822714809595, 0.0, 0.0, 0.0, 0.0, 9.100440082918244, -1.2001430939127988]","[-0.00045681750919633786, -0.001085500493090293, 0.0]","{""Controller Type"": ""MPC Controller"", ""weight_comfort"": 55.09120255611664, ""weight_trajectory"": 1365937.6100682397, ""weight_goal"": 2498014.592892893, ""Q"": [[1365937.6100682397, 0.0, 0.0, 0.0], [0.0, 0.0, 0.0, 0.0], [0.0, 0.0, 1365937.6100682397, 0.0], [0.0, 0.0, 0.0, 0.0]], ""R"": [[55.09120255611664, 0.0], [0.0, 55.09120255611664]], ""P"": [[2498014.592892893, 0.0, 0.0, 0.0], [0.0, 249801459.28928933, 0.0, 0.0], [0.0, 0.0, 2498014.592892893, 0.0], [0.0, 0.0, 0.0, 249801459.28928933]]}","[0.03309275728007874, -0.023928364125512844, 0.0]",False
3,P16,348eb992-215e-4660-80e3-387165623cf5,32,1,haply,mpc,seeded_random,2704771326,persist_session,10.0,37.3394411945343,974.53794243,0,1786086455.1909192,327.0,True,aggressive,adaptive,0.0,-0.15,0.0,0.096,-0.022,0.0,0.095794665,-0.02188072,0.0,0.061228815,-0.10164264,0.21216641,-0.00082304486,-0.0025428527,-0.00048414263,"[-2.2247424298645457, 5.448227122111371, 0.0, 0.0, 0.0, 0.0, 9.100439551285723, -1.200142967404332]","[-0.00045681748683623857, -0.001085500429677166, 0.0]","{""Controller Type"": ""MPC Controller"", ""weight_comfort"": 55.350784385734435, ""weight_trajectory"": 1365230.1477536033, ""weight_goal"": 2496688.8661712725, ""Q"": [[1365230.1477536033, 0.0, 0.0, 0.0], [0.0, 0.0, 0.0, 0.0], [0.0, 0.0, 1365230.1477536033, 0.0], [0.0, 0.0, 0.0, 0.0]], ""R"": [[55.350784385734435, 0.0], [0.0, 55.350784385734435]], ""P"": [[2496688.8661712725, 0.0, 0.0, 0.0], [0.0, 249668886.61712724, 0.0, 0.0], [0.0, 0.0, 2496688.8661712725, 0.0], [0.0, 0.0, 0.0, 249668886.61712724]]}","[0.03309275728007874, -0.023928364125512844, 0.0]",False
3,P16,348eb992-215e-4660-80e3-387165623cf5,32,1,haply,mpc,seeded_random,2704771326,persist_session,10.0,37.349481954574586,974.547983809,0,1786086455.2008958,328.0,True,aggressive,adaptive,0.0,-0.15,0.0,0.096,-0.022,0.0,0.095794665,-0.02188072,0.0,0.061139226,-0.101689294,0.21216989,-0.00082293624,-0.0019473174,-0.0003387967,"[-2.224742320859848, 5.4482270961007835, 0.0, 0.0, 0.0, 0.0, 9.100439019121099, -1.200142840769245]","[-0.00045681746445375897, -0.0010855003662005697, 0.0]","{""Controller Type"": ""MPC Controller"", ""weight_comfort"": 55.350784385734435, ""weight_trajectory"": 1365230.1477536033, ""weight_goal"": 2496688.8661712725, ""Q"": [[1365230.1477536033, 0.0, 0.0, 0.0], [0.0, 0.0, 0.0, 0.0], [0.0, 0.0, 1365230.1477536033, 0.0], [0.0, 0.0, 0.0, 0.0]], ""R"": [[55.350784385734435, 0.0], [0.0, 55.350784385734435]], ""P"": [[2496688.8661712725, 0.0, 0.0, 0.0], [0.0, 249668886.61712724, 0.0, 0.0], [0.0, 0.0, 2496688.8661712725, 0.0], [0.0, 0.0, 0.0, 249668886.61712724]]}","[0.033090981378319256, -0.023926841216803718, 0.0]",False
3,P16,348eb992-215e-4660-80e3-387165623cf5,32,1,haply,mpc,seeded_random,2704771326,persist_session,10.0,37.3596946144104,974.558181518,0,1786086455.2110355,329.0,True,aggressive,adaptive,0.0,-0.15,0.0,0.096,-0.022,0.0,0.095525898,-0.02187376,0.0,0.061049595,-0.10173589,0.21217336,-0.0009926009,-0.0016049079,-0.00022719844,"[-2.2247422117460474, 5.448227070064162, 0.0, 0.0, 0.0, 0.0, 9.100438486423842, -1.2001427140074108]","[-0.0004568174420488767, -0.0010855003026604409, 0.0]","{""Controller Type"": ""MPC Controller"", ""weight_comfort"": 55.350784385734435, ""weight_trajectory"": 1365230.1477536033, ""weight_goal"": 2496688.8661712725, ""Q"": [[1365230.1477536033, 0.0, 0.0, 0.0], [0.0, 0.0, 0.0, 0.0], [0.0, 0.0, 1365230.1477536033, 0.0], [0.0, 0.0, 0.0, 0.0]], ""R"": [[55.350784385734435, 0.0], [0.0, 55.350784385734435]], ""P"": [[2496688.8661712725, 0.0, 0.0, 0.0], [0.0, 249668886.61712724, 0.0, 0.0], [0.0, 0.0, 2496688.8661712725, 0.0], [0.0, 0.0, 0.0, 249668886.61712724]]}","[0.033090981378319256, -0.023926841216803718, 0.0]",False
3,P16,348eb992-215e-4660-80e3-387165623cf5,32,1,haply,mpc,seeded_random,2704771326,persist_session,10.0,37.36978949546814,974.568275901,0,1786086455.221119,330.0,True,aggressive,adaptive,0.0,-0.15,0.0,0.096,-0.022,0.0,0.095257005,-0.02186682,0.0,0.060870226,-0.10182884,0.2121803,-0.0014348732,-0.0015314177,-0.0001364088,"[-2.2442836466702176, 5.460503279365503, 0.0, 0.0, 0.0, 0.0, 9.100355402211552, -1.2001065820154921]","[-0.14580228006630536, -0.001972594728989029, 0.0]","{""Controller Type"": ""MPC Controller"", ""weight_comfort"": 60.101964986360805, ""weight_trajectory"": 1351817.6131383781, ""weight_goal"": 2472515.751928158, ""Q"": [[1351817.6131383781, 0.0, 0.0, 0.0], [0.0, 0.0, 0.0, 0.0], [0.0, 0.0, 1351817.6131383781, 0.0], [0.0, 0.0, 0.0, 0.0]], ""R"": [[60.101964986360805, 0.0], [0.0, 60.101964986360805]], ""P"": [[2472515.751928158, 0.0, 0.0, 0.0], [0.0, 247251575.1928158, 0.0, 0.0], [0.0, 0.0, 2472515.751928158, 0.0], [0.0, 0.0, 0.0, 247251575.1928158]]}","[0.5600702579496123, -0.056253780692454416, 0.0]",False
3,P16,348eb992-215e-4660-80e3-387165623cf5,32,1,haply,mpc,seeded_random,2704771326,persist_session,10.0,37.379514112472535,974.578008482,0,1786086455.2310567,331.0,True,aggressive,adaptive,0.0,-0.15,0.0,0.096,-0.022,0.0,0.094718898,-0.02185294,0.0,0.060780488,-0.10187522,0.21218376,-0.0020843637,-0.0016427371,-5.6913796e-05,"[-2.243195793065189, 5.459835742258302, 0.0, 0.0, 0.0, 0.0, 9.10035268314226, -1.200105411436867]","[-0.14726303271745428, -0.0020379663875416745, 0.0]","{""Controller Type"": ""MPC Controller"", ""weight_comfort"": 60.101964986360805, ""weight_trajectory"": 1351817.6131383781, ""weight_goal"": 2472515.751928158, ""Q"": [[1351817.6131383781, 0.0, 0.0, 0.0], [0.0, 0.0, 0.0, 0.0], [0.0, 0.0, 1351817.6131383781, 0.0], [0.0, 0.0, 0.0, 0.0]], ""R"": [[60.101964986360805, 0.0], [0.0, 60.101964986360805]], ""P"": [[2472515.751928158, 0.0, 0.0, 0.0], [0.0, 247251575.1928158, 0.0, 0.0], [0.0, 0.0, 2472515.751928158, 0.0], [0.0, 0.0, 0.0, 247251575.1928158]]}","[0.5955088061017106, -0.07571618109613361, 0.0]",False
3,P16,348eb992-215e-4660-80e3-387165623cf5,32,1,haply,mpc,seeded_random,2704771326,persist_session,10.0,37.38942183494568,974.587917697,0,1786086455.241057,332.0,True,aggressive,adaptive,0.0,-0.15,0.0,0.096,-0.022,0.0,0.094449684,-0.02184602,0.0,0.060645808,-0.10194464,0.21218896,-0.003450899,-0.0021854914,3.4653836e-05,"[-2.2840353700379494, 5.485141518665169, 0.0, 0.0, 0.0, 0.0, 9.100205689019445, -1.2000348559382]","[-0.2999338679957496, -0.0030143560103914847, 0.0]","{""Controller Type"": ""MPC Controller"", ""weight_comfort"": 60.101964986360805, ""weight_trajectory"": 1351817.6131383781, ""weight_goal"": 2472515.751928158, ""Q"": [[1351817.6131383781, 0.0, 0.0, 0.0], [0.0, 0.0, 0.0, 0.0], [0.0, 0.0, 1351817.6131383781, 0.0], [0.0, 0.0, 0.0, 0.0]], ""R"": [[60.101964986360805, 0.0], [0.0, 60.101964986360805]], ""P"": [[2472515.751928158, 0.0, 0.0, 0.0], [0.0, 247251575.1928158, 0.0, 0.0], [0.0, 0.0, 2472515.751928158, 0.0], [0.0, 0.0, 0.0, 247251575.1928158]]}","[0.69865062394937, -0.13432906585344706, 0.0]",False
3,P16,348eb992-215e-4660-80e3-387165623cf5,32,1,haply,mpc,seeded_random,2704771326,persist_session,10.0,37.399417057037354,974.59790203,0,1786086455.2509687,333.0,True,aggressive,adaptive,0.0,-0.15,0.0,0.096,-0.022,0.0,0.094045644,-0.02183562,0.0,0.060645808,-0.10194464,0.21218896,-0.005623801,-0.003189013,0.0001458731,"[-2.257296541961477, 5.46974101311481, 0.0, 0.0, 0.0, 0.0, 9.100295504617256, -1.2000724324634267]","[-0.15074923837769008, -0.0022316946180081614, 0.0]","{""Controller Type"": ""MPC Controller"", ""weight_comfort"": 78.78467728325008, ""weight_trajectory"": 1299748.403982932, ""weight_goal"": 2377344.9919303255, ""Q"": [[1299748.403982932, 0.0, 0.0, 0.0], [0.0, 0.0, 0.0, 0.0], [0.0, 0.0, 1299748.403982932, 0.0], [0.0, 0.0, 0.0, 0.0]], ""R"": [[78.78467728325008, 0.0], [0.0, 78.78467728325008]], ""P"": [[2377344.9919303255, 0.0, 0.0, 0.0], [0.0, 237734499.19303256, 0.0, 0.0], [0.0, 0.0, 2377344.9919303255, 0.0], [0.0, 0.0, 0.0, 237734499.19303256]]}","[1.003408226956806, -0.16915651372911417, 0.0]",False
3,P16,348eb992-215e-4660-80e3-387165623cf5,32,1,haply,mpc,seeded_random,2704771326,persist_session,10.0,37.409386529922486,974.607891278,0,1786086455.2612114,334.0,True,aggressive,adaptive,0.0,-0.15,0.0,0.096,-0.022,0.0,0.094045644,-0.02183562,0.0,0.060645808,-0.10194464,0.21218896,-0.0071627563,-0.0038985612,0.00022493076,"[-2.2732429417386824, 5.4791067385914545, 0.0, 0.0, 0.0, 0.0, 9.100229075792507, -1.2000426403339606]","[-0.22779103192287303, -0.0027550488059357994, 0.0]","{""Controller Type"": ""MPC Controller"", ""weight_comfort"": 78.78467728325008, ""weight_trajectory"": 1299748.403982932, ""weight_goal"": 2377344.9919303255, ""Q"": [[1299748.403982932, 0.0, 0.0, 0.0], [0.0, 0.0, 0.0, 0.0], [0.0, 0.0, 1299748.403982932, 0.0], [0.0, 0.0, 0.0, 0.0]], ""R"": [[78.78467728325008, 0.0], [0.0, 78.78467728325008]], ""P"": [[2377344.9919303255, 0.0, 0.0, 0.0], [0.0, 237734499.19303256, 0.0, 0.0], [0.0, 0.0, 2377344.9919303255, 0.0], [0.0, 0.0, 0.0, 237734499.19303256]]}","[0.2455250486486585, -0.14964858181401003, 0.0]",False
3,P16,348eb992-215e-4660-80e3-387165623cf5,32,1,haply,mpc,seeded_random,2704771326,persist_session,10.0,37.41961468696594,974.618112934,0,1786086455.2712686,335.0,True,aggressive,adaptive,0.0,-0.15,0.0,0.096,-0.022,0.0,0.094045644,-0.02183562,0.0,0.06065979,-0.1019957,0.21216762,-0.008224071,-0.0045621456,0.0002168877,"[-2.2641359828291825, 5.4769355873806775, 0.0, 0.0, 0.0, 0.0, 9.10029775359702, -1.2000589830176476]","[-0.004424927742858088, -0.0014959069447362664, 0.0]","{""Controller Type"": ""MPC Controller"", ""weight_comfort"": 78.78467728325008, ""weight_trajectory"": 1299748.403982932, ""weight_goal"": 2377344.9919303255, ""Q"": [[1299748.403982932, 0.0, 0.0, 0.0], [0.0, 0.0, 0.0, 0.0], [0.0, 0.0, 1299748.403982932, 0.0], [0.0, 0.0, 0.0, 0.0]], ""R"": [[78.78467728325008, 0.0], [0.0, 78.78467728325008]], ""P"": [[2377344.9919303255, 0.0, 0.0, 0.0], [0.0, 237734499.19303256, 0.0, 0.0], [0.0, 0.0, 2377344.9919303255, 0.0], [0.0, 0.0, 0.0, 237734499.19303256]]}","[0.2455250495475607, -0.1496485825733734, 0.0]",False
3,P16,348eb992-215e-4660-80e3-387165623cf5,32,1,haply,mpc,seeded_random,2704771326,persist_session,10.0,37.42971028327942,974.628200168,0,1786086455.2814794,336.0,True,aggressive,adaptive,0.0,-0.15,0.0,0.096,-0.022,0.0,0.09408759,-0.0218783,0.0,0.06065979,-0.1019957,0.21216762,-0.009255155,-0.0052181818,0.00020677347,"[-2.2641258584322945, 5.47693317366642, 0.0, 0.0, 0.0, 0.0, 9.100296734825758, -1.2000587405891567]","[-0.004424907956182284, -0.0014959067772706463, 0.0]","{""Controller Type"": ""MPC Controller"", ""weight_comfort"": 85.66646754680124, ""weight_trajectory"": 1280590.4290897527, ""weight_goal"": 2342286.631489893, ""Q"": [[1280590.4290897527, 0.0, 0.0, 0.0], [0.0, 0.0, 0.0, 0.0], [0.0, 0.0, 1280590.4290897527, 0.0], [0.0, 0.0, 0.0, 0.0]], ""R"": [[85.66646754680124, 0.0], [0.0, 85.66646754680124]], ""P"": [[2342286.631489893, 0.0, 0.0, 0.0], [0.0, 234228663.1489893, 0.0, 0.0], [0.0, 0.0, 2342286.631489893, 0.0], [0.0, 0.0, 0.0, 234228663.1489893]]}","[0.2455250495475607, -0.1496485825733734, 0.0]",False
3,P16,348eb992-215e-4660-80e3-387165623cf5,32,1,haply,mpc,seeded_random,2704771326,persist_session,10.0,37.43945802688599,974.637955871,0,1786086455.291222,337.0,True,aggressive,adaptive,0.0,-0.15,0.0,0.096,-0.022,0.0,0.09408759,-0.0218783,0.0,0.06065979,-0.1019957,0.21216762,-0.007352863,-0.004331466,9.694514e-05,"[-2.263705814206104, 5.477017813119421, 0.0, 0.0, 0.0, 0.0, 9.098800558584365, -1.1991075465615475]","[0.018170578258489122, 0.0039048344932959556, 0.0]","{""Controller Type"": ""MPC Controller"", ""weight_comfort"": 85.66646754680124, ""weight_trajectory"": 1280590.4290897527, ""weight_goal"": 2342286.631489893, ""Q"": [[1280590.4290897527, 0.0, 0.0, 0.0], [0.0, 0.0, 0.0, 0.0], [0.0, 0.0, 1280590.4290897527, 0.0], [0.0, 0.0, 0.0, 0.0]], ""R"": [[85.66646754680124, 0.0], [0.0, 85.66646754680124]], ""P"": [[2342286.631489893, 0.0, 0.0, 0.0], [0.0, 234228663.1489893, 0.0, 0.0], [0.0, 0.0, 2342286.631489893, 0.0], [0.0, 0.0, 0.0, 234228663.1489893]]}","[0.16093954945537686, -0.06529329818710165, 0.0]",False
3,P16,348eb992-215e-4660-80e3-387165623cf5,32,1,haply,mpc,seeded_random,2704771326,persist_session,10.0,37.44965852737427,974.648154169,0,1786086455.3012114,338.0,True,aggressive,adaptive,0.0,-0.15,0.0,0.096,-0.022,0.0,0.09408759,-0.0218783,0.0,0.060673717,-0.102046594,0.21214633,-0.005152742,-0.0032662754,-1.4461439e-05,"[-2.264642031912739, 5.477241013207835, 0.0, 0.0, 0.0, 0.0, 9.098583245188722, -1.1990558345805313]","[-0.004330924068250248, -0.0011072975809392996, 0.0]","{""Controller Type"": ""MPC Controller"", ""weight_comfort"": 85.66646754680124, ""weight_trajectory"": 1280590.4290897527, ""weight_goal"": 2342286.631489893, ""Q"": [[1280590.4290897527, 0.0, 0.0, 0.0], [0.0, 0.0, 0.0, 0.0], [0.0, 0.0, 1280590.4290897527, 0.0], [0.0, 0.0, 0.0, 0.0]], ""R"": [[85.66646754680124, 0.0], [0.0, 85.66646754680124]], ""P"": [[2342286.631489893, 0.0, 0.0, 0.0], [0.0, 234228663.1489893, 0.0, 0.0], [0.0, 0.0, 2342286.631489893, 0.0], [0.0, 0.0, 0.0, 234228663.1489893]]}","[0.2372506565858807, -0.1429397496325796, 0.0]",False
3,P16,348eb992-215e-4660-80e3-387165623cf5,32,1,haply,mpc,seeded_random,2704771326,persist_session,10.0,37.45974411010742,974.658225469,0,1786086455.3110526,339.0,True,aggressive,adaptive,0.0,-0.15,0.0,0.096,-0.022,0.0,0.094129371,-0.02192088,0.0,0.060673717,-0.102046594,0.21214633,-0.003668926,-0.0025444361,-8.838659e-05,"[-2.264632306226798, 5.477238694544188, 0.0, 0.0, 0.0, 0.0, 9.098582685198853, -1.199055701325122]","[-0.004330905468751198, -0.0011072975127885325, 0.0]","{""Controller Type"": ""MPC Controller"", ""weight_comfort"": 85.95006147661343, ""weight_trajectory"": 1279813.340035247, ""weight_goal"": 2340837.738937072, ""Q"": [[1279813.340035247, 0.0, 0.0, 0.0], [0.0, 0.0, 0.0, 0.0], [0.0, 0.0, 1279813.340035247, 0.0], [0.0, 0.0, 0.0, 0.0]], ""R"": [[85.95006147661343, 0.0], [0.0, 85.95006147661343]], ""P"": [[2340837.738937072, 0.0, 0.0, 0.0], [0.0, 234083773.8937072, 0.0, 0.0], [0.0, 0.0, 2340837.738937072, 0.0], [0.0, 0.0, 0.0, 234083773.8937072]]}","[0.23725065649962324, -0.14293974955969743, 0.0]",False
3,P16,348eb992-215e-4660-80e3-387165623cf5,32,1,haply,mpc,seeded_random,2704771326,persist_session,10.0,37.46944464683533,974.667926244,0,1786086455.3210895,340.0,True,aggressive,adaptive,0.0,-0.15,0.0,0.096,-0.022,0.0,0.094129371,-0.02192088,0.0,0.060673717,-0.102046594,0.21214633,-0.0025955113,-0.0020222475,-0.0001418651,"[-2.264216184497776, 5.477345103166802, 0.0, 0.0, 0.0, 0.0, 9.096826817004738, -1.197973839654925]","[0.019018654648883436, 0.004463540264573767, 0.0]","{""Controller Type"": ""MPC Controller"", ""weight_comfort"": 85.95006147661343, ""weight_trajectory"": 1279813.340035247, ""weight_goal"": 2340837.738937072, ""Q"": [[1279813.340035247, 0.0, 0.0, 0.0], [0.0, 0.0, 0.0, 0.0], [0.0, 0.0, 1279813.340035247, 0.0], [0.0, 0.0, 0.0, 0.0]], ""R"": [[85.95006147661343, 0.0], [0.0, 85.95006147661343]], ""P"": [[2340837.738937072, 0.0, 0.0, 0.0], [0.0, 234083773.8937072, 0.0, 0.0], [0.0, 0.0, 2340837.738937072, 0.0], [0.0, 0.0, 0.0, 234083773.8937072]]}","[0.22927365476660394, -0.13664848750297282, 0.0]",False
3,P16,348eb992-215e-4660-80e3-387165623cf5,32,1,haply,mpc,seeded_random,2704771326,persist_session,10.0,37.479513301849366,974.678010047,0,1786086455.3310604,341.0,True,aggressive,adaptive,0.0,-0.15,0.0,0.096,-0.022,0.0,0.094129371,-0.02192088,0.0,0.060673717,-0.102046594,0.21214633,-0.001818772,-0.001644384,-0.00018056296,"[-2.2651378463360574, 5.477564833440727, 0.0, 0.0, 0.0, 0.0, 9.096684564709069, -1.1979399894449088]","[-0.004237232544353738, -0.0007197296827594838, 0.0]","{""Controller Type"": ""MPC Controller"", ""weight_comfort"": 85.95006147661343, ""weight_trajectory"": 1279813.340035247, ""weight_goal"": 2340837.738937072, ""Q"": [[1279813.340035247, 0.0, 0.0, 0.0], [0.0, 0.0, 0.0, 0.0], [0.0, 0.0, 1279813.340035247, 0.0], [0.0, 0.0, 0.0, 0.0]], ""R"": [[85.95006147661343, 0.0], [0.0, 85.95006147661343]], ""P"": [[2340837.738937072, 0.0, 0.0, 0.0], [0.0, 234083773.8937072, 0.0, 0.0], [0.0, 0.0, 2340837.738937072, 0.0], [0.0, 0.0, 0.0, 234083773.8937072]]}","[0.22927365476660394, -0.13664848750297282, 0.0]",False
3,P16,348eb992-215e-4660-80e3-387165623cf5,32,1,haply,mpc,seeded_random,2704771326,persist_session,10.0,37.48963822364807,974.688127599,0,1786086455.3411589,342.0,True,aggressive,adaptive,0.0,-0.15,0.0,0.096,-0.022,0.0,0.094129371,-0.02192088,0.0,0.06068769,-0.10209765,0.21212497,-0.0012859321,-0.0014129428,-0.0002170879,"[-2.2651285110375605, 5.477562607843864, 0.0, 0.0, 0.0, 0.0, 9.096684327362578, -1.197939932966182]","[-0.004237215081473646, -0.0007197296639806294, 0.0]","{""Controller Type"": ""MPC Controller"", ""weight_comfort"": 86.23327815911075, ""weight_trajectory"": 1279039.38766324, ""weight_goal"": 2339390.022857999, ""Q"": [[1279039.38766324, 0.0, 0.0, 0.0], [0.0, 0.0, 0.0, 0.0], [0.0, 0.0, 1279039.38766324, 0.0], [0.0, 0.0, 0.0, 0.0]], ""R"": [[86.23327815911075, 0.0], [0.0, 86.23327815911075]], ""P"": [[2339390.022857999, 0.0, 0.0, 0.0], [0.0, 233939002.2857999, 0.0, 0.0], [0.0, 0.0, 2339390.022857999, 0.0], [0.0, 0.0, 0.0, 233939002.2857999]]}","[0.22926316601500027, -0.13663202292139845, 0.0]",False
3,P16,348eb992-215e-4660-80e3-387165623cf5,32,1,haply,mpc,seeded_random,2704771326,persist_session,10.0,37.49950708389282,974.698000793,0,1786086455.351032,343.0,True,aggressive,adaptive,0.0,-0.15,0.0,0.096,-0.022,0.0,0.09417129,-0.0219636,0.0,0.06068769,-0.10209765,0.21212497,-0.0008299132,-0.0012265928,-0.0002525594,"[-2.2651191664714827, 5.4775603800375485, 0.0, 0.0, 0.0, 0.0, 9.096684089778515, -1.1979398764309228]","[-0.0042371976012573484, -0.0007197296451829784, 0.0]","{""Controller Type"": ""MPC Controller"", ""weight_comfort"": 86.23327815911075, ""weight_trajectory"": 1279039.38766324, ""weight_goal"": 2339390.022857999, ""Q"": [[1279039.38766324, 0.0, 0.0, 0.0], [0.0, 0.0, 0.0, 0.0], [0.0, 0.0, 1279039.38766324, 0.0], [0.0, 0.0, 0.0, 0.0]], ""R"": [[86.23327815911075, 0.0], [0.0, 86.23327815911075]], ""P"": [[2339390.022857999, 0.0, 0.0, 0.0], [0.0, 233939002.2857999, 0.0, 0.0], [0.0, 0.0, 2339390.022857999, 0.0], [0.0, 0.0, 0.0, 233939002.2857999]]}","[0.22926316601500027, -0.13663202292139845, 0.0]",False
3,P16,348eb992-215e-4660-80e3-387165623cf5,32,1,haply,mpc,seeded_random,2704771326,persist_session,10.0,37.509476556777955,974.707971483,0,1786086455.361131,344.0,True,aggressive,adaptive,0.0,-0.15,0.0,0.096,-0.022,0.0,0.09417129,-0.0219636,0.0,0.060701653,-0.10214866,0.21210362,-0.00050026004,-0.0012064232,-0.0003192674,"[-2.264723225512698, 5.477671700319005, 0.0, 0.0, 0.0, 0.0, 9.094846116482017, -1.1968373255256497]","[0.019115339136680752, 0.004847526001653523, 0.0]","{""Controller Type"": ""MPC Controller"", ""weight_comfort"": 86.23327815911075, ""weight_trajectory"": 1279039.38766324, ""weight_goal"": 2339390.022857999, ""Q"": [[1279039.38766324, 0.0, 0.0, 0.0], [0.0, 0.0, 0.0, 0.0], [0.0, 0.0, 1279039.38766324, 0.0], [0.0, 0.0, 0.0, 0.0]], ""R"": [[86.23327815911075, 0.0], [0.0, 86.23327815911075]], ""P"": [[2339390.022857999, 0.0, 0.0, 0.0], [0.0, 233939002.2857999, 0.0, 0.0], [0.0, 0.0, 2339390.022857999, 0.0], [0.0, 0.0, 0.0, 233939002.2857999]]}","[0.22127158504078961, -0.13033731284412234, 0.0]",False
3,P16,348eb992-215e-4660-80e3-387165623cf5,32,1,haply,mpc,seeded_random,2704771326,persist_session,10.0,37.51942981719971,974.717928551,0,1786086455.371127,345.0,True,aggressive,adaptive,0.0,-0.15,0.0,0.096,-0.022,0.0,0.094213179,-0.0220063,0.0,0.060715623,-0.102199696,0.21208227,-0.00022982073,-0.0013516202,-0.0004318482,"[-2.2656224805604004, 5.477886089033538, 0.0, 0.0, 0.0, 0.0, 9.094780868728133, -1.1968217993345092]","[-0.004143166486425572, -0.00033105002362144193, 0.0]","{""Controller Type"": ""MPC Controller"", ""weight_comfort"": 86.51666765528907, ""weight_trajectory"": 1278265.0085099046, ""weight_goal"": 2337941.3646865534, ""Q"": [[1278265.0085099046, 0.0, 0.0, 0.0], [0.0, 0.0, 0.0, 0.0], [0.0, 0.0, 1278265.0085099046, 0.0], [0.0, 0.0, 0.0, 0.0]], ""R"": [[86.51666765528907, 0.0], [0.0, 86.51666765528907]], ""P"": [[2337941.3646865534, 0.0, 0.0, 0.0], [0.0, 233794136.46865535, 0.0, 0.0], [0.0, 0.0, 2337941.3646865534, 0.0], [0.0, 0.0, 0.0, 233794136.46865535]]}","[0.22127158504078961, -0.13033731284412234, 0.0]",False
3,P16,348eb992-215e-4660-80e3-387165623cf5,32,1,haply,mpc,seeded_random,2704771326,persist_session,10.0,37.52963532447815,974.728122086,0,1786086455.3812368,346.0,True,aggressive,adaptive,0.0,-0.15,0.0,0.096,-0.022,0.0,0.094255089,-0.022049,0.0,0.06072749,-0.1022371,0.21212368,-1.6354332e-05,-0.001517714,-0.00049932743,"[-2.265249581352962, 5.477995391617436, 0.0, 0.0, 0.0, 0.0, 9.092929687541131, -1.195738991760196]","[0.01890850564011731, 0.0051651661063024995, 0.0]","{""Controller Type"": ""MPC Controller"", ""weight_comfort"": 86.51666765528907, ""weight_trajectory"": 1278265.0085099046, ""weight_goal"": 2337941.3646865534, ""Q"": [[1278265.0085099046, 0.0, 0.0, 0.0], [0.0, 0.0, 0.0, 0.0], [0.0, 0.0, 1278265.0085099046, 0.0], [0.0, 0.0, 0.0, 0.0]], ""R"": [[86.51666765528907, 0.0], [0.0, 86.51666765528907]], ""P"": [[2337941.3646865534, 0.0, 0.0, 0.0], [0.0, 233794136.46865535, 0.0, 0.0], [0.0, 0.0, 2337941.3646865534, 0.0], [0.0, 0.0, 0.0, 233794136.46865535]]}","[0.13543892001816105, -0.04468680446733014, 0.0]",False
3,P16,348eb992-215e-4660-80e3-387165623cf5,32,1,haply,mpc,seeded_random,2704771326,persist_session,10.0,37.53949059486389,974.737989078,0,1786086455.3911765,347.0,True,aggressive,adaptive,0.0,-0.15,0.0,0.096,-0.022,0.0,0.09429069,-0.02196618,0.0,0.060741458,-0.10228816,0.2121023,0.00014522385,-0.001663525,-0.0005472225,"[-2.2652703790931197, 5.477988964490866, 0.0, 0.0, 0.0, 0.0, 9.092926451792996, -1.1957371446390046]","[0.018755984909989937, 0.005495847549705424, 0.0]","{""Controller Type"": ""MPC Controller"", ""weight_comfort"": 86.51666765528907, ""weight_trajectory"": 1278265.0085099046, ""weight_goal"": 2337941.3646865534, ""Q"": [[1278265.0085099046, 0.0, 0.0, 0.0], [0.0, 0.0, 0.0, 0.0], [0.0, 0.0, 1278265.0085099046, 0.0], [0.0, 0.0, 0.0, 0.0]], ""R"": [[86.51666765528907, 0.0], [0.0, 86.51666765528907]], ""P"": [[2337941.3646865534, 0.0, 0.0, 0.0], [0.0, 233794136.46865535, 0.0, 0.0], [0.0, 0.0, 2337941.3646865534, 0.0], [0.0, 0.0, 0.0, 233794136.46865535]]}","[0.12828924022792396, -0.03928907831655266, 0.0]",False
3,P16,348eb992-215e-4660-80e3-387165623cf5,32,1,haply,mpc,seeded_random,2704771326,persist_session,10.0,37.549778594970704,974.748268089,0,1786086455.401183,348.0,True,aggressive,adaptive,0.0,-0.15,0.0,0.096,-0.022,0.0,0.0943325939999999,-0.02200894,0.0,0.060741458,-0.10228816,0.2121023,0.00026786354,-0.0017961214,-0.00059358636,"[-2.265343822449742, 5.47797574798639, 0.0, 0.0, 0.0, 0.0, 9.082159220115777, -1.189478979180734]","[0.015748336049370756, -0.010218216384126665, 0.0]","{""Controller Type"": ""MPC Controller"", ""weight_comfort"": 84.46944916904211, ""weight_trajectory"": 1284085.930941797, ""weight_goal"": 2348330.714860436, ""Q"": [[1284085.930941797, 0.0, 0.0, 0.0], [0.0, 0.0, 0.0, 0.0], [0.0, 0.0, 1284085.930941797, 0.0], [0.0, 0.0, 0.0, 0.0]], ""R"": [[84.46944916904211, 0.0], [0.0, 84.46944916904211]], ""P"": [[2348330.714860436, 0.0, 0.0, 0.0], [0.0, 234833071.4860436, 0.0, 0.0], [0.0, 0.0, 2348330.714860436, 0.0], [0.0, 0.0, 0.0, 234833071.4860436]]}","[0.14027346839911323, -0.2765612412461107, 0.0]",False
3,P16,348eb992-215e-4660-80e3-387165623cf5,32,1,haply,mpc,seeded_random,2704771326,persist_session,10.0,37.55941070556641,974.757911763,0,1786086455.4113417,349.0,True,aggressive,adaptive,0.0,-0.15,0.0,0.096,-0.022,0.0,0.0943325939999999,-0.02200894,0.0,0.060741458,-0.10228816,0.2121023,0.00036405047,-0.0019001174,-0.0006299497,"[-2.2653109739588184, 5.477988460619907, 0.0, 0.0, 0.0, 0.0, 9.076713532269794, -1.1862985016099004]","[0.019163024303115218, 0.005150499750343548, 0.0]","{""Controller Type"": ""MPC Controller"", ""weight_comfort"": 84.46944916904211, ""weight_trajectory"": 1284085.930941797, ""weight_goal"": 2348330.714860436, ""Q"": [[1284085.930941797, 0.0, 0.0, 0.0], [0.0, 0.0, 0.0, 0.0], [0.0, 0.0, 1284085.930941797, 0.0], [0.0, 0.0, 0.0, 0.0]], ""R"": [[84.46944916904211, 0.0], [0.0, 84.46944916904211]], ""P"": [[2348330.714860436, 0.0, 0.0, 0.0], [0.0, 234833071.4860436, 0.0, 0.0], [0.0, 0.0, 2348330.714860436, 0.0], [0.0, 0.0, 0.0, 234833071.4860436]]}","[0.1210681462706459, -0.03621419527985209, 0.0]",False
3,P16,348eb992-215e-4660-80e3-387165623cf5,32,1,haply,mpc,seeded_random,2704771326,persist_session,10.0,37.56964720726013,974.768131872,0,1786086455.421007,350.0,True,aggressive,adaptive,0.0,-0.15,0.0,0.096,-0.022,0.0,0.0943325939999999,-0.02200894,0.0,0.060741458,-0.10228816,0.2121023,0.00041992537,-0.0019438482,-0.0006822123,"[-2.2661195231105618, 5.478181225589233, 0.0, 0.0, 0.0, 0.0, 9.076729328705168, -1.186302260324808]","[-0.0037785412895517123, 8.114596019892957e-05, 0.0]","{""Controller Type"": ""MPC Controller"", ""weight_comfort"": 84.46944916904211, ""weight_trajectory"": 1284085.930941797, ""weight_goal"": 2348330.714860436, ""Q"": [[1284085.930941797, 0.0, 0.0, 0.0], [0.0, 0.0, 0.0, 0.0], [0.0, 0.0, 1284085.930941797, 0.0], [0.0, 0.0, 0.0, 0.0]], ""R"": [[84.46944916904211, 0.0], [0.0, 84.46944916904211]], ""P"": [[2348330.714860436, 0.0, 0.0, 0.0], [0.0, 234833071.4860436, 0.0, 0.0], [0.0, 0.0, 2348330.714860436, 0.0], [0.0, 0.0, 0.0, 234833071.4860436]]}","[0.1988713707847186, -0.11560675638955009, 0.0]",False
3,P16,348eb992-215e-4660-80e3-387165623cf5,32,1,haply,mpc,seeded_random,2704771326,persist_session,10.0,37.57957829475403,974.778069066,0,1786086455.4310703,351.0,True,aggressive,adaptive,0.0,-0.15,0.0,0.096,-0.022,0.0,0.0943325939999999,-0.02200894,0.0,0.060741458,-0.10228816,0.2121023,0.00041980826,-0.0018268321,-0.0006711156,"[-2.2661120357896487, 5.47817944054848, 0.0, 0.0, 0.0, 0.0, 9.076729325654274, -1.1863022595988568]","[-0.003778528805147898, 8.114596017165457e-05, 0.0]","{""Controller Type"": ""MPC Controller"", ""weight_comfort"": 84.75109942218047, ""weight_trajectory"": 1283343.3570481434, ""weight_goal"": 2346881.887939516, ""Q"": [[1283343.3570481434, 0.0, 0.0, 0.0], [0.0, 0.0, 0.0, 0.0], [0.0, 0.0, 1283343.3570481434, 0.0], [0.0, 0.0, 0.0, 0.0]], ""R"": [[84.75109942218047, 0.0], [0.0, 84.75109942218047]], ""P"": [[2346881.887939516, 0.0, 0.0, 0.0], [0.0, 234688188.7939516, 0.0, 0.0], [0.0, 0.0, 2346881.887939516, 0.0], [0.0, 0.0, 0.0, 234688188.7939516]]}","[0.19887137070695313, -0.11560675632433288, 0.0]",False
3,P16,348eb992-215e-4660-80e3-387165623cf5,32,1,haply,mpc,seeded_random,2704771326,persist_session,10.0,37.58945788383484,974.787955877,0,1786086455.4409182,352.0,True,aggressive,adaptive,0.0,-0.15,0.0,0.096,-0.022,0.0,0.0943325939999999,-0.02200894,0.0,0.060741458,-0.10228816,0.2121023,0.0003022576,-0.0013153005,-0.0004831963,"[-2.2661045410234704, 5.478177653732714, 0.0, 0.0, 0.0, 0.0, 9.076729322600325, -1.186302258872179]","[-0.0037785163083298035, 8.114596014435229e-05, 0.0]","{""Controller Type"": ""MPC Controller"", ""weight_comfort"": 84.75109942218047, ""weight_trajectory"": 1283343.3570481434, ""weight_goal"": 2346881.887939516, ""Q"": [[1283343.3570481434, 0.0, 0.0, 0.0], [0.0, 0.0, 0.0, 0.0], [0.0, 0.0, 1283343.3570481434, 0.0], [0.0, 0.0, 0.0, 0.0]], ""R"": [[84.75109942218047, 0.0], [0.0, 84.75109942218047]], ""P"": [[2346881.887939516, 0.0, 0.0, 0.0], [0.0, 234688188.7939516, 0.0, 0.0], [0.0, 0.0, 2346881.887939516, 0.0], [0.0, 0.0, 0.0, 234688188.7939516]]}","[0.19886285589762961, -0.11559231569416395, 0.0]",False
3,P16,348eb992-215e-4660-80e3-387165623cf5,32,1,haply,mpc,seeded_random,2704771326,persist_session,10.0,37.599641695022584,974.79812,0,1786086455.451037,353.0,True,aggressive,adaptive,0.0,-0.15,0.0,0.096,-0.022,0.0,0.0943325939999999,-0.02200894,0.0,0.060741458,-0.10228816,0.2121023,0.00021848454,-0.00095075427,-0.00034927452,"[-2.2660970388046735, 5.478175865140179, 0.0, 0.0, 0.0, 0.0, 9.07672931954332, -1.1863022581447737]","[-0.0037785037990851686, 8.114596011702265e-05, 0.0]","{""Controller Type"": ""MPC Controller"", ""weight_comfort"": 84.75109942218047, ""weight_trajectory"": 1283343.3570481434, ""weight_goal"": 2346881.887939516, ""Q"": [[1283343.3570481434, 0.0, 0.0, 0.0], [0.0, 0.0, 0.0, 0.0], [0.0, 0.0, 1283343.3570481434, 0.0], [0.0, 0.0, 0.0, 0.0]], ""R"": [[84.75109942218047, 0.0], [0.0, 84.75109942218047]], ""P"": [[2346881.887939516, 0.0, 0.0, 0.0], [0.0, 234688188.7939516, 0.0, 0.0], [0.0, 0.0, 2346881.887939516, 0.0], [0.0, 0.0, 0.0, 234688188.7939516]]}","[0.19886285589762961, -0.11559231569416395, 0.0]",False
3,P16,348eb992-215e-4660-80e3-387165623cf5,32,1,haply,mpc,seeded_random,2704771326,persist_session,10.0,37.60955442428589,974.808043076,0,1786086455.4608066,354.0,True,aggressive,adaptive,0.0,-0.15,0.0,0.096,-0.022,0.0,0.0943325939999999,-0.02200894,0.0,0.060755443,-0.102339245,0.2120808,0.00024295616,-0.0009971053,-0.00038289977,"[-2.2660895291258965, 5.4781740747691225, 0.0, 0.0, 0.0, 0.0, 9.076729316483256, -1.1863022574166404]","[-0.0037784912774017176, 8.114596008966568e-05, 0.0]","{""Controller Type"": ""MPC Controller"", ""weight_comfort"": 84.75107817378512, ""weight_trajectory"": 1283343.7425767626, ""weight_goal"": 2346881.887939516, ""Q"": [[1283343.7425767626, 0.0, 0.0, 0.0], [0.0, 0.0, 0.0, 0.0], [0.0, 0.0, 1283343.7425767626, 0.0], [0.0, 0.0, 0.0, 0.0]], ""R"": [[84.75107817378512, 0.0], [0.0, 84.75107817378512]], ""P"": [[2346881.887939516, 0.0, 0.0, 0.0], [0.0, 234688188.7939516, 0.0, 0.0], [0.0, 0.0, 2346881.887939516, 0.0], [0.0, 0.0, 0.0, 234688188.7939516]]}","[0.19886285710934318, -0.11559231776603131, 0.0]",False
3,P16,348eb992-215e-4660-80e3-387165623cf5,32,1,haply,mpc,seeded_random,2704771326,persist_session,10.0,37.61978138923645,974.8182506,0,1786086455.4710252,355.0,True,aggressive,adaptive,0.0,-0.15,0.0,0.096,-0.022,0.0,0.094374549,-0.0220519399999999,0.0,0.060769394,-0.10239023,0.2120594,0.0002932772,-0.0011498301,-0.00045731524,"[-2.266082011979771, 5.478172282617787, 0.0, 0.0, 0.0, 0.0, 9.076729313420127, -1.1863022566877781]","[-0.003778478743267165, 8.114596006228131e-05, 0.0]","{""Controller Type"": ""MPC Controller"", ""weight_comfort"": 84.75107817378512, ""weight_trajectory"": 1283343.7425767626, ""weight_goal"": 2346881.887939516, ""Q"": [[1283343.7425767626, 0.0, 0.0, 0.0], [0.0, 0.0, 0.0, 0.0], [0.0, 0.0, 1283343.7425767626, 0.0], [0.0, 0.0, 0.0, 0.0]], ""R"": [[84.75107817378512, 0.0], [0.0, 84.75107817378512]], ""P"": [[2346881.887939516, 0.0, 0.0, 0.0], [0.0, 234688188.7939516, 0.0, 0.0], [0.0, 0.0, 2346881.887939516, 0.0], [0.0, 0.0, 0.0, 234688188.7939516]]}","[0.19886285710934318, -0.11559231776603131, 0.0]",False
3,P16,348eb992-215e-4660-80e3-387165623cf5,32,1,haply,mpc,seeded_random,2704771326,persist_session,10.0,37.62988175392151,974.828356149,0,1786086455.4808714,356.0,True,aggressive,adaptive,0.0,-0.15,0.0,0.096,-0.022,0.0,0.094416402,-0.02209474,0.0,0.0607243,-0.1024134,0.21206114,0.00030134252,-0.0013177079,-0.0005254613,"[-2.265786247947434, 5.478289415056537, 0.0, 0.0, 0.0, 0.0, 9.074871857910424, -1.1852437646628826]","[0.018809508472787673, 0.005458859915534644, 0.0]","{""Controller Type"": ""MPC Controller"", ""weight_comfort"": 84.75107817378512, ""weight_trajectory"": 1283343.7425767626, ""weight_goal"": 2346881.887939516, ""Q"": [[1283343.7425767626, 0.0, 0.0, 0.0], [0.0, 0.0, 0.0, 0.0], [0.0, 0.0, 1283343.7425767626, 0.0], [0.0, 0.0, 0.0, 0.0]], ""R"": [[84.75107817378512, 0.0], [0.0, 84.75107817378512]], ""P"": [[2346881.887939516, 0.0, 0.0, 0.0], [0.0, 234688188.7939516, 0.0, 0.0], [0.0, 0.0, 2346881.887939516, 0.0], [0.0, 0.0, 0.0, 234688188.7939516]]}","[0.10388167554875744, -0.022215562629744882, 0.0]",False
3,P16,348eb992-215e-4660-80e3-387165623cf5,32,1,haply,mpc,seeded_random,2704771326,persist_session,10.0,37.63933910369873,974.837842412,0,1786086455.4910412,357.0,True,aggressive,adaptive,0.0,-0.15,0.0,0.096,-0.022,0.0,0.09428112,-0.02209126,0.0,0.0607243,-0.1024134,0.21206114,0.00029735724,-0.0014701692,-0.00058368465,"[-2.265789642009079, 5.478287696154879, 0.0, 0.0, 0.0, 0.0, 9.074775780980966, -1.1851901745943876]","[0.019698297945236313, 0.0060115881650570704, 0.0]","{""Controller Type"": ""MPC Controller"", ""weight_comfort"": 85.32244497539024, ""weight_trajectory"": 1281780.2290980811, ""weight_goal"": 2343961.470206028, ""Q"": [[1281780.2290980811, 0.0, 0.0, 0.0], [0.0, 0.0, 0.0, 0.0], [0.0, 0.0, 1281780.2290980811, 0.0], [0.0, 0.0, 0.0, 0.0]], ""R"": [[85.32244497539024, 0.0], [0.0, 85.32244497539024]], ""P"": [[2343961.470206028, 0.0, 0.0, 0.0], [0.0, 234396147.0206028, 0.0, 0.0], [0.0, 0.0, 2343961.470206028, 0.0], [0.0, 0.0, 0.0, 234396147.0206028]]}","[0.4463816428705757, -0.11900894160774338, 0.0]",False
3,P16,348eb992-215e-4660-80e3-387165623cf5,32,1,haply,mpc,seeded_random,2704771326,persist_session,10.0,37.64925135612488,974.847746408,0,1786086455.500955,358.0,True,aggressive,adaptive,0.0,-0.15,0.0,0.096,-0.022,0.0,0.09428112,-0.02209126,0.0,0.0607243,-0.1024134,0.21206114,0.00030279483,-0.0016129396,-0.0006393871,"[-2.2754411115600646, 5.483211876138532, 0.0, 0.0, 0.0, 0.0, 9.074794973327982, -1.1851392821201718]","[-0.07685108295919, 0.00042262121484774753, 0.0]","{""Controller Type"": ""MPC Controller"", ""weight_comfort"": 85.32244497539024, ""weight_trajectory"": 1281780.2290980811, ""weight_goal"": 2343961.470206028, ""Q"": [[1281780.2290980811, 0.0, 0.0, 0.0], [0.0, 0.0, 0.0, 0.0], [0.0, 0.0, 1281780.2290980811, 0.0], [0.0, 0.0, 0.0, 0.0]], ""R"": [[85.32244497539024, 0.0], [0.0, 85.32244497539024]], ""P"": [[2343961.470206028, 0.0, 0.0, 0.0], [0.0, 234396147.0206028, 0.0, 0.0], [0.0, 0.0, 2343961.470206028, 0.0], [0.0, 0.0, 0.0, 234396147.0206028]]}","[0.1992635348161603, -0.112652064696721, 0.0]",False
3,P16,348eb992-215e-4660-80e3-387165623cf5,32,1,haply,mpc,seeded_random,2704771326,persist_session,10.0,37.6595415019989,974.858044032,0,1786086455.511047,359.0,True,aggressive,adaptive,0.0,-0.15,0.0,0.096,-0.022,0.0,0.09428112,-0.02209126,0.0,0.0607243,-0.1024134,0.21206114,0.00030453995,-0.0017069334,-0.00067582325,"[-2.272670340487231, 5.482551320707805, 0.0, 0.0, 0.0, 0.0, 9.074781299642822, -1.1851360285522257]","[-0.003906447594856674, 0.0008281645414054287, 0.0]","{""Controller Type"": ""MPC Controller"", ""weight_comfort"": 85.32244497539024, ""weight_trajectory"": 1281780.2290980811, ""weight_goal"": 2343961.470206028, ""Q"": [[1281780.2290980811, 0.0, 0.0, 0.0], [0.0, 0.0, 0.0, 0.0], [0.0, 0.0, 1281780.2290980811, 0.0], [0.0, 0.0, 0.0, 0.0]], ""R"": [[85.32244497539024, 0.0], [0.0, 85.32244497539024]], ""P"": [[2343961.470206028, 0.0, 0.0, 0.0], [0.0, 234396147.0206028, 0.0, 0.0], [0.0, 0.0, 2343961.470206028, 0.0], [0.0, 0.0, 0.0, 234396147.0206028]]}","[0.19926353505720343, -0.11265206491004452, 0.0]",False
3,P16,348eb992-215e-4660-80e3-387165623cf5,32,1,haply,mpc,seeded_random,2704771326,persist_session,10.0,37.66950310707092,974.867971765,0,1786086455.5209532,360.0,True,aggressive,adaptive,0.0,-0.15,0.0,0.096,-0.022,0.0,0.09428112,-0.02209126,0.0,0.0607243,-0.1024134,0.21206114,0.0002425409,-0.0013821593,-0.000546831,"[-2.272662288975349, 5.482549401216891, 0.0, 0.0, 0.0, 0.0, 9.074780978922874, -1.1851359522389182]","[-0.00390643375527393, 0.0008281645121365263, 0.0]","{""Controller Type"": ""MPC Controller"", ""weight_comfort"": 87.6242761708037, ""weight_trajectory"": 1275314.354417199, ""weight_goal"": 2332252.561180992, ""Q"": [[1275314.354417199, 0.0, 0.0, 0.0], [0.0, 0.0, 0.0, 0.0], [0.0, 0.0, 1275314.354417199, 0.0], [0.0, 0.0, 0.0, 0.0]], ""R"": [[87.6242761708037, 0.0], [0.0, 87.6242761708037]], ""P"": [[2332252.561180992, 0.0, 0.0, 0.0], [0.0, 233225256.1180992, 0.0, 0.0], [0.0, 0.0, 2332252.561180992, 0.0], [0.0, 0.0, 0.0, 233225256.1180992]]}","[0.19926353505720343, -0.11265206491004452, 0.0]",False
