schema_version,participant_id,session_id,trial_id,attempt_id,input_source,controller_family,order_strategy,order_seed,estimator_state_policy,max_control_amplitude,timestamp,monotonic_timestamp,missed_cycle_count,cursor_timestamp,cursor_sample_sequence,study_running,study_phase,study_controller_mode,start_x,start_y,start_z,end_x,end_y,end_z,cursor_x,cursor_y,cursor_z,haply_pos_x,haply_pos_y,haply_pos_z,haply_vel_x,haply_vel_y,haply_vel_z,K_h,u_h,K_a,u_a,endpoint_reached
3,P15,0fd6ae2b-97d7-4e48-98bd-b885d903cb74,34,1,haply,mpc,seeded_random,1628080972,persist_session,10.0,41.749232683181766,4566.18094056,0,1786002014.6953816,219.0,True,aggressive,adaptive,-0.08,-0.08,0.0,0.08,-0.08,0.0,-0.0792161129999999,-0.07888788,0.0,-0.0067976117,-0.077537715,0.20164897,1.2365902e-06,2.2981064e-06,-1.0067783e-05,,,"{""Controller Type"": ""MPC Controller"", ""weight_comfort"": 500.0, ""weight_trajectory"": 3000.0, ""weight_goal"": 1000.0, ""Q"": [[3000.0, 0.0, 0.0, 0.0], [0.0, 0.0, 0.0, 0.0], [0.0, 0.0, 3000.0, 0.0], [0.0, 0.0, 0.0, 0.0]], ""R"": [[500.0, 0.0], [0.0, 500.0]], ""P"": [[1000.0, 0.0, 0.0, 0.0], [0.0, 100000.0, 0.0, 0.0], [0.0, 0.0, 1000.0, 0.0], [0.0, 0.0, 0.0, 100000.0]]}","[0.01278577270272037, -0.00011255776241039527, 0.0]",
3,P15,0fd6ae2b-97d7-4e48-98bd-b885d903cb74,34,1,haply,mpc,seeded_random,1628080972,persist_session,10.0,41.75885621070862,4566.190560982,0,1786002014.705603,220.0,True,aggressive,adaptive,-0.08,-0.08,0.0,0.08,-0.08,0.0,-0.0791719191,-0.0788576799999999,0.0,-0.0067534433,-0.077431515,0.20169437,8.84539e-06,2.0782236e-05,9.12608e-07,"[6.383848397256597, 0.9621918664173801, 0.0, 0.0, 0.0, 0.0, 7.5562813774570365, 0.12140405083583651]","[1.0202896589832018, -0.00827298718456697, 0.0]","{""Controller Type"": ""MPC Controller"", ""weight_comfort"": 500.0, ""weight_trajectory"": 3000.0, ""weight_goal"": 1000.0, ""Q"": [[3000.0, 0.0, 0.0, 0.0], [0.0, 0.0, 0.0, 0.0], [0.0, 0.0, 3000.0, 0.0], [0.0, 0.0, 0.0, 0.0]], ""R"": [[500.0, 0.0], [0.0, 500.0]], ""P"": [[1000.0, 0.0, 0.0, 0.0], [0.0, 100000.0, 0.0, 0.0], [0.0, 0.0, 1000.0, 0.0], [0.0, 0.0, 0.0, 100000.0]]}","[0.012822401718631195, -0.00018335924540752367, 0.0]",False
3,P15,0fd6ae2b-97d7-4e48-98bd-b885d903cb74,34,1,haply,mpc,seeded_random,1628080972,persist_session,10.0,41.7687863445282,4566.200497673,0,1786002014.7154531,221.0,True,aggressive,adaptive,-0.08,-0.08,0.0,0.08,-0.08,0.0,-0.0790394139,-0.0787668799999999,0.0,-0.0067387656,-0.07739622,0.2017095,5.716917e-05,0.00013711037,5.2714233e-05,"[6.36778495231179, 0.9648608015978741, 0.0, 0.0, 0.0, 0.0, 7.554250693678732, 0.12245202550870136]","[1.0257080406887729, -0.008186531485599766, 0.0]","{""Controller Type"": ""MPC Controller"", ""weight_comfort"": 598.049397806833, ""weight_trajectory"": 2411.703613159002, ""weight_goal"": 1000.0, ""Q"": [[2411.703613159002, 0.0, 0.0, 0.0], [0.0, 0.0, 0.0, 0.0], [0.0, 0.0, 2411.703613159002, 0.0], [0.0, 0.0, 0.0, 0.0]], ""R"": [[598.049397806833, 0.0], [0.0, 598.049397806833]], ""P"": [[1000.0, 0.0, 0.0, 0.0], [0.0, 100000.0, 0.0, 0.0], [0.0, 0.0, 1000.0, 0.0], [0.0, 0.0, 0.0, 100000.0]]}","[0.011807644374963224, -0.000315063537226993, 0.0]",False
3,P15,0fd6ae2b-97d7-4e48-98bd-b885d903cb74,34,1,haply,mpc,seeded_random,1628080972,persist_session,10.0,41.77896443367005,4566.210669397,0,1786002014.7254696,222.0,True,aggressive,adaptive,-0.08,-0.08,0.0,0.08,-0.08,0.0,-0.0789953808,-0.0787366199999999,0.0,-0.0067093656,-0.07732552,0.2017396,0.00010778232,0.00025891143,0.000106279476,"[6.068182607643523, 1.0163379579619236, 0.0, 0.0, 0.0, 0.0, 7.5555102466533635, 0.12203151864720434]","[0.9692809097226208, -0.009176819288673109, 0.0]","{""Controller Type"": ""MPC Controller"", ""weight_comfort"": 598.049397806833, ""weight_trajectory"": 2411.703613159002, ""weight_goal"": 1000.0, ""Q"": [[2411.703613159002, 0.0, 0.0, 0.0], [0.0, 0.0, 0.0, 0.0], [0.0, 0.0, 2411.703613159002, 0.0], [0.0, 0.0, 0.0, 0.0]], ""R"": [[598.049397806833, 0.0], [0.0, 598.049397806833]], ""P"": [[1000.0, 0.0, 0.0, 0.0], [0.0, 100000.0, 0.0, 0.0], [0.0, 0.0, 1000.0, 0.0], [0.0, 0.0, 0.0, 100000.0]]}","[0.012130706868960874, -0.00018445644702386107, 0.0]",False
3,P15,0fd6ae2b-97d7-4e48-98bd-b885d903cb74,34,1,haply,mpc,seeded_random,1628080972,persist_session,10.0,41.788969907760624,4566.220666077,0,1786002014.7354686,223.0,True,aggressive,adaptive,-0.08,-0.08,0.0,0.08,-0.08,0.0,-0.0789071807999999,-0.07867642,0.0,-0.0066946717,-0.0772902,0.20175464,0.00016197839,0.00038929767,0.0001629566,"[5.987735457836935, 1.0299326156835764, 0.0, 0.0, 0.0, 0.0, 7.554679459919313, 0.12238996679051455]","[0.9605790417171549, -0.009262364064448598, 0.0]","{""Controller Type"": ""MPC Controller"", ""weight_comfort"": 594.6541763883273, ""weight_trajectory"": 2432.0749416700364, ""weight_goal"": 1000.0, ""Q"": [[2432.0749416700364, 0.0, 0.0, 0.0], [0.0, 0.0, 0.0, 0.0], [0.0, 0.0, 2432.0749416700364, 0.0], [0.0, 0.0, 0.0, 0.0]], ""R"": [[594.6541763883273, 0.0], [0.0, 594.6541763883273]], ""P"": [[1000.0, 0.0, 0.0, 0.0], [0.0, 100000.0, 0.0, 0.0], [0.0, 0.0, 1000.0, 0.0], [0.0, 0.0, 0.0, 100000.0]]}","[0.012285762269564226, -0.0002618160057782982, 0.0]",False
3,P15,0fd6ae2b-97d7-4e48-98bd-b885d903cb74,34,1,haply,mpc,seeded_random,1628080972,persist_session,10.0,41.7988647556305,4566.230574559,0,1786002014.745493,224.0,True,aggressive,adaptive,-0.08,-0.08,0.0,0.08,-0.08,0.0,-0.0788630991,-0.0786463399999999,0.0,-0.0066946717,-0.0772902,0.20175464,0.00021095862,0.0005071199,0.00021387757,"[5.779792278415071, 1.0656747484378095, 0.0, 0.0, 0.0, 0.0, 7.555313415019528, 0.12218464528541564]","[0.9228819969983445, -0.009860685415681709, 0.0]","{""Controller Type"": ""MPC Controller"", ""weight_comfort"": 594.6541763883273, ""weight_trajectory"": 2432.0749416700364, ""weight_goal"": 1000.0, ""Q"": [[2432.0749416700364, 0.0, 0.0, 0.0], [0.0, 0.0, 0.0, 0.0], [0.0, 0.0, 2432.0749416700364, 0.0], [0.0, 0.0, 0.0, 0.0]], ""R"": [[594.6541763883273, 0.0], [0.0, 594.6541763883273]], ""P"": [[1000.0, 0.0, 0.0, 0.0], [0.0, 100000.0, 0.0, 0.0], [0.0, 0.0, 1000.0, 0.0], [0.0, 0.0, 0.0, 100000.0]]}","[0.012558006079998041, -0.00019945208415323532, 0.0]",False
3,P15,0fd6ae2b-97d7-4e48-98bd-b885d903cb74,34,1,haply,mpc,seeded_random,1628080972,persist_session,10.0,41.80934945106507,4566.241051451,0,1786002014.7557063,225.0,True,aggressive,adaptive,-0.08,-0.08,0.0,0.08,-0.08,0.0,-0.0788630991,-0.0786463399999999,0.0,-0.0066799526,-0.07725481,0.20176965,0.00078569574,0.0018891,0.0008022123,"[5.582548392595292, 1.1001539712582364, 0.0, 0.0, 0.0, 0.0, 7.555775894854387, 0.12211469562467288]","[0.9228819969983445, -0.009860685415681709, 0.0]","{""Controller Type"": ""MPC Controller"", ""weight_comfort"": 594.6541763883273, ""weight_trajectory"": 2432.0749416700364, ""weight_goal"": 1000.0, ""Q"": [[2432.0749416700364, 0.0, 0.0, 0.0], [0.0, 0.0, 0.0, 0.0], [0.0, 0.0, 2432.0749416700364, 0.0], [0.0, 0.0, 0.0, 0.0]], ""R"": [[594.6541763883273, 0.0], [0.0, 594.6541763883273]], ""P"": [[1000.0, 0.0, 0.0, 0.0], [0.0, 100000.0, 0.0, 0.0], [0.0, 0.0, 1000.0, 0.0], [0.0, 0.0, 0.0, 100000.0]]}","[0.012658457882236808, -0.0001309068553644096, 0.0]",False
3,P15,0fd6ae2b-97d7-4e48-98bd-b885d903cb74,34,1,haply,mpc,seeded_random,1628080972,persist_session,10.0,41.81886664390564,4566.2505771,0,1786002014.7656074,226.0,True,aggressive,adaptive,-0.08,-0.08,0.0,0.08,-0.08,0.0,-0.0788189418,-0.07861632,0.0,-0.0066799526,-0.07725481,0.20176965,0.0011207414,0.0026947372,0.0011452308,"[5.519762719864704, 1.1109387357481961, 0.0, 0.0, 0.0, 0.0, 7.555073057898158, 0.12234128137714763]","[0.8815976266751329, -0.01008285546684239, 0.0]","{""Controller Type"": ""MPC Controller"", ""weight_comfort"": 594.6541763883273, ""weight_trajectory"": 2432.0749416700364, ""weight_goal"": 1000.0, ""Q"": [[2432.0749416700364, 0.0, 0.0, 0.0], [0.0, 0.0, 0.0, 0.0], [0.0, 0.0, 2432.0749416700364, 0.0], [0.0, 0.0, 0.0, 0.0]], ""R"": [[594.6541763883273, 0.0], [0.0, 594.6541763883273]], ""P"": [[1000.0, 0.0, 0.0, 0.0], [0.0, 100000.0, 0.0, 0.0], [0.0, 0.0, 1000.0, 0.0], [0.0, 0.0, 0.0, 100000.0]]}","[0.01268794745982084, -0.0002052538655913196, 0.0]",False
3,P15,0fd6ae2b-97d7-4e48-98bd-b885d903cb74,34,1,haply,mpc,seeded_random,1628080972,persist_session,10.0,41.82956162452698,4566.261273863,0,1786002014.7757795,227.0,True,aggressive,adaptive,-0.08,-0.08,0.0,0.08,-0.08,0.0,-0.0788189418,-0.07861632,0.0,-0.0066799526,-0.07725481,0.20176965,0.0012972454,0.003119156,0.0013260053,"[5.3356306495224395, 1.1431388045473525, 0.0, 0.0, 0.0, 0.0, 7.555553512621225, 0.12226861336723156]","[0.8815976266751329, -0.01008285546684239, 0.0]","{""Controller Type"": ""MPC Controller"", ""weight_comfort"": 590.6615882304694, ""weight_trajectory"": 2456.0304706171833, ""weight_goal"": 1000.0, ""Q"": [[2456.0304706171833, 0.0, 0.0, 0.0], [0.0, 0.0, 0.0, 0.0], [0.0, 0.0, 2456.0304706171833, 0.0], [0.0, 0.0, 0.0, 0.0]], ""R"": [[590.6615882304694, 0.0], [0.0, 590.6615882304694]], ""P"": [[1000.0, 0.0, 0.0, 0.0], [0.0, 100000.0, 0.0, 0.0], [0.0, 0.0, 1000.0, 0.0], [0.0, 0.0, 0.0, 100000.0]]}","[0.012842494695111228, -0.0001360054862732838, 0.0]",False
3,P15,0fd6ae2b-97d7-4e48-98bd-b885d903cb74,34,1,haply,mpc,seeded_random,1628080972,persist_session,10.0,41.83903590202332,4566.270741622,0,1786002014.7855291,228.0,True,aggressive,adaptive,-0.08,-0.08,0.0,0.08,-0.08,0.0,-0.0788189418,-0.07861632,0.0,-0.0066799526,-0.07725481,0.20176965,0.0014182547,0.0034101328,0.0014499421,"[5.219449794874377, 1.1634559144666543, 0.0, 0.0, 0.0, 0.0, 7.55553603170054, 0.12227125732858052]","[0.8289474932001756, -0.010454444096343284, 0.0]","{""Controller Type"": ""MPC Controller"", ""weight_comfort"": 590.6615882304694, ""weight_trajectory"": 2456.0304706171833, ""weight_goal"": 1000.0, ""Q"": [[2456.0304706171833, 0.0, 0.0, 0.0], [0.0, 0.0, 0.0, 0.0], [0.0, 0.0, 2456.0304706171833, 0.0], [0.0, 0.0, 0.0, 0.0]], ""R"": [[590.6615882304694, 0.0], [0.0, 590.6615882304694]], ""P"": [[1000.0, 0.0, 0.0, 0.0], [0.0, 100000.0, 0.0, 0.0], [0.0, 0.0, 1000.0, 0.0], [0.0, 0.0, 0.0, 100000.0]]}","[0.01284249469510977, -0.0001360054862728646, 0.0]",False
3,P15,0fd6ae2b-97d7-4e48-98bd-b885d903cb74,34,1,haply,mpc,seeded_random,1628080972,persist_session,10.0,41.84888831138611,4566.280595942,0,1786002014.7960448,229.0,True,aggressive,adaptive,-0.08,-0.08,0.0,0.08,-0.08,0.0,-0.0788189418,-0.07861632,0.0,-0.0066799526,-0.07725481,0.20176965,0.0012690801,0.003051455,0.0012975223,"[5.108111720118684, 1.1829261439624448, 0.0, 0.0, 0.0, 0.0, 7.555518533362446, 0.12227390392428467]","[0.8112648979854271, -0.010454419884242831, 0.0]","{""Controller Type"": ""MPC Controller"", ""weight_comfort"": 590.6615882304694, ""weight_trajectory"": 2456.0304706171833, ""weight_goal"": 1000.0, ""Q"": [[2456.0304706171833, 0.0, 0.0, 0.0], [0.0, 0.0, 0.0, 0.0], [0.0, 0.0, 2456.0304706171833, 0.0], [0.0, 0.0, 0.0, 0.0]], ""R"": [[590.6615882304694, 0.0], [0.0, 590.6615882304694]], ""P"": [[1000.0, 0.0, 0.0, 0.0], [0.0, 100000.0, 0.0, 0.0], [0.0, 0.0, 1000.0, 0.0], [0.0, 0.0, 0.0, 100000.0]]}","[0.01284249469510977, -0.0001360054862728646, 0.0]",False
3,P15,0fd6ae2b-97d7-4e48-98bd-b885d903cb74,34,1,haply,mpc,seeded_random,1628080972,persist_session,10.0,41.85892024993897,4566.290620734,0,1786002014.8055596,230.0,True,aggressive,adaptive,-0.08,-0.08,0.0,0.08,-0.08,0.0,-0.0788189418,-0.07861632,0.0,-0.0066449326,-0.07725873,0.20176929,0.0009087889,0.002185148,0.0009291562,"[5.00131986623192, 1.2016013537504595, 0.0, 0.0, 0.0, 0.0, 7.555501017589671, 0.12227655315695656]","[0.7943043287582711, -0.010454395648018358, 0.0]","{""Controller Type"": ""MPC Controller"", ""weight_comfort"": 587.1460266137881, ""weight_trajectory"": 2477.123840317271, ""weight_goal"": 1000.0, ""Q"": [[2477.123840317271, 0.0, 0.0, 0.0], [0.0, 0.0, 0.0, 0.0], [0.0, 0.0, 2477.123840317271, 0.0], [0.0, 0.0, 0.0, 0.0]], ""R"": [[587.1460266137881, 0.0], [0.0, 587.1460266137881]], ""P"": [[1000.0, 0.0, 0.0, 0.0], [0.0, 100000.0, 0.0, 0.0], [0.0, 0.0, 1000.0, 0.0], [0.0, 0.0, 0.0, 100000.0]]}","[0.012887974282570968, -0.0001366751966315978, 0.0]",False
3,P15,0fd6ae2b-97d7-4e48-98bd-b885d903cb74,34,1,haply,mpc,seeded_random,1628080972,persist_session,10.0,41.86910787582398,4566.300820714,0,1786002014.8157125,231.0,True,aggressive,adaptive,-0.08,-0.08,0.0,0.08,-0.08,0.0,-0.0787138818,-0.07861704,0.0,-0.0065398286,-0.07727039,0.20176828,0.00069369975,0.0015922134,0.00067815685,"[5.028492593943562, 1.1970645749937188, 0.0, 0.0, 0.0, 0.0, 7.555495241583416, 0.1222773957292959]","[0.8104786444784139, -0.010457619157369171, 0.0]","{""Controller Type"": ""MPC Controller"", ""weight_comfort"": 587.1460266137881, ""weight_trajectory"": 2477.123840317271, ""weight_goal"": 1000.0, ""Q"": [[2477.123840317271, 0.0, 0.0, 0.0], [0.0, 0.0, 0.0, 0.0], [0.0, 0.0, 2477.123840317271, 0.0], [0.0, 0.0, 0.0, 0.0]], ""R"": [[587.1460266137881, 0.0], [0.0, 587.1460266137881]], ""P"": [[1000.0, 0.0, 0.0, 0.0], [0.0, 100000.0, 0.0, 0.0], [0.0, 0.0, 1000.0, 0.0], [0.0, 0.0, 0.0, 100000.0]]}","[0.012887974282570968, -0.0001366751966315978, 0.0]",False
3,P15,0fd6ae2b-97d7-4e48-98bd-b885d903cb74,34,1,haply,mpc,seeded_random,1628080972,persist_session,10.0,41.87875858306885,4566.310460632,0,1786002014.8255427,232.0,True,aggressive,adaptive,-0.08,-0.08,0.0,0.08,-0.08,0.0,-0.0783985697999999,-0.07861906,0.0,-0.0064347256,-0.07728192,0.20176724,0.00059911737,0.0011175555,0.00047993072,"[5.196316178822997, 1.172003659048561, 0.0, 0.0, 0.0, 0.0, 7.555500532856631, 0.12227667919083536]","[0.8606819227215782, -0.010458819350521963, 0.0]","{""Controller Type"": ""MPC Controller"", ""weight_comfort"": 587.1460266137881, ""weight_trajectory"": 2477.123840317271, ""weight_goal"": 1000.0, ""Q"": [[2477.123840317271, 0.0, 0.0, 0.0], [0.0, 0.0, 0.0, 0.0], [0.0, 0.0, 2477.123840317271, 0.0], [0.0, 0.0, 0.0, 0.0]], ""R"": [[587.1460266137881, 0.0], [0.0, 587.1460266137881]], ""P"": [[1000.0, 0.0, 0.0, 0.0], [0.0, 100000.0, 0.0, 0.0], [0.0, 0.0, 1000.0, 0.0], [0.0, 0.0, 0.0, 100000.0]]}","[0.013406578069514691, -0.000145734431064479, 0.0]",False
3,P15,0fd6ae2b-97d7-4e48-98bd-b885d903cb74,34,1,haply,mpc,seeded_random,1628080972,persist_session,10.0,41.88885084152222,4566.320564402,0,1786002014.8355527,233.0,True,aggressive,adaptive,-0.08,-0.08,0.0,0.08,-0.08,0.0,-0.0780832608,-0.07862114,0.0,-0.0062595173,-0.07730086,0.20176548,0.0006181396,0.0007865213,0.00034453685,"[5.086651278895008, 1.188427459169724, 0.0, 0.0, 0.0, 0.0, 7.555483819449959, 0.12227893905403892]","[0.8415491582180161, -0.010443363019735339, 0.0]","{""Controller Type"": ""MPC Controller"", ""weight_comfort"": 587.8729433081609, ""weight_trajectory"": 2472.762340151035, ""weight_goal"": 1000.0, ""Q"": [[2472.762340151035, 0.0, 0.0, 0.0], [0.0, 0.0, 0.0, 0.0], [0.0, 0.0, 2472.762340151035, 0.0], [0.0, 0.0, 0.0, 0.0]], ""R"": [[587.8729433081609, 0.0], [0.0, 587.8729433081609]], ""P"": [[1000.0, 0.0, 0.0, 0.0], [0.0, 100000.0, 0.0, 0.0], [0.0, 0.0, 1000.0, 0.0], [0.0, 0.0, 0.0, 100000.0]]}","[0.014443963893064942, -0.00015681534974702993, 0.0]",False
3,P15,0fd6ae2b-97d7-4e48-98bd-b885d903cb74,34,1,haply,mpc,seeded_random,1628080972,persist_session,10.0,41.898869905471805,4566.330573294,0,1786002014.8456,234.0,True,aggressive,adaptive,-0.08,-0.08,0.0,0.08,-0.08,0.0,-0.0775576358999999,-0.07862466,0.0,-0.0061193225,-0.07731574,0.20176408,0.000713614,0.0005322269,0.00024310332,"[5.225047708605585, 1.1702709819618464, 0.0, 0.0, 0.0, 0.0, 7.555489854763863, 0.12227819249488828]","[0.8844695630514632, -0.01043420714846273, 0.0]","{""Controller Type"": ""MPC Controller"", ""weight_comfort"": 587.8729433081609, ""weight_trajectory"": 2472.762340151035, ""weight_goal"": 1000.0, ""Q"": [[2472.762340151035, 0.0, 0.0, 0.0], [0.0, 0.0, 0.0, 0.0], [0.0, 0.0, 2472.762340151035, 0.0], [0.0, 0.0, 0.0, 0.0]], ""R"": [[587.8729433081609, 0.0], [0.0, 587.8729433081609]], ""P"": [[1000.0, 0.0, 0.0, 0.0], [0.0, 100000.0, 0.0, 0.0], [0.0, 0.0, 1000.0, 0.0], [0.0, 0.0, 0.0, 100000.0]]}","[0.01568931662539626, -0.00017311772544584153, 0.0]",False
3,P15,0fd6ae2b-97d7-4e48-98bd-b885d903cb74,34,1,haply,mpc,seeded_random,1628080972,persist_session,10.0,41.90882531166077,4566.340538083,0,1786002014.8554304,235.0,True,aggressive,adaptive,-0.08,-0.08,0.0,0.08,-0.08,0.0,-0.0771370515,-0.0786274599999999,0.0,-0.006025747,-0.07735483,0.20179085,0.0038076022,3.8368384e-05,0.00014202252,"[5.015846197418253, 1.1995200448269878, 0.0, 0.0, 0.0, 0.0, 7.555462238456753, 0.12228175418002359]","[0.8394952261752667, -0.010405003476770326, 0.0]","{""Controller Type"": ""MPC Controller"", ""weight_comfort"": 587.8729433081609, ""weight_trajectory"": 2472.762340151035, ""weight_goal"": 1000.0, ""Q"": [[2472.762340151035, 0.0, 0.0, 0.0], [0.0, 0.0, 0.0, 0.0], [0.0, 0.0, 2472.762340151035, 0.0], [0.0, 0.0, 0.0, 0.0]], ""R"": [[587.8729433081609, 0.0], [0.0, 587.8729433081609]], ""P"": [[1000.0, 0.0, 0.0, 0.0], [0.0, 100000.0, 0.0, 0.0], [0.0, 0.0, 1000.0, 0.0], [0.0, 0.0, 0.0, 100000.0]]}","[0.017649330604239587, -0.0001935137643822615, 0.0]",False
3,P15,0fd6ae2b-97d7-4e48-98bd-b885d903cb74,34,1,haply,mpc,seeded_random,1628080972,persist_session,10.0,41.91897574424744,4566.350682839,0,1786002014.8655057,236.0,True,aggressive,adaptive,-0.08,-0.08,0.0,0.08,-0.08,0.0,-0.0768563249999999,-0.07857392,0.0,-0.0059205373,-0.07736573,0.2017898,0.006398351,-0.0003533063,6.4083826e-05,"[4.754527877164647, 1.2395824240914795, 0.0, 0.0, 0.0, 0.0, 7.553925286278543, 0.12289509808231107]","[0.7803167720943528, -0.010119425517948486, 0.0]","{""Controller Type"": ""MPC Controller"", ""weight_comfort"": 586.3540024750205, ""weight_trajectory"": 2481.875985149877, ""weight_goal"": 1000.0, ""Q"": [[2481.875985149877, 0.0, 0.0, 0.0], [0.0, 0.0, 0.0, 0.0], [0.0, 0.0, 2481.875985149877, 0.0], [0.0, 0.0, 0.0, 0.0]], ""R"": [[586.3540024750205, 0.0], [0.0, 586.3540024750205]], ""P"": [[1000.0, 0.0, 0.0, 0.0], [0.0, 100000.0, 0.0, 0.0], [0.0, 0.0, 1000.0, 0.0], [0.0, 0.0, 0.0, 100000.0]]}","[0.01943810926288315, -0.00042495462756547773, 0.0]",False
3,P15,0fd6ae2b-97d7-4e48-98bd-b885d903cb74,34,1,haply,mpc,seeded_random,1628080972,persist_session,10.0,41.928801450729374,4566.360516148,0,1786002014.8755383,237.0,True,aggressive,adaptive,-0.08,-0.08,0.0,0.08,-0.08,0.0,-0.0765406959,-0.07857602,0.0,-0.0057659266,-0.07734466,0.20180337,0.008099938,-0.0006109732,1.0603472e-05,"[4.707345384680424, 1.2466582559969912, 0.0, 0.0, 0.0, 0.0, 7.554841627567131, 0.12277082878250523]","[0.7761102841364462, -0.010783640730560729, 0.0]","{""Controller Type"": ""MPC Controller"", ""weight_comfort"": 586.3540024750205, ""weight_trajectory"": 2481.875985149877, ""weight_goal"": 1000.0, ""Q"": [[2481.875985149877, 0.0, 0.0, 0.0], [0.0, 0.0, 0.0, 0.0], [0.0, 0.0, 2481.875985149877, 0.0], [0.0, 0.0, 0.0, 0.0]], ""R"": [[586.3540024750205, 0.0], [0.0, 586.3540024750205]], ""P"": [[1000.0, 0.0, 0.0, 0.0], [0.0, 100000.0, 0.0, 0.0], [0.0, 0.0, 1000.0, 0.0], [0.0, 0.0, 0.0, 100000.0]]}","[0.020789150679586758, -0.00023586305449613162, 0.0]",False
3,P15,0fd6ae2b-97d7-4e48-98bd-b885d903cb74,34,1,haply,mpc,seeded_random,1628080972,persist_session,10.0,41.93906370162964,4566.370764862,0,1786002014.8855147,238.0,True,aggressive,adaptive,-0.08,-0.08,0.0,0.08,-0.08,0.0,-0.0760768637999999,-0.0785488799999999,0.0,-0.005562065,-0.07729122,0.20183149,0.009455518,-0.0006438073,3.5381538e-05,"[4.7838449887767895, 1.2362903724283107, 0.0, 0.0, 0.0, 0.0, 7.554149845388668, 0.1229805258711559]","[0.8041263633677682, -0.010627418782726763, 0.0]","{""Controller Type"": ""MPC Controller"", ""weight_comfort"": 586.3540024750205, ""weight_trajectory"": 2481.875985149877, ""weight_goal"": 1000.0, ""Q"": [[2481.875985149877, 0.0, 0.0, 0.0], [0.0, 0.0, 0.0, 0.0], [0.0, 0.0, 2481.875985149877, 0.0], [0.0, 0.0, 0.0, 0.0]], ""R"": [[586.3540024750205, 0.0], [0.0, 586.3540024750205]], ""P"": [[1000.0, 0.0, 0.0, 0.0], [0.0, 100000.0, 0.0, 0.0], [0.0, 0.0, 1000.0, 0.0], [0.0, 0.0, 0.0, 100000.0]]}","[0.022503119032994054, -0.000400979678246407, 0.0]",False
3,P15,0fd6ae2b-97d7-4e48-98bd-b885d903cb74,34,1,haply,mpc,seeded_random,1628080972,persist_session,10.0,41.94884267807007,4566.380561539,0,1786002014.895446,239.0,True,aggressive,adaptive,-0.08,-0.08,0.0,0.08,-0.08,0.0,-0.075465279,-0.07849264,0.0,-0.0052110925,-0.077141136,0.20190322,0.010816264,-0.00048097185,0.00013546353,"[4.856030122420802, 1.2276210334899138, 0.0, 0.0, 0.0, 0.0, 7.553263285909228, 0.12333546703251097]","[0.8305426807462715, -0.010687051840697855, 0.0]","{""Controller Type"": ""MPC Controller"", ""weight_comfort"": 584.3793358664441, ""weight_trajectory"": 2493.723984801335, ""weight_goal"": 1000.0, ""Q"": [[2493.723984801335, 0.0, 0.0, 0.0], [0.0, 0.0, 0.0, 0.0], [0.0, 0.0, 2493.723984801335, 0.0], [0.0, 0.0, 0.0, 0.0]], ""R"": [[584.3793358664441, 0.0], [0.0, 584.3793358664441]], ""P"": [[1000.0, 0.0, 0.0, 0.0], [0.0, 100000.0, 0.0, 0.0], [0.0, 0.0, 1000.0, 0.0], [0.0, 0.0, 0.0, 100000.0]]}","[0.025235129453390404, -0.0006321585571119227, 0.0]",False
3,P15,0fd6ae2b-97d7-4e48-98bd-b885d903cb74,34,1,haply,mpc,seeded_random,1628080972,persist_session,10.0,41.958823595047,4566.39053459,0,1786002014.9053693,240.0,True,aggressive,adaptive,-0.08,-0.08,0.0,0.08,-0.08,0.0,-0.0744123615,-0.07834918,0.0,-0.0046936837,-0.07693164,0.20200257,0.013191014,-0.0001527255,0.00032152206,"[5.200368416666255, 1.2035300016192132, 0.0, 0.0, 0.0, 0.0, 7.549054234249851, 0.12562101014460633]","[0.9307034501349726, -0.010646026601805083, 0.0]","{""Controller Type"": ""MPC Controller"", ""weight_comfort"": 584.3793358664441, ""weight_trajectory"": 2493.723984801335, ""weight_goal"": 1000.0, ""Q"": [[2493.723984801335, 0.0, 0.0, 0.0], [0.0, 0.0, 0.0, 0.0], [0.0, 0.0, 2493.723984801335, 0.0], [0.0, 0.0, 0.0, 0.0]], ""R"": [[584.3793358664441, 0.0], [0.0, 584.3793358664441]], ""P"": [[1000.0, 0.0, 0.0, 0.0], [0.0, 100000.0, 0.0, 0.0], [0.0, 0.0, 1000.0, 0.0], [0.0, 0.0, 0.0, 100000.0]]}","[0.0292776384046378, -0.0014484596650165508, 0.0]",False
3,P15,0fd6ae2b-97d7-4e48-98bd-b885d903cb74,34,1,haply,mpc,seeded_random,1628080972,persist_session,10.0,41.968773756027225,4566.400473629,0,1786002014.9153712,241.0,True,aggressive,adaptive,-0.08,-0.08,0.0,0.08,-0.08,0.0,-0.0728601351,-0.07815048,0.0,-0.004012148,-0.07666052,0.20212874,0.0174886,0.0003216899,0.0005950615,"[5.541955987018914, 1.2018946143854756, 0.0, 0.0, 0.0, 0.0, 7.545772630049578, 0.12751391063513673]","[1.0336699968419456, -0.011422836748035264, 0.0]","{""Controller Type"": ""MPC Controller"", ""weight_comfort"": 584.3793358664441, ""weight_trajectory"": 2493.723984801335, ""weight_goal"": 1000.0, ""Q"": [[2493.723984801335, 0.0, 0.0, 0.0], [0.0, 0.0, 0.0, 0.0], [0.0, 0.0, 2493.723984801335, 0.0], [0.0, 0.0, 0.0, 0.0]], ""R"": [[584.3793358664441, 0.0], [0.0, 584.3793358664441]], ""P"": [[1000.0, 0.0, 0.0, 0.0], [0.0, 100000.0, 0.0, 0.0], [0.0, 0.0, 1000.0, 0.0], [0.0, 0.0, 0.0, 100000.0]]}","[0.03718688445664116, -0.0027158643346570496, 0.0]",False
3,P15,0fd6ae2b-97d7-4e48-98bd-b885d903cb74,34,1,haply,mpc,seeded_random,1628080972,persist_session,10.0,41.978852663040165,4566.410561538,0,1786002014.9254923,242.0,True,aggressive,adaptive,-0.08,-0.08,0.0,0.08,-0.08,0.0,-0.0708155279999999,-0.07789814,0.0,-0.0030520295,-0.07629652,0.202294,0.025606263,0.0050348127,0.0026112106,"[5.820860534006864, 1.2216283911544217, 0.0, 0.0, 0.0, 0.0, 7.542080201082002, 0.1297024664412964]","[1.1246624063033206, -0.012618647650578813, 0.0]","{""Controller Type"": ""MPC Controller"", ""weight_comfort"": 590.18151347789, ""weight_trajectory"": 2458.9109191326597, ""weight_goal"": 1000.0, ""Q"": [[2458.9109191326597, 0.0, 0.0, 0.0], [0.0, 0.0, 0.0, 0.0], [0.0, 0.0, 2458.9109191326597, 0.0], [0.0, 0.0, 0.0, 0.0]], ""R"": [[590.18151347789, 0.0], [0.0, 590.18151347789]], ""P"": [[1000.0, 0.0, 0.0, 0.0], [0.0, 100000.0, 0.0, 0.0], [0.0, 0.0, 1000.0, 0.0], [0.0, 0.0, 0.0, 100000.0]]}","[0.05165705492214946, -0.005382815411973287, 0.0]",False
3,P15,0fd6ae2b-97d7-4e48-98bd-b885d903cb74,34,1,haply,mpc,seeded_random,1628080972,persist_session,10.0,41.988915596008304,4566.420620575,0,1786002014.9353008,243.0,True,aggressive,adaptive,-0.08,-0.08,0.0,0.08,-0.08,0.0,-0.0679351725,-0.07756762,0.0,-0.0017854307,-0.075833976,0.20249602,0.037242662,0.011256868,0.0051764846,"[6.340364193302176, 1.3599874956179618, 0.0, 0.0, 0.0, 0.0, 7.533702071585303, 0.1348689933608107]","[1.3373339621116842, -0.01378012355506799, 0.0]","{""Controller Type"": ""MPC Controller"", ""weight_comfort"": 590.18151347789, ""weight_trajectory"": 2458.9109191326597, ""weight_goal"": 1000.0, ""Q"": [[2458.9109191326597, 0.0, 0.0, 0.0], [0.0, 0.0, 0.0, 0.0], [0.0, 0.0, 2458.9109191326597, 0.0], [0.0, 0.0, 0.0, 0.0]], ""R"": [[590.18151347789, 0.0], [0.0, 590.18151347789]], ""P"": [[1000.0, 0.0, 0.0, 0.0], [0.0, 100000.0, 0.0, 0.0], [0.0, 0.0, 1000.0, 0.0], [0.0, 0.0, 0.0, 100000.0]]}","[0.07009979357975955, -0.01382570384089883, 0.0]",False
3,P15,0fd6ae2b-97d7-4e48-98bd-b885d903cb74,34,1,haply,mpc,seeded_random,1628080972,persist_session,10.0,41.99881735801697,4566.43052867,0,1786002014.945463,244.0,True,aggressive,adaptive,-0.08,-0.08,0.0,0.08,-0.08,0.0,-0.0641353761,-0.07716358,0.0,-0.00026778074,-0.07529511,0.20271873,0.052040856,0.018216927,0.007875293,"[6.664572375632835, 1.534750778028697, 0.0, 0.0, 0.0, 0.0, 7.527050663038636, 0.13898244988588318]","[1.5344713830088743, -0.015824012739231837, 0.0]","{""Controller Type"": ""MPC Controller"", ""weight_comfort"": 596.3947734225485, ""weight_trajectory"": 2421.6313594647086, ""weight_goal"": 1000.0, ""Q"": [[2421.6313594647086, 0.0, 0.0, 0.0], [0.0, 0.0, 0.0, 0.0], [0.0, 0.0, 2421.6313594647086, 0.0], [0.0, 0.0, 0.0, 0.0]], ""R"": [[596.3947734225485, 0.0], [0.0, 596.3947734225485]], ""P"": [[1000.0, 0.0, 0.0, 0.0], [0.0, 100000.0, 0.0, 0.0], [0.0, 0.0, 1000.0, 0.0], [0.0, 0.0, 0.0, 100000.0]]}","[0.09711178588408671, -0.03878934923310981, 0.0]",False
3,P15,0fd6ae2b-97d7-4e48-98bd-b885d903cb74,34,1,haply,mpc,seeded_random,1628080972,persist_session,10.0,42.0088838672638,4566.440587484,0,1786002014.9554398,245.0,True,aggressive,adaptive,-0.08,-0.08,0.0,0.08,-0.08,0.0,-0.05958242622,-0.0767181599999999,0.0,0.001594517,-0.07466946,0.2029586,0.069808856,0.025924575,0.01058227,"[6.898960984144053, 1.7796578862610513, 0.0, 0.0, 0.0, 0.0, 7.520789832070044, 0.1428261020409872]","[1.7751220261536393, -0.018305515876253384, 0.0]","{""Controller Type"": ""MPC Controller"", ""weight_comfort"": 596.3947734225485, ""weight_trajectory"": 2421.6313594647086, ""weight_goal"": 1000.0, ""Q"": [[2421.6313594647086, 0.0, 0.0, 0.0], [0.0, 0.0, 0.0, 0.0], [0.0, 0.0, 2421.6313594647086, 0.0], [0.0, 0.0, 0.0, 0.0]], ""R"": [[596.3947734225485, 0.0], [0.0, 596.3947734225485]], ""P"": [[1000.0, 0.0, 0.0, 0.0], [0.0, 100000.0, 0.0, 0.0], [0.0, 0.0, 1000.0, 0.0], [0.0, 0.0, 0.0, 100000.0]]}","[0.057972871845118124, -0.11225413656689122, 0.0]",False
3,P15,0fd6ae2b-97d7-4e48-98bd-b885d903cb74,34,1,haply,mpc,seeded_random,1628080972,persist_session,10.0,42.018817577362064,4566.450537027,0,1786002014.9653618,246.0,True,aggressive,adaptive,-0.08,-0.08,0.0,0.08,-0.08,0.0,-0.053995533,-0.07623842,0.0,0.0038098511,-0.07386491,0.20323983,0.091411136,0.035087083,0.0133733405,"[7.047400772510775, 2.21394035842421, 0.0, 0.0, 0.0, 0.0, 7.515418046703849, 0.14607736678992608]","[2.190945296976789, -0.021206858805228327, 0.0]","{""Controller Type"": ""MPC Controller"", ""weight_comfort"": 596.3947734225485, ""weight_trajectory"": 2421.6313594647086, ""weight_goal"": 1000.0, ""Q"": [[2421.6313594647086, 0.0, 0.0, 0.0], [0.0, 0.0, 0.0, 0.0], [0.0, 0.0, 2421.6313594647086, 0.0], [0.0, 0.0, 0.0, 0.0]], ""R"": [[596.3947734225485, 0.0], [0.0, 596.3947734225485]], ""P"": [[1000.0, 0.0, 0.0, 0.0], [0.0, 100000.0, 0.0, 0.0], [0.0, 0.0, 1000.0, 0.0], [0.0, 0.0, 0.0, 100000.0]]}","[-0.4362466716535993, -0.2920413718324713, 0.0]",False
3,P15,0fd6ae2b-97d7-4e48-98bd-b885d903cb74,34,1,haply,mpc,seeded_random,1628080972,persist_session,10.0,42.02891889572144,4566.460630835,0,1786002014.9754477,247.0,True,aggressive,adaptive,-0.08,-0.08,0.0,0.08,-0.08,0.0,-0.0473495306999999,-0.0756759599999999,0.0,0.0062450524,-0.07302705,0.20353396,0.11444171,0.045201648,0.015932504,"[7.043258204287946, 2.6368927212171807, 0.0, 0.0, 0.0, 0.0, 7.503506919681851, 0.15329272013864784]","[2.6345231314756687, -0.02389672796185141, 0.0]","{""Controller Type"": ""MPC Controller"", ""weight_comfort"": 592.3596257816386, ""weight_trajectory"": 2445.842245310169, ""weight_goal"": 1000.0, ""Q"": [[2445.842245310169, 0.0, 0.0, 0.0], [0.0, 0.0, 0.0, 0.0], [0.0, 0.0, 2445.842245310169, 0.0], [0.0, 0.0, 0.0, 0.0]], ""R"": [[592.3596257816386, 0.0], [0.0, 592.3596257816386]], ""P"": [[1000.0, 0.0, 0.0, 0.0], [0.0, 100000.0, 0.0, 0.0], [0.0, 0.0, 1000.0, 0.0], [0.0, 0.0, 0.0, 100000.0]]}","[-1.5780411984361296, -0.5434596895791285, 0.0]",False
3,P15,0fd6ae2b-97d7-4e48-98bd-b885d903cb74,34,1,haply,mpc,seeded_random,1628080972,persist_session,10.0,42.038921747207645,4566.470635052,0,1786002014.9858236,248.0,True,aggressive,adaptive,-0.08,-0.08,0.0,0.08,-0.08,0.0,-0.0400439268,-0.0750876999999999,0.0,0.00880876,-0.07207868,0.20382728,0.13840015,0.0563045,0.01821758,"[7.024834307465003, 2.740155293310178, 0.0, 0.0, 0.0, 0.0, 7.501558410651162, 0.15443907950460076]","[2.7726000307427854, -0.028094070943069857, 0.0]","{""Controller Type"": ""MPC Controller"", ""weight_comfort"": 592.3596257816386, ""weight_trajectory"": 2445.842245310169, ""weight_goal"": 1000.0, ""Q"": [[2445.842245310169, 0.0, 0.0, 0.0], [0.0, 0.0, 0.0, 0.0], [0.0, 0.0, 2445.842245310169, 0.0], [0.0, 0.0, 0.0, 0.0]], ""R"": [[592.3596257816386, 0.0], [0.0, 592.3596257816386]], ""P"": [[1000.0, 0.0, 0.0, 0.0], [0.0, 100000.0, 0.0, 0.0], [0.0, 0.0, 1000.0, 0.0], [0.0, 0.0, 0.0, 100000.0]]}","[-2.4020550322944407, -0.6534539477255326, 0.0]",False
3,P15,0fd6ae2b-97d7-4e48-98bd-b885d903cb74,34,1,haply,mpc,seeded_random,1628080972,persist_session,10.0,42.04881945610047,4566.480527953,0,1786002014.9958675,249.0,True,aggressive,adaptive,-0.08,-0.08,0.0,0.08,-0.08,0.0,-0.0323528039999999,-0.07450106,0.0,0.011568452,-0.07124808,0.20413545,0.16250914,0.06724249,0.019830588,"[6.948385310939679, 2.9584770553604978, 0.0, 0.0, 0.0, 0.0, 7.497985681834956, 0.15649312549356467]","[3.0460816192660864, -0.03209076706211426, 0.0]","{""Controller Type"": ""MPC Controller"", ""weight_comfort"": 592.3596257816386, ""weight_trajectory"": 2445.842245310169, ""weight_goal"": 1000.0, ""Q"": [[2445.842245310169, 0.0, 0.0, 0.0], [0.0, 0.0, 0.0, 0.0], [0.0, 0.0, 2445.842245310169, 0.0], [0.0, 0.0, 0.0, 0.0]], ""R"": [[592.3596257816386, 0.0], [0.0, 592.3596257816386]], ""P"": [[1000.0, 0.0, 0.0, 0.0], [0.0, 100000.0, 0.0, 0.0], [0.0, 0.0, 1000.0, 0.0], [0.0, 0.0, 0.0, 100000.0]]}","[-3.22925035738609, -0.7066369206090996, 0.0]",False
3,P15,0fd6ae2b-97d7-4e48-98bd-b885d903cb74,34,1,haply,mpc,seeded_random,1628080972,persist_session,10.0,42.05885973930359,4566.490571407,0,1786002015.0059,250.0,True,aggressive,adaptive,-0.08,-0.08,0.0,0.08,-0.08,0.0,-0.0240737279999999,-0.07388472,0.0,0.014183189,-0.070530504,0.2044413,0.18399462,0.077039964,0.020708421,"[6.8512580917665815, 3.1539770286849924, 0.0, 0.0, 0.0, 0.0, 7.491574357919391, 0.1601205772766286]","[3.3158624161566097, -0.03597585636940133, 0.0]","{""Controller Type"": ""MPC Controller"", ""weight_comfort"": 587.6866577368751, ""weight_trajectory"": 2473.8800535787495, ""weight_goal"": 1000.0, ""Q"": [[2473.8800535787495, 0.0, 0.0, 0.0], [0.0, 0.0, 0.0, 0.0], [0.0, 0.0, 2473.8800535787495, 0.0], [0.0, 0.0, 0.0, 0.0]], ""R"": [[587.6866577368751, 0.0], [0.0, 587.6866577368751]], ""P"": [[1000.0, 0.0, 0.0, 0.0], [0.0, 100000.0, 0.0, 0.0], [0.0, 0.0, 1000.0, 0.0], [0.0, 0.0, 0.0, 100000.0]]}","[-4.012714382398181, -0.7590192578345921, 0.0]",False
3,P15,0fd6ae2b-97d7-4e48-98bd-b885d903cb74,34,1,haply,mpc,seeded_random,1628080972,persist_session,10.0,42.06902876853943,4566.50073623,0,1786002015.015574,251.0,True,aggressive,adaptive,-0.08,-0.08,0.0,0.08,-0.08,0.0,-0.0162295169999999,-0.07327302,0.0,0.016956564,-0.06991066,0.20476887,0.20435748,0.086045794,0.02089566,"[7.024020632910064, 2.840132177934548, 0.0, 0.0, 0.0, 0.0, 7.48704869214693, 0.16263106382869377]","[2.9788362077750703, -0.040081923253660716, 0.0]","{""Controller Type"": ""MPC Controller"", ""weight_comfort"": 587.6866577368751, ""weight_trajectory"": 2473.8800535787495, ""weight_goal"": 1000.0, ""Q"": [[2473.8800535787495, 0.0, 0.0, 0.0], [0.0, 0.0, 0.0, 0.0], [0.0, 0.0, 2473.8800535787495, 0.0], [0.0, 0.0, 0.0, 0.0]], ""R"": [[587.6866577368751, 0.0], [0.0, 587.6866577368751]], ""P"": [[1000.0, 0.0, 0.0, 0.0], [0.0, 100000.0, 0.0, 0.0], [0.0, 0.0, 1000.0, 0.0], [0.0, 0.0, 0.0, 100000.0]]}","[-4.132531622718118, -0.8003909414623264, 0.0]",False
3,P15,0fd6ae2b-97d7-4e48-98bd-b885d903cb74,34,1,haply,mpc,seeded_random,1628080972,persist_session,10.0,42.07885137557984,4566.510563237,0,1786002015.0254118,252.0,True,aggressive,adaptive,-0.08,-0.08,0.0,0.08,-0.08,0.0,-0.0079093919999999,-0.07261788,0.0,0.019842954,-0.069345824,0.20513389,0.22202118,0.08998318,0.022854606,"[7.000671897124599, 2.8755758167148975, 0.0, 0.0, 0.0, 0.0, 7.478751833471747, 0.16717619517691673]","[3.0473699754897696, -0.04407616015363295, 0.0]","{""Controller Type"": ""MPC Controller"", ""weight_comfort"": 587.6866577368751, ""weight_trajectory"": 2473.8800535787495, ""weight_goal"": 1000.0, ""Q"": [[2473.8800535787495, 0.0, 0.0, 0.0], [0.0, 0.0, 0.0, 0.0], [0.0, 0.0, 2473.8800535787495, 0.0], [0.0, 0.0, 0.0, 0.0]], ""R"": [[587.6866577368751, 0.0], [0.0, 587.6866577368751]], ""P"": [[1000.0, 0.0, 0.0, 0.0], [0.0, 100000.0, 0.0, 0.0], [0.0, 0.0, 1000.0, 0.0], [0.0, 0.0, 0.0, 100000.0]]}","[-4.689936258318862, -0.8539864611918317, 0.0]",False
3,P15,0fd6ae2b-97d7-4e48-98bd-b885d903cb74,34,1,haply,mpc,seeded_random,1628080972,persist_session,10.0,42.08879343032837,4566.520502181,0,1786002015.0355184,253.0,True,aggressive,adaptive,-0.08,-0.08,0.0,0.08,-0.08,0.0,0.000749778,-0.0718878399999999,0.0,0.022543823,-0.0687962,0.20543665,0.23474813,0.089555636,0.02504916,"[7.09508034874871, 2.748705883566652, 0.0, 0.0, 0.0, 0.0, 7.46453948229155, 0.17493071087933165]","[2.9173415405575702, -0.047917550586638456, 0.0]","{""Controller Type"": ""MPC Controller"", ""weight_comfort"": 591.6553291661261, ""weight_trajectory"": 2450.0680250032437, ""weight_goal"": 1000.0, ""Q"": [[2450.0680250032437, 0.0, 0.0, 0.0], [0.0, 0.0, 0.0, 0.0], [0.0, 0.0, 2450.0680250032437, 0.0], [0.0, 0.0, 0.0, 0.0]], ""R"": [[591.6553291661261, 0.0], [0.0, 591.6553291661261]], ""P"": [[1000.0, 0.0, 0.0, 0.0], [0.0, 100000.0, 0.0, 0.0], [0.0, 0.0, 1000.0, 0.0], [0.0, 0.0, 0.0, 100000.0]]}","[-5.050186857180019, -0.9302049873306633, 0.0]",False
3,P15,0fd6ae2b-97d7-4e48-98bd-b885d903cb74,34,1,haply,mpc,seeded_random,1628080972,persist_session,10.0,42.098813209533695,4566.530525842,0,1786002015.0454452,254.0,True,aggressive,adaptive,-0.08,-0.08,0.0,0.08,-0.08,0.0,0.008852385,-0.07128232,0.0,0.025094537,-0.06842292,0.20573795,0.24359769,0.08748802,0.026802985,"[7.419580648818143, 2.335344620895257, 0.0, 0.0, 0.0, 0.0, 7.488342921201234, 0.16292653519720787]","[2.434077530837402, -0.055342697534437005, 0.0]","{""Controller Type"": ""MPC Controller"", ""weight_comfort"": 591.6553291661261, ""weight_trajectory"": 2450.0680250032437, ""weight_goal"": 1000.0, ""Q"": [[2450.0680250032437, 0.0, 0.0, 0.0], [0.0, 0.0, 0.0, 0.0], [0.0, 0.0, 2450.0680250032437, 0.0], [0.0, 0.0, 0.0, 0.0]], ""R"": [[591.6553291661261, 0.0], [0.0, 591.6553291661261]], ""P"": [[1000.0, 0.0, 0.0, 0.0], [0.0, 100000.0, 0.0, 0.0], [0.0, 0.0, 1000.0, 0.0], [0.0, 0.0, 0.0, 100000.0]]}","[-4.934638755715371, -0.8516473562235891, 0.0]",False
3,P15,0fd6ae2b-97d7-4e48-98bd-b885d903cb74,34,1,haply,mpc,seeded_random,1628080972,persist_session,10.0,42.10883227348328,4566.540546697,0,1786002015.0554934,255.0,True,aggressive,adaptive,-0.08,-0.08,0.0,0.08,-0.08,0.0,0.016504527,-0.07067972,0.0,0.027518434,-0.06808571,0.20612639,0.2492617,0.084053166,0.028540734,"[7.762095534284502, 1.915109075876882, 0.0, 0.0, 0.0, 0.0, 7.489299084922007, 0.16245819974554704]","[1.9513040206789622, -0.060059546019513944, 0.0]","{""Controller Type"": ""MPC Controller"", ""weight_comfort"": 591.6553291661261, ""weight_trajectory"": 2450.0680250032437, ""weight_goal"": 1000.0, ""Q"": [[2450.0680250032437, 0.0, 0.0, 0.0], [0.0, 0.0, 0.0, 0.0], [0.0, 0.0, 2450.0680250032437, 0.0], [0.0, 0.0, 0.0, 0.0]], ""R"": [[591.6553291661261, 0.0], [0.0, 591.6553291661261]], ""P"": [[1000.0, 0.0, 0.0, 0.0], [0.0, 100000.0, 0.0, 0.0], [0.0, 0.0, 1000.0, 0.0], [0.0, 0.0, 0.0, 100000.0]]}","[-4.691581467454526, -0.8649421567406599, 0.0]",False
3,P15,0fd6ae2b-97d7-4e48-98bd-b885d903cb74,34,1,haply,mpc,seeded_random,1628080972,persist_session,10.0,42.11882797241211,4566.550539537,0,1786002015.0657206,256.0,True,aggressive,adaptive,-0.08,-0.08,0.0,0.08,-0.08,0.0,0.023776218,-0.06990284,0.0,0.029725902,-0.0677866,0.20651132,0.25094995,0.07882326,0.030102404,"[8.046897196098927, 1.580074656389808, 0.0, 0.0, 0.0, 0.0, 7.446078343117489, 0.1847965511890954]","[1.5758831570117202, -0.061146707502047024, 0.0]","{""Controller Type"": ""MPC Controller"", ""weight_comfort"": 605.6080892986497, ""weight_trajectory"": 2366.351464208102, ""weight_goal"": 1000.0, ""Q"": [[2366.351464208102, 0.0, 0.0, 0.0], [0.0, 0.0, 0.0, 0.0], [0.0, 0.0, 2366.351464208102, 0.0], [0.0, 0.0, 0.0, 0.0]], ""R"": [[605.6080892986497, 0.0], [0.0, 605.6080892986497]], ""P"": [[1000.0, 0.0, 0.0, 0.0], [0.0, 100000.0, 0.0, 0.0], [0.0, 0.0, 1000.0, 0.0], [0.0, 0.0, 0.0, 100000.0]]}","[-4.473097064511806, -1.0325721256524487, 0.0]",False
3,P15,0fd6ae2b-97d7-4e48-98bd-b885d903cb74,34,1,haply,mpc,seeded_random,1628080972,persist_session,10.0,42.12885108947754,4566.560563498,0,1786002015.075495,257.0,True,aggressive,adaptive,-0.08,-0.08,0.0,0.08,-0.08,0.0,0.030398622,-0.06913298,0.0,0.031762924,-0.06773579,0.20690483,0.24846548,0.07146055,0.03178735,"[8.25133191616957, 1.3525802682519275, 0.0, 0.0, 0.0, 0.0, 7.436188728688005, 0.18984419028198074]","[1.325680524878765, -0.06585660552221469, 0.0]","{""Controller Type"": ""MPC Controller"", ""weight_comfort"": 605.6080892986497, ""weight_trajectory"": 2366.351464208102, ""weight_goal"": 1000.0, ""Q"": [[2366.351464208102, 0.0, 0.0, 0.0], [0.0, 0.0, 0.0, 0.0], [0.0, 0.0, 2366.351464208102, 0.0], [0.0, 0.0, 0.0, 0.0]], ""R"": [[605.6080892986497, 0.0], [0.0, 605.6080892986497]], ""P"": [[1000.0, 0.0, 0.0, 0.0], [0.0, 100000.0, 0.0, 0.0], [0.0, 0.0, 1000.0, 0.0], [0.0, 0.0, 0.0, 100000.0]]}","[-4.352505023992511, -1.0715367911759448, 0.0]",False
3,P15,0fd6ae2b-97d7-4e48-98bd-b885d903cb74,34,1,haply,mpc,seeded_random,1628080972,persist_session,10.0,42.13885656356812,4566.570568525,0,1786002015.0853455,258.0,True,aggressive,adaptive,-0.08,-0.08,0.0,0.08,-0.08,0.0,0.036509688,-0.0683459599999999,0.0,0.03346752,-0.067718886,0.20725566,0.24182172,0.06268817,0.033228725,"[8.521687650577478, 1.0602252760802207, 0.0, 0.0, 0.0, 0.0, 7.430746409490042, 0.192569404751209]","[1.0283387362878662, -0.07121297921657423, 0.0]","{""Controller Type"": ""MPC Controller"", ""weight_comfort"": 605.6080892986497, ""weight_trajectory"": 2366.351464208102, ""weight_goal"": 1000.0, ""Q"": [[2366.351464208102, 0.0, 0.0, 0.0], [0.0, 0.0, 0.0, 0.0], [0.0, 0.0, 2366.351464208102, 0.0], [0.0, 0.0, 0.0, 0.0]], ""R"": [[605.6080892986497, 0.0], [0.0, 605.6080892986497]], ""P"": [[1000.0, 0.0, 0.0, 0.0], [0.0, 100000.0, 0.0, 0.0], [0.0, 0.0, 1000.0, 0.0], [0.0, 0.0, 0.0, 100000.0]]}","[-4.042983377251563, -1.109750809057379, 0.0]",False
3,P15,0fd6ae2b-97d7-4e48-98bd-b885d903cb74,34,1,haply,mpc,seeded_random,1628080972,persist_session,10.0,42.14879361152649,4566.580512596,0,1786002015.095471,259.0,True,aggressive,adaptive,-0.08,-0.08,0.0,0.08,-0.08,0.0,0.041623476,-0.0676442999999999,0.0,0.034838233,-0.0677727,0.2076333,0.23106538,0.05340732,0.03442823,"[8.876895059754357, 0.6537443543134132, 0.0, 0.0, 0.0, 0.0, 7.457944198782958, 0.17989705546062135]","[0.6708506336047371, -0.0796812033232135, 0.0]","{""Controller Type"": ""MPC Controller"", ""weight_comfort"": 605.6080892986497, ""weight_trajectory"": 2366.351464208102, ""weight_goal"": 1000.0, ""Q"": [[2366.351464208102, 0.0, 0.0, 0.0], [0.0, 0.0, 0.0, 0.0], [0.0, 0.0, 2366.351464208102, 0.0], [0.0, 0.0, 0.0, 0.0]], ""R"": [[605.6080892986497, 0.0], [0.0, 605.6080892986497]], ""P"": [[1000.0, 0.0, 0.0, 0.0], [0.0, 100000.0, 0.0, 0.0], [0.0, 0.0, 1000.0, 0.0], [0.0, 0.0, 0.0, 100000.0]]}","[-3.202734261728087, -1.0438565599927774, 0.0]",False
3,P15,0fd6ae2b-97d7-4e48-98bd-b885d903cb74,34,1,haply,mpc,seeded_random,1628080972,persist_session,10.0,42.15884057044983,4566.590548288,0,1786002015.1053405,260.0,True,aggressive,adaptive,-0.08,-0.08,0.0,0.08,-0.08,0.0,0.045735615,-0.06688902,0.0,0.0360218,-0.067793995,0.20797358,0.21580334,0.04322864,0.03534214,"[9.086134987889743, 0.39785894684379614, 0.0, 0.0, 0.0, 0.0, 7.433176903683592, 0.19160757110102014]","[0.4770939618524711, -0.08279361014053142, 0.0]","{""Controller Type"": ""MPC Controller"", ""weight_comfort"": 617.5094459803856, ""weight_trajectory"": 2294.943324117686, ""weight_goal"": 1000.0, ""Q"": [[2294.943324117686, 0.0, 0.0, 0.0], [0.0, 0.0, 0.0, 0.0], [0.0, 0.0, 2294.943324117686, 0.0], [0.0, 0.0, 0.0, 0.0]], ""R"": [[617.5094459803856, 0.0], [0.0, 617.5094459803856]], ""P"": [[1000.0, 0.0, 0.0, 0.0], [0.0, 100000.0, 0.0, 0.0], [0.0, 0.0, 1000.0, 0.0], [0.0, 0.0, 0.0, 100000.0]]}","[-2.549455509843139, -1.120574183014615, 0.0]",False
3,P15,0fd6ae2b-97d7-4e48-98bd-b885d903cb74,34,1,haply,mpc,seeded_random,1628080972,persist_session,10.0,42.16881099700928,4566.600528517,0,1786002015.1157272,261.0,True,aggressive,adaptive,-0.08,-0.08,0.0,0.08,-0.08,0.0,0.049286316,-0.06620846,0.0,0.03698593,-0.06783034,0.20830622,0.19760355,0.03351189,0.03630017,"[9.209064273063543, 0.23332128304191055, 0.0, 0.0, 0.0, 0.0, 7.461443957882168, 0.17924089689995953]","[0.36260530000476, -0.09116054125763119, 0.0]","{""Controller Type"": ""MPC Controller"", ""weight_comfort"": 617.5094459803856, ""weight_trajectory"": 2294.943324117686, ""weight_goal"": 1000.0, ""Q"": [[2294.943324117686, 0.0, 0.0, 0.0], [0.0, 0.0, 0.0, 0.0], [0.0, 0.0, 2294.943324117686, 0.0], [0.0, 0.0, 0.0, 0.0]], ""R"": [[617.5094459803856, 0.0], [0.0, 617.5094459803856]], ""P"": [[1000.0, 0.0, 0.0, 0.0], [0.0, 100000.0, 0.0, 0.0], [0.0, 0.0, 1000.0, 0.0], [0.0, 0.0, 0.0, 100000.0]]}","[-2.014960399435775, -1.0507035334269734, 0.0]",False
3,P15,0fd6ae2b-97d7-4e48-98bd-b885d903cb74,34,1,haply,mpc,seeded_random,1628080972,persist_session,10.0,42.1789266204834,4566.610630033,0,1786002015.125363,262.0,True,aggressive,adaptive,-0.08,-0.08,0.0,0.08,-0.08,0.0,0.052178706,-0.06554318,0.0,0.037791666,-0.067884445,0.20854567,0.17750949,0.025018169,0.0361755,"[9.272043199407015, 0.14585936382220743, 0.0, 0.0, 0.0, 0.0, 7.44734013952244, 0.18542363061589862]","[0.36260530000476, -0.09116054125763119, 0.0]","{""Controller Type"": ""MPC Controller"", ""weight_comfort"": 617.5094459803856, ""weight_trajectory"": 2294.943324117686, ""weight_goal"": 1000.0, ""Q"": [[2294.943324117686, 0.0, 0.0, 0.0], [0.0, 0.0, 0.0, 0.0], [0.0, 0.0, 2294.943324117686, 0.0], [0.0, 0.0, 0.0, 0.0]], ""R"": [[617.5094459803856, 0.0], [0.0, 617.5094459803856]], ""P"": [[1000.0, 0.0, 0.0, 0.0], [0.0, 100000.0, 0.0, 0.0], [0.0, 0.0, 1000.0, 0.0], [0.0, 0.0, 0.0, 100000.0]]}","[-1.7439964213756787, -1.104440387248041, 0.0]",False
3,P15,0fd6ae2b-97d7-4e48-98bd-b885d903cb74,34,1,haply,mpc,seeded_random,1628080972,persist_session,10.0,42.18890038490296,4566.620603648,0,1786002015.135522,263.0,True,aggressive,adaptive,-0.08,-0.08,0.0,0.08,-0.08,0.0,0.054595914,-0.06506428,0.0,0.03852624,-0.06787942,0.20869818,0.15732557,0.018000234,0.034704767,"[9.325979295398037, 0.053095003153700776, 0.0, 0.0, 0.0, 0.0, 7.503171398122694, 0.1646888918015777]","[0.2495518507989139, -0.10430140346291178, 0.0]","{""Controller Type"": ""MPC Controller"", ""weight_comfort"": 609.8902390077321, ""weight_trajectory"": 29478.571759900195, ""weight_goal"": 61230.953928654955, ""Q"": [[29478.571759900195, 0.0, 0.0, 0.0], [0.0, 0.0, 0.0, 0.0], [0.0, 0.0, 29478.571759900195, 0.0], [0.0, 0.0, 0.0, 0.0]], ""R"": [[609.8902390077321, 0.0], [0.0, 609.8902390077321]], ""P"": [[61230.953928654955, 0.0, 0.0, 0.0], [0.0, 6123095.392865496, 0.0, 0.0], [0.0, 0.0, 61230.953928654955, 0.0], [0.0, 0.0, 0.0, 6123095.392865496]]}","[-1.7947617995338039, -1.7999184907478498, 0.0]",False
3,P15,0fd6ae2b-97d7-4e48-98bd-b885d903cb74,34,1,haply,mpc,seeded_random,1628080972,persist_session,10.0,42.19922319412232,4566.630925656,0,1786002015.1454256,264.0,True,aggressive,adaptive,-0.08,-0.08,0.0,0.08,-0.08,0.0,0.056799636,-0.0647592599999999,0.0,0.039171252,-0.06793614,0.20877129,0.1383749,0.011967244,0.031905625,"[9.340719529035374, 0.028796492901988185, 0.0, 0.0, 0.0, 0.0, 7.541045930013932, 0.1529635268887637]","[0.2495518507989139, -0.10430140346291178, 0.0]","{""Controller Type"": ""MPC Controller"", ""weight_comfort"": 609.8902390077321, ""weight_trajectory"": 29478.571759900195, ""weight_goal"": 61230.953928654955, ""Q"": [[29478.571759900195, 0.0, 0.0, 0.0], [0.0, 0.0, 0.0, 0.0], [0.0, 0.0, 29478.571759900195, 0.0], [0.0, 0.0, 0.0, 0.0]], ""R"": [[609.8902390077321, 0.0], [0.0, 609.8902390077321]], ""P"": [[61230.953928654955, 0.0, 0.0, 0.0], [0.0, 6123095.392865496, 0.0, 0.0], [0.0, 0.0, 61230.953928654955, 0.0], [0.0, 0.0, 0.0, 6123095.392865496]]}","[-1.7051577767189101, -1.6170919962968127, 0.0]",False
3,P15,0fd6ae2b-97d7-4e48-98bd-b885d903cb74,34,1,haply,mpc,seeded_random,1628080972,persist_session,10.0,42.20891467094422,4566.640611126,0,1786002015.1554592,265.0,True,aggressive,adaptive,-0.08,-0.08,0.0,0.08,-0.08,0.0,0.0587346719999999,-0.06461304,0.0,0.039820377,-0.06800089,0.20880249,0.121193364,0.007586246,0.02800757,"[9.360806190130555, -0.008021981879149424, 0.0, 0.0, 0.0, 0.0, 7.573802825795915, 0.145287396608875]","[0.19751353096140908, -0.11442052444917537, 0.0]","{""Controller Type"": ""MPC Controller"", ""weight_comfort"": 552.231829049388, ""weight_trajectory"": 149273.62684021608, ""weight_goal"": 328685.9217545127, ""Q"": [[149273.62684021608, 0.0, 0.0, 0.0], [0.0, 0.0, 0.0, 0.0], [0.0, 0.0, 149273.62684021608, 0.0], [0.0, 0.0, 0.0, 0.0]], ""R"": [[552.231829049388, 0.0], [0.0, 552.231829049388]], ""P"": [[328685.9217545127, 0.0, 0.0, 0.0], [0.0, 32868592.17545127, 0.0, 0.0], [0.0, 0.0, 328685.9217545127, 0.0], [0.0, 0.0, 0.0, 32868592.17545127]]}","[-1.4220876292616451, -1.422988361484542, 0.0]",False
3,P15,0fd6ae2b-97d7-4e48-98bd-b885d903cb74,34,1,haply,mpc,seeded_random,1628080972,persist_session,10.0,42.21890035629273,4566.650607555,0,1786002015.1656332,266.0,True,aggressive,adaptive,-0.08,-0.08,0.0,0.08,-0.08,0.0,0.0606820469999999,-0.0645506399999999,0.0,0.040378522,-0.06810693,0.20883714,0.10669947,0.0042633787,0.023571081,"[9.363225065758622, -0.01180009725724939, 0.0, 0.0, 0.0, 0.0, 7.588305665066531, 0.1425752484606588]","[0.17861972831966047, -0.11636001505614567, 0.0]","{""Controller Type"": ""MPC Controller"", ""weight_comfort"": 552.231829049388, ""weight_trajectory"": 149273.62684021608, ""weight_goal"": 328685.9217545127, ""Q"": [[149273.62684021608, 0.0, 0.0, 0.0], [0.0, 0.0, 0.0, 0.0], [0.0, 0.0, 149273.62684021608, 0.0], [0.0, 0.0, 0.0, 0.0]], ""R"": [[552.231829049388, 0.0], [0.0, 552.231829049388]], ""P"": [[328685.9217545127, 0.0, 0.0, 0.0], [0.0, 32868592.17545127, 0.0, 0.0], [0.0, 0.0, 328685.9217545127, 0.0], [0.0, 0.0, 0.0, 32868592.17545127]]}","[-2.0209174421028475, -1.932326583613444, 0.0]",False
3,P15,0fd6ae2b-97d7-4e48-98bd-b885d903cb74,34,1,haply,mpc,seeded_random,1628080972,persist_session,10.0,42.22885409355164,4566.660570612,0,1786002015.1756704,267.0,True,aggressive,adaptive,-0.08,-0.08,0.0,0.08,-0.08,0.0,0.062356482,-0.06448134,0.0,0.040809494,-0.06825582,0.20880319,0.09477231,0.0011750493,0.019182146,"[9.378896802210281, -0.03829478565844112, 0.0, 0.0, 0.0, 0.0, 7.5843233623365425, 0.14333753826083329]","[0.15908827629839986, -0.11670888633819508, 0.0]","{""Controller Type"": ""MPC Controller"", ""weight_comfort"": 552.231829049388, ""weight_trajectory"": 149273.62684021608, ""weight_goal"": 328685.9217545127, ""Q"": [[149273.62684021608, 0.0, 0.0, 0.0], [0.0, 0.0, 0.0, 0.0], [0.0, 0.0, 149273.62684021608, 0.0], [0.0, 0.0, 0.0, 0.0]], ""R"": [[552.231829049388, 0.0], [0.0, 552.231829049388]], ""P"": [[328685.9217545127, 0.0, 0.0, 0.0], [0.0, 32868592.17545127, 0.0, 0.0], [0.0, 0.0, 328685.9217545127, 0.0], [0.0, 0.0, 0.0, 32868592.17545127]]}","[-1.7224716281074821, -1.952463024223397, 0.0]",False
3,P15,0fd6ae2b-97d7-4e48-98bd-b885d903cb74,34,1,haply,mpc,seeded_random,1628080972,persist_session,10.0,42.23895302772522,4566.670664657,0,1786002015.1854997,268.0,True,aggressive,adaptive,-0.08,-0.08,0.0,0.08,-0.08,0.0,0.063649398,-0.06454924,0.0,0.04108065,-0.068464614,0.2087014,0.0839197,-0.0018011691,0.014639626,"[9.390352784273945, -0.06720223535750207, 0.0, 0.0, 0.0, 0.0, 7.607433490776702, 0.14106640123157257]","[0.14469832941477914, -0.11851510594632808, 0.0]","{""Controller Type"": ""MPC Controller"", ""weight_comfort"": 476.78755959195234, ""weight_trajectory"": 299564.7336729281, ""weight_goal"": 663896.8515741933, ""Q"": [[299564.7336729281, 0.0, 0.0, 0.0], [0.0, 0.0, 0.0, 0.0], [0.0, 0.0, 299564.7336729281, 0.0], [0.0, 0.0, 0.0, 0.0]], ""R"": [[476.78755959195234, 0.0], [0.0, 476.78755959195234]], ""P"": [[663896.8515741933, 0.0, 0.0, 0.0], [0.0, 66389685.15741933, 0.0, 0.0], [0.0, 0.0, 663896.8515741933, 0.0], [0.0, 0.0, 0.0, 66389685.15741933]]}","[-1.240548564851795, -1.7313433336505475, 0.0]",False
3,P15,0fd6ae2b-97d7-4e48-98bd-b885d903cb74,34,1,haply,mpc,seeded_random,1628080972,persist_session,10.0,42.248941335678104,4566.680657915,0,1786002015.1957014,269.0,True,aggressive,adaptive,-0.08,-0.08,0.0,0.08,-0.08,0.0,0.064462866,-0.0647528199999999,0.0,0.04113767,-0.068607405,0.20865317,0.073709674,-0.005152202,0.011173012,"[9.379975529164874, -0.0884987952465967, 0.0, 0.0, 0.0, 0.0, 7.625195789586308, 0.14143433894950871]","[0.13868117261280913, -0.11908512740487384, 0.0]","{""Controller Type"": ""MPC Controller"", ""weight_comfort"": 476.78755959195234, ""weight_trajectory"": 299564.7336729281, ""weight_goal"": 663896.8515741933, ""Q"": [[299564.7336729281, 0.0, 0.0, 0.0], [0.0, 0.0, 0.0, 0.0], [0.0, 0.0, 299564.7336729281, 0.0], [0.0, 0.0, 0.0, 0.0]], ""R"": [[476.78755959195234, 0.0], [0.0, 476.78755959195234]], ""P"": [[663896.8515741933, 0.0, 0.0, 0.0], [0.0, 66389685.15741933, 0.0, 0.0], [0.0, 0.0, 663896.8515741933, 0.0], [0.0, 0.0, 0.0, 66389685.15741933]]}","[-0.6478532843386196, -1.7568472421689798, 0.0]",False
3,P15,0fd6ae2b-97d7-4e48-98bd-b885d903cb74,34,1,haply,mpc,seeded_random,1628080972,persist_session,10.0,42.258855733871464,4566.690566321,0,1786002015.2053566,270.0,True,aggressive,adaptive,-0.08,-0.08,0.0,0.08,-0.08,0.0,0.064633926,-0.06484928,0.0,0.041117672,-0.06868994,0.20867337,0.06345768,-0.0074192253,0.0073480653,"[9.323497291923378, -0.08597220509588557, 0.0, 0.0, 0.0, 0.0, 7.605615229500091, 0.14284611304684586]","[0.14174239612970502, -0.11665764128679612, 0.0]","{""Controller Type"": ""MPC Controller"", ""weight_comfort"": 476.78755959195234, ""weight_trajectory"": 299564.7336729281, ""weight_goal"": 663896.8515741933, ""Q"": [[299564.7336729281, 0.0, 0.0, 0.0], [0.0, 0.0, 0.0, 0.0], [0.0, 0.0, 299564.7336729281, 0.0], [0.0, 0.0, 0.0, 0.0]], ""R"": [[476.78755959195234, 0.0], [0.0, 476.78755959195234]], ""P"": [[663896.8515741933, 0.0, 0.0, 0.0], [0.0, 66389685.15741933, 0.0, 0.0], [0.0, 0.0, 663896.8515741933, 0.0], [0.0, 0.0, 0.0, 66389685.15741933]]}","[0.3709551296549668, -1.9085244194667337, 0.0]",False
3,P15,0fd6ae2b-97d7-4e48-98bd-b885d903cb74,34,1,haply,mpc,seeded_random,1628080972,persist_session,10.0,42.268860015869144,4566.70057784,0,1786002015.2155209,271.0,True,aggressive,adaptive,-0.08,-0.08,0.0,0.08,-0.08,0.0,0.064573932,-0.06480888,0.0,0.040870078,-0.068851806,0.20867114,0.04983312,-0.010899122,0.0040122923,"[9.29582014758521, -0.08078315266181006, 0.0, 0.0, 0.0, 0.0, 7.576309142337752, 0.14795398507678817]","[0.14387477190171213, -0.11450454699856963, 0.0]","{""Controller Type"": ""MPC Controller"", ""weight_comfort"": 459.3887599993886, ""weight_trajectory"": 333570.19119564205, ""weight_goal"": 737600.4099767248, ""Q"": [[333570.19119564205, 0.0, 0.0, 0.0], [0.0, 0.0, 0.0, 0.0], [0.0, 0.0, 333570.19119564205, 0.0], [0.0, 0.0, 0.0, 0.0]], ""R"": [[459.3887599993886, 0.0], [0.0, 459.3887599993886]], ""P"": [[737600.4099767248, 0.0, 0.0, 0.0], [0.0, 73760040.99767248, 0.0, 0.0], [0.0, 0.0, 737600.4099767248, 0.0], [0.0, 0.0, 0.0, 73760040.99767248]]}","[0.7643483661223412, -2.1451193644803976, 0.0]",False
3,P15,0fd6ae2b-97d7-4e48-98bd-b885d903cb74,34,1,haply,mpc,seeded_random,1628080972,persist_session,10.0,42.27883568763733,4566.710547931,0,1786002015.2254088,272.0,True,aggressive,adaptive,-0.08,-0.08,0.0,0.08,-0.08,0.0,0.06383115,-0.06481334,0.0,0.040583916,-0.068988316,0.2086819,0.035031803,-0.013083372,0.002221752,"[9.1581191170906, -0.029266351045664232, 0.0, 0.0, 0.0, 0.0, 7.582583870570585, 0.1470442315903038]","[0.15027474381447806, -0.11522044817073444, 0.0]","{""Controller Type"": ""MPC Controller"", ""weight_comfort"": 459.3887599993886, ""weight_trajectory"": 333570.19119564205, ""weight_goal"": 737600.4099767248, ""Q"": [[333570.19119564205, 0.0, 0.0, 0.0], [0.0, 0.0, 0.0, 0.0], [0.0, 0.0, 333570.19119564205, 0.0], [0.0, 0.0, 0.0, 0.0]], ""R"": [[459.3887599993886, 0.0], [0.0, 459.3887599993886]], ""P"": [[737600.4099767248, 0.0, 0.0, 0.0], [0.0, 73760040.99767248, 0.0, 0.0], [0.0, 0.0, 737600.4099767248, 0.0], [0.0, 0.0, 0.0, 73760040.99767248]]}","[1.9373556231593496, -2.1147297167724175, 0.0]",False
3,P15,0fd6ae2b-97d7-4e48-98bd-b885d903cb74,34,1,haply,mpc,seeded_random,1628080972,persist_session,10.0,42.288921747207645,4566.7206349,0,1786002015.2354395,273.0,True,aggressive,adaptive,-0.08,-0.08,0.0,0.08,-0.08,0.0,0.062972664,-0.06479182,0.0,0.040392864,-0.06907874,0.20868905,0.022094913,-0.014296522,0.0015874172,"[9.13292404523461, -0.019592408841706523, 0.0, 0.0, 0.0, 0.0, 7.575333535157559, 0.14822219558141317]","[0.15718619160641065, -0.11488903952429748, 0.0]","{""Controller Type"": ""MPC Controller"", ""weight_comfort"": 459.3887599993886, ""weight_trajectory"": 333570.19119564205, ""weight_goal"": 737600.4099767248, ""Q"": [[333570.19119564205, 0.0, 0.0, 0.0], [0.0, 0.0, 0.0, 0.0], [0.0, 0.0, 333570.19119564205, 0.0], [0.0, 0.0, 0.0, 0.0]], ""R"": [[459.3887599993886, 0.0], [0.0, 459.3887599993886]], ""P"": [[737600.4099767248, 0.0, 0.0, 0.0], [0.0, 73760040.99767248, 0.0, 0.0], [0.0, 0.0, 737600.4099767248, 0.0], [0.0, 0.0, 0.0, 73760040.99767248]]}","[2.1485039270771322, -2.161145836391673, 0.0]",False
3,P15,0fd6ae2b-97d7-4e48-98bd-b885d903cb74,34,1,haply,mpc,seeded_random,1628080972,persist_session,10.0,42.29896131515503,4566.730659527,0,1786002015.2454095,274.0,True,aggressive,adaptive,-0.08,-0.08,0.0,0.08,-0.08,0.0,0.062399508,-0.06477752,0.0,0.040265374,-0.06913878,0.2086938,0.010915652,-0.014021385,0.0010363961,"[9.181576904746363, -0.0357364780193265, 0.0, 0.0, 0.0, 0.0, 7.574488884168379, 0.14835544737663642]","[0.16365470216205574, -0.11508971782671089, 0.0]","{""Controller Type"": ""MPC Controller"", ""weight_comfort"": 497.55911547190937, ""weight_trajectory"": 256737.01262513138, ""weight_goal"": 565867.0802096414, ""Q"": [[256737.01262513138, 0.0, 0.0, 0.0], [0.0, 0.0, 0.0, 0.0], [0.0, 0.0, 256737.01262513138, 0.0], [0.0, 0.0, 0.0, 0.0]], ""R"": [[497.55911547190937, 0.0], [0.0, 497.55911547190937]], ""P"": [[565867.0802096414, 0.0, 0.0, 0.0], [0.0, 56586708.02096414, 0.0, 0.0], [0.0, 0.0, 565867.0802096414, 0.0], [0.0, 0.0, 0.0, 56586708.02096414]]}","[1.7029204643158096, -2.1512558099253427, 0.0]",False
3,P15,0fd6ae2b-97d7-4e48-98bd-b885d903cb74,34,1,haply,mpc,seeded_random,1628080972,persist_session,10.0,42.30881706237793,4566.74053145,0,1786002015.2555497,275.0,True,aggressive,adaptive,-0.08,-0.08,0.0,0.08,-0.08,0.0,0.062017038,-0.0647680199999999,0.0,0.040275417,-0.06919434,0.2087554,0.003520197,-0.013527568,0.0006041597,"[9.21089741816475, -0.04409642801774319, 0.0, 0.0, 0.0, 0.0, 7.573216475393676, 0.14855194585323475]","[0.16730245893358162, -0.11521590848131305, 0.0]","{""Controller Type"": ""MPC Controller"", ""weight_comfort"": 497.55911547190937, ""weight_trajectory"": 256737.01262513138, ""weight_goal"": 565867.0802096414, ""Q"": [[256737.01262513138, 0.0, 0.0, 0.0], [0.0, 0.0, 0.0, 0.0], [0.0, 0.0, 256737.01262513138, 0.0], [0.0, 0.0, 0.0, 0.0]], ""R"": [[497.55911547190937, 0.0], [0.0, 497.55911547190937]], ""P"": [[565867.0802096414, 0.0, 0.0, 0.0], [0.0, 56586708.02096414, 0.0, 0.0], [0.0, 0.0, 565867.0802096414, 0.0], [0.0, 0.0, 0.0, 56586708.02096414]]}","[1.416945134409126, -2.0389796686329285, 0.0]",False
3,P15,0fd6ae2b-97d7-4e48-98bd-b885d903cb74,34,1,haply,mpc,seeded_random,1628080972,persist_session,10.0,42.31889620780945,4566.750604,0,1786002015.2653947,276.0,True,aggressive,adaptive,-0.08,-0.08,0.0,0.08,-0.08,0.0,0.062047167,-0.0646448199999999,0.0,0.040297356,-0.069329515,0.20879358,-0.0027367498,-0.012951685,0.0009837104,"[9.258644339622215, -0.05096605827878399, 0.0, 0.0, 0.0, 0.0, 7.545424026020419, 0.1547725035013885]","[0.1660629227050049, -0.11392452979221433, 0.0]","{""Controller Type"": ""MPC Controller"", ""weight_comfort"": 497.55911547190937, ""weight_trajectory"": 256737.01262513138, ""weight_goal"": 565867.0802096414, ""Q"": [[256737.01262513138, 0.0, 0.0, 0.0], [0.0, 0.0, 0.0, 0.0], [0.0, 0.0, 256737.01262513138, 0.0], [0.0, 0.0, 0.0, 0.0]], ""R"": [[497.55911547190937, 0.0], [0.0, 497.55911547190937]], ""P"": [[565867.0802096414, 0.0, 0.0, 0.0], [0.0, 56586708.02096414, 0.0, 0.0], [0.0, 0.0, 565867.0802096414, 0.0], [0.0, 0.0, 0.0, 56586708.02096414]]}","[0.7508744002025467, -2.2440644219411396, 0.0]",False
3,P15,0fd6ae2b-97d7-4e48-98bd-b885d903cb74,34,1,haply,mpc,seeded_random,1628080972,persist_session,10.0,42.32870760917664,4566.760424489,0,1786002015.2755673,277.0,True,aggressive,adaptive,-0.08,-0.08,0.0,0.08,-0.08,0.0,0.062112984,-0.06456846,0.0,0.040346283,-0.06942192,0.20879966,-0.00569995,-0.012282709,0.0012352347,"[9.260615239358055, -0.051216465180485476, 0.0, 0.0, 0.0, 0.0, 7.553234864928178, 0.15324681176585753]","[0.1660629227050049, -0.11392452979221433, 0.0]","{""Controller Type"": ""MPC Controller"", ""weight_comfort"": 497.55911547190937, ""weight_trajectory"": 256737.01262513138, ""weight_goal"": 565867.0802096414, ""Q"": [[256737.01262513138, 0.0, 0.0, 0.0], [0.0, 0.0, 0.0, 0.0], [0.0, 0.0, 256737.01262513138, 0.0], [0.0, 0.0, 0.0, 0.0]], ""R"": [[497.55911547190937, 0.0], [0.0, 497.55911547190937]], ""P"": [[565867.0802096414, 0.0, 0.0, 0.0], [0.0, 56586708.02096414, 0.0, 0.0], [0.0, 0.0, 565867.0802096414, 0.0], [0.0, 0.0, 0.0, 56586708.02096414]]}","[0.6923576953613065, -2.1725827642449795, 0.0]",False
3,P15,0fd6ae2b-97d7-4e48-98bd-b885d903cb74,34,1,haply,mpc,seeded_random,1628080972,persist_session,10.0,42.33898797988892,4566.770692101,0,1786002015.2853396,278.0,True,aggressive,adaptive,-0.08,-0.08,0.0,0.08,-0.08,0.0,0.0622597649999999,-0.0645563,0.0,0.040389333,-0.06947469,0.2088176,-0.0042425087,-0.010423641,0.0012603571,"[9.268140940227635, -0.051811901321052234, 0.0, 0.0, 0.0, 0.0, 7.563505317538931, 0.15164116689381188]","[0.16364077800405352, -0.11661981490650401, 0.0]","{""Controller Type"": ""MPC Controller"", ""weight_comfort"": 502.15463469748084, ""weight_trajectory"": 247824.39441944586, ""weight_goal"": 546540.4403384402, ""Q"": [[247824.39441944586, 0.0, 0.0, 0.0], [0.0, 0.0, 0.0, 0.0], [0.0, 0.0, 247824.39441944586, 0.0], [0.0, 0.0, 0.0, 0.0]], ""R"": [[502.15463469748084, 0.0], [0.0, 502.15463469748084]], ""P"": [[546540.4403384402, 0.0, 0.0, 0.0], [0.0, 54654044.033844024, 0.0, 0.0], [0.0, 0.0, 546540.4403384402, 0.0], [0.0, 0.0, 0.0, 54654044.033844024]]}","[0.552587744389382, -2.057750238723361, 0.0]",False
3,P15,0fd6ae2b-97d7-4e48-98bd-b885d903cb74,34,1,haply,mpc,seeded_random,1628080972,persist_session,10.0,42.34904185295105,4566.78074074,0,1786002015.2955225,279.0,True,aggressive,adaptive,-0.08,-0.08,0.0,0.08,-0.08,0.0,0.062388915,-0.06452042,0.0,0.040389333,-0.06947469,0.2088176,-0.0028345874,-0.008988756,0.0012540949,"[9.268140940227635, -0.051811901321052234, 0.0, 0.0, 0.0, 0.0, 7.563505317538931, 0.15164116689381188]","[0.16364077800405352, -0.11661981490650401, 0.0]","{""Controller Type"": ""MPC Controller"", ""weight_comfort"": 502.15463469748084, ""weight_trajectory"": 247824.39441944586, ""weight_goal"": 546540.4403384402, ""Q"": [[247824.39441944586, 0.0, 0.0, 0.0], [0.0, 0.0, 0.0, 0.0], [0.0, 0.0, 247824.39441944586, 0.0], [0.0, 0.0, 0.0, 0.0]], ""R"": [[502.15463469748084, 0.0], [0.0, 502.15463469748084]], ""P"": [[546540.4403384402, 0.0, 0.0, 0.0], [0.0, 54654044.033844024, 0.0, 0.0], [0.0, 0.0, 546540.4403384402, 0.0], [0.0, 0.0, 0.0, 54654044.033844024]]}","[0.552587744389382, -2.057750238723361, 0.0]",False
3,P15,0fd6ae2b-97d7-4e48-98bd-b885d903cb74,34,1,haply,mpc,seeded_random,1628080972,persist_session,10.0,42.359239492416386,4566.790946127,0,1786002015.3053858,280.0,True,aggressive,adaptive,-0.08,-0.08,0.0,0.08,-0.08,0.0,0.062388915,-0.06452042,0.0,0.040389333,-0.06947469,0.2088176,-0.0014159759,-0.0077301664,0.0012366172,"[9.24632917359519, -0.04864132429980722, 0.0, 0.0, 0.0, 0.0, 7.561342267006049, 0.15211823150689274]","[0.16283788901416463, -0.11704640252950134, 0.0]","{""Controller Type"": ""MPC Controller"", ""weight_comfort"": 502.15463469748084, ""weight_trajectory"": 247824.39441944586, ""weight_goal"": 546540.4403384402, ""Q"": [[247824.39441944586, 0.0, 0.0, 0.0], [0.0, 0.0, 0.0, 0.0], [0.0, 0.0, 247824.39441944586, 0.0], [0.0, 0.0, 0.0, 0.0]], ""R"": [[502.15463469748084, 0.0], [0.0, 502.15463469748084]], ""P"": [[546540.4403384402, 0.0, 0.0, 0.0], [0.0, 54654044.033844024, 0.0, 0.0], [0.0, 0.0, 546540.4403384402, 0.0], [0.0, 0.0, 0.0, 54654044.033844024]]}","[0.5847511821666231, -2.0995078343473987, 0.0]",False
3,P15,0fd6ae2b-97d7-4e48-98bd-b885d903cb74,34,1,haply,mpc,seeded_random,1628080972,persist_session,10.0,42.36901417732239,4566.800723474,0,1786002015.3154497,281.0,True,aggressive,adaptive,-0.08,-0.08,0.0,0.08,-0.08,0.0,0.062388915,-0.06452042,0.0,0.040389333,-0.06947469,0.2088176,-6.630285e-05,-0.008092489,0.0015709363,"[9.244350226966489, -0.048328563658564055, 0.0, 0.0, 0.0, 0.0, 7.559066676225092, 0.15245508241815628]","[0.16280303761687612, -0.11701117733996026, 0.0]","{""Controller Type"": ""MPC Controller"", ""weight_comfort"": 497.50317658455566, ""weight_trajectory"": 257110.29448078186, ""weight_goal"": 567132.2933072039, ""Q"": [[257110.29448078186, 0.0, 0.0, 0.0], [0.0, 0.0, 0.0, 0.0], [0.0, 0.0, 257110.29448078186, 0.0], [0.0, 0.0, 0.0, 0.0]], ""R"": [[497.50317658455566, 0.0], [0.0, 497.50317658455566]], ""P"": [[567132.2933072039, 0.0, 0.0, 0.0], [0.0, 56713229.330720395, 0.0, 0.0], [0.0, 0.0, 567132.2933072039, 0.0], [0.0, 0.0, 0.0, 56713229.330720395]]}","[0.7853304326948993, -2.057106079865409, 0.0]",False
3,P15,0fd6ae2b-97d7-4e48-98bd-b885d903cb74,34,1,haply,mpc,seeded_random,1628080972,persist_session,10.0,42.37884679794312,4566.810557054,0,1786002015.3256805,282.0,True,aggressive,adaptive,-0.08,-0.08,0.0,0.08,-0.08,0.0,0.062388915,-0.06452042,0.0,0.040389333,-0.06947469,0.2088176,0.0007850252,-0.007939986,0.0010659755,"[9.242370147589394, -0.04801562399323319, 0.0, 0.0, 0.0, 0.0, 7.5567901789006315, 0.15279206752314567]","[0.16276816627065935, -0.11697593811750648, 0.0]","{""Controller Type"": ""MPC Controller"", ""weight_comfort"": 497.50317658455566, ""weight_trajectory"": 257110.29448078186, ""weight_goal"": 567132.2933072039, ""Q"": [[257110.29448078186, 0.0, 0.0, 0.0], [0.0, 0.0, 0.0, 0.0], [0.0, 0.0, 257110.29448078186, 0.0], [0.0, 0.0, 0.0, 0.0]], ""R"": [[497.50317658455566, 0.0], [0.0, 497.50317658455566]], ""P"": [[567132.2933072039, 0.0, 0.0, 0.0], [0.0, 56713229.330720395, 0.0, 0.0], [0.0, 0.0, 567132.2933072039, 0.0], [0.0, 0.0, 0.0, 56713229.330720395]]}","[0.7853304327283886, -2.0571060797314376, 0.0]",False
3,P15,0fd6ae2b-97d7-4e48-98bd-b885d903cb74,34,1,haply,mpc,seeded_random,1628080972,persist_session,10.0,42.38882175445557,4566.820523916,0,1786002015.33576,283.0,True,aggressive,adaptive,-0.08,-0.08,0.0,0.08,-0.08,0.0,0.062388915,-0.06452042,0.0,0.040389333,-0.06947469,0.2088176,0.00057106983,-0.005775978,0.00077544857,"[9.240388935482928, -0.04770250530682156, 0.0, 0.0, 0.0, 0.0, 7.554512775630908, 0.1531291867333045]","[0.16273327497584936, -0.11694068487140052, 0.0]","{""Controller Type"": ""MPC Controller"", ""weight_comfort"": 497.42657826933316, ""weight_trajectory"": 257176.2299599588, ""weight_goal"": 567132.2933072039, ""Q"": [[257176.2299599588, 0.0, 0.0, 0.0], [0.0, 0.0, 0.0, 0.0], [0.0, 0.0, 257176.2299599588, 0.0], [0.0, 0.0, 0.0, 0.0]], ""R"": [[497.42657826933316, 0.0], [0.0, 497.42657826933316]], ""P"": [[567132.2933072039, 0.0, 0.0, 0.0], [0.0, 56713229.330720395, 0.0, 0.0], [0.0, 0.0, 567132.2933072039, 0.0], [0.0, 0.0, 0.0, 56713229.330720395]]}","[0.7853304327283882, -2.0571060797314376, 0.0]",False
3,P15,0fd6ae2b-97d7-4e48-98bd-b885d903cb74,34,1,haply,mpc,seeded_random,1628080972,persist_session,10.0,42.398824605941776,4566.830537017,0,1786002015.345312,284.0,True,aggressive,adaptive,-0.08,-0.08,0.0,0.08,-0.08,0.0,0.062388915,-0.06452042,0.0,0.040421356,-0.06945965,0.20881641,0.0005190126,-0.004062343,0.00054828153,"[9.238406590667273, -0.04738920760251883, 0.0, 0.0, 0.0, 0.0, 7.552234467015547, 0.15346643995987164]","[0.16269836373280153, -0.11690541761092435, 0.0]","{""Controller Type"": ""MPC Controller"", ""weight_comfort"": 497.42657826933316, ""weight_trajectory"": 257176.2299599588, ""weight_goal"": 567132.2933072039, ""Q"": [[257176.2299599588, 0.0, 0.0, 0.0], [0.0, 0.0, 0.0, 0.0], [0.0, 0.0, 257176.2299599588, 0.0], [0.0, 0.0, 0.0, 0.0]], ""R"": [[497.42657826933316, 0.0], [0.0, 497.42657826933316]], ""P"": [[567132.2933072039, 0.0, 0.0, 0.0], [0.0, 56713229.330720395, 0.0, 0.0], [0.0, 0.0, 567132.2933072039, 0.0], [0.0, 0.0, 0.0, 56713229.330720395]]}","[0.7852814522306695, -2.057237736756276, 0.0]",False
3,P15,0fd6ae2b-97d7-4e48-98bd-b885d903cb74,34,1,haply,mpc,seeded_random,1628080972,persist_session,10.0,42.40885630607605,4566.840567488,0,1786002015.3555677,285.0,True,aggressive,adaptive,-0.08,-0.08,0.0,0.08,-0.08,0.0,0.062484984,-0.0645227999999999,0.0,0.04054936,-0.06939937,0.20881164,0.0006114952,-0.0028352216,0.00038883084,"[9.24675431210139, -0.048314312656397386, 0.0, 0.0, 0.0, 0.0, 7.550400440872059, 0.15373504835955132]","[0.1615044658741705, -0.11689473482626583, 0.0]","{""Controller Type"": ""MPC Controller"", ""weight_comfort"": 497.42657826933316, ""weight_trajectory"": 257176.2299599588, ""weight_goal"": 567132.2933072039, ""Q"": [[257176.2299599588, 0.0, 0.0, 0.0], [0.0, 0.0, 0.0, 0.0], [0.0, 0.0, 257176.2299599588, 0.0], [0.0, 0.0, 0.0, 0.0]], ""R"": [[497.42657826933316, 0.0], [0.0, 497.42657826933316]], ""P"": [[567132.2933072039, 0.0, 0.0, 0.0], [0.0, 56713229.330720395, 0.0, 0.0], [0.0, 0.0, 567132.2933072039, 0.0], [0.0, 0.0, 0.0, 56713229.330720395]]}","[0.6282758371063949, -2.053137924714443, 0.0]",False
3,P15,0fd6ae2b-97d7-4e48-98bd-b885d903cb74,34,1,haply,mpc,seeded_random,1628080972,persist_session,10.0,42.41880932807923,4566.850513955,0,1786002015.3654976,286.0,True,aggressive,adaptive,-0.08,-0.08,0.0,0.08,-0.08,0.0,0.062868996,-0.06453234,0.0,0.04077316,-0.06929337,0.20880325,0.0012518591,-0.0016389182,0.0002471992,"[9.268089318398737, -0.04563267348558408, 0.0, 0.0, 0.0, 0.0, 7.549559170881894, 0.15385407023983005]","[0.15700695425950265, -0.11692182742534336, 0.0]","{""Controller Type"": ""MPC Controller"", ""weight_comfort"": 489.4818985832299, ""weight_trajectory"": 273232.1035730955, ""weight_goal"": 603077.9430381221, ""Q"": [[273232.1035730955, 0.0, 0.0, 0.0], [0.0, 0.0, 0.0, 0.0], [0.0, 0.0, 273232.1035730955, 0.0], [0.0, 0.0, 0.0, 0.0]], ""R"": [[489.4818985832299, 0.0], [0.0, 489.4818985832299]], ""P"": [[603077.9430381221, 0.0, 0.0, 0.0], [0.0, 60307794.30381221, 0.0, 0.0], [0.0, 0.0, 603077.9430381221, 0.0], [0.0, 0.0, 0.0, 60307794.30381221]]}","[0.1333846198152272, -2.0399903265820947, 0.0]",False
3,P15,0fd6ae2b-97d7-4e48-98bd-b885d903cb74,34,1,haply,mpc,seeded_random,1628080972,persist_session,10.0,42.42883697509766,4566.860551853,0,1786002015.3757038,287.0,True,aggressive,adaptive,-0.08,-0.08,0.0,0.08,-0.08,0.0,0.063540396,-0.06454912,0.0,0.04107308,-0.06923577,0.2087687,0.0024083117,-0.00060323544,7.795365e-05,"[9.278624382376082, -0.038053535182612515, 0.0, 0.0, 0.0, 0.0, 7.548601192057361, 0.15398505647179433]","[0.15021919214486001, -0.1168856972562442, 0.0]","{""Controller Type"": ""MPC Controller"", ""weight_comfort"": 489.4818985832299, ""weight_trajectory"": 273232.1035730955, ""weight_goal"": 603077.9430381221, ""Q"": [[273232.1035730955, 0.0, 0.0, 0.0], [0.0, 0.0, 0.0, 0.0], [0.0, 0.0, 273232.1035730955, 0.0], [0.0, 0.0, 0.0, 0.0]], ""R"": [[489.4818985832299, 0.0], [0.0, 489.4818985832299]], ""P"": [[603077.9430381221, 0.0, 0.0, 0.0], [0.0, 60307794.30381221, 0.0, 0.0], [0.0, 0.0, 603077.9430381221, 0.0], [0.0, 0.0, 0.0, 60307794.30381221]]}","[-0.3536025673515276, -2.0508683021228706, 0.0]",False
3,P15,0fd6ae2b-97d7-4e48-98bd-b885d903cb74,34,1,haply,mpc,seeded_random,1628080972,persist_session,10.0,42.43884340286255,4566.870556736,0,1786002015.3854938,288.0,True,aggressive,adaptive,-0.08,-0.08,0.0,0.08,-0.08,0.0,0.064440156,-0.06461822,0.0,0.04141246,-0.06921333,0.20867786,0.005886204,0.0010330942,-0.00018990498,"[9.280430133617598, -0.025309602879001844, 0.0, 0.0, 0.0, 0.0, 7.556488037269853, 0.15322344050520778]","[0.1420759267194917, -0.1173137279441645, 0.0]","{""Controller Type"": ""MPC Controller"", ""weight_comfort"": 489.4818985832299, ""weight_trajectory"": 273232.1035730955, ""weight_goal"": 603077.9430381221, ""Q"": [[273232.1035730955, 0.0, 0.0, 0.0], [0.0, 0.0, 0.0, 0.0], [0.0, 0.0, 273232.1035730955, 0.0], [0.0, 0.0, 0.0, 0.0]], ""R"": [[489.4818985832299, 0.0], [0.0, 489.4818985832299]], ""P"": [[603077.9430381221, 0.0, 0.0, 0.0], [0.0, 60307794.30381221, 0.0, 0.0], [0.0, 0.0, 603077.9430381221, 0.0], [0.0, 0.0, 0.0, 60307794.30381221]]}","[-0.8216690240127118, -1.9527832003029053, 0.0]",False
3,P15,0fd6ae2b-97d7-4e48-98bd-b885d903cb74,34,1,haply,mpc,seeded_random,1628080972,persist_session,10.0,42.44881907463074,4566.88053723,0,1786002015.3956394,289.0,True,aggressive,adaptive,-0.08,-0.08,0.0,0.08,-0.08,0.0,0.065458296,-0.0647999,0.0,0.041708168,-0.06913724,0.20856908,0.010859358,0.0030745151,-0.000586086,"[9.27978619344972, -0.02126575860663727, 0.0, 0.0, 0.0, 0.0, 7.571573925308648, 0.1532410142633518]","[0.13280983777001293, -0.11783279169359932, 0.0]","{""Controller Type"": ""MPC Controller"", ""weight_comfort"": 442.2758621847187, ""weight_trajectory"": 367844.6020136596, ""weight_goal"": 814170.2426702866, ""Q"": [[367844.6020136596, 0.0, 0.0, 0.0], [0.0, 0.0, 0.0, 0.0], [0.0, 0.0, 367844.6020136596, 0.0], [0.0, 0.0, 0.0, 0.0]], ""R"": [[442.2758621847187, 0.0], [0.0, 442.2758621847187]], ""P"": [[814170.2426702866, 0.0, 0.0, 0.0], [0.0, 81417024.26702866, 0.0, 0.0], [0.0, 0.0, 814170.2426702866, 0.0], [0.0, 0.0, 0.0, 81417024.26702866]]}","[-1.0050402444109687, -1.750428677518532, 0.0]",False
3,P15,0fd6ae2b-97d7-4e48-98bd-b885d903cb74,34,1,haply,mpc,seeded_random,1628080972,persist_session,10.0,42.4588498210907,4566.890560537,0,1786002015.405387,290.0,True,aggressive,adaptive,-0.08,-0.08,0.0,0.08,-0.08,0.0,0.0663454199999999,-0.06501746,0.0,0.041966222,-0.069047585,0.20843041,0.01518499,0.004870172,-0.0012700047,"[9.280338893128018, -0.026887847038155104, 0.0, 0.0, 0.0, 0.0, 7.576531265986166, 0.15349786430928913]","[0.12427205708410867, -0.11694168712270678, 0.0]","{""Controller Type"": ""MPC Controller"", ""weight_comfort"": 442.2758621847187, ""weight_trajectory"": 367844.6020136596, ""weight_goal"": 814170.2426702866, ""Q"": [[367844.6020136596, 0.0, 0.0, 0.0], [0.0, 0.0, 0.0, 0.0], [0.0, 0.0, 367844.6020136596, 0.0], [0.0, 0.0, 0.0, 0.0]], ""R"": [[442.2758621847187, 0.0], [0.0, 442.2758621847187]], ""P"": [[814170.2426702866, 0.0, 0.0, 0.0], [0.0, 81417024.26702866, 0.0, 0.0], [0.0, 0.0, 814170.2426702866, 0.0], [0.0, 0.0, 0.0, 81417024.26702866]]}","[-0.9743476755308321, -1.7562304023999937, 0.0]",False
3,P15,0fd6ae2b-97d7-4e48-98bd-b885d903cb74,34,1,haply,mpc,seeded_random,1628080972,persist_session,10.0,42.46882358551026,4566.900540669,0,1786002015.4157002,291.0,True,aggressive,adaptive,-0.08,-0.08,0.0,0.08,-0.08,0.0,0.067119582,-0.0652947999999999,0.0,0.042109236,-0.06889668,0.20828882,0.018133232,0.0062194425,-0.0019670832,"[9.279165422760306, -0.03371859323247801, 0.0, 0.0, 0.0, 0.0, 7.580977794161136, 0.15400569295966038]","[0.11698845555401642, -0.11562124820644558, 0.0]","{""Controller Type"": ""MPC Controller"", ""weight_comfort"": 442.2758621847187, ""weight_trajectory"": 367844.6020136596, ""weight_goal"": 814170.2426702866, ""Q"": [[367844.6020136596, 0.0, 0.0, 0.0], [0.0, 0.0, 0.0, 0.0], [0.0, 0.0, 367844.6020136596, 0.0], [0.0, 0.0, 0.0, 0.0]], ""R"": [[442.2758621847187, 0.0], [0.0, 442.2758621847187]], ""P"": [[814170.2426702866, 0.0, 0.0, 0.0], [0.0, 81417024.26702866, 0.0, 0.0], [0.0, 0.0, 814170.2426702866, 0.0], [0.0, 0.0, 0.0, 81417024.26702866]]}","[-0.7371028862511956, -1.6395996748147927, 0.0]",False
3,P15,0fd6ae2b-97d7-4e48-98bd-b885d903cb74,34,1,haply,mpc,seeded_random,1628080972,persist_session,10.0,42.478730831146244,4566.91043392,0,1786002015.425512,292.0,True,aggressive,adaptive,-0.08,-0.08,0.0,0.08,-0.08,0.0,0.067548624,-0.0655779799999999,0.0,0.042182535,-0.06874893,0.20811914,0.019853856,0.008138071,-0.0037123708,"[9.266396813692337, -0.03983366089917366, 0.0, 0.0, 0.0, 0.0, 7.582094764977914, 0.15417254227315033]","[0.11363759251468494, -0.11379868639239415, 0.0]","{""Controller Type"": ""MPC Controller"", ""weight_comfort"": 399.8339586999085, ""weight_trajectory"": 452596.35626269254, ""weight_goal"": 1002305.4365811389, ""Q"": [[452596.35626269254, 0.0, 0.0, 0.0], [0.0, 0.0, 0.0, 0.0], [0.0, 0.0, 452596.35626269254, 0.0], [0.0, 0.0, 0.0, 0.0]], ""R"": [[399.8339586999085, 0.0], [0.0, 399.8339586999085]], ""P"": [[1002305.4365811389, 0.0, 0.0, 0.0], [0.0, 100230543.65811388, 0.0, 0.0], [0.0, 0.0, 1002305.4365811389, 0.0], [0.0, 0.0, 0.0, 100230543.65811388]]}","[-0.2259368292416872, -1.5660552729468937, 0.0]",False
3,P15,0fd6ae2b-97d7-4e48-98bd-b885d903cb74,34,1,haply,mpc,seeded_random,1628080972,persist_session,10.0,42.48883930206299,4566.920554505,0,1786002015.4356568,293.0,True,aggressive,adaptive,-0.08,-0.08,0.0,0.08,-0.08,0.0,0.067768521,-0.0659173399999999,0.0,0.042206503,-0.068532854,0.20785938,0.019297417,0.009532914,-0.0066653243,"[9.252354277856329, -0.040402527161738706, 0.0, 0.0, 0.0, 0.0, 7.586034155403427, 0.1550992846262893]","[0.11229421085854914, -0.11201990792569821, 0.0]","{""Controller Type"": ""MPC Controller"", ""weight_comfort"": 399.8339586999085, ""weight_trajectory"": 452596.35626269254, ""weight_goal"": 1002305.4365811389, ""Q"": [[452596.35626269254, 0.0, 0.0, 0.0], [0.0, 0.0, 0.0, 0.0], [0.0, 0.0, 452596.35626269254, 0.0], [0.0, 0.0, 0.0, 0.0]], ""R"": [[399.8339586999085, 0.0], [0.0, 399.8339586999085]], ""P"": [[1002305.4365811389, 0.0, 0.0, 0.0], [0.0, 100230543.65811388, 0.0, 0.0], [0.0, 0.0, 1002305.4365811389, 0.0], [0.0, 0.0, 0.0, 100230543.65811388]]}","[0.10086999376520428, -1.507997705662388, 0.0]",False
3,P15,0fd6ae2b-97d7-4e48-98bd-b885d903cb74,34,1,haply,mpc,seeded_random,1628080972,persist_session,10.0,42.49890509605408,4566.930612219,0,1786002015.4457958,294.0,True,aggressive,adaptive,-0.08,-0.08,0.0,0.08,-0.08,0.0,0.067840425,-0.0664368599999999,0.0,0.042261645,-0.06830082,0.20759952,0.01737107,0.01057279,-0.010003364,"[9.240401316881952, -0.0391320723892933, 0.0, 0.0, 0.0, 0.0, 7.598474966661473, 0.1644275383922915]","[0.11208183477132122, -0.11148441811409367, 0.0]","{""Controller Type"": ""MPC Controller"", ""weight_comfort"": 399.8339586999085, ""weight_trajectory"": 452596.35626269254, ""weight_goal"": 1002305.4365811389, ""Q"": [[452596.35626269254, 0.0, 0.0, 0.0], [0.0, 0.0, 0.0, 0.0], [0.0, 0.0, 452596.35626269254, 0.0], [0.0, 0.0, 0.0, 0.0]], ""R"": [[399.8339586999085, 0.0], [0.0, 399.8339586999085]], ""P"": [[1002305.4365811389, 0.0, 0.0, 0.0], [0.0, 100230543.65811388, 0.0, 0.0], [0.0, 0.0, 1002305.4365811389, 0.0], [0.0, 0.0, 0.0, 100230543.65811388]]}","[0.34899857699739256, -1.125102775827871, 0.0]",False
3,P15,0fd6ae2b-97d7-4e48-98bd-b885d903cb74,34,1,haply,mpc,seeded_random,1628080972,persist_session,10.0,42.508834037780765,4566.940552462,0,1786002015.4558728,295.0,True,aggressive,adaptive,-0.08,-0.08,0.0,0.08,-0.08,0.0,0.068005851,-0.0669565799999999,0.0,0.042316314,-0.068068855,0.20734094,0.015121013,0.012510203,-0.013414622,"[9.245756085548182, -0.03922414340895175, 0.0, 0.0, 0.0, 0.0, 7.597965643988274, 0.1639940732145187]","[0.11025106488774286, -0.10756143089843409, 0.0]","{""Controller Type"": ""MPC Controller"", ""weight_comfort"": 392.4243766185832, ""weight_trajectory"": 467402.1995313202, ""weight_goal"": 1034972.4511089019, ""Q"": [[467402.1995313202, 0.0, 0.0, 0.0], [0.0, 0.0, 0.0, 0.0], [0.0, 0.0, 467402.1995313202, 0.0], [0.0, 0.0, 0.0, 0.0]], ""R"": [[392.4243766185832, 0.0], [0.0, 392.4243766185832]], ""P"": [[1034972.4511089019, 0.0, 0.0, 0.0], [0.0, 103497245.1108902, 0.0, 0.0], [0.0, 0.0, 1034972.4511089019, 0.0], [0.0, 0.0, 0.0, 103497245.1108902]]}","[0.18216948356785181, -1.0424461343757723, 0.0]",False
3,P15,0fd6ae2b-97d7-4e48-98bd-b885d903cb74,34,1,haply,mpc,seeded_random,1628080972,persist_session,10.0,42.5188936328888,4566.950601551,0,1786002015.465471,296.0,True,aggressive,adaptive,-0.08,-0.08,0.0,0.08,-0.08,0.0,0.068169858,-0.06747374,0.0,0.04247136,-0.06782819,0.20706734,0.013086895,0.014729886,-0.016142486,"[9.245508276676489, -0.039222385809841, 0.0, 0.0, 0.0, 0.0, 7.598750714906324, 0.16485255396223675]","[0.10870547627295514, -0.1040662859972509, 0.0]","{""Controller Type"": ""MPC Controller"", ""weight_comfort"": 392.4243766185832, ""weight_trajectory"": 467402.1995313202, ""weight_goal"": 1034972.4511089019, ""Q"": [[467402.1995313202, 0.0, 0.0, 0.0], [0.0, 0.0, 0.0, 0.0], [0.0, 0.0, 467402.1995313202, 0.0], [0.0, 0.0, 0.0, 0.0]], ""R"": [[392.4243766185832, 0.0], [0.0, 392.4243766185832]], ""P"": [[1034972.4511089019, 0.0, 0.0, 0.0], [0.0, 103497245.1108902, 0.0, 0.0], [0.0, 0.0, 1034972.4511089019, 0.0], [0.0, 0.0, 0.0, 103497245.1108902]]}","[0.1587835820637224, -0.9344505066906591, 0.0]",False
3,P15,0fd6ae2b-97d7-4e48-98bd-b885d903cb74,34,1,haply,mpc,seeded_random,1628080972,persist_session,10.0,42.52884999275208,4566.960561202,0,1786002015.4755664,297.0,True,aggressive,adaptive,-0.08,-0.08,0.0,0.08,-0.08,0.0,0.068634996,-0.06802094,0.0,0.04264541,-0.06769264,0.20679988,0.011673679,0.01618906,-0.01817279,"[9.253414225739915, -0.03326617673701088, 0.0, 0.0, 0.0, 0.0, 7.598409960212163, 0.16441309017772035]","[0.10363236909857969, -0.09993351297764273, 0.0]","{""Controller Type"": ""MPC Controller"", ""weight_comfort"": 392.4243766185832, ""weight_trajectory"": 467402.1995313202, ""weight_goal"": 1034972.4511089019, ""Q"": [[467402.1995313202, 0.0, 0.0, 0.0], [0.0, 0.0, 0.0, 0.0], [0.0, 0.0, 467402.1995313202, 0.0], [0.0, 0.0, 0.0, 0.0]], ""R"": [[392.4243766185832, 0.0], [0.0, 392.4243766185832]], ""P"": [[1034972.4511089019, 0.0, 0.0, 0.0], [0.0, 103497245.1108902, 0.0, 0.0], [0.0, 0.0, 1034972.4511089019, 0.0], [0.0, 0.0, 0.0, 103497245.1108902]]}","[-0.35924662100704885, -0.8474495705684902, 0.0]",False
3,P15,0fd6ae2b-97d7-4e48-98bd-b885d903cb74,34,1,haply,mpc,seeded_random,1628080972,persist_session,10.0,42.538746986389164,4566.970460546,0,1786002015.485411,298.0,True,aggressive,adaptive,-0.08,-0.08,0.0,0.08,-0.08,0.0,0.069157146,-0.06855586,0.0,0.042856142,-0.06756796,0.20656142,0.0113134375,0.017033886,-0.019667802,"[9.254461844433528, -0.031605328473143526, 0.0, 0.0, 0.0, 0.0, 7.598055432333644, 0.1638707847952532]","[0.0986684464005117, -0.09585740941846241, 0.0]","{""Controller Type"": ""MPC Controller"", ""weight_comfort"": 368.94743310902663, ""weight_trajectory"": 514312.67641458334, ""weight_goal"": 1139591.0848686246, ""Q"": [[514312.67641458334, 0.0, 0.0, 0.0], [0.0, 0.0, 0.0, 0.0], [0.0, 0.0, 514312.67641458334, 0.0], [0.0, 0.0, 0.0, 0.0]], ""R"": [[368.94743310902663, 0.0], [0.0, 368.94743310902663]], ""P"": [[1139591.0848686246, 0.0, 0.0, 0.0], [0.0, 113959108.48686245, 0.0, 0.0], [0.0, 0.0, 1139591.0848686246, 0.0], [0.0, 0.0, 0.0, 113959108.48686245]]}","[-0.4994563274962739, -0.7655361891493219, 0.0]",False
3,P15,0fd6ae2b-97d7-4e48-98bd-b885d903cb74,34,1,haply,mpc,seeded_random,1628080972,persist_session,10.0,42.548928890228275,4566.980638279,0,1786002015.4953685,299.0,True,aggressive,adaptive,-0.08,-0.08,0.0,0.08,-0.08,0.0,0.069789342,-0.06903278,0.0,0.04310468,-0.067464665,0.20630921,0.012538458,0.01780721,-0.021188047,"[9.254575400079126, -0.028184808582827008, 0.0, 0.0, 0.0, 0.0, 7.594424185911094, 0.15970499555200082]","[0.0927058762485106, -0.09093884048474661, 0.0]","{""Controller Type"": ""MPC Controller"", ""weight_comfort"": 368.94743310902663, ""weight_trajectory"": 514312.67641458334, ""weight_goal"": 1139591.0848686246, ""Q"": [[514312.67641458334, 0.0, 0.0, 0.0], [0.0, 0.0, 0.0, 0.0], [0.0, 0.0, 514312.67641458334, 0.0], [0.0, 0.0, 0.0, 0.0]], ""R"": [[368.94743310902663, 0.0], [0.0, 368.94743310902663]], ""P"": [[1139591.0848686246, 0.0, 0.0, 0.0], [0.0, 113959108.48686245, 0.0, 0.0], [0.0, 0.0, 1139591.0848686246, 0.0], [0.0, 0.0, 0.0, 113959108.48686245]]}","[-0.7257817914440362, -0.8269770469834027, 0.0]",False
3,P15,0fd6ae2b-97d7-4e48-98bd-b885d903cb74,34,1,haply,mpc,seeded_random,1628080972,persist_session,10.0,42.55881229400635,4566.990527677,0,1786002015.505456,300.0,True,aggressive,adaptive,-0.08,-0.08,0.0,0.08,-0.08,0.0,0.070534956,-0.0695372,0.0,0.043346476,-0.0673318,0.20602734,0.014267504,0.017540053,-0.022285381,"[9.253093881314141, -0.023981935626194238, 0.0, 0.0, 0.0, 0.0, 7.594896202288249, 0.16044504177432617]","[0.08580832267754551, -0.08748685570231622, 0.0]","{""Controller Type"": ""MPC Controller"", ""weight_comfort"": 368.94743310902663, ""weight_trajectory"": 514312.67641458334, ""weight_goal"": 1139591.0848686246, ""Q"": [[514312.67641458334, 0.0, 0.0, 0.0], [0.0, 0.0, 0.0, 0.0], [0.0, 0.0, 514312.67641458334, 0.0], [0.0, 0.0, 0.0, 0.0]], ""R"": [[368.94743310902663, 0.0], [0.0, 368.94743310902663]], ""P"": [[1139591.0848686246, 0.0, 0.0, 0.0], [0.0, 113959108.48686245, 0.0, 0.0], [0.0, 0.0, 1139591.0848686246, 0.0], [0.0, 0.0, 0.0, 113959108.48686245]]}","[-0.9349682125552415, -0.7138801040828573, 0.0]",False
3,P15,0fd6ae2b-97d7-4e48-98bd-b885d903cb74,34,1,haply,mpc,seeded_random,1628080972,persist_session,10.0,42.56883779525757,4567.000550178,0,1786002015.5156736,301.0,True,aggressive,adaptive,-0.08,-0.08,0.0,0.08,-0.08,0.0,0.071260344,-0.07010094,0.0,0.04359836,-0.06708619,0.20569833,0.016236806,0.017093007,-0.023594823,"[9.253732389866615, -0.025551800937793048, 0.0, 0.0, 0.0, 0.0, 7.595816974089101, 0.16340962432341222]","[0.07906042581258, -0.08420725804138604, 0.0]","{""Controller Type"": ""MPC Controller"", ""weight_comfort"": 319.59123781978803, ""weight_trajectory"": 612921.6755575747, ""weight_goal"": 1358912.6240516824, ""Q"": [[612921.6755575747, 0.0, 0.0, 0.0], [0.0, 0.0, 0.0, 0.0], [0.0, 0.0, 612921.6755575747, 0.0], [0.0, 0.0, 0.0, 0.0]], ""R"": [[319.59123781978803, 0.0], [0.0, 319.59123781978803]], ""P"": [[1358912.6240516824, 0.0, 0.0, 0.0], [0.0, 135891262.40516824, 0.0, 0.0], [0.0, 0.0, 1358912.6240516824, 0.0], [0.0, 0.0, 0.0, 135891262.40516824]]}","[-0.9110711352705326, -0.538545685268388, 0.0]",False
3,P15,0fd6ae2b-97d7-4e48-98bd-b885d903cb74,34,1,haply,mpc,seeded_random,1628080972,persist_session,10.0,42.57884541511536,4567.010554574,0,1786002015.5256507,302.0,True,aggressive,adaptive,-0.08,-0.08,0.0,0.08,-0.08,0.0,0.072015996,-0.0707589599999999,0.0,0.043811336,-0.06682713,0.2053422,0.018056558,0.01705538,-0.02470837,"[9.252598173930755, -0.02363856448349811, 0.0, 0.0, 0.0, 0.0, 7.595114894429339, 0.17230193357486168]","[0.07208242847940201, -0.08155059296277822, 0.0]","{""Controller Type"": ""MPC Controller"", ""weight_comfort"": 319.59123781978803, ""weight_trajectory"": 612921.6755575747, ""weight_goal"": 1358912.6240516824, ""Q"": [[612921.6755575747, 0.0, 0.0, 0.0], [0.0, 0.0, 0.0, 0.0], [0.0, 0.0, 612921.6755575747, 0.0], [0.0, 0.0, 0.0, 0.0]], ""R"": [[319.59123781978803, 0.0], [0.0, 319.59123781978803]], ""P"": [[1358912.6240516824, 0.0, 0.0, 0.0], [0.0, 135891262.40516824, 0.0, 0.0], [0.0, 0.0, 1358912.6240516824, 0.0], [0.0, 0.0, 0.0, 135891262.40516824]]}","[-1.0609236572687448, -0.27720798076475583, 0.0]",False
3,P15,0fd6ae2b-97d7-4e48-98bd-b885d903cb74,34,1,haply,mpc,seeded_random,1628080972,persist_session,10.0,42.58884755134583,4567.020559889,0,1786002015.5354748,303.0,True,aggressive,adaptive,-0.08,-0.08,0.0,0.08,-0.08,0.0,0.072654924,-0.07147122,0.0,0.04400857,-0.06650028,0.20497146,0.019231603,0.018032761,-0.026327897,"[9.254990680205342, -0.028283081194901548, 0.0, 0.0, 0.0, 0.0, 7.593431003801267, 0.17824980379016453]","[0.06613915721501827, -0.07768612673848033, 0.0]","{""Controller Type"": ""MPC Controller"", ""weight_comfort"": 319.59123781978803, ""weight_trajectory"": 612921.6755575747, ""weight_goal"": 1358912.6240516824, ""Q"": [[612921.6755575747, 0.0, 0.0, 0.0], [0.0, 0.0, 0.0, 0.0], [0.0, 0.0, 612921.6755575747, 0.0], [0.0, 0.0, 0.0, 0.0]], ""R"": [[319.59123781978803, 0.0], [0.0, 319.59123781978803]], ""P"": [[1358912.6240516824, 0.0, 0.0, 0.0], [0.0, 135891262.40516824, 0.0, 0.0], [0.0, 0.0, 1358912.6240516824, 0.0], [0.0, 0.0, 0.0, 135891262.40516824]]}","[-0.8939638383919591, -0.05014227062993893, 0.0]",False
3,P15,0fd6ae2b-97d7-4e48-98bd-b885d903cb74,34,1,haply,mpc,seeded_random,1628080972,persist_session,10.0,42.59878030776978,4567.030492374,0,1786002015.5455325,304.0,True,aggressive,adaptive,-0.08,-0.08,0.0,0.08,-0.08,0.0,0.073246626,-0.0722127,0.0,0.04416667,-0.06616087,0.20457497,0.019520406,0.019972268,-0.028651074,"[9.25620893527114, -0.030741151249109006, 0.0, 0.0, 0.0, 0.0, 7.593232579449426, 0.17876230681993724]","[0.06070211368189449, -0.07230962180688, 0.0]","{""Controller Type"": ""MPC Controller"", ""weight_comfort"": 319.59123781978803, ""weight_trajectory"": 612921.6755575747, ""weight_goal"": 1358912.6240516824, ""Q"": [[612921.6755575747, 0.0, 0.0, 0.0], [0.0, 0.0, 0.0, 0.0], [0.0, 0.0, 612921.6755575747, 0.0], [0.0, 0.0, 0.0, 0.0]], ""R"": [[319.59123781978803, 0.0], [0.0, 319.59123781978803]], ""P"": [[1358912.6240516824, 0.0, 0.0, 0.0], [0.0, 135891262.40516824, 0.0, 0.0], [0.0, 0.0, 1358912.6240516824, 0.0], [0.0, 0.0, 0.0, 135891262.40516824]]}","[-0.8048460069910613, 0.08727237630857963, 0.0]",False
3,P15,0fd6ae2b-97d7-4e48-98bd-b885d903cb74,34,1,haply,mpc,seeded_random,1628080972,persist_session,10.0,42.608849678039554,4567.04056083,0,1786002015.5553818,305.0,True,aggressive,adaptive,-0.08,-0.08,0.0,0.08,-0.08,0.0,0.0737209259999999,-0.07300568,0.0,0.04428223,-0.06593812,0.20426938,0.019505471,0.022012405,-0.030540654,"[9.257283335609866, -0.034033421558793873, 0.0, 0.0, 0.0, 0.0, 7.589286435009902, 0.18602569747435058]","[0.05648826529446702, -0.06805905454791837, 0.0]","{""Controller Type"": ""MPC Controller"", ""weight_comfort"": 269.4132190192166, ""weight_trajectory"": 713305.1333556421, ""weight_goal"": 1581603.6567293543, ""Q"": [[713305.1333556421, 0.0, 0.0, 0.0], [0.0, 0.0, 0.0, 0.0], [0.0, 0.0, 713305.1333556421, 0.0], [0.0, 0.0, 0.0, 0.0]], ""R"": [[269.4132190192166, 0.0], [0.0, 269.4132190192166]], ""P"": [[1581603.6567293543, 0.0, 0.0, 0.0], [0.0, 158160365.67293543, 0.0, 0.0], [0.0, 0.0, 1581603.6567293543, 0.0], [0.0, 0.0, 0.0, 158160365.67293543]]}","[-0.6569104271772794, 0.3213841365310779, 0.0]",False
3,P15,0fd6ae2b-97d7-4e48-98bd-b885d903cb74,34,1,haply,mpc,seeded_random,1628080972,persist_session,10.0,42.61879697799683,4567.050506771,0,1786002015.565462,306.0,True,aggressive,adaptive,-0.08,-0.08,0.0,0.08,-0.08,0.0,0.074067606,-0.07361686,0.0,0.044417325,-0.065799125,0.20405087,0.018997472,0.023186602,-0.03141567,"[9.256786966525715, -0.03673238818455167, 0.0, 0.0, 0.0, 0.0, 7.596093702167121, 0.16857212438219482]","[0.05365161798084649, -0.058707610233679, 0.0]","{""Controller Type"": ""MPC Controller"", ""weight_comfort"": 269.4132190192166, ""weight_trajectory"": 713305.1333556421, ""weight_goal"": 1581603.6567293543, ""Q"": [[713305.1333556421, 0.0, 0.0, 0.0], [0.0, 0.0, 0.0, 0.0], [0.0, 0.0, 713305.1333556421, 0.0], [0.0, 0.0, 0.0, 0.0]], ""R"": [[269.4132190192166, 0.0], [0.0, 269.4132190192166]], ""P"": [[1581603.6567293543, 0.0, 0.0, 0.0], [0.0, 158160365.67293543, 0.0, 0.0], [0.0, 0.0, 1581603.6567293543, 0.0], [0.0, 0.0, 0.0, 158160365.67293543]]}","[-0.4216361724052629, 0.0631168172241224, 0.0]",False
3,P15,0fd6ae2b-97d7-4e48-98bd-b885d903cb74,34,1,haply,mpc,seeded_random,1628080972,persist_session,10.0,42.6288618183136,4567.060571204,0,1786002015.575401,307.0,True,aggressive,adaptive,-0.08,-0.08,0.0,0.08,-0.08,0.0,0.074472891,-0.07405388,0.0,0.04458814,-0.06566142,0.2039021,0.018267388,0.023234358,-0.031395964,"[9.256401232276673, -0.035294515358970914, 0.0, 0.0, 0.0, 0.0, 7.5973719077376405, 0.1582282396802446]","[0.04972191912193565, -0.052132246578409445, 0.0]","{""Controller Type"": ""MPC Controller"", ""weight_comfort"": 236.7887218540771, ""weight_trajectory"": 778353.0189452724, ""weight_goal"": 1726791.0603917013, ""Q"": [[778353.0189452724, 0.0, 0.0, 0.0], [0.0, 0.0, 0.0, 0.0], [0.0, 0.0, 778353.0189452724, 0.0], [0.0, 0.0, 0.0, 0.0]], ""R"": [[236.7887218540771, 0.0], [0.0, 236.7887218540771]], ""P"": [[1726791.0603917013, 0.0, 0.0, 0.0], [0.0, 172679106.03917012, 0.0, 0.0], [0.0, 0.0, 1726791.0603917013, 0.0], [0.0, 0.0, 0.0, 172679106.03917012]]}","[-0.5493680407985575, -0.1653736530551017, 0.0]",False
3,P15,0fd6ae2b-97d7-4e48-98bd-b885d903cb74,34,1,haply,mpc,seeded_random,1628080972,persist_session,10.0,42.6389526462555,4567.070660871,0,1786002015.5855236,308.0,True,aggressive,adaptive,-0.08,-0.08,0.0,0.08,-0.08,0.0,0.074985336,-0.07435142,0.0,0.04476383,-0.065690264,0.20385532,0.0174642,0.022358513,-0.030141063,"[9.254437181640595, -0.032305560132611384, 0.0, 0.0, 0.0, 0.0, 7.594905324172666, 0.15274819551729849]","[0.04477245101421303, -0.047390282547952425, 0.0]","{""Controller Type"": ""MPC Controller"", ""weight_comfort"": 236.7887218540771, ""weight_trajectory"": 778353.0189452724, ""weight_goal"": 1726791.0603917013, ""Q"": [[778353.0189452724, 0.0, 0.0, 0.0], [0.0, 0.0, 0.0, 0.0], [0.0, 0.0, 778353.0189452724, 0.0], [0.0, 0.0, 0.0, 0.0]], ""R"": [[236.7887218540771, 0.0], [0.0, 236.7887218540771]], ""P"": [[1726791.0603917013, 0.0, 0.0, 0.0], [0.0, 172679106.03917012, 0.0, 0.0], [0.0, 0.0, 1726791.0603917013, 0.0], [0.0, 0.0, 0.0, 172679106.03917012]]}","[-0.7555309777098036, -0.3882631381089807, 0.0]",False
3,P15,0fd6ae2b-97d7-4e48-98bd-b885d903cb74,34,1,haply,mpc,seeded_random,1628080972,persist_session,10.0,42.64884010314942,4567.080551084,0,1786002015.595435,309.0,True,aggressive,adaptive,-0.08,-0.08,0.0,0.08,-0.08,0.0,0.075512406,-0.07444498,0.0,0.0450006,-0.06568493,0.20380588,0.016993921,0.021166367,-0.028251639,"[9.253831456542848, -0.031548176175980665, 0.0, 0.0, 0.0, 0.0, 7.583900453799436, 0.15178192791498546]","[0.03984970711244504, -0.04356153382643324, 0.0]","{""Controller Type"": ""MPC Controller"", ""weight_comfort"": 236.7887218540771, ""weight_trajectory"": 778353.0189452724, ""weight_goal"": 1726791.0603917013, ""Q"": [[778353.0189452724, 0.0, 0.0, 0.0], [0.0, 0.0, 0.0, 0.0], [0.0, 0.0, 778353.0189452724, 0.0], [0.0, 0.0, 0.0, 0.0]], ""R"": [[236.7887218540771, 0.0], [0.0, 236.7887218540771]], ""P"": [[1726791.0603917013, 0.0, 0.0, 0.0], [0.0, 172679106.03917012, 0.0, 0.0], [0.0, 0.0, 1726791.0603917013, 0.0], [0.0, 0.0, 0.0, 172679106.03917012]]}","[-0.8183325098896953, -0.733302194806884, 0.0]",False
3,P15,0fd6ae2b-97d7-4e48-98bd-b885d903cb74,34,1,haply,mpc,seeded_random,1628080972,persist_session,10.0,42.6589070892334,4567.090611167,0,1786002015.6055574,310.0,True,aggressive,adaptive,-0.08,-0.08,0.0,0.08,-0.08,0.0,0.076222716,-0.07454386,0.0,0.045190997,-0.06562074,0.2037847,0.016888667,0.020016434,-0.026565865,"[9.245293614637005, -0.023605939772438245, 0.0, 0.0, 0.0, 0.0, 7.583846487636427, 0.1517762610783224]","[0.0332656829645576, -0.042861089544457096, 0.0]","{""Controller Type"": ""MPC Controller"", ""weight_comfort"": 184.54830227551304, ""weight_trajectory"": 882859.9608339766, ""weight_goal"": 1958781.23000066, ""Q"": [[882859.9608339766, 0.0, 0.0, 0.0], [0.0, 0.0, 0.0, 0.0], [0.0, 0.0, 882859.9608339766, 0.0], [0.0, 0.0, 0.0, 0.0]], ""R"": [[184.54830227551304, 0.0], [0.0, 184.54830227551304]], ""P"": [[1958781.23000066, 0.0, 0.0, 0.0], [0.0, 195878123.000066, 0.0, 0.0], [0.0, 0.0, 1958781.23000066, 0.0], [0.0, 0.0, 0.0, 195878123.000066]]}","[-1.1475204197098985, -0.7112915944831742, 0.0]",False
3,P15,0fd6ae2b-97d7-4e48-98bd-b885d903cb74,34,1,haply,mpc,seeded_random,1628080972,persist_session,10.0,42.66883460044861,4567.100544278,0,1786002015.6154475,311.0,True,aggressive,adaptive,-0.08,-0.08,0.0,0.08,-0.08,0.0,0.076793907,-0.0745862199999999,0.0,0.04538133,-0.065556124,0.20376353,0.01685458,0.01879786,-0.024521241,"[9.250690843985367, -0.02869502454340357, 0.0, 0.0, 0.0, 0.0, 7.580170163737545, 0.15197910237724402]","[0.028001324602392876, -0.04168831225676277, 0.0]","{""Controller Type"": ""MPC Controller"", ""weight_comfort"": 184.54830227551304, ""weight_trajectory"": 882859.9608339766, ""weight_goal"": 1958781.23000066, ""Q"": [[882859.9608339766, 0.0, 0.0, 0.0], [0.0, 0.0, 0.0, 0.0], [0.0, 0.0, 882859.9608339766, 0.0], [0.0, 0.0, 0.0, 0.0]], ""R"": [[184.54830227551304, 0.0], [0.0, 184.54830227551304]], ""P"": [[1958781.23000066, 0.0, 0.0, 0.0], [0.0, 195878123.000066, 0.0, 0.0], [0.0, 0.0, 1958781.23000066, 0.0], [0.0, 0.0, 0.0, 195878123.000066]]}","[-0.9581246126150663, -0.8208519459103267, 0.0]",False
3,P15,0fd6ae2b-97d7-4e48-98bd-b885d903cb74,34,1,haply,mpc,seeded_random,1628080972,persist_session,10.0,42.67881289482117,4567.110525108,0,1786002015.625533,312.0,True,aggressive,adaptive,-0.08,-0.08,0.0,0.08,-0.08,0.0,0.077364906,-0.07462856,0.0,0.04548062,-0.06554242,0.20374613,0.017656256,0.014351639,-0.018993184,"[9.251299321814827, -0.02923034135205755, 0.0, 0.0, 0.0, 0.0, 7.5798648548465195, 0.15199633776710705]","[0.022723156738747783, -0.0413528808082888, 0.0]","{""Controller Type"": ""MPC Controller"", ""weight_comfort"": 184.54830227551304, ""weight_trajectory"": 882859.9608339766, ""weight_goal"": 1958781.23000066, ""Q"": [[882859.9608339766, 0.0, 0.0, 0.0], [0.0, 0.0, 0.0, 0.0], [0.0, 0.0, 882859.9608339766, 0.0], [0.0, 0.0, 0.0, 0.0]], ""R"": [[184.54830227551304, 0.0], [0.0, 184.54830227551304]], ""P"": [[1958781.23000066, 0.0, 0.0, 0.0], [0.0, 195878123.000066, 0.0, 0.0], [0.0, 0.0, 1958781.23000066, 0.0], [0.0, 0.0, 0.0, 195878123.000066]]}","[-0.9543871102313923, -0.8153721087647672, 0.0]",False
3,P15,0fd6ae2b-97d7-4e48-98bd-b885d903cb74,34,1,haply,mpc,seeded_random,1628080972,persist_session,10.0,42.68889657020569,4567.120608152,0,1786002015.6354058,313.0,True,aggressive,adaptive,-0.08,-0.08,0.0,0.08,-0.08,0.0,0.077662776,-0.07466336,0.0,0.04554961,-0.06554582,0.20372997,0.017918518,0.0107281795,-0.014546204,"[9.255966541740136, -0.03462959639862421, 0.0, 0.0, 0.0, 0.0, 7.579185483608954, 0.152045408030759]","[0.020588452244857648, -0.04098332632258571, 0.0]","{""Controller Type"": ""MPC Controller"", ""weight_comfort"": 138.75221708594614, ""weight_trajectory"": 974436.0448282409, ""weight_goal"": 2162242.902745451, ""Q"": [[974436.0448282409, 0.0, 0.0, 0.0], [0.0, 0.0, 0.0, 0.0], [0.0, 0.0, 974436.0448282409, 0.0], [0.0, 0.0, 0.0, 0.0]], ""R"": [[138.75221708594614, 0.0], [0.0, 138.75221708594614]], ""P"": [[2162242.902745451, 0.0, 0.0, 0.0], [0.0, 216224290.27454507, 0.0, 0.0], [0.0, 0.0, 2162242.902745451, 0.0], [0.0, 0.0, 0.0, 216224290.27454507]]}","[-0.4807748700565439, -0.8218763037566559, 0.0]",False
3,P15,0fd6ae2b-97d7-4e48-98bd-b885d903cb74,34,1,haply,mpc,seeded_random,1628080972,persist_session,10.0,42.69880047798157,4567.130521021,0,1786002015.6455336,314.0,True,aggressive,adaptive,-0.08,-0.08,0.0,0.08,-0.08,0.0,0.0778697459999999,-0.0746956799999999,0.0,0.04554961,-0.06554582,0.20372997,0.017006414,0.008796242,-0.011129814,"[9.256733666099665, -0.03589862338253345, 0.0, 0.0, 0.0, 0.0, 7.578725200711701, 0.152082082511265]","[0.018985574506847763, -0.04068531129382454, 0.0]","{""Controller Type"": ""MPC Controller"", ""weight_comfort"": 138.75221708594614, ""weight_trajectory"": 974436.0448282409, ""weight_goal"": 2162242.902745451, ""Q"": [[974436.0448282409, 0.0, 0.0, 0.0], [0.0, 0.0, 0.0, 0.0], [0.0, 0.0, 974436.0448282409, 0.0], [0.0, 0.0, 0.0, 0.0]], ""R"": [[138.75221708594614, 0.0], [0.0, 138.75221708594614]], ""P"": [[2162242.902745451, 0.0, 0.0, 0.0], [0.0, 216224290.27454507, 0.0, 0.0], [0.0, 0.0, 2162242.902745451, 0.0], [0.0, 0.0, 0.0, 216224290.27454507]]}","[-0.31529514022980637, -0.8359390039138355, 0.0]",False
3,P15,0fd6ae2b-97d7-4e48-98bd-b885d903cb74,34,1,haply,mpc,seeded_random,1628080972,persist_session,10.0,42.70883742332459,4567.14054951,0,1786002015.6553757,315.0,True,aggressive,adaptive,-0.08,-0.08,0.0,0.08,-0.08,0.0,0.0778697459999999,-0.0746956799999999,0.0,0.04554961,-0.06554582,0.20372997,0.0154006835,0.006860151,-0.008401291,"[9.253550155643543, -0.035395609915304535, 0.0, 0.0, 0.0, 0.0, 7.576221409650832, 0.15245349220667767]","[0.019712412233260392, -0.04018670274763921, 0.0]","{""Controller Type"": ""MPC Controller"", ""weight_comfort"": 138.75221708594614, ""weight_trajectory"": 974436.0448282409, ""weight_goal"": 2162242.902745451, ""Q"": [[974436.0448282409, 0.0, 0.0, 0.0], [0.0, 0.0, 0.0, 0.0], [0.0, 0.0, 974436.0448282409, 0.0], [0.0, 0.0, 0.0, 0.0]], ""R"": [[138.75221708594614, 0.0], [0.0, 138.75221708594614]], ""P"": [[2162242.902745451, 0.0, 0.0, 0.0], [0.0, 216224290.27454507, 0.0, 0.0], [0.0, 0.0, 2162242.902745451, 0.0], [0.0, 0.0, 0.0, 216224290.27454507]]}","[0.06058485229108671, -0.8946356327628213, 0.0]",False
3,P15,0fd6ae2b-97d7-4e48-98bd-b885d903cb74,34,1,haply,mpc,seeded_random,1628080972,persist_session,10.0,42.718810949325565,4567.150528893,0,1786002015.665527,316.0,True,aggressive,adaptive,-0.08,-0.08,0.0,0.08,-0.08,0.0,0.0778697459999999,-0.0746956799999999,0.0,0.04554961,-0.06554582,0.20372997,0.013875237,0.0053098733,-0.006556924,"[9.253520186701584, -0.035390874645352684, 0.0, 0.0, 0.0, 0.0, 7.5759450510140045, 0.1524944869520991]","[0.019712348391801908, -0.040185236852994716, 0.0]","{""Controller Type"": ""MPC Controller"", ""weight_comfort"": 131.9909489422101, ""weight_trajectory"": 988060.7778618849, ""weight_goal"": 2192239.250412337, ""Q"": [[988060.7778618849, 0.0, 0.0, 0.0], [0.0, 0.0, 0.0, 0.0], [0.0, 0.0, 988060.7778618849, 0.0], [0.0, 0.0, 0.0, 0.0]], ""R"": [[131.9909489422101, 0.0], [0.0, 131.9909489422101]], ""P"": [[2192239.250412337, 0.0, 0.0, 0.0], [0.0, 219223925.0412337, 0.0, 0.0], [0.0, 0.0, 2192239.250412337, 0.0], [0.0, 0.0, 0.0, 219223925.0412337]]}","[0.06058485230972486, -0.8946356325229676, 0.0]",False
3,P15,0fd6ae2b-97d7-4e48-98bd-b885d903cb74,34,1,haply,mpc,seeded_random,1628080972,persist_session,10.0,42.72884050369263,4567.160555325,0,1786002015.6753857,317.0,True,aggressive,adaptive,-0.08,-0.08,0.0,0.08,-0.08,0.0,0.0778697459999999,-0.0746956799999999,0.0,0.045610275,-0.065511495,0.20372744,0.011673875,0.0035693804,-0.0051790224,"[9.253490187955093, -0.035386134666108536, 0.0, 0.0, 0.0, 0.0, 7.575668435932977, 0.15253551973817958]","[0.019712284486852198, -0.04018376959808812, 0.0]","{""Controller Type"": ""MPC Controller"", ""weight_comfort"": 131.9909489422101, ""weight_trajectory"": 988060.7778618849, ""weight_goal"": 2192239.250412337, ""Q"": [[988060.7778618849, 0.0, 0.0, 0.0], [0.0, 0.0, 0.0, 0.0], [0.0, 0.0, 988060.7778618849, 0.0], [0.0, 0.0, 0.0, 0.0]], ""R"": [[131.9909489422101, 0.0], [0.0, 131.9909489422101]], ""P"": [[2192239.250412337, 0.0, 0.0, 0.0], [0.0, 219223925.0412337, 0.0, 0.0], [0.0, 0.0, 2192239.250412337, 0.0], [0.0, 0.0, 0.0, 219223925.0412337]]}","[0.06016985118556975, -0.8965508241741696, 0.0]",False
3,P15,0fd6ae2b-97d7-4e48-98bd-b885d903cb74,34,1,haply,mpc,seeded_random,1628080972,persist_session,10.0,42.7388004398346,4567.170518225,0,1786002015.6855,318.0,True,aggressive,adaptive,-0.08,-0.08,0.0,0.08,-0.08,0.0,0.078051741,-0.0747007399999999,0.0,0.045708533,-0.06548818,0.2037522,0.008995605,0.0028226923,-0.003751087,"[9.252362957349074, -0.03338455894336052, 0.0, 0.0, 0.0, 0.0, 7.575731147992112, 0.15252684126483915]","[0.017425291110394897, -0.04022207445166153, 0.0]","{""Controller Type"": ""MPC Controller"", ""weight_comfort"": 131.9909489422101, ""weight_trajectory"": 988060.7778618849, ""weight_goal"": 2192239.250412337, ""Q"": [[988060.7778618849, 0.0, 0.0, 0.0], [0.0, 0.0, 0.0, 0.0], [0.0, 0.0, 988060.7778618849, 0.0], [0.0, 0.0, 0.0, 0.0]], ""R"": [[131.9909489422101, 0.0], [0.0, 131.9909489422101]], ""P"": [[2192239.250412337, 0.0, 0.0, 0.0], [0.0, 219223925.0412337, 0.0, 0.0], [0.0, 0.0, 2192239.250412337, 0.0], [0.0, 0.0, 0.0, 219223925.0412337]]}","[-0.276297009602673, -0.8864837363758308, 0.0]",False
3,P15,0fd6ae2b-97d7-4e48-98bd-b885d903cb74,34,1,haply,mpc,seeded_random,1628080972,persist_session,10.0,42.74890771865845,4567.180623239,0,1786002015.695376,319.0,True,aggressive,adaptive,-0.08,-0.08,0.0,0.08,-0.08,0.0,0.078346515,-0.07465122,0.0,0.045815248,-0.06550232,0.2037634,0.0075244005,0.0025462285,-0.0028782035,"[9.249762868486934, -0.030935247648820555, 0.0, 0.0, 0.0, 0.0, 7.5709928451186315, 0.153635110636453]","[0.014370982976374324, -0.03972520406038712, 0.0]","{""Controller Type"": ""MPC Controller"", ""weight_comfort"": 116.12199223106812, ""weight_trajectory"": 1019892.7104021336, ""weight_goal"": 2262719.870650462, ""Q"": [[1019892.7104021336, 0.0, 0.0, 0.0], [0.0, 0.0, 0.0, 0.0], [0.0, 0.0, 1019892.7104021336, 0.0], [0.0, 0.0, 0.0, 0.0]], ""R"": [[116.12199223106812, 0.0], [0.0, 116.12199223106812]], ""P"": [[2262719.870650462, 0.0, 0.0, 0.0], [0.0, 226271987.0650462, 0.0, 0.0], [0.0, 0.0, 2262719.870650462, 0.0], [0.0, 0.0, 0.0, 226271987.0650462]]}","[-0.5029091297486185, -0.9963963487167325, 0.0]",False
3,P15,0fd6ae2b-97d7-4e48-98bd-b885d903cb74,34,1,haply,mpc,seeded_random,1628080972,persist_session,10.0,42.75881496429444,4567.190531024,0,1786002015.7055085,320.0,True,aggressive,adaptive,-0.08,-0.08,0.0,0.08,-0.08,0.0,0.07866666,-0.0746288199999999,0.0,0.045944996,-0.06547091,0.20374463,0.0068525434,0.0022441486,-0.002264967,"[9.249340531723794, -0.030575135721046295, 0.0, 0.0, 0.0, 0.0, 7.57274599945954, 0.1533043579874943]","[0.011366473032911663, -0.040335672381033603, 0.0]","{""Controller Type"": ""MPC Controller"", ""weight_comfort"": 116.12199223106812, ""weight_trajectory"": 1019892.7104021336, ""weight_goal"": 2262719.870650462, ""Q"": [[1019892.7104021336, 0.0, 0.0, 0.0], [0.0, 0.0, 0.0, 0.0], [0.0, 0.0, 1019892.7104021336, 0.0], [0.0, 0.0, 0.0, 0.0]], ""R"": [[116.12199223106812, 0.0], [0.0, 116.12199223106812]], ""P"": [[2262719.870650462, 0.0, 0.0, 0.0], [0.0, 226271987.0650462, 0.0, 0.0], [0.0, 0.0, 2262719.870650462, 0.0], [0.0, 0.0, 0.0, 226271987.0650462]]}","[-0.5461943582016637, -0.9530884943250165, 0.0]",False
3,P15,0fd6ae2b-97d7-4e48-98bd-b885d903cb74,34,1,haply,mpc,seeded_random,1628080972,persist_session,10.0,42.76886454582215,4567.200573748,0,1786002015.7153666,321.0,True,aggressive,adaptive,-0.08,-0.08,0.0,0.08,-0.08,0.0,0.079055904,-0.0746663599999999,0.0,0.046014123,-0.06547381,0.20372842,0.0065754335,0.001987956,-0.0018711304,"[9.246330766127064, -0.028294008741569877, 0.0, 0.0, 0.0, 0.0, 7.576284309477414, 0.15307325415269343]","[0.007612247350918954, -0.040992079654453735, 0.0]","{""Controller Type"": ""MPC Controller"", ""weight_comfort"": 116.12199223106812, ""weight_trajectory"": 1019892.7104021336, ""weight_goal"": 2262719.870650462, ""Q"": [[1019892.7104021336, 0.0, 0.0, 0.0], [0.0, 0.0, 0.0, 0.0], [0.0, 0.0, 1019892.7104021336, 0.0], [0.0, 0.0, 0.0, 0.0]], ""R"": [[116.12199223106812, 0.0], [0.0, 116.12199223106812]], ""P"": [[2262719.870650462, 0.0, 0.0, 0.0], [0.0, 226271987.0650462, 0.0, 0.0], [0.0, 0.0, 2262719.870650462, 0.0], [0.0, 0.0, 0.0, 226271987.0650462]]}","[-0.7026451584714483, -0.835606811175901, 0.0]",False
3,P15,0fd6ae2b-97d7-4e48-98bd-b885d903cb74,34,1,haply,mpc,seeded_random,1628080972,persist_session,10.0,42.77873769760132,4567.210453128,0,1786002015.7255335,322.0,True,aggressive,adaptive,-0.08,-0.08,0.0,0.08,-0.08,0.0,0.0792632849999999,-0.07469878,0.0,0.046044435,-0.065456465,0.20372714,0.006869907,0.0020493122,-0.0016309351,"[9.249692058034224, -0.031043571702629766, 0.0, 0.0, 0.0, 0.0, 7.575644865896276, 0.15312420038490626]","[0.006181184389799006, -0.040648428696305715, 0.0]","{""Controller Type"": ""MPC Controller"", ""weight_comfort"": 116.12199223106812, ""weight_trajectory"": 1019892.7104021336, ""weight_goal"": 2262719.870650462, ""Q"": [[1019892.7104021336, 0.0, 0.0, 0.0], [0.0, 0.0, 0.0, 0.0], [0.0, 0.0, 1019892.7104021336, 0.0], [0.0, 0.0, 0.0, 0.0]], ""R"": [[116.12199223106812, 0.0], [0.0, 116.12199223106812]], ""P"": [[2262719.870650462, 0.0, 0.0, 0.0], [0.0, 226271987.0650462, 0.0, 0.0], [0.0, 0.0, 2262719.870650462, 0.0], [0.0, 0.0, 0.0, 226271987.0650462]]}","[-0.7026451584714483, -0.835606811175901, 0.0]",False
3,P15,0fd6ae2b-97d7-4e48-98bd-b885d903cb74,34,1,haply,mpc,seeded_random,1628080972,persist_session,10.0,42.78884020805359,4567.220552167,0,1786002015.7353914,323.0,True,aggressive,adaptive,-0.08,-0.08,0.0,0.08,-0.08,0.0,0.079354221,-0.07470134,0.0,0.046044435,-0.065456465,0.20372714,0.0073467805,0.002208841,-0.0014301656,"[9.250356383493955, -0.03175588411575974, 0.0, 0.0, 0.0, 0.0, 7.573328974309692, 0.15345584746053212]","[0.0056807406454754674, -0.04016834727456193, 0.0]","{""Controller Type"": ""MPC Controller"", ""weight_comfort"": 85.07978052325753, ""weight_trajectory"": 1081868.2453829495, ""weight_goal"": 2400696.851180876, ""Q"": [[1081868.2453829495, 0.0, 0.0, 0.0], [0.0, 0.0, 0.0, 0.0], [0.0, 0.0, 1081868.2453829495, 0.0], [0.0, 0.0, 0.0, 0.0]], ""R"": [[85.07978052325753, 0.0], [0.0, 85.07978052325753]], ""P"": [[2400696.851180876, 0.0, 0.0, 0.0], [0.0, 240069685.11808762, 0.0, 0.0], [0.0, 0.0, 2400696.851180876, 0.0], [0.0, 0.0, 0.0, 240069685.11808762]]}","[-0.1536765367290519, -0.9032356747155509, 0.0]",False
3,P15,0fd6ae2b-97d7-4e48-98bd-b885d903cb74,34,1,haply,mpc,seeded_random,1628080972,persist_session,10.0,42.79887429237366,4567.230585539,0,1786002015.7455397,324.0,True,aggressive,adaptive,-0.08,-0.08,0.0,0.08,-0.08,0.0,0.079354221,-0.07470134,0.0,0.046044435,-0.065456465,0.20372714,0.00782427,0.0021251084,-0.0014149945,"[9.249931319094175, -0.031688733445953854, 0.0, 0.0, 0.0, 0.0, 7.5728740242232115, 0.1535233339303755]","[0.0059734113973133095, -0.04012608467719054, 0.0]","{""Controller Type"": ""MPC Controller"", ""weight_comfort"": 85.07978052325753, ""weight_trajectory"": 1081868.2453829495, ""weight_goal"": 2400696.851180876, ""Q"": [[1081868.2453829495, 0.0, 0.0, 0.0], [0.0, 0.0, 0.0, 0.0], [0.0, 0.0, 1081868.2453829495, 0.0], [0.0, 0.0, 0.0, 0.0]], ""R"": [[85.07978052325753, 0.0], [0.0, 85.07978052325753]], ""P"": [[2400696.851180876, 0.0, 0.0, 0.0], [0.0, 240069685.11808762, 0.0, 0.0], [0.0, 0.0, 2400696.851180876, 0.0], [0.0, 0.0, 0.0, 240069685.11808762]]}","[0.01740852910685156, -0.9080520042002359, 0.0]",False
3,P15,0fd6ae2b-97d7-4e48-98bd-b885d903cb74,34,1,haply,mpc,seeded_random,1628080972,persist_session,10.0,42.80887428283692,4567.240586688,0,1786002015.7553449,325.0,True,aggressive,adaptive,-0.08,-0.08,0.0,0.08,-0.08,0.0,0.079354221,-0.07470134,0.0,0.046044435,-0.065456465,0.20372714,0.0081330165,0.0021979895,-0.0013642368,"[9.249928541317425, -0.03168829461934451, 0.0, 0.0, 0.0, 0.0, 7.572595975959737, 0.1535645791049686]","[0.0059734113973133095, -0.04012608467719054, 0.0]","{""Controller Type"": ""MPC Controller"", ""weight_comfort"": 85.07978052325753, ""weight_trajectory"": 1081868.2453829495, ""weight_goal"": 2400696.851180876, ""Q"": [[1081868.2453829495, 0.0, 0.0, 0.0], [0.0, 0.0, 0.0, 0.0], [0.0, 0.0, 1081868.2453829495, 0.0], [0.0, 0.0, 0.0, 0.0]], ""R"": [[85.07978052325753, 0.0], [0.0, 85.07978052325753]], ""P"": [[2400696.851180876, 0.0, 0.0, 0.0], [0.0, 240069685.11808762, 0.0, 0.0], [0.0, 0.0, 2400696.851180876, 0.0], [0.0, 0.0, 0.0, 240069685.11808762]]}","[0.017408529104893496, -0.9080520041783601, 0.0]",False
3,P15,0fd6ae2b-97d7-4e48-98bd-b885d903cb74,34,1,haply,mpc,seeded_random,1628080972,persist_session,10.0,42.818831357955936,4567.250540795,0,1786002015.765532,326.0,True,aggressive,adaptive,-0.08,-0.08,0.0,0.08,-0.08,0.0,0.079354221,-0.07470134,0.0,0.04607473,-0.06543911,0.20372586,0.0073026866,0.0024066314,-0.0010448789,"[9.249925760761789, -0.03168785535373325, 0.0, 0.0, 0.0, 0.0, 7.572317669817421, 0.1536058625328408]","[0.0059734078078589785, -0.04012313674435475, 0.0]","{""Controller Type"": ""MPC Controller"", ""weight_comfort"": 81.94369141246621, ""weight_trajectory"": 1088211.0289427459, ""weight_goal"": 2414617.0479376037, ""Q"": [[1088211.0289427459, 0.0, 0.0, 0.0], [0.0, 0.0, 0.0, 0.0], [0.0, 0.0, 1088211.0289427459, 0.0], [0.0, 0.0, 0.0, 0.0]], ""R"": [[81.94369141246621, 0.0], [0.0, 81.94369141246621]], ""P"": [[2414617.0479376037, 0.0, 0.0, 0.0], [0.0, 241461704.79376036, 0.0, 0.0], [0.0, 0.0, 2414617.0479376037, 0.0], [0.0, 0.0, 0.0, 241461704.79376036]]}","[0.017355960139843588, -0.9088398805505872, 0.0]",False
3,P15,0fd6ae2b-97d7-4e48-98bd-b885d903cb74,34,1,haply,mpc,seeded_random,1628080972,persist_session,10.0,42.8289248085022,4567.260628179,0,1786002015.7754076,327.0,True,aggressive,adaptive,-0.08,-0.08,0.0,0.08,-0.08,0.0,0.079445106,-0.0747038999999999,0.0,0.046105027,-0.06542175,0.2037246,0.005450253,0.0018666317,-0.0007506242,"[9.249324425001479, -0.031097727058539942, 0.0, 0.0, 0.0, 0.0, 7.572221952581183, 0.15361957031556567]","[0.004846200851903996, -0.04014306693690556, 0.0]","{""Controller Type"": ""MPC Controller"", ""weight_comfort"": 81.94369141246621, ""weight_trajectory"": 1088211.0289427459, ""weight_goal"": 2414617.0479376037, ""Q"": [[1088211.0289427459, 0.0, 0.0, 0.0], [0.0, 0.0, 0.0, 0.0], [0.0, 0.0, 1088211.0289427459, 0.0], [0.0, 0.0, 0.0, 0.0]], ""R"": [[81.94369141246621, 0.0], [0.0, 81.94369141246621]], ""P"": [[2414617.0479376037, 0.0, 0.0, 0.0], [0.0, 241461704.79376036, 0.0, 0.0], [0.0, 0.0, 2414617.0479376037, 0.0], [0.0, 0.0, 0.0, 241461704.79376036]]}","[-0.155844428425122, -0.9035910053838729, 0.0]",False
3,P15,0fd6ae2b-97d7-4e48-98bd-b885d903cb74,34,1,haply,mpc,seeded_random,1628080972,persist_session,10.0,42.83888998985291,4567.270604024,0,1786002015.7855165,328.0,True,aggressive,adaptive,-0.08,-0.08,0.0,0.08,-0.08,0.0,0.079535997,-0.07470642,0.0,0.04617421,-0.06542462,0.2037083,0.0043648537,0.0015955406,-0.0005595765,"[9.249341675977506, -0.03111349637243595, 0.0, 0.0, 0.0, 0.0, 7.5719385567407125, 0.15366021123200096]","[0.0040119763746668995, -0.04012096755352419, 0.0]","{""Controller Type"": ""MPC Controller"", ""weight_comfort"": 81.94369141246621, ""weight_trajectory"": 1088211.0289427459, ""weight_goal"": 2414617.0479376037, ""Q"": [[1088211.0289427459, 0.0, 0.0, 0.0], [0.0, 0.0, 0.0, 0.0], [0.0, 0.0, 1088211.0289427459, 0.0], [0.0, 0.0, 0.0, 0.0]], ""R"": [[81.94369141246621, 0.0], [0.0, 81.94369141246621]], ""P"": [[2414617.0479376037, 0.0, 0.0, 0.0], [0.0, 241461704.79376036, 0.0, 0.0], [0.0, 0.0, 2414617.0479376037, 0.0], [0.0, 0.0, 0.0, 241461704.79376036]]}","[-0.15435679760199714, -0.9033432419518364, 0.0]",False
3,P15,0fd6ae2b-97d7-4e48-98bd-b885d903cb74,34,1,haply,mpc,seeded_random,1628080972,persist_session,10.0,42.8488861656189,4567.280594657,0,1786002015.7954884,329.0,True,aggressive,adaptive,-0.08,-0.08,0.0,0.08,-0.08,0.0,0.079743546,-0.0747390199999999,0.0,0.046243425,-0.065427415,0.20369202,0.0037841117,0.0012658694,-0.00050841994,"[9.246747019635789, -0.02927084476095544, 0.0, 0.0, 0.0, 0.0, 7.573584482946181, 0.15353321929231198]","[0.0017621372581994108, -0.04034640736848592, 0.0]","{""Controller Type"": ""MPC Controller"", ""weight_comfort"": 75.65433686641697, ""weight_trajectory"": 1100804.0514499007, ""weight_goal"": 2442563.6938761473, ""Q"": [[1100804.0514499007, 0.0, 0.0, 0.0], [0.0, 0.0, 0.0, 0.0], [0.0, 0.0, 1100804.0514499007, 0.0], [0.0, 0.0, 0.0, 0.0]], ""R"": [[75.65433686641697, 0.0], [0.0, 75.65433686641697]], ""P"": [[2442563.6938761473, 0.0, 0.0, 0.0], [0.0, 244256369.38761473, 0.0, 0.0], [0.0, 0.0, 2442563.6938761473, 0.0], [0.0, 0.0, 0.0, 244256369.38761473]]}","[-0.3796798495586578, -0.8432152680635698, 0.0]",False
3,P15,0fd6ae2b-97d7-4e48-98bd-b885d903cb74,34,1,haply,mpc,seeded_random,1628080972,persist_session,10.0,42.8587898349762,4567.290502395,0,1786002015.8058827,330.0,True,aggressive,adaptive,-0.08,-0.08,0.0,0.08,-0.08,0.0,0.079951191,-0.07477158,0.0,0.04628238,-0.06544765,0.20367703,0.0035295137,0.0009794725,-0.0005244936,"[9.24692771713934, -0.029392833578367486, 0.0, 0.0, 0.0, 0.0, 7.573251246623486, 0.15355986374514272]","[-0.00013583991525683117, -0.04007716080745517, 0.0]","{""Controller Type"": ""MPC Controller"", ""weight_comfort"": 75.65433686641697, ""weight_trajectory"": 1100804.0514499007, ""weight_goal"": 2442563.6938761473, ""Q"": [[1100804.0514499007, 0.0, 0.0, 0.0], [0.0, 0.0, 0.0, 0.0], [0.0, 0.0, 1100804.0514499007, 0.0], [0.0, 0.0, 0.0, 0.0]], ""R"": [[75.65433686641697, 0.0], [0.0, 75.65433686641697]], ""P"": [[2442563.6938761473, 0.0, 0.0, 0.0], [0.0, 244256369.38761473, 0.0, 0.0], [0.0, 0.0, 2442563.6938761473, 0.0], [0.0, 0.0, 0.0, 244256369.38761473]]}","[-0.36969108712425863, -0.840160004744752, 0.0]",False
3,P15,0fd6ae2b-97d7-4e48-98bd-b885d903cb74,34,1,haply,mpc,seeded_random,1628080972,persist_session,10.0,42.86890879631043,4567.30061457,0,1786002015.8154871,331.0,True,aggressive,adaptive,-0.08,-0.08,0.0,0.08,-0.08,0.0,0.080068056,-0.0748015599999999,0.0,0.04629105,-0.06548529,0.20366329,0.0033866982,0.0006426547,-0.00058542483,"[9.248098495693753, -0.030153478042650766, 0.0, 0.0, 0.0, 0.0, 7.572995900679808, 0.15358023754081498]","[-0.00099628984314047, -0.03984716067168778, 0.0]","{""Controller Type"": ""MPC Controller"", ""weight_comfort"": 75.65433686641697, ""weight_trajectory"": 1100804.0514499007, ""weight_goal"": 2442563.6938761473, ""Q"": [[1100804.0514499007, 0.0, 0.0, 0.0], [0.0, 0.0, 0.0, 0.0], [0.0, 0.0, 1100804.0514499007, 0.0], [0.0, 0.0, 0.0, 0.0]], ""R"": [[75.65433686641697, 0.0], [0.0, 75.65433686641697]], ""P"": [[2442563.6938761473, 0.0, 0.0, 0.0], [0.0, 244256369.38761473, 0.0, 0.0], [0.0, 0.0, 2442563.6938761473, 0.0], [0.0, 0.0, 0.0, 244256369.38761473]]}","[-0.23766031297476548, -0.8352133356134016, 0.0]",False
3,P15,0fd6ae2b-97d7-4e48-98bd-b885d903cb74,34,1,haply,mpc,seeded_random,1628080972,persist_session,10.0,42.87879076957703,4567.310504369,0,1786002015.8256156,332.0,True,aggressive,adaptive,-0.08,-0.08,0.0,0.08,-0.08,0.0,0.080094066,-0.07482904,0.0,0.04629105,-0.06548529,0.20366329,0.0035006076,0.00051591423,-0.00064146327,"[9.24844161137559, -0.03034948802775269, 0.0, 0.0, 0.0, 0.0, 7.572494309695281, 0.1536249647045733]","[-0.0009479014446225372, -0.03957387070771877, 0.0]","{""Controller Type"": ""MPC Controller"", ""weight_comfort"": 62.50558056793008, ""weight_trajectory"": 1127082.2481280214, ""weight_goal"": 2501000.0, ""Q"": [[1127082.2481280214, 0.0, 0.0, 0.0], [0.0, 0.0, 0.0, 0.0], [0.0, 0.0, 1127082.2481280214, 0.0], [0.0, 0.0, 0.0, 0.0]], ""R"": [[62.50558056793008, 0.0], [0.0, 62.50558056793008]], ""P"": [[2501000.0, 0.0, 0.0, 0.0], [0.0, 250100000.0, 0.0, 0.0], [0.0, 0.0, 2501000.0, 0.0], [0.0, 0.0, 0.0, 250100000.0]]}","[-0.06399610551921502, -0.8411013048329672, 0.0]",False
3,P15,0fd6ae2b-97d7-4e48-98bd-b885d903cb74,34,1,haply,mpc,seeded_random,1628080972,persist_session,10.0,42.88881555557251,4567.320528411,0,1786002015.8354156,333.0,True,aggressive,adaptive,-0.08,-0.08,0.0,0.08,-0.08,0.0,0.080094066,-0.07482904,0.0,0.046321355,-0.065467834,0.20366201,0.003817681,0.00021176913,-0.0008011875,"[9.24845944414267, -0.03035230503235491, 0.0, 0.0, 0.0, 0.0, 7.57034073713357, 0.1539444396860647]","[-0.0009479014446225372, -0.03957387070771877, 0.0]","{""Controller Type"": ""MPC Controller"", ""weight_comfort"": 62.50558056793008, ""weight_trajectory"": 1127082.2481280214, ""weight_goal"": 2501000.0, ""Q"": [[1127082.2481280214, 0.0, 0.0, 0.0], [0.0, 0.0, 0.0, 0.0], [0.0, 0.0, 1127082.2481280214, 0.0], [0.0, 0.0, 0.0, 0.0]], ""R"": [[62.50558056793008, 0.0], [0.0, 62.50558056793008]], ""P"": [[2501000.0, 0.0, 0.0, 0.0], [0.0, 250100000.0, 0.0, 0.0], [0.0, 0.0, 2501000.0, 0.0], [0.0, 0.0, 0.0, 250100000.0]]}","[-0.016218893614159277, -0.8915787279492441, 0.0]",False
3,P15,0fd6ae2b-97d7-4e48-98bd-b885d903cb74,34,1,haply,mpc,seeded_random,1628080972,persist_session,10.0,42.898976001739506,4567.330688053,0,1786002015.8455124,334.0,True,aggressive,adaptive,-0.08,-0.08,0.0,0.08,-0.08,0.0,0.080184981,-0.0748316,0.0,0.046321355,-0.065467834,0.20366201,0.003694761,-0.0008097423,-0.0010898828,"[9.247415581732636, -0.029717105147483734, 0.0, 0.0, 0.0, 0.0, 7.570245612411006, 0.1539580621909184]","[-0.001978179348346072, -0.039165092869244106, 0.0]","{""Controller Type"": ""MPC Controller"", ""weight_comfort"": 62.50558056793008, ""weight_trajectory"": 1127082.2481280214, ""weight_goal"": 2501000.0, ""Q"": [[1127082.2481280214, 0.0, 0.0, 0.0], [0.0, 0.0, 0.0, 0.0], [0.0, 0.0, 1127082.2481280214, 0.0], [0.0, 0.0, 0.0, 0.0]], ""R"": [[62.50558056793008, 0.0], [0.0, 62.50558056793008]], ""P"": [[2501000.0, 0.0, 0.0, 0.0], [0.0, 250100000.0, 0.0, 0.0], [0.0, 0.0, 2501000.0, 0.0], [0.0, 0.0, 0.0, 250100000.0]]}","[-0.19941878058365334, -0.8864201542377207, 0.0]",False
3,P15,0fd6ae2b-97d7-4e48-98bd-b885d903cb74,34,1,haply,mpc,seeded_random,1628080972,persist_session,10.0,42.90883151054383,4567.340529522,0,1786002015.8554316,335.0,True,aggressive,adaptive,-0.08,-0.08,0.0,0.08,-0.08,0.0,0.080184981,-0.0748316,0.0,0.046321355,-0.065467834,0.20366201,0.0033341087,-0.0004636358,-0.00089758314,"[9.247537484185452, -0.029736361717730902, 0.0, 0.0, 0.0, 0.0, 7.569804141054817, 0.15402355300630113]","[-0.001710618731362244, -0.03912377572262774, 0.0]","{""Controller Type"": ""MPC Controller"", ""weight_comfort"": 62.50304079520467, ""weight_trajectory"": 1127158.593696147, ""weight_goal"": 2501000.0, ""Q"": [[1127158.593696147, 0.0, 0.0, 0.0], [0.0, 0.0, 0.0, 0.0], [0.0, 0.0, 1127158.593696147, 0.0], [0.0, 0.0, 0.0, 0.0]], ""R"": [[62.50304079520467, 0.0], [0.0, 62.50304079520467]], ""P"": [[2501000.0, 0.0, 0.0, 0.0], [0.0, 250100000.0, 0.0, 0.0], [0.0, 0.0, 2501000.0, 0.0], [0.0, 0.0, 0.0, 250100000.0]]}","[-0.031894541358746566, -0.891138775803872, 0.0]",False
3,P15,0fd6ae2b-97d7-4e48-98bd-b885d903cb74,34,1,haply,mpc,seeded_random,1628080972,persist_session,10.0,42.918953094482426,4567.350652025,0,1786002015.8656614,336.0,True,aggressive,adaptive,-0.08,-0.08,0.0,0.08,-0.08,0.0,0.080184981,-0.0748316,0.0,0.046321355,-0.065467834,0.20366201,0.0030096062,3.5007397e-05,-0.00066629564,"[9.24753725380681, -0.029736325325497512, 0.0, 0.0, 0.0, 0.0, 7.569536875114684, 0.15406320102445217]","[-0.0017106186887465725, -0.03912239438534276, 0.0]","{""Controller Type"": ""MPC Controller"", ""weight_comfort"": 62.50304079520467, ""weight_trajectory"": 1127158.593696147, ""weight_goal"": 2501000.0, ""Q"": [[1127158.593696147, 0.0, 0.0, 0.0], [0.0, 0.0, 0.0, 0.0], [0.0, 0.0, 1127158.593696147, 0.0], [0.0, 0.0, 0.0, 0.0]], ""R"": [[62.50304079520467, 0.0], [0.0, 62.50304079520467]], ""P"": [[2501000.0, 0.0, 0.0, 0.0], [0.0, 250100000.0, 0.0, 0.0], [0.0, 0.0, 2501000.0, 0.0], [0.0, 0.0, 0.0, 250100000.0]]}","[-0.03189454136131855, -0.891138775782238, 0.0]",False
3,P15,0fd6ae2b-97d7-4e48-98bd-b885d903cb74,34,1,haply,mpc,seeded_random,1628080972,persist_session,10.0,42.92877021789551,4567.360481127,0,1786002015.875503,337.0,True,aggressive,adaptive,-0.08,-0.08,0.0,0.08,-0.08,0.0,0.080184981,-0.0748316,0.0,0.046330057,-0.065505564,0.20364825,0.0025837317,0.00026268983,-0.0004981826,"[9.24753702319757, -0.029736288896837274, 0.0, 0.0, 0.0, 0.0, 7.569269360541393, 0.15410288592650975]","[-0.0017106186460882447, -0.039121011763022163, 0.0]","{""Controller Type"": ""MPC Controller"", ""weight_comfort"": 62.50304079520467, ""weight_trajectory"": 1127158.593696147, ""weight_goal"": 2501000.0, ""Q"": [[1127158.593696147, 0.0, 0.0, 0.0], [0.0, 0.0, 0.0, 0.0], [0.0, 0.0, 1127158.593696147, 0.0], [0.0, 0.0, 0.0, 0.0]], ""R"": [[62.50304079520467, 0.0], [0.0, 62.50304079520467]], ""P"": [[2501000.0, 0.0, 0.0, 0.0], [0.0, 250100000.0, 0.0, 0.0], [0.0, 0.0, 2501000.0, 0.0], [0.0, 0.0, 0.0, 250100000.0]]}","[-0.03189454136131792, -0.8911387757822383, 0.0]",False
3,P15,0fd6ae2b-97d7-4e48-98bd-b885d903cb74,34,1,haply,mpc,seeded_random,1628080972,persist_session,10.0,42.938898477554325,4567.370608114,0,1786002015.8857028,338.0,True,aggressive,adaptive,-0.08,-0.08,0.0,0.08,-0.08,0.0,0.080211087,-0.07485912,0.0,0.046330057,-0.065505564,0.20364825,0.0019060635,-5.8207588e-05,-0.00044658143,"[9.247423459075584, -0.029680362629868864, 0.0, 0.0, 0.0, 0.0, 7.5706831476843846, 0.15397685712410053]","[-0.0020279767445110716, -0.03933541792654036, 0.0]","{""Controller Type"": ""MPC Controller"", ""weight_comfort"": 62.502301282910196, ""weight_trajectory"": 1127180.823435719, ""weight_goal"": 2501000.0, ""Q"": [[1127180.823435719, 0.0, 0.0, 0.0], [0.0, 0.0, 0.0, 0.0], [0.0, 0.0, 1127180.823435719, 0.0], [0.0, 0.0, 0.0, 0.0]], ""R"": [[62.502301282910196, 0.0], [0.0, 62.502301282910196]], ""P"": [[2501000.0, 0.0, 0.0, 0.0], [0.0, 250100000.0, 0.0, 0.0], [0.0, 0.0, 2501000.0, 0.0], [0.0, 0.0, 0.0, 250100000.0]]}","[-0.08401422411938832, -0.8361965298818574, 0.0]",False
3,P15,0fd6ae2b-97d7-4e48-98bd-b885d903cb74,34,1,haply,mpc,seeded_random,1628080972,persist_session,10.0,42.94908395767212,4567.380771925,0,1786002015.8960094,339.0,True,aggressive,adaptive,-0.08,-0.08,0.0,0.08,-0.08,0.0,0.080211087,-0.07485912,0.0,0.04633873,-0.06554317,0.20363446,0.001443055,-0.00035557584,-0.00043589892,"[9.247461437201023, -0.029686361918608767, 0.0, 0.0, 0.0, 0.0, 7.5686339561026665, 0.154280851527704]","[-0.0019520188923945686, -0.03890943893224908, 0.0]","{""Controller Type"": ""MPC Controller"", ""weight_comfort"": 62.502301282910196, ""weight_trajectory"": 1127180.823435719, ""weight_goal"": 2501000.0, ""Q"": [[1127180.823435719, 0.0, 0.0, 0.0], [0.0, 0.0, 0.0, 0.0], [0.0, 0.0, 1127180.823435719, 0.0], [0.0, 0.0, 0.0, 0.0]], ""R"": [[62.502301282910196, 0.0], [0.0, 62.502301282910196]], ""P"": [[2501000.0, 0.0, 0.0, 0.0], [0.0, 250100000.0, 0.0, 0.0], [0.0, 0.0, 2501000.0, 0.0], [0.0, 0.0, 0.0, 250100000.0]]}","[-0.08401422411938832, -0.8361965298818574, 0.0]",False
3,P15,0fd6ae2b-97d7-4e48-98bd-b885d903cb74,34,1,haply,mpc,seeded_random,1628080972,persist_session,10.0,42.95896211624146,4567.390672879,0,1786002015.9056437,340.0,True,aggressive,adaptive,-0.08,-0.08,0.0,0.08,-0.08,0.0,0.080237106,-0.0748867,0.0,0.046347428,-0.06558088,0.20362066,0.0011361702,-0.00062207,-0.0004506852,"[9.247324325009673, -0.02961983185335427, 0.0, 0.0, 0.0, 0.0, 7.570239082272003, 0.15414468858311697]","[-0.0022725916148835746, -0.039150184648709584, 0.0]","{""Controller Type"": ""MPC Controller"", ""weight_comfort"": 62.50291384319936, ""weight_trajectory"": 1127162.4098734267, ""weight_goal"": 2501000.0, ""Q"": [[1127162.4098734267, 0.0, 0.0, 0.0], [0.0, 0.0, 0.0, 0.0], [0.0, 0.0, 1127162.4098734267, 0.0], [0.0, 0.0, 0.0, 0.0]], ""R"": [[62.50291384319936, 0.0], [0.0, 62.50291384319936]], ""P"": [[2501000.0, 0.0, 0.0, 0.0], [0.0, 250100000.0, 0.0, 0.0], [0.0, 0.0, 2501000.0, 0.0], [0.0, 0.0, 0.0, 250100000.0]]}","[-0.0911288685521349, -0.8283773902392956, 0.0]",False
3,P15,0fd6ae2b-97d7-4e48-98bd-b885d903cb74,34,1,haply,mpc,seeded_random,1628080972,persist_session,10.0,42.968731555938724,4567.400442845,0,1786002015.9154024,341.0,True,aggressive,adaptive,-0.08,-0.08,0.0,0.08,-0.08,0.0,0.0802632,-0.0749142999999999,0.0,0.04635613,-0.06561858,0.20360684,0.0009176443,-0.00088258134,-0.00048356835,"[9.247324446512538, -0.029619889159079153, 0.0, 0.0, 0.0, 0.0, 7.569975809848183, 0.15416714456307568]","[-0.0022725916148835746, -0.039150184648709584, 0.0]","{""Controller Type"": ""MPC Controller"", ""weight_comfort"": 62.50291384319936, ""weight_trajectory"": 1127162.4098734267, ""weight_goal"": 2501000.0, ""Q"": [[1127162.4098734267, 0.0, 0.0, 0.0], [0.0, 0.0, 0.0, 0.0], [0.0, 0.0, 1127162.4098734267, 0.0], [0.0, 0.0, 0.0, 0.0]], ""R"": [[62.50291384319936, 0.0], [0.0, 62.50291384319936]], ""P"": [[2501000.0, 0.0, 0.0, 0.0], [0.0, 250100000.0, 0.0, 0.0], [0.0, 0.0, 2501000.0, 0.0], [0.0, 0.0, 0.0, 250100000.0]]}","[-0.0911288685521349, -0.8283773902392956, 0.0]",False
3,P15,0fd6ae2b-97d7-4e48-98bd-b885d903cb74,34,1,haply,mpc,seeded_random,1628080972,persist_session,10.0,42.97884145736695,4567.410556781,0,1786002015.9255629,342.0,True,aggressive,adaptive,-0.08,-0.08,0.0,0.08,-0.08,0.0,0.080289306,-0.0749419399999999,0.0,0.04636483,-0.0656563,0.20359305,0.0007666465,-0.0011353608,-0.00052930857,"[9.247328281315232, -0.02962163484263949, 0.0, 0.0, 0.0, 0.0, 7.56967061853613, 0.15419386339334323]","[-0.002751416654359949, -0.03870730990444361, 0.0]","{""Controller Type"": ""MPC Controller"", ""weight_comfort"": 62.50291384319936, ""weight_trajectory"": 1127162.4098734267, ""weight_goal"": 2501000.0, ""Q"": [[1127162.4098734267, 0.0, 0.0, 0.0], [0.0, 0.0, 0.0, 0.0], [0.0, 0.0, 1127162.4098734267, 0.0], [0.0, 0.0, 0.0, 0.0]], ""R"": [[62.50291384319936, 0.0], [0.0, 62.50291384319936]], ""P"": [[2501000.0, 0.0, 0.0, 0.0], [0.0, 250100000.0, 0.0, 0.0], [0.0, 0.0, 2501000.0, 0.0], [0.0, 0.0, 0.0, 250100000.0]]}","[-0.09768513882655738, -0.821502229440838, 0.0]",False
3,P15,0fd6ae2b-97d7-4e48-98bd-b885d903cb74,34,1,haply,mpc,seeded_random,1628080972,persist_session,10.0,42.98885503768921,4567.420564751,0,1786002015.935439,343.0,True,aggressive,adaptive,-0.08,-0.08,0.0,0.08,-0.08,0.0,0.080315406,-0.07496952,0.0,0.046382237,-0.065731786,0.20356533,0.00073729415,-0.0016178997,-0.00067495415,"[9.247322682740128, -0.02961912677167208, 0.0, 0.0, 0.0, 0.0, 7.569478965644598, 0.1542102336340191]","[-0.0029949356170588977, -0.03850875350069107, 0.0]","{""Controller Type"": ""MPC Controller"", ""weight_comfort"": 62.50291384319936, ""weight_trajectory"": 1127162.4098734267, ""weight_goal"": 2501000.0, ""Q"": [[1127162.4098734267, 0.0, 0.0, 0.0], [0.0, 0.0, 0.0, 0.0], [0.0, 0.0, 1127162.4098734267, 0.0], [0.0, 0.0, 0.0, 0.0]], ""R"": [[62.50291384319936, 0.0], [0.0, 62.50291384319936]], ""P"": [[2501000.0, 0.0, 0.0, 0.0], [0.0, 250100000.0, 0.0, 0.0], [0.0, 0.0, 2501000.0, 0.0], [0.0, 0.0, 0.0, 250100000.0]]}","[-0.10354956887911392, -0.8154035136818616, 0.0]",False
3,P15,0fd6ae2b-97d7-4e48-98bd-b885d903cb74,34,1,haply,mpc,seeded_random,1628080972,persist_session,10.0,42.99880496025086,4567.430514222,0,1786002015.9457736,344.0,True,aggressive,adaptive,-0.08,-0.08,0.0,0.08,-0.08,0.0,0.080367627,-0.07502496,0.0,0.04637572,-0.0657125,0.20349412,0.0007667235,-0.0021917413,-0.000863317,"[9.247120086547984, -0.02951650037316955, 0.0, 0.0, 0.0, 0.0, 7.570650170767447, 0.1541928948261338]","[-0.0035486402152919575, -0.03849146444721439, 0.0]","{""Controller Type"": ""MPC Controller"", ""weight_comfort"": 62.50230362004512, ""weight_trajectory"": 1127180.7531814433, ""weight_goal"": 2501000.0, ""Q"": [[1127180.7531814433, 0.0, 0.0, 0.0], [0.0, 0.0, 0.0, 0.0], [0.0, 0.0, 1127180.7531814433, 0.0], [0.0, 0.0, 0.0, 0.0]], ""R"": [[62.50230362004512, 0.0], [0.0, 62.50230362004512]], ""P"": [[2501000.0, 0.0, 0.0, 0.0], [0.0, 250100000.0, 0.0, 0.0], [0.0, 0.0, 2501000.0, 0.0], [0.0, 0.0, 0.0, 250100000.0]]}","[-0.10354956887911392, -0.8154035136818616, 0.0]",False
3,P15,0fd6ae2b-97d7-4e48-98bd-b885d903cb74,34,1,haply,mpc,seeded_random,1628080972,persist_session,10.0,43.008942756652836,4567.440647684,0,1786002015.955401,345.0,True,aggressive,adaptive,-0.08,-0.08,0.0,0.08,-0.08,0.0,0.080348076,-0.07516738,0.0,0.046377897,-0.065730914,0.20340899,0.000789273,-0.0026164486,-0.0010820928,"[9.247134770311698, -0.029430912040531526, 0.0, 0.0, 0.0, 0.0, 7.573958096267883, 0.15563221116791223]","[-0.0031589380176838375, -0.038904372750281475, 0.0]","{""Controller Type"": ""MPC Controller"", ""weight_comfort"": 62.50230362004512, ""weight_trajectory"": 1127180.7531814433, ""weight_goal"": 2501000.0, ""Q"": [[1127180.7531814433, 0.0, 0.0, 0.0], [0.0, 0.0, 0.0, 0.0], [0.0, 0.0, 1127180.7531814433, 0.0], [0.0, 0.0, 0.0, 0.0]], ""R"": [[62.50230362004512, 0.0], [0.0, 62.50230362004512]], ""P"": [[2501000.0, 0.0, 0.0, 0.0], [0.0, 250100000.0, 0.0, 0.0], [0.0, 0.0, 2501000.0, 0.0], [0.0, 0.0, 0.0, 250100000.0]]}","[-0.02223319911025556, -0.5580170829894082, 0.0]",False
3,P15,0fd6ae2b-97d7-4e48-98bd-b885d903cb74,34,1,haply,mpc,seeded_random,1628080972,persist_session,10.0,43.018762025833134,4567.450464891,0,1786002015.9656422,346.0,True,aggressive,adaptive,-0.08,-0.08,0.0,0.08,-0.08,0.0,0.080354607,-0.0753376399999999,0.0,0.046372443,-0.06572071,0.20329532,0.0008144766,-0.0029742264,-0.001353204,"[9.247046417586818, -0.029407003423511078, 0.0, 0.0, 0.0, 0.0, 7.574371157261681, 0.15589629985105313]","[-0.0031589380176838375, -0.038904372750281475, 0.0]","{""Controller Type"": ""MPC Controller"", ""weight_comfort"": 62.50230362004512, ""weight_trajectory"": 1127180.7531814433, ""weight_goal"": 2501000.0, ""Q"": [[1127180.7531814433, 0.0, 0.0, 0.0], [0.0, 0.0, 0.0, 0.0], [0.0, 0.0, 1127180.7531814433, 0.0], [0.0, 0.0, 0.0, 0.0]], ""R"": [[62.50230362004512, 0.0], [0.0, 62.50230362004512]], ""P"": [[2501000.0, 0.0, 0.0, 0.0], [0.0, 250100000.0, 0.0, 0.0], [0.0, 0.0, 2501000.0, 0.0], [0.0, 0.0, 0.0, 250100000.0]]}","[-0.07300615695988898, -0.4945839580895907, 0.0]",False
3,P15,0fd6ae2b-97d7-4e48-98bd-b885d903cb74,34,1,haply,mpc,seeded_random,1628080972,persist_session,10.0,43.02883687973023,4567.460540303,0,1786002015.975343,347.0,True,aggressive,adaptive,-0.08,-0.08,0.0,0.08,-0.08,0.0,0.080338245,-0.07556498,0.0,0.04636694,-0.0657103,0.20318164,0.0008575067,-0.003348552,-0.0017041044,"[9.247058920201859, -0.029385359767356466, 0.0, 0.0, 0.0, 0.0, 7.575221930253266, 0.15793543302295407]","[-0.003078208059141029, -0.03729751564436277, 0.0]","{""Controller Type"": ""MPC Controller"", ""weight_comfort"": 62.50488119917162, ""weight_trajectory"": 1127103.2711529008, ""weight_goal"": 2501000.0, ""Q"": [[1127103.2711529008, 0.0, 0.0, 0.0], [0.0, 0.0, 0.0, 0.0], [0.0, 0.0, 1127103.2711529008, 0.0], [0.0, 0.0, 0.0, 0.0]], ""R"": [[62.50488119917162, 0.0], [0.0, 62.50488119917162]], ""P"": [[2501000.0, 0.0, 0.0, 0.0], [0.0, 250100000.0, 0.0, 0.0], [0.0, 0.0, 2501000.0, 0.0], [0.0, 0.0, 0.0, 250100000.0]]}","[-0.026940159012132835, -0.32867947736793646, 0.0]",False
3,P15,0fd6ae2b-97d7-4e48-98bd-b885d903cb74,34,1,haply,mpc,seeded_random,1628080972,persist_session,10.0,43.03883353233338,4567.470551299,0,1786002015.9856014,348.0,True,aggressive,adaptive,-0.08,-0.08,0.0,0.08,-0.08,0.0,0.080321736,-0.07579234,0.0,0.046353783,-0.065671176,0.20303962,0.0009058763,-0.0037122124,-0.0021312956,"[9.247058399360613, -0.029386275914811223, 0.0, 0.0, 0.0, 0.0, 7.575026016738533, 0.15747311657512236]","[-0.002927819964844827, -0.035363245627548195, 0.0]","{""Controller Type"": ""MPC Controller"", ""weight_comfort"": 62.50488119917162, ""weight_trajectory"": 1127103.2711529008, ""weight_goal"": 2501000.0, ""Q"": [[1127103.2711529008, 0.0, 0.0, 0.0], [0.0, 0.0, 0.0, 0.0], [0.0, 0.0, 1127103.2711529008, 0.0], [0.0, 0.0, 0.0, 0.0]], ""R"": [[62.50488119917162, 0.0], [0.0, 62.50488119917162]], ""P"": [[2501000.0, 0.0, 0.0, 0.0], [0.0, 250100000.0, 0.0, 0.0], [0.0, 0.0, 2501000.0, 0.0], [0.0, 0.0, 0.0, 250100000.0]]}","[-0.025532934314369923, -0.313143652709562, 0.0]",False
3,P15,0fd6ae2b-97d7-4e48-98bd-b885d903cb74,34,1,haply,mpc,seeded_random,1628080972,persist_session,10.0,43.048888835906986,4567.480592969,0,1786002015.99557,349.0,True,aggressive,adaptive,-0.08,-0.08,0.0,0.08,-0.08,0.0,0.080282265,-0.07607638,0.0,0.046355866,-0.06568919,0.20295456,0.00056858273,-0.0025887212,-0.003955892,"[9.24699934689694, -0.029322155078896062, 0.0, 0.0, 0.0, 0.0, 7.574781412300371, 0.15989321126186043]","[-0.00249400129099754, -0.0342765131054322, 0.0]","{""Controller Type"": ""MPC Controller"", ""weight_comfort"": 62.50488119917162, ""weight_trajectory"": 1127103.2711529008, ""weight_goal"": 2501000.0, ""Q"": [[1127103.2711529008, 0.0, 0.0, 0.0], [0.0, 0.0, 0.0, 0.0], [0.0, 0.0, 1127103.2711529008, 0.0], [0.0, 0.0, 0.0, 0.0]], ""R"": [[62.50488119917162, 0.0], [0.0, 62.50488119917162]], ""P"": [[2501000.0, 0.0, 0.0, 0.0], [0.0, 250100000.0, 0.0, 0.0], [0.0, 0.0, 2501000.0, 0.0], [0.0, 0.0, 0.0, 250100000.0]]}","[0.024998764381816432, -0.14639191032564564, 0.0]",False
3,P15,0fd6ae2b-97d7-4e48-98bd-b885d903cb74,34,1,haply,mpc,seeded_random,1628080972,persist_session,10.0,43.05908385276795,4567.490783861,0,1786002016.005938,350.0,True,aggressive,adaptive,-0.08,-0.08,0.0,0.08,-0.08,0.0,0.080288514,-0.0762465,0.0,0.04634924,-0.06566941,0.20288362,0.00023787913,-0.0014730731,-0.0057859994,"[9.246873921498867, -0.02928649764230273, 0.0, 0.0, 0.0, 0.0, 7.572666317949879, 0.1574703336780871]","[-0.002685503952590311, -0.031007777347479983, 0.0]","{""Controller Type"": ""MPC Controller"", ""weight_comfort"": 62.50280634959351, ""weight_trajectory"": 1127165.6411312185, ""weight_goal"": 2501000.0, ""Q"": [[1127165.6411312185, 0.0, 0.0, 0.0], [0.0, 0.0, 0.0, 0.0], [0.0, 0.0, 1127165.6411312185, 0.0], [0.0, 0.0, 0.0, 0.0]], ""R"": [[62.50280634959351, 0.0], [0.0, 62.50280634959351]], ""P"": [[2501000.0, 0.0, 0.0, 0.0], [0.0, 250100000.0, 0.0, 0.0], [0.0, 0.0, 2501000.0, 0.0], [0.0, 0.0, 0.0, 250100000.0]]}","[0.024998764381816432, -0.14639191032564564, 0.0]",False
3,P15,0fd6ae2b-97d7-4e48-98bd-b885d903cb74,34,1,haply,mpc,seeded_random,1628080972,persist_session,10.0,43.06879321098328,4567.500500156,0,1786002016.015494,351.0,True,aggressive,adaptive,-0.08,-0.08,0.0,0.08,-0.08,0.0,0.080268636,-0.07638838,0.0,0.04635128,-0.06568726,0.20279863,3.4989538e-05,-0.0008110889,-0.0070442935,"[9.246861588449429, -0.029250136203872838, 0.0, 0.0, 0.0, 0.0, 7.572301600521994, 0.15712463233171334]","[-0.002423195324407669, -0.029681125882155622, 0.0]","{""Controller Type"": ""MPC Controller"", ""weight_comfort"": 62.50280634959351, ""weight_trajectory"": 1127165.6411312185, ""weight_goal"": 2501000.0, ""Q"": [[1127165.6411312185, 0.0, 0.0, 0.0], [0.0, 0.0, 0.0, 0.0], [0.0, 0.0, 1127165.6411312185, 0.0], [0.0, 0.0, 0.0, 0.0]], ""R"": [[62.50280634959351, 0.0], [0.0, 62.50280634959351]], ""P"": [[2501000.0, 0.0, 0.0, 0.0], [0.0, 250100000.0, 0.0, 0.0], [0.0, 0.0, 2501000.0, 0.0], [0.0, 0.0, 0.0, 250100000.0]]}","[-0.007617595487587829, -0.3464894171638088, 0.0]",False
3,P15,0fd6ae2b-97d7-4e48-98bd-b885d903cb74,34,1,haply,mpc,seeded_random,1628080972,persist_session,10.0,43.07952967643738,4567.511227946,0,1786002016.0256245,352.0,True,aggressive,adaptive,-0.08,-0.08,0.0,0.08,-0.08,0.0,0.080274756,-0.0765583599999999,0.0,0.04636858,-0.06576235,0.20277022,-8.750808e-05,-0.0004217531,-0.007856116,"[9.246861588449429, -0.029250136203872838, 0.0, 0.0, 0.0, 0.0, 7.572301600521994, 0.15712463233171334]","[-0.002423195324407669, -0.029681125882155622, 0.0]","{""Controller Type"": ""MPC Controller"", ""weight_comfort"": 62.50280634959351, ""weight_trajectory"": 1127165.6411312185, ""weight_goal"": 2501000.0, ""Q"": [[1127165.6411312185, 0.0, 0.0, 0.0], [0.0, 0.0, 0.0, 0.0], [0.0, 0.0, 1127165.6411312185, 0.0], [0.0, 0.0, 0.0, 0.0]], ""R"": [[62.50280634959351, 0.0], [0.0, 62.50280634959351]], ""P"": [[2501000.0, 0.0, 0.0, 0.0], [0.0, 250100000.0, 0.0, 0.0], [0.0, 0.0, 2501000.0, 0.0], [0.0, 0.0, 0.0, 250100000.0]]}","[-0.058613465234994735, -0.2812283542003278, 0.0]",False
3,P15,0fd6ae2b-97d7-4e48-98bd-b885d903cb74,34,1,haply,mpc,seeded_random,1628080972,persist_session,10.0,43.0889767742157,4567.520653309,0,1786002016.03554,353.0,True,aggressive,adaptive,-0.08,-0.08,0.0,0.08,-0.08,0.0,0.080326656,-0.07661518,0.0,0.04637723,-0.06579989,0.20275606,-0.00014792527,-0.00024271336,-0.008315239,"[9.246386774150027, -0.02901897053264081, 0.0, 0.0, 0.0, 0.0, 7.568622367145845, 0.15713651202062334]","[-0.003172274626944739, -0.026518853046935943, 0.0]","{""Controller Type"": ""MPC Controller"", ""weight_comfort"": 62.502451234735105, ""weight_trajectory"": 1127176.3158838626, ""weight_goal"": 2501000.0, ""Q"": [[1127176.3158838626, 0.0, 0.0, 0.0], [0.0, 0.0, 0.0, 0.0], [0.0, 0.0, 1127176.3158838626, 0.0], [0.0, 0.0, 0.0, 0.0]], ""R"": [[62.502451234735105, 0.0], [0.0, 62.502451234735105]], ""P"": [[2501000.0, 0.0, 0.0, 0.0], [0.0, 250100000.0, 0.0, 0.0], [0.0, 0.0, 2501000.0, 0.0], [0.0, 0.0, 0.0, 250100000.0]]}","[-0.1537010270148946, -0.4770029595035736, 0.0]",False
3,P15,0fd6ae2b-97d7-4e48-98bd-b885d903cb74,34,1,haply,mpc,seeded_random,1628080972,persist_session,10.0,43.099120769500736,4567.53081511,0,1786002016.045866,354.0,True,aggressive,adaptive,-0.08,-0.08,0.0,0.08,-0.08,0.0,0.080352606,-0.0766435,0.0,0.04637723,-0.06579989,0.20275606,-0.00016015669,-0.00022743594,-0.00849664,"[9.246531341179942, -0.029080788195108006, 0.0, 0.0, 0.0, 0.0, 7.567371706583978, 0.15720114535548874]","[-0.003172274626944739, -0.026518853046935943, 0.0]","{""Controller Type"": ""MPC Controller"", ""weight_comfort"": 62.502451234735105, ""weight_trajectory"": 1127176.3158838626, ""weight_goal"": 2501000.0, ""Q"": [[1127176.3158838626, 0.0, 0.0, 0.0], [0.0, 0.0, 0.0, 0.0], [0.0, 0.0, 1127176.3158838626, 0.0], [0.0, 0.0, 0.0, 0.0]], ""R"": [[62.502451234735105, 0.0], [0.0, 62.502451234735105]], ""P"": [[2501000.0, 0.0, 0.0, 0.0], [0.0, 250100000.0, 0.0, 0.0], [0.0, 0.0, 2501000.0, 0.0], [0.0, 0.0, 0.0, 250100000.0]]}","[-0.10755232266756362, -0.5277041301244562, 0.0]",False
3,P15,0fd6ae2b-97d7-4e48-98bd-b885d903cb74,34,1,haply,mpc,seeded_random,1628080972,persist_session,10.0,43.10880509376526,4567.540516979,0,1786002016.0556135,355.0,True,aggressive,adaptive,-0.08,-0.08,0.0,0.08,-0.08,0.0,0.080352606,-0.0766435,0.0,0.046385888,-0.06583748,0.2027418,-0.0002143178,-1.1387011e-05,-0.008483251,"[9.246597944173725, -0.029091309175978523, 0.0, 0.0, 0.0, 0.0, 7.5659850580539185, 0.15740690365612098]","[-0.003260405914703241, -0.025395228847357756, 0.0]","{""Controller Type"": ""MPC Controller"", ""weight_comfort"": 62.502451234735105, ""weight_trajectory"": 1127176.3158838626, ""weight_goal"": 2501000.0, ""Q"": [[1127176.3158838626, 0.0, 0.0, 0.0], [0.0, 0.0, 0.0, 0.0], [0.0, 0.0, 1127176.3158838626, 0.0], [0.0, 0.0, 0.0, 0.0]], ""R"": [[62.502451234735105, 0.0], [0.0, 62.502451234735105]], ""P"": [[2501000.0, 0.0, 0.0, 0.0], [0.0, 250100000.0, 0.0, 0.0], [0.0, 0.0, 2501000.0, 0.0], [0.0, 0.0, 0.0, 250100000.0]]}","[-0.06079657189419143, -0.5787300589351493, 0.0]",False
3,P15,0fd6ae2b-97d7-4e48-98bd-b885d903cb74,34,1,haply,mpc,seeded_random,1628080972,persist_session,10.0,43.11881009101868,4567.550528195,0,1786002016.065552,356.0,True,aggressive,adaptive,-0.08,-0.08,0.0,0.08,-0.08,0.0,0.08037858,-0.07667202,0.0,0.046385888,-0.06583748,0.2027418,5.3653992e-05,-0.0009771384,-0.0070469053,"[9.24644126091262, -0.029024945239865842, 0.0, 0.0, 0.0, 0.0, 7.567014406760045, 0.15736002017218859]","[-0.0035763738034778293, -0.025634441503900353, 0.0]","{""Controller Type"": ""MPC Controller"", ""weight_comfort"": 62.497538323971455, ""weight_trajectory"": 1127323.9979814175, ""weight_goal"": 2501000.0, ""Q"": [[1127323.9979814175, 0.0, 0.0, 0.0], [0.0, 0.0, 0.0, 0.0], [0.0, 0.0, 1127323.9979814175, 0.0], [0.0, 0.0, 0.0, 0.0]], ""R"": [[62.497538323971455, 0.0], [0.0, 62.497538323971455]], ""P"": [[2501000.0, 0.0, 0.0, 0.0], [0.0, 250100000.0, 0.0, 0.0], [0.0, 0.0, 2501000.0, 0.0], [0.0, 0.0, 0.0, 250100000.0]]}","[-0.11389866193444813, -0.5204248668389263, 0.0]",False
3,P15,0fd6ae2b-97d7-4e48-98bd-b885d903cb74,34,1,haply,mpc,seeded_random,1628080972,persist_session,10.0,43.128794822692875,4567.560506889,0,1786002016.0754323,357.0,True,aggressive,adaptive,-0.08,-0.08,0.0,0.08,-0.08,0.0,0.08037858,-0.07667202,0.0,0.04637823,-0.06580874,0.20271342,0.00028071413,-0.0017856318,-0.0057549183,"[9.246514730040401, -0.02903655082453184, 0.0, 0.0, 0.0, 0.0, 7.565597040088644, 0.15757033824934819]","[-0.003500545546498726, -0.02517815563747416, 0.0]","{""Controller Type"": ""MPC Controller"", ""weight_comfort"": 62.497538323971455, ""weight_trajectory"": 1127323.9979814175, ""weight_goal"": 2501000.0, ""Q"": [[1127323.9979814175, 0.0, 0.0, 0.0], [0.0, 0.0, 0.0, 0.0], [0.0, 0.0, 1127323.9979814175, 0.0], [0.0, 0.0, 0.0, 0.0]], ""R"": [[62.497538323971455, 0.0], [0.0, 62.497538323971455]], ""P"": [[2501000.0, 0.0, 0.0, 0.0], [0.0, 250100000.0, 0.0, 0.0], [0.0, 0.0, 2501000.0, 0.0], [0.0, 0.0, 0.0, 250100000.0]]}","[-0.06527523157842112, -0.5738144192101108, 0.0]",False
3,P15,0fd6ae2b-97d7-4e48-98bd-b885d903cb74,34,1,haply,mpc,seeded_random,1628080972,persist_session,10.0,43.138799104690555,4567.570509069,0,1786002016.0855331,358.0,True,aggressive,adaptive,-0.08,-0.08,0.0,0.08,-0.08,0.0,0.080355606,-0.07672878,0.0,0.04637823,-0.06580874,0.20271342,0.00039879276,-0.0021824632,-0.0048579234,"[9.24651412202148, -0.029006237295963695, 0.0, 0.0, 0.0, 0.0, 7.567344165809767, 0.15773002091583174]","[-0.0032221422595534563, -0.02564078521716634, 0.0]","{""Controller Type"": ""MPC Controller"", ""weight_comfort"": 62.497538323971455, ""weight_trajectory"": 1127323.9979814175, ""weight_goal"": 2501000.0, ""Q"": [[1127323.9979814175, 0.0, 0.0, 0.0], [0.0, 0.0, 0.0, 0.0], [0.0, 0.0, 1127323.9979814175, 0.0], [0.0, 0.0, 0.0, 0.0]], ""R"": [[62.497538323971455, 0.0], [0.0, 62.497538323971455]], ""P"": [[2501000.0, 0.0, 0.0, 0.0], [0.0, 250100000.0, 0.0, 0.0], [0.0, 0.0, 2501000.0, 0.0], [0.0, 0.0, 0.0, 250100000.0]]}","[-0.018997917878018106, -0.45948081086288206, 0.0]",False
3,P15,0fd6ae2b-97d7-4e48-98bd-b885d903cb74,34,1,haply,mpc,seeded_random,1628080972,persist_session,10.0,43.14886561393738,4567.580575306,0,1786002016.0953777,359.0,True,aggressive,adaptive,-0.08,-0.08,0.0,0.08,-0.08,0.0,0.080355606,-0.07672878,0.0,0.04637823,-0.06580874,0.20271342,0.00029680785,-0.0016562303,-0.0039035068,"[9.246452043233623, -0.0289964309916298, 0.0, 0.0, 0.0, 0.0, 7.564710103612667, 0.1581208852497804]","[-0.003288093825286084, -0.02474583098513987, 0.0]","{""Controller Type"": ""MPC Controller"", ""weight_comfort"": 62.49835196094635, ""weight_trajectory"": 1127299.5400539525, ""weight_goal"": 2501000.0, ""Q"": [[1127299.5400539525, 0.0, 0.0, 0.0], [0.0, 0.0, 0.0, 0.0], [0.0, 0.0, 1127299.5400539525, 0.0], [0.0, 0.0, 0.0, 0.0]], ""R"": [[62.49835196094635, 0.0], [0.0, 62.49835196094635]], ""P"": [[2501000.0, 0.0, 0.0, 0.0], [0.0, 250100000.0, 0.0, 0.0], [0.0, 0.0, 2501000.0, 0.0], [0.0, 0.0, 0.0, 250100000.0]]}","[-0.061313994302366906, -0.5640274974747931, 0.0]",False
3,P15,0fd6ae2b-97d7-4e48-98bd-b885d903cb74,34,1,haply,mpc,seeded_random,1628080972,persist_session,10.0,43.15893164634705,4567.590625871,0,1786002016.105531,360.0,True,aggressive,adaptive,-0.08,-0.08,0.0,0.08,-0.08,0.0,0.080355606,-0.07672878,0.0,0.04637823,-0.06580874,0.20271342,0.00013708425,-0.0009009392,-0.003057746,"[9.246451171264589, -0.028996293250639505, 0.0, 0.0, 0.0, 0.0, 7.564600549251142, 0.15813714184865485]","[-0.0032880935152086637, -0.02474547260872136, 0.0]","{""Controller Type"": ""MPC Controller"", ""weight_comfort"": 62.49835196094635, ""weight_trajectory"": 1127299.5400539525, ""weight_goal"": 2501000.0, ""Q"": [[1127299.5400539525, 0.0, 0.0, 0.0], [0.0, 0.0, 0.0, 0.0], [0.0, 0.0, 1127299.5400539525, 0.0], [0.0, 0.0, 0.0, 0.0]], ""R"": [[62.49835196094635, 0.0], [0.0, 62.49835196094635]], ""P"": [[2501000.0, 0.0, 0.0, 0.0], [0.0, 250100000.0, 0.0, 0.0], [0.0, 0.0, 2501000.0, 0.0], [0.0, 0.0, 0.0, 250100000.0]]}","[-0.061313994325082125, -0.5640274971180963, 0.0]",False
3,P15,0fd6ae2b-97d7-4e48-98bd-b885d903cb74,34,1,haply,mpc,seeded_random,1628080972,persist_session,10.0,43.16886201858521,4567.600566667,0,1786002016.1154518,361.0,True,aggressive,adaptive,-0.08,-0.08,0.0,0.08,-0.08,0.0,0.080355606,-0.07672878,0.0,0.04637823,-0.06580874,0.20271342,7.871063e-05,-0.00057437614,-0.0022823806,"[9.246450298422877, -0.02899615537179636, 0.0, 0.0, 0.0, 0.0, 7.564490888403508, 0.15815341424883492]","[-0.003288093204820914, -0.024745113883963363, 0.0]","{""Controller Type"": ""MPC Controller"", ""weight_comfort"": 62.49835196094635, ""weight_trajectory"": 1127299.5400539525, ""weight_goal"": 2501000.0, ""Q"": [[1127299.5400539525, 0.0, 0.0, 0.0], [0.0, 0.0, 0.0, 0.0], [0.0, 0.0, 1127299.5400539525, 0.0], [0.0, 0.0, 0.0, 0.0]], ""R"": [[62.49835196094635, 0.0], [0.0, 62.49835196094635]], ""P"": [[2501000.0, 0.0, 0.0, 0.0], [0.0, 250100000.0, 0.0, 0.0], [0.0, 0.0, 2501000.0, 0.0], [0.0, 0.0, 0.0, 250100000.0]]}","[-0.0613139943250814, -0.5640274971180946, 0.0]",False
3,P15,0fd6ae2b-97d7-4e48-98bd-b885d903cb74,34,1,haply,mpc,seeded_random,1628080972,persist_session,10.0,43.17887321472168,4567.610583114,0,1786002016.1256497,362.0,True,aggressive,adaptive,-0.08,-0.08,0.0,0.08,-0.08,0.0,0.080355606,-0.07672878,0.0,0.04638688,-0.06584628,0.20269915,6.4614316e-05,-0.0004488244,-0.0016637021,"[9.246449424707615, -0.028996017354962426, 0.0, 0.0, 0.0, 0.0, 7.564381120969401, 0.15816970246521375]","[-0.0032880928941225246, -0.02474475481053756, 0.0]","{""Controller Type"": ""MPC Controller"", ""weight_comfort"": 62.49591614834739, ""weight_trajectory"": 1127372.7605806768, ""weight_goal"": 2501000.0, ""Q"": [[1127372.7605806768, 0.0, 0.0, 0.0], [0.0, 0.0, 0.0, 0.0], [0.0, 0.0, 1127372.7605806768, 0.0], [0.0, 0.0, 0.0, 0.0]], ""R"": [[62.49591614834739, 0.0], [0.0, 62.49591614834739]], ""P"": [[2501000.0, 0.0, 0.0, 0.0], [0.0, 250100000.0, 0.0, 0.0], [0.0, 0.0, 2501000.0, 0.0], [0.0, 0.0, 0.0, 250100000.0]]}","[-0.061314089587509085, -0.5640283734376812, 0.0]",False
3,P15,0fd6ae2b-97d7-4e48-98bd-b885d903cb74,34,1,haply,mpc,seeded_random,1628080972,persist_session,10.0,43.188840303421024,4567.620549264,0,1786002016.1353903,363.0,True,aggressive,adaptive,-0.08,-0.08,0.0,0.08,-0.08,0.0,0.0803815559999999,-0.07675732,0.0,0.04638688,-0.06584628,0.20269915,9.97952e-05,-0.0005533737,-0.0012756996,"[9.246283119574803, -0.028925338634318072, 0.0, 0.0, 0.0, 0.0, 7.56543229902217, 0.1581278070773001]","[-0.0036050331818612805, -0.024995580249492822, 0.0]","{""Controller Type"": ""MPC Controller"", ""weight_comfort"": 62.49591614834739, ""weight_trajectory"": 1127372.7605806768, ""weight_goal"": 2501000.0, ""Q"": [[1127372.7605806768, 0.0, 0.0, 0.0], [0.0, 0.0, 0.0, 0.0], [0.0, 0.0, 1127372.7605806768, 0.0], [0.0, 0.0, 0.0, 0.0]], ""R"": [[62.49591614834739, 0.0], [0.0, 62.49591614834739]], ""P"": [[2501000.0, 0.0, 0.0, 0.0], [0.0, 250100000.0, 0.0, 0.0], [0.0, 0.0, 2501000.0, 0.0], [0.0, 0.0, 0.0, 250100000.0]]}","[-0.1153526497413894, -0.5045963695537994, 0.0]",False
3,P15,0fd6ae2b-97d7-4e48-98bd-b885d903cb74,34,1,haply,mpc,seeded_random,1628080972,persist_session,10.0,43.19880834579468,4567.630527427,0,1786002016.1456263,364.0,True,aggressive,adaptive,-0.08,-0.08,0.0,0.08,-0.08,0.0,0.0803815559999999,-0.07675732,0.0,0.04639554,-0.06588389,0.2026849,0.00013342306,-0.0006669645,-0.0010311932,"[9.246356465633069, -0.028936924768782624, 0.0, 0.0, 0.0, 0.0, 7.56406304252008, 0.1583309904799683]","[-0.00352800278760101, -0.024527835946718892, 0.0]","{""Controller Type"": ""MPC Controller"", ""weight_comfort"": 62.4954538819656, ""weight_trajectory"": 1127386.6563081136, ""weight_goal"": 2501000.0, ""Q"": [[1127386.6563081136, 0.0, 0.0, 0.0], [0.0, 0.0, 0.0, 0.0], [0.0, 0.0, 1127386.6563081136, 0.0], [0.0, 0.0, 0.0, 0.0]], ""R"": [[62.4954538819656, 0.0], [0.0, 62.4954538819656]], ""P"": [[2501000.0, 0.0, 0.0, 0.0], [0.0, 250100000.0, 0.0, 0.0], [0.0, 0.0, 2501000.0, 0.0], [0.0, 0.0, 0.0, 250100000.0]]}","[-0.06578842523502272, -0.5591074665476241, 0.0]",False
3,P15,0fd6ae2b-97d7-4e48-98bd-b885d903cb74,34,1,haply,mpc,seeded_random,1628080972,persist_session,10.0,43.2088772392273,4567.640577726,0,1786002016.1553822,365.0,True,aggressive,adaptive,-0.08,-0.08,0.0,0.08,-0.08,0.0,0.080407536,-0.07678582,0.0,0.046404183,-0.06592143,0.20267063,0.00017610844,-0.00082648516,-0.00086272653,"[9.246184643454862, -0.028865348742349823, 0.0, 0.0, 0.0, 0.0, 7.5651018205197404, 0.15829036005194744]","[-0.0038450220371120283, -0.024778016425288863, 0.0]","{""Controller Type"": ""MPC Controller"", ""weight_comfort"": 62.4954538819656, ""weight_trajectory"": 1127386.6563081136, ""weight_goal"": 2501000.0, ""Q"": [[1127386.6563081136, 0.0, 0.0, 0.0], [0.0, 0.0, 0.0, 0.0], [0.0, 0.0, 1127386.6563081136, 0.0], [0.0, 0.0, 0.0, 0.0]], ""R"": [[62.4954538819656, 0.0], [0.0, 62.4954538819656]], ""P"": [[2501000.0, 0.0, 0.0, 0.0], [0.0, 250100000.0, 0.0, 0.0], [0.0, 0.0, 2501000.0, 0.0], [0.0, 0.0, 0.0, 250100000.0]]}","[-0.11981308739875982, -0.49984272309894023, 0.0]",False
3,P15,0fd6ae2b-97d7-4e48-98bd-b885d903cb74,34,1,haply,mpc,seeded_random,1628080972,persist_session,10.0,43.21881547927857,4567.65053375,0,1786002016.165745,366.0,True,aggressive,adaptive,-0.08,-0.08,0.0,0.08,-0.08,0.0,0.080433465,-0.07681436,0.0,0.046412844,-0.06595903,0.20265637,0.00022621572,-0.0010269058,-0.00078677275,"[9.246191760590948, -0.028868201252385678, 0.0, 0.0, 0.0, 0.0, 7.564948040887675, 0.1582973158541229]","[-0.004080131858307292, -0.02453516217756656, 0.0]","{""Controller Type"": ""MPC Controller"", ""weight_comfort"": 62.4954538819656, ""weight_trajectory"": 1127386.6563081136, ""weight_goal"": 2501000.0, ""Q"": [[1127386.6563081136, 0.0, 0.0, 0.0], [0.0, 0.0, 0.0, 0.0], [0.0, 0.0, 1127386.6563081136, 0.0], [0.0, 0.0, 0.0, 0.0]], ""R"": [[62.4954538819656, 0.0], [0.0, 62.4954538819656]], ""P"": [[2501000.0, 0.0, 0.0, 0.0], [0.0, 250100000.0, 0.0, 0.0], [0.0, 0.0, 2501000.0, 0.0], [0.0, 0.0, 0.0, 250100000.0]]}","[-0.12129009202492787, -0.49803365185635956, 0.0]",False
3,P15,0fd6ae2b-97d7-4e48-98bd-b885d903cb74,34,1,haply,mpc,seeded_random,1628080972,persist_session,10.0,43.229126129150394,4567.660820304,0,1786002016.17533,367.0,True,aggressive,adaptive,-0.08,-0.08,0.0,0.08,-0.08,0.0,0.080459448,-0.07684288,0.0,0.046412844,-0.06595903,0.20265637,0.00029013204,-0.0012913964,-0.0007716512,"[9.246174360496903, -0.028861178953936587, 0.0, 0.0, 0.0, 0.0, 7.564943412431432, 0.15829747515744394]","[-0.004080131858307292, -0.02453516217756656, 0.0]","{""Controller Type"": ""MPC Controller"", ""weight_comfort"": 62.4954538819656, ""weight_trajectory"": 1127386.6563081136, ""weight_goal"": 2501000.0, ""Q"": [[1127386.6563081136, 0.0, 0.0, 0.0], [0.0, 0.0, 0.0, 0.0], [0.0, 0.0, 1127386.6563081136, 0.0], [0.0, 0.0, 0.0, 0.0]], ""R"": [[62.4954538819656, 0.0], [0.0, 62.4954538819656]], ""P"": [[2501000.0, 0.0, 0.0, 0.0], [0.0, 250100000.0, 0.0, 0.0], [0.0, 0.0, 2501000.0, 0.0], [0.0, 0.0, 0.0, 250100000.0]]}","[-0.12965328776139035, -0.48899618875869005, 0.0]",False
3,P15,0fd6ae2b-97d7-4e48-98bd-b885d903cb74,34,1,haply,mpc,seeded_random,1628080972,persist_session,10.0,43.23882308959961,4567.670535197,0,1786002016.1854262,368.0,True,aggressive,adaptive,-0.08,-0.08,0.0,0.08,-0.08,0.0,0.080459448,-0.07684288,0.0,0.046421506,-0.06599664,0.20264202,0.0003505422,-0.0015448952,-0.00078990025,"[9.246265627040529, -0.028875595867009253, 0.0, 0.0, 0.0, 0.0, 7.56357132156373, 0.15850108378485356]","[-0.004248178249812657, -0.02387910229073528, 0.0]","{""Controller Type"": ""MPC Controller"", ""weight_comfort"": 62.4960431372294, ""weight_trajectory"": 1127368.9432948837, ""weight_goal"": 2501000.0, ""Q"": [[1127368.9432948837, 0.0, 0.0, 0.0], [0.0, 0.0, 0.0, 0.0], [0.0, 0.0, 1127368.9432948837, 0.0], [0.0, 0.0, 0.0, 0.0]], ""R"": [[62.4960431372294, 0.0], [0.0, 62.4960431372294]], ""P"": [[2501000.0, 0.0, 0.0, 0.0], [0.0, 250100000.0, 0.0, 0.0], [0.0, 0.0, 2501000.0, 0.0], [0.0, 0.0, 0.0, 250100000.0]]}","[-0.07921866750119157, -0.5443550464995945, 0.0]",False
3,P15,0fd6ae2b-97d7-4e48-98bd-b885d903cb74,34,1,haply,mpc,seeded_random,1628080972,persist_session,10.0,43.24910369873047,4567.680802172,0,1786002016.195354,369.0,True,aggressive,adaptive,-0.08,-0.08,0.0,0.08,-0.08,0.0,0.080485434,-0.07687158,0.0,0.046421506,-0.06599664,0.20264202,0.00036150301,-0.0015862334,-0.00075011904,"[9.24608419920034, -0.028804447737379252, 0.0, 0.0, 0.0, 0.0, 7.564555745547013, 0.15846466395539804]","[-0.0045637596137368995, -0.024123210884872945, 0.0]","{""Controller Type"": ""MPC Controller"", ""weight_comfort"": 62.4960431372294, ""weight_trajectory"": 1127368.9432948837, ""weight_goal"": 2501000.0, ""Q"": [[1127368.9432948837, 0.0, 0.0, 0.0], [0.0, 0.0, 0.0, 0.0], [0.0, 0.0, 1127368.9432948837, 0.0], [0.0, 0.0, 0.0, 0.0]], ""R"": [[62.4960431372294, 0.0], [0.0, 62.4960431372294]], ""P"": [[2501000.0, 0.0, 0.0, 0.0], [0.0, 250100000.0, 0.0, 0.0], [0.0, 0.0, 2501000.0, 0.0], [0.0, 0.0, 0.0, 250100000.0]]}","[-0.1323976997457292, -0.4856219508238293, 0.0]",False
3,P15,0fd6ae2b-97d7-4e48-98bd-b885d903cb74,34,1,haply,mpc,seeded_random,1628080972,persist_session,10.0,43.258900794982914,4567.690600962,0,1786002016.2055,370.0,True,aggressive,adaptive,-0.08,-0.08,0.0,0.08,-0.08,0.0,0.080485434,-0.07687158,0.0,0.04643017,-0.06603428,0.2026277,0.00038744992,-0.0016942018,-0.0007495109,"[9.246176890158502, -0.028819089644793936, 0.0, 0.0, 0.0, 0.0, 7.563236194639678, 0.15866047748510037]","[-0.004488408632497265, -0.023660979376034712, 0.0]","{""Controller Type"": ""MPC Controller"", ""weight_comfort"": 62.49457207332068, ""weight_trajectory"": 1127413.1634759798, ""weight_goal"": 2501000.0, ""Q"": [[1127413.1634759798, 0.0, 0.0, 0.0], [0.0, 0.0, 0.0, 0.0], [0.0, 0.0, 1127413.1634759798, 0.0], [0.0, 0.0, 0.0, 0.0]], ""R"": [[62.49457207332068, 0.0], [0.0, 62.49457207332068]], ""P"": [[2501000.0, 0.0, 0.0, 0.0], [0.0, 250100000.0, 0.0, 0.0], [0.0, 0.0, 2501000.0, 0.0], [0.0, 0.0, 0.0, 250100000.0]]}","[-0.08369920997142452, -0.539406552385586, 0.0]",False
3,P15,0fd6ae2b-97d7-4e48-98bd-b885d903cb74,34,1,haply,mpc,seeded_random,1628080972,persist_session,10.0,43.26888981819153,4567.700595321,0,1786002016.2155268,371.0,True,aggressive,adaptive,-0.08,-0.08,0.0,0.08,-0.08,0.0,0.080511426,-0.07690022,0.0,0.04643017,-0.06603428,0.2026277,0.00038047423,-0.0016606004,-0.0007073429,"[9.245994046777287, -0.028748813085460925, 0.0, 0.0, 0.0, 0.0, 7.564191620481103, 0.158624782653205]","[-0.0048031649621958425, -0.023900411051452276, 0.0]","{""Controller Type"": ""MPC Controller"", ""weight_comfort"": 62.49457207332068, ""weight_trajectory"": 1127413.1634759798, ""weight_goal"": 2501000.0, ""Q"": [[1127413.1634759798, 0.0, 0.0, 0.0], [0.0, 0.0, 0.0, 0.0], [0.0, 0.0, 1127413.1634759798, 0.0], [0.0, 0.0, 0.0, 0.0]], ""R"": [[62.49457207332068, 0.0], [0.0, 62.49457207332068]], ""P"": [[2501000.0, 0.0, 0.0, 0.0], [0.0, 250100000.0, 0.0, 0.0], [0.0, 0.0, 2501000.0, 0.0], [0.0, 0.0, 0.0, 250100000.0]]}","[-0.13640881128050178, -0.48132762129362655, 0.0]",False
3,P15,0fd6ae2b-97d7-4e48-98bd-b885d903cb74,34,1,haply,mpc,seeded_random,1628080972,persist_session,10.0,43.27882495880127,4567.71053558,0,1786002016.2256744,372.0,True,aggressive,adaptive,-0.08,-0.08,0.0,0.08,-0.08,0.0,0.080511426,-0.07690022,0.0,0.04643017,-0.06603428,0.2026277,0.00043283944,-0.0018856279,-0.00077208877,"[9.24609082506143, -0.028764100632441728, 0.0, 0.0, 0.0, 0.0, 7.5628971506152185, 0.1588168757132023]","[-0.004728691246297824, -0.02344331732953391, 0.0]","{""Controller Type"": ""MPC Controller"", ""weight_comfort"": 62.49457207332068, ""weight_trajectory"": 1127413.1634759798, ""weight_goal"": 2501000.0, ""Q"": [[1127413.1634759798, 0.0, 0.0, 0.0], [0.0, 0.0, 0.0, 0.0], [0.0, 0.0, 1127413.1634759798, 0.0], [0.0, 0.0, 0.0, 0.0]], ""R"": [[62.49457207332068, 0.0], [0.0, 62.49457207332068]], ""P"": [[2501000.0, 0.0, 0.0, 0.0], [0.0, 250100000.0, 0.0, 0.0], [0.0, 0.0, 2501000.0, 0.0], [0.0, 0.0, 0.0, 250100000.0]]}","[-0.08818086970439519, -0.5344689050127416, 0.0]",False
3,P15,0fd6ae2b-97d7-4e48-98bd-b885d903cb74,34,1,haply,mpc,seeded_random,1628080972,persist_session,10.0,43.288869056701664,4567.720579375,0,1786002016.2355516,373.0,True,aggressive,adaptive,-0.08,-0.08,0.0,0.08,-0.08,0.0,0.080511426,-0.07690022,0.0,0.04643017,-0.06603428,0.2026277,0.0004718565,-0.002053294,-0.0008203306,"[9.246088997978362, -0.028763812017919426, 0.0, 0.0, 0.0, 0.0, 7.562797530325598, 0.15883165888179912]","[-0.004728690311880039, -0.02344300852855255, 0.0]","{""Controller Type"": ""MPC Controller"", ""weight_comfort"": 62.49457207332068, ""weight_trajectory"": 1127413.1634759798, ""weight_goal"": 2501000.0, ""Q"": [[1127413.1634759798, 0.0, 0.0, 0.0], [0.0, 0.0, 0.0, 0.0], [0.0, 0.0, 1127413.1634759798, 0.0], [0.0, 0.0, 0.0, 0.0]], ""R"": [[62.49457207332068, 0.0], [0.0, 62.49457207332068]], ""P"": [[2501000.0, 0.0, 0.0, 0.0], [0.0, 250100000.0, 0.0, 0.0], [0.0, 0.0, 2501000.0, 0.0], [0.0, 0.0, 0.0, 250100000.0]]}","[-0.08818086970987093, -0.5344689048479708, 0.0]",False
3,P15,0fd6ae2b-97d7-4e48-98bd-b885d903cb74,34,1,haply,mpc,seeded_random,1628080972,persist_session,10.0,43.29892030715943,4567.730628933,0,1786002016.2458146,374.0,True,aggressive,adaptive,-0.08,-0.08,0.0,0.08,-0.08,0.0,0.080511426,-0.07690022,0.0,0.04643017,-0.06603428,0.2026277,0.0003990615,-0.0017359658,-0.000688602,"[9.246087169067104, -0.028763523114607933, 0.0, 0.0, 0.0, 0.0, 7.562697812944321, 0.15884645645832784]","[-0.004728689376527271, -0.023442699426608416, 0.0]","{""Controller Type"": ""MPC Controller"", ""weight_comfort"": 62.49410761368813, ""weight_trajectory"": 1127427.1251325347, ""weight_goal"": 2501000.0, ""Q"": [[1127427.1251325347, 0.0, 0.0, 0.0], [0.0, 0.0, 0.0, 0.0], [0.0, 0.0, 1127427.1251325347, 0.0], [0.0, 0.0, 0.0, 0.0]], ""R"": [[62.49410761368813, 0.0], [0.0, 62.49410761368813]], ""P"": [[2501000.0, 0.0, 0.0, 0.0], [0.0, 250100000.0, 0.0, 0.0], [0.0, 0.0, 2501000.0, 0.0], [0.0, 0.0, 0.0, 250100000.0]]}","[-0.08818086970987093, -0.5344689048479708, 0.0]",False
3,P15,0fd6ae2b-97d7-4e48-98bd-b885d903cb74,34,1,haply,mpc,seeded_random,1628080972,persist_session,10.0,43.30888882637024,4567.740596579,0,1786002016.2553914,375.0,True,aggressive,adaptive,-0.08,-0.08,0.0,0.08,-0.08,0.0,0.080511426,-0.07690022,0.0,0.04643017,-0.06603428,0.2026277,0.00028728173,-0.0012497102,-0.0004957199,"[9.24608533832583, -0.0287632339222184, 0.0, 0.0, 0.0, 0.0, 7.562597998379357, 0.15886126845644502]","[-0.004728688440238583, -0.02344239002341623, 0.0]","{""Controller Type"": ""MPC Controller"", ""weight_comfort"": 62.49410761368813, ""weight_trajectory"": 1127427.1251325347, ""weight_goal"": 2501000.0, ""Q"": [[1127427.1251325347, 0.0, 0.0, 0.0], [0.0, 0.0, 0.0, 0.0], [0.0, 0.0, 1127427.1251325347, 0.0], [0.0, 0.0, 0.0, 0.0]], ""R"": [[62.49410761368813, 0.0], [0.0, 62.49410761368813]], ""P"": [[2501000.0, 0.0, 0.0, 0.0], [0.0, 250100000.0, 0.0, 0.0], [0.0, 0.0, 2501000.0, 0.0], [0.0, 0.0, 0.0, 250100000.0]]}","[-0.08818089583027483, -0.5344690631651672, 0.0]",False
3,P15,0fd6ae2b-97d7-4e48-98bd-b885d903cb74,34,1,haply,mpc,seeded_random,1628080972,persist_session,10.0,43.318903360366825,4567.750616105,0,1786002016.2655609,376.0,True,aggressive,adaptive,-0.08,-0.08,0.0,0.08,-0.08,0.0,0.080511426,-0.07690022,0.0,0.046438854,-0.06607197,0.20261338,0.00021295223,-0.00092632946,-0.00036710638,"[9.246083505752708, -0.02876294444046169, 0.0, 0.0, 0.0, 0.0, 7.5624980865385965, 0.1588760948898194]","[-0.0047286875030130415, -0.023442080318690477, 0.0]","{""Controller Type"": ""MPC Controller"", ""weight_comfort"": 62.49385277062029, ""weight_trajectory"": 1127434.7857151537, ""weight_goal"": 2501000.0, ""Q"": [[1127434.7857151537, 0.0, 0.0, 0.0], [0.0, 0.0, 0.0, 0.0], [0.0, 0.0, 1127434.7857151537, 0.0], [0.0, 0.0, 0.0, 0.0]], ""R"": [[62.49385277062029, 0.0], [0.0, 62.49385277062029]], ""P"": [[2501000.0, 0.0, 0.0, 0.0], [0.0, 250100000.0, 0.0, 0.0], [0.0, 0.0, 2501000.0, 0.0], [0.0, 0.0, 0.0, 250100000.0]]}","[-0.0881808958302752, -0.5344690631651667, 0.0]",False
3,P15,0fd6ae2b-97d7-4e48-98bd-b885d903cb74,34,1,haply,mpc,seeded_random,1628080972,persist_session,10.0,43.32874957084656,4567.760456262,0,1786002016.2755475,377.0,True,aggressive,adaptive,-0.08,-0.08,0.0,0.08,-0.08,0.0,0.080537478,-0.0769288599999999,0.0,0.046438854,-0.06607197,0.20261338,0.00022224213,-0.00096622366,-0.0003783387,"[9.245891736943431, -0.028690280466933466, 0.0, 0.0, 0.0, 0.0, 7.5634574188709855, 0.15884191494480335]","[-0.005044305529685981, -0.023683957621900197, 0.0]","{""Controller Type"": ""MPC Controller"", ""weight_comfort"": 62.49385277062029, ""weight_trajectory"": 1127434.7857151537, ""weight_goal"": 2501000.0, ""Q"": [[1127434.7857151537, 0.0, 0.0, 0.0], [0.0, 0.0, 0.0, 0.0], [0.0, 0.0, 1127434.7857151537, 0.0], [0.0, 0.0, 0.0, 0.0]], ""R"": [[62.49385277062029, 0.0], [0.0, 62.49385277062029]], ""P"": [[2501000.0, 0.0, 0.0, 0.0], [0.0, 250100000.0, 0.0, 0.0], [0.0, 0.0, 2501000.0, 0.0], [0.0, 0.0, 0.0, 250100000.0]]}","[-0.0881808958302752, -0.5344690631651667, 0.0]",False
3,P15,0fd6ae2b-97d7-4e48-98bd-b885d903cb74,34,1,haply,mpc,seeded_random,1628080972,persist_session,10.0,43.338786277771,4567.770479804,0,1786002016.2856443,378.0,True,aggressive,adaptive,-0.08,-0.08,0.0,0.08,-0.08,0.0,0.080537478,-0.0769288599999999,0.0,0.046438854,-0.06607197,0.20261338,0.00022884918,-0.0009945967,-0.00038632727,"[9.245891736943431, -0.028690280466933466, 0.0, 0.0, 0.0, 0.0, 7.5634574188709855, 0.15884191494480335]","[-0.005044305529685981, -0.023683957621900197, 0.0]","{""Controller Type"": ""MPC Controller"", ""weight_comfort"": 62.49385277062029, ""weight_trajectory"": 1127434.7857151537, ""weight_goal"": 2501000.0, ""Q"": [[1127434.7857151537, 0.0, 0.0, 0.0], [0.0, 0.0, 0.0, 0.0], [0.0, 0.0, 1127434.7857151537, 0.0], [0.0, 0.0, 0.0, 0.0]], ""R"": [[62.49385277062029, 0.0], [0.0, 62.49385277062029]], ""P"": [[2501000.0, 0.0, 0.0, 0.0], [0.0, 250100000.0, 0.0, 0.0], [0.0, 0.0, 2501000.0, 0.0], [0.0, 0.0, 0.0, 250100000.0]]}","[-0.09267283871485124, -0.5295309944699352, 0.0]",False
3,P15,0fd6ae2b-97d7-4e48-98bd-b885d903cb74,34,1,haply,mpc,seeded_random,1628080972,persist_session,10.0,43.34916964530945,4567.780866981,0,1786002016.2956877,379.0,True,aggressive,adaptive,-0.08,-0.08,0.0,0.08,-0.08,0.0,0.080537478,-0.0769288599999999,0.0,0.046438854,-0.06607197,0.20261338,0.00023400999,-0.0010167592,-0.00039256708,"[9.245993118830688, -0.028706295205110928, 0.0, 0.0, 0.0, 0.0, 7.562059031938865, 0.1590494303132695]","[-0.004969517889522953, -0.023224141975348833, 0.0]","{""Controller Type"": ""MPC Controller"", ""weight_comfort"": 62.49385277062029, ""weight_trajectory"": 1127434.7857151537, ""weight_goal"": 2501000.0, ""Q"": [[1127434.7857151537, 0.0, 0.0, 0.0], [0.0, 0.0, 0.0, 0.0], [0.0, 0.0, 1127434.7857151537, 0.0], [0.0, 0.0, 0.0, 0.0]], ""R"": [[62.49385277062029, 0.0], [0.0, 62.49385277062029]], ""P"": [[2501000.0, 0.0, 0.0, 0.0], [0.0, 250100000.0, 0.0, 0.0], [0.0, 0.0, 2501000.0, 0.0], [0.0, 0.0, 0.0, 250100000.0]]}","[-0.09267283871485124, -0.5295309944699352, 0.0]",False
3,P15,0fd6ae2b-97d7-4e48-98bd-b885d903cb74,34,1,haply,mpc,seeded_random,1628080972,persist_session,10.0,43.358849678039554,4567.790557119,0,1786002016.3055985,380.0,True,aggressive,adaptive,-0.08,-0.08,0.0,0.08,-0.08,0.0,0.080537478,-0.0769288599999999,0.0,0.046438854,-0.06607197,0.20261338,0.00023351707,-0.0010144608,-0.00039029075,"[9.2459910867066, -0.02870597420166447, 0.0, 0.0, 0.0, 0.0, 7.561960576341693, 0.15906404075409647]","[-0.0049695167973009624, -0.02322383960442613, 0.0]","{""Controller Type"": ""MPC Controller"", ""weight_comfort"": 62.49338567776613, ""weight_trajectory"": 1127448.8265263499, ""weight_goal"": 2501000.0, ""Q"": [[1127448.8265263499, 0.0, 0.0, 0.0], [0.0, 0.0, 0.0, 0.0], [0.0, 0.0, 1127448.8265263499, 0.0], [0.0, 0.0, 0.0, 0.0]], ""R"": [[62.49338567776613, 0.0], [0.0, 62.49338567776613]], ""P"": [[2501000.0, 0.0, 0.0, 0.0], [0.0, 250100000.0, 0.0, 0.0], [0.0, 0.0, 2501000.0, 0.0], [0.0, 0.0, 0.0, 250100000.0]]}","[-0.09267286632485307, -0.5295311520455248, 0.0]",False
3,P15,0fd6ae2b-97d7-4e48-98bd-b885d903cb74,34,1,haply,mpc,seeded_random,1628080972,persist_session,10.0,43.369398031234745,4567.801090263,0,1786002016.3157773,381.0,True,aggressive,adaptive,-0.08,-0.08,0.0,0.08,-0.08,0.0,0.080537478,-0.0769288599999999,0.0,0.046438854,-0.06607197,0.20261338,0.00016935826,-0.0007357377,-0.00028305838,"[9.245989052549247, -0.02870565287703455, 0.0, 0.0, 0.0, 0.0, 7.5618620247579065, 0.1590786654389763]","[-0.0049695167973009624, -0.02322383960442613, 0.0]","{""Controller Type"": ""MPC Controller"", ""weight_comfort"": 62.49338567776613, ""weight_trajectory"": 1127448.8265263499, ""weight_goal"": 2501000.0, ""Q"": [[1127448.8265263499, 0.0, 0.0, 0.0], [0.0, 0.0, 0.0, 0.0], [0.0, 0.0, 1127448.8265263499, 0.0], [0.0, 0.0, 0.0, 0.0]], ""R"": [[62.49338567776613, 0.0], [0.0, 62.49338567776613]], ""P"": [[2501000.0, 0.0, 0.0, 0.0], [0.0, 250100000.0, 0.0, 0.0], [0.0, 0.0, 2501000.0, 0.0], [0.0, 0.0, 0.0, 250100000.0]]}","[-0.09267286632485307, -0.5295311520455248, 0.0]",False
3,P15,0fd6ae2b-97d7-4e48-98bd-b885d903cb74,34,1,haply,mpc,seeded_random,1628080972,persist_session,10.0,43.37897411346436,4567.810675082,0,1786002016.3254793,382.0,True,aggressive,adaptive,-0.08,-0.08,0.0,0.08,-0.08,0.0,0.080537478,-0.0769288599999999,0.0,0.046438854,-0.06607197,0.20261338,0.00011992295,-0.00052097737,-0.00020043424,"[9.245987016356597, -0.028705331230899956, 0.0, 0.0, 0.0, 0.0, 7.561763377096467, 0.15909330438141905]","[-0.004969514609577385, -0.023223233977936148, 0.0]","{""Controller Type"": ""MPC Controller"", ""weight_comfort"": 62.49313361372239, ""weight_trajectory"": 1127456.4035715044, ""weight_goal"": 2501000.0, ""Q"": [[1127456.4035715044, 0.0, 0.0, 0.0], [0.0, 0.0, 0.0, 0.0], [0.0, 0.0, 1127456.4035715044, 0.0], [0.0, 0.0, 0.0, 0.0]], ""R"": [[62.49313361372239, 0.0], [0.0, 62.49313361372239]], ""P"": [[2501000.0, 0.0, 0.0, 0.0], [0.0, 250100000.0, 0.0, 0.0], [0.0, 0.0, 2501000.0, 0.0], [0.0, 0.0, 0.0, 250100000.0]]}","[-0.09267286632485146, -0.5295311520455246, 0.0]",False
3,P15,0fd6ae2b-97d7-4e48-98bd-b885d903cb74,34,1,haply,mpc,seeded_random,1628080972,persist_session,10.0,43.389006290435795,4567.820716299,0,1786002016.3359165,383.0,True,aggressive,adaptive,-0.08,-0.08,0.0,0.08,-0.08,0.0,0.080537478,-0.0769288599999999,0.0,0.04646939,-0.066054456,0.2026121,8.703185e-05,-0.00037808964,-0.00014546137,"[9.245984978126616, -0.02870500926293914, 0.0, 0.0, 0.0, 0.0, 7.561664633266251, 0.1591079575949469]","[-0.004969514609577385, -0.023223233977936148, 0.0]","{""Controller Type"": ""MPC Controller"", ""weight_comfort"": 62.49313361372239, ""weight_trajectory"": 1127456.4035715044, ""weight_goal"": 2501000.0, ""Q"": [[1127456.4035715044, 0.0, 0.0, 0.0], [0.0, 0.0, 0.0, 0.0], [0.0, 0.0, 1127456.4035715044, 0.0], [0.0, 0.0, 0.0, 0.0]], ""R"": [[62.49313361372239, 0.0], [0.0, 62.49313361372239]], ""P"": [[2501000.0, 0.0, 0.0, 0.0], [0.0, 250100000.0, 0.0, 0.0], [0.0, 0.0, 2501000.0, 0.0], [0.0, 0.0, 0.0, 250100000.0]]}","[-0.0926728812218124, -0.529531237166522, 0.0]",False
3,P15,0fd6ae2b-97d7-4e48-98bd-b885d903cb74,34,1,haply,mpc,seeded_random,1628080972,persist_session,10.0,43.3988710975647,4567.830576419,0,1786002016.3455565,384.0,True,aggressive,adaptive,-0.08,-0.08,0.0,0.08,-0.08,0.0,0.080629086,-0.07693142,0.0,0.0464999,-0.06603692,0.20261082,8.877977e-05,-0.00025676846,-0.000105684536,"[9.244371145449383, -0.027871065644908932, 0.0, 0.0, 0.0, 0.0, 7.561682687411272, 0.15910544309219019]","[-0.006080354586202623, -0.023245879378480137, 0.0]","{""Controller Type"": ""MPC Controller"", ""weight_comfort"": 62.49313361372239, ""weight_trajectory"": 1127456.4035715044, ""weight_goal"": 2501000.0, ""Q"": [[1127456.4035715044, 0.0, 0.0, 0.0], [0.0, 0.0, 0.0, 0.0], [0.0, 0.0, 1127456.4035715044, 0.0], [0.0, 0.0, 0.0, 0.0]], ""R"": [[62.49313361372239, 0.0], [0.0, 62.49313361372239]], ""P"": [[2501000.0, 0.0, 0.0, 0.0], [0.0, 250100000.0, 0.0, 0.0], [0.0, 0.0, 2501000.0, 0.0], [0.0, 0.0, 0.0, 250100000.0]]}","[-0.28526468395371074, -0.5241492289011478, 0.0]",False
3,P15,0fd6ae2b-97d7-4e48-98bd-b885d903cb74,34,1,haply,mpc,seeded_random,1628080972,persist_session,10.0,43.408900890350345,4567.840613652,0,1786002016.3554254,385.0,True,aggressive,adaptive,-0.08,-0.08,0.0,0.08,-0.08,0.0,0.080720616,-0.07693398,0.0,0.046508588,-0.0660745,0.20259646,9.7648655e-05,-0.00016323624,-7.67682e-05,"[9.244398200822662, -0.027884572876055433, 0.0, 0.0, 0.0, 0.0, 7.561582525433807, 0.1591194138963411]","[-0.006920280272904181, -0.023225239115213146, 0.0]","{""Controller Type"": ""MPC Controller"", ""weight_comfort"": 62.49228315262889, ""weight_trajectory"": 1127481.968431975, ""weight_goal"": 2501000.0, ""Q"": [[1127481.968431975, 0.0, 0.0, 0.0], [0.0, 0.0, 0.0, 0.0], [0.0, 0.0, 1127481.968431975, 0.0], [0.0, 0.0, 0.0, 0.0]], ""R"": [[62.49228315262889, 0.0], [0.0, 62.49228315262889]], ""P"": [[2501000.0, 0.0, 0.0, 0.0], [0.0, 250100000.0, 0.0, 0.0], [0.0, 0.0, 2501000.0, 0.0], [0.0, 0.0, 0.0, 250100000.0]]}","[-0.29680334402358055, -0.5238222941737999, 0.0]",False
3,P15,0fd6ae2b-97d7-4e48-98bd-b885d903cb74,34,1,haply,mpc,seeded_random,1628080972,persist_session,10.0,43.41883316993714,4567.850542678,0,1786002016.365535,386.0,True,aggressive,adaptive,-0.08,-0.08,0.0,0.08,-0.08,0.0,0.0807466799999999,-0.0769627,0.0,0.04651731,-0.06611222,0.20258209,0.00013597572,-0.00023663242,-0.00010950787,"[9.244977056719831, -0.02808002492950015, 0.0, 0.0, 0.0, 0.0, 7.562424921979415, 0.1590895920347273]","[-0.0069754333525692954, -0.02342130231401698, 0.0]","{""Controller Type"": ""MPC Controller"", ""weight_comfort"": 62.49228315262889, ""weight_trajectory"": 1127481.968431975, ""weight_goal"": 2501000.0, ""Q"": [[1127481.968431975, 0.0, 0.0, 0.0], [0.0, 0.0, 0.0, 0.0], [0.0, 0.0, 1127481.968431975, 0.0], [0.0, 0.0, 0.0, 0.0]], ""R"": [[62.49228315262889, 0.0], [0.0, 62.49228315262889]], ""P"": [[2501000.0, 0.0, 0.0, 0.0], [0.0, 250100000.0, 0.0, 0.0], [0.0, 0.0, 2501000.0, 0.0], [0.0, 0.0, 0.0, 250100000.0]]}","[-0.1767097318707616, -0.4708430974889056, 0.0]",False
3,P15,0fd6ae2b-97d7-4e48-98bd-b885d903cb74,34,1,haply,mpc,seeded_random,1628080972,persist_session,10.0,43.42883983612061,4567.860549838,0,1786002016.3753636,387.0,True,aggressive,adaptive,-0.08,-0.08,0.0,0.08,-0.08,0.0,0.080772846,-0.07699144,0.0,0.04651731,-0.06611222,0.20258209,0.0001762138,-0.0003442391,-0.0001540053,"[9.244962631197406, -0.0280751580394799, 0.0, 0.0, 0.0, 0.0, 7.562372159393383, 0.15909118715066128]","[-0.00721967518254406, -0.02321705354968107, 0.0]","{""Controller Type"": ""MPC Controller"", ""weight_comfort"": 62.49228315262889, ""weight_trajectory"": 1127481.968431975, ""weight_goal"": 2501000.0, ""Q"": [[1127481.968431975, 0.0, 0.0, 0.0], [0.0, 0.0, 0.0, 0.0], [0.0, 0.0, 1127481.968431975, 0.0], [0.0, 0.0, 0.0, 0.0]], ""R"": [[62.49228315262889, 0.0], [0.0, 62.49228315262889]], ""P"": [[2501000.0, 0.0, 0.0, 0.0], [0.0, 250100000.0, 0.0, 0.0], [0.0, 0.0, 2501000.0, 0.0], [0.0, 0.0, 0.0, 250100000.0]]}","[-0.18278621585017385, -0.46433822909896255, 0.0]",False
3,P15,0fd6ae2b-97d7-4e48-98bd-b885d903cb74,34,1,haply,mpc,seeded_random,1628080972,persist_session,10.0,43.43873826026917,4567.870448084,0,1786002016.3854227,388.0,True,aggressive,adaptive,-0.08,-0.08,0.0,0.08,-0.08,0.0,0.080772846,-0.07699144,0.0,0.046526007,-0.06614987,0.2025677,0.00019166323,-0.0004513199,-0.0001926889,"[9.245115261702358, -0.028099267801539766, 0.0, 0.0, 0.0, 0.0, 7.561060088528418, 0.1592858966769618]","[-0.00714505034954569, -0.0227479029399429, 0.0]","{""Controller Type"": ""MPC Controller"", ""weight_comfort"": 62.49228315262889, ""weight_trajectory"": 1127481.968431975, ""weight_goal"": 2501000.0, ""Q"": [[1127481.968431975, 0.0, 0.0, 0.0], [0.0, 0.0, 0.0, 0.0], [0.0, 0.0, 1127481.968431975, 0.0], [0.0, 0.0, 0.0, 0.0]], ""R"": [[62.49228315262889, 0.0], [0.0, 62.49228315262889]], ""P"": [[2501000.0, 0.0, 0.0, 0.0], [0.0, 250100000.0, 0.0, 0.0], [0.0, 0.0, 2501000.0, 0.0], [0.0, 0.0, 0.0, 250100000.0]]}","[-0.13325550861446758, -0.5187413675820273, 0.0]",False
3,P15,0fd6ae2b-97d7-4e48-98bd-b885d903cb74,34,1,haply,mpc,seeded_random,1628080972,persist_session,10.0,43.44883838653565,4567.880552935,0,1786002016.3953383,389.0,True,aggressive,adaptive,-0.08,-0.08,0.0,0.08,-0.08,0.0,0.080798937,-0.07702022,0.0,0.046526007,-0.06614987,0.2025677,0.00019178705,-0.00055817055,-0.00022779606,"[9.244860870492236, -0.028014759018650814, 0.0, 0.0, 0.0, 0.0, 7.562017659270065, 0.1592572385784949]","[-0.007459776947794544, -0.02299539310277066, 0.0]","{""Controller Type"": ""MPC Controller"", ""weight_comfort"": 62.492200413985955, ""weight_trajectory"": 1127484.4555555815, ""weight_goal"": 2501000.0, ""Q"": [[1127484.4555555815, 0.0, 0.0, 0.0], [0.0, 0.0, 0.0, 0.0], [0.0, 0.0, 1127484.4555555815, 0.0], [0.0, 0.0, 0.0, 0.0]], ""R"": [[62.492200413985955, 0.0], [0.0, 62.492200413985955]], ""P"": [[2501000.0, 0.0, 0.0, 0.0], [0.0, 250100000.0, 0.0, 0.0], [0.0, 0.0, 2501000.0, 0.0], [0.0, 0.0, 0.0, 250100000.0]]}","[-0.1867094580573643, -0.45977836320136045, 0.0]",False
3,P15,0fd6ae2b-97d7-4e48-98bd-b885d903cb74,34,1,haply,mpc,seeded_random,1628080972,persist_session,10.0,43.45889369010926,4567.890605453,0,1786002016.405501,390.0,True,aggressive,adaptive,-0.08,-0.08,0.0,0.08,-0.08,0.0,0.080798937,-0.07702022,0.0,0.04652698,-0.06615859,0.20252489,0.00019540756,-0.00065193494,-0.00025950195,"[9.245015298633438, -0.028039152707775367, 0.0, 0.0, 0.0, 0.0, 7.560737609830782, 0.15944719754126158]","[-0.007386184787644428, -0.022529334715021367, 0.0]","{""Controller Type"": ""MPC Controller"", ""weight_comfort"": 62.492200413985955, ""weight_trajectory"": 1127484.4555555815, ""weight_goal"": 2501000.0, ""Q"": [[1127484.4555555815, 0.0, 0.0, 0.0], [0.0, 0.0, 0.0, 0.0], [0.0, 0.0, 1127484.4555555815, 0.0], [0.0, 0.0, 0.0, 0.0]], ""R"": [[62.492200413985955, 0.0], [0.0, 62.492200413985955]], ""P"": [[2501000.0, 0.0, 0.0, 0.0], [0.0, 250100000.0, 0.0, 0.0], [0.0, 0.0, 2501000.0, 0.0], [0.0, 0.0, 0.0, 250100000.0]]}","[-0.13775417339125112, -0.5137790949634176, 0.0]",False
3,P15,0fd6ae2b-97d7-4e48-98bd-b885d903cb74,34,1,haply,mpc,seeded_random,1628080972,persist_session,10.0,43.468742284774784,4567.900455415,0,1786002016.415415,391.0,True,aggressive,adaptive,-0.08,-0.08,0.0,0.08,-0.08,0.0,0.080801856,-0.0771058399999999,0.0,0.046519265,-0.06612971,0.20249654,0.00019159366,-0.0006944423,-0.0003214523,"[9.244991075568883, -0.028034650276716932, 0.0, 0.0, 0.0, 0.0, 7.562645481659161, 0.16022718174477243]","[-0.0074214057322744414, -0.023271249260201864, 0.0]","{""Controller Type"": ""MPC Controller"", ""weight_comfort"": 62.492770318708125, ""weight_trajectory"": 1127467.3242196334, ""weight_goal"": 2501000.0, ""Q"": [[1127467.3242196334, 0.0, 0.0, 0.0], [0.0, 0.0, 0.0, 0.0], [0.0, 0.0, 1127467.3242196334, 0.0], [0.0, 0.0, 0.0, 0.0]], ""R"": [[62.492770318708125, 0.0], [0.0, 62.492770318708125]], ""P"": [[2501000.0, 0.0, 0.0, 0.0], [0.0, 250100000.0, 0.0, 0.0], [0.0, 0.0, 2501000.0, 0.0], [0.0, 0.0, 0.0, 250100000.0]]}","[-0.14373526562800298, -0.3383419197759615, 0.0]",False
3,P15,0fd6ae2b-97d7-4e48-98bd-b885d903cb74,34,1,haply,mpc,seeded_random,1628080972,persist_session,10.0,43.478868160247806,4567.91058356,0,1786002016.4255047,392.0,True,aggressive,adaptive,-0.08,-0.08,0.0,0.08,-0.08,0.0,0.080778711,-0.07716254,0.0,0.0465125,-0.06610946,0.2024254,0.00019649455,-0.00076251617,-0.00041158273,"[9.245071031415529, -0.028011850666122492, 0.0, 0.0, 0.0, 0.0, 7.561746195212849, 0.1600981913073366]","[-0.007134981056697589, -0.022355844635676417, 0.0]","{""Controller Type"": ""MPC Controller"", ""weight_comfort"": 62.492770318708125, ""weight_trajectory"": 1127467.3242196334, ""weight_goal"": 2501000.0, ""Q"": [[1127467.3242196334, 0.0, 0.0, 0.0], [0.0, 0.0, 0.0, 0.0], [0.0, 0.0, 1127467.3242196334, 0.0], [0.0, 0.0, 0.0, 0.0]], ""R"": [[62.492770318708125, 0.0], [0.0, 62.492770318708125]], ""P"": [[2501000.0, 0.0, 0.0, 0.0], [0.0, 250100000.0, 0.0, 0.0], [0.0, 0.0, 2501000.0, 0.0], [0.0, 0.0, 0.0, 250100000.0]]}","[-0.09158823138876186, -0.38468722582417997, 0.0]",False
3,P15,0fd6ae2b-97d7-4e48-98bd-b885d903cb74,34,1,haply,mpc,seeded_random,1628080972,persist_session,10.0,43.4888962841034,4567.920601503,0,1786002016.435365,393.0,True,aggressive,adaptive,-0.08,-0.08,0.0,0.08,-0.08,0.0,0.080758416,-0.07730482,0.0,0.04649704,-0.0660516,0.20236878,0.00019284038,-0.00078729034,-0.00052456337,"[9.245060726719661, -0.028014159834065026, 0.0, 0.0, 0.0, 0.0, 7.562420460237866, 0.16182612103281707]","[-0.006953941591555629, -0.022717172942987977, 0.0]","{""Controller Type"": ""MPC Controller"", ""weight_comfort"": 62.492770318708125, ""weight_trajectory"": 1127467.3242196334, ""weight_goal"": 2501000.0, ""Q"": [[1127467.3242196334, 0.0, 0.0, 0.0], [0.0, 0.0, 0.0, 0.0], [0.0, 0.0, 1127467.3242196334, 0.0], [0.0, 0.0, 0.0, 0.0]], ""R"": [[62.492770318708125, 0.0], [0.0, 62.492770318708125]], ""P"": [[2501000.0, 0.0, 0.0, 0.0], [0.0, 250100000.0, 0.0, 0.0], [0.0, 0.0, 2501000.0, 0.0], [0.0, 0.0, 0.0, 250100000.0]]}","[-0.09247372578155018, -0.19624613474824862, 0.0]",False
3,P15,0fd6ae2b-97d7-4e48-98bd-b885d903cb74,34,1,haply,mpc,seeded_random,1628080972,persist_session,10.0,43.49887386322022,4567.930579122,0,1786002016.4455163,394.0,True,aggressive,adaptive,-0.08,-0.08,0.0,0.08,-0.08,0.0,0.080712036,-0.07741806,0.0,0.046482548,-0.0660024,0.20226948,0.00023958158,-0.0010273412,-0.00076364307,"[9.245058930863403, -0.027945592011799605, 0.0, 0.0, 0.0, 0.0, 7.5619745173434865, 0.16133365869942773]","[-0.006455136006373918, -0.021324261890317237, 0.0]","{""Controller Type"": ""MPC Controller"", ""weight_comfort"": 62.49170753572841, ""weight_trajectory"": 1127499.2714760036, ""weight_goal"": 2501000.0, ""Q"": [[1127499.2714760036, 0.0, 0.0, 0.0], [0.0, 0.0, 0.0, 0.0], [0.0, 0.0, 1127499.2714760036, 0.0], [0.0, 0.0, 0.0, 0.0]], ""R"": [[62.49170753572841, 0.0], [0.0, 62.49170753572841]], ""P"": [[2501000.0, 0.0, 0.0, 0.0], [0.0, 250100000.0, 0.0, 0.0], [0.0, 0.0, 2501000.0, 0.0], [0.0, 0.0, 0.0, 250100000.0]]}","[-0.0377677965940507, -0.23764261672663597, 0.0]",False
3,P15,0fd6ae2b-97d7-4e48-98bd-b885d903cb74,34,1,haply,mpc,seeded_random,1628080972,persist_session,10.0,43.508823785781864,4567.940536227,0,1786002016.4553092,395.0,True,aggressive,adaptive,-0.08,-0.08,0.0,0.08,-0.08,0.0,0.08066856,-0.07761666,0.0,0.046459388,-0.06591567,0.20218489,7.723177e-05,-0.0004667115,-0.0016618663,"[9.245059417489495, -0.02795097862507821, 0.0, 0.0, 0.0, 0.0, 7.561175507172271, 0.16414378058995838]","[-0.00605678614713264, -0.021349720091378744, 0.0]","{""Controller Type"": ""MPC Controller"", ""weight_comfort"": 62.49170753572841, ""weight_trajectory"": 1127499.2714760036, ""weight_goal"": 2501000.0, ""Q"": [[1127499.2714760036, 0.0, 0.0, 0.0], [0.0, 0.0, 0.0, 0.0], [0.0, 0.0, 1127499.2714760036, 0.0], [0.0, 0.0, 0.0, 0.0]], ""R"": [[62.49170753572841, 0.0], [0.0, 62.49170753572841]], ""P"": [[2501000.0, 0.0, 0.0, 0.0], [0.0, 250100000.0, 0.0, 0.0], [0.0, 0.0, 2501000.0, 0.0], [0.0, 0.0, 0.0, 250100000.0]]}","[-0.03267628329237479, -0.033628794814676836, 0.0]",False
3,P15,0fd6ae2b-97d7-4e48-98bd-b885d903cb74,34,1,haply,mpc,seeded_random,1628080972,persist_session,10.0,43.51884261131287,4567.950557079,0,1786002016.4655352,396.0,True,aggressive,adaptive,-0.08,-0.08,0.0,0.08,-0.08,0.0,0.0805990799999999,-0.07778584,0.0,0.04643715,-0.06583741,0.20205781,-0.00028873674,0.00087333086,-0.0031872408,"[9.244976962920303, -0.027842932018799837, 0.0, 0.0, 0.0, 0.0, 7.56130559514093, 0.1631956201384124]","[-0.005349303722527308, -0.019441862611482574, 0.0]","{""Controller Type"": ""MPC Controller"", ""weight_comfort"": 62.49170753572841, ""weight_trajectory"": 1127499.2714760036, ""weight_goal"": 2501000.0, ""Q"": [[1127499.2714760036, 0.0, 0.0, 0.0], [0.0, 0.0, 0.0, 0.0], [0.0, 0.0, 1127499.2714760036, 0.0], [0.0, 0.0, 0.0, 0.0]], ""R"": [[62.49170753572841, 0.0], [0.0, 62.49170753572841]], ""P"": [[2501000.0, 0.0, 0.0, 0.0], [0.0, 250100000.0, 0.0, 0.0], [0.0, 0.0, 2501000.0, 0.0], [0.0, 0.0, 0.0, 250100000.0]]}","[0.02311538920083715, -0.0739684605525141, 0.0]",False
3,P15,0fd6ae2b-97d7-4e48-98bd-b885d903cb74,34,1,haply,mpc,seeded_random,1628080972,persist_session,10.0,43.5288657283783,4567.960576539,0,1786002016.4753492,397.0,True,aggressive,adaptive,-0.08,-0.08,0.0,0.08,-0.08,0.0,0.080532366,-0.07804,0.0,0.046407208,-0.06573026,0.20190293,-0.00074580876,0.0025626367,-0.0049956804,"[9.244978801205182, -0.02784507866269225, 0.0, 0.0, 0.0, 0.0, 7.558836319584868, 0.1670944703919634]","[-0.004732426462287398, -0.01914267060899366, 0.0]","{""Controller Type"": ""MPC Controller"", ""weight_comfort"": 62.485897611159736, ""weight_trajectory"": 1127673.917808538, ""weight_goal"": 2501000.0, ""Q"": [[1127673.917808538, 0.0, 0.0, 0.0], [0.0, 0.0, 0.0, 0.0], [0.0, 0.0, 1127673.917808538, 0.0], [0.0, 0.0, 0.0, 0.0]], ""R"": [[62.485897611159736, 0.0], [0.0, 62.485897611159736]], ""P"": [[2501000.0, 0.0, 0.0, 0.0], [0.0, 250100000.0, 0.0, 0.0], [0.0, 0.0, 2501000.0, 0.0], [0.0, 0.0, 0.0, 250100000.0]]}","[0.034681323244269945, 0.1438761895449841, 0.0]",False
3,P15,0fd6ae2b-97d7-4e48-98bd-b885d903cb74,34,1,haply,mpc,seeded_random,1628080972,persist_session,10.0,43.538828763961796,4567.970545036,0,1786002016.4855986,398.0,True,aggressive,adaptive,-0.08,-0.08,0.0,0.08,-0.08,0.0,0.08044254,-0.0783497599999999,0.0,0.04636869,-0.065585874,0.20176317,-0.0011523631,0.0040687523,-0.006583285,"[9.24484164935026, -0.027720771703026538, 0.0, 0.0, 0.0, 0.0, 7.557225539649193, 0.16911993076284476]","[-0.003848266119580483, -0.017582433691382418, 0.0]","{""Controller Type"": ""MPC Controller"", ""weight_comfort"": 62.485897611159736, ""weight_trajectory"": 1127673.917808538, ""weight_goal"": 2501000.0, ""Q"": [[1127673.917808538, 0.0, 0.0, 0.0], [0.0, 0.0, 0.0, 0.0], [0.0, 0.0, 1127673.917808538, 0.0], [0.0, 0.0, 0.0, 0.0]], ""R"": [[62.485897611159736, 0.0], [0.0, 62.485897611159736]], ""P"": [[2501000.0, 0.0, 0.0, 0.0], [0.0, 250100000.0, 0.0, 0.0], [0.0, 0.0, 2501000.0, 0.0], [0.0, 0.0, 0.0, 250100000.0]]}","[0.08675070408578339, 0.27774612779405905, 0.0]",False
3,P15,0fd6ae2b-97d7-4e48-98bd-b885d903cb74,34,1,haply,mpc,seeded_random,1628080972,persist_session,10.0,43.54883423805237,4567.980539436,0,1786002016.4954026,399.0,True,aggressive,adaptive,-0.08,-0.08,0.0,0.08,-0.08,0.0,0.0803269859999999,-0.07862928,0.0,0.046347335,-0.06551584,0.20159464,-0.0015758676,0.0056447485,-0.008188261,"[9.24447798633799, -0.027438720462881865, 0.0, 0.0, 0.0, 0.0, 7.557988800842591, 0.16821524945134586]","[-0.00269941111060277, -0.01515583466396826, 0.0]","{""Controller Type"": ""MPC Controller"", ""weight_comfort"": 62.485897611159736, ""weight_trajectory"": 1127673.917808538, ""weight_goal"": 2501000.0, ""Q"": [[1127673.917808538, 0.0, 0.0, 0.0], [0.0, 0.0, 0.0, 0.0], [0.0, 0.0, 1127673.917808538, 0.0], [0.0, 0.0, 0.0, 0.0]], ""R"": [[62.485897611159736, 0.0], [0.0, 62.485897611159736]], ""P"": [[2501000.0, 0.0, 0.0, 0.0], [0.0, 250100000.0, 0.0, 0.0], [0.0, 0.0, 2501000.0, 0.0], [0.0, 0.0, 0.0, 250100000.0]]}","[0.1629055706026826, 0.2940984704612933, 0.0]",False
3,P15,0fd6ae2b-97d7-4e48-98bd-b885d903cb74,34,1,haply,mpc,seeded_random,1628080972,persist_session,10.0,43.55881730079651,4567.990533414,0,1786002016.5056305,400.0,True,aggressive,adaptive,-0.08,-0.08,0.0,0.08,-0.08,0.0,0.080262921,-0.07896634,0.0,0.046317387,-0.065408535,0.20144108,-0.0019342274,0.0069717844,-0.009611371,"[9.244783743769862, -0.02769903224669231, 0.0, 0.0, 0.0, 0.0, 7.555702077847855, 0.17058699731356003]","[-0.002257144268293809, -0.013431834903145699, 0.0]","{""Controller Type"": ""MPC Controller"", ""weight_comfort"": 62.48139274847713, ""weight_trajectory"": 1127809.3339807773, ""weight_goal"": 2501000.0, ""Q"": [[1127809.3339807773, 0.0, 0.0, 0.0], [0.0, 0.0, 0.0, 0.0], [0.0, 0.0, 1127809.3339807773, 0.0], [0.0, 0.0, 0.0, 0.0]], ""R"": [[62.48139274847713, 0.0], [0.0, 62.48139274847713]], ""P"": [[2501000.0, 0.0, 0.0, 0.0], [0.0, 250100000.0, 0.0, 0.0], [0.0, 0.0, 2501000.0, 0.0], [0.0, 0.0, 0.0, 250100000.0]]}","[0.07120569813932916, 0.4349119977162092, 0.0]",False
3,P15,0fd6ae2b-97d7-4e48-98bd-b885d903cb74,34,1,haply,mpc,seeded_random,1628080972,persist_session,10.0,43.56886020660401,4568.000570311,0,1786002016.515571,401.0,True,aggressive,adaptive,-0.08,-0.08,0.0,0.08,-0.08,0.0,0.080173077,-0.07927346,0.0,0.046304528,-0.06537525,0.20125854,-0.0022204963,0.008002345,-0.011017717,"[9.244513071617042, -0.027499451507595574, 0.0, 0.0, 0.0, 0.0, 7.556887369529603, 0.1694238692647608]","[-0.001351476741773758, -0.010724681083266999, 0.0]","{""Controller Type"": ""MPC Controller"", ""weight_comfort"": 62.48139274847713, ""weight_trajectory"": 1127809.3339807773, ""weight_goal"": 2501000.0, ""Q"": [[1127809.3339807773, 0.0, 0.0, 0.0], [0.0, 0.0, 0.0, 0.0], [0.0, 0.0, 1127809.3339807773, 0.0], [0.0, 0.0, 0.0, 0.0]], ""R"": [[62.48139274847713, 0.0], [0.0, 62.48139274847713]], ""P"": [[2501000.0, 0.0, 0.0, 0.0], [0.0, 250100000.0, 0.0, 0.0], [0.0, 0.0, 2501000.0, 0.0], [0.0, 0.0, 0.0, 250100000.0]]}","[0.13830642682134012, 0.44952282500392293, 0.0]",False
3,P15,0fd6ae2b-97d7-4e48-98bd-b885d903cb74,34,1,haply,mpc,seeded_random,1628080972,persist_session,10.0,43.57884350776673,4568.010560527,0,1786002016.525615,402.0,True,aggressive,adaptive,-0.08,-0.08,0.0,0.08,-0.08,0.0,0.0801345,-0.0796385399999999,0.0,0.046289936,-0.06532545,0.20116094,-0.0023167876,0.008294715,-0.0119790295,"[9.244703509645689, -0.02765411293901878, 0.0, 0.0, 0.0, 0.0, 7.553097646004929, 0.17283314377466646]","[-0.0011371972058737967, -0.009012381514040867, 0.0]","{""Controller Type"": ""MPC Controller"", ""weight_comfort"": 62.48139274847713, ""weight_trajectory"": 1127809.3339807773, ""weight_goal"": 2501000.0, ""Q"": [[1127809.3339807773, 0.0, 0.0, 0.0], [0.0, 0.0, 0.0, 0.0], [0.0, 0.0, 1127809.3339807773, 0.0], [0.0, 0.0, 0.0, 0.0]], ""R"": [[62.48139274847713, 0.0], [0.0, 62.48139274847713]], ""P"": [[2501000.0, 0.0, 0.0, 0.0], [0.0, 250100000.0, 0.0, 0.0], [0.0, 0.0, 2501000.0, 0.0], [0.0, 0.0, 0.0, 250100000.0]]}","[0.04826808380687399, 0.6139401810323241, 0.0]",False
3,P15,0fd6ae2b-97d7-4e48-98bd-b885d903cb74,34,1,haply,mpc,seeded_random,1628080972,persist_session,10.0,43.58887735366822,4568.020586643,0,1786002016.535937,403.0,True,aggressive,adaptive,-0.08,-0.08,0.0,0.08,-0.08,0.0,0.080090724,-0.0798337399999999,0.0,0.04628306,-0.065304615,0.201091,-0.0023319505,0.008294081,-0.012548526,"[9.244686355687143, -0.02764130127165391, 0.0, 0.0, 0.0, 0.0, 7.559408512799206, 0.16719498958369738]","[-0.000721488167578495, -0.004418633582915062, 0.0]","{""Controller Type"": ""MPC Controller"", ""weight_comfort"": 62.48139274847713, ""weight_trajectory"": 1127809.3339807773, ""weight_goal"": 2501000.0, ""Q"": [[1127809.3339807773, 0.0, 0.0, 0.0], [0.0, 0.0, 0.0, 0.0], [0.0, 0.0, 1127809.3339807773, 0.0], [0.0, 0.0, 0.0, 0.0]], ""R"": [[62.48139274847713, 0.0], [0.0, 62.48139274847713]], ""P"": [[2501000.0, 0.0, 0.0, 0.0], [0.0, 250100000.0, 0.0, 0.0], [0.0, 0.0, 2501000.0, 0.0], [0.0, 0.0, 0.0, 250100000.0]]}","[0.06326077322752899, 0.32316953029227324, 0.0]",False
3,P15,0fd6ae2b-97d7-4e48-98bd-b885d903cb74,34,1,haply,mpc,seeded_random,1628080972,persist_session,10.0,43.598820838928226,4568.030536539,0,1786002016.5455909,404.0,True,aggressive,adaptive,-0.08,-0.08,0.0,0.08,-0.08,0.0,0.080070096,-0.07997362,0.0,0.04628306,-0.065304615,0.201091,-0.0022568556,0.0079720775,-0.012639462,"[9.244731903048162, -0.02767776487485738, 0.0, 0.0, 0.0, 0.0, 7.560790404532339, 0.16600940367105352]","[-0.0005888776080830113, -0.0026048669908985416, 0.0]","{""Controller Type"": ""MPC Controller"", ""weight_comfort"": 62.48616937685154, ""weight_trajectory"": 1127665.7485318424, ""weight_goal"": 2501000.0, ""Q"": [[1127665.7485318424, 0.0, 0.0, 0.0], [0.0, 0.0, 0.0, 0.0], [0.0, 0.0, 1127665.7485318424, 0.0], [0.0, 0.0, 0.0, 0.0]], ""R"": [[62.48616937685154, 0.0], [0.0, 62.48616937685154]], ""P"": [[2501000.0, 0.0, 0.0, 0.0], [0.0, 250100000.0, 0.0, 0.0], [0.0, 0.0, 2501000.0, 0.0], [0.0, 0.0, 0.0, 250100000.0]]}","[0.02766842140473632, 0.26503003898829425, 0.0]",False
3,P15,0fd6ae2b-97d7-4e48-98bd-b885d903cb74,34,1,haply,mpc,seeded_random,1628080972,persist_session,10.0,43.608833703994755,4568.040545317,0,1786002016.5555124,405.0,True,aggressive,adaptive,-0.08,-0.08,0.0,0.08,-0.08,0.0,0.080070096,-0.07997362,0.0,0.04629158,-0.065341555,0.20107621,-0.002123142,0.007439568,-0.012435663,"[9.244720091486833, -0.027675899142550937, 0.0, 0.0, 0.0, 0.0, 7.560735883163606, 0.16601748904304653]","[-0.0006480178995329129, -0.00019945221259769444, 0.0]","{""Controller Type"": ""MPC Controller"", ""weight_comfort"": 62.48616937685154, ""weight_trajectory"": 1127665.7485318424, ""weight_goal"": 2501000.0, ""Q"": [[1127665.7485318424, 0.0, 0.0, 0.0], [0.0, 0.0, 0.0, 0.0], [0.0, 0.0, 1127665.7485318424, 0.0], [0.0, 0.0, 0.0, 0.0]], ""R"": [[62.48616937685154, 0.0], [0.0, 62.48616937685154]], ""P"": [[2501000.0, 0.0, 0.0, 0.0], [0.0, 250100000.0, 0.0, 0.0], [0.0, 0.0, 2501000.0, 0.0], [0.0, 0.0, 0.0, 250100000.0]]}","[-0.01208612665638391, -0.004548505105690219, 0.0]",False
3,P15,0fd6ae2b-97d7-4e48-98bd-b885d903cb74,34,1,haply,mpc,seeded_random,1628080972,persist_session,10.0,43.61879983901978,4568.050512893,0,1786002016.5655358,406.0,True,aggressive,adaptive,-0.08,-0.08,0.0,0.08,-0.08,0.0,0.080095656,-0.0800032,0.0,0.04629158,-0.065341555,0.20107621,-0.001946099,0.0067606647,-0.011929855,"[9.24462069908039, -0.027619305067004152, 0.0, 0.0, 0.0, 0.0, 7.560552332632977, 0.16617243211892063]","[-0.000954733887617543, -0.00046619895081396274, 0.0]","{""Controller Type"": ""MPC Controller"", ""weight_comfort"": 62.48760473147345, ""weight_trajectory"": 1127622.6017719074, ""weight_goal"": 2501000.0, ""Q"": [[1127622.6017719074, 0.0, 0.0, 0.0], [0.0, 0.0, 0.0, 0.0], [0.0, 0.0, 1127622.6017719074, 0.0], [0.0, 0.0, 0.0, 0.0]], ""R"": [[62.48760473147345, 0.0], [0.0, 62.48760473147345]], ""P"": [[2501000.0, 0.0, 0.0, 0.0], [0.0, 250100000.0, 0.0, 0.0], [0.0, 0.0, 2501000.0, 0.0], [0.0, 0.0, 0.0, 250100000.0]]}","[-0.0639366682176083, 0.05545693388755848, 0.0]",False
3,P15,0fd6ae2b-97d7-4e48-98bd-b885d903cb74,34,1,haply,mpc,seeded_random,1628080972,persist_session,10.0,43.628855619430546,4568.060568136,0,1786002016.5755224,407.0,True,aggressive,adaptive,-0.08,-0.08,0.0,0.08,-0.08,0.0,0.080095656,-0.0800032,0.0,0.04629158,-0.065341555,0.20107621,-0.0015386002,0.0052405233,-0.010383991,"[9.244639724453885, -0.02762231027817377, 0.0, 0.0, 0.0, 0.0, 7.560553673248337, 0.1661722333095338]","[-0.0008843052574823563, 2.4193771754355917e-05, 0.0]","{""Controller Type"": ""MPC Controller"", ""weight_comfort"": 62.48760473147345, ""weight_trajectory"": 1127622.6017719074, ""weight_goal"": 2501000.0, ""Q"": [[1127622.6017719074, 0.0, 0.0, 0.0], [0.0, 0.0, 0.0, 0.0], [0.0, 0.0, 1127622.6017719074, 0.0], [0.0, 0.0, 0.0, 0.0]], ""R"": [[62.48760473147345, 0.0], [0.0, 62.48760473147345]], ""P"": [[2501000.0, 0.0, 0.0, 0.0], [0.0, 250100000.0, 0.0, 0.0], [0.0, 0.0, 2501000.0, 0.0], [0.0, 0.0, 0.0, 250100000.0]]}","[-0.01649323021128261, 0.0005517514665085775, 0.0]",False
3,P15,0fd6ae2b-97d7-4e48-98bd-b885d903cb74,34,1,haply,mpc,seeded_random,1628080972,persist_session,10.0,43.63884058952332,4568.070552383,0,1786002016.5856235,408.0,True,aggressive,adaptive,-0.08,-0.08,0.0,0.08,-0.08,0.0,0.080095656,-0.0800032,0.0,0.04629158,-0.065341555,0.20107621,-0.0008513457,0.002670436,-0.007837003,"[9.24463965827062, -0.0276222998239934, 0.0, 0.0, 0.0, 0.0, 7.560553673138458, 0.16617223332582842]","[-0.00088430525115153, 2.4193771754004307e-05, 0.0]","{""Controller Type"": ""MPC Controller"", ""weight_comfort"": 62.48760473147345, ""weight_trajectory"": 1127622.6017719074, ""weight_goal"": 2501000.0, ""Q"": [[1127622.6017719074, 0.0, 0.0, 0.0], [0.0, 0.0, 0.0, 0.0], [0.0, 0.0, 1127622.6017719074, 0.0], [0.0, 0.0, 0.0, 0.0]], ""R"": [[62.48760473147345, 0.0], [0.0, 62.48760473147345]], ""P"": [[2501000.0, 0.0, 0.0, 0.0], [0.0, 250100000.0, 0.0, 0.0], [0.0, 0.0, 2501000.0, 0.0], [0.0, 0.0, 0.0, 250100000.0]]}","[-0.016493230190653844, 0.0005517514565984365, 0.0]",False
3,P15,0fd6ae2b-97d7-4e48-98bd-b885d903cb74,34,1,haply,mpc,seeded_random,1628080972,persist_session,10.0,43.64886060714722,4568.080573205,0,1786002016.5954542,409.0,True,aggressive,adaptive,-0.08,-0.08,0.0,0.08,-0.08,0.0,0.080095656,-0.0800032,0.0,0.04629158,-0.065341555,0.20107621,-0.00047094177,0.0013046229,-0.005909467,"[9.244639592021107, -0.027622289359348535, 0.0, 0.0, 0.0, 0.0, 7.56055367302847, 0.16617223334213937]","[-0.0008843052448143665, 2.4193771753652345e-05, 0.0]","{""Controller Type"": ""MPC Controller"", ""weight_comfort"": 62.48761823516628, ""weight_trajectory"": 1127622.1958509013, ""weight_goal"": 2501000.0, ""Q"": [[1127622.1958509013, 0.0, 0.0, 0.0], [0.0, 0.0, 0.0, 0.0], [0.0, 0.0, 1127622.1958509013, 0.0], [0.0, 0.0, 0.0, 0.0]], ""R"": [[62.48761823516628, 0.0], [0.0, 62.48761823516628]], ""P"": [[2501000.0, 0.0, 0.0, 0.0], [0.0, 250100000.0, 0.0, 0.0], [0.0, 0.0, 2501000.0, 0.0], [0.0, 0.0, 0.0, 250100000.0]]}","[-0.01649323019065417, 0.0005517514565990442, 0.0]",False
