schema_version,participant_id,session_id,trial_id,attempt_id,input_source,controller_family,order_strategy,order_seed,estimator_state_policy,max_control_amplitude,timestamp,monotonic_timestamp,missed_cycle_count,cursor_timestamp,cursor_sample_sequence,study_running,study_phase,study_controller_mode,start_x,start_y,start_z,end_x,end_y,end_z,cursor_x,cursor_y,cursor_z,haply_pos_x,haply_pos_y,haply_pos_z,haply_vel_x,haply_vel_y,haply_vel_z,K_h,u_h,K_a,u_a,endpoint_reached
3,P02,10e57735-2e6f-4449-b4c9-0da2c57ab8b9,8,1,haply,mpc,seeded_random,1139142485,persist_session,10.0,1785830988.9569829,8000.152445323,0,,,True,normal,fixed,-0.08,-0.08,0.0,0.08,-0.08,0.0,,,,0.00777207,-0.103648424,0.14804184,-0.0006222169,-0.0035057059,-0.0046197386,,,"{""Controller Type"": ""MPC Controller"", ""weight_comfort"": 500.0, ""weight_trajectory"": 3000.0, ""weight_goal"": 1000.0, ""Q"": [[3000.0, 0.0, 0.0, 0.0], [0.0, 0.0, 0.0, 0.0], [0.0, 0.0, 3000.0, 0.0], [0.0, 0.0, 0.0, 0.0]], ""R"": [[500.0, 0.0], [0.0, 500.0]], ""P"": [[1000.0, 0.0, 0.0, 0.0], [0.0, 100000.0, 0.0, 0.0], [0.0, 0.0, 1000.0, 0.0], [0.0, 0.0, 0.0, 100000.0]]}",,
3,P02,10e57735-2e6f-4449-b4c9-0da2c57ab8b9,8,1,haply,mpc,seeded_random,1139142485,persist_session,10.0,1785830988.9674187,8000.162874193,0,1785830988.9617922,109,True,normal,fixed,-0.08,-0.08,0.0,0.08,-0.08,0.0,-0.079835781,-0.08034313999999998,0.0,0.00777207,-0.103648424,0.14804184,-0.00060783274,-0.0034254463,-0.0045157815,,,"{""Controller Type"": ""MPC Controller"", ""weight_comfort"": 500.0, ""weight_trajectory"": 3000.0, ""weight_goal"": 1000.0, ""Q"": [[3000.0, 0.0, 0.0, 0.0], [0.0, 0.0, 0.0, 0.0], [0.0, 0.0, 3000.0, 0.0], [0.0, 0.0, 0.0, 0.0]], ""R"": [[500.0, 0.0], [0.0, 500.0]], ""P"": [[1000.0, 0.0, 0.0, 0.0], [0.0, 100000.0, 0.0, 0.0], [0.0, 0.0, 1000.0, 0.0], [0.0, 0.0, 0.0, 100000.0]]}",,
3,P02,10e57735-2e6f-4449-b4c9-0da2c57ab8b9,8,1,haply,mpc,seeded_random,1139142485,persist_session,10.0,1785830988.9770415,8000.172490483,0,1785830988.9719443,110,True,normal,fixed,-0.08,-0.08,0.0,0.08,-0.08,0.0,-0.079835781,-0.08034313999999998,0.0,0.00777207,-0.103648424,0.14804184,-0.0005962651,-0.003360838,-0.0044319453,,,"{""Controller Type"": ""MPC Controller"", ""weight_comfort"": 500.0, ""weight_trajectory"": 3000.0, ""weight_goal"": 1000.0, ""Q"": [[3000.0, 0.0, 0.0, 0.0], [0.0, 0.0, 0.0, 0.0], [0.0, 0.0, 3000.0, 0.0], [0.0, 0.0, 0.0, 0.0]], ""R"": [[500.0, 0.0], [0.0, 500.0]], ""P"": [[1000.0, 0.0, 0.0, 0.0], [0.0, 100000.0, 0.0, 0.0], [0.0, 0.0, 1000.0, 0.0], [0.0, 0.0, 0.0, 100000.0]]}","[0.011047116216555374, 2.98902881542816e-05, 0.0]",False
3,P02,10e57735-2e6f-4449-b4c9-0da2c57ab8b9,8,1,haply,mpc,seeded_random,1139142485,persist_session,10.0,1785830988.9868565,8000.182304539,0,1785830988.981942,111,True,normal,fixed,-0.08,-0.08,0.0,0.08,-0.08,0.0,-0.079835781,-0.08034313999999998,0.0,0.007760413,-0.10371415,0.14795502,-0.0005559418,-0.003133862,-0.0041341158,"[-0.6373753280875442, 2.5197427722968055, 0.0, 0.0, 0.0, 0.0, 0.684241212697273, 0.20057362215505756]","[-0.10187538335500386, 0.00023479052972492714, 0.0]","{""Controller Type"": ""MPC Controller"", ""weight_comfort"": 500.0, ""weight_trajectory"": 3000.0, ""weight_goal"": 1000.0, ""Q"": [[3000.0, 0.0, 0.0, 0.0], [0.0, 0.0, 0.0, 0.0], [0.0, 0.0, 3000.0, 0.0], [0.0, 0.0, 0.0, 0.0]], ""R"": [[500.0, 0.0], [0.0, 500.0]], ""P"": [[1000.0, 0.0, 0.0, 0.0], [0.0, 100000.0, 0.0, 0.0], [0.0, 0.0, 1000.0, 0.0], [0.0, 0.0, 0.0, 100000.0]]}","[0.011047116215898352, 2.989028829004658e-05, 0.0]",False
3,P02,10e57735-2e6f-4449-b4c9-0da2c57ab8b9,8,1,haply,mpc,seeded_random,1139142485,persist_session,10.0,1785830988.9969494,8000.192416948,0,1785830988.9917648,112,True,normal,fixed,-0.08,-0.08,0.0,0.08,-0.08,0.0,-0.07987075199999999,-0.08051678000000001,0.0,0.0077576432,-0.103727646,0.14785424,-0.0005415382,-0.0030528978,-0.004030445,"[-0.5904656975786162, 2.4938932584752833, 0.0, 0.0, 0.0, 0.0, 0.6842411195105057, 0.20057369432813102]","[-0.09437754592618794, 0.0002347904977488198, 0.0]","{""Controller Type"": ""MPC Controller"", ""weight_comfort"": 500.0, ""weight_trajectory"": 3000.0, ""weight_goal"": 1000.0, ""Q"": [[3000.0, 0.0, 0.0, 0.0], [0.0, 0.0, 0.0, 0.0], [0.0, 0.0, 3000.0, 0.0], [0.0, 0.0, 0.0, 0.0]], ""R"": [[500.0, 0.0], [0.0, 500.0]], ""P"": [[1000.0, 0.0, 0.0, 0.0], [0.0, 100000.0, 0.0, 0.0], [0.0, 0.0, 1000.0, 0.0], [0.0, 0.0, 0.0, 100000.0]]}","[0.011024001312171116, 0.00038056668586268337, 0.0]",False
3,P02,10e57735-2e6f-4449-b4c9-0da2c57ab8b9,8,1,haply,mpc,seeded_random,1139142485,persist_session,10.0,1785830989.006859,8000.202313476,0,1785830989.001901,113,True,normal,fixed,-0.08,-0.08,0.0,0.08,-0.08,0.0,-0.07987906139999999,-0.08071834,0.0,0.007749071,-0.10377384,0.14770989,-0.00056750944,-0.003199321,-0.004234509,"[-0.7029164744690312, 2.556877410080219, 0.0, 0.0, 0.0, 0.0, 0.6547029983318713, 0.24244271733709166]","[-0.12147870368907594, -0.0039473610223322115, 0.0]","{""Controller Type"": ""MPC Controller"", ""weight_comfort"": 500.0, ""weight_trajectory"": 3000.0, ""weight_goal"": 1000.0, ""Q"": [[3000.0, 0.0, 0.0, 0.0], [0.0, 0.0, 0.0, 0.0], [0.0, 0.0, 3000.0, 0.0], [0.0, 0.0, 0.0, 0.0]], ""R"": [[500.0, 0.0], [0.0, 500.0]], ""P"": [[1000.0, 0.0, 0.0, 0.0], [0.0, 100000.0, 0.0, 0.0], [0.0, 0.0, 1000.0, 0.0], [0.0, 0.0, 0.0, 100000.0]]}","[0.011024001312171116, 0.00038056668586268337, 0.0]",False
3,P02,10e57735-2e6f-4449-b4c9-0da2c57ab8b9,8,1,haply,mpc,seeded_random,1139142485,persist_session,10.0,1785830989.0170763,8000.21253114,0,1785830989.0117435,114,True,normal,fixed,-0.08,-0.08,0.0,0.08,-0.08,0.0,-0.079904778,-0.08100703999999997,0.0,0.0076895854,-0.10385501,0.14752248,-0.0006619698,-0.0036626598,-0.004880894,"[-0.5480045594871343, 2.4712686210963843, 0.0, 0.0, 0.0, 0.0, 0.6507182394086787, 0.2480691577179727]","[-0.08964035252562585, -0.0044654942575553126, 0.0]","{""Controller Type"": ""MPC Controller"", ""weight_comfort"": 500.0, ""weight_trajectory"": 3000.0, ""weight_goal"": 1000.0, ""Q"": [[3000.0, 0.0, 0.0, 0.0], [0.0, 0.0, 0.0, 0.0], [0.0, 0.0, 3000.0, 0.0], [0.0, 0.0, 0.0, 0.0]], ""R"": [[500.0, 0.0], [0.0, 500.0]], ""P"": [[1000.0, 0.0, 0.0, 0.0], [0.0, 100000.0, 0.0, 0.0], [0.0, 0.0, 1000.0, 0.0], [0.0, 0.0, 0.0, 100000.0]]}","[0.010917985482676746, 0.0006391002996558127, 0.0]",False
3,P02,10e57735-2e6f-4449-b4c9-0da2c57ab8b9,8,1,haply,mpc,seeded_random,1139142485,persist_session,10.0,1785830989.0270007,8000.222459462,0,1785830989.0217505,115,True,normal,fixed,-0.08,-0.08,0.0,0.08,-0.08,0.0,-0.0800832348,-0.08138185999999997,0.0,0.007677941,-0.103920504,0.14743517,-0.00083581783,-0.004405127,-0.005906602,"[-0.5815267855748988, 2.489969753394215, 0.0, 0.0, 0.0, 0.0, 0.6245412514695665, 0.28506779801046656]","[-0.09949464516119567, -0.007732550539468515, 0.0]","{""Controller Type"": ""MPC Controller"", ""weight_comfort"": 500.0, ""weight_trajectory"": 3000.0, ""weight_goal"": 1000.0, ""Q"": [[3000.0, 0.0, 0.0, 0.0], [0.0, 0.0, 0.0, 0.0], [0.0, 0.0, 3000.0, 0.0], [0.0, 0.0, 0.0, 0.0]], ""R"": [[500.0, 0.0], [0.0, 500.0]], ""P"": [[1000.0, 0.0, 0.0, 0.0], [0.0, 100000.0, 0.0, 0.0], [0.0, 0.0, 1000.0, 0.0], [0.0, 0.0, 0.0, 100000.0]]}","[0.010962696518967937, 0.0008055446091314837, 0.0]",False
3,P02,10e57735-2e6f-4449-b4c9-0da2c57ab8b9,8,1,haply,mpc,seeded_random,1139142485,persist_session,10.0,1785830989.036989,8000.232448484,0,1785830989.0320044,116,True,normal,fixed,-0.08,-0.08,0.0,0.08,-0.08,0.0,-0.08011816799999999,-0.08155647999999999,0.0,0.0076359147,-0.103903085,0.14737847,-0.0010791606,-0.0055510392,-0.007478888,"[-1.100920710917066, 2.8029737647685704, 0.0, 0.0, 0.0, 0.0, 0.5963469143904673, 0.3248608162948514]","[-0.22622540785551004, -0.011343963627667434, 0.0]","{""Controller Type"": ""MPC Controller"", ""weight_comfort"": 500.0, ""weight_trajectory"": 3000.0, ""weight_goal"": 1000.0, ""Q"": [[3000.0, 0.0, 0.0, 0.0], [0.0, 0.0, 0.0, 0.0], [0.0, 0.0, 3000.0, 0.0], [0.0, 0.0, 0.0, 0.0]], ""R"": [[500.0, 0.0], [0.0, 500.0]], ""P"": [[1000.0, 0.0, 0.0, 0.0], [0.0, 100000.0, 0.0, 0.0], [0.0, 0.0, 1000.0, 0.0], [0.0, 0.0, 0.0, 100000.0]]}","[0.010962696518967937, 0.0008055446091314837, 0.0]",False
3,P02,10e57735-2e6f-4449-b4c9-0da2c57ab8b9,8,1,haply,mpc,seeded_random,1139142485,persist_session,10.0,1785830989.0468662,8000.242325885,0,1785830989.042051,117,True,normal,fixed,-0.08,-0.08,0.0,0.08,-0.08,0.0,-0.0802442469,-0.08166987999999997,0.0,0.007630072,-0.10393586,0.14733475,-0.0012069813,-0.0059311213,-0.008021468,"[-0.561352290475808, 2.502204977717684, 0.0, 0.0, 0.0, 0.0, 0.6304244019903412, 0.27813595322655266]","[-0.09840725917014675, -0.0037553031749884415, 0.0]","{""Controller Type"": ""MPC Controller"", ""weight_comfort"": 500.0, ""weight_trajectory"": 3000.0, ""weight_goal"": 1000.0, ""Q"": [[3000.0, 0.0, 0.0, 0.0], [0.0, 0.0, 0.0, 0.0], [0.0, 0.0, 3000.0, 0.0], [0.0, 0.0, 0.0, 0.0]], ""R"": [[500.0, 0.0], [0.0, 500.0]], ""P"": [[1000.0, 0.0, 0.0, 0.0], [0.0, 100000.0, 0.0, 0.0], [0.0, 0.0, 1000.0, 0.0], [0.0, 0.0, 0.0, 100000.0]]}","[0.010699912778733797, 0.0004439466456049821, 0.0]",False
3,P02,10e57735-2e6f-4449-b4c9-0da2c57ab8b9,8,1,haply,mpc,seeded_random,1139142485,persist_session,10.0,1785830989.0569189,8000.252380714,0,1785830989.0518796,118,True,normal,fixed,-0.08,-0.08,0.0,0.08,-0.08,0.0,-0.080261775,-0.08175732000000002,0.0,0.007630072,-0.10393586,0.14733475,-0.0011841987,-0.0055301753,-0.0088288495,"[-0.8219427850083207, 2.655490274591011, 0.0, 0.0, 0.0, 0.0, 0.6373436672600467, 0.2689028754492688]","[-0.16503603841036907, -0.0019708906592123317, 0.0]","{""Controller Type"": ""MPC Controller"", ""weight_comfort"": 500.0, ""weight_trajectory"": 3000.0, ""weight_goal"": 1000.0, ""Q"": [[3000.0, 0.0, 0.0, 0.0], [0.0, 0.0, 0.0, 0.0], [0.0, 0.0, 3000.0, 0.0], [0.0, 0.0, 0.0, 0.0]], ""R"": [[500.0, 0.0], [0.0, 500.0]], ""P"": [[1000.0, 0.0, 0.0, 0.0], [0.0, 100000.0, 0.0, 0.0], [0.0, 0.0, 1000.0, 0.0], [0.0, 0.0, 0.0, 100000.0]]}","[0.010682033925062631, 0.00031096405036186995, 0.0]",False
3,P02,10e57735-2e6f-4449-b4c9-0da2c57ab8b9,8,1,haply,mpc,seeded_random,1139142485,persist_session,10.0,1785830989.0669925,8000.262447902,0,1785830989.0618665,119,True,normal,fixed,-0.08,-0.08,0.0,0.08,-0.08,0.0,-0.080261775,-0.08175732000000002,0.0,0.007630072,-0.10393586,0.14733475,-0.0010665602,-0.004663875,-0.009118929,"[-0.4479643134467291, 2.4499471473286167, 0.0, 0.0, 0.0, 0.0, 0.6397956024445675, 0.26570136927547305]","[-0.07616075005258098, -0.0012394906568885063, 0.0]","{""Controller Type"": ""MPC Controller"", ""weight_comfort"": 500.0, ""weight_trajectory"": 3000.0, ""weight_goal"": 1000.0, ""Q"": [[3000.0, 0.0, 0.0, 0.0], [0.0, 0.0, 0.0, 0.0], [0.0, 0.0, 3000.0, 0.0], [0.0, 0.0, 0.0, 0.0]], ""R"": [[500.0, 0.0], [0.0, 500.0]], ""P"": [[1000.0, 0.0, 0.0, 0.0], [0.0, 100000.0, 0.0, 0.0], [0.0, 0.0, 1000.0, 0.0], [0.0, 0.0, 0.0, 100000.0]]}","[0.010682033925062631, 0.00031096405036186995, 0.0]",False
3,P02,10e57735-2e6f-4449-b4c9-0da2c57ab8b9,8,1,haply,mpc,seeded_random,1139142485,persist_session,10.0,1785830989.0769691,8000.272423091,0,1785830989.0717726,120,True,normal,fixed,-0.08,-0.08,0.0,0.08,-0.08,0.0,-0.080261775,-0.08175732000000002,0.0,0.007630072,-0.10393586,0.14733475,-0.0010460933,-0.0045151887,-0.0086479485,"[-0.37582743902548477, 2.4108055329561036, 0.0, 0.0, 0.0, 0.0, 0.6416135837073402, 0.2642964473290638]","[-0.060230772471928457, 0.0011275203829205964, 0.0]","{""Controller Type"": ""MPC Controller"", ""weight_comfort"": 500.0, ""weight_trajectory"": 3000.0, ""weight_goal"": 1000.0, ""Q"": [[3000.0, 0.0, 0.0, 0.0], [0.0, 0.0, 0.0, 0.0], [0.0, 0.0, 3000.0, 0.0], [0.0, 0.0, 0.0, 0.0]], ""R"": [[500.0, 0.0], [0.0, 500.0]], ""P"": [[1000.0, 0.0, 0.0, 0.0], [0.0, 100000.0, 0.0, 0.0], [0.0, 0.0, 1000.0, 0.0], [0.0, 0.0, 0.0, 100000.0]]}","[0.010649187590529002, 0.0001471080995203829, 0.0]",False
3,P02,10e57735-2e6f-4449-b4c9-0da2c57ab8b9,8,1,haply,mpc,seeded_random,1139142485,persist_session,10.0,1785830989.0869493,8000.282401099,0,1785830989.0818236,121,True,normal,fixed,-0.08,-0.08,0.0,0.08,-0.08,0.0,-0.080261775,-0.08175732000000002,0.0,0.007630072,-0.10393586,0.14733475,-0.0008364509,-0.0037143738,-0.0068530054,"[-0.3592233835848069, 2.4017961387968323, 0.0, 0.0, 0.0, 0.0, 0.6416112774645232, 0.26429822957578647]","[-0.05756977707480701, 0.001127516330113969, 0.0]","{""Controller Type"": ""MPC Controller"", ""weight_comfort"": 500.0, ""weight_trajectory"": 3000.0, ""weight_goal"": 1000.0, ""Q"": [[3000.0, 0.0, 0.0, 0.0], [0.0, 0.0, 0.0, 0.0], [0.0, 0.0, 3000.0, 0.0], [0.0, 0.0, 0.0, 0.0]], ""R"": [[500.0, 0.0], [0.0, 500.0]], ""P"": [[1000.0, 0.0, 0.0, 0.0], [0.0, 100000.0, 0.0, 0.0], [0.0, 0.0, 1000.0, 0.0], [0.0, 0.0, 0.0, 100000.0]]}","[0.010649187590529002, 0.0001471080995203829, 0.0]",False
3,P02,10e57735-2e6f-4449-b4c9-0da2c57ab8b9,8,1,haply,mpc,seeded_random,1139142485,persist_session,10.0,1785830989.0969517,8000.292407611,0,1785830989.091986,122,True,normal,fixed,-0.08,-0.08,0.0,0.08,-0.08,0.0,-0.080261775,-0.08175732000000002,0.0,0.0076417434,-0.103870355,0.14742218,-0.00061165664,-0.0027334474,-0.0050009005,"[-0.3440098170475397, 2.3935412267368097, 0.0, 0.0, 0.0, 0.0, 0.6416089689297589, 0.2643000135937083]","[-0.05513162389746397, 0.0011275122732796572, 0.0]","{""Controller Type"": ""MPC Controller"", ""weight_comfort"": 500.0, ""weight_trajectory"": 3000.0, ""weight_goal"": 1000.0, ""Q"": [[3000.0, 0.0, 0.0, 0.0], [0.0, 0.0, 0.0, 0.0], [0.0, 0.0, 3000.0, 0.0], [0.0, 0.0, 0.0, 0.0]], ""R"": [[500.0, 0.0], [0.0, 500.0]], ""P"": [[1000.0, 0.0, 0.0, 0.0], [0.0, 100000.0, 0.0, 0.0], [0.0, 0.0, 1000.0, 0.0], [0.0, 0.0, 0.0, 100000.0]]}","[0.010649187590529002, 0.00014710809952038286, 0.0]",False
3,P02,10e57735-2e6f-4449-b4c9-0da2c57ab8b9,8,1,haply,mpc,seeded_random,1139142485,persist_session,10.0,1785830989.107055,8000.30250493,0,1785830989.1019905,123,True,normal,fixed,-0.08,-0.08,0.0,0.08,-0.08,0.0,-0.0802267608,-0.08158245999999997,0.0,0.0076475805,-0.103837594,0.14746587,-0.00043116257,-0.0019176655,-0.0035307473,"[-0.33001909836253074, 2.385949834401662, 0.0, 0.0, 0.0, 0.0, 0.6416066581007863, 0.26430179938457676]","[-0.052889446487478765, 0.001127508212413687, 0.0]","{""Controller Type"": ""MPC Controller"", ""weight_comfort"": 500.0, ""weight_trajectory"": 3000.0, ""weight_goal"": 1000.0, ""Q"": [[3000.0, 0.0, 0.0, 0.0], [0.0, 0.0, 0.0, 0.0], [0.0, 0.0, 3000.0, 0.0], [0.0, 0.0, 0.0, 0.0]], ""R"": [[500.0, 0.0], [0.0, 500.0]], ""P"": [[1000.0, 0.0, 0.0, 0.0], [0.0, 100000.0, 0.0, 0.0], [0.0, 0.0, 1000.0, 0.0], [0.0, 0.0, 0.0, 100000.0]]}","[0.010649187590529002, 0.00014710809952038286, 0.0]",False
3,P02,10e57735-2e6f-4449-b4c9-0da2c57ab8b9,8,1,haply,mpc,seeded_random,1139142485,persist_session,10.0,1785830989.116952,8000.312416713,0,1785830989.1118135,124,True,normal,fixed,-0.08,-0.08,0.0,0.08,-0.08,0.0,-0.0802092495,-0.08149508,0.0,0.0076534194,-0.10380482,0.14750946,-0.00025527462,-0.0010727553,-0.0021285778,"[-0.23483642943980593, 2.3358955790436746, 0.0, 0.0, 0.0, 0.0, 0.6173733670540392, 0.3013964175951883]","[-0.029451824464594375, 0.006244805135133109, 0.0]","{""Controller Type"": ""MPC Controller"", ""weight_comfort"": 500.0, ""weight_trajectory"": 3000.0, ""weight_goal"": 1000.0, ""Q"": [[3000.0, 0.0, 0.0, 0.0], [0.0, 0.0, 0.0, 0.0], [0.0, 0.0, 3000.0, 0.0], [0.0, 0.0, 0.0, 0.0]], ""R"": [[500.0, 0.0], [0.0, 500.0]], ""P"": [[1000.0, 0.0, 0.0, 0.0], [0.0, 100000.0, 0.0, 0.0], [0.0, 0.0, 1000.0, 0.0], [0.0, 0.0, 0.0, 100000.0]]}","[0.010581796506143364, -0.00018944121527919792, 0.0]",False
3,P02,10e57735-2e6f-4449-b4c9-0da2c57ab8b9,8,1,haply,mpc,seeded_random,1139142485,persist_session,10.0,1785830989.1268313,8000.322288177,0,1785830989.1219628,125,True,normal,fixed,-0.08,-0.08,0.0,0.08,-0.08,0.0,-0.0801917328,-0.08140789999999998,0.0,0.007659248,-0.10377211,0.14755313,-0.00010781772,-0.00034589323,-0.0009648443,"[-0.26790527313988843, 2.353569532021693, 0.0, 0.0, 0.0, 0.0, 0.6228858764603157, 0.29242235332427075]","[-0.03872526900698095, 0.0035324702683660423, 0.0]","{""Controller Type"": ""MPC Controller"", ""weight_comfort"": 500.0, ""weight_trajectory"": 3000.0, ""weight_goal"": 1000.0, ""Q"": [[3000.0, 0.0, 0.0, 0.0], [0.0, 0.0, 0.0, 0.0], [0.0, 0.0, 3000.0, 0.0], [0.0, 0.0, 0.0, 0.0]], ""R"": [[500.0, 0.0], [0.0, 500.0]], ""P"": [[1000.0, 0.0, 0.0, 0.0], [0.0, 100000.0, 0.0, 0.0], [0.0, 0.0, 1000.0, 0.0], [0.0, 0.0, 0.0, 100000.0]]}","[0.010611957424849, -3.867935836823736e-05, 0.0]",False
3,P02,10e57735-2e6f-4449-b4c9-0da2c57ab8b9,8,1,haply,mpc,seeded_random,1139142485,persist_session,10.0,1785830989.1369424,8000.332402989,0,1785830989.131906,126,True,normal,fixed,-0.08,-0.08,0.0,0.08,-0.08,0.0,-0.080174247,-0.08132055999999999,0.0,0.007676765,-0.10367376,0.14768383,2.4964425e-05,0.00032797855,7.0113594e-05,"[-0.26039535034383965, 2.3495535906525022, 0.0, 0.0, 0.0, 0.0, 0.6230907033546718, 0.29209010651035566]","[-0.03765805871242091, 0.0033862465524387374, 0.0]","{""Controller Type"": ""MPC Controller"", ""weight_comfort"": 500.0, ""weight_trajectory"": 3000.0, ""weight_goal"": 1000.0, ""Q"": [[3000.0, 0.0, 0.0, 0.0], [0.0, 0.0, 0.0, 0.0], [0.0, 0.0, 3000.0, 0.0], [0.0, 0.0, 0.0, 0.0]], ""R"": [[500.0, 0.0], [0.0, 500.0]], ""P"": [[1000.0, 0.0, 0.0, 0.0], [0.0, 100000.0, 0.0, 0.0], [0.0, 0.0, 1000.0, 0.0], [0.0, 0.0, 0.0, 100000.0]]}","[0.010609471327910796, -5.123469164593544e-05, 0.0]",False
3,P02,10e57735-2e6f-4449-b4c9-0da2c57ab8b9,8,1,haply,mpc,seeded_random,1139142485,persist_session,10.0,1785830989.1468902,8000.342356362,0,1785830989.1420944,127,True,normal,fixed,-0.08,-0.08,0.0,0.08,-0.08,0.0,-0.08012169599999999,-0.08105916000000002,0.0,0.007688441,-0.10360823,0.14777082,0.0002729553,0.0016664066,0.001951136,"[-0.2514833619510171, 2.3447894599361967, 0.0, 0.0, 0.0, 0.0, 0.6229875196416267, 0.2922555687422333]","[-0.036157704276619206, 0.003389821806566262, 0.0]","{""Controller Type"": ""MPC Controller"", ""weight_comfort"": 500.0, ""weight_trajectory"": 3000.0, ""weight_goal"": 1000.0, ""Q"": [[3000.0, 0.0, 0.0, 0.0], [0.0, 0.0, 0.0, 0.0], [0.0, 0.0, 3000.0, 0.0], [0.0, 0.0, 0.0, 0.0]], ""R"": [[500.0, 0.0], [0.0, 500.0]], ""P"": [[1000.0, 0.0, 0.0, 0.0], [0.0, 100000.0, 0.0, 0.0], [0.0, 0.0, 1000.0, 0.0], [0.0, 0.0, 0.0, 100000.0]]}","[0.010609471327910796, -5.123469164593544e-05, 0.0]",False
3,P02,10e57735-2e6f-4449-b4c9-0da2c57ab8b9,8,1,haply,mpc,seeded_random,1139142485,persist_session,10.0,1785830989.157144,8000.352601913,0,1785830989.1518762,128,True,normal,fixed,-0.08,-0.08,0.0,0.08,-0.08,0.0,-0.080086668,-0.08088518,0.0,0.007700126,-0.10354263,0.1478578,0.00045962227,0.002676543,0.0033631702,"[-0.17599442924013123, 2.3058762246226374, 0.0, 0.0, 0.0, 0.0, 0.5867849152362195, 0.34582258029474006]","[-0.01628692185504102, 0.00949419204878159, 0.0]","{""Controller Type"": ""MPC Controller"", ""weight_comfort"": 500.0, ""weight_trajectory"": 3000.0, ""weight_goal"": 1000.0, ""Q"": [[3000.0, 0.0, 0.0, 0.0], [0.0, 0.0, 0.0, 0.0], [0.0, 0.0, 3000.0, 0.0], [0.0, 0.0, 0.0, 0.0]], ""R"": [[500.0, 0.0], [0.0, 500.0]], ""P"": [[1000.0, 0.0, 0.0, 0.0], [0.0, 100000.0, 0.0, 0.0], [0.0, 0.0, 1000.0, 0.0], [0.0, 0.0, 0.0, 100000.0]]}","[0.010542462183106841, -0.00038388233847365996, 0.0]",False
3,P02,10e57735-2e6f-4449-b4c9-0da2c57ab8b9,8,1,haply,mpc,seeded_random,1139142485,persist_session,10.0,1785830989.1669452,8000.362406661,0,1785830989.1620152,129,True,normal,fixed,-0.08,-0.08,0.0,0.08,-0.08,0.0,-0.080051613,-0.08071121999999997,0.0,0.0077959527,-0.10350525,0.1478997,0.00061519665,0.0034007435,0.0043716272,"[-0.2047054001245331, 2.3209406480866814, 0.0, 0.0, 0.0, 0.0, 0.5990043584111874, 0.3276406167864189]","[-0.024459497281908608, 0.006357650689255816, 0.0]","{""Controller Type"": ""MPC Controller"", ""weight_comfort"": 500.0, ""weight_trajectory"": 3000.0, ""weight_goal"": 1000.0, ""Q"": [[3000.0, 0.0, 0.0, 0.0], [0.0, 0.0, 0.0, 0.0], [0.0, 0.0, 3000.0, 0.0], [0.0, 0.0, 0.0, 0.0]], ""R"": [[500.0, 0.0], [0.0, 500.0]], ""P"": [[1000.0, 0.0, 0.0, 0.0], [0.0, 100000.0, 0.0, 0.0], [0.0, 0.0, 1000.0, 0.0], [0.0, 0.0, 0.0, 100000.0]]}","[0.010568575699741322, -0.00025348301673218214, 0.0]",False
3,P02,10e57735-2e6f-4449-b4c9-0da2c57ab8b9,8,1,haply,mpc,seeded_random,1139142485,persist_session,10.0,1785830989.177061,8000.372512126,0,1785830989.1719563,130,True,normal,fixed,-0.08,-0.08,0.0,0.08,-0.08,0.0,-0.07976413289999999,-0.08062742,0.0,0.007792894,-0.10352463,0.14795694,0.0008937129,0.0039487197,0.0050196704,"[-0.20222988305966821, 2.3196399399062897, 0.0, 0.0, 0.0, 0.0, 0.6000048855453811, 0.3261600296067134]","[-0.02434719034208755, 0.006022835990945725, 0.0]","{""Controller Type"": ""MPC Controller"", ""weight_comfort"": 500.0, ""weight_trajectory"": 3000.0, ""weight_goal"": 1000.0, ""Q"": [[3000.0, 0.0, 0.0, 0.0], [0.0, 0.0, 0.0, 0.0], [0.0, 0.0, 3000.0, 0.0], [0.0, 0.0, 0.0, 0.0]], ""R"": [[500.0, 0.0], [0.0, 500.0]], ""P"": [[1000.0, 0.0, 0.0, 0.0], [0.0, 100000.0, 0.0, 0.0], [0.0, 0.0, 1000.0, 0.0], [0.0, 0.0, 0.0, 100000.0]]}","[0.010567915384227673, -0.00025646988540848313, 0.0]",False
3,P02,10e57735-2e6f-4449-b4c9-0da2c57ab8b9,8,1,haply,mpc,seeded_random,1139142485,persist_session,10.0,1785830989.1869817,8000.382444195,0,1785830989.1819072,131,True,normal,fixed,-0.08,-0.08,0.0,0.08,-0.08,0.0,-0.07977330899999999,-0.08051293999999998,0.0,0.007849512,-0.103456706,0.14804292,0.0011451952,0.004371919,0.0054811398,"[0.23956247866167707, 2.16408422634702, 0.0, 0.0, 0.0, 0.0, 0.60608909783994, 0.316952992546469]","[0.10085520623471367, 0.0030520751302480073, 0.0]","{""Controller Type"": ""MPC Controller"", ""weight_comfort"": 500.0, ""weight_trajectory"": 3000.0, ""weight_goal"": 1000.0, ""Q"": [[3000.0, 0.0, 0.0, 0.0], [0.0, 0.0, 0.0, 0.0], [0.0, 0.0, 3000.0, 0.0], [0.0, 0.0, 0.0, 0.0]], ""R"": [[500.0, 0.0], [0.0, 500.0]], ""P"": [[1000.0, 0.0, 0.0, 0.0], [0.0, 100000.0, 0.0, 0.0], [0.0, 0.0, 1000.0, 0.0], [0.0, 0.0, 0.0, 100000.0]]}","[0.010671506546801402, -0.00010877439037273293, 0.0]",False
3,P02,10e57735-2e6f-4449-b4c9-0da2c57ab8b9,8,1,haply,mpc,seeded_random,1139142485,persist_session,10.0,1785830989.1971662,8000.392625235,0,1785830989.1922987,132,True,normal,fixed,-0.08,-0.08,0.0,0.08,-0.08,0.0,-0.079603455,-0.08034098,0.0,0.007900285,-0.10342148,0.14808555,0.0013375942,0.004596688,0.005835812,"[-0.33459781495058677, 2.484077980750749, 0.0, 0.0, 0.0, 0.0, 0.60308875892116, 0.3214020559438472]","[-0.055750467495305815, 0.004006922962735809, 0.0]","{""Controller Type"": ""MPC Controller"", ""weight_comfort"": 500.0, ""weight_trajectory"": 3000.0, ""weight_goal"": 1000.0, ""Q"": [[3000.0, 0.0, 0.0, 0.0], [0.0, 0.0, 0.0, 0.0], [0.0, 0.0, 3000.0, 0.0], [0.0, 0.0, 0.0, 0.0]], ""R"": [[500.0, 0.0], [0.0, 500.0]], ""P"": [[1000.0, 0.0, 0.0, 0.0], [0.0, 100000.0, 0.0, 0.0], [0.0, 0.0, 1000.0, 0.0], [0.0, 0.0, 0.0, 100000.0]]}","[0.011229081937686338, -0.0001784861260342928, 0.0]",False
3,P02,10e57735-2e6f-4449-b4c9-0da2c57ab8b9,8,1,haply,mpc,seeded_random,1139142485,persist_session,10.0,1785830989.2069645,8000.402427126,0,1785830989.2018151,133,True,normal,fixed,-0.08,-0.08,0.0,0.08,-0.08,0.0,-0.079451136,-0.08025571999999997,0.0,0.007956831,-0.10335341,0.14817141,0.0015397784,0.0047664917,0.0060950764,"[-0.04454194403535833, 2.3563449044302303, 0.0, 0.0, 0.0, 0.0, 0.5960717137019441, 0.33164808273904434]","[0.03140662500103811, 0.00569142139169702, 0.0]","{""Controller Type"": ""MPC Controller"", ""weight_comfort"": 500.0, ""weight_trajectory"": 3000.0, ""weight_goal"": 1000.0, ""Q"": [[3000.0, 0.0, 0.0, 0.0], [0.0, 0.0, 0.0, 0.0], [0.0, 0.0, 3000.0, 0.0], [0.0, 0.0, 0.0, 0.0]], ""R"": [[500.0, 0.0], [0.0, 500.0]], ""P"": [[1000.0, 0.0, 0.0, 0.0], [0.0, 100000.0, 0.0, 0.0], [0.0, 0.0, 1000.0, 0.0], [0.0, 0.0, 0.0, 100000.0]]}","[0.011338081882202096, -0.0003040845240467541, 0.0]",False
3,P02,10e57735-2e6f-4449-b4c9-0da2c57ab8b9,8,1,haply,mpc,seeded_random,1139142485,persist_session,10.0,1785830989.2169757,8000.412430529,0,1785830989.2119713,134,True,normal,fixed,-0.08,-0.08,0.0,0.08,-0.08,0.0,-0.079281498,-0.08008399999999999,0.0,0.007962627,-0.10332052,0.14821468,0.0021437227,0.0049054706,0.0062611857,"[-0.05574600657660472, 2.36130573553435, 0.0, 0.0, 0.0, 0.0, 0.602348794316476, 0.32243638129827545]","[0.02890586372860705, 0.003042803780824067, 0.0]","{""Controller Type"": ""MPC Controller"", ""weight_comfort"": 500.0, ""weight_trajectory"": 3000.0, ""weight_goal"": 1000.0, ""Q"": [[3000.0, 0.0, 0.0, 0.0], [0.0, 0.0, 0.0, 0.0], [0.0, 0.0, 3000.0, 0.0], [0.0, 0.0, 0.0, 0.0]], ""R"": [[500.0, 0.0], [0.0, 500.0]], ""P"": [[1000.0, 0.0, 0.0, 0.0], [0.0, 100000.0, 0.0, 0.0], [0.0, 0.0, 1000.0, 0.0], [0.0, 0.0, 0.0, 100000.0]]}","[0.011759662987395161, -0.00016401779803757434, 0.0]",False
3,P02,10e57735-2e6f-4449-b4c9-0da2c57ab8b9,8,1,haply,mpc,seeded_random,1139142485,persist_session,10.0,1785830989.2269657,8000.422428569,0,1785830989.2219176,135,True,normal,fixed,-0.08,-0.08,0.0,0.08,-0.08,0.0,-0.07926411,-0.07999746000000002,0.0,0.008019081,-0.103252485,0.14830035,0.0028221437,0.0049904445,0.006337802,"[-0.04948898788802353, 2.358569315267125, 0.0, 0.0, 0.0, 0.0, 0.590477003756361, 0.33960445832457964]","[0.03151244489772452, 0.005791623471197154, 0.0]","{""Controller Type"": ""MPC Controller"", ""weight_comfort"": 500.0, ""weight_trajectory"": 3000.0, ""weight_goal"": 1000.0, ""Q"": [[3000.0, 0.0, 0.0, 0.0], [0.0, 0.0, 0.0, 0.0], [0.0, 0.0, 3000.0, 0.0], [0.0, 0.0, 0.0, 0.0]], ""R"": [[500.0, 0.0], [0.0, 500.0]], ""P"": [[1000.0, 0.0, 0.0, 0.0], [0.0, 100000.0, 0.0, 0.0], [0.0, 0.0, 1000.0, 0.0], [0.0, 0.0, 0.0, 100000.0]]}","[0.012224035326787131, -0.000362224718558083, 0.0]",False
3,P02,10e57735-2e6f-4449-b4c9-0da2c57ab8b9,8,1,haply,mpc,seeded_random,1139142485,persist_session,10.0,1785830989.2369287,8000.432384393,0,1785830989.2319522,136,True,normal,fixed,-0.08,-0.08,0.0,0.08,-0.08,0.0,-0.07909474799999999,-0.07982612,0.0,0.0080248695,-0.10321955,0.14834358,0.0032281948,0.0050520673,0.0063982303,"[-0.3029459864804996, 2.497505066407038, 0.0, 0.0, 0.0, 0.0, 0.5970372430887199, 0.33014769209512645]","[-0.04388233542313258, 0.0028709937378061166, 0.0]","{""Controller Type"": ""MPC Controller"", ""weight_comfort"": 500.0, ""weight_trajectory"": 3000.0, ""weight_goal"": 1000.0, ""Q"": [[3000.0, 0.0, 0.0, 0.0], [0.0, 0.0, 0.0, 0.0], [0.0, 0.0, 3000.0, 0.0], [0.0, 0.0, 0.0, 0.0]], ""R"": [[500.0, 0.0], [0.0, 500.0]], ""P"": [[1000.0, 0.0, 0.0, 0.0], [0.0, 100000.0, 0.0, 0.0], [0.0, 0.0, 1000.0, 0.0], [0.0, 0.0, 0.0, 100000.0]]}","[0.012603389620172468, -0.0001917621635125253, 0.0]",False
3,P02,10e57735-2e6f-4449-b4c9-0da2c57ab8b9,8,1,haply,mpc,seeded_random,1139142485,persist_session,10.0,1785830989.2469943,8000.442458989,0,1785830989.2420495,137,True,normal,fixed,-0.08,-0.08,0.0,0.08,-0.08,0.0,-0.0790773825,-0.07973965999999999,0.0,0.008069763,-0.10321713,0.14834283,0.003509455,0.0050695417,0.0064055477,"[-0.06660013252454042, 2.3952336944321235, 0.0, 0.0, 0.0, 0.0, 0.5839756609970956, 0.34886561204017486]","[0.029830707145359833, 0.005855334056843435, 0.0]","{""Controller Type"": ""MPC Controller"", ""weight_comfort"": 500.0, ""weight_trajectory"": 3000.0, ""weight_goal"": 1000.0, ""Q"": [[3000.0, 0.0, 0.0, 0.0], [0.0, 0.0, 0.0, 0.0], [0.0, 0.0, 3000.0, 0.0], [0.0, 0.0, 0.0, 0.0]], ""R"": [[500.0, 0.0], [0.0, 500.0]], ""P"": [[1000.0, 0.0, 0.0, 0.0], [0.0, 100000.0, 0.0, 0.0], [0.0, 0.0, 1000.0, 0.0], [0.0, 0.0, 0.0, 100000.0]]}","[0.013171353990837647, -0.0002244357748970629, 0.0]",False
3,P02,10e57735-2e6f-4449-b4c9-0da2c57ab8b9,8,1,haply,mpc,seeded_random,1139142485,persist_session,10.0,1785830989.2570553,8000.452514189,0,1785830989.2518623,138,True,normal,fixed,-0.08,-0.08,0.0,0.08,-0.08,0.0,-0.078942702,-0.07974115999999998,0.0,0.0081203915,-0.103181824,0.14838526,0.0036127022,0.0049717114,0.006271405,"[-0.30723411301346126, 2.5278525917769423, 0.0, 0.0, 0.0, 0.0, 0.5908379411212624, 0.3391460962008364]","[-0.04452654173882924, 0.0027501924623865, 0.0]","{""Controller Type"": ""MPC Controller"", ""weight_comfort"": 500.0, ""weight_trajectory"": 3000.0, ""weight_goal"": 1000.0, ""Q"": [[3000.0, 0.0, 0.0, 0.0], [0.0, 0.0, 0.0, 0.0], [0.0, 0.0, 3000.0, 0.0], [0.0, 0.0, 0.0, 0.0]], ""R"": [[500.0, 0.0], [0.0, 500.0]], ""P"": [[1000.0, 0.0, 0.0, 0.0], [0.0, 100000.0, 0.0, 0.0], [0.0, 0.0, 1000.0, 0.0], [0.0, 0.0, 0.0, 100000.0]]}","[0.013171353990837647, -0.0002244357748970629, 0.0]",False
3,P02,10e57735-2e6f-4449-b4c9-0da2c57ab8b9,8,1,haply,mpc,seeded_random,1139142485,persist_session,10.0,1785830989.2670357,8000.462500803,0,1785830989.2620256,139,True,normal,fixed,-0.08,-0.08,0.0,0.08,-0.08,0.0,-0.0787908165,-0.07965630000000001,0.0,0.008165276,-0.10317937,0.1483845,0.0037091211,0.004765039,0.0059911185,"[-0.12089994133648607, 2.4428996508089704, 0.0, 0.0, 0.0, 0.0, 0.5909859473710947, 0.3391149456104501]","[0.014312480624746937, -0.00020480827672301834, 0.0]","{""Controller Type"": ""MPC Controller"", ""weight_comfort"": 500.0, ""weight_trajectory"": 3000.0, ""weight_goal"": 1000.0, ""Q"": [[3000.0, 0.0, 0.0, 0.0], [0.0, 0.0, 0.0, 0.0], [0.0, 0.0, 3000.0, 0.0], [0.0, 0.0, 0.0, 0.0]], ""R"": [[500.0, 0.0], [0.0, 500.0]], ""P"": [[1000.0, 0.0, 0.0, 0.0], [0.0, 100000.0, 0.0, 0.0], [0.0, 0.0, 1000.0, 0.0], [0.0, 0.0, 0.0, 100000.0]]}","[0.013310668374657513, -2.4352996049874016e-05, 0.0]",False
3,P02,10e57735-2e6f-4449-b4c9-0da2c57ab8b9,8,1,haply,mpc,seeded_random,1139142485,persist_session,10.0,1785830989.277052,8000.472491671,0,1785830989.271875,140,True,normal,fixed,-0.08,-0.08,0.0,0.08,-0.08,0.0,-0.078656163,-0.07965781999999999,0.0,0.008165276,-0.10317937,0.1483845,0.0037091211,0.004765039,0.0059911185,"[-0.10585269399125848, 2.436197517445755, 0.0, 0.0, 0.0, 0.0, 0.5842873162657198, 0.3485454699961971]","[0.0195993074729134, 0.002709411148038374, 0.0]","{""Controller Type"": ""MPC Controller"", ""weight_comfort"": 500.0, ""weight_trajectory"": 3000.0, ""weight_goal"": 1000.0, ""Q"": [[3000.0, 0.0, 0.0, 0.0], [0.0, 0.0, 0.0, 0.0], [0.0, 0.0, 3000.0, 0.0], [0.0, 0.0, 0.0, 0.0]], ""R"": [[500.0, 0.0], [0.0, 500.0]], ""P"": [[1000.0, 0.0, 0.0, 0.0], [0.0, 100000.0, 0.0, 0.0], [0.0, 0.0, 1000.0, 0.0], [0.0, 0.0, 0.0, 100000.0]]}","[0.013765502947753973, -0.0002446492386415358, 0.0]",False
3,P02,10e57735-2e6f-4449-b4c9-0da2c57ab8b9,8,1,haply,mpc,seeded_random,1139142485,persist_session,10.0,1785830989.2869508,8000.48241302,0,1785830989.2818837,141,True,normal,fixed,-0.08,-0.08,0.0,0.08,-0.08,0.0,-0.078504363,-0.07957291999999999,0.0,0.008260744,-0.10314146,0.14842619,0.0038781022,0.004249701,0.0052910456,"[-0.1268478530877134, 2.4457798551036647, 0.0, 0.0, 0.0, 0.0, 0.5845155656250386, 0.34845103763983465]","[0.013311952738518165, -0.0002537844282368541, 0.0]","{""Controller Type"": ""MPC Controller"", ""weight_comfort"": 500.0, ""weight_trajectory"": 3000.0, ""weight_goal"": 1000.0, ""Q"": [[3000.0, 0.0, 0.0, 0.0], [0.0, 0.0, 0.0, 0.0], [0.0, 0.0, 3000.0, 0.0], [0.0, 0.0, 0.0, 0.0]], ""R"": [[500.0, 0.0], [0.0, 500.0]], ""P"": [[1000.0, 0.0, 0.0, 0.0], [0.0, 100000.0, 0.0, 0.0], [0.0, 0.0, 1000.0, 0.0], [0.0, 0.0, 0.0, 100000.0]]}","[0.01424158914824175, -3.572378037736139e-05, 0.0]",False
3,P02,10e57735-2e6f-4449-b4c9-0da2c57ab8b9,8,1,haply,mpc,seeded_random,1139142485,persist_session,10.0,1785830989.2968507,8000.492304709,0,1785830989.292063,142,True,normal,fixed,-0.08,-0.08,0.0,0.08,-0.08,0.0,-0.078369759,-0.07957443999999997,0.0,0.008356136,-0.10310358,0.14846776,0.003967964,0.0038948746,0.0048093684,"[-0.10828946075520726, 2.4375599552644163, 0.0, 0.0, 0.0, 0.0, 0.577403215134992, 0.3584134137678636]","[0.019805230710337365, 0.002793653463732303, 0.0]","{""Controller Type"": ""MPC Controller"", ""weight_comfort"": 500.0, ""weight_trajectory"": 3000.0, ""weight_goal"": 1000.0, ""Q"": [[3000.0, 0.0, 0.0, 0.0], [0.0, 0.0, 0.0, 0.0], [0.0, 0.0, 3000.0, 0.0], [0.0, 0.0, 0.0, 0.0]], ""R"": [[500.0, 0.0], [0.0, 500.0]], ""P"": [[1000.0, 0.0, 0.0, 0.0], [0.0, 100000.0, 0.0, 0.0], [0.0, 0.0, 1000.0, 0.0], [0.0, 0.0, 0.0, 100000.0]]}","[0.014720459056830525, -0.0002757522282026455, 0.0]",False
3,P02,10e57735-2e6f-4449-b4c9-0da2c57ab8b9,8,1,haply,mpc,seeded_random,1139142485,persist_session,10.0,1785830989.3070316,8000.502483006,0,1785830989.3017843,143,True,normal,fixed,-0.08,-0.08,0.0,0.08,-0.08,0.0,-0.078083583,-0.07949129999999999,0.0,0.008451488,-0.10306551,0.1485094,0.0042113326,0.003638302,0.004442662,"[-0.13676739207636102, 2.4506752362549387, 0.0, 0.0, 0.0, 0.0, 0.5777156245071103, 0.35825016216485883]","[0.010746269670293924, -0.00029934762155833284, 0.0]","{""Controller Type"": ""MPC Controller"", ""weight_comfort"": 500.0, ""weight_trajectory"": 3000.0, ""weight_goal"": 1000.0, ""Q"": [[3000.0, 0.0, 0.0, 0.0], [0.0, 0.0, 0.0, 0.0], [0.0, 0.0, 3000.0, 0.0], [0.0, 0.0, 0.0, 0.0]], ""R"": [[500.0, 0.0], [0.0, 500.0]], ""P"": [[1000.0, 0.0, 0.0, 0.0], [0.0, 100000.0, 0.0, 0.0], [0.0, 0.0, 1000.0, 0.0], [0.0, 0.0, 0.0, 100000.0]]}","[0.015247662502253154, -4.878163100803103e-05, 0.0]",False
3,P02,10e57735-2e6f-4449-b4c9-0da2c57ab8b9,8,1,haply,mpc,seeded_random,1139142485,persist_session,10.0,1785830989.317196,8000.512640082,0,1785830989.311879,144,True,normal,fixed,-0.08,-0.08,0.0,0.08,-0.08,0.0,-0.077797527,-0.07940801999999997,0.0,0.00854679,-0.10302739,0.14855097,0.0048498227,0.0035095771,0.004207656,"[0.06877357706366291, 2.3890192821995972, 0.0, 0.0, 0.0, 0.0, 0.5701799226782874, 0.3687534031142106]","[0.0812001650621338, 0.002863665921536303, 0.0]","{""Controller Type"": ""MPC Controller"", ""weight_comfort"": 500.0, ""weight_trajectory"": 3000.0, ""weight_goal"": 1000.0, ""Q"": [[3000.0, 0.0, 0.0, 0.0], [0.0, 0.0, 0.0, 0.0], [0.0, 0.0, 3000.0, 0.0], [0.0, 0.0, 0.0, 0.0]], ""R"": [[500.0, 0.0], [0.0, 500.0]], ""P"": [[1000.0, 0.0, 0.0, 0.0], [0.0, 100000.0, 0.0, 0.0], [0.0, 0.0, 1000.0, 0.0], [0.0, 0.0, 0.0, 100000.0]]}","[0.01583563243787718, -0.0003182166570996982, 0.0]",False
3,P02,10e57735-2e6f-4449-b4c9-0da2c57ab8b9,8,1,haply,mpc,seeded_random,1139142485,persist_session,10.0,1785830989.3270059,8000.522463968,0,1785830989.321753,145,True,normal,fixed,-0.08,-0.08,0.0,0.08,-0.08,0.0,-0.077511621,-0.07932487999999999,0.0,0.008681236,-0.103019446,0.14854868,0.005574629,0.0033509044,0.003922244,"[0.04529740389094861, 2.3963250563042706, 0.0, 0.0, 0.0, 0.0, 0.5704502022725977, 0.36837913778912545]","[0.07505345745391709, 0.0027014035172847413, 0.0]","{""Controller Type"": ""MPC Controller"", ""weight_comfort"": 500.0, ""weight_trajectory"": 3000.0, ""weight_goal"": 1000.0, ""Q"": [[3000.0, 0.0, 0.0, 0.0], [0.0, 0.0, 0.0, 0.0], [0.0, 0.0, 3000.0, 0.0], [0.0, 0.0, 0.0, 0.0]], ""R"": [[500.0, 0.0], [0.0, 500.0]], ""P"": [[1000.0, 0.0, 0.0, 0.0], [0.0, 100000.0, 0.0, 0.0], [0.0, 0.0, 1000.0, 0.0], [0.0, 0.0, 0.0, 100000.0]]}","[0.016972324551886388, -0.0003434023821153009, 0.0]",False
3,P02,10e57735-2e6f-4449-b4c9-0da2c57ab8b9,8,1,haply,mpc,seeded_random,1139142485,persist_session,10.0,1785830989.3379662,8000.533412237,0,1785830989.3319893,146,True,normal,fixed,-0.08,-0.08,0.0,0.08,-0.08,0.0,-0.077108283,-0.07932946000000002,0.0,0.008815657,-0.10301134,0.14854637,0.0066044983,0.003278048,0.0037187291,"[0.04358820634563518, 2.3968444601763537, 0.0, 0.0, 0.0, 0.0, 0.5703263494790668, 0.36854988920790893]","[0.07626659026338765, 0.0027181525395118945, 0.0]","{""Controller Type"": ""MPC Controller"", ""weight_comfort"": 500.0, ""weight_trajectory"": 3000.0, ""weight_goal"": 1000.0, ""Q"": [[3000.0, 0.0, 0.0, 0.0], [0.0, 0.0, 0.0, 0.0], [0.0, 0.0, 3000.0, 0.0], [0.0, 0.0, 0.0, 0.0]], ""R"": [[500.0, 0.0], [0.0, 500.0]], ""P"": [[1000.0, 0.0, 0.0, 0.0], [0.0, 100000.0, 0.0, 0.0], [0.0, 0.0, 1000.0, 0.0], [0.0, 0.0, 0.0, 100000.0]]}","[0.018131870398434707, -0.0003864163859306889, 0.0]",False
3,P02,10e57735-2e6f-4449-b4c9-0da2c57ab8b9,8,1,haply,mpc,seeded_random,1139142485,persist_session,10.0,1785830989.3473508,8000.542802787,0,1785830989.3417978,147,True,normal,fixed,-0.08,-0.08,0.0,0.08,-0.08,0.0,-0.07670502000000001,-0.07933407999999997,0.0,0.009045188,-0.10296451,0.14858557,0.0077458806,0.0032501519,0.003559444,"[0.14911986411814337, 2.3777796541766576, 0.0, 0.0, 0.0, 0.0, 0.5706621964827043, 0.36852964965117824]","[0.11711927331217015, -0.0005475426443682877, 0.0]","{""Controller Type"": ""MPC Controller"", ""weight_comfort"": 500.0, ""weight_trajectory"": 3000.0, ""weight_goal"": 1000.0, ""Q"": [[3000.0, 0.0, 0.0, 0.0], [0.0, 0.0, 0.0, 0.0], [0.0, 0.0, 3000.0, 0.0], [0.0, 0.0, 0.0, 0.0]], ""R"": [[500.0, 0.0], [0.0, 500.0]], ""P"": [[1000.0, 0.0, 0.0, 0.0], [0.0, 100000.0, 0.0, 0.0], [0.0, 0.0, 1000.0, 0.0], [0.0, 0.0, 0.0, 100000.0]]}","[0.019547636824970398, -9.641714664451822e-05, 0.0]",False
3,P02,10e57735-2e6f-4449-b4c9-0da2c57ab8b9,8,1,haply,mpc,seeded_random,1139142485,persist_session,10.0,1785830989.3571649,8000.552586304,0,1785830989.3519335,148,True,normal,fixed,-0.08,-0.08,0.0,0.08,-0.08,0.0,-0.076016427,-0.07925568,0.0,0.009224341,-0.10295309,0.14858249,0.009554704,0.0031211504,0.003192684,"[0.15507392779976428, 2.3768400151655937, 0.0, 0.0, 0.0, 0.0, 0.570662865019068, 0.36852967213919674]","[0.12202097231068879, -0.0005535999596569357, 0.0]","{""Controller Type"": ""MPC Controller"", ""weight_comfort"": 500.0, ""weight_trajectory"": 3000.0, ""weight_goal"": 1000.0, ""Q"": [[3000.0, 0.0, 0.0, 0.0], [0.0, 0.0, 0.0, 0.0], [0.0, 0.0, 3000.0, 0.0], [0.0, 0.0, 0.0, 0.0]], ""R"": [[500.0, 0.0], [0.0, 500.0]], ""P"": [[1000.0, 0.0, 0.0, 0.0], [0.0, 100000.0, 0.0, 0.0], [0.0, 0.0, 1000.0, 0.0], [0.0, 0.0, 0.0, 100000.0]]}","[0.02141916079013762, -0.00010446383538877498, 0.0]",False
3,P02,10e57735-2e6f-4449-b4c9-0da2c57ab8b9,8,1,haply,mpc,seeded_random,1139142485,persist_session,10.0,1785830989.366911,8000.562372981,0,1785830989.3616934,149,True,normal,fixed,-0.08,-0.08,0.0,0.08,-0.08,0.0,-0.075478968,-0.07926183999999997,0.0,0.009448264,-0.10293842,0.14857858,0.011240232,0.0030640317,0.0029250353,"[0.39109238636840127, 2.4341147056493817, 0.0, 0.0, 0.0, 0.0, 0.5641945676897601, 0.3773746063854419]","[0.22638504130698123, 0.002499078918871398, 0.0]","{""Controller Type"": ""MPC Controller"", ""weight_comfort"": 500.0, ""weight_trajectory"": 3000.0, ""weight_goal"": 1000.0, ""Q"": [[3000.0, 0.0, 0.0, 0.0], [0.0, 0.0, 0.0, 0.0], [0.0, 0.0, 3000.0, 0.0], [0.0, 0.0, 0.0, 0.0]], ""R"": [[500.0, 0.0], [0.0, 500.0]], ""P"": [[1000.0, 0.0, 0.0, 0.0], [0.0, 100000.0, 0.0, 0.0], [0.0, 0.0, 1000.0, 0.0], [0.0, 0.0, 0.0, 100000.0]]}","[0.02778784457658818, -0.00014969383968580315, 0.0]",False
3,P02,10e57735-2e6f-4449-b4c9-0da2c57ab8b9,8,1,haply,mpc,seeded_random,1139142485,persist_session,10.0,1785830989.3770344,8000.57249695,0,1785830989.3718438,150,True,normal,fixed,-0.08,-0.08,0.0,0.08,-0.08,0.0,-0.074807199,-0.07926966000000002,0.0,0.009722216,-0.10288725,0.14861694,0.013294799,0.003076923,0.002698348,"[0.23887228549301784, 2.4282955736806366, 0.0, 0.0, 0.0, 0.0, 0.5644520016494095, 0.3775103176577386]","[0.17086116231979598, -0.000654922967366001, 0.0]","{""Controller Type"": ""MPC Controller"", ""weight_comfort"": 500.0, ""weight_trajectory"": 3000.0, ""weight_goal"": 1000.0, ""Q"": [[3000.0, 0.0, 0.0, 0.0], [0.0, 0.0, 0.0, 0.0], [0.0, 0.0, 3000.0, 0.0], [0.0, 0.0, 0.0, 0.0]], ""R"": [[500.0, 0.0], [0.0, 500.0]], ""P"": [[1000.0, 0.0, 0.0, 0.0], [0.0, 100000.0, 0.0, 0.0], [0.0, 0.0, 1000.0, 0.0], [0.0, 0.0, 0.0, 100000.0]]}","[0.02778784457658818, -0.00014969383968580315, 0.0]",False
3,P02,10e57735-2e6f-4449-b4c9-0da2c57ab8b9,8,1,haply,mpc,seeded_random,1139142485,persist_session,10.0,1785830989.387027,8000.582484272,0,1785830989.3817441,151,True,normal,fixed,-0.08,-0.08,0.0,0.08,-0.08,0.0,-0.07398534300000001,-0.07919293999999999,0.0,0.009996009,-0.10283534,0.14865527,0.0155295795,0.0031490056,0.0025166445,"[0.3222063191787306, 2.4470130232420972, 0.0, 0.0, 0.0, 0.0, 0.5644541229331983, 0.3775148878425031]","[0.21182640316068324, -0.0007030848634352886, 0.0]","{""Controller Type"": ""MPC Controller"", ""weight_comfort"": 500.0, ""weight_trajectory"": 3000.0, ""weight_goal"": 1000.0, ""Q"": [[3000.0, 0.0, 0.0, 0.0], [0.0, 0.0, 0.0, 0.0], [0.0, 0.0, 3000.0, 0.0], [0.0, 0.0, 0.0, 0.0]], ""R"": [[500.0, 0.0], [0.0, 500.0]], ""P"": [[1000.0, 0.0, 0.0, 0.0], [0.0, 100000.0, 0.0, 0.0], [0.0, 0.0, 1000.0, 0.0], [0.0, 0.0, 0.0, 100000.0]]}","[0.03719916032153632, -0.0008992515381871517, 0.0]",False
3,P02,10e57735-2e6f-4449-b4c9-0da2c57ab8b9,8,1,haply,mpc,seeded_random,1139142485,persist_session,10.0,1785830989.3969896,8000.592452232,0,1785830989.3917925,152,True,normal,fixed,-0.08,-0.08,0.0,0.08,-0.08,0.0,-0.073163964,-0.07911627999999998,0.0,0.010353885,-0.10280914,0.14864889,0.018119792,0.0032994493,0.0023800796,"[0.44114902979482096, 2.5140273852445194, 0.0, 0.0, 0.0, 0.0, 0.55748244429143, 0.38701054847457356]","[0.2766273844944624, 0.002549114087905139, 0.0]","{""Controller Type"": ""MPC Controller"", ""weight_comfort"": 500.0, ""weight_trajectory"": 3000.0, ""weight_goal"": 1000.0, ""Q"": [[3000.0, 0.0, 0.0, 0.0], [0.0, 0.0, 0.0, 0.0], [0.0, 0.0, 3000.0, 0.0], [0.0, 0.0, 0.0, 0.0]], ""R"": [[500.0, 0.0], [0.0, 500.0]], ""P"": [[1000.0, 0.0, 0.0, 0.0], [0.0, 100000.0, 0.0, 0.0], [0.0, 0.0, 1000.0, 0.0], [0.0, 0.0, 0.0, 100000.0]]}","[0.03719916032153632, -0.0008992515381871517, 0.0]",False
3,P02,10e57735-2e6f-4449-b4c9-0da2c57ab8b9,8,1,haply,mpc,seeded_random,1139142485,persist_session,10.0,1785830989.406829,8000.602289578,0,1785830989.4017248,153,True,normal,fixed,-0.08,-0.08,0.0,0.08,-0.08,0.0,-0.072090336,-0.07912903999999998,0.0,0.010672013,-0.10275223,0.14868622,0.020570077,0.0034515026,0.0022408357,"[0.4088118576772286, 2.4964021317449663, 0.0, 0.0, 0.0, 0.0, 0.5575994117905752, 0.38685214550980046]","[0.26667702986374353, 0.002458565489572664, 0.0]","{""Controller Type"": ""MPC Controller"", ""weight_comfort"": 500.0, ""weight_trajectory"": 3000.0, ""weight_goal"": 1000.0, ""Q"": [[3000.0, 0.0, 0.0, 0.0], [0.0, 0.0, 0.0, 0.0], [0.0, 0.0, 3000.0, 0.0], [0.0, 0.0, 0.0, 0.0]], ""R"": [[500.0, 0.0], [0.0, 500.0]], ""P"": [[1000.0, 0.0, 0.0, 0.0], [0.0, 100000.0, 0.0, 0.0], [0.0, 0.0, 1000.0, 0.0], [0.0, 0.0, 0.0, 100000.0]]}","[0.04515731334254555, -0.0011174594556670621, 0.0]",False
3,P02,10e57735-2e6f-4449-b4c9-0da2c57ab8b9,8,1,haply,mpc,seeded_random,1139142485,persist_session,10.0,1785830989.4169688,8000.612427808,0,1785830989.411769,154,True,normal,fixed,-0.08,-0.08,0.0,0.08,-0.08,0.0,-0.071135952,-0.07905437999999998,0.0,0.0110296225,-0.10272386,0.14867973,0.023224832,0.0036251098,0.0020820012,"[0.55964624252691, 2.6900656694318257, 0.0, 0.0, 0.0, 0.0, 0.557470589961561, 0.3876663543759291]","[0.37589895640075255, -0.000983569566691635, 0.0]","{""Controller Type"": ""MPC Controller"", ""weight_comfort"": 500.0, ""weight_trajectory"": 3000.0, ""weight_goal"": 1000.0, ""Q"": [[3000.0, 0.0, 0.0, 0.0], [0.0, 0.0, 0.0, 0.0], [0.0, 0.0, 3000.0, 0.0], [0.0, 0.0, 0.0, 0.0]], ""R"": [[500.0, 0.0], [0.0, 500.0]], ""P"": [[1000.0, 0.0, 0.0, 0.0], [0.0, 100000.0, 0.0, 0.0], [0.0, 0.0, 1000.0, 0.0], [0.0, 0.0, 0.0, 100000.0]]}","[0.05466554210402979, -0.00033191404890237325, 0.0]",False
3,P02,10e57735-2e6f-4449-b4c9-0da2c57ab8b9,8,1,haply,mpc,seeded_random,1139142485,persist_session,10.0,1785830989.4268498,8000.622311055,0,1785830989.4219153,155,True,normal,fixed,-0.08,-0.08,0.0,0.08,-0.08,0.0,-0.07006312349999999,-0.07906735999999998,0.0,0.011387131,-0.10269432,0.14867318,0.025441883,0.0038016161,0.0019609751,"[0.44457705623787636, 2.5865644585159506, 0.0, 0.0, 0.0, 0.0, 0.5505271052602664, 0.397018262350616]","[0.31296533935876236, 0.0024305350659775183, 0.0]","{""Controller Type"": ""MPC Controller"", ""weight_comfort"": 500.0, ""weight_trajectory"": 3000.0, ""weight_goal"": 1000.0, ""Q"": [[3000.0, 0.0, 0.0, 0.0], [0.0, 0.0, 0.0, 0.0], [0.0, 0.0, 3000.0, 0.0], [0.0, 0.0, 0.0, 0.0]], ""R"": [[500.0, 0.0], [0.0, 500.0]], ""P"": [[1000.0, 0.0, 0.0, 0.0], [0.0, 100000.0, 0.0, 0.0], [0.0, 0.0, 1000.0, 0.0], [0.0, 0.0, 0.0, 100000.0]]}","[0.07017442516018217, -0.0018293152604188555, 0.0]",False
3,P02,10e57735-2e6f-4449-b4c9-0da2c57ab8b9,8,1,haply,mpc,seeded_random,1139142485,persist_session,10.0,1785830989.4370356,8000.632490636,0,1785830989.431742,156,True,normal,fixed,-0.08,-0.08,0.0,0.08,-0.08,0.0,-0.06899059799999999,-0.07908046000000002,0.0,0.011744534,-0.102663636,0.14866656,0.027336316,0.003976749,0.0018593313,"[0.48924064518464944, 2.642811928273535, 0.0, 0.0, 0.0, 0.0, 0.5504715879996541, 0.397743440650163]","[0.3528549764248601, -0.001022214685640944, 0.0]","{""Controller Type"": ""MPC Controller"", ""weight_comfort"": 500.0, ""weight_trajectory"": 3000.0, ""weight_goal"": 1000.0, ""Q"": [[3000.0, 0.0, 0.0, 0.0], [0.0, 0.0, 0.0, 0.0], [0.0, 0.0, 3000.0, 0.0], [0.0, 0.0, 0.0, 0.0]], ""R"": [[500.0, 0.0], [0.0, 500.0]], ""P"": [[1000.0, 0.0, 0.0, 0.0], [0.0, 100000.0, 0.0, 0.0], [0.0, 0.0, 1000.0, 0.0], [0.0, 0.0, 0.0, 100000.0]]}","[0.08765231276016038, -0.0005957764148533692, 0.0]",False
3,P02,10e57735-2e6f-4449-b4c9-0da2c57ab8b9,8,1,haply,mpc,seeded_random,1139142485,persist_session,10.0,1785830989.4468312,8000.642292224,0,1785830989.441828,157,True,normal,fixed,-0.08,-0.08,0.0,0.08,-0.08,0.0,-0.067918389,-0.07909369999999999,0.0,0.012101844,-0.1026318,0.1486599,0.029109051,0.004169837,0.0017759267,"[0.48839628509536054, 2.641618881544069, 0.0, 0.0, 0.0, 0.0, 0.5504710081858107, 0.39774757424743573]","[0.3610845165320399, -0.0010364206137245693, 0.0]","{""Controller Type"": ""MPC Controller"", ""weight_comfort"": 500.0, ""weight_trajectory"": 3000.0, ""weight_goal"": 1000.0, ""Q"": [[3000.0, 0.0, 0.0, 0.0], [0.0, 0.0, 0.0, 0.0], [0.0, 0.0, 3000.0, 0.0], [0.0, 0.0, 0.0, 0.0]], ""R"": [[500.0, 0.0], [0.0, 500.0]], ""P"": [[1000.0, 0.0, 0.0, 0.0], [0.0, 100000.0, 0.0, 0.0], [0.0, 0.0, 1000.0, 0.0], [0.0, 0.0, 0.0, 100000.0]]}","[0.11108952209800675, -0.0007384976536119967, 0.0]",False
3,P02,10e57735-2e6f-4449-b4c9-0da2c57ab8b9,8,1,haply,mpc,seeded_random,1139142485,persist_session,10.0,1785830989.4569733,8000.652436772,0,1785830989.4518266,158,True,normal,fixed,-0.08,-0.08,0.0,0.08,-0.08,0.0,-0.066846459,-0.07910701999999997,0.0,0.012503686,-0.10259459,0.14865232,0.030646315,0.0039216885,0.0011244494,"[0.4513224983775864, 2.5921660847992527, 0.0, 0.0, 0.0, 0.0, 0.5504713967860578, 0.3977447843767518]","[0.3423217949806519, -0.0010210129727172695, 0.0]","{""Controller Type"": ""MPC Controller"", ""weight_comfort"": 500.0, ""weight_trajectory"": 3000.0, ""weight_goal"": 1000.0, ""Q"": [[3000.0, 0.0, 0.0, 0.0], [0.0, 0.0, 0.0, 0.0], [0.0, 0.0, 3000.0, 0.0], [0.0, 0.0, 0.0, 0.0]], ""R"": [[500.0, 0.0], [0.0, 500.0]], ""P"": [[1000.0, 0.0, 0.0, 0.0], [0.0, 100000.0, 0.0, 0.0], [0.0, 0.0, 1000.0, 0.0], [0.0, 0.0, 0.0, 100000.0]]}","[0.18091283169832773, -0.001167856570321385, 0.0]",False
3,P02,10e57735-2e6f-4449-b4c9-0da2c57ab8b9,8,1,haply,mpc,seeded_random,1139142485,persist_session,10.0,1785830989.4669678,8000.662427004,0,1785830989.461932,159,True,normal,fixed,-0.08,-0.08,0.0,0.08,-0.08,0.0,-0.065640933,-0.07912217999999999,0.0,0.01286077,-0.102560304,0.14864552,0.03202129,0.0037787282,0.0006156758,"[0.4370560754946185, 2.572197300478116, 0.0, 0.0, 0.0, 0.0, 0.5504712465163698, 0.3977456712183262]","[0.3399413932515211, -0.001021433352120815, 0.0]","{""Controller Type"": ""MPC Controller"", ""weight_comfort"": 500.0, ""weight_trajectory"": 3000.0, ""weight_goal"": 1000.0, ""Q"": [[3000.0, 0.0, 0.0, 0.0], [0.0, 0.0, 0.0, 0.0], [0.0, 0.0, 3000.0, 0.0], [0.0, 0.0, 0.0, 0.0]], ""R"": [[500.0, 0.0], [0.0, 500.0]], ""P"": [[1000.0, 0.0, 0.0, 0.0], [0.0, 100000.0, 0.0, 0.0], [0.0, 0.0, 1000.0, 0.0], [0.0, 0.0, 0.0, 100000.0]]}","[0.18091283169832773, -0.001167856570321385, 0.0]",False
3,P02,10e57735-2e6f-4449-b4c9-0da2c57ab8b9,8,1,haply,mpc,seeded_random,1139142485,persist_session,10.0,1785830989.476919,8000.672384305,0,1785830989.471792,160,True,normal,fixed,-0.08,-0.08,0.0,0.08,-0.08,0.0,-0.06456968099999999,-0.07913577999999999,0.0,0.013306962,-0.10251581,0.14863692,0.03332642,0.0037453123,0.00024117698,"[0.47637132130437126, 2.6512561364344553, 0.0, 0.0, 0.0, 0.0, 0.550466010339723, 0.39776427065066094]","[0.38566226253113534, -0.0010799329505153394, 0.0]","{""Controller Type"": ""MPC Controller"", ""weight_comfort"": 500.0, ""weight_trajectory"": 3000.0, ""weight_goal"": 1000.0, ""Q"": [[3000.0, 0.0, 0.0, 0.0], [0.0, 0.0, 0.0, 0.0], [0.0, 0.0, 3000.0, 0.0], [0.0, 0.0, 0.0, 0.0]], ""R"": [[500.0, 0.0], [0.0, 500.0]], ""P"": [[1000.0, 0.0, 0.0, 0.0], [0.0, 100000.0, 0.0, 0.0], [0.0, 0.0, 1000.0, 0.0], [0.0, 0.0, 0.0, 100000.0]]}","[0.29699742528918693, -0.0018340727162126258, 0.0]",False
3,P02,10e57735-2e6f-4449-b4c9-0da2c57ab8b9,8,1,haply,mpc,seeded_random,1139142485,persist_session,10.0,1785830989.4869385,8000.682402207,0,1785830989.4820383,161,True,normal,fixed,-0.08,-0.08,0.0,0.08,-0.08,0.0,-0.06323110500000001,-0.07915297999999998,0.0,0.013752958,-0.102469526,0.14862823,0.03470891,0.0038092136,-3.3388034e-05,"[0.4016571566334792, 2.537373733253095, 0.0, 0.0, 0.0, 0.0, 0.5504692114039726, 0.39775034917556146]","[0.3337424979254978, -0.0010243455166649034, 0.0]","{""Controller Type"": ""MPC Controller"", ""weight_comfort"": 500.0, ""weight_trajectory"": 3000.0, ""weight_goal"": 1000.0, ""Q"": [[3000.0, 0.0, 0.0, 0.0], [0.0, 0.0, 0.0, 0.0], [0.0, 0.0, 3000.0, 0.0], [0.0, 0.0, 0.0, 0.0]], ""R"": [[500.0, 0.0], [0.0, 500.0]], ""P"": [[1000.0, 0.0, 0.0, 0.0], [0.0, 100000.0, 0.0, 0.0], [0.0, 0.0, 1000.0, 0.0], [0.0, 0.0, 0.0, 100000.0]]}","[0.37309581612355575, -0.0020991404316672096, 0.0]",False
3,P02,10e57735-2e6f-4449-b4c9-0da2c57ab8b9,8,1,haply,mpc,seeded_random,1139142485,persist_session,10.0,1785830989.4971209,8000.692573815,0,1785830989.4920068,162,True,normal,fixed,-0.08,-0.08,0.0,0.08,-0.08,0.0,-0.061893117,-0.07917036,0.0,0.014192951,-0.10247376,0.14863339,0.036132183,0.0039017021,-0.00023182762,"[0.4678814444716345, 2.7317734895736385, 0.0, 0.0, 0.0, 0.0, 0.5504540120201507, 0.39779156363424006]","[0.4238947026066342, -0.0011340017570028022, 0.0]","{""Controller Type"": ""MPC Controller"", ""weight_comfort"": 500.0, ""weight_trajectory"": 3000.0, ""weight_goal"": 1000.0, ""Q"": [[3000.0, 0.0, 0.0, 0.0], [0.0, 0.0, 0.0, 0.0], [0.0, 0.0, 3000.0, 0.0], [0.0, 0.0, 0.0, 0.0]], ""R"": [[500.0, 0.0], [0.0, 500.0]], ""P"": [[1000.0, 0.0, 0.0, 0.0], [0.0, 100000.0, 0.0, 0.0], [0.0, 0.0, 1000.0, 0.0], [0.0, 0.0, 0.0, 100000.0]]}","[0.37309581612355575, -0.0020991404316672096, 0.0]",False
3,P02,10e57735-2e6f-4449-b4c9-0da2c57ab8b9,8,1,haply,mpc,seeded_random,1139142485,persist_session,10.0,1785830989.5070016,8000.702458406,0,1785830989.5020506,163,True,normal,fixed,-0.08,-0.08,0.0,0.08,-0.08,0.0,-0.06057313799999999,-0.07916003999999999,0.0,0.0146387825,-0.10242389,0.14862451,0.037662555,0.00406793,-0.00038548998,"[0.46537892489049487, 2.7233276963495654, 0.0, 0.0, 0.0, 0.0, 0.5504506749350168, 0.3977999823320804]","[0.431562757183214, -0.0011502356480747435, 0.0]","{""Controller Type"": ""MPC Controller"", ""weight_comfort"": 500.0, ""weight_trajectory"": 3000.0, ""weight_goal"": 1000.0, ""Q"": [[3000.0, 0.0, 0.0, 0.0], [0.0, 0.0, 0.0, 0.0], [0.0, 0.0, 3000.0, 0.0], [0.0, 0.0, 0.0, 0.0]], ""R"": [[500.0, 0.0], [0.0, 500.0]], ""P"": [[1000.0, 0.0, 0.0, 0.0], [0.0, 100000.0, 0.0, 0.0], [0.0, 0.0, 1000.0, 0.0], [0.0, 0.0, 0.0, 100000.0]]}","[0.6319455235261523, -0.008153655471551488, 0.0]",False
3,P02,10e57735-2e6f-4449-b4c9-0da2c57ab8b9,8,1,haply,mpc,seeded_random,1139142485,persist_session,10.0,1785830989.516968,8000.712406482,0,1785830989.5117853,164,True,normal,fixed,-0.08,-0.08,0.0,0.08,-0.08,0.0,-0.059235643500000004,-0.07917780000000002,0.0,0.015173492,-0.10236169,0.14861374,0.03934679,0.0043103946,-0.00051495613,"[0.44160396206601604, 2.646746149776119, 0.0, 0.0, 0.0, 0.0, 0.549904715485131, 0.3983987297854798]","[0.4099169830349474, -5.254587274364914e-05, 0.0]","{""Controller Type"": ""MPC Controller"", ""weight_comfort"": 500.0, ""weight_trajectory"": 3000.0, ""weight_goal"": 1000.0, ""Q"": [[3000.0, 0.0, 0.0, 0.0], [0.0, 0.0, 0.0, 0.0], [0.0, 0.0, 3000.0, 0.0], [0.0, 0.0, 0.0, 0.0]], ""R"": [[500.0, 0.0], [0.0, 500.0]], ""P"": [[1000.0, 0.0, 0.0, 0.0], [0.0, 100000.0, 0.0, 0.0], [0.0, 0.0, 1000.0, 0.0], [0.0, 0.0, 0.0, 100000.0]]}","[0.6319455235261523, -0.008153655471551488, 0.0]",False
3,P02,10e57735-2e6f-4449-b4c9-0da2c57ab8b9,8,1,haply,mpc,seeded_random,1139142485,persist_session,10.0,1785830989.5268595,8000.722321791,0,1785830989.521909,165,True,normal,fixed,-0.08,-0.08,0.0,0.08,-0.08,0.0,-0.057631514999999994,-0.07919934000000001,0.0,0.015707906,-0.1022969,0.14860283,0.04138381,0.004644382,-0.00062624755,"[0.4470281086896102, 2.6686729511900875, 0.0, 0.0, 0.0, 0.0, 0.5496977338701381, 0.39889240367923295]","[0.4289059182485756, -0.0011797065132025204, 0.0]","{""Controller Type"": ""MPC Controller"", ""weight_comfort"": 500.0, ""weight_trajectory"": 3000.0, ""weight_goal"": 1000.0, ""Q"": [[3000.0, 0.0, 0.0, 0.0], [0.0, 0.0, 0.0, 0.0], [0.0, 0.0, 3000.0, 0.0], [0.0, 0.0, 0.0, 0.0]], ""R"": [[500.0, 0.0], [0.0, 500.0]], ""P"": [[1000.0, 0.0, 0.0, 0.0], [0.0, 100000.0, 0.0, 0.0], [0.0, 0.0, 1000.0, 0.0], [0.0, 0.0, 0.0, 100000.0]]}","[0.7935423237296312, -0.004161197551617783, 0.0]",False
3,P02,10e57735-2e6f-4449-b4c9-0da2c57ab8b9,8,1,haply,mpc,seeded_random,1139142485,persist_session,10.0,1785830989.5368342,8000.732293578,0,1785830989.5317574,166,True,normal,fixed,-0.08,-0.08,0.0,0.08,-0.08,0.0,-0.056028272999999996,-0.07922116000000001,0.0,0.016241977,-0.10222951,0.14859179,0.043338314,0.0050521023,-0.0007298573,"[0.4705984234978541, 2.8985465647963355, 0.0, 0.0, 0.0, 0.0, 0.5496684868304592, 0.39895327062538805]","[0.5240506135590108, -0.0012889402105806104, 0.0]","{""Controller Type"": ""MPC Controller"", ""weight_comfort"": 500.0, ""weight_trajectory"": 3000.0, ""weight_goal"": 1000.0, ""Q"": [[3000.0, 0.0, 0.0, 0.0], [0.0, 0.0, 0.0, 0.0], [0.0, 0.0, 3000.0, 0.0], [0.0, 0.0, 0.0, 0.0]], ""R"": [[500.0, 0.0], [0.0, 500.0]], ""P"": [[1000.0, 0.0, 0.0, 0.0], [0.0, 100000.0, 0.0, 0.0], [0.0, 0.0, 1000.0, 0.0], [0.0, 0.0, 0.0, 100000.0]]}","[1.2150553854879687, -0.004909355773544696, 0.0]",False
3,P02,10e57735-2e6f-4449-b4c9-0da2c57ab8b9,8,1,haply,mpc,seeded_random,1139142485,persist_session,10.0,1785830989.5468404,8000.742302253,0,1785830989.5417776,167,True,normal,fixed,-0.08,-0.08,0.0,0.08,-0.08,0.0,-0.05442606,-0.07924323999999999,0.0,0.016864656,-0.102147624,0.14857873,0.045561355,0.0055339257,-0.0008278188,"[0.46958230074654406, 2.8845144936503497, 0.0, 0.0, 0.0, 0.0, 0.5496598793383194, 0.3989705179689743]","[0.5334548101795495, -0.0013120554467502164, 0.0]","{""Controller Type"": ""MPC Controller"", ""weight_comfort"": 500.0, ""weight_trajectory"": 3000.0, ""weight_goal"": 1000.0, ""Q"": [[3000.0, 0.0, 0.0, 0.0], [0.0, 0.0, 0.0, 0.0], [0.0, 0.0, 3000.0, 0.0], [0.0, 0.0, 0.0, 0.0]], ""R"": [[500.0, 0.0], [0.0, 500.0]], ""P"": [[1000.0, 0.0, 0.0, 0.0], [0.0, 100000.0, 0.0, 0.0], [0.0, 0.0, 1000.0, 0.0], [0.0, 0.0, 0.0, 100000.0]]}","[1.4914710974999468, -0.005674322205469511, 0.0]",False
3,P02,10e57735-2e6f-4449-b4c9-0da2c57ab8b9,8,1,haply,mpc,seeded_random,1139142485,persist_session,10.0,1785830989.557185,8000.752632214,0,1785830989.551809,168,True,normal,fixed,-0.08,-0.08,0.0,0.08,-0.08,0.0,-0.052558023,-0.07926936000000001,0.0,0.01753444,-0.10202266,0.1486075,0.048210666,0.00615803,-0.00086281943,"[0.4607356422839187, 2.7697946603238797, 0.0, 0.0, 0.0, 0.0, 0.54966274525699, 0.3989648422311717]","[0.5048178726268071, -0.0012950963740018771, 0.0]","{""Controller Type"": ""MPC Controller"", ""weight_comfort"": 500.0, ""weight_trajectory"": 3000.0, ""weight_goal"": 1000.0, ""Q"": [[3000.0, 0.0, 0.0, 0.0], [0.0, 0.0, 0.0, 0.0], [0.0, 0.0, 3000.0, 0.0], [0.0, 0.0, 0.0, 0.0]], ""R"": [[500.0, 0.0], [0.0, 500.0]], ""P"": [[1000.0, 0.0, 0.0, 0.0], [0.0, 100000.0, 0.0, 0.0], [0.0, 0.0, 1000.0, 0.0], [0.0, 0.0, 0.0, 100000.0]]}","[1.6394494274168991, -0.0040282005953114946, 0.0]",False
3,P02,10e57735-2e6f-4449-b4c9-0da2c57ab8b9,8,1,haply,mpc,seeded_random,1139142485,persist_session,10.0,1785830989.567232,8000.76269082,0,1785830989.56204,169,True,normal,fixed,-0.08,-0.08,0.0,0.08,-0.08,0.0,-0.050548671,-0.07921181999999999,0.0,0.018244663,-0.10192046,0.14859214,0.05121159,0.006893622,-0.000863756,"[0.44833504504898836, 3.1241249265515076, 0.0, 0.0, 0.0, 0.0, 0.5496029049056527, 0.3990740827849086]","[0.6411981615863096, -0.0014406741451659926, 0.0]","{""Controller Type"": ""MPC Controller"", ""weight_comfort"": 500.0, ""weight_trajectory"": 3000.0, ""weight_goal"": 1000.0, ""Q"": [[3000.0, 0.0, 0.0, 0.0], [0.0, 0.0, 0.0, 0.0], [0.0, 0.0, 3000.0, 0.0], [0.0, 0.0, 0.0, 0.0]], ""R"": [[500.0, 0.0], [0.0, 500.0]], ""P"": [[1000.0, 0.0, 0.0, 0.0], [0.0, 100000.0, 0.0, 0.0], [0.0, 0.0, 1000.0, 0.0], [0.0, 0.0, 0.0, 100000.0]]}","[1.6394494274168991, -0.0040282005953114946, 0.0]",False
3,P02,10e57735-2e6f-4449-b4c9-0da2c57ab8b9,8,1,haply,mpc,seeded_random,1139142485,persist_session,10.0,1785830989.5769632,8000.772424724,0,1785830989.5717084,170,True,normal,fixed,-0.08,-0.08,0.0,0.08,-0.08,0.0,-0.048418001999999995,-0.07924253999999997,0.0,0.019001279,-0.1017736,0.14861858,0.054835826,0.007758189,-0.00091118115,"[0.4440591028024424, 3.1828526404799873, 0.0, 0.0, 0.0, 0.0, 0.5445885926527843, 0.405786638423164]","[0.6830773784417381, 0.001852940138626524, 0.0]","{""Controller Type"": ""MPC Controller"", ""weight_comfort"": 500.0, ""weight_trajectory"": 3000.0, ""weight_goal"": 1000.0, ""Q"": [[3000.0, 0.0, 0.0, 0.0], [0.0, 0.0, 0.0, 0.0], [0.0, 0.0, 3000.0, 0.0], [0.0, 0.0, 0.0, 0.0]], ""R"": [[500.0, 0.0], [0.0, 500.0]], ""P"": [[1000.0, 0.0, 0.0, 0.0], [0.0, 100000.0, 0.0, 0.0], [0.0, 0.0, 1000.0, 0.0], [0.0, 0.0, 0.0, 100000.0]]}","[1.8147362198810861, -0.0608870822485959, 0.0]",False
3,P02,10e57735-2e6f-4449-b4c9-0da2c57ab8b9,8,1,haply,mpc,seeded_random,1139142485,persist_session,10.0,1785830989.5877368,8000.783195249,0,1785830989.5819712,171,True,normal,fixed,-0.08,-0.08,0.0,0.08,-0.08,0.0,-0.046148154,-0.07918966,0.0,0.019756667,-0.10162148,0.14864464,0.058909163,0.008808427,-0.0009159791,"[0.3959647711150118, 3.5374760153632123, 0.0, 0.0, 0.0, 0.0, 0.5427113925486712, 0.4090567337215918]","[0.830422594149267, -0.0017108098989166325, 0.0]","{""Controller Type"": ""MPC Controller"", ""weight_comfort"": 500.0, ""weight_trajectory"": 3000.0, ""weight_goal"": 1000.0, ""Q"": [[3000.0, 0.0, 0.0, 0.0], [0.0, 0.0, 0.0, 0.0], [0.0, 0.0, 3000.0, 0.0], [0.0, 0.0, 0.0, 0.0]], ""R"": [[500.0, 0.0], [0.0, 500.0]], ""P"": [[1000.0, 0.0, 0.0, 0.0], [0.0, 100000.0, 0.0, 0.0], [0.0, 0.0, 1000.0, 0.0], [0.0, 0.0, 0.0, 100000.0]]}","[1.8115866681466337, -0.0019803891721097, 0.0]",False
3,P02,10e57735-2e6f-4449-b4c9-0da2c57ab8b9,8,1,haply,mpc,seeded_random,1139142485,persist_session,10.0,1785830989.596898,8000.792356277,0,1785830989.5918193,172,True,normal,fixed,-0.08,-0.08,0.0,0.08,-0.08,0.0,-0.04388199,-0.07913754,0.0,0.020552231,-0.101509206,0.1486834,0.062401477,0.009819061,-0.00088835135,"[0.41784748177885733, 3.3865007219213674, 0.0, 0.0, 0.0, 0.0, 0.5379774842021182, 0.4153443448523526]","[0.8017164194435539, 0.0017041694859087674, 0.0]","{""Controller Type"": ""MPC Controller"", ""weight_comfort"": 500.0, ""weight_trajectory"": 3000.0, ""weight_goal"": 1000.0, ""Q"": [[3000.0, 0.0, 0.0, 0.0], [0.0, 0.0, 0.0, 0.0], [0.0, 0.0, 3000.0, 0.0], [0.0, 0.0, 0.0, 0.0]], ""R"": [[500.0, 0.0], [0.0, 500.0]], ""P"": [[1000.0, 0.0, 0.0, 0.0], [0.0, 100000.0, 0.0, 0.0], [0.0, 0.0, 1000.0, 0.0], [0.0, 0.0, 0.0, 100000.0]]}","[1.8969792799675318, -0.07170488842477228, 0.0]",False
3,P02,10e57735-2e6f-4449-b4c9-0da2c57ab8b9,8,1,haply,mpc,seeded_random,1139142485,persist_session,10.0,1785830989.6070166,8000.802477351,0,1785830989.6018994,173,True,normal,fixed,-0.08,-0.08,0.0,0.08,-0.08,0.0,-0.041495298,-0.07906002000000001,0.0,0.020552231,-0.101509206,0.1486834,0.062401477,0.009819061,-0.00088835135,"[0.4152093979581075, 3.402074889388883, 0.0, 0.0, 0.0, 0.0, 0.5379021774105424, 0.41544411205256454]","[0.8342931197121172, 0.001734769764212921, 0.0]","{""Controller Type"": ""MPC Controller"", ""weight_comfort"": 500.0, ""weight_trajectory"": 3000.0, ""weight_goal"": 1000.0, ""Q"": [[3000.0, 0.0, 0.0, 0.0], [0.0, 0.0, 0.0, 0.0], [0.0, 0.0, 3000.0, 0.0], [0.0, 0.0, 0.0, 0.0]], ""R"": [[500.0, 0.0], [0.0, 500.0]], ""P"": [[1000.0, 0.0, 0.0, 0.0], [0.0, 100000.0, 0.0, 0.0], [0.0, 0.0, 1000.0, 0.0], [0.0, 0.0, 0.0, 100000.0]]}","[1.8512646627460916, -0.07872205212249185, 0.0]",False
3,P02,10e57735-2e6f-4449-b4c9-0da2c57ab8b9,8,1,haply,mpc,seeded_random,1139142485,persist_session,10.0,1785830989.6173642,8000.812821581,0,1785830989.6118019,174,True,normal,fixed,-0.08,-0.08,0.0,0.08,-0.08,0.0,-0.039362000999999994,-0.07892112000000001,0.0,0.022147143,-0.10112893,0.14877494,0.06852588,0.012583714,0.00026764558,"[0.422719223644562, 3.362296745472411, 0.0, 0.0, 0.0, 0.0, 0.5359243039659191, 0.4181143639171658]","[0.8474583827584683, 0.002711708819119347, 0.0]","{""Controller Type"": ""MPC Controller"", ""weight_comfort"": 500.0, ""weight_trajectory"": 3000.0, ""weight_goal"": 1000.0, ""Q"": [[3000.0, 0.0, 0.0, 0.0], [0.0, 0.0, 0.0, 0.0], [0.0, 0.0, 3000.0, 0.0], [0.0, 0.0, 0.0, 0.0]], ""R"": [[500.0, 0.0], [0.0, 500.0]], ""P"": [[1000.0, 0.0, 0.0, 0.0], [0.0, 100000.0, 0.0, 0.0], [0.0, 0.0, 1000.0, 0.0], [0.0, 0.0, 0.0, 100000.0]]}","[1.7772500805185119, -0.10557850086247964, 0.0]",False
3,P02,10e57735-2e6f-4449-b4c9-0da2c57ab8b9,8,1,haply,mpc,seeded_random,1139142485,persist_session,10.0,1785830989.6276796,8000.823125771,0,1785830989.6219227,175,True,normal,fixed,-0.08,-0.08,0.0,0.08,-0.08,0.0,-0.036710561999999995,-0.07887694,0.0,0.02293797,-0.10103262,0.14876984,0.07096029,0.0139235305,0.0009021349,"[0.5022075825400343, 2.851135920101487, 0.0, 0.0, 0.0, 0.0, 0.5266784081967509, 0.4308829899676861]","[0.6741665337440087, 0.005475683759765148, 0.0]","{""Controller Type"": ""MPC Controller"", ""weight_comfort"": 500.0, ""weight_trajectory"": 3000.0, ""weight_goal"": 1000.0, ""Q"": [[3000.0, 0.0, 0.0, 0.0], [0.0, 0.0, 0.0, 0.0], [0.0, 0.0, 3000.0, 0.0], [0.0, 0.0, 0.0, 0.0]], ""R"": [[500.0, 0.0], [0.0, 500.0]], ""P"": [[1000.0, 0.0, 0.0, 0.0], [0.0, 100000.0, 0.0, 0.0], [0.0, 0.0, 1000.0, 0.0], [0.0, 0.0, 0.0, 100000.0]]}","[1.9303280142333392, -0.16994470791157223, 0.0]",False
3,P02,10e57735-2e6f-4449-b4c9-0da2c57ab8b9,8,1,haply,mpc,seeded_random,1139142485,persist_session,10.0,1785830989.6374872,8000.832949658,0,1785830989.631838,176,True,normal,fixed,-0.08,-0.08,0.0,0.08,-0.08,0.0,-0.034338081000000006,-0.07888714000000002,0.0,0.02377501,-0.10083593,0.14879234,0.07297835,0.014971139,0.0013104181,"[0.30244328242843155, 3.673632954580758, 0.0, 0.0, 0.0, 0.0, 0.5319398018824604, 0.4241800411990444]","[0.9977071850877482, 0.0012542464969996596, 0.0]","{""Controller Type"": ""MPC Controller"", ""weight_comfort"": 500.0, ""weight_trajectory"": 3000.0, ""weight_goal"": 1000.0, ""Q"": [[3000.0, 0.0, 0.0, 0.0], [0.0, 0.0, 0.0, 0.0], [0.0, 0.0, 3000.0, 0.0], [0.0, 0.0, 0.0, 0.0]], ""R"": [[500.0, 0.0], [0.0, 500.0]], ""P"": [[1000.0, 0.0, 0.0, 0.0], [0.0, 100000.0, 0.0, 0.0], [0.0, 0.0, 1000.0, 0.0], [0.0, 0.0, 0.0, 100000.0]]}","[1.4439884288799654, -0.08604719058814925, 0.0]",False
3,P02,10e57735-2e6f-4449-b4c9-0da2c57ab8b9,8,1,haply,mpc,seeded_random,1139142485,persist_session,10.0,1785830989.6479917,8000.84343114,0,1785830989.6418562,177,True,normal,fixed,-0.08,-0.08,0.0,0.08,-0.08,0.0,-0.031826961,-0.07884214,0.0,0.024477525,-0.100693494,0.14877489,0.074400574,0.015816702,0.0015518031,"[0.4317653488325587, 3.0771521244701248, 0.0, 0.0, 0.0, 0.0, 0.5321529752774059, 0.4243703717143316]","[0.7856481973167931, -0.0010287648798414095, 0.0]","{""Controller Type"": ""MPC Controller"", ""weight_comfort"": 500.0, ""weight_trajectory"": 3000.0, ""weight_goal"": 1000.0, ""Q"": [[3000.0, 0.0, 0.0, 0.0], [0.0, 0.0, 0.0, 0.0], [0.0, 0.0, 3000.0, 0.0], [0.0, 0.0, 0.0, 0.0]], ""R"": [[500.0, 0.0], [0.0, 500.0]], ""P"": [[1000.0, 0.0, 0.0, 0.0], [0.0, 100000.0, 0.0, 0.0], [0.0, 0.0, 1000.0, 0.0], [0.0, 0.0, 0.0, 100000.0]]}","[1.5818803631003413, -0.03683051020460737, 0.0]",False
3,P02,10e57735-2e6f-4449-b4c9-0da2c57ab8b9,8,1,haply,mpc,seeded_random,1139142485,persist_session,10.0,1785830989.657431,8000.852881818,0,1785830989.6518354,178,True,normal,fixed,-0.08,-0.08,0.0,0.08,-0.08,0.0,-0.029719416,-0.07887704000000001,0.0,0.025311043,-0.100537606,0.14881065,0.07553907,0.01664456,0.0017571157,"[0.41703077770766717, 3.1376828182112946, 0.0, 0.0, 0.0, 0.0, 0.5290316029354328, 0.42834620473048984]","[0.8331207455417993, 0.0013115288396737417, 0.0]","{""Controller Type"": ""MPC Controller"", ""weight_comfort"": 500.0, ""weight_trajectory"": 3000.0, ""weight_goal"": 1000.0, ""Q"": [[3000.0, 0.0, 0.0, 0.0], [0.0, 0.0, 0.0, 0.0], [0.0, 0.0, 3000.0, 0.0], [0.0, 0.0, 0.0, 0.0]], ""R"": [[500.0, 0.0], [0.0, 500.0]], ""P"": [[1000.0, 0.0, 0.0, 0.0], [0.0, 100000.0, 0.0, 0.0], [0.0, 0.0, 1000.0, 0.0], [0.0, 0.0, 0.0, 100000.0]]}","[1.3999147543439718, -0.08947240663521921, 0.0]",False
3,P02,10e57735-2e6f-4449-b4c9-0da2c57ab8b9,8,1,haply,mpc,seeded_random,1139142485,persist_session,10.0,1785830989.6670947,8000.862549207,0,1785830989.6618955,179,True,normal,fixed,-0.08,-0.08,0.0,0.08,-0.08,0.0,-0.027218862000000003,-0.07880552000000002,0.0,0.026099764,-0.100437514,0.1488613,0.07615722,0.017029924,0.001745611,"[0.5396461679881491, 2.4452517778550735, 0.0, 0.0, 0.0, 0.0, 0.5274866956007446, 0.4313138138901418]","[0.5756291495131998, -0.0021007619268753933, 0.0]","{""Controller Type"": ""MPC Controller"", ""weight_comfort"": 500.0, ""weight_trajectory"": 3000.0, ""weight_goal"": 1000.0, ""Q"": [[3000.0, 0.0, 0.0, 0.0], [0.0, 0.0, 0.0, 0.0], [0.0, 0.0, 3000.0, 0.0], [0.0, 0.0, 0.0, 0.0]], ""R"": [[500.0, 0.0], [0.0, 500.0]], ""P"": [[1000.0, 0.0, 0.0, 0.0], [0.0, 100000.0, 0.0, 0.0], [0.0, 0.0, 1000.0, 0.0], [0.0, 0.0, 0.0, 100000.0]]}","[1.6950172438897184, -0.014762059610024497, 0.0]",False
3,P02,10e57735-2e6f-4449-b4c9-0da2c57ab8b9,8,1,haply,mpc,seeded_random,1139142485,persist_session,10.0,1785830989.6771352,8000.872587034,0,1785830989.6718185,180,True,normal,fixed,-0.08,-0.08,0.0,0.08,-0.08,0.0,-0.024852698999999995,-0.07870421999999999,0.0,0.026799979,-0.1003326,0.1488571,0.07651994,0.017045802,0.001883224,"[0.39857493664769494, 2.9916835982551757, 0.0, 0.0, 0.0, 0.0, 0.5188427329431156, 0.4427394875502638]","[0.7863543225505278, 0.002527817513412126, 0.0]","{""Controller Type"": ""MPC Controller"", ""weight_comfort"": 500.0, ""weight_trajectory"": 3000.0, ""weight_goal"": 1000.0, ""Q"": [[3000.0, 0.0, 0.0, 0.0], [0.0, 0.0, 0.0, 0.0], [0.0, 0.0, 3000.0, 0.0], [0.0, 0.0, 0.0, 0.0]], ""R"": [[500.0, 0.0], [0.0, 500.0]], ""P"": [[1000.0, 0.0, 0.0, 0.0], [0.0, 100000.0, 0.0, 0.0], [0.0, 0.0, 1000.0, 0.0], [0.0, 0.0, 0.0, 100000.0]]}","[1.2720004124317796, -0.11548772671887103, 0.0]",False
3,P02,10e57735-2e6f-4449-b4c9-0da2c57ab8b9,8,1,haply,mpc,seeded_random,1139142485,persist_session,10.0,1785830989.6870444,8000.882506486,0,1785830989.6817448,181,True,normal,fixed,-0.08,-0.08,0.0,0.08,-0.08,0.0,-0.022752053999999994,-0.07871262000000001,0.0,0.027544525,-0.10023198,0.14890847,0.07660123,0.0169225,0.0020251758,"[0.47195866629419714, 2.6988661962665077, 0.0, 0.0, 0.0, 0.0, 0.5153589169864501, 0.44743227047151496]","[0.6930384320570184, 0.00389987672872517, 0.0]","{""Controller Type"": ""MPC Controller"", ""weight_comfort"": 500.0, ""weight_trajectory"": 3000.0, ""weight_goal"": 1000.0, ""Q"": [[3000.0, 0.0, 0.0, 0.0], [0.0, 0.0, 0.0, 0.0], [0.0, 0.0, 3000.0, 0.0], [0.0, 0.0, 0.0, 0.0]], ""R"": [[500.0, 0.0], [0.0, 500.0]], ""P"": [[1000.0, 0.0, 0.0, 0.0], [0.0, 100000.0, 0.0, 0.0], [0.0, 0.0, 1000.0, 0.0], [0.0, 0.0, 0.0, 100000.0]]}","[1.286519863785992, -0.1482758056529133, 0.0]",False
3,P02,10e57735-2e6f-4449-b4c9-0da2c57ab8b9,8,1,haply,mpc,seeded_random,1139142485,persist_session,10.0,1785830989.696865,8000.892325284,0,1785830989.691815,182,True,normal,fixed,-0.08,-0.08,0.0,0.08,-0.08,0.0,-0.020518415999999998,-0.07860988000000002,0.0,0.028245147,-0.100170314,0.14891794,0.07632622,0.016143806,0.0022612175,"[0.5663101162683827, 2.240697573639385, 0.0, 0.0, 0.0, 0.0, 0.516230558516101, 0.4473611998827859]","[0.532374378706447, -0.001043157661686113, 0.0]","{""Controller Type"": ""MPC Controller"", ""weight_comfort"": 500.0, ""weight_trajectory"": 3000.0, ""weight_goal"": 1000.0, ""Q"": [[3000.0, 0.0, 0.0, 0.0], [0.0, 0.0, 0.0, 0.0], [0.0, 0.0, 3000.0, 0.0], [0.0, 0.0, 0.0, 0.0]], ""R"": [[500.0, 0.0], [0.0, 500.0]], ""P"": [[1000.0, 0.0, 0.0, 0.0], [0.0, 100000.0, 0.0, 0.0], [0.0, 0.0, 1000.0, 0.0], [0.0, 0.0, 0.0, 100000.0]]}","[1.295849921902526, -0.15216878229248124, 0.0]",False
3,P02,10e57735-2e6f-4449-b4c9-0da2c57ab8b9,8,1,haply,mpc,seeded_random,1139142485,persist_session,10.0,1785830989.7069361,8000.902393122,0,1785830989.701861,183,True,normal,fixed,-0.08,-0.08,0.0,0.08,-0.08,0.0,-0.018416549999999993,-0.07859094,0.0,0.028991062,-0.10014601,0.1489403,0.075862944,0.015007456,0.0026075921,"[0.5505708296611205, 2.3066466374101826, 0.0, 0.0, 0.0, 0.0, 0.5037398696803087, 0.464112478197952]","[0.5669780413577177, 0.004034846498570432, 0.0]","{""Controller Type"": ""MPC Controller"", ""weight_comfort"": 500.0, ""weight_trajectory"": 3000.0, ""weight_goal"": 1000.0, ""Q"": [[3000.0, 0.0, 0.0, 0.0], [0.0, 0.0, 0.0, 0.0], [0.0, 0.0, 3000.0, 0.0], [0.0, 0.0, 0.0, 0.0]], ""R"": [[500.0, 0.0], [0.0, 500.0]], ""P"": [[1000.0, 0.0, 0.0, 0.0], [0.0, 100000.0, 0.0, 0.0], [0.0, 0.0, 1000.0, 0.0], [0.0, 0.0, 0.0, 100000.0]]}","[1.3419522447051628, -0.07635408488062372, 0.0]",False
3,P02,10e57735-2e6f-4449-b4c9-0da2c57ab8b9,8,1,haply,mpc,seeded_random,1139142485,persist_session,10.0,1785830989.7171175,8000.912572898,0,1785830989.7118335,184,True,normal,fixed,-0.08,-0.08,0.0,0.08,-0.08,0.0,-0.016178804999999994,-0.07854622,0.0,0.029692534,-0.10007511,0.14894947,0.07529607,0.014113865,0.0028056568,"[0.6023555984696668, 2.0722727401190078, 0.0, 0.0, 0.0, 0.0, 0.5066688326094421, 0.4608569434144506]","[0.49285107496191716, 0.0001549390267463522, 0.0]","{""Controller Type"": ""MPC Controller"", ""weight_comfort"": 500.0, ""weight_trajectory"": 3000.0, ""weight_goal"": 1000.0, ""Q"": [[3000.0, 0.0, 0.0, 0.0], [0.0, 0.0, 0.0, 0.0], [0.0, 0.0, 3000.0, 0.0], [0.0, 0.0, 0.0, 0.0]], ""R"": [[500.0, 0.0], [0.0, 500.0]], ""P"": [[1000.0, 0.0, 0.0, 0.0], [0.0, 100000.0, 0.0, 0.0], [0.0, 0.0, 1000.0, 0.0], [0.0, 0.0, 0.0, 100000.0]]}","[1.3419522447051628, -0.07635408488062372, 0.0]",False
3,P02,10e57735-2e6f-4449-b4c9-0da2c57ab8b9,8,1,haply,mpc,seeded_random,1139142485,persist_session,10.0,1785830989.727133,8000.922583634,0,1785830989.7218704,185,True,normal,fixed,-0.08,-0.08,0.0,0.08,-0.08,0.0,-0.014074389,-0.07852788,0.0,0.030393701,-0.099966034,0.14900139,0.0747571,0.013401234,0.0028793225,"[0.5651236267526873, 2.2132265620799614, 0.0, 0.0, 0.0, 0.0, 0.5050940457854486, 0.46281472215621505]","[0.5509787114258828, 0.0013411041543116378, 0.0]","{""Controller Type"": ""MPC Controller"", ""weight_comfort"": 500.0, ""weight_trajectory"": 3000.0, ""weight_goal"": 1000.0, ""Q"": [[3000.0, 0.0, 0.0, 0.0], [0.0, 0.0, 0.0, 0.0], [0.0, 0.0, 3000.0, 0.0], [0.0, 0.0, 0.0, 0.0]], ""R"": [[500.0, 0.0], [0.0, 500.0]], ""P"": [[1000.0, 0.0, 0.0, 0.0], [0.0, 100000.0, 0.0, 0.0], [0.0, 0.0, 1000.0, 0.0], [0.0, 0.0, 0.0, 100000.0]]}","[1.127932171705641, -0.10216480262837323, 0.0]",False
3,P02,10e57735-2e6f-4449-b4c9-0da2c57ab8b9,8,1,haply,mpc,seeded_random,1139142485,persist_session,10.0,1785830989.736997,8000.932440287,0,1785830989.7318902,186,True,normal,fixed,-0.08,-0.08,0.0,0.08,-0.08,0.0,-0.011970888000000002,-0.07842403999999997,0.0,0.031095391,-0.09988613,0.14901027,0.07422393,0.012710782,0.0028090344,"[0.6263616725373131, 1.9613810396907303, 0.0, 0.0, 0.0, 0.0, 0.5060385964031199, 0.4617767586387719]","[0.4701614272438496, 9.883165823215874e-05, 0.0]","{""Controller Type"": ""MPC Controller"", ""weight_comfort"": 500.0, ""weight_trajectory"": 3000.0, ""weight_goal"": 1000.0, ""Q"": [[3000.0, 0.0, 0.0, 0.0], [0.0, 0.0, 0.0, 0.0], [0.0, 0.0, 3000.0, 0.0], [0.0, 0.0, 0.0, 0.0]], ""R"": [[500.0, 0.0], [0.0, 500.0]], ""P"": [[1000.0, 0.0, 0.0, 0.0], [0.0, 100000.0, 0.0, 0.0], [0.0, 0.0, 1000.0, 0.0], [0.0, 0.0, 0.0, 100000.0]]}","[1.1213017923803066, -0.1614317667854997, 0.0]",False
3,P02,10e57735-2e6f-4449-b4c9-0da2c57ab8b9,8,1,haply,mpc,seeded_random,1139142485,persist_session,10.0,1785830989.7469628,8000.942413077,0,1785830989.7418811,187,True,normal,fixed,-0.08,-0.08,0.0,0.08,-0.08,0.0,-0.009865817999999998,-0.07840628,0.0,0.03183796,-0.09973704,0.14900339,0.073677056,0.012178753,0.0027858354,"[0.6404851172857858, 1.9059060763591407, 0.0, 0.0, 0.0, 0.0, 0.4959892291663499, 0.47515584724081794]","[0.4590221208199721, 0.004142619300628363, 0.0]","{""Controller Type"": ""MPC Controller"", ""weight_comfort"": 500.0, ""weight_trajectory"": 3000.0, ""weight_goal"": 1000.0, ""Q"": [[3000.0, 0.0, 0.0, 0.0], [0.0, 0.0, 0.0, 0.0], [0.0, 0.0, 3000.0, 0.0], [0.0, 0.0, 0.0, 0.0]], ""R"": [[500.0, 0.0], [0.0, 500.0]], ""P"": [[1000.0, 0.0, 0.0, 0.0], [0.0, 100000.0, 0.0, 0.0], [0.0, 0.0, 1000.0, 0.0], [0.0, 0.0, 0.0, 100000.0]]}","[1.0443484890245833, -0.08309254167538821, 0.0]",False
3,P02,10e57735-2e6f-4449-b4c9-0da2c57ab8b9,8,1,haply,mpc,seeded_random,1139142485,persist_session,10.0,1785830989.7569144,8000.952374051,0,1785830989.7519438,188,True,normal,fixed,-0.08,-0.08,0.0,0.08,-0.08,0.0,-0.007638111000000003,-0.07842003999999997,0.0,0.032539554,-0.09964783,0.14901192,0.073205516,0.012131444,0.0027062902,"[0.6531815922767232, 1.8583818280995215, 0.0, 0.0, 0.0, 0.0, 0.49914897200042324, 0.47174027362081783]","[0.45025620241707914, 4.306756369940523e-05, 0.0]","{""Controller Type"": ""MPC Controller"", ""weight_comfort"": 500.0, ""weight_trajectory"": 3000.0, ""weight_goal"": 1000.0, ""Q"": [[3000.0, 0.0, 0.0, 0.0], [0.0, 0.0, 0.0, 0.0], [0.0, 0.0, 3000.0, 0.0], [0.0, 0.0, 0.0, 0.0]], ""R"": [[500.0, 0.0], [0.0, 500.0]], ""P"": [[1000.0, 0.0, 0.0, 0.0], [0.0, 100000.0, 0.0, 0.0], [0.0, 0.0, 1000.0, 0.0], [0.0, 0.0, 0.0, 100000.0]]}","[0.8719374670223999, -0.05354823486619239, 0.0]",False
3,P02,10e57735-2e6f-4449-b4c9-0da2c57ab8b9,8,1,haply,mpc,seeded_random,1139142485,persist_session,10.0,1785830989.767153,8000.962602258,0,1785830989.7618864,189,True,normal,fixed,-0.08,-0.08,0.0,0.08,-0.08,0.0,-0.0055333290000000035,-0.07840298000000001,0.0,0.03319436,-0.09951398,0.14900716,0.07270841,0.012113824,0.002467361,"[0.629953211497389, 1.935796607684035, 0.0, 0.0, 0.0, 0.0, 0.4993522455473934, 0.4718569370003]","[0.48375988750283183, -0.0014341864793575307, 0.0]","{""Controller Type"": ""MPC Controller"", ""weight_comfort"": 500.0, ""weight_trajectory"": 3000.0, ""weight_goal"": 1000.0, ""Q"": [[3000.0, 0.0, 0.0, 0.0], [0.0, 0.0, 0.0, 0.0], [0.0, 0.0, 3000.0, 0.0], [0.0, 0.0, 0.0, 0.0]], ""R"": [[500.0, 0.0], [0.0, 500.0]], ""P"": [[1000.0, 0.0, 0.0, 0.0], [0.0, 100000.0, 0.0, 0.0], [0.0, 0.0, 1000.0, 0.0], [0.0, 0.0, 0.0, 100000.0]]}","[0.8912574228655286, -0.08266191396555367, 0.0]",False
3,P02,10e57735-2e6f-4449-b4c9-0da2c57ab8b9,8,1,haply,mpc,seeded_random,1139142485,persist_session,10.0,1785830989.7769907,8000.972447729,0,1785830989.771897,190,True,normal,fixed,-0.08,-0.08,0.0,0.08,-0.08,0.0,-0.003568911000000001,-0.0784125,0.0,0.033852465,-0.09942881,0.1490166,0.07203736,0.011823441,0.0019143424,"[0.6807422461981217, 1.761391638818473, 0.0, 0.0, 0.0, 0.0, 0.4982269424544656, 0.4730663341312386]","[0.43110355948428725, 1.603757734776692e-05, 0.0]","{""Controller Type"": ""MPC Controller"", ""weight_comfort"": 500.0, ""weight_trajectory"": 3000.0, ""weight_goal"": 1000.0, ""Q"": [[3000.0, 0.0, 0.0, 0.0], [0.0, 0.0, 0.0, 0.0], [0.0, 0.0, 3000.0, 0.0], [0.0, 0.0, 0.0, 0.0]], ""R"": [[500.0, 0.0], [0.0, 500.0]], ""P"": [[1000.0, 0.0, 0.0, 0.0], [0.0, 100000.0, 0.0, 0.0], [0.0, 0.0, 1000.0, 0.0], [0.0, 0.0, 0.0, 100000.0]]}","[0.8912574228655286, -0.08266191396555367, 0.0]",False
3,P02,10e57735-2e6f-4449-b4c9-0da2c57ab8b9,8,1,haply,mpc,seeded_random,1139142485,persist_session,10.0,1785830989.7870307,8000.982495826,0,1785830989.7817245,191,True,normal,fixed,-0.08,-0.08,0.0,0.08,-0.08,0.0,-0.0015945960000000037,-0.07839362,0.0,0.034463257,-0.099300176,0.1490128,0.07111226,0.011525416,0.0015354804,"[0.7369748882298294, 1.550345681607562, 0.0, 0.0, 0.0, 0.0, 0.4985089109522423, 0.47301136260507104]","[0.36581477557661046, -0.0012412075328439342, 0.0]","{""Controller Type"": ""MPC Controller"", ""weight_comfort"": 500.0, ""weight_trajectory"": 3000.0, ""weight_goal"": 1000.0, ""Q"": [[3000.0, 0.0, 0.0, 0.0], [0.0, 0.0, 0.0, 0.0], [0.0, 0.0, 3000.0, 0.0], [0.0, 0.0, 0.0, 0.0]], ""R"": [[500.0, 0.0], [0.0, 500.0]], ""P"": [[1000.0, 0.0, 0.0, 0.0], [0.0, 100000.0, 0.0, 0.0], [0.0, 0.0, 1000.0, 0.0], [0.0, 0.0, 0.0, 100000.0]]}","[0.8598585788303802, -0.0849447627934646, 0.0]",False
3,P02,10e57735-2e6f-4449-b4c9-0da2c57ab8b9,8,1,haply,mpc,seeded_random,1139142485,persist_session,10.0,1785830989.796942,8000.992404332,0,1785830989.7919362,192,True,normal,fixed,-0.08,-0.08,0.0,0.08,-0.08,0.0,0.000237779999999993,-0.07840122,0.0,0.03503471,-0.0992338,0.14902458,0.06994004,0.011352737,0.0012549092,"[0.7336616695564466, 1.5617986092536078, 0.0, 0.0, 0.0, 0.0, 0.4973856503093037, 0.47423867282120824]","[0.3736274179667405, 0.00011209991163719526, 0.0]","{""Controller Type"": ""MPC Controller"", ""weight_comfort"": 500.0, ""weight_trajectory"": 3000.0, ""weight_goal"": 1000.0, ""Q"": [[3000.0, 0.0, 0.0, 0.0], [0.0, 0.0, 0.0, 0.0], [0.0, 0.0, 3000.0, 0.0], [0.0, 0.0, 0.0, 0.0]], ""R"": [[500.0, 0.0], [0.0, 500.0]], ""P"": [[1000.0, 0.0, 0.0, 0.0], [0.0, 100000.0, 0.0, 0.0], [0.0, 0.0, 1000.0, 0.0], [0.0, 0.0, 0.0, 100000.0]]}","[0.8598585788303802, -0.0849447627934646, 0.0]",False
3,P02,10e57735-2e6f-4449-b4c9-0da2c57ab8b9,8,1,haply,mpc,seeded_random,1139142485,persist_session,10.0,1785830989.8070176,8001.002472791,0,1785830989.8016746,193,True,normal,fixed,-0.08,-0.08,0.0,0.08,-0.08,0.0,0.0019521389999999916,-0.07837766000000002,0.0,0.03564966,-0.09915105,0.14903498,0.06839605,0.011086901,0.0010774545,"[0.7896294020258655, 1.3316731203275, 0.0, 0.0, 0.0, 0.0, 0.4977178162288987, 0.474107443261406]","[0.30193638172053483, -0.0011485928619266745, 0.0]","{""Controller Type"": ""MPC Controller"", ""weight_comfort"": 500.0, ""weight_trajectory"": 3000.0, ""weight_goal"": 1000.0, ""Q"": [[3000.0, 0.0, 0.0, 0.0], [0.0, 0.0, 0.0, 0.0], [0.0, 0.0, 3000.0, 0.0], [0.0, 0.0, 0.0, 0.0]], ""R"": [[500.0, 0.0], [0.0, 500.0]], ""P"": [[1000.0, 0.0, 0.0, 0.0], [0.0, 100000.0, 0.0, 0.0], [0.0, 0.0, 1000.0, 0.0], [0.0, 0.0, 0.0, 100000.0]]}","[0.9710204875714733, -0.09020092232801386, 0.0]",False
3,P02,10e57735-2e6f-4449-b4c9-0da2c57ab8b9,8,1,haply,mpc,seeded_random,1139142485,persist_session,10.0,1785830989.816971,8001.012422262,0,1785830989.812016,194,True,normal,fixed,-0.08,-0.08,0.0,0.08,-0.08,0.0,0.0037969890000000006,-0.07835685999999997,0.0,0.036264725,-0.099064775,0.14904526,0.06693615,0.010836515,0.00097188656,"[0.8040496179935939, 1.2727341384660944, 0.0, 0.0, 0.0, 0.0, 0.49630575076864386, 0.47570254152263897]","[0.28680687472979144, 0.00034567970770371746, 0.0]","{""Controller Type"": ""MPC Controller"", ""weight_comfort"": 500.0, ""weight_trajectory"": 3000.0, ""weight_goal"": 1000.0, ""Q"": [[3000.0, 0.0, 0.0, 0.0], [0.0, 0.0, 0.0, 0.0], [0.0, 0.0, 3000.0, 0.0], [0.0, 0.0, 0.0, 0.0]], ""R"": [[500.0, 0.0], [0.0, 500.0]], ""P"": [[1000.0, 0.0, 0.0, 0.0], [0.0, 100000.0, 0.0, 0.0], [0.0, 0.0, 1000.0, 0.0], [0.0, 0.0, 0.0, 100000.0]]}","[0.9710204875714733, -0.09020092232801386, 0.0]",False
3,P02,10e57735-2e6f-4449-b4c9-0da2c57ab8b9,8,1,haply,mpc,seeded_random,1139142485,persist_session,10.0,1785830989.8270311,8001.022486719,0,1785830989.8217804,195,True,normal,fixed,-0.08,-0.08,0.0,0.08,-0.08,0.0,0.0056421839999999945,-0.07833629999999997,0.0,0.036923103,-0.09896096,0.14905408,0.065861374,0.010730099,0.00089886104,"[0.8055399101638563, 1.2671112941991707, 0.0, 0.0, 0.0, 0.0, 0.49646366895473526, 0.47552937988435046]","[0.28743026108149244, 0.00014068812048183906, 0.0]","{""Controller Type"": ""MPC Controller"", ""weight_comfort"": 500.0, ""weight_trajectory"": 3000.0, ""weight_goal"": 1000.0, ""Q"": [[3000.0, 0.0, 0.0, 0.0], [0.0, 0.0, 0.0, 0.0], [0.0, 0.0, 3000.0, 0.0], [0.0, 0.0, 0.0, 0.0]], ""R"": [[500.0, 0.0], [0.0, 500.0]], ""P"": [[1000.0, 0.0, 0.0, 0.0], [0.0, 100000.0, 0.0, 0.0], [0.0, 0.0, 1000.0, 0.0], [0.0, 0.0, 0.0, 100000.0]]}","[0.7293475283130086, -0.08904321059482047, 0.0]",False
3,P02,10e57735-2e6f-4449-b4c9-0da2c57ab8b9,8,1,haply,mpc,seeded_random,1139142485,persist_session,10.0,1785830989.8372679,8001.032715689,0,1785830989.8318486,196,True,normal,fixed,-0.08,-0.08,0.0,0.08,-0.08,0.0,0.007617317999999998,-0.07831865999999998,0.0,0.037538353,-0.09886741,0.14906412,0.06515146,0.010726206,0.00085543876,"[0.7816404801968898, 1.3451696560668418, 0.0, 0.0, 0.0, 0.0, 0.49642471573284913, 0.4755723112297144]","[0.3123191821756108, 0.0001754637494544867, 0.0]","{""Controller Type"": ""MPC Controller"", ""weight_comfort"": 500.0, ""weight_trajectory"": 3000.0, ""weight_goal"": 1000.0, ""Q"": [[3000.0, 0.0, 0.0, 0.0], [0.0, 0.0, 0.0, 0.0], [0.0, 0.0, 3000.0, 0.0], [0.0, 0.0, 0.0, 0.0]], ""R"": [[500.0, 0.0], [0.0, 500.0]], ""P"": [[1000.0, 0.0, 0.0, 0.0], [0.0, 100000.0, 0.0, 0.0], [0.0, 0.0, 1000.0, 0.0], [0.0, 0.0, 0.0, 100000.0]]}","[0.7293475283130086, -0.08904321059482047, 0.0]",False
3,P02,10e57735-2e6f-4449-b4c9-0da2c57ab8b9,8,1,haply,mpc,seeded_random,1139142485,persist_session,10.0,1785830989.846976,8001.042431923,0,1785830989.841648,197,True,normal,fixed,-0.08,-0.08,0.0,0.08,-0.08,0.0,0.009463068000000012,-0.07829858,0.0,0.03811645,-0.09883752,0.14909011,0.064484425,0.010731942,0.0008365751,"[0.7678894263177591, 1.3862054327261935, 0.0, 0.0, 0.0, 0.0, 0.4965579558236158, 0.47542979093697757]","[0.3275220061803477, -1.9037015461067282e-06, 0.0]","{""Controller Type"": ""MPC Controller"", ""weight_comfort"": 500.0, ""weight_trajectory"": 3000.0, ""weight_goal"": 1000.0, ""Q"": [[3000.0, 0.0, 0.0, 0.0], [0.0, 0.0, 0.0, 0.0], [0.0, 0.0, 3000.0, 0.0], [0.0, 0.0, 0.0, 0.0]], ""R"": [[500.0, 0.0], [0.0, 500.0]], ""P"": [[1000.0, 0.0, 0.0, 0.0], [0.0, 100000.0, 0.0, 0.0], [0.0, 0.0, 1000.0, 0.0], [0.0, 0.0, 0.0, 100000.0]]}","[0.6081339524943973, -0.09010179032835065, 0.0]",False
3,P02,10e57735-2e6f-4449-b4c9-0da2c57ab8b9,8,1,haply,mpc,seeded_random,1139142485,persist_session,10.0,1785830989.8570285,8001.05244255,0,1785830989.8518004,198,True,normal,fixed,-0.08,-0.08,0.0,0.08,-0.08,0.0,0.011197359000000011,-0.0782466,0.0,0.038695246,-0.09880453,0.14911613,0.06373183,0.010510721,0.0008911897,"[0.8036477904806849, 1.2773750954967185, 0.0, 0.0, 0.0, 0.0, 0.49643390213212363, 0.47556548114296]","[0.29728277678973075, 0.00012983305897112517, 0.0]","{""Controller Type"": ""MPC Controller"", ""weight_comfort"": 500.0, ""weight_trajectory"": 3000.0, ""weight_goal"": 1000.0, ""Q"": [[3000.0, 0.0, 0.0, 0.0], [0.0, 0.0, 0.0, 0.0], [0.0, 0.0, 3000.0, 0.0], [0.0, 0.0, 0.0, 0.0]], ""R"": [[500.0, 0.0], [0.0, 500.0]], ""P"": [[1000.0, 0.0, 0.0, 0.0], [0.0, 100000.0, 0.0, 0.0], [0.0, 0.0, 1000.0, 0.0], [0.0, 0.0, 0.0, 100000.0]]}","[0.6081339524943973, -0.09010179032835065, 0.0]",False
3,P02,10e57735-2e6f-4449-b4c9-0da2c57ab8b9,8,1,haply,mpc,seeded_random,1139142485,persist_session,10.0,1785830989.8669798,8001.062437854,0,1785830989.8616698,199,True,normal,fixed,-0.08,-0.08,0.0,0.08,-0.08,0.0,0.01293374700000001,-0.07819455999999997,0.0,0.03926826,-0.098716035,0.1491274,0.062951,0.01026723,0.0009603641,"[0.8537697685123278, 1.1066514083711372, 0.0, 0.0, 0.0, 0.0, 0.49428319096645196, 0.4782225848800523]","[0.2477872526248086, 0.0015818244075586347, 0.0]","{""Controller Type"": ""MPC Controller"", ""weight_comfort"": 500.0, ""weight_trajectory"": 3000.0, ""weight_goal"": 1000.0, ""Q"": [[3000.0, 0.0, 0.0, 0.0], [0.0, 0.0, 0.0, 0.0], [0.0, 0.0, 3000.0, 0.0], [0.0, 0.0, 0.0, 0.0]], ""R"": [[500.0, 0.0], [0.0, 500.0]], ""P"": [[1000.0, 0.0, 0.0, 0.0], [0.0, 100000.0, 0.0, 0.0], [0.0, 0.0, 1000.0, 0.0], [0.0, 0.0, 0.0, 100000.0]]}","[0.607193750491472, -0.12415026489378357, 0.0]",False
3,P02,10e57735-2e6f-4449-b4c9-0da2c57ab8b9,8,1,haply,mpc,seeded_random,1139142485,persist_session,10.0,1785830989.8769925,8001.072453808,0,1785830989.8717628,200,True,normal,fixed,-0.08,-0.08,0.0,0.08,-0.08,0.0,0.014652789,-0.07817202000000001,0.0,0.03984137,-0.098624475,0.14913855,0.0622494,0.010071653,0.0010273493,"[0.8462179240574882, 1.130193091158895, 0.0, 0.0, 0.0, 0.0, 0.49418106297470354, 0.47834876186345077]","[0.2555961849561175, 0.0016300695952582254, 0.0]","{""Controller Type"": ""MPC Controller"", ""weight_comfort"": 500.0, ""weight_trajectory"": 3000.0, ""weight_goal"": 1000.0, ""Q"": [[3000.0, 0.0, 0.0, 0.0], [0.0, 0.0, 0.0, 0.0], [0.0, 0.0, 3000.0, 0.0], [0.0, 0.0, 0.0, 0.0]], ""R"": [[500.0, 0.0], [0.0, 500.0]], ""P"": [[1000.0, 0.0, 0.0, 0.0], [0.0, 100000.0, 0.0, 0.0], [0.0, 0.0, 1000.0, 0.0], [0.0, 0.0, 0.0, 100000.0]]}","[0.601829738072106, -0.09709623812489881, 0.0]",False
3,P02,10e57735-2e6f-4449-b4c9-0da2c57ab8b9,8,1,haply,mpc,seeded_random,1139142485,persist_session,10.0,1785830989.886985,8001.082424173,0,1785830989.8816853,201,True,normal,fixed,-0.08,-0.08,0.0,0.08,-0.08,0.0,0.016372119000000004,-0.07814971999999998,0.0,0.040457573,-0.09851438,0.1491482,0.061525397,0.009966057,0.0010793359,"[0.8678135706046453, 1.0622121410698975, 0.0, 0.0, 0.0, 0.0, 0.4955248134966727, 0.47687576120914466]","[0.2376258753804631, 0.00015916703580148286, 0.0]","{""Controller Type"": ""MPC Controller"", ""weight_comfort"": 500.0, ""weight_trajectory"": 3000.0, ""weight_goal"": 1000.0, ""Q"": [[3000.0, 0.0, 0.0, 0.0], [0.0, 0.0, 0.0, 0.0], [0.0, 0.0, 3000.0, 0.0], [0.0, 0.0, 0.0, 0.0]], ""R"": [[500.0, 0.0], [0.0, 500.0]], ""P"": [[1000.0, 0.0, 0.0, 0.0], [0.0, 100000.0, 0.0, 0.0], [0.0, 0.0, 1000.0, 0.0], [0.0, 0.0, 0.0, 100000.0]]}","[0.5175001460917017, -0.09816040950691389, 0.0]",False
3,P02,10e57735-2e6f-4449-b4c9-0da2c57ab8b9,8,1,haply,mpc,seeded_random,1139142485,persist_session,10.0,1785830989.896915,8001.09237649,0,1785830989.8918092,202,True,normal,fixed,-0.08,-0.08,0.0,0.08,-0.08,0.0,0.01822072799999999,-0.07813041999999998,0.0,0.041030787,-0.098416515,0.14915918,0.06102201,0.010028904,0.0010987822,"[0.8661052409258039, 1.0672609848558037, 0.0, 0.0, 0.0, 0.0, 0.4955190726674734, 0.4768820486461551]","[0.2400389537519153, 0.00015490354692084798, 0.0]","{""Controller Type"": ""MPC Controller"", ""weight_comfort"": 500.0, ""weight_trajectory"": 3000.0, ""weight_goal"": 1000.0, ""Q"": [[3000.0, 0.0, 0.0, 0.0], [0.0, 0.0, 0.0, 0.0], [0.0, 0.0, 3000.0, 0.0], [0.0, 0.0, 0.0, 0.0]], ""R"": [[500.0, 0.0], [0.0, 500.0]], ""P"": [[1000.0, 0.0, 0.0, 0.0], [0.0, 100000.0, 0.0, 0.0], [0.0, 0.0, 1000.0, 0.0], [0.0, 0.0, 0.0, 100000.0]]}","[0.37023757620456177, -0.09582705283118802, 0.0]",False
3,P02,10e57735-2e6f-4449-b4c9-0da2c57ab8b9,8,1,haply,mpc,seeded_random,1139142485,persist_session,10.0,1785830989.9071639,8001.102619959,0,1785830989.9017994,203,True,normal,fixed,-0.08,-0.08,0.0,0.08,-0.08,0.0,0.01994037,-0.07810845999999999,0.0,0.041604046,-0.09831559,0.14917009,0.060530398,0.010130667,0.0011112234,"[0.842996764203842, 1.1291082593412143, 0.0, 0.0, 0.0, 0.0, 0.49566060154737707, 0.47673117402697435]","[0.25825181865220515, -1.7852510137464014e-05, 0.0]","{""Controller Type"": ""MPC Controller"", ""weight_comfort"": 500.0, ""weight_trajectory"": 3000.0, ""weight_goal"": 1000.0, ""Q"": [[3000.0, 0.0, 0.0, 0.0], [0.0, 0.0, 0.0, 0.0], [0.0, 0.0, 3000.0, 0.0], [0.0, 0.0, 0.0, 0.0]], ""R"": [[500.0, 0.0], [0.0, 500.0]], ""P"": [[1000.0, 0.0, 0.0, 0.0], [0.0, 100000.0, 0.0, 0.0], [0.0, 0.0, 1000.0, 0.0], [0.0, 0.0, 0.0, 100000.0]]}","[0.4095043761813196, -0.09943393932762397, 0.0]",False
3,P02,10e57735-2e6f-4449-b4c9-0da2c57ab8b9,8,1,haply,mpc,seeded_random,1139142485,persist_session,10.0,1785830989.9168658,8001.112324361,0,1785830989.9120858,204,True,normal,fixed,-0.08,-0.08,0.0,0.08,-0.08,0.0,0.021660146999999998,-0.07808663999999998,0.0,0.042126574,-0.09817539,0.14916746,0.059915613,0.010193558,0.00112506,"[0.8825719108126988, 1.0194006885079243, 0.0, 0.0, 0.0, 0.0, 0.49552912653029657, 0.47687419333604364]","[0.22847906046731192, 0.0001109282371733691, 0.0]","{""Controller Type"": ""MPC Controller"", ""weight_comfort"": 500.0, ""weight_trajectory"": 3000.0, ""weight_goal"": 1000.0, ""Q"": [[3000.0, 0.0, 0.0, 0.0], [0.0, 0.0, 0.0, 0.0], [0.0, 0.0, 3000.0, 0.0], [0.0, 0.0, 0.0, 0.0]], ""R"": [[500.0, 0.0], [0.0, 500.0]], ""P"": [[1000.0, 0.0, 0.0, 0.0], [0.0, 100000.0, 0.0, 0.0], [0.0, 0.0, 1000.0, 0.0], [0.0, 0.0, 0.0, 100000.0]]}","[0.4095043761813196, -0.09943393932762397, 0.0]",False
3,P02,10e57735-2e6f-4449-b4c9-0da2c57ab8b9,8,1,haply,mpc,seeded_random,1139142485,persist_session,10.0,1785830989.926921,8001.122376793,0,1785830989.921853,205,True,normal,fixed,-0.08,-0.08,0.0,0.08,-0.08,0.0,0.023227731,-0.07809189999999999,0.0,0.042664953,-0.09813741,0.14919464,0.059230592,0.010274316,0.0011299604,"[0.9032302168133131, 0.9621276674750538, 0.0, 0.0, 0.0, 0.0, 0.4955628665699311, 0.4768377561597351]","[0.21355293764930905, 6.330748624419126e-05, 0.0]","{""Controller Type"": ""MPC Controller"", ""weight_comfort"": 500.0, ""weight_trajectory"": 3000.0, ""weight_goal"": 1000.0, ""Q"": [[3000.0, 0.0, 0.0, 0.0], [0.0, 0.0, 0.0, 0.0], [0.0, 0.0, 3000.0, 0.0], [0.0, 0.0, 0.0, 0.0]], ""R"": [[500.0, 0.0], [0.0, 500.0]], ""P"": [[1000.0, 0.0, 0.0, 0.0], [0.0, 100000.0, 0.0, 0.0], [0.0, 0.0, 1000.0, 0.0], [0.0, 0.0, 0.0, 100000.0]]}","[0.3978998266532492, -0.09963920080763279, 0.0]",False
3,P02,10e57735-2e6f-4449-b4c9-0da2c57ab8b9,8,1,haply,mpc,seeded_random,1139142485,persist_session,10.0,1785830989.9368644,8001.13232928,0,1785830989.9320505,206,True,normal,fixed,-0.08,-0.08,0.0,0.08,-0.08,0.0,0.024842867999999997,-0.07803754000000002,0.0,0.043229926,-0.09797542,0.14919032,0.058575626,0.010363619,0.0011331314,"[0.9276220124319928, 0.8933445932026309, 0.0, 0.0, 0.0, 0.0, 0.49607405296949214, 0.4765392607055043]","[0.19603891527248604, -0.0012031905252859784, 0.0]","{""Controller Type"": ""MPC Controller"", ""weight_comfort"": 500.0, ""weight_trajectory"": 3000.0, ""weight_goal"": 1000.0, ""Q"": [[3000.0, 0.0, 0.0, 0.0], [0.0, 0.0, 0.0, 0.0], [0.0, 0.0, 3000.0, 0.0], [0.0, 0.0, 0.0, 0.0]], ""R"": [[500.0, 0.0], [0.0, 500.0]], ""P"": [[1000.0, 0.0, 0.0, 0.0], [0.0, 100000.0, 0.0, 0.0], [0.0, 0.0, 1000.0, 0.0], [0.0, 0.0, 0.0, 100000.0]]}","[0.37326655993502816, -0.13125678972626267, 0.0]",False
3,P02,10e57735-2e6f-4449-b4c9-0da2c57ab8b9,8,1,haply,mpc,seeded_random,1139142485,persist_session,10.0,1785830989.946946,8001.142405406,0,1785830989.9420097,207,True,normal,fixed,-0.08,-0.08,0.0,0.08,-0.08,0.0,0.026537787000000007,-0.07804618000000002,0.0,0.043760274,-0.09787964,0.14920239,0.05794669,0.010495936,0.0011252904,"[0.938566913713967, 0.8630814504189931, 0.0, 0.0, 0.0, 0.0, 0.4916700501723972, 0.48193410442718293]","[0.1884696458229625, 0.0016041970791387883, 0.0]","{""Controller Type"": ""MPC Controller"", ""weight_comfort"": 500.0, ""weight_trajectory"": 3000.0, ""weight_goal"": 1000.0, ""Q"": [[3000.0, 0.0, 0.0, 0.0], [0.0, 0.0, 0.0, 0.0], [0.0, 0.0, 3000.0, 0.0], [0.0, 0.0, 0.0, 0.0]], ""R"": [[500.0, 0.0], [0.0, 500.0]], ""P"": [[1000.0, 0.0, 0.0, 0.0], [0.0, 100000.0, 0.0, 0.0], [0.0, 0.0, 1000.0, 0.0], [0.0, 0.0, 0.0, 100000.0]]}","[0.20829104573767968, -0.0738038450474216, 0.0]",False
3,P02,10e57735-2e6f-4449-b4c9-0da2c57ab8b9,8,1,haply,mpc,seeded_random,1139142485,persist_session,10.0,1785830989.9569716,8001.152434975,0,1785830989.9521604,208,True,normal,fixed,-0.08,-0.08,0.0,0.08,-0.08,0.0,0.028128831000000007,-0.07802204000000001,0.0,0.044290684,-0.09778121,0.14921442,0.05720082,0.010645485,0.0011015127,"[0.9053971190642243, 0.9451355206392485, 0.0, 0.0, 0.0, 0.0, 0.4926799619635736, 0.4815086534960238]","[0.20925327569487334, -0.0013803348933048199, 0.0]","{""Controller Type"": ""MPC Controller"", ""weight_comfort"": 500.0, ""weight_trajectory"": 3000.0, ""weight_goal"": 1000.0, ""Q"": [[3000.0, 0.0, 0.0, 0.0], [0.0, 0.0, 0.0, 0.0], [0.0, 0.0, 3000.0, 0.0], [0.0, 0.0, 0.0, 0.0]], ""R"": [[500.0, 0.0], [0.0, 500.0]], ""P"": [[1000.0, 0.0, 0.0, 0.0], [0.0, 100000.0, 0.0, 0.0], [0.0, 0.0, 1000.0, 0.0], [0.0, 0.0, 0.0, 100000.0]]}","[0.20829104573767968, -0.0738038450474216, 0.0]",False
3,P02,10e57735-2e6f-4449-b4c9-0da2c57ab8b9,8,1,haply,mpc,seeded_random,1139142485,persist_session,10.0,1785830989.9669313,8001.162394153,0,1785830989.9618552,209,True,normal,fixed,-0.08,-0.08,0.0,0.08,-0.08,0.0,0.029720060999999992,-0.07799798000000002,0.0,0.04472662,-0.09766228,0.14921433,0.05638199,0.010771136,0.001076445,"[0.9488857025760754, 0.8316907139561475, 0.0, 0.0, 0.0, 0.0, 0.49113769540797997, 0.4831951260567387]","[0.17958129310864157, 0.00017766842468417104, 0.0]","{""Controller Type"": ""MPC Controller"", ""weight_comfort"": 500.0, ""weight_trajectory"": 3000.0, ""weight_goal"": 1000.0, ""Q"": [[3000.0, 0.0, 0.0, 0.0], [0.0, 0.0, 0.0, 0.0], [0.0, 0.0, 3000.0, 0.0], [0.0, 0.0, 0.0, 0.0]], ""R"": [[500.0, 0.0], [0.0, 500.0]], ""P"": [[1000.0, 0.0, 0.0, 0.0], [0.0, 100000.0, 0.0, 0.0], [0.0, 0.0, 1000.0, 0.0], [0.0, 0.0, 0.0, 100000.0]]}","[0.15834704360300464, -0.10667113220701434, 0.0]",False
3,P02,10e57735-2e6f-4449-b4c9-0da2c57ab8b9,8,1,haply,mpc,seeded_random,1139142485,persist_session,10.0,1785830989.9770603,8001.172516399,0,1785830989.971867,210,True,normal,fixed,-0.08,-0.08,0.0,0.08,-0.08,0.0,0.031027869000000007,-0.07799815999999998,0.0,0.0452049,-0.09752421,0.14921261,0.05543289,0.010810722,0.0010610708,"[0.9299496630336115, 0.8774246163787962, 0.0, 0.0, 0.0, 0.0, 0.49108575404285676, 0.4832521901417254]","[0.19077133070241004, 0.00021614232104847308, 0.0]","{""Controller Type"": ""MPC Controller"", ""weight_comfort"": 500.0, ""weight_trajectory"": 3000.0, ""weight_goal"": 1000.0, ""Q"": [[3000.0, 0.0, 0.0, 0.0], [0.0, 0.0, 0.0, 0.0], [0.0, 0.0, 3000.0, 0.0], [0.0, 0.0, 0.0, 0.0]], ""R"": [[500.0, 0.0], [0.0, 500.0]], ""P"": [[1000.0, 0.0, 0.0, 0.0], [0.0, 100000.0, 0.0, 0.0], [0.0, 0.0, 1000.0, 0.0], [0.0, 0.0, 0.0, 100000.0]]}","[0.42353031939489516, -0.08363925124144486, 0.0]",False
3,P02,10e57735-2e6f-4449-b4c9-0da2c57ab8b9,8,1,haply,mpc,seeded_random,1139142485,persist_session,10.0,1785830989.9870107,8001.182466508,0,1785830989.9820633,211,True,normal,fixed,-0.08,-0.08,0.0,0.08,-0.08,0.0,0.032462709,-0.0780016,0.0,0.04564985,-0.09745384,0.14922751,0.05406962,0.010791933,0.0010293061,"[0.996618020113547, 0.6715134079738666, 0.0, 0.0, 0.0, 0.0, 0.4917131212017364, 0.48277172323842027]","[0.1365230862870479, -0.000993010547007532, 0.0]","{""Controller Type"": ""MPC Controller"", ""weight_comfort"": 500.0, ""weight_trajectory"": 3000.0, ""weight_goal"": 1000.0, ""Q"": [[3000.0, 0.0, 0.0, 0.0], [0.0, 0.0, 0.0, 0.0], [0.0, 0.0, 3000.0, 0.0], [0.0, 0.0, 0.0, 0.0]], ""R"": [[500.0, 0.0], [0.0, 500.0]], ""P"": [[1000.0, 0.0, 0.0, 0.0], [0.0, 100000.0, 0.0, 0.0], [0.0, 0.0, 1000.0, 0.0], [0.0, 0.0, 0.0, 100000.0]]}","[0.2828621956876302, -0.08055330095818893, 0.0]",False
3,P02,10e57735-2e6f-4449-b4c9-0da2c57ab8b9,8,1,haply,mpc,seeded_random,1139142485,persist_session,10.0,1785830989.9971054,8001.192566077,0,1785830989.9921196,212,True,normal,fixed,-0.08,-0.08,0.0,0.08,-0.08,0.0,0.033797559,-0.07797179999999998,0.0,0.046085134,-0.097329415,0.14922722,0.052622344,0.010610716,0.0010270792,"[0.975946310330863, 0.726728540679709, 0.0, 0.0, 0.0, 0.0, 0.49177976730358824, 0.4827270638861166]","[0.1486611848837871, -0.0011456352869216224, 0.0]","{""Controller Type"": ""MPC Controller"", ""weight_comfort"": 500.0, ""weight_trajectory"": 3000.0, ""weight_goal"": 1000.0, ""Q"": [[3000.0, 0.0, 0.0, 0.0], [0.0, 0.0, 0.0, 0.0], [0.0, 0.0, 3000.0, 0.0], [0.0, 0.0, 0.0, 0.0]], ""R"": [[500.0, 0.0], [0.0, 500.0]], ""P"": [[1000.0, 0.0, 0.0, 0.0], [0.0, 100000.0, 0.0, 0.0], [0.0, 0.0, 1000.0, 0.0], [0.0, 0.0, 0.0, 100000.0]]}","[0.31206768322200956, -0.11220294906818624, 0.0]",False
3,P02,10e57735-2e6f-4449-b4c9-0da2c57ab8b9,8,1,haply,mpc,seeded_random,1139142485,persist_session,10.0,1785830990.0069332,8001.202391933,0,1785830990.0020018,213,True,normal,fixed,-0.08,-0.08,0.0,0.08,-0.08,0.0,0.035103411,-0.07797238000000001,0.0,0.04647764,-0.09722111,0.14922841,0.051022638,0.010558051,0.0009744681,"[0.996332752476875, 0.670197979264642, 0.0, 0.0, 0.0, 0.0, 0.48998277667065554, 0.484750835209165]","[0.13499391289093393, 0.00044269320112204943, 0.0]","{""Controller Type"": ""MPC Controller"", ""weight_comfort"": 500.0, ""weight_trajectory"": 3000.0, ""weight_goal"": 1000.0, ""Q"": [[3000.0, 0.0, 0.0, 0.0], [0.0, 0.0, 0.0, 0.0], [0.0, 0.0, 3000.0, 0.0], [0.0, 0.0, 0.0, 0.0]], ""R"": [[500.0, 0.0], [0.0, 500.0]], ""P"": [[1000.0, 0.0, 0.0, 0.0], [0.0, 100000.0, 0.0, 0.0], [0.0, 0.0, 1000.0, 0.0], [0.0, 0.0, 0.0, 100000.0]]}","[0.27418657390883977, -0.08434350688344842, 0.0]",False
3,P02,10e57735-2e6f-4449-b4c9-0da2c57ab8b9,8,1,haply,mpc,seeded_random,1139142485,persist_session,10.0,1785830990.0168319,8001.212288939,0,1785830990.0120392,214,True,normal,fixed,-0.08,-0.08,0.0,0.08,-0.08,0.0,0.036280929,-0.07796999999999998,0.0,0.046880156,-0.097163506,0.14924474,0.049139023,0.010381332,0.00092947466,"[1.0006730949985376, 0.6585261804764108, 0.0, 0.0, 0.0, 0.0, 0.49075178744064313, 0.484170080457924]","[0.13194556087019577, -0.0010234747180108104, 0.0]","{""Controller Type"": ""MPC Controller"", ""weight_comfort"": 500.0, ""weight_trajectory"": 3000.0, ""weight_goal"": 1000.0, ""Q"": [[3000.0, 0.0, 0.0, 0.0], [0.0, 0.0, 0.0, 0.0], [0.0, 0.0, 3000.0, 0.0], [0.0, 0.0, 0.0, 0.0]], ""R"": [[500.0, 0.0], [0.0, 500.0]], ""P"": [[1000.0, 0.0, 0.0, 0.0], [0.0, 100000.0, 0.0, 0.0], [0.0, 0.0, 1000.0, 0.0], [0.0, 0.0, 0.0, 100000.0]]}","[0.3716589286522479, -0.08716772801726688, 0.0]",False
3,P02,10e57735-2e6f-4449-b4c9-0da2c57ab8b9,8,1,haply,mpc,seeded_random,1139142485,persist_session,10.0,1785830990.0269923,8001.222444505,0,1785830990.0217438,215,True,normal,fixed,-0.08,-0.08,0.0,0.08,-0.08,0.0,0.037488477,-0.07793734000000002,0.0,0.04727246,-0.09705227,0.14924583,0.047326386,0.010117393,0.0009085525,"[1.0275608039921647, 0.5760397573600741, 0.0, 0.0, 0.0, 0.0, 0.4906662241979832, 0.48424075346858547]","[0.11250083481247689, -0.0008812328158432638, 0.0]","{""Controller Type"": ""MPC Controller"", ""weight_comfort"": 500.0, ""weight_trajectory"": 3000.0, ""weight_goal"": 1000.0, ""Q"": [[3000.0, 0.0, 0.0, 0.0], [0.0, 0.0, 0.0, 0.0], [0.0, 0.0, 3000.0, 0.0], [0.0, 0.0, 0.0, 0.0]], ""R"": [[500.0, 0.0], [0.0, 500.0]], ""P"": [[1000.0, 0.0, 0.0, 0.0], [0.0, 100000.0, 0.0, 0.0], [0.0, 0.0, 1000.0, 0.0], [0.0, 0.0, 0.0, 100000.0]]}","[0.3716589286522479, -0.08716772801726688, 0.0]",False
3,P02,10e57735-2e6f-4449-b4c9-0da2c57ab8b9,8,1,haply,mpc,seeded_random,1139142485,persist_session,10.0,1785830990.0368626,8001.232321448,0,1785830990.03176,216,True,normal,fixed,-0.08,-0.08,0.0,0.08,-0.08,0.0,0.03866538900000001,-0.07793516,0.0,0.047622163,-0.096958004,0.14924848,0.045683827,0.009803382,0.0009109067,"[1.014741955451586, 0.6107285499026047, 0.0, 0.0, 0.0, 0.0, 0.48875595567786584, 0.48642723917321745]","[0.11913154984372984, 0.0006288935595590598, 0.0]","{""Controller Type"": ""MPC Controller"", ""weight_comfort"": 500.0, ""weight_trajectory"": 3000.0, ""weight_goal"": 1000.0, ""Q"": [[3000.0, 0.0, 0.0, 0.0], [0.0, 0.0, 0.0, 0.0], [0.0, 0.0, 3000.0, 0.0], [0.0, 0.0, 0.0, 0.0]], ""R"": [[500.0, 0.0], [0.0, 500.0]], ""P"": [[1000.0, 0.0, 0.0, 0.0], [0.0, 100000.0, 0.0, 0.0], [0.0, 0.0, 1000.0, 0.0], [0.0, 0.0, 0.0, 100000.0]]}","[0.26598758304883546, -0.11734912969266334, 0.0]",False
3,P02,10e57735-2e6f-4449-b4c9-0da2c57ab8b9,8,1,haply,mpc,seeded_random,1139142485,persist_session,10.0,1785830990.0468774,8001.242335422,0,1785830990.0418997,217,True,normal,fixed,-0.08,-0.08,0.0,0.08,-0.08,0.0,0.03971449800000001,-0.07792986000000002,0.0,0.047971718,-0.096862435,0.14925103,0.04422231,0.009648685,0.00087919546,"[1.0297061646090693, 0.5686359540319986, 0.0, 0.0, 0.0, 0.0, 0.4896490291082325, 0.4856940618378267]","[0.10937769139324904, -0.0009053368769591551, 0.0]","{""Controller Type"": ""MPC Controller"", ""weight_comfort"": 500.0, ""weight_trajectory"": 3000.0, ""weight_goal"": 1000.0, ""Q"": [[3000.0, 0.0, 0.0, 0.0], [0.0, 0.0, 0.0, 0.0], [0.0, 0.0, 3000.0, 0.0], [0.0, 0.0, 0.0, 0.0]], ""R"": [[500.0, 0.0], [0.0, 500.0]], ""P"": [[1000.0, 0.0, 0.0, 0.0], [0.0, 100000.0, 0.0, 0.0], [0.0, 0.0, 1000.0, 0.0], [0.0, 0.0, 0.0, 100000.0]]}","[0.2907232765066401, -0.08844697581734316, 0.0]",False
3,P02,10e57735-2e6f-4449-b4c9-0da2c57ab8b9,8,1,haply,mpc,seeded_random,1139142485,persist_session,10.0,1785830990.0569732,8001.252429906,0,1785830990.0517683,218,True,normal,fixed,-0.08,-0.08,0.0,0.08,-0.08,0.0,0.04076316300000001,-0.07792475999999998,0.0,0.04831605,-0.09674779,0.14919502,0.042918917,0.009694882,0.00080183824,"[1.049433124411932, 0.5030261340324226, 0.0, 0.0, 0.0, 0.0, 0.4895515636447057, 0.48577982135435577]","[0.09432276498506897, -0.0007595242704494113, 0.0]","{""Controller Type"": ""MPC Controller"", ""weight_comfort"": 500.0, ""weight_trajectory"": 3000.0, ""weight_goal"": 1000.0, ""Q"": [[3000.0, 0.0, 0.0, 0.0], [0.0, 0.0, 0.0, 0.0], [0.0, 0.0, 3000.0, 0.0], [0.0, 0.0, 0.0, 0.0]], ""R"": [[500.0, 0.0], [0.0, 500.0]], ""P"": [[1000.0, 0.0, 0.0, 0.0], [0.0, 100000.0, 0.0, 0.0], [0.0, 0.0, 1000.0, 0.0], [0.0, 0.0, 0.0, 100000.0]]}","[0.3245553162286753, -0.09163769247021816, 0.0]",False
3,P02,10e57735-2e6f-4449-b4c9-0da2c57ab8b9,8,1,haply,mpc,seeded_random,1139142485,persist_session,10.0,1785830990.0668643,8001.262316692,0,1785830990.0618744,219,True,normal,fixed,-0.08,-0.08,0.0,0.08,-0.08,0.0,0.041796159,-0.07803677999999997,0.0,0.048623003,-0.0966688,0.14919908,0.041406564,0.009552858,0.0007535584,"[1.0465513488389049, 0.5117415690116658, 0.0, 0.0, 0.0, 0.0, 0.4895510378240172, 0.48578028335936513]","[0.09544233288696752, -0.0007648897528389018, 0.0]","{""Controller Type"": ""MPC Controller"", ""weight_comfort"": 500.0, ""weight_trajectory"": 3000.0, ""weight_goal"": 1000.0, ""Q"": [[3000.0, 0.0, 0.0, 0.0], [0.0, 0.0, 0.0, 0.0], [0.0, 0.0, 3000.0, 0.0], [0.0, 0.0, 0.0, 0.0]], ""R"": [[500.0, 0.0], [0.0, 500.0]], ""P"": [[1000.0, 0.0, 0.0, 0.0], [0.0, 100000.0, 0.0, 0.0], [0.0, 0.0, 1000.0, 0.0], [0.0, 0.0, 0.0, 100000.0]]}","[0.3275216615131251, 0.019907974221377963, 0.0]",False
3,P02,10e57735-2e6f-4449-b4c9-0da2c57ab8b9,8,1,haply,mpc,seeded_random,1139142485,persist_session,10.0,1785830990.0770833,8001.272535475,0,1785830990.0718288,220,True,normal,fixed,-0.08,-0.08,0.0,0.08,-0.08,0.0,0.042717017999999995,-0.07802865999999997,0.0,0.048972145,-0.0965701,0.14920153,0.039750602,0.009570453,0.0006464871,"[1.0535879298722786, 0.4900237084848049, 0.0, 0.0, 0.0, 0.0, 0.4799384326180893, 0.5015705149401121]","[0.09033899280951219, -0.006501837523376193, 0.0]","{""Controller Type"": ""MPC Controller"", ""weight_comfort"": 500.0, ""weight_trajectory"": 3000.0, ""weight_goal"": 1000.0, ""Q"": [[3000.0, 0.0, 0.0, 0.0], [0.0, 0.0, 0.0, 0.0], [0.0, 0.0, 3000.0, 0.0], [0.0, 0.0, 0.0, 0.0]], ""R"": [[500.0, 0.0], [0.0, 500.0]], ""P"": [[1000.0, 0.0, 0.0, 0.0], [0.0, 100000.0, 0.0, 0.0], [0.0, 0.0, 1000.0, 0.0], [0.0, 0.0, 0.0, 100000.0]]}","[0.3275216615131251, 0.019907974221377963, 0.0]",False
3,P02,10e57735-2e6f-4449-b4c9-0da2c57ab8b9,8,1,haply,mpc,seeded_random,1139142485,persist_session,10.0,1785830990.0869932,8001.282445718,0,1785830990.0818772,221,True,normal,fixed,-0.08,-0.08,0.0,0.08,-0.08,0.0,0.043764444000000007,-0.07802376,0.0,0.049290337,-0.09654124,0.1492209,0.038326077,0.009440205,0.0005957468,"[1.0650200127595182, 0.4490768391739667, 0.0, 0.0, 0.0, 0.0, 0.4759535731834924, 0.5052877197903186]","[0.08124998416057257, -0.0005260953533972845, 0.0]","{""Controller Type"": ""MPC Controller"", ""weight_comfort"": 500.0, ""weight_trajectory"": 3000.0, ""weight_goal"": 1000.0, ""Q"": [[3000.0, 0.0, 0.0, 0.0], [0.0, 0.0, 0.0, 0.0], [0.0, 0.0, 3000.0, 0.0], [0.0, 0.0, 0.0, 0.0]], ""R"": [[500.0, 0.0], [0.0, 500.0]], ""P"": [[1000.0, 0.0, 0.0, 0.0], [0.0, 100000.0, 0.0, 0.0], [0.0, 0.0, 1000.0, 0.0], [0.0, 0.0, 0.0, 100000.0]]}","[0.3863518975069843, -0.09004137250670977, 0.0]",False
3,P02,10e57735-2e6f-4449-b4c9-0da2c57ab8b9,8,1,haply,mpc,seeded_random,1139142485,persist_session,10.0,1785830990.0969222,8001.292369928,0,1785830990.0919304,222,True,normal,fixed,-0.08,-0.08,0.0,0.08,-0.08,0.0,0.04471901999999999,-0.07798502000000002,0.0,0.049597204,-0.096459486,0.14922489,0.03721917,0.009243674,0.0005873948,"[1.0470441606937022, 0.4987198859510579, 0.0, 0.0, 0.0, 0.0, 0.4760499879318304, 0.5052030912072966]","[0.08992588916598578, -0.0006944316230197847, 0.0]","{""Controller Type"": ""MPC Controller"", ""weight_comfort"": 500.0, ""weight_trajectory"": 3000.0, ""weight_goal"": 1000.0, ""Q"": [[3000.0, 0.0, 0.0, 0.0], [0.0, 0.0, 0.0, 0.0], [0.0, 0.0, 3000.0, 0.0], [0.0, 0.0, 0.0, 0.0]], ""R"": [[500.0, 0.0], [0.0, 500.0]], ""P"": [[1000.0, 0.0, 0.0, 0.0], [0.0, 100000.0, 0.0, 0.0], [0.0, 0.0, 1000.0, 0.0], [0.0, 0.0, 0.0, 100000.0]]}","[0.29732615494991416, -0.11984881829074341, 0.0]",False
3,P02,10e57735-2e6f-4449-b4c9-0da2c57ab8b9,8,1,haply,mpc,seeded_random,1139142485,persist_session,10.0,1785830990.1072001,8001.302645883,0,1785830990.101939,223,True,normal,fixed,-0.08,-0.08,0.0,0.08,-0.08,0.0,0.045639621,-0.07797704,0.0,0.049957875,-0.09640953,0.14924267,0.036197342,0.008979625,0.000604965,"[1.0604737405785216, 0.45768312118876064, 0.0, 0.0, 0.0, 0.0, 0.47391362477791765, 0.5077039092246712]","[0.08087287025865461, 0.0010015184366928412, 0.0]","{""Controller Type"": ""MPC Controller"", ""weight_comfort"": 500.0, ""weight_trajectory"": 3000.0, ""weight_goal"": 1000.0, ""Q"": [[3000.0, 0.0, 0.0, 0.0], [0.0, 0.0, 0.0, 0.0], [0.0, 0.0, 3000.0, 0.0], [0.0, 0.0, 0.0, 0.0]], ""R"": [[500.0, 0.0], [0.0, 500.0]], ""P"": [[1000.0, 0.0, 0.0, 0.0], [0.0, 100000.0, 0.0, 0.0], [0.0, 0.0, 1000.0, 0.0], [0.0, 0.0, 0.0, 100000.0]]}","[0.294117721806587, -0.09203291875439006, 0.0]",False
3,P02,10e57735-2e6f-4449-b4c9-0da2c57ab8b9,8,1,haply,mpc,seeded_random,1139142485,persist_session,10.0,1785830990.1171393,8001.312562709,0,1785830990.1119523,224,True,normal,fixed,-0.08,-0.08,0.0,0.08,-0.08,0.0,0.046721634,-0.07794148000000001,0.0,0.050276577,-0.096377775,0.14926207,0.035384703,0.008713125,0.0006381434,"[1.0652552692918704, 0.442937474118056, 0.0, 0.0, 0.0, 0.0, 0.4749468523115836, 0.5067462025482076]","[0.07734451271438768, -0.0005567614171945029, 0.0]","{""Controller Type"": ""MPC Controller"", ""weight_comfort"": 500.0, ""weight_trajectory"": 3000.0, ""weight_goal"": 1000.0, ""Q"": [[3000.0, 0.0, 0.0, 0.0], [0.0, 0.0, 0.0, 0.0], [0.0, 0.0, 3000.0, 0.0], [0.0, 0.0, 0.0, 0.0]], ""R"": [[500.0, 0.0], [0.0, 500.0]], ""P"": [[1000.0, 0.0, 0.0, 0.0], [0.0, 100000.0, 0.0, 0.0], [0.0, 0.0, 1000.0, 0.0], [0.0, 0.0, 0.0, 100000.0]]}","[0.11010538368882289, -0.11888758177269927, 0.0]",False
3,P02,10e57735-2e6f-4449-b4c9-0da2c57ab8b9,8,1,haply,mpc,seeded_random,1139142485,persist_session,10.0,1785830990.1270223,8001.322473231,0,1785830990.1219287,225,True,normal,fixed,-0.08,-0.08,0.0,0.08,-0.08,0.0,0.04767774000000001,-0.07790268,0.0,0.050583463,-0.09629319,0.14926605,0.034867376,0.008580096,0.00066032936,"[1.0341488337435971, 0.5175458247296654, 0.0, 0.0, 0.0, 0.0, 0.473255369487299, 0.508697791136176]","[0.09033930048103717, 0.0008323134616922135, 0.0]","{""Controller Type"": ""MPC Controller"", ""weight_comfort"": 500.0, ""weight_trajectory"": 3000.0, ""weight_goal"": 1000.0, ""Q"": [[3000.0, 0.0, 0.0, 0.0], [0.0, 0.0, 0.0, 0.0], [0.0, 0.0, 3000.0, 0.0], [0.0, 0.0, 0.0, 0.0]], ""R"": [[500.0, 0.0], [0.0, 500.0]], ""P"": [[1000.0, 0.0, 0.0, 0.0], [0.0, 100000.0, 0.0, 0.0], [0.0, 0.0, 1000.0, 0.0], [0.0, 0.0, 0.0, 100000.0]]}","[0.19090458288239756, -0.1236244222884948, 0.0]",False
3,P02,10e57735-2e6f-4449-b4c9-0da2c57ab8b9,8,1,haply,mpc,seeded_random,1139142485,persist_session,10.0,1785830990.137062,8001.332507919,0,1785830990.1318665,226,True,normal,fixed,-0.08,-0.08,0.0,0.08,-0.08,0.0,0.04859839800000001,-0.07789471999999997,0.0,0.050848182,-0.09622738,0.14927165,0.034217946,0.008369426,0.0006892269,"[1.0549264122514, 0.46240645810628334, 0.0, 0.0, 0.0, 0.0, 0.4730396413330844, 0.5089492428886483]","[0.07841320700422186, 0.0009872815072662503, 0.0]","{""Controller Type"": ""MPC Controller"", ""weight_comfort"": 500.0, ""weight_trajectory"": 3000.0, ""weight_goal"": 1000.0, ""Q"": [[3000.0, 0.0, 0.0, 0.0], [0.0, 0.0, 0.0, 0.0], [0.0, 0.0, 3000.0, 0.0], [0.0, 0.0, 0.0, 0.0]], ""R"": [[500.0, 0.0], [0.0, 500.0]], ""P"": [[1000.0, 0.0, 0.0, 0.0], [0.0, 100000.0, 0.0, 0.0], [0.0, 0.0, 1000.0, 0.0], [0.0, 0.0, 0.0, 100000.0]]}","[0.18974744196058677, -0.09551294693644526, 0.0]",False
3,P02,10e57735-2e6f-4449-b4c9-0da2c57ab8b9,8,1,haply,mpc,seeded_random,1139142485,persist_session,10.0,1785830990.1469278,8001.342396237,0,1785830990.1419082,227,True,normal,fixed,-0.08,-0.08,0.0,0.08,-0.08,0.0,0.049392555,-0.07788351999999998,0.0,0.051112887,-0.09616097,0.14927725,0.033468537,0.008163923,0.0007048474,"[1.0609665748494133, 0.4462745830896847, 0.0, 0.0, 0.0, 0.0, 0.4741281641300799, 0.5079448684885705]","[0.07465998801158594, -0.0005913162834803752, 0.0]","{""Controller Type"": ""MPC Controller"", ""weight_comfort"": 500.0, ""weight_trajectory"": 3000.0, ""weight_goal"": 1000.0, ""Q"": [[3000.0, 0.0, 0.0, 0.0], [0.0, 0.0, 0.0, 0.0], [0.0, 0.0, 3000.0, 0.0], [0.0, 0.0, 0.0, 0.0]], ""R"": [[500.0, 0.0], [0.0, 500.0]], ""P"": [[1000.0, 0.0, 0.0, 0.0], [0.0, 100000.0, 0.0, 0.0], [0.0, 0.0, 1000.0, 0.0], [0.0, 0.0, 0.0, 100000.0]]}","[0.28823478612933423, -0.09887734515410021, 0.0]",False
3,P02,10e57735-2e6f-4449-b4c9-0da2c57ab8b9,8,1,haply,mpc,seeded_random,1139142485,persist_session,10.0,1785830990.156908,8001.352364577,0,1785830990.1519477,228,True,normal,fixed,-0.08,-0.08,0.0,0.08,-0.08,0.0,0.05018667000000001,-0.07787232,0.0,0.05141957,-0.09607393,0.14928116,0.032658078,0.007934244,0.0007210852,"[1.0751163878611723, 0.39952324556869445, 0.0, 0.0, 0.0, 0.0, 0.4740062746634855, 0.508062419200165]","[0.06450318269683888, -0.00043655866563719703, 0.0]","{""Controller Type"": ""MPC Controller"", ""weight_comfort"": 500.0, ""weight_trajectory"": 3000.0, ""weight_goal"": 1000.0, ""Q"": [[3000.0, 0.0, 0.0, 0.0], [0.0, 0.0, 0.0, 0.0], [0.0, 0.0, 3000.0, 0.0], [0.0, 0.0, 0.0, 0.0]], ""R"": [[500.0, 0.0], [0.0, 500.0]], ""P"": [[1000.0, 0.0, 0.0, 0.0], [0.0, 100000.0, 0.0, 0.0], [0.0, 0.0, 1000.0, 0.0], [0.0, 0.0, 0.0, 100000.0]]}","[0.2617397788288325, -0.0993484166439705, 0.0]",False
3,P02,10e57735-2e6f-4449-b4c9-0da2c57ab8b9,8,1,haply,mpc,seeded_random,1139142485,persist_session,10.0,1785830990.1671867,8001.362629748,0,1785830990.1617742,229,True,normal,fixed,-0.08,-0.08,0.0,0.08,-0.08,0.0,0.051106718999999995,-0.0778645,0.0,0.05168416,-0.09600599,0.14928669,0.03187466,0.007691403,0.0007414307,"[1.0757773885346584, 0.39744700595021276, 0.0, 0.0, 0.0, 0.0, 0.47400447859772454, 0.5080641500798918]","[0.06350997758292934, -0.0004417406693779005, 0.0]","{""Controller Type"": ""MPC Controller"", ""weight_comfort"": 500.0, ""weight_trajectory"": 3000.0, ""weight_goal"": 1000.0, ""Q"": [[3000.0, 0.0, 0.0, 0.0], [0.0, 0.0, 0.0, 0.0], [0.0, 0.0, 3000.0, 0.0], [0.0, 0.0, 0.0, 0.0]], ""R"": [[500.0, 0.0], [0.0, 500.0]], ""P"": [[1000.0, 0.0, 0.0, 0.0], [0.0, 100000.0, 0.0, 0.0], [0.0, 0.0, 1000.0, 0.0], [0.0, 0.0, 0.0, 100000.0]]}","[0.09733154704917744, -0.09673044092240735, 0.0]",False
3,P02,10e57735-2e6f-4449-b4c9-0da2c57ab8b9,8,1,haply,mpc,seeded_random,1139142485,persist_session,10.0,1785830990.1768508,8001.372309399,0,1785830990.1718636,230,True,normal,fixed,-0.08,-0.08,0.0,0.08,-0.08,0.0,0.051900489,-0.07785344,0.0,0.051961448,-0.09598928,0.1493078,0.03117523,0.007533375,0.0007438371,"[1.0510574692466, 0.45674946560895, 0.0, 0.0, 0.0, 0.0, 0.4741179675002734, 0.5079597100466287]","[0.07313400392104306, -0.0006082376770973076, 0.0]","{""Controller Type"": ""MPC Controller"", ""weight_comfort"": 500.0, ""weight_trajectory"": 3000.0, ""weight_goal"": 1000.0, ""Q"": [[3000.0, 0.0, 0.0, 0.0], [0.0, 0.0, 0.0, 0.0], [0.0, 0.0, 3000.0, 0.0], [0.0, 0.0, 0.0, 0.0]], ""R"": [[500.0, 0.0], [0.0, 500.0]], ""P"": [[1000.0, 0.0, 0.0, 0.0], [0.0, 100000.0, 0.0, 0.0], [0.0, 0.0, 1000.0, 0.0], [0.0, 0.0, 0.0, 100000.0]]}","[0.2087255934701687, -0.09996025074191807, 0.0]",False
3,P02,10e57735-2e6f-4449-b4c9-0da2c57ab8b9,8,1,haply,mpc,seeded_random,1139142485,persist_session,10.0,1785830990.1869886,8001.382437214,0,1785830990.1819377,231,True,normal,fixed,-0.08,-0.08,0.0,0.08,-0.08,0.0,0.052732353,-0.07781122000000001,0.0,0.052184127,-0.095940255,0.14931503,0.030425282,0.007273395,0.00076856103,"[1.0691763109508297, 0.40467975153065916, 0.0, 0.0, 0.0, 0.0, 0.4740009285414538, 0.5080720788224156]","[0.061880975788840935, -0.00046052269262006654, 0.0]","{""Controller Type"": ""MPC Controller"", ""weight_comfort"": 500.0, ""weight_trajectory"": 3000.0, ""weight_goal"": 1000.0, ""Q"": [[3000.0, 0.0, 0.0, 0.0], [0.0, 0.0, 0.0, 0.0], [0.0, 0.0, 3000.0, 0.0], [0.0, 0.0, 0.0, 0.0]], ""R"": [[500.0, 0.0], [0.0, 500.0]], ""P"": [[1000.0, 0.0, 0.0, 0.0], [0.0, 100000.0, 0.0, 0.0], [0.0, 0.0, 1000.0, 0.0], [0.0, 0.0, 0.0, 100000.0]]}","[0.1451669437444175, -0.13023260643021498, 0.0]",False
3,P02,10e57735-2e6f-4449-b4c9-0da2c57ab8b9,8,1,haply,mpc,seeded_random,1139142485,persist_session,10.0,1785830990.1970668,8001.392520701,0,1785830990.191911,232,True,normal,fixed,-0.08,-0.08,0.0,0.08,-0.08,0.0,0.05340038999999999,-0.07779676000000002,0.0,0.05244879,-0.095870495,0.14932054,0.02958268,0.0070235627,0.000781159,"[1.0646271156455442, 0.41643254359852505, 0.0, 0.0, 0.0, 0.0, 0.4718526252530058, 0.5105873278938934]","[0.06341646303924246, 0.0011070536614453913, 0.0]","{""Controller Type"": ""MPC Controller"", ""weight_comfort"": 500.0, ""weight_trajectory"": 3000.0, ""weight_goal"": 1000.0, ""Q"": [[3000.0, 0.0, 0.0, 0.0], [0.0, 0.0, 0.0, 0.0], [0.0, 0.0, 3000.0, 0.0], [0.0, 0.0, 0.0, 0.0]], ""R"": [[500.0, 0.0], [0.0, 500.0]], ""P"": [[1000.0, 0.0, 0.0, 0.0], [0.0, 100000.0, 0.0, 0.0], [0.0, 0.0, 1000.0, 0.0], [0.0, 0.0, 0.0, 100000.0]]}","[0.1451669437444175, -0.13023260643021498, 0.0]",False
3,P02,10e57735-2e6f-4449-b4c9-0da2c57ab8b9,8,1,haply,mpc,seeded_random,1139142485,persist_session,10.0,1785830990.206978,8001.402441306,0,1785830990.201699,233,True,normal,fixed,-0.08,-0.08,0.0,0.08,-0.08,0.0,0.05419437900000001,-0.07778573999999999,0.0,0.05271339,-0.09579999,0.14932607,0.028932337,0.0067534903,0.0008148551,"[1.0773161624871772, 0.3720140168649768, 0.0, 0.0, 0.0, 0.0, 0.4730346673207992, 0.5094095199053466]","[0.05357466582113074, -0.0003036298113390228, 0.0]","{""Controller Type"": ""MPC Controller"", ""weight_comfort"": 500.0, ""weight_trajectory"": 3000.0, ""weight_goal"": 1000.0, ""Q"": [[3000.0, 0.0, 0.0, 0.0], [0.0, 0.0, 0.0, 0.0], [0.0, 0.0, 3000.0, 0.0], [0.0, 0.0, 0.0, 0.0]], ""R"": [[500.0, 0.0], [0.0, 500.0]], ""P"": [[1000.0, 0.0, 0.0, 0.0], [0.0, 100000.0, 0.0, 0.0], [0.0, 0.0, 1000.0, 0.0], [0.0, 0.0, 0.0, 100000.0]]}","[0.11001322517673079, -0.10306766573301424, 0.0]",False
3,P02,10e57735-2e6f-4449-b4c9-0da2c57ab8b9,8,1,haply,mpc,seeded_random,1139142485,persist_session,10.0,1785830990.2168248,8001.412283907,0,1785830990.211861,234,True,normal,fixed,-0.08,-0.08,0.0,0.08,-0.08,0.0,0.054988179,-0.07777467999999998,0.0,0.05293607,-0.09574942,0.14933327,0.02831413,0.006513952,0.00084271026,"[1.057193879387521, 0.4217981151399023, 0.0, 0.0, 0.0, 0.0, 0.4731651843985485, 0.5092842893288808]","[0.061497096273857785, -0.00047432577717701236, 0.0]","{""Controller Type"": ""MPC Controller"", ""weight_comfort"": 500.0, ""weight_trajectory"": 3000.0, ""weight_goal"": 1000.0, ""Q"": [[3000.0, 0.0, 0.0, 0.0], [0.0, 0.0, 0.0, 0.0], [0.0, 0.0, 3000.0, 0.0], [0.0, 0.0, 0.0, 0.0]], ""R"": [[500.0, 0.0], [0.0, 500.0]], ""P"": [[1000.0, 0.0, 0.0, 0.0], [0.0, 100000.0, 0.0, 0.0], [0.0, 0.0, 1000.0, 0.0], [0.0, 0.0, 0.0, 100000.0]]}","[0.11130415873907606, -0.1031854367315283, 0.0]",False
3,P02,10e57735-2e6f-4449-b4c9-0da2c57ab8b9,8,1,haply,mpc,seeded_random,1139142485,persist_session,10.0,1785830990.227019,8001.422476424,0,1785830990.2216976,235,True,normal,fixed,-0.08,-0.08,0.0,0.08,-0.08,0.0,0.05565621900000001,-0.07776028000000001,0.0,0.053213954,-0.09572948,0.14935444,0.027828624,0.006251571,0.00088923203,"[1.0621029816020917, 0.4095655414339256, 0.0, 0.0, 0.0, 0.0, 0.4731778830189164, 0.5092721715066684]","[0.05855854358058492, -0.0004986897256484417, 0.0]","{""Controller Type"": ""MPC Controller"", ""weight_comfort"": 500.0, ""weight_trajectory"": 3000.0, ""weight_goal"": 1000.0, ""Q"": [[3000.0, 0.0, 0.0, 0.0], [0.0, 0.0, 0.0, 0.0], [0.0, 0.0, 3000.0, 0.0], [0.0, 0.0, 0.0, 0.0]], ""R"": [[500.0, 0.0], [0.0, 500.0]], ""P"": [[1000.0, 0.0, 0.0, 0.0], [0.0, 100000.0, 0.0, 0.0], [0.0, 0.0, 1000.0, 0.0], [0.0, 0.0, 0.0, 100000.0]]}","[0.18308514710305174, -0.10724718086969653, 0.0]",False
3,P02,10e57735-2e6f-4449-b4c9-0da2c57ab8b9,8,1,haply,mpc,seeded_random,1139142485,persist_session,10.0,1785830990.2369282,8001.43238161,0,1785830990.2319124,236,True,normal,fixed,-0.08,-0.08,0.0,0.08,-0.08,0.0,0.056489871000000004,-0.07771793999999999,0.0,0.053423285,-0.095626086,0.14934595,0.027415164,0.0060880585,0.0009133414,"[1.0729762083080976, 0.3781174600873672, 0.0, 0.0, 0.0, 0.0, 0.47300930212695524, 0.5094399772869518]","[0.0517994648770595, -0.00031363437853474264, 0.0]","{""Controller Type"": ""MPC Controller"", ""weight_comfort"": 500.0, ""weight_trajectory"": 3000.0, ""weight_goal"": 1000.0, ""Q"": [[3000.0, 0.0, 0.0, 0.0], [0.0, 0.0, 0.0, 0.0], [0.0, 0.0, 3000.0, 0.0], [0.0, 0.0, 0.0, 0.0]], ""R"": [[500.0, 0.0], [0.0, 500.0]], ""P"": [[1000.0, 0.0, 0.0, 0.0], [0.0, 100000.0, 0.0, 0.0], [0.0, 0.0, 1000.0, 0.0], [0.0, 0.0, 0.0, 100000.0]]}","[0.18308514710305174, -0.10724718086969653, 0.0]",False
3,P02,10e57735-2e6f-4449-b4c9-0da2c57ab8b9,8,1,haply,mpc,seeded_random,1139142485,persist_session,10.0,1785830990.2469826,8001.442442037,0,1785830990.2416854,237,True,normal,fixed,-0.08,-0.08,0.0,0.08,-0.08,0.0,0.057117864000000004,-0.07773491999999999,0.0,0.053645946,-0.09557399,0.14935313,0.02697621,0.005948374,0.0009271355,"[1.0517873883484437, 0.42573111786203593, 0.0, 0.0, 0.0, 0.0, 0.47114580112842164, 0.5116058152797828]","[0.05947247873287663, 0.0010454046248999818, 0.0]","{""Controller Type"": ""MPC Controller"", ""weight_comfort"": 500.0, ""weight_trajectory"": 3000.0, ""weight_goal"": 1000.0, ""Q"": [[3000.0, 0.0, 0.0, 0.0], [0.0, 0.0, 0.0, 0.0], [0.0, 0.0, 3000.0, 0.0], [0.0, 0.0, 0.0, 0.0]], ""R"": [[500.0, 0.0], [0.0, 500.0]], ""P"": [[1000.0, 0.0, 0.0, 0.0], [0.0, 100000.0, 0.0, 0.0], [0.0, 0.0, 1000.0, 0.0], [0.0, 0.0, 0.0, 100000.0]]}","[0.16820280228302223, -0.07882195557416773, 0.0]",False
3,P02,10e57735-2e6f-4449-b4c9-0da2c57ab8b9,8,1,haply,mpc,seeded_random,1139142485,persist_session,10.0,1785830990.2569013,8001.452355008,0,1785830990.251918,238,True,normal,fixed,-0.08,-0.08,0.0,0.08,-0.08,0.0,0.057785847,-0.07772056,0.0,0.053868625,-0.09552139,0.1493603,0.026484469,0.005806668,0.0009350727,"[1.0691859029566544, 0.37588453736244815, 0.0, 0.0, 0.0, 0.0, 0.47187025741701044, 0.5117508690786322]","[0.048618789666417694, -0.0019579588005232107, 0.0]","{""Controller Type"": ""MPC Controller"", ""weight_comfort"": 500.0, ""weight_trajectory"": 3000.0, ""weight_goal"": 1000.0, ""Q"": [[3000.0, 0.0, 0.0, 0.0], [0.0, 0.0, 0.0, 0.0], [0.0, 0.0, 3000.0, 0.0], [0.0, 0.0, 0.0, 0.0]], ""R"": [[500.0, 0.0], [0.0, 500.0]], ""P"": [[1000.0, 0.0, 0.0, 0.0], [0.0, 100000.0, 0.0, 0.0], [0.0, 0.0, 1000.0, 0.0], [0.0, 0.0, 0.0, 100000.0]]}","[0.16820280228302223, -0.07882195557416773, 0.0]",False
3,P02,10e57735-2e6f-4449-b4c9-0da2c57ab8b9,8,1,haply,mpc,seeded_random,1139142485,persist_session,10.0,1785830990.2670226,8001.462484742,0,1785830990.26184,239,True,normal,fixed,-0.08,-0.08,0.0,0.08,-0.08,0.0,0.05845388400000001,-0.07770621999999999,0.0,0.054091297,-0.09546837,0.14936747,0.025782425,0.0057044667,0.0009112285,"[1.068645611026416, 0.3773348511382771, 0.0, 0.0, 0.0, 0.0, 0.47052319170270984, 0.5130797909575614]","[0.048371225172541873, -0.00035250093011251506, 0.0]","{""Controller Type"": ""MPC Controller"", ""weight_comfort"": 500.0, ""weight_trajectory"": 3000.0, ""weight_goal"": 1000.0, ""Q"": [[3000.0, 0.0, 0.0, 0.0], [0.0, 0.0, 0.0, 0.0], [0.0, 0.0, 3000.0, 0.0], [0.0, 0.0, 0.0, 0.0]], ""R"": [[500.0, 0.0], [0.0, 500.0]], ""P"": [[1000.0, 0.0, 0.0, 0.0], [0.0, 100000.0, 0.0, 0.0], [0.0, 0.0, 1000.0, 0.0], [0.0, 0.0, 0.0, 100000.0]]}","[0.0955399664790823, -0.10933865144000843, 0.0]",False
3,P02,10e57735-2e6f-4449-b4c9-0da2c57ab8b9,8,1,haply,mpc,seeded_random,1139142485,persist_session,10.0,1785830990.277004,8001.472456942,0,1785830990.2718487,240,True,normal,fixed,-0.08,-0.08,0.0,0.08,-0.08,0.0,0.05912190000000001,-0.07769187999999999,0.0,0.054272223,-0.095435955,0.14937638,0.02512957,0.00562014,0.00088510243,"[1.0667663875616855, 0.38201345848755797, 0.0, 0.0, 0.0, 0.0, 0.4705028915992379, 0.513099886869506]","[0.04870513344744981, -0.0003376627048907797, 0.0]","{""Controller Type"": ""MPC Controller"", ""weight_comfort"": 500.0, ""weight_trajectory"": 3000.0, ""weight_goal"": 1000.0, ""Q"": [[3000.0, 0.0, 0.0, 0.0], [0.0, 0.0, 0.0, 0.0], [0.0, 0.0, 3000.0, 0.0], [0.0, 0.0, 0.0, 0.0]], ""R"": [[500.0, 0.0], [0.0, 500.0]], ""P"": [[1000.0, 0.0, 0.0, 0.0], [0.0, 100000.0, 0.0, 0.0], [0.0, 0.0, 1000.0, 0.0], [0.0, 0.0, 0.0, 100000.0]]}","[0.07873257610250277, -0.10982386816367717, 0.0]",False
3,P02,10e57735-2e6f-4449-b4c9-0da2c57ab8b9,8,1,haply,mpc,seeded_random,1139142485,persist_session,10.0,1785830990.2869833,8001.482444678,0,1785830990.281675,241,True,normal,fixed,-0.08,-0.08,0.0,0.08,-0.08,0.0,0.059664678000000006,-0.07767405999999999,0.0,0.05442533,-0.09547601,0.14940278,0.02426129,0.0054133586,0.00087049056,"[1.068056593292333, 0.3788800344446636, 0.0, 0.0, 0.0, 0.0, 0.4705068954966344, 0.5130959320521435]","[0.047587104025652915, -0.0003508370916696083, 0.0]","{""Controller Type"": ""MPC Controller"", ""weight_comfort"": 500.0, ""weight_trajectory"": 3000.0, ""weight_goal"": 1000.0, ""Q"": [[3000.0, 0.0, 0.0, 0.0], [0.0, 0.0, 0.0, 0.0], [0.0, 0.0, 3000.0, 0.0], [0.0, 0.0, 0.0, 0.0]], ""R"": [[500.0, 0.0], [0.0, 500.0]], ""P"": [[1000.0, 0.0, 0.0, 0.0], [0.0, 100000.0, 0.0, 0.0], [0.0, 0.0, 1000.0, 0.0], [0.0, 0.0, 0.0, 100000.0]]}","[0.16669900290823159, -0.1140764856325481, 0.0]",False
3,P02,10e57735-2e6f-4449-b4c9-0da2c57ab8b9,8,1,haply,mpc,seeded_random,1139142485,persist_session,10.0,1785830990.2970092,8001.492472723,0,1785830990.2916722,242,True,normal,fixed,-0.08,-0.08,0.0,0.08,-0.08,0.0,0.060123999000000004,-0.07762125999999997,0.0,0.054606434,-0.09544309,0.14941171,0.02317849,0.004989966,0.00089381903,"[1.0773214081264912, 0.350828421149491, 0.0, 0.0, 0.0, 0.0, 0.4703173880724413, 0.5132897056907861]","[0.041286242366791584, -0.0001630904179109443, 0.0]","{""Controller Type"": ""MPC Controller"", ""weight_comfort"": 500.0, ""weight_trajectory"": 3000.0, ""weight_goal"": 1000.0, ""Q"": [[3000.0, 0.0, 0.0, 0.0], [0.0, 0.0, 0.0, 0.0], [0.0, 0.0, 3000.0, 0.0], [0.0, 0.0, 0.0, 0.0]], ""R"": [[500.0, 0.0], [0.0, 500.0]], ""P"": [[1000.0, 0.0, 0.0, 0.0], [0.0, 100000.0, 0.0, 0.0], [0.0, 0.0, 1000.0, 0.0], [0.0, 0.0, 0.0, 100000.0]]}","[0.16669900290823159, -0.1140764856325481, 0.0]",False
3,P02,10e57735-2e6f-4449-b4c9-0da2c57ab8b9,8,1,haply,mpc,seeded_random,1139142485,persist_session,10.0,1785830990.3070939,8001.502554629,0,1785830990.3016703,243,True,normal,fixed,-0.08,-0.08,0.0,0.08,-0.08,0.0,0.06066731100000001,-0.07760339999999999,0.0,0.05475987,-0.09548266,0.14943823,0.021982575,0.0044193906,0.00094587106,"[1.081188243755908, 0.33346850617294166, 0.0, 0.0, 0.0, 0.0, 0.4674019355518858, 0.5167719598680309]","[0.03681100545905318, 0.0016175117411024581, 0.0]","{""Controller Type"": ""MPC Controller"", ""weight_comfort"": 500.0, ""weight_trajectory"": 3000.0, ""weight_goal"": 1000.0, ""Q"": [[3000.0, 0.0, 0.0, 0.0], [0.0, 0.0, 0.0, 0.0], [0.0, 0.0, 3000.0, 0.0], [0.0, 0.0, 0.0, 0.0]], ""R"": [[500.0, 0.0], [0.0, 500.0]], ""P"": [[1000.0, 0.0, 0.0, 0.0], [0.0, 100000.0, 0.0, 0.0], [0.0, 0.0, 1000.0, 0.0], [0.0, 0.0, 0.0, 100000.0]]}","[0.14163825583836295, -0.11678464931530508, 0.0]",False
3,P02,10e57735-2e6f-4449-b4c9-0da2c57ab8b9,8,1,haply,mpc,seeded_random,1139142485,persist_session,10.0,1785830990.3169806,8001.5124422,0,1785830990.3117352,244,True,normal,fixed,-0.08,-0.08,0.0,0.08,-0.08,0.0,0.06112761900000001,-0.07755035999999998,0.0,0.05495529,-0.09550078,0.1494631,0.020860251,0.00382856,0.0010096438,"[1.0747439215529122, 0.3519114173171187, 0.0, 0.0, 0.0, 0.0, 0.4691297724260089, 0.5150174254018358]","[0.03990112532991698, -0.00020431893785896962, 0.0]","{""Controller Type"": ""MPC Controller"", ""weight_comfort"": 500.0, ""weight_trajectory"": 3000.0, ""weight_goal"": 1000.0, ""Q"": [[3000.0, 0.0, 0.0, 0.0], [0.0, 0.0, 0.0, 0.0], [0.0, 0.0, 3000.0, 0.0], [0.0, 0.0, 0.0, 0.0]], ""R"": [[500.0, 0.0], [0.0, 500.0]], ""P"": [[1000.0, 0.0, 0.0, 0.0], [0.0, 100000.0, 0.0, 0.0], [0.0, 0.0, 1000.0, 0.0], [0.0, 0.0, 0.0, 100000.0]]}","[0.20562883881740046, -0.15109074613646398, 0.0]",False
3,P02,10e57735-2e6f-4449-b4c9-0da2c57ab8b9,8,1,haply,mpc,seeded_random,1139142485,persist_session,10.0,1785830990.3270087,8001.522466452,0,1785830990.3217185,245,True,normal,fixed,-0.08,-0.08,0.0,0.08,-0.08,0.0,0.06171387899999999,-0.07750062000000002,0.0,0.055109132,-0.09553998,0.14948979,0.020079311,0.002922127,0.0011959942,"[1.0789382437375956, 0.3356256635973888, 0.0, 0.0, 0.0, 0.0, 0.466187307518098, 0.5185173539119136]","[0.03571172417575268, 0.0015905073627257163, 0.0]","{""Controller Type"": ""MPC Controller"", ""weight_comfort"": 500.0, ""weight_trajectory"": 3000.0, ""weight_goal"": 1000.0, ""Q"": [[3000.0, 0.0, 0.0, 0.0], [0.0, 0.0, 0.0, 0.0], [0.0, 0.0, 3000.0, 0.0], [0.0, 0.0, 0.0, 0.0]], ""R"": [[500.0, 0.0], [0.0, 500.0]], ""P"": [[1000.0, 0.0, 0.0, 0.0], [0.0, 100000.0, 0.0, 0.0], [0.0, 0.0, 1000.0, 0.0], [0.0, 0.0, 0.0, 100000.0]]}","[0.06650902354588424, -0.1505248627327426, 0.0]",False
3,P02,10e57735-2e6f-4449-b4c9-0da2c57ab8b9,8,1,haply,mpc,seeded_random,1139142485,persist_session,10.0,1785830990.3371365,8001.532599986,0,1785830990.332208,246,True,normal,fixed,-0.08,-0.08,0.0,0.08,-0.08,0.0,0.062175404999999996,-0.07744723999999997,0.0,0.055290647,-0.095505886,0.14949879,0.019518567,0.0021353287,0.0013710096,"[1.0653470718881741, 0.36844480666162727, 0.0, 0.0, 0.0, 0.0, 0.46643879755606527, 0.5182212683472293]","[0.0411176412647475, 0.001416136333419764, 0.0]","{""Controller Type"": ""MPC Controller"", ""weight_comfort"": 500.0, ""weight_trajectory"": 3000.0, ""weight_goal"": 1000.0, ""Q"": [[3000.0, 0.0, 0.0, 0.0], [0.0, 0.0, 0.0, 0.0], [0.0, 0.0, 3000.0, 0.0], [0.0, 0.0, 0.0, 0.0]], ""R"": [[500.0, 0.0], [0.0, 500.0]], ""P"": [[1000.0, 0.0, 0.0, 0.0], [0.0, 100000.0, 0.0, 0.0], [0.0, 0.0, 1000.0, 0.0], [0.0, 0.0, 0.0, 100000.0]]}","[0.06650902354588424, -0.1505248627327426, 0.0]",False
3,P02,10e57735-2e6f-4449-b4c9-0da2c57ab8b9,8,1,haply,mpc,seeded_random,1139142485,persist_session,10.0,1785830990.3468645,8001.542321138,0,1785830990.3420258,247,True,normal,fixed,-0.08,-0.08,0.0,0.08,-0.08,0.0,0.06271995,-0.07742924000000001,0.0,0.0554448,-0.09554467,0.14952558,0.019074688,0.0015747974,0.0014943178,"[1.0722341935041257, 0.3429532646919498, 0.0, 0.0, 0.0, 0.0, 0.4663646395392232, 0.5183085768888]","[0.034201743618310326, 0.0014471118030256777, 0.0]","{""Controller Type"": ""MPC Controller"", ""weight_comfort"": 500.0, ""weight_trajectory"": 3000.0, ""weight_goal"": 1000.0, ""Q"": [[3000.0, 0.0, 0.0, 0.0], [0.0, 0.0, 0.0, 0.0], [0.0, 0.0, 3000.0, 0.0], [0.0, 0.0, 0.0, 0.0]], ""R"": [[500.0, 0.0], [0.0, 500.0]], ""P"": [[1000.0, 0.0, 0.0, 0.0], [0.0, 100000.0, 0.0, 0.0], [0.0, 0.0, 1000.0, 0.0], [0.0, 0.0, 0.0, 100000.0]]}","[0.0631105388345633, -0.1245090808391764, 0.0]",False
3,P02,10e57735-2e6f-4449-b4c9-0da2c57ab8b9,8,1,haply,mpc,seeded_random,1139142485,persist_session,10.0,1785830990.356986,8001.552447055,0,1785830990.3522234,248,True,normal,fixed,-0.08,-0.08,0.0,0.08,-0.08,0.0,0.06318240900000001,-0.07737566000000001,0.0,0.055599146,-0.09558327,0.14955245,0.018729588,0.0011581111,0.0015866125,"[1.0607377381262262, 0.3707228329394512, 0.0, 0.0, 0.0, 0.0, 0.46810119102988046, 0.5165571173935072]","[0.03889168939461973, -0.0002563213360351291, 0.0]","{""Controller Type"": ""MPC Controller"", ""weight_comfort"": 500.0, ""weight_trajectory"": 3000.0, ""weight_goal"": 1000.0, ""Q"": [[3000.0, 0.0, 0.0, 0.0], [0.0, 0.0, 0.0, 0.0], [0.0, 0.0, 3000.0, 0.0], [0.0, 0.0, 0.0, 0.0]], ""R"": [[500.0, 0.0], [0.0, 500.0]], ""P"": [[1000.0, 0.0, 0.0, 0.0], [0.0, 100000.0, 0.0, 0.0], [0.0, 0.0, 1000.0, 0.0], [0.0, 0.0, 0.0, 100000.0]]}","[0.0631105388345633, -0.1245090808391764, 0.0]",False
3,P02,10e57735-2e6f-4449-b4c9-0da2c57ab8b9,8,1,haply,mpc,seeded_random,1139142485,persist_session,10.0,1785830990.3669317,8001.562384146,0,1785830990.3622549,249,True,normal,fixed,-0.08,-0.08,0.0,0.08,-0.08,0.0,0.06364544700000001,-0.07732191999999999,0.0,0.055739135,-0.09556998,0.14956327,0.018269796,0.0006976742,0.001678711,"[1.0670725259705531, 0.35128954014417935, 0.0, 0.0, 0.0, 0.0, 0.46516681019827555, 0.5200138926888894]","[0.03387643389307746, 0.0015114788298920745, 0.0]","{""Controller Type"": ""MPC Controller"", ""weight_comfort"": 500.0, ""weight_trajectory"": 3000.0, ""weight_goal"": 1000.0, ""Q"": [[3000.0, 0.0, 0.0, 0.0], [0.0, 0.0, 0.0, 0.0], [0.0, 0.0, 3000.0, 0.0], [0.0, 0.0, 0.0, 0.0]], ""R"": [[500.0, 0.0], [0.0, 500.0]], ""P"": [[1000.0, 0.0, 0.0, 0.0], [0.0, 100000.0, 0.0, 0.0], [0.0, 0.0, 1000.0, 0.0], [0.0, 0.0, 0.0, 100000.0]]}","[0.14091845348445098, -0.15826000931034334, 0.0]",False
3,P02,10e57735-2e6f-4449-b4c9-0da2c57ab8b9,8,1,haply,mpc,seeded_random,1139142485,persist_session,10.0,1785830990.3769293,8001.572391675,0,1785830990.3720481,250,True,normal,fixed,-0.08,-0.08,0.0,0.08,-0.08,0.0,0.06406541400000001,-0.07730028,0.0,0.05593563,-0.09558648,0.14958847,0.017834876,0.00031519812,0.0017513828,"[1.0667487601146788, 0.3522103689547965, 0.0, 0.0, 0.0, 0.0, 0.4650885324942345, 0.5201060950285835]","[0.03370372863986501, 0.0015407397299912104, 0.0]","{""Controller Type"": ""MPC Controller"", ""weight_comfort"": 500.0, ""weight_trajectory"": 3000.0, ""weight_goal"": 1000.0, ""Q"": [[3000.0, 0.0, 0.0, 0.0], [0.0, 0.0, 0.0, 0.0], [0.0, 0.0, 3000.0, 0.0], [0.0, 0.0, 0.0, 0.0]], ""R"": [[500.0, 0.0], [0.0, 500.0]], ""P"": [[1000.0, 0.0, 0.0, 0.0], [0.0, 100000.0, 0.0, 0.0], [0.0, 0.0, 1000.0, 0.0], [0.0, 0.0, 0.0, 100000.0]]}","[0.11808668374447315, -0.16145837897001777, 0.0]",False
3,P02,10e57735-2e6f-4449-b4c9-0da2c57ab8b9,8,1,haply,mpc,seeded_random,1139142485,persist_session,10.0,1785830990.3869214,8001.582363046,0,1785830990.381839,251,True,normal,fixed,-0.08,-0.08,0.0,0.08,-0.08,0.0,0.064654899,-0.07724987999999999,0.0,0.056075763,-0.09557277,0.14959933,0.017471032,6.856787e-05,0.0017922772,"[1.0688793956305853, 0.3456503222717212, 0.0, 0.0, 0.0, 0.0, 0.46695468257879064, 0.5181836828105387]","[0.031854733673677575, -0.00011562774830684887, 0.0]","{""Controller Type"": ""MPC Controller"", ""weight_comfort"": 500.0, ""weight_trajectory"": 3000.0, ""weight_goal"": 1000.0, ""Q"": [[3000.0, 0.0, 0.0, 0.0], [0.0, 0.0, 0.0, 0.0], [0.0, 0.0, 3000.0, 0.0], [0.0, 0.0, 0.0, 0.0]], ""R"": [[500.0, 0.0], [0.0, 500.0]], ""P"": [[1000.0, 0.0, 0.0, 0.0], [0.0, 100000.0, 0.0, 0.0], [0.0, 0.0, 1000.0, 0.0], [0.0, 0.0, 0.0, 100000.0]]}","[-0.0448450326610512, -0.16254453216119674, 0.0]",False
3,P02,10e57735-2e6f-4449-b4c9-0da2c57ab8b9,8,1,haply,mpc,seeded_random,1139142485,persist_session,10.0,1785830990.396929,8001.592395236,0,1785830990.3918366,252,True,normal,fixed,-0.08,-0.08,0.0,0.08,-0.08,0.0,0.065075298,-0.07722815999999999,0.0,0.056174148,-0.095580764,0.14961198,0.01715541,-0.00010589938,0.0018172829,"[1.0450088211173378, 0.3944222003216352, 0.0, 0.0, 0.0, 0.0, 0.46430558676816364, 0.5212755993446223]","[0.03978292226809167, 0.0014064422508003624, 0.0]","{""Controller Type"": ""MPC Controller"", ""weight_comfort"": 500.0, ""weight_trajectory"": 3000.0, ""weight_goal"": 1000.0, ""Q"": [[3000.0, 0.0, 0.0, 0.0], [0.0, 0.0, 0.0, 0.0], [0.0, 0.0, 3000.0, 0.0], [0.0, 0.0, 0.0, 0.0]], ""R"": [[500.0, 0.0], [0.0, 500.0]], ""P"": [[1000.0, 0.0, 0.0, 0.0], [0.0, 100000.0, 0.0, 0.0], [0.0, 0.0, 1000.0, 0.0], [0.0, 0.0, 0.0, 100000.0]]}","[0.10843531817285103, -0.1360506591535389, 0.0]",False
3,P02,10e57735-2e6f-4449-b4c9-0da2c57ab8b9,8,1,haply,mpc,seeded_random,1139142485,persist_session,10.0,1785830990.406986,8001.60244732,0,1785830990.4018831,253,True,normal,fixed,-0.08,-0.08,0.0,0.08,-0.08,0.0,0.065370453,-0.07720285999999998,0.0,0.056287363,-0.09564029,0.14964083,0.016791943,-0.00028608632,0.0018385499,"[1.0565708094471409, 0.36143187362665613, 0.0, 0.0, 0.0, 0.0, 0.46605356665133735, 0.5194869509704966]","[0.03096720232384216, -0.000163230106156058, 0.0]","{""Controller Type"": ""MPC Controller"", ""weight_comfort"": 500.0, ""weight_trajectory"": 3000.0, ""weight_goal"": 1000.0, ""Q"": [[3000.0, 0.0, 0.0, 0.0], [0.0, 0.0, 0.0, 0.0], [0.0, 0.0, 3000.0, 0.0], [0.0, 0.0, 0.0, 0.0]], ""R"": [[500.0, 0.0], [0.0, 500.0]], ""P"": [[1000.0, 0.0, 0.0, 0.0], [0.0, 100000.0, 0.0, 0.0], [0.0, 0.0, 1000.0, 0.0], [0.0, 0.0, 0.0, 100000.0]]}","[0.21534126022568617, -0.14029466749839037, 0.0]",False
3,P02,10e57735-2e6f-4449-b4c9-0da2c57ab8b9,8,1,haply,mpc,seeded_random,1139142485,persist_session,10.0,1785830990.416949,8001.612407807,0,1785830990.4118547,254,True,normal,fixed,-0.08,-0.08,0.0,0.08,-0.08,0.0,0.065710098,-0.07714515999999999,0.0,0.05642775,-0.09562624,0.1496518,0.016190736,-0.0005846332,0.0018676113,"[1.0578590165319526, 0.34771394519114374, 0.0, 0.0, 0.0, 0.0, 0.46583784723529054, 0.5197124828689701]","[0.025691465527753483, 5.775381068572928e-06, 0.0]","{""Controller Type"": ""MPC Controller"", ""weight_comfort"": 500.0, ""weight_trajectory"": 3000.0, ""weight_goal"": 1000.0, ""Q"": [[3000.0, 0.0, 0.0, 0.0], [0.0, 0.0, 0.0, 0.0], [0.0, 0.0, 3000.0, 0.0], [0.0, 0.0, 0.0, 0.0]], ""R"": [[500.0, 0.0], [0.0, 500.0]], ""P"": [[1000.0, 0.0, 0.0, 0.0], [0.0, 100000.0, 0.0, 0.0], [0.0, 0.0, 1000.0, 0.0], [0.0, 0.0, 0.0, 100000.0]]}","[0.16093240669529807, -0.17281222030131138, 0.0]",False
3,P02,10e57735-2e6f-4449-b4c9-0da2c57ab8b9,8,1,haply,mpc,seeded_random,1139142485,persist_session,10.0,1785830990.4268734,8001.622333334,0,1785830990.421885,255,True,normal,fixed,-0.08,-0.08,0.0,0.08,-0.08,0.0,0.066131259,-0.07712321999999999,0.0,0.05648447,-0.09565586,0.14966625,0.015605675,-0.0009542472,0.0019175251,"[1.0563954795654757, 0.3536984527393688, 0.0, 0.0, 0.0, 0.0, 0.46267998658853066, 0.523438799176412]","[0.027143171071380888, 0.0017079607891087288, 0.0]","{""Controller Type"": ""MPC Controller"", ""weight_comfort"": 500.0, ""weight_trajectory"": 3000.0, ""weight_goal"": 1000.0, ""Q"": [[3000.0, 0.0, 0.0, 0.0], [0.0, 0.0, 0.0, 0.0], [0.0, 0.0, 3000.0, 0.0], [0.0, 0.0, 0.0, 0.0]], ""R"": [[500.0, 0.0], [0.0, 500.0]], ""P"": [[1000.0, 0.0, 0.0, 0.0], [0.0, 100000.0, 0.0, 0.0], [0.0, 0.0, 1000.0, 0.0], [0.0, 0.0, 0.0, 100000.0]]}","[0.07392135114245495, -0.1405807193249106, 0.0]",False
3,P02,10e57735-2e6f-4449-b4c9-0da2c57ab8b9,8,1,haply,mpc,seeded_random,1139142485,persist_session,10.0,1785830990.4369566,8001.632415316,0,1785830990.4318197,256,True,normal,fixed,-0.08,-0.08,0.0,0.08,-0.08,0.0,0.066301419,-0.07709432,0.0,0.05658311,-0.09566353,0.14967899,0.014855124,-0.0012407084,0.0019255658,"[1.051000692743852, 0.3676240467161288, 0.0, 0.0, 0.0, 0.0, 0.4648490211153087, 0.5212296797664387]","[0.030012222818879778, -0.00019714157036467136, 0.0]","{""Controller Type"": ""MPC Controller"", ""weight_comfort"": 500.0, ""weight_trajectory"": 3000.0, ""weight_goal"": 1000.0, ""Q"": [[3000.0, 0.0, 0.0, 0.0], [0.0, 0.0, 0.0, 0.0], [0.0, 0.0, 3000.0, 0.0], [0.0, 0.0, 0.0, 0.0]], ""R"": [[500.0, 0.0], [0.0, 500.0]], ""P"": [[1000.0, 0.0, 0.0, 0.0], [0.0, 100000.0, 0.0, 0.0], [0.0, 0.0, 1000.0, 0.0], [0.0, 0.0, 0.0, 100000.0]]}","[0.2972592320588423, -0.14843733707212792, 0.0]",False
3,P02,10e57735-2e6f-4449-b4c9-0da2c57ab8b9,8,1,haply,mpc,seeded_random,1139142485,persist_session,10.0,1785830990.446833,8001.642300594,0,1785830990.441865,257,True,normal,fixed,-0.08,-0.08,0.0,0.08,-0.08,0.0,0.066597339,-0.07706883999999997,0.0,0.056639884,-0.09569306,0.14969349,0.013994306,-0.0015347999,0.0019232549,"[1.0419691384844503, 0.3575952055513412, 0.0, 0.0, 0.0, 0.0, 0.4643540513028616, 0.5217557782584388]","[0.02039835616911326, 0.00016852659233636703, 0.0]","{""Controller Type"": ""MPC Controller"", ""weight_comfort"": 500.0, ""weight_trajectory"": 3000.0, ""weight_goal"": 1000.0, ""Q"": [[3000.0, 0.0, 0.0, 0.0], [0.0, 0.0, 0.0, 0.0], [0.0, 0.0, 3000.0, 0.0], [0.0, 0.0, 0.0, 0.0]], ""R"": [[500.0, 0.0], [0.0, 500.0]], ""P"": [[1000.0, 0.0, 0.0, 0.0], [0.0, 100000.0, 0.0, 0.0], [0.0, 0.0, 1000.0, 0.0], [0.0, 0.0, 0.0, 100000.0]]}","[0.17385464210223345, -0.1460730677786394, 0.0]",False
3,P02,10e57735-2e6f-4449-b4c9-0da2c57ab8b9,8,1,haply,mpc,seeded_random,1139142485,persist_session,10.0,1785830990.4570818,8001.652538238,0,1785830990.451778,258,True,normal,fixed,-0.08,-0.08,0.0,0.08,-0.08,0.0,0.066767661,-0.07703983999999997,0.0,0.05671173,-0.09577431,0.1497244,0.012952959,-0.0019167016,0.0019257836,"[1.0395342456645325, 0.3711442318513594, 0.0, 0.0, 0.0, 0.0, 0.4645944349813238, 0.5215060048986836]","[0.024865907918002035, -3.899431245392806e-05, 0.0]","{""Controller Type"": ""MPC Controller"", ""weight_comfort"": 500.0, ""weight_trajectory"": 3000.0, ""weight_goal"": 1000.0, ""Q"": [[3000.0, 0.0, 0.0, 0.0], [0.0, 0.0, 0.0, 0.0], [0.0, 0.0, 3000.0, 0.0], [0.0, 0.0, 0.0, 0.0]], ""R"": [[500.0, 0.0], [0.0, 500.0]], ""P"": [[1000.0, 0.0, 0.0, 0.0], [0.0, 100000.0, 0.0, 0.0], [0.0, 0.0, 1000.0, 0.0], [0.0, 0.0, 0.0, 100000.0]]}","[0.28127641892705785, -0.15086964266118366, 0.0]",False
3,P02,10e57735-2e6f-4449-b4c9-0da2c57ab8b9,8,1,haply,mpc,seeded_random,1139142485,persist_session,10.0,1785830990.4670627,8001.662514366,0,1785830990.4618716,259,True,normal,fixed,-0.08,-0.08,0.0,0.08,-0.08,0.0,0.06698319900000001,-0.07697801999999998,0.0,0.056810543,-0.09578174,0.1497372,0.01199963,-0.0022205343,0.0019151232,"[1.0355231231780986, 0.36583947255967425, 0.0, 0.0, 0.0, 0.0, 0.46432348035245163, 0.5217934211616871]","[0.01998815047712505, 0.00015201449176749588, 0.0]","{""Controller Type"": ""MPC Controller"", ""weight_comfort"": 500.0, ""weight_trajectory"": 3000.0, ""weight_goal"": 1000.0, ""Q"": [[3000.0, 0.0, 0.0, 0.0], [0.0, 0.0, 0.0, 0.0], [0.0, 0.0, 3000.0, 0.0], [0.0, 0.0, 0.0, 0.0]], ""R"": [[500.0, 0.0], [0.0, 500.0]], ""P"": [[1000.0, 0.0, 0.0, 0.0], [0.0, 100000.0, 0.0, 0.0], [0.0, 0.0, 1000.0, 0.0], [0.0, 0.0, 0.0, 100000.0]]}","[0.28127641892705785, -0.15086964266118366, 0.0]",False
3,P02,10e57735-2e6f-4449-b4c9-0da2c57ab8b9,8,1,haply,mpc,seeded_random,1139142485,persist_session,10.0,1785830990.4769814,8001.672440251,0,1785830990.471725,260,True,normal,fixed,-0.08,-0.08,0.0,0.08,-0.08,0.0,0.067279638,-0.07695242000000002,0.0,0.05686751,-0.09581133,0.14975183,0.011138483,-0.0024968344,0.0019063243,"[1.0359918788211573, 0.3684811256536608, 0.0, 0.0, 0.0, 0.0, 0.4610774474179791, 0.5256238015633653]","[0.02135374991872789, 0.001825878738280094, 0.0]","{""Controller Type"": ""MPC Controller"", ""weight_comfort"": 500.0, ""weight_trajectory"": 3000.0, ""weight_goal"": 1000.0, ""Q"": [[3000.0, 0.0, 0.0, 0.0], [0.0, 0.0, 0.0, 0.0], [0.0, 0.0, 3000.0, 0.0], [0.0, 0.0, 0.0, 0.0]], ""R"": [[500.0, 0.0], [0.0, 500.0]], ""P"": [[1000.0, 0.0, 0.0, 0.0], [0.0, 100000.0, 0.0, 0.0], [0.0, 0.0, 1000.0, 0.0], [0.0, 0.0, 0.0, 100000.0]]}","[0.14542061467440806, -0.15151411520849395, 0.0]",False
3,P02,10e57735-2e6f-4449-b4c9-0da2c57ab8b9,8,1,haply,mpc,seeded_random,1139142485,persist_session,10.0,1785830990.487429,8001.682884383,0,1785830990.481953,261,True,normal,fixed,-0.08,-0.08,0.0,0.08,-0.08,0.0,0.067450539,-0.07692315999999999,0.0,0.056966428,-0.09581866,0.14976466,0.010510113,-0.002707312,0.0019033175,"[1.0335311458397693, 0.3787830565629333, 0.0, 0.0, 0.0, 0.0, 0.4634843528217581, 0.5231287179423801]","[0.024542600598420755, -5.336611680127742e-05, 0.0]","{""Controller Type"": ""MPC Controller"", ""weight_comfort"": 500.0, ""weight_trajectory"": 3000.0, ""weight_goal"": 1000.0, ""Q"": [[3000.0, 0.0, 0.0, 0.0], [0.0, 0.0, 0.0, 0.0], [0.0, 0.0, 3000.0, 0.0], [0.0, 0.0, 0.0, 0.0]], ""R"": [[500.0, 0.0], [0.0, 500.0]], ""P"": [[1000.0, 0.0, 0.0, 0.0], [0.0, 100000.0, 0.0, 0.0], [0.0, 0.0, 1000.0, 0.0], [0.0, 0.0, 0.0, 100000.0]]}","[0.14542061467440806, -0.15151411520849395, 0.0]",False
3,P02,10e57735-2e6f-4449-b4c9-0da2c57ab8b9,8,1,haply,mpc,seeded_random,1139142485,persist_session,10.0,1785830990.4970012,8001.692458709,0,1785830990.491773,262,True,normal,fixed,-0.08,-0.08,0.0,0.08,-0.08,0.0,0.067747293,-0.07689750000000001,0.0,0.057089012,-0.09591189,0.14975026,0.010069946,-0.0028865607,0.001881742,"[1.0297482924083765, 0.37314641277776983, 0.0, 0.0, 0.0, 0.0, 0.4633040029624246, 0.5233182145894053]","[0.019157788231738776, 7.159494521555374e-05, 0.0]","{""Controller Type"": ""MPC Controller"", ""weight_comfort"": 500.0, ""weight_trajectory"": 3000.0, ""weight_goal"": 1000.0, ""Q"": [[3000.0, 0.0, 0.0, 0.0], [0.0, 0.0, 0.0, 0.0], [0.0, 0.0, 3000.0, 0.0], [0.0, 0.0, 0.0, 0.0]], ""R"": [[500.0, 0.0], [0.0, 500.0]], ""P"": [[1000.0, 0.0, 0.0, 0.0], [0.0, 100000.0, 0.0, 0.0], [0.0, 0.0, 1000.0, 0.0], [0.0, 0.0, 0.0, 100000.0]]}","[0.12864931899199158, -0.15395089979580778, 0.0]",False
3,P02,10e57735-2e6f-4449-b4c9-0da2c57ab8b9,8,1,haply,mpc,seeded_random,1139142485,persist_session,10.0,1785830990.5068245,8001.702288807,0,1785830990.501852,263,True,normal,fixed,-0.08,-0.08,0.0,0.08,-0.08,0.0,0.06811504500000001,-0.0769263,0.0,0.057230085,-0.09589687,0.14976136,0.00984824,-0.0029627066,0.0018576906,"[1.025290007965141, 0.3897141611385754, 0.0, 0.0, 0.0, 0.0, 0.4634757808610076, 0.5231404784369379]","[0.02433950468391653, -7.094726058864834e-05, 0.0]","{""Controller Type"": ""MPC Controller"", ""weight_comfort"": 500.0, ""weight_trajectory"": 3000.0, ""weight_goal"": 1000.0, ""Q"": [[3000.0, 0.0, 0.0, 0.0], [0.0, 0.0, 0.0, 0.0], [0.0, 0.0, 3000.0, 0.0], [0.0, 0.0, 0.0, 0.0]], ""R"": [[500.0, 0.0], [0.0, 500.0]], ""P"": [[1000.0, 0.0, 0.0, 0.0], [0.0, 100000.0, 0.0, 0.0], [0.0, 0.0, 1000.0, 0.0], [0.0, 0.0, 0.0, 100000.0]]}","[0.12864931899199158, -0.15395089979580778, 0.0]",False
3,P02,10e57735-2e6f-4449-b4c9-0da2c57ab8b9,8,1,haply,mpc,seeded_random,1139142485,persist_session,10.0,1785830990.5170245,8001.71248836,0,1785830990.5117486,264,True,normal,fixed,-0.08,-0.08,0.0,0.08,-0.08,0.0,0.068538264,-0.07690409999999998,0.0,0.057344507,-0.09595556,0.14979078,0.009775039,-0.0029076708,0.0018195019,"[1.0215147499016992, 0.3992863008983661, 0.0, 0.0, 0.0, 0.0, 0.4641057988038385, 0.5237230304761761]","[0.02670918714541058, -0.002923000378800472, 0.0]","{""Controller Type"": ""MPC Controller"", ""weight_comfort"": 500.0, ""weight_trajectory"": 3000.0, ""weight_goal"": 1000.0, ""Q"": [[3000.0, 0.0, 0.0, 0.0], [0.0, 0.0, 0.0, 0.0], [0.0, 0.0, 3000.0, 0.0], [0.0, 0.0, 0.0, 0.0]], ""R"": [[500.0, 0.0], [0.0, 500.0]], ""P"": [[1000.0, 0.0, 0.0, 0.0], [0.0, 100000.0, 0.0, 0.0], [0.0, 0.0, 1000.0, 0.0], [0.0, 0.0, 0.0, 100000.0]]}","[-0.013173719262581348, -0.15026821929009299, 0.0]",False
3,P02,10e57735-2e6f-4449-b4c9-0da2c57ab8b9,8,1,haply,mpc,seeded_random,1139142485,persist_session,10.0,1785830990.5271187,8001.722570417,0,1785830990.5218818,265,True,normal,fixed,-0.08,-0.08,0.0,0.08,-0.08,0.0,0.06888153000000001,-0.07684525999999997,0.0,0.057501055,-0.09599172,0.14981847,0.009779667,-0.002846341,0.0017937344,"[1.0158007387256398, 0.4113553691471983, 0.0, 0.0, 0.0, 0.0, 0.4607792437405084, 0.5270860271758251]","[0.02923422194419569, -0.00024415997358994573, 0.0]","{""Controller Type"": ""MPC Controller"", ""weight_comfort"": 500.0, ""weight_trajectory"": 3000.0, ""weight_goal"": 1000.0, ""Q"": [[3000.0, 0.0, 0.0, 0.0], [0.0, 0.0, 0.0, 0.0], [0.0, 0.0, 3000.0, 0.0], [0.0, 0.0, 0.0, 0.0]], ""R"": [[500.0, 0.0], [0.0, 500.0]], ""P"": [[1000.0, 0.0, 0.0, 0.0], [0.0, 100000.0, 0.0, 0.0], [0.0, 0.0, 1000.0, 0.0], [0.0, 0.0, 0.0, 100000.0]]}","[-0.013173719262581348, -0.15026821929009299, 0.0]",False
3,P02,10e57735-2e6f-4449-b4c9-0da2c57ab8b9,8,1,haply,mpc,seeded_random,1139142485,persist_session,10.0,1785830990.5369399,8001.732400124,0,1785830990.5316799,266,True,normal,fixed,-0.08,-0.08,0.0,0.08,-0.08,0.0,0.06935117400000002,-0.07678987999999998,0.0,0.057642408,-0.09597615,0.14982966,0.009969555,-0.0027138246,0.0018012808,"[1.0210554924244133, 0.3979069405031296, 0.0, 0.0, 0.0, 0.0, 0.4572056103182556, 0.5312474098678714]","[0.024831735260568248, 0.001642385559567008, 0.0]","{""Controller Type"": ""MPC Controller"", ""weight_comfort"": 500.0, ""weight_trajectory"": 3000.0, ""weight_goal"": 1000.0, ""Q"": [[3000.0, 0.0, 0.0, 0.0], [0.0, 0.0, 0.0, 0.0], [0.0, 0.0, 3000.0, 0.0], [0.0, 0.0, 0.0, 0.0]], ""R"": [[500.0, 0.0], [0.0, 500.0]], ""P"": [[1000.0, 0.0, 0.0, 0.0], [0.0, 100000.0, 0.0, 0.0], [0.0, 0.0, 1000.0, 0.0], [0.0, 0.0, 0.0, 100000.0]]}","[-0.08777676469354309, -0.1864488293233857, 0.0]",False
3,P02,10e57735-2e6f-4449-b4c9-0da2c57ab8b9,8,1,haply,mpc,seeded_random,1139142485,persist_session,10.0,1785830990.5469792,8001.742438227,0,1785830990.541901,267,True,normal,fixed,-0.08,-0.08,0.0,0.08,-0.08,0.0,0.06977523299999999,-0.07676749999999999,0.0,0.057741832,-0.09598294,0.14984268,0.010401707,-0.0024408973,0.0017959723,"[1.0036811622437745, 0.43065886811832593, 0.0, 0.0, 0.0, 0.0, 0.4573809181608267, 0.5310445433458225]","[0.03133053706304143, 0.0015332931868840194, 0.0]","{""Controller Type"": ""MPC Controller"", ""weight_comfort"": 500.0, ""weight_trajectory"": 3000.0, ""weight_goal"": 1000.0, ""Q"": [[3000.0, 0.0, 0.0, 0.0], [0.0, 0.0, 0.0, 0.0], [0.0, 0.0, 3000.0, 0.0], [0.0, 0.0, 0.0, 0.0]], ""R"": [[500.0, 0.0], [0.0, 500.0]], ""P"": [[1000.0, 0.0, 0.0, 0.0], [0.0, 100000.0, 0.0, 0.0], [0.0, 0.0, 1000.0, 0.0], [0.0, 0.0, 0.0, 100000.0]]}","[-0.08777676469354309, -0.1864488293233857, 0.0]",False
3,P02,10e57735-2e6f-4449-b4c9-0da2c57ab8b9,8,1,haply,mpc,seeded_random,1139142485,persist_session,10.0,1785830990.5569818,8001.752438617,0,1785830990.551782,268,True,normal,fixed,-0.08,-0.08,0.0,0.08,-0.08,0.0,0.07007350500000001,-0.07674145999999998,0.0,0.05788327,-0.095967,0.14985386,0.010896866,-0.0021148536,0.0017768363,"[1.0101942586042332, 0.4176550760881047, 0.0, 0.0, 0.0, 0.0, 0.4596136287730104, 0.5288104771563785]","[0.027656677754631043, -0.0003278400601042701, 0.0]","{""Controller Type"": ""MPC Controller"", ""weight_comfort"": 500.0, ""weight_trajectory"": 3000.0, ""weight_goal"": 1000.0, ""Q"": [[3000.0, 0.0, 0.0, 0.0], [0.0, 0.0, 0.0, 0.0], [0.0, 0.0, 3000.0, 0.0], [0.0, 0.0, 0.0, 0.0]], ""R"": [[500.0, 0.0], [0.0, 500.0]], ""P"": [[1000.0, 0.0, 0.0, 0.0], [0.0, 100000.0, 0.0, 0.0], [0.0, 0.0, 1000.0, 0.0], [0.0, 0.0, 0.0, 100000.0]]}","[0.05167791484041961, -0.16068948503620067, 0.0]",False
3,P02,10e57735-2e6f-4449-b4c9-0da2c57ab8b9,8,1,haply,mpc,seeded_random,1139142485,persist_session,10.0,1785830990.5672061,8001.76265042,0,1785830990.561825,269,True,normal,fixed,-0.08,-0.08,0.0,0.08,-0.08,0.0,0.070497819,-0.07671909999999998,0.0,0.057982795,-0.09597355,0.14986688,0.011267593,-0.001851739,0.0017577567,"[1.0162305253352957, 0.4021621013012862, 0.0, 0.0, 0.0, 0.0, 0.4592925502018394, 0.5291406048459959]","[0.022227709531284133, -0.00010211585931136258, 0.0]","{""Controller Type"": ""MPC Controller"", ""weight_comfort"": 500.0, ""weight_trajectory"": 3000.0, ""weight_goal"": 1000.0, ""Q"": [[3000.0, 0.0, 0.0, 0.0], [0.0, 0.0, 0.0, 0.0], [0.0, 0.0, 3000.0, 0.0], [0.0, 0.0, 0.0, 0.0]], ""R"": [[500.0, 0.0], [0.0, 500.0]], ""P"": [[1000.0, 0.0, 0.0, 0.0], [0.0, 100000.0, 0.0, 0.0], [0.0, 0.0, 1000.0, 0.0], [0.0, 0.0, 0.0, 100000.0]]}","[-0.07351709065939915, -0.15785812551340944, 0.0]",False
3,P02,10e57735-2e6f-4449-b4c9-0da2c57ab8b9,8,1,haply,mpc,seeded_random,1139142485,persist_session,10.0,1785830990.5772455,8001.772704107,0,1785830990.5720732,270,True,normal,fixed,-0.08,-0.08,0.0,0.08,-0.08,0.0,0.07079639399999998,-0.07669305999999998,0.0,0.058066767,-0.09592841,0.14986329,0.011487106,-0.0016337717,0.0017313963,"[1.0035217888956631, 0.4262652510127172, 0.0, 0.0, 0.0, 0.0, 0.45956373182839394, 0.5288691839639328]","[0.027544977180362175, -0.0003303112615805888, 0.0]","{""Controller Type"": ""MPC Controller"", ""weight_comfort"": 500.0, ""weight_trajectory"": 3000.0, ""weight_goal"": 1000.0, ""Q"": [[3000.0, 0.0, 0.0, 0.0], [0.0, 0.0, 0.0, 0.0], [0.0, 0.0, 3000.0, 0.0], [0.0, 0.0, 0.0, 0.0]], ""R"": [[500.0, 0.0], [0.0, 500.0]], ""P"": [[1000.0, 0.0, 0.0, 0.0], [0.0, 100000.0, 0.0, 0.0], [0.0, 0.0, 1000.0, 0.0], [0.0, 0.0, 0.0, 100000.0]]}","[-0.07351709065939915, -0.15785812551340944, 0.0]",False
3,P02,10e57735-2e6f-4449-b4c9-0da2c57ab8b9,8,1,haply,mpc,seeded_random,1139142485,persist_session,10.0,1785830990.587448,8001.782899965,0,1785830990.5818903,271,True,normal,fixed,-0.08,-0.08,0.0,0.08,-0.08,0.0,0.07104831,-0.07670023999999998,0.0,0.058124367,-0.09595738,0.14987814,0.011529851,-0.0013999244,0.0016781808,"[1.0104256791441564, 0.4093515409322776, 0.0, 0.0, 0.0, 0.0, 0.4593451827316585, 0.5290921210892146]","[0.021225783445246983, -0.00017463671746542294, 0.0]","{""Controller Type"": ""MPC Controller"", ""weight_comfort"": 500.0, ""weight_trajectory"": 3000.0, ""weight_goal"": 1000.0, ""Q"": [[3000.0, 0.0, 0.0, 0.0], [0.0, 0.0, 0.0, 0.0], [0.0, 0.0, 3000.0, 0.0], [0.0, 0.0, 0.0, 0.0]], ""R"": [[500.0, 0.0], [0.0, 500.0]], ""P"": [[1000.0, 0.0, 0.0, 0.0], [0.0, 100000.0, 0.0, 0.0], [0.0, 0.0, 1000.0, 0.0], [0.0, 0.0, 0.0, 100000.0]]}","[0.037361749783558926, -0.16184545261099817, 0.0]",False
3,P02,10e57735-2e6f-4449-b4c9-0da2c57ab8b9,8,1,haply,mpc,seeded_random,1139142485,persist_session,10.0,1785830990.5975616,8001.793016182,0,1785830990.591919,272,True,normal,fixed,-0.08,-0.08,0.0,0.08,-0.08,0.0,0.07122111,-0.07667054000000001,0.0,0.058181968,-0.09598631,0.149893,0.011368947,-0.0012347321,0.0016196673,"[1.0119138948175934, 0.40521310639708014, 0.0, 0.0, 0.0, 0.0, 0.4605664472278295, 0.5283209485674832]","[0.019456463323861084, -0.001906159547054983, 0.0]","{""Controller Type"": ""MPC Controller"", ""weight_comfort"": 500.0, ""weight_trajectory"": 3000.0, ""weight_goal"": 1000.0, ""Q"": [[3000.0, 0.0, 0.0, 0.0], [0.0, 0.0, 0.0, 0.0], [0.0, 0.0, 3000.0, 0.0], [0.0, 0.0, 0.0, 0.0]], ""R"": [[500.0, 0.0], [0.0, 500.0]], ""P"": [[1000.0, 0.0, 0.0, 0.0], [0.0, 100000.0, 0.0, 0.0], [0.0, 0.0, 1000.0, 0.0], [0.0, 0.0, 0.0, 100000.0]]}","[0.06098806055393105, -0.13140431861317334, 0.0]",False
3,P02,10e57735-2e6f-4449-b4c9-0da2c57ab8b9,8,1,haply,mpc,seeded_random,1139142485,persist_session,10.0,1785830990.606998,8001.802442114,0,1785830990.6018324,273,True,normal,fixed,-0.08,-0.08,0.0,0.08,-0.08,0.0,0.071393913,-0.07664082,0.0,0.05828165,-0.095992595,0.14990608,0.010845781,-0.0011539194,0.0015434641,"[1.012270250785333, 0.39987763243639024, 0.0, 0.0, 0.0, 0.0, 0.4577826006575046, 0.5312258557481804]","[0.01577678828087819, 4.907235513065193e-05, 0.0]","{""Controller Type"": ""MPC Controller"", ""weight_comfort"": 500.0, ""weight_trajectory"": 3000.0, ""weight_goal"": 1000.0, ""Q"": [[3000.0, 0.0, 0.0, 0.0], [0.0, 0.0, 0.0, 0.0], [0.0, 0.0, 3000.0, 0.0], [0.0, 0.0, 0.0, 0.0]], ""R"": [[500.0, 0.0], [0.0, 500.0]], ""P"": [[1000.0, 0.0, 0.0, 0.0], [0.0, 100000.0, 0.0, 0.0], [0.0, 0.0, 1000.0, 0.0], [0.0, 0.0, 0.0, 100000.0]]}","[0.12531023598610502, -0.16824184995491123, 0.0]",False
3,P02,10e57735-2e6f-4449-b4c9-0da2c57ab8b9,8,1,haply,mpc,seeded_random,1139142485,persist_session,10.0,1785830990.6173105,8001.812755026,0,1785830990.6119204,274,True,normal,fixed,-0.08,-0.08,0.0,0.08,-0.08,0.0,0.071692959,-0.07661466,0.0,0.0583325,-0.09600432,0.14986047,0.010365371,-0.0011315921,0.0014878057,"[1.0122673175807189, 0.3999068116998616, 0.0, 0.0, 0.0, 0.0, 0.4577549317705687, 0.5312547428569382]","[0.01568250677488747, 5.49933553825664e-05, 0.0]","{""Controller Type"": ""MPC Controller"", ""weight_comfort"": 500.0, ""weight_trajectory"": 3000.0, ""weight_goal"": 1000.0, ""Q"": [[3000.0, 0.0, 0.0, 0.0], [0.0, 0.0, 0.0, 0.0], [0.0, 0.0, 3000.0, 0.0], [0.0, 0.0, 0.0, 0.0]], ""R"": [[500.0, 0.0], [0.0, 500.0]], ""P"": [[1000.0, 0.0, 0.0, 0.0], [0.0, 100000.0, 0.0, 0.0], [0.0, 0.0, 1000.0, 0.0], [0.0, 0.0, 0.0, 100000.0]]}","[0.12531023598610502, -0.16824184995491123, 0.0]",False
3,P02,10e57735-2e6f-4449-b4c9-0da2c57ab8b9,8,1,haply,mpc,seeded_random,1139142485,persist_session,10.0,1785830990.6269894,8001.822441149,0,1785830990.621924,275,True,normal,fixed,-0.08,-0.08,0.0,0.08,-0.08,0.0,0.071845509,-0.07670588,0.0,0.058390237,-0.09603324,0.14987537,0.009828515,-0.0011177527,0.001385346,"[1.004789283372352, 0.41625474837136067, 0.0, 0.0, 0.0, 0.0, 0.4580452765945316, 0.5309587084271609]","[0.02068621174492108, -0.0001737629696082208, 0.0]","{""Controller Type"": ""MPC Controller"", ""weight_comfort"": 500.0, ""weight_trajectory"": 3000.0, ""weight_goal"": 1000.0, ""Q"": [[3000.0, 0.0, 0.0, 0.0], [0.0, 0.0, 0.0, 0.0], [0.0, 0.0, 3000.0, 0.0], [0.0, 0.0, 0.0, 0.0]], ""R"": [[500.0, 0.0], [0.0, 500.0]], ""P"": [[1000.0, 0.0, 0.0, 0.0], [0.0, 100000.0, 0.0, 0.0], [0.0, 0.0, 1000.0, 0.0], [0.0, 0.0, 0.0, 100000.0]]}","[0.1304041017202501, -0.05391397583530698, 0.0]",False
3,P02,10e57735-2e6f-4449-b4c9-0da2c57ab8b9,8,1,haply,mpc,seeded_random,1139142485,persist_session,10.0,1785830990.6376026,8001.833038031,0,1785830990.6320503,276,True,normal,fixed,-0.08,-0.08,0.0,0.08,-0.08,0.0,0.07201872,-0.07667607999999998,0.0,0.05844801,-0.09606211,0.14989032,0.009236508,-0.0011396685,0.0012844974,"[1.0048657280958648, 0.4084693223195013, 0.0, 0.0, 0.0, 0.0, 0.45218041913325074, 0.542911301968285]","[0.014423146332313171, -0.006440207682196959, 0.0]","{""Controller Type"": ""MPC Controller"", ""weight_comfort"": 500.0, ""weight_trajectory"": 3000.0, ""weight_goal"": 1000.0, ""Q"": [[3000.0, 0.0, 0.0, 0.0], [0.0, 0.0, 0.0, 0.0], [0.0, 0.0, 3000.0, 0.0], [0.0, 0.0, 0.0, 0.0]], ""R"": [[500.0, 0.0], [0.0, 500.0]], ""P"": [[1000.0, 0.0, 0.0, 0.0], [0.0, 100000.0, 0.0, 0.0], [0.0, 0.0, 1000.0, 0.0], [0.0, 0.0, 0.0, 100000.0]]}","[0.1304041017202501, -0.05391397583530698, 0.0]",False
3,P02,10e57735-2e6f-4449-b4c9-0da2c57ab8b9,8,1,haply,mpc,seeded_random,1139142485,persist_session,10.0,1785830990.6471283,8001.842573821,0,1785830990.641907,277,True,normal,fixed,-0.08,-0.08,0.0,0.08,-0.08,0.0,0.07219203900000001,-0.07664618000000001,0.0,0.05849005,-0.09603935,0.1498885,0.008685459,-0.0012701096,0.0012170331,"[1.0046949086313695, 0.4095676364440894, 0.0, 0.0, 0.0, 0.0, 0.4431732979295733, 0.5523030104293616]","[0.015024395436888237, 0.00015225400563069198, 0.0]","{""Controller Type"": ""MPC Controller"", ""weight_comfort"": 500.0, ""weight_trajectory"": 3000.0, ""weight_goal"": 1000.0, ""Q"": [[3000.0, 0.0, 0.0, 0.0], [0.0, 0.0, 0.0, 0.0], [0.0, 0.0, 3000.0, 0.0], [0.0, 0.0, 0.0, 0.0]], ""R"": [[500.0, 0.0], [0.0, 500.0]], ""P"": [[1000.0, 0.0, 0.0, 0.0], [0.0, 100000.0, 0.0, 0.0], [0.0, 0.0, 1000.0, 0.0], [0.0, 0.0, 0.0, 100000.0]]}","[0.10756080465670767, -0.1662579193068847, 0.0]",False
3,P02,10e57735-2e6f-4449-b4c9-0da2c57ab8b9,8,1,haply,mpc,seeded_random,1139142485,persist_session,10.0,1785830990.6568615,8001.852313369,0,1785830990.6519587,278,True,normal,fixed,-0.08,-0.08,0.0,0.08,-0.08,0.0,0.072318159,-0.07664981999999998,0.0,0.058540966,-0.09605103,0.14984289,0.008179545,-0.0014943007,0.0010961007,"[1.004648933066627, 0.4097988439043819, 0.0, 0.0, 0.0, 0.0, 0.4431038934998914, 0.5523756195821169]","[0.015050111480405921, 0.00018952380801344482, 0.0]","{""Controller Type"": ""MPC Controller"", ""weight_comfort"": 500.0, ""weight_trajectory"": 3000.0, ""weight_goal"": 1000.0, ""Q"": [[3000.0, 0.0, 0.0, 0.0], [0.0, 0.0, 0.0, 0.0], [0.0, 0.0, 3000.0, 0.0], [0.0, 0.0, 0.0, 0.0]], ""R"": [[500.0, 0.0], [0.0, 500.0]], ""P"": [[1000.0, 0.0, 0.0, 0.0], [0.0, 100000.0, 0.0, 0.0], [0.0, 0.0, 1000.0, 0.0], [0.0, 0.0, 0.0, 100000.0]]}","[0.09739267806501459, -0.16834463042614392, 0.0]",False
3,P02,10e57735-2e6f-4449-b4c9-0da2c57ab8b9,8,1,haply,mpc,seeded_random,1139142485,persist_session,10.0,1785830990.66695,8001.862416304,0,1785830990.6618748,279,True,normal,fixed,-0.08,-0.08,0.0,0.08,-0.08,0.0,0.072470907,-0.07674103999999998,0.0,0.05860777,-0.09611435,0.14981395,0.0077325935,-0.0016300917,0.00095108483,"[1.0042601327481027, 0.4077491140761765, 0.0, 0.0, 0.0, 0.0, 0.4445034237327154, 0.5513837010203837]","[0.012830634454386694, -0.0016888373041306387, 0.0]","{""Controller Type"": ""MPC Controller"", ""weight_comfort"": 500.0, ""weight_trajectory"": 3000.0, ""weight_goal"": 1000.0, ""Q"": [[3000.0, 0.0, 0.0, 0.0], [0.0, 0.0, 0.0, 0.0], [0.0, 0.0, 3000.0, 0.0], [0.0, 0.0, 0.0, 0.0]], ""R"": [[500.0, 0.0], [0.0, 500.0]], ""P"": [[1000.0, 0.0, 0.0, 0.0], [0.0, 100000.0, 0.0, 0.0], [0.0, 0.0, 1000.0, 0.0], [0.0, 0.0, 0.0, 100000.0]]}","[0.10820712533400158, -0.05170090422812871, 0.0]",False
3,P02,10e57735-2e6f-4449-b4c9-0da2c57ab8b9,8,1,haply,mpc,seeded_random,1139142485,persist_session,10.0,1785830990.6770618,8001.872522354,0,1785830990.6718845,280,True,normal,fixed,-0.08,-0.08,0.0,0.08,-0.08,0.0,0.07267131899999998,-0.07679891999999999,0.0,0.058658753,-0.09612603,0.14976822,0.0073995334,-0.0016191837,0.00067131774,"[1.0040856947323082, 0.409324714951981, 0.0, 0.0, 0.0, 0.0, 0.43991423720649275, 0.56063941314957]","[0.013865129719608224, -0.006591103511854063, 0.0]","{""Controller Type"": ""MPC Controller"", ""weight_comfort"": 500.0, ""weight_trajectory"": 3000.0, ""weight_goal"": 1000.0, ""Q"": [[3000.0, 0.0, 0.0, 0.0], [0.0, 0.0, 0.0, 0.0], [0.0, 0.0, 3000.0, 0.0], [0.0, 0.0, 0.0, 0.0]], ""R"": [[500.0, 0.0], [0.0, 500.0]], ""P"": [[1000.0, 0.0, 0.0, 0.0], [0.0, 100000.0, 0.0, 0.0], [0.0, 0.0, 1000.0, 0.0], [0.0, 0.0, 0.0, 100000.0]]}","[0.05901881590799656, -0.08074974783499286, 0.0]",False
3,P02,10e57735-2e6f-4449-b4c9-0da2c57ab8b9,8,1,haply,mpc,seeded_random,1139142485,persist_session,10.0,1785830990.6869829,8001.882442892,0,1785830990.6819658,281,True,normal,fixed,-0.08,-0.08,0.0,0.08,-0.08,0.0,0.072824268,-0.07689037999999998,0.0,0.058751825,-0.09611483,0.14972065,0.0072087445,-0.0017892001,9.896951e-05,"[1.0028143875732114, 0.41314218021710747, 0.0, 0.0, 0.0, 0.0, 0.4405018594580763, 0.5587787710504772]","[0.015621093893767025, -0.004641137890795923, 0.0]","{""Controller Type"": ""MPC Controller"", ""weight_comfort"": 500.0, ""weight_trajectory"": 3000.0, ""weight_goal"": 1000.0, ""Q"": [[3000.0, 0.0, 0.0, 0.0], [0.0, 0.0, 0.0, 0.0], [0.0, 0.0, 3000.0, 0.0], [0.0, 0.0, 0.0, 0.0]], ""R"": [[500.0, 0.0], [0.0, 500.0]], ""P"": [[1000.0, 0.0, 0.0, 0.0], [0.0, 100000.0, 0.0, 0.0], [0.0, 0.0, 1000.0, 0.0], [0.0, 0.0, 0.0, 100000.0]]}","[0.09861136540344569, -0.046618358070748066, 0.0]",False
3,P02,10e57735-2e6f-4449-b4c9-0da2c57ab8b9,8,1,haply,mpc,seeded_random,1139142485,persist_session,10.0,1785830990.6969569,8001.892420289,0,1785830990.6919184,282,True,normal,fixed,-0.08,-0.08,0.0,0.08,-0.08,0.0,0.073103484,-0.07698551999999997,0.0,0.058776688,-0.0962009,0.1496935,0.0070952717,-0.0019898515,-0.0004484452,"[1.0032224028911194, 0.41028640422391943, 0.0, 0.0, 0.0, 0.0, 0.438816786727322, 0.5621206848906845]","[0.013423543386252658, -0.006464253170063157, 0.0]","{""Controller Type"": ""MPC Controller"", ""weight_comfort"": 500.0, ""weight_trajectory"": 3000.0, ""weight_goal"": 1000.0, ""Q"": [[3000.0, 0.0, 0.0, 0.0], [0.0, 0.0, 0.0, 0.0], [0.0, 0.0, 3000.0, 0.0], [0.0, 0.0, 0.0, 0.0]], ""R"": [[500.0, 0.0], [0.0, 500.0]], ""P"": [[1000.0, 0.0, 0.0, 0.0], [0.0, 100000.0, 0.0, 0.0], [0.0, 0.0, 1000.0, 0.0], [0.0, 0.0, 0.0, 100000.0]]}","[-0.02932723605904771, -0.03814873378876386, 0.0]",False
3,P02,10e57735-2e6f-4449-b4c9-0da2c57ab8b9,8,1,haply,mpc,seeded_random,1139142485,persist_session,10.0,1785830990.7070396,8001.902499183,0,1785830990.701651,283,True,normal,fixed,-0.08,-0.08,0.0,0.08,-0.08,0.0,0.07317807300000001,-0.07703981999999998,0.0,0.05888581,-0.09624127,0.14966264,0.0069908113,-0.0022033094,-0.0010281282,"[0.994562316292375, 0.42753776879923133, 0.0, 0.0, 0.0, 0.0, 0.43856701614287075, 0.5625977555465301]","[0.018853472994241886, -0.006700128118405455, 0.0]","{""Controller Type"": ""MPC Controller"", ""weight_comfort"": 500.0, ""weight_trajectory"": 3000.0, ""weight_goal"": 1000.0, ""Q"": [[3000.0, 0.0, 0.0, 0.0], [0.0, 0.0, 0.0, 0.0], [0.0, 0.0, 3000.0, 0.0], [0.0, 0.0, 0.0, 0.0]], ""R"": [[500.0, 0.0], [0.0, 500.0]], ""P"": [[1000.0, 0.0, 0.0, 0.0], [0.0, 100000.0, 0.0, 0.0], [0.0, 0.0, 1000.0, 0.0], [0.0, 0.0, 0.0, 100000.0]]}","[0.1560121473346829, -0.07253669704226333, 0.0]",False
3,P02,10e57735-2e6f-4449-b4c9-0da2c57ab8b9,8,1,haply,mpc,seeded_random,1139142485,persist_session,10.0,1785830990.7168581,8001.912307405,0,1785830990.7119253,284,True,normal,fixed,-0.08,-0.08,0.0,0.08,-0.08,0.0,0.07350543899999999,-0.07710153999999997,0.0,0.05894592,-0.09628726,0.14957283,0.0069813533,-0.0026371765,-0.0017969105,"[0.9898776163194172, 0.4243846631340772, 0.0, 0.0, 0.0, 0.0, 0.4393185344258004, 0.5603911953786898]","[0.01000524392320138, -0.004426949888287741, 0.0]","{""Controller Type"": ""MPC Controller"", ""weight_comfort"": 500.0, ""weight_trajectory"": 3000.0, ""weight_goal"": 1000.0, ""Q"": [[3000.0, 0.0, 0.0, 0.0], [0.0, 0.0, 0.0, 0.0], [0.0, 0.0, 3000.0, 0.0], [0.0, 0.0, 0.0, 0.0]], ""R"": [[500.0, 0.0], [0.0, 500.0]], ""P"": [[1000.0, 0.0, 0.0, 0.0], [0.0, 100000.0, 0.0, 0.0], [0.0, 0.0, 1000.0, 0.0], [0.0, 0.0, 0.0, 100000.0]]}","[0.1560121473346829, -0.07253669704226333, 0.0]",False
3,P02,10e57735-2e6f-4449-b4c9-0da2c57ab8b9,8,1,haply,mpc,seeded_random,1139142485,persist_session,10.0,1785830990.727075,8001.922528259,0,1785830990.7216558,285,True,normal,fixed,-0.08,-0.08,0.0,0.08,-0.08,0.0,0.073685769,-0.07728116000000002,0.0,0.05899707,-0.096298836,0.149527,0.0069656563,-0.0029494618,-0.0024417345,"[0.969263891488435, 0.4616919623245078, 0.0, 0.0, 0.0, 0.0, 0.4392313778050633, 0.560615489944249]","[0.02100583729519901, -0.004640878242511218, 0.0]","{""Controller Type"": ""MPC Controller"", ""weight_comfort"": 500.0, ""weight_trajectory"": 3000.0, ""weight_goal"": 1000.0, ""Q"": [[3000.0, 0.0, 0.0, 0.0], [0.0, 0.0, 0.0, 0.0], [0.0, 0.0, 3000.0, 0.0], [0.0, 0.0, 0.0, 0.0]], ""R"": [[500.0, 0.0], [0.0, 500.0]], ""P"": [[1000.0, 0.0, 0.0, 0.0], [0.0, 100000.0, 0.0, 0.0], [0.0, 0.0, 1000.0, 0.0], [0.0, 0.0, 0.0, 100000.0]]}","[0.039040206118588154, 0.05620358650588113, 0.0]",False
3,P02,10e57735-2e6f-4449-b4c9-0da2c57ab8b9,8,1,haply,mpc,seeded_random,1139142485,persist_session,10.0,1785830990.737,8001.932457811,0,1785830990.7319038,286,True,normal,fixed,-0.08,-0.08,0.0,0.08,-0.08,0.0,0.073839219,-0.07737282000000001,0.0,0.05911541,-0.09637338,0.14945194,0.006946338,-0.0032525721,-0.0029977092,"[0.9734703031330817, 0.45038226162728556, 0.0, 0.0, 0.0, 0.0, 0.4193489864796256, 0.5924702745477719]","[0.014493336440233935, -0.01207675072888872, 0.0]","{""Controller Type"": ""MPC Controller"", ""weight_comfort"": 500.0, ""weight_trajectory"": 3000.0, ""weight_goal"": 1000.0, ""Q"": [[3000.0, 0.0, 0.0, 0.0], [0.0, 0.0, 0.0, 0.0], [0.0, 0.0, 3000.0, 0.0], [0.0, 0.0, 0.0, 0.0]], ""R"": [[500.0, 0.0], [0.0, 500.0]], ""P"": [[1000.0, 0.0, 0.0, 0.0], [0.0, 100000.0, 0.0, 0.0], [0.0, 0.0, 1000.0, 0.0], [0.0, 0.0, 0.0, 100000.0]]}","[0.039040206118588154, 0.05620358650588113, 0.0]",False
3,P02,10e57735-2e6f-4449-b4c9-0da2c57ab8b9,8,1,haply,mpc,seeded_random,1139142485,persist_session,10.0,1785830990.7469587,8001.942417954,0,1785830990.7418184,287,True,normal,fixed,-0.08,-0.08,0.0,0.08,-0.08,0.0,0.074194239,-0.07752293999999998,0.0,0.05919178,-0.096471,0.14937864,0.0069372323,-0.0035715324,-0.0035416686,"[0.9740387526651589, 0.4481745487968199, 0.0, 0.0, 0.0, 0.0, 0.4247848804079939, 0.5823684211283968]","[0.012711685297228268, -0.00632482434709232, 0.0]","{""Controller Type"": ""MPC Controller"", ""weight_comfort"": 500.0, ""weight_trajectory"": 3000.0, ""weight_goal"": 1000.0, ""Q"": [[3000.0, 0.0, 0.0, 0.0], [0.0, 0.0, 0.0, 0.0], [0.0, 0.0, 3000.0, 0.0], [0.0, 0.0, 0.0, 0.0]], ""R"": [[500.0, 0.0], [0.0, 500.0]], ""P"": [[1000.0, 0.0, 0.0, 0.0], [0.0, 100000.0, 0.0, 0.0], [0.0, 0.0, 1000.0, 0.0], [0.0, 0.0, 0.0, 100000.0]]}","[-0.136969026204466, 0.03576329388079143, 0.0]",False
3,P02,10e57735-2e6f-4449-b4c9-0da2c57ab8b9,8,1,haply,mpc,seeded_random,1139142485,persist_session,10.0,1785830990.7570784,8001.952532654,0,1785830990.7518198,288,True,normal,fixed,-0.08,-0.08,0.0,0.08,-0.08,0.0,0.074423349,-0.07766953999999998,0.0,0.059301347,-0.096511036,0.14934762,0.006987452,-0.0038487122,-0.003988084,"[0.9507886938840813, 0.48697788968477745, 0.0, 0.0, 0.0, 0.0, 0.4170682753490452, 0.5949044307266081]","[0.022957593722570606, -0.010040700357865336, 0.0]","{""Controller Type"": ""MPC Controller"", ""weight_comfort"": 500.0, ""weight_trajectory"": 3000.0, ""weight_goal"": 1000.0, ""Q"": [[3000.0, 0.0, 0.0, 0.0], [0.0, 0.0, 0.0, 0.0], [0.0, 0.0, 3000.0, 0.0], [0.0, 0.0, 0.0, 0.0]], ""R"": [[500.0, 0.0], [0.0, 500.0]], ""P"": [[1000.0, 0.0, 0.0, 0.0], [0.0, 100000.0, 0.0, 0.0], [0.0, 0.0, 1000.0, 0.0], [0.0, 0.0, 0.0, 100000.0]]}","[-0.025760975056075663, 0.03744866328364884, 0.0]",False
3,P02,10e57735-2e6f-4449-b4c9-0da2c57ab8b9,8,1,haply,mpc,seeded_random,1139142485,persist_session,10.0,1785830990.767043,8001.962504113,0,1785830990.7617102,289,True,normal,fixed,-0.08,-0.08,0.0,0.08,-0.08,0.0,0.07475204999999999,-0.07773158000000002,0.0,0.059377935,-0.096608646,0.1492742,0.007080623,-0.004169791,-0.0044215736,"[0.9581189244740318, 0.4724607237439196, 0.0, 0.0, 0.0, 0.0, 0.41777870421893004, 0.5937548877202606]","[0.016166104577651254, -0.009676826508870766, 0.0]","{""Controller Type"": ""MPC Controller"", ""weight_comfort"": 500.0, ""weight_trajectory"": 3000.0, ""weight_goal"": 1000.0, ""Q"": [[3000.0, 0.0, 0.0, 0.0], [0.0, 0.0, 0.0, 0.0], [0.0, 0.0, 3000.0, 0.0], [0.0, 0.0, 0.0, 0.0]], ""R"": [[500.0, 0.0], [0.0, 500.0]], ""P"": [[1000.0, 0.0, 0.0, 0.0], [0.0, 100000.0, 0.0, 0.0], [0.0, 0.0, 1000.0, 0.0], [0.0, 0.0, 0.0, 100000.0]]}","[-0.13179792466708892, -0.037187544295964235, 0.0]",False
3,P02,10e57735-2e6f-4449-b4c9-0da2c57ab8b9,8,1,haply,mpc,seeded_random,1139142485,persist_session,10.0,1785830990.7769594,8001.972422304,0,1785830990.7719405,290,True,normal,fixed,-0.08,-0.08,0.0,0.08,-0.08,0.0,0.07498181400000001,-0.07787842,0.0,0.059496876,-0.09668308,0.14919879,0.00718004,-0.0044730925,-0.004805098,"[0.9473661369714459, 0.490270885730932, 0.0, 0.0, 0.0, 0.0, 0.4207657290483691, 0.5876617552801946]","[0.021265698802352566, -0.004640758871858996, 0.0]","{""Controller Type"": ""MPC Controller"", ""weight_comfort"": 500.0, ""weight_trajectory"": 3000.0, ""weight_goal"": 1000.0, ""Q"": [[3000.0, 0.0, 0.0, 0.0], [0.0, 0.0, 0.0, 0.0], [0.0, 0.0, 3000.0, 0.0], [0.0, 0.0, 0.0, 0.0]], ""R"": [[500.0, 0.0], [0.0, 500.0]], ""P"": [[1000.0, 0.0, 0.0, 0.0], [0.0, 100000.0, 0.0, 0.0], [0.0, 0.0, 1000.0, 0.0], [0.0, 0.0, 0.0, 100000.0]]}","[-0.04017949536547862, 0.04338869122937262, 0.0]",False
3,P02,10e57735-2e6f-4449-b4c9-0da2c57ab8b9,8,1,haply,mpc,seeded_random,1139142485,persist_session,10.0,1785830990.7871876,8001.982645766,0,1785830990.7816942,291,True,normal,fixed,-0.08,-0.08,0.0,0.08,-0.08,0.0,0.07533863699999999,-0.07802924,0.0,0.059582792,-0.09681503,0.14908086,0.007393087,-0.0047754156,-0.0051673655,"[0.9536539642902867, 0.47839304285597023, 0.0, 0.0, 0.0, 0.0, 0.41121879034467446, 0.6029637807466985]","[0.015529918506016226, -0.00952703579572013, 0.0]","{""Controller Type"": ""MPC Controller"", ""weight_comfort"": 500.0, ""weight_trajectory"": 3000.0, ""weight_goal"": 1000.0, ""Q"": [[3000.0, 0.0, 0.0, 0.0], [0.0, 0.0, 0.0, 0.0], [0.0, 0.0, 3000.0, 0.0], [0.0, 0.0, 0.0, 0.0]], ""R"": [[500.0, 0.0], [0.0, 500.0]], ""P"": [[1000.0, 0.0, 0.0, 0.0], [0.0, 100000.0, 0.0, 0.0], [0.0, 0.0, 1000.0, 0.0], [0.0, 0.0, 0.0, 100000.0]]}","[-0.1821265974428575, 0.05992111021421333, 0.0]",False
3,P02,10e57735-2e6f-4449-b4c9-0da2c57ab8b9,8,1,haply,mpc,seeded_random,1139142485,persist_session,10.0,1785830990.7968435,8001.992303324,0,1785830990.7917683,292,True,normal,fixed,-0.08,-0.08,0.0,0.08,-0.08,0.0,0.07559638500000002,-0.07826509999999998,0.0,0.05965057,-0.09687814,0.14905149,0.007584634,-0.005195835,-0.0056026005,"[0.9358173022240794, 0.5064556645335154, 0.0, 0.0, 0.0, 0.0, 0.4098078956773847, 0.6051878882298356]","[0.02289002016426165, -0.010165558637352749, 0.0]","{""Controller Type"": ""MPC Controller"", ""weight_comfort"": 500.0, ""weight_trajectory"": 3000.0, ""weight_goal"": 1000.0, ""Q"": [[3000.0, 0.0, 0.0, 0.0], [0.0, 0.0, 0.0, 0.0], [0.0, 0.0, 3000.0, 0.0], [0.0, 0.0, 0.0, 0.0]], ""R"": [[500.0, 0.0], [0.0, 500.0]], ""P"": [[1000.0, 0.0, 0.0, 0.0], [0.0, 100000.0, 0.0, 0.0], [0.0, 0.0, 1000.0, 0.0], [0.0, 0.0, 0.0, 100000.0]]}","[-0.0893859827010739, 0.14301695232523562, 0.0]",False
3,P02,10e57735-2e6f-4449-b4c9-0da2c57ab8b9,8,1,haply,mpc,seeded_random,1139142485,persist_session,10.0,1785830990.807036,8002.002489647,0,1785830990.8018866,293,True,normal,fixed,-0.08,-0.08,0.0,0.08,-0.08,0.0,0.075799719,-0.07832383999999998,0.0,0.059711214,-0.09692379,0.14896081,0.0077956943,-0.005691914,-0.0059284223,"[0.9444662410066524, 0.49175444708746907, 0.0, 0.0, 0.0, 0.0, 0.3925130795065503, 0.6313795893897003]","[0.01674065999798941, -0.015463097260812167, 0.0]","{""Controller Type"": ""MPC Controller"", ""weight_comfort"": 500.0, ""weight_trajectory"": 3000.0, ""weight_goal"": 1000.0, ""Q"": [[3000.0, 0.0, 0.0, 0.0], [0.0, 0.0, 0.0, 0.0], [0.0, 0.0, 3000.0, 0.0], [0.0, 0.0, 0.0, 0.0]], ""R"": [[500.0, 0.0], [0.0, 500.0]], ""P"": [[1000.0, 0.0, 0.0, 0.0], [0.0, 100000.0, 0.0, 0.0], [0.0, 0.0, 1000.0, 0.0], [0.0, 0.0, 0.0, 100000.0]]}","[-0.04557896333798341, -0.016698780162603215, 0.0]",False
3,P02,10e57735-2e6f-4449-b4c9-0da2c57ab8b9,8,1,haply,mpc,seeded_random,1139142485,persist_session,10.0,1785830990.816932,8002.012394057,0,1785830990.8122106,294,True,normal,fixed,-0.08,-0.08,0.0,0.08,-0.08,0.0,0.075981651,-0.0785052,0.0,0.059788283,-0.09702132,0.14888684,0.007933177,-0.00603283,-0.0060982034,"[0.9475336599631107, 0.48614079843924446, 0.0, 0.0, 0.0, 0.0, 0.3991972792436207, 0.6190295372167042]","[0.013749283896491427, -0.004262804090484393, 0.0]","{""Controller Type"": ""MPC Controller"", ""weight_comfort"": 500.0, ""weight_trajectory"": 3000.0, ""weight_goal"": 1000.0, ""Q"": [[3000.0, 0.0, 0.0, 0.0], [0.0, 0.0, 0.0, 0.0], [0.0, 0.0, 3000.0, 0.0], [0.0, 0.0, 0.0, 0.0]], ""R"": [[500.0, 0.0], [0.0, 500.0]], ""P"": [[1000.0, 0.0, 0.0, 0.0], [0.0, 100000.0, 0.0, 0.0], [0.0, 0.0, 1000.0, 0.0], [0.0, 0.0, 0.0, 100000.0]]}","[-0.04557896333798341, -0.016698780162603215, 0.0]",False
3,P02,10e57735-2e6f-4449-b4c9-0da2c57ab8b9,8,1,haply,mpc,seeded_random,1139142485,persist_session,10.0,1785830990.827045,8002.022501315,0,1785830990.821991,295,True,normal,fixed,-0.08,-0.08,0.0,0.08,-0.08,0.0,0.076212858,-0.07865314000000001,0.0,0.059856236,-0.097084366,0.1488574,0.0080335755,-0.006310009,-0.006230386,"[0.9486824000679762, 0.48394742290388115, 0.0, 0.0, 0.0, 0.0, 0.38056509572824737, 0.6474696715713141]","[0.012340373253417547, -0.011942859862649745, 0.0]","{""Controller Type"": ""MPC Controller"", ""weight_comfort"": 500.0, ""weight_trajectory"": 3000.0, ""weight_goal"": 1000.0, ""Q"": [[3000.0, 0.0, 0.0, 0.0], [0.0, 0.0, 0.0, 0.0], [0.0, 0.0, 3000.0, 0.0], [0.0, 0.0, 0.0, 0.0]], ""R"": [[500.0, 0.0], [0.0, 500.0]], ""P"": [[1000.0, 0.0, 0.0, 0.0], [0.0, 100000.0, 0.0, 0.0], [0.0, 0.0, 1000.0, 0.0], [0.0, 0.0, 0.0, 100000.0]]}","[-0.09194541608003665, 0.08293888522914, 0.0]",False
3,P02,10e57735-2e6f-4449-b4c9-0da2c57ab8b9,8,1,haply,mpc,seeded_random,1139142485,persist_session,10.0,1785830990.8370647,8002.032529139,0,1785830990.8320754,296,True,normal,fixed,-0.08,-0.08,0.0,0.08,-0.08,0.0,0.076416717,-0.07871202,0.0,0.05993348,-0.09718187,0.14878334,0.008091824,-0.0065060356,-0.006304534,"[0.9442045251975183, 0.49139445280211913, 0.0, 0.0, 0.0, 0.0, 0.38424293580710894, 0.6418396306176697]","[0.01519231001918488, -0.010226090360048424, 0.0]","{""Controller Type"": ""MPC Controller"", ""weight_comfort"": 500.0, ""weight_trajectory"": 3000.0, ""weight_goal"": 1000.0, ""Q"": [[3000.0, 0.0, 0.0, 0.0], [0.0, 0.0, 0.0, 0.0], [0.0, 0.0, 3000.0, 0.0], [0.0, 0.0, 0.0, 0.0]], ""R"": [[500.0, 0.0], [0.0, 500.0]], ""P"": [[1000.0, 0.0, 0.0, 0.0], [0.0, 100000.0, 0.0, 0.0], [0.0, 0.0, 1000.0, 0.0], [0.0, 0.0, 0.0, 100000.0]]}","[-0.09194541608003665, 0.08293888522914, 0.0]",False
3,P02,10e57735-2e6f-4449-b4c9-0da2c57ab8b9,8,1,haply,mpc,seeded_random,1139142485,persist_session,10.0,1785830990.8469164,8002.042370261,0,1785830990.8421278,297,True,normal,fixed,-0.08,-0.08,0.0,0.08,-0.08,0.0,0.076648449,-0.07886014000000002,0.0,0.059959136,-0.09726837,0.14875564,0.008025494,-0.0067305416,-0.006343184,"[0.946355929147284, 0.4877020012440373, 0.0, 0.0, 0.0, 0.0, 0.3883231077207599, 0.6348472329989019]","[0.01325010424380758, -0.004206851830330049, 0.0]","{""Controller Type"": ""MPC Controller"", ""weight_comfort"": 500.0, ""weight_trajectory"": 3000.0, ""weight_goal"": 1000.0, ""Q"": [[3000.0, 0.0, 0.0, 0.0], [0.0, 0.0, 0.0, 0.0], [0.0, 0.0, 3000.0, 0.0], [0.0, 0.0, 0.0, 0.0]], ""R"": [[500.0, 0.0], [0.0, 500.0]], ""P"": [[1000.0, 0.0, 0.0, 0.0], [0.0, 100000.0, 0.0, 0.0], [0.0, 0.0, 1000.0, 0.0], [0.0, 0.0, 0.0, 100000.0]]}","[-0.06717450885451463, -0.00014065982738281697, 0.0]",False
3,P02,10e57735-2e6f-4449-b4c9-0da2c57ab8b9,8,1,haply,mpc,seeded_random,1139142485,persist_session,10.0,1785830990.8569832,8002.052447038,0,1785830990.851768,298,True,normal,fixed,-0.08,-0.08,0.0,0.08,-0.08,0.0,0.07672541700000002,-0.07891554,0.0,0.059984773,-0.09735483,0.14872792,0.007907198,-0.006947404,-0.0063587544,"[0.944328094576221, 0.4909882660366817, 0.0, 0.0, 0.0, 0.0, 0.3760290857160133, 0.6535084911731951]","[0.01448337641338144, -0.010057889939933623, 0.0]","{""Controller Type"": ""MPC Controller"", ""weight_comfort"": 500.0, ""weight_trajectory"": 3000.0, ""weight_goal"": 1000.0, ""Q"": [[3000.0, 0.0, 0.0, 0.0], [0.0, 0.0, 0.0, 0.0], [0.0, 0.0, 3000.0, 0.0], [0.0, 0.0, 0.0, 0.0]], ""R"": [[500.0, 0.0], [0.0, 500.0]], ""P"": [[1000.0, 0.0, 0.0, 0.0], [0.0, 100000.0, 0.0, 0.0], [0.0, 0.0, 1000.0, 0.0], [0.0, 0.0, 0.0, 100000.0]]}","[-0.1010029068303075, 0.08799931519739672, 0.0]",False
3,P02,10e57735-2e6f-4449-b4c9-0da2c57ab8b9,8,1,haply,mpc,seeded_random,1139142485,persist_session,10.0,1785830990.8668547,8002.062315912,0,1785830990.8618777,299,True,normal,fixed,-0.08,-0.08,0.0,0.08,-0.08,0.0,0.076802328,-0.07897097999999997,0.0,0.060062192,-0.09745241,0.14865372,0.007577182,-0.0072479746,-0.006329465,"[0.9456680524038966, 0.4858045150042304, 0.0, 0.0, 0.0, 0.0, 0.3803375297251188, 0.646348576621163]","[0.006975357418590405, -0.004126870148597288, 0.0]","{""Controller Type"": ""MPC Controller"", ""weight_comfort"": 500.0, ""weight_trajectory"": 3000.0, ""weight_goal"": 1000.0, ""Q"": [[3000.0, 0.0, 0.0, 0.0], [0.0, 0.0, 0.0, 0.0], [0.0, 0.0, 3000.0, 0.0], [0.0, 0.0, 0.0, 0.0]], ""R"": [[500.0, 0.0], [0.0, 500.0]], ""P"": [[1000.0, 0.0, 0.0, 0.0], [0.0, 100000.0, 0.0, 0.0], [0.0, 0.0, 1000.0, 0.0], [0.0, 0.0, 0.0, 100000.0]]}","[0.03614286726641112, 0.007431841641694286, 0.0]",False
3,P02,10e57735-2e6f-4449-b4c9-0da2c57ab8b9,8,1,haply,mpc,seeded_random,1139142485,persist_session,10.0,1785830990.8769426,8002.072408175,0,1785830990.8719323,300,True,normal,fixed,-0.08,-0.08,0.0,0.08,-0.08,0.0,0.077034585,-0.07911938000000002,0.0,0.0600879,-0.09753896,0.14862597,0.0072029894,-0.0076102903,-0.0062321294,"[0.9457009712727603, 0.4856676518380966, 0.0, 0.0, 0.0, 0.0, 0.3804693388302158, 0.6461297473854579]","[0.006718841702417875, -0.003934797131588129, 0.0]","{""Controller Type"": ""MPC Controller"", ""weight_comfort"": 500.0, ""weight_trajectory"": 3000.0, ""weight_goal"": 1000.0, ""Q"": [[3000.0, 0.0, 0.0, 0.0], [0.0, 0.0, 0.0, 0.0], [0.0, 0.0, 3000.0, 0.0], [0.0, 0.0, 0.0, 0.0]], ""R"": [[500.0, 0.0], [0.0, 500.0]], ""P"": [[1000.0, 0.0, 0.0, 0.0], [0.0, 100000.0, 0.0, 0.0], [0.0, 0.0, 1000.0, 0.0], [0.0, 0.0, 0.0, 100000.0]]}","[-0.11426468264874486, 0.09907965274216168, 0.0]",False
3,P02,10e57735-2e6f-4449-b4c9-0da2c57ab8b9,8,1,haply,mpc,seeded_random,1139142485,persist_session,10.0,1785830990.8871357,8002.082584496,0,1785830990.881979,301,True,normal,fixed,-0.08,-0.08,0.0,0.08,-0.08,0.0,0.077111709,-0.07917488,0.0,0.060113605,-0.09762554,0.14859816,0.006855599,-0.007796921,-0.006169491,"[0.9335812316706842, 0.5047626527438519, 0.0, 0.0, 0.0, 0.0, 0.36726379402416637, 0.665927451866191]","[0.014428272752470678, -0.01015212995281347, 0.0]","{""Controller Type"": ""MPC Controller"", ""weight_comfort"": 500.0, ""weight_trajectory"": 3000.0, ""weight_goal"": 1000.0, ""Q"": [[3000.0, 0.0, 0.0, 0.0], [0.0, 0.0, 0.0, 0.0], [0.0, 0.0, 3000.0, 0.0], [0.0, 0.0, 0.0, 0.0]], ""R"": [[500.0, 0.0], [0.0, 500.0]], ""P"": [[1000.0, 0.0, 0.0, 0.0], [0.0, 100000.0, 0.0, 0.0], [0.0, 0.0, 1000.0, 0.0], [0.0, 0.0, 0.0, 100000.0]]}","[0.025231982607322907, 0.016339348571673285, 0.0]",False
3,P02,10e57735-2e6f-4449-b4c9-0da2c57ab8b9,8,1,haply,mpc,seeded_random,1139142485,persist_session,10.0,1785830990.896836,8002.092297313,0,1785830990.891905,302,True,normal,fixed,-0.08,-0.08,0.0,0.08,-0.08,0.0,0.077188824,-0.07923049999999998,0.0,0.060130112,-0.09767764,0.14861515,0.0066048396,-0.008008693,-0.0060227755,"[0.9351863451301141, 0.49967423060965693, 0.0, 0.0, 0.0, 0.0, 0.37163498278371976, 0.658911262985507]","[0.006536856944755786, -0.003946594929552898, 0.0]","{""Controller Type"": ""MPC Controller"", ""weight_comfort"": 500.0, ""weight_trajectory"": 3000.0, ""weight_goal"": 1000.0, ""Q"": [[3000.0, 0.0, 0.0, 0.0], [0.0, 0.0, 0.0, 0.0], [0.0, 0.0, 3000.0, 0.0], [0.0, 0.0, 0.0, 0.0]], ""R"": [[500.0, 0.0], [0.0, 500.0]], ""P"": [[1000.0, 0.0, 0.0, 0.0], [0.0, 100000.0, 0.0, 0.0], [0.0, 0.0, 1000.0, 0.0], [0.0, 0.0, 0.0, 100000.0]]}","[0.02181947265567436, 0.019397583521476792, 0.0]",False
3,P02,10e57735-2e6f-4449-b4c9-0da2c57ab8b9,8,1,haply,mpc,seeded_random,1139142485,persist_session,10.0,1785830990.9070296,8002.102479068,0,1785830990.901884,303,True,normal,fixed,-0.08,-0.08,0.0,0.08,-0.08,0.0,0.077238345,-0.07919651999999999,0.0,0.060155835,-0.09776426,0.14858745,0.005908074,-0.008228359,-0.0055917283,"[0.9351831316866487, 0.4996837244521519, 0.0, 0.0, 0.0, 0.0, 0.37161536098897135, 0.6589424446951176]","[0.006510970935819321, -0.003978289351028321, 0.0]","{""Controller Type"": ""MPC Controller"", ""weight_comfort"": 500.0, ""weight_trajectory"": 3000.0, ""weight_goal"": 1000.0, ""Q"": [[3000.0, 0.0, 0.0, 0.0], [0.0, 0.0, 0.0, 0.0], [0.0, 0.0, 3000.0, 0.0], [0.0, 0.0, 0.0, 0.0]], ""R"": [[500.0, 0.0], [0.0, 500.0]], ""P"": [[1000.0, 0.0, 0.0, 0.0], [0.0, 100000.0, 0.0, 0.0], [0.0, 0.0, 1000.0, 0.0], [0.0, 0.0, 0.0, 100000.0]]}","[0.02181947265567436, 0.019397583521476792, 0.0]",False
3,P02,10e57735-2e6f-4449-b4c9-0da2c57ab8b9,8,1,haply,mpc,seeded_random,1139142485,persist_session,10.0,1785830990.9170222,8002.112477593,0,1785830990.911824,304,True,normal,fixed,-0.08,-0.08,0.0,0.08,-0.08,0.0,0.077315514,-0.07925191999999998,0.0,0.06017235,-0.0978164,0.14860447,0.0049628895,-0.008350831,-0.004920081,"[0.9351604929232258, 0.4991876367240828, 0.0, 0.0, 0.0, 0.0, 0.36734143945984127, 0.664430419656679]","[0.0050598175382207036, 0.0019673321033959732, 0.0]","{""Controller Type"": ""MPC Controller"", ""weight_comfort"": 500.0, ""weight_trajectory"": 3000.0, ""weight_goal"": 1000.0, ""Q"": [[3000.0, 0.0, 0.0, 0.0], [0.0, 0.0, 0.0, 0.0], [0.0, 0.0, 3000.0, 0.0], [0.0, 0.0, 0.0, 0.0]], ""R"": [[500.0, 0.0], [0.0, 500.0]], ""P"": [[1000.0, 0.0, 0.0, 0.0], [0.0, 100000.0, 0.0, 0.0], [0.0, 0.0, 1000.0, 0.0], [0.0, 0.0, 0.0, 100000.0]]}","[0.017660765280619488, 0.02001864452065598, 0.0]",False
3,P02,10e57735-2e6f-4449-b4c9-0da2c57ab8b9,8,1,haply,mpc,seeded_random,1139142485,persist_session,10.0,1785830990.9269128,8002.122367301,0,1785830990.9218576,305,True,normal,fixed,-0.08,-0.08,0.0,0.08,-0.08,0.0,0.077365059,-0.07921788000000002,0.0,0.06018887,-0.09786856,0.14862151,0.004239557,-0.008300989,-0.0042572157,"[0.9348147194761527, 0.5001391802605307, 0.0, 0.0, 0.0, 0.0, 0.3629275448274482, 0.6714269958352249]","[0.0063923535475496306, -0.004013691612251098, 0.0]","{""Controller Type"": ""MPC Controller"", ""weight_comfort"": 500.0, ""weight_trajectory"": 3000.0, ""weight_goal"": 1000.0, ""Q"": [[3000.0, 0.0, 0.0, 0.0], [0.0, 0.0, 0.0, 0.0], [0.0, 0.0, 3000.0, 0.0], [0.0, 0.0, 0.0, 0.0]], ""R"": [[500.0, 0.0], [0.0, 500.0]], ""P"": [[1000.0, 0.0, 0.0, 0.0], [0.0, 100000.0, 0.0, 0.0], [0.0, 0.0, 1000.0, 0.0], [0.0, 0.0, 0.0, 100000.0]]}","[0.04204145488101637, -0.06399107267993621, 0.0]",False
3,P02,10e57735-2e6f-4449-b4c9-0da2c57ab8b9,8,1,haply,mpc,seeded_random,1139142485,persist_session,10.0,1785830990.9369621,8002.132420423,0,1785830990.9317505,306,True,normal,fixed,-0.08,-0.08,0.0,0.08,-0.08,0.0,0.07741461899999999,-0.07918379999999997,0.0,0.06018887,-0.09786856,0.14862151,0.0037020515,-0.0081632,-0.0037041032,"[0.9348194553818823, 0.4996294439368098, 0.0, 0.0, 0.0, 0.0, 0.3587274353876836, 0.6768319125148882]","[0.004930316812165154, 0.002015650914968254, 0.0]","{""Controller Type"": ""MPC Controller"", ""weight_comfort"": 500.0, ""weight_trajectory"": 3000.0, ""weight_goal"": 1000.0, ""Q"": [[3000.0, 0.0, 0.0, 0.0], [0.0, 0.0, 0.0, 0.0], [0.0, 0.0, 3000.0, 0.0], [0.0, 0.0, 0.0, 0.0]], ""R"": [[500.0, 0.0], [0.0, 500.0]], ""P"": [[1000.0, 0.0, 0.0, 0.0], [0.0, 100000.0, 0.0, 0.0], [0.0, 0.0, 1000.0, 0.0], [0.0, 0.0, 0.0, 100000.0]]}","[0.039734567091045385, -0.06589935615352235, 0.0]",False
3,P02,10e57735-2e6f-4449-b4c9-0da2c57ab8b9,8,1,haply,mpc,seeded_random,1139142485,persist_session,10.0,1785830990.9468343,8002.142298366,0,1785830990.9418068,307,True,normal,fixed,-0.08,-0.08,0.0,0.08,-0.08,0.0,0.07741461899999999,-0.07918379999999997,0.0,0.06024084,-0.09787961,0.14857481,0.0032492853,-0.007831417,-0.0029988163,"[0.9348192433235711, 0.49963374711221664, 0.0, 0.0, 0.0, 0.0, 0.3587117941690887, 0.6768519888500011]","[0.004919845551801133, 0.0020388937957885414, 0.0]","{""Controller Type"": ""MPC Controller"", ""weight_comfort"": 500.0, ""weight_trajectory"": 3000.0, ""weight_goal"": 1000.0, ""Q"": [[3000.0, 0.0, 0.0, 0.0], [0.0, 0.0, 0.0, 0.0], [0.0, 0.0, 3000.0, 0.0], [0.0, 0.0, 0.0, 0.0]], ""R"": [[500.0, 0.0], [0.0, 500.0]], ""P"": [[1000.0, 0.0, 0.0, 0.0], [0.0, 100000.0, 0.0, 0.0], [0.0, 0.0, 1000.0, 0.0], [0.0, 0.0, 0.0, 100000.0]]}","[0.08587718616312286, -0.034169322699556165, 0.0]",False
3,P02,10e57735-2e6f-4449-b4c9-0da2c57ab8b9,8,1,haply,mpc,seeded_random,1139142485,persist_session,10.0,1785830990.9571257,8002.152584755,0,1785830990.9517484,308,True,normal,fixed,-0.08,-0.08,0.0,0.08,-0.08,0.0,0.077570529,-0.07927719999999999,0.0,0.06024084,-0.09787961,0.14857481,0.0031660355,-0.0072493353,-0.0022729272,"[0.933724788856059, 0.5002221047210005, 0.0, 0.0, 0.0, 0.0, 0.35910090630043356, 0.6765530307830167]","[0.0024140343283374777, -0.00029309815972242495, 0.0]","{""Controller Type"": ""MPC Controller"", ""weight_comfort"": 500.0, ""weight_trajectory"": 3000.0, ""weight_goal"": 1000.0, ""Q"": [[3000.0, 0.0, 0.0, 0.0], [0.0, 0.0, 0.0, 0.0], [0.0, 0.0, 3000.0, 0.0], [0.0, 0.0, 0.0, 0.0]], ""R"": [[500.0, 0.0], [0.0, 500.0]], ""P"": [[1000.0, 0.0, 0.0, 0.0], [0.0, 100000.0, 0.0, 0.0], [0.0, 0.0, 1000.0, 0.0], [0.0, 0.0, 0.0, 100000.0]]}","[0.08587718616312286, -0.034169322699556165, 0.0]",False
3,P02,10e57735-2e6f-4449-b4c9-0da2c57ab8b9,8,1,haply,mpc,seeded_random,1139142485,persist_session,10.0,1785830990.9679692,8002.163420362,0,1785830990.9618762,309,True,normal,fixed,-0.08,-0.08,0.0,0.08,-0.08,0.0,0.077570529,-0.07927719999999999,0.0,0.060283568,-0.09785614,0.14857295,0.0031063443,-0.006822385,-0.0017284077,"[0.9257633230915369, 0.5133381830943914, 0.0, 0.0, 0.0, 0.0, 0.35060358513263457, 0.6894473986709019]","[0.010299603392718668, -0.006730696599458159, 0.0]","{""Controller Type"": ""MPC Controller"", ""weight_comfort"": 500.0, ""weight_trajectory"": 3000.0, ""weight_goal"": 1000.0, ""Q"": [[3000.0, 0.0, 0.0, 0.0], [0.0, 0.0, 0.0, 0.0], [0.0, 0.0, 3000.0, 0.0], [0.0, 0.0, 0.0, 0.0]], ""R"": [[500.0, 0.0], [0.0, 500.0]], ""P"": [[1000.0, 0.0, 0.0, 0.0], [0.0, 100000.0, 0.0, 0.0], [0.0, 0.0, 1000.0, 0.0], [0.0, 0.0, 0.0, 100000.0]]}","[-0.06375077440551746, 0.05627498927715434, 0.0]",False
3,P02,10e57735-2e6f-4449-b4c9-0da2c57ab8b9,8,1,haply,mpc,seeded_random,1139142485,persist_session,10.0,1785830990.9769967,8002.172456702,0,1785830990.9718046,310,True,normal,fixed,-0.08,-0.08,0.0,0.08,-0.08,0.0,0.077698713,-0.07928091999999998,0.0,0.060283568,-0.09785614,0.14857295,0.0026867376,-0.005202009,-0.0017660799,"[0.9225710381537513, 0.5150541858895085, 0.0, 0.0, 0.0, 0.0, 0.3496676002849891, 0.6901664823218362]","[0.0022413595826344347, -0.00025273974148599346, 0.0]","{""Controller Type"": ""MPC Controller"", ""weight_comfort"": 500.0, ""weight_trajectory"": 3000.0, ""weight_goal"": 1000.0, ""Q"": [[3000.0, 0.0, 0.0, 0.0], [0.0, 0.0, 0.0, 0.0], [0.0, 0.0, 3000.0, 0.0], [0.0, 0.0, 0.0, 0.0]], ""R"": [[500.0, 0.0], [0.0, 500.0]], ""P"": [[1000.0, 0.0, 0.0, 0.0], [0.0, 100000.0, 0.0, 0.0], [0.0, 0.0, 1000.0, 0.0], [0.0, 0.0, 0.0, 100000.0]]}","[0.0806983764022139, -0.03025923357867136, 0.0]",False
3,P02,10e57735-2e6f-4449-b4c9-0da2c57ab8b9,8,1,haply,mpc,seeded_random,1139142485,persist_session,10.0,1785830990.9874907,8002.182938219,0,1785830990.9818866,311,True,normal,fixed,-0.08,-0.08,0.0,0.08,-0.08,0.0,0.077698713,-0.07928091999999998,0.0,0.06032629,-0.097832635,0.14857109,0.0022893194,-0.0036801691,-0.0015307618,"[0.9174894911742302, 0.5237920135273831, 0.0, 0.0, 0.0, 0.0, 0.34969002690984646, 0.6901593453027536]","[0.008873958171977291, -0.0005100442009598125, 0.0]","{""Controller Type"": ""MPC Controller"", ""weight_comfort"": 500.0, ""weight_trajectory"": 3000.0, ""weight_goal"": 1000.0, ""Q"": [[3000.0, 0.0, 0.0, 0.0], [0.0, 0.0, 0.0, 0.0], [0.0, 0.0, 3000.0, 0.0], [0.0, 0.0, 0.0, 0.0]], ""R"": [[500.0, 0.0], [0.0, 500.0]], ""P"": [[1000.0, 0.0, 0.0, 0.0], [0.0, 100000.0, 0.0, 0.0], [0.0, 0.0, 1000.0, 0.0], [0.0, 0.0, 0.0, 100000.0]]}","[0.07644053181054156, -0.030103499836546418, 0.0]",False
3,P02,10e57735-2e6f-4449-b4c9-0da2c57ab8b9,8,1,haply,mpc,seeded_random,1139142485,persist_session,10.0,1785830990.997331,8002.19279035,0,1785830990.9918032,312,True,normal,fixed,-0.08,-0.08,0.0,0.08,-0.08,0.0,0.07782687899999999,-0.07928464000000002,0.0,0.06032629,-0.097832635,0.14857109,0.0020141844,-0.0024514212,-0.0011190108,"[0.9149833504002518, 0.5251391276081386, 0.0, 0.0, 0.0, 0.0, 0.34965240479707144, 0.6901882490295552]","[0.0021056392894925435, -0.00025142805124148674, 0.0]","{""Controller Type"": ""MPC Controller"", ""weight_comfort"": 500.0, ""weight_trajectory"": 3000.0, ""weight_goal"": 1000.0, ""Q"": [[3000.0, 0.0, 0.0, 0.0], [0.0, 0.0, 0.0, 0.0], [0.0, 0.0, 3000.0, 0.0], [0.0, 0.0, 0.0, 0.0]], ""R"": [[500.0, 0.0], [0.0, 500.0]], ""P"": [[1000.0, 0.0, 0.0, 0.0], [0.0, 100000.0, 0.0, 0.0], [0.0, 0.0, 1000.0, 0.0], [0.0, 0.0, 0.0, 100000.0]]}","[0.07644053181054156, -0.030103499836546418, 0.0]",False
3,P02,10e57735-2e6f-4449-b4c9-0da2c57ab8b9,8,1,haply,mpc,seeded_random,1139142485,persist_session,10.0,1785830991.0074818,8002.202924362,0,1785830991.0018651,313,True,normal,fixed,-0.08,-0.08,0.0,0.08,-0.08,0.0,0.07782687899999999,-0.07928464000000002,0.0,0.060369007,-0.09780911,0.14856921,0.0017978493,-0.0015864584,-0.0008245962,"[0.9097313544262601, 0.5340002404094265, 0.0, 0.0, 0.0, 0.0, 0.34967471931130095, 0.6901812554708535]","[0.008878622363314215, -0.0005090514793063879, 0.0]","{""Controller Type"": ""MPC Controller"", ""weight_comfort"": 500.0, ""weight_trajectory"": 3000.0, ""weight_goal"": 1000.0, ""Q"": [[3000.0, 0.0, 0.0, 0.0], [0.0, 0.0, 0.0, 0.0], [0.0, 0.0, 3000.0, 0.0], [0.0, 0.0, 0.0, 0.0]], ""R"": [[500.0, 0.0], [0.0, 500.0]], ""P"": [[1000.0, 0.0, 0.0, 0.0], [0.0, 100000.0, 0.0, 0.0], [0.0, 0.0, 1000.0, 0.0], [0.0, 0.0, 0.0, 100000.0]]}","[-0.046861076608121714, -0.02649252035336841, 0.0]",False
3,P02,10e57735-2e6f-4449-b4c9-0da2c57ab8b9,8,1,haply,mpc,seeded_random,1139142485,persist_session,10.0,1785830991.016977,8002.212428885,0,1785830991.0117595,314,True,normal,fixed,-0.08,-0.08,0.0,0.08,-0.08,0.0,0.07795503000000001,-0.07928839999999998,0.0,0.060369007,-0.09780911,0.14856921,0.0016538427,-0.0009372419,-0.0006073782,"[0.9073531224380109, 0.5352785473232421, 0.0, 0.0, 0.0, 0.0, 0.3496370992009505, 0.6902101576636344]","[0.0019717881247856253, -0.0002501163952843865, 0.0]","{""Controller Type"": ""MPC Controller"", ""weight_comfort"": 500.0, ""weight_trajectory"": 3000.0, ""weight_goal"": 1000.0, ""Q"": [[3000.0, 0.0, 0.0, 0.0], [0.0, 0.0, 0.0, 0.0], [0.0, 0.0, 3000.0, 0.0], [0.0, 0.0, 0.0, 0.0]], ""R"": [[500.0, 0.0], [0.0, 500.0]], ""P"": [[1000.0, 0.0, 0.0, 0.0], [0.0, 100000.0, 0.0, 0.0], [0.0, 0.0, 1000.0, 0.0], [0.0, 0.0, 0.0, 100000.0]]}","[-0.051370635497570184, -0.026290132535031218, 0.0]",False
3,P02,10e57735-2e6f-4449-b4c9-0da2c57ab8b9,8,1,haply,mpc,seeded_random,1139142485,persist_session,10.0,1785830991.0273707,8002.222826919,0,1785830991.0219693,315,True,normal,fixed,-0.08,-0.08,0.0,0.08,-0.08,0.0,0.07795503000000001,-0.07928839999999998,0.0,0.060428347,-0.09783776,0.14858441,0.0016921525,-0.0005453101,-0.00041789003,"[0.901909748748377, 0.54429358590598, 0.0, 0.0, 0.0, 0.0, 0.34965940438175586, 0.6902034830821138]","[0.008894019745369934, -0.0005111046525035801, 0.0]","{""Controller Type"": ""MPC Controller"", ""weight_comfort"": 500.0, ""weight_trajectory"": 3000.0, ""weight_goal"": 1000.0, ""Q"": [[3000.0, 0.0, 0.0, 0.0], [0.0, 0.0, 0.0, 0.0], [0.0, 0.0, 3000.0, 0.0], [0.0, 0.0, 0.0, 0.0]], ""R"": [[500.0, 0.0], [0.0, 500.0]], ""P"": [[1000.0, 0.0, 0.0, 0.0], [0.0, 100000.0, 0.0, 0.0], [0.0, 0.0, 1000.0, 0.0], [0.0, 0.0, 0.0, 100000.0]]}","[-0.051370635497570184, -0.026290132535031218, 0.0]",False
3,P02,10e57735-2e6f-4449-b4c9-0da2c57ab8b9,8,1,haply,mpc,seeded_random,1139142485,persist_session,10.0,1785830991.037141,8002.23260103,0,1785830991.0317688,316,True,normal,fixed,-0.08,-0.08,0.0,0.08,-0.08,0.0,0.07813305000000001,-0.079258,0.0,0.060471073,-0.09781419,0.14858255,0.0019141828,-0.0003291329,-0.00023744255,"[0.899695296150807, 0.5454838099093005, 0.0, 0.0, 0.0, 0.0, 0.34962196982765786, 0.6902322427229621]","[0.0018398498897695098, -0.0002487909937293685, 0.0]","{""Controller Type"": ""MPC Controller"", ""weight_comfort"": 500.0, ""weight_trajectory"": 3000.0, ""weight_goal"": 1000.0, ""Q"": [[3000.0, 0.0, 0.0, 0.0], [0.0, 0.0, 0.0, 0.0], [0.0, 0.0, 3000.0, 0.0], [0.0, 0.0, 0.0, 0.0]], ""R"": [[500.0, 0.0], [0.0, 500.0]], ""P"": [[1000.0, 0.0, 0.0, 0.0], [0.0, 100000.0, 0.0, 0.0], [0.0, 0.0, 1000.0, 0.0], [0.0, 0.0, 0.0, 100000.0]]}","[-0.10531217685881852, -0.05963674659199612, 0.0]",False
3,P02,10e57735-2e6f-4449-b4c9-0da2c57ab8b9,8,1,haply,mpc,seeded_random,1139142485,persist_session,10.0,1785830991.0476074,8002.243068761,0,1785830991.0417876,317,True,normal,fixed,-0.08,-0.08,0.0,0.08,-0.08,0.0,0.078261228,-0.07926171999999998,0.0,0.06051377,-0.097790614,0.14858069,0.002155347,-0.00012749058,-0.00010954126,"[0.8872846109439202, 0.5642774375197507, 0.0, 0.0, 0.0, 0.0, 0.3482398107491907, 0.6920046944505643]","[0.011907331857388506, 0.0018883466803872105, 0.0]","{""Controller Type"": ""MPC Controller"", ""weight_comfort"": 500.0, ""weight_trajectory"": 3000.0, ""weight_goal"": 1000.0, ""Q"": [[3000.0, 0.0, 0.0, 0.0], [0.0, 0.0, 0.0, 0.0], [0.0, 0.0, 3000.0, 0.0], [0.0, 0.0, 0.0, 0.0]], ""R"": [[500.0, 0.0], [0.0, 500.0]], ""P"": [[1000.0, 0.0, 0.0, 0.0], [0.0, 100000.0, 0.0, 0.0], [0.0, 0.0, 1000.0, 0.0], [0.0, 0.0, 0.0, 100000.0]]}","[-0.06008441613474071, -0.027487315542789454, 0.0]",False
3,P02,10e57735-2e6f-4449-b4c9-0da2c57ab8b9,8,1,haply,mpc,seeded_random,1139142485,persist_session,10.0,1785830991.0573566,8002.252818776,0,1785830991.0517967,318,True,normal,fixed,-0.08,-0.08,0.0,0.08,-0.08,0.0,0.07838931900000001,-0.07926544000000002,0.0,0.06059916,-0.09774342,0.14857693,0.0023908901,5.1139235e-05,-2.262415e-05,"[0.8896754403458779, 0.5604642221793094, 0.0, 0.0, 0.0, 0.0, 0.34846043478785144, 0.6919288558556039]","[0.008717362356138722, -0.0005141752501503724, 0.0]","{""Controller Type"": ""MPC Controller"", ""weight_comfort"": 500.0, ""weight_trajectory"": 3000.0, ""weight_goal"": 1000.0, ""Q"": [[3000.0, 0.0, 0.0, 0.0], [0.0, 0.0, 0.0, 0.0], [0.0, 0.0, 3000.0, 0.0], [0.0, 0.0, 0.0, 0.0]], ""R"": [[500.0, 0.0], [0.0, 500.0]], ""P"": [[1000.0, 0.0, 0.0, 0.0], [0.0, 100000.0, 0.0, 0.0], [0.0, 0.0, 1000.0, 0.0], [0.0, 0.0, 0.0, 100000.0]]}","[-0.06008441613474071, -0.027487315542789454, 0.0]",False
3,P02,10e57735-2e6f-4449-b4c9-0da2c57ab8b9,8,1,haply,mpc,seeded_random,1139142485,persist_session,10.0,1785830991.0673425,8002.262804894,0,1785830991.0618,319,True,normal,fixed,-0.08,-0.08,0.0,0.08,-0.08,0.0,0.078645489,-0.07927296,0.0,0.060641844,-0.09771979,0.14857507,0.0026910035,0.0003977408,-7.080973e-06,"[0.8897124724382266, 0.56040611473385, 0.0, 0.0, 0.0, 0.0, 0.3484601332390981, 0.6919289582456597]","[0.008604850188700577, -0.0005131297042760779, 0.0]","{""Controller Type"": ""MPC Controller"", ""weight_comfort"": 500.0, ""weight_trajectory"": 3000.0, ""weight_goal"": 1000.0, ""Q"": [[3000.0, 0.0, 0.0, 0.0], [0.0, 0.0, 0.0, 0.0], [0.0, 0.0, 3000.0, 0.0], [0.0, 0.0, 0.0, 0.0]], ""R"": [[500.0, 0.0], [0.0, 500.0]], ""P"": [[1000.0, 0.0, 0.0, 0.0], [0.0, 100000.0, 0.0, 0.0], [0.0, 0.0, 1000.0, 0.0], [0.0, 0.0, 0.0, 100000.0]]}","[-0.19088221465632552, -0.023512535665041117, 0.0]",False
3,P02,10e57735-2e6f-4449-b4c9-0da2c57ab8b9,8,1,haply,mpc,seeded_random,1139142485,persist_session,10.0,1785830991.0770195,8002.272466766,0,1785830991.0718417,320,True,normal,fixed,-0.08,-0.08,0.0,0.08,-0.08,0.0,0.078773541,-0.07927667999999999,0.0,0.060641844,-0.09771979,0.14857507,0.0029013995,0.00082195847,-4.7562797e-05,"[0.8762860257122593, 0.5793874503239645, 0.0, 0.0, 0.0, 0.0, 0.348467977385067, 0.6919433613775061]","[0.01602416906599308, -0.0007735184372091422, 0.0]","{""Controller Type"": ""MPC Controller"", ""weight_comfort"": 500.0, ""weight_trajectory"": 3000.0, ""weight_goal"": 1000.0, ""Q"": [[3000.0, 0.0, 0.0, 0.0], [0.0, 0.0, 0.0, 0.0], [0.0, 0.0, 3000.0, 0.0], [0.0, 0.0, 0.0, 0.0]], ""R"": [[500.0, 0.0], [0.0, 500.0]], ""P"": [[1000.0, 0.0, 0.0, 0.0], [0.0, 100000.0, 0.0, 0.0], [0.0, 0.0, 1000.0, 0.0], [0.0, 0.0, 0.0, 100000.0]]}","[-0.19088221465632552, -0.023512535665041117, 0.0]",False
3,P02,10e57735-2e6f-4449-b4c9-0da2c57ab8b9,8,1,haply,mpc,seeded_random,1139142485,persist_session,10.0,1785830991.0872002,8002.282619672,0,1785830991.0818703,321,True,normal,fixed,-0.08,-0.08,0.0,0.08,-0.08,0.0,0.078773541,-0.07927667999999999,0.0,0.060684506,-0.09769614,0.14857319,0.0031370071,0.0011761544,-8.059954e-05,"[0.8824939189303395, 0.5700772471659736, 0.0, 0.0, 0.0, 0.0, 0.3484441575308942, 0.6919512433357518]","[0.008351971452446571, -0.0005083732154202987, 0.0]","{""Controller Type"": ""MPC Controller"", ""weight_comfort"": 500.0, ""weight_trajectory"": 3000.0, ""weight_goal"": 1000.0, ""Q"": [[3000.0, 0.0, 0.0, 0.0], [0.0, 0.0, 0.0, 0.0], [0.0, 0.0, 3000.0, 0.0], [0.0, 0.0, 0.0, 0.0]], ""R"": [[500.0, 0.0], [0.0, 500.0]], ""P"": [[1000.0, 0.0, 0.0, 0.0], [0.0, 100000.0, 0.0, 0.0], [0.0, 0.0, 1000.0, 0.0], [0.0, 0.0, 0.0, 100000.0]]}","[-0.07671757601913277, -0.026868826637563764, 0.0]",False
3,P02,10e57735-2e6f-4449-b4c9-0da2c57ab8b9,8,1,haply,mpc,seeded_random,1139142485,persist_session,10.0,1785830991.0971916,8002.292632671,0,1785830991.092078,322,True,normal,fixed,-0.08,-0.08,0.0,0.08,-0.08,0.0,0.078901527,-0.07928044000000001,0.0,0.060684506,-0.09769614,0.14857319,0.0032265335,0.0013831451,-0.00010049633,"[0.881155823881921, 0.5707961230204159, 0.0, 0.0, 0.0, 0.0, 0.34840616139716785, 0.6919804341670824]","[0.0010807014906023963, -0.0002520091446618041, 0.0]","{""Controller Type"": ""MPC Controller"", ""weight_comfort"": 500.0, ""weight_trajectory"": 3000.0, ""weight_goal"": 1000.0, ""Q"": [[3000.0, 0.0, 0.0, 0.0], [0.0, 0.0, 0.0, 0.0], [0.0, 0.0, 3000.0, 0.0], [0.0, 0.0, 0.0, 0.0]], ""R"": [[500.0, 0.0], [0.0, 500.0]], ""P"": [[1000.0, 0.0, 0.0, 0.0], [0.0, 100000.0, 0.0, 0.0], [0.0, 0.0, 1000.0, 0.0], [0.0, 0.0, 0.0, 100000.0]]}","[0.04073833350830609, -0.03028100281161959, 0.0]",False
3,P02,10e57735-2e6f-4449-b4c9-0da2c57ab8b9,8,1,haply,mpc,seeded_random,1139142485,persist_session,10.0,1785830991.107036,8002.302492472,0,1785830991.1018727,323,True,normal,fixed,-0.08,-0.08,0.0,0.08,-0.08,0.0,0.078901527,-0.07928044000000001,0.0,0.060727175,-0.097672485,0.14857133,0.0032742736,0.0015261185,-0.00011439284,"[0.8752532308608987, 0.5795402047345635, 0.0, 0.0, 0.0, 0.0, 0.34842812273930907, 0.6919731595529446]","[0.008227856007492578, -0.000505603999049935, 0.0]","{""Controller Type"": ""MPC Controller"", ""weight_comfort"": 500.0, ""weight_trajectory"": 3000.0, ""weight_goal"": 1000.0, ""Q"": [[3000.0, 0.0, 0.0, 0.0], [0.0, 0.0, 0.0, 0.0], [0.0, 0.0, 3000.0, 0.0], [0.0, 0.0, 0.0, 0.0]], ""R"": [[500.0, 0.0], [0.0, 500.0]], ""P"": [[1000.0, 0.0, 0.0, 0.0], [0.0, 100000.0, 0.0, 0.0], [0.0, 0.0, 1000.0, 0.0], [0.0, 0.0, 0.0, 100000.0]]}","[0.03648706581532587, -0.030123594512968515, 0.0]",False
3,P02,10e57735-2e6f-4449-b4c9-0da2c57ab8b9,8,1,haply,mpc,seeded_random,1139142485,persist_session,10.0,1785830991.1172671,8002.312712666,0,1785830991.1118016,324,True,normal,fixed,-0.08,-0.08,0.0,0.08,-0.08,0.0,0.07902953400000001,-0.07928415999999999,0.0,0.060743943,-0.097724535,0.14858837,0.0032840474,0.0015301082,-9.879196e-05,"[0.8740444619037033, 0.580189570540223, 0.0, 0.0, 0.0, 0.0, 0.3483895702297401, 0.6920027778289726]","[0.000960114242200749, -0.0002506871991545097, 0.0]","{""Controller Type"": ""MPC Controller"", ""weight_comfort"": 500.0, ""weight_trajectory"": 3000.0, ""weight_goal"": 1000.0, ""Q"": [[3000.0, 0.0, 0.0, 0.0], [0.0, 0.0, 0.0, 0.0], [0.0, 0.0, 3000.0, 0.0], [0.0, 0.0, 0.0, 0.0]], ""R"": [[500.0, 0.0], [0.0, 500.0]], ""P"": [[1000.0, 0.0, 0.0, 0.0], [0.0, 100000.0, 0.0, 0.0], [0.0, 0.0, 1000.0, 0.0], [0.0, 0.0, 0.0, 100000.0]]}","[-0.0865131170103112, -0.026516929420012145, 0.0]",False
3,P02,10e57735-2e6f-4449-b4c9-0da2c57ab8b9,8,1,haply,mpc,seeded_random,1139142485,persist_session,10.0,1785830991.126907,8002.322366452,0,1785830991.1218412,325,True,normal,fixed,-0.08,-0.08,0.0,0.08,-0.08,0.0,0.07907983800000001,-0.07925008,0.0,0.060786605,-0.09770084,0.14858651,0.003328494,0.0014519691,-6.0026607e-05,"[0.8674386629560575, 0.5898088376355406, 0.0, 0.0, 0.0, 0.0, 0.3484121413666682, 0.6919956710923651]","[0.008445818419124214, -0.000508672026968292, 0.0]","{""Controller Type"": ""MPC Controller"", ""weight_comfort"": 500.0, ""weight_trajectory"": 3000.0, ""weight_goal"": 1000.0, ""Q"": [[3000.0, 0.0, 0.0, 0.0], [0.0, 0.0, 0.0, 0.0], [0.0, 0.0, 3000.0, 0.0], [0.0, 0.0, 0.0, 0.0]], ""R"": [[500.0, 0.0], [0.0, 500.0]], ""P"": [[1000.0, 0.0, 0.0, 0.0], [0.0, 100000.0, 0.0, 0.0], [0.0, 0.0, 1000.0, 0.0], [0.0, 0.0, 0.0, 100000.0]]}","[-0.015587119733221067, -0.06266120057767073, 0.0]",False
3,P02,10e57735-2e6f-4449-b4c9-0da2c57ab8b9,8,1,haply,mpc,seeded_random,1139142485,persist_session,10.0,1785830991.1375666,8002.333001347,0,1785830991.1318853,326,True,normal,fixed,-0.08,-0.08,0.0,0.08,-0.08,0.0,0.07920782400000001,-0.07925379999999999,0.0,0.06080342,-0.09775297,0.14860365,0.0033065306,0.0013385275,-2.1644877e-05,"[0.8686413109511465, 0.587718776608259, 0.0, 0.0, 0.0, 0.0, 0.34663442723102655, 0.694292254780323]","[0.0037440992569157247, 0.002096874451590218, 0.0]","{""Controller Type"": ""MPC Controller"", ""weight_comfort"": 500.0, ""weight_trajectory"": 3000.0, ""weight_goal"": 1000.0, ""Q"": [[3000.0, 0.0, 0.0, 0.0], [0.0, 0.0, 0.0, 0.0], [0.0, 0.0, 3000.0, 0.0], [0.0, 0.0, 0.0, 0.0]], ""R"": [[500.0, 0.0], [0.0, 500.0]], ""P"": [[1000.0, 0.0, 0.0, 0.0], [0.0, 100000.0, 0.0, 0.0], [0.0, 0.0, 1000.0, 0.0], [0.0, 0.0, 0.0, 100000.0]]}","[-0.09105460264707915, -0.027827482834880516, 0.0]",False
3,P02,10e57735-2e6f-4449-b4c9-0da2c57ab8b9,8,1,haply,mpc,seeded_random,1139142485,persist_session,10.0,1785830991.1471827,8002.342636586,0,1785830991.141769,327,True,normal,fixed,-0.08,-0.08,0.0,0.08,-0.08,0.0,0.07925826899999999,-0.07921951999999999,0.0,0.060862932,-0.09778134,0.14861886,0.0033014126,0.0011951424,2.5463574e-05,"[0.8646700991515814, 0.5934008892311617, 0.0, 0.0, 0.0, 0.0, 0.34687972987413396, 0.6942057297791226]","[0.008246327526249061, -0.0005159523815853296, 0.0]","{""Controller Type"": ""MPC Controller"", ""weight_comfort"": 500.0, ""weight_trajectory"": 3000.0, ""weight_goal"": 1000.0, ""Q"": [[3000.0, 0.0, 0.0, 0.0], [0.0, 0.0, 0.0, 0.0], [0.0, 0.0, 3000.0, 0.0], [0.0, 0.0, 0.0, 0.0]], ""R"": [[500.0, 0.0], [0.0, 500.0]], ""P"": [[1000.0, 0.0, 0.0, 0.0], [0.0, 100000.0, 0.0, 0.0], [0.0, 0.0, 1000.0, 0.0], [0.0, 0.0, 0.0, 100000.0]]}","[-0.022373492198489275, -0.06462021256862731, 0.0]",False
3,P02,10e57735-2e6f-4449-b4c9-0da2c57ab8b9,8,1,haply,mpc,seeded_random,1139142485,persist_session,10.0,1785830991.1571336,8002.352578783,0,1785830991.1519768,328,True,normal,fixed,-0.08,-0.08,0.0,0.08,-0.08,0.0,0.079436805,-0.07918910000000001,0.0,0.060905624,-0.09775761,0.14861698,0.0033390322,0.0010761559,6.8933376e-05,"[0.8660092568563732, 0.5912307947449543, 0.0, 0.0, 0.0, 0.0, 0.3449890503018897, 0.6966441533891565]","[0.0036599215029045175, 0.002146953600252701, 0.0]","{""Controller Type"": ""MPC Controller"", ""weight_comfort"": 500.0, ""weight_trajectory"": 3000.0, ""weight_goal"": 1000.0, ""Q"": [[3000.0, 0.0, 0.0, 0.0], [0.0, 0.0, 0.0, 0.0], [0.0, 0.0, 3000.0, 0.0], [0.0, 0.0, 0.0, 0.0]], ""R"": [[500.0, 0.0], [0.0, 500.0]], ""P"": [[1000.0, 0.0, 0.0, 0.0], [0.0, 100000.0, 0.0, 0.0], [0.0, 0.0, 1000.0, 0.0], [0.0, 0.0, 0.0, 100000.0]]}","[-0.1423895801640164, -0.061396000335480094, 0.0]",False
3,P02,10e57735-2e6f-4449-b4c9-0da2c57ab8b9,8,1,haply,mpc,seeded_random,1139142485,persist_session,10.0,1785830991.167392,8002.362841299,0,1785830991.1616828,329,True,normal,fixed,-0.08,-0.08,0.0,0.08,-0.08,0.0,0.079564881,-0.07919285999999998,0.0,0.060948312,-0.09773383,0.1486151,0.003454636,0.0007391936,0.00018375776,"[0.8568430322780879, 0.6038598931080781, 0.0, 0.0, 0.0, 0.0, 0.34520790227406034, 0.696367063034795]","[0.011044077957776828, 0.0017952777392075301, 0.0]","{""Controller Type"": ""MPC Controller"", ""weight_comfort"": 500.0, ""weight_trajectory"": 3000.0, ""weight_goal"": 1000.0, ""Q"": [[3000.0, 0.0, 0.0, 0.0], [0.0, 0.0, 0.0, 0.0], [0.0, 0.0, 3000.0, 0.0], [0.0, 0.0, 0.0, 0.0]], ""R"": [[500.0, 0.0], [0.0, 500.0]], ""P"": [[1000.0, 0.0, 0.0, 0.0], [0.0, 100000.0, 0.0, 0.0], [0.0, 0.0, 1000.0, 0.0], [0.0, 0.0, 0.0, 100000.0]]}","[-0.10708836614000872, -0.03022188662005926, 0.0]",False
3,P02,10e57735-2e6f-4449-b4c9-0da2c57ab8b9,8,1,haply,mpc,seeded_random,1139142485,persist_session,10.0,1785830991.176865,8002.372321309,0,1785830991.1720524,330,True,normal,fixed,-0.08,-0.08,0.0,0.08,-0.08,0.0,0.07969294499999999,-0.07919662,0.0,0.06099098,-0.09771007,0.14861321,0.0037288705,0.00012167446,0.0003981623,"[0.8594337828803744, 0.6002870494397252, 0.0, 0.0, 0.0, 0.0, 0.34545918413811855, 0.6962729730312099]","[0.008295056618107413, -0.0005485620206921926, 0.0]","{""Controller Type"": ""MPC Controller"", ""weight_comfort"": 500.0, ""weight_trajectory"": 3000.0, ""weight_goal"": 1000.0, ""Q"": [[3000.0, 0.0, 0.0, 0.0], [0.0, 0.0, 0.0, 0.0], [0.0, 0.0, 3000.0, 0.0], [0.0, 0.0, 0.0, 0.0]], ""R"": [[500.0, 0.0], [0.0, 500.0]], ""P"": [[1000.0, 0.0, 0.0, 0.0], [0.0, 100000.0, 0.0, 0.0], [0.0, 0.0, 1000.0, 0.0], [0.0, 0.0, 0.0, 100000.0]]}","[-0.10355448256396682, -0.030292794575458436, 0.0]",False
3,P02,10e57735-2e6f-4449-b4c9-0da2c57ab8b9,8,1,haply,mpc,seeded_random,1139142485,persist_session,10.0,1785830991.1870074,8002.382463162,0,1785830991.1817198,331,True,normal,fixed,-0.08,-0.08,0.0,0.08,-0.08,0.0,0.079820949,-0.0792004,0.0,0.061076306,-0.09766249,0.14860946,0.0038234957,3.6034937e-05,0.00043604424,"[0.8599218181348025, 0.5996205196547548, 0.0, 0.0, 0.0, 0.0, 0.34545699984725553, 0.6962738694022427]","[0.007669367705808181, -0.0005300024896122807, 0.0]","{""Controller Type"": ""MPC Controller"", ""weight_comfort"": 500.0, ""weight_trajectory"": 3000.0, ""weight_goal"": 1000.0, ""Q"": [[3000.0, 0.0, 0.0, 0.0], [0.0, 0.0, 0.0, 0.0], [0.0, 0.0, 3000.0, 0.0], [0.0, 0.0, 0.0, 0.0]], ""R"": [[500.0, 0.0], [0.0, 500.0]], ""P"": [[1000.0, 0.0, 0.0, 0.0], [0.0, 100000.0, 0.0, 0.0], [0.0, 0.0, 1000.0, 0.0], [0.0, 0.0, 0.0, 100000.0]]}","[-0.11601107967858597, -0.02987292169944533, 0.0]",False
3,P02,10e57735-2e6f-4449-b4c9-0da2c57ab8b9,8,1,haply,mpc,seeded_random,1139142485,persist_session,10.0,1785830991.1969435,8002.392400528,0,1785830991.1918564,332,True,normal,fixed,-0.08,-0.08,0.0,0.08,-0.08,0.0,0.08007692699999999,-0.0792079,0.0,0.061118945,-0.097638674,0.14860758,0.0037239778,0.0005721146,0.00026999007,"[0.8594175144484271, 0.6003002150725113, 0.0, 0.0, 0.0, 0.0, 0.34545870167917564, 0.696273252405834]","[0.00810233066792922, -0.0005484750731022826, 0.0]","{""Controller Type"": ""MPC Controller"", ""weight_comfort"": 500.0, ""weight_trajectory"": 3000.0, ""weight_goal"": 1000.0, ""Q"": [[3000.0, 0.0, 0.0, 0.0], [0.0, 0.0, 0.0, 0.0], [0.0, 0.0, 3000.0, 0.0], [0.0, 0.0, 0.0, 0.0]], ""R"": [[500.0, 0.0], [0.0, 500.0]], ""P"": [[1000.0, 0.0, 0.0, 0.0], [0.0, 100000.0, 0.0, 0.0], [0.0, 0.0, 1000.0, 0.0], [0.0, 0.0, 0.0, 100000.0]]}","[-0.235818739992184, -0.026345414232905647, 0.0]",False
3,P02,10e57735-2e6f-4449-b4c9-0da2c57ab8b9,8,1,haply,mpc,seeded_random,1139142485,persist_session,10.0,1785830991.2069335,8002.402392236,0,1785830991.2016997,333,True,normal,fixed,-0.08,-0.08,0.0,0.08,-0.08,0.0,0.080204844,-0.07921166000000002,0.0,0.061118945,-0.097638674,0.14860758,0.0038607686,0.0010800032,0.00013974278,"[0.8455974471446864, 0.6185829787625976, 0.0, 0.0, 0.0, 0.0, 0.3454694437354873, 0.6962834038564544]","[0.015555924861050278, -0.0007888213862372166, 0.0]","{""Controller Type"": ""MPC Controller"", ""weight_comfort"": 500.0, ""weight_trajectory"": 3000.0, ""weight_goal"": 1000.0, ""Q"": [[3000.0, 0.0, 0.0, 0.0], [0.0, 0.0, 0.0, 0.0], [0.0, 0.0, 3000.0, 0.0], [0.0, 0.0, 0.0, 0.0]], ""R"": [[500.0, 0.0], [0.0, 500.0]], ""P"": [[1000.0, 0.0, 0.0, 0.0], [0.0, 100000.0, 0.0, 0.0], [0.0, 0.0, 1000.0, 0.0], [0.0, 0.0, 0.0, 100000.0]]}","[-0.12827214013345628, -0.029484626017606, 0.0]",False
3,P02,10e57735-2e6f-4449-b4c9-0da2c57ab8b9,8,1,haply,mpc,seeded_random,1139142485,persist_session,10.0,1785830991.2172284,8002.412668169,0,1785830991.21185,334,True,normal,fixed,-0.08,-0.08,0.0,0.08,-0.08,0.0,0.080204844,-0.07921166000000002,0.0,0.061161585,-0.09761484,0.1486057,0.0038861507,0.0014001298,5.0644838e-05,"[0.8534015361450795, 0.6083999960762823, 0.0, 0.0, 0.0, 0.0, 0.34544334186228454, 0.6962930208602837]","[0.007731509028143319, -0.0005382994560082677, 0.0]","{""Controller Type"": ""MPC Controller"", ""weight_comfort"": 500.0, ""weight_trajectory"": 3000.0, ""weight_goal"": 1000.0, ""Q"": [[3000.0, 0.0, 0.0, 0.0], [0.0, 0.0, 0.0, 0.0], [0.0, 0.0, 3000.0, 0.0], [0.0, 0.0, 0.0, 0.0]], ""R"": [[500.0, 0.0], [0.0, 500.0]], ""P"": [[1000.0, 0.0, 0.0, 0.0], [0.0, 100000.0, 0.0, 0.0], [0.0, 0.0, 1000.0, 0.0], [0.0, 0.0, 0.0, 100000.0]]}","[-0.00857557062448639, -0.0330029941888103, 0.0]",False
3,P02,10e57735-2e6f-4449-b4c9-0da2c57ab8b9,8,1,haply,mpc,seeded_random,1139142485,persist_session,10.0,1785830991.2270727,8002.422527166,0,1785830991.221768,335,True,normal,fixed,-0.08,-0.08,0.0,0.08,-0.08,0.0,0.080332764,-0.07921541999999998,0.0,0.061178587,-0.09766694,0.14862286,0.0039886767,0.0013313427,8.352824e-05,"[0.8536291714299935, 0.6082777930002681, 0.0, 0.0, 0.0, 0.0, 0.3454005852442644, 0.696325867991567]","[-0.00017486081399240193, -0.0002722930973714581, 0.0]","{""Controller Type"": ""MPC Controller"", ""weight_comfort"": 500.0, ""weight_trajectory"": 3000.0, ""weight_goal"": 1000.0, ""Q"": [[3000.0, 0.0, 0.0, 0.0], [0.0, 0.0, 0.0, 0.0], [0.0, 0.0, 3000.0, 0.0], [0.0, 0.0, 0.0, 0.0]], ""R"": [[500.0, 0.0], [0.0, 500.0]], ""P"": [[1000.0, 0.0, 0.0, 0.0], [0.0, 100000.0, 0.0, 0.0], [0.0, 0.0, 1000.0, 0.0], [0.0, 0.0, 0.0, 100000.0]]}","[-0.13272953424620887, -0.029353690692128422, 0.0]",False
3,P02,10e57735-2e6f-4449-b4c9-0da2c57ab8b9,8,1,haply,mpc,seeded_random,1139142485,persist_session,10.0,1785830991.2369466,8002.432399773,0,1785830991.231758,336,True,normal,fixed,-0.08,-0.08,0.0,0.08,-0.08,0.0,0.08038377,-0.0791811,0.0,0.061238233,-0.097695105,0.14863813,0.0039120293,0.001153238,0.0001268695,"[0.845477316088788, 0.6188028664750277, 0.0, 0.0, 0.0, 0.0, 0.3454272160584469, 0.696316009246522]","[0.007699848006534377, -0.0005349954156061139, 0.0]","{""Controller Type"": ""MPC Controller"", ""weight_comfort"": 500.0, ""weight_trajectory"": 3000.0, ""weight_goal"": 1000.0, ""Q"": [[3000.0, 0.0, 0.0, 0.0], [0.0, 0.0, 0.0, 0.0], [0.0, 0.0, 3000.0, 0.0], [0.0, 0.0, 0.0, 0.0]], ""R"": [[500.0, 0.0], [0.0, 500.0]], ""P"": [[1000.0, 0.0, 0.0, 0.0], [0.0, 100000.0, 0.0, 0.0], [0.0, 0.0, 1000.0, 0.0], [0.0, 0.0, 0.0, 100000.0]]}","[-0.06309262364686655, -0.06592470839826951, 0.0]",False
3,P02,10e57735-2e6f-4449-b4c9-0da2c57ab8b9,8,1,haply,mpc,seeded_random,1139142485,persist_session,10.0,1785830991.2472036,8002.442652764,0,1785830991.2416852,337,True,normal,fixed,-0.08,-0.08,0.0,0.08,-0.08,0.0,0.08056270800000001,-0.07915055999999998,0.0,0.061238233,-0.097695105,0.14863813,0.0038504405,0.0010119877,0.00016121376,"[0.8476046843637559, 0.6161856159551448, 0.0, 0.0, 0.0, 0.0, 0.34354472747688597, 0.6987308579485687]","[0.0028207093638954496, 0.002119064239338711, 0.0]","{""Controller Type"": ""MPC Controller"", ""weight_comfort"": 500.0, ""weight_trajectory"": 3000.0, ""weight_goal"": 1000.0, ""Q"": [[3000.0, 0.0, 0.0, 0.0], [0.0, 0.0, 0.0, 0.0], [0.0, 0.0, 3000.0, 0.0], [0.0, 0.0, 0.0, 0.0]], ""R"": [[500.0, 0.0], [0.0, 500.0]], ""P"": [[1000.0, 0.0, 0.0, 0.0], [0.0, 100000.0, 0.0, 0.0], [0.0, 0.0, 1000.0, 0.0], [0.0, 0.0, 0.0, 100000.0]]}","[-0.18958441444090882, -0.06389735565969645, 0.0]",False
3,P02,10e57735-2e6f-4449-b4c9-0da2c57ab8b9,8,1,haply,mpc,seeded_random,1139142485,persist_session,10.0,1785830991.2571437,8002.452597489,0,1785830991.2518632,338,True,normal,fixed,-0.08,-0.08,0.0,0.08,-0.08,0.0,0.08056270800000001,-0.07915055999999998,0.0,0.061238233,-0.097695105,0.14863813,0.0038454316,0.0009303248,0.00018478297,"[0.8361001965396678, 0.6309566039070441, 0.0, 0.0, 0.0, 0.0, 0.34371999297429784, 0.6985092869455928]","[0.010902716245322098, 0.0018569576320515717, 0.0]","{""Controller Type"": ""MPC Controller"", ""weight_comfort"": 500.0, ""weight_trajectory"": 3000.0, ""weight_goal"": 1000.0, ""Q"": [[3000.0, 0.0, 0.0, 0.0], [0.0, 0.0, 0.0, 0.0], [0.0, 0.0, 3000.0, 0.0], [0.0, 0.0, 0.0, 0.0]], ""R"": [[500.0, 0.0], [0.0, 500.0]], ""P"": [[1000.0, 0.0, 0.0, 0.0], [0.0, 100000.0, 0.0, 0.0], [0.0, 0.0, 1000.0, 0.0], [0.0, 0.0, 0.0, 100000.0]]}","[-0.023557156631989762, -0.03556087904187892, 0.0]",False
3,P02,10e57735-2e6f-4449-b4c9-0da2c57ab8b9,8,1,haply,mpc,seeded_random,1139142485,persist_session,10.0,1785830991.266947,8002.46239526,0,1785830991.2617028,339,True,normal,fixed,-0.08,-0.08,0.0,0.08,-0.08,0.0,0.08056270800000001,-0.07915055999999998,0.0,0.061238233,-0.097695105,0.14863813,0.003945185,0.0008047829,0.0002334506,"[0.8369684047019806, 0.6304906117925596, 0.0, 0.0, 0.0, 0.0, 0.3440884676298474, 0.6982262177180885]","[-0.0004709688170730496, -0.00029228250794350474, 0.0]","{""Controller Type"": ""MPC Controller"", ""weight_comfort"": 500.0, ""weight_trajectory"": 3000.0, ""weight_goal"": 1000.0, ""Q"": [[3000.0, 0.0, 0.0, 0.0], [0.0, 0.0, 0.0, 0.0], [0.0, 0.0, 3000.0, 0.0], [0.0, 0.0, 0.0, 0.0]], ""R"": [[500.0, 0.0], [0.0, 500.0]], ""P"": [[1000.0, 0.0, 0.0, 0.0], [0.0, 100000.0, 0.0, 0.0], [0.0, 0.0, 1000.0, 0.0], [0.0, 0.0, 0.0, 100000.0]]}","[-0.02355715663198977, -0.035560879041878886, 0.0]",False
3,P02,10e57735-2e6f-4449-b4c9-0da2c57ab8b9,8,1,haply,mpc,seeded_random,1139142485,persist_session,10.0,1785830991.2769325,8002.472395498,0,1785830991.27203,340,True,normal,fixed,-0.08,-0.08,0.0,0.08,-0.08,0.0,0.08056270800000001,-0.07915055999999998,0.0,0.061238233,-0.097695105,0.14863813,0.0031665168,0.0002114307,0.0003139381,"[0.836968173522653, 0.6304907358731067, 0.0, 0.0, 0.0, 0.0, 0.3440881106193712, 0.6982264919803157]","[-0.0004709686869865925, -0.00029228220468452583, 0.0]","{""Controller Type"": ""MPC Controller"", ""weight_comfort"": 500.0, ""weight_trajectory"": 3000.0, ""weight_goal"": 1000.0, ""Q"": [[3000.0, 0.0, 0.0, 0.0], [0.0, 0.0, 0.0, 0.0], [0.0, 0.0, 3000.0, 0.0], [0.0, 0.0, 0.0, 0.0]], ""R"": [[500.0, 0.0], [0.0, 500.0]], ""P"": [[1000.0, 0.0, 0.0, 0.0], [0.0, 100000.0, 0.0, 0.0], [0.0, 0.0, 1000.0, 0.0], [0.0, 0.0, 0.0, 100000.0]]}","[-0.023557156631989765, -0.03556087904187888, 0.0]",False
3,P02,10e57735-2e6f-4449-b4c9-0da2c57ab8b9,8,1,haply,mpc,seeded_random,1139142485,persist_session,10.0,1785830991.2869549,8002.48241172,0,1785830991.2818549,341,True,normal,fixed,-0.08,-0.08,0.0,0.08,-0.08,0.0,0.08056270800000001,-0.07915055999999998,0.0,0.061238233,-0.097695105,0.14863813,0.0022806323,6.564882e-05,0.00025133524,"[0.8369679421120424, 0.6304908600777899, 0.0, 0.0, 0.0, 0.0, 0.3440877532522691, 0.6982267665165097]","[-0.0004709685567699907, -0.0002922819011226146, 0.0]","{""Controller Type"": ""MPC Controller"", ""weight_comfort"": 500.0, ""weight_trajectory"": 3000.0, ""weight_goal"": 1000.0, ""Q"": [[3000.0, 0.0, 0.0, 0.0], [0.0, 0.0, 0.0, 0.0], [0.0, 0.0, 3000.0, 0.0], [0.0, 0.0, 0.0, 0.0]], ""R"": [[500.0, 0.0], [0.0, 500.0]], ""P"": [[1000.0, 0.0, 0.0, 0.0], [0.0, 100000.0, 0.0, 0.0], [0.0, 0.0, 1000.0, 0.0], [0.0, 0.0, 0.0, 100000.0]]}","[-0.023557156631989734, -0.035560879041878886, 0.0]",False
3,P02,10e57735-2e6f-4449-b4c9-0da2c57ab8b9,8,1,haply,mpc,seeded_random,1139142485,persist_session,10.0,1785830991.297003,8002.492466631,0,1785830991.2918413,342,True,normal,fixed,-0.08,-0.08,0.0,0.08,-0.08,0.0,0.08056270800000001,-0.07915055999999998,0.0,0.061247762,-0.097729616,0.14859332,0.0016484923,4.7452446e-05,0.00018167082,"[0.8369677104699178, 0.6304909844067332, 0.0, 0.0, 0.0, 0.0, 0.34408739552818557, 0.6982270413269437]","[-0.00047096842642311404, -0.0002922815972574691, 0.0]","{""Controller Type"": ""MPC Controller"", ""weight_comfort"": 500.0, ""weight_trajectory"": 3000.0, ""weight_goal"": 1000.0, ""Q"": [[3000.0, 0.0, 0.0, 0.0], [0.0, 0.0, 0.0, 0.0], [0.0, 0.0, 3000.0, 0.0], [0.0, 0.0, 0.0, 0.0]], ""R"": [[500.0, 0.0], [0.0, 500.0]], ""P"": [[1000.0, 0.0, 0.0, 0.0], [0.0, 100000.0, 0.0, 0.0], [0.0, 0.0, 1000.0, 0.0], [0.0, 0.0, 0.0, 100000.0]]}","[-0.023557156631989762, -0.03556087904187897, 0.0]",False
3,P02,10e57735-2e6f-4449-b4c9-0da2c57ab8b9,8,1,haply,mpc,seeded_random,1139142485,persist_session,10.0,1785830991.3070188,8002.50246901,0,1785830991.301849,343,True,normal,fixed,-0.08,-0.08,0.0,0.08,-0.08,0.0,0.080591295,-0.07924018,0.0,0.06125731,-0.097764164,0.14854841,0.0011841846,1.1426753e-05,0.00010060259,"[0.8369674785960476, 0.6304911088600611, 0.0, 0.0, 0.0, 0.0, 0.34408703744676483, 0.6982273164118908]","[-0.00047096829594583223, -0.00029228129308878705, 0.0]","{""Controller Type"": ""MPC Controller"", ""weight_comfort"": 500.0, ""weight_trajectory"": 3000.0, ""weight_goal"": 1000.0, ""Q"": [[3000.0, 0.0, 0.0, 0.0], [0.0, 0.0, 0.0, 0.0], [0.0, 0.0, 3000.0, 0.0], [0.0, 0.0, 0.0, 0.0]], ""R"": [[500.0, 0.0], [0.0, 500.0]], ""P"": [[1000.0, 0.0, 0.0, 0.0], [0.0, 100000.0, 0.0, 0.0], [0.0, 0.0, 1000.0, 0.0], [0.0, 0.0, 0.0, 100000.0]]}","[-0.05106472444672203, 0.05067511030844088, 0.0]",False
3,P02,10e57735-2e6f-4449-b4c9-0da2c57ab8b9,8,1,haply,mpc,seeded_random,1139142485,persist_session,10.0,1785830991.3169613,8002.512424823,0,1785830991.3120167,344,True,normal,fixed,-0.08,-0.08,0.0,0.08,-0.08,0.0,0.080619939,-0.07933000000000001,0.0,0.06125731,-0.097764164,0.14854841,0.0008665355,-4.066588e-05,8.895145e-06,"[0.8364388207382576, 0.6310765081392763, 0.0, 0.0, 0.0, 0.0, 0.33623948707526874, 0.7102041277557147]","[0.0013081027011318087, -0.006615484648055285, 0.0]","{""Controller Type"": ""MPC Controller"", ""weight_comfort"": 500.0, ""weight_trajectory"": 3000.0, ""weight_goal"": 1000.0, ""Q"": [[3000.0, 0.0, 0.0, 0.0], [0.0, 0.0, 0.0, 0.0], [0.0, 0.0, 3000.0, 0.0], [0.0, 0.0, 0.0, 0.0]], ""R"": [[500.0, 0.0], [0.0, 500.0]], ""P"": [[1000.0, 0.0, 0.0, 0.0], [0.0, 100000.0, 0.0, 0.0], [0.0, 0.0, 1000.0, 0.0], [0.0, 0.0, 0.0, 100000.0]]}","[-0.05190092281103683, 0.05331677703160136, 0.0]",False
3,P02,10e57735-2e6f-4449-b4c9-0da2c57ab8b9,8,1,haply,mpc,seeded_random,1139142485,persist_session,10.0,1785830991.3269255,8002.522381999,0,1785830991.3218098,345,True,normal,fixed,-0.08,-0.08,0.0,0.08,-0.08,0.0,0.080619939,-0.07933000000000001,0.0,0.06125731,-0.097764164,0.14854841,0.0006390944,-8.2434744e-05,-6.266926e-05,"[0.8364484178106548, 0.6310659755288484, 0.0, 0.0, 0.0, 0.0, 0.3364024629344551, 0.7099570026679389]","[0.0012592405070933174, -0.006496963150327551, 0.0]","{""Controller Type"": ""MPC Controller"", ""weight_comfort"": 500.0, ""weight_trajectory"": 3000.0, ""weight_goal"": 1000.0, ""Q"": [[3000.0, 0.0, 0.0, 0.0], [0.0, 0.0, 0.0, 0.0], [0.0, 0.0, 3000.0, 0.0], [0.0, 0.0, 0.0, 0.0]], ""R"": [[500.0, 0.0], [0.0, 500.0]], ""P"": [[1000.0, 0.0, 0.0, 0.0], [0.0, 100000.0, 0.0, 0.0], [0.0, 0.0, 1000.0, 0.0], [0.0, 0.0, 0.0, 100000.0]]}","[-0.05190092281103683, 0.05331677703160136, 0.0]",False
3,P02,10e57735-2e6f-4449-b4c9-0da2c57ab8b9,8,1,haply,mpc,seeded_random,1139142485,persist_session,10.0,1785830991.3370903,8002.532551255,0,1785830991.3322048,346,True,normal,fixed,-0.08,-0.08,0.0,0.08,-0.08,0.0,0.080619939,-0.07933000000000001,0.0,0.06126684,-0.097798675,0.1485035,0.00047371356,-0.00011947256,-0.00012354544,"[0.836604635308057, 0.6309821298382411, 0.0, 0.0, 0.0, 0.0, 0.3355280551496418, 0.7106286681416308]","[-0.0005186438410082414, -0.00022480379695025666, 0.0]","{""Controller Type"": ""MPC Controller"", ""weight_comfort"": 500.0, ""weight_trajectory"": 3000.0, ""weight_goal"": 1000.0, ""Q"": [[3000.0, 0.0, 0.0, 0.0], [0.0, 0.0, 0.0, 0.0], [0.0, 0.0, 3000.0, 0.0], [0.0, 0.0, 0.0, 0.0]], ""R"": [[500.0, 0.0], [0.0, 500.0]], ""P"": [[1000.0, 0.0, 0.0, 0.0], [0.0, 100000.0, 0.0, 0.0], [0.0, 0.0, 1000.0, 0.0], [0.0, 0.0, 0.0, 100000.0]]}","[-0.02595307002030273, -0.028048819172248114, 0.0]",False
3,P02,10e57735-2e6f-4449-b4c9-0da2c57ab8b9,8,1,haply,mpc,seeded_random,1139142485,persist_session,10.0,1785830991.3469718,8002.542430654,0,1785830991.3422916,347,True,normal,fixed,-0.08,-0.08,0.0,0.08,-0.08,0.0,0.08064852900000001,-0.07941981999999997,0.0,0.06126684,-0.097798675,0.1485035,0.00036057012,-0.00016096207,-0.00018654481,"[0.8366043528659658, 0.6309822814317091, 0.0, 0.0, 0.0, 0.0, 0.3355278370692676, 0.7106288356573602]","[-0.0005186436659113738, -0.00022480365083640594, 0.0]","{""Controller Type"": ""MPC Controller"", ""weight_comfort"": 500.0, ""weight_trajectory"": 3000.0, ""weight_goal"": 1000.0, ""Q"": [[3000.0, 0.0, 0.0, 0.0], [0.0, 0.0, 0.0, 0.0], [0.0, 0.0, 3000.0, 0.0], [0.0, 0.0, 0.0, 0.0]], ""R"": [[500.0, 0.0], [0.0, 500.0]], ""P"": [[1000.0, 0.0, 0.0, 0.0], [0.0, 100000.0, 0.0, 0.0], [0.0, 0.0, 1000.0, 0.0], [0.0, 0.0, 0.0, 100000.0]]}","[-0.02595307002030274, -0.028048819172248142, 0.0]",False
3,P02,10e57735-2e6f-4449-b4c9-0da2c57ab8b9,8,1,haply,mpc,seeded_random,1139142485,persist_session,10.0,1785830991.3570075,8002.55246845,0,1785830991.3522575,348,True,normal,fixed,-0.08,-0.08,0.0,0.08,-0.08,0.0,0.08064852900000001,-0.07941981999999997,0.0,0.06126684,-0.097798675,0.1485035,0.00028057935,-0.00019029455,-0.0002310845,"[0.8360705923544157, 0.6315646549411593, 0.0, 0.0, 0.0, 0.0, 0.32757841294643547, 0.7225923322655761]","[0.0012478936774823735, -0.006624543604266564, 0.0]","{""Controller Type"": ""MPC Controller"", ""weight_comfort"": 500.0, ""weight_trajectory"": 3000.0, ""weight_goal"": 1000.0, ""Q"": [[3000.0, 0.0, 0.0, 0.0], [0.0, 0.0, 0.0, 0.0], [0.0, 0.0, 3000.0, 0.0], [0.0, 0.0, 0.0, 0.0]], ""R"": [[500.0, 0.0], [0.0, 500.0]], ""P"": [[1000.0, 0.0, 0.0, 0.0], [0.0, 100000.0, 0.0, 0.0], [0.0, 0.0, 1000.0, 0.0], [0.0, 0.0, 0.0, 100000.0]]}","[-0.027149959184774877, -0.024288602846513338, 0.0]",False
3,P02,10e57735-2e6f-4449-b4c9-0da2c57ab8b9,8,1,haply,mpc,seeded_random,1139142485,persist_session,10.0,1785830991.3669863,8002.562440665,0,1785830991.3623056,349,True,normal,fixed,-0.08,-0.08,0.0,0.08,-0.08,0.0,0.08064852900000001,-0.07941981999999997,0.0,0.06126684,-0.097798675,0.1485035,0.00025986615,-0.00035141248,-0.00044543124,"[0.836232633162143, 0.6314776841116286, 0.0, 0.0, 0.0, 0.0, 0.3268261983538887, 0.7231701050812328]","[-0.0005423211133520188, -0.0001896180237609681, 0.0]","{""Controller Type"": ""MPC Controller"", ""weight_comfort"": 500.0, ""weight_trajectory"": 3000.0, ""weight_goal"": 1000.0, ""Q"": [[3000.0, 0.0, 0.0, 0.0], [0.0, 0.0, 0.0, 0.0], [0.0, 0.0, 3000.0, 0.0], [0.0, 0.0, 0.0, 0.0]], ""R"": [[500.0, 0.0], [0.0, 500.0]], ""P"": [[1000.0, 0.0, 0.0, 0.0], [0.0, 100000.0, 0.0, 0.0], [0.0, 0.0, 1000.0, 0.0], [0.0, 0.0, 0.0, 100000.0]]}","[-0.027149959184774877, -0.024288602846513338, 0.0]",False
3,P02,10e57735-2e6f-4449-b4c9-0da2c57ab8b9,8,1,haply,mpc,seeded_random,1139142485,persist_session,10.0,1785830991.3769236,8002.572389053,0,1785830991.3720427,350,True,normal,fixed,-0.08,-0.08,0.0,0.08,-0.08,0.0,0.08064852900000001,-0.07941981999999997,0.0,0.06126684,-0.097798675,0.1485035,0.00030399286,-0.0006754568,-0.0008703219,"[0.8362323232785633, 0.6314778504328927, 0.0, 0.0, 0.0, 0.0, 0.32682603859723464, 0.7231702277896365]","[-0.0005423209123835307, -0.00018961793107335253, 0.0]","{""Controller Type"": ""MPC Controller"", ""weight_comfort"": 500.0, ""weight_trajectory"": 3000.0, ""weight_goal"": 1000.0, ""Q"": [[3000.0, 0.0, 0.0, 0.0], [0.0, 0.0, 0.0, 0.0], [0.0, 0.0, 3000.0, 0.0], [0.0, 0.0, 0.0, 0.0]], ""R"": [[500.0, 0.0], [0.0, 500.0]], ""P"": [[1000.0, 0.0, 0.0, 0.0], [0.0, 100000.0, 0.0, 0.0], [0.0, 0.0, 1000.0, 0.0], [0.0, 0.0, 0.0, 100000.0]]}","[-0.027149959184774874, -0.024288602846513376, 0.0]",False
3,P02,10e57735-2e6f-4449-b4c9-0da2c57ab8b9,8,1,haply,mpc,seeded_random,1139142485,persist_session,10.0,1785830991.3870368,8002.582493996,0,1785830991.382223,351,True,normal,fixed,-0.08,-0.08,0.0,0.08,-0.08,0.0,0.08064852900000001,-0.07941981999999997,0.0,0.06126684,-0.097798675,0.1485035,0.0002194514,-0.00048761003,-0.0006282824,"[0.8362320130850199, 0.6314780169205212, 0.0, 0.0, 0.0, 0.0, 0.3268258786808204, 0.7231703506207512]","[-0.0005423207112140222, -0.00018961783829304733, 0.0]","{""Controller Type"": ""MPC Controller"", ""weight_comfort"": 500.0, ""weight_trajectory"": 3000.0, ""weight_goal"": 1000.0, ""Q"": [[3000.0, 0.0, 0.0, 0.0], [0.0, 0.0, 0.0, 0.0], [0.0, 0.0, 3000.0, 0.0], [0.0, 0.0, 0.0, 0.0]], ""R"": [[500.0, 0.0], [0.0, 500.0]], ""P"": [[1000.0, 0.0, 0.0, 0.0], [0.0, 100000.0, 0.0, 0.0], [0.0, 0.0, 1000.0, 0.0], [0.0, 0.0, 0.0, 100000.0]]}","[-0.027149959184774874, -0.024288602846513376, 0.0]",False
3,P02,10e57735-2e6f-4449-b4c9-0da2c57ab8b9,8,1,haply,mpc,seeded_random,1139142485,persist_session,10.0,1785830991.3969505,8002.592417765,0,1785830991.392063,352,True,normal,fixed,-0.08,-0.08,0.0,0.08,-0.08,0.0,0.08064852900000001,-0.07941981999999997,0.0,0.06126684,-0.097798675,0.1485035,0.00015655423,-0.00034785562,-0.0004482097,"[0.8362317025812029, 0.6314781835746802, 0.0, 0.0, 0.0, 0.0, 0.32682571860448645, 0.7231704735746995]","[-0.0005423205098432924, -0.00018961774541995989, 0.0]","{""Controller Type"": ""MPC Controller"", ""weight_comfort"": 500.0, ""weight_trajectory"": 3000.0, ""weight_goal"": 1000.0, ""Q"": [[3000.0, 0.0, 0.0, 0.0], [0.0, 0.0, 0.0, 0.0], [0.0, 0.0, 3000.0, 0.0], [0.0, 0.0, 0.0, 0.0]], ""R"": [[500.0, 0.0], [0.0, 500.0]], ""P"": [[1000.0, 0.0, 0.0, 0.0], [0.0, 100000.0, 0.0, 0.0], [0.0, 0.0, 1000.0, 0.0], [0.0, 0.0, 0.0, 100000.0]]}","[-0.027149959184774874, -0.02428860284651338, 0.0]",False
3,P02,10e57735-2e6f-4449-b4c9-0da2c57ab8b9,8,1,haply,mpc,seeded_random,1139142485,persist_session,10.0,1785830991.4069614,8002.602414746,0,1785830991.4022105,353,True,normal,fixed,-0.08,-0.08,0.0,0.08,-0.08,0.0,0.08064852900000001,-0.07941981999999997,0.0,0.06126684,-0.097798675,0.1485035,0.000112943,-0.00025095372,-0.00032335214,"[0.8362313917668023, 0.6314783503955362, 0.0, 0.0, 0.0, 0.0, 0.326825558368073, 0.7231705966516043]","[-0.0005423203082711398, -0.0001896176524539975, 0.0]","{""Controller Type"": ""MPC Controller"", ""weight_comfort"": 500.0, ""weight_trajectory"": 3000.0, ""weight_goal"": 1000.0, ""Q"": [[3000.0, 0.0, 0.0, 0.0], [0.0, 0.0, 0.0, 0.0], [0.0, 0.0, 3000.0, 0.0], [0.0, 0.0, 0.0, 0.0]], ""R"": [[500.0, 0.0], [0.0, 500.0]], ""P"": [[1000.0, 0.0, 0.0, 0.0], [0.0, 100000.0, 0.0, 0.0], [0.0, 0.0, 1000.0, 0.0], [0.0, 0.0, 0.0, 100000.0]]}","[-0.027149959184774874, -0.02428860284651338, 0.0]",False
3,P02,10e57735-2e6f-4449-b4c9-0da2c57ab8b9,8,1,haply,mpc,seeded_random,1139142485,persist_session,10.0,1785830991.4169836,8002.612451707,0,1785830991.4119956,354,True,normal,fixed,-0.08,-0.08,0.0,0.08,-0.08,0.0,0.08064852900000001,-0.07941981999999997,0.0,0.06126684,-0.097798675,0.1485035,8.128792e-05,-0.00018061772,-0.00023272463,"[0.8362310806415074, 0.6314785173832559, 0.0, 0.0, 0.0, 0.0, 0.32682539797142, 0.7231707198515883]","[-0.0005423201064973636, -0.0001896175593950674, 0.0]","{""Controller Type"": ""MPC Controller"", ""weight_comfort"": 500.0, ""weight_trajectory"": 3000.0, ""weight_goal"": 1000.0, ""Q"": [[3000.0, 0.0, 0.0, 0.0], [0.0, 0.0, 0.0, 0.0], [0.0, 0.0, 3000.0, 0.0], [0.0, 0.0, 0.0, 0.0]], ""R"": [[500.0, 0.0], [0.0, 500.0]], ""P"": [[1000.0, 0.0, 0.0, 0.0], [0.0, 100000.0, 0.0, 0.0], [0.0, 0.0, 1000.0, 0.0], [0.0, 0.0, 0.0, 100000.0]]}","[-0.02714995918477488, -0.02428860284651337, 0.0]",False
3,P02,10e57735-2e6f-4449-b4c9-0da2c57ab8b9,8,1,haply,mpc,seeded_random,1139142485,persist_session,10.0,1785830991.427041,8002.622500464,0,1785830991.421921,355,True,normal,fixed,-0.08,-0.08,0.0,0.08,-0.08,0.0,0.08064852900000001,-0.07941981999999997,0.0,0.06126684,-0.097798675,0.1485035,5.795534e-05,-0.0001287739,-0.00016592421,"[0.8362307692050077, 0.631478684538006, 0.0, 0.0, 0.0, 0.0, 0.32682523741436753, 0.7231708431747745]","[-0.0005423199045217618, -0.0001896174662430767, 0.0]","{""Controller Type"": ""MPC Controller"", ""weight_comfort"": 500.0, ""weight_trajectory"": 3000.0, ""weight_goal"": 1000.0, ""Q"": [[3000.0, 0.0, 0.0, 0.0], [0.0, 0.0, 0.0, 0.0], [0.0, 0.0, 3000.0, 0.0], [0.0, 0.0, 0.0, 0.0]], ""R"": [[500.0, 0.0], [0.0, 500.0]], ""P"": [[1000.0, 0.0, 0.0, 0.0], [0.0, 100000.0, 0.0, 0.0], [0.0, 0.0, 1000.0, 0.0], [0.0, 0.0, 0.0, 100000.0]]}","[-0.02714995918477488, -0.02428860284651337, 0.0]",False
3,P02,10e57735-2e6f-4449-b4c9-0da2c57ab8b9,8,1,haply,mpc,seeded_random,1139142485,persist_session,10.0,1785830991.4370656,8002.632521309,0,1785830991.4320455,356,True,normal,fixed,-0.08,-0.08,0.0,0.08,-0.08,0.0,0.08064852900000001,-0.07941981999999997,0.0,0.06126684,-0.097798675,0.1485035,4.1922685e-05,-9.315011e-05,-0.00012002327,"[0.8362304574569921, 0.6314788518599536, 0.0, 0.0, 0.0, 0.0, 0.32682507669675526, 0.7231709666212861]","[-0.000542319702344133, -0.0001896173729979324, 0.0]","{""Controller Type"": ""MPC Controller"", ""weight_comfort"": 500.0, ""weight_trajectory"": 3000.0, ""weight_goal"": 1000.0, ""Q"": [[3000.0, 0.0, 0.0, 0.0], [0.0, 0.0, 0.0, 0.0], [0.0, 0.0, 3000.0, 0.0], [0.0, 0.0, 0.0, 0.0]], ""R"": [[500.0, 0.0], [0.0, 500.0]], ""P"": [[1000.0, 0.0, 0.0, 0.0], [0.0, 100000.0, 0.0, 0.0], [0.0, 0.0, 1000.0, 0.0], [0.0, 0.0, 0.0, 100000.0]]}","[-0.027149959184774877, -0.024288602846513376, 0.0]",False
3,P02,10e57735-2e6f-4449-b4c9-0da2c57ab8b9,8,1,haply,mpc,seeded_random,1139142485,persist_session,10.0,1785830991.4469569,8002.642416752,0,1785830991.441835,357,True,normal,fixed,-0.08,-0.08,0.0,0.08,-0.08,0.0,0.08064852900000001,-0.07941981999999997,0.0,0.06126684,-0.097798675,0.1485035,2.9989924e-05,-6.66361e-05,-8.586018e-05,"[0.8362301453971492, 0.6314790193492655, 0.0, 0.0, 0.0, 0.0, 0.3268249158184228, 0.7231710901912461]","[-0.0005423194999642751, -0.00018961727965954148, 0.0]","{""Controller Type"": ""MPC Controller"", ""weight_comfort"": 500.0, ""weight_trajectory"": 3000.0, ""weight_goal"": 1000.0, ""Q"": [[3000.0, 0.0, 0.0, 0.0], [0.0, 0.0, 0.0, 0.0], [0.0, 0.0, 3000.0, 0.0], [0.0, 0.0, 0.0, 0.0]], ""R"": [[500.0, 0.0], [0.0, 500.0]], ""P"": [[1000.0, 0.0, 0.0, 0.0], [0.0, 100000.0, 0.0, 0.0], [0.0, 0.0, 1000.0, 0.0], [0.0, 0.0, 0.0, 100000.0]]}","[-0.02714995918477488, -0.02428860284651338, 0.0]",False
3,P02,10e57735-2e6f-4449-b4c9-0da2c57ab8b9,8,1,haply,mpc,seeded_random,1139142485,persist_session,10.0,1785830991.4569485,8002.65240906,0,1785830991.4517803,358,True,normal,fixed,-0.08,-0.08,0.0,0.08,-0.08,0.0,0.08064852900000001,-0.07941981999999997,0.0,0.06126684,-0.097798675,0.1485035,2.1627608e-05,-4.805545e-05,-6.1919134e-05,"[0.8362298330251674, 0.6314791870061093, 0.0, 0.0, 0.0, 0.0, 0.32682475477920964, 0.723171213884778]","[-0.0005423192973819861, -0.00018961718622781078, 0.0]","{""Controller Type"": ""MPC Controller"", ""weight_comfort"": 500.0, ""weight_trajectory"": 3000.0, ""weight_goal"": 1000.0, ""Q"": [[3000.0, 0.0, 0.0, 0.0], [0.0, 0.0, 0.0, 0.0], [0.0, 0.0, 3000.0, 0.0], [0.0, 0.0, 0.0, 0.0]], ""R"": [[500.0, 0.0], [0.0, 500.0]], ""P"": [[1000.0, 0.0, 0.0, 0.0], [0.0, 100000.0, 0.0, 0.0], [0.0, 0.0, 1000.0, 0.0], [0.0, 0.0, 0.0, 100000.0]]}","[-0.027149959184774877, -0.024288602846513383, 0.0]",False
3,P02,10e57735-2e6f-4449-b4c9-0da2c57ab8b9,8,1,haply,mpc,seeded_random,1139142485,persist_session,10.0,1785830991.466953,8002.662416482,0,1785830991.461796,359,True,normal,fixed,-0.08,-0.08,0.0,0.08,-0.08,0.0,0.08064852900000001,-0.07941981999999997,0.0,0.06122413,-0.09782255,0.14850537,5.4666557e-06,-4.01552e-05,-4.4042277e-05,"[0.8362295203407346, 0.6314793548306523, 0.0, 0.0, 0.0, 0.0, 0.32682459357895494, 0.7231713377020051]","[-0.0005423190945970637, -0.00018961709270264702, 0.0]","{""Controller Type"": ""MPC Controller"", ""weight_comfort"": 500.0, ""weight_trajectory"": 3000.0, ""weight_goal"": 1000.0, ""Q"": [[3000.0, 0.0, 0.0, 0.0], [0.0, 0.0, 0.0, 0.0], [0.0, 0.0, 3000.0, 0.0], [0.0, 0.0, 0.0, 0.0]], ""R"": [[500.0, 0.0], [0.0, 500.0]], ""P"": [[1000.0, 0.0, 0.0, 0.0], [0.0, 100000.0, 0.0, 0.0], [0.0, 0.0, 1000.0, 0.0], [0.0, 0.0, 0.0, 100000.0]]}","[-0.027149959184774874, -0.024288602846513376, 0.0]",False
3,P02,10e57735-2e6f-4449-b4c9-0da2c57ab8b9,8,1,haply,mpc,seeded_random,1139142485,persist_session,10.0,1785830991.4769747,8002.67242156,0,1785830991.4717455,360,True,normal,fixed,-0.08,-0.08,0.0,0.08,-0.08,0.0,0.080520399,-0.07941608,0.0,0.061181407,-0.09784642,0.14850727,-5.513873e-05,-6.181551e-05,-2.9003144e-05,"[0.8362292073435386, 0.6314795228230622, 0.0, 0.0, 0.0, 0.0, 0.3268244322174979, 0.7231714616430511]","[-0.0005423188916093051, -0.00018961699908395688, 0.0]","{""Controller Type"": ""MPC Controller"", ""weight_comfort"": 500.0, ""weight_trajectory"": 3000.0, ""weight_goal"": 1000.0, ""Q"": [[3000.0, 0.0, 0.0, 0.0], [0.0, 0.0, 0.0, 0.0], [0.0, 0.0, 3000.0, 0.0], [0.0, 0.0, 0.0, 0.0]], ""R"": [[500.0, 0.0], [0.0, 500.0]], ""P"": [[1000.0, 0.0, 0.0, 0.0], [0.0, 100000.0, 0.0, 0.0], [0.0, 0.0, 1000.0, 0.0], [0.0, 0.0, 0.0, 100000.0]]}","[0.09683143083899819, -0.027907508635053133, 0.0]",False
3,P02,10e57735-2e6f-4449-b4c9-0da2c57ab8b9,8,1,haply,mpc,seeded_random,1139142485,persist_session,10.0,1785830991.4870663,8002.682522899,0,1785830991.4820487,361,True,normal,fixed,-0.08,-0.08,0.0,0.08,-0.08,0.0,0.08039223000000001,-0.07941228,0.0,0.061181407,-0.09784642,0.14850727,-0.0001381168,-9.929784e-05,-1.6379894e-05,"[0.8289090002952159, 0.6416676407982762, 0.0, 0.0, 0.0, 0.0, 0.32677612921943816, 0.7232193403243932]","[-0.008694826233998048, 8.104727631917034e-05, 0.0]","{""Controller Type"": ""MPC Controller"", ""weight_comfort"": 500.0, ""weight_trajectory"": 3000.0, ""weight_goal"": 1000.0, ""Q"": [[3000.0, 0.0, 0.0, 0.0], [0.0, 0.0, 0.0, 0.0], [0.0, 0.0, 3000.0, 0.0], [0.0, 0.0, 0.0, 0.0]], ""R"": [[500.0, 0.0], [0.0, 500.0]], ""P"": [[1000.0, 0.0, 0.0, 0.0], [0.0, 100000.0, 0.0, 0.0], [0.0, 0.0, 1000.0, 0.0], [0.0, 0.0, 0.0, 100000.0]]}","[0.09683143083899819, -0.027907508635053133, 0.0]",False
3,P02,10e57735-2e6f-4449-b4c9-0da2c57ab8b9,8,1,haply,mpc,seeded_random,1139142485,persist_session,10.0,1785830991.4970028,8002.692464033,0,1785830991.4918745,362,True,normal,fixed,-0.08,-0.08,0.0,0.08,-0.08,0.0,0.08039223000000001,-0.07941228,0.0,0.061155647,-0.097922385,0.14852633,-0.00022173848,-0.00014942794,-3.6630513e-06,"[0.8291939679688134, 0.6412753114148158, 0.0, 0.0, 0.0, 0.0, 0.32677710508453506, 0.7232183767329259]","[-0.008302479252923151, 7.4680596026293e-05, 0.0]","{""Controller Type"": ""MPC Controller"", ""weight_comfort"": 500.0, ""weight_trajectory"": 3000.0, ""weight_goal"": 1000.0, ""Q"": [[3000.0, 0.0, 0.0, 0.0], [0.0, 0.0, 0.0, 0.0], [0.0, 0.0, 3000.0, 0.0], [0.0, 0.0, 0.0, 0.0]], ""R"": [[500.0, 0.0], [0.0, 500.0]], ""P"": [[1000.0, 0.0, 0.0, 0.0], [0.0, 100000.0, 0.0, 0.0], [0.0, 0.0, 1000.0, 0.0], [0.0, 0.0, 0.0, 100000.0]]}","[-0.016420281116746278, -0.02460425672199697, 0.0]",False
3,P02,10e57735-2e6f-4449-b4c9-0da2c57ab8b9,8,1,haply,mpc,seeded_random,1139142485,persist_session,10.0,1785830991.5068562,8002.70231539,0,1785830991.5019248,363,True,normal,fixed,-0.08,-0.08,0.0,0.08,-0.08,0.0,0.08031495,-0.07937415999999997,0.0,0.061155647,-0.097922385,0.14852633,-0.0002801993,-0.00024307931,2.2652981e-05,"[0.8287506396348684, 0.6415132284769555, 0.0, 0.0, 0.0, 0.0, 0.32680939372727424, 0.723193575980301]","[-0.00032506086338399045, -0.00019207241688139358, 0.0]","{""Controller Type"": ""MPC Controller"", ""weight_comfort"": 500.0, ""weight_trajectory"": 3000.0, ""weight_goal"": 1000.0, ""Q"": [[3000.0, 0.0, 0.0, 0.0], [0.0, 0.0, 0.0, 0.0], [0.0, 0.0, 3000.0, 0.0], [0.0, 0.0, 0.0, 0.0]], ""R"": [[500.0, 0.0], [0.0, 500.0]], ""P"": [[1000.0, 0.0, 0.0, 0.0], [0.0, 100000.0, 0.0, 0.0], [0.0, 0.0, 1000.0, 0.0], [0.0, 0.0, 0.0, 100000.0]]}","[-0.016420281116746278, -0.02460425672199697, 0.0]",False
3,P02,10e57735-2e6f-4449-b4c9-0da2c57ab8b9,8,1,haply,mpc,seeded_random,1139142485,persist_session,10.0,1785830991.5170162,8002.712471344,0,1785830991.5117795,364,True,normal,fixed,-0.08,-0.08,0.0,0.08,-0.08,0.0,0.08031495,-0.07937415999999997,0.0,0.061155647,-0.097922385,0.14852633,-0.00032162908,-0.00030944787,4.1302545e-05,"[0.8261629787618285, 0.6451171413744102, 0.0, 0.0, 0.0, 0.0, 0.32485573542848273, 0.7257786651896031]","[-0.00522071550145864, 0.002549514746729504, 0.0]","{""Controller Type"": ""MPC Controller"", ""weight_comfort"": 500.0, ""weight_trajectory"": 3000.0, ""weight_goal"": 1000.0, ""Q"": [[3000.0, 0.0, 0.0, 0.0], [0.0, 0.0, 0.0, 0.0], [0.0, 0.0, 3000.0, 0.0], [0.0, 0.0, 0.0, 0.0]], ""R"": [[500.0, 0.0], [0.0, 500.0]], ""P"": [[1000.0, 0.0, 0.0, 0.0], [0.0, 100000.0, 0.0, 0.0], [0.0, 0.0, 1000.0, 0.0], [0.0, 0.0, 0.0, 100000.0]]}","[-0.013185038212570258, -0.02620010894129334, 0.0]",False
3,P02,10e57735-2e6f-4449-b4c9-0da2c57ab8b9,8,1,haply,mpc,seeded_random,1139142485,persist_session,10.0,1785830991.5268834,8002.722337834,0,1785830991.5219424,365,True,normal,fixed,-0.08,-0.08,0.0,0.08,-0.08,0.0,0.08031495,-0.07937415999999997,0.0,0.061112877,-0.09794622,0.1485282,-0.0009169495,-0.00067189697,7.939238e-05,"[0.8259431325475131, 0.6452351218381869, 0.0, 0.0, 0.0, 0.0, 0.32521061663277145, 0.725506086261431]","[-0.0002601307895958346, -0.00020352981231346352, 0.0]","{""Controller Type"": ""MPC Controller"", ""weight_comfort"": 500.0, ""weight_trajectory"": 3000.0, ""weight_goal"": 1000.0, ""Q"": [[3000.0, 0.0, 0.0, 0.0], [0.0, 0.0, 0.0, 0.0], [0.0, 0.0, 3000.0, 0.0], [0.0, 0.0, 0.0, 0.0]], ""R"": [[500.0, 0.0], [0.0, 500.0]], ""P"": [[1000.0, 0.0, 0.0, 0.0], [0.0, 100000.0, 0.0, 0.0], [0.0, 0.0, 1000.0, 0.0], [0.0, 0.0, 0.0, 100000.0]]}","[-0.013185038212570258, -0.02620010894129334, 0.0]",False
3,P02,10e57735-2e6f-4449-b4c9-0da2c57ab8b9,8,1,haply,mpc,seeded_random,1139142485,persist_session,10.0,1785830991.5369604,8002.732424588,0,1785830991.5317838,366,True,normal,fixed,-0.08,-0.08,0.0,0.08,-0.08,0.0,0.08018664,-0.07937042,0.0,0.061112877,-0.09794622,0.1485282,-0.0010805102,-0.0007741923,9.213357e-05,"[0.8259430592043351, 0.645235161197801, 0.0, 0.0, 0.0, 0.0, 0.3252104286801936, 0.7255062306249859]","[-0.0002601307664964007, -0.00020352969468522222, 0.0]","{""Controller Type"": ""MPC Controller"", ""weight_comfort"": 500.0, ""weight_trajectory"": 3000.0, ""weight_goal"": 1000.0, ""Q"": [[3000.0, 0.0, 0.0, 0.0], [0.0, 0.0, 0.0, 0.0], [0.0, 0.0, 3000.0, 0.0], [0.0, 0.0, 0.0, 0.0]], ""R"": [[500.0, 0.0], [0.0, 500.0]], ""P"": [[1000.0, 0.0, 0.0, 0.0], [0.0, 100000.0, 0.0, 0.0], [0.0, 0.0, 1000.0, 0.0], [0.0, 0.0, 0.0, 100000.0]]}","[0.1122741032253576, -0.02985701166865695, 0.0]",False
3,P02,10e57735-2e6f-4449-b4c9-0da2c57ab8b9,8,1,haply,mpc,seeded_random,1139142485,persist_session,10.0,1785830991.5468524,8002.742306509,0,1785830991.541895,367,True,normal,fixed,-0.08,-0.08,0.0,0.08,-0.08,0.0,0.08018664,-0.07937042,0.0,0.061112877,-0.09794622,0.1485282,-0.0009932257,-0.00067717244,7.577301e-05,"[0.8179116663849085, 0.6560700077679726, 0.0, 0.0, 0.0, 0.0, 0.3251579686862521, 0.7255577308080975]","[-0.008706314321513193, 7.101756233241117e-05, 0.0]","{""Controller Type"": ""MPC Controller"", ""weight_comfort"": 500.0, ""weight_trajectory"": 3000.0, ""weight_goal"": 1000.0, ""Q"": [[3000.0, 0.0, 0.0, 0.0], [0.0, 0.0, 0.0, 0.0], [0.0, 0.0, 3000.0, 0.0], [0.0, 0.0, 0.0, 0.0]], ""R"": [[500.0, 0.0], [0.0, 500.0]], ""P"": [[1000.0, 0.0, 0.0, 0.0], [0.0, 100000.0, 0.0, 0.0], [0.0, 0.0, 1000.0, 0.0], [0.0, 0.0, 0.0, 100000.0]]}","[0.1122741032253576, -0.02985701166865695, 0.0]",False
3,P02,10e57735-2e6f-4449-b4c9-0da2c57ab8b9,8,1,haply,mpc,seeded_random,1139142485,persist_session,10.0,1785830991.5568473,8002.752309942,0,1785830991.5519185,368,True,normal,fixed,-0.08,-0.08,0.0,0.08,-0.08,0.0,0.08018664,-0.07937042,0.0,0.061112877,-0.09794622,0.1485282,-0.0012771392,-0.00080162124,7.955508e-05,"[0.8176957741168692, 0.656185859057955, 0.0, 0.0, 0.0, 0.0, 0.3251927638509075, 0.7255310051735344]","[-0.00015261473928117396, -0.00020473486026525585, 0.0]","{""Controller Type"": ""MPC Controller"", ""weight_comfort"": 500.0, ""weight_trajectory"": 3000.0, ""weight_goal"": 1000.0, ""Q"": [[3000.0, 0.0, 0.0, 0.0], [0.0, 0.0, 0.0, 0.0], [0.0, 0.0, 3000.0, 0.0], [0.0, 0.0, 0.0, 0.0]], ""R"": [[500.0, 0.0], [0.0, 500.0]], ""P"": [[1000.0, 0.0, 0.0, 0.0], [0.0, 100000.0, 0.0, 0.0], [0.0, 0.0, 1000.0, 0.0], [0.0, 0.0, 0.0, 100000.0]]}","[-0.007813480021127396, -0.026356679961758105, 0.0]",False
3,P02,10e57735-2e6f-4449-b4c9-0da2c57ab8b9,8,1,haply,mpc,seeded_random,1139142485,persist_session,10.0,1785830991.5674675,8002.762914744,0,1785830991.5618234,369,True,normal,fixed,-0.08,-0.08,0.0,0.08,-0.08,0.0,0.08018664,-0.07937042,0.0,0.061112877,-0.09794622,0.1485282,-0.001493522,-0.00089646905,8.243754e-05,"[0.8176957485420238, 0.6561858727818316, 0.0, 0.0, 0.0, 0.0, 0.32519257308439586, 0.7255311516983786]","[-0.0001526147345078848, -0.00020473474016247543, 0.0]","{""Controller Type"": ""MPC Controller"", ""weight_comfort"": 500.0, ""weight_trajectory"": 3000.0, ""weight_goal"": 1000.0, ""Q"": [[3000.0, 0.0, 0.0, 0.0], [0.0, 0.0, 0.0, 0.0], [0.0, 0.0, 3000.0, 0.0], [0.0, 0.0, 0.0, 0.0]], ""R"": [[500.0, 0.0], [0.0, 500.0]], ""P"": [[1000.0, 0.0, 0.0, 0.0], [0.0, 100000.0, 0.0, 0.0], [0.0, 0.0, 1000.0, 0.0], [0.0, 0.0, 0.0, 100000.0]]}","[-0.007813480021127396, -0.026356679961758105, 0.0]",False
