schema_version,participant_id,session_id,trial_id,attempt_id,input_source,controller_family,order_strategy,order_seed,estimator_state_policy,max_control_amplitude,timestamp,monotonic_timestamp,missed_cycle_count,cursor_timestamp,cursor_sample_sequence,study_running,study_phase,study_controller_mode,start_x,start_y,start_z,end_x,end_y,end_z,cursor_x,cursor_y,cursor_z,haply_pos_x,haply_pos_y,haply_pos_z,haply_vel_x,haply_vel_y,haply_vel_z,K_h,u_h,K_a,u_a,endpoint_reached
3,P02,10e57735-2e6f-4449-b4c9-0da2c57ab8b9,21,1,haply,mpc,seeded_random,1139142485,persist_session,10.0,10.309749155044555,8079.512849366,0,1785831068.3118758,84.0,True,careful,adaptive,-0.08,-0.08,0.0,0.08,-0.08,0.0,-0.081629811,-0.0802284799999999,0.0,0.00717406,-0.15963863,0.14809917,0.000105212894,0.0011368115,-0.0012017608,,,"{""Controller Type"": ""MPC Controller"", ""weight_comfort"": 500.0, ""weight_trajectory"": 3000.0, ""weight_goal"": 1000.0, ""Q"": [[3000.0, 0.0, 0.0, 0.0], [0.0, 0.0, 0.0, 0.0], [0.0, 0.0, 3000.0, 0.0], [0.0, 0.0, 0.0, 0.0]], ""R"": [[500.0, 0.0], [0.0, 500.0]], ""P"": [[1000.0, 0.0, 0.0, 0.0], [0.0, 100000.0, 0.0, 0.0], [0.0, 0.0, 1000.0, 0.0], [0.0, 0.0, 0.0, 100000.0]]}",,
3,P02,10e57735-2e6f-4449-b4c9-0da2c57ab8b9,21,1,haply,mpc,seeded_random,1139142485,persist_session,10.0,10.319641380310058,8079.522744459,0,1785831068.321921,85.0,True,careful,adaptive,-0.08,-0.08,0.0,0.08,-0.08,0.0,-0.081629811,-0.0802284799999999,0.0,0.00717406,-0.15963863,0.14809917,7.525798e-05,0.00081315247,-0.0008596103,,,"{""Controller Type"": ""MPC Controller"", ""weight_comfort"": 500.0, ""weight_trajectory"": 3000.0, ""weight_goal"": 1000.0, ""Q"": [[3000.0, 0.0, 0.0, 0.0], [0.0, 0.0, 0.0, 0.0], [0.0, 0.0, 3000.0, 0.0], [0.0, 0.0, 0.0, 0.0]], ""R"": [[500.0, 0.0], [0.0, 500.0]], ""P"": [[1000.0, 0.0, 0.0, 0.0], [0.0, 100000.0, 0.0, 0.0], [0.0, 0.0, 1000.0, 0.0], [0.0, 0.0, 0.0, 100000.0]]}","[0.01076370809721664, 1.9126430428755158e-05, 0.0]",
3,P02,10e57735-2e6f-4449-b4c9-0da2c57ab8b9,21,1,haply,mpc,seeded_random,1139142485,persist_session,10.0,10.329484252929687,8079.532606564,0,1785831068.331982,86.0,True,careful,adaptive,-0.08,-0.08,0.0,0.08,-0.08,0.0,-0.081629811,-0.0802284799999999,0.0,0.00717406,-0.15963863,0.14809917,5.4672837e-05,0.0005907328,-0.00062448316,"[-15.622524813429877, 30.02309427862648, 0.0, 0.0, 0.0, 0.0, -1.5759683835424632, 3.8230781380024945]","[-2.5250657329374815, -0.00036007725627176503, 0.0]","{""Controller Type"": ""MPC Controller"", ""weight_comfort"": 425.91166447751874, ""weight_trajectory"": 3444.5300131348877, ""weight_goal"": 1000.0, ""Q"": [[3444.5300131348877, 0.0, 0.0, 0.0], [0.0, 0.0, 0.0, 0.0], [0.0, 0.0, 3444.5300131348877, 0.0], [0.0, 0.0, 0.0, 0.0]], ""R"": [[425.91166447751874, 0.0], [0.0, 425.91166447751874]], ""P"": [[1000.0, 0.0, 0.0, 0.0], [0.0, 100000.0, 0.0, 0.0], [0.0, 0.0, 1000.0, 0.0], [0.0, 0.0, 0.0, 100000.0]]}","[0.01076370809656, 1.9126430561692758e-05, 0.0]",
3,P02,10e57735-2e6f-4449-b4c9-0da2c57ab8b9,21,1,haply,mpc,seeded_random,1139142485,persist_session,10.0,10.339298515319824,8079.54241156,0,1785831068.3424067,87.0,True,careful,adaptive,-0.08,-0.08,0.0,0.08,-0.08,0.0,-0.081629811,-0.0802284799999999,0.0,0.00717406,-0.15963863,0.14809917,3.8983348e-05,0.00042120987,-0.00044527504,"[-14.024968966760515, 29.036286696682463, 0.0, 0.0, 0.0, 0.0, -1.5759683369360467, 3.823078097608989]","[-2.2668530833783676, -0.000360077245623131, 0.0]","{""Controller Type"": ""MPC Controller"", ""weight_comfort"": 425.91166447751874, ""weight_trajectory"": 3444.5300131348877, ""weight_goal"": 1000.0, ""Q"": [[3444.5300131348877, 0.0, 0.0, 0.0], [0.0, 0.0, 0.0, 0.0], [0.0, 0.0, 3444.5300131348877, 0.0], [0.0, 0.0, 0.0, 0.0]], ""R"": [[425.91166447751874, 0.0], [0.0, 425.91166447751874]], ""P"": [[1000.0, 0.0, 0.0, 0.0], [0.0, 100000.0, 0.0, 0.0], [0.0, 0.0, 1000.0, 0.0], [0.0, 0.0, 0.0, 100000.0]]}","[0.011560237420701346, 2.1193567982689302e-05, 0.0]",
3,P02,10e57735-2e6f-4449-b4c9-0da2c57ab8b9,21,1,haply,mpc,seeded_random,1139142485,persist_session,10.0,10.349288253784179,8079.552408459,0,1785831068.351832,88.0,True,careful,adaptive,-0.08,-0.08,0.0,0.08,-0.08,0.0,-0.081629811,-0.0802284799999999,0.0,0.00717406,-0.15963863,0.14809917,2.797205e-05,0.00030223432,-0.00031950203,"[-12.722651218882639, 28.23184719593797, 0.0, 0.0, 0.0, 0.0, -1.57596829028298, 3.823078057175052]","[-2.0563597119269206, -0.0003600772349638383, 0.0]","{""Controller Type"": ""MPC Controller"", ""weight_comfort"": 425.91166447751874, ""weight_trajectory"": 3444.5300131348877, ""weight_goal"": 1000.0, ""Q"": [[3444.5300131348877, 0.0, 0.0, 0.0], [0.0, 0.0, 0.0, 0.0], [0.0, 0.0, 3444.5300131348877, 0.0], [0.0, 0.0, 0.0, 0.0]], ""R"": [[425.91166447751874, 0.0], [0.0, 425.91166447751874]], ""P"": [[1000.0, 0.0, 0.0, 0.0], [0.0, 100000.0, 0.0, 0.0], [0.0, 0.0, 1000.0, 0.0], [0.0, 0.0, 0.0, 100000.0]]}","[0.011560237420611377, 2.1193567997025907e-05, 0.0]",
3,P02,10e57735-2e6f-4449-b4c9-0da2c57ab8b9,21,1,haply,mpc,seeded_random,1139142485,persist_session,10.0,10.359522132873535,8079.562641891,0,1785831068.3619375,89.0,True,careful,adaptive,-0.08,-0.08,0.0,0.08,-0.08,0.0,-0.081629811,-0.0802284799999999,0.0,0.00717406,-0.15963863,0.14809917,2.0169844e-05,0.00021793244,-0.00023038371,"[-11.640652180559256, 27.563498194618436, 0.0, 0.0, 0.0, 0.0, -1.575968243583216, 3.8230780167006433]","[-1.8814764118605305, -0.00036007722429387627, 0.0]","{""Controller Type"": ""MPC Controller"", ""weight_comfort"": 410.805195913154, ""weight_trajectory"": 3535.1688245210757, ""weight_goal"": 1000.0, ""Q"": [[3535.1688245210757, 0.0, 0.0, 0.0], [0.0, 0.0, 0.0, 0.0], [0.0, 0.0, 3535.1688245210757, 0.0], [0.0, 0.0, 0.0, 0.0]], ""R"": [[410.805195913154, 0.0], [0.0, 410.805195913154]], ""P"": [[1000.0, 0.0, 0.0, 0.0], [0.0, 100000.0, 0.0, 0.0], [0.0, 0.0, 1000.0, 0.0], [0.0, 0.0, 0.0, 100000.0]]}","[0.011560237420611377, 2.1193567997025907e-05, 0.0]",
3,P02,10e57735-2e6f-4449-b4c9-0da2c57ab8b9,21,1,haply,mpc,seeded_random,1139142485,persist_session,10.0,10.369324951171874,8079.572447438,0,1785831068.371786,90.0,True,careful,adaptive,-0.08,-0.08,0.0,0.08,-0.08,0.0,-0.081629811,-0.0802284799999999,0.0,0.00717406,-0.15963863,0.14809917,1.4507117e-05,0.00015674747,-0.00016570295,"[-10.727424180482277, 26.999398782132577, 0.0, 0.0, 0.0, 0.0, -1.5759681968367085, 3.8230779761857216]","[-1.7338715428081806, -0.00036007721361323424, 0.0]","{""Controller Type"": ""MPC Controller"", ""weight_comfort"": 410.805195913154, ""weight_trajectory"": 3535.1688245210757, ""weight_goal"": 1000.0, ""Q"": [[3535.1688245210757, 0.0, 0.0, 0.0], [0.0, 0.0, 0.0, 0.0], [0.0, 0.0, 3535.1688245210757, 0.0], [0.0, 0.0, 0.0, 0.0]], ""R"": [[410.805195913154, 0.0], [0.0, 410.805195913154]], ""P"": [[1000.0, 0.0, 0.0, 0.0], [0.0, 100000.0, 0.0, 0.0], [0.0, 0.0, 1000.0, 0.0], [0.0, 0.0, 0.0, 100000.0]]}","[0.011728691213244663, 2.16480448470932e-05, 0.0]",False
3,P02,10e57735-2e6f-4449-b4c9-0da2c57ab8b9,21,1,haply,mpc,seeded_random,1139142485,persist_session,10.0,10.379902868270873,8079.582995215,0,1785831068.3820932,91.0,True,careful,adaptive,-0.08,-0.08,0.0,0.08,-0.08,0.0,-0.081629811,-0.0802284799999999,0.0,0.00717406,-0.15963863,0.14809917,1.0391493e-05,0.00011227867,-0.000118693526,"[-9.946336870828137, 26.516922453725083, 0.0, 0.0, 0.0, 0.0, -1.5759681500434104, 3.823077935630247]","[-1.6076245485742833, -0.00036007720292190144, 0.0]","{""Controller Type"": ""MPC Controller"", ""weight_comfort"": 410.805195913154, ""weight_trajectory"": 3535.1688245210757, ""weight_goal"": 1000.0, ""Q"": [[3535.1688245210757, 0.0, 0.0, 0.0], [0.0, 0.0, 0.0, 0.0], [0.0, 0.0, 3535.1688245210757, 0.0], [0.0, 0.0, 0.0, 0.0]], ""R"": [[410.805195913154, 0.0], [0.0, 410.805195913154]], ""P"": [[1000.0, 0.0, 0.0, 0.0], [0.0, 100000.0, 0.0, 0.0], [0.0, 0.0, 1000.0, 0.0], [0.0, 0.0, 0.0, 100000.0]]}","[0.011728691213244663, 2.16480448470932e-05, 0.0]",False
3,P02,10e57735-2e6f-4449-b4c9-0da2c57ab8b9,21,1,haply,mpc,seeded_random,1139142485,persist_session,10.0,10.389426975250244,8079.592542213,0,1785831068.3917818,92.0,True,careful,adaptive,-0.08,-0.08,0.0,0.08,-0.08,0.0,-0.081629811,-0.0802284799999999,0.0,0.00717406,-0.15963863,0.14809917,7.4516875e-06,8.0514474e-05,-8.511454e-05,"[-9.270645149468347, 26.099548804419012, 0.0, 0.0, 0.0, 0.0, -1.575968103203275, 3.823077895034179]","[-1.4984126233566357, -0.00036007719221986734, 0.0]","{""Controller Type"": ""MPC Controller"", ""weight_comfort"": 401.813839198318, ""weight_trajectory"": 3589.1169648100918, ""weight_goal"": 1000.0, ""Q"": [[3589.1169648100918, 0.0, 0.0, 0.0], [0.0, 0.0, 0.0, 0.0], [0.0, 0.0, 3589.1169648100918, 0.0], [0.0, 0.0, 0.0, 0.0]], ""R"": [[401.813839198318, 0.0], [0.0, 401.813839198318]], ""P"": [[1000.0, 0.0, 0.0, 0.0], [0.0, 100000.0, 0.0, 0.0], [0.0, 0.0, 1000.0, 0.0], [0.0, 0.0, 0.0, 100000.0]]}","[0.011830054110808274, 2.1924781794103473e-05, 0.0]",False
3,P02,10e57735-2e6f-4449-b4c9-0da2c57ab8b9,21,1,haply,mpc,seeded_random,1139142485,persist_session,10.0,10.399731903076171,8079.602836589,0,1785831068.4018564,93.0,True,careful,adaptive,-0.08,-0.08,0.0,0.08,-0.08,0.0,-0.081629811,-0.0802284799999999,0.0,0.00717406,-0.15963863,0.14809917,5.3942235e-06,5.828386e-05,-6.161379e-05,"[-8.680365312914924, 25.734933933900404, 0.0, 0.0, 0.0, 0.0, -1.5759680563162555, 3.8230778543974764]","[-1.4030058049373952, -0.0003600771815071211, 0.0]","{""Controller Type"": ""MPC Controller"", ""weight_comfort"": 401.813839198318, ""weight_trajectory"": 3589.1169648100918, ""weight_goal"": 1000.0, ""Q"": [[3589.1169648100918, 0.0, 0.0, 0.0], [0.0, 0.0, 0.0, 0.0], [0.0, 0.0, 3589.1169648100918, 0.0], [0.0, 0.0, 0.0, 0.0]], ""R"": [[401.813839198318, 0.0], [0.0, 401.813839198318]], ""P"": [[1000.0, 0.0, 0.0, 0.0], [0.0, 100000.0, 0.0, 0.0], [0.0, 0.0, 1000.0, 0.0], [0.0, 0.0, 0.0, 100000.0]]}","[0.011830054110808274, 2.1924781794103473e-05, 0.0]",False
3,P02,10e57735-2e6f-4449-b4c9-0da2c57ab8b9,21,1,haply,mpc,seeded_random,1139142485,persist_session,10.0,10.409233837127685,8079.612347585,0,1785831068.4121444,94.0,True,careful,adaptive,-0.08,-0.08,0.0,0.08,-0.08,0.0,-0.081629811,-0.0802284799999999,0.0,0.00717406,-0.15963863,0.14809917,3.8392945e-06,4.1483057e-05,-4.38531e-05,"[-8.160265394582048, 25.413669081814408, 0.0, 0.0, 0.0, 0.0, -1.5759680093823047, 3.823077813720099]","[-1.318942153436137, -0.000360077170783652, 0.0]","{""Controller Type"": ""MPC Controller"", ""weight_comfort"": 401.813839198318, ""weight_trajectory"": 3589.1169648100918, ""weight_goal"": 1000.0, ""Q"": [[3589.1169648100918, 0.0, 0.0, 0.0], [0.0, 0.0, 0.0, 0.0], [0.0, 0.0, 3589.1169648100918, 0.0], [0.0, 0.0, 0.0, 0.0]], ""R"": [[401.813839198318, 0.0], [0.0, 401.813839198318]], ""P"": [[1000.0, 0.0, 0.0, 0.0], [0.0, 100000.0, 0.0, 0.0], [0.0, 0.0, 1000.0, 0.0], [0.0, 0.0, 0.0, 100000.0]]}","[0.01183005411079563, 2.1924781795965357e-05, 0.0]",False
3,P02,10e57735-2e6f-4449-b4c9-0da2c57ab8b9,21,1,haply,mpc,seeded_random,1139142485,persist_session,10.0,10.419554262161254,8079.622613995,0,1785831068.4218996,95.0,True,careful,adaptive,-0.08,-0.08,0.0,0.08,-0.08,0.0,-0.081629811,-0.0802284799999999,0.0,0.00717406,-0.15963863,0.14809917,2.7715732e-06,2.9946481e-05,-3.16574e-05,"[-7.698532072142602, 25.128457178662863, 0.0, 0.0, 0.0, 0.0, -1.5759679624013758, 3.823077773002006]","[-1.2443122837978473, -0.0003600771600494494, 0.0]","{""Controller Type"": ""MPC Controller"", ""weight_comfort"": 395.8495405490906, ""weight_trajectory"": 3624.9027567054563, ""weight_goal"": 1000.0, ""Q"": [[3624.9027567054563, 0.0, 0.0, 0.0], [0.0, 0.0, 0.0, 0.0], [0.0, 0.0, 3624.9027567054563, 0.0], [0.0, 0.0, 0.0, 0.0]], ""R"": [[395.8495405490906, 0.0], [0.0, 395.8495405490906]], ""P"": [[1000.0, 0.0, 0.0, 0.0], [0.0, 100000.0, 0.0, 0.0], [0.0, 0.0, 1000.0, 0.0], [0.0, 0.0, 0.0, 100000.0]]}","[0.01183005411079563, 2.1924781795965428e-05, 0.0]",False
3,P02,10e57735-2e6f-4449-b4c9-0da2c57ab8b9,21,1,haply,mpc,seeded_random,1139142485,persist_session,10.0,10.429332284927368,8079.632436285,0,1785831068.4318938,96.0,True,careful,adaptive,-0.08,-0.08,0.0,0.08,-0.08,0.0,-0.081629811,-0.0802284799999999,0.0,0.00717406,-0.15963863,0.14809917,1.9891934e-06,2.1492973e-05,-2.272092e-05,"[-7.28586252748616, 24.873551889215012, 0.0, 0.0, 0.0, 0.0, -1.5759679153734218, 3.8230777322431564]","[-1.1776125832895705, -0.00036007714930450245, 0.0]","{""Controller Type"": ""MPC Controller"", ""weight_comfort"": 395.8495405490906, ""weight_trajectory"": 3624.9027567054563, ""weight_goal"": 1000.0, ""Q"": [[3624.9027567054563, 0.0, 0.0, 0.0], [0.0, 0.0, 0.0, 0.0], [0.0, 0.0, 3624.9027567054563, 0.0], [0.0, 0.0, 0.0, 0.0]], ""R"": [[395.8495405490906, 0.0], [0.0, 395.8495405490906]], ""P"": [[1000.0, 0.0, 0.0, 0.0], [0.0, 100000.0, 0.0, 0.0], [0.0, 0.0, 1000.0, 0.0], [0.0, 0.0, 0.0, 100000.0]]}","[0.0118977608788253, 2.211105536990007e-05, 0.0]",False
3,P02,10e57735-2e6f-4449-b4c9-0da2c57ab8b9,21,1,haply,mpc,seeded_random,1139142485,persist_session,10.0,10.439675359725952,8079.642778818,0,1785831068.4418523,97.0,True,careful,adaptive,-0.08,-0.08,0.0,0.08,-0.08,0.0,-0.081629811,-0.0802284799999999,0.0,0.00717406,-0.15963863,0.14809917,1.4220205e-06,1.536474e-05,-1.624257e-05,"[-6.914831191999419, 24.64436645212343, 0.0, 0.0, 0.0, 0.0, -1.5759678682983955, 3.8230776914435096]","[-1.1176428586597709, -0.00036007713854880046, 0.0]","{""Controller Type"": ""MPC Controller"", ""weight_comfort"": 395.8495405490906, ""weight_trajectory"": 3624.9027567054563, ""weight_goal"": 1000.0, ""Q"": [[3624.9027567054563, 0.0, 0.0, 0.0], [0.0, 0.0, 0.0, 0.0], [0.0, 0.0, 3624.9027567054563, 0.0], [0.0, 0.0, 0.0, 0.0]], ""R"": [[395.8495405490906, 0.0], [0.0, 395.8495405490906]], ""P"": [[1000.0, 0.0, 0.0, 0.0], [0.0, 100000.0, 0.0, 0.0], [0.0, 0.0, 1000.0, 0.0], [0.0, 0.0, 0.0, 100000.0]]}","[0.011897760878816645, 2.211105537114953e-05, 0.0]",False
3,P02,10e57735-2e6f-4449-b4c9-0da2c57ab8b9,21,1,haply,mpc,seeded_random,1139142485,persist_session,10.0,10.44961646080017,8079.652718427,0,1785831068.451748,98.0,True,careful,adaptive,-0.08,-0.08,0.0,0.08,-0.08,0.0,-0.081629811,-0.0802284799999999,0.0,0.007179099,-0.15959889,0.14815365,1.0268353e-06,1.1094816e-05,-1.17286945e-05,"[-6.579438966452237, 24.437195233799482, 0.0, 0.0, 0.0, 0.0, -1.57596782117625, 3.823077650603025]","[-1.0634334766337106, -0.00036007712778233266, 0.0]","{""Controller Type"": ""MPC Controller"", ""weight_comfort"": 391.6039136007986, ""weight_trajectory"": 3650.376518395208, ""weight_goal"": 1000.0, ""Q"": [[3650.376518395208, 0.0, 0.0, 0.0], [0.0, 0.0, 0.0, 0.0], [0.0, 0.0, 3650.376518395208, 0.0], [0.0, 0.0, 0.0, 0.0]], ""R"": [[391.6039136007986, 0.0], [0.0, 391.6039136007986]], ""P"": [[1000.0, 0.0, 0.0, 0.0], [0.0, 100000.0, 0.0, 0.0], [0.0, 0.0, 1000.0, 0.0], [0.0, 0.0, 0.0, 100000.0]]}","[0.01194619032565433, 2.2245011704440437e-05, 0.0]",False
3,P02,10e57735-2e6f-4449-b4c9-0da2c57ab8b9,21,1,haply,mpc,seeded_random,1139142485,persist_session,10.0,10.459387092590331,8079.66248865,0,1785831068.4618726,99.0,True,careful,adaptive,-0.08,-0.08,0.0,0.08,-0.08,0.0,-0.0816146939999999,-0.08011952,0.0,0.0072567896,-0.15951735,0.14826149,1.9842773e-06,1.780769e-05,5.046184e-06,"[-6.274786382415244, 24.24901184076611, 0.0, 0.0, 0.0, 0.0, -1.575967774006938, 3.823077609721661]","[-1.0141925370551497, -0.0003600771170050882, 0.0]","{""Controller Type"": ""MPC Controller"", ""weight_comfort"": 391.6039136007986, ""weight_trajectory"": 3650.376518395208, ""weight_goal"": 1000.0, ""Q"": [[3650.376518395208, 0.0, 0.0, 0.0], [0.0, 0.0, 0.0, 0.0], [0.0, 0.0, 3650.376518395208, 0.0], [0.0, 0.0, 0.0, 0.0]], ""R"": [[391.6039136007986, 0.0], [0.0, 391.6039136007986]], ""P"": [[1000.0, 0.0, 0.0, 0.0], [0.0, 100000.0, 0.0, 0.0], [0.0, 0.0, 1000.0, 0.0], [0.0, 0.0, 0.0, 100000.0]]}","[0.01194619032565433, 2.2245011704440437e-05, 0.0]",False
3,P02,10e57735-2e6f-4449-b4c9-0da2c57ab8b9,21,1,haply,mpc,seeded_random,1139142485,persist_session,10.0,10.469342737197875,8079.672458787,0,1785831068.4717607,100.0,True,careful,adaptive,-0.08,-0.08,0.0,0.08,-0.08,0.0,-0.0813816222,-0.07990384,0.0,0.0073243743,-0.15951523,0.14826044,5.3000535e-05,9.571572e-05,0.00011480636,"[-5.9679973879139805, 24.064902954730123, 0.0, 0.0, 0.0, 0.0, -1.581368213815907, 3.832462672784321]","[-0.9285843105070898, 0.041056231959390725, 0.0]","{""Controller Type"": ""MPC Controller"", ""weight_comfort"": 391.6039136007986, ""weight_trajectory"": 3650.376518395208, ""weight_goal"": 1000.0, ""Q"": [[3650.376518395208, 0.0, 0.0, 0.0], [0.0, 0.0, 0.0, 0.0], [0.0, 0.0, 3650.376518395208, 0.0], [0.0, 0.0, 0.0, 0.0]], ""R"": [[391.6039136007986, 0.0], [0.0, 391.6039136007986]], ""P"": [[1000.0, 0.0, 0.0, 0.0], [0.0, 100000.0, 0.0, 0.0], [0.0, 0.0, 1000.0, 0.0], [0.0, 0.0, 0.0, 100000.0]]}","[0.011915182260164007, -0.00020125428156993314, 0.0]",False
3,P02,10e57735-2e6f-4449-b4c9-0da2c57ab8b9,21,1,haply,mpc,seeded_random,1139142485,persist_session,10.0,10.47929575920105,8079.682406145,0,1785831068.4819107,101.0,True,careful,adaptive,-0.08,-0.08,0.0,0.08,-0.08,0.0,-0.0811788681,-0.07990594,0.0,0.007396977,-0.15947336,0.14831379,0.00014290055,0.00016994831,0.00021539307,"[-5.336952486336555, 23.8751089506442, 0.0, 0.0, 0.0, 0.0, -1.592646337160802, 3.851887172702698]","[-0.29853142400931987, 0.08417019598975846, 0.0]","{""Controller Type"": ""MPC Controller"", ""weight_comfort"": 385.61001443614873, ""weight_trajectory"": 3686.3399133831076, ""weight_goal"": 1000.0, ""Q"": [[3686.3399133831076, 0.0, 0.0, 0.0], [0.0, 0.0, 0.0, 0.0], [0.0, 0.0, 3686.3399133831076, 0.0], [0.0, 0.0, 0.0, 0.0]], ""R"": [[385.61001443614873, 0.0], [0.0, 385.61001443614873]], ""P"": [[1000.0, 0.0, 0.0, 0.0], [0.0, 100000.0, 0.0, 0.0], [0.0, 0.0, 1000.0, 0.0], [0.0, 0.0, 0.0, 100000.0]]}","[0.011455759273153211, -0.00044083657508341666, 0.0]",False
3,P02,10e57735-2e6f-4449-b4c9-0da2c57ab8b9,21,1,haply,mpc,seeded_random,1139142485,persist_session,10.0,10.489315061569213,8079.6924359,0,1785831068.4917042,102.0,True,careful,adaptive,-0.08,-0.08,0.0,0.08,-0.08,0.0,-0.08096106,-0.07979924,0.0,0.007396977,-0.15947336,0.14831379,0.00027151394,0.00026037236,0.000334916,"[-5.330118113374542, 23.87268366063432, 0.0, 0.0, 0.0, 0.0, -1.5927525814812376, 3.8521715031435715]","[-0.38222500610133886, -0.0006471901675018935, 0.0]","{""Controller Type"": ""MPC Controller"", ""weight_comfort"": 385.61001443614873, ""weight_trajectory"": 3686.3399133831076, ""weight_goal"": 1000.0, ""Q"": [[3686.3399133831076, 0.0, 0.0, 0.0], [0.0, 0.0, 0.0, 0.0], [0.0, 0.0, 3686.3399133831076, 0.0], [0.0, 0.0, 0.0, 0.0]], ""R"": [[385.61001443614873, 0.0], [0.0, 385.61001443614873]], ""P"": [[1000.0, 0.0, 0.0, 0.0], [0.0, 100000.0, 0.0, 0.0], [0.0, 0.0, 1000.0, 0.0], [0.0, 0.0, 0.0, 100000.0]]}","[0.011507472906417135, -0.0002361217762346641, 0.0]",False
3,P02,10e57735-2e6f-4449-b4c9-0da2c57ab8b9,21,1,haply,mpc,seeded_random,1139142485,persist_session,10.0,10.499368934631347,8079.702492747,0,1785831068.5019042,103.0,True,careful,adaptive,-0.08,-0.08,0.0,0.08,-0.08,0.0,-0.08096106,-0.07979924,0.0,0.0074645495,-0.15947117,0.14831275,0.0003828848,0.00032427828,0.0004180821,"[-5.204837642945644, 23.8327275498202, 0.0, 0.0, 0.0, 0.0, -1.598806869784255, 3.8625168211424077]","[-0.30773579831449815, 0.04240293943048418, 0.0]","{""Controller Type"": ""MPC Controller"", ""weight_comfort"": 385.61001443614873, ""weight_trajectory"": 3686.3399133831076, ""weight_goal"": 1000.0, ""Q"": [[3686.3399133831076, 0.0, 0.0, 0.0], [0.0, 0.0, 0.0, 0.0], [0.0, 0.0, 3686.3399133831076, 0.0], [0.0, 0.0, 0.0, 0.0]], ""R"": [[385.61001443614873, 0.0], [0.0, 385.61001443614873]], ""P"": [[1000.0, 0.0, 0.0, 0.0], [0.0, 100000.0, 0.0, 0.0], [0.0, 0.0, 1000.0, 0.0], [0.0, 0.0, 0.0, 100000.0]]}","[0.011949228752389173, -1.9714081642313906e-05, 0.0]",False
3,P02,10e57735-2e6f-4449-b4c9-0da2c57ab8b9,21,1,haply,mpc,seeded_random,1139142485,persist_session,10.0,10.509387760162353,8079.712473312,0,1785831068.5119748,104.0,True,careful,adaptive,-0.08,-0.08,0.0,0.08,-0.08,0.0,-0.0807583425,-0.07980132,0.0,0.0074645495,-0.15947117,0.14831275,0.0005863561,0.0010485568,0.0014032731,"[-5.523615661103511, 24.040251835588847, 0.0, 0.0, 0.0, 0.0, -1.5986833074589433, 3.862409763131965]","[-0.8890870318438219, 0.0003209516608054705, 0.0]","{""Controller Type"": ""MPC Controller"", ""weight_comfort"": 386.00127267189356, ""weight_trajectory"": 3683.9923639686385, ""weight_goal"": 1000.0, ""Q"": [[3683.9923639686385, 0.0, 0.0, 0.0], [0.0, 0.0, 0.0, 0.0], [0.0, 0.0, 3683.9923639686385, 0.0], [0.0, 0.0, 0.0, 0.0]], ""R"": [[386.00127267189356, 0.0], [0.0, 386.00127267189356]], ""P"": [[1000.0, 0.0, 0.0, 0.0], [0.0, 100000.0, 0.0, 0.0], [0.0, 0.0, 1000.0, 0.0], [0.0, 0.0, 0.0, 100000.0]]}","[0.011949228752389173, -1.9714081642313906e-05, 0.0]",False
3,P02,10e57735-2e6f-4449-b4c9-0da2c57ab8b9,21,1,haply,mpc,seeded_random,1139142485,persist_session,10.0,10.51942995071411,8079.722551679,0,1785831068.5218253,105.0,True,careful,adaptive,-0.08,-0.08,0.0,0.08,-0.08,0.0,-0.0807583425,-0.07980132,0.0,0.0075321184,-0.15946898,0.1483117,0.0010031941,0.0016535742,0.0022109174,"[-5.0167400649006995, 23.86741837560959, 0.0, 0.0, 0.0, 0.0, -1.598683079643084, 3.862411343701507]","[-0.3260386069941011, -0.0004801260756045922, 0.0]","{""Controller Type"": ""MPC Controller"", ""weight_comfort"": 386.00127267189356, ""weight_trajectory"": 3683.9923639686385, ""weight_goal"": 1000.0, ""Q"": [[3683.9923639686385, 0.0, 0.0, 0.0], [0.0, 0.0, 0.0, 0.0], [0.0, 0.0, 3683.9923639686385, 0.0], [0.0, 0.0, 0.0, 0.0]], ""R"": [[386.00127267189356, 0.0], [0.0, 386.00127267189356]], ""P"": [[1000.0, 0.0, 0.0, 0.0], [0.0, 100000.0, 0.0, 0.0], [0.0, 0.0, 1000.0, 0.0], [0.0, 0.0, 0.0, 100000.0]]}","[0.011924873178943364, -1.9498921504385675e-05, 0.0]",False
3,P02,10e57735-2e6f-4449-b4c9-0da2c57ab8b9,21,1,haply,mpc,seeded_random,1139142485,persist_session,10.0,10.529287843704223,8079.732406356,0,1785831068.5318415,106.0,True,careful,adaptive,-0.08,-0.08,0.0,0.08,-0.08,0.0,-0.0805556358,-0.07980342,0.0,0.0075997086,-0.15946676,0.14831063,0.0021891776,0.0012332583,0.0015614635,"[-5.291351483104988, 24.048927144456233, 0.0, 0.0, 0.0, 0.0, -1.5986854477385228, 3.86241339548862]","[-0.8506288940088745, 0.00031762682475667815, 0.0]","{""Controller Type"": ""MPC Controller"", ""weight_comfort"": 386.00127267189356, ""weight_trajectory"": 3683.9923639686385, ""weight_goal"": 1000.0, ""Q"": [[3683.9923639686385, 0.0, 0.0, 0.0], [0.0, 0.0, 0.0, 0.0], [0.0, 0.0, 3683.9923639686385, 0.0], [0.0, 0.0, 0.0, 0.0]], ""R"": [[386.00127267189356, 0.0], [0.0, 386.00127267189356]], ""P"": [[1000.0, 0.0, 0.0, 0.0], [0.0, 100000.0, 0.0, 0.0], [0.0, 0.0, 1000.0, 0.0], [0.0, 0.0, 0.0, 100000.0]]}","[0.011503100167620932, -1.5129439281313804e-05, 0.0]",False
3,P02,10e57735-2e6f-4449-b4c9-0da2c57ab8b9,21,1,haply,mpc,seeded_random,1139142485,persist_session,10.0,10.539255170822143,8079.742380437,0,1785831068.5418754,107.0,True,careful,adaptive,-0.08,-0.08,0.0,0.08,-0.08,0.0,-0.0803528652,-0.07980556,0.0,0.007667274,-0.15946451,0.14830957,0.0029469458,0.00093766075,0.0011086469,"[-4.821196228329271, 23.895312644453323, 0.0, 0.0, 0.0, 0.0, -1.5986852715178574, 3.86241508797732]","[-0.29047978663411267, -0.0004955255128018094, 0.0]","{""Controller Type"": ""MPC Controller"", ""weight_comfort"": 386.00127267189356, ""weight_trajectory"": 3683.9923639686385, ""weight_goal"": 1000.0, ""Q"": [[3683.9923639686385, 0.0, 0.0, 0.0], [0.0, 0.0, 0.0, 0.0], [0.0, 0.0, 3683.9923639686385, 0.0], [0.0, 0.0, 0.0, 0.0]], ""R"": [[386.00127267189356, 0.0], [0.0, 386.00127267189356]], ""P"": [[1000.0, 0.0, 0.0, 0.0], [0.0, 100000.0, 0.0, 0.0], [0.0, 0.0, 1000.0, 0.0], [0.0, 0.0, 0.0, 100000.0]]}","[0.011483779963929824, -1.4847572226889071e-05, 0.0]",False
3,P02,10e57735-2e6f-4449-b4c9-0da2c57ab8b9,21,1,haply,mpc,seeded_random,1139142485,persist_session,10.0,10.549303798675536,8079.752420878,0,1785831068.5517273,108.0,True,careful,adaptive,-0.08,-0.08,0.0,0.08,-0.08,0.0,-0.080150169,-0.0798076799999999,0.0,0.007667274,-0.15946451,0.14830957,0.003548959,0.0007189075,0.00077031134,"[-4.766205689632038, 23.877341765004516, 0.0, 0.0, 0.0, 0.0, -1.598685272368131, 3.8624150747068264]","[-0.28174561018966965, -0.0005129203421726249, 0.0]","{""Controller Type"": ""MPC Controller"", ""weight_comfort"": 381.6027448542696, ""weight_trajectory"": 3710.3835308743824, ""weight_goal"": 1000.0, ""Q"": [[3710.3835308743824, 0.0, 0.0, 0.0], [0.0, 0.0, 0.0, 0.0], [0.0, 0.0, 3710.3835308743824, 0.0], [0.0, 0.0, 0.0, 0.0]], ""R"": [[381.6027448542696, 0.0], [0.0, 381.6027448542696]], ""P"": [[1000.0, 0.0, 0.0, 0.0], [0.0, 100000.0, 0.0, 0.0], [0.0, 0.0, 1000.0, 0.0], [0.0, 0.0, 0.0, 100000.0]]}","[0.011505124907256555, -1.4707867758738426e-05, 0.0]",False
3,P02,10e57735-2e6f-4449-b4c9-0da2c57ab8b9,21,1,haply,mpc,seeded_random,1139142485,persist_session,10.0,10.55929949760437,8079.762421555,0,1785831068.562068,109.0,True,careful,adaptive,-0.08,-0.08,0.0,0.08,-0.08,0.0,-0.080150169,-0.0798076799999999,0.0,0.0077333385,-0.15948159,0.14839499,0.0039729355,0.00059754844,0.0005767447,"[-4.7088351414206295, 23.859024547209234, 0.0, 0.0, 0.0, 0.0, -1.598685273490813, 3.862415045037628]","[-0.2632390208578319, -0.0005236792948117572, 0.0]","{""Controller Type"": ""MPC Controller"", ""weight_comfort"": 381.6027448542696, ""weight_trajectory"": 3710.3835308743824, ""weight_goal"": 1000.0, ""Q"": [[3710.3835308743824, 0.0, 0.0, 0.0], [0.0, 0.0, 0.0, 0.0], [0.0, 0.0, 3710.3835308743824, 0.0], [0.0, 0.0, 0.0, 0.0]], ""R"": [[381.6027448542696, 0.0], [0.0, 381.6027448542696]], ""P"": [[1000.0, 0.0, 0.0, 0.0], [0.0, 100000.0, 0.0, 0.0], [0.0, 0.0, 1000.0, 0.0], [0.0, 0.0, 0.0, 100000.0]]}","[0.011914923777951275, -1.8993955037390157e-05, 0.0]",False
3,P02,10e57735-2e6f-4449-b4c9-0da2c57ab8b9,21,1,haply,mpc,seeded_random,1139142485,persist_session,10.0,10.569287567138671,8079.772401686,0,1785831068.5720017,110.0,True,careful,adaptive,-0.08,-0.08,0.0,0.08,-0.08,0.0,-0.0799519755,-0.0796368399999999,0.0,0.0077994014,-0.15949857,0.14848043,0.004267286,0.00076359283,0.0008015579,"[-4.952735031241494, 24.027557006665862, 0.0, 0.0, 0.0, 0.0, -1.5986875584889917, 3.862417024826852]","[-0.7931813522655456, 0.0003074595912486184, 0.0]","{""Controller Type"": ""MPC Controller"", ""weight_comfort"": 381.79582523402235, ""weight_trajectory"": 3709.225048595866, ""weight_goal"": 1000.0, ""Q"": [[3709.225048595866, 0.0, 0.0, 0.0], [0.0, 0.0, 0.0, 0.0], [0.0, 0.0, 3709.225048595866, 0.0], [0.0, 0.0, 0.0, 0.0]], ""R"": [[381.79582523402235, 0.0], [0.0, 381.79582523402235]], ""P"": [[1000.0, 0.0, 0.0, 0.0], [0.0, 100000.0, 0.0, 0.0], [0.0, 0.0, 1000.0, 0.0], [0.0, 0.0, 0.0, 100000.0]]}","[0.011914923777951275, -1.8993955037390157e-05, 0.0]",False
3,P02,10e57735-2e6f-4449-b4c9-0da2c57ab8b9,21,1,haply,mpc,seeded_random,1139142485,persist_session,10.0,10.57927372932434,8079.782395048,0,1785831068.581971,111.0,True,careful,adaptive,-0.08,-0.08,0.0,0.08,-0.08,0.0,-0.0797537868,-0.07946596,0.0,0.0078043267,-0.15945865,0.1485348,0.004483264,0.00087453506,0.0010390657,"[-4.545361996300336, 23.897465834879355, 0.0, 0.0, 0.0, 0.0, -1.613421043988123, 3.8875553963541143]","[-0.2502352919993962, 0.06744573341953401, 0.0]","{""Controller Type"": ""MPC Controller"", ""weight_comfort"": 381.79582523402235, ""weight_trajectory"": 3709.225048595866, ""weight_goal"": 1000.0, ""Q"": [[3709.225048595866, 0.0, 0.0, 0.0], [0.0, 0.0, 0.0, 0.0], [0.0, 0.0, 3709.225048595866, 0.0], [0.0, 0.0, 0.0, 0.0]], ""R"": [[381.79582523402235, 0.0], [0.0, 381.79582523402235]], ""P"": [[1000.0, 0.0, 0.0, 0.0], [0.0, 100000.0, 0.0, 0.0], [0.0, 0.0, 1000.0, 0.0], [0.0, 0.0, 0.0, 100000.0]]}","[0.011631492418311224, -0.00038279637527656316, 0.0]",False
3,P02,10e57735-2e6f-4449-b4c9-0da2c57ab8b9,21,1,haply,mpc,seeded_random,1139142485,persist_session,10.0,10.589367179870605,8079.792480247,0,1785831068.5919268,112.0,True,careful,adaptive,-0.08,-0.08,0.0,0.08,-0.08,0.0,-0.0797390109,-0.07935722,0.0,0.007870417,-0.15947561,0.14862008,0.0046543246,0.0010023206,0.0012842389,"[-4.503701123978348, 23.88412001626602, 0.0, 0.0, 0.0, 0.0, -1.612766354254739, 3.8864445123455047]","[-0.24467759464546807, 0.06747620170213019, 0.0]","{""Controller Type"": ""MPC Controller"", ""weight_comfort"": 381.79582523402235, ""weight_trajectory"": 3709.225048595866, ""weight_goal"": 1000.0, ""Q"": [[3709.225048595866, 0.0, 0.0, 0.0], [0.0, 0.0, 0.0, 0.0], [0.0, 0.0, 3709.225048595866, 0.0], [0.0, 0.0, 0.0, 0.0]], ""R"": [[381.79582523402235, 0.0], [0.0, 381.79582523402235]], ""P"": [[1000.0, 0.0, 0.0, 0.0], [0.0, 100000.0, 0.0, 0.0], [0.0, 0.0, 1000.0, 0.0], [0.0, 0.0, 0.0, 100000.0]]}","[0.012189289113903051, -0.0004182984583531492, 0.0]",False
3,P02,10e57735-2e6f-4449-b4c9-0da2c57ab8b9,21,1,haply,mpc,seeded_random,1139142485,persist_session,10.0,10.5993199634552,8079.80243382,0,1785831068.602191,113.0,True,careful,adaptive,-0.08,-0.08,0.0,0.08,-0.08,0.0,-0.07954074,-0.07918666,0.0,0.007937996,-0.15947326,0.14861904,0.004809306,0.0011015799,0.0015457176,"[-4.714377517800362, 24.0281732365414, 0.0, 0.0, 0.0, 0.0, -1.6088445509971299, 3.8798874792710847]","[-0.717408887164195, 0.04341098338980229, 0.0]","{""Controller Type"": ""MPC Controller"", ""weight_comfort"": 379.9758012211063, ""weight_trajectory"": 3720.145192673362, ""weight_goal"": 1000.0, ""Q"": [[3720.145192673362, 0.0, 0.0, 0.0], [0.0, 0.0, 0.0, 0.0], [0.0, 0.0, 3720.145192673362, 0.0], [0.0, 0.0, 0.0, 0.0]], ""R"": [[379.9758012211063, 0.0], [0.0, 379.9758012211063]], ""P"": [[1000.0, 0.0, 0.0, 0.0], [0.0, 100000.0, 0.0, 0.0], [0.0, 0.0, 1000.0, 0.0], [0.0, 0.0, 0.0, 100000.0]]}","[0.01262206945596851, -0.0002993181340078536, 0.0]",False
3,P02,10e57735-2e6f-4449-b4c9-0da2c57ab8b9,21,1,haply,mpc,seeded_random,1139142485,persist_session,10.0,10.609262256622314,8079.812379408,0,1785831068.6120374,114.0,True,careful,adaptive,-0.08,-0.08,0.0,0.08,-0.08,0.0,-0.079338003,-0.0791887399999999,0.0,0.008078042,-0.15942843,0.1486713,0.0049787057,0.0012394392,0.0018214878,"[-4.385538568802593, 23.92247520029537, 0.0, 0.0, 0.0, 0.0, -1.6131688867702023, 3.887155239047948]","[-0.23756591498003238, 0.06590509607174062, 0.0]","{""Controller Type"": ""MPC Controller"", ""weight_comfort"": 379.9758012211063, ""weight_trajectory"": 3720.145192673362, ""weight_goal"": 1000.0, ""Q"": [[3720.145192673362, 0.0, 0.0, 0.0], [0.0, 0.0, 0.0, 0.0], [0.0, 0.0, 3720.145192673362, 0.0], [0.0, 0.0, 0.0, 0.0]], ""R"": [[379.9758012211063, 0.0], [0.0, 379.9758012211063]], ""P"": [[1000.0, 0.0, 0.0, 0.0], [0.0, 100000.0, 0.0, 0.0], [0.0, 0.0, 1000.0, 0.0], [0.0, 0.0, 0.0, 100000.0]]}","[0.012851888090754503, -0.0004603189614547978, 0.0]",False
3,P02,10e57735-2e6f-4449-b4c9-0da2c57ab8b9,21,1,haply,mpc,seeded_random,1139142485,persist_session,10.0,10.619236259460449,8079.822364982,0,1785831068.6220498,115.0,True,careful,adaptive,-0.08,-0.08,0.0,0.08,-0.08,0.0,-0.078917865,-0.0790842199999999,0.0,0.008145625,-0.159426,0.14867023,0.0050908457,0.00082037784,0.0023499625,"[-4.332735355938063, 23.907066575479817, 0.0, 0.0, 0.0, 0.0, -1.6125435820696095, 3.8867703981479482]","[-0.19812625581592347, 0.0004871364637433731, 0.0]","{""Controller Type"": ""MPC Controller"", ""weight_comfort"": 379.9758012211063, ""weight_trajectory"": 3720.145192673362, ""weight_goal"": 1000.0, ""Q"": [[3720.145192673362, 0.0, 0.0, 0.0], [0.0, 0.0, 0.0, 0.0], [0.0, 0.0, 3720.145192673362, 0.0], [0.0, 0.0, 0.0, 0.0]], ""R"": [[379.9758012211063, 0.0], [0.0, 379.9758012211063]], ""P"": [[1000.0, 0.0, 0.0, 0.0], [0.0, 100000.0, 0.0, 0.0], [0.0, 0.0, 1000.0, 0.0], [0.0, 0.0, 0.0, 100000.0]]}","[0.014296592078517205, -0.0003883264922497144, 0.0]",False
3,P02,10e57735-2e6f-4449-b4c9-0da2c57ab8b9,21,1,haply,mpc,seeded_random,1139142485,persist_session,10.0,10.62927225112915,8079.832391628,0,1785831068.632101,116.0,True,careful,adaptive,-0.08,-0.08,0.0,0.08,-0.08,0.0,-0.078715116,-0.07908636,0.0,0.00821801,-0.1593837,0.14872341,0.0052398187,0.000541428,0.0031008823,"[-4.0838354867751745, 23.97566718984764, 0.0, 0.0, 0.0, 0.0, -1.6184705546438762, 3.8965353395856166]","[0.3570681362447805, 0.04215835972833802, 0.0]","{""Controller Type"": ""MPC Controller"", ""weight_comfort"": 375.53408013404334, ""weight_trajectory"": 3746.79551919574, ""weight_goal"": 1000.0, ""Q"": [[3746.79551919574, 0.0, 0.0, 0.0], [0.0, 0.0, 0.0, 0.0], [0.0, 0.0, 3746.79551919574, 0.0], [0.0, 0.0, 0.0, 0.0]], ""R"": [[375.53408013404334, 0.0], [0.0, 375.53408013404334]], ""P"": [[1000.0, 0.0, 0.0, 0.0], [0.0, 100000.0, 0.0, 0.0], [0.0, 0.0, 1000.0, 0.0], [0.0, 0.0, 0.0, 100000.0]]}","[0.014296592078517205, -0.0003883264922497144, 0.0]",False
3,P02,10e57735-2e6f-4449-b4c9-0da2c57ab8b9,21,1,haply,mpc,seeded_random,1139142485,persist_session,10.0,10.639528064727783,8079.842646494,0,1785831068.6419418,117.0,True,careful,adaptive,-0.08,-0.08,0.0,0.08,-0.08,0.0,-0.078497961,-0.07898,0.0,0.008353118,-0.15937869,0.14872126,0.0055732857,0.0009089127,0.0028138855,"[-4.385662998375147, 24.06969663288096, 0.0, 0.0, 0.0, 0.0, -1.6180194951187865, 3.8962428793347637]","[-0.21054864362295916, 0.0006487428089788898, 0.0]","{""Controller Type"": ""MPC Controller"", ""weight_comfort"": 375.53408013404334, ""weight_trajectory"": 3746.79551919574, ""weight_goal"": 1000.0, ""Q"": [[3746.79551919574, 0.0, 0.0, 0.0], [0.0, 0.0, 0.0, 0.0], [0.0, 0.0, 3746.79551919574, 0.0], [0.0, 0.0, 0.0, 0.0]], ""R"": [[375.53408013404334, 0.0], [0.0, 375.53408013404334]], ""P"": [[1000.0, 0.0, 0.0, 0.0], [0.0, 100000.0, 0.0, 0.0], [0.0, 0.0, 1000.0, 0.0], [0.0, 0.0, 0.0, 100000.0]]}","[0.015654709753982088, -0.00011842654363531588, 0.0]",False
3,P02,10e57735-2e6f-4449-b4c9-0da2c57ab8b9,21,1,haply,mpc,seeded_random,1139142485,persist_session,10.0,10.649443893432617,8079.852560187,0,1785831068.6518674,118.0,True,careful,adaptive,-0.08,-0.08,0.0,0.08,-0.08,0.0,-0.0780926369999999,-0.0789843,0.0,0.008420682,-0.15937614,0.1487202,0.0060526426,0.001217379,0.00264513,"[-4.333689531308841, 24.055983833846366, 0.0, 0.0, 0.0, 0.0, -1.6245408273827795, 3.906951779444354]","[-0.1560383399697466, 0.04388393190178559, 0.0]","{""Controller Type"": ""MPC Controller"", ""weight_comfort"": 375.53408013404334, ""weight_trajectory"": 3746.79551919574, ""weight_goal"": 1000.0, ""Q"": [[3746.79551919574, 0.0, 0.0, 0.0], [0.0, 0.0, 0.0, 0.0], [0.0, 0.0, 3746.79551919574, 0.0], [0.0, 0.0, 0.0, 0.0]], ""R"": [[375.53408013404334, 0.0], [0.0, 375.53408013404334]], ""P"": [[1000.0, 0.0, 0.0, 0.0], [0.0, 100000.0, 0.0, 0.0], [0.0, 0.0, 1000.0, 0.0], [0.0, 0.0, 0.0, 100000.0]]}","[0.01642150663829255, -0.0004571810060876717, 0.0]",False
3,P02,10e57735-2e6f-4449-b4c9-0da2c57ab8b9,21,1,haply,mpc,seeded_random,1139142485,persist_session,10.0,10.659304409027099,8079.862426219,0,1785831068.6620126,119.0,True,careful,adaptive,-0.08,-0.08,0.0,0.08,-0.08,0.0,-0.077889945,-0.07898642,0.0,0.008560526,-0.15933093,0.14877234,0.006692411,0.0017367168,0.0029244018,"[-4.130037899304807, 24.111999429809483, 0.0, 0.0, 0.0, 0.0, -1.624116876536978, 3.9067983842067178]","[0.33171398324665136, -4.2899450609337926e-05, 0.0]","{""Controller Type"": ""MPC Controller"", ""weight_comfort"": 375.04337393471616, ""weight_trajectory"": 3749.7397563917034, ""weight_goal"": 1000.0, ""Q"": [[3749.7397563917034, 0.0, 0.0, 0.0], [0.0, 0.0, 0.0, 0.0], [0.0, 0.0, 3749.7397563917034, 0.0], [0.0, 0.0, 0.0, 0.0]], ""R"": [[375.04337393471616, 0.0], [0.0, 375.04337393471616]], ""P"": [[1000.0, 0.0, 0.0, 0.0], [0.0, 100000.0, 0.0, 0.0], [0.0, 0.0, 1000.0, 0.0], [0.0, 0.0, 0.0, 100000.0]]}","[0.017469745544960894, -0.00014681963141627286, 0.0]",False
3,P02,10e57735-2e6f-4449-b4c9-0da2c57ab8b9,21,1,haply,mpc,seeded_random,1139142485,persist_session,10.0,10.669245510101318,8079.872366973,0,1785831068.671816,120.0,True,careful,adaptive,-0.08,-0.08,0.0,0.08,-0.08,0.0,-0.077470413,-0.0788821399999999,0.0,0.0087631345,-0.15932296,0.14876911,0.0073293718,0.001999322,0.0029586654,"[-4.396380099462652, 24.19881887678624, 0.0, 0.0, 0.0, 0.0, -1.6241272391577732, 3.9068054191717914]","[-0.21067290565467117, 0.0008297930876380656, 0.0]","{""Controller Type"": ""MPC Controller"", ""weight_comfort"": 375.04337393471616, ""weight_trajectory"": 3749.7397563917034, ""weight_goal"": 1000.0, ""Q"": [[3749.7397563917034, 0.0, 0.0, 0.0], [0.0, 0.0, 0.0, 0.0], [0.0, 0.0, 3749.7397563917034, 0.0], [0.0, 0.0, 0.0, 0.0]], ""R"": [[375.04337393471616, 0.0], [0.0, 375.04337393471616]], ""P"": [[1000.0, 0.0, 0.0, 0.0], [0.0, 100000.0, 0.0, 0.0], [0.0, 0.0, 1000.0, 0.0], [0.0, 0.0, 0.0, 100000.0]]}","[0.020158352417453684, -0.0005981431577934051, 0.0]",False
3,P02,10e57735-2e6f-4449-b4c9-0da2c57ab8b9,21,1,haply,mpc,seeded_random,1139142485,persist_session,10.0,10.679258375167846,8079.88234426,0,1785831068.6816938,121.0,True,careful,adaptive,-0.08,-0.08,0.0,0.08,-0.08,0.0,-0.0768625875,-0.0788885999999999,0.0,0.008898193,-0.15931748,0.14876695,0.008409884,0.0021462215,0.0028643447,"[-4.15759172910828, 24.28510750419748, 0.0, 0.0, 0.0, 0.0, -1.6305561923908334, 3.9173075552851735]","[0.3845834510137469, 0.04349207290704993, 0.0]","{""Controller Type"": ""MPC Controller"", ""weight_comfort"": 375.04337393471616, ""weight_trajectory"": 3749.7397563917034, ""weight_goal"": 1000.0, ""Q"": [[3749.7397563917034, 0.0, 0.0, 0.0], [0.0, 0.0, 0.0, 0.0], [0.0, 0.0, 3749.7397563917034, 0.0], [0.0, 0.0, 0.0, 0.0]], ""R"": [[375.04337393471616, 0.0], [0.0, 375.04337393471616]], ""P"": [[1000.0, 0.0, 0.0, 0.0], [0.0, 100000.0, 0.0, 0.0], [0.0, 0.0, 1000.0, 0.0], [0.0, 0.0, 0.0, 100000.0]]}","[0.0224505570461778, -0.0002087672979063319, 0.0]",False
3,P02,10e57735-2e6f-4449-b4c9-0da2c57ab8b9,21,1,haply,mpc,seeded_random,1139142485,persist_session,10.0,10.689427881240844,8079.892541671,0,1785831068.6919682,122.0,True,careful,adaptive,-0.08,-0.08,0.0,0.08,-0.08,0.0,-0.076457412,-0.0788929199999999,0.0,0.009172921,-0.15926631,0.14881678,0.009780754,0.0022746527,0.0027870662,"[-4.049482848510997, 24.406816462951927, 0.0, 0.0, 0.0, 0.0, -1.6301912115506771, 3.917317908196872]","[0.8666306612797445, -0.0007500680355370191, 0.0]","{""Controller Type"": ""MPC Controller"", ""weight_comfort"": 372.65274922356974, ""weight_trajectory"": 3764.0835046585817, ""weight_goal"": 1000.0, ""Q"": [[3764.0835046585817, 0.0, 0.0, 0.0], [0.0, 0.0, 0.0, 0.0], [0.0, 0.0, 3764.0835046585817, 0.0], [0.0, 0.0, 0.0, 0.0]], ""R"": [[372.65274922356974, 0.0], [0.0, 372.65274922356974]], ""P"": [[1000.0, 0.0, 0.0, 0.0], [0.0, 100000.0, 0.0, 0.0], [0.0, 0.0, 1000.0, 0.0], [0.0, 0.0, 0.0, 100000.0]]}","[0.0224505570461778, -0.0002087672979063319, 0.0]",False
3,P02,10e57735-2e6f-4449-b4c9-0da2c57ab8b9,21,1,haply,mpc,seeded_random,1139142485,persist_session,10.0,10.69942524909973,8079.902543694,0,1785831068.7018683,123.0,True,careful,adaptive,-0.08,-0.08,0.0,0.08,-0.08,0.0,-0.075633228,-0.0787932599999999,0.0,0.009442928,-0.15925463,0.14881241,0.011668032,0.0023874226,0.002682591,"[-4.341529860738495, 24.33714771305444, 0.0, 0.0, 0.0, 0.0, -1.6302010508294131, 3.917322277667845]","[0.2804806811727919, 0.00015767746968494453, 0.0]","{""Controller Type"": ""MPC Controller"", ""weight_comfort"": 372.65274922356974, ""weight_trajectory"": 3764.0835046585817, ""weight_goal"": 1000.0, ""Q"": [[3764.0835046585817, 0.0, 0.0, 0.0], [0.0, 0.0, 0.0, 0.0], [0.0, 0.0, 3764.0835046585817, 0.0], [0.0, 0.0, 0.0, 0.0]], ""R"": [[372.65274922356974, 0.0], [0.0, 372.65274922356974]], ""P"": [[1000.0, 0.0, 0.0, 0.0], [0.0, 100000.0, 0.0, 0.0], [0.0, 0.0, 1000.0, 0.0], [0.0, 0.0, 0.0, 100000.0]]}","[0.02876479726852583, -0.0009270754191221492, 0.0]",False
3,P02,10e57735-2e6f-4449-b4c9-0da2c57ab8b9,21,1,haply,mpc,seeded_random,1139142485,persist_session,10.0,10.709276466369628,8079.912399175,0,1785831068.7118697,124.0,True,careful,adaptive,-0.08,-0.08,0.0,0.08,-0.08,0.0,-0.074823207,-0.0788019999999999,0.0,0.00971745,-0.15920241,0.14886226,0.014199763,0.0025108757,0.0025580428,"[-4.0984260583102845, 24.939878405590914, 0.0, 0.0, 0.0, 0.0, -1.6361327209584458, 3.9269437661179305]","[1.4383967520729546, 0.04150524904751556, 0.0]","{""Controller Type"": ""MPC Controller"", ""weight_comfort"": 372.65274922356974, ""weight_trajectory"": 3764.0835046585817, ""weight_goal"": 1000.0, ""Q"": [[3764.0835046585817, 0.0, 0.0, 0.0], [0.0, 0.0, 0.0, 0.0], [0.0, 0.0, 3764.0835046585817, 0.0], [0.0, 0.0, 0.0, 0.0]], ""R"": [[372.65274922356974, 0.0], [0.0, 372.65274922356974]], ""P"": [[1000.0, 0.0, 0.0, 0.0], [0.0, 100000.0, 0.0, 0.0], [0.0, 0.0, 1000.0, 0.0], [0.0, 0.0, 0.0, 100000.0]]}","[0.03491576646543664, -0.0003576617984887707, 0.0]",False
3,P02,10e57735-2e6f-4449-b4c9-0da2c57ab8b9,21,1,haply,mpc,seeded_random,1139142485,persist_session,10.0,10.719300298690795,8079.922421263,0,1785831068.7216923,125.0,True,careful,adaptive,-0.08,-0.08,0.0,0.08,-0.08,0.0,-0.0739996409999999,-0.0787023,0.0,0.0100548705,-0.15918663,0.14885673,0.016903471,0.0026697323,0.0024796166,"[-4.224232453153598, 24.64507403761956, 0.0, 0.0, 0.0, 0.0, -1.6358492953696417, 3.9271166739629444]","[1.3420099069182858, -0.001472064865334384, 0.0]","{""Controller Type"": ""MPC Controller"", ""weight_comfort"": 372.5174688444293, ""weight_trajectory"": 3764.8951869334246, ""weight_goal"": 1000.0, ""Q"": [[3764.8951869334246, 0.0, 0.0, 0.0], [0.0, 0.0, 0.0, 0.0], [0.0, 0.0, 3764.8951869334246, 0.0], [0.0, 0.0, 0.0, 0.0]], ""R"": [[372.5174688444293, 0.0], [0.0, 372.5174688444293]], ""P"": [[1000.0, 0.0, 0.0, 0.0], [0.0, 100000.0, 0.0, 0.0], [0.0, 0.0, 1000.0, 0.0], [0.0, 0.0, 0.0, 100000.0]]}","[0.042073482646371514, -0.0014203909074424815, 0.0]",False
3,P02,10e57735-2e6f-4449-b4c9-0da2c57ab8b9,21,1,haply,mpc,seeded_random,1139142485,persist_session,10.0,10.729283838272094,8079.932408101,0,1785831068.7320426,126.0,True,careful,adaptive,-0.08,-0.08,0.0,0.08,-0.08,0.0,-0.0729873795,-0.07871336,0.0,0.0104640275,-0.15912683,0.14890423,0.019954067,0.0028363266,0.0023810365,"[-4.306294898619049, 24.43167813768435, 0.0, 0.0, 0.0, 0.0, -1.6422605053267079, 3.937477089819612]","[1.3852801000571071, 0.04209676979780057, 0.0]","{""Controller Type"": ""MPC Controller"", ""weight_comfort"": 372.5174688444293, ""weight_trajectory"": 3764.8951869334246, ""weight_goal"": 1000.0, ""Q"": [[3764.8951869334246, 0.0, 0.0, 0.0], [0.0, 0.0, 0.0, 0.0], [0.0, 0.0, 3764.8951869334246, 0.0], [0.0, 0.0, 0.0, 0.0]], ""R"": [[372.5174688444293, 0.0], [0.0, 372.5174688444293]], ""P"": [[1000.0, 0.0, 0.0, 0.0], [0.0, 100000.0, 0.0, 0.0], [0.0, 0.0, 1000.0, 0.0], [0.0, 0.0, 0.0, 100000.0]]}","[0.042073482646371514, -0.0014203909074424815, 0.0]",False
3,P02,10e57735-2e6f-4449-b4c9-0da2c57ab8b9,21,1,haply,mpc,seeded_random,1139142485,persist_session,10.0,10.739359169006347,8079.942470235,0,1785831068.7418332,127.0,True,careful,adaptive,-0.08,-0.08,0.0,0.08,-0.08,0.0,-0.0717599085,-0.07861836,0.0,0.010877256,-0.15902576,0.14900583,0.02303274,0.0030595826,0.0023461643,"[-4.328490678100833, 24.341266081084257, 0.0, 0.0, 0.0, 0.0, -1.6420301948159066, 3.9377852219263345]","[1.7183931647970323, -0.0020951193214803717, 0.0]","{""Controller Type"": ""MPC Controller"", ""weight_comfort"": 372.5174688444293, ""weight_trajectory"": 3764.8951869334246, ""weight_goal"": 1000.0, ""Q"": [[3764.8951869334246, 0.0, 0.0, 0.0], [0.0, 0.0, 0.0, 0.0], [0.0, 0.0, 3764.8951869334246, 0.0], [0.0, 0.0, 0.0, 0.0]], ""R"": [[372.5174688444293, 0.0], [0.0, 372.5174688444293]], ""P"": [[1000.0, 0.0, 0.0, 0.0], [0.0, 100000.0, 0.0, 0.0], [0.0, 0.0, 1000.0, 0.0], [0.0, 0.0, 0.0, 100000.0]]}","[0.051728935347681554, -0.0005833583535322679, 0.0]",False
3,P02,10e57735-2e6f-4449-b4c9-0da2c57ab8b9,21,1,haply,mpc,seeded_random,1139142485,persist_session,10.0,10.749311714172363,8079.95243424,0,1785831068.752052,128.0,True,careful,adaptive,-0.08,-0.08,0.0,0.08,-0.08,0.0,-0.0705202229999999,-0.0784151599999999,0.0,0.0112859,-0.15896384,0.14905319,0.026222954,0.0034389566,0.0024991352,"[-4.315313756887908, 24.478939151227863, 0.0, 0.0, 0.0, 0.0, -1.6481418616846115, 3.947595460283439]","[2.4140732026047775, 0.040581155909110656, 0.0]","{""Controller Type"": ""MPC Controller"", ""weight_comfort"": 374.16670947022607, ""weight_trajectory"": 3754.9997431786433, ""weight_goal"": 1000.0, ""Q"": [[3754.9997431786433, 0.0, 0.0, 0.0], [0.0, 0.0, 0.0, 0.0], [0.0, 0.0, 3754.9997431786433, 0.0], [0.0, 0.0, 0.0, 0.0]], ""R"": [[374.16670947022607, 0.0], [0.0, 374.16670947022607]], ""P"": [[1000.0, 0.0, 0.0, 0.0], [0.0, 100000.0, 0.0, 0.0], [0.0, 0.0, 1000.0, 0.0], [0.0, 0.0, 0.0, 100000.0]]}","[0.06471524735770966, -0.002427042839213587, 0.0]",False
3,P02,10e57735-2e6f-4449-b4c9-0da2c57ab8b9,21,1,haply,mpc,seeded_random,1139142485,persist_session,10.0,10.759408025741577,8079.962517328,0,1785831068.7620645,129.0,True,careful,adaptive,-0.08,-0.08,0.0,0.08,-0.08,0.0,-0.069294291,-0.0783204399999999,0.0,0.011765734,-0.15885688,0.1491534,0.029180134,0.0040034843,0.0029021397,"[-4.4032495955891084, 23.662754350317112, 0.0, 0.0, 0.0, 0.0, -1.6582927475606781, 3.9643869702280905]","[2.207833399014997, 0.08145918550268735, 0.0]","{""Controller Type"": ""MPC Controller"", ""weight_comfort"": 374.16670947022607, ""weight_trajectory"": 3754.9997431786433, ""weight_goal"": 1000.0, ""Q"": [[3754.9997431786433, 0.0, 0.0, 0.0], [0.0, 0.0, 0.0, 0.0], [0.0, 0.0, 3754.9997431786433, 0.0], [0.0, 0.0, 0.0, 0.0]], ""R"": [[374.16670947022607, 0.0], [0.0, 374.16670947022607]], ""P"": [[1000.0, 0.0, 0.0, 0.0], [0.0, 100000.0, 0.0, 0.0], [0.0, 0.0, 1000.0, 0.0], [0.0, 0.0, 0.0, 100000.0]]}","[0.08672552238493414, -0.005454318307007196, 0.0]",False
3,P02,10e57735-2e6f-4449-b4c9-0da2c57ab8b9,21,1,haply,mpc,seeded_random,1139142485,persist_session,10.0,10.769271879196166,8079.972394657,0,1785831068.7718546,130.0,True,careful,adaptive,-0.08,-0.08,0.0,0.08,-0.08,0.0,-0.067854789,-0.07812002,0.0,0.012173795,-0.15879267,0.1492006,0.03226451,0.0048569883,0.0036674927,"[-4.464958568486175, 23.038358840050318, 0.0, 0.0, 0.0, 0.0, -1.6519901911838377, 3.9544274805428747]","[2.1542587734629075, 0.04018460938412588, 0.0]","{""Controller Type"": ""MPC Controller"", ""weight_comfort"": 374.16670947022607, ""weight_trajectory"": 3754.9997431786433, ""weight_goal"": 1000.0, ""Q"": [[3754.9997431786433, 0.0, 0.0, 0.0], [0.0, 0.0, 0.0, 0.0], [0.0, 0.0, 3754.9997431786433, 0.0], [0.0, 0.0, 0.0, 0.0]], ""R"": [[374.16670947022607, 0.0], [0.0, 374.16670947022607]], ""P"": [[1000.0, 0.0, 0.0, 0.0], [0.0, 100000.0, 0.0, 0.0], [0.0, 0.0, 1000.0, 0.0], [0.0, 0.0, 0.0, 100000.0]]}","[0.11448888451256566, -0.004682024512394591, 0.0]",False
3,P02,10e57735-2e6f-4449-b4c9-0da2c57ab8b9,21,1,haply,mpc,seeded_random,1139142485,persist_session,10.0,10.779419450759887,8079.982537723,0,1785831068.7817976,131.0,True,careful,adaptive,-0.08,-0.08,0.0,0.08,-0.08,0.0,-0.066630606,-0.07802562,0.0,0.012648897,-0.15872338,0.14924645,0.03471465,0.00555158,0.0042557,"[-4.466037484942556, 22.960689824454544, 0.0, 0.0, 0.0, 0.0, -1.664042995996225, 3.9742447623971615]","[2.7157060325463602, 0.08448723565368979, 0.0]","{""Controller Type"": ""MPC Controller"", ""weight_comfort"": 384.3659960859306, ""weight_trajectory"": 3693.8040234844166, ""weight_goal"": 1000.0, ""Q"": [[3693.8040234844166, 0.0, 0.0, 0.0], [0.0, 0.0, 0.0, 0.0], [0.0, 0.0, 3693.8040234844166, 0.0], [0.0, 0.0, 0.0, 0.0]], ""R"": [[384.3659960859306, 0.0], [0.0, 384.3659960859306]], ""P"": [[1000.0, 0.0, 0.0, 0.0], [0.0, 100000.0, 0.0, 0.0], [0.0, 0.0, 1000.0, 0.0], [0.0, 0.0, 0.0, 100000.0]]}","[0.14956070350672332, -0.010990812332860015, 0.0]",False
3,P02,10e57735-2e6f-4449-b4c9-0da2c57ab8b9,21,1,haply,mpc,seeded_random,1139142485,persist_session,10.0,10.78927472114563,8079.992393726,0,1785831068.7919176,132.0,True,careful,adaptive,-0.08,-0.08,0.0,0.08,-0.08,0.0,-0.0652053,-0.0779339199999999,0.0,0.01312374,-0.15865251,0.14929233,0.036827285,0.0060848524,0.0046419073,"[-4.579319028760533, 21.71912768786555, 0.0, 0.0, 0.0, 0.0, -1.6571402172099743, 3.9634768012093224]","[2.0025902463093237, 0.040901502977861305, 0.0]","{""Controller Type"": ""MPC Controller"", ""weight_comfort"": 384.3659960859306, ""weight_trajectory"": 3693.8040234844166, ""weight_goal"": 1000.0, ""Q"": [[3693.8040234844166, 0.0, 0.0, 0.0], [0.0, 0.0, 0.0, 0.0], [0.0, 0.0, 3693.8040234844166, 0.0], [0.0, 0.0, 0.0, 0.0]], ""R"": [[384.3659960859306, 0.0], [0.0, 384.3659960859306]], ""P"": [[1000.0, 0.0, 0.0, 0.0], [0.0, 100000.0, 0.0, 0.0], [0.0, 0.0, 1000.0, 0.0], [0.0, 0.0, 0.0, 100000.0]]}","[0.20606777413277091, -0.00936205478334036, 0.0]",False
3,P02,10e57735-2e6f-4449-b4c9-0da2c57ab8b9,21,1,haply,mpc,seeded_random,1139142485,persist_session,10.0,10.799300937652587,8080.002418946,0,1785831068.801844,133.0,True,careful,adaptive,-0.08,-0.08,0.0,0.08,-0.08,0.0,-0.0637807709999999,-0.07784216,0.0,0.013530999,-0.15858498,0.14933924,0.038352534,0.006459728,0.0048613376,"[-4.5836819734959695, 21.515821772635675, 0.0, 0.0, 0.0, 0.0, -1.6566585755398318, 3.9627316018057543]","[2.364749927727021, 0.039330451178421544, 0.0]","{""Controller Type"": ""MPC Controller"", ""weight_comfort"": 384.3659960859306, ""weight_trajectory"": 3693.8040234844166, ""weight_goal"": 1000.0, ""Q"": [[3693.8040234844166, 0.0, 0.0, 0.0], [0.0, 0.0, 0.0, 0.0], [0.0, 0.0, 3693.8040234844166, 0.0], [0.0, 0.0, 0.0, 0.0]], ""R"": [[384.3659960859306, 0.0], [0.0, 384.3659960859306]], ""P"": [[1000.0, 0.0, 0.0, 0.0], [0.0, 100000.0, 0.0, 0.0], [0.0, 0.0, 1000.0, 0.0], [0.0, 0.0, 0.0, 100000.0]]}","[0.26995060967794327, -0.012983216120540458, 0.0]",False
3,P02,10e57735-2e6f-4449-b4c9-0da2c57ab8b9,21,1,haply,mpc,seeded_random,1139142485,persist_session,10.0,10.809171705245971,8080.012292567,0,1785831068.811919,134.0,True,careful,adaptive,-0.08,-0.08,0.0,0.08,-0.08,0.0,-0.0625589939999999,-0.0777483399999999,0.0,0.013938037,-0.15851642,0.14938612,0.039683495,0.0067555467,0.004985977,"[-4.589844090658835, 20.842534133948583, 0.0, 0.0, 0.0, 0.0, -1.6565272507707018, 3.962528857245994]","[2.331115088978552, 0.04020369925121462, 0.0]","{""Controller Type"": ""MPC Controller"", ""weight_comfort"": 398.01740711355404, ""weight_trajectory"": 3611.895557318676, ""weight_goal"": 1000.0, ""Q"": [[3611.895557318676, 0.0, 0.0, 0.0], [0.0, 0.0, 0.0, 0.0], [0.0, 0.0, 3611.895557318676, 0.0], [0.0, 0.0, 0.0, 0.0]], ""R"": [[398.01740711355404, 0.0], [0.0, 398.01740711355404]], ""P"": [[1000.0, 0.0, 0.0, 0.0], [0.0, 100000.0, 0.0, 0.0], [0.0, 0.0, 1000.0, 0.0], [0.0, 0.0, 0.0, 100000.0]]}","[0.36367759872474986, -0.01843529852839979, 0.0]",False
3,P02,10e57735-2e6f-4449-b4c9-0da2c57ab8b9,21,1,haply,mpc,seeded_random,1139142485,persist_session,10.0,10.819350271224975,8080.022456096,0,1785831068.8217514,135.0,True,careful,adaptive,-0.08,-0.08,0.0,0.08,-0.08,0.0,-0.06133788,-0.0776545799999999,0.0,0.01440851,-0.15848224,0.14937776,0.040596336,0.0070047705,0.005077918,"[-4.677916114791702, 19.877900340101014, 0.0, 0.0, 0.0, 0.0, -1.6563202869716258, 3.962210398608]","[1.7437129090570251, 0.04062673767041209, 0.0]","{""Controller Type"": ""MPC Controller"", ""weight_comfort"": 398.01740711355404, ""weight_trajectory"": 3611.895557318676, ""weight_goal"": 1000.0, ""Q"": [[3611.895557318676, 0.0, 0.0, 0.0], [0.0, 0.0, 0.0, 0.0], [0.0, 0.0, 3611.895557318676, 0.0], [0.0, 0.0, 0.0, 0.0]], ""R"": [[398.01740711355404, 0.0], [0.0, 398.01740711355404]], ""P"": [[1000.0, 0.0, 0.0, 0.0], [0.0, 100000.0, 0.0, 0.0], [0.0, 0.0, 1000.0, 0.0], [0.0, 0.0, 0.0, 100000.0]]}","[0.4883858502832762, -0.02430553599123966, 0.0]",False
3,P02,10e57735-2e6f-4449-b4c9-0da2c57ab8b9,21,1,haply,mpc,seeded_random,1139142485,persist_session,10.0,10.830108432769775,8080.033224242,0,1785831068.8318822,136.0,True,careful,adaptive,-0.08,-0.08,0.0,0.08,-0.08,0.0,-0.059926461,-0.0776713,0.0,0.014815104,-0.15841158,0.14942443,0.041248996,0.0071107736,0.0050077224,"[-4.703830099116975, 19.517295774076402, 0.0, 0.0, 0.0, 0.0, -1.6562011679332167, 3.9620274088067946]","[1.7590840399617726, 0.04166573732038983, 0.0]","{""Controller Type"": ""MPC Controller"", ""weight_comfort"": 398.01740711355404, ""weight_trajectory"": 3611.895557318676, ""weight_goal"": 1000.0, ""Q"": [[3611.895557318676, 0.0, 0.0, 0.0], [0.0, 0.0, 0.0, 0.0], [0.0, 0.0, 3611.895557318676, 0.0], [0.0, 0.0, 0.0, 0.0]], ""R"": [[398.01740711355404, 0.0], [0.0, 398.01740711355404]], ""P"": [[1000.0, 0.0, 0.0, 0.0], [0.0, 100000.0, 0.0, 0.0], [0.0, 0.0, 1000.0, 0.0], [0.0, 0.0, 0.0, 100000.0]]}","[0.618956433744279, -0.032429766761606596, 0.0]",False
3,P02,10e57735-2e6f-4449-b4c9-0da2c57ab8b9,21,1,haply,mpc,seeded_random,1139142485,persist_session,10.0,10.839327840805053,8080.042439521,0,1785831068.8419344,137.0,True,careful,adaptive,-0.08,-0.08,0.0,0.08,-0.08,0.0,-0.0587066789999999,-0.07757796,0.0,0.015218131,-0.15838026,0.14941715,0.04161642,0.007126475,0.004843252,"[-4.704739453245606, 19.361346865394754, 0.0, 0.0, 0.0, 0.0, -1.6556113778163255, 3.962322797017647]","[2.039075648973042, -0.0026839921656919207, 0.0]","{""Controller Type"": ""MPC Controller"", ""weight_comfort"": 407.76061325849014, ""weight_trajectory"": 3553.436320449059, ""weight_goal"": 1000.0, ""Q"": [[3553.436320449059, 0.0, 0.0, 0.0], [0.0, 0.0, 0.0, 0.0], [0.0, 0.0, 3553.436320449059, 0.0], [0.0, 0.0, 0.0, 0.0]], ""R"": [[407.76061325849014, 0.0], [0.0, 407.76061325849014]], ""P"": [[1000.0, 0.0, 0.0, 0.0], [0.0, 100000.0, 0.0, 0.0], [0.0, 0.0, 1000.0, 0.0], [0.0, 0.0, 0.0, 100000.0]]}","[0.7777885581381139, -0.019922558360446013, 0.0]",False
3,P02,10e57735-2e6f-4449-b4c9-0da2c57ab8b9,21,1,haply,mpc,seeded_random,1139142485,persist_session,10.0,10.849193840026855,8080.052300055,0,1785831068.8518262,138.0,True,careful,adaptive,-0.08,-0.08,0.0,0.08,-0.08,0.0,-0.057497598,-0.07759252,0.0,0.015553917,-0.15835337,0.14941105,0.04177266,0.007157128,0.0047269166,"[-4.763367403719432, 18.604473644414764, 0.0, 0.0, 0.0, 0.0, -1.6621249682030284, 3.9722711610037624]","[1.5968439645723038, 0.04091035918590594, 0.0]","{""Controller Type"": ""MPC Controller"", ""weight_comfort"": 407.76061325849014, ""weight_trajectory"": 3553.436320449059, ""weight_goal"": 1000.0, ""Q"": [[3553.436320449059, 0.0, 0.0, 0.0], [0.0, 0.0, 0.0, 0.0], [0.0, 0.0, 3553.436320449059, 0.0], [0.0, 0.0, 0.0, 0.0]], ""R"": [[407.76061325849014, 0.0], [0.0, 407.76061325849014]], ""P"": [[1000.0, 0.0, 0.0, 0.0], [0.0, 100000.0, 0.0, 0.0], [0.0, 0.0, 1000.0, 0.0], [0.0, 0.0, 0.0, 100000.0]]}","[1.0003287937619425, -0.053621013999674505, 0.0]",False
3,P02,10e57735-2e6f-4449-b4c9-0da2c57ab8b9,21,1,haply,mpc,seeded_random,1139142485,persist_session,10.0,10.859292774200439,8080.062410292,0,1785831068.8619192,139.0,True,careful,adaptive,-0.08,-0.08,0.0,0.08,-0.08,0.0,-0.05649024,-0.07760472,0.0,0.015956799,-0.15832025,0.14940368,0.04199158,0.0072170435,0.0046371715,"[-4.785452559769861, 18.275871823850878, 0.0, 0.0, 0.0, 0.0, -1.6613917073926792, 3.9723464050483224]","[1.5758948411132578, -0.001847264091887812, 0.0]","{""Controller Type"": ""MPC Controller"", ""weight_comfort"": 407.76061325849014, ""weight_trajectory"": 3553.436320449059, ""weight_goal"": 1000.0, ""Q"": [[3553.436320449059, 0.0, 0.0, 0.0], [0.0, 0.0, 0.0, 0.0], [0.0, 0.0, 3553.436320449059, 0.0], [0.0, 0.0, 0.0, 0.0]], ""R"": [[407.76061325849014, 0.0], [0.0, 407.76061325849014]], ""P"": [[1000.0, 0.0, 0.0, 0.0], [0.0, 100000.0, 0.0, 0.0], [0.0, 0.0, 1000.0, 0.0], [0.0, 0.0, 0.0, 100000.0]]}","[1.2153103291462888, -0.03209617749280236, 0.0]",False
3,P02,10e57735-2e6f-4449-b4c9-0da2c57ab8b9,21,1,haply,mpc,seeded_random,1139142485,persist_session,10.0,10.869475631713867,8080.072591633,0,1785831068.8717337,140.0,True,careful,adaptive,-0.08,-0.08,0.0,0.08,-0.08,0.0,-0.0552815939999999,-0.0776194599999999,0.0,0.016359601,-0.15828614,0.14939626,0.041845266,0.0067193927,0.003854355,"[-4.901024977644995, 17.768095931942472, 0.0, 0.0, 0.0, 0.0, -1.6614133468236967, 3.9723506746453996]","[1.1044533675316122, -0.0008220751700146779, 0.0]","{""Controller Type"": ""MPC Controller"", ""weight_comfort"": 418.77560779398794, ""weight_trajectory"": 3487.3463532360724, ""weight_goal"": 1000.0, ""Q"": [[3487.3463532360724, 0.0, 0.0, 0.0], [0.0, 0.0, 0.0, 0.0], [0.0, 0.0, 3487.3463532360724, 0.0], [0.0, 0.0, 0.0, 0.0]], ""R"": [[418.77560779398794, 0.0], [0.0, 418.77560779398794]], ""P"": [[1000.0, 0.0, 0.0, 0.0], [0.0, 100000.0, 0.0, 0.0], [0.0, 0.0, 1000.0, 0.0], [0.0, 0.0, 0.0, 100000.0]]}","[1.6354097916720847, -0.04331042083694663, 0.0]",False
3,P02,10e57735-2e6f-4449-b4c9-0da2c57ab8b9,21,1,haply,mpc,seeded_random,1139142485,persist_session,10.0,10.87932804107666,8080.08243602,0,1785831068.8818915,141.0,True,careful,adaptive,-0.08,-0.08,0.0,0.08,-0.08,0.0,-0.0540731879999999,-0.0776342999999999,0.0,0.016762316,-0.15825106,0.14938878,0.041534375,0.005811871,0.0025315941,"[-4.89215007109805, 17.94771029314768, 0.0, 0.0, 0.0, 0.0, -1.661395375542106, 3.972353739436464]","[1.5484247881639774, -0.002010898536633149, 0.0]","{""Controller Type"": ""MPC Controller"", ""weight_comfort"": 418.77560779398794, ""weight_trajectory"": 3487.3463532360724, ""weight_goal"": 1000.0, ""Q"": [[3487.3463532360724, 0.0, 0.0, 0.0], [0.0, 0.0, 0.0, 0.0], [0.0, 0.0, 3487.3463532360724, 0.0], [0.0, 0.0, 0.0, 0.0]], ""R"": [[418.77560779398794, 0.0], [0.0, 418.77560779398794]], ""P"": [[1000.0, 0.0, 0.0, 0.0], [0.0, 100000.0, 0.0, 0.0], [0.0, 0.0, 1000.0, 0.0], [0.0, 0.0, 0.0, 100000.0]]}","[1.6354097916720847, -0.04331042083694663, 0.0]",False
3,P02,10e57735-2e6f-4449-b4c9-0da2c57ab8b9,21,1,haply,mpc,seeded_random,1139142485,persist_session,10.0,10.889420299530029,8080.092524148,0,1785831068.8919103,142.0,True,careful,adaptive,-0.08,-0.08,0.0,0.08,-0.08,0.0,-0.052865043,-0.07764926,0.0,0.017164923,-0.158215,0.14938125,0.04123806,0.005197746,0.0016079028,"[-4.9166342378108565, 17.57824180098321, 0.0, 0.0, 0.0, 0.0, -1.6613992615039983, 3.972353259621216]","[1.4319239173617693, -0.0018728727641801318, 0.0]","{""Controller Type"": ""MPC Controller"", ""weight_comfort"": 418.77560779398794, ""weight_trajectory"": 3487.3463532360724, ""weight_goal"": 1000.0, ""Q"": [[3487.3463532360724, 0.0, 0.0, 0.0], [0.0, 0.0, 0.0, 0.0], [0.0, 0.0, 3487.3463532360724, 0.0], [0.0, 0.0, 0.0, 0.0]], ""R"": [[418.77560779398794, 0.0], [0.0, 418.77560779398794]], ""P"": [[1000.0, 0.0, 0.0, 0.0], [0.0, 100000.0, 0.0, 0.0], [0.0, 0.0, 1000.0, 0.0], [0.0, 0.0, 0.0, 100000.0]]}","[1.9016316893983534, -0.05024326743360109, 0.0]",False
3,P02,10e57735-2e6f-4449-b4c9-0da2c57ab8b9,21,1,haply,mpc,seeded_random,1139142485,persist_session,10.0,10.899619846343994,8080.102726384,0,1785831068.9018755,143.0,True,careful,adaptive,-0.08,-0.08,0.0,0.08,-0.08,0.0,-0.051657222,-0.07766432,0.0,0.017567461,-0.15817797,0.14937368,0.040991977,0.004782776,0.00094652944,"[-4.929658523223408, 17.322556287313045, 0.0, 0.0, 0.0, 0.0, -1.6613985020284114, 3.9723534011102624]","[1.4339539611879024, -0.0020260996129376025, 0.0]","{""Controller Type"": ""MPC Controller"", ""weight_comfort"": 421.6634695588488, ""weight_trajectory"": 3470.019182646907, ""weight_goal"": 1000.0, ""Q"": [[3470.019182646907, 0.0, 0.0, 0.0], [0.0, 0.0, 0.0, 0.0], [0.0, 0.0, 3470.019182646907, 0.0], [0.0, 0.0, 0.0, 0.0]], ""R"": [[421.6634695588488, 0.0], [0.0, 421.6634695588488]], ""P"": [[1000.0, 0.0, 0.0, 0.0], [0.0, 100000.0, 0.0, 0.0], [0.0, 0.0, 1000.0, 0.0], [0.0, 0.0, 0.0, 100000.0]]}","[2.130880928763323, -0.056625654380683885, 0.0]",False
3,P02,10e57735-2e6f-4449-b4c9-0da2c57ab8b9,21,1,haply,mpc,seeded_random,1139142485,persist_session,10.0,10.909552841186523,8080.112657423,0,1785831068.9118474,144.0,True,careful,adaptive,-0.08,-0.08,0.0,0.08,-0.08,0.0,-0.050449608,-0.0776794599999999,0.0,0.01803964,-0.15809314,0.14941874,0.04087579,0.0045155133,0.00045666136,"[-4.940856150923693, 17.052760453157084, 0.0, 0.0, 0.0, 0.0, -1.6613986966658625, 3.97235335621212]","[1.4163159182347504, -0.0021226273847854294, 0.0]","{""Controller Type"": ""MPC Controller"", ""weight_comfort"": 421.6634695588488, ""weight_trajectory"": 3470.019182646907, ""weight_goal"": 1000.0, ""Q"": [[3470.019182646907, 0.0, 0.0, 0.0], [0.0, 0.0, 0.0, 0.0], [0.0, 0.0, 3470.019182646907, 0.0], [0.0, 0.0, 0.0, 0.0]], ""R"": [[421.6634695588488, 0.0], [0.0, 421.6634695588488]], ""P"": [[1000.0, 0.0, 0.0, 0.0], [0.0, 100000.0, 0.0, 0.0], [0.0, 0.0, 1000.0, 0.0], [0.0, 0.0, 0.0, 100000.0]]}","[2.337636472718335, -0.06231792075908232, 0.0]",False
3,P02,10e57735-2e6f-4449-b4c9-0da2c57ab8b9,21,1,haply,mpc,seeded_random,1139142485,persist_session,10.0,10.919517068862914,8080.122616539,0,1785831068.921913,145.0,True,careful,adaptive,-0.08,-0.08,0.0,0.08,-0.08,0.0,-0.049033071,-0.07758934,0.0,0.01850893,-0.15804736,0.14940977,0.041025694,0.0045883902,0.0003799767,"[-4.950646921588429, 16.780101631182973, 0.0, 0.0, 0.0, 0.0, -1.6613995808879654, 3.9723531271414045]","[1.3863461477272225, -0.0021759159801969293, 0.0]","{""Controller Type"": ""MPC Controller"", ""weight_comfort"": 421.6634695588488, ""weight_trajectory"": 3470.019182646907, ""weight_goal"": 1000.0, ""Q"": [[3470.019182646907, 0.0, 0.0, 0.0], [0.0, 0.0, 0.0, 0.0], [0.0, 0.0, 3470.019182646907, 0.0], [0.0, 0.0, 0.0, 0.0]], ""R"": [[421.6634695588488, 0.0], [0.0, 421.6634695588488]], ""P"": [[1000.0, 0.0, 0.0, 0.0], [0.0, 100000.0, 0.0, 0.0], [0.0, 0.0, 1000.0, 0.0], [0.0, 0.0, 0.0, 100000.0]]}","[2.527671612850099, -0.0676388976276166, 0.0]",False
3,P02,10e57735-2e6f-4449-b4c9-0da2c57ab8b9,21,1,haply,mpc,seeded_random,1139142485,persist_session,10.0,10.929298191070556,8080.132421803,0,1785831068.9318912,146.0,True,careful,adaptive,-0.08,-0.08,0.0,0.08,-0.08,0.0,-0.047625201,-0.07760728,0.0,0.019045062,-0.15799344,0.14939943,0.041403744,0.0047154804,0.00033529644,"[-4.953621388410918, 16.83376333803361, 0.0, 0.0, 0.0, 0.0, -1.6674953813358122, 3.981633502553629]","[1.7299096556642564, 0.03966939231765038, 0.0]","{""Controller Type"": ""MPC Controller"", ""weight_comfort"": 424.7659947295771, ""weight_trajectory"": 3451.4040316225373, ""weight_goal"": 1000.0, ""Q"": [[3451.4040316225373, 0.0, 0.0, 0.0], [0.0, 0.0, 0.0, 0.0], [0.0, 0.0, 3451.4040316225373, 0.0], [0.0, 0.0, 0.0, 0.0]], ""R"": [[424.7659947295771, 0.0], [0.0, 424.7659947295771]], ""P"": [[1000.0, 0.0, 0.0, 0.0], [0.0, 100000.0, 0.0, 0.0], [0.0, 0.0, 1000.0, 0.0], [0.0, 0.0, 0.0, 100000.0]]}","[2.559840895709337, -0.15669068282879015, 0.0]",False
3,P02,10e57735-2e6f-4449-b4c9-0da2c57ab8b9,21,1,haply,mpc,seeded_random,1139142485,persist_session,10.0,10.939417152404785,8080.142534446,0,1785831068.9418392,147.0,True,careful,adaptive,-0.08,-0.08,0.0,0.08,-0.08,0.0,-0.0460168049999999,-0.07762796,0.0,0.019581037,-0.15793777,0.14938898,0.04244682,0.004923803,0.00028623678,"[-4.929174417048081, 16.439233305840133, 0.0, 0.0, 0.0, 0.0, -1.666955351579333, 3.9820308265156763]","[1.6903225884299469, -0.0031705745520435487, 0.0]","{""Controller Type"": ""MPC Controller"", ""weight_comfort"": 424.7659947295771, ""weight_trajectory"": 3451.4040316225373, ""weight_goal"": 1000.0, ""Q"": [[3451.4040316225373, 0.0, 0.0, 0.0], [0.0, 0.0, 0.0, 0.0], [0.0, 0.0, 3451.4040316225373, 0.0], [0.0, 0.0, 0.0, 0.0]], ""R"": [[424.7659947295771, 0.0], [0.0, 424.7659947295771]], ""P"": [[1000.0, 0.0, 0.0, 0.0], [0.0, 100000.0, 0.0, 0.0], [0.0, 0.0, 1000.0, 0.0], [0.0, 0.0, 0.0, 100000.0]]}","[2.6745807246076625, -0.0785976698727407, 0.0]",False
3,P02,10e57735-2e6f-4449-b4c9-0da2c57ab8b9,21,1,haply,mpc,seeded_random,1139142485,persist_session,10.0,10.949310808181762,8080.152433135,0,1785831068.95175,148.0,True,careful,adaptive,-0.08,-0.08,0.0,0.08,-0.08,0.0,-0.04440888,-0.0776488599999999,0.0,0.020116832,-0.1578804,0.14937846,0.04396172,0.005199095,0.00023318913,"[-4.930307281059533, 16.448261796443706, 0.0, 0.0, 0.0, 0.0, -1.6669471067673227, 3.9820459711379517]","[2.0380548846963866, -0.004323838358573055, 0.0]","{""Controller Type"": ""MPC Controller"", ""weight_comfort"": 424.7659947295771, ""weight_trajectory"": 3451.4040316225373, ""weight_goal"": 1000.0, ""Q"": [[3451.4040316225373, 0.0, 0.0, 0.0], [0.0, 0.0, 0.0, 0.0], [0.0, 0.0, 3451.4040316225373, 0.0], [0.0, 0.0, 0.0, 0.0]], ""R"": [[424.7659947295771, 0.0], [0.0, 424.7659947295771]], ""P"": [[1000.0, 0.0, 0.0, 0.0], [0.0, 100000.0, 0.0, 0.0], [0.0, 0.0, 1000.0, 0.0], [0.0, 0.0, 0.0, 100000.0]]}","[2.638329013991182, -0.08161744791115685, 0.0]",False
3,P02,10e57735-2e6f-4449-b4c9-0da2c57ab8b9,21,1,haply,mpc,seeded_random,1139142485,persist_session,10.0,10.959339170455932,8080.162456633,0,1785831068.961939,149.0,True,careful,adaptive,-0.08,-0.08,0.0,0.08,-0.08,0.0,-0.0428014949999999,-0.0776699,0.0,0.020652434,-0.15782128,0.14936784,0.045571115,0.005298609,-8.4548985e-05,"[-4.860401163239091, 15.917202235535498, 0.0, 0.0, 0.0, 0.0, -1.6669475666242077, 3.9820449964107554]","[1.977718988953476, -0.004478132990182275, 0.0]","{""Controller Type"": ""MPC Controller"", ""weight_comfort"": 429.5596320822972, ""weight_trajectory"": 3422.642207506217, ""weight_goal"": 1000.0, ""Q"": [[3422.642207506217, 0.0, 0.0, 0.0], [0.0, 0.0, 0.0, 0.0], [0.0, 0.0, 3422.642207506217, 0.0], [0.0, 0.0, 0.0, 0.0]], ""R"": [[429.5596320822972, 0.0], [0.0, 429.5596320822972]], ""P"": [[1000.0, 0.0, 0.0, 0.0], [0.0, 100000.0, 0.0, 0.0], [0.0, 0.0, 1000.0, 0.0], [0.0, 0.0, 0.0, 100000.0]]}","[2.638329013991182, -0.08161744791115685, 0.0]",False
3,P02,10e57735-2e6f-4449-b4c9-0da2c57ab8b9,21,1,haply,mpc,seeded_random,1139142485,persist_session,10.0,10.969295291900634,8080.172416093,0,1785831068.9719162,150.0,True,careful,adaptive,-0.08,-0.08,0.0,0.08,-0.08,0.0,-0.0411946889999999,-0.0776911399999999,0.0,0.02118782,-0.15776041,0.14935713,0.047069717,0.005436317,-0.00034460772,"[-4.78704381435594, 15.333735210066138, 0.0, 0.0, 0.0, 0.0, -1.6669503973107596, 3.982039429885564]","[1.8310763227669138, -0.004338401002077176, 0.0]","{""Controller Type"": ""MPC Controller"", ""weight_comfort"": 429.5596320822972, ""weight_trajectory"": 3422.642207506217, ""weight_goal"": 1000.0, ""Q"": [[3422.642207506217, 0.0, 0.0, 0.0], [0.0, 0.0, 0.0, 0.0], [0.0, 0.0, 3422.642207506217, 0.0], [0.0, 0.0, 0.0, 0.0]], ""R"": [[429.5596320822972, 0.0], [0.0, 429.5596320822972]], ""P"": [[1000.0, 0.0, 0.0, 0.0], [0.0, 100000.0, 0.0, 0.0], [0.0, 0.0, 1000.0, 0.0], [0.0, 0.0, 0.0, 100000.0]]}","[2.646449018469044, -0.08267617376957427, 0.0]",False
3,P02,10e57735-2e6f-4449-b4c9-0da2c57ab8b9,21,1,haply,mpc,seeded_random,1139142485,persist_session,10.0,10.979365377426147,8080.182486198,0,1785831068.981872,151.0,True,careful,adaptive,-0.08,-0.08,0.0,0.08,-0.08,0.0,-0.0395885309999999,-0.0777125599999999,0.0,0.021723026,-0.15769784,0.14934634,0.048369005,0.0056085265,-0.000540869,"[-4.733216738683063, 14.947254311447812, 0.0, 0.0, 0.0, 0.0, -1.6669498940740677, 3.982040704643695]","[1.8336626310004678, -0.004628714112055893, 0.0]","{""Controller Type"": ""MPC Controller"", ""weight_comfort"": 429.5596320822972, ""weight_trajectory"": 3422.642207506217, ""weight_goal"": 1000.0, ""Q"": [[3422.642207506217, 0.0, 0.0, 0.0], [0.0, 0.0, 0.0, 0.0], [0.0, 0.0, 3422.642207506217, 0.0], [0.0, 0.0, 0.0, 0.0]], ""R"": [[429.5596320822972, 0.0], [0.0, 429.5596320822972]], ""P"": [[1000.0, 0.0, 0.0, 0.0], [0.0, 100000.0, 0.0, 0.0], [0.0, 0.0, 1000.0, 0.0], [0.0, 0.0, 0.0, 100000.0]]}","[2.646449018469044, -0.08267617376957427, 0.0]",False
3,P02,10e57735-2e6f-4449-b4c9-0da2c57ab8b9,21,1,haply,mpc,seeded_random,1139142485,persist_session,10.0,10.989492683410644,8080.192597593,0,1785831068.9917817,152.0,True,careful,adaptive,-0.08,-0.08,0.0,0.08,-0.08,0.0,-0.037982913,-0.07773414,0.0,0.021723026,-0.15769784,0.14934634,0.048369005,0.0056085265,-0.000540869,"[-4.669426829973944, 14.508018591224157, 0.0, 0.0, 0.0, 0.0, -1.6669505336956216, 3.9820388503408757]","[1.7821328836992618, -0.004754274328027467, 0.0]","{""Controller Type"": ""MPC Controller"", ""weight_comfort"": 436.5824855781316, ""weight_trajectory"": 3380.505086531211, ""weight_goal"": 1000.0, ""Q"": [[3380.505086531211, 0.0, 0.0, 0.0], [0.0, 0.0, 0.0, 0.0], [0.0, 0.0, 3380.505086531211, 0.0], [0.0, 0.0, 0.0, 0.0]], ""R"": [[436.5824855781316, 0.0], [0.0, 436.5824855781316]], ""P"": [[1000.0, 0.0, 0.0, 0.0], [0.0, 100000.0, 0.0, 0.0], [0.0, 0.0, 1000.0, 0.0], [0.0, 0.0, 0.0, 100000.0]]}","[2.561911210092455, -0.08114301496639595, 0.0]",False
3,P02,10e57735-2e6f-4449-b4c9-0da2c57ab8b9,21,1,haply,mpc,seeded_random,1139142485,persist_session,10.0,10.999382524490356,8080.202483372,0,1785831069.0019548,153.0,True,careful,adaptive,-0.08,-0.08,0.0,0.08,-0.08,0.0,-0.036381348,-0.07769152,0.0,0.022724992,-0.15763515,0.14935803,0.050094742,0.005926293,-0.0007733966,"[-4.607123148927381, 14.098985358403946, 0.0, 0.0, 0.0, 0.0, -1.6669510531069882, 3.98203709153909]","[1.740840845163666, -0.004894523747302823, 0.0]","{""Controller Type"": ""MPC Controller"", ""weight_comfort"": 436.5824855781316, ""weight_trajectory"": 3380.505086531211, ""weight_goal"": 1000.0, ""Q"": [[3380.505086531211, 0.0, 0.0, 0.0], [0.0, 0.0, 0.0, 0.0], [0.0, 0.0, 3380.505086531211, 0.0], [0.0, 0.0, 0.0, 0.0]], ""R"": [[436.5824855781316, 0.0], [0.0, 436.5824855781316]], ""P"": [[1000.0, 0.0, 0.0, 0.0], [0.0, 100000.0, 0.0, 0.0], [0.0, 0.0, 1000.0, 0.0], [0.0, 0.0, 0.0, 100000.0]]}","[2.561911210092455, -0.08114301496639595, 0.0]",False
3,P02,10e57735-2e6f-4449-b4c9-0da2c57ab8b9,21,1,haply,mpc,seeded_random,1139142485,persist_session,10.0,11.009435443878173,8080.212552976,0,1785831069.011784,154.0,True,careful,adaptive,-0.08,-0.08,0.0,0.08,-0.08,0.0,-0.034977015,-0.0777107599999999,0.0,0.023192937,-0.15757614,0.14934836,0.050537314,0.006055014,-0.00083525525,"[-4.538063611984216, 13.626368626637252, 0.0, 0.0, 0.0, 0.0, -1.6691221121536468, 3.9850583918495754]","[1.6170755481203982, 0.02054848680450517, 0.0]","{""Controller Type"": ""MPC Controller"", ""weight_comfort"": 436.5824855781316, ""weight_trajectory"": 3380.505086531211, ""weight_goal"": 1000.0, ""Q"": [[3380.505086531211, 0.0, 0.0, 0.0], [0.0, 0.0, 0.0, 0.0], [0.0, 0.0, 3380.505086531211, 0.0], [0.0, 0.0, 0.0, 0.0]], ""R"": [[436.5824855781316, 0.0], [0.0, 436.5824855781316]], ""P"": [[1000.0, 0.0, 0.0, 0.0], [0.0, 100000.0, 0.0, 0.0], [0.0, 0.0, 1000.0, 0.0], [0.0, 0.0, 0.0, 100000.0]]}","[2.6634192396357075, -0.08507225842333442, 0.0]",False
3,P02,10e57735-2e6f-4449-b4c9-0da2c57ab8b9,21,1,haply,mpc,seeded_random,1139142485,persist_session,10.0,11.019327430725097,8080.222452855,0,1785831069.022052,155.0,True,careful,adaptive,-0.08,-0.08,0.0,0.08,-0.08,0.0,-0.0335731799999999,-0.0777300999999999,0.0,0.02366009,-0.15757504,0.14937077,0.05073538,0.006156976,-0.0008700518,"[-4.479999654297437, 13.080404754544919, 0.0, 0.0, 0.0, 0.0, -1.66889805053541, 3.9854133464812427]","[1.3537315423118503, -0.00398060556556988, 0.0]","{""Controller Type"": ""MPC Controller"", ""weight_comfort"": 443.72182418008936, ""weight_trajectory"": 3337.6690549194636, ""weight_goal"": 1000.0, ""Q"": [[3337.6690549194636, 0.0, 0.0, 0.0], [0.0, 0.0, 0.0, 0.0], [0.0, 0.0, 3337.6690549194636, 0.0], [0.0, 0.0, 0.0, 0.0]], ""R"": [[443.72182418008936, 0.0], [0.0, 443.72182418008936]], ""P"": [[1000.0, 0.0, 0.0, 0.0], [0.0, 100000.0, 0.0, 0.0], [0.0, 0.0, 1000.0, 0.0], [0.0, 0.0, 0.0, 100000.0]]}","[2.6634192396357075, -0.08507225842333442, 0.0]",False
3,P02,10e57735-2e6f-4449-b4c9-0da2c57ab8b9,21,1,haply,mpc,seeded_random,1139142485,persist_session,10.0,11.029343156814575,8080.232460547,0,1785831069.0318394,156.0,True,careful,adaptive,-0.08,-0.08,0.0,0.08,-0.08,0.0,-0.0321717209999999,-0.0776852799999999,0.0,0.024127884,-0.15751341,0.14936095,0.050857347,0.0062484895,-0.00088510575,"[-4.451036172237462, 12.755633410297635, 0.0, 0.0, 0.0, 0.0, -1.6689022848073245, 3.9854077247511035]","[1.2384290584504876, -0.0037183800982895803, 0.0]","{""Controller Type"": ""MPC Controller"", ""weight_comfort"": 443.72182418008936, ""weight_trajectory"": 3337.6690549194636, ""weight_goal"": 1000.0, ""Q"": [[3337.6690549194636, 0.0, 0.0, 0.0], [0.0, 0.0, 0.0, 0.0], [0.0, 0.0, 3337.6690549194636, 0.0], [0.0, 0.0, 0.0, 0.0]], ""R"": [[443.72182418008936, 0.0], [0.0, 443.72182418008936]], ""P"": [[1000.0, 0.0, 0.0, 0.0], [0.0, 100000.0, 0.0, 0.0], [0.0, 0.0, 1000.0, 0.0], [0.0, 0.0, 0.0, 100000.0]]}","[2.553215104278799, -0.1478171195489196, 0.0]",False
3,P02,10e57735-2e6f-4449-b4c9-0da2c57ab8b9,21,1,haply,mpc,seeded_random,1139142485,persist_session,10.0,11.039307622909545,8080.242426442,0,1785831069.041808,157.0,True,careful,adaptive,-0.08,-0.08,0.0,0.08,-0.08,0.0,-0.030768339,-0.07770492,0.0,0.024594285,-0.1574909,0.14929706,0.05070314,0.0063410033,-0.000867319,"[-4.436330137666334, 12.633812244356145, 0.0, 0.0, 0.0, 0.0, -1.6713309705355979, 3.9888300451946943]","[1.3114209152288114, 0.02213508781251145, 0.0]","{""Controller Type"": ""MPC Controller"", ""weight_comfort"": 443.72182418008936, ""weight_trajectory"": 3337.6690549194636, ""weight_goal"": 1000.0, ""Q"": [[3337.6690549194636, 0.0, 0.0, 0.0], [0.0, 0.0, 0.0, 0.0], [0.0, 0.0, 3337.6690549194636, 0.0], [0.0, 0.0, 0.0, 0.0]], ""R"": [[443.72182418008936, 0.0], [0.0, 443.72182418008936]], ""P"": [[1000.0, 0.0, 0.0, 0.0], [0.0, 100000.0, 0.0, 0.0], [0.0, 0.0, 1000.0, 0.0], [0.0, 0.0, 0.0, 100000.0]]}","[2.553215104278799, -0.1478171195489196, 0.0]",False
3,P02,10e57735-2e6f-4449-b4c9-0da2c57ab8b9,21,1,haply,mpc,seeded_random,1139142485,persist_session,10.0,11.049376277923583,8080.252490129,0,1785831069.05173,158.0,True,careful,adaptive,-0.08,-0.08,0.0,0.08,-0.08,0.0,-0.0293691359999999,-0.0778326999999999,0.0,0.025060609,-0.1575263,0.1492654,0.05026645,0.0064262645,-0.00079702336,"[-4.4045374120744265, 12.365357092670134, 0.0, 0.0, 0.0, 0.0, -1.6710968569495337, 3.989209703274286]","[1.2528872433679563, -0.004024061393983836, 0.0]","{""Controller Type"": ""MPC Controller"", ""weight_comfort"": 447.43985624201315, ""weight_trajectory"": 3315.3608625479205, ""weight_goal"": 1000.0, ""Q"": [[3315.3608625479205, 0.0, 0.0, 0.0], [0.0, 0.0, 0.0, 0.0], [0.0, 0.0, 3315.3608625479205, 0.0], [0.0, 0.0, 0.0, 0.0]], ""R"": [[447.43985624201315, 0.0], [0.0, 447.43985624201315]], ""P"": [[1000.0, 0.0, 0.0, 0.0], [0.0, 100000.0, 0.0, 0.0], [0.0, 0.0, 1000.0, 0.0], [0.0, 0.0, 0.0, 100000.0]]}","[2.4712812350302626, 0.02510845565779423, 0.0]",False
3,P02,10e57735-2e6f-4449-b4c9-0da2c57ab8b9,21,1,haply,mpc,seeded_random,1139142485,persist_session,10.0,11.059304981231689,8080.262402901,0,1785831069.0618422,159.0,True,careful,adaptive,-0.08,-0.08,0.0,0.08,-0.08,0.0,-0.0279701639999999,-0.07789602,0.0,0.025528288,-0.15751998,0.14928761,0.04963058,0.0061866427,-0.0006689644,"[-4.377474850255107, 12.150623142661342, 0.0, 0.0, 0.0, 0.0, -1.676829892746289, 4.000304104346714]","[1.2347597786257052, -0.04788462538027683, 0.0]","{""Controller Type"": ""MPC Controller"", ""weight_comfort"": 447.43985624201315, ""weight_trajectory"": 3315.3608625479205, ""weight_goal"": 1000.0, ""Q"": [[3315.3608625479205, 0.0, 0.0, 0.0], [0.0, 0.0, 0.0, 0.0], [0.0, 0.0, 3315.3608625479205, 0.0], [0.0, 0.0, 0.0, 0.0]], ""R"": [[447.43985624201315, 0.0], [0.0, 447.43985624201315]], ""P"": [[1000.0, 0.0, 0.0, 0.0], [0.0, 100000.0, 0.0, 0.0], [0.0, 0.0, 1000.0, 0.0], [0.0, 0.0, 0.0, 100000.0]]}","[2.4536266783785154, -0.03504203203579552, 0.0]",False
3,P02,10e57735-2e6f-4449-b4c9-0da2c57ab8b9,21,1,haply,mpc,seeded_random,1139142485,persist_session,10.0,11.069427995681762,8080.272519781,0,1785831069.07171,160.0,True,careful,adaptive,-0.08,-0.08,0.0,0.08,-0.08,0.0,-0.026567127,-0.0778516,0.0,0.025929319,-0.15752198,0.1493112,0.048841216,0.0055486243,-0.00039128313,"[-4.347425453350013, 11.905651570122659, 0.0, 0.0, 0.0, 0.0, -1.6754684420810642, 3.997207550672348]","[1.1776808186969272, -0.021504123361827263, 0.0]","{""Controller Type"": ""MPC Controller"", ""weight_comfort"": 447.43985624201315, ""weight_trajectory"": 3315.3608625479205, ""weight_goal"": 1000.0, ""Q"": [[3315.3608625479205, 0.0, 0.0, 0.0], [0.0, 0.0, 0.0, 0.0], [0.0, 0.0, 3315.3608625479205, 0.0], [0.0, 0.0, 0.0, 0.0]], ""R"": [[447.43985624201315, 0.0], [0.0, 447.43985624201315]], ""P"": [[1000.0, 0.0, 0.0, 0.0], [0.0, 100000.0, 0.0, 0.0], [0.0, 0.0, 1000.0, 0.0], [0.0, 0.0, 0.0, 100000.0]]}","[2.368002430788155, -0.1396128837010082, 0.0]",False
3,P02,10e57735-2e6f-4449-b4c9-0da2c57ab8b9,21,1,haply,mpc,seeded_random,1139142485,persist_session,10.0,11.079495458602905,8080.282614602,0,1785831069.0818584,161.0,True,careful,adaptive,-0.08,-0.08,0.0,0.08,-0.08,0.0,-0.025364034,-0.0778044199999999,0.0,0.02639652,-0.15755364,0.14927925,0.048136063,0.0049245353,-0.00022856037,"[-4.326725048013811, 11.761814518352526, 0.0, 0.0, 0.0, 0.0, -1.6794007669012456, 4.002793417115725]","[1.2112700432520025, 0.02162687980743863, 0.0]","{""Controller Type"": ""MPC Controller"", ""weight_comfort"": 450.4582959990534, ""weight_trajectory"": 3297.2502240056797, ""weight_goal"": 1000.0, ""Q"": [[3297.2502240056797, 0.0, 0.0, 0.0], [0.0, 0.0, 0.0, 0.0], [0.0, 0.0, 3297.2502240056797, 0.0], [0.0, 0.0, 0.0, 0.0]], ""R"": [[450.4582959990534, 0.0], [0.0, 450.4582959990534]], ""P"": [[1000.0, 0.0, 0.0, 0.0], [0.0, 100000.0, 0.0, 0.0], [0.0, 0.0, 1000.0, 0.0], [0.0, 0.0, 0.0, 100000.0]]}","[2.368002430788155, -0.1396128837010082, 0.0]",False
3,P02,10e57735-2e6f-4449-b4c9-0da2c57ab8b9,21,1,haply,mpc,seeded_random,1139142485,persist_session,10.0,11.089224128723144,8080.292342559,0,1785831069.0920317,162.0,True,careful,adaptive,-0.08,-0.08,0.0,0.08,-0.08,0.0,-0.023962431,-0.0778683199999999,0.0,0.026796723,-0.15753472,0.14921646,0.04749344,0.0042246343,-0.00038565547,"[-4.311278974093818, 11.3489981516813, 0.0, 0.0, 0.0, 0.0, -1.6793713210905816, 4.002751528418541]","[0.8911535845412295, 0.022295791165168492, 0.0]","{""Controller Type"": ""MPC Controller"", ""weight_comfort"": 450.4582959990534, ""weight_trajectory"": 3297.2502240056797, ""weight_goal"": 1000.0, ""Q"": [[3297.2502240056797, 0.0, 0.0, 0.0], [0.0, 0.0, 0.0, 0.0], [0.0, 0.0, 3297.2502240056797, 0.0], [0.0, 0.0, 0.0, 0.0]], ""R"": [[450.4582959990534, 0.0], [0.0, 450.4582959990534]], ""P"": [[1000.0, 0.0, 0.0, 0.0], [0.0, 100000.0, 0.0, 0.0], [0.0, 0.0, 1000.0, 0.0], [0.0, 0.0, 0.0, 100000.0]]}","[2.5428616209397483, -0.14264024493906183, 0.0]",False
3,P02,10e57735-2e6f-4449-b4c9-0da2c57ab8b9,21,1,haply,mpc,seeded_random,1139142485,persist_session,10.0,11.099293737411498,8080.302418169,0,1785831069.1019049,163.0,True,careful,adaptive,-0.08,-0.08,0.0,0.08,-0.08,0.0,-0.0227618219999999,-0.0779939,0.0,0.027331876,-0.15751329,0.14923699,0.047117643,0.0033784588,-0.0010110855,"[-4.328872702451759, 11.473086736522612, 0.0, 0.0, 0.0, 0.0, -1.6814913742428144, 4.00759276966616]","[1.1306718152056907, -0.02158841916503422, 0.0]","{""Controller Type"": ""MPC Controller"", ""weight_comfort"": 450.4582959990534, ""weight_trajectory"": 3297.2502240056797, ""weight_goal"": 1000.0, ""Q"": [[3297.2502240056797, 0.0, 0.0, 0.0], [0.0, 0.0, 0.0, 0.0], [0.0, 0.0, 3297.2502240056797, 0.0], [0.0, 0.0, 0.0, 0.0]], ""R"": [[450.4582959990534, 0.0], [0.0, 450.4582959990534]], ""P"": [[1000.0, 0.0, 0.0, 0.0], [0.0, 100000.0, 0.0, 0.0], [0.0, 0.0, 1000.0, 0.0], [0.0, 0.0, 0.0, 100000.0]]}","[2.4231867560348928, 0.031039058579668648, 0.0]",False
3,P02,10e57735-2e6f-4449-b4c9-0da2c57ab8b9,21,1,haply,mpc,seeded_random,1139142485,persist_session,10.0,11.109258680343627,8080.312375576,0,1785831069.1118257,164.0,True,careful,adaptive,-0.08,-0.08,0.0,0.08,-0.08,0.0,-0.0211563629999999,-0.0779528399999999,0.0,0.027798971,-0.15748177,0.1491725,0.046830203,0.0028328213,-0.0014440551,"[-4.304530858260778, 11.137031330394809, 0.0, 0.0, 0.0, 0.0, -1.6848104714864804, 4.013962840933811]","[0.9119269360554914, -0.04767383740762355, 0.0]","{""Controller Type"": ""MPC Controller"", ""weight_comfort"": 454.01409494513274, ""weight_trajectory"": 3275.915430329204, ""weight_goal"": 1000.0, ""Q"": [[3275.915430329204, 0.0, 0.0, 0.0], [0.0, 0.0, 0.0, 0.0], [0.0, 0.0, 3275.915430329204, 0.0], [0.0, 0.0, 0.0, 0.0]], ""R"": [[454.01409494513274, 0.0], [0.0, 454.01409494513274]], ""P"": [[1000.0, 0.0, 0.0, 0.0], [0.0, 100000.0, 0.0, 0.0], [0.0, 0.0, 1000.0, 0.0], [0.0, 0.0, 0.0, 100000.0]]}","[1.976295679581578, -0.130591340260907, 0.0]",False
3,P02,10e57735-2e6f-4449-b4c9-0da2c57ab8b9,21,1,haply,mpc,seeded_random,1139142485,persist_session,10.0,11.119266777038574,8080.322391606,0,1785831069.1220546,165.0,True,careful,adaptive,-0.08,-0.08,0.0,0.08,-0.08,0.0,-0.019755078,-0.0780818199999999,0.0,0.028267507,-0.15746768,0.14919434,0.04671991,0.0025305275,-0.0017011744,"[-4.426319234476638, 11.671514092900681, 0.0, 0.0, 0.0, 0.0, -1.6905842311097057, 4.022123152688476]","[1.4410157021712948, 0.020107516221212263, 0.0]","{""Controller Type"": ""MPC Controller"", ""weight_comfort"": 454.01409494513274, ""weight_trajectory"": 3275.915430329204, ""weight_goal"": 1000.0, ""Q"": [[3275.915430329204, 0.0, 0.0, 0.0], [0.0, 0.0, 0.0, 0.0], [0.0, 0.0, 3275.915430329204, 0.0], [0.0, 0.0, 0.0, 0.0]], ""R"": [[454.01409494513274, 0.0], [0.0, 454.01409494513274]], ""P"": [[1000.0, 0.0, 0.0, 0.0], [0.0, 100000.0, 0.0, 0.0], [0.0, 0.0, 1000.0, 0.0], [0.0, 0.0, 0.0, 100000.0]]}","[2.1632907698378214, 0.03408194869741452, 0.0]",False
3,P02,10e57735-2e6f-4449-b4c9-0da2c57ab8b9,21,1,haply,mpc,seeded_random,1139142485,persist_session,10.0,11.129246263504028,8080.332363435,0,1785831069.1316805,166.0,True,careful,adaptive,-0.08,-0.08,0.0,0.08,-0.08,0.0,-0.0183494699999999,-0.0780381399999999,0.0,0.0287362,-0.15745226,0.14921618,0.04665046,0.0023168435,-0.001877403,"[-4.33871597486772, 11.122230326073977, 0.0, 0.0, 0.0, 0.0, -1.699324046400054, 4.03882450698675]","[1.0908599415022926, -0.04766756709423602, 0.0]","{""Controller Type"": ""MPC Controller"", ""weight_comfort"": 454.01409494513274, ""weight_trajectory"": 3275.915430329204, ""weight_goal"": 1000.0, ""Q"": [[3275.915430329204, 0.0, 0.0, 0.0], [0.0, 0.0, 0.0, 0.0], [0.0, 0.0, 3275.915430329204, 0.0], [0.0, 0.0, 0.0, 0.0]], ""R"": [[454.01409494513274, 0.0], [0.0, 454.01409494513274]], ""P"": [[1000.0, 0.0, 0.0, 0.0], [0.0, 100000.0, 0.0, 0.0], [0.0, 0.0, 1000.0, 0.0], [0.0, 0.0, 0.0, 100000.0]]}","[2.028771922167043, -0.13057326086582535, 0.0]",False
3,P02,10e57735-2e6f-4449-b4c9-0da2c57ab8b9,21,1,haply,mpc,seeded_random,1139142485,persist_session,10.0,11.139312057495117,8080.342427547,0,1785831069.1419463,167.0,True,careful,adaptive,-0.08,-0.08,0.0,0.08,-0.08,0.0,-0.016943391,-0.0779944599999999,0.0,0.029271772,-0.15742461,0.14923644,0.046650797,0.0021846013,-0.00198983,"[-4.330173224855214, 11.079027537327516, 0.0, 0.0, 0.0, 0.0, -1.7056662635758315, 4.0479550165228675]","[1.1919666890992928, 0.021715349307830357, 0.0]","{""Controller Type"": ""MPC Controller"", ""weight_comfort"": 454.5069008401306, ""weight_trajectory"": 3272.9585949592165, ""weight_goal"": 1000.0, ""Q"": [[3272.9585949592165, 0.0, 0.0, 0.0], [0.0, 0.0, 0.0, 0.0], [0.0, 0.0, 3272.9585949592165, 0.0], [0.0, 0.0, 0.0, 0.0]], ""R"": [[454.5069008401306, 0.0], [0.0, 454.5069008401306]], ""P"": [[1000.0, 0.0, 0.0, 0.0], [0.0, 100000.0, 0.0, 0.0], [0.0, 0.0, 1000.0, 0.0], [0.0, 0.0, 0.0, 100000.0]]}","[2.028771922167043, -0.13057326086582535, 0.0]",False
3,P02,10e57735-2e6f-4449-b4c9-0da2c57ab8b9,21,1,haply,mpc,seeded_random,1139142485,persist_session,10.0,11.149454860687255,8080.35256174,0,1785831069.1520536,168.0,True,careful,adaptive,-0.08,-0.08,0.0,0.08,-0.08,0.0,-0.0153366749999999,-0.07795394,0.0,0.029805828,-0.15733592,0.14922424,0.04673273,0.0023219895,-0.0017921806,"[-4.278662516888385, 10.782299806247934, 0.0, 0.0, 0.0, 0.0, -1.7054982604895819, 4.047715973071623]","[1.0619963277178606, 0.020642644861518053, 0.0]","{""Controller Type"": ""MPC Controller"", ""weight_comfort"": 454.5069008401306, ""weight_trajectory"": 3272.9585949592165, ""weight_goal"": 1000.0, ""Q"": [[3272.9585949592165, 0.0, 0.0, 0.0], [0.0, 0.0, 0.0, 0.0], [0.0, 0.0, 3272.9585949592165, 0.0], [0.0, 0.0, 0.0, 0.0]], ""R"": [[454.5069008401306, 0.0], [0.0, 454.5069008401306]], ""P"": [[1000.0, 0.0, 0.0, 0.0], [0.0, 100000.0, 0.0, 0.0], [0.0, 0.0, 1000.0, 0.0], [0.0, 0.0, 0.0, 100000.0]]}","[2.064789714850039, -0.1297616275714231, 0.0]",False
3,P02,10e57735-2e6f-4449-b4c9-0da2c57ab8b9,21,1,haply,mpc,seeded_random,1139142485,persist_session,10.0,11.159324913024902,8080.362440655,0,1785831069.161923,169.0,True,careful,adaptive,-0.08,-0.08,0.0,0.08,-0.08,0.0,-0.013734507,-0.0779783399999999,0.0,0.03027288,-0.15725692,0.1492135,0.04717236,0.002967715,-0.0010632405,"[-4.318268285027051, 10.942740541995816, 0.0, 0.0, 0.0, 0.0, -1.705349324364037, 4.047506416381976]","[1.3278368587481086, 0.01971566790321421, 0.0]","{""Controller Type"": ""MPC Controller"", ""weight_comfort"": 454.5069008401306, ""weight_trajectory"": 3272.9585949592165, ""weight_goal"": 1000.0, ""Q"": [[3272.9585949592165, 0.0, 0.0, 0.0], [0.0, 0.0, 0.0, 0.0], [0.0, 0.0, 3272.9585949592165, 0.0], [0.0, 0.0, 0.0, 0.0]], ""R"": [[454.5069008401306, 0.0], [0.0, 454.5069008401306]], ""P"": [[1000.0, 0.0, 0.0, 0.0], [0.0, 100000.0, 0.0, 0.0], [0.0, 0.0, 1000.0, 0.0], [0.0, 0.0, 0.0, 100000.0]]}","[1.800326408533022, -0.1292362892526054, 0.0]",False
3,P02,10e57735-2e6f-4449-b4c9-0da2c57ab8b9,21,1,haply,mpc,seeded_random,1139142485,persist_session,10.0,11.169397144317626,8080.372509641,0,1785831069.1719313,170.0,True,careful,adaptive,-0.08,-0.08,0.0,0.08,-0.08,0.0,-0.012333351,-0.07799982,0.0,0.030808609,-0.15726462,0.1491795,0.04758949,0.0033286563,-0.00067096634,"[-4.268136603033482, 10.750607172614096, 0.0, 0.0, 0.0, 0.0, -1.705395828972544, 4.048282593382237]","[1.345159904115596, -0.006560854083419632, 0.0]","{""Controller Type"": ""MPC Controller"", ""weight_comfort"": 456.0081546440672, ""weight_trajectory"": 3263.951072135597, ""weight_goal"": 1000.0, ""Q"": [[3263.951072135597, 0.0, 0.0, 0.0], [0.0, 0.0, 0.0, 0.0], [0.0, 0.0, 3263.951072135597, 0.0], [0.0, 0.0, 0.0, 0.0]], ""R"": [[456.0081546440672, 0.0], [0.0, 456.0081546440672]], ""P"": [[1000.0, 0.0, 0.0, 0.0], [0.0, 100000.0, 0.0, 0.0], [0.0, 0.0, 1000.0, 0.0], [0.0, 0.0, 0.0, 100000.0]]}","[1.7127469927764238, -0.06666880305639447, 0.0]",False
3,P02,10e57735-2e6f-4449-b4c9-0da2c57ab8b9,21,1,haply,mpc,seeded_random,1139142485,persist_session,10.0,11.179261236190795,8080.382386711,0,1785831069.1819134,171.0,True,careful,adaptive,-0.08,-0.08,0.0,0.08,-0.08,0.0,-0.0107261639999999,-0.07806782,0.0,0.03127545,-0.1571828,0.14916861,0.047992904,0.0034439634,-0.000779109,"[-4.1661989482033555, 10.25407976464451, 0.0, 0.0, 0.0, 0.0, -1.7053991814000302, 4.048248252016657]","[1.0508808733075423, -0.005277290034510862, 0.0]","{""Controller Type"": ""MPC Controller"", ""weight_comfort"": 456.0081546440672, ""weight_trajectory"": 3263.951072135597, ""weight_goal"": 1000.0, ""Q"": [[3263.951072135597, 0.0, 0.0, 0.0], [0.0, 0.0, 0.0, 0.0], [0.0, 0.0, 3263.951072135597, 0.0], [0.0, 0.0, 0.0, 0.0]], ""R"": [[456.0081546440672, 0.0], [0.0, 456.0081546440672]], ""P"": [[1000.0, 0.0, 0.0, 0.0], [0.0, 100000.0, 0.0, 0.0], [0.0, 0.0, 1000.0, 0.0], [0.0, 0.0, 0.0, 100000.0]]}","[1.617965397246793, -0.021397389923143276, 0.0]",False
3,P02,10e57735-2e6f-4449-b4c9-0da2c57ab8b9,21,1,haply,mpc,seeded_random,1139142485,persist_session,10.0,11.189490346908569,8080.392602196,0,1785831069.1920395,172.0,True,careful,adaptive,-0.08,-0.08,0.0,0.08,-0.08,0.0,-0.0093256409999999,-0.0780895999999999,0.0,0.031808704,-0.15708764,0.14915606,0.04831337,0.0035909242,-0.0008674856,"[-4.206635742901095, 10.403403427419434, 0.0, 0.0, 0.0, 0.0, -1.7064787345199413, 4.050566828901908]","[1.2933663135653743, -0.02429599719479079, 0.0]","{""Controller Type"": ""MPC Controller"", ""weight_comfort"": 456.0081546440672, ""weight_trajectory"": 3263.951072135597, ""weight_goal"": 1000.0, ""Q"": [[3263.951072135597, 0.0, 0.0, 0.0], [0.0, 0.0, 0.0, 0.0], [0.0, 0.0, 3263.951072135597, 0.0], [0.0, 0.0, 0.0, 0.0]], ""R"": [[456.0081546440672, 0.0], [0.0, 456.0081546440672]], ""P"": [[1000.0, 0.0, 0.0, 0.0], [0.0, 100000.0, 0.0, 0.0], [0.0, 0.0, 1000.0, 0.0], [0.0, 0.0, 0.0, 100000.0]]}","[1.617965397246793, -0.021397389923143276, 0.0]",False
3,P02,10e57735-2e6f-4449-b4c9-0da2c57ab8b9,21,1,haply,mpc,seeded_random,1139142485,persist_session,10.0,11.19922926902771,8080.402357601,0,1785831069.2019749,173.0,True,careful,adaptive,-0.08,-0.08,0.0,0.08,-0.08,0.0,-0.0077258789999999,-0.0781146999999999,0.0,0.03227759,-0.15706225,0.14917745,0.048548076,0.0037507224,-0.0009390961,"[-4.106031739090964, 9.93280824933233, 0.0, 0.0, 0.0, 0.0, -1.7064931678904236, 4.050119258586022]","[1.0069810128161283, -0.005451008523868666, 0.0]","{""Controller Type"": ""MPC Controller"", ""weight_comfort"": 459.6963717548503, ""weight_trajectory"": 3241.8217694708987, ""weight_goal"": 1000.0, ""Q"": [[3241.8217694708987, 0.0, 0.0, 0.0], [0.0, 0.0, 0.0, 0.0], [0.0, 0.0, 3241.8217694708987, 0.0], [0.0, 0.0, 0.0, 0.0]], ""R"": [[459.6963717548503, 0.0], [0.0, 459.6963717548503]], ""P"": [[1000.0, 0.0, 0.0, 0.0], [0.0, 100000.0, 0.0, 0.0], [0.0, 0.0, 1000.0, 0.0], [0.0, 0.0, 0.0, 100000.0]]}","[1.7845696108918612, -0.06460156567901695, 0.0]",False
3,P02,10e57735-2e6f-4449-b4c9-0da2c57ab8b9,21,1,haply,mpc,seeded_random,1139142485,persist_session,10.0,11.20917251586914,8080.412295035,0,1785831069.21195,174.0,True,careful,adaptive,-0.08,-0.08,0.0,0.08,-0.08,0.0,-0.0063192209999999,-0.07807192,0.0,0.032810453,-0.15696387,0.14916475,0.048796937,0.0040143616,-0.00085373514,"[-4.158134098974918, 10.116337030424448, 0.0, 0.0, 0.0, 0.0, -1.70649885423056, 4.05015993007474]","[1.2641623820347712, -0.007015004996321541, 0.0]","{""Controller Type"": ""MPC Controller"", ""weight_comfort"": 459.6963717548503, ""weight_trajectory"": 3241.8217694708987, ""weight_goal"": 1000.0, ""Q"": [[3241.8217694708987, 0.0, 0.0, 0.0], [0.0, 0.0, 0.0, 0.0], [0.0, 0.0, 3241.8217694708987, 0.0], [0.0, 0.0, 0.0, 0.0]], ""R"": [[459.6963717548503, 0.0], [0.0, 459.6963717548503]], ""P"": [[1000.0, 0.0, 0.0, 0.0], [0.0, 100000.0, 0.0, 0.0], [0.0, 0.0, 1000.0, 0.0], [0.0, 0.0, 0.0, 100000.0]]}","[1.5068355843673644, -0.0595561795287764, 0.0]",False
3,P02,10e57735-2e6f-4449-b4c9-0da2c57ab8b9,21,1,haply,mpc,seeded_random,1139142485,persist_session,10.0,11.219275741577148,8080.422402942,0,1785831069.2221515,175.0,True,careful,adaptive,-0.08,-0.08,0.0,0.08,-0.08,0.0,-0.0047206319999999,-0.0780973199999999,0.0,0.033342995,-0.15686378,0.14915195,0.04907755,0.0046011107,-0.00043874866,"[-4.053665636350964, 9.676073063805847, 0.0, 0.0, 0.0, 0.0, -1.7088036729424039, 4.053460613641126]","[1.0145678934441127, 0.020678535389182053, 0.0]","{""Controller Type"": ""MPC Controller"", ""weight_comfort"": 459.6963717548503, ""weight_trajectory"": 3241.8217694708987, ""weight_goal"": 1000.0, ""Q"": [[3241.8217694708987, 0.0, 0.0, 0.0], [0.0, 0.0, 0.0, 0.0], [0.0, 0.0, 3241.8217694708987, 0.0], [0.0, 0.0, 0.0, 0.0]], ""R"": [[459.6963717548503, 0.0], [0.0, 459.6963717548503]], ""P"": [[1000.0, 0.0, 0.0, 0.0], [0.0, 100000.0, 0.0, 0.0], [0.0, 0.0, 1000.0, 0.0], [0.0, 0.0, 0.0, 100000.0]]}","[1.4438936302473766, -0.060670866590310055, 0.0]",False
3,P02,10e57735-2e6f-4449-b4c9-0da2c57ab8b9,21,1,haply,mpc,seeded_random,1139142485,persist_session,10.0,11.229332237243652,8080.432449863,0,1785831069.2318077,176.0,True,careful,adaptive,-0.08,-0.08,0.0,0.08,-0.08,0.0,-0.0031230059999999,-0.0781229199999999,0.0,0.03380869,-0.15677479,0.14914067,0.049302824,0.0050508655,-0.000158193,"[-4.07095940259514, 9.736234775485858, 0.0, 0.0, 0.0, 0.0, -1.708905466466516, 4.054302823981212]","[1.1807939048847866, -0.006843069608142042, 0.0]","{""Controller Type"": ""MPC Controller"", ""weight_comfort"": 460.60576092116, ""weight_trajectory"": 3236.36543447304, ""weight_goal"": 1000.0, ""Q"": [[3236.36543447304, 0.0, 0.0, 0.0], [0.0, 0.0, 0.0, 0.0], [0.0, 0.0, 3236.36543447304, 0.0], [0.0, 0.0, 0.0, 0.0]], ""R"": [[460.60576092116, 0.0], [0.0, 460.60576092116]], ""P"": [[1000.0, 0.0, 0.0, 0.0], [0.0, 100000.0, 0.0, 0.0], [0.0, 0.0, 1000.0, 0.0], [0.0, 0.0, 0.0, 100000.0]]}","[1.4438936302473766, -0.060670866590310055, 0.0]",False
3,P02,10e57735-2e6f-4449-b4c9-0da2c57ab8b9,21,1,haply,mpc,seeded_random,1139142485,persist_session,10.0,11.239242820739745,8080.442367276,0,1785831069.2420473,177.0,True,careful,adaptive,-0.08,-0.08,0.0,0.08,-0.08,0.0,-0.0017259209999999,-0.0781454799999999,0.0,0.034277417,-0.15674368,0.14916176,0.049401615,0.0054791216,1.9711126e-05,"[-4.050903029539543, 9.672085182016326, 0.0, 0.0, 0.0, 0.0, -1.7089078220508254, 4.054316063069818]","[1.2635324919071809, -0.007540838956444166, 0.0]","{""Controller Type"": ""MPC Controller"", ""weight_comfort"": 460.60576092116, ""weight_trajectory"": 3236.36543447304, ""weight_goal"": 1000.0, ""Q"": [[3236.36543447304, 0.0, 0.0, 0.0], [0.0, 0.0, 0.0, 0.0], [0.0, 0.0, 3236.36543447304, 0.0], [0.0, 0.0, 0.0, 0.0]], ""R"": [[460.60576092116, 0.0], [0.0, 460.60576092116]], ""P"": [[1000.0, 0.0, 0.0, 0.0], [0.0, 100000.0, 0.0, 0.0], [0.0, 0.0, 1000.0, 0.0], [0.0, 0.0, 0.0, 100000.0]]}","[1.3044510639131266, -0.05792323754372873, 0.0]",False
3,P02,10e57735-2e6f-4449-b4c9-0da2c57ab8b9,21,1,haply,mpc,seeded_random,1139142485,persist_session,10.0,11.249803094863891,8080.452912062,0,1785831069.251902,178.0,True,careful,adaptive,-0.08,-0.08,0.0,0.08,-0.08,0.0,-0.00031974,-0.0781032999999999,0.0,0.034676317,-0.15666522,0.14915198,0.049345624,0.005970131,4.6398447e-05,"[-3.9278388811658544, 9.168285501392797, 0.0, 0.0, 0.0, 0.0, -1.7089062638305867, 4.054264373190458]","[0.9299090912783061, -0.005763198284341766, 0.0]","{""Controller Type"": ""MPC Controller"", ""weight_comfort"": 460.60576092116, ""weight_trajectory"": 3236.36543447304, ""weight_goal"": 1000.0, ""Q"": [[3236.36543447304, 0.0, 0.0, 0.0], [0.0, 0.0, 0.0, 0.0], [0.0, 0.0, 3236.36543447304, 0.0], [0.0, 0.0, 0.0, 0.0]], ""R"": [[460.60576092116, 0.0], [0.0, 460.60576092116]], ""P"": [[1000.0, 0.0, 0.0, 0.0], [0.0, 100000.0, 0.0, 0.0], [0.0, 0.0, 1000.0, 0.0], [0.0, 0.0, 0.0, 100000.0]]}","[1.530355647807091, -0.061158167286762696, 0.0]",False
3,P02,10e57735-2e6f-4449-b4c9-0da2c57ab8b9,21,1,haply,mpc,seeded_random,1139142485,persist_session,10.0,11.259410648345947,8080.462509846,0,1785831069.262005,179.0,True,careful,adaptive,-0.08,-0.08,0.0,0.08,-0.08,0.0,0.0008769599999999,-0.07812286,0.0,0.035078607,-0.15664497,0.14917462,0.048971836,0.0063007954,7.2351904e-05,"[-3.9142410931496583, 9.118195748211702, 0.0, 0.0, 0.0, 0.0, -1.7111168079027912, 4.057436210793935]","[0.9866849949539442, 0.020611913067608928, 0.0]","{""Controller Type"": ""MPC Controller"", ""weight_comfort"": 463.1363925038595, ""weight_trajectory"": 3221.181644976843, ""weight_goal"": 1000.0, ""Q"": [[3221.181644976843, 0.0, 0.0, 0.0], [0.0, 0.0, 0.0, 0.0], [0.0, 0.0, 3221.181644976843, 0.0], [0.0, 0.0, 0.0, 0.0]], ""R"": [[463.1363925038595, 0.0], [0.0, 463.1363925038595]], ""P"": [[1000.0, 0.0, 0.0, 0.0], [0.0, 100000.0, 0.0, 0.0], [0.0, 0.0, 1000.0, 0.0], [0.0, 0.0, 0.0, 100000.0]]}","[1.4227877746268989, -0.12427765413814172, 0.0]",False
3,P02,10e57735-2e6f-4449-b4c9-0da2c57ab8b9,21,1,haply,mpc,seeded_random,1139142485,persist_session,10.0,11.269577531814575,8080.472685985,0,1785831069.2719257,180.0,True,careful,adaptive,-0.08,-0.08,0.0,0.08,-0.08,0.0,0.0020838299999999,-0.0780775799999999,0.0,0.035477266,-0.15656456,0.14916474,0.04799417,0.006384841,0.00012797888,"[-3.8523488654495077, 8.785343696809985, 0.0, 0.0, 0.0, 0.0, -1.7110399898860316, 4.057916495723074]","[0.735815412368956, -0.004644512392738526, 0.0]","{""Controller Type"": ""MPC Controller"", ""weight_comfort"": 463.1363925038595, ""weight_trajectory"": 3221.181644976843, ""weight_goal"": 1000.0, ""Q"": [[3221.181644976843, 0.0, 0.0, 0.0], [0.0, 0.0, 0.0, 0.0], [0.0, 0.0, 3221.181644976843, 0.0], [0.0, 0.0, 0.0, 0.0]], ""R"": [[463.1363925038595, 0.0], [0.0, 463.1363925038595]], ""P"": [[1000.0, 0.0, 0.0, 0.0], [0.0, 100000.0, 0.0, 0.0], [0.0, 0.0, 1000.0, 0.0], [0.0, 0.0, 0.0, 100000.0]]}","[1.6057612310851137, -0.06442210111063854, 0.0]",False
3,P02,10e57735-2e6f-4449-b4c9-0da2c57ab8b9,21,1,haply,mpc,seeded_random,1139142485,persist_session,10.0,11.279456644058227,8080.482562417,0,1785831069.281798,181.0,True,careful,adaptive,-0.08,-0.08,0.0,0.08,-0.08,0.0,0.003279807,-0.07809734,0.0,0.035942107,-0.15646955,0.14915316,0.047185723,0.006477434,0.00016202006,"[-3.8421074050382464, 8.736598017362107, 0.0, 0.0, 0.0, 0.0, -1.7133481609641088, 4.061250868934264]","[0.7634707160177079, 0.021830304168874187, 0.0]","{""Controller Type"": ""MPC Controller"", ""weight_comfort"": 463.1363925038595, ""weight_trajectory"": 3221.181644976843, ""weight_goal"": 1000.0, ""Q"": [[3221.181644976843, 0.0, 0.0, 0.0], [0.0, 0.0, 0.0, 0.0], [0.0, 0.0, 3221.181644976843, 0.0], [0.0, 0.0, 0.0, 0.0]], ""R"": [[463.1363925038595, 0.0], [0.0, 463.1363925038595]], ""P"": [[1000.0, 0.0, 0.0, 0.0], [0.0, 100000.0, 0.0, 0.0], [0.0, 0.0, 1000.0, 0.0], [0.0, 0.0, 0.0, 100000.0]]}","[1.4976656444658896, -0.06492864616450494, 0.0]",False
3,P02,10e57735-2e6f-4449-b4c9-0da2c57ab8b9,21,1,haply,mpc,seeded_random,1139142485,persist_session,10.0,11.289379863739013,8080.492483266,0,1785831069.2918985,182.0,True,careful,adaptive,-0.08,-0.08,0.0,0.08,-0.08,0.0,0.00467433,-0.0781204999999999,0.0,0.036340337,-0.15638705,0.14914317,0.046455037,0.006599954,0.00015713042,"[-3.8229840968359854, 8.648179664437617, 0.0, 0.0, 0.0, 0.0, -1.7132776942783177, 4.061802216802574]","[0.75436672122389, -0.004870043156172875, 0.0]","{""Controller Type"": ""MPC Controller"", ""weight_comfort"": 465.26207214591614, ""weight_trajectory"": 3208.4275671245036, ""weight_goal"": 1000.0, ""Q"": [[3208.4275671245036, 0.0, 0.0, 0.0], [0.0, 0.0, 0.0, 0.0], [0.0, 0.0, 3208.4275671245036, 0.0], [0.0, 0.0, 0.0, 0.0]], ""R"": [[465.26207214591614, 0.0], [0.0, 465.26207214591614]], ""P"": [[1000.0, 0.0, 0.0, 0.0], [0.0, 100000.0, 0.0, 0.0], [0.0, 0.0, 1000.0, 0.0], [0.0, 0.0, 0.0, 100000.0]]}","[1.4976656444658896, -0.06492864616450494, 0.0]",False
3,P02,10e57735-2e6f-4449-b4c9-0da2c57ab8b9,21,1,haply,mpc,seeded_random,1139142485,persist_session,10.0,11.29943278312683,8080.50254536,0,1785831069.3017523,183.0,True,careful,adaptive,-0.08,-0.08,0.0,0.08,-0.08,0.0,0.00586902,-0.07814048,0.0,0.03667203,-0.15631758,0.14913481,0.045495342,0.0066655427,0.00014318436,"[-3.8519724543514675, 8.749264772792484, 0.0, 0.0, 0.0, 0.0, -1.7132791601743635, 4.061827700000181]","[0.9178573393624685, -0.006093827807953306, 0.0]","{""Controller Type"": ""MPC Controller"", ""weight_comfort"": 465.26207214591614, ""weight_trajectory"": 3208.4275671245036, ""weight_goal"": 1000.0, ""Q"": [[3208.4275671245036, 0.0, 0.0, 0.0], [0.0, 0.0, 0.0, 0.0], [0.0, 0.0, 3208.4275671245036, 0.0], [0.0, 0.0, 0.0, 0.0]], ""R"": [[465.26207214591614, 0.0], [0.0, 465.26207214591614]], ""P"": [[1000.0, 0.0, 0.0, 0.0], [0.0, 100000.0, 0.0, 0.0], [0.0, 0.0, 1000.0, 0.0], [0.0, 0.0, 0.0, 100000.0]]}","[1.404051907404218, -0.0625686084673923, 0.0]",False
3,P02,10e57735-2e6f-4449-b4c9-0da2c57ab8b9,21,1,haply,mpc,seeded_random,1139142485,persist_session,10.0,11.309243946075439,8080.512353651,0,1785831069.3118892,184.0,True,careful,adaptive,-0.08,-0.08,0.0,0.08,-0.08,0.0,0.006864099,-0.0781571999999999,0.0,0.037069883,-0.15623333,0.14912474,0.044343885,0.007102636,-0.000107834705,"[-3.789277787949593, 8.481350320134291, 0.0, 0.0, 0.0, 0.0, -1.7132812732240752, 4.0617994139613405]","[0.7473601551730584, -0.005049770465033415, 0.0]","{""Controller Type"": ""MPC Controller"", ""weight_comfort"": 465.26207214591614, ""weight_trajectory"": 3208.4275671245036, ""weight_goal"": 1000.0, ""Q"": [[3208.4275671245036, 0.0, 0.0, 0.0], [0.0, 0.0, 0.0, 0.0], [0.0, 0.0, 3208.4275671245036, 0.0], [0.0, 0.0, 0.0, 0.0]], ""R"": [[465.26207214591614, 0.0], [0.0, 465.26207214591614]], ""P"": [[1000.0, 0.0, 0.0, 0.0], [0.0, 100000.0, 0.0, 0.0], [0.0, 0.0, 1000.0, 0.0], [0.0, 0.0, 0.0, 100000.0]]}","[1.404051907404218, -0.0625686084673923, 0.0]",False
3,P02,10e57735-2e6f-4449-b4c9-0da2c57ab8b9,21,1,haply,mpc,seeded_random,1139142485,persist_session,10.0,11.31928804397583,8080.522405242,0,1785831069.3218236,185.0,True,careful,adaptive,-0.08,-0.08,0.0,0.08,-0.08,0.0,0.0080576579999999,-0.0781773399999999,0.0,0.037472002,-0.15620719,0.14914708,0.043285225,0.0074381405,-0.00030617358,"[-3.7666747504289155, 8.264512115466795, 0.0, 0.0, 0.0, 0.0, -1.7132918749576698, 4.061777269259394]","[0.5358032833571444, -0.0035423580052544473, 0.0]","{""Controller Type"": ""MPC Controller"", ""weight_comfort"": 467.14201338204225, ""weight_trajectory"": 3197.147919707746, ""weight_goal"": 1000.0, ""Q"": [[3197.147919707746, 0.0, 0.0, 0.0], [0.0, 0.0, 0.0, 0.0], [0.0, 0.0, 3197.147919707746, 0.0], [0.0, 0.0, 0.0, 0.0]], ""R"": [[467.14201338204225, 0.0], [0.0, 467.14201338204225]], ""P"": [[1000.0, 0.0, 0.0, 0.0], [0.0, 100000.0, 0.0, 0.0], [0.0, 0.0, 1000.0, 0.0], [0.0, 0.0, 0.0, 100000.0]]}","[1.5872155675537403, -0.06539633043055498, 0.0]",False
3,P02,10e57735-2e6f-4449-b4c9-0da2c57ab8b9,21,1,haply,mpc,seeded_random,1139142485,persist_session,10.0,11.329515724182128,8080.53262658,0,1785831069.3319263,186.0,True,careful,adaptive,-0.08,-0.08,0.0,0.08,-0.08,0.0,0.0092640149999999,-0.07813266,0.0,0.037935827,-0.15610655,0.14913519,0.04263042,0.0073753376,-0.00026050743,"[-3.8056536459787322, 8.423225056561614, 0.0, 0.0, 0.0, 0.0, -1.7132904477436424, 4.061807087006701]","[0.7382101107962753, -0.005111730795618132, 0.0]","{""Controller Type"": ""MPC Controller"", ""weight_comfort"": 467.14201338204225, ""weight_trajectory"": 3197.147919707746, ""weight_goal"": 1000.0, ""Q"": [[3197.147919707746, 0.0, 0.0, 0.0], [0.0, 0.0, 0.0, 0.0], [0.0, 0.0, 3197.147919707746, 0.0], [0.0, 0.0, 0.0, 0.0]], ""R"": [[467.14201338204225, 0.0], [0.0, 467.14201338204225]], ""P"": [[1000.0, 0.0, 0.0, 0.0], [0.0, 100000.0, 0.0, 0.0], [0.0, 0.0, 1000.0, 0.0], [0.0, 0.0, 0.0, 100000.0]]}","[1.3361261824813497, -0.060768045352787785, 0.0]",False
3,P02,10e57735-2e6f-4449-b4c9-0da2c57ab8b9,21,1,haply,mpc,seeded_random,1139142485,persist_session,10.0,11.339320449829101,8080.542431455,0,1785831069.34171,187.0,True,careful,adaptive,-0.08,-0.08,0.0,0.08,-0.08,0.0,0.0106554899999999,-0.07815644,0.0,0.038331248,-0.15597892,0.14917898,0.04228772,0.0074080117,-0.00024185696,"[-3.784239382711849, 8.337918774210797, 0.0, 0.0, 0.0, 0.0, -1.715484741853498, 4.0649759157775796]","[0.7279388765969927, 0.02118098791458054, 0.0]","{""Controller Type"": ""MPC Controller"", ""weight_comfort"": 467.14201338204225, ""weight_trajectory"": 3197.147919707746, ""weight_goal"": 1000.0, ""Q"": [[3197.147919707746, 0.0, 0.0, 0.0], [0.0, 0.0, 0.0, 0.0], [0.0, 0.0, 3197.147919707746, 0.0], [0.0, 0.0, 0.0, 0.0]], ""R"": [[467.14201338204225, 0.0], [0.0, 467.14201338204225]], ""P"": [[1000.0, 0.0, 0.0, 0.0], [0.0, 100000.0, 0.0, 0.0], [0.0, 0.0, 1000.0, 0.0], [0.0, 0.0, 0.0, 100000.0]]}","[1.0393416233960617, -0.057889633820995025, 0.0]",False
3,P02,10e57735-2e6f-4449-b4c9-0da2c57ab8b9,21,1,haply,mpc,seeded_random,1139142485,persist_session,10.0,11.349212913513183,8080.55232909,0,1785831069.3520627,188.0,True,careful,adaptive,-0.08,-0.08,0.0,0.08,-0.08,0.0,0.0118417529999999,-0.07806886,0.0,0.038728263,-0.15589063,0.1491687,0.042024735,0.0074618845,-0.00022950041,"[-3.847552846995282, 8.5282498304804, 0.0, 0.0, 0.0, 0.0, -1.7155967864555086, 4.065858814724374]","[0.946107882808308, -0.006719517003250106, 0.0]","{""Controller Type"": ""MPC Controller"", ""weight_comfort"": 466.15897037965226, ""weight_trajectory"": 3203.046177722086, ""weight_goal"": 1000.0, ""Q"": [[3203.046177722086, 0.0, 0.0, 0.0], [0.0, 0.0, 0.0, 0.0], [0.0, 0.0, 3203.046177722086, 0.0], [0.0, 0.0, 0.0, 0.0]], ""R"": [[466.15897037965226, 0.0], [0.0, 466.15897037965226]], ""P"": [[1000.0, 0.0, 0.0, 0.0], [0.0, 100000.0, 0.0, 0.0], [0.0, 0.0, 1000.0, 0.0], [0.0, 0.0, 0.0, 100000.0]]}","[1.0393416233960617, -0.057889633820995025, 0.0]",False
3,P02,10e57735-2e6f-4449-b4c9-0da2c57ab8b9,21,1,haply,mpc,seeded_random,1139142485,persist_session,10.0,11.359437971115112,8080.562549932,0,1785831069.3617594,189.0,True,careful,adaptive,-0.08,-0.08,0.0,0.08,-0.08,0.0,0.0130327979999999,-0.07808942,0.0,0.03912298,-0.15576099,0.14921257,0.04179962,0.0076632863,-0.00021979515,"[-3.765069329987258, 8.19499815029028, 0.0, 0.0, 0.0, 0.0, -1.721465346757286, 4.074937013684334]","[0.682410467109796, 0.03779714002297948, 0.0]","{""Controller Type"": ""MPC Controller"", ""weight_comfort"": 466.15897037965226, ""weight_trajectory"": 3203.046177722086, ""weight_goal"": 1000.0, ""Q"": [[3203.046177722086, 0.0, 0.0, 0.0], [0.0, 0.0, 0.0, 0.0], [0.0, 0.0, 3203.046177722086, 0.0], [0.0, 0.0, 0.0, 0.0]], ""R"": [[466.15897037965226, 0.0], [0.0, 466.15897037965226]], ""P"": [[1000.0, 0.0, 0.0, 0.0], [0.0, 100000.0, 0.0, 0.0], [0.0, 0.0, 1000.0, 0.0], [0.0, 0.0, 0.0, 100000.0]]}","[1.1417176143433847, -0.06384537984268858, 0.0]",False
3,P02,10e57735-2e6f-4449-b4c9-0da2c57ab8b9,21,1,haply,mpc,seeded_random,1139142485,persist_session,10.0,11.369375257492065,8080.572498697,0,1785831069.3718228,190.0,True,careful,adaptive,-0.08,-0.08,0.0,0.08,-0.08,0.0,0.014216949,-0.07800168,0.0,0.039519493,-0.1556708,0.1492022,0.041458566,0.008166286,-0.00037537765,"[-3.7680906398698344, 8.205443811041118, 0.0, 0.0, 0.0, 0.0, -1.7214129355928673, 4.07596691321799]","[0.7555333270734956, -0.005353392450443853, 0.0]","{""Controller Type"": ""MPC Controller"", ""weight_comfort"": 466.15897037965226, ""weight_trajectory"": 3203.046177722086, ""weight_goal"": 1000.0, ""Q"": [[3203.046177722086, 0.0, 0.0, 0.0], [0.0, 0.0, 0.0, 0.0], [0.0, 0.0, 3203.046177722086, 0.0], [0.0, 0.0, 0.0, 0.0]], ""R"": [[466.15897037965226, 0.0], [0.0, 466.15897037965226]], ""P"": [[1000.0, 0.0, 0.0, 0.0], [0.0, 100000.0, 0.0, 0.0], [0.0, 0.0, 1000.0, 0.0], [0.0, 0.0, 0.0, 100000.0]]}","[1.1417176143433847, -0.06384537984268858, 0.0]",False
3,P02,10e57735-2e6f-4449-b4c9-0da2c57ab8b9,21,1,haply,mpc,seeded_random,1139142485,persist_session,10.0,11.37917140007019,8080.582292693,0,1785831069.3817112,191.0,True,careful,adaptive,-0.08,-0.08,0.0,0.08,-0.08,0.0,0.015406488,-0.0780224199999999,0.0,0.039913494,-0.15553924,0.14924586,0.041214228,0.0085732145,-0.0004785767,"[-3.733102853664014, 8.079511056423568, 0.0, 0.0, 0.0, 0.0, -1.727620590852058, 4.085566080811976]","[0.7051327953301781, 0.03907322423105242, 0.0]","{""Controller Type"": ""MPC Controller"", ""weight_comfort"": 467.96496301045727, ""weight_trajectory"": 3192.210221937256, ""weight_goal"": 1000.0, ""Q"": [[3192.210221937256, 0.0, 0.0, 0.0], [0.0, 0.0, 0.0, 0.0], [0.0, 0.0, 3192.210221937256, 0.0], [0.0, 0.0, 0.0, 0.0]], ""R"": [[467.96496301045727, 0.0], [0.0, 467.96496301045727]], ""P"": [[1000.0, 0.0, 0.0, 0.0], [0.0, 100000.0, 0.0, 0.0], [0.0, 0.0, 1000.0, 0.0], [0.0, 0.0, 0.0, 100000.0]]}","[1.0816065099654133, -0.06680669569311662, 0.0]",False
3,P02,10e57735-2e6f-4449-b4c9-0da2c57ab8b9,21,1,haply,mpc,seeded_random,1139142485,persist_session,10.0,11.389226703643798,8080.592340322,0,1785831069.3918488,192.0,True,careful,adaptive,-0.08,-0.08,0.0,0.08,-0.08,0.0,0.016588491,-0.0779350999999999,0.0,0.040375438,-0.15543172,0.14923362,0.041068036,0.008932629,-0.00050435925,"[-3.718553871036009, 8.030374553983972, 0.0, 0.0, 0.0, 0.0, -1.7275085720635446, 4.086537788809063]","[0.7258297265039113, -0.005154837658379527, 0.0]","{""Controller Type"": ""MPC Controller"", ""weight_comfort"": 467.96496301045727, ""weight_trajectory"": 3192.210221937256, ""weight_goal"": 1000.0, ""Q"": [[3192.210221937256, 0.0, 0.0, 0.0], [0.0, 0.0, 0.0, 0.0], [0.0, 0.0, 3192.210221937256, 0.0], [0.0, 0.0, 0.0, 0.0]], ""R"": [[467.96496301045727, 0.0], [0.0, 467.96496301045727]], ""P"": [[1000.0, 0.0, 0.0, 0.0], [0.0, 100000.0, 0.0, 0.0], [0.0, 0.0, 1000.0, 0.0], [0.0, 0.0, 0.0, 100000.0]]}","[1.0816065099654133, -0.06680669569311662, 0.0]",False
3,P02,10e57735-2e6f-4449-b4c9-0da2c57ab8b9,21,1,haply,mpc,seeded_random,1139142485,persist_session,10.0,11.399227647781371,8080.602347824,0,1785831069.4018111,193.0,True,careful,adaptive,-0.08,-0.08,0.0,0.08,-0.08,0.0,0.017974323,-0.0779595799999999,0.0,0.04077115,-0.1553385,0.1492231,0.04092453,0.009273527,-0.0004477569,"[-3.6873423004844548, 7.922898267717886, 0.0, 0.0, 0.0, 0.0, -1.7335908556729795, 4.095903555834193]","[0.6899616592582697, 0.03885981534199622, 0.0]","{""Controller Type"": ""MPC Controller"", ""weight_comfort"": 467.96496301045727, ""weight_trajectory"": 3192.210221937256, ""weight_goal"": 1000.0, ""Q"": [[3192.210221937256, 0.0, 0.0, 0.0], [0.0, 0.0, 0.0, 0.0], [0.0, 0.0, 3192.210221937256, 0.0], [0.0, 0.0, 0.0, 0.0]], ""R"": [[467.96496301045727, 0.0], [0.0, 467.96496301045727]], ""P"": [[1000.0, 0.0, 0.0, 0.0], [0.0, 100000.0, 0.0, 0.0], [0.0, 0.0, 1000.0, 0.0], [0.0, 0.0, 0.0, 100000.0]]}","[0.816762649739138, -0.0661725626563563, 0.0]",False
3,P02,10e57735-2e6f-4449-b4c9-0da2c57ab8b9,21,1,haply,mpc,seeded_random,1139142485,persist_session,10.0,11.40933325767517,8080.612455369,0,1785831069.4117749,194.0,True,careful,adaptive,-0.08,-0.08,0.0,0.08,-0.08,0.0,0.019161459,-0.07798062,0.0,0.04109816,-0.15521963,0.14926845,0.040748663,0.0098639345,3.4386296e-05,"[-3.752752581002831, 8.101655887786615, 0.0, 0.0, 0.0, 0.0, -1.7336494090475947, 4.097227070347665]","[0.8942328774512217, -0.006530574637437191, 0.0]","{""Controller Type"": ""MPC Controller"", ""weight_comfort"": 467.9547171765725, ""weight_trajectory"": 3192.2716969405647, ""weight_goal"": 1000.0, ""Q"": [[3192.2716969405647, 0.0, 0.0, 0.0], [0.0, 0.0, 0.0, 0.0], [0.0, 0.0, 3192.2716969405647, 0.0], [0.0, 0.0, 0.0, 0.0]], ""R"": [[467.9547171765725, 0.0], [0.0, 467.9547171765725]], ""P"": [[1000.0, 0.0, 0.0, 0.0], [0.0, 100000.0, 0.0, 0.0], [0.0, 0.0, 1000.0, 0.0], [0.0, 0.0, 0.0, 100000.0]]}","[0.9638083700741351, -0.06850277219199803, 0.0]",False
3,P02,10e57735-2e6f-4449-b4c9-0da2c57ab8b9,21,1,haply,mpc,seeded_random,1139142485,persist_session,10.0,11.419750242233276,8080.622860936,0,1785831069.4218173,195.0,True,careful,adaptive,-0.08,-0.08,0.0,0.08,-0.08,0.0,0.020142489,-0.07788992,0.0,0.041493364,-0.1551247,0.14925781,0.04052979,0.010274499,0.00035172855,"[-3.6628408085953934, 7.817741149411985, 0.0, 0.0, 0.0, 0.0, -1.7336542614332693, 4.09719178171145]","[0.7086067280774556, -0.005150947010039446, 0.0]","{""Controller Type"": ""MPC Controller"", ""weight_comfort"": 467.9547171765725, ""weight_trajectory"": 3192.2716969405647, ""weight_goal"": 1000.0, ""Q"": [[3192.2716969405647, 0.0, 0.0, 0.0], [0.0, 0.0, 0.0, 0.0], [0.0, 0.0, 3192.2716969405647, 0.0], [0.0, 0.0, 0.0, 0.0]], ""R"": [[467.9547171765725, 0.0], [0.0, 467.9547171765725]], ""P"": [[1000.0, 0.0, 0.0, 0.0], [0.0, 100000.0, 0.0, 0.0], [0.0, 0.0, 1000.0, 0.0], [0.0, 0.0, 0.0, 100000.0]]}","[0.9638083700741351, -0.06850277219199803, 0.0]",False
3,P02,10e57735-2e6f-4449-b4c9-0da2c57ab8b9,21,1,haply,mpc,seeded_random,1139142485,persist_session,10.0,11.429316072463989,8080.632435913,0,1785831069.4318104,196.0,True,careful,adaptive,-0.08,-0.08,0.0,0.08,-0.08,0.0,0.0213281009999999,-0.0779112,0.0,0.041822508,-0.15504481,0.14924893,0.040330216,0.010572109,0.00057006546,"[-3.616269102081637, 7.6114149248881375, 0.0, 0.0, 0.0, 0.0, -1.7403348433936316, 4.107503852432941]","[0.5270869738886187, 0.040769904143145776, 0.0]","{""Controller Type"": ""MPC Controller"", ""weight_comfort"": 467.9547171765725, ""weight_trajectory"": 3192.2716969405647, ""weight_goal"": 1000.0, ""Q"": [[3192.2716969405647, 0.0, 0.0, 0.0], [0.0, 0.0, 0.0, 0.0], [0.0, 0.0, 3192.2716969405647, 0.0], [0.0, 0.0, 0.0, 0.0]], ""R"": [[467.9547171765725, 0.0], [0.0, 467.9547171765725]], ""P"": [[1000.0, 0.0, 0.0, 0.0], [0.0, 100000.0, 0.0, 0.0], [0.0, 0.0, 1000.0, 0.0], [0.0, 0.0, 0.0, 100000.0]]}","[0.8943079004493183, -0.07137270729119083, 0.0]",False
3,P02,10e57735-2e6f-4449-b4c9-0da2c57ab8b9,21,1,haply,mpc,seeded_random,1139142485,persist_session,10.0,11.439237146377563,8080.642346504,0,1785831069.4418826,197.0,True,careful,adaptive,-0.08,-0.08,0.0,0.08,-0.08,0.0,0.022315533,-0.0779289599999999,0.0,0.042283047,-0.15493187,0.14923644,0.04017081,0.010821825,0.00073150516,"[-3.664149612747472, 7.756420619350429, 0.0, 0.0, 0.0, 0.0, -1.7401612253471885, 4.108467147067049]","[0.7052650699740586, -0.005114026759004601, 0.0]","{""Controller Type"": ""MPC Controller"", ""weight_comfort"": 469.34300468720505, ""weight_trajectory"": 3183.941971876769, ""weight_goal"": 1000.0, ""Q"": [[3183.941971876769, 0.0, 0.0, 0.0], [0.0, 0.0, 0.0, 0.0], [0.0, 0.0, 3183.941971876769, 0.0], [0.0, 0.0, 0.0, 0.0]], ""R"": [[469.34300468720505, 0.0], [0.0, 469.34300468720505]], ""P"": [[1000.0, 0.0, 0.0, 0.0], [0.0, 100000.0, 0.0, 0.0], [0.0, 0.0, 1000.0, 0.0], [0.0, 0.0, 0.0, 100000.0]]}","[0.8943079004493183, -0.07137270729119083, 0.0]",False
3,P02,10e57735-2e6f-4449-b4c9-0da2c57ab8b9,21,1,haply,mpc,seeded_random,1139142485,persist_session,10.0,11.449264554977416,8080.652387906,0,1785831069.452154,198.0,True,careful,adaptive,-0.08,-0.08,0.0,0.08,-0.08,0.0,0.0236971499999999,-0.07795394,0.0,0.042677548,-0.15483406,0.14922568,0.040056515,0.010951736,0.0007471477,"[-3.6140077277747773, 7.554432531095171, 0.0, 0.0, 0.0, 0.0, -1.740175025083296, 4.108445876760175]","[0.5321272876093714, -0.0036403014688117636, 0.0]","{""Controller Type"": ""MPC Controller"", ""weight_comfort"": 469.34300468720505, ""weight_trajectory"": 3183.941971876769, ""weight_goal"": 1000.0, ""Q"": [[3183.941971876769, 0.0, 0.0, 0.0], [0.0, 0.0, 0.0, 0.0], [0.0, 0.0, 3183.941971876769, 0.0], [0.0, 0.0, 0.0, 0.0]], ""R"": [[469.34300468720505, 0.0], [0.0, 469.34300468720505]], ""P"": [[1000.0, 0.0, 0.0, 0.0], [0.0, 100000.0, 0.0, 0.0], [0.0, 0.0, 1000.0, 0.0], [0.0, 0.0, 0.0, 100000.0]]}","[1.0524629435964845, -0.0738803237153515, 0.0]",False
3,P02,10e57735-2e6f-4449-b4c9-0da2c57ab8b9,21,1,haply,mpc,seeded_random,1139142485,persist_session,10.0,11.45937684059143,8080.662490746,0,1785831069.4620793,199.0,True,careful,adaptive,-0.08,-0.08,0.0,0.08,-0.08,0.0,0.024880653,-0.07797546,0.0,0.043006126,-0.1547518,0.14921667,0.039975323,0.010670547,0.00022334815,"[-3.7441604722068575, 7.889747894147562, 0.0, 0.0, 0.0, 0.0, -1.7401771283204388, 4.108514941827232]","[0.8504607381778839, -0.006431470370854673, 0.0]","{""Controller Type"": ""MPC Controller"", ""weight_comfort"": 469.34300468720505, ""weight_trajectory"": 3183.941971876769, ""weight_goal"": 1000.0, ""Q"": [[3183.941971876769, 0.0, 0.0, 0.0], [0.0, 0.0, 0.0, 0.0], [0.0, 0.0, 3183.941971876769, 0.0], [0.0, 0.0, 0.0, 0.0]], ""R"": [[469.34300468720505, 0.0], [0.0, 469.34300468720505]], ""P"": [[1000.0, 0.0, 0.0, 0.0], [0.0, 100000.0, 0.0, 0.0], [0.0, 0.0, 1000.0, 0.0], [0.0, 0.0, 0.0, 100000.0]]}","[0.6625109976082009, -0.06650680123375328, 0.0]",False
3,P02,10e57735-2e6f-4449-b4c9-0da2c57ab8b9,21,1,haply,mpc,seeded_random,1139142485,persist_session,10.0,11.46927764892578,8080.672404826,0,1785831069.47187,200.0,True,careful,adaptive,-0.08,-0.08,0.0,0.08,-0.08,0.0,0.0258663869999999,-0.07799348,0.0,0.043334514,-0.15466888,0.14920762,0.039638355,0.010425421,-0.0001355467,"[-3.660383413645568, 7.654126551932212, 0.0, 0.0, 0.0, 0.0, -1.740180159104262, 4.108484868902007]","[0.7109219758195624, -0.005384879135613963, 0.0]","{""Controller Type"": ""MPC Controller"", ""weight_comfort"": 469.9285582706184, ""weight_trajectory"": 3180.4286503762896, ""weight_goal"": 1000.0, ""Q"": [[3180.4286503762896, 0.0, 0.0, 0.0], [0.0, 0.0, 0.0, 0.0], [0.0, 0.0, 3180.4286503762896, 0.0], [0.0, 0.0, 0.0, 0.0]], ""R"": [[469.9285582706184, 0.0], [0.0, 469.9285582706184]], ""P"": [[1000.0, 0.0, 0.0, 0.0], [0.0, 100000.0, 0.0, 0.0], [0.0, 0.0, 1000.0, 0.0], [0.0, 0.0, 0.0, 100000.0]]}","[0.7654948783170309, -0.06804558954107605, 0.0]",False
3,P02,10e57735-2e6f-4449-b4c9-0da2c57ab8b9,21,1,haply,mpc,seeded_random,1139142485,persist_session,10.0,11.479195861816406,8080.68231467,0,1785831069.481899,201.0,True,careful,adaptive,-0.08,-0.08,0.0,0.08,-0.08,0.0,0.0268515509999999,-0.0780115799999999,0.0,0.043597113,-0.15460207,0.14920036,0.038815547,0.010119938,-0.00038479044,"[-3.6016374068040595, 7.453285553528509, 0.0, 0.0, 0.0, 0.0, -1.740190026620432, 4.108460780244459]","[0.5554351044034115, -0.0040700185903478885, 0.0]","{""Controller Type"": ""MPC Controller"", ""weight_comfort"": 469.9285582706184, ""weight_trajectory"": 3180.4286503762896, ""weight_goal"": 1000.0, ""Q"": [[3180.4286503762896, 0.0, 0.0, 0.0], [0.0, 0.0, 0.0, 0.0], [0.0, 0.0, 3180.4286503762896, 0.0], [0.0, 0.0, 0.0, 0.0]], ""R"": [[469.9285582706184, 0.0], [0.0, 469.9285582706184]], ""P"": [[1000.0, 0.0, 0.0, 0.0], [0.0, 100000.0, 0.0, 0.0], [0.0, 0.0, 1000.0, 0.0], [0.0, 0.0, 0.0, 100000.0]]}","[0.8947717833948016, -0.06981863388449004, 0.0]",False
3,P02,10e57735-2e6f-4449-b4c9-0da2c57ab8b9,21,1,haply,mpc,seeded_random,1139142485,persist_session,10.0,11.489290742874145,8080.692416044,0,1785831069.4919355,202.0,True,careful,adaptive,-0.08,-0.08,0.0,0.08,-0.08,0.0,0.027639348,-0.0780260999999999,0.0,0.043925192,-0.15451796,0.14919126,0.037800554,0.009814162,-0.00055192574,"[-3.5837523834559506, 7.391494901701684, 0.0, 0.0, 0.0, 0.0, -1.7401920671641042, 4.108456128334448]","[0.5356013488560573, -0.003954512634130223, 0.0]","{""Controller Type"": ""MPC Controller"", ""weight_comfort"": 469.9285582706184, ""weight_trajectory"": 3180.4286503762896, ""weight_goal"": 1000.0, ""Q"": [[3180.4286503762896, 0.0, 0.0, 0.0], [0.0, 0.0, 0.0, 0.0], [0.0, 0.0, 3180.4286503762896, 0.0], [0.0, 0.0, 0.0, 0.0]], ""R"": [[469.9285582706184, 0.0], [0.0, 469.9285582706184]], ""P"": [[1000.0, 0.0, 0.0, 0.0], [0.0, 100000.0, 0.0, 0.0], [0.0, 0.0, 1000.0, 0.0], [0.0, 0.0, 0.0, 100000.0]]}","[1.0531875579516312, -0.07254726082915877, 0.0]",False
3,P02,10e57735-2e6f-4449-b4c9-0da2c57ab8b9,21,1,haply,mpc,seeded_random,1139142485,persist_session,10.0,11.499271421432494,8080.702388017,0,1785831069.501896,203.0,True,careful,adaptive,-0.08,-0.08,0.0,0.08,-0.08,0.0,0.028623585,-0.0780443,0.0,0.044249818,-0.15439287,0.14923614,0.037019122,0.009755247,-0.00047130967,"[-3.5629359109400753, 7.2608505426933805, 0.0, 0.0, 0.0, 0.0, -1.740209582935715, 4.108445138878863]","[0.38337153359976983, -0.002508786545565755, 0.0]","{""Controller Type"": ""MPC Controller"", ""weight_comfort"": 471.557817114635, ""weight_trajectory"": 3170.6530973121903, ""weight_goal"": 1000.0, ""Q"": [[3170.6530973121903, 0.0, 0.0, 0.0], [0.0, 0.0, 0.0, 0.0], [0.0, 0.0, 3170.6530973121903, 0.0], [0.0, 0.0, 0.0, 0.0]], ""R"": [[471.557817114635, 0.0], [0.0, 471.557817114635]], ""P"": [[1000.0, 0.0, 0.0, 0.0], [0.0, 100000.0, 0.0, 0.0], [0.0, 0.0, 1000.0, 0.0], [0.0, 0.0, 0.0, 100000.0]]}","[0.8269340563429486, -0.06800599748266978, 0.0]",False
3,P02,10e57735-2e6f-4449-b4c9-0da2c57ab8b9,21,1,haply,mpc,seeded_random,1139142485,persist_session,10.0,11.509413986206054,8080.712534396,0,1785831069.5118246,204.0,True,careful,adaptive,-0.08,-0.08,0.0,0.08,-0.08,0.0,0.029597463,-0.07795454,0.0,0.044577505,-0.15430744,0.14922698,0.03617991,0.009754639,-0.0002849566,"[-3.600178147394791, 7.381431249124423, 0.0, 0.0, 0.0, 0.0, -1.7402014437920952, 4.108467608841529]","[0.5444309866924409, -0.004103817573847547, 0.0]","{""Controller Type"": ""MPC Controller"", ""weight_comfort"": 471.557817114635, ""weight_trajectory"": 3170.6530973121903, ""weight_goal"": 1000.0, ""Q"": [[3170.6530973121903, 0.0, 0.0, 0.0], [0.0, 0.0, 0.0, 0.0], [0.0, 0.0, 3170.6530973121903, 0.0], [0.0, 0.0, 0.0, 0.0]], ""R"": [[471.557817114635, 0.0], [0.0, 471.557817114635]], ""P"": [[1000.0, 0.0, 0.0, 0.0], [0.0, 100000.0, 0.0, 0.0], [0.0, 0.0, 1000.0, 0.0], [0.0, 0.0, 0.0, 100000.0]]}","[0.8269340563429486, -0.06800599748266978, 0.0]",False
3,P02,10e57735-2e6f-4449-b4c9-0da2c57ab8b9,21,1,haply,mpc,seeded_random,1139142485,persist_session,10.0,11.519434242248535,8080.72254946,0,1785831069.5219777,205.0,True,careful,adaptive,-0.08,-0.08,0.0,0.08,-0.08,0.0,0.030580524,-0.0779728599999999,0.0,0.04483952,-0.15423863,0.14921963,0.0354715,0.009743544,-0.00014949561,"[-3.5847968154316643, 7.332477901842155, 0.0, 0.0, 0.0, 0.0, -1.746808413869498, 4.118696324277227]","[0.5385388501068138, 0.04080791739765062, 0.0]","{""Controller Type"": ""MPC Controller"", ""weight_comfort"": 471.557817114635, ""weight_trajectory"": 3170.6530973121903, ""weight_goal"": 1000.0, ""Q"": [[3170.6530973121903, 0.0, 0.0, 0.0], [0.0, 0.0, 0.0, 0.0], [0.0, 0.0, 3170.6530973121903, 0.0], [0.0, 0.0, 0.0, 0.0]], ""R"": [[471.557817114635, 0.0], [0.0, 471.557817114635]], ""P"": [[1000.0, 0.0, 0.0, 0.0], [0.0, 100000.0, 0.0, 0.0], [0.0, 0.0, 1000.0, 0.0], [0.0, 0.0, 0.0, 100000.0]]}","[0.8005142450665059, -0.17386410986294376, 0.0]",False
3,P02,10e57735-2e6f-4449-b4c9-0da2c57ab8b9,21,1,haply,mpc,seeded_random,1139142485,persist_session,10.0,11.529300241470336,8080.732423058,0,1785831069.53223,206.0,True,careful,adaptive,-0.08,-0.08,0.0,0.08,-0.08,0.0,0.031366569,-0.07798756,0.0,0.045101397,-0.1541694,0.14921224,0.034279034,0.0095707765,-3.3274962e-05,"[-3.5684744719391897, 7.281026151480507, 0.0, 0.0, 0.0, 0.0, -1.7464920771294257, 4.119334043397451]","[0.5286270736279507, -0.0038924722950121142, 0.0]","{""Controller Type"": ""MPC Controller"", ""weight_comfort"": 471.4600879487469, ""weight_trajectory"": 3171.239472307519, ""weight_goal"": 1000.0, ""Q"": [[3171.239472307519, 0.0, 0.0, 0.0], [0.0, 0.0, 0.0, 0.0], [0.0, 0.0, 3171.239472307519, 0.0], [0.0, 0.0, 0.0, 0.0]], ""R"": [[471.4600879487469, 0.0], [0.0, 471.4600879487469]], ""P"": [[1000.0, 0.0, 0.0, 0.0], [0.0, 100000.0, 0.0, 0.0], [0.0, 0.0, 1000.0, 0.0], [0.0, 0.0, 0.0, 100000.0]]}","[0.7788018816414641, -0.07133071583138348, 0.0]",False
3,P02,10e57735-2e6f-4449-b4c9-0da2c57ab8b9,21,1,haply,mpc,seeded_random,1139142485,persist_session,10.0,11.539289503097534,8080.742401806,0,1785831069.5421548,207.0,True,careful,adaptive,-0.08,-0.08,0.0,0.08,-0.08,0.0,0.0321522,-0.07800234,0.0,0.045363188,-0.15409973,0.14920484,0.033070706,0.009221103,-0.00013447092,"[-3.543479292690654, 7.152185885878744, 0.0, 0.0, 0.0, 0.0, -1.746511047702684, 4.1193241994693945]","[0.3760179452634525, -0.002391538459326697, 0.0]","{""Controller Type"": ""MPC Controller"", ""weight_comfort"": 471.4600879487469, ""weight_trajectory"": 3171.239472307519, ""weight_goal"": 1000.0, ""Q"": [[3171.239472307519, 0.0, 0.0, 0.0], [0.0, 0.0, 0.0, 0.0], [0.0, 0.0, 3171.239472307519, 0.0], [0.0, 0.0, 0.0, 0.0]], ""R"": [[471.4600879487469, 0.0], [0.0, 471.4600879487469]], ""P"": [[1000.0, 0.0, 0.0, 0.0], [0.0, 100000.0, 0.0, 0.0], [0.0, 0.0, 1000.0, 0.0], [0.0, 0.0, 0.0, 100000.0]]}","[0.9411555265119348, -0.07417813343223736, 0.0]",False
3,P02,10e57735-2e6f-4449-b4c9-0da2c57ab8b9,21,1,haply,mpc,seeded_random,1139142485,persist_session,10.0,11.549319295883178,8080.752426503,0,1785831069.5520854,208.0,True,careful,adaptive,-0.08,-0.08,0.0,0.08,-0.08,0.0,0.032937573,-0.0780171399999999,0.0,0.045624863,-0.15402965,0.14919741,0.03202412,0.008841069,-0.0003259485,"[-3.541559139949274, 7.143713443163962, 0.0, 0.0, 0.0, 0.0, -1.7465097171846318, 4.119325129839582]","[0.3960374409899079, -0.0026456539318543636, 0.0]","{""Controller Type"": ""MPC Controller"", ""weight_comfort"": 471.4600879487469, ""weight_trajectory"": 3171.239472307519, ""weight_goal"": 1000.0, ""Q"": [[3171.239472307519, 0.0, 0.0, 0.0], [0.0, 0.0, 0.0, 0.0], [0.0, 0.0, 3171.239472307519, 0.0], [0.0, 0.0, 0.0, 0.0]], ""R"": [[471.4600879487469, 0.0], [0.0, 471.4600879487469]], ""P"": [[1000.0, 0.0, 0.0, 0.0], [0.0, 100000.0, 0.0, 0.0], [0.0, 0.0, 1000.0, 0.0], [0.0, 0.0, 0.0, 100000.0]]}","[0.890965205047861, -0.0730146131966852, 0.0]",False
3,P02,10e57735-2e6f-4449-b4c9-0da2c57ab8b9,21,1,haply,mpc,seeded_random,1139142485,persist_session,10.0,11.559372930526733,8080.762482993,0,1785831069.5621743,209.0,True,careful,adaptive,-0.08,-0.08,0.0,0.08,-0.08,0.0,0.033722598,-0.0780319999999999,0.0,0.045951787,-0.15394145,0.14918812,0.031242106,0.008573248,-0.00047052713,"[-3.535947055287853, 7.1199842397884225, 0.0, 0.0, 0.0, 0.0, -1.7465108531683262, 4.119324293787261]","[0.39668134365934904, -0.0026761129463290585, 0.0]","{""Controller Type"": ""MPC Controller"", ""weight_comfort"": 472.18258311196723, ""weight_trajectory"": 3166.9045013281966, ""weight_goal"": 1000.0, ""Q"": [[3166.9045013281966, 0.0, 0.0, 0.0], [0.0, 0.0, 0.0, 0.0], [0.0, 0.0, 3166.9045013281966, 0.0], [0.0, 0.0, 0.0, 0.0]], ""R"": [[472.18258311196723, 0.0], [0.0, 472.18258311196723]], ""P"": [[1000.0, 0.0, 0.0, 0.0], [0.0, 100000.0, 0.0, 0.0], [0.0, 0.0, 1000.0, 0.0], [0.0, 0.0, 0.0, 100000.0]]}","[0.8648406183121682, -0.07235965468880415, 0.0]",False
3,P02,10e57735-2e6f-4449-b4c9-0da2c57ab8b9,21,1,haply,mpc,seeded_random,1139142485,persist_session,10.0,11.56927445411682,8080.772396757,0,1785831069.571968,210.0,True,careful,adaptive,-0.08,-0.08,0.0,0.08,-0.08,0.0,0.03470337,-0.0780505799999999,0.0,0.046213206,-0.15387042,0.14918065,0.030679142,0.008397006,-0.00057543296,"[-3.528920571118457, 7.090318562701625, 0.0, 0.0, 0.0, 0.0, -1.7465127873493176, 4.119322907463916]","[0.3883926904575927, -0.0026302253277467654, 0.0]","{""Controller Type"": ""MPC Controller"", ""weight_comfort"": 472.18258311196723, ""weight_trajectory"": 3166.9045013281966, ""weight_goal"": 1000.0, ""Q"": [[3166.9045013281966, 0.0, 0.0, 0.0], [0.0, 0.0, 0.0, 0.0], [0.0, 0.0, 3166.9045013281966, 0.0], [0.0, 0.0, 0.0, 0.0]], ""R"": [[472.18258311196723, 0.0], [0.0, 472.18258311196723]], ""P"": [[1000.0, 0.0, 0.0, 0.0], [0.0, 100000.0, 0.0, 0.0], [0.0, 0.0, 1000.0, 0.0], [0.0, 0.0, 0.0, 100000.0]]}","[0.849251434053141, -0.07179719125092138, 0.0]",False
3,P02,10e57735-2e6f-4449-b4c9-0da2c57ab8b9,21,1,haply,mpc,seeded_random,1139142485,persist_session,10.0,11.579187183380126,8080.782303926,0,1785831069.5821247,211.0,True,careful,adaptive,-0.08,-0.08,0.0,0.08,-0.08,0.0,0.035487627,-0.07806552,0.0,0.046543643,-0.15382129,0.14911725,0.03029536,0.008333061,-0.00059564586,"[-3.5823306154907413, 7.23551517890056, 0.0, 0.0, 0.0, 0.0, -1.7465050941232718, 4.119351454993993]","[0.5623154808536927, -0.004410259444466772, 0.0]","{""Controller Type"": ""MPC Controller"", ""weight_comfort"": 472.18258311196723, ""weight_trajectory"": 3166.9045013281966, ""weight_goal"": 1000.0, ""Q"": [[3166.9045013281966, 0.0, 0.0, 0.0], [0.0, 0.0, 0.0, 0.0], [0.0, 0.0, 3166.9045013281966, 0.0], [0.0, 0.0, 0.0, 0.0]], ""R"": [[472.18258311196723, 0.0], [0.0, 472.18258311196723]], ""P"": [[1000.0, 0.0, 0.0, 0.0], [0.0, 100000.0, 0.0, 0.0], [0.0, 0.0, 1000.0, 0.0], [0.0, 0.0, 0.0, 100000.0]]}","[0.6063773121743097, -0.06701090607445098, 0.0]",False
3,P02,10e57735-2e6f-4449-b4c9-0da2c57ab8b9,21,1,haply,mpc,seeded_random,1139142485,persist_session,10.0,11.589327602386474,8080.792446123,0,1785831069.5917573,212.0,True,careful,adaptive,-0.08,-0.08,0.0,0.08,-0.08,0.0,0.036478938,-0.0781923199999999,0.0,0.046804838,-0.1537493,0.14910972,0.0299483,0.008311732,-0.00057193567,"[-3.5434139103624154, 7.082832185816526, 0.0, 0.0, 0.0, 0.0, -1.7465240329640264, 4.119336483120271]","[0.389183982775695, -0.0026807639389106823, 0.0]","{""Controller Type"": ""MPC Controller"", ""weight_comfort"": 472.46152256132757, ""weight_trajectory"": 3165.230864632035, ""weight_goal"": 1000.0, ""Q"": [[3165.230864632035, 0.0, 0.0, 0.0], [0.0, 0.0, 0.0, 0.0], [0.0, 0.0, 3165.230864632035, 0.0], [0.0, 0.0, 0.0, 0.0]], ""R"": [[472.46152256132757, 0.0], [0.0, 472.46152256132757]], ""P"": [[1000.0, 0.0, 0.0, 0.0], [0.0, 100000.0, 0.0, 0.0], [0.0, 0.0, 1000.0, 0.0], [0.0, 0.0, 0.0, 100000.0]]}","[0.5196034124276376, 0.04481166624917362, 0.0]",False
3,P02,10e57735-2e6f-4449-b4c9-0da2c57ab8b9,21,1,haply,mpc,seeded_random,1139142485,persist_session,10.0,11.599311380386352,8080.802426512,0,1785831069.6019,213.0,True,careful,adaptive,-0.08,-0.08,0.0,0.08,-0.08,0.0,0.037262523,-0.0782073799999999,0.0,0.047065943,-0.1536769,0.1491022,0.02964212,0.008295036,-0.0005540837,"[-3.6152774130819094, 7.266362930551466, 0.0, 0.0, 0.0, 0.0, -1.7536566696468914, 4.132816517521421]","[0.5904568604588126, -0.05123289596035179, 0.0]","{""Controller Type"": ""MPC Controller"", ""weight_comfort"": 472.46152256132757, ""weight_trajectory"": 3165.230864632035, ""weight_goal"": 1000.0, ""Q"": [[3165.230864632035, 0.0, 0.0, 0.0], [0.0, 0.0, 0.0, 0.0], [0.0, 0.0, 3165.230864632035, 0.0], [0.0, 0.0, 0.0, 0.0]], ""R"": [[472.46152256132757, 0.0], [0.0, 472.46152256132757]], ""P"": [[1000.0, 0.0, 0.0, 0.0], [0.0, 100000.0, 0.0, 0.0], [0.0, 0.0, 1000.0, 0.0], [0.0, 0.0, 0.0, 100000.0]]}","[0.5196034124276376, 0.04481166624917362, 0.0]",False
3,P02,10e57735-2e6f-4449-b4c9-0da2c57ab8b9,21,1,haply,mpc,seeded_random,1139142485,persist_session,10.0,11.609354047775268,8080.812470603,0,1785831069.6118217,214.0,True,careful,adaptive,-0.08,-0.08,0.0,0.08,-0.08,0.0,0.038045838,-0.07822242,0.0,0.047326922,-0.15360406,0.14909463,0.029257804,0.008250542,-0.0005372117,"[-3.5678412021219628, 7.095296913095667, 0.0, 0.0, 0.0, 0.0, -1.7540335582790356, 4.132322514504248]","[0.39566854801977164, -0.0029913429070066704, 0.0]","{""Controller Type"": ""MPC Controller"", ""weight_comfort"": 472.46152256132757, ""weight_trajectory"": 3165.230864632035, ""weight_goal"": 1000.0, ""Q"": [[3165.230864632035, 0.0, 0.0, 0.0], [0.0, 0.0, 0.0, 0.0], [0.0, 0.0, 3165.230864632035, 0.0], [0.0, 0.0, 0.0, 0.0]], ""R"": [[472.46152256132757, 0.0], [0.0, 472.46152256132757]], ""P"": [[1000.0, 0.0, 0.0, 0.0], [0.0, 100000.0, 0.0, 0.0], [0.0, 0.0, 1000.0, 0.0], [0.0, 0.0, 0.0, 100000.0]]}","[0.6908086733992286, -0.06308349603588966, 0.0]",False
3,P02,10e57735-2e6f-4449-b4c9-0da2c57ab8b9,21,1,haply,mpc,seeded_random,1139142485,persist_session,10.0,11.619309453964233,8080.822432222,0,1785831069.621848,215.0,True,careful,adaptive,-0.08,-0.08,0.0,0.08,-0.08,0.0,0.038828775,-0.0782375599999999,0.0,0.04758779,-0.1535308,0.14908704,0.028882906,0.008166264,-0.0005752965,"[-3.5635063220967584, 7.080773372641566, 0.0, 0.0, 0.0, 0.0, -1.754033561904568, 4.132322508864232]","[0.4095292511852776, -0.0031462198991186654, 0.0]","{""Controller Type"": ""MPC Controller"", ""weight_comfort"": 472.60297384097515, ""weight_trajectory"": 3164.382156954149, ""weight_goal"": 1000.0, ""Q"": [[3164.382156954149, 0.0, 0.0, 0.0], [0.0, 0.0, 0.0, 0.0], [0.0, 0.0, 3164.382156954149, 0.0], [0.0, 0.0, 0.0, 0.0]], ""R"": [[472.60297384097515, 0.0], [0.0, 472.60297384097515]], ""P"": [[1000.0, 0.0, 0.0, 0.0], [0.0, 100000.0, 0.0, 0.0], [0.0, 0.0, 1000.0, 0.0], [0.0, 0.0, 0.0, 100000.0]]}","[0.6908086733992286, -0.06308349603588966, 0.0]",False
3,P02,10e57735-2e6f-4449-b4c9-0da2c57ab8b9,21,1,haply,mpc,seeded_random,1139142485,persist_session,10.0,11.629209547042846,8080.832328183,0,1785831069.6318357,216.0,True,careful,adaptive,-0.08,-0.08,0.0,0.08,-0.08,0.0,0.0396113789999999,-0.0782527399999999,0.0,0.04758779,-0.1535308,0.14908704,0.028882906,0.008166264,-0.0005752965,"[-3.5545703203475476, 7.0512248805958055, 0.0, 0.0, 0.0, 0.0, -1.7540346591146303, 4.132320754140717]","[0.4042638367352789, -0.0031484453633765647, 0.0]","{""Controller Type"": ""MPC Controller"", ""weight_comfort"": 472.60297384097515, ""weight_trajectory"": 3164.382156954149, ""weight_goal"": 1000.0, ""Q"": [[3164.382156954149, 0.0, 0.0, 0.0], [0.0, 0.0, 0.0, 0.0], [0.0, 0.0, 3164.382156954149, 0.0], [0.0, 0.0, 0.0, 0.0]], ""R"": [[472.60297384097515, 0.0], [0.0, 472.60297384097515]], ""P"": [[1000.0, 0.0, 0.0, 0.0], [0.0, 100000.0, 0.0, 0.0], [0.0, 0.0, 1000.0, 0.0], [0.0, 0.0, 0.0, 100000.0]]}","[0.6428519075261241, -0.06171409166162285, 0.0]",False
3,P02,10e57735-2e6f-4449-b4c9-0da2c57ab8b9,21,1,haply,mpc,seeded_random,1139142485,persist_session,10.0,11.639331846237182,8080.842443049,0,1785831069.6418753,217.0,True,careful,adaptive,-0.08,-0.08,0.0,0.08,-0.08,0.0,0.040418601,-0.07820314,0.0,0.048117585,-0.1534417,0.14910422,0.02844313,0.008000799,-0.000662923,"[-3.5473005216961098, 7.028037391366353, 0.0, 0.0, 0.0, 0.0, -1.7540352797895526, 4.132319667242248]","[0.4074297116450164, -0.0032158981693582974, 0.0]","{""Controller Type"": ""MPC Controller"", ""weight_comfort"": 472.60297384097515, ""weight_trajectory"": 3164.382156954149, ""weight_goal"": 1000.0, ""Q"": [[3164.382156954149, 0.0, 0.0, 0.0], [0.0, 0.0, 0.0, 0.0], [0.0, 0.0, 3164.382156954149, 0.0], [0.0, 0.0, 0.0, 0.0]], ""R"": [[472.60297384097515, 0.0], [0.0, 472.60297384097515]], ""P"": [[1000.0, 0.0, 0.0, 0.0], [0.0, 100000.0, 0.0, 0.0], [0.0, 0.0, 1000.0, 0.0], [0.0, 0.0, 0.0, 100000.0]]}","[0.6428519075261241, -0.06171409166162285, 0.0]",False
3,P02,10e57735-2e6f-4449-b4c9-0da2c57ab8b9,21,1,haply,mpc,seeded_random,1139142485,persist_session,10.0,11.649832277297973,8080.852929277,0,1785831069.651832,218.0,True,careful,adaptive,-0.08,-0.08,0.0,0.08,-0.08,0.0,0.0412007639999999,-0.0782183799999999,0.0,0.04844331,-0.15334845,0.14909466,0.028305981,0.007947004,-0.0006775571,"[-3.542609685256616, 7.014021500575468, 0.0, 0.0, 0.0, 0.0, -1.7564577201583675, 4.135884595319664]","[0.4237343416212395, 0.023589246479439687, 0.0]","{""Controller Type"": ""MPC Controller"", ""weight_comfort"": 472.8435689652416, ""weight_trajectory"": 3162.9385862085505, ""weight_goal"": 1000.0, ""Q"": [[3162.9385862085505, 0.0, 0.0, 0.0], [0.0, 0.0, 0.0, 0.0], [0.0, 0.0, 3162.9385862085505, 0.0], [0.0, 0.0, 0.0, 0.0]], ""R"": [[472.8435689652416, 0.0], [0.0, 472.8435689652416]], ""P"": [[1000.0, 0.0, 0.0, 0.0], [0.0, 100000.0, 0.0, 0.0], [0.0, 0.0, 1000.0, 0.0], [0.0, 0.0, 0.0, 100000.0]]}","[0.5866023513324384, -0.0630839017036715, 0.0]",False
3,P02,10e57735-2e6f-4449-b4c9-0da2c57ab8b9,21,1,haply,mpc,seeded_random,1139142485,persist_session,10.0,11.659286050796508,8080.86240633,0,1785831069.661846,219.0,True,careful,adaptive,-0.08,-0.08,0.0,0.08,-0.08,0.0,0.042177939,-0.0782375,0.0,0.04870376,-0.1532734,0.14908698,0.02815129,0.007906296,-0.0006877632,"[-3.5302854154454333, 6.977035648291304, 0.0, 0.0, 0.0, 0.0, -1.7562666227756405, 4.136195192686444]","[0.41111124615719385, -0.0032018879332876104, 0.0]","{""Controller Type"": ""MPC Controller"", ""weight_comfort"": 472.8435689652416, ""weight_trajectory"": 3162.9385862085505, ""weight_goal"": 1000.0, ""Q"": [[3162.9385862085505, 0.0, 0.0, 0.0], [0.0, 0.0, 0.0, 0.0], [0.0, 0.0, 3162.9385862085505, 0.0], [0.0, 0.0, 0.0, 0.0]], ""R"": [[472.8435689652416, 0.0], [0.0, 472.8435689652416]], ""P"": [[1000.0, 0.0, 0.0, 0.0], [0.0, 100000.0, 0.0, 0.0], [0.0, 0.0, 1000.0, 0.0], [0.0, 0.0, 0.0, 100000.0]]}","[0.5866023513324384, -0.0630839017036715, 0.0]",False
3,P02,10e57735-2e6f-4449-b4c9-0da2c57ab8b9,21,1,haply,mpc,seeded_random,1139142485,persist_session,10.0,11.669173507690429,8080.872294815,0,1785831069.6718383,220.0,True,careful,adaptive,-0.08,-0.08,0.0,0.08,-0.08,0.0,0.042959289,-0.0782528599999999,0.0,0.048964087,-0.15319793,0.1490793,0.027954593,0.007866323,-0.0006929058,"[-3.5779690371841193, 7.090387580747115, 0.0, 0.0, 0.0, 0.0, -1.7562642399109731, 4.136223469394261]","[0.5565726681770499, -0.004802130136700699, 0.0]","{""Controller Type"": ""MPC Controller"", ""weight_comfort"": 472.8435689652416, ""weight_trajectory"": 3162.9385862085505, ""weight_goal"": 1000.0, ""Q"": [[3162.9385862085505, 0.0, 0.0, 0.0], [0.0, 0.0, 0.0, 0.0], [0.0, 0.0, 3162.9385862085505, 0.0], [0.0, 0.0, 0.0, 0.0]], ""R"": [[472.8435689652416, 0.0], [0.0, 472.8435689652416]], ""P"": [[1000.0, 0.0, 0.0, 0.0], [0.0, 100000.0, 0.0, 0.0], [0.0, 0.0, 1000.0, 0.0], [0.0, 0.0, 0.0, 100000.0]]}","[0.5300405602564698, -0.0615241574900504, 0.0]",False
3,P02,10e57735-2e6f-4449-b4c9-0da2c57ab8b9,21,1,haply,mpc,seeded_random,1139142485,persist_session,10.0,11.679292945861816,8080.882413868,0,1785831069.6821733,221.0,True,careful,adaptive,-0.08,-0.08,0.0,0.08,-0.08,0.0,0.04374027,-0.07826822,0.0,0.049224295,-0.15312204,0.14907157,0.027738033,0.0078844335,-0.00072461984,"[-3.5265886292563855, 6.943857471624134, 0.0, 0.0, 0.0, 0.0, -1.7562751922469737, 4.1362029245837295]","[0.412332771640667, -0.0032894542342571283, 0.0]","{""Controller Type"": ""MPC Controller"", ""weight_comfort"": 473.141116284028, ""weight_trajectory"": 3161.153302295832, ""weight_goal"": 1000.0, ""Q"": [[3161.153302295832, 0.0, 0.0, 0.0], [0.0, 0.0, 0.0, 0.0], [0.0, 0.0, 3161.153302295832, 0.0], [0.0, 0.0, 0.0, 0.0]], ""R"": [[473.141116284028, 0.0], [0.0, 473.141116284028]], ""P"": [[1000.0, 0.0, 0.0, 0.0], [0.0, 100000.0, 0.0, 0.0], [0.0, 0.0, 1000.0, 0.0], [0.0, 0.0, 0.0, 100000.0]]}","[0.5300405602564698, -0.0615241574900504, 0.0]",False
3,P02,10e57735-2e6f-4449-b4c9-0da2c57ab8b9,21,1,haply,mpc,seeded_random,1139142485,persist_session,10.0,11.689212827682494,8080.892324612,0,1785831069.6922898,222.0,True,careful,adaptive,-0.08,-0.08,0.0,0.08,-0.08,0.0,0.044520894,-0.07828368,0.0,0.049484372,-0.15304571,0.14906383,0.027640745,0.007927324,-0.0007494329,"[-3.5132329502561936, 6.905171039786377, 0.0, 0.0, 0.0, 0.0, -1.7562775124446584, 4.136199176633085]","[0.39442517077809236, -0.003105942684237366, 0.0]","{""Controller Type"": ""MPC Controller"", ""weight_comfort"": 473.141116284028, ""weight_trajectory"": 3161.153302295832, ""weight_goal"": 1000.0, ""Q"": [[3161.153302295832, 0.0, 0.0, 0.0], [0.0, 0.0, 0.0, 0.0], [0.0, 0.0, 3161.153302295832, 0.0], [0.0, 0.0, 0.0, 0.0]], ""R"": [[473.141116284028, 0.0], [0.0, 473.141116284028]], ""P"": [[1000.0, 0.0, 0.0, 0.0], [0.0, 100000.0, 0.0, 0.0], [0.0, 0.0, 1000.0, 0.0], [0.0, 0.0, 0.0, 100000.0]]}","[0.5277932768884152, -0.06130533954064313, 0.0]",False
3,P02,10e57735-2e6f-4449-b4c9-0da2c57ab8b9,21,1,haply,mpc,seeded_random,1139142485,persist_session,10.0,11.699244050979614,8080.902355875,0,1785831069.7021215,223.0,True,careful,adaptive,-0.08,-0.08,0.0,0.08,-0.08,0.0,0.045301125,-0.0782991599999999,0.0,0.049809292,-0.15294974,0.14905412,0.02762408,0.007992185,-0.0007707547,"[-3.5076284438010643, 6.8897237957023725, 0.0, 0.0, 0.0, 0.0, -1.756277297970959, 4.136199609654101]","[0.4071832534879872, -0.0033065437557669246, 0.0]","{""Controller Type"": ""MPC Controller"", ""weight_comfort"": 473.141116284028, ""weight_trajectory"": 3161.153302295832, ""weight_goal"": 1000.0, ""Q"": [[3161.153302295832, 0.0, 0.0, 0.0], [0.0, 0.0, 0.0, 0.0], [0.0, 0.0, 3161.153302295832, 0.0], [0.0, 0.0, 0.0, 0.0]], ""R"": [[473.141116284028, 0.0], [0.0, 473.141116284028]], ""P"": [[1000.0, 0.0, 0.0, 0.0], [0.0, 100000.0, 0.0, 0.0], [0.0, 0.0, 1000.0, 0.0], [0.0, 0.0, 0.0, 100000.0]]}","[0.43906746164352706, -0.05913415575400133, 0.0]",False
3,P02,10e57735-2e6f-4449-b4c9-0da2c57ab8b9,21,1,haply,mpc,seeded_random,1139142485,persist_session,10.0,11.70936086654663,8080.912478919,0,1785831069.7120368,224.0,True,careful,adaptive,-0.08,-0.08,0.0,0.08,-0.08,0.0,0.0462758849999999,-0.0783185799999999,0.0,0.05006909,-0.15287247,0.14904633,0.027646458,0.008062297,-0.0007873925,"[-3.5026605675890776, 6.8767169171078795, 0.0, 0.0, 0.0, 0.0, -1.7562770370088134, 4.136200286079519]","[0.42419081672496034, -0.0035253181081446035, 0.0]","{""Controller Type"": ""MPC Controller"", ""weight_comfort"": 473.3645288153598, ""weight_trajectory"": 3159.8128271078417, ""weight_goal"": 1000.0, ""Q"": [[3159.8128271078417, 0.0, 0.0, 0.0], [0.0, 0.0, 0.0, 0.0], [0.0, 0.0, 3159.8128271078417, 0.0], [0.0, 0.0, 0.0, 0.0]], ""R"": [[473.3645288153598, 0.0], [0.0, 473.3645288153598]], ""P"": [[1000.0, 0.0, 0.0, 0.0], [0.0, 100000.0, 0.0, 0.0], [0.0, 0.0, 1000.0, 0.0], [0.0, 0.0, 0.0, 100000.0]]}","[0.43906746164352706, -0.05913415575400133, 0.0]",False
3,P02,10e57735-2e6f-4449-b4c9-0da2c57ab8b9,21,1,haply,mpc,seeded_random,1139142485,persist_session,10.0,11.719180374145507,8080.922291645,0,1785831069.7220342,225.0,True,careful,adaptive,-0.08,-0.08,0.0,0.08,-0.08,0.0,0.0470552789999999,-0.0783341599999999,0.0,0.050328765,-0.15279478,0.14903854,0.027609373,0.008111442,-0.0007986865,"[-3.555608131344119, 6.9932341097259885, 0.0, 0.0, 0.0, 0.0, -1.7562772940415634, 4.1362323191079735]","[0.5675822417666841, -0.005148098014251789, 0.0]","{""Controller Type"": ""MPC Controller"", ""weight_comfort"": 473.3645288153598, ""weight_trajectory"": 3159.8128271078417, ""weight_goal"": 1000.0, ""Q"": [[3159.8128271078417, 0.0, 0.0, 0.0], [0.0, 0.0, 0.0, 0.0], [0.0, 0.0, 3159.8128271078417, 0.0], [0.0, 0.0, 0.0, 0.0]], ""R"": [[473.3645288153598, 0.0], [0.0, 473.3645288153598]], ""P"": [[1000.0, 0.0, 0.0, 0.0], [0.0, 100000.0, 0.0, 0.0], [0.0, 0.0, 1000.0, 0.0], [0.0, 0.0, 0.0, 100000.0]]}","[0.22814716392420317, -0.05467129305053512, 0.0]",False
3,P02,10e57735-2e6f-4449-b4c9-0da2c57ab8b9,21,1,haply,mpc,seeded_random,1139142485,persist_session,10.0,11.729220418930053,8080.932337601,0,1785831069.7318175,226.0,True,careful,adaptive,-0.08,-0.08,0.0,0.08,-0.08,0.0,0.0478343039999999,-0.07834974,0.0,0.0505883,-0.15271671,0.14903072,0.027534923,0.008146887,-0.0008061976,"[-3.493964218779035, 6.836604809895333, 0.0, 0.0, 0.0, 0.0, -1.7562862998525035, 4.136207254491707]","[0.41787348871241736, -0.0035202155865871154, 0.0]","{""Controller Type"": ""MPC Controller"", ""weight_comfort"": 473.3645288153598, ""weight_trajectory"": 3159.8128271078417, ""weight_goal"": 1000.0, ""Q"": [[3159.8128271078417, 0.0, 0.0, 0.0], [0.0, 0.0, 0.0, 0.0], [0.0, 0.0, 3159.8128271078417, 0.0], [0.0, 0.0, 0.0, 0.0]], ""R"": [[473.3645288153598, 0.0], [0.0, 473.3645288153598]], ""P"": [[1000.0, 0.0, 0.0, 0.0], [0.0, 100000.0, 0.0, 0.0], [0.0, 0.0, 1000.0, 0.0], [0.0, 0.0, 0.0, 100000.0]]}","[0.39225002835701755, -0.05774426647848135, 0.0]",False
3,P02,10e57735-2e6f-4449-b4c9-0da2c57ab8b9,21,1,haply,mpc,seeded_random,1139142485,persist_session,10.0,11.739271907806396,8080.942346731,0,1785831069.7418733,227.0,True,careful,adaptive,-0.08,-0.08,0.0,0.08,-0.08,0.0,0.048612909,-0.0783653799999999,0.0,0.050912563,-0.1526185,0.1490209,0.0274412,0.008173725,-0.00081104337,"[-3.4869293962560355, 6.819389440766442, 0.0, 0.0, 0.0, 0.0, -1.7562863365595007, 4.136207126879618]","[0.43084364616157156, -0.0036884818597376348, 0.0]","{""Controller Type"": ""MPC Controller"", ""weight_comfort"": 473.59053859024016, ""weight_trajectory"": 3158.456768458559, ""weight_goal"": 1000.0, ""Q"": [[3158.456768458559, 0.0, 0.0, 0.0], [0.0, 0.0, 0.0, 0.0], [0.0, 0.0, 3158.456768458559, 0.0], [0.0, 0.0, 0.0, 0.0]], ""R"": [[473.59053859024016, 0.0], [0.0, 473.59053859024016]], ""P"": [[1000.0, 0.0, 0.0, 0.0], [0.0, 100000.0, 0.0, 0.0], [0.0, 0.0, 1000.0, 0.0], [0.0, 0.0, 0.0, 100000.0]]}","[0.35008660462473357, -0.05674843480592944, 0.0]",False
3,P02,10e57735-2e6f-4449-b4c9-0da2c57ab8b9,21,1,haply,mpc,seeded_random,1139142485,persist_session,10.0,11.75012424468994,8080.953242161,0,1785831069.75171,228.0,True,careful,adaptive,-0.08,-0.08,0.0,0.08,-0.08,0.0,0.049585698,-0.0783850199999999,0.0,0.051171824,-0.15253945,0.14901303,0.027361168,0.008203036,-0.0008148798,"[-3.4703942991673764, 6.778814022406241, 0.0, 0.0, 0.0, 0.0, -1.7562877047318897, 4.136202837833597]","[0.41596094319138516, -0.0035624264591242395, 0.0]","{""Controller Type"": ""MPC Controller"", ""weight_comfort"": 473.59053859024016, ""weight_trajectory"": 3158.456768458559, ""weight_goal"": 1000.0, ""Q"": [[3158.456768458559, 0.0, 0.0, 0.0], [0.0, 0.0, 0.0, 0.0], [0.0, 0.0, 3158.456768458559, 0.0], [0.0, 0.0, 0.0, 0.0]], ""R"": [[473.59053859024016, 0.0], [0.0, 473.59053859024016]], ""P"": [[1000.0, 0.0, 0.0, 0.0], [0.0, 100000.0, 0.0, 0.0], [0.0, 0.0, 1000.0, 0.0], [0.0, 0.0, 0.0, 100000.0]]}","[0.34400226669449274, -0.05639694751038331, 0.0]",False
3,P02,10e57735-2e6f-4449-b4c9-0da2c57ab8b9,21,1,haply,mpc,seeded_random,1139142485,persist_session,10.0,11.759474067687988,8080.962598008,0,1785831069.7620628,229.0,True,careful,adaptive,-0.08,-0.08,0.0,0.08,-0.08,0.0,0.0503634809999999,-0.07840076,0.0,0.051426,-0.15241992,0.1490592,0.027308384,0.008240093,-0.00081857655,"[-3.538537152844887, 6.920781091936222, 0.0, 0.0, 0.0, 0.0, -1.7562905579399548, 4.136243531833944]","[0.5768022824724991, -0.005422090589607696, 0.0]","{""Controller Type"": ""MPC Controller"", ""weight_comfort"": 473.59053859024016, ""weight_trajectory"": 3158.456768458559, ""weight_goal"": 1000.0, ""Q"": [[3158.456768458559, 0.0, 0.0, 0.0], [0.0, 0.0, 0.0, 0.0], [0.0, 0.0, 3158.456768458559, 0.0], [0.0, 0.0, 0.0, 0.0]], ""R"": [[473.59053859024016, 0.0], [0.0, 473.59053859024016]], ""P"": [[1000.0, 0.0, 0.0, 0.0], [0.0, 100000.0, 0.0, 0.0], [0.0, 0.0, 1000.0, 0.0], [0.0, 0.0, 0.0, 100000.0]]}","[0.10977089922418898, -0.051410336079128684, 0.0]",False
3,P02,10e57735-2e6f-4449-b4c9-0da2c57ab8b9,21,1,haply,mpc,seeded_random,1139142485,persist_session,10.0,11.76937964439392,8080.972498851,0,1785831069.7718296,230.0,True,careful,adaptive,-0.08,-0.08,0.0,0.08,-0.08,0.0,0.051126009,-0.0783084199999999,0.0,0.051620238,-0.15236005,0.14905328,0.027275916,0.008280279,-0.00082205195,"[-3.4688890342830367, 6.753235392410677, 0.0, 0.0, 0.0, 0.0, -1.7562997451836229, 4.1362149130565244]","[0.40454741646701886, -0.003479767342521932, 0.0]","{""Controller Type"": ""MPC Controller"", ""weight_comfort"": 471.5064350469503, ""weight_trajectory"": 11839.104314610151, ""weight_goal"": 14751.23401625904, ""Q"": [[11839.104314610151, 0.0, 0.0, 0.0], [0.0, 0.0, 0.0, 0.0], [0.0, 0.0, 11839.104314610151, 0.0], [0.0, 0.0, 0.0, 0.0]], ""R"": [[471.5064350469503, 0.0], [0.0, 471.5064350469503]], ""P"": [[14751.23401625904, 0.0, 0.0, 0.0], [0.0, 1475123.401625904, 0.0, 0.0], [0.0, 0.0, 14751.23401625904, 0.0], [0.0, 0.0, 0.0, 1475123.401625904]]}","[0.30593273558303996, -0.05518885868800782, 0.0]",False
3,P02,10e57735-2e6f-4449-b4c9-0da2c57ab8b9,21,1,haply,mpc,seeded_random,1139142485,persist_session,10.0,11.779688863754272,8080.982809973,0,1785831069.7818713,231.0,True,careful,adaptive,-0.08,-0.08,0.0,0.08,-0.08,0.0,0.051708723,-0.0783202599999999,0.0,0.051814374,-0.15229996,0.14904734,0.027081009,0.008267379,-0.0008199053,"[-3.4653199668471797, 6.7450300963043395, 0.0, 0.0, 0.0, 0.0, -1.7632603817401045, 4.14720668075278]","[0.4265493886530629, 0.04219230351334447, 0.0]","{""Controller Type"": ""MPC Controller"", ""weight_comfort"": 471.5064350469503, ""weight_trajectory"": 11839.104314610151, ""weight_goal"": 14751.23401625904, ""Q"": [[11839.104314610151, 0.0, 0.0, 0.0], [0.0, 0.0, 0.0, 0.0], [0.0, 0.0, 11839.104314610151, 0.0], [0.0, 0.0, 0.0, 0.0]], ""R"": [[471.5064350469503, 0.0], [0.0, 471.5064350469503]], ""P"": [[14751.23401625904, 0.0, 0.0, 0.0], [0.0, 1475123.401625904, 0.0, 0.0], [0.0, 0.0, 14751.23401625904, 0.0], [0.0, 0.0, 0.0, 1475123.401625904]]}","[0.38543041090706964, -0.22262022929292546, 0.0]",False
3,P02,10e57735-2e6f-4449-b4c9-0da2c57ab8b9,21,1,haply,mpc,seeded_random,1139142485,persist_session,10.0,11.789437322616577,8080.992556969,0,1785831069.7920012,232.0,True,careful,adaptive,-0.08,-0.08,0.0,0.08,-0.08,0.0,0.052291131,-0.07833214,0.0,0.05207312,-0.15221946,0.14903939,0.02668441,0.008190102,-0.0008111372,"[-3.4319026223875198, 6.645080544161305, 0.0, 0.0, 0.0, 0.0, -1.7628044969590104, 4.147419458181757]","[0.288516717707823, -0.0019290927972040093, 0.0]","{""Controller Type"": ""MPC Controller"", ""weight_comfort"": 471.5064350469503, ""weight_trajectory"": 11839.104314610151, ""weight_goal"": 14751.23401625904, ""Q"": [[11839.104314610151, 0.0, 0.0, 0.0], [0.0, 0.0, 0.0, 0.0], [0.0, 0.0, 11839.104314610151, 0.0], [0.0, 0.0, 0.0, 0.0]], ""R"": [[471.5064350469503, 0.0], [0.0, 471.5064350469503]], ""P"": [[14751.23401625904, 0.0, 0.0, 0.0], [0.0, 1475123.401625904, 0.0, 0.0], [0.0, 0.0, 14751.23401625904, 0.0], [0.0, 0.0, 0.0, 1475123.401625904]]}","[0.5913386252996777, -0.09879324318375905, 0.0]",False
3,P02,10e57735-2e6f-4449-b4c9-0da2c57ab8b9,21,1,haply,mpc,seeded_random,1139142485,persist_session,10.0,11.799375801086425,8081.002485975,0,1785831069.8018568,233.0,True,careful,adaptive,-0.08,-0.08,0.0,0.08,-0.08,0.0,0.053067369,-0.07834804,0.0,0.05232657,-0.15209837,0.14908557,0.026282113,0.008133572,-0.0007706412,"[-3.426889208335056, 6.6303195462064055, 0.0, 0.0, 0.0, 0.0, -1.7628055861588323, 4.1474189434345305]","[0.2862469839779092, -0.001923824329496857, 0.0]","{""Controller Type"": ""MPC Controller"", ""weight_comfort"": 466.54325667665563, ""weight_trajectory"": 31655.744264515146, ""weight_goal"": 46176.1331322085, ""Q"": [[31655.744264515146, 0.0, 0.0, 0.0], [0.0, 0.0, 0.0, 0.0], [0.0, 0.0, 31655.744264515146, 0.0], [0.0, 0.0, 0.0, 0.0]], ""R"": [[466.54325667665563, 0.0], [0.0, 466.54325667665563]], ""P"": [[46176.1331322085, 0.0, 0.0, 0.0], [0.0, 4617613.31322085, 0.0, 0.0], [0.0, 0.0, 46176.1331322085, 0.0], [0.0, 0.0, 0.0, 4617613.31322085]]}","[0.571539708507683, -0.09807115424258227, 0.0]",False
3,P02,10e57735-2e6f-4449-b4c9-0da2c57ab8b9,21,1,haply,mpc,seeded_random,1139142485,persist_session,10.0,11.809372453689575,8081.012475322,0,1785831069.8119128,234.0,True,careful,adaptive,-0.08,-0.08,0.0,0.08,-0.08,0.0,0.053827719,-0.07825568,0.0,0.052520394,-0.15203743,0.14907958,0.025894573,0.008100175,-0.0007031365,"[-3.4798778618930863, 6.746428378504549, 0.0, 0.0, 0.0, 0.0, -1.7627986965842712, 4.1474451996199235]","[0.43763884096160743, -0.0037790457058738225, 0.0]","{""Controller Type"": ""MPC Controller"", ""weight_comfort"": 466.54325667665563, ""weight_trajectory"": 31655.744264515146, ""weight_goal"": 46176.1331322085, ""Q"": [[31655.744264515146, 0.0, 0.0, 0.0], [0.0, 0.0, 0.0, 0.0], [0.0, 0.0, 31655.744264515146, 0.0], [0.0, 0.0, 0.0, 0.0]], ""R"": [[466.54325667665563, 0.0], [0.0, 466.54325667665563]], ""P"": [[46176.1331322085, 0.0, 0.0, 0.0], [0.0, 4617613.31322085, 0.0, 0.0], [0.0, 0.0, 46176.1331322085, 0.0], [0.0, 0.0, 0.0, 4617613.31322085]]}","[0.2840880362838896, -0.12372889573623526, 0.0]",False
3,P02,10e57735-2e6f-4449-b4c9-0da2c57ab8b9,21,1,haply,mpc,seeded_random,1139142485,persist_session,10.0,11.819301872253417,8081.022407373,0,1785831069.8219662,235.0,True,careful,adaptive,-0.08,-0.08,0.0,0.08,-0.08,0.0,0.0544091909999999,-0.07826766,0.0,0.052649572,-0.15199666,0.14907557,0.025428437,0.0080272965,-0.00064804935,"[-3.4586087816506828, 6.699503824204526, 0.0, 0.0, 0.0, 0.0, -1.7693478066967327, 4.157738275435332]","[0.4160394076574116, 0.04127326064405566, 0.0]","{""Controller Type"": ""MPC Controller"", ""weight_comfort"": 466.54325667665563, ""weight_trajectory"": 31655.744264515146, ""weight_goal"": 46176.1331322085, ""Q"": [[31655.744264515146, 0.0, 0.0, 0.0], [0.0, 0.0, 0.0, 0.0], [0.0, 0.0, 31655.744264515146, 0.0], [0.0, 0.0, 0.0, 0.0]], ""R"": [[466.54325667665563, 0.0], [0.0, 466.54325667665563]], ""P"": [[46176.1331322085, 0.0, 0.0, 0.0], [0.0, 4617613.31322085, 0.0, 0.0], [0.0, 0.0, 46176.1331322085, 0.0], [0.0, 0.0, 0.0, 4617613.31322085]]}","[0.28835437687343424, -0.2749845927575788, 0.0]",False
3,P02,10e57735-2e6f-4449-b4c9-0da2c57ab8b9,21,1,haply,mpc,seeded_random,1139142485,persist_session,10.0,11.829505710601806,8081.03262036,0,1785831069.8318791,236.0,True,careful,adaptive,-0.08,-0.08,0.0,0.08,-0.08,0.0,0.054796725,-0.07827568,0.0,0.0528535,-0.15199369,0.14910199,0.0244036,0.007680639,-0.00054302125,"[-3.423759232948717, 6.606545832705913, 0.0, 0.0, 0.0, 0.0, -1.7688734925000797, 4.157928428868266]","[0.2944950404390436, -0.00189045150097389, 0.0]","{""Controller Type"": ""MPC Controller"", ""weight_comfort"": 457.1722219477206, ""weight_trajectory"": 66632.75631739422, ""weight_goal"": 101637.0806630198, ""Q"": [[66632.75631739422, 0.0, 0.0, 0.0], [0.0, 0.0, 0.0, 0.0], [0.0, 0.0, 66632.75631739422, 0.0], [0.0, 0.0, 0.0, 0.0]], ""R"": [[457.1722219477206, 0.0], [0.0, 457.1722219477206]], ""P"": [[101637.0806630198, 0.0, 0.0, 0.0], [0.0, 10163708.066301981, 0.0, 0.0], [0.0, 0.0, 101637.0806630198, 0.0], [0.0, 0.0, 0.0, 10163708.066301981]]}","[0.6902382161434533, -0.1694348912141834, 0.0]",False
3,P02,10e57735-2e6f-4449-b4c9-0da2c57ab8b9,21,1,haply,mpc,seeded_random,1139142485,persist_session,10.0,11.839446334838867,8081.042554495,0,1785831069.842002,237.0,True,careful,adaptive,-0.08,-0.08,0.0,0.08,-0.08,0.0,0.0554085089999999,-0.07822284,0.0,0.053111754,-0.15191151,0.14909396,0.023549994,0.0073737586,-0.00048966665,"[-3.415880842173007, 6.555498944858532, 0.0, 0.0, 0.0, 0.0, -1.7688996645230726, 4.1579356479343765]","[0.17018693822578695, -0.00031379248324614733, 0.0]","{""Controller Type"": ""MPC Controller"", ""weight_comfort"": 457.1722219477206, ""weight_trajectory"": 66632.75631739422, ""weight_goal"": 101637.0806630198, ""Q"": [[66632.75631739422, 0.0, 0.0, 0.0], [0.0, 0.0, 0.0, 0.0], [0.0, 0.0, 66632.75631739422, 0.0], [0.0, 0.0, 0.0, 0.0]], ""R"": [[457.1722219477206, 0.0], [0.0, 457.1722219477206]], ""P"": [[101637.0806630198, 0.0, 0.0, 0.0], [0.0, 10163708.066301981, 0.0, 0.0], [0.0, 0.0, 101637.0806630198, 0.0], [0.0, 0.0, 0.0, 10163708.066301981]]}","[0.6902382161434533, -0.1694348912141834, 0.0]",False
3,P02,10e57735-2e6f-4449-b4c9-0da2c57ab8b9,21,1,haply,mpc,seeded_random,1139142485,persist_session,10.0,11.849319486618041,8081.052437088,0,1785831069.8519237,238.0,True,careful,adaptive,-0.08,-0.08,0.0,0.08,-0.08,0.0,0.0561832709999999,-0.0782389,0.0,0.053369857,-0.15182891,0.14908591,0.023084613,0.0071805064,-0.00049598684,"[-3.451201490206561, 6.642573901766067, 0.0, 0.0, 0.0, 0.0, -1.771257629943079, 4.161433246435462]","[0.31658297021724235, 0.024870123516964056, 0.0]","{""Controller Type"": ""MPC Controller"", ""weight_comfort"": 457.1722219477206, ""weight_trajectory"": 66632.75631739422, ""weight_goal"": 101637.0806630198, ""Q"": [[66632.75631739422, 0.0, 0.0, 0.0], [0.0, 0.0, 0.0, 0.0], [0.0, 0.0, 66632.75631739422, 0.0], [0.0, 0.0, 0.0, 0.0]], ""R"": [[457.1722219477206, 0.0], [0.0, 457.1722219477206]], ""P"": [[101637.0806630198, 0.0, 0.0, 0.0], [0.0, 10163708.066301981, 0.0, 0.0], [0.0, 0.0, 101637.0806630198, 0.0], [0.0, 0.0, 0.0, 10163708.066301981]]}","[0.35034682837694214, -0.2623810386281533, 0.0]",False
3,P02,10e57735-2e6f-4449-b4c9-0da2c57ab8b9,21,1,haply,mpc,seeded_random,1139142485,persist_session,10.0,11.859278945922851,8081.062400941,0,1785831069.8618767,239.0,True,careful,adaptive,-0.08,-0.08,0.0,0.08,-0.08,0.0,0.05695758,-0.078255,0.0,0.053627852,-0.15174593,0.14907783,0.022944462,0.0071144346,-0.00050707825,"[-3.4954163857633485, 6.734000872646867, 0.0, 0.0, 0.0, 0.0, -1.7710944760182015, 4.161836419917026]","[0.44260066779281393, -0.0036176841745728713, 0.0]","{""Controller Type"": ""MPC Controller"", ""weight_comfort"": 446.1406998681776, ""weight_trajectory"": 106613.81910216092, ""weight_goal"": 164946.32340089805, ""Q"": [[106613.81910216092, 0.0, 0.0, 0.0], [0.0, 0.0, 0.0, 0.0], [0.0, 0.0, 106613.81910216092, 0.0], [0.0, 0.0, 0.0, 0.0]], ""R"": [[446.1406998681776, 0.0], [0.0, 446.1406998681776]], ""P"": [[164946.32340089805, 0.0, 0.0, 0.0], [0.0, 16494632.340089805, 0.0, 0.0], [0.0, 0.0, 164946.32340089805, 0.0], [0.0, 0.0, 0.0, 16494632.340089805]]}","[-0.06399210757488429, -0.1781302700359495, 0.0]",False
3,P02,10e57735-2e6f-4449-b4c9-0da2c57ab8b9,21,1,haply,mpc,seeded_random,1139142485,persist_session,10.0,11.86928084373474,8081.072390722,0,1785831069.8718655,240.0,True,careful,adaptive,-0.08,-0.08,0.0,0.08,-0.08,0.0,0.0577315649999999,-0.07827116,0.0,0.053767342,-0.15176262,0.14910622,0.022769365,0.0069984975,-0.00048554616,"[-3.479647760535233, 6.701804521410112, 0.0, 0.0, 0.0, 0.0, -1.771095333255182, 4.161834179030718]","[0.4411840819841516, -0.0036414568408467507, 0.0]","{""Controller Type"": ""MPC Controller"", ""weight_comfort"": 446.1406998681776, ""weight_trajectory"": 106613.81910216092, ""weight_goal"": 164946.32340089805, ""Q"": [[106613.81910216092, 0.0, 0.0, 0.0], [0.0, 0.0, 0.0, 0.0], [0.0, 0.0, 106613.81910216092, 0.0], [0.0, 0.0, 0.0, 0.0]], ""R"": [[446.1406998681776, 0.0], [0.0, 446.1406998681776]], ""P"": [[164946.32340089805, 0.0, 0.0, 0.0], [0.0, 16494632.340089805, 0.0, 0.0], [0.0, 0.0, 164946.32340089805, 0.0], [0.0, 0.0, 0.0, 16494632.340089805]]}","[-0.06399210757488429, -0.1781302700359495, 0.0]",False
3,P02,10e57735-2e6f-4449-b4c9-0da2c57ab8b9,21,1,haply,mpc,seeded_random,1139142485,persist_session,10.0,11.879340438842773,8081.082460087,0,1785831069.881815,241.0,True,careful,adaptive,-0.08,-0.08,0.0,0.08,-0.08,0.0,0.058150035,-0.0782143799999999,0.0,0.053960778,-0.15169992,0.14910014,0.022383263,0.0068301503,-0.00045837232,"[-3.4636881276048084, 6.669618787157259, 0.0, 0.0, 0.0, 0.0, -1.7710961277351709, 4.161831965089876]","[0.43965484070972394, -0.0036709692020848754, 0.0]","{""Controller Type"": ""MPC Controller"", ""weight_comfort"": 446.1406998681776, ""weight_trajectory"": 106613.81910216092, ""weight_goal"": 164946.32340089805, ""Q"": [[106613.81910216092, 0.0, 0.0, 0.0], [0.0, 0.0, 0.0, 0.0], [0.0, 0.0, 106613.81910216092, 0.0], [0.0, 0.0, 0.0, 0.0]], ""R"": [[446.1406998681776, 0.0], [0.0, 446.1406998681776]], ""P"": [[164946.32340089805, 0.0, 0.0, 0.0], [0.0, 16494632.340089805, 0.0, 0.0], [0.0, 0.0, 164946.32340089805, 0.0], [0.0, 0.0, 0.0, 16494632.340089805]]}","[0.4227246396525853, -0.2945175519275056, 0.0]",False
3,P02,10e57735-2e6f-4449-b4c9-0da2c57ab8b9,21,1,haply,mpc,seeded_random,1139142485,persist_session,10.0,11.889405279159545,8081.092524399,0,1785831069.8919468,242.0,True,careful,adaptive,-0.08,-0.08,0.0,0.08,-0.08,0.0,0.058730343,-0.07822654,0.0,0.054154117,-0.15163699,0.14909406,0.02199189,0.006681819,-0.0004360617,"[-3.4299851914905117, 6.556670108585379, 0.0, 0.0, 0.0, 0.0, -1.774239103254657, 4.166539532864841]","[0.20083266700353672, 0.026946505135506556, 0.0]","{""Controller Type"": ""MPC Controller"", ""weight_comfort"": 431.6123101016353, ""weight_trajectory"": 162063.9410821158, ""weight_goal"": 253093.73041316174, ""Q"": [[162063.9410821158, 0.0, 0.0, 0.0], [0.0, 0.0, 0.0, 0.0], [0.0, 0.0, 162063.9410821158, 0.0], [0.0, 0.0, 0.0, 0.0]], ""R"": [[431.6123101016353, 0.0], [0.0, 431.6123101016353]], ""P"": [[253093.73041316174, 0.0, 0.0, 0.0], [0.0, 25309373.041316174, 0.0, 0.0], [0.0, 0.0, 253093.73041316174, 0.0], [0.0, 0.0, 0.0, 25309373.041316174]]}","[0.4227246396525853, -0.2945175519275056, 0.0]",False
3,P02,10e57735-2e6f-4449-b4c9-0da2c57ab8b9,21,1,haply,mpc,seeded_random,1139142485,persist_session,10.0,11.899306564331054,8081.102425058,0,1785831069.9019058,243.0,True,careful,adaptive,-0.08,-0.08,0.0,0.08,-0.08,0.0,0.05931036,-0.0782387,0.0,0.054476183,-0.15153159,0.14908388,0.021862462,0.0066359574,-0.0004252963,"[-3.4543422577142335, 6.612824431195747, 0.0, 0.0, 0.0, 0.0, -1.7739087452686482, 4.166655669360942]","[0.30528147615986045, -0.0018547695537378972, 0.0]","{""Controller Type"": ""MPC Controller"", ""weight_comfort"": 431.6123101016353, ""weight_trajectory"": 162063.9410821158, ""weight_goal"": 253093.73041316174, ""Q"": [[162063.9410821158, 0.0, 0.0, 0.0], [0.0, 0.0, 0.0, 0.0], [0.0, 0.0, 162063.9410821158, 0.0], [0.0, 0.0, 0.0, 0.0]], ""R"": [[431.6123101016353, 0.0], [0.0, 431.6123101016353]], ""P"": [[253093.73041316174, 0.0, 0.0, 0.0], [0.0, 25309373.041316174, 0.0, 0.0], [0.0, 0.0, 253093.73041316174, 0.0], [0.0, 0.0, 0.0, 25309373.041316174]]}","[0.038839979392715336, -0.2027670924572412, 0.0]",False
3,P02,10e57735-2e6f-4449-b4c9-0da2c57ab8b9,21,1,haply,mpc,seeded_random,1139142485,persist_session,10.0,11.909340648651122,8081.112458536,0,1785831069.911857,244.0,True,careful,adaptive,-0.08,-0.08,0.0,0.08,-0.08,0.0,0.0602765579999999,-0.0782590599999999,0.0,0.054733697,-0.15144682,0.14907573,0.021758644,0.006739467,-0.0004863011,"[-3.44967567354733, 6.602371309252248, 0.0, 0.0, 0.0, 0.0, -1.773908685311386, 4.166655694873883]","[0.3131534428916241, -0.001963135713572197, 0.0]","{""Controller Type"": ""MPC Controller"", ""weight_comfort"": 431.6123101016353, ""weight_trajectory"": 162063.9410821158, ""weight_goal"": 253093.73041316174, ""Q"": [[162063.9410821158, 0.0, 0.0, 0.0], [0.0, 0.0, 0.0, 0.0], [0.0, 0.0, 162063.9410821158, 0.0], [0.0, 0.0, 0.0, 0.0]], ""R"": [[431.6123101016353, 0.0], [0.0, 431.6123101016353]], ""P"": [[253093.73041316174, 0.0, 0.0, 0.0], [0.0, 25309373.041316174, 0.0, 0.0], [0.0, 0.0, 253093.73041316174, 0.0], [0.0, 0.0, 0.0, 25309373.041316174]]}","[0.038839979392715336, -0.2027670924572412, 0.0]",False
3,P02,10e57735-2e6f-4449-b4c9-0da2c57ab8b9,21,1,haply,mpc,seeded_random,1139142485,persist_session,10.0,11.919318466186523,8081.122435211,0,1785831069.9220638,245.0,True,careful,adaptive,-0.08,-0.08,0.0,0.08,-0.08,0.0,0.0610490999999999,-0.07827536,0.0,0.0548624,-0.15140425,0.14907163,0.022000916,0.0069478224,-0.00055135146,"[-3.61542973919398, 6.903155367453825, 0.0, 0.0, 0.0, 0.0, -1.7739101026886954, 4.166735112927172]","[0.5989654110255104, -0.0054370813758550475, 0.0]","{""Controller Type"": ""MPC Controller"", ""weight_comfort"": 411.10242701148053, ""weight_trajectory"": 235817.04384708448, ""weight_goal"": 369601.64818098943, ""Q"": [[235817.04384708448, 0.0, 0.0, 0.0], [0.0, 0.0, 0.0, 0.0], [0.0, 0.0, 235817.04384708448, 0.0], [0.0, 0.0, 0.0, 0.0]], ""R"": [[411.10242701148053, 0.0], [0.0, 411.10242701148053]], ""P"": [[369601.64818098943, 0.0, 0.0, 0.0], [0.0, 36960164.81809894, 0.0, 0.0], [0.0, 0.0, 369601.64818098943, 0.0], [0.0, 0.0, 0.0, 36960164.81809894]]}","[-0.6233262899191968, -0.1870948321090379, 0.0]",False
3,P02,10e57735-2e6f-4449-b4c9-0da2c57ab8b9,21,1,haply,mpc,seeded_random,1139142485,persist_session,10.0,11.92951992034912,8081.13262075,0,1785831069.9321537,246.0,True,careful,adaptive,-0.08,-0.08,0.0,0.08,-0.08,0.0,0.061435209,-0.0782835599999999,0.0,0.054991066,-0.1513616,0.14906754,0.021916863,0.007017354,-0.0005902945,"[-3.5255537470617986, 6.730653529590148, 0.0, 0.0, 0.0, 0.0, -1.7739209529500024, 4.166706961548724]","[0.44260492212452296, -0.003594504756397981, 0.0]","{""Controller Type"": ""MPC Controller"", ""weight_comfort"": 411.10242701148053, ""weight_trajectory"": 235817.04384708448, ""weight_goal"": 369601.64818098943, ""Q"": [[235817.04384708448, 0.0, 0.0, 0.0], [0.0, 0.0, 0.0, 0.0], [0.0, 0.0, 235817.04384708448, 0.0], [0.0, 0.0, 0.0, 0.0]], ""R"": [[411.10242701148053, 0.0], [0.0, 411.10242701148053]], ""P"": [[369601.64818098943, 0.0, 0.0, 0.0], [0.0, 36960164.81809894, 0.0, 0.0], [0.0, 0.0, 369601.64818098943, 0.0], [0.0, 0.0, 0.0, 36960164.81809894]]}","[-0.4124331511570859, -0.2066459928718504, 0.0]",False
3,P02,10e57735-2e6f-4449-b4c9-0da2c57ab8b9,21,1,haply,mpc,seeded_random,1139142485,persist_session,10.0,11.939318923950195,8081.142438104,0,1785831069.941744,247.0,True,careful,adaptive,-0.08,-0.08,0.0,0.08,-0.08,0.0,0.0618212069999999,-0.07829174,0.0,0.055183996,-0.15129742,0.1490614,0.021627149,0.006999034,-0.0006118066,"[-3.489706554238742, 6.622032917662737, 0.0, 0.0, 0.0, 0.0, -1.773973416894023, 4.166720952782648]","[0.18862550533969813, -0.0003414383485875433, 0.0]","{""Controller Type"": ""MPC Controller"", ""weight_comfort"": 411.10242701148053, ""weight_trajectory"": 235817.04384708448, ""weight_goal"": 369601.64818098943, ""Q"": [[235817.04384708448, 0.0, 0.0, 0.0], [0.0, 0.0, 0.0, 0.0], [0.0, 0.0, 235817.04384708448, 0.0], [0.0, 0.0, 0.0, 0.0]], ""R"": [[411.10242701148053, 0.0], [0.0, 411.10242701148053]], ""P"": [[369601.64818098943, 0.0, 0.0, 0.0], [0.0, 36960164.81809894, 0.0, 0.0], [0.0, 0.0, 369601.64818098943, 0.0], [0.0, 0.0, 0.0, 36960164.81809894]]}","[0.13609294317900616, -0.21666096082216238, 0.0]",False
3,P02,10e57735-2e6f-4449-b4c9-0da2c57ab8b9,21,1,haply,mpc,seeded_random,1139142485,persist_session,10.0,11.949283866882324,8081.152344505,0,1785831069.9518392,248.0,True,careful,adaptive,-0.08,-0.08,0.0,0.08,-0.08,0.0,0.062399997,-0.0783040199999999,0.0,0.055376865,-0.151233,0.14905523,0.021308523,0.0069570374,-0.0006240816,"[-3.4897429671839473, 6.6221333909384965, 0.0, 0.0, 0.0, 0.0, -1.7739710536474087, 4.16672045795686]","[0.20308450811550904, -0.0005234595520272043, 0.0]","{""Controller Type"": ""MPC Controller"", ""weight_comfort"": 394.91936200567375, ""weight_trajectory"": 297546.20524891006, ""weight_goal"": 468066.0337488207, ""Q"": [[297546.20524891006, 0.0, 0.0, 0.0], [0.0, 0.0, 0.0, 0.0], [0.0, 0.0, 297546.20524891006, 0.0], [0.0, 0.0, 0.0, 0.0]], ""R"": [[394.91936200567375, 0.0], [0.0, 394.91936200567375]], ""P"": [[468066.0337488207, 0.0, 0.0, 0.0], [0.0, 46806603.37488207, 0.0, 0.0], [0.0, 0.0, 468066.0337488207, 0.0], [0.0, 0.0, 0.0, 46806603.37488207]]}","[0.13609294317900616, -0.21666096082216238, 0.0]",False
3,P02,10e57735-2e6f-4449-b4c9-0da2c57ab8b9,21,1,haply,mpc,seeded_random,1139142485,persist_session,10.0,11.959404735565185,8081.162520562,0,1785831069.961801,249.0,True,careful,adaptive,-0.08,-0.08,0.0,0.08,-0.08,0.0,0.062978604,-0.0783163599999999,0.0,0.055569634,-0.15116838,0.14904906,0.021082858,0.0069353506,-0.0006331583,"[-3.5221119972712125, 6.689289837719792, 0.0, 0.0, 0.0, 0.0, -1.7739565219888649, 4.16672834907272]","[0.32153218959941215, -0.002059936030824942, 0.0]","{""Controller Type"": ""MPC Controller"", ""weight_comfort"": 394.91936200567375, ""weight_trajectory"": 297546.20524891006, ""weight_goal"": 468066.0337488207, ""Q"": [[297546.20524891006, 0.0, 0.0, 0.0], [0.0, 0.0, 0.0, 0.0], [0.0, 0.0, 297546.20524891006, 0.0], [0.0, 0.0, 0.0, 0.0]], ""R"": [[394.91936200567375, 0.0], [0.0, 394.91936200567375]], ""P"": [[468066.0337488207, 0.0, 0.0, 0.0], [0.0, 46806603.37488207, 0.0, 0.0], [0.0, 0.0, 468066.0337488207, 0.0], [0.0, 0.0, 0.0, 46806603.37488207]]}","[-0.26090588362544054, -0.2157280593191623, 0.0]",False
3,P02,10e57735-2e6f-4449-b4c9-0da2c57ab8b9,21,1,haply,mpc,seeded_random,1139142485,persist_session,10.0,11.969282655715942,8081.172406567,0,1785831069.9718316,250.0,True,careful,adaptive,-0.08,-0.08,0.0,0.08,-0.08,0.0,0.063556911,-0.0783286999999999,0.0,0.055698108,-0.15112515,0.14904493,0.020878097,0.006912903,-0.0006389733,"[-3.5158772458374683, 6.676618288648617, 0.0, 0.0, 0.0, 0.0, -1.7739564961057908, 4.166728365709194]","[0.32794835352906604, -0.0021747329302950875, 0.0]","{""Controller Type"": ""MPC Controller"", ""weight_comfort"": 394.91936200567375, ""weight_trajectory"": 297546.20524891006, ""weight_goal"": 468066.0337488207, ""Q"": [[297546.20524891006, 0.0, 0.0, 0.0], [0.0, 0.0, 0.0, 0.0], [0.0, 0.0, 297546.20524891006, 0.0], [0.0, 0.0, 0.0, 0.0]], ""R"": [[394.91936200567375, 0.0], [0.0, 394.91936200567375]], ""P"": [[468066.0337488207, 0.0, 0.0, 0.0], [0.0, 46806603.37488207, 0.0, 0.0], [0.0, 0.0, 468066.0337488207, 0.0], [0.0, 0.0, 0.0, 46806603.37488207]]}","[-0.26090588362544054, -0.2157280593191623, 0.0]",False
3,P02,10e57735-2e6f-4449-b4c9-0da2c57ab8b9,21,1,haply,mpc,seeded_random,1139142485,persist_session,10.0,11.979553728103637,8081.182671878,0,1785831069.981802,251.0,True,careful,adaptive,-0.08,-0.08,0.0,0.08,-0.08,0.0,0.063942333,-0.07833696,0.0,0.055762347,-0.15110351,0.14904287,0.020283366,0.006748485,-0.0006287498,"[-3.5066999535775185, 6.658175363219158, 0.0, 0.0, 0.0, 0.0, -1.7739577124001507, 4.16672758147371]","[0.32621483262876066, -0.0021612875742568, 0.0]","{""Controller Type"": ""MPC Controller"", ""weight_comfort"": 373.5649059289253, ""weight_trajectory"": 376106.0109002156, ""weight_goal"": 592602.2002625074, ""Q"": [[376106.0109002156, 0.0, 0.0, 0.0], [0.0, 0.0, 0.0, 0.0], [0.0, 0.0, 376106.0109002156, 0.0], [0.0, 0.0, 0.0, 0.0]], ""R"": [[373.5649059289253, 0.0], [0.0, 373.5649059289253]], ""P"": [[592602.2002625074, 0.0, 0.0, 0.0], [0.0, 59260220.02625074, 0.0, 0.0], [0.0, 0.0, 592602.2002625074, 0.0], [0.0, 0.0, 0.0, 59260220.02625074]]}","[-0.27795245016241776, -0.2141368663611712, 0.0]",False
3,P02,10e57735-2e6f-4449-b4c9-0da2c57ab8b9,21,1,haply,mpc,seeded_random,1139142485,persist_session,10.0,11.989354639053344,8081.192472131,0,1785831069.991869,252.0,True,careful,adaptive,-0.08,-0.08,0.0,0.08,-0.08,0.0,0.06413505,-0.07834108,0.0,0.055890772,-0.15106012,0.14903873,0.018887317,0.0063053053,-0.00059037923,"[-3.4818472766922413, 6.595197890898289, 0.0, 0.0, 0.0, 0.0, -1.7739834490665864, 4.166733037683916]","[0.19903705922425996, -0.0005017245987715946, 0.0]","{""Controller Type"": ""MPC Controller"", ""weight_comfort"": 373.5649059289253, ""weight_trajectory"": 376106.0109002156, ""weight_goal"": 592602.2002625074, ""Q"": [[376106.0109002156, 0.0, 0.0, 0.0], [0.0, 0.0, 0.0, 0.0], [0.0, 0.0, 376106.0109002156, 0.0], [0.0, 0.0, 0.0, 0.0]], ""R"": [[373.5649059289253, 0.0], [0.0, 373.5649059289253]], ""P"": [[592602.2002625074, 0.0, 0.0, 0.0], [0.0, 59260220.02625074, 0.0, 0.0], [0.0, 0.0, 592602.2002625074, 0.0], [0.0, 0.0, 0.0, 59260220.02625074]]}","[-0.02388083624266613, -0.22845726455006943, 0.0]",False
3,P02,10e57735-2e6f-4449-b4c9-0da2c57ab8b9,21,1,haply,mpc,seeded_random,1139142485,persist_session,10.0,11.999177484512328,8081.202293009,0,1785831070.0017974,253.0,True,careful,adaptive,-0.08,-0.08,0.0,0.08,-0.08,0.0,0.0645203249999999,-0.0783493599999999,0.0,0.056019142,-0.15101664,0.1490346,0.017550929,0.0058788196,-0.00055247586,"[-3.4854269102297253, 6.57664939774706, 0.0, 0.0, 0.0, 0.0, -1.7740186111091278, 4.166755209784116]","[0.07060373667728675, 0.0012376748117961505, 0.0]","{""Controller Type"": ""MPC Controller"", ""weight_comfort"": 373.5649059289253, ""weight_trajectory"": 376106.0109002156, ""weight_goal"": 592602.2002625074, ""Q"": [[376106.0109002156, 0.0, 0.0, 0.0], [0.0, 0.0, 0.0, 0.0], [0.0, 0.0, 376106.0109002156, 0.0], [0.0, 0.0, 0.0, 0.0]], ""R"": [[373.5649059289253, 0.0], [0.0, 373.5649059289253]], ""P"": [[592602.2002625074, 0.0, 0.0, 0.0], [0.0, 59260220.02625074, 0.0, 0.0], [0.0, 0.0, 592602.2002625074, 0.0], [0.0, 0.0, 0.0, 59260220.02625074]]}","[0.30182386435627656, -0.23501731969875225, 0.0]",False
3,P02,10e57735-2e6f-4449-b4c9-0da2c57ab8b9,21,1,haply,mpc,seeded_random,1139142485,persist_session,10.0,12.009397773742675,8081.212502742,0,1785831070.01194,254.0,True,careful,adaptive,-0.08,-0.08,0.0,0.08,-0.08,0.0,0.064905435,-0.07835762,0.0,0.056147493,-0.15097304,0.14903048,0.01667302,0.0056046234,-0.00052807323,"[-3.507616879028043, 6.630892639654135, 0.0, 0.0, 0.0, 0.0, -1.7739924033832166, 4.166750085369647]","[0.2030156339819861, -0.0005467041786323913, 0.0]","{""Controller Type"": ""MPC Controller"", ""weight_comfort"": 360.7986438139508, ""weight_trajectory"": 423545.48577256966, ""weight_goal"": 668071.9510267893, ""Q"": [[423545.48577256966, 0.0, 0.0, 0.0], [0.0, 0.0, 0.0, 0.0], [0.0, 0.0, 423545.48577256966, 0.0], [0.0, 0.0, 0.0, 0.0]], ""R"": [[360.7986438139508, 0.0], [0.0, 360.7986438139508]], ""P"": [[668071.9510267893, 0.0, 0.0, 0.0], [0.0, 66807195.102678925, 0.0, 0.0], [0.0, 0.0, 668071.9510267893, 0.0], [0.0, 0.0, 0.0, 66807195.102678925]]}","[-0.049329557979355176, -0.22655408504271318, 0.0]",False
3,P02,10e57735-2e6f-4449-b4c9-0da2c57ab8b9,21,1,haply,mpc,seeded_random,1139142485,persist_session,10.0,12.01921251296997,8081.222326322,0,1785831070.0217998,255.0,True,careful,adaptive,-0.08,-0.08,0.0,0.08,-0.08,0.0,0.065290488,-0.07836586,0.0,0.05627581,-0.15092935,0.14902632,0.015981019,0.0053890375,-0.00050863996,"[-3.5041708789373174, 6.6224930161756586, 0.0, 0.0, 0.0, 0.0, -1.7739939143845875, 4.166750413649856]","[0.19856004546272504, -0.000479786377924439, 0.0]","{""Controller Type"": ""MPC Controller"", ""weight_comfort"": 360.7986438139508, ""weight_trajectory"": 423545.48577256966, ""weight_goal"": 668071.9510267893, ""Q"": [[423545.48577256966, 0.0, 0.0, 0.0], [0.0, 0.0, 0.0, 0.0], [0.0, 0.0, 423545.48577256966, 0.0], [0.0, 0.0, 0.0, 0.0]], ""R"": [[360.7986438139508, 0.0], [0.0, 360.7986438139508]], ""P"": [[668071.9510267893, 0.0, 0.0, 0.0], [0.0, 66807195.102678925, 0.0, 0.0], [0.0, 0.0, 668071.9510267893, 0.0], [0.0, 0.0, 0.0, 66807195.102678925]]}","[-0.0741965748885367, -0.22997923802563858, 0.0]",False
3,P02,10e57735-2e6f-4449-b4c9-0da2c57ab8b9,21,1,haply,mpc,seeded_random,1139142485,persist_session,10.0,12.029305248260497,8081.232424726,0,1785831070.0317614,256.0,True,careful,adaptive,-0.08,-0.08,0.0,0.08,-0.08,0.0,0.065675439,-0.07837418,0.0,0.056339968,-0.15090744,0.14902425,0.015142528,0.0051201554,-0.00048378232,"[-3.5028687897130397, 6.619449836697299, 0.0, 0.0, 0.0, 0.0, -1.7739929510643038, 4.166750239400924]","[0.20698268719466345, -0.0005832700025193865, 0.0]","{""Controller Type"": ""MPC Controller"", ""weight_comfort"": 360.7986438139508, ""weight_trajectory"": 423545.48577256966, ""weight_goal"": 668071.9510267893, ""Q"": [[423545.48577256966, 0.0, 0.0, 0.0], [0.0, 0.0, 0.0, 0.0], [0.0, 0.0, 423545.48577256966, 0.0], [0.0, 0.0, 0.0, 0.0]], ""R"": [[360.7986438139508, 0.0], [0.0, 360.7986438139508]], ""P"": [[668071.9510267893, 0.0, 0.0, 0.0], [0.0, 66807195.102678925, 0.0, 0.0], [0.0, 0.0, 668071.9510267893, 0.0], [0.0, 0.0, 0.0, 66807195.102678925]]}","[-0.1154236468969922, -0.22715988576637056, 0.0]",False
3,P02,10e57735-2e6f-4449-b4c9-0da2c57ab8b9,21,1,haply,mpc,seeded_random,1139142485,persist_session,10.0,12.039346723556518,8081.242458819,0,1785831070.041953,257.0,True,careful,adaptive,-0.08,-0.08,0.0,0.08,-0.08,0.0,0.065867913,-0.07837832,0.0,0.056404095,-0.15088555,0.14902218,0.0141424155,0.004793544,-0.00045321017,"[-3.499544425216682, 6.611768669664188, 0.0, 0.0, 0.0, 0.0, -1.773993342637275, 4.166750308061704]","[0.20537225543457138, -0.0005959042114504162, 0.0]","{""Controller Type"": ""MPC Controller"", ""weight_comfort"": 344.3496376594052, ""weight_trajectory"": 484284.2587637195, ""weight_goal"": 764530.1225476848, ""Q"": [[484284.2587637195, 0.0, 0.0, 0.0], [0.0, 0.0, 0.0, 0.0], [0.0, 0.0, 484284.2587637195, 0.0], [0.0, 0.0, 0.0, 0.0]], ""R"": [[344.3496376594052, 0.0], [0.0, 344.3496376594052]], ""P"": [[764530.1225476848, 0.0, 0.0, 0.0], [0.0, 76453012.25476848, 0.0, 0.0], [0.0, 0.0, 764530.1225476848, 0.0], [0.0, 0.0, 0.0, 76453012.25476848]]}","[-0.1154236468969922, -0.22715988576637056, 0.0]",False
3,P02,10e57735-2e6f-4449-b4c9-0da2c57ab8b9,21,1,haply,mpc,seeded_random,1139142485,persist_session,10.0,12.049303560256957,8081.252424799,0,1785831070.0520215,258.0,True,careful,adaptive,-0.08,-0.08,0.0,0.08,-0.08,0.0,0.066060294,-0.0783824599999999,0.0,0.056468237,-0.15086362,0.14902009,0.013154379,0.004467788,-0.00042255325,"[-3.5001789448173084, 6.591267973410761, 0.0, 0.0, 0.0, 0.0, -1.7740281745083883, 4.166772112650259]","[0.07501102919528889, 0.0011843455391855715, 0.0]","{""Controller Type"": ""MPC Controller"", ""weight_comfort"": 344.3496376594052, ""weight_trajectory"": 484284.2587637195, ""weight_goal"": 764530.1225476848, ""Q"": [[484284.2587637195, 0.0, 0.0, 0.0], [0.0, 0.0, 0.0, 0.0], [0.0, 0.0, 484284.2587637195, 0.0], [0.0, 0.0, 0.0, 0.0]], ""R"": [[344.3496376594052, 0.0], [0.0, 344.3496376594052]], ""P"": [[764530.1225476848, 0.0, 0.0, 0.0], [0.0, 76453012.25476848, 0.0, 0.0], [0.0, 0.0, 764530.1225476848, 0.0], [0.0, 0.0, 0.0, 76453012.25476848]]}","[0.19522197647103814, -0.23872141201514901, 0.0]",False
3,P02,10e57735-2e6f-4449-b4c9-0da2c57ab8b9,21,1,haply,mpc,seeded_random,1139142485,persist_session,10.0,12.059277801513671,8081.262400515,0,1785831070.0619369,259.0,True,careful,adaptive,-0.08,-0.08,0.0,0.08,-0.08,0.0,0.0662527199999999,-0.07838664,0.0,0.05659646,-0.15081966,0.14901593,0.012329413,0.004197658,-0.00039700075,"[-3.5001773612744747, 6.590686467930445, 0.0, 0.0, 0.0, 0.0, -1.7740267765942679, 4.166771243908314]","[0.0771392669284798, 0.0011562379384981807, 0.0]","{""Controller Type"": ""MPC Controller"", ""weight_comfort"": 344.3496376594052, ""weight_trajectory"": 484284.2587637195, ""weight_goal"": 764530.1225476848, ""Q"": [[484284.2587637195, 0.0, 0.0, 0.0], [0.0, 0.0, 0.0, 0.0], [0.0, 0.0, 484284.2587637195, 0.0], [0.0, 0.0, 0.0, 0.0]], ""R"": [[344.3496376594052, 0.0], [0.0, 344.3496376594052]], ""P"": [[764530.1225476848, 0.0, 0.0, 0.0], [0.0, 76453012.25476848, 0.0, 0.0], [0.0, 0.0, 764530.1225476848, 0.0], [0.0, 0.0, 0.0, 76453012.25476848]]}","[0.1842136668949957, -0.23800714357150346, 0.0]",False
3,P02,10e57735-2e6f-4449-b4c9-0da2c57ab8b9,21,1,haply,mpc,seeded_random,1139142485,persist_session,10.0,12.069266347885131,8081.272377833,0,1785831070.0719185,260.0,True,careful,adaptive,-0.08,-0.08,0.0,0.08,-0.08,0.0,0.066637389,-0.07839496,0.0,0.056724656,-0.1507756,0.14901178,0.011825776,0.004036415,-0.00038164094,"[-3.500156147946066, 6.590140222370127, 0.0, 0.0, 0.0, 0.0, -1.7740249704570439, 4.166770137304485]","[0.07977948005899181, 0.001105519656853862, 0.0]","{""Controller Type"": ""MPC Controller"", ""weight_comfort"": 335.786342414667, ""weight_trajectory"": 516066.5745882679, ""weight_goal"": 815176.5361250084, ""Q"": [[516066.5745882679, 0.0, 0.0, 0.0], [0.0, 0.0, 0.0, 0.0], [0.0, 0.0, 516066.5745882679, 0.0], [0.0, 0.0, 0.0, 0.0]], ""R"": [[335.786342414667, 0.0], [0.0, 335.786342414667]], ""P"": [[815176.5361250084, 0.0, 0.0, 0.0], [0.0, 81517653.61250083, 0.0, 0.0], [0.0, 0.0, 815176.5361250084, 0.0], [0.0, 0.0, 0.0, 81517653.61250083]]}","[0.17185294686411645, -0.23719260666796999, 0.0]",False
3,P02,10e57735-2e6f-4449-b4c9-0da2c57ab8b9,21,1,haply,mpc,seeded_random,1139142485,persist_session,10.0,12.079560070037841,8081.282668618,0,1785831070.081848,261.0,True,careful,adaptive,-0.08,-0.08,0.0,0.08,-0.08,0.0,0.067021977,-0.0784032599999999,0.0,0.056864504,-0.15078962,0.14904007,0.011576313,0.003961543,-0.0003743828,"[-3.5247246474606335, 6.644468056719194, 0.0, 0.0, 0.0, 0.0, -1.7740008046810558, 4.166766229752174]","[0.20896289343617525, -0.0006257866139032396, 0.0]","{""Controller Type"": ""MPC Controller"", ""weight_comfort"": 335.786342414667, ""weight_trajectory"": 516066.5745882679, ""weight_goal"": 815176.5361250084, ""Q"": [[516066.5745882679, 0.0, 0.0, 0.0], [0.0, 0.0, 0.0, 0.0], [0.0, 0.0, 516066.5745882679, 0.0], [0.0, 0.0, 0.0, 0.0]], ""R"": [[335.786342414667, 0.0], [0.0, 335.786342414667]], ""P"": [[815176.5361250084, 0.0, 0.0, 0.0], [0.0, 81517653.61250083, 0.0, 0.0], [0.0, 0.0, 815176.5361250084, 0.0], [0.0, 0.0, 0.0, 81517653.61250083]]}","[-0.18744390716515108, -0.23092690088608395, 0.0]",False
3,P02,10e57735-2e6f-4449-b4c9-0da2c57ab8b9,21,1,haply,mpc,seeded_random,1139142485,persist_session,10.0,12.089529781341552,8081.292646152,0,1785831070.091908,262.0,True,careful,adaptive,-0.08,-0.08,0.0,0.08,-0.08,0.0,0.067441521,-0.07834668,0.0,0.056864504,-0.15078962,0.14904007,0.01131418,0.003816905,-0.00033317055,"[-3.521865461325529, 6.63827035602888, 0.0, 0.0, 0.0, 0.0, -1.7740010480485924, 4.166766266595708]","[0.2114016397163625, -0.0006502974491121769, 0.0]","{""Controller Type"": ""MPC Controller"", ""weight_comfort"": 335.786342414667, ""weight_trajectory"": 516066.5745882679, ""weight_goal"": 815176.5361250084, ""Q"": [[516066.5745882679, 0.0, 0.0, 0.0], [0.0, 0.0, 0.0, 0.0], [0.0, 0.0, 516066.5745882679, 0.0], [0.0, 0.0, 0.0, 0.0]], ""R"": [[335.786342414667, 0.0], [0.0, 335.786342414667]], ""P"": [[815176.5361250084, 0.0, 0.0, 0.0], [0.0, 81517653.61250083, 0.0, 0.0], [0.0, 0.0, 815176.5361250084, 0.0], [0.0, 0.0, 0.0, 81517653.61250083]]}","[-0.20484217268310026, -0.22961621695919726, 0.0]",False
3,P02,10e57735-2e6f-4449-b4c9-0da2c57ab8b9,21,1,haply,mpc,seeded_random,1139142485,persist_session,10.0,12.099390773773193,8081.302491752,0,1785831070.1018834,263.0,True,careful,adaptive,-0.08,-0.08,0.0,0.08,-0.08,0.0,0.067441521,-0.07834668,0.0,0.05693484,-0.15080748,0.1489838,0.010826908,0.0035943347,-0.0002852522,"[-3.5229610269797837, 6.640520636796321, 0.0, 0.0, 0.0, 0.0, -1.776703066137843, 4.170841337650292]","[0.2326989851733852, 0.026395719951913445, 0.0]","{""Controller Type"": ""MPC Controller"", ""weight_comfort"": 316.9727000559651, ""weight_trajectory"": 585193.5436035426, ""weight_goal"": 924665.1517575925, ""Q"": [[585193.5436035426, 0.0, 0.0, 0.0], [0.0, 0.0, 0.0, 0.0], [0.0, 0.0, 585193.5436035426, 0.0], [0.0, 0.0, 0.0, 0.0]], ""R"": [[316.9727000559651, 0.0], [0.0, 316.9727000559651]], ""P"": [[924665.1517575925, 0.0, 0.0, 0.0], [0.0, 92466515.17575924, 0.0, 0.0], [0.0, 0.0, 924665.1517575925, 0.0], [0.0, 0.0, 0.0, 92466515.17575924]]}","[-0.27215515918735184, -0.35130204264559667, 0.0]",False
3,P02,10e57735-2e6f-4449-b4c9-0da2c57ab8b9,21,1,haply,mpc,seeded_random,1139142485,persist_session,10.0,12.109462766647338,8081.312579534,0,1785831070.1118171,264.0,True,careful,adaptive,-0.08,-0.08,0.0,0.08,-0.08,0.0,0.067652529,-0.07845922,0.0,0.05706302,-0.15076315,0.14897963,0.010346655,0.0033889054,-0.00024557833,"[-3.573527299455424, 6.677435958277322, 0.0, 0.0, 0.0, 0.0, -1.7760713535342552, 4.1702952962128474]","[-0.04487806754613764, 0.0029364142902252545, 0.0]","{""Controller Type"": ""MPC Controller"", ""weight_comfort"": 316.9727000559651, ""weight_trajectory"": 585193.5436035426, ""weight_goal"": 924665.1517575925, ""Q"": [[585193.5436035426, 0.0, 0.0, 0.0], [0.0, 0.0, 0.0, 0.0], [0.0, 0.0, 585193.5436035426, 0.0], [0.0, 0.0, 0.0, 0.0]], ""R"": [[316.9727000559651, 0.0], [0.0, 316.9727000559651]], ""P"": [[924665.1517575925, 0.0, 0.0, 0.0], [0.0, 92466515.17575924, 0.0, 0.0], [0.0, 0.0, 924665.1517575925, 0.0], [0.0, 0.0, 0.0, 92466515.17575924]]}","[0.05875632632426951, -0.03986778709904028, 0.0]",False
3,P02,10e57735-2e6f-4449-b4c9-0da2c57ab8b9,21,1,haply,mpc,seeded_random,1139142485,persist_session,10.0,12.119678764343261,8081.322771133,0,1785831070.1218562,265.0,True,careful,adaptive,-0.08,-0.08,0.0,0.08,-0.08,0.0,0.068037069,-0.0784675599999999,0.0,0.057191167,-0.15071873,0.14897545,0.010049246,0.0032615922,-0.00021953403,"[-3.579808203939643, 6.706002235632385, 0.0, 0.0, 0.0, 0.0, -1.7821737577856123, 4.181817720775997]","[0.09824470902674512, -0.044630295531515464, 0.0]","{""Controller Type"": ""MPC Controller"", ""weight_comfort"": 316.9727000559651, ""weight_trajectory"": 585193.5436035426, ""weight_goal"": 924665.1517575925, ""Q"": [[585193.5436035426, 0.0, 0.0, 0.0], [0.0, 0.0, 0.0, 0.0], [0.0, 0.0, 585193.5436035426, 0.0], [0.0, 0.0, 0.0, 0.0]], ""R"": [[316.9727000559651, 0.0], [0.0, 316.9727000559651]], ""P"": [[924665.1517575925, 0.0, 0.0, 0.0], [0.0, 92466515.17575924, 0.0, 0.0], [0.0, 0.0, 924665.1517575925, 0.0], [0.0, 0.0, 0.0, 92466515.17575924]]}","[0.05875632632426951, -0.03986778709904028, 0.0]",False
3,P02,10e57735-2e6f-4449-b4c9-0da2c57ab8b9,21,1,haply,mpc,seeded_random,1139142485,persist_session,10.0,12.129340438842773,8081.332452103,0,1785831070.1318555,266.0,True,careful,adaptive,-0.08,-0.08,0.0,0.08,-0.08,0.0,0.06842151,-0.0784759199999999,0.0,0.057267066,-0.15075456,0.1490058,0.009983377,0.0032539086,-0.00022179281,"[-3.6029654896300713, 6.754387275930041, 0.0, 0.0, 0.0, 0.0, -1.7827494391688785, 4.1818773932921305]","[0.2156198083800864, -0.000742148532966913, 0.0]","{""Controller Type"": ""MPC Controller"", ""weight_comfort"": 307.1101291656457, ""weight_trajectory"": 621421.9602253519, ""weight_goal"": 981962.0231825839, ""Q"": [[621421.9602253519, 0.0, 0.0, 0.0], [0.0, 0.0, 0.0, 0.0], [0.0, 0.0, 621421.9602253519, 0.0], [0.0, 0.0, 0.0, 0.0]], ""R"": [[307.1101291656457, 0.0], [0.0, 307.1101291656457]], ""P"": [[981962.0231825839, 0.0, 0.0, 0.0], [0.0, 98196202.31825839, 0.0, 0.0], [0.0, 0.0, 981962.0231825839, 0.0], [0.0, 0.0, 0.0, 98196202.31825839]]}","[-0.28201398377642284, -0.22437935225929787, 0.0]",False
3,P02,10e57735-2e6f-4449-b4c9-0da2c57ab8b9,21,1,haply,mpc,seeded_random,1139142485,persist_session,10.0,12.139312772750854,8081.342427252,0,1785831070.141955,267.0,True,careful,adaptive,-0.08,-0.08,0.0,0.08,-0.08,0.0,0.0686492069999999,-0.07841522,0.0,0.057331156,-0.1507323,0.14900371,0.00994495,0.0031692693,-0.00017983565,"[-3.599693360187929, 6.747666313236414, 0.0, 0.0, 0.0, 0.0, -1.7827495737782801, 4.181877404926034]","[0.217747747995291, -0.0007792499495144455, 0.0]","{""Controller Type"": ""MPC Controller"", ""weight_comfort"": 307.1101291656457, ""weight_trajectory"": 621421.9602253519, ""weight_goal"": 981962.0231825839, ""Q"": [[621421.9602253519, 0.0, 0.0, 0.0], [0.0, 0.0, 0.0, 0.0], [0.0, 0.0, 621421.9602253519, 0.0], [0.0, 0.0, 0.0, 0.0]], ""R"": [[307.1101291656457, 0.0], [0.0, 307.1101291656457]], ""P"": [[981962.0231825839, 0.0, 0.0, 0.0], [0.0, 98196202.31825839, 0.0, 0.0], [0.0, 0.0, 981962.0231825839, 0.0], [0.0, 0.0, 0.0, 98196202.31825839]]}","[-0.28201398377642284, -0.22437935225929787, 0.0]",False
3,P02,10e57735-2e6f-4449-b4c9-0da2c57ab8b9,21,1,haply,mpc,seeded_random,1139142485,persist_session,10.0,12.149441986083984,8081.352563571,0,1785831070.1517258,268.0,True,careful,adaptive,-0.08,-0.08,0.0,0.08,-0.08,0.0,0.068841477,-0.0784193999999999,0.0,0.05739521,-0.15070997,0.14900161,0.009715439,0.003037666,-0.00014234695,"[-3.5913114242767032, 6.720503959397186, 0.0, 0.0, 0.0, 0.0, -1.7857317825920185, 4.1864264890308664]","[0.11075337458150442, 0.02799146802660688, 0.0]","{""Controller Type"": ""MPC Controller"", ""weight_comfort"": 307.1101291656457, ""weight_trajectory"": 621421.9602253519, ""weight_goal"": 981962.0231825839, ""Q"": [[621421.9602253519, 0.0, 0.0, 0.0], [0.0, 0.0, 0.0, 0.0], [0.0, 0.0, 621421.9602253519, 0.0], [0.0, 0.0, 0.0, 0.0]], ""R"": [[307.1101291656457, 0.0], [0.0, 307.1101291656457]], ""P"": [[981962.0231825839, 0.0, 0.0, 0.0], [0.0, 98196202.31825839, 0.0, 0.0], [0.0, 0.0, 981962.0231825839, 0.0], [0.0, 0.0, 0.0, 98196202.31825839]]}","[0.03620053972018328, -0.24048691036506986, 0.0]",False
3,P02,10e57735-2e6f-4449-b4c9-0da2c57ab8b9,21,1,haply,mpc,seeded_random,1139142485,persist_session,10.0,12.159265308380126,8081.362376389,0,1785831070.161881,269.0,True,careful,adaptive,-0.08,-0.08,0.0,0.08,-0.08,0.0,0.069033639,-0.0784235999999999,0.0,0.057535257,-0.15072331,0.1490299,0.009485098,0.002856702,-7.8769895e-05,"[-3.5901082293029587, 6.715420033743184, 0.0, 0.0, 0.0, 0.0, -1.7851904145949102, 4.186101208013779]","[0.09208491644592597, 0.001030848565094689, 0.0]","{""Controller Type"": ""MPC Controller"", ""weight_comfort"": 293.4557989387089, ""weight_trajectory"": 671902.9540899809, ""weight_goal"": 1062320.9160257198, ""Q"": [[671902.9540899809, 0.0, 0.0, 0.0], [0.0, 0.0, 0.0, 0.0], [0.0, 0.0, 671902.9540899809, 0.0], [0.0, 0.0, 0.0, 0.0]], ""R"": [[293.4557989387089, 0.0], [0.0, 293.4557989387089]], ""P"": [[1062320.9160257198, 0.0, 0.0, 0.0], [0.0, 106232091.60257198, 0.0, 0.0], [0.0, 0.0, 1062320.9160257198, 0.0], [0.0, 0.0, 0.0, 106232091.60257198]]}","[0.03620053972018328, -0.24048691036506986, 0.0]",False
3,P02,10e57735-2e6f-4449-b4c9-0da2c57ab8b9,21,1,haply,mpc,seeded_random,1139142485,persist_session,10.0,12.169309406280517,8081.372428882,0,1785831070.1717153,270.0,True,careful,adaptive,-0.08,-0.08,0.0,0.08,-0.08,0.0,0.0694537799999999,-0.07836702,0.0,0.057675365,-0.15073654,0.1490582,0.009454712,0.0024901095,0.000113750466,"[-3.589659043786136, 6.713391111661478, 0.0, 0.0, 0.0, 0.0, -1.7851906770451502, 4.186101368449362]","[0.08766878510834106, 0.001082881837851922, 0.0]","{""Controller Type"": ""MPC Controller"", ""weight_comfort"": 293.4557989387089, ""weight_trajectory"": 671902.9540899809, ""weight_goal"": 1062320.9160257198, ""Q"": [[671902.9540899809, 0.0, 0.0, 0.0], [0.0, 0.0, 0.0, 0.0], [0.0, 0.0, 671902.9540899809, 0.0], [0.0, 0.0, 0.0, 0.0]], ""R"": [[293.4557989387089, 0.0], [0.0, 293.4557989387089]], ""P"": [[1062320.9160257198, 0.0, 0.0, 0.0], [0.0, 106232091.60257198, 0.0, 0.0], [0.0, 0.0, 1062320.9160257198, 0.0], [0.0, 0.0, 0.0, 106232091.60257198]]}","[-0.4058866335713954, -0.36145714277653945, 0.0]",False
3,P02,10e57735-2e6f-4449-b4c9-0da2c57ab8b9,21,1,haply,mpc,seeded_random,1139142485,persist_session,10.0,12.179641752243041,8081.382751558,0,1785831070.181988,271.0,True,careful,adaptive,-0.08,-0.08,0.0,0.08,-0.08,0.0,0.0698741039999999,-0.0783104199999999,0.0,0.057803493,-0.15069163,0.14905398,0.009546456,0.0021580488,0.0003069875,"[-3.633425196475396, 6.7967363404334, 0.0, 0.0, 0.0, 0.0, -1.7878814819093507, 4.190174723906381]","[0.2520516014530374, 0.027027069672280156, 0.0]","{""Controller Type"": ""MPC Controller"", ""weight_comfort"": 293.4557989387089, ""weight_trajectory"": 671902.9540899809, ""weight_goal"": 1062320.9160257198, ""Q"": [[671902.9540899809, 0.0, 0.0, 0.0], [0.0, 0.0, 0.0, 0.0], [0.0, 0.0, 671902.9540899809, 0.0], [0.0, 0.0, 0.0, 0.0]], ""R"": [[293.4557989387089, 0.0], [0.0, 293.4557989387089]], ""P"": [[1062320.9160257198, 0.0, 0.0, 0.0], [0.0, 106232091.60257198, 0.0, 0.0], [0.0, 0.0, 1062320.9160257198, 0.0], [0.0, 0.0, 0.0, 106232091.60257198]]}","[-0.4058866335713954, -0.36145714277653945, 0.0]",False
3,P02,10e57735-2e6f-4449-b4c9-0da2c57ab8b9,21,1,haply,mpc,seeded_random,1139142485,persist_session,10.0,12.189408569335937,8081.392515468,0,1785831070.1917598,272.0,True,careful,adaptive,-0.08,-0.08,0.0,0.08,-0.08,0.0,0.070258488,-0.0783188599999999,0.0,0.057943683,-0.15070465,0.14908235,0.009850802,0.001937079,0.00047427375,"[-3.625385816742004, 6.781414509034018, 0.0, 0.0, 0.0, 0.0, -1.7876630761962948, 4.189846864955921]","[0.240761057649589, 0.026105312095441906, 0.0]","{""Controller Type"": ""MPC Controller"", ""weight_comfort"": 274.93844631291154, ""weight_trajectory"": 740052.4606985671, ""weight_goal"": 1170172.7135749215, ""Q"": [[740052.4606985671, 0.0, 0.0, 0.0], [0.0, 0.0, 0.0, 0.0], [0.0, 0.0, 740052.4606985671, 0.0], [0.0, 0.0, 0.0, 0.0]], ""R"": [[274.93844631291154, 0.0], [0.0, 274.93844631291154]], ""P"": [[1170172.7135749215, 0.0, 0.0, 0.0], [0.0, 117017271.35749215, 0.0, 0.0], [0.0, 0.0, 1170172.7135749215, 0.0], [0.0, 0.0, 0.0, 117017271.35749215]]}","[-0.3867256526227576, -0.2543804905294431, 0.0]",False
3,P02,10e57735-2e6f-4449-b4c9-0da2c57ab8b9,21,1,haply,mpc,seeded_random,1139142485,persist_session,10.0,12.199247388839721,8081.402358005,0,1785831070.2018642,273.0,True,careful,adaptive,-0.08,-0.08,0.0,0.08,-0.08,0.0,0.070679058,-0.0782621199999999,0.0,0.058019836,-0.15074007,0.14911278,0.010110114,0.0015082966,0.0007447103,"[-3.618103947319582, 6.76753331455126, 0.0, 0.0, 0.0, 0.0, -1.7872488318559892, 4.189774307282479]","[0.23096156591246017, -0.0006141250304323967, 0.0]","{""Controller Type"": ""MPC Controller"", ""weight_comfort"": 274.93844631291154, ""weight_trajectory"": 740052.4606985671, ""weight_goal"": 1170172.7135749215, ""Q"": [[740052.4606985671, 0.0, 0.0, 0.0], [0.0, 0.0, 0.0, 0.0], [0.0, 0.0, 740052.4606985671, 0.0], [0.0, 0.0, 0.0, 0.0]], ""R"": [[274.93844631291154, 0.0], [0.0, 274.93844631291154]], ""P"": [[1170172.7135749215, 0.0, 0.0, 0.0], [0.0, 117017271.35749215, 0.0, 0.0], [0.0, 0.0, 1170172.7135749215, 0.0], [0.0, 0.0, 0.0, 117017271.35749215]]}","[-0.3867256526227576, -0.2543804905294431, 0.0]",False
3,P02,10e57735-2e6f-4449-b4c9-0da2c57ab8b9,21,1,haply,mpc,seeded_random,1139142485,persist_session,10.0,12.20938733100891,8081.412498415,0,1785831070.211738,274.0,True,careful,adaptive,-0.08,-0.08,0.0,0.08,-0.08,0.0,0.070907517,-0.07820126,0.0,0.058147967,-0.15069488,0.14910856,0.010264534,0.0010845306,0.0009962006,"[-3.6176583613808875, 6.766708614198273, 0.0, 0.0, 0.0, 0.0, -1.7900066637924636, 4.193909979243061]","[0.247926588850686, 0.02666115455500607, 0.0]","{""Controller Type"": ""MPC Controller"", ""weight_comfort"": 274.93844631291154, ""weight_trajectory"": 740052.4606985671, ""weight_goal"": 1170172.7135749215, ""Q"": [[740052.4606985671, 0.0, 0.0, 0.0], [0.0, 0.0, 0.0, 0.0], [0.0, 0.0, 740052.4606985671, 0.0], [0.0, 0.0, 0.0, 0.0]], ""R"": [[274.93844631291154, 0.0], [0.0, 274.93844631291154]], ""P"": [[1170172.7135749215, 0.0, 0.0, 0.0], [0.0, 117017271.35749215, 0.0, 0.0], [0.0, 0.0, 1170172.7135749215, 0.0], [0.0, 0.0, 0.0, 117017271.35749215]]}","[-0.11749836657727274, -0.3992702641889088, 0.0]",False
3,P02,10e57735-2e6f-4449-b4c9-0da2c57ab8b9,21,1,haply,mpc,seeded_random,1139142485,persist_session,10.0,12.219643383026122,8081.422753899,0,1785831070.2217262,275.0,True,careful,adaptive,-0.08,-0.08,0.0,0.08,-0.08,0.0,0.07129191,-0.0782097,0.0,0.058276065,-0.15064958,0.14910433,0.010386677,0.00078873284,0.0011749117,"[-3.602500074518382, 6.730044577060748, 0.0, 0.0, 0.0, 0.0, -1.7901351964657237, 4.1941039756162635]","[0.12296237256934206, 0.029071375801122304, 0.0]","{""Controller Type"": ""MPC Controller"", ""weight_comfort"": 255.6663287098606, ""weight_trajectory"": 811177.5029082737, ""weight_goal"": 1283337.8198631376, ""Q"": [[811177.5029082737, 0.0, 0.0, 0.0], [0.0, 0.0, 0.0, 0.0], [0.0, 0.0, 811177.5029082737, 0.0], [0.0, 0.0, 0.0, 0.0]], ""R"": [[255.6663287098606, 0.0], [0.0, 255.6663287098606]], ""P"": [[1283337.8198631376, 0.0, 0.0, 0.0], [0.0, 128333781.98631376, 0.0, 0.0], [0.0, 0.0, 1283337.8198631376, 0.0], [0.0, 0.0, 0.0, 128333781.98631376]]}","[-0.11749836657727274, -0.3992702641889088, 0.0]",False
3,P02,10e57735-2e6f-4449-b4c9-0da2c57ab8b9,21,1,haply,mpc,seeded_random,1139142485,persist_session,10.0,12.229516296386718,8081.432618582,0,1785831070.23183,276.0,True,careful,adaptive,-0.08,-0.08,0.0,0.08,-0.08,0.0,0.071676204,-0.0782181599999999,0.0,0.058340106,-0.15062687,0.14910221,0.010498326,0.0005748416,0.0013089536,"[-3.62727813199642, 6.776030239083153, 0.0, 0.0, 0.0, 0.0, -1.789628029458785, 4.193967167767328]","[0.22919031382012817, -0.00033996530958566593, 0.0]","{""Controller Type"": ""MPC Controller"", ""weight_comfort"": 255.6663287098606, ""weight_trajectory"": 811177.5029082737, ""weight_goal"": 1283337.8198631376, ""Q"": [[811177.5029082737, 0.0, 0.0, 0.0], [0.0, 0.0, 0.0, 0.0], [0.0, 0.0, 811177.5029082737, 0.0], [0.0, 0.0, 0.0, 0.0]], ""R"": [[255.6663287098606, 0.0], [0.0, 255.6663287098606]], ""P"": [[1283337.8198631376, 0.0, 0.0, 0.0], [0.0, 128333781.98631376, 0.0, 0.0], [0.0, 0.0, 1283337.8198631376, 0.0], [0.0, 0.0, 0.0, 128333781.98631376]]}","[-0.4214063259543716, -0.2741515192855965, 0.0]",False
3,P02,10e57735-2e6f-4449-b4c9-0da2c57ab8b9,21,1,haply,mpc,seeded_random,1139142485,persist_session,10.0,12.23939016342163,8081.442503515,0,1785831070.2420976,277.0,True,careful,adaptive,-0.08,-0.08,0.0,0.08,-0.08,0.0,0.071868327,-0.0782223999999999,0.0,0.058404125,-0.15060417,0.1491001,0.01042684,0.0010964287,0.0010249432,"[-3.6221130380475874, 6.766529567823039, 0.0, 0.0, 0.0, 0.0, -1.789628812809598, 4.193967382523746]","[0.22721500356519445, -0.0003228471926710482, 0.0]","{""Controller Type"": ""MPC Controller"", ""weight_comfort"": 255.6663287098606, ""weight_trajectory"": 811177.5029082737, ""weight_goal"": 1283337.8198631376, ""Q"": [[811177.5029082737, 0.0, 0.0, 0.0], [0.0, 0.0, 0.0, 0.0], [0.0, 0.0, 811177.5029082737, 0.0], [0.0, 0.0, 0.0, 0.0]], ""R"": [[255.6663287098606, 0.0], [0.0, 255.6663287098606]], ""P"": [[1283337.8198631376, 0.0, 0.0, 0.0], [0.0, 128333781.98631376, 0.0, 0.0], [0.0, 0.0, 1283337.8198631376, 0.0], [0.0, 0.0, 0.0, 128333781.98631376]]}","[-0.4214063259543716, -0.2741515192855965, 0.0]",False
3,P02,10e57735-2e6f-4449-b4c9-0da2c57ab8b9,21,1,haply,mpc,seeded_random,1139142485,persist_session,10.0,12.249187974929809,8081.452302351,0,1785831070.251945,278.0,True,careful,adaptive,-0.08,-0.08,0.0,0.08,-0.08,0.0,0.072060384,-0.0782266199999999,0.0,0.058480423,-0.15063936,0.14913055,0.010388311,0.0014424837,0.0008388169,"[-3.61147810673754, 6.738217978418392, 0.0, 0.0, 0.0, 0.0, -1.789667541857222, 4.193992458808613]","[0.09671368147490167, 0.001449428741844628, 0.0]","{""Controller Type"": ""MPC Controller"", ""weight_comfort"": 236.91301068225667, ""weight_trajectory"": 880298.9272425425, ""weight_goal"": 1393074.5689587188, ""Q"": [[880298.9272425425, 0.0, 0.0, 0.0], [0.0, 0.0, 0.0, 0.0], [0.0, 0.0, 880298.9272425425, 0.0], [0.0, 0.0, 0.0, 0.0]], ""R"": [[236.91301068225667, 0.0], [0.0, 236.91301068225667]], ""P"": [[1393074.5689587188, 0.0, 0.0, 0.0], [0.0, 139307456.89587188, 0.0, 0.0], [0.0, 0.0, 1393074.5689587188, 0.0], [0.0, 0.0, 0.0, 139307456.89587188]]}","[-0.07902258692131973, -0.2811165217660568, 0.0]",False
3,P02,10e57735-2e6f-4449-b4c9-0da2c57ab8b9,21,1,haply,mpc,seeded_random,1139142485,persist_session,10.0,12.259264736175536,8081.462390888,0,1785831070.262112,279.0,True,careful,adaptive,-0.08,-0.08,0.0,0.08,-0.08,0.0,0.0722892779999999,-0.07816572,0.0,0.058608472,-0.15059377,0.1491263,0.01047409,0.0015308921,0.00080838375,"[-3.611341220834618, 6.737876388425991, 0.0, 0.0, 0.0, 0.0, -1.7896647001873072, 4.193990650209872]","[0.10273826699223533, 0.0013764653449275502, 0.0]","{""Controller Type"": ""MPC Controller"", ""weight_comfort"": 236.91301068225667, ""weight_trajectory"": 880298.9272425425, ""weight_goal"": 1393074.5689587188, ""Q"": [[880298.9272425425, 0.0, 0.0, 0.0], [0.0, 0.0, 0.0, 0.0], [0.0, 0.0, 880298.9272425425, 0.0], [0.0, 0.0, 0.0, 0.0]], ""R"": [[236.91301068225667, 0.0], [0.0, 236.91301068225667]], ""P"": [[1393074.5689587188, 0.0, 0.0, 0.0], [0.0, 139307456.89587188, 0.0, 0.0], [0.0, 0.0, 1393074.5689587188, 0.0], [0.0, 0.0, 0.0, 139307456.89587188]]}","[-0.10760386971083839, -0.28288643079271547, 0.0]",False
3,P02,10e57735-2e6f-4449-b4c9-0da2c57ab8b9,21,1,haply,mpc,seeded_random,1139142485,persist_session,10.0,12.269301919937133,8081.472417418,0,1785831070.27191,280.0,True,careful,adaptive,-0.08,-0.08,0.0,0.08,-0.08,0.0,0.072673425,-0.07817422,0.0,0.058684833,-0.1506289,0.14915681,0.010444481,0.0015597813,0.00079153443,"[-3.612808476574524, 6.741100938465856, 0.0, 0.0, 0.0, 0.0, -1.792559705572229, 4.198337166007285]","[0.12390965342633375, 0.028436248013374195, 0.0]","{""Controller Type"": ""MPC Controller"", ""weight_comfort"": 236.91301068225667, ""weight_trajectory"": 880298.9272425425, ""weight_goal"": 1393074.5689587188, ""Q"": [[880298.9272425425, 0.0, 0.0, 0.0], [0.0, 0.0, 0.0, 0.0], [0.0, 0.0, 880298.9272425425, 0.0], [0.0, 0.0, 0.0, 0.0]], ""R"": [[236.91301068225667, 0.0], [0.0, 236.91301068225667]], ""P"": [[1393074.5689587188, 0.0, 0.0, 0.0], [0.0, 139307456.89587188, 0.0, 0.0], [0.0, 0.0, 1393074.5689587188, 0.0], [0.0, 0.0, 0.0, 139307456.89587188]]}","[-0.4836751810869195, -0.28351888741473646, 0.0]",False
3,P02,10e57735-2e6f-4449-b4c9-0da2c57ab8b9,21,1,haply,mpc,seeded_random,1139142485,persist_session,10.0,12.279238967895507,8081.482362126,0,1785831070.2819784,281.0,True,careful,adaptive,-0.08,-0.08,0.0,0.08,-0.08,0.0,0.072902508,-0.0781132,0.0,0.05876787,-0.15070392,0.1491332,0.010287495,0.0014793301,0.0008126452,"[-3.6433633014893534, 6.795277418822704, 0.0, 0.0, 0.0, 0.0, -1.7920436676808855, 4.198201458703145]","[0.23972550010380128, -0.00037014441125050174, 0.0]","{""Controller Type"": ""MPC Controller"", ""weight_comfort"": 220.53144945317285, ""weight_trajectory"": 940681.3207777417, ""weight_goal"": 1488589.650572161, ""Q"": [[940681.3207777417, 0.0, 0.0, 0.0], [0.0, 0.0, 0.0, 0.0], [0.0, 0.0, 940681.3207777417, 0.0], [0.0, 0.0, 0.0, 0.0]], ""R"": [[220.53144945317285, 0.0], [0.0, 220.53144945317285]], ""P"": [[1488589.650572161, 0.0, 0.0, 0.0], [0.0, 148858965.0572161, 0.0, 0.0], [0.0, 0.0, 1488589.650572161, 0.0], [0.0, 0.0, 0.0, 148858965.0572161]]}","[-0.4836751810869195, -0.28351888741473646, 0.0]",False
3,P02,10e57735-2e6f-4449-b4c9-0da2c57ab8b9,21,1,haply,mpc,seeded_random,1139142485,persist_session,10.0,12.289365320205688,8081.492482011,0,1785831070.291895,282.0,True,careful,adaptive,-0.08,-0.08,0.0,0.08,-0.08,0.0,0.073151619,-0.07816042,0.0,0.058831938,-0.15068105,0.14913107,0.010108339,0.0012069169,0.00085451617,"[-3.626977067000918, 6.761035856628404, 0.0, 0.0, 0.0, 0.0, -1.7952667701952159, 4.203031659796638]","[0.12808893509637814, 0.028859933507809913, 0.0]","{""Controller Type"": ""MPC Controller"", ""weight_comfort"": 220.53144945317285, ""weight_trajectory"": 940681.3207777417, ""weight_goal"": 1488589.650572161, ""Q"": [[940681.3207777417, 0.0, 0.0, 0.0], [0.0, 0.0, 0.0, 0.0], [0.0, 0.0, 940681.3207777417, 0.0], [0.0, 0.0, 0.0, 0.0]], ""R"": [[220.53144945317285, 0.0], [0.0, 220.53144945317285]], ""P"": [[1488589.650572161, 0.0, 0.0, 0.0], [0.0, 148858965.0572161, 0.0, 0.0], [0.0, 0.0, 1488589.650572161, 0.0], [0.0, 0.0, 0.0, 148858965.0572161]]}","[-0.24941959338941852, -0.21714108211437447, 0.0]",False
3,P02,10e57735-2e6f-4449-b4c9-0da2c57ab8b9,21,1,haply,mpc,seeded_random,1139142485,persist_session,10.0,12.299612312316894,8081.502733889,0,1785831070.3019905,283.0,True,careful,adaptive,-0.08,-0.08,0.0,0.08,-0.08,0.0,0.073343823,-0.0781646799999999,0.0,0.058895975,-0.15065813,0.14912896,0.009844336,0.00094309833,0.000859828,"[-3.628032462957323, 6.763116284416369, 0.0, 0.0, 0.0, 0.0, -1.7969465875865962, 4.2071048618679265]","[0.14505247480613565, -0.016727992446333533, 0.0]","{""Controller Type"": ""MPC Controller"", ""weight_comfort"": 220.53144945317285, ""weight_trajectory"": 940681.3207777417, ""weight_goal"": 1488589.650572161, ""Q"": [[940681.3207777417, 0.0, 0.0, 0.0], [0.0, 0.0, 0.0, 0.0], [0.0, 0.0, 940681.3207777417, 0.0], [0.0, 0.0, 0.0, 0.0]], ""R"": [[220.53144945317285, 0.0], [0.0, 220.53144945317285]], ""P"": [[1488589.650572161, 0.0, 0.0, 0.0], [0.0, 148858965.0572161, 0.0, 0.0], [0.0, 0.0, 1488589.650572161, 0.0], [0.0, 0.0, 0.0, 148858965.0572161]]}","[-0.14457708129807506, -0.29539512916914246, 0.0]",False
3,P02,10e57735-2e6f-4449-b4c9-0da2c57ab8b9,21,1,haply,mpc,seeded_random,1139142485,persist_session,10.0,12.30933406829834,8081.512449673,0,1785831070.3120568,284.0,True,careful,adaptive,-0.08,-0.08,0.0,0.08,-0.08,0.0,0.073535934,-0.0781688999999999,0.0,0.05896002,-0.15063517,0.14912683,0.009626021,0.00074395485,0.00086451357,"[-3.6230276115476667, 6.751973092798682, 0.0, 0.0, 0.0, 0.0, -1.797379750672591, 4.20738650990541]","[0.10443125090010323, 0.0015233922786720513, 0.0]","{""Controller Type"": ""MPC Controller"", ""weight_comfort"": 206.5710801468103, ""weight_trajectory"": 992128.2255485397, ""weight_goal"": 1570497.498705166, ""Q"": [[992128.2255485397, 0.0, 0.0, 0.0], [0.0, 0.0, 0.0, 0.0], [0.0, 0.0, 992128.2255485397, 0.0], [0.0, 0.0, 0.0, 0.0]], ""R"": [[206.5710801468103, 0.0], [0.0, 206.5710801468103]], ""P"": [[1570497.498705166, 0.0, 0.0, 0.0], [0.0, 157049749.8705166, 0.0, 0.0], [0.0, 0.0, 1570497.498705166, 0.0], [0.0, 0.0, 0.0, 157049749.8705166]]}","[-0.14457708129807506, -0.29539512916914246, 0.0]",False
3,P02,10e57735-2e6f-4449-b4c9-0da2c57ab8b9,21,1,haply,mpc,seeded_random,1139142485,persist_session,10.0,12.319212465286254,8081.522334103,0,1785831070.3220742,285.0,True,careful,adaptive,-0.08,-0.08,0.0,0.08,-0.08,0.0,0.073728069,-0.07817316,0.0,0.05903652,-0.15067016,0.14915738,0.009454539,0.0006071967,0.0008632154,"[-3.6222905265529026, 6.750363193567918, 0.0, 0.0, 0.0, 0.0, -1.7973784831396715, 4.207385684306836]","[0.10541037130019082, 0.0015273937892180058, 0.0]","{""Controller Type"": ""MPC Controller"", ""weight_comfort"": 206.5710801468103, ""weight_trajectory"": 992128.2255485397, ""weight_goal"": 1570497.498705166, ""Q"": [[992128.2255485397, 0.0, 0.0, 0.0], [0.0, 0.0, 0.0, 0.0], [0.0, 0.0, 992128.2255485397, 0.0], [0.0, 0.0, 0.0, 0.0]], ""R"": [[206.5710801468103, 0.0], [0.0, 206.5710801468103]], ""P"": [[1570497.498705166, 0.0, 0.0, 0.0], [0.0, 157049749.8705166, 0.0, 0.0], [0.0, 0.0, 1570497.498705166, 0.0], [0.0, 0.0, 0.0, 157049749.8705166]]}","[-0.1555967324444709, -0.2964995278928337, 0.0]",False
3,P02,10e57735-2e6f-4449-b4c9-0da2c57ab8b9,21,1,haply,mpc,seeded_random,1139142485,persist_session,10.0,12.329533128738403,8081.532646789,0,1785831070.3320184,286.0,True,careful,adaptive,-0.08,-0.08,0.0,0.08,-0.08,0.0,0.073957569,-0.0781120599999999,0.0,0.059100576,-0.15064718,0.14915524,0.009115248,0.0006079111,0.00085089175,"[-3.621554853456062, 6.748787936393403, 0.0, 0.0, 0.0, 0.0, -1.797376373648379, 4.20738431974392]","[0.10672852908286694, 0.001494285709109484, 0.0]","{""Controller Type"": ""MPC Controller"", ""weight_comfort"": 206.5710801468103, ""weight_trajectory"": 992128.2255485397, ""weight_goal"": 1570497.498705166, ""Q"": [[992128.2255485397, 0.0, 0.0, 0.0], [0.0, 0.0, 0.0, 0.0], [0.0, 0.0, 992128.2255485397, 0.0], [0.0, 0.0, 0.0, 0.0]], ""R"": [[206.5710801468103, 0.0], [0.0, 206.5710801468103]], ""P"": [[1570497.498705166, 0.0, 0.0, 0.0], [0.0, 157049749.8705166, 0.0, 0.0], [0.0, 0.0, 1570497.498705166, 0.0], [0.0, 0.0, 0.0, 157049749.8705166]]}","[-0.1630746363659885, -0.2956815597961113, 0.0]",False
3,P02,10e57735-2e6f-4449-b4c9-0da2c57ab8b9,21,1,haply,mpc,seeded_random,1139142485,persist_session,10.0,12.339297323226928,8081.542420006,0,1785831070.34194,287.0,True,careful,adaptive,-0.08,-0.08,0.0,0.08,-0.08,0.0,0.074149737,-0.07811634,0.0,0.05917133,-0.15066409,0.14909881,0.008844833,0.0006171652,0.00086479465,"[-3.6242933399038537, 6.754106252786448, 0.0, 0.0, 0.0, 0.0, -1.8005104714596953, 4.212088009992279]","[0.1339769790217315, 0.029279524042921598, 0.0]","{""Controller Type"": ""MPC Controller"", ""weight_comfort"": 193.40739081475436, ""weight_trajectory"": 1040649.9459115193, ""weight_goal"": 1647475.710890753, ""Q"": [[1040649.9459115193, 0.0, 0.0, 0.0], [0.0, 0.0, 0.0, 0.0], [0.0, 0.0, 1040649.9459115193, 0.0], [0.0, 0.0, 0.0, 0.0]], ""R"": [[193.40739081475436, 0.0], [0.0, 193.40739081475436]], ""P"": [[1647475.710890753, 0.0, 0.0, 0.0], [0.0, 164747571.0890753, 0.0, 0.0], [0.0, 0.0, 1647475.710890753, 0.0], [0.0, 0.0, 0.0, 164747571.0890753]]}","[-0.241058828386988, -0.42571372298998217, 0.0]",False
3,P02,10e57735-2e6f-4449-b4c9-0da2c57ab8b9,21,1,haply,mpc,seeded_random,1139142485,persist_session,10.0,12.349285631179809,8081.552409068,0,1785831070.3517218,288.0,True,careful,adaptive,-0.08,-0.08,0.0,0.08,-0.08,0.0,0.074361999,-0.0782292,0.0,0.05923538,-0.15064102,0.14909668,0.008645657,0.0005382629,0.0007537263,"[-3.6203598263840773, 6.746011894411854, 0.0, 0.0, 0.0, 0.0, -1.7998175685370215, 4.211636769164078]","[0.10948173619304215, 0.001573410901845794, 0.0]","{""Controller Type"": ""MPC Controller"", ""weight_comfort"": 193.40739081475436, ""weight_trajectory"": 1040649.9459115193, ""weight_goal"": 1647475.710890753, ""Q"": [[1040649.9459115193, 0.0, 0.0, 0.0], [0.0, 0.0, 0.0, 0.0], [0.0, 0.0, 1040649.9459115193, 0.0], [0.0, 0.0, 0.0, 0.0]], ""R"": [[193.40739081475436, 0.0], [0.0, 193.40739081475436]], ""P"": [[1647475.710890753, 0.0, 0.0, 0.0], [0.0, 164747571.0890753, 0.0, 0.0], [0.0, 0.0, 1647475.710890753, 0.0], [0.0, 0.0, 0.0, 164747571.0890753]]}","[-0.2315451663941156, -0.08454074894242292, 0.0]",False
3,P02,10e57735-2e6f-4449-b4c9-0da2c57ab8b9,21,1,haply,mpc,seeded_random,1139142485,persist_session,10.0,12.359282760620117,8081.562401185,0,1785831070.3616714,289.0,True,careful,adaptive,-0.08,-0.08,0.0,0.08,-0.08,0.0,0.0745541489999999,-0.0782334599999999,0.0,0.059363436,-0.15059485,0.1490924,0.008471058,0.00059275335,0.0006109046,"[-3.6214862730876596, 6.74819360656664, 0.0, 0.0, 0.0, 0.0, -1.8059929552309444, 4.2234537050122665]","[0.12601518619868785, -0.04553093002938466, 0.0]","{""Controller Type"": ""MPC Controller"", ""weight_comfort"": 193.40739081475436, ""weight_trajectory"": 1040649.9459115193, ""weight_goal"": 1647475.710890753, ""Q"": [[1040649.9459115193, 0.0, 0.0, 0.0], [0.0, 0.0, 0.0, 0.0], [0.0, 0.0, 1040649.9459115193, 0.0], [0.0, 0.0, 0.0, 0.0]], ""R"": [[193.40739081475436, 0.0], [0.0, 193.40739081475436]], ""P"": [[1647475.710890753, 0.0, 0.0, 0.0], [0.0, 164747571.0890753, 0.0, 0.0], [0.0, 0.0, 1647475.710890753, 0.0], [0.0, 0.0, 0.0, 164747571.0890753]]}","[-0.19350359164883274, -0.2870955976753518, 0.0]",False
3,P02,10e57735-2e6f-4449-b4c9-0da2c57ab8b9,21,1,haply,mpc,seeded_random,1139142485,persist_session,10.0,12.369286804199218,8081.572404664,0,1785831070.3719351,290.0,True,careful,adaptive,-0.08,-0.08,0.0,0.08,-0.08,0.0,0.074938317,-0.0782420199999999,0.0,0.059427433,-0.1505717,0.14909026,0.00827166,0.0011179219,0.00023915549,"[-3.6185041827435036, 6.742236948984306, 0.0, 0.0, 0.0, 0.0, -1.8070701949354095, 4.224138274360764]","[0.11050139719741313, 0.0013836788372217673, 0.0]","{""Controller Type"": ""MPC Controller"", ""weight_comfort"": 180.36069063920158, ""weight_trajectory"": 1088735.0015135068, ""weight_goal"": 1723800.48530294, ""Q"": [[1088735.0015135068, 0.0, 0.0, 0.0], [0.0, 0.0, 0.0, 0.0], [0.0, 0.0, 1088735.0015135068, 0.0], [0.0, 0.0, 0.0, 0.0]], ""R"": [[180.36069063920158, 0.0], [0.0, 180.36069063920158]], ""P"": [[1723800.48530294, 0.0, 0.0, 0.0], [0.0, 172380048.530294, 0.0, 0.0], [0.0, 0.0, 1723800.48530294, 0.0], [0.0, 0.0, 0.0, 172380048.530294]]}","[-0.19350359164883274, -0.2870955976753518, 0.0]",False
3,P02,10e57735-2e6f-4449-b4c9-0da2c57ab8b9,21,1,haply,mpc,seeded_random,1139142485,persist_session,10.0,12.379343299865722,8081.58245946,0,1785831070.3817728,291.0,True,careful,adaptive,-0.08,-0.08,0.0,0.08,-0.08,0.0,0.075130308,-0.0782462999999999,0.0,0.059568103,-0.1505833,0.14911869,0.008199408,0.0012333522,0.00013657929,"[-3.6521079095225377, 6.798713319269234, 0.0, 0.0, 0.0, 0.0, -1.8070420443624362, 4.224130828420231]","[0.23598897032457494, -0.0003462182558432855, 0.0]","{""Controller Type"": ""MPC Controller"", ""weight_comfort"": 180.36069063920158, ""weight_trajectory"": 1088735.0015135068, ""weight_goal"": 1723800.48530294, ""Q"": [[1088735.0015135068, 0.0, 0.0, 0.0], [0.0, 0.0, 0.0, 0.0], [0.0, 0.0, 1088735.0015135068, 0.0], [0.0, 0.0, 0.0, 0.0]], ""R"": [[180.36069063920158, 0.0], [0.0, 180.36069063920158]], ""P"": [[1723800.48530294, 0.0, 0.0, 0.0], [0.0, 172380048.530294, 0.0, 0.0], [0.0, 0.0, 1723800.48530294, 0.0], [0.0, 0.0, 0.0, 172380048.530294]]}","[-0.2170728028820168, -0.28619055739058935, 0.0]",False
3,P02,10e57735-2e6f-4449-b4c9-0da2c57ab8b9,21,1,haply,mpc,seeded_random,1139142485,persist_session,10.0,12.389213590621948,8081.592327956,0,1785831070.391831,292.0,True,careful,adaptive,-0.08,-0.08,0.0,0.08,-0.08,0.0,0.075552318,-0.07818944,0.0,0.059632126,-0.15056008,0.14911653,0.008124761,0.0012073377,0.0002801391,"[-3.63424148184253, 6.76457293450509, 0.0, 0.0, 0.0, 0.0, -1.807079495717717, 4.224154371204048]","[0.11431967482414696, 0.0013312967545014772, 0.0]","{""Controller Type"": ""MPC Controller"", ""weight_comfort"": 180.36069063920158, ""weight_trajectory"": 1088735.0015135068, ""weight_goal"": 1723800.48530294, ""Q"": [[1088735.0015135068, 0.0, 0.0, 0.0], [0.0, 0.0, 0.0, 0.0], [0.0, 0.0, 1088735.0015135068, 0.0], [0.0, 0.0, 0.0, 0.0]], ""R"": [[180.36069063920158, 0.0], [0.0, 180.36069063920158]], ""P"": [[1723800.48530294, 0.0, 0.0, 0.0], [0.0, 172380048.530294, 0.0, 0.0], [0.0, 0.0, 1723800.48530294, 0.0], [0.0, 0.0, 0.0, 172380048.530294]]}","[-0.6408745910659416, -0.4073925969267316, 0.0]",False
3,P02,10e57735-2e6f-4449-b4c9-0da2c57ab8b9,21,1,haply,mpc,seeded_random,1139142485,persist_session,10.0,12.399189977645873,8081.602311895,0,1785831070.4019184,293.0,True,careful,adaptive,-0.08,-0.08,0.0,0.08,-0.08,0.0,0.075744387,-0.07819376,0.0,0.059702944,-0.1505767,0.14906013,0.008084611,0.0011200057,0.0002965257,"[-3.6849451992615836, 6.847493097732616, 0.0, 0.0, 0.0, 0.0, -1.8097648891181257, 4.2281657742784216]","[0.2709105229976671, 0.02717901160875708, 0.0]","{""Controller Type"": ""MPC Controller"", ""weight_comfort"": 157.75455875547104, ""weight_trajectory"": 1172194.4504765526, ""weight_goal"": 1855763.0841351436, ""Q"": [[1172194.4504765526, 0.0, 0.0, 0.0], [0.0, 0.0, 0.0, 0.0], [0.0, 0.0, 1172194.4504765526, 0.0], [0.0, 0.0, 0.0, 0.0]], ""R"": [[157.75455875547104, 0.0], [0.0, 157.75455875547104]], ""P"": [[1855763.0841351436, 0.0, 0.0, 0.0], [0.0, 185576308.41351435, 0.0, 0.0], [0.0, 0.0, 1855763.0841351436, 0.0], [0.0, 0.0, 0.0, 185576308.41351435]]}","[-0.6408745910659416, -0.4073925969267316, 0.0]",False
3,P02,10e57735-2e6f-4449-b4c9-0da2c57ab8b9,21,1,haply,mpc,seeded_random,1139142485,persist_session,10.0,12.409387617111205,8081.612491196,0,1785831070.411917,294.0,True,careful,adaptive,-0.08,-0.08,0.0,0.08,-0.08,0.0,0.075956841,-0.0783065599999999,0.0,0.059773814,-0.15059337,0.1490037,0.008088214,0.00095981464,0.00026162819,"[-3.6622829789306435, 6.805576787858584, 0.0, 0.0, 0.0, 0.0, -1.8091621859213851, 4.227779008357058]","[0.11399507435510363, 0.0014572211787055647, 0.0]","{""Controller Type"": ""MPC Controller"", ""weight_comfort"": 157.75455875547104, ""weight_trajectory"": 1172194.4504765526, ""weight_goal"": 1855763.0841351436, ""Q"": [[1172194.4504765526, 0.0, 0.0, 0.0], [0.0, 0.0, 0.0, 0.0], [0.0, 0.0, 1172194.4504765526, 0.0], [0.0, 0.0, 0.0, 0.0]], ""R"": [[157.75455875547104, 0.0], [0.0, 157.75455875547104]], ""P"": [[1855763.0841351436, 0.0, 0.0, 0.0], [0.0, 185576308.41351435, 0.0, 0.0], [0.0, 0.0, 1855763.0841351436, 0.0], [0.0, 0.0, 0.0, 185576308.41351435]]}","[-0.23034213877318538, -0.29736692058374936, 0.0]",False
3,P02,10e57735-2e6f-4449-b4c9-0da2c57ab8b9,21,1,haply,mpc,seeded_random,1139142485,persist_session,10.0,12.419463901519775,8081.622573239,0,1785831070.4219017,295.0,True,careful,adaptive,-0.08,-0.08,0.0,0.08,-0.08,0.0,0.076169451,-0.07841942,0.0,0.059837833,-0.15057006,0.14900154,0.00797792,0.00096225174,-0.0001254767,"[-3.663312568891973, 6.807408885046553, 0.0, 0.0, 0.0, 0.0, -1.8149895520590826, 4.238901259604656]","[0.12983559940255554, -0.044748116855631556, 0.0]","{""Controller Type"": ""MPC Controller"", ""weight_comfort"": 157.75455875547104, ""weight_trajectory"": 1172194.4504765526, ""weight_goal"": 1855763.0841351436, ""Q"": [[1172194.4504765526, 0.0, 0.0, 0.0], [0.0, 0.0, 0.0, 0.0], [0.0, 0.0, 1172194.4504765526, 0.0], [0.0, 0.0, 0.0, 0.0]], ""R"": [[157.75455875547104, 0.0], [0.0, 157.75455875547104]], ""P"": [[1855763.0841351436, 0.0, 0.0, 0.0], [0.0, 185576308.41351435, 0.0, 0.0], [0.0, 0.0, 1855763.0841351436, 0.0], [0.0, 0.0, 0.0, 185576308.41351435]]}","[-0.2838471665908814, -0.05899466409678265, 0.0]",False
3,P02,10e57735-2e6f-4449-b4c9-0da2c57ab8b9,21,1,haply,mpc,seeded_random,1139142485,persist_session,10.0,12.429322986602783,8081.632444624,0,1785831070.4319828,296.0,True,careful,adaptive,-0.08,-0.08,0.0,0.08,-0.08,0.0,0.076361508,-0.07842374,0.0,0.059901822,-0.15054676,0.1489994,0.007851109,0.0011825297,-0.0005287429,"[-3.661851732654193, 6.804838907779966, 0.0, 0.0, 0.0, 0.0, -1.8147454985790825, 4.238439070234394]","[0.13087547393684815, -0.04504096465682737, 0.0]","{""Controller Type"": ""MPC Controller"", ""weight_comfort"": 143.4776374949143, ""weight_trajectory"": 1224773.885565295, ""weight_goal"": 1939400.0172258243, ""Q"": [[1224773.885565295, 0.0, 0.0, 0.0], [0.0, 0.0, 0.0, 0.0], [0.0, 0.0, 1224773.885565295, 0.0], [0.0, 0.0, 0.0, 0.0]], ""R"": [[143.4776374949143, 0.0], [0.0, 143.4776374949143]], ""P"": [[1939400.0172258243, 0.0, 0.0, 0.0], [0.0, 193940001.72258243, 0.0, 0.0], [0.0, 0.0, 1939400.0172258243, 0.0], [0.0, 0.0, 0.0, 193940001.72258243]]}","[-0.2838471665908814, -0.05899466409678265, 0.0]",False
3,P02,10e57735-2e6f-4449-b4c9-0da2c57ab8b9,21,1,haply,mpc,seeded_random,1139142485,persist_session,10.0,12.439336328506469,8081.642447988,0,1785831070.4419267,297.0,True,careful,adaptive,-0.08,-0.08,0.0,0.08,-0.08,0.0,0.076553475,-0.0784280199999999,0.0,0.059901822,-0.15054676,0.1489994,0.0077228253,0.0013237877,-0.0008109524,"[-3.6584165154368105, 6.798721275466699, 0.0, 0.0, 0.0, 0.0, -1.8156506798037584, 4.238981300797598]","[0.1162101877456721, 0.0010454639501644345, 0.0]","{""Controller Type"": ""MPC Controller"", ""weight_comfort"": 143.4776374949143, ""weight_trajectory"": 1224773.885565295, ""weight_goal"": 1939400.0172258243, ""Q"": [[1224773.885565295, 0.0, 0.0, 0.0], [0.0, 0.0, 0.0, 0.0], [0.0, 0.0, 1224773.885565295, 0.0], [0.0, 0.0, 0.0, 0.0]], ""R"": [[143.4776374949143, 0.0], [0.0, 143.4776374949143]], ""P"": [[1939400.0172258243, 0.0, 0.0, 0.0], [0.0, 193940001.72258243, 0.0, 0.0], [0.0, 0.0, 1939400.0172258243, 0.0], [0.0, 0.0, 0.0, 193940001.72258243]]}","[-0.2501862786882151, -0.25962460631284723, 0.0]",False
3,P02,10e57735-2e6f-4449-b4c9-0da2c57ab8b9,21,1,haply,mpc,seeded_random,1139142485,persist_session,10.0,12.449277667999267,8081.652401636,0,1785831070.4518828,298.0,True,careful,adaptive,-0.08,-0.08,0.0,0.08,-0.08,0.0,0.076553475,-0.0784280199999999,0.0,0.059972715,-0.15056321,0.14894307,0.007655319,0.0014286903,-0.0010230533,"[-3.657437048941202, 6.79700068387228, 0.0, 0.0, 0.0, 0.0, -1.815649658875745, 4.238980691767665]","[0.11860983774754044, 0.0010296570550792348, 0.0]","{""Controller Type"": ""MPC Controller"", ""weight_comfort"": 143.4776374949143, ""weight_trajectory"": 1224773.885565295, ""weight_goal"": 1939400.0172258243, ""Q"": [[1224773.885565295, 0.0, 0.0, 0.0], [0.0, 0.0, 0.0, 0.0], [0.0, 0.0, 1224773.885565295, 0.0], [0.0, 0.0, 0.0, 0.0]], ""R"": [[143.4776374949143, 0.0], [0.0, 143.4776374949143]], ""P"": [[1939400.0172258243, 0.0, 0.0, 0.0], [0.0, 193940001.72258243, 0.0, 0.0], [0.0, 0.0, 1939400.0172258243, 0.0], [0.0, 0.0, 0.0, 193940001.72258243]]}","[0.09601156023171126, -0.2668056182842719, 0.0]",False
3,P02,10e57735-2e6f-4449-b4c9-0da2c57ab8b9,21,1,haply,mpc,seeded_random,1139142485,persist_session,10.0,12.459307460784911,8081.662423553,0,1785831070.4618418,299.0,True,careful,adaptive,-0.08,-0.08,0.0,0.08,-0.08,0.0,0.076766154,-0.0785406799999999,0.0,0.059979606,-0.15060306,0.14888869,0.007314349,0.0013657162,-0.0012108068,"[-3.6640896084106904, 6.801810521212188, 0.0, 0.0, 0.0, 0.0, -1.8156939518233142, 4.239018961238437]","[-0.012628376437627625, 0.0028542345783872398, 0.0]","{""Controller Type"": ""MPC Controller"", ""weight_comfort"": 134.39811040837694, ""weight_trajectory"": 1258197.439360922, ""weight_goal"": 1992581.270351677, ""Q"": [[1258197.439360922, 0.0, 0.0, 0.0], [0.0, 0.0, 0.0, 0.0], [0.0, 0.0, 1258197.439360922, 0.0], [0.0, 0.0, 0.0, 0.0]], ""R"": [[134.39811040837694, 0.0], [0.0, 134.39811040837694]], ""P"": [[1992581.270351677, 0.0, 0.0, 0.0], [0.0, 199258127.0351677, 0.0, 0.0], [0.0, 0.0, 1992581.270351677, 0.0], [0.0, 0.0, 0.0, 199258127.0351677]]}","[0.09601156023171126, -0.2668056182842719, 0.0]",False
3,P02,10e57735-2e6f-4449-b4c9-0da2c57ab8b9,21,1,haply,mpc,seeded_random,1139142485,persist_session,10.0,12.469270257949828,8081.672392526,0,1785831070.4719176,300.0,True,careful,adaptive,-0.08,-0.08,0.0,0.08,-0.08,0.0,0.076786827,-0.07864944,0.0,0.059986502,-0.15064286,0.14883435,0.007012512,0.0012773009,-0.001370047,"[-3.688699142653856, 6.843835276245322, 0.0, 0.0, 0.0, 0.0, -1.8220275530270011, 4.250917486149994]","[0.13422480485363988, -0.04542916059553966, 0.0]","{""Controller Type"": ""MPC Controller"", ""weight_comfort"": 134.39811040837694, ""weight_trajectory"": 1258197.439360922, ""weight_goal"": 1992581.270351677, ""Q"": [[1258197.439360922, 0.0, 0.0, 0.0], [0.0, 0.0, 0.0, 0.0], [0.0, 0.0, 1258197.439360922, 0.0], [0.0, 0.0, 0.0, 0.0]], ""R"": [[134.39811040837694, 0.0], [0.0, 134.39811040837694]], ""P"": [[1992581.270351677, 0.0, 0.0, 0.0], [0.0, 199258127.0351677, 0.0, 0.0], [0.0, 0.0, 1992581.270351677, 0.0], [0.0, 0.0, 0.0, 199258127.0351677]]}","[0.05083233329429542, -0.030365309912041696, 0.0]",False
3,P02,10e57735-2e6f-4449-b4c9-0da2c57ab8b9,21,1,haply,mpc,seeded_random,1139142485,persist_session,10.0,12.479353218078613,8081.682468638,0,1785831070.481886,301.0,True,careful,adaptive,-0.08,-0.08,0.0,0.08,-0.08,0.0,0.0768075149999999,-0.0787581199999999,0.0,0.060050514,-0.15061946,0.14883219,0.006633125,0.0010325591,-0.0016347711,"[-3.6920301952050663, 6.844020060398396, 0.0, 0.0, 0.0, 0.0, -1.8214986579875811, 4.249926705419781]","[0.0021790604834801223, -0.04341439663306351, 0.0]","{""Controller Type"": ""MPC Controller"", ""weight_comfort"": 134.39811040837694, ""weight_trajectory"": 1258197.439360922, ""weight_goal"": 1992581.270351677, ""Q"": [[1258197.439360922, 0.0, 0.0, 0.0], [0.0, 0.0, 0.0, 0.0], [0.0, 0.0, 1258197.439360922, 0.0], [0.0, 0.0, 0.0, 0.0]], ""R"": [[134.39811040837694, 0.0], [0.0, 134.39811040837694]], ""P"": [[1992581.270351677, 0.0, 0.0, 0.0], [0.0, 199258127.0351677, 0.0, 0.0], [0.0, 0.0, 1992581.270351677, 0.0], [0.0, 0.0, 0.0, 199258127.0351677]]}","[0.05083233329429542, -0.030365309912041696, 0.0]",False
3,P02,10e57735-2e6f-4449-b4c9-0da2c57ab8b9,21,1,haply,mpc,seeded_random,1139142485,persist_session,10.0,12.489267854690551,8081.692384906,0,1785831070.491775,302.0,True,careful,adaptive,-0.08,-0.08,0.0,0.08,-0.08,0.0,0.076999551,-0.0787624399999999,0.0,0.060050514,-0.15061946,0.14883219,0.0061020344,0.0006613571,-0.0019474642,"[-3.6920302814421593, 6.8440200632224135, 0.0, 0.0, 0.0, 0.0, -1.8213085532597861, 4.24957344965012]","[0.002416871539342792, -0.044068368759131185, 0.0]","{""Controller Type"": ""MPC Controller"", ""weight_comfort"": 128.3687809309052, ""weight_trajectory"": 1280517.3969337365, ""weight_goal"": 2027748.7155460406, ""Q"": [[1280517.3969337365, 0.0, 0.0, 0.0], [0.0, 0.0, 0.0, 0.0], [0.0, 0.0, 1280517.3969337365, 0.0], [0.0, 0.0, 0.0, 0.0]], ""R"": [[128.3687809309052, 0.0], [0.0, 128.3687809309052]], ""P"": [[2027748.7155460406, 0.0, 0.0, 0.0], [0.0, 202774871.55460405, 0.0, 0.0], [0.0, 0.0, 2027748.7155460406, 0.0], [0.0, 0.0, 0.0, 202774871.55460405]]}","[-0.2767290219824197, -0.2028595617731911, 0.0]",False
3,P02,10e57735-2e6f-4449-b4c9-0da2c57ab8b9,21,1,haply,mpc,seeded_random,1139142485,persist_session,10.0,12.499271898269653,8081.702392559,0,1785831070.5019245,303.0,True,careful,adaptive,-0.08,-0.08,0.0,0.08,-0.08,0.0,0.076999551,-0.0787624399999999,0.0,0.060121465,-0.15063588,0.14877571,0.005678735,0.0003982712,-0.0021454734,"[-3.710142810634906, 6.875046724064787, 0.0, 0.0, 0.0, 0.0, -1.8219460368396216, 4.249882719751076]","[0.12237700725174598, 0.0003981892796883868, 0.0]","{""Controller Type"": ""MPC Controller"", ""weight_comfort"": 128.3687809309052, ""weight_trajectory"": 1280517.3969337365, ""weight_goal"": 2027748.7155460406, ""Q"": [[1280517.3969337365, 0.0, 0.0, 0.0], [0.0, 0.0, 0.0, 0.0], [0.0, 0.0, 1280517.3969337365, 0.0], [0.0, 0.0, 0.0, 0.0]], ""R"": [[128.3687809309052, 0.0], [0.0, 128.3687809309052]], ""P"": [[2027748.7155460406, 0.0, 0.0, 0.0], [0.0, 202774871.55460405, 0.0, 0.0], [0.0, 0.0, 2027748.7155460406, 0.0], [0.0, 0.0, 0.0, 202774871.55460405]]}","[-0.2767290219824197, -0.2028595617731911, 0.0]",False
3,P02,10e57735-2e6f-4449-b4c9-0da2c57ab8b9,21,1,haply,mpc,seeded_random,1139142485,persist_session,10.0,12.509576110839843,8081.712691855,0,1785831070.5119052,304.0,True,careful,adaptive,-0.08,-0.08,0.0,0.08,-0.08,0.0,0.077212404,-0.0788753999999999,0.0,0.06012838,-0.15067568,0.14872134,0.005209464,0.00024232442,-0.002164707,"[-3.7158887994368515, 6.879199586480883, 0.0, 0.0, 0.0, 0.0, -1.821981434063016, 4.2499132982800605]","[-0.01114933483238151, 0.002254811343539049, 0.0]","{""Controller Type"": ""MPC Controller"", ""weight_comfort"": 128.3687809309052, ""weight_trajectory"": 1280517.3969337365, ""weight_goal"": 2027748.7155460406, ""Q"": [[1280517.3969337365, 0.0, 0.0, 0.0], [0.0, 0.0, 0.0, 0.0], [0.0, 0.0, 1280517.3969337365, 0.0], [0.0, 0.0, 0.0, 0.0]], ""R"": [[128.3687809309052, 0.0], [0.0, 128.3687809309052]], ""P"": [[2027748.7155460406, 0.0, 0.0, 0.0], [0.0, 202774871.55460405, 0.0, 0.0], [0.0, 0.0, 2027748.7155460406, 0.0], [0.0, 0.0, 0.0, 202774871.55460405]]}","[0.0824068949016254, -0.2109386049167912, 0.0]",False
3,P02,10e57735-2e6f-4449-b4c9-0da2c57ab8b9,21,1,haply,mpc,seeded_random,1139142485,persist_session,10.0,12.51932123184204,8081.722436968,0,1785831070.521902,305.0,True,careful,adaptive,-0.08,-0.08,0.0,0.08,-0.08,0.0,0.077233149,-0.0789841399999999,0.0,0.06013529,-0.15071546,0.14866692,0.004899771,8.020243e-06,-0.002348613,"[-3.741328770850524, 6.921765827887258, 0.0, 0.0, 0.0, 0.0, -1.8285877749175241, 4.2620643646133]","[0.13718424034465312, -0.04617989874807554, 0.0]","{""Controller Type"": ""MPC Controller"", ""weight_comfort"": 118.5567784442774, ""weight_trajectory"": 1316883.233378536, ""weight_goal"": 2084983.3139300812, ""Q"": [[1316883.233378536, 0.0, 0.0, 0.0], [0.0, 0.0, 0.0, 0.0], [0.0, 0.0, 1316883.233378536, 0.0], [0.0, 0.0, 0.0, 0.0]], ""R"": [[118.5567784442774, 0.0], [0.0, 118.5567784442774]], ""P"": [[2084983.3139300812, 0.0, 0.0, 0.0], [0.0, 208498331.3930081, 0.0, 0.0], [0.0, 0.0, 2084983.3139300812, 0.0], [0.0, 0.0, 0.0, 208498331.3930081]]}","[-0.31783612657222954, 0.017619268594945985, 0.0]",False
3,P02,10e57735-2e6f-4449-b4c9-0da2c57ab8b9,21,1,haply,mpc,seeded_random,1139142485,persist_session,10.0,12.529260663986205,8081.73238797,0,1785831070.5319376,306.0,True,careful,adaptive,-0.08,-0.08,0.0,0.08,-0.08,0.0,0.077253879,-0.0790929799999999,0.0,0.06013529,-0.15071546,0.14866692,0.004655277,-0.00027474936,-0.0026175836,"[-3.743795392097036, 6.921275803365775, 0.0, 0.0, 0.0, 0.0, -1.8280665215942034, 4.261109565255054]","[0.004004127946954986, -0.0444926557817738, 0.0]","{""Controller Type"": ""MPC Controller"", ""weight_comfort"": 118.5567784442774, ""weight_trajectory"": 1316883.233378536, ""weight_goal"": 2084983.3139300812, ""Q"": [[1316883.233378536, 0.0, 0.0, 0.0], [0.0, 0.0, 0.0, 0.0], [0.0, 0.0, 1316883.233378536, 0.0], [0.0, 0.0, 0.0, 0.0]], ""R"": [[118.5567784442774, 0.0], [0.0, 118.5567784442774]], ""P"": [[2084983.3139300812, 0.0, 0.0, 0.0], [0.0, 208498331.3930081, 0.0, 0.0], [0.0, 0.0, 2084983.3139300812, 0.0], [0.0, 0.0, 0.0, 208498331.3930081]]}","[0.03650196344745617, 0.0458423012212501, 0.0]",False
3,P02,10e57735-2e6f-4449-b4c9-0da2c57ab8b9,21,1,haply,mpc,seeded_random,1139142485,persist_session,10.0,12.539370326995849,8081.742482589,0,1785831070.5418544,307.0,True,careful,adaptive,-0.08,-0.08,0.0,0.08,-0.08,0.0,0.077253879,-0.0790929799999999,0.0,0.060199328,-0.150692,0.14866477,0.0044849715,-0.00047098415,-0.0028041871,"[-3.743801670135239, 6.921274518837055, 0.0, 0.0, 0.0, 0.0, -1.8277825142541253, 4.26059277789121]","[0.004016094042834154, -0.04455034891068768, 0.0]","{""Controller Type"": ""MPC Controller"", ""weight_comfort"": 118.5567784442774, ""weight_trajectory"": 1316883.233378536, ""weight_goal"": 2084983.3139300812, ""Q"": [[1316883.233378536, 0.0, 0.0, 0.0], [0.0, 0.0, 0.0, 0.0], [0.0, 0.0, 1316883.233378536, 0.0], [0.0, 0.0, 0.0, 0.0]], ""R"": [[118.5567784442774, 0.0], [0.0, 118.5567784442774]], ""P"": [[2084983.3139300812, 0.0, 0.0, 0.0], [0.0, 208498331.3930081, 0.0, 0.0], [0.0, 0.0, 2084983.3139300812, 0.0], [0.0, 0.0, 0.0, 208498331.3930081]]}","[0.03650196344745617, 0.0458423012212501, 0.0]",False
3,P02,10e57735-2e6f-4449-b4c9-0da2c57ab8b9,21,1,haply,mpc,seeded_random,1139142485,persist_session,10.0,12.549258260726928,8081.752380326,0,1785831070.5521426,308.0,True,careful,adaptive,-0.08,-0.08,0.0,0.08,-0.08,0.0,0.077445993,-0.0790972799999999,0.0,0.060206257,-0.1507318,0.14861031,0.0040896973,-0.00068875134,-0.0029003106,"[-3.7443512120454026, 6.921671613121807, 0.0, 0.0, 0.0, 0.0, -1.82847974351039, 4.261194989357041]","[-0.010282441494773349, 0.0016584676969588347, 0.0]","{""Controller Type"": ""MPC Controller"", ""weight_comfort"": 112.88147215214951, ""weight_trajectory"": 1337773.6853843927, ""weight_goal"": 2118233.678537658, ""Q"": [[1337773.6853843927, 0.0, 0.0, 0.0], [0.0, 0.0, 0.0, 0.0], [0.0, 0.0, 1337773.6853843927, 0.0], [0.0, 0.0, 0.0, 0.0]], ""R"": [[112.88147215214951, 0.0], [0.0, 112.88147215214951]], ""P"": [[2118233.678537658, 0.0, 0.0, 0.0], [0.0, 211823367.8537658, 0.0, 0.0], [0.0, 0.0, 2118233.678537658, 0.0], [0.0, 0.0, 0.0, 211823367.8537658]]}","[-0.2762779213220221, -0.14652723038887736, 0.0]",False
3,P02,10e57735-2e6f-4449-b4c9-0da2c57ab8b9,21,1,haply,mpc,seeded_random,1139142485,persist_session,10.0,12.559600143432617,8081.762685513,0,1785831070.5618508,309.0,True,careful,adaptive,-0.08,-0.08,0.0,0.08,-0.08,0.0,0.07746678,-0.0792062,0.0,0.060213163,-0.15077147,0.14855589,0.0037898084,-0.00086196495,-0.0029839228,"[-3.763105513843022, 6.953235886783733, 0.0, 0.0, 0.0, 0.0, -1.8284642858639464, 4.261190531334103]","[0.12022793970219181, -0.000130386021233849, 0.0]","{""Controller Type"": ""MPC Controller"", ""weight_comfort"": 112.88147215214951, ""weight_trajectory"": 1337773.6853843927, ""weight_goal"": 2118233.678537658, ""Q"": [[1337773.6853843927, 0.0, 0.0, 0.0], [0.0, 0.0, 0.0, 0.0], [0.0, 0.0, 1337773.6853843927, 0.0], [0.0, 0.0, 0.0, 0.0]], ""R"": [[112.88147215214951, 0.0], [0.0, 112.88147215214951]], ""P"": [[2118233.678537658, 0.0, 0.0, 0.0], [0.0, 211823367.8537658, 0.0, 0.0], [0.0, 0.0, 2118233.678537658, 0.0], [0.0, 0.0, 0.0, 211823367.8537658]]}","[-0.2762779213220221, -0.14652723038887736, 0.0]",False
3,P02,10e57735-2e6f-4449-b4c9-0da2c57ab8b9,21,1,haply,mpc,seeded_random,1139142485,persist_session,10.0,12.569290904998779,8081.772410947,0,1785831070.5720377,310.0,True,careful,adaptive,-0.08,-0.08,0.0,0.08,-0.08,0.0,0.077487498,-0.07931504,0.0,0.060213163,-0.15077147,0.14855589,0.0035761949,-0.0009749618,-0.0030301008,"[-3.764811339392688, 6.952384777590494, 0.0, 0.0, 0.0, 0.0, -1.8351545770613242, 4.273260501004352]","[0.005349261171544727, -0.046486761638837464, 0.0]","{""Controller Type"": ""MPC Controller"", ""weight_comfort"": 112.88147215214951, ""weight_trajectory"": 1337773.6853843927, ""weight_goal"": 2118233.678537658, ""Q"": [[1337773.6853843927, 0.0, 0.0, 0.0], [0.0, 0.0, 0.0, 0.0], [0.0, 0.0, 1337773.6853843927, 0.0], [0.0, 0.0, 0.0, 0.0]], ""R"": [[112.88147215214951, 0.0], [0.0, 112.88147215214951]], ""P"": [[2118233.678537658, 0.0, 0.0, 0.0], [0.0, 211823367.8537658, 0.0, 0.0], [0.0, 0.0, 2118233.678537658, 0.0], [0.0, 0.0, 0.0, 211823367.8537658]]}","[0.03036171459681394, 0.08078941999276272, 0.0]",False
3,P02,10e57735-2e6f-4449-b4c9-0da2c57ab8b9,21,1,haply,mpc,seeded_random,1139142485,persist_session,10.0,12.57935884475708,8081.782471316,0,1785831070.5819824,311.0,True,careful,adaptive,-0.08,-0.08,0.0,0.08,-0.08,0.0,0.077487498,-0.07931504,0.0,0.060220085,-0.15081125,0.1485014,0.0034213013,-0.0010352168,-0.0030361002,"[-3.7648274292283554, 6.9523787522327885, 0.0, 0.0, 0.0, 0.0, -1.834570141072033, 4.272210686369925]","[0.004680847644362747, -0.04439003793155212, 0.0]","{""Controller Type"": ""MPC Controller"", ""weight_comfort"": 111.87584285167007, ""weight_trajectory"": 1341569.1526718438, ""weight_goal"": 2124047.8177688383, ""Q"": [[1341569.1526718438, 0.0, 0.0, 0.0], [0.0, 0.0, 0.0, 0.0], [0.0, 0.0, 1341569.1526718438, 0.0], [0.0, 0.0, 0.0, 0.0]], ""R"": [[111.87584285167007, 0.0], [0.0, 111.87584285167007]], ""P"": [[2124047.8177688383, 0.0, 0.0, 0.0], [0.0, 212404781.77688384, 0.0, 0.0], [0.0, 0.0, 2124047.8177688383, 0.0], [0.0, 0.0, 0.0, 212404781.77688384]]}","[0.03036171459681394, 0.08078941999276272, 0.0]",False
3,P02,10e57735-2e6f-4449-b4c9-0da2c57ab8b9,21,1,haply,mpc,seeded_random,1139142485,persist_session,10.0,12.58944275856018,8081.792561775,0,1785831070.5920124,312.0,True,careful,adaptive,-0.08,-0.08,0.0,0.08,-0.08,0.0,0.077508264,-0.0794240199999999,0.0,0.060220085,-0.15081125,0.1485014,0.0025863082,-0.0013333053,-0.0030033297,"[-3.765324605614542, 6.952737951045103, 0.0, 0.0, 0.0, 0.0, -1.835089589840318, 4.2726592929480525]","[-0.009460385602255747, 0.0012569629654570211, 0.0]","{""Controller Type"": ""MPC Controller"", ""weight_comfort"": 111.87584285167007, ""weight_trajectory"": 1341569.1526718438, ""weight_goal"": 2124047.8177688383, ""Q"": [[1341569.1526718438, 0.0, 0.0, 0.0], [0.0, 0.0, 0.0, 0.0], [0.0, 0.0, 1341569.1526718438, 0.0], [0.0, 0.0, 0.0, 0.0]], ""R"": [[111.87584285167007, 0.0], [0.0, 111.87584285167007]], ""P"": [[2124047.8177688383, 0.0, 0.0, 0.0], [0.0, 212404781.77688384, 0.0, 0.0], [0.0, 0.0, 2124047.8177688383, 0.0], [0.0, 0.0, 0.0, 212404781.77688384]]}","[0.06799411632114422, -0.11725378568492024, 0.0]",False
3,P02,10e57735-2e6f-4449-b4c9-0da2c57ab8b9,21,1,haply,mpc,seeded_random,1139142485,persist_session,10.0,12.59926131248474,8081.802381595,0,1785831070.6018896,313.0,True,careful,adaptive,-0.08,-0.08,0.0,0.08,-0.08,0.0,0.077508264,-0.0794240199999999,0.0,0.060220085,-0.15081125,0.1485014,0.0019610454,-0.0015569087,-0.0029790262,"[-3.765120905895273, 6.952829023673324, 0.0, 0.0, 0.0, 0.0, -1.8415555526670673, 4.284191462228432]","[0.005013327482093169, -0.04548862615859879, 0.0]","{""Controller Type"": ""MPC Controller"", ""weight_comfort"": 111.87584285167007, ""weight_trajectory"": 1341569.1526718438, ""weight_goal"": 2124047.8177688383, ""Q"": [[1341569.1526718438, 0.0, 0.0, 0.0], [0.0, 0.0, 0.0, 0.0], [0.0, 0.0, 1341569.1526718438, 0.0], [0.0, 0.0, 0.0, 0.0]], ""R"": [[111.87584285167007, 0.0], [0.0, 111.87584285167007]], ""P"": [[2124047.8177688383, 0.0, 0.0, 0.0], [0.0, 212404781.77688384, 0.0, 0.0], [0.0, 0.0, 2124047.8177688383, 0.0], [0.0, 0.0, 0.0, 212404781.77688384]]}","[0.06743206587506727, -0.09859821811007285, 0.0]",False
3,P02,10e57735-2e6f-4449-b4c9-0da2c57ab8b9,21,1,haply,mpc,seeded_random,1139142485,persist_session,10.0,12.609247951507568,8081.812368359,0,1785831070.6119056,314.0,True,careful,adaptive,-0.08,-0.08,0.0,0.08,-0.08,0.0,0.077508264,-0.0794240199999999,0.0,0.060220085,-0.15081125,0.1485014,0.001531464,-0.0017886743,-0.0030627744,"[-3.7656280769312134, 6.953195443993896, 0.0, 0.0, 0.0, 0.0, -1.8420037555678819, 4.2845785167947525]","[-0.009382951041900305, 0.001060957323132021, 0.0]","{""Controller Type"": ""MPC Controller"", ""weight_comfort"": 111.37141210197365, ""weight_trajectory"": 1343459.5543572085, ""weight_goal"": 2126976.0673754513, ""Q"": [[1343459.5543572085, 0.0, 0.0, 0.0], [0.0, 0.0, 0.0, 0.0], [0.0, 0.0, 1343459.5543572085, 0.0], [0.0, 0.0, 0.0, 0.0]], ""R"": [[111.37141210197365, 0.0], [0.0, 111.37141210197365]], ""P"": [[2126976.0673754513, 0.0, 0.0, 0.0], [0.0, 212697606.73754513, 0.0, 0.0], [0.0, 0.0, 2126976.0673754513, 0.0], [0.0, 0.0, 0.0, 212697606.73754513]]}","[0.06740236754280081, -0.09861076558077664, 0.0]",False
3,P02,10e57735-2e6f-4449-b4c9-0da2c57ab8b9,21,1,haply,mpc,seeded_random,1139142485,persist_session,10.0,12.619597225189208,8081.822693971,0,1785831070.6219804,315.0,True,careful,adaptive,-0.08,-0.08,0.0,0.08,-0.08,0.0,0.077508264,-0.0794240199999999,0.0,0.060220085,-0.15081125,0.1485014,0.0011628653,-0.0016449601,-0.0026942673,"[-3.765604286875534, 6.953178256183057, 0.0, 0.0, 0.0, 0.0, -1.842003322440646, 4.284578142759078]","[-0.009382891763362128, 0.0010609570736593956, 0.0]","{""Controller Type"": ""MPC Controller"", ""weight_comfort"": 111.37141210197365, ""weight_trajectory"": 1343459.5543572085, ""weight_goal"": 2126976.0673754513, ""Q"": [[1343459.5543572085, 0.0, 0.0, 0.0], [0.0, 0.0, 0.0, 0.0], [0.0, 0.0, 1343459.5543572085, 0.0], [0.0, 0.0, 0.0, 0.0]], ""R"": [[111.37141210197365, 0.0], [0.0, 111.37141210197365]], ""P"": [[2126976.0673754513, 0.0, 0.0, 0.0], [0.0, 212697606.73754513, 0.0, 0.0], [0.0, 0.0, 2126976.0673754513, 0.0], [0.0, 0.0, 0.0, 212697606.73754513]]}","[0.06740236754280081, -0.09861076558077664, 0.0]",False
3,P02,10e57735-2e6f-4449-b4c9-0da2c57ab8b9,21,1,haply,mpc,seeded_random,1139142485,persist_session,10.0,12.629385499954223,8081.832501066,0,1785831070.631865,316.0,True,careful,adaptive,-0.08,-0.08,0.0,0.08,-0.08,0.0,0.077508264,-0.0794240199999999,0.0,0.060220085,-0.15081125,0.1485014,0.0008388371,-0.0011865976,-0.0019435192,"[-3.7655804733070313, 6.953161051384702, 0.0, 0.0, 0.0, 0.0, -1.8420028888800533, 4.28457776834917]","[-0.0093828324262362, 0.0010609568239371655, 0.0]","{""Controller Type"": ""MPC Controller"", ""weight_comfort"": 111.37141210197365, ""weight_trajectory"": 1343459.5543572085, ""weight_goal"": 2126976.0673754513, ""Q"": [[1343459.5543572085, 0.0, 0.0, 0.0], [0.0, 0.0, 0.0, 0.0], [0.0, 0.0, 1343459.5543572085, 0.0], [0.0, 0.0, 0.0, 0.0]], ""R"": [[111.37141210197365, 0.0], [0.0, 111.37141210197365]], ""P"": [[2126976.0673754513, 0.0, 0.0, 0.0], [0.0, 212697606.73754513, 0.0, 0.0], [0.0, 0.0, 2126976.0673754513, 0.0], [0.0, 0.0, 0.0, 212697606.73754513]]}","[0.06740236754280798, -0.09861076558076694, 0.0]",False
3,P02,10e57735-2e6f-4449-b4c9-0da2c57ab8b9,21,1,haply,mpc,seeded_random,1139142485,persist_session,10.0,12.639737157821655,8081.842835265,0,1785831070.641956,317.0,True,careful,adaptive,-0.08,-0.08,0.0,0.08,-0.08,0.0,0.077508264,-0.0794240199999999,0.0,0.060226977,-0.15085088,0.14844693,0.0005982869,-0.0008463215,-0.0013861835,"[-3.7655566362027657, 6.953143829582258, 0.0, 0.0, 0.0, 0.0, -1.8420024548856704, 4.2845773935646525]","[-0.009382773030465365, 0.0010609565739650808, 0.0]","{""Controller Type"": ""MPC Controller"", ""weight_comfort"": 111.37135833582654, ""weight_trajectory"": 1343460.1402939581, ""weight_goal"": 2126976.0673754513, ""Q"": [[1343460.1402939581, 0.0, 0.0, 0.0], [0.0, 0.0, 0.0, 0.0], [0.0, 0.0, 1343460.1402939581, 0.0], [0.0, 0.0, 0.0, 0.0]], ""R"": [[111.37135833582654, 0.0], [0.0, 111.37135833582654]], ""P"": [[2126976.0673754513, 0.0, 0.0, 0.0], [0.0, 212697606.73754513, 0.0, 0.0], [0.0, 0.0, 2126976.0673754513, 0.0], [0.0, 0.0, 0.0, 212697606.73754513]]}","[0.06740236754280798, -0.09861076558076694, 0.0]",False
3,P02,10e57735-2e6f-4449-b4c9-0da2c57ab8b9,21,1,haply,mpc,seeded_random,1139142485,persist_session,10.0,12.649659900665283,8081.852775694,0,1785831070.652007,318.0,True,careful,adaptive,-0.08,-0.08,0.0,0.08,-0.08,0.0,0.07752894,-0.0795329599999999,0.0,0.060226977,-0.15085088,0.14844693,0.00048623965,-0.0009334397,-0.0014426921,"[-3.7655327755397763, 6.953126590759135, 0.0, 0.0, 0.0, 0.0, -1.8420020204570635, 4.284577018405153]","[-0.009382713575992411, 0.001060956323742892, 0.0]","{""Controller Type"": ""MPC Controller"", ""weight_comfort"": 111.37135833582654, ""weight_trajectory"": 1343460.1402939581, ""weight_goal"": 2126976.0673754513, ""Q"": [[1343460.1402939581, 0.0, 0.0, 0.0], [0.0, 0.0, 0.0, 0.0], [0.0, 0.0, 1343460.1402939581, 0.0], [0.0, 0.0, 0.0, 0.0]], ""R"": [[111.37135833582654, 0.0], [0.0, 111.37135833582654]], ""P"": [[2126976.0673754513, 0.0, 0.0, 0.0], [0.0, 212697606.73754513, 0.0, 0.0], [0.0, 0.0, 2126976.0673754513, 0.0], [0.0, 0.0, 0.0, 212697606.73754513]]}","[0.06740236287485585, -0.09861076753782723, 0.0]",False
3,P02,10e57735-2e6f-4449-b4c9-0da2c57ab8b9,21,1,haply,mpc,seeded_random,1139142485,persist_session,10.0,12.659319429397582,8081.862434089,0,1785831070.6621566,319.0,True,careful,adaptive,-0.08,-0.08,0.0,0.08,-0.08,0.0,0.07752894,-0.0795329599999999,0.0,0.060226977,-0.15085088,0.14844693,0.00041156137,-0.0010191253,-0.0015159044,"[-3.76533188764255, 6.953217520452287, 0.0, 0.0, 0.0, 0.0, -1.8485366731267636, 4.296159024654147]","[0.004998807139481802, -0.045700374674630624, 0.0]","{""Controller Type"": ""MPC Controller"", ""weight_comfort"": 111.37135833582654, ""weight_trajectory"": 1343460.1402939581, ""weight_goal"": 2126976.0673754513, ""Q"": [[1343460.1402939581, 0.0, 0.0, 0.0], [0.0, 0.0, 0.0, 0.0], [0.0, 0.0, 1343460.1402939581, 0.0], [0.0, 0.0, 0.0, 0.0]], ""R"": [[111.37135833582654, 0.0], [0.0, 111.37135833582654]], ""P"": [[2126976.0673754513, 0.0, 0.0, 0.0], [0.0, 212697606.73754513, 0.0, 0.0], [0.0, 0.0, 2126976.0673754513, 0.0], [0.0, 0.0, 0.0, 212697606.73754513]]}","[0.028712637229696417, 0.12094577955143922, 0.0]",False
3,P02,10e57735-2e6f-4449-b4c9-0da2c57ab8b9,21,1,haply,mpc,seeded_random,1139142485,persist_session,10.0,12.66936948776245,8081.872484196,0,1785831070.6720538,320.0,True,careful,adaptive,-0.08,-0.08,0.0,0.08,-0.08,0.0,0.07752894,-0.0795329599999999,0.0,0.060291093,-0.1508274,0.14844476,0.00035537418,-0.0010836261,-0.0015710227,"[-3.7658205425762574, 6.953570563850596, 0.0, 0.0, 0.0, 0.0, -1.8488916454465907, 4.296465549936534]","[-0.009305568509938475, 0.0008635063540894049, 0.0]","{""Controller Type"": ""MPC Controller"", ""weight_comfort"": 110.86629841757242, ""weight_trajectory"": 1345358.0331416288, ""weight_goal"": 2129904.2624357617, ""Q"": [[1345358.0331416288, 0.0, 0.0, 0.0], [0.0, 0.0, 0.0, 0.0], [0.0, 0.0, 1345358.0331416288, 0.0], [0.0, 0.0, 0.0, 0.0]], ""R"": [[110.86629841757242, 0.0], [0.0, 110.86629841757242]], ""P"": [[2129904.2624357617, 0.0, 0.0, 0.0], [0.0, 212990426.24357617, 0.0, 0.0], [0.0, 0.0, 2129904.2624357617, 0.0], [0.0, 0.0, 0.0, 212990426.24357617]]}","[0.06684299479051155, -0.07995967374059158, 0.0]",False
3,P02,10e57735-2e6f-4449-b4c9-0da2c57ab8b9,21,1,haply,mpc,seeded_random,1139142485,persist_session,10.0,12.679281978607177,8081.882406387,0,1785831070.6821086,321.0,True,careful,adaptive,-0.08,-0.08,0.0,0.08,-0.08,0.0,0.077721288,-0.0795372999999999,0.0,0.060291093,-0.1508274,0.14844476,0.0005069265,-0.0010578006,-0.0016147144,"[-3.765797004381651, 6.953553557976633, 0.0, 0.0, 0.0, 0.0, -1.8488913578975112, 4.296465301632489]","[-0.009305510345647312, 0.0008635062197924828, 0.0]","{""Controller Type"": ""MPC Controller"", ""weight_comfort"": 110.86629841757242, ""weight_trajectory"": 1345358.0331416288, ""weight_goal"": 2129904.2624357617, ""Q"": [[1345358.0331416288, 0.0, 0.0, 0.0], [0.0, 0.0, 0.0, 0.0], [0.0, 0.0, 1345358.0331416288, 0.0], [0.0, 0.0, 0.0, 0.0]], ""R"": [[110.86629841757242, 0.0], [0.0, 110.86629841757242]], ""P"": [[2129904.2624357617, 0.0, 0.0, 0.0], [0.0, 212990426.24357617, 0.0, 0.0], [0.0, 0.0, 2129904.2624357617, 0.0], [0.0, 0.0, 0.0, 212990426.24357617]]}","[0.06681354587706134, -0.07996984563874106, 0.0]",False
3,P02,10e57735-2e6f-4449-b4c9-0da2c57ab8b9,21,1,haply,mpc,seeded_random,1139142485,persist_session,10.0,12.68931224822998,8081.892426217,0,1785831070.6920433,322.0,True,careful,adaptive,-0.08,-0.08,0.0,0.08,-0.08,0.0,0.077721288,-0.0795372999999999,0.0,0.060355175,-0.15080388,0.1484426,0.0005833191,-0.00071919354,-0.001218353,"[-3.786819441523035, 6.988345086448096, 0.0, 0.0, 0.0, 0.0, -1.848888665312474, 4.296472608234018]","[0.1250573899300698, -0.0009990207001103397, 0.0]","{""Controller Type"": ""MPC Controller"", ""weight_comfort"": 110.86629841757242, ""weight_trajectory"": 1345358.0331416288, ""weight_goal"": 2129904.2624357617, ""Q"": [[1345358.0331416288, 0.0, 0.0, 0.0], [0.0, 0.0, 0.0, 0.0], [0.0, 0.0, 1345358.0331416288, 0.0], [0.0, 0.0, 0.0, 0.0]], ""R"": [[110.86629841757242, 0.0], [0.0, 110.86629841757242]], ""P"": [[2129904.2624357617, 0.0, 0.0, 0.0], [0.0, 212990426.24357617, 0.0, 0.0], [0.0, 0.0, 2129904.2624357617, 0.0], [0.0, 0.0, 0.0, 212990426.24357617]]}","[-0.2930104033263363, -0.07122527792860506, 0.0]",False
3,P02,10e57735-2e6f-4449-b4c9-0da2c57ab8b9,21,1,haply,mpc,seeded_random,1139142485,persist_session,10.0,12.699489860534667,8081.902603504,0,1785831070.7020235,323.0,True,careful,adaptive,-0.08,-0.08,0.0,0.08,-0.08,0.0,0.0779135339999999,-0.0795416199999999,0.0,0.06041927,-0.15078034,0.14844044,0.00071613735,-0.00041084108,-0.00088955497,"[-3.7912991851565465, 6.991581041336458, 0.0, 0.0, 0.0, 0.0, -1.848902744777921, 4.2964847661178425]","[-0.008639278948806452, 0.0008554873000087888, 0.0]","{""Controller Type"": ""MPC Controller"", ""weight_comfort"": 106.1042729758808, ""weight_trajectory"": 1362995.2536089087, ""weight_goal"": 2157726.8176441896, ""Q"": [[1362995.2536089087, 0.0, 0.0, 0.0], [0.0, 0.0, 0.0, 0.0], [0.0, 0.0, 1362995.2536089087, 0.0], [0.0, 0.0, 0.0, 0.0]], ""R"": [[106.1042729758808, 0.0], [0.0, 106.1042729758808]], ""P"": [[2157726.8176441896, 0.0, 0.0, 0.0], [0.0, 215772681.76441896, 0.0, 0.0], [0.0, 0.0, 2157726.8176441896, 0.0], [0.0, 0.0, 0.0, 215772681.76441896]]}","[0.06161205934194437, -0.07922672058684788, 0.0]",False
3,P02,10e57735-2e6f-4449-b4c9-0da2c57ab8b9,21,1,haply,mpc,seeded_random,1139142485,persist_session,10.0,12.70919111251831,8081.912308065,0,1785831070.7119956,324.0,True,careful,adaptive,-0.08,-0.08,0.0,0.08,-0.08,0.0,0.0781058189999999,-0.0795459399999999,0.0,0.06048333,-0.15075678,0.14843827,0.00089216826,-0.00015547377,-0.000650801,"[-3.813186216920699, 7.0274445676382635, 0.0, 0.0, 0.0, 0.0, -1.8489001818336683, 4.2964923299444635]","[0.12740849867226262, -0.0010122234119689538, 0.0]","{""Controller Type"": ""MPC Controller"", ""weight_comfort"": 106.1042729758808, ""weight_trajectory"": 1362995.2536089087, ""weight_goal"": 2157726.8176441896, ""Q"": [[1362995.2536089087, 0.0, 0.0, 0.0], [0.0, 0.0, 0.0, 0.0], [0.0, 0.0, 1362995.2536089087, 0.0], [0.0, 0.0, 0.0, 0.0]], ""R"": [[106.1042729758808, 0.0], [0.0, 106.1042729758808]], ""P"": [[2157726.8176441896, 0.0, 0.0, 0.0], [0.0, 215772681.76441896, 0.0, 0.0], [0.0, 0.0, 2157726.8176441896, 0.0], [0.0, 0.0, 0.0, 215772681.76441896]]}","[-0.30111330196366065, -0.07055093943168869, 0.0]",False
3,P02,10e57735-2e6f-4449-b4c9-0da2c57ab8b9,21,1,haply,mpc,seeded_random,1139142485,persist_session,10.0,12.719255952835082,8081.922379701,0,1785831070.7219942,325.0,True,careful,adaptive,-0.08,-0.08,0.0,0.08,-0.08,0.0,0.078297999,-0.0795502799999999,0.0,0.060547404,-0.1507332,0.14843611,0.0010968461,5.5747718e-05,-0.00048347726,"[-3.811626250460384, 7.024911554732954, 0.0, 0.0, 0.0, 0.0, -1.8489002381889885, 4.296492150952761]","[0.12823982517952015, -0.0010218112749449193, 0.0]","{""Controller Type"": ""MPC Controller"", ""weight_comfort"": 106.1042729758808, ""weight_trajectory"": 1362995.2536089087, ""weight_goal"": 2157726.8176441896, ""Q"": [[1362995.2536089087, 0.0, 0.0, 0.0], [0.0, 0.0, 0.0, 0.0], [0.0, 0.0, 1362995.2536089087, 0.0], [0.0, 0.0, 0.0, 0.0]], ""R"": [[106.1042729758808, 0.0], [0.0, 106.1042729758808]], ""P"": [[2157726.8176441896, 0.0, 0.0, 0.0], [0.0, 215772681.76441896, 0.0, 0.0], [0.0, 0.0, 2157726.8176441896, 0.0], [0.0, 0.0, 0.0, 215772681.76441896]]}","[-0.3106974813908664, -0.06904380779554598, 0.0]",False
3,P02,10e57735-2e6f-4449-b4c9-0da2c57ab8b9,21,1,haply,mpc,seeded_random,1139142485,persist_session,10.0,12.729332237243652,8081.932448523,0,1785831070.732171,326.0,True,careful,adaptive,-0.08,-0.08,0.0,0.08,-0.08,0.0,0.078490221,-0.0795545999999999,0.0,0.060547404,-0.1507332,0.14843611,0.0021694608,0.00054900796,-0.00039400515,"[-3.8099396833437886, 7.022196212424895, 0.0, 0.0, 0.0, 0.0, -1.8489002891290334, 4.296491974808414]","[0.12848748227869947, -0.001033458640263698, 0.0]","{""Controller Type"": ""MPC Controller"", ""weight_comfort"": 91.65887368663665, ""weight_trajectory"": 1416393.4637447807, ""weight_goal"": 2242229.1350393062, ""Q"": [[1416393.4637447807, 0.0, 0.0, 0.0], [0.0, 0.0, 0.0, 0.0], [0.0, 0.0, 1416393.4637447807, 0.0], [0.0, 0.0, 0.0, 0.0]], ""R"": [[91.65887368663665, 0.0], [0.0, 91.65887368663665]], ""P"": [[2242229.1350393062, 0.0, 0.0, 0.0], [0.0, 224222913.50393063, 0.0, 0.0], [0.0, 0.0, 2242229.1350393062, 0.0], [0.0, 0.0, 0.0, 224222913.50393063]]}","[-0.3106974813908664, -0.06904380779554598, 0.0]",False
3,P02,10e57735-2e6f-4449-b4c9-0da2c57ab8b9,21,1,haply,mpc,seeded_random,1139142485,persist_session,10.0,12.739311246871948,8081.942434143,0,1785831070.7419078,327.0,True,careful,adaptive,-0.08,-0.08,0.0,0.08,-0.08,0.0,0.078490221,-0.0795545999999999,0.0,0.060611445,-0.1507096,0.14843395,0.0030138665,0.0009305512,-0.00033313484,"[-3.8079488129836205, 7.019014676930544, 0.0, 0.0, 0.0, 0.0, -1.8489003988929713, 4.296491628929772]","[0.1268265181292481, -0.0010003212815750085, 0.0]","{""Controller Type"": ""MPC Controller"", ""weight_comfort"": 91.65887368663665, ""weight_trajectory"": 1416393.4637447807, ""weight_goal"": 2242229.1350393062, ""Q"": [[1416393.4637447807, 0.0, 0.0, 0.0], [0.0, 0.0, 0.0, 0.0], [0.0, 0.0, 1416393.4637447807, 0.0], [0.0, 0.0, 0.0, 0.0]], ""R"": [[91.65887368663665, 0.0], [0.0, 91.65887368663665]], ""P"": [[2242229.1350393062, 0.0, 0.0, 0.0], [0.0, 224222913.50393063, 0.0, 0.0], [0.0, 0.0, 2242229.1350393062, 0.0], [0.0, 0.0, 0.0, 224222913.50393063]]}","[0.04016238520809416, -0.07661750894675073, 0.0]",False
3,P02,10e57735-2e6f-4449-b4c9-0da2c57ab8b9,21,1,haply,mpc,seeded_random,1139142485,persist_session,10.0,12.749315528869628,8081.952424052,0,1785831070.7519383,328.0,True,careful,adaptive,-0.08,-0.08,0.0,0.08,-0.08,0.0,0.078682344,-0.0795589199999999,0.0,0.060611445,-0.1507096,0.14843395,0.0036265582,0.0012080929,-0.00028807734,"[-3.810956716873655, 7.021185839537895, 0.0, 0.0, 0.0, 0.0, -1.8489140779231663, 4.29650344103121]","[-0.005753702421044801, 0.000823506330307027, 0.0]","{""Controller Type"": ""MPC Controller"", ""weight_comfort"": 91.65887368663665, ""weight_trajectory"": 1416393.4637447807, ""weight_goal"": 2242229.1350393062, ""Q"": [[1416393.4637447807, 0.0, 0.0, 0.0], [0.0, 0.0, 0.0, 0.0], [0.0, 0.0, 1416393.4637447807, 0.0], [0.0, 0.0, 0.0, 0.0]], ""R"": [[91.65887368663665, 0.0], [0.0, 91.65887368663665]], ""P"": [[2242229.1350393062, 0.0, 0.0, 0.0], [0.0, 224222913.50393063, 0.0, 0.0], [0.0, 0.0, 2242229.1350393062, 0.0], [0.0, 0.0, 0.0, 224222913.50393063]]}","[0.04016238520809416, -0.07661750894675073, 0.0]",False
3,P02,10e57735-2e6f-4449-b4c9-0da2c57ab8b9,21,1,haply,mpc,seeded_random,1139142485,persist_session,10.0,12.75928786277771,8081.962410889,0,1785831070.7619653,329.0,True,careful,adaptive,-0.08,-0.08,0.0,0.08,-0.08,0.0,0.078682344,-0.0795589199999999,0.0,0.060611445,-0.1507096,0.14843395,0.0040583285,0.0014036795,-0.0002563247,"[-3.8339060620971246, 7.057517341740765, 0.0, 0.0, 0.0, 0.0, -1.848911994604174, 4.296511314075323]","[0.1301269672496293, -0.001034929432105079, 0.0]","{""Controller Type"": ""MPC Controller"", ""weight_comfort"": 81.87877601944605, ""weight_trajectory"": 1452562.0104789003, ""weight_goal"": 2299446.903191305, ""Q"": [[1452562.0104789003, 0.0, 0.0, 0.0], [0.0, 0.0, 0.0, 0.0], [0.0, 0.0, 1452562.0104789003, 0.0], [0.0, 0.0, 0.0, 0.0]], ""R"": [[81.87877601944605, 0.0], [0.0, 81.87877601944605]], ""P"": [[2299446.903191305, 0.0, 0.0, 0.0], [0.0, 229944690.3191305, 0.0, 0.0], [0.0, 0.0, 2299446.903191305, 0.0], [0.0, 0.0, 0.0, 229944690.3191305]]}","[-0.3208696747878518, -0.06787130817794193, 0.0]",False
3,P02,10e57735-2e6f-4449-b4c9-0da2c57ab8b9,21,1,haply,mpc,seeded_random,1139142485,persist_session,10.0,12.76932671546936,8081.972449969,0,1785831070.7719314,330.0,True,careful,adaptive,-0.08,-0.08,0.0,0.08,-0.08,0.0,0.078682344,-0.0795589199999999,0.0,0.060611445,-0.1507096,0.14843395,0.0043695504,0.0015446596,-0.00023343723,"[-3.83649669370316, 7.059386949358799, 0.0, 0.0, 0.0, 0.0, -1.8489253663451983, 4.29652286082696]","[-0.005055182887438133, 0.0008155240005875849, 0.0]","{""Controller Type"": ""MPC Controller"", ""weight_comfort"": 81.87877601944605, ""weight_trajectory"": 1452562.0104789003, ""weight_goal"": 2299446.903191305, ""Q"": [[1452562.0104789003, 0.0, 0.0, 0.0], [0.0, 0.0, 0.0, 0.0], [0.0, 0.0, 1452562.0104789003, 0.0], [0.0, 0.0, 0.0, 0.0]], ""R"": [[81.87877601944605, 0.0], [0.0, 81.87877601944605]], ""P"": [[2299446.903191305, 0.0, 0.0, 0.0], [0.0, 229944690.3191305, 0.0, 0.0], [0.0, 0.0, 2299446.903191305, 0.0], [0.0, 0.0, 0.0, 229944690.3191305]]}","[0.03477460688275223, -0.07604228426471202, 0.0]",False
3,P02,10e57735-2e6f-4449-b4c9-0da2c57ab8b9,21,1,haply,mpc,seeded_random,1139142485,persist_session,10.0,12.779399662017822,8081.982512224,0,1785831070.7818604,331.0,True,careful,adaptive,-0.08,-0.08,0.0,0.08,-0.08,0.0,0.078682344,-0.0795589199999999,0.0,0.060611445,-0.1507096,0.14843395,0.0033993702,0.0012057796,-0.0001763948,"[-3.8364898129189386, 7.059381983632846, 0.0, 0.0, 0.0, 0.0, -1.8489251072905826, 4.296522637128393]","[-0.0050551738209315186, 0.000815523886323775, 0.0]","{""Controller Type"": ""MPC Controller"", ""weight_comfort"": 81.87877601944605, ""weight_trajectory"": 1452562.0104789003, ""weight_goal"": 2299446.903191305, ""Q"": [[1452562.0104789003, 0.0, 0.0, 0.0], [0.0, 0.0, 0.0, 0.0], [0.0, 0.0, 1452562.0104789003, 0.0], [0.0, 0.0, 0.0, 0.0]], ""R"": [[81.87877601944605, 0.0], [0.0, 81.87877601944605]], ""P"": [[2299446.903191305, 0.0, 0.0, 0.0], [0.0, 229944690.3191305, 0.0, 0.0], [0.0, 0.0, 2299446.903191305, 0.0], [0.0, 0.0, 0.0, 229944690.3191305]]}","[0.03477460688275084, -0.07604228426471264, 0.0]",False
3,P02,10e57735-2e6f-4449-b4c9-0da2c57ab8b9,21,1,haply,mpc,seeded_random,1139142485,persist_session,10.0,12.789519100189208,8081.992633481,0,1785831070.79188,332.0,True,careful,adaptive,-0.08,-0.08,0.0,0.08,-0.08,0.0,0.078682344,-0.0795589199999999,0.0,0.060611445,-0.1507096,0.14843395,0.0024207986,0.00085867365,-0.00012561631,"[-3.836482925271764, 7.0593770129540365, 0.0, 0.0, 0.0, 0.0, -1.8489248479767255, 4.296522413205966]","[-0.0050551647453818925, 0.0008155237719456189, 0.0]","{""Controller Type"": ""MPC Controller"", ""weight_comfort"": 81.88019070256148, ""weight_trajectory"": 1452539.3493929715, ""weight_goal"": 2299446.903191305, ""Q"": [[1452539.3493929715, 0.0, 0.0, 0.0], [0.0, 0.0, 0.0, 0.0], [0.0, 0.0, 1452539.3493929715, 0.0], [0.0, 0.0, 0.0, 0.0]], ""R"": [[81.88019070256148, 0.0], [0.0, 81.88019070256148]], ""P"": [[2299446.903191305, 0.0, 0.0, 0.0], [0.0, 229944690.3191305, 0.0, 0.0], [0.0, 0.0, 2299446.903191305, 0.0], [0.0, 0.0, 0.0, 229944690.3191305]]}","[0.03477460688275084, -0.07604228426471264, 0.0]",False
3,P02,10e57735-2e6f-4449-b4c9-0da2c57ab8b9,21,1,haply,mpc,seeded_random,1139142485,persist_session,10.0,12.7994354057312,8082.002553156,0,1785831070.8018146,333.0,True,careful,adaptive,-0.08,-0.08,0.0,0.08,-0.08,0.0,0.078682344,-0.0795589199999999,0.0,0.060611445,-0.1507096,0.14843395,0.0017545867,0.00062236376,-9.1046284e-05,"[-3.8364760307548154, 7.059372037317447, 0.0, 0.0, 0.0, 0.0, -1.8489245884033678, 4.296522189059455]","[-0.005055155660780269, 0.0008155236574530023, 0.0]","{""Controller Type"": ""MPC Controller"", ""weight_comfort"": 81.88019070256148, ""weight_trajectory"": 1452539.3493929715, ""weight_goal"": 2299446.903191305, ""Q"": [[1452539.3493929715, 0.0, 0.0, 0.0], [0.0, 0.0, 0.0, 0.0], [0.0, 0.0, 1452539.3493929715, 0.0], [0.0, 0.0, 0.0, 0.0]], ""R"": [[81.88019070256148, 0.0], [0.0, 81.88019070256148]], ""P"": [[2299446.903191305, 0.0, 0.0, 0.0], [0.0, 229944690.3191305, 0.0, 0.0], [0.0, 0.0, 2299446.903191305, 0.0], [0.0, 0.0, 0.0, 229944690.3191305]]}","[0.034774670132336406, -0.07604224624307879, 0.0]",False
3,P02,10e57735-2e6f-4449-b4c9-0da2c57ab8b9,21,1,haply,mpc,seeded_random,1139142485,persist_session,10.0,12.809557228088378,8082.012674207,0,1785831070.8119285,334.0,True,careful,adaptive,-0.08,-0.08,0.0,0.08,-0.08,0.0,0.078682344,-0.0795589199999999,0.0,0.060611445,-0.1507096,0.14843395,0.0012600467,0.00044694694,-6.538441e-05,"[-3.836469129361266, 7.05936705671815, 0.0, 0.0, 0.0, 0.0, -1.84892432857025, 4.296521964688636]","[-0.00505514656711765, 0.0008155235428458106, 0.0]","{""Controller Type"": ""MPC Controller"", ""weight_comfort"": 81.88019070256148, ""weight_trajectory"": 1452539.3493929715, ""weight_goal"": 2299446.903191305, ""Q"": [[1452539.3493929715, 0.0, 0.0, 0.0], [0.0, 0.0, 0.0, 0.0], [0.0, 0.0, 1452539.3493929715, 0.0], [0.0, 0.0, 0.0, 0.0]], ""R"": [[81.88019070256148, 0.0], [0.0, 81.88019070256148]], ""P"": [[2299446.903191305, 0.0, 0.0, 0.0], [0.0, 229944690.3191305, 0.0, 0.0], [0.0, 0.0, 2299446.903191305, 0.0], [0.0, 0.0, 0.0, 229944690.3191305]]}","[0.034774670132336406, -0.07604224624307879, 0.0]",False
3,P02,10e57735-2e6f-4449-b4c9-0da2c57ab8b9,21,1,haply,mpc,seeded_random,1139142485,persist_session,10.0,12.819342641830444,8082.022457648,0,1785831070.8217444,335.0,True,careful,adaptive,-0.08,-0.08,0.0,0.08,-0.08,0.0,0.078682344,-0.0795589199999999,0.0,0.060675476,-0.15068595,0.14843178,0.0010285842,0.0003666977,-5.108753e-05,"[-3.8364622210842816, 7.059362071151215, 0.0, 0.0, 0.0, 0.0, -1.848924068477112, 4.296521740093285]","[-0.005055137464385032, 0.0008155234281239294, 0.0]","{""Controller Type"": ""MPC Controller"", ""weight_comfort"": 81.88017906549226, ""weight_trajectory"": 1452539.5358012368, ""weight_goal"": 2299446.903191305, ""Q"": [[1452539.5358012368, 0.0, 0.0, 0.0], [0.0, 0.0, 0.0, 0.0], [0.0, 0.0, 1452539.5358012368, 0.0], [0.0, 0.0, 0.0, 0.0]], ""R"": [[81.88017906549226, 0.0], [0.0, 81.88017906549226]], ""P"": [[2299446.903191305, 0.0, 0.0, 0.0], [0.0, 229944690.3191305, 0.0, 0.0], [0.0, 0.0, 2299446.903191305, 0.0], [0.0, 0.0, 0.0, 229944690.3191305]]}","[0.03477466961204438, -0.07604224655584488, 0.0]",False
3,P02,10e57735-2e6f-4449-b4c9-0da2c57ab8b9,21,1,haply,mpc,seeded_random,1139142485,persist_session,10.0,12.829780368804931,8082.032903666,0,1785831070.8318946,336.0,True,careful,adaptive,-0.08,-0.08,0.0,0.08,-0.08,0.0,0.0788744369999999,-0.0795632599999999,0.0,0.060739525,-0.1506623,0.14842962,0.0011476098,0.0004144129,-5.0611096e-05,"[-3.8364553059170214, 7.059357080611703, 0.0, 0.0, 0.0, 0.0, -1.8489238081236938, 4.296521515273177]","[-0.0050551283525734, 0.0008155233132872437, 0.0]","{""Controller Type"": ""MPC Controller"", ""weight_comfort"": 81.88017906549226, ""weight_trajectory"": 1452539.5358012368, ""weight_goal"": 2299446.903191305, ""Q"": [[1452539.5358012368, 0.0, 0.0, 0.0], [0.0, 0.0, 0.0, 0.0], [0.0, 0.0, 1452539.5358012368, 0.0], [0.0, 0.0, 0.0, 0.0]], ""R"": [[81.88017906549226, 0.0], [0.0, 81.88017906549226]], ""P"": [[2299446.903191305, 0.0, 0.0, 0.0], [0.0, 229944690.3191305, 0.0, 0.0], [0.0, 0.0, 2299446.903191305, 0.0], [0.0, 0.0, 0.0, 229944690.3191305]]}","[0.03477466961204438, -0.07604224655584488, 0.0]",False
3,P02,10e57735-2e6f-4449-b4c9-0da2c57ab8b9,21,1,haply,mpc,seeded_random,1139142485,persist_session,10.0,12.839382438659667,8082.042503405,0,1785831070.8417778,337.0,True,careful,adaptive,-0.08,-0.08,0.0,0.08,-0.08,0.0,0.079066584,-0.0795675799999999,0.0,0.060803536,-0.15063861,0.14842743,0.0013188634,0.00048061772,-5.3101063e-05,"[-3.859045776104715, 7.094846840694347, 0.0, 0.0, 0.0, 0.0, -1.848921797829377, 4.2965292722856]","[0.12992677949421932, -0.0010296034048721237, 0.0]","{""Controller Type"": ""MPC Controller"", ""weight_comfort"": 81.88017906549226, ""weight_trajectory"": 1452539.5358012368, ""weight_goal"": 2299446.903191305, ""Q"": [[1452539.5358012368, 0.0, 0.0, 0.0], [0.0, 0.0, 0.0, 0.0], [0.0, 0.0, 1452539.5358012368, 0.0], [0.0, 0.0, 0.0, 0.0]], ""R"": [[81.88017906549226, 0.0], [0.0, 81.88017906549226]], ""P"": [[2299446.903191305, 0.0, 0.0, 0.0], [0.0, 229944690.3191305, 0.0, 0.0], [0.0, 0.0, 2299446.903191305, 0.0], [0.0, 0.0, 0.0, 229944690.3191305]]}","[-0.33705590113755746, -0.06641752260781154, 0.0]",False
3,P02,10e57735-2e6f-4449-b4c9-0da2c57ab8b9,21,1,haply,mpc,seeded_random,1139142485,persist_session,10.0,12.8492138671875,8082.05232451,0,1785831070.851927,338.0,True,careful,adaptive,-0.08,-0.08,0.0,0.08,-0.08,0.0,0.079258617,-0.07957196,0.0,0.060867563,-0.15061489,0.14842527,0.0015205195,0.0005575131,-5.7574252e-05,"[-3.8579288141162933, 7.0931082366466, 0.0, 0.0, 0.0, 0.0, -1.8489218023891651, 4.296529249186313]","[0.13430208065113192, -0.0010785319139943771, 0.0]","{""Controller Type"": ""MPC Controller"", ""weight_comfort"": 71.97934371755815, ""weight_trajectory"": 1489183.2093208167, ""weight_goal"": 2357370.022738767, ""Q"": [[1489183.2093208167, 0.0, 0.0, 0.0], [0.0, 0.0, 0.0, 0.0], [0.0, 0.0, 1489183.2093208167, 0.0], [0.0, 0.0, 0.0, 0.0]], ""R"": [[71.97934371755815, 0.0], [0.0, 71.97934371755815]], ""P"": [[2357370.022738767, 0.0, 0.0, 0.0], [0.0, 235737002.2738767, 0.0, 0.0], [0.0, 0.0, 2357370.022738767, 0.0], [0.0, 0.0, 0.0, 235737002.2738767]]}","[-0.33705590113755746, -0.06641752260781154, 0.0]",False
3,P02,10e57735-2e6f-4449-b4c9-0da2c57ab8b9,21,1,haply,mpc,seeded_random,1139142485,persist_session,10.0,12.85932186126709,8082.062445175,0,1785831070.8619003,339.0,True,careful,adaptive,-0.08,-0.08,0.0,0.08,-0.08,0.0,0.079450698,-0.07957628,0.0,0.060931556,-0.15059115,0.14842309,0.0018154607,0.00066865876,-6.591176e-05,"[-3.855475266401575, 7.089315687982634, 0.0, 0.0, 0.0, 0.0, -1.8489218670929644, 4.296528929081542]","[0.131278013908597, -0.0010627948723389727, 0.0]","{""Controller Type"": ""MPC Controller"", ""weight_comfort"": 71.97934371755815, ""weight_trajectory"": 1489183.2093208167, ""weight_goal"": 2357370.022738767, ""Q"": [[1489183.2093208167, 0.0, 0.0, 0.0], [0.0, 0.0, 0.0, 0.0], [0.0, 0.0, 1489183.2093208167, 0.0], [0.0, 0.0, 0.0, 0.0]], ""R"": [[71.97934371755815, 0.0], [0.0, 71.97934371755815]], ""P"": [[2357370.022738767, 0.0, 0.0, 0.0], [0.0, 235737002.2738767, 0.0, 0.0], [0.0, 0.0, 2357370.022738767, 0.0], [0.0, 0.0, 0.0, 235737002.2738767]]}","[-0.3443178961195322, -0.06513923522486997, 0.0]",False
3,P02,10e57735-2e6f-4449-b4c9-0da2c57ab8b9,21,1,haply,mpc,seeded_random,1139142485,persist_session,10.0,12.86925986289978,8082.072371635,0,1785831070.8718038,340.0,True,careful,adaptive,-0.08,-0.08,0.0,0.08,-0.08,0.0,0.079642677,-0.0795806399999999,0.0,0.060995564,-0.15056738,0.14842092,0.0023630955,0.00087365025,-8.33342e-05,"[-3.854079424642543, 7.087175792079029, 0.0, 0.0, 0.0, 0.0, -1.848921900215035, 4.296528742344166]","[0.13437874106234635, -0.0010776466018170752, 0.0]","{""Controller Type"": ""MPC Controller"", ""weight_comfort"": 71.97934371755815, ""weight_trajectory"": 1489183.2093208167, ""weight_goal"": 2357370.022738767, ""Q"": [[1489183.2093208167, 0.0, 0.0, 0.0], [0.0, 0.0, 0.0, 0.0], [0.0, 0.0, 1489183.2093208167, 0.0], [0.0, 0.0, 0.0, 0.0]], ""R"": [[71.97934371755815, 0.0], [0.0, 71.97934371755815]], ""P"": [[2357370.022738767, 0.0, 0.0, 0.0], [0.0, 235737002.2738767, 0.0, 0.0], [0.0, 0.0, 2357370.022738767, 0.0], [0.0, 0.0, 0.0, 235737002.2738767]]}","[-0.3443178961195322, -0.06513923522486997, 0.0]",False
3,P02,10e57735-2e6f-4449-b4c9-0da2c57ab8b9,21,1,haply,mpc,seeded_random,1139142485,persist_session,10.0,12.879244117736816,8082.082365472,0,1785831070.881799,341.0,True,careful,adaptive,-0.08,-0.08,0.0,0.08,-0.08,0.0,0.079834701,-0.0795849799999999,0.0,0.06105954,-0.1505436,0.14841874,0.0034865306,0.0012931356,-0.00012071813,"[-3.8523285906505893, 7.084512084895291, 0.0, 0.0, 0.0, 0.0, -1.8489219116144873, 4.296528656709095]","[0.13595745025874073, -0.0011161891516491035, 0.0]","{""Controller Type"": ""MPC Controller"", ""weight_comfort"": 56.91616662399345, ""weight_trajectory"": 1544774.7241764653, ""weight_goal"": 2445565.1016335534, ""Q"": [[1544774.7241764653, 0.0, 0.0, 0.0], [0.0, 0.0, 0.0, 0.0], [0.0, 0.0, 1544774.7241764653, 0.0], [0.0, 0.0, 0.0, 0.0]], ""R"": [[56.91616662399345, 0.0], [0.0, 56.91616662399345]], ""P"": [[2445565.1016335534, 0.0, 0.0, 0.0], [0.0, 244556510.16335535, 0.0, 0.0], [0.0, 0.0, 2445565.1016335534, 0.0], [0.0, 0.0, 0.0, 244556510.16335535]]}","[-0.35411227754849184, -0.0638266277220645, 0.0]",False
3,P02,10e57735-2e6f-4449-b4c9-0da2c57ab8b9,21,1,haply,mpc,seeded_random,1139142485,persist_session,10.0,12.889657049179077,8082.092764878,0,1785831070.891976,342.0,True,careful,adaptive,-0.08,-0.08,0.0,0.08,-0.08,0.0,0.080026629,-0.07958934,0.0,0.061123528,-0.15051977,0.14841656,0.0043636137,0.0016214843,-0.00014999561,"[-3.850147056118637, 7.081217206598427, 0.0, 0.0, 0.0, 0.0, -1.8489219613049401, 4.296528298142642]","[0.13540493914661705, -0.001098245048248036, 0.0]","{""Controller Type"": ""MPC Controller"", ""weight_comfort"": 56.91616662399345, ""weight_trajectory"": 1544774.7241764653, ""weight_goal"": 2445565.1016335534, ""Q"": [[1544774.7241764653, 0.0, 0.0, 0.0], [0.0, 0.0, 0.0, 0.0], [0.0, 0.0, 1544774.7241764653, 0.0], [0.0, 0.0, 0.0, 0.0]], ""R"": [[56.91616662399345, 0.0], [0.0, 56.91616662399345]], ""P"": [[2445565.1016335534, 0.0, 0.0, 0.0], [0.0, 244556510.16335535, 0.0, 0.0], [0.0, 0.0, 2445565.1016335534, 0.0], [0.0, 0.0, 0.0, 244556510.16335535]]}","[-0.35411227754849184, -0.0638266277220645, 0.0]",False
3,P02,10e57735-2e6f-4449-b4c9-0da2c57ab8b9,21,1,haply,mpc,seeded_random,1139142485,persist_session,10.0,12.899503259658813,8082.102593022,0,1785831070.9017513,343.0,True,careful,adaptive,-0.08,-0.08,0.0,0.08,-0.08,0.0,0.080218593,-0.0795936999999999,0.0,0.061123528,-0.15051977,0.14841656,0.0043636137,0.0016214843,-0.00014999561,"[-3.847753986931675, 7.0776290420317505, 0.0, 0.0, 0.0, 0.0, -1.8489220103023556, 4.296527956049504]","[0.1335776613322837, -0.0010814028836724564, 0.0]","{""Controller Type"": ""MPC Controller"", ""weight_comfort"": 56.91616662399345, ""weight_trajectory"": 1544774.7241764653, ""weight_goal"": 2445565.1016335534, ""Q"": [[1544774.7241764653, 0.0, 0.0, 0.0], [0.0, 0.0, 0.0, 0.0], [0.0, 0.0, 1544774.7241764653, 0.0], [0.0, 0.0, 0.0, 0.0]], ""R"": [[56.91616662399345, 0.0], [0.0, 56.91616662399345]], ""P"": [[2445565.1016335534, 0.0, 0.0, 0.0], [0.0, 244556510.16335535, 0.0, 0.0], [0.0, 0.0, 2445565.1016335534, 0.0], [0.0, 0.0, 0.0, 244556510.16335535]]}","[-0.4042213843121537, -0.062094860659451, 0.0]",False
3,P02,10e57735-2e6f-4449-b4c9-0da2c57ab8b9,21,1,haply,mpc,seeded_random,1139142485,persist_session,10.0,12.909318714141845,8082.112421212,0,1785831070.911924,344.0,True,careful,adaptive,-0.08,-0.08,0.0,0.08,-0.08,0.0,0.08041047,-0.0795980399999999,0.0,0.061251454,-0.15047206,0.14841221,0.0053732763,0.0020014215,-0.0001837607,"[-3.846851412919144, 7.076285059351749, 0.0, 0.0, 0.0, 0.0, -1.8489220004734768, 4.296528102153585]","[0.13980452739609028, -0.0011651566551429756, 0.0]","{""Controller Type"": ""MPC Controller"", ""weight_comfort"": 47.448142163141256, ""weight_trajectory"": 1579708.8465759736, ""weight_goal"": 2501000.0, ""Q"": [[1579708.8465759736, 0.0, 0.0, 0.0], [0.0, 0.0, 0.0, 0.0], [0.0, 0.0, 1579708.8465759736, 0.0], [0.0, 0.0, 0.0, 0.0]], ""R"": [[47.448142163141256, 0.0], [0.0, 47.448142163141256]], ""P"": [[2501000.0, 0.0, 0.0, 0.0], [0.0, 250100000.0, 0.0, 0.0], [0.0, 0.0, 2501000.0, 0.0], [0.0, 0.0, 0.0, 250100000.0]]}","[-0.4042213843121537, -0.062094860659451, 0.0]",False
3,P02,10e57735-2e6f-4449-b4c9-0da2c57ab8b9,21,1,haply,mpc,seeded_random,1139142485,persist_session,10.0,12.919665842056274,8082.122764097,0,1785831070.9217696,345.0,True,careful,adaptive,-0.08,-0.08,0.0,0.08,-0.08,0.0,0.0806023709999999,-0.0796024,0.0,0.061251454,-0.15047206,0.14841221,0.005608067,0.0020905596,-0.00019160073,"[-3.8437581656361703, 7.071713092639713, 0.0, 0.0, 0.0, 0.0, -1.8489220738918064, 4.296527469415017]","[0.13496531376966708, -0.0010898606922187365, 0.0]","{""Controller Type"": ""MPC Controller"", ""weight_comfort"": 47.448142163141256, ""weight_trajectory"": 1579708.8465759736, ""weight_goal"": 2501000.0, ""Q"": [[1579708.8465759736, 0.0, 0.0, 0.0], [0.0, 0.0, 0.0, 0.0], [0.0, 0.0, 1579708.8465759736, 0.0], [0.0, 0.0, 0.0, 0.0]], ""R"": [[47.448142163141256, 0.0], [0.0, 47.448142163141256]], ""P"": [[2501000.0, 0.0, 0.0, 0.0], [0.0, 250100000.0, 0.0, 0.0], [0.0, 0.0, 2501000.0, 0.0], [0.0, 0.0, 0.0, 250100000.0]]}","[-0.42347729089073094, -0.06182649944902588, 0.0]",False
3,P02,10e57735-2e6f-4449-b4c9-0da2c57ab8b9,21,1,haply,mpc,seeded_random,1139142485,persist_session,10.0,12.92934206008911,8082.132462444,0,1785831070.931927,346.0,True,careful,adaptive,-0.08,-0.08,0.0,0.08,-0.08,0.0,0.0806023709999999,-0.0796024,0.0,0.061251454,-0.15047206,0.14841221,0.00577934,0.0021555834,-0.00019731981,"[-3.8425892192829614, 7.069996115515684, 0.0, 0.0, 0.0, 0.0, -1.8489220685844663, 4.296527580078644]","[0.14011438282993582, -0.0011675059033117397, 0.0]","{""Controller Type"": ""MPC Controller"", ""weight_comfort"": 47.448142163141256, ""weight_trajectory"": 1579708.8465759736, ""weight_goal"": 2501000.0, ""Q"": [[1579708.8465759736, 0.0, 0.0, 0.0], [0.0, 0.0, 0.0, 0.0], [0.0, 0.0, 1579708.8465759736, 0.0], [0.0, 0.0, 0.0, 0.0]], ""R"": [[47.448142163141256, 0.0], [0.0, 47.448142163141256]], ""P"": [[2501000.0, 0.0, 0.0, 0.0], [0.0, 250100000.0, 0.0, 0.0], [0.0, 0.0, 2501000.0, 0.0], [0.0, 0.0, 0.0, 250100000.0]]}","[-0.4685359098987999, -0.0607670546046903, 0.0]",False
3,P02,10e57735-2e6f-4449-b4c9-0da2c57ab8b9,21,1,haply,mpc,seeded_random,1139142485,persist_session,10.0,12.939296751022338,8082.14241311,0,1785831070.941856,347.0,True,careful,adaptive,-0.08,-0.08,0.0,0.08,-0.08,0.0,0.0806023709999999,-0.0796024,0.0,0.06131539,-0.15044816,0.14841002,0.0057581603,0.002148869,-0.00019653726,"[-3.8413768178748655, 7.069123004115855, 0.0, 0.0, 0.0, 0.0, -1.84893453977961, 4.296538349193081]","[0.002313933995160064, 0.0007351363730163435, 0.0]","{""Controller Type"": ""MPC Controller"", ""weight_comfort"": 47.44833670625549, ""weight_trajectory"": 1579702.9986099596, ""weight_goal"": 2501000.0, ""Q"": [[1579702.9986099596, 0.0, 0.0, 0.0], [0.0, 0.0, 0.0, 0.0], [0.0, 0.0, 1579702.9986099596, 0.0], [0.0, 0.0, 0.0, 0.0]], ""R"": [[47.44833670625549, 0.0], [0.0, 47.44833670625549]], ""P"": [[2501000.0, 0.0, 0.0, 0.0], [0.0, 250100000.0, 0.0, 0.0], [0.0, 0.0, 2501000.0, 0.0], [0.0, 0.0, 0.0, 250100000.0]]}","[-0.10459061157295378, -0.06903590495131666, 0.0]",False
3,P02,10e57735-2e6f-4449-b4c9-0da2c57ab8b9,21,1,haply,mpc,seeded_random,1139142485,persist_session,10.0,12.949413566589355,8082.152535643,0,1785831070.9517646,348.0,True,careful,adaptive,-0.08,-0.08,0.0,0.08,-0.08,0.0,0.080794179,-0.0796067799999999,0.0,0.06131539,-0.15044816,0.14841002,0.005280876,0.001971571,-0.00018022746,"[-3.8413753561712767, 7.0691219514693815, 0.0, 0.0, 0.0, 0.0, -1.8489343256691928, 4.296538164304659]","[0.002313933114672211, 0.0007351362878860417, 0.0]","{""Controller Type"": ""MPC Controller"", ""weight_comfort"": 47.44833670625549, ""weight_trajectory"": 1579702.9986099596, ""weight_goal"": 2501000.0, ""Q"": [[1579702.9986099596, 0.0, 0.0, 0.0], [0.0, 0.0, 0.0, 0.0], [0.0, 0.0, 1579702.9986099596, 0.0], [0.0, 0.0, 0.0, 0.0]], ""R"": [[47.44833670625549, 0.0], [0.0, 47.44833670625549]], ""P"": [[2501000.0, 0.0, 0.0, 0.0], [0.0, 250100000.0, 0.0, 0.0], [0.0, 0.0, 2501000.0, 0.0], [0.0, 0.0, 0.0, 250100000.0]]}","[-0.49935267905849196, -0.06002138058663104, 0.0]",False
3,P02,10e57735-2e6f-4449-b4c9-0da2c57ab8b9,21,1,haply,mpc,seeded_random,1139142485,persist_session,10.0,12.959318189620971,8082.162433233,0,1785831070.9618282,349.0,True,careful,adaptive,-0.08,-0.08,0.0,0.08,-0.08,0.0,0.080794179,-0.0796067799999999,0.0,0.06131539,-0.15044816,0.14841002,0.004932749,0.0018422514,-0.00016833117,"[-3.8694159922290563, 7.110029595674922, 0.0, 0.0, 0.0, 0.0, -1.8489339589645646, 4.296548346504023]","[0.14070598192510822, -0.0011721948891194741, 0.0]","{""Controller Type"": ""MPC Controller"", ""weight_comfort"": 47.44833670625549, ""weight_trajectory"": 1579702.9986099596, ""weight_goal"": 2501000.0, ""Q"": [[1579702.9986099596, 0.0, 0.0, 0.0], [0.0, 0.0, 0.0, 0.0], [0.0, 0.0, 1579702.9986099596, 0.0], [0.0, 0.0, 0.0, 0.0]], ""R"": [[47.44833670625549, 0.0], [0.0, 47.44833670625549]], ""P"": [[2501000.0, 0.0, 0.0, 0.0], [0.0, 250100000.0, 0.0, 0.0], [0.0, 0.0, 2501000.0, 0.0], [0.0, 0.0, 0.0, 250100000.0]]}","[-0.49935267905849196, -0.06002138058663104, 0.0]",False
3,P02,10e57735-2e6f-4449-b4c9-0da2c57ab8b9,21,1,haply,mpc,seeded_random,1139142485,persist_session,10.0,12.96924617767334,8082.172370744,0,1785831070.9718723,350.0,True,careful,adaptive,-0.08,-0.08,0.0,0.08,-0.08,0.0,0.080794179,-0.0796067799999999,0.0,0.06131539,-0.15044816,0.14841002,0.0046883826,0.0017514757,-0.0001599806,"[-3.867808601747453, 7.1088723032787104, 0.0, 0.0, 0.0, 0.0, -1.8489464265529305, 4.2965591125039735]","[0.00307173236752716, 0.0007270427138491684, 0.0]","{""Controller Type"": ""MPC Controller"", ""weight_comfort"": 47.44430742175567, ""weight_trajectory"": 1579824.118902024, ""weight_goal"": 2501000.0, ""Q"": [[1579824.118902024, 0.0, 0.0, 0.0], [0.0, 0.0, 0.0, 0.0], [0.0, 0.0, 1579824.118902024, 0.0], [0.0, 0.0, 0.0, 0.0]], ""R"": [[47.44430742175567, 0.0], [0.0, 47.44430742175567]], ""P"": [[2501000.0, 0.0, 0.0, 0.0], [0.0, 250100000.0, 0.0, 0.0], [0.0, 0.0, 2501000.0, 0.0], [0.0, 0.0, 0.0, 250100000.0]]}","[-0.1378947208439761, -0.06827549210192882, 0.0]",False
3,P02,10e57735-2e6f-4449-b4c9-0da2c57ab8b9,21,1,haply,mpc,seeded_random,1139142485,persist_session,10.0,12.979305057525634,8082.18242081,0,1785831070.9819608,351.0,True,careful,adaptive,-0.08,-0.08,0.0,0.08,-0.08,0.0,0.080794179,-0.0796067799999999,0.0,0.06131539,-0.15044816,0.14841002,0.004314482,0.0016120948,-0.00014721505,"[-3.867806036377053, 7.1088704562579075, 0.0, 0.0, 0.0, 0.0, -1.8489462165030337, 4.296558931121888]","[0.0030717303301638606, 0.000727042631253348, 0.0]","{""Controller Type"": ""MPC Controller"", ""weight_comfort"": 47.44430742175567, ""weight_trajectory"": 1579824.118902024, ""weight_goal"": 2501000.0, ""Q"": [[1579824.118902024, 0.0, 0.0, 0.0], [0.0, 0.0, 0.0, 0.0], [0.0, 0.0, 1579824.118902024, 0.0], [0.0, 0.0, 0.0, 0.0]], ""R"": [[47.44430742175567, 0.0], [0.0, 47.44430742175567]], ""P"": [[2501000.0, 0.0, 0.0, 0.0], [0.0, 250100000.0, 0.0, 0.0], [0.0, 0.0, 2501000.0, 0.0], [0.0, 0.0, 0.0, 250100000.0]]}","[-0.1378947208439756, -0.0682754921019281, 0.0]",False
3,P02,10e57735-2e6f-4449-b4c9-0da2c57ab8b9,21,1,haply,mpc,seeded_random,1139142485,persist_session,10.0,12.989294319152831,8082.192416082,0,1785831070.9919384,352.0,True,careful,adaptive,-0.08,-0.08,0.0,0.08,-0.08,0.0,0.080794179,-0.0796067799999999,0.0,0.06131539,-0.15044816,0.14841002,0.0030812891,0.0011513154,-0.00010513711,"[-3.8678034684421223, 7.108868607390689, 0.0, 0.0, 0.0, 0.0, -1.8489460062429246, 4.29655874955828]","[0.003071728290763866, 0.0007270425485748678, 0.0]","{""Controller Type"": ""MPC Controller"", ""weight_comfort"": 47.44430742175567, ""weight_trajectory"": 1579824.118902024, ""weight_goal"": 2501000.0, ""Q"": [[1579824.118902024, 0.0, 0.0, 0.0], [0.0, 0.0, 0.0, 0.0], [0.0, 0.0, 1579824.118902024, 0.0], [0.0, 0.0, 0.0, 0.0]], ""R"": [[47.44430742175567, 0.0], [0.0, 47.44430742175567]], ""P"": [[2501000.0, 0.0, 0.0, 0.0], [0.0, 250100000.0, 0.0, 0.0], [0.0, 0.0, 2501000.0, 0.0], [0.0, 0.0, 0.0, 250100000.0]]}","[-0.1378947208439766, -0.06827549210192688, 0.0]",False
3,P02,10e57735-2e6f-4449-b4c9-0da2c57ab8b9,21,1,haply,mpc,seeded_random,1139142485,persist_session,10.0,12.999188451766967,8082.20230263,0,1785831071.0018458,353.0,True,careful,adaptive,-0.08,-0.08,0.0,0.08,-0.08,0.0,0.080794179,-0.0796067799999999,0.0,0.061302084,-0.15039033,0.14837742,0.0022028675,0.00082309544,-7.5164324e-05,"[-3.8678008979401013, 7.108866756675211, 0.0, 0.0, 0.0, 0.0, -1.8489457957723927, 4.296558567812968]","[0.003071726249325141, 0.0007270424658136454, 0.0]","{""Controller Type"": ""MPC Controller"", ""weight_comfort"": 47.44430482559145, ""weight_trajectory"": 1579824.1969427203, ""weight_goal"": 2501000.0, ""Q"": [[1579824.1969427203, 0.0, 0.0, 0.0], [0.0, 0.0, 0.0, 0.0], [0.0, 0.0, 1579824.1969427203, 0.0], [0.0, 0.0, 0.0, 0.0]], ""R"": [[47.44430482559145, 0.0], [0.0, 47.44430482559145]], ""P"": [[2501000.0, 0.0, 0.0, 0.0], [0.0, 250100000.0, 0.0, 0.0], [0.0, 0.0, 2501000.0, 0.0], [0.0, 0.0, 0.0, 250100000.0]]}","[-0.1378947208439766, -0.06827549210192688, 0.0]",False
3,P02,10e57735-2e6f-4449-b4c9-0da2c57ab8b9,21,1,haply,mpc,seeded_random,1139142485,persist_session,10.0,13.009331254959106,8082.212452787,0,1785831071.0117772,354.0,True,careful,adaptive,-0.08,-0.08,0.0,0.08,-0.08,0.0,0.080754261,-0.0796719799999999,0.0,0.061302084,-0.15039033,0.14837742,0.0015837267,0.0005917553,-5.403855e-05,"[-3.8677983248684273, 7.1088649041096295, 0.0, 0.0, 0.0, 0.0, -1.8489455850912275, 4.2965583858857705]","[0.0030717242058456522, 0.0007270423829695976, 0.0]","{""Controller Type"": ""MPC Controller"", ""weight_comfort"": 47.44430482559145, ""weight_trajectory"": 1579824.1969427203, ""weight_goal"": 2501000.0, ""Q"": [[1579824.1969427203, 0.0, 0.0, 0.0], [0.0, 0.0, 0.0, 0.0], [0.0, 0.0, 1579824.1969427203, 0.0], [0.0, 0.0, 0.0, 0.0]], ""R"": [[47.44430482559145, 0.0], [0.0, 47.44430482559145]], ""P"": [[2501000.0, 0.0, 0.0, 0.0], [0.0, 250100000.0, 0.0, 0.0], [0.0, 0.0, 2501000.0, 0.0], [0.0, 0.0, 0.0, 250100000.0]]}","[-0.055910561426920254, 0.06563320068401299, 0.0]",False
3,P02,10e57735-2e6f-4449-b4c9-0da2c57ab8b9,21,1,haply,mpc,seeded_random,1139142485,persist_session,10.0,13.01932671546936,8082.2224384,0,1785831071.02187,355.0,True,careful,adaptive,-0.08,-0.08,0.0,0.08,-0.08,0.0,0.080754261,-0.0796719799999999,0.0,0.061302084,-0.15039033,0.14837742,0.0011342656,0.0004238154,-3.8702423e-05,"[-3.8686546357114904, 7.110385961801354, 0.0, 0.0, 0.0, 0.0, -1.8514412318563582, 4.301000830298693]","[-0.025661530516615117, -0.02762912681227378, 0.0]","{""Controller Type"": ""MPC Controller"", ""weight_comfort"": 47.44430482559145, ""weight_trajectory"": 1579824.1969427203, ""weight_goal"": 2501000.0, ""Q"": [[1579824.1969427203, 0.0, 0.0, 0.0], [0.0, 0.0, 0.0, 0.0], [0.0, 0.0, 1579824.1969427203, 0.0], [0.0, 0.0, 0.0, 0.0]], ""R"": [[47.44430482559145, 0.0], [0.0, 47.44430482559145]], ""P"": [[2501000.0, 0.0, 0.0, 0.0], [0.0, 250100000.0, 0.0, 0.0], [0.0, 0.0, 2501000.0, 0.0], [0.0, 0.0, 0.0, 250100000.0]]}","[-0.13096368720411378, -0.05695469952774698, 0.0]",False
3,P02,10e57735-2e6f-4449-b4c9-0da2c57ab8b9,21,1,haply,mpc,seeded_random,1139142485,persist_session,10.0,13.029293327331542,8082.232406721,0,1785831071.0321136,356.0,True,careful,adaptive,-0.08,-0.08,0.0,0.08,-0.08,0.0,0.080754261,-0.0796719799999999,0.0,0.061288763,-0.15033245,0.1483448,0.00081748597,0.00031011703,-3.0346893e-05,"[-3.8689697717980507, 7.110612852538024, 0.0, 0.0, 0.0, 0.0, -1.8515986360591081, 4.301136748789022]","[0.002918213009046139, 0.0006073613846001569, 0.0]","{""Controller Type"": ""MPC Controller"", ""weight_comfort"": 47.44337654509663, ""weight_trajectory"": 1579852.101054395, ""weight_goal"": 2501000.0, ""Q"": [[1579852.101054395, 0.0, 0.0, 0.0], [0.0, 0.0, 0.0, 0.0], [0.0, 0.0, 1579852.101054395, 0.0], [0.0, 0.0, 0.0, 0.0]], ""R"": [[47.44337654509663, 0.0], [0.0, 47.44337654509663]], ""P"": [[2501000.0, 0.0, 0.0, 0.0], [0.0, 250100000.0, 0.0, 0.0], [0.0, 0.0, 2501000.0, 0.0], [0.0, 0.0, 0.0, 250100000.0]]}","[-0.1309637284602589, -0.05695471744554787, 0.0]",False
3,P02,10e57735-2e6f-4449-b4c9-0da2c57ab8b9,21,1,haply,mpc,seeded_random,1139142485,persist_session,10.0,13.039279251098632,8082.242386442,0,1785831071.0418105,357.0,True,careful,adaptive,-0.08,-0.08,0.0,0.08,-0.08,0.0,0.080714298,-0.07973722,0.0,0.061288763,-0.15033245,0.1483448,0.00058206246,0.00024768343,-3.5739893e-05,"[-3.8689674432214387, 7.110611176016402, 0.0, 0.0, 0.0, 0.0, -1.8515984888033918, 4.301136621633748]","[0.0029182112526916154, 0.0006073613362973368, 0.0]","{""Controller Type"": ""MPC Controller"", ""weight_comfort"": 47.44337654509663, ""weight_trajectory"": 1579852.101054395, ""weight_goal"": 2501000.0, ""Q"": [[1579852.101054395, 0.0, 0.0, 0.0], [0.0, 0.0, 0.0, 0.0], [0.0, 0.0, 1579852.101054395, 0.0], [0.0, 0.0, 0.0, 0.0]], ""R"": [[47.44337654509663, 0.0], [0.0, 47.44337654509663]], ""P"": [[2501000.0, 0.0, 0.0, 0.0], [0.0, 250100000.0, 0.0, 0.0], [0.0, 0.0, 2501000.0, 0.0], [0.0, 0.0, 0.0, 250100000.0]]}","[-0.04706923937275033, 0.08000388093708877, 0.0]",False
3,P02,10e57735-2e6f-4449-b4c9-0da2c57ab8b9,21,1,haply,mpc,seeded_random,1139142485,persist_session,10.0,13.049286394119262,8082.252412235,0,1785831071.0522473,358.0,True,careful,adaptive,-0.08,-0.08,0.0,0.08,-0.08,0.0,0.080714298,-0.07973722,0.0,0.061288763,-0.15033245,0.1483448,0.00041113133,0.00020235305,-3.9655522e-05,"[-3.8699181188320786, 7.112273519054593, 0.0, 0.0, 0.0, 0.0, -1.8543291501444825, 4.305964299068156]","[-0.026547464364110894, -0.028483448874060093, 0.0]","{""Controller Type"": ""MPC Controller"", ""weight_comfort"": 47.44337654509663, ""weight_trajectory"": 1579852.101054395, ""weight_goal"": 2501000.0, ""Q"": [[1579852.101054395, 0.0, 0.0, 0.0], [0.0, 0.0, 0.0, 0.0], [0.0, 0.0, 1579852.101054395, 0.0], [0.0, 0.0, 0.0, 0.0]], ""R"": [[47.44337654509663, 0.0], [0.0, 47.44337654509663]], ""P"": [[2501000.0, 0.0, 0.0, 0.0], [0.0, 250100000.0, 0.0, 0.0], [0.0, 0.0, 2501000.0, 0.0], [0.0, 0.0, 0.0, 250100000.0]]}","[-0.12402487907971417, -0.04562697596713825, 0.0]",False
3,P02,10e57735-2e6f-4449-b4c9-0da2c57ab8b9,21,1,haply,mpc,seeded_random,1139142485,persist_session,10.0,13.059284954071044,8082.262398821,0,1785831071.0622025,359.0,True,careful,adaptive,-0.08,-0.08,0.0,0.08,-0.08,0.0,0.080714298,-0.07973722,0.0,0.061288763,-0.15033245,0.1483448,0.00029059942,0.00017038839,-4.2416625e-05,"[-3.870215014463549, 7.112487275441504, 0.0, 0.0, 0.0, 0.0, -1.854454510585569, 4.306072545197147]","[0.0027644868444013457, 0.00048731355629168347, 0.0]","{""Controller Type"": ""MPC Controller"", ""weight_comfort"": 47.442366251403634, ""weight_trajectory"": 1579882.4704828064, ""weight_goal"": 2501000.0, ""Q"": [[1579882.4704828064, 0.0, 0.0, 0.0], [0.0, 0.0, 0.0, 0.0], [0.0, 0.0, 1579882.4704828064, 0.0], [0.0, 0.0, 0.0, 0.0]], ""R"": [[47.442366251403634, 0.0], [0.0, 47.442366251403634]], ""P"": [[2501000.0, 0.0, 0.0, 0.0], [0.0, 250100000.0, 0.0, 0.0], [0.0, 0.0, 2501000.0, 0.0], [0.0, 0.0, 0.0, 250100000.0]]}","[-0.12402487907971417, -0.04562697596713825, 0.0]",False
3,P02,10e57735-2e6f-4449-b4c9-0da2c57ab8b9,21,1,haply,mpc,seeded_random,1139142485,persist_session,10.0,13.069284706115722,8082.272401141,0,1785831071.071864,360.0,True,careful,adaptive,-0.08,-0.08,0.0,0.08,-0.08,0.0,0.080714298,-0.07973722,0.0,0.061288763,-0.15033245,0.1483448,0.00020350103,0.00014348626,-4.241156e-05,"[-3.870212919161768, 7.112485766883982, 0.0, 0.0, 0.0, 0.0, -1.8544544156521618, 4.306072463224128]","[0.0027644853477314744, 0.00048731353134508275, 0.0]","{""Controller Type"": ""MPC Controller"", ""weight_comfort"": 47.442366251403634, ""weight_trajectory"": 1579882.4704828064, ""weight_goal"": 2501000.0, ""Q"": [[1579882.4704828064, 0.0, 0.0, 0.0], [0.0, 0.0, 0.0, 0.0], [0.0, 0.0, 1579882.4704828064, 0.0], [0.0, 0.0, 0.0, 0.0]], ""R"": [[47.442366251403634, 0.0], [0.0, 47.442366251403634]], ""P"": [[2501000.0, 0.0, 0.0, 0.0], [0.0, 250100000.0, 0.0, 0.0], [0.0, 0.0, 2501000.0, 0.0], [0.0, 0.0, 0.0, 250100000.0]]}","[-0.12402492160225857, -0.04562699158785394, 0.0]",False
3,P02,10e57735-2e6f-4449-b4c9-0da2c57ab8b9,21,1,haply,mpc,seeded_random,1139142485,persist_session,10.0,13.079217462539672,8082.28233235,0,1785831071.081953,361.0,True,careful,adaptive,-0.08,-0.08,0.0,0.08,-0.08,0.0,0.080714298,-0.07973722,0.0,0.061288763,-0.15033245,0.1483448,0.00014651704,0.00010330752,-3.0535553e-05,"[-3.8702108217648603, 7.1124842568180275, 0.0, 0.0, 0.0, 0.0, -1.854454320623736, 4.306072381169062]","[0.002764483849565058, 0.000487313506373513, 0.0]","{""Controller Type"": ""MPC Controller"", ""weight_comfort"": 47.442366251403634, ""weight_trajectory"": 1579882.4704828064, ""weight_goal"": 2501000.0, ""Q"": [[1579882.4704828064, 0.0, 0.0, 0.0], [0.0, 0.0, 0.0, 0.0], [0.0, 0.0, 1579882.4704828064, 0.0], [0.0, 0.0, 0.0, 0.0]], ""R"": [[47.442366251403634, 0.0], [0.0, 47.442366251403634]], ""P"": [[2501000.0, 0.0, 0.0, 0.0], [0.0, 250100000.0, 0.0, 0.0], [0.0, 0.0, 2501000.0, 0.0], [0.0, 0.0, 0.0, 250100000.0]]}","[-0.12402492160225857, -0.04562699158785394, 0.0]",False
3,P02,10e57735-2e6f-4449-b4c9-0da2c57ab8b9,21,1,haply,mpc,seeded_random,1139142485,persist_session,10.0,13.089369325637817,8082.292487991,0,1785831071.0917635,362.0,True,careful,adaptive,-0.08,-0.08,0.0,0.08,-0.08,0.0,0.080714298,-0.07973722,0.0,0.061288763,-0.15033245,0.1483448,0.000105149215,7.4139534e-05,-2.1914104e-05,"[-3.870208722270733, 7.1124827452421355, 0.0, 0.0, 0.0, 0.0, -1.8544542255001963, 4.306072299031867]","[0.002764482349900602, 0.0004873134813769492, 0.0]","{""Controller Type"": ""MPC Controller"", ""weight_comfort"": 47.44236418426379, ""weight_trajectory"": 1579882.5326210302, ""weight_goal"": 2501000.0, ""Q"": [[1579882.5326210302, 0.0, 0.0, 0.0], [0.0, 0.0, 0.0, 0.0], [0.0, 0.0, 1579882.5326210302, 0.0], [0.0, 0.0, 0.0, 0.0]], ""R"": [[47.44236418426379, 0.0], [0.0, 47.44236418426379]], ""P"": [[2501000.0, 0.0, 0.0, 0.0], [0.0, 250100000.0, 0.0, 0.0], [0.0, 0.0, 2501000.0, 0.0], [0.0, 0.0, 0.0, 250100000.0]]}","[-0.12402492160225878, -0.045626991587853404, 0.0]",False
3,P02,10e57735-2e6f-4449-b4c9-0da2c57ab8b9,21,1,haply,mpc,seeded_random,1139142485,persist_session,10.0,13.099450855255126,8082.30256493,0,1785831071.1018684,363.0,True,careful,adaptive,-0.08,-0.08,0.0,0.08,-0.08,0.0,0.080714298,-0.07973722,0.0,0.061288763,-0.15033245,0.1483448,7.560222e-05,5.330627e-05,-1.575622e-05,"[-3.870206620677291, 7.1124812321547966, 0.0, 0.0, 0.0, 0.0, -1.8544541302814477, 4.306072216812462]","[0.0027644808487366094, 0.0004873134563553665, 0.0]","{""Controller Type"": ""MPC Controller"", ""weight_comfort"": 47.44236418426379, ""weight_trajectory"": 1579882.5326210302, ""weight_goal"": 2501000.0, ""Q"": [[1579882.5326210302, 0.0, 0.0, 0.0], [0.0, 0.0, 0.0, 0.0], [0.0, 0.0, 1579882.5326210302, 0.0], [0.0, 0.0, 0.0, 0.0]], ""R"": [[47.44236418426379, 0.0], [0.0, 47.44236418426379]], ""P"": [[2501000.0, 0.0, 0.0, 0.0], [0.0, 250100000.0, 0.0, 0.0], [0.0, 0.0, 2501000.0, 0.0], [0.0, 0.0, 0.0, 250100000.0]]}","[-0.12402492168926896, -0.04562699161986391, 0.0]",False
3,P02,10e57735-2e6f-4449-b4c9-0da2c57ab8b9,21,1,haply,mpc,seeded_random,1139142485,persist_session,10.0,13.10940936088562,8082.312524138,0,1785831071.1117673,364.0,True,careful,adaptive,-0.08,-0.08,0.0,0.08,-0.08,0.0,0.080714298,-0.07973722,0.0,0.061288763,-0.15033245,0.1483448,5.404589e-05,3.8107137e-05,-1.1263674e-05,"[-3.8702045169824375, 7.112479717554502, 0.0, 0.0, 0.0, 0.0, -1.8544540349673948, 4.306072134510763]","[0.002764479346071583, 0.00048731343130873966, 0.0]","{""Controller Type"": ""MPC Controller"", ""weight_comfort"": 47.44236418426379, ""weight_trajectory"": 1579882.5326210302, ""weight_goal"": 2501000.0, ""Q"": [[1579882.5326210302, 0.0, 0.0, 0.0], [0.0, 0.0, 0.0, 0.0], [0.0, 0.0, 1579882.5326210302, 0.0], [0.0, 0.0, 0.0, 0.0]], ""R"": [[47.44236418426379, 0.0], [0.0, 47.44236418426379]], ""P"": [[2501000.0, 0.0, 0.0, 0.0], [0.0, 250100000.0, 0.0, 0.0], [0.0, 0.0, 2501000.0, 0.0], [0.0, 0.0, 0.0, 250100000.0]]}","[-0.12402492168926964, -0.04562699161986417, 0.0]",False
3,P02,10e57735-2e6f-4449-b4c9-0da2c57ab8b9,21,1,haply,mpc,seeded_random,1139142485,persist_session,10.0,13.119319467544555,8082.322433273,0,1785831071.1218576,365.0,True,careful,adaptive,-0.08,-0.08,0.0,0.08,-0.08,0.0,0.080714298,-0.07973722,0.0,0.061288763,-0.15033245,0.1483448,3.9030994e-05,2.7520307e-05,-8.134431e-06,"[-3.870202411184074, 7.112478201439739, 0.0, 0.0, 0.0, 0.0, -1.8544539395579422, 4.306072052126688]","[0.0027644778419040235, 0.0004873134062370437, 0.0]","{""Controller Type"": ""MPC Controller"", ""weight_comfort"": 47.44236211091665, ""weight_trajectory"": 1579882.5949458454, ""weight_goal"": 2501000.0, ""Q"": [[1579882.5949458454, 0.0, 0.0, 0.0], [0.0, 0.0, 0.0, 0.0], [0.0, 0.0, 1579882.5949458454, 0.0], [0.0, 0.0, 0.0, 0.0]], ""R"": [[47.44236211091665, 0.0], [0.0, 47.44236211091665]], ""P"": [[2501000.0, 0.0, 0.0, 0.0], [0.0, 250100000.0, 0.0, 0.0], [0.0, 0.0, 2501000.0, 0.0], [0.0, 0.0, 0.0, 250100000.0]]}","[-0.12402492168926964, -0.04562699161986417, 0.0]",False
3,P02,10e57735-2e6f-4449-b4c9-0da2c57ab8b9,21,1,haply,mpc,seeded_random,1139142485,persist_session,10.0,13.129265098571777,8082.332389272,0,1785831071.1317563,366.0,True,careful,adaptive,-0.08,-0.08,0.0,0.08,-0.08,0.0,0.080714298,-0.07973722,0.0,0.06122487,-0.15035632,0.14834698,2.7878037e-05,1.965649e-05,-5.810049e-06,"[-3.870200303280099, 7.112476683808996, 0.0, 0.0, 0.0, 0.0, -1.8544538440529945, 4.306071969660156]","[0.00276447633623243, 0.00048731338114025354, 0.0]","{""Controller Type"": ""MPC Controller"", ""weight_comfort"": 47.44236211091665, ""weight_trajectory"": 1579882.5949458454, ""weight_goal"": 2501000.0, ""Q"": [[1579882.5949458454, 0.0, 0.0, 0.0], [0.0, 0.0, 0.0, 0.0], [0.0, 0.0, 1579882.5949458454, 0.0], [0.0, 0.0, 0.0, 0.0]], ""R"": [[47.44236211091665, 0.0], [0.0, 47.44236211091665]], ""P"": [[2501000.0, 0.0, 0.0, 0.0], [0.0, 250100000.0, 0.0, 0.0], [0.0, 0.0, 2501000.0, 0.0], [0.0, 0.0, 0.0, 250100000.0]]}","[-0.12402492177654018, -0.045626991651970344, 0.0]",False
3,P02,10e57735-2e6f-4449-b4c9-0da2c57ab8b9,21,1,haply,mpc,seeded_random,1139142485,persist_session,10.0,13.13979413986206,8082.342904733,0,1785831071.141923,367.0,True,careful,adaptive,-0.08,-0.08,0.0,0.08,-0.08,0.0,0.080522619,-0.07973286,0.0,0.06122487,-0.15035632,0.14834698,-3.77477e-05,-7.4644236e-06,-2.2024512e-06,"[-3.8701981932684095, 7.11247516466076, 0.0, 0.0, 0.0, 0.0, -1.8544537484524561, 4.306071887111083]","[0.0027644748290553004, 0.00048731335601834405, 0.0]","{""Controller Type"": ""MPC Controller"", ""weight_comfort"": 47.44236211091665, ""weight_trajectory"": 1579882.5949458454, ""weight_goal"": 2501000.0, ""Q"": [[1579882.5949458454, 0.0, 0.0, 0.0], [0.0, 0.0, 0.0, 0.0], [0.0, 0.0, 1579882.5949458454, 0.0], [0.0, 0.0, 0.0, 0.0]], ""R"": [[47.44236211091665, 0.0], [0.0, 47.44236211091665]], ""P"": [[2501000.0, 0.0, 0.0, 0.0], [0.0, 250100000.0, 0.0, 0.0], [0.0, 0.0, 2501000.0, 0.0], [0.0, 0.0, 0.0, 250100000.0]]}","[-0.12402492177654018, -0.045626991651970344, 0.0]",False
3,P02,10e57735-2e6f-4449-b4c9-0da2c57ab8b9,21,1,haply,mpc,seeded_random,1139142485,persist_session,10.0,13.149419574737548,8082.352538588,0,1785831071.1518426,368.0,True,careful,adaptive,-0.08,-0.08,0.0,0.08,-0.08,0.0,0.080522619,-0.07973286,0.0,0.06122487,-0.15035632,0.14834698,-0.00011849911,-3.9486717e-05,1.527063e-06,"[-3.8942351890691502, 7.149305797528923, 0.0, 0.0, 0.0, 0.0, -1.854472728058046, 4.306097797030279]","[-0.13275891383207683, 0.002342131707774776, 0.0]","{""Controller Type"": ""MPC Controller"", ""weight_comfort"": 47.43828878110986, ""weight_trajectory"": 1580005.0392398373, ""weight_goal"": 2501000.0, ""Q"": [[1580005.0392398373, 0.0, 0.0, 0.0], [0.0, 0.0, 0.0, 0.0], [0.0, 0.0, 1580005.0392398373, 0.0], [0.0, 0.0, 0.0, 0.0]], ""R"": [[47.43828878110986, 0.0], [0.0, 47.43828878110986]], ""P"": [[2501000.0, 0.0, 0.0, 0.0], [0.0, 250100000.0, 0.0, 0.0], [0.0, 0.0, 2501000.0, 0.0], [0.0, 0.0, 0.0, 250100000.0]]}","[-0.0907434575016049, -0.04638409091836047, 0.0]",False
3,P02,10e57735-2e6f-4449-b4c9-0da2c57ab8b9,21,1,haply,mpc,seeded_random,1139142485,persist_session,10.0,13.160205392837524,8082.363319237,0,1785831071.161903,369.0,True,careful,adaptive,-0.08,-0.08,0.0,0.08,-0.08,0.0,0.080522619,-0.07973286,0.0,0.06122487,-0.15035632,0.14834698,-0.00017652984,-6.249904e-05,4.207221e-06,"[-3.895297406081672, 7.150070406303554, 0.0, 0.0, 0.0, 0.0, -1.8544639895236117, 4.306090251489194]","[0.002035756435069005, 0.0004954015101613101, 0.0]","{""Controller Type"": ""MPC Controller"", ""weight_comfort"": 47.43828878110986, ""weight_trajectory"": 1580005.0392398373, ""weight_goal"": 2501000.0, ""Q"": [[1580005.0392398373, 0.0, 0.0, 0.0], [0.0, 0.0, 0.0, 0.0], [0.0, 0.0, 1580005.0392398373, 0.0], [0.0, 0.0, 0.0, 0.0]], ""R"": [[47.43828878110986, 0.0], [0.0, 47.43828878110986]], ""P"": [[2501000.0, 0.0, 0.0, 0.0], [0.0, 250100000.0, 0.0, 0.0], [0.0, 0.0, 2501000.0, 0.0], [0.0, 0.0, 0.0, 250100000.0]]}","[-0.0907434575016049, -0.04638409091836047, 0.0]",False
3,P02,10e57735-2e6f-4449-b4c9-0da2c57ab8b9,21,1,haply,mpc,seeded_random,1139142485,persist_session,10.0,13.169487266540527,8082.37259664,0,1785831071.171798,370.0,True,careful,adaptive,-0.08,-0.08,0.0,0.08,-0.08,0.0,0.080522619,-0.07973286,0.0,0.061160956,-0.1503802,0.14834917,-0.00025863582,-9.409739e-05,7.5172597e-06,"[-3.8952962660216044, 7.150069585661518, 0.0, 0.0, 0.0, 0.0, -1.8544638904268878, 4.306090165921253]","[0.0020357558392519524, 0.0004954014836886113, 0.0]","{""Controller Type"": ""MPC Controller"", ""weight_comfort"": 47.43828878110986, ""weight_trajectory"": 1580005.0392398373, ""weight_goal"": 2501000.0, ""Q"": [[1580005.0392398373, 0.0, 0.0, 0.0], [0.0, 0.0, 0.0, 0.0], [0.0, 0.0, 1580005.0392398373, 0.0], [0.0, 0.0, 0.0, 0.0]], ""R"": [[47.43828878110986, 0.0], [0.0, 47.43828878110986]], ""P"": [[2501000.0, 0.0, 0.0, 0.0], [0.0, 250100000.0, 0.0, 0.0], [0.0, 0.0, 2501000.0, 0.0], [0.0, 0.0, 0.0, 250100000.0]]}","[-0.09074345750673159, -0.04638409089501072, 0.0]",False
3,P02,10e57735-2e6f-4449-b4c9-0da2c57ab8b9,21,1,haply,mpc,seeded_random,1139142485,persist_session,10.0,13.179272441864013,8082.382382866,0,1785831071.181886,371.0,True,careful,adaptive,-0.08,-0.08,0.0,0.08,-0.08,0.0,0.080330877,-0.0797284799999999,0.0,0.061160956,-0.1503802,0.14834917,-0.00034221925,-0.0001259523,1.0726355e-05,"[-3.8952951248210037, 7.150068764198499, 0.0, 0.0, 0.0, 0.0, -1.8544637912309785, 4.306090080267667]","[0.0020357552428388356, 0.0004954014571894161, 0.0]","{""Controller Type"": ""MPC Controller"", ""weight_comfort"": 47.43862388035927, ""weight_trajectory"": 1579994.9661563998, ""weight_goal"": 2501000.0, ""Q"": [[1579994.9661563998, 0.0, 0.0, 0.0], [0.0, 0.0, 0.0, 0.0], [0.0, 0.0, 1579994.9661563998, 0.0], [0.0, 0.0, 0.0, 0.0]], ""R"": [[47.43862388035927, 0.0], [0.0, 47.43862388035927]], ""P"": [[2501000.0, 0.0, 0.0, 0.0], [0.0, 250100000.0, 0.0, 0.0], [0.0, 0.0, 2501000.0, 0.0], [0.0, 0.0, 0.0, 250100000.0]]}","[0.2974616141216974, -0.055251929742441565, 0.0]",False
3,P02,10e57735-2e6f-4449-b4c9-0da2c57ab8b9,21,1,haply,mpc,seeded_random,1139142485,persist_session,10.0,13.189208059310912,8082.392317115,0,1785831071.1918378,372.0,True,careful,adaptive,-0.08,-0.08,0.0,0.08,-0.08,0.0,0.080330877,-0.0797284799999999,0.0,0.061160956,-0.1503802,0.14834917,-0.00040277932,-0.00014903262,1.3051494e-05,"[-3.9203638771763254, 7.18818135863571, 0.0, 0.0, 0.0, 0.0, -1.8544835147961336, 4.306116989455433]","[-0.13532861394540555, 0.0023731620228735414, 0.0]","{""Controller Type"": ""MPC Controller"", ""weight_comfort"": 47.43862388035927, ""weight_trajectory"": 1579994.9661563998, ""weight_goal"": 2501000.0, ""Q"": [[1579994.9661563998, 0.0, 0.0, 0.0], [0.0, 0.0, 0.0, 0.0], [0.0, 0.0, 1579994.9661563998, 0.0], [0.0, 0.0, 0.0, 0.0]], ""R"": [[47.43862388035927, 0.0], [0.0, 47.43862388035927]], ""P"": [[2501000.0, 0.0, 0.0, 0.0], [0.0, 250100000.0, 0.0, 0.0], [0.0, 0.0, 2501000.0, 0.0], [0.0, 0.0, 0.0, 250100000.0]]}","[-0.05745087643450787, -0.04714459432242283, 0.0]",False
3,P02,10e57735-2e6f-4449-b4c9-0da2c57ab8b9,21,1,haply,mpc,seeded_random,1139142485,persist_session,10.0,13.199351577758788,8082.402474151,0,1785831071.201871,373.0,True,careful,adaptive,-0.08,-0.08,0.0,0.08,-0.08,0.0,0.080330877,-0.0797284799999999,0.0,0.061160956,-0.1503802,0.14834917,-0.00044687558,-0.0001658384,1.4744526e-05,"[-3.9210424854745503, 7.188669732899656, 0.0, 0.0, 0.0, 0.0, -1.854474515275205, 4.306109218559401]","[0.001297382774466391, 0.0005035269203875444, 0.0]","{""Controller Type"": ""MPC Controller"", ""weight_comfort"": 47.43862388035927, ""weight_trajectory"": 1579994.9661563998, ""weight_goal"": 2501000.0, ""Q"": [[1579994.9661563998, 0.0, 0.0, 0.0], [0.0, 0.0, 0.0, 0.0], [0.0, 0.0, 1579994.9661563998, 0.0], [0.0, 0.0, 0.0, 0.0]], ""R"": [[47.43862388035927, 0.0], [0.0, 47.43862388035927]], ""P"": [[2501000.0, 0.0, 0.0, 0.0], [0.0, 250100000.0, 0.0, 0.0], [0.0, 0.0, 2501000.0, 0.0], [0.0, 0.0, 0.0, 250100000.0]]}","[-0.057450876419044804, -0.047144594349292426, 0.0]",False
3,P02,10e57735-2e6f-4449-b4c9-0da2c57ab8b9,21,1,haply,mpc,seeded_random,1139142485,persist_session,10.0,13.20931318283081,8082.412429248,0,1785831071.211855,374.0,True,careful,adaptive,-0.08,-0.08,0.0,0.08,-0.08,0.0,0.080330877,-0.0797284799999999,0.0,0.061160956,-0.1503802,0.14834917,-0.00038867292,-0.00014437488,1.2897452e-05,"[-3.921042023725344, 7.188669400592448, 0.0, 0.0, 0.0, 0.0, -1.85447441249123, 4.306109129807612]","[0.0012973826216841988, 0.0005035268924796396, 0.0]","{""Controller Type"": ""MPC Controller"", ""weight_comfort"": 47.43477020892239, ""weight_trajectory"": 1580110.8075197928, ""weight_goal"": 2501000.0, ""Q"": [[1580110.8075197928, 0.0, 0.0, 0.0], [0.0, 0.0, 0.0, 0.0], [0.0, 0.0, 1580110.8075197928, 0.0], [0.0, 0.0, 0.0, 0.0]], ""R"": [[47.43477020892239, 0.0], [0.0, 47.43477020892239]], ""P"": [[2501000.0, 0.0, 0.0, 0.0], [0.0, 250100000.0, 0.0, 0.0], [0.0, 0.0, 2501000.0, 0.0], [0.0, 0.0, 0.0, 250100000.0]]}","[-0.05745095154232728, -0.04714465599599417, 0.0]",False
3,P02,10e57735-2e6f-4449-b4c9-0da2c57ab8b9,21,1,haply,mpc,seeded_random,1139142485,persist_session,10.0,13.219391136169433,8082.422507748,0,1785831071.221791,375.0,True,careful,adaptive,-0.08,-0.08,0.0,0.08,-0.08,0.0,0.080330877,-0.0797284799999999,0.0,0.06109704,-0.15040402,0.14835134,-0.0002863715,-0.0001063846,9.510165e-06,"[-3.921041561514035, 7.188669067952679, 0.0, 0.0, 0.0, 0.0, -1.8544743096043796, 4.306109040966992]","[0.0012973824687491076, 0.0005035268645438019, 0.0]","{""Controller Type"": ""MPC Controller"", ""weight_comfort"": 47.43477020892239, ""weight_trajectory"": 1580110.8075197928, ""weight_goal"": 2501000.0, ""Q"": [[1580110.8075197928, 0.0, 0.0, 0.0], [0.0, 0.0, 0.0, 0.0], [0.0, 0.0, 1580110.8075197928, 0.0], [0.0, 0.0, 0.0, 0.0]], ""R"": [[47.43477020892239, 0.0], [0.0, 47.43477020892239]], ""P"": [[2501000.0, 0.0, 0.0, 0.0], [0.0, 250100000.0, 0.0, 0.0], [0.0, 0.0, 2501000.0, 0.0], [0.0, 0.0, 0.0, 250100000.0]]}","[-0.057450951542326434, -0.04714465599599374, 0.0]",False
3,P02,10e57735-2e6f-4449-b4c9-0da2c57ab8b9,21,1,haply,mpc,seeded_random,1139142485,persist_session,10.0,13.22935917854309,8082.432471491,0,1785831071.2318788,376.0,True,careful,adaptive,-0.08,-0.08,0.0,0.08,-0.08,0.0,0.080139129,-0.07972414,0.0,0.06109704,-0.15040402,0.14835134,-0.00040700193,-0.00015142975,1.3684954e-05,"[-3.921041098840161, 7.188668734980015, 0.0, 0.0, 0.0, 0.0, -1.854474206614551, 4.3061089520374525]","[0.0012973823156609643, 0.0005035268365800036, 0.0]","{""Controller Type"": ""MPC Controller"", ""weight_comfort"": 47.43477020892239, ""weight_trajectory"": 1580110.8075197928, ""weight_goal"": 2501000.0, ""Q"": [[1580110.8075197928, 0.0, 0.0, 0.0], [0.0, 0.0, 0.0, 0.0], [0.0, 0.0, 1580110.8075197928, 0.0], [0.0, 0.0, 0.0, 0.0]], ""R"": [[47.43477020892239, 0.0], [0.0, 47.43477020892239]], ""P"": [[2501000.0, 0.0, 0.0, 0.0], [0.0, 250100000.0, 0.0, 0.0], [0.0, 0.0, 2501000.0, 0.0], [0.0, 0.0, 0.0, 250100000.0]]}","[-0.057450951542326434, -0.04714465599599374, 0.0]",False
3,P02,10e57735-2e6f-4449-b4c9-0da2c57ab8b9,21,1,haply,mpc,seeded_random,1139142485,persist_session,10.0,13.239366798400878,8082.442489366,0,1785831071.241819,377.0,True,careful,adaptive,-0.08,-0.08,0.0,0.08,-0.08,0.0,0.080139129,-0.07972414,0.0,0.061089944,-0.15036446,0.14840579,-0.00070275826,-0.00026170953,2.3802715e-05,"[-3.946568738253909, 7.227189530876175, 0.0, 0.0, 0.0, 0.0, -1.8544938709434593, 4.306135676754847]","[-0.136825663611177, 0.002364190891379021, 0.0]","{""Controller Type"": ""MPC Controller"", ""weight_comfort"": 47.4308018323194, ""weight_trajectory"": 1580230.0969204784, ""weight_goal"": 2501000.0, ""Q"": [[1580230.0969204784, 0.0, 0.0, 0.0], [0.0, 0.0, 0.0, 0.0], [0.0, 0.0, 1580230.0969204784, 0.0], [0.0, 0.0, 0.0, 0.0]], ""R"": [[47.4308018323194, 0.0], [0.0, 47.4308018323194]], ""P"": [[2501000.0, 0.0, 0.0, 0.0], [0.0, 250100000.0, 0.0, 0.0], [0.0, 0.0, 2501000.0, 0.0], [0.0, 0.0, 0.0, 250100000.0]]}","[-0.024157328022966246, -0.04789828483586566, 0.0]",False
3,P02,10e57735-2e6f-4449-b4c9-0da2c57ab8b9,21,1,haply,mpc,seeded_random,1139142485,persist_session,10.0,13.249651460647582,8082.452765814,0,1785831071.2518516,378.0,True,careful,adaptive,-0.08,-0.08,0.0,0.08,-0.08,0.0,0.080117841,-0.0796152399999999,0.0,0.061089944,-0.15036446,0.14840579,-0.00091452897,-0.00034068603,3.104805e-05,"[-3.9468559297021972, 7.22739616921362, 0.0, 0.0, 0.0, 0.0, -1.854484752001483, 4.306127802742693]","[0.0005491221186435438, 0.0005115781636871342, 0.0]","{""Controller Type"": ""MPC Controller"", ""weight_comfort"": 47.4308018323194, ""weight_trajectory"": 1580230.0969204784, ""weight_goal"": 2501000.0, ""Q"": [[1580230.0969204784, 0.0, 0.0, 0.0], [0.0, 0.0, 0.0, 0.0], [0.0, 0.0, 1580230.0969204784, 0.0], [0.0, 0.0, 0.0, 0.0]], ""R"": [[47.4308018323194, 0.0], [0.0, 47.4308018323194]], ""P"": [[2501000.0, 0.0, 0.0, 0.0], [0.0, 250100000.0, 0.0, 0.0], [0.0, 0.0, 2501000.0, 0.0], [0.0, 0.0, 0.0, 250100000.0]]}","[-0.024157328022966246, -0.04789828483586566, 0.0]",False
3,P02,10e57735-2e6f-4449-b4c9-0da2c57ab8b9,21,1,haply,mpc,seeded_random,1139142485,persist_session,10.0,13.259275226593017,8082.462398957,0,1785831071.262133,379.0,True,careful,adaptive,-0.08,-0.08,0.0,0.08,-0.08,0.0,0.080117841,-0.0796152399999999,0.0,0.061089944,-0.15036446,0.14840579,-0.0010699182,-0.00039863592,3.6364396e-05,"[-3.94715531945578, 7.2278651080020095, 0.0, 0.0, 0.0, 0.0, -1.8621096669948751, 4.319036693911575]","[-0.014871098219527026, 0.047596575787825425, 0.0]","{""Controller Type"": ""MPC Controller"", ""weight_comfort"": 47.4308018323194, ""weight_trajectory"": 1580230.0969204784, ""weight_goal"": 2501000.0, ""Q"": [[1580230.0969204784, 0.0, 0.0, 0.0], [0.0, 0.0, 0.0, 0.0], [0.0, 0.0, 1580230.0969204784, 0.0], [0.0, 0.0, 0.0, 0.0]], ""R"": [[47.4308018323194, 0.0], [0.0, 47.4308018323194]], ""P"": [[2501000.0, 0.0, 0.0, 0.0], [0.0, 250100000.0, 0.0, 0.0], [0.0, 0.0, 2501000.0, 0.0], [0.0, 0.0, 0.0, 250100000.0]]}","[-0.020461037573535318, -0.06680687331245037, 0.0]",False
3,P02,10e57735-2e6f-4449-b4c9-0da2c57ab8b9,21,1,haply,mpc,seeded_random,1139142485,persist_session,10.0,13.269327430725097,8082.472439203,0,1785831071.271852,380.0,True,careful,adaptive,-0.08,-0.08,0.0,0.08,-0.08,0.0,0.080117841,-0.0796152399999999,0.0,0.061103188,-0.15042232,0.1484384,-0.0007665352,-0.00028559982,2.6053012e-05,"[-3.9471815717785423, 7.227883996874453, 0.0, 0.0, 0.0, 0.0, -1.861802260044271, 4.318771272899143]","[0.0004651398235999297, 0.0007163470375746814, 0.0]","{""Controller Type"": ""MPC Controller"", ""weight_comfort"": 47.428744712002946, ""weight_trajectory"": 1580291.9339571912, ""weight_goal"": 2501000.0, ""Q"": [[1580291.9339571912, 0.0, 0.0, 0.0], [0.0, 0.0, 0.0, 0.0], [0.0, 0.0, 1580291.9339571912, 0.0], [0.0, 0.0, 0.0, 0.0]], ""R"": [[47.428744712002946, 0.0], [0.0, 47.428744712002946]], ""P"": [[2501000.0, 0.0, 0.0, 0.0], [0.0, 250100000.0, 0.0, 0.0], [0.0, 0.0, 2501000.0, 0.0], [0.0, 0.0, 0.0, 250100000.0]]}","[-0.020461037573535318, -0.06680687331245037, 0.0]",False
3,P02,10e57735-2e6f-4449-b4c9-0da2c57ab8b9,21,1,haply,mpc,seeded_random,1139142485,persist_session,10.0,13.279345541000366,8082.482470489,0,1785831071.2822697,381.0,True,careful,adaptive,-0.08,-0.08,0.0,0.08,-0.08,0.0,0.080157573,-0.07955002,0.0,0.061103188,-0.15042232,0.1484384,-0.0005497974,-0.00020484647,1.8686518e-05,"[-3.947181512416882, 7.2278839541630004, 0.0, 0.0, 0.0, 0.0, -1.861802051391425, 4.318771092744305]","[0.0004651398166046923, 0.0007163469572934125, 0.0]","{""Controller Type"": ""MPC Controller"", ""weight_comfort"": 47.428744712002946, ""weight_trajectory"": 1580291.9339571912, ""weight_goal"": 2501000.0, ""Q"": [[1580291.9339571912, 0.0, 0.0, 0.0], [0.0, 0.0, 0.0, 0.0], [0.0, 0.0, 1580291.9339571912, 0.0], [0.0, 0.0, 0.0, 0.0]], ""R"": [[47.428744712002946, 0.0], [0.0, 47.428744712002946]], ""P"": [[2501000.0, 0.0, 0.0, 0.0], [0.0, 250100000.0, 0.0, 0.0], [0.0, 0.0, 2501000.0, 0.0], [0.0, 0.0, 0.0, 250100000.0]]}","[-0.09857736592869107, -0.19503469618608932, 0.0]",False
3,P02,10e57735-2e6f-4449-b4c9-0da2c57ab8b9,21,1,haply,mpc,seeded_random,1139142485,persist_session,10.0,13.289415626525878,8082.492526258,0,1785831071.2919035,382.0,True,careful,adaptive,-0.08,-0.08,0.0,0.08,-0.08,0.0,0.080157573,-0.07955002,0.0,0.061103188,-0.15042232,0.1484384,-0.00039436718,-0.0001469354,1.3403753e-05,"[-3.9482445237639148, 7.229434375948968, 0.0, 0.0, 0.0, 0.0, -1.8643449061223774, 4.3229939589753466]","[0.02819506220310497, 0.027903636983071082, 0.0]","{""Controller Type"": ""MPC Controller"", ""weight_comfort"": 47.428744712002946, ""weight_trajectory"": 1580291.9339571912, ""weight_goal"": 2501000.0, ""Q"": [[1580291.9339571912, 0.0, 0.0, 0.0], [0.0, 0.0, 0.0, 0.0], [0.0, 0.0, 1580291.9339571912, 0.0], [0.0, 0.0, 0.0, 0.0]], ""R"": [[47.428744712002946, 0.0], [0.0, 47.428744712002946]], ""P"": [[2501000.0, 0.0, 0.0, 0.0], [0.0, 250100000.0, 0.0, 0.0], [0.0, 0.0, 2501000.0, 0.0], [0.0, 0.0, 0.0, 250100000.0]]}","[-0.09857736592869107, -0.19503469618608932, 0.0]",False
3,P02,10e57735-2e6f-4449-b4c9-0da2c57ab8b9,21,1,haply,mpc,seeded_random,1139142485,persist_session,10.0,13.29931357383728,8082.50243501,0,1785831071.302239,383.0,True,careful,adaptive,-0.08,-0.08,0.0,0.08,-0.08,0.0,0.080157573,-0.07955002,0.0,0.061103188,-0.15042232,0.1484384,-0.0002832793,-0.00010554569,9.628098e-06,"[-3.948176726018182, 7.229385595085798, 0.0, 0.0, 0.0, 0.0, -1.864122819289321, 4.322802209576781]","[0.0006221260512488949, 0.0008388179862238136, 0.0]","{""Controller Type"": ""MPC Controller"", ""weight_comfort"": 47.42791197618307, ""weight_trajectory"": 1580316.9659959367, ""weight_goal"": 2501000.0, ""Q"": [[1580316.9659959367, 0.0, 0.0, 0.0], [0.0, 0.0, 0.0, 0.0], [0.0, 0.0, 1580316.9659959367, 0.0], [0.0, 0.0, 0.0, 0.0]], ""R"": [[47.42791197618307, 0.0], [0.0, 47.42791197618307]], ""P"": [[2501000.0, 0.0, 0.0, 0.0], [0.0, 250100000.0, 0.0, 0.0], [0.0, 0.0, 2501000.0, 0.0], [0.0, 0.0, 0.0, 250100000.0]]}","[-0.027359826513021927, -0.07813124504829237, 0.0]",False
3,P02,10e57735-2e6f-4449-b4c9-0da2c57ab8b9,21,1,haply,mpc,seeded_random,1139142485,persist_session,10.0,13.3094189453125,8082.512532765,0,1785831071.3122568,384.0,True,careful,adaptive,-0.08,-0.08,0.0,0.08,-0.08,0.0,0.080157573,-0.07955002,0.0,0.061103188,-0.15042232,0.1484384,-0.00020310943,-7.567557e-05,6.903285e-06,"[-3.948176619533819, 7.2293855184696945, 0.0, 0.0, 0.0, 0.0, -1.8641225326973687, 4.322801962133771]","[0.0006221260344698343, 0.0008388178572631669, 0.0]","{""Controller Type"": ""MPC Controller"", ""weight_comfort"": 47.42791197618307, ""weight_trajectory"": 1580316.9659959367, ""weight_goal"": 2501000.0, ""Q"": [[1580316.9659959367, 0.0, 0.0, 0.0], [0.0, 0.0, 0.0, 0.0], [0.0, 0.0, 1580316.9659959367, 0.0], [0.0, 0.0, 0.0, 0.0]], ""R"": [[47.42791197618307, 0.0], [0.0, 47.42791197618307]], ""P"": [[2501000.0, 0.0, 0.0, 0.0], [0.0, 250100000.0, 0.0, 0.0], [0.0, 0.0, 2501000.0, 0.0], [0.0, 0.0, 0.0, 250100000.0]]}","[-0.027359834208336133, -0.0781312671678494, 0.0]",False
3,P02,10e57735-2e6f-4449-b4c9-0da2c57ab8b9,21,1,haply,mpc,seeded_random,1139142485,persist_session,10.0,13.31926396369934,8082.522384811,0,1785831071.32207,385.0,True,careful,adaptive,-0.08,-0.08,0.0,0.08,-0.08,0.0,0.080157573,-0.07955002,0.0,0.061116427,-0.1504802,0.14847104,-0.00013960122,-8.3315266e-05,2.1245976e-05,"[-3.948176512942871, 7.229385441776902, 0.0, 0.0, 0.0, 0.0, -1.8641222458186257, 4.3228017144431465]","[0.0006221260176739789, 0.00083881772817347, 0.0]","{""Controller Type"": ""MPC Controller"", ""weight_comfort"": 47.42791197618307, ""weight_trajectory"": 1580316.9659959367, ""weight_goal"": 2501000.0, ""Q"": [[1580316.9659959367, 0.0, 0.0, 0.0], [0.0, 0.0, 0.0, 0.0], [0.0, 0.0, 1580316.9659959367, 0.0], [0.0, 0.0, 0.0, 0.0]], ""R"": [[47.42791197618307, 0.0], [0.0, 47.42791197618307]], ""P"": [[2501000.0, 0.0, 0.0, 0.0], [0.0, 250100000.0, 0.0, 0.0], [0.0, 0.0, 2501000.0, 0.0], [0.0, 0.0, 0.0, 250100000.0]]}","[-0.027359834208337066, -0.07813126716784856, 0.0]",False
3,P02,10e57735-2e6f-4449-b4c9-0da2c57ab8b9,21,1,haply,mpc,seeded_random,1139142485,persist_session,10.0,13.32954433441162,8082.532653582,0,1785831071.3322475,386.0,True,careful,adaptive,-0.08,-0.08,0.0,0.08,-0.08,0.0,0.08019729,-0.07948474,0.0,0.061116427,-0.1504802,0.14847104,-8.787665e-05,-0.000116702926,4.724813e-05,"[-3.948176406245231, 7.229385365007344, 0.0, 0.0, 0.0, 0.0, -1.8641219586528053, 4.32280146650466]","[0.0006221260008613116, 0.0008388175989545942, 0.0]","{""Controller Type"": ""MPC Controller"", ""weight_comfort"": 47.427911674766314, ""weight_trajectory"": 1580316.9750565244, ""weight_goal"": 2501000.0, ""Q"": [[1580316.9750565244, 0.0, 0.0, 0.0], [0.0, 0.0, 0.0, 0.0], [0.0, 0.0, 1580316.9750565244, 0.0], [0.0, 0.0, 0.0, 0.0]], ""R"": [[47.427911674766314, 0.0], [0.0, 47.427911674766314]], ""P"": [[2501000.0, 0.0, 0.0, 0.0], [0.0, 250100000.0, 0.0, 0.0], [0.0, 0.0, 2501000.0, 0.0], [0.0, 0.0, 0.0, 250100000.0]]}","[-0.02735983420833736, -0.07813126716784773, 0.0]",False
3,P02,10e57735-2e6f-4449-b4c9-0da2c57ab8b9,21,1,haply,mpc,seeded_random,1139142485,persist_session,10.0,13.33927538871765,8082.542401049,0,1785831071.3419628,387.0,True,careful,adaptive,-0.08,-0.08,0.0,0.08,-0.08,0.0,0.08019729,-0.07948474,0.0,0.061109293,-0.15044045,0.14852554,-5.1069655e-05,-0.00013331545,7.7565805e-05,"[-3.9493368314673627, 7.231067575000959, 0.0, 0.0, 0.0, 0.0, -1.8668947798197906, 4.327386420878171]","[0.028997601589398545, 0.02871813059424688, 0.0]","{""Controller Type"": ""MPC Controller"", ""weight_comfort"": 47.427911674766314, ""weight_trajectory"": 1580316.9750565244, ""weight_goal"": 2501000.0, ""Q"": [[1580316.9750565244, 0.0, 0.0, 0.0], [0.0, 0.0, 0.0, 0.0], [0.0, 0.0, 1580316.9750565244, 0.0], [0.0, 0.0, 0.0, 0.0]], ""R"": [[47.427911674766314, 0.0], [0.0, 47.427911674766314]], ""P"": [[2501000.0, 0.0, 0.0, 0.0], [0.0, 250100000.0, 0.0, 0.0], [0.0, 0.0, 2501000.0, 0.0], [0.0, 0.0, 0.0, 250100000.0]]}","[-0.03425600638924533, -0.08946601337060965, 0.0]",False
3,P02,10e57735-2e6f-4449-b4c9-0da2c57ab8b9,21,1,haply,mpc,seeded_random,1139142485,persist_session,10.0,13.349333791732787,8082.552457455,0,1785831071.3520193,388.0,True,careful,adaptive,-0.08,-0.08,0.0,0.08,-0.08,0.0,0.080175888,-0.0793757399999999,0.0,0.061109293,-0.15044045,0.14852554,-2.633956e-05,-0.0001370151,0.00011028033,"[-3.949250236989559, 7.231005270404357, 0.0, 0.0, 0.0, 0.0, -1.8666350777945202, 4.327162200311668]","[0.0007791475792556809, 0.000961802390184411, 0.0]","{""Controller Type"": ""MPC Controller"", ""weight_comfort"": 47.427911674766314, ""weight_trajectory"": 1580316.9750565244, ""weight_goal"": 2501000.0, ""Q"": [[1580316.9750565244, 0.0, 0.0, 0.0], [0.0, 0.0, 0.0, 0.0], [0.0, 0.0, 1580316.9750565244, 0.0], [0.0, 0.0, 0.0, 0.0]], ""R"": [[47.427911674766314, 0.0], [0.0, 47.427911674766314]], ""P"": [[2501000.0, 0.0, 0.0, 0.0], [0.0, 250100000.0, 0.0, 0.0], [0.0, 0.0, 2501000.0, 0.0], [0.0, 0.0, 0.0, 250100000.0]]}","[-0.03425600638924533, -0.08946601337060965, 0.0]",False
3,P02,10e57735-2e6f-4449-b4c9-0da2c57ab8b9,21,1,haply,mpc,seeded_random,1139142485,persist_session,10.0,13.359290390014648,8082.562408053,0,1785831071.3619096,389.0,True,careful,adaptive,-0.08,-0.08,0.0,0.08,-0.08,0.0,0.080175888,-0.0793757399999999,0.0,0.061102178,-0.15040082,0.14857996,-1.5347607e-05,-0.00011263698,0.00011776722,"[-3.9495416068784492, 7.231472152107383, 0.0, 0.0, 0.0, 0.0, -1.8744774387178686, 4.340282801148483]","[-0.014695173738451852, 0.04821346951313901, 0.0]","{""Controller Type"": ""MPC Controller"", ""weight_comfort"": 47.42496131224371, ""weight_trajectory"": 1580405.6629539537, ""weight_goal"": 2501000.0, ""Q"": [[1580405.6629539537, 0.0, 0.0, 0.0], [0.0, 0.0, 0.0, 0.0], [0.0, 0.0, 1580405.6629539537, 0.0], [0.0, 0.0, 0.0, 0.0]], ""R"": [[47.42496131224371, 0.0], [0.0, 47.42496131224371]], ""P"": [[2501000.0, 0.0, 0.0, 0.0], [0.0, 250100000.0, 0.0, 0.0], [0.0, 0.0, 2501000.0, 0.0], [0.0, 0.0, 0.0, 250100000.0]]}","[-0.030539948760477675, -0.10839209208685133, 0.0]",False
