schema_version,participant_id,session_id,trial_id,attempt_id,input_source,controller_family,order_strategy,order_seed,estimator_state_policy,max_control_amplitude,timestamp,monotonic_timestamp,missed_cycle_count,cursor_timestamp,cursor_sample_sequence,study_running,study_phase,study_controller_mode,start_x,start_y,start_z,end_x,end_y,end_z,cursor_x,cursor_y,cursor_z,haply_pos_x,haply_pos_y,haply_pos_z,haply_vel_x,haply_vel_y,haply_vel_z,K_h,u_h,K_a,u_a,endpoint_reached
3,P12,8fb3067a-529c-46ff-91ee-9777d757f3f3,31,1,haply,mpc,seeded_random,2826394735,persist_session,10.0,61.379794006347645,16284.561173214,0,1785943626.4039023,234.0,True,aggressive,adaptive,0.08,-0.08,0.0,0.08,0.08,0.0,0.0803742189,-0.08130202,0.0,0.031826247,-0.16081263,0.1996212,3.225571e-07,4.6826e-07,5.7516677e-06,,,"{""Controller Type"": ""MPC Controller"", ""weight_comfort"": 500.0, ""weight_trajectory"": 3000.0, ""weight_goal"": 1000.0, ""Q"": [[3000.0, 0.0, 0.0, 0.0], [0.0, 0.0, 0.0, 0.0], [0.0, 0.0, 3000.0, 0.0], [0.0, 0.0, 0.0, 0.0]], ""R"": [[500.0, 0.0], [0.0, 500.0]], ""P"": [[1000.0, 0.0, 0.0, 0.0], [0.0, 100000.0, 0.0, 0.0], [0.0, 0.0, 1000.0, 0.0], [0.0, 0.0, 0.0, 100000.0]]}","[-3.132646960601655e-05, 0.01073626818250047, 0.0]",
3,P12,8fb3067a-529c-46ff-91ee-9777d757f3f3,31,1,haply,mpc,seeded_random,2826394735,persist_session,10.0,61.38985002517699,16284.571229279,0,1785943626.414083,235.0,True,aggressive,adaptive,0.08,-0.08,0.0,0.08,0.08,0.0,0.0803742189,-0.08130202,0.0,0.03182425,-0.16076538,0.19957298,-5.819111e-07,1.9625937e-05,-1.5520898e-05,,,"{""Controller Type"": ""MPC Controller"", ""weight_comfort"": 500.0, ""weight_trajectory"": 3000.0, ""weight_goal"": 1000.0, ""Q"": [[3000.0, 0.0, 0.0, 0.0], [0.0, 0.0, 0.0, 0.0], [0.0, 0.0, 3000.0, 0.0], [0.0, 0.0, 0.0, 0.0]], ""R"": [[500.0, 0.0], [0.0, 500.0]], ""P"": [[1000.0, 0.0, 0.0, 0.0], [0.0, 100000.0, 0.0, 0.0], [0.0, 0.0, 1000.0, 0.0], [0.0, 0.0, 0.0, 100000.0]]}","[-3.1326469926100885e-05, 0.010736268181875085, 0.0]",
3,P12,8fb3067a-529c-46ff-91ee-9777d757f3f3,31,1,haply,mpc,seeded_random,2826394735,persist_session,10.0,61.40056026458739,16284.581902156,0,1785943626.4240282,236.0,True,aggressive,adaptive,0.08,-0.08,0.0,0.08,0.08,0.0,0.0803682278999999,-0.08139846,0.0,0.031822253,-0.16071811,0.19952478,-2.9008631e-06,7.288068e-05,-7.109908e-05,"[5.641738363742609, -0.621717492932282, 0.0, 0.0, 0.0, 0.0, 3.4228673940699186, -0.49510559649826047]","[-0.0021112451245675627, 0.552115424855614, 0.0]","{""Controller Type"": ""MPC Controller"", ""weight_comfort"": 500.0, ""weight_trajectory"": 3000.0, ""weight_goal"": 1000.0, ""Q"": [[3000.0, 0.0, 0.0, 0.0], [0.0, 0.0, 0.0, 0.0], [0.0, 0.0, 3000.0, 0.0], [0.0, 0.0, 0.0, 0.0]], ""R"": [[500.0, 0.0], [0.0, 500.0]], ""P"": [[1000.0, 0.0, 0.0, 0.0], [0.0, 100000.0, 0.0, 0.0], [0.0, 0.0, 1000.0, 0.0], [0.0, 0.0, 0.0, 100000.0]]}","[-3.1326469926100885e-05, 0.010736268181875085, 0.0]",
3,P12,8fb3067a-529c-46ff-91ee-9777d757f3f3,31,1,haply,mpc,seeded_random,2826394735,persist_session,10.0,61.40995419502257,16284.59132005,0,1785943626.433834,237.0,True,aggressive,adaptive,0.08,-0.08,0.0,0.08,0.08,0.0,0.0803622369,-0.08149486,0.0,0.031822253,-0.16071811,0.19952478,-6.4304677e-06,0.0001552222,-0.00015595564,"[5.641772952436239, -0.6217131690070828, 0.0, 0.0, 0.0, 0.0, 2.4461215364008213, -0.13766007975944478]","[-0.001702935748242989, 0.3961351642079898, 0.0]","{""Controller Type"": ""MPC Controller"", ""weight_comfort"": 561.2836046470106, ""weight_trajectory"": 2632.2983721179357, ""weight_goal"": 1000.0, ""Q"": [[2632.2983721179357, 0.0, 0.0, 0.0], [0.0, 0.0, 0.0, 0.0], [0.0, 0.0, 2632.2983721179357, 0.0], [0.0, 0.0, 0.0, 0.0]], ""R"": [[561.2836046470106, 0.0], [0.0, 561.2836046470106]], ""P"": [[1000.0, 0.0, 0.0, 0.0], [0.0, 100000.0, 0.0, 0.0], [0.0, 0.0, 1000.0, 0.0], [0.0, 0.0, 0.0, 100000.0]]}","[-1.704265116782752e-05, 0.01029859926097759, 0.0]",
3,P12,8fb3067a-529c-46ff-91ee-9777d757f3f3,31,1,haply,mpc,seeded_random,2826394735,persist_session,10.0,61.420092706680286,16284.601460349,0,1785943626.4445665,238.0,True,aggressive,adaptive,0.08,-0.08,0.0,0.08,0.08,0.0,0.0803622369,-0.08149486,0.0,0.031820256,-0.16067082,0.19947654,-1.01202595e-05,0.0002417253,-0.00024471502,"[5.641772504355225, -0.6217132340589261, 0.0, 0.0, 0.0, 0.0, 2.2092494816436328, -0.05093393297242864]","[-0.0016638177550946324, 0.35728315696766094, 0.0]","{""Controller Type"": ""MPC Controller"", ""weight_comfort"": 561.2836046470106, ""weight_trajectory"": 2632.2983721179357, ""weight_goal"": 1000.0, ""Q"": [[2632.2983721179357, 0.0, 0.0, 0.0], [0.0, 0.0, 0.0, 0.0], [0.0, 0.0, 2632.2983721179357, 0.0], [0.0, 0.0, 0.0, 0.0]], ""R"": [[561.2836046470106, 0.0], [0.0, 561.2836046470106]], ""P"": [[1000.0, 0.0, 0.0, 0.0], [0.0, 100000.0, 0.0, 0.0], [0.0, 0.0, 1000.0, 0.0], [0.0, 0.0, 0.0, 100000.0]]}","[-2.7865832404650124e-05, 0.010124445584786203, 0.0]",
3,P12,8fb3067a-529c-46ff-91ee-9777d757f3f3,31,1,haply,mpc,seeded_random,2826394735,persist_session,10.0,61.430009727478016,16284.611367631,0,1785943626.453792,239.0,True,aggressive,adaptive,0.08,-0.08,0.0,0.08,0.08,0.0,0.0803562458999999,-0.08159134,0.0,0.031820256,-0.16067082,0.19947654,-2.3415252e-05,0.00055593863,-0.00056518463,"[5.641714596399215, -0.6216987130207666, 0.0, 0.0, 0.0, 0.0, 2.4993469765685816, -0.1527336293690392]","[-0.0020436372060843636, 0.40363169007236643, 0.0]","{""Controller Type"": ""MPC Controller"", ""weight_comfort"": 556.4113677429197, ""weight_trajectory"": 2661.531793542482, ""weight_goal"": 1000.0, ""Q"": [[2661.531793542482, 0.0, 0.0, 0.0], [0.0, 0.0, 0.0, 0.0], [0.0, 0.0, 2661.531793542482, 0.0], [0.0, 0.0, 0.0, 0.0]], ""R"": [[556.4113677429197, 0.0], [0.0, 556.4113677429197]], ""P"": [[1000.0, 0.0, 0.0, 0.0], [0.0, 100000.0, 0.0, 0.0], [0.0, 0.0, 1000.0, 0.0], [0.0, 0.0, 0.0, 100000.0]]}","[-1.590068188466637e-05, 0.010317134238271665, 0.0]",
3,P12,8fb3067a-529c-46ff-91ee-9777d757f3f3,31,1,haply,mpc,seeded_random,2826394735,persist_session,10.0,61.439852600097645,16284.621231163,0,1785943626.4639757,240.0,True,aggressive,adaptive,0.08,-0.08,0.0,0.08,0.08,0.0,0.0803562458999999,-0.08159134,0.0,0.031820256,-0.16067082,0.19947654,-5.3113632e-05,0.0012587222,-0.001281321,"[5.641750697009638, -0.6216913444549687, 0.0, 0.0, 0.0, 0.0, 1.7475739648082975, 0.12433071554172784]","[-0.001606121116101985, 0.28109255332541405, 0.0]","{""Controller Type"": ""MPC Controller"", ""weight_comfort"": 556.4113677429197, ""weight_trajectory"": 2661.531793542482, ""weight_goal"": 1000.0, ""Q"": [[2661.531793542482, 0.0, 0.0, 0.0], [0.0, 0.0, 0.0, 0.0], [0.0, 0.0, 2661.531793542482, 0.0], [0.0, 0.0, 0.0, 0.0]], ""R"": [[556.4113677429197, 0.0], [0.0, 556.4113677429197]], ""P"": [[1000.0, 0.0, 0.0, 0.0], [0.0, 100000.0, 0.0, 0.0], [0.0, 0.0, 1000.0, 0.0], [0.0, 0.0, 0.0, 100000.0]]}","[-2.759046894092037e-05, 0.010181053327184362, 0.0]",False
3,P12,8fb3067a-529c-46ff-91ee-9777d757f3f3,31,1,haply,mpc,seeded_random,2826394735,persist_session,10.0,61.44992268562316,16284.631300924,0,1785943626.4741888,241.0,True,aggressive,adaptive,0.08,-0.08,0.0,0.08,0.08,0.0,0.0803562458999999,-0.08159134,0.0,0.031820256,-0.16067082,0.19947654,-7.540185e-05,0.0017861506,-0.0018187708,"[5.6416870446135805, -0.6216753829342042, 0.0, 0.0, 0.0, 0.0, 2.0780299316172126, 0.008880254370522506]","[-0.0020098278787266054, 0.33579164121013383, 0.0]","{""Controller Type"": ""MPC Controller"", ""weight_comfort"": 556.4113677429197, ""weight_trajectory"": 2661.531793542482, ""weight_goal"": 1000.0, ""Q"": [[2661.531793542482, 0.0, 0.0, 0.0], [0.0, 0.0, 0.0, 0.0], [0.0, 0.0, 2661.531793542482, 0.0], [0.0, 0.0, 0.0, 0.0]], ""R"": [[556.4113677429197, 0.0], [0.0, 556.4113677429197]], ""P"": [[1000.0, 0.0, 0.0, 0.0], [0.0, 100000.0, 0.0, 0.0], [0.0, 0.0, 1000.0, 0.0], [0.0, 0.0, 0.0, 100000.0]]}","[-2.759046894454587e-05, 0.010181053327178459, 0.0]",False
3,P12,8fb3067a-529c-46ff-91ee-9777d757f3f3,31,1,haply,mpc,seeded_random,2826394735,persist_session,10.0,61.460007314681995,16284.641384489,0,1785943626.484028,242.0,True,aggressive,adaptive,0.08,-0.08,0.0,0.08,0.08,0.0,0.0803562458999999,-0.08159134,0.0,0.031820256,-0.16067082,0.19947654,-8.199436e-05,0.0019420129,-0.0019776977,"[5.64168509779304, -0.6216748947480807, 0.0, 0.0, 0.0, 0.0, 1.9388368148621353, 0.057509757648711]","[-0.00200982718517977, 0.3132992389549044, 0.0]","{""Controller Type"": ""MPC Controller"", ""weight_comfort"": 556.4113677429197, ""weight_trajectory"": 2661.531793542482, ""weight_goal"": 1000.0, ""Q"": [[2661.531793542482, 0.0, 0.0, 0.0], [0.0, 0.0, 0.0, 0.0], [0.0, 0.0, 2661.531793542482, 0.0], [0.0, 0.0, 0.0, 0.0]], ""R"": [[556.4113677429197, 0.0], [0.0, 556.4113677429197]], ""P"": [[1000.0, 0.0, 0.0, 0.0], [0.0, 100000.0, 0.0, 0.0], [0.0, 0.0, 1000.0, 0.0], [0.0, 0.0, 0.0, 100000.0]]}","[-2.7590468944545927e-05, 0.01018105332717846, 0.0]",False
3,P12,8fb3067a-529c-46ff-91ee-9777d757f3f3,31,1,haply,mpc,seeded_random,2826394735,persist_session,10.0,61.46978509902953,16284.651165208,0,1785943626.494054,243.0,True,aggressive,adaptive,0.08,-0.08,0.0,0.08,0.08,0.0,0.0803562458999999,-0.08159134,0.0,0.031820256,-0.16067082,0.19947654,-5.821902e-05,0.0013789012,-0.0014042384,"[5.641683149025075, -0.6216744060736198, 0.0, 0.0, 0.0, 0.0, 1.817006082836238, 0.1000734139598366]","[-0.0020098264909391727, 0.29361244771365874, 0.0]","{""Controller Type"": ""MPC Controller"", ""weight_comfort"": 552.778806430533, ""weight_trajectory"": 2683.3271614168016, ""weight_goal"": 1000.0, ""Q"": [[2683.3271614168016, 0.0, 0.0, 0.0], [0.0, 0.0, 0.0, 0.0], [0.0, 0.0, 2683.3271614168016, 0.0], [0.0, 0.0, 0.0, 0.0]], ""R"": [[552.778806430533, 0.0], [0.0, 552.778806430533]], ""P"": [[1000.0, 0.0, 0.0, 0.0], [0.0, 100000.0, 0.0, 0.0], [0.0, 0.0, 1000.0, 0.0], [0.0, 0.0, 0.0, 100000.0]]}","[-2.7729460890147812e-05, 0.010217804497266334, 0.0]",False
3,P12,8fb3067a-529c-46ff-91ee-9777d757f3f3,31,1,haply,mpc,seeded_random,2826394735,persist_session,10.0,61.47975767135619,16284.661140002,0,1785943626.504102,244.0,True,aggressive,adaptive,0.08,-0.08,0.0,0.08,0.08,0.0,0.0803562458999999,-0.08159134,0.0,0.031820256,-0.16067082,0.19947654,-4.245199e-05,0.0010054635,-0.0010239391,"[5.64168119830774, -0.6216739169103334, 0.0, 0.0, 0.0, 0.0, 1.7094799284263258, 0.1376395206773737]","[-0.0020098257960041196, 0.2762371523375141, 0.0]","{""Controller Type"": ""MPC Controller"", ""weight_comfort"": 552.778806430533, ""weight_trajectory"": 2683.3271614168016, ""weight_goal"": 1000.0, ""Q"": [[2683.3271614168016, 0.0, 0.0, 0.0], [0.0, 0.0, 0.0, 0.0], [0.0, 0.0, 2683.3271614168016, 0.0], [0.0, 0.0, 0.0, 0.0]], ""R"": [[552.778806430533, 0.0], [0.0, 552.778806430533]], ""P"": [[1000.0, 0.0, 0.0, 0.0], [0.0, 100000.0, 0.0, 0.0], [0.0, 0.0, 1000.0, 0.0], [0.0, 0.0, 0.0, 100000.0]]}","[-2.7729460891608578e-05, 0.010217804497263928, 0.0]",False
3,P12,8fb3067a-529c-46ff-91ee-9777d757f3f3,31,1,haply,mpc,seeded_random,2826394735,persist_session,10.0,61.48982918739318,16284.671211193,0,1785943626.5140305,245.0,True,aggressive,adaptive,0.08,-0.08,0.0,0.08,0.08,0.0,0.0803562458999999,-0.08159134,0.0,0.03182425,-0.16076538,0.19957298,-3.5379257e-05,0.00083787134,-0.00085340947,"[5.641679245639087, -0.6216734272577328, 0.0, 0.0, 0.0, 0.0, 1.6138787703529065, 0.17103942534442962]","[-0.0020098251003739178, 0.26078883309887846, 0.0]","{""Controller Type"": ""MPC Controller"", ""weight_comfort"": 549.660408004327, ""weight_trajectory"": 2702.0375519740383, ""weight_goal"": 1000.0, ""Q"": [[2702.0375519740383, 0.0, 0.0, 0.0], [0.0, 0.0, 0.0, 0.0], [0.0, 0.0, 2702.0375519740383, 0.0], [0.0, 0.0, 0.0, 0.0]], ""R"": [[549.660408004327, 0.0], [0.0, 549.660408004327]], ""P"": [[1000.0, 0.0, 0.0, 0.0], [0.0, 100000.0, 0.0, 0.0], [0.0, 0.0, 1000.0, 0.0], [0.0, 0.0, 0.0, 100000.0]]}","[-2.7729460891608754e-05, 0.010217804497263928, 0.0]",False
3,P12,8fb3067a-529c-46ff-91ee-9777d757f3f3,31,1,haply,mpc,seeded_random,2826394735,persist_session,10.0,61.499892597198475,16284.681264604,0,1785943626.5239685,246.0,True,aggressive,adaptive,0.08,-0.08,0.0,0.08,0.08,0.0,0.0803682278999999,-0.08139846,0.0,0.031826247,-0.16081263,0.1996212,-2.364077e-05,0.00055993337,-0.00057016994,"[5.641677291017164, -0.6216729371153289, 0.0, 0.0, 0.0, 0.0, 1.5283230929353238, 0.20092976900823883]","[-0.002009824404047872, 0.24696377654036356, 0.0]","{""Controller Type"": ""MPC Controller"", ""weight_comfort"": 549.660408004327, ""weight_trajectory"": 2702.0375519740383, ""weight_goal"": 1000.0, ""Q"": [[2702.0375519740383, 0.0, 0.0, 0.0], [0.0, 0.0, 0.0, 0.0], [0.0, 0.0, 2702.0375519740383, 0.0], [0.0, 0.0, 0.0, 0.0]], ""R"": [[549.660408004327, 0.0], [0.0, 549.660408004327]], ""P"": [[1000.0, 0.0, 0.0, 0.0], [0.0, 100000.0, 0.0, 0.0], [0.0, 0.0, 1000.0, 0.0], [0.0, 0.0, 0.0, 100000.0]]}","[-5.0302010130281434e-05, 0.009887976903690284, 0.0]",False
3,P12,8fb3067a-529c-46ff-91ee-9777d757f3f3,31,1,haply,mpc,seeded_random,2826394735,persist_session,10.0,61.51002610206603,16284.691392455,0,1785943626.5337987,247.0,True,aggressive,adaptive,0.08,-0.08,0.0,0.08,0.08,0.0,0.0803742189,-0.08130202,0.0,0.031826437,-0.160751,0.19974959,-2.7889955e-06,6.648929e-05,-6.665243e-05,"[5.641449800451119, -0.6215604816169443, 0.0, 0.0, 0.0, 0.0, 2.038295024992129, 0.051178943381301384]","[-0.0028267391392383942, 0.32997097580316637, 0.0]","{""Controller Type"": ""MPC Controller"", ""weight_comfort"": 549.660408004327, ""weight_trajectory"": 2702.0375519740383, ""weight_goal"": 1000.0, ""Q"": [[2702.0375519740383, 0.0, 0.0, 0.0], [0.0, 0.0, 0.0, 0.0], [0.0, 0.0, 2702.0375519740383, 0.0], [0.0, 0.0, 0.0, 0.0]], ""R"": [[549.660408004327, 0.0], [0.0, 549.660408004327]], ""P"": [[1000.0, 0.0, 0.0, 0.0], [0.0, 100000.0, 0.0, 0.0], [0.0, 0.0, 1000.0, 0.0], [0.0, 0.0, 0.0, 100000.0]]}","[-4.0130252760786365e-05, 0.010051716560126656, 0.0]",False
3,P12,8fb3067a-529c-46ff-91ee-9777d757f3f3,31,1,haply,mpc,seeded_random,2826394735,persist_session,10.0,61.519774084091175,16284.701158927,0,1785943626.543986,248.0,True,aggressive,adaptive,0.08,-0.08,0.0,0.08,0.08,0.0,0.0803747889,-0.08104524,0.0,0.03182553,-0.16069664,0.19978952,1.34672e-05,-0.0002896437,0.00037937186,"[5.641533652422908, -0.6215946435284496, 0.0, 0.0, 0.0, 0.0, 1.6569324761246775, 0.17441750376636228]","[-0.0024899969959626066, 0.26897768658176274, 0.0]","{""Controller Type"": ""MPC Controller"", ""weight_comfort"": 549.962423080338, ""weight_trajectory"": 2700.225461517972, ""weight_goal"": 1000.0, ""Q"": [[2700.225461517972, 0.0, 0.0, 0.0], [0.0, 0.0, 0.0, 0.0], [0.0, 0.0, 2700.225461517972, 0.0], [0.0, 0.0, 0.0, 0.0]], ""R"": [[549.962423080338, 0.0], [0.0, 549.962423080338]], ""P"": [[1000.0, 0.0, 0.0, 0.0], [0.0, 100000.0, 0.0, 0.0], [0.0, 0.0, 1000.0, 0.0], [0.0, 0.0, 0.0, 100000.0]]}","[-3.0297332525412345e-05, 0.00975690665672464, 0.0]",False
3,P12,8fb3067a-529c-46ff-91ee-9777d757f3f3,31,1,haply,mpc,seeded_random,2826394735,persist_session,10.0,61.53024113655089,16284.711460559,0,1785943626.5537338,249.0,True,aggressive,adaptive,0.08,-0.08,0.0,0.08,0.08,0.0,0.0803720678999999,-0.08096538,0.0,0.031826623,-0.16068935,0.19987781,2.586887e-05,-0.00051749405,0.00080174283,"[5.641589207957688, -0.6216096576429655, 0.0, 0.0, 0.0, 0.0, 1.9918328647352816, 0.08310378863556858]","[-0.0021491850300687236, 0.32286988901170643, 0.0]","{""Controller Type"": ""MPC Controller"", ""weight_comfort"": 549.962423080338, ""weight_trajectory"": 2700.225461517972, ""weight_goal"": 1000.0, ""Q"": [[2700.225461517972, 0.0, 0.0, 0.0], [0.0, 0.0, 0.0, 0.0], [0.0, 0.0, 2700.225461517972, 0.0], [0.0, 0.0, 0.0, 0.0]], ""R"": [[549.962423080338, 0.0], [0.0, 549.962423080338]], ""P"": [[1000.0, 0.0, 0.0, 0.0], [0.0, 100000.0, 0.0, 0.0], [0.0, 0.0, 1000.0, 0.0], [0.0, 0.0, 0.0, 100000.0]]}","[-2.409347556870486e-05, 0.01005125726636586, 0.0]",False
3,P12,8fb3067a-529c-46ff-91ee-9777d757f3f3,31,1,haply,mpc,seeded_random,2826394735,persist_session,10.0,61.539809350967396,16284.721192278,0,1785943626.5639386,250.0,True,aggressive,adaptive,0.08,-0.08,0.0,0.08,0.08,0.0,0.0803753468999999,-0.0807888,0.0,0.031826805,-0.16062754,0.20000596,3.4720026e-05,-0.0006113328,0.0012320061,"[5.641616075427366, -0.6216130315492644, 0.0, 0.0, 0.0, 0.0, 1.4358057487314642, 0.26691565580592247]","[-0.001925546237200912, 0.23330176856021873, 0.0]","{""Controller Type"": ""MPC Controller"", ""weight_comfort"": 549.962423080338, ""weight_trajectory"": 2700.225461517972, ""weight_goal"": 1000.0, ""Q"": [[2700.225461517972, 0.0, 0.0, 0.0], [0.0, 0.0, 0.0, 0.0], [0.0, 0.0, 2700.225461517972, 0.0], [0.0, 0.0, 0.0, 0.0]], ""R"": [[549.962423080338, 0.0], [0.0, 549.962423080338]], ""P"": [[1000.0, 0.0, 0.0, 0.0], [0.0, 100000.0, 0.0, 0.0], [0.0, 0.0, 1000.0, 0.0], [0.0, 0.0, 0.0, 100000.0]]}","[-3.5063284406842396e-05, 0.009874898744124987, 0.0]",False
3,P12,8fb3067a-529c-46ff-91ee-9777d757f3f3,31,1,haply,mpc,seeded_random,2826394735,persist_session,10.0,61.54978883743285,16284.731173714,0,1785943626.5740292,251.0,True,aggressive,adaptive,0.08,-0.08,0.0,0.08,0.08,0.0,0.0803758929,-0.0805325,0.0,0.03182408,-0.16046402,0.20012552,3.388175e-05,-0.00018908369,0.0019654504,"[5.641539573643484, -0.6215865440671614, 0.0, 0.0, 0.0, 0.0, 1.6021652250067, 0.21722763525696936]","[-0.002317262348732536, 0.2613690517193381, 0.0]","{""Controller Type"": ""MPC Controller"", ""weight_comfort"": 549.2949009139317, ""weight_trajectory"": 2704.2305945164107, ""weight_goal"": 1000.0, ""Q"": [[2704.2305945164107, 0.0, 0.0, 0.0], [0.0, 0.0, 0.0, 0.0], [0.0, 0.0, 2704.2305945164107, 0.0], [0.0, 0.0, 0.0, 0.0]], ""R"": [[549.2949009139317, 0.0], [0.0, 549.2949009139317]], ""P"": [[1000.0, 0.0, 0.0, 0.0], [0.0, 100000.0, 0.0, 0.0], [0.0, 0.0, 1000.0, 0.0], [0.0, 0.0, 0.0, 100000.0]]}","[-3.0338323540946154e-05, 0.009710415345884096, 0.0]",False
3,P12,8fb3067a-529c-46ff-91ee-9777d757f3f3,31,1,haply,mpc,seeded_random,2826394735,persist_session,10.0,61.55983865737914,16284.741218722,0,1785943626.584067,252.0,True,aggressive,adaptive,0.08,-0.08,0.0,0.08,0.08,0.0,0.0803677179,-0.08029338,0.0,0.03182043,-0.1602458,0.20028463,1.711939e-05,0.0017800201,0.0045057097,"[5.641565593827402, -0.6215935586248491, 0.0, 0.0, 0.0, 0.0, 1.731146996392111, 0.18268151446674835]","[-0.0021542587682340814, 0.28254544803428516, 0.0]","{""Controller Type"": ""MPC Controller"", ""weight_comfort"": 549.2949009139317, ""weight_trajectory"": 2704.2305945164107, ""weight_goal"": 1000.0, ""Q"": [[2704.2305945164107, 0.0, 0.0, 0.0], [0.0, 0.0, 0.0, 0.0], [0.0, 0.0, 2704.2305945164107, 0.0], [0.0, 0.0, 0.0, 0.0]], ""R"": [[549.2949009139317, 0.0], [0.0, 549.2949009139317]], ""P"": [[1000.0, 0.0, 0.0, 0.0], [0.0, 100000.0, 0.0, 0.0], [0.0, 0.0, 1000.0, 0.0], [0.0, 0.0, 0.0, 100000.0]]}","[-1.4223830545613996e-05, 0.009726396693210293, 0.0]",False
3,P12,8fb3067a-529c-46ff-91ee-9777d757f3f3,31,1,haply,mpc,seeded_random,2826394735,persist_session,10.0,61.569775466918934,16284.751160486,0,1785943626.5943534,253.0,True,aggressive,adaptive,0.08,-0.08,0.0,0.08,0.08,0.0,0.0803567678999999,-0.07997516,0.0,0.031817853,-0.16001986,0.20053114,-2.2179873e-05,0.004431403,0.0067808325,"[5.641603778332559, -0.6215773683289065, 0.0, 0.0, 0.0, 0.0, 1.6295976668704597, 0.21050746488629501]","[-0.0015683097465209687, 0.2662282484300891, 0.0]","{""Controller Type"": ""MPC Controller"", ""weight_comfort"": 549.2949009139317, ""weight_trajectory"": 2704.2305945164107, ""weight_goal"": 1000.0, ""Q"": [[2704.2305945164107, 0.0, 0.0, 0.0], [0.0, 0.0, 0.0, 0.0], [0.0, 0.0, 2704.2305945164107, 0.0], [0.0, 0.0, 0.0, 0.0]], ""R"": [[549.2949009139317, 0.0], [0.0, 549.2949009139317]], ""P"": [[1000.0, 0.0, 0.0, 0.0], [0.0, 100000.0, 0.0, 0.0], [0.0, 0.0, 1000.0, 0.0], [0.0, 0.0, 0.0, 100000.0]]}","[-8.955984315538145e-06, 0.009632641532490539, 0.0]",False
3,P12,8fb3067a-529c-46ff-91ee-9777d757f3f3,31,1,haply,mpc,seeded_random,2826394735,persist_session,10.0,61.579851036071766,16284.761226785,0,1785943626.604316,254.0,True,aggressive,adaptive,0.08,-0.08,0.0,0.08,0.08,0.0,0.0803490369,-0.07948214,0.0,0.031812344,-0.15969203,0.20076807,-6.925368e-05,0.0076751225,0.009633047,"[5.64160945562056, -0.6215696770266519, 0.0, 0.0, 0.0, 0.0, 1.722757526298729, 0.18779818903536866]","[-0.0013510567868749359, 0.28140830793586435, 0.0]","{""Controller Type"": ""MPC Controller"", ""weight_comfort"": 549.2949009139317, ""weight_trajectory"": 2704.2305945164107, ""weight_goal"": 1000.0, ""Q"": [[2704.2305945164107, 0.0, 0.0, 0.0], [0.0, 0.0, 0.0, 0.0], [0.0, 0.0, 2704.2305945164107, 0.0], [0.0, 0.0, 0.0, 0.0]], ""R"": [[549.2949009139317, 0.0], [0.0, 549.2949009139317]], ""P"": [[1000.0, 0.0, 0.0, 0.0], [0.0, 100000.0, 0.0, 0.0], [0.0, 0.0, 1000.0, 0.0], [0.0, 0.0, 0.0, 100000.0]]}","[-1.5244777662798867e-05, 0.010443452218510707, 0.0]",False
3,P12,8fb3067a-529c-46ff-91ee-9777d757f3f3,31,1,haply,mpc,seeded_random,2826394735,persist_session,10.0,61.59001863479613,16284.771393108,0,1785943626.6140735,255.0,True,aggressive,adaptive,0.08,-0.08,0.0,0.08,0.08,0.0,0.0803325098999999,-0.07900828,0.0,0.031806022,-0.15924636,0.20116998,-0.00012724094,0.011571938,0.012961246,"[5.6415965013442175, -0.6215752459307619, 0.0, 0.0, 0.0, 0.0, 2.0419942399528823, 0.13782898885696432]","[-0.0014867795681604266, 0.3324823939294128, 0.0]","{""Controller Type"": ""MPC Controller"", ""weight_comfort"": 550.3765451680226, ""weight_trajectory"": 2697.7407289918647, ""weight_goal"": 1000.0, ""Q"": [[2697.7407289918647, 0.0, 0.0, 0.0], [0.0, 0.0, 0.0, 0.0], [0.0, 0.0, 2697.7407289918647, 0.0], [0.0, 0.0, 0.0, 0.0]], ""R"": [[550.3765451680226, 0.0], [0.0, 550.3765451680226]], ""P"": [[1000.0, 0.0, 0.0, 0.0], [0.0, 100000.0, 0.0, 0.0], [0.0, 0.0, 1000.0, 0.0], [0.0, 0.0, 0.0, 100000.0]]}","[-1.5244777662798867e-05, 0.010443452218510707, 0.0]",False
3,P12,8fb3067a-529c-46ff-91ee-9777d757f3f3,31,1,haply,mpc,seeded_random,2826394735,persist_session,10.0,61.599881296157825,16284.781260525,0,1785943626.6240058,256.0,True,aggressive,adaptive,0.08,-0.08,0.0,0.08,0.08,0.0,0.0803135439,-0.07820446,0.0,0.031799644,-0.15879968,0.20156974,-0.00021925643,0.017140394,0.017090501,"[5.641572793000768, -0.6215103131370957, 0.0, 0.0, 0.0, 0.0, 1.9583491277995022, 0.15125098451857633]","[-0.0008231828085329552, 0.3187390150663553, 0.0]","{""Controller Type"": ""MPC Controller"", ""weight_comfort"": 550.3765451680226, ""weight_trajectory"": 2697.7407289918647, ""weight_goal"": 1000.0, ""Q"": [[2697.7407289918647, 0.0, 0.0, 0.0], [0.0, 0.0, 0.0, 0.0], [0.0, 0.0, 2697.7407289918647, 0.0], [0.0, 0.0, 0.0, 0.0]], ""R"": [[550.3765451680226, 0.0], [0.0, 550.3765451680226]], ""P"": [[1000.0, 0.0, 0.0, 0.0], [0.0, 100000.0, 0.0, 0.0], [0.0, 0.0, 1000.0, 0.0], [0.0, 0.0, 0.0, 100000.0]]}","[1.4787463163823947e-05, 0.013221559598591538, 0.0]",False
3,P12,8fb3067a-529c-46ff-91ee-9777d757f3f3,31,1,haply,mpc,seeded_random,2826394735,persist_session,10.0,61.60974729537963,16284.791117899,0,1785943626.6338472,257.0,True,aggressive,adaptive,0.08,-0.08,0.0,0.08,0.08,0.0,0.0802944099,-0.07740494,0.0,0.031794347,-0.1582803,0.20217997,-0.00031802006,0.023178397,0.021637158,"[5.641563147869974, -0.6214927999876548, 0.0, 0.0, 0.0, 0.0, 2.466558711627113, 0.16508398834926322]","[-0.0005821176790465137, 0.40358084639769587, 0.0]","{""Controller Type"": ""MPC Controller"", ""weight_comfort"": 550.3765451680226, ""weight_trajectory"": 2697.7407289918647, ""weight_goal"": 1000.0, ""Q"": [[2697.7407289918647, 0.0, 0.0, 0.0], [0.0, 0.0, 0.0, 0.0], [0.0, 0.0, 2697.7407289918647, 0.0], [0.0, 0.0, 0.0, 0.0]], ""R"": [[550.3765451680226, 0.0], [0.0, 550.3765451680226]], ""P"": [[1000.0, 0.0, 0.0, 0.0], [0.0, 100000.0, 0.0, 0.0], [0.0, 0.0, 1000.0, 0.0], [0.0, 0.0, 0.0, 100000.0]]}","[2.190211510564153e-05, 0.01593706715421798, 0.0]",False
3,P12,8fb3067a-529c-46ff-91ee-9777d757f3f3,31,1,haply,mpc,seeded_random,2826394735,persist_session,10.0,61.61978281021117,16284.801160057,0,1785943626.6439953,258.0,True,aggressive,adaptive,0.08,-0.08,0.0,0.08,0.08,0.0,0.0802785189,-0.07618448,0.0,0.031789962,-0.15774983,0.20287317,-0.00041892708,0.02978428,0.027100634,"[5.641561508226187, -0.6214901527306588, 0.0, 0.0, 0.0, 0.0, 2.4046087948392887, 0.163105990479566]","[-0.00045261346425991126, 0.3917480543446391, 0.0]","{""Controller Type"": ""MPC Controller"", ""weight_comfort"": 556.0914532162067, ""weight_trajectory"": 2663.4512807027604, ""weight_goal"": 1000.0, ""Q"": [[2663.4512807027604, 0.0, 0.0, 0.0], [0.0, 0.0, 0.0, 0.0], [0.0, 0.0, 2663.4512807027604, 0.0], [0.0, 0.0, 0.0, 0.0]], ""R"": [[556.0914532162067, 0.0], [0.0, 556.0914532162067]], ""P"": [[1000.0, 0.0, 0.0, 0.0], [0.0, 100000.0, 0.0, 0.0], [0.0, 0.0, 1000.0, 0.0], [0.0, 0.0, 0.0, 100000.0]]}","[1.573233565012899e-05, 0.019336937794175797, 0.0]",False
3,P12,8fb3067a-529c-46ff-91ee-9777d757f3f3,31,1,haply,mpc,seeded_random,2826394735,persist_session,10.0,61.62981427192687,16284.811196019,0,1785943626.6538627,259.0,True,aggressive,adaptive,0.08,-0.08,0.0,0.08,0.08,0.0,0.0802653639,-0.07479808,0.0,0.03178453,-0.1570969,0.20372415,-0.0005076411,0.0367585,0.03408872,"[5.641573466184257, -0.6215153731588898, 0.0, 0.0, 0.0, 0.0, 2.8903662540572426, 0.3289458582552855]","[-0.0005980434398221443, 0.49099118478921877, 0.0]","{""Controller Type"": ""MPC Controller"", ""weight_comfort"": 556.0914532162067, ""weight_trajectory"": 2663.4512807027604, ""weight_goal"": 1000.0, ""Q"": [[2663.4512807027604, 0.0, 0.0, 0.0], [0.0, 0.0, 0.0, 0.0], [0.0, 0.0, 2663.4512807027604, 0.0], [0.0, 0.0, 0.0, 0.0]], ""R"": [[556.0914532162067, 0.0], [0.0, 556.0914532162067]], ""P"": [[1000.0, 0.0, 0.0, 0.0], [0.0, 100000.0, 0.0, 0.0], [0.0, 0.0, 1000.0, 0.0], [0.0, 0.0, 0.0, 100000.0]]}","[1.1019579980177915e-05, 0.02544579676629593, 0.0]",False
3,P12,8fb3067a-529c-46ff-91ee-9777d757f3f3,31,1,haply,mpc,seeded_random,2826394735,persist_session,10.0,61.63984168052672,16284.821221942,0,1785943626.663997,260.0,True,aggressive,adaptive,0.08,-0.08,0.0,0.08,0.08,0.0,0.0802490679,-0.07309612,0.0,0.031780843,-0.15648532,0.20461722,-0.00054404634,0.042482324,0.042316187,"[5.641578095687138, -0.621528661356527, 0.0, 0.0, 0.0, 0.0, 3.083919732889049, 0.436860965433176]","[-0.0006684653623769786, 0.5387649756896794, 0.0]","{""Controller Type"": ""MPC Controller"", ""weight_comfort"": 556.0914532162067, ""weight_trajectory"": 2663.4512807027604, ""weight_goal"": 1000.0, ""Q"": [[2663.4512807027604, 0.0, 0.0, 0.0], [0.0, 0.0, 0.0, 0.0], [0.0, 0.0, 2663.4512807027604, 0.0], [0.0, 0.0, 0.0, 0.0]], ""R"": [[556.0914532162067, 0.0], [0.0, 556.0914532162067]], ""P"": [[1000.0, 0.0, 0.0, 0.0], [0.0, 100000.0, 0.0, 0.0], [0.0, 0.0, 1000.0, 0.0], [0.0, 0.0, 0.0, 100000.0]]}","[1.1019579980177915e-05, 0.02544579676629593, 0.0]",False
3,P12,8fb3067a-529c-46ff-91ee-9777d757f3f3,31,1,haply,mpc,seeded_random,2826394735,persist_session,10.0,61.64979899406432,16284.831177082,0,1785943626.674008,261.0,True,aggressive,adaptive,0.08,-0.08,0.0,0.08,0.08,0.0,0.0802380069,-0.07130998,0.0,0.031775955,-0.15581343,0.20554094,-0.0005603026,0.047613446,0.05081306,"[5.641566683044018, -0.6215096729770854, 0.0, 0.0, 0.0, 0.0, 3.30759063821718, 0.6475919993344295]","[-0.0004057349387068538, 0.6151371123888547, 0.0]","{""Controller Type"": ""MPC Controller"", ""weight_comfort"": 559.0908959535832, ""weight_trajectory"": 2645.454624278501, ""weight_goal"": 1000.0, ""Q"": [[2645.454624278501, 0.0, 0.0, 0.0], [0.0, 0.0, 0.0, 0.0], [0.0, 0.0, 2645.454624278501, 0.0], [0.0, 0.0, 0.0, 0.0]], ""R"": [[559.0908959535832, 0.0], [0.0, 559.0908959535832]], ""P"": [[1000.0, 0.0, 0.0, 0.0], [0.0, 100000.0, 0.0, 0.0], [0.0, 0.0, 1000.0, 0.0], [0.0, 0.0, 0.0, 100000.0]]}","[1.0030892382920123e-05, 0.05134269382376285, 0.0]",False
3,P12,8fb3067a-529c-46ff-91ee-9777d757f3f3,31,1,haply,mpc,seeded_random,2826394735,persist_session,10.0,61.65984642982482,16284.841225039,0,1785943626.6838925,262.0,True,aggressive,adaptive,0.08,-0.08,0.0,0.08,0.08,0.0,0.0802233429,-0.06946254,0.0,0.031770777,-0.1550698,0.20657909,-0.00056589744,0.052509718,0.059600018,"[5.6415721981723825, -0.6215321953197434, 0.0, 0.0, 0.0, 0.0, 3.3472175905666597, 0.6933766380369613]","[-0.0006560251963224858, 0.6301756960439441, 0.0]","{""Controller Type"": ""MPC Controller"", ""weight_comfort"": 559.0908959535832, ""weight_trajectory"": 2645.454624278501, ""weight_goal"": 1000.0, ""Q"": [[2645.454624278501, 0.0, 0.0, 0.0], [0.0, 0.0, 0.0, 0.0], [0.0, 0.0, 2645.454624278501, 0.0], [0.0, 0.0, 0.0, 0.0]], ""R"": [[559.0908959535832, 0.0], [0.0, 559.0908959535832]], ""P"": [[1000.0, 0.0, 0.0, 0.0], [0.0, 100000.0, 0.0, 0.0], [0.0, 0.0, 1000.0, 0.0], [0.0, 0.0, 0.0, 100000.0]]}","[0.00011447411828596603, 0.0762991244666339, 0.0]",False
3,P12,8fb3067a-529c-46ff-91ee-9777d757f3f3,31,1,haply,mpc,seeded_random,2826394735,persist_session,10.0,61.66987097740172,16284.851256604,0,1785943626.6941228,263.0,True,aggressive,adaptive,0.08,-0.08,0.0,0.08,0.08,0.0,0.0802078089,-0.06738624,0.0,0.031766225,-0.1543085,0.20769314,-0.00056431635,0.05728388,0.06864954,"[5.641556521131036, -0.6215070724456612, 0.0, 0.0, 0.0, 0.0, 3.3660319271871906, 0.7192680885450856]","[-0.0003379609095339678, 0.6375307871181475, 0.0]","{""Controller Type"": ""MPC Controller"", ""weight_comfort"": 559.5122623964422, ""weight_trajectory"": 2642.9264256213464, ""weight_goal"": 1000.0, ""Q"": [[2642.9264256213464, 0.0, 0.0, 0.0], [0.0, 0.0, 0.0, 0.0], [0.0, 0.0, 2642.9264256213464, 0.0], [0.0, 0.0, 0.0, 0.0]], ""R"": [[559.5122623964422, 0.0], [0.0, 559.5122623964422]], ""P"": [[1000.0, 0.0, 0.0, 0.0], [0.0, 100000.0, 0.0, 0.0], [0.0, 0.0, 1000.0, 0.0], [0.0, 0.0, 0.0, 100000.0]]}","[0.0002236819174028807, 0.11572260650705585, 0.0]",False
3,P12,8fb3067a-529c-46ff-91ee-9777d757f3f3,31,1,haply,mpc,seeded_random,2826394735,persist_session,10.0,61.679818515777576,16284.861199133,0,1785943626.7039838,264.0,True,aggressive,adaptive,0.08,-0.08,0.0,0.08,0.08,0.0,0.0801941529,-0.06515814,0.0,0.031761326,-0.1535399,0.20879729,-0.00056919735,0.061899833,0.07696037,"[5.641554992302316, -0.6215048708080287, 0.0, 0.0, 0.0, 0.0, 3.4286384138079153, 0.8368725918208936]","[-0.00022865361708800048, 0.6751823284854852, 0.0]","{""Controller Type"": ""MPC Controller"", ""weight_comfort"": 559.5122623964422, ""weight_trajectory"": 2642.9264256213464, ""weight_goal"": 1000.0, ""Q"": [[2642.9264256213464, 0.0, 0.0, 0.0], [0.0, 0.0, 0.0, 0.0], [0.0, 0.0, 2642.9264256213464, 0.0], [0.0, 0.0, 0.0, 0.0]], ""R"": [[559.5122623964422, 0.0], [0.0, 559.5122623964422]], ""P"": [[1000.0, 0.0, 0.0, 0.0], [0.0, 100000.0, 0.0, 0.0], [0.0, 0.0, 1000.0, 0.0], [0.0, 0.0, 0.0, 100000.0]]}","[0.00032817348628276017, 0.17420826740379977, 0.0]",False
3,P12,8fb3067a-529c-46ff-91ee-9777d757f3f3,31,1,haply,mpc,seeded_random,2826394735,persist_session,10.0,61.6898440170288,16284.871225544,0,1785943626.714174,265.0,True,aggressive,adaptive,0.08,-0.08,0.0,0.08,0.08,0.0,0.0801794559,-0.06294984,0.0,0.03175593,-0.15269496,0.21001033,-0.0005664939,0.065588064,0.084052995,"[5.641560863062909, -0.6215135361089905, 0.0, 0.0, 0.0, 0.0, 3.509151153926295, 1.0780398296995612]","[-0.0002346220897275497, 0.7529659116864544, 0.0]","{""Controller Type"": ""MPC Controller"", ""weight_comfort"": 559.5122623964422, ""weight_trajectory"": 2642.9264256213464, ""weight_goal"": 1000.0, ""Q"": [[2642.9264256213464, 0.0, 0.0, 0.0], [0.0, 0.0, 0.0, 0.0], [0.0, 0.0, 2642.9264256213464, 0.0], [0.0, 0.0, 0.0, 0.0]], ""R"": [[559.5122623964422, 0.0], [0.0, 559.5122623964422]], ""P"": [[1000.0, 0.0, 0.0, 0.0], [0.0, 100000.0, 0.0, 0.0], [0.0, 0.0, 1000.0, 0.0], [0.0, 0.0, 0.0, 100000.0]]}","[0.0006549342329046899, 0.2853731649621336, 0.0]",False
3,P12,8fb3067a-529c-46ff-91ee-9777d757f3f3,31,1,haply,mpc,seeded_random,2826394735,persist_session,10.0,61.699785118103016,16284.881151547,0,1785943626.723993,266.0,True,aggressive,adaptive,0.08,-0.08,0.0,0.08,0.08,0.0,0.0801632679,-0.06052376,0.0,0.031749252,-0.1518543,0.21112767,-0.00058219046,0.06938461,0.09008871,"[5.6415580629622895, -0.6215098314252359, 0.0, 0.0, 0.0, 0.0, 3.427196977583824, 0.8588145870045697]","[-0.0001160313651974393, 0.6760285457377719, 0.0]","{""Controller Type"": ""MPC Controller"", ""weight_comfort"": 559.1337162935171, ""weight_trajectory"": 2645.197702238898, ""weight_goal"": 1000.0, ""Q"": [[2645.197702238898, 0.0, 0.0, 0.0], [0.0, 0.0, 0.0, 0.0], [0.0, 0.0, 2645.197702238898, 0.0], [0.0, 0.0, 0.0, 0.0]], ""R"": [[559.1337162935171, 0.0], [0.0, 559.1337162935171]], ""P"": [[1000.0, 0.0, 0.0, 0.0], [0.0, 100000.0, 0.0, 0.0], [0.0, 0.0, 1000.0, 0.0], [0.0, 0.0, 0.0, 100000.0]]}","[0.0015360518540432975, 0.4082389773197639, 0.0]",False
3,P12,8fb3067a-529c-46ff-91ee-9777d757f3f3,31,1,haply,mpc,seeded_random,2826394735,persist_session,10.0,61.71003783226012,16284.891399117,0,1785943626.733836,267.0,True,aggressive,adaptive,0.08,-0.08,0.0,0.08,0.08,0.0,0.0801432339,-0.05828908,0.0,0.031744972,-0.15103605,0.212367,-0.00058883295,0.07272215,0.09588469,"[5.641543333517508, -0.6214929870699711, 0.0, 0.0, 0.0, 0.0, 3.4919131922872317, 1.2402787568827416]","[0.00010353229843977488, 0.7971440735076636, 0.0]","{""Controller Type"": ""MPC Controller"", ""weight_comfort"": 559.1337162935171, ""weight_trajectory"": 2645.197702238898, ""weight_goal"": 1000.0, ""Q"": [[2645.197702238898, 0.0, 0.0, 0.0], [0.0, 0.0, 0.0, 0.0], [0.0, 0.0, 2645.197702238898, 0.0], [0.0, 0.0, 0.0, 0.0]], ""R"": [[559.1337162935171, 0.0], [0.0, 559.1337162935171]], ""P"": [[1000.0, 0.0, 0.0, 0.0], [0.0, 100000.0, 0.0, 0.0], [0.0, 0.0, 1000.0, 0.0], [0.0, 0.0, 0.0, 100000.0]]}","[0.0035099093356990405, 0.6503353764542469, 0.0]",False
3,P12,8fb3067a-529c-46ff-91ee-9777d757f3f3,31,1,haply,mpc,seeded_random,2826394735,persist_session,10.0,61.71990955352782,16284.901292419,0,1785943626.7439458,268.0,True,aggressive,adaptive,0.08,-0.08,0.0,0.08,0.08,0.0,0.0801303939,-0.05581042,0.0,0.03174027,-0.15020868,0.21359459,-0.0005961728,0.07559673,0.100765884,"[5.64150260597545, -0.6214521890316768, 0.0, 0.0, 0.0, 0.0, 3.393188154635542, 0.8606337888379055]","[0.00045683781573931494, 0.6646351590012303, 0.0]","{""Controller Type"": ""MPC Controller"", ""weight_comfort"": 559.1337162935171, ""weight_trajectory"": 2645.197702238898, ""weight_goal"": 1000.0, ""Q"": [[2645.197702238898, 0.0, 0.0, 0.0], [0.0, 0.0, 0.0, 0.0], [0.0, 0.0, 2645.197702238898, 0.0], [0.0, 0.0, 0.0, 0.0]], ""R"": [[559.1337162935171, 0.0], [0.0, 559.1337162935171]], ""P"": [[1000.0, 0.0, 0.0, 0.0], [0.0, 100000.0, 0.0, 0.0], [0.0, 0.0, 1000.0, 0.0], [0.0, 0.0, 0.0, 100000.0]]}","[0.0025893454265000383, 0.8649592001940286, 0.0]",False
3,P12,8fb3067a-529c-46ff-91ee-9777d757f3f3,31,1,haply,mpc,seeded_random,2826394735,persist_session,10.0,61.72982585906981,16284.911202847,0,1785943626.75374,269.0,True,aggressive,adaptive,0.08,-0.08,0.0,0.08,0.08,0.0,0.0801162879,-0.05335524,0.0,0.03173483,-0.14929953,0.21492492,-0.00061055017,0.078398176,0.10502828,"[5.641542351596501, -0.6214985129597425, 0.0, 0.0, 0.0, 0.0, 3.415582901448875, 1.0277041190705836]","[5.370654021425467e-05, 0.7158355395176164, 0.0]","{""Controller Type"": ""MPC Controller"", ""weight_comfort"": 558.0332236056583, ""weight_trajectory"": 2651.80065836605, ""weight_goal"": 1000.0, ""Q"": [[2651.80065836605, 0.0, 0.0, 0.0], [0.0, 0.0, 0.0, 0.0], [0.0, 0.0, 2651.80065836605, 0.0], [0.0, 0.0, 0.0, 0.0]], ""R"": [[558.0332236056583, 0.0], [0.0, 558.0332236056583]], ""P"": [[1000.0, 0.0, 0.0, 0.0], [0.0, 100000.0, 0.0, 0.0], [0.0, 0.0, 1000.0, 0.0], [0.0, 0.0, 0.0, 100000.0]]}","[0.004667521210857529, 1.101980156871423, 0.0]",False
3,P12,8fb3067a-529c-46ff-91ee-9777d757f3f3,31,1,haply,mpc,seeded_random,2826394735,persist_session,10.0,61.739874486923206,16284.921252673,0,1785943626.7639282,270.0,True,aggressive,adaptive,0.08,-0.08,0.0,0.08,0.08,0.0,0.0800999678999999,-0.05069458,0.0,0.03172813,-0.14839548,0.21615925,-0.0006316594,0.08119262,0.10881664,"[5.641530289852516, -0.6214858778377376, 0.0, 0.0, 0.0, 0.0, 3.4136420583841627, 1.0050804723127278]","[0.0002390439792323883, 0.7071766381672275, 0.0]","{""Controller Type"": ""MPC Controller"", ""weight_comfort"": 558.0332236056583, ""weight_trajectory"": 2651.80065836605, ""weight_goal"": 1000.0, ""Q"": [[2651.80065836605, 0.0, 0.0, 0.0], [0.0, 0.0, 0.0, 0.0], [0.0, 0.0, 2651.80065836605, 0.0], [0.0, 0.0, 0.0, 0.0]], ""R"": [[558.0332236056583, 0.0], [0.0, 558.0332236056583]], ""P"": [[1000.0, 0.0, 0.0, 0.0], [0.0, 100000.0, 0.0, 0.0], [0.0, 0.0, 1000.0, 0.0], [0.0, 0.0, 0.0, 100000.0]]}","[0.007361956761604504, 1.2678105792087713, 0.0]",False
3,P12,8fb3067a-529c-46ff-91ee-9777d757f3f3,31,1,haply,mpc,seeded_random,2826394735,persist_session,10.0,61.74998438835143,16284.931350659,0,1785943626.7744155,271.0,True,aggressive,adaptive,0.08,-0.08,0.0,0.08,0.08,0.0,0.0800798678999999,-0.04822592,0.0,0.03172287,-0.14752412,0.21743104,-0.00065015553,0.08364461,0.11214256,"[5.641516527102273, -0.6214725283288183, 0.0, 0.0, 0.0, 0.0, 3.4145100120057434, 1.0545739267742669]","[0.0004315466563669649, 0.7216637601040685, 0.0]","{""Controller Type"": ""MPC Controller"", ""weight_comfort"": 558.0332236056583, ""weight_trajectory"": 2651.80065836605, ""weight_goal"": 1000.0, ""Q"": [[2651.80065836605, 0.0, 0.0, 0.0], [0.0, 0.0, 0.0, 0.0], [0.0, 0.0, 2651.80065836605, 0.0], [0.0, 0.0, 0.0, 0.0]], ""R"": [[558.0332236056583, 0.0], [0.0, 558.0332236056583]], ""P"": [[1000.0, 0.0, 0.0, 0.0], [0.0, 100000.0, 0.0, 0.0], [0.0, 0.0, 1000.0, 0.0], [0.0, 0.0, 0.0, 100000.0]]}","[0.011383562964220105, 1.5814421180884743, 0.0]",False
3,P12,8fb3067a-529c-46ff-91ee-9777d757f3f3,31,1,haply,mpc,seeded_random,2826394735,persist_session,10.0,61.75979769706725,16284.941175171,0,1785943626.7840326,272.0,True,aggressive,adaptive,0.08,-0.08,0.0,0.08,0.08,0.0,0.0800640879,-0.04568234,0.0,0.031715993,-0.14658463,0.21871997,-0.00066564424,0.08556558,0.11467986,"[5.641482005569851, -0.6214415055052476, 0.0, 0.0, 0.0, 0.0, 3.366338874296198, 0.6499410236512373]","[0.0007404547621079794, 0.5846411502065821, 0.0]","{""Controller Type"": ""MPC Controller"", ""weight_comfort"": 559.9303614240565, ""weight_trajectory"": 2640.417831455661, ""weight_goal"": 1000.0, ""Q"": [[2640.417831455661, 0.0, 0.0, 0.0], [0.0, 0.0, 0.0, 0.0], [0.0, 0.0, 2640.417831455661, 0.0], [0.0, 0.0, 0.0, 0.0]], ""R"": [[559.9303614240565, 0.0], [0.0, 559.9303614240565]], ""P"": [[1000.0, 0.0, 0.0, 0.0], [0.0, 100000.0, 0.0, 0.0], [0.0, 0.0, 1000.0, 0.0], [0.0, 0.0, 0.0, 100000.0]]}","[0.010789426143963218, 1.4249162103398305, 0.0]",False
3,P12,8fb3067a-529c-46ff-91ee-9777d757f3f3,31,1,haply,mpc,seeded_random,2826394735,persist_session,10.0,61.769816284179676,16284.951191648,0,1785943626.7942116,273.0,True,aggressive,adaptive,0.08,-0.08,0.0,0.08,0.08,0.0,0.0800434568999999,-0.04310448,0.0,0.03171119,-0.14565806,0.22012645,-0.000669512,0.08709606,0.11728138,"[5.641509293930835, -0.6214658098145343, 0.0, 0.0, 0.0, 0.0, 3.3513662790853385, 1.0155830984788525]","[0.0006581918856816258, 0.6898211221685052, 0.0]","{""Controller Type"": ""MPC Controller"", ""weight_comfort"": 559.9303614240565, ""weight_trajectory"": 2640.417831455661, ""weight_goal"": 1000.0, ""Q"": [[2640.417831455661, 0.0, 0.0, 0.0], [0.0, 0.0, 0.0, 0.0], [0.0, 0.0, 2640.417831455661, 0.0], [0.0, 0.0, 0.0, 0.0]], ""R"": [[559.9303614240565, 0.0], [0.0, 559.9303614240565]], ""P"": [[1000.0, 0.0, 0.0, 0.0], [0.0, 100000.0, 0.0, 0.0], [0.0, 0.0, 1000.0, 0.0], [0.0, 0.0, 0.0, 100000.0]]}","[0.015309194559347995, 1.5134194724255878, 0.0]",False
3,P12,8fb3067a-529c-46ff-91ee-9777d757f3f3,31,1,haply,mpc,seeded_random,2826394735,persist_session,10.0,61.78019869804381,16284.961558461,0,1785943626.8040116,274.0,True,aggressive,adaptive,0.08,-0.08,0.0,0.08,0.08,0.0,0.0800290479,-0.04029152,0.0,0.03170755,-0.14485537,0.22138052,-0.00067425665,0.08824544,0.11910913,"[5.6414584956660665, -0.6214230635403907, 0.0, 0.0, 0.0, 0.0, 3.3553861998564947, 0.7716976152460434]","[0.0010143470504317311, 0.6084968140452984, 0.0]","{""Controller Type"": ""MPC Controller"", ""weight_comfort"": 559.9303614240565, ""weight_trajectory"": 2640.417831455661, ""weight_goal"": 1000.0, ""Q"": [[2640.417831455661, 0.0, 0.0, 0.0], [0.0, 0.0, 0.0, 0.0], [0.0, 0.0, 2640.417831455661, 0.0], [0.0, 0.0, 0.0, 0.0]], ""R"": [[559.9303614240565, 0.0], [0.0, 559.9303614240565]], ""P"": [[1000.0, 0.0, 0.0, 0.0], [0.0, 100000.0, 0.0, 0.0], [0.0, 0.0, 1000.0, 0.0], [0.0, 0.0, 0.0, 100000.0]]}","[0.015309194559347995, 1.5134194724255878, 0.0]",False
3,P12,8fb3067a-529c-46ff-91ee-9777d757f3f3,31,1,haply,mpc,seeded_random,2826394735,persist_session,10.0,61.789926414489734,16284.97131028,0,1785943626.814042,275.0,True,aggressive,adaptive,0.08,-0.08,0.0,0.08,0.08,0.0,0.0800181279,-0.03778338,0.0,0.031702917,-0.14396493,0.22273092,-0.00066863646,0.0889928,0.12089358,"[5.641511982125023, -0.6214678414674827, 0.0, 0.0, 0.0, 0.0, 3.281522378493426, 1.2259679823968082]","[0.0007498778799511903, 0.7466386954889563, 0.0]","{""Controller Type"": ""MPC Controller"", ""weight_comfort"": 555.8381427614526, ""weight_trajectory"": 2664.9711434312844, ""weight_goal"": 1000.0, ""Q"": [[2664.9711434312844, 0.0, 0.0, 0.0], [0.0, 0.0, 0.0, 0.0], [0.0, 0.0, 2664.9711434312844, 0.0], [0.0, 0.0, 0.0, 0.0]], ""R"": [[555.8381427614526, 0.0], [0.0, 555.8381427614526]], ""P"": [[1000.0, 0.0, 0.0, 0.0], [0.0, 100000.0, 0.0, 0.0], [0.0, 0.0, 1000.0, 0.0], [0.0, 0.0, 0.0, 100000.0]]}","[0.008798686190074597, 1.4469942382930137, 0.0]",False
3,P12,8fb3067a-529c-46ff-91ee-9777d757f3f3,31,1,haply,mpc,seeded_random,2826394735,persist_session,10.0,61.799821739196766,16284.981197824,0,1785943626.824078,276.0,True,aggressive,adaptive,0.08,-0.08,0.0,0.08,0.08,0.0,0.0800042288999999,-0.03508258,0.0,0.031698387,-0.14304335,0.22414687,-0.00064549485,0.089248694,0.12295719,"[5.6415388485176905, -0.6214901245521176, 0.0, 0.0, 0.0, 0.0, 3.3073309580998456, 0.6652672812666272]","[0.0005743498633780913, 0.5559034172079991, 0.0]","{""Controller Type"": ""MPC Controller"", ""weight_comfort"": 555.8381427614526, ""weight_trajectory"": 2664.9711434312844, ""weight_goal"": 1000.0, ""Q"": [[2664.9711434312844, 0.0, 0.0, 0.0], [0.0, 0.0, 0.0, 0.0], [0.0, 0.0, 2664.9711434312844, 0.0], [0.0, 0.0, 0.0, 0.0]], ""R"": [[555.8381427614526, 0.0], [0.0, 555.8381427614526]], ""P"": [[1000.0, 0.0, 0.0, 0.0], [0.0, 100000.0, 0.0, 0.0], [0.0, 0.0, 1000.0, 0.0], [0.0, 0.0, 0.0, 100000.0]]}","[0.01203660133943704, 1.2163872234440223, 0.0]",False
3,P12,8fb3067a-529c-46ff-91ee-9777d757f3f3,31,1,haply,mpc,seeded_random,2826394735,persist_session,10.0,61.80986130714415,16284.991236337,0,1785943626.834055,277.0,True,aggressive,adaptive,0.08,-0.08,0.0,0.08,0.08,0.0,0.0799906389,-0.03225068,0.0,0.03169395,-0.14218919,0.22544277,-0.0006365788,0.08977391,0.12455125,"[5.64150953333471, -0.6214667415927247, 0.0, 0.0, 0.0, 0.0, 3.279699215189035, 0.8528092184053366]","[0.0008368010713949685, 0.6069314977195608, 0.0]","{""Controller Type"": ""MPC Controller"", ""weight_comfort"": 555.8381427614526, ""weight_trajectory"": 2664.9711434312844, ""weight_goal"": 1000.0, ""Q"": [[2664.9711434312844, 0.0, 0.0, 0.0], [0.0, 0.0, 0.0, 0.0], [0.0, 0.0, 2664.9711434312844, 0.0], [0.0, 0.0, 0.0, 0.0]], ""R"": [[555.8381427614526, 0.0], [0.0, 555.8381427614526]], ""P"": [[1000.0, 0.0, 0.0, 0.0], [0.0, 100000.0, 0.0, 0.0], [0.0, 0.0, 1000.0, 0.0], [0.0, 0.0, 0.0, 100000.0]]}","[0.012414621450976564, 1.0028143067458837, 0.0]",False
3,P12,8fb3067a-529c-46ff-91ee-9777d757f3f3,31,1,haply,mpc,seeded_random,2826394735,persist_session,10.0,61.81977332115172,16285.001156613,0,1785943626.8439913,278.0,True,aggressive,adaptive,0.08,-0.08,0.0,0.08,0.08,0.0,0.0799773278999999,-0.02965888,0.0,0.03168779,-0.14126481,0.22675216,-0.0006323754,0.09031431,0.12585112,"[5.641510897452098, -0.6214678009249563, 0.0, 0.0, 0.0, 0.0, 3.2516793062024316, 0.9810193363972102]","[0.0008993440403043779, 0.6434623260089689, 0.0]","{""Controller Type"": ""MPC Controller"", ""weight_comfort"": 557.084003703476, ""weight_trajectory"": 2657.495977779144, ""weight_goal"": 1000.0, ""Q"": [[2657.495977779144, 0.0, 0.0, 0.0], [0.0, 0.0, 0.0, 0.0], [0.0, 0.0, 2657.495977779144, 0.0], [0.0, 0.0, 0.0, 0.0]], ""R"": [[557.084003703476, 0.0], [0.0, 557.084003703476]], ""P"": [[1000.0, 0.0, 0.0, 0.0], [0.0, 100000.0, 0.0, 0.0], [0.0, 0.0, 1000.0, 0.0], [0.0, 0.0, 0.0, 100000.0]]}","[0.012756352609434281, 1.1276681502327588, 0.0]",False
3,P12,8fb3067a-529c-46ff-91ee-9777d757f3f3,31,1,haply,mpc,seeded_random,2826394735,persist_session,10.0,61.82980478286742,16285.011179927,0,1785943626.8539088,279.0,True,aggressive,adaptive,0.08,-0.08,0.0,0.08,0.08,0.0,0.0799588478999999,-0.0270401,0.0,0.03168294,-0.1403677,0.22810018,-0.00063677743,0.09086223,0.12657595,"[5.641512219091662, -0.6214688011742572, 0.0, 0.0, 0.0, 0.0, 3.312152229492727, 0.606819961892187]","[0.0009604425927247856, 0.5214902488782849, 0.0]","{""Controller Type"": ""MPC Controller"", ""weight_comfort"": 557.084003703476, ""weight_trajectory"": 2657.495977779144, ""weight_goal"": 1000.0, ""Q"": [[2657.495977779144, 0.0, 0.0, 0.0], [0.0, 0.0, 0.0, 0.0], [0.0, 0.0, 2657.495977779144, 0.0], [0.0, 0.0, 0.0, 0.0]], ""R"": [[557.084003703476, 0.0], [0.0, 557.084003703476]], ""P"": [[1000.0, 0.0, 0.0, 0.0], [0.0, 100000.0, 0.0, 0.0], [0.0, 0.0, 1000.0, 0.0], [0.0, 0.0, 0.0, 100000.0]]}","[0.018144355155210068, 1.0171952791179282, 0.0]",False
3,P12,8fb3067a-529c-46ff-91ee-9777d757f3f3,31,1,haply,mpc,seeded_random,2826394735,persist_session,10.0,61.83977544784545,16285.021160835,0,1785943626.8642318,280.0,True,aggressive,adaptive,0.08,-0.08,0.0,0.08,0.08,0.0,0.0799442978999999,-0.02434406,0.0,0.031678084,-0.13943645,0.22951198,-0.00063577114,0.091209166,0.1272946,"[5.64143439110712, -0.6214106440000915, 0.0, 0.0, 0.0, 0.0, 3.3169625745133815, 0.5824566322169099]","[0.0013900768560463493, 0.5088494821606789, 0.0]","{""Controller Type"": ""MPC Controller"", ""weight_comfort"": 557.084003703476, ""weight_trajectory"": 2657.495977779144, ""weight_goal"": 1000.0, ""Q"": [[2657.495977779144, 0.0, 0.0, 0.0], [0.0, 0.0, 0.0, 0.0], [0.0, 0.0, 2657.495977779144, 0.0], [0.0, 0.0, 0.0, 0.0]], ""R"": [[557.084003703476, 0.0], [0.0, 557.084003703476]], ""P"": [[1000.0, 0.0, 0.0, 0.0], [0.0, 100000.0, 0.0, 0.0], [0.0, 0.0, 1000.0, 0.0], [0.0, 0.0, 0.0, 100000.0]]}","[0.014675421453179682, 0.9581634572966901, 0.0]",False
3,P12,8fb3067a-529c-46ff-91ee-9777d757f3f3,31,1,haply,mpc,seeded_random,2826394735,persist_session,10.0,61.84977448463439,16285.031155287,0,1785943626.874253,281.0,True,aggressive,adaptive,0.08,-0.08,0.0,0.08,0.08,0.0,0.0799297299,-0.02152046,0.0,0.03167478,-0.13863602,0.23078477,-0.00063491776,0.0914772,0.12785502,"[5.641483875264102, -0.6214461454727546, 0.0, 0.0, 0.0, 0.0, 3.3373268633600413, 0.48613876601638983]","[0.0011901506351857131, 0.47519366665590274, 0.0]","{""Controller Type"": ""MPC Controller"", ""weight_comfort"": 560.6955710707462, ""weight_trajectory"": 2635.826573575523, ""weight_goal"": 1000.0, ""Q"": [[2635.826573575523, 0.0, 0.0, 0.0], [0.0, 0.0, 0.0, 0.0], [0.0, 0.0, 2635.826573575523, 0.0], [0.0, 0.0, 0.0, 0.0]], ""R"": [[560.6955710707462, 0.0], [0.0, 560.6955710707462]], ""P"": [[1000.0, 0.0, 0.0, 0.0], [0.0, 100000.0, 0.0, 0.0], [0.0, 0.0, 1000.0, 0.0], [0.0, 0.0, 0.0, 100000.0]]}","[0.01563219225378945, 0.6865136129471058, 0.0]",False
3,P12,8fb3067a-529c-46ff-91ee-9777d757f3f3,31,1,haply,mpc,seeded_random,2826394735,persist_session,10.0,61.8597282218933,16285.041105999,0,1785943626.8844097,282.0,True,aggressive,adaptive,0.08,-0.08,0.0,0.08,0.08,0.0,0.0799198179,-0.01897488,0.0,0.03166886,-0.1376805,0.23216929,-0.00063328893,0.09166843,0.12832467,"[5.641476842491118, -0.6214411967072335, 0.0, 0.0, 0.0, 0.0, 3.2724088136079676, 0.7004753126257642]","[0.0012998265925817977, 0.5295840462523026, 0.0]","{""Controller Type"": ""MPC Controller"", ""weight_comfort"": 560.6955710707462, ""weight_trajectory"": 2635.826573575523, ""weight_goal"": 1000.0, ""Q"": [[2635.826573575523, 0.0, 0.0, 0.0], [0.0, 0.0, 0.0, 0.0], [0.0, 0.0, 2635.826573575523, 0.0], [0.0, 0.0, 0.0, 0.0]], ""R"": [[560.6955710707462, 0.0], [0.0, 560.6955710707462]], ""P"": [[1000.0, 0.0, 0.0, 0.0], [0.0, 100000.0, 0.0, 0.0], [0.0, 0.0, 1000.0, 0.0], [0.0, 0.0, 0.0, 100000.0]]}","[0.011736294871323761, 0.8770469429027361, 0.0]",False
3,P12,8fb3067a-529c-46ff-91ee-9777d757f3f3,31,1,haply,mpc,seeded_random,2826394735,persist_session,10.0,61.86986291885375,16285.051238755,0,1785943626.89385,283.0,True,aggressive,adaptive,0.08,-0.08,0.0,0.08,0.08,0.0,0.0799020578999999,-0.01620584,0.0,0.03166461,-0.13685821,0.23341817,-0.0006305295,0.09176797,0.1287,"[5.641519166515832, -0.6214690314377147, 0.0, 0.0, 0.0, 0.0, 3.360584361851667, 0.29927782021017835]","[0.0010588492530330068, 0.40762212514667595, 0.0]","{""Controller Type"": ""MPC Controller"", ""weight_comfort"": 560.6955710707462, ""weight_trajectory"": 2635.826573575523, ""weight_goal"": 1000.0, ""Q"": [[2635.826573575523, 0.0, 0.0, 0.0], [0.0, 0.0, 0.0, 0.0], [0.0, 0.0, 2635.826573575523, 0.0], [0.0, 0.0, 0.0, 0.0]], ""R"": [[560.6955710707462, 0.0], [0.0, 560.6955710707462]], ""P"": [[1000.0, 0.0, 0.0, 0.0], [0.0, 100000.0, 0.0, 0.0], [0.0, 0.0, 1000.0, 0.0], [0.0, 0.0, 0.0, 100000.0]]}","[0.02044388244650184, 0.4120663596333901, 0.0]",False
3,P12,8fb3067a-529c-46ff-91ee-9777d757f3f3,31,1,haply,mpc,seeded_random,2826394735,persist_session,10.0,61.879783277511585,16285.061159557,0,1785943626.9039893,284.0,True,aggressive,adaptive,0.08,-0.08,0.0,0.08,0.08,0.0,0.0798893079,-0.01370808,0.0,0.03166033,-0.13600047,0.23473147,-0.00064134673,0.092094265,0.12857054,"[5.641361460010694, -0.6213589360458316, 0.0, 0.0, 0.0, 0.0, 3.145110538797073, 0.8693625874807632]","[0.0017214718456086307, 0.5575771702154941, 0.0]","{""Controller Type"": ""MPC Controller"", ""weight_comfort"": 556.9542108498987, ""weight_trajectory"": 2658.2747349006077, ""weight_goal"": 1000.0, ""Q"": [[2658.2747349006077, 0.0, 0.0, 0.0], [0.0, 0.0, 0.0, 0.0], [0.0, 0.0, 2658.2747349006077, 0.0], [0.0, 0.0, 0.0, 0.0]], ""R"": [[556.9542108498987, 0.0], [0.0, 556.9542108498987]], ""P"": [[1000.0, 0.0, 0.0, 0.0], [0.0, 100000.0, 0.0, 0.0], [0.0, 0.0, 1000.0, 0.0], [0.0, 0.0, 0.0, 100000.0]]}","[0.01540650479701209, 0.7501619432652852, 0.0]",False
3,P12,8fb3067a-529c-46ff-91ee-9777d757f3f3,31,1,haply,mpc,seeded_random,2826394735,persist_session,10.0,61.889803295135486,16285.071184423,0,1785943626.9138472,285.0,True,aggressive,adaptive,0.08,-0.08,0.0,0.08,0.08,0.0,0.0798764679,-0.01108148,0.0,0.03165207,-0.1350616,0.23592447,-0.0006531044,0.0920776,0.12773436,"[5.641434155513986, -0.6214062327205431, 0.0, 0.0, 0.0, 0.0, 3.282643936216015, 0.3230993781793158]","[0.0014058757604991324, 0.387204563951967, 0.0]","{""Controller Type"": ""MPC Controller"", ""weight_comfort"": 556.9542108498987, ""weight_trajectory"": 2658.2747349006077, ""weight_goal"": 1000.0, ""Q"": [[2658.2747349006077, 0.0, 0.0, 0.0], [0.0, 0.0, 0.0, 0.0], [0.0, 0.0, 2658.2747349006077, 0.0], [0.0, 0.0, 0.0, 0.0]], ""R"": [[556.9542108498987, 0.0], [0.0, 556.9542108498987]], ""P"": [[1000.0, 0.0, 0.0, 0.0], [0.0, 100000.0, 0.0, 0.0], [0.0, 0.0, 1000.0, 0.0], [0.0, 0.0, 0.0, 100000.0]]}","[0.01635185039144429, 0.49478612302089303, 0.0]",False
3,P12,8fb3067a-529c-46ff-91ee-9777d757f3f3,31,1,haply,mpc,seeded_random,2826394735,persist_session,10.0,61.89994156837462,16285.081315898,0,1785943626.9239914,286.0,True,aggressive,adaptive,0.08,-0.08,0.0,0.08,0.08,0.0,0.0798516879,-0.00869548,0.0,0.031646106,-0.13423525,0.23706368,-0.0006665557,0.09192519,0.126528,"[5.64142638809358, -0.6214012403830813, 0.0, 0.0, 0.0, 0.0, 3.214722710038727, 0.518002756396873]","[0.0015062783136693958, 0.4308216666602821, 0.0]","{""Controller Type"": ""MPC Controller"", ""weight_comfort"": 556.9542108498987, ""weight_trajectory"": 2658.2747349006077, ""weight_goal"": 1000.0, ""Q"": [[2658.2747349006077, 0.0, 0.0, 0.0], [0.0, 0.0, 0.0, 0.0], [0.0, 0.0, 2658.2747349006077, 0.0], [0.0, 0.0, 0.0, 0.0]], ""R"": [[556.9542108498987, 0.0], [0.0, 556.9542108498987]], ""P"": [[1000.0, 0.0, 0.0, 0.0], [0.0, 100000.0, 0.0, 0.0], [0.0, 0.0, 1000.0, 0.0], [0.0, 0.0, 0.0, 100000.0]]}","[0.02744039580415437, 0.6973295181453003, 0.0]",False
3,P12,8fb3067a-529c-46ff-91ee-9777d757f3f3,31,1,haply,mpc,seeded_random,2826394735,persist_session,10.0,61.90975606918334,16285.091133934,0,1785943626.9339092,287.0,True,aggressive,adaptive,0.08,-0.08,0.0,0.08,0.08,0.0,0.0798337959,-0.00641706,0.0,0.031641476,-0.13343439,0.23824666,-0.0006729471,0.09141274,0.12513068,"[5.641178047380038, -0.6212309593377201, 0.0, 0.0, 0.0, 0.0, 3.3020545503678234, 0.17931540218612563]","[0.0023541774904699024, 0.33505364346269767, 0.0]","{""Controller Type"": ""MPC Controller"", ""weight_comfort"": 562.2709663139659, ""weight_trajectory"": 2626.3742021162047, ""weight_goal"": 1000.0, ""Q"": [[2626.3742021162047, 0.0, 0.0, 0.0], [0.0, 0.0, 0.0, 0.0], [0.0, 0.0, 2626.3742021162047, 0.0], [0.0, 0.0, 0.0, 0.0]], ""R"": [[562.2709663139659, 0.0], [0.0, 562.2709663139659]], ""P"": [[1000.0, 0.0, 0.0, 0.0], [0.0, 100000.0, 0.0, 0.0], [0.0, 0.0, 1000.0, 0.0], [0.0, 0.0, 0.0, 100000.0]]}","[0.022458718700871683, 0.67438489785193, 0.0]",False
3,P12,8fb3067a-529c-46ff-91ee-9777d757f3f3,31,1,haply,mpc,seeded_random,2826394735,persist_session,10.0,61.91978967666625,16285.101173162,0,1785943626.944005,288.0,True,aggressive,adaptive,0.08,-0.08,0.0,0.08,0.08,0.0,0.0798199059,-0.0040511,0.0,0.031637833,-0.13268524,0.23940021,-0.00067056407,0.09047596,0.1235394,"[5.641287843008761, -0.6213018685274141, 0.0, 0.0, 0.0, 0.0, 3.3233950660252334, 0.0973664418764531]","[0.0020584590584015934, 0.30956620510371735, 0.0]","{""Controller Type"": ""MPC Controller"", ""weight_comfort"": 562.2709663139659, ""weight_trajectory"": 2626.3742021162047, ""weight_goal"": 1000.0, ""Q"": [[2626.3742021162047, 0.0, 0.0, 0.0], [0.0, 0.0, 0.0, 0.0], [0.0, 0.0, 2626.3742021162047, 0.0], [0.0, 0.0, 0.0, 0.0]], ""R"": [[562.2709663139659, 0.0], [0.0, 562.2709663139659]], ""P"": [[1000.0, 0.0, 0.0, 0.0], [0.0, 100000.0, 0.0, 0.0], [0.0, 0.0, 1000.0, 0.0], [0.0, 0.0, 0.0, 100000.0]]}","[0.019100046439945235, 0.5521398404556909, 0.0]",False
3,P12,8fb3067a-529c-46ff-91ee-9777d757f3f3,31,1,haply,mpc,seeded_random,2826394735,persist_session,10.0,61.9297953891754,16285.11117693,0,1785943626.9538434,289.0,True,aggressive,adaptive,0.08,-0.08,0.0,0.08,0.08,0.0,0.0798089769,-0.001744,0.0,0.03163381,-0.13192712,0.24054474,-0.0006559574,0.08908274,0.12193012,"[5.6413485169211395, -0.6213386183733131, 0.0, 0.0, 0.0, 0.0, 3.3188131736392905, 0.11223028898353855]","[0.0018708205221348961, 0.3052510787298378, 0.0]","{""Controller Type"": ""MPC Controller"", ""weight_comfort"": 562.2709663139659, ""weight_trajectory"": 2626.3742021162047, ""weight_goal"": 1000.0, ""Q"": [[2626.3742021162047, 0.0, 0.0, 0.0], [0.0, 0.0, 0.0, 0.0], [0.0, 0.0, 2626.3742021162047, 0.0], [0.0, 0.0, 0.0, 0.0]], ""R"": [[562.2709663139659, 0.0], [0.0, 562.2709663139659]], ""P"": [[1000.0, 0.0, 0.0, 0.0], [0.0, 100000.0, 0.0, 0.0], [0.0, 0.0, 1000.0, 0.0], [0.0, 0.0, 0.0, 100000.0]]}","[0.017174057518822734, 0.4786965719181531, 0.0]",False
3,P12,8fb3067a-529c-46ff-91ee-9777d757f3f3,31,1,haply,mpc,seeded_random,2826394735,persist_session,10.0,61.93978274345397,16285.121167766,0,1785943626.963959,290.0,True,aggressive,adaptive,0.08,-0.08,0.0,0.08,0.08,0.0,0.0797969078999999,0.0005450599999999,0.0,0.03162913,-0.13118881,0.24160716,-0.00062852126,0.087019674,0.11994465,"[5.641382225216293, -0.6213578731383074, 0.0, 0.0, 0.0, 0.0, 3.327836338292024, 0.08531490070743342]","[0.001767874580473289, 0.29203707281705077, 0.0]","{""Controller Type"": ""MPC Controller"", ""weight_comfort"": 563.0291025832379, ""weight_trajectory"": 2621.8253845005725, ""weight_goal"": 1000.0, ""Q"": [[2621.8253845005725, 0.0, 0.0, 0.0], [0.0, 0.0, 0.0, 0.0], [0.0, 0.0, 2621.8253845005725, 0.0], [0.0, 0.0, 0.0, 0.0]], ""R"": [[563.0291025832379, 0.0], [0.0, 563.0291025832379]], ""P"": [[1000.0, 0.0, 0.0, 0.0], [0.0, 100000.0, 0.0, 0.0], [0.0, 0.0, 1000.0, 0.0], [0.0, 0.0, 0.0, 100000.0]]}","[0.018365924104878216, 0.4798529372325142, 0.0]",False
3,P12,8fb3067a-529c-46ff-91ee-9777d757f3f3,31,1,haply,mpc,seeded_random,2826394735,persist_session,10.0,61.94984543800353,16285.131225704,0,1785943626.9739945,291.0,True,aggressive,adaptive,0.08,-0.08,0.0,0.08,0.08,0.0,0.0797828679,0.0026698999999999,0.0,0.031622693,-0.13038133,0.24267855,-0.00060470717,0.08497179,0.11773963,"[5.641367856909628, -0.6213496466961824, 0.0, 0.0, 0.0, 0.0, 3.3602520552302257, -0.013396257329299763]","[0.0018870525571019997, 0.2639571922367476, 0.0]","{""Controller Type"": ""MPC Controller"", ""weight_comfort"": 563.0291025832379, ""weight_trajectory"": 2621.8253845005725, ""weight_goal"": 1000.0, ""Q"": [[2621.8253845005725, 0.0, 0.0, 0.0], [0.0, 0.0, 0.0, 0.0], [0.0, 0.0, 2621.8253845005725, 0.0], [0.0, 0.0, 0.0, 0.0]], ""R"": [[563.0291025832379, 0.0], [0.0, 563.0291025832379]], ""P"": [[1000.0, 0.0, 0.0, 0.0], [0.0, 100000.0, 0.0, 0.0], [0.0, 0.0, 1000.0, 0.0], [0.0, 0.0, 0.0, 100000.0]]}","[0.020714147366295274, 0.5413667707195514, 0.0]",False
3,P12,8fb3067a-529c-46ff-91ee-9777d757f3f3,31,1,haply,mpc,seeded_random,2826394735,persist_session,10.0,61.959991579055774,16285.141358665,0,1785943626.9839988,292.0,True,aggressive,adaptive,0.08,-0.08,0.0,0.08,0.08,0.0,0.0797635569,0.0048126799999999,0.0,0.031617098,-0.12965746,0.24365126,-0.0005866599,0.08296941,0.11522504,"[5.641331137472056, -0.6213281860380789, 0.0, 0.0, 0.0, 0.0, 3.400344621983702, -0.15231944808910558]","[0.0020941923479439574, 0.23069731637921342, 0.0]","{""Controller Type"": ""MPC Controller"", ""weight_comfort"": 563.0291025832379, ""weight_trajectory"": 2621.8253845005725, ""weight_goal"": 1000.0, ""Q"": [[2621.8253845005725, 0.0, 0.0, 0.0], [0.0, 0.0, 0.0, 0.0], [0.0, 0.0, 2621.8253845005725, 0.0], [0.0, 0.0, 0.0, 0.0]], ""R"": [[563.0291025832379, 0.0], [0.0, 563.0291025832379]], ""P"": [[1000.0, 0.0, 0.0, 0.0], [0.0, 100000.0, 0.0, 0.0], [0.0, 0.0, 1000.0, 0.0], [0.0, 0.0, 0.0, 100000.0]]}","[0.026155798649748284, 0.4528152603431308, 0.0]",False
3,P12,8fb3067a-529c-46ff-91ee-9777d757f3f3,31,1,haply,mpc,seeded_random,2826394735,persist_session,10.0,61.96984065055846,16285.151217459,0,1785943626.9938278,293.0,True,aggressive,adaptive,0.08,-0.08,0.0,0.08,0.08,0.0,0.0797467719,0.0067580999999999,0.0,0.03161266,-0.1289888,0.24459983,-0.0005827552,0.081389,0.11253251,"[5.641216468251295, -0.6212578150003791, 0.0, 0.0, 0.0, 0.0, 3.399764686686865, -0.15055786990824033]","[0.002532995601815345, 0.22337253300813725, 0.0]","{""Controller Type"": ""MPC Controller"", ""weight_comfort"": 563.1764645525845, ""weight_trajectory"": 2620.941212684493, ""weight_goal"": 1000.0, ""Q"": [[2620.941212684493, 0.0, 0.0, 0.0], [0.0, 0.0, 0.0, 0.0], [0.0, 0.0, 2620.941212684493, 0.0], [0.0, 0.0, 0.0, 0.0]], ""R"": [[563.1764645525845, 0.0], [0.0, 563.1764645525845]], ""P"": [[1000.0, 0.0, 0.0, 0.0], [0.0, 100000.0, 0.0, 0.0], [0.0, 0.0, 1000.0, 0.0], [0.0, 0.0, 0.0, 100000.0]]}","[0.02483066138464693, 0.535910351182808, 0.0]",False
3,P12,8fb3067a-529c-46ff-91ee-9777d757f3f3,31,1,haply,mpc,seeded_random,2826394735,persist_session,10.0,61.979806785583484,16285.161182467,0,1785943627.0039847,294.0,True,aggressive,adaptive,0.08,-0.08,0.0,0.08,0.08,0.0,0.0797334579,0.0086552399999999,0.0,0.031606495,-0.12825207,0.24555753,-0.0005900217,0.07979191,0.10904392,"[5.641255798146608, -0.6212810286522086, 0.0, 0.0, 0.0, 0.0, 3.4373986804717207, -0.28818148365135343]","[0.0024894823692469393, 0.1947231026605185, 0.0]","{""Controller Type"": ""MPC Controller"", ""weight_comfort"": 563.1764645525845, ""weight_trajectory"": 2620.941212684493, ""weight_goal"": 1000.0, ""Q"": [[2620.941212684493, 0.0, 0.0, 0.0], [0.0, 0.0, 0.0, 0.0], [0.0, 0.0, 2620.941212684493, 0.0], [0.0, 0.0, 0.0, 0.0]], ""R"": [[563.1764645525845, 0.0], [0.0, 563.1764645525845]], ""P"": [[1000.0, 0.0, 0.0, 0.0], [0.0, 100000.0, 0.0, 0.0], [0.0, 0.0, 1000.0, 0.0], [0.0, 0.0, 0.0, 100000.0]]}","[0.02182646666500274, 0.5750869121876111, 0.0]",False
3,P12,8fb3067a-529c-46ff-91ee-9777d757f3f3,31,1,haply,mpc,seeded_random,2826394735,persist_session,10.0,61.99000609397887,16285.17135525,0,1785943627.0137885,295.0,True,aggressive,adaptive,0.08,-0.08,0.0,0.08,0.08,0.0,0.0797149628999999,0.0105706399999999,0.0,0.031601515,-0.127571,0.24649209,-0.0005964586,0.07847879,0.10614396,"[5.6413185229319955, -0.6213154691525906, 0.0, 0.0, 0.0, 0.0, 3.4578980459135407, -0.3749361080517652]","[0.0023180921392824613, 0.1766708691697605, 0.0]","{""Controller Type"": ""MPC Controller"", ""weight_comfort"": 563.1764645525845, ""weight_trajectory"": 2620.941212684493, ""weight_goal"": 1000.0, ""Q"": [[2620.941212684493, 0.0, 0.0, 0.0], [0.0, 0.0, 0.0, 0.0], [0.0, 0.0, 2620.941212684493, 0.0], [0.0, 0.0, 0.0, 0.0]], ""R"": [[563.1764645525845, 0.0], [0.0, 563.1764645525845]], ""P"": [[1000.0, 0.0, 0.0, 0.0], [0.0, 100000.0, 0.0, 0.0], [0.0, 0.0, 1000.0, 0.0], [0.0, 0.0, 0.0, 100000.0]]}","[0.027630154283599842, 0.43926578380893744, 0.0]",False
3,P12,8fb3067a-529c-46ff-91ee-9777d757f3f3,31,1,haply,mpc,seeded_random,2826394735,persist_session,10.0,61.999788885116565,16285.18116569,0,1785943627.023925,296.0,True,aggressive,adaptive,0.08,-0.08,0.0,0.08,0.08,0.0,0.0797000228999999,0.0124397599999999,0.0,0.031597905,-0.12691374,0.24747588,-0.00059908774,0.077380344,0.103906736,"[5.641184719833326, -0.6212368117183253, 0.0, 0.0, 0.0, 0.0, 3.441507425641206, -0.32343944739679387]","[0.002779921848962652, 0.17575007018093772, 0.0]","{""Controller Type"": ""MPC Controller"", ""weight_comfort"": 562.4521335363683, ""weight_trajectory"": 2625.2871987817907, ""weight_goal"": 1000.0, ""Q"": [[2625.2871987817907, 0.0, 0.0, 0.0], [0.0, 0.0, 0.0, 0.0], [0.0, 0.0, 2625.2871987817907, 0.0], [0.0, 0.0, 0.0, 0.0]], ""R"": [[562.4521335363683, 0.0], [0.0, 562.4521335363683]], ""P"": [[1000.0, 0.0, 0.0, 0.0], [0.0, 100000.0, 0.0, 0.0], [0.0, 0.0, 1000.0, 0.0], [0.0, 0.0, 0.0, 100000.0]]}","[0.024551971676560407, 0.4780633880775446, 0.0]",False
3,P12,8fb3067a-529c-46ff-91ee-9777d757f3f3,31,1,haply,mpc,seeded_random,2826394735,persist_session,10.0,62.0098313140869,16285.191211573,0,1785943627.0341587,297.0,True,aggressive,adaptive,0.08,-0.08,0.0,0.08,0.08,0.0,0.0796891929,0.0144073399999999,0.0,0.03159565,-0.1262794,0.24850944,-0.0005839417,0.0757177,0.10182983,"[5.641258006793546, -0.6212770423108535, 0.0, 0.0, 0.0, 0.0, 3.465348018783464, -0.40717925056263615]","[0.002607927544261529, 0.15903869522834493, 0.0]","{""Controller Type"": ""MPC Controller"", ""weight_comfort"": 562.4521335363683, ""weight_trajectory"": 2625.2871987817907, ""weight_goal"": 1000.0, ""Q"": [[2625.2871987817907, 0.0, 0.0, 0.0], [0.0, 0.0, 0.0, 0.0], [0.0, 0.0, 2625.2871987817907, 0.0], [0.0, 0.0, 0.0, 0.0]], ""R"": [[562.4521335363683, 0.0], [0.0, 562.4521335363683]], ""P"": [[1000.0, 0.0, 0.0, 0.0], [0.0, 100000.0, 0.0, 0.0], [0.0, 0.0, 1000.0, 0.0], [0.0, 0.0, 0.0, 100000.0]]}","[0.021306337190210894, 0.34765106645842964, 0.0]",False
3,P12,8fb3067a-529c-46ff-91ee-9777d757f3f3,31,1,haply,mpc,seeded_random,2826394735,persist_session,10.0,62.019851093292225,16285.201231798,0,1785943627.0441496,298.0,True,aggressive,adaptive,0.08,-0.08,0.0,0.08,0.08,0.0,0.0796824279,0.0164744599999999,0.0,0.03165067,-0.12568776,0.24952169,-0.00055999897,0.07400422,0.10027973,"[5.641321298493637, -0.6213086605632957, 0.0, 0.0, 0.0, 0.0, 3.4493460927271267, -0.36281820843424073]","[0.002410877766525302, 0.1564942208467967, 0.0]","{""Controller Type"": ""MPC Controller"", ""weight_comfort"": 562.4521335363683, ""weight_trajectory"": 2625.2871987817907, ""weight_goal"": 1000.0, ""Q"": [[2625.2871987817907, 0.0, 0.0, 0.0], [0.0, 0.0, 0.0, 0.0], [0.0, 0.0, 2625.2871987817907, 0.0], [0.0, 0.0, 0.0, 0.0]], ""R"": [[562.4521335363683, 0.0], [0.0, 562.4521335363683]], ""P"": [[1000.0, 0.0, 0.0, 0.0], [0.0, 100000.0, 0.0, 0.0], [0.0, 0.0, 1000.0, 0.0], [0.0, 0.0, 0.0, 100000.0]]}","[0.018191860588329826, 0.15350600049238147, 0.0]",False
3,P12,8fb3067a-529c-46ff-91ee-9777d757f3f3,31,1,haply,mpc,seeded_random,2826394735,persist_session,10.0,62.029783849716175,16285.211162538,0,1785943627.053907,299.0,True,aggressive,adaptive,0.08,-0.08,0.0,0.08,0.08,0.0,0.0798474878999999,0.0184989599999999,0.0,0.031705067,-0.12505546,0.2505987,-0.0005252315,0.072476365,0.09940871,"[5.641371715811248, -0.6213307916987437, 0.0, 0.0, 0.0, 0.0, 3.4012245898736575, -0.2572175978223614]","[0.002212254105452516, 0.16284639868288295, 0.0]","{""Controller Type"": ""MPC Controller"", ""weight_comfort"": 562.5481819555101, ""weight_trajectory"": 2624.710908266939, ""weight_goal"": 1000.0, ""Q"": [[2624.710908266939, 0.0, 0.0, 0.0], [0.0, 0.0, 0.0, 0.0], [0.0, 0.0, 2624.710908266939, 0.0], [0.0, 0.0, 0.0, 0.0]], ""R"": [[562.5481819555101, 0.0], [0.0, 562.5481819555101]], ""P"": [[1000.0, 0.0, 0.0, 0.0], [0.0, 100000.0, 0.0, 0.0], [0.0, 0.0, 1000.0, 0.0], [0.0, 0.0, 0.0, 100000.0]]}","[-0.1439040590404608, 0.08500504415964039, 0.0]",False
3,P12,8fb3067a-529c-46ff-91ee-9777d757f3f3,31,1,haply,mpc,seeded_random,2826394735,persist_session,10.0,62.03983247756957,16285.221217473,0,1785943627.064272,300.0,True,aggressive,adaptive,0.08,-0.08,0.0,0.08,0.08,0.0,0.0800106789,0.0206529799999999,0.0,0.031758588,-0.12448245,0.2515305,-0.00047027477,0.07083182,0.09891219,"[5.620013339344842, -0.6040062515193769, 0.0, 0.0, 0.0, 0.0, 3.404925526998671, -0.2648679219484989]","[-0.009360861251284094, 0.15444870726205473, 0.0]","{""Controller Type"": ""MPC Controller"", ""weight_comfort"": 562.5481819555101, ""weight_trajectory"": 2624.710908266939, ""weight_goal"": 1000.0, ""Q"": [[2624.710908266939, 0.0, 0.0, 0.0], [0.0, 0.0, 0.0, 0.0], [0.0, 0.0, 2624.710908266939, 0.0], [0.0, 0.0, 0.0, 0.0]], ""R"": [[562.5481819555101, 0.0], [0.0, 562.5481819555101]], ""P"": [[1000.0, 0.0, 0.0, 0.0], [0.0, 100000.0, 0.0, 0.0], [0.0, 0.0, 1000.0, 0.0], [0.0, 0.0, 0.0, 100000.0]]}","[-0.13977960742191473, 0.014790425547522213, 0.0]",False
3,P12,8fb3067a-529c-46ff-91ee-9777d757f3f3,31,1,haply,mpc,seeded_random,2826394735,persist_session,10.0,62.049821977615345,16285.231202462,0,1785943627.0741296,301.0,True,aggressive,adaptive,0.08,-0.08,0.0,0.08,0.08,0.0,0.0801712419,0.0225165799999999,0.0,0.03181474,-0.123924464,0.25264117,-0.0003991614,0.06902599,0.0991613,"[5.621195767650679, -0.6049398107765687, 0.0, 0.0, 0.0, 0.0, 3.4097209913560755, -0.2742368679876462]","[-0.009584232072029783, 0.1453671435401115, 0.0]","{""Controller Type"": ""MPC Controller"", ""weight_comfort"": 562.5481819555101, ""weight_trajectory"": 2624.710908266939, ""weight_goal"": 1000.0, ""Q"": [[2624.710908266939, 0.0, 0.0, 0.0], [0.0, 0.0, 0.0, 0.0], [0.0, 0.0, 2624.710908266939, 0.0], [0.0, 0.0, 0.0, 0.0]], ""R"": [[562.5481819555101, 0.0], [0.0, 562.5481819555101]], ""P"": [[1000.0, 0.0, 0.0, 0.0], [0.0, 100000.0, 0.0, 0.0], [0.0, 0.0, 1000.0, 0.0], [0.0, 0.0, 0.0, 100000.0]]}","[-0.1507623137708849, 0.1226327923078321, 0.0]",False
3,P12,8fb3067a-529c-46ff-91ee-9777d757f3f3,31,1,haply,mpc,seeded_random,2826394735,persist_session,10.0,62.059816007614124,16285.241193689,0,1785943627.0839808,302.0,True,aggressive,adaptive,0.08,-0.08,0.0,0.08,0.08,0.0,0.0803396979,0.02473792,0.0,0.03181328,-0.123306476,0.25376028,-0.00032030736,0.06727098,0.09970417,"[5.620385077435265, -0.6043161957998289, 0.0, 0.0, 0.0, 0.0, 3.4766559030320083, -0.4189235495281083]","[-0.010805640942432703, 0.12065213232123734, 0.0]","{""Controller Type"": ""MPC Controller"", ""weight_comfort"": 562.0883688815369, ""weight_trajectory"": 2627.4697867107784, ""weight_goal"": 1000.0, ""Q"": [[2627.4697867107784, 0.0, 0.0, 0.0], [0.0, 0.0, 0.0, 0.0], [0.0, 0.0, 2627.4697867107784, 0.0], [0.0, 0.0, 0.0, 0.0]], ""R"": [[562.0883688815369, 0.0], [0.0, 562.0883688815369]], ""P"": [[1000.0, 0.0, 0.0, 0.0], [0.0, 100000.0, 0.0, 0.0], [0.0, 0.0, 1000.0, 0.0], [0.0, 0.0, 0.0, 100000.0]]}","[-0.1644184224582021, -0.2693310868125418, 0.0]",False
3,P12,8fb3067a-529c-46ff-91ee-9777d757f3f3,31,1,haply,mpc,seeded_random,2826394735,persist_session,10.0,62.06988585472106,16285.251261739,0,1785943627.0940828,303.0,True,aggressive,adaptive,0.08,-0.08,0.0,0.08,0.08,0.0,0.0803353179,0.0269761399999999,0.0,0.031813126,-0.12277715,0.25479376,-0.00024543534,0.06567812,0.10062168,"[5.619119931406423, -0.6033656745897232, 0.0, 0.0, 0.0, 0.0, 3.277371128293325, -0.09358833878542816]","[-0.01222636758757216, 0.16001121530148468, 0.0]","{""Controller Type"": ""MPC Controller"", ""weight_comfort"": 562.0883688815369, ""weight_trajectory"": 2627.4697867107784, ""weight_goal"": 1000.0, ""Q"": [[2627.4697867107784, 0.0, 0.0, 0.0], [0.0, 0.0, 0.0, 0.0], [0.0, 0.0, 2627.4697867107784, 0.0], [0.0, 0.0, 0.0, 0.0]], ""R"": [[562.0883688815369, 0.0], [0.0, 562.0883688815369]], ""P"": [[1000.0, 0.0, 0.0, 0.0], [0.0, 100000.0, 0.0, 0.0], [0.0, 0.0, 1000.0, 0.0], [0.0, 0.0, 0.0, 100000.0]]}","[-0.009046419379153056, -0.30431423273843, 0.0]",False
3,P12,8fb3067a-529c-46ff-91ee-9777d757f3f3,31,1,haply,mpc,seeded_random,2826394735,persist_session,10.0,62.07981575012206,16285.26119557,0,1785943627.104183,304.0,True,aggressive,adaptive,0.08,-0.08,0.0,0.08,0.08,0.0,0.0803348558999999,0.0290430999999999,0.0,0.031811036,-0.12217739,0.25583392,0.00048603394,0.06468134,0.101415806,"[5.620256664434016, -0.603356071812525, 0.0, 0.0, 0.0, 0.0, 3.3072553762237002, -0.14131829160732412]","[-0.00162297190977277, 0.14405277745981493, 0.0]","{""Controller Type"": ""MPC Controller"", ""weight_comfort"": 562.0883688815369, ""weight_trajectory"": 2627.4697867107784, ""weight_goal"": 1000.0, ""Q"": [[2627.4697867107784, 0.0, 0.0, 0.0], [0.0, 0.0, 0.0, 0.0], [0.0, 0.0, 2627.4697867107784, 0.0], [0.0, 0.0, 0.0, 0.0]], ""R"": [[562.0883688815369, 0.0], [0.0, 562.0883688815369]], ""P"": [[1000.0, 0.0, 0.0, 0.0], [0.0, 100000.0, 0.0, 0.0], [0.0, 0.0, 1000.0, 0.0], [0.0, 0.0, 0.0, 100000.0]]}","[-0.012462846942092282, -0.21915579499165747, 0.0]",False
3,P12,8fb3067a-529c-46ff-91ee-9777d757f3f3,31,1,haply,mpc,seeded_random,2826394735,persist_session,10.0,62.089773540496815,16285.271157575,0,1785943627.113849,305.0,True,aggressive,adaptive,0.08,-0.08,0.0,0.08,0.08,0.0,0.0803285859,0.0311234199999999,0.0,0.03180863,-0.12156946,0.25686896,0.0019198874,0.06437831,0.101764746,"[5.620218975091028, -0.6033473473160892, 0.0, 0.0, 0.0, 0.0, 3.39390659648844, -0.2850662616346987]","[-0.0018543651672870613, 0.11460501904441012, 0.0]","{""Controller Type"": ""MPC Controller"", ""weight_comfort"": 562.2754601331412, ""weight_trajectory"": 2626.347239201152, ""weight_goal"": 1000.0, ""Q"": [[2626.347239201152, 0.0, 0.0, 0.0], [0.0, 0.0, 0.0, 0.0], [0.0, 0.0, 2626.347239201152, 0.0], [0.0, 0.0, 0.0, 0.0]], ""R"": [[562.2754601331412, 0.0], [0.0, 562.2754601331412]], ""P"": [[1000.0, 0.0, 0.0, 0.0], [0.0, 100000.0, 0.0, 0.0], [0.0, 0.0, 1000.0, 0.0], [0.0, 0.0, 0.0, 100000.0]]}","[-0.006883134357206441, -0.37781980700892026, 0.0]",False
3,P12,8fb3067a-529c-46ff-91ee-9777d757f3f3,31,1,haply,mpc,seeded_random,2826394735,persist_session,10.0,62.09984314918517,16285.281214269,0,1785943627.1239638,306.0,True,aggressive,adaptive,0.08,-0.08,0.0,0.08,0.08,0.0,0.0803213679,0.0331934999999999,0.0,0.03180424,-0.12089091,0.25790834,0.001492892,0.06405592,0.10195992,"[5.6202482843760135, -0.6033391823300416, 0.0, 0.0, 0.0, 0.0, 3.3389878743914743, -0.2012671650254602]","[-0.0014553676982469758, 0.11988136402919036, 0.0]","{""Controller Type"": ""MPC Controller"", ""weight_comfort"": 562.2754601331412, ""weight_trajectory"": 2626.347239201152, ""weight_goal"": 1000.0, ""Q"": [[2626.347239201152, 0.0, 0.0, 0.0], [0.0, 0.0, 0.0, 0.0], [0.0, 0.0, 2626.347239201152, 0.0], [0.0, 0.0, 0.0, 0.0]], ""R"": [[562.2754601331412, 0.0], [0.0, 562.2754601331412]], ""P"": [[1000.0, 0.0, 0.0, 0.0], [0.0, 100000.0, 0.0, 0.0], [0.0, 0.0, 1000.0, 0.0], [0.0, 0.0, 0.0, 100000.0]]}","[-0.006028343244642439, -0.3490403352804897, 0.0]",False
3,P12,8fb3067a-529c-46ff-91ee-9777d757f3f3,31,1,haply,mpc,seeded_random,2826394735,persist_session,10.0,62.10985076904296,16285.291230145,0,1785943627.1337967,307.0,True,aggressive,adaptive,0.08,-0.08,0.0,0.08,0.08,0.0,0.0803081978999999,0.03527226,0.0,0.03179952,-0.12020401,0.25894153,0.00096385693,0.06401417,0.10194523,"[5.62025036966816, -0.6033382908037193, 0.0, 0.0, 0.0, 0.0, 3.3989193555986494, -0.2932499153055364]","[-0.0013756257652607776, 0.09907606721221071, 0.0]","{""Controller Type"": ""MPC Controller"", ""weight_comfort"": 562.2754601331412, ""weight_trajectory"": 2626.347239201152, ""weight_goal"": 1000.0, ""Q"": [[2626.347239201152, 0.0, 0.0, 0.0], [0.0, 0.0, 0.0, 0.0], [0.0, 0.0, 2626.347239201152, 0.0], [0.0, 0.0, 0.0, 0.0]], ""R"": [[562.2754601331412, 0.0], [0.0, 562.2754601331412]], ""P"": [[1000.0, 0.0, 0.0, 0.0], [0.0, 100000.0, 0.0, 0.0], [0.0, 0.0, 1000.0, 0.0], [0.0, 0.0, 0.0, 100000.0]]}","[1.816478246731614e-05, -0.4738025638155103, 0.0]",False
3,P12,8fb3067a-529c-46ff-91ee-9777d757f3f3,31,1,haply,mpc,seeded_random,2826394735,persist_session,10.0,62.11976922035216,16285.301140838,0,1785943627.143961,308.0,True,aggressive,adaptive,0.08,-0.08,0.0,0.08,0.08,0.0,0.0802940378999999,0.0373386399999999,0.0,0.03180113,-0.11972235,0.26000068,0.0006002578,0.06415951,0.10185957,"[5.62024535967389, -0.6033039963321766, 0.0, 0.0, 0.0, 0.0, 3.3647522498321565, -0.2438640360065679]","[-0.0009240905066458738, 0.09894258523874531, 0.0]","{""Controller Type"": ""MPC Controller"", ""weight_comfort"": 562.3044738772629, ""weight_trajectory"": 2626.1731567364227, ""weight_goal"": 1000.0, ""Q"": [[2626.1731567364227, 0.0, 0.0, 0.0], [0.0, 0.0, 0.0, 0.0], [0.0, 0.0, 2626.1731567364227, 0.0], [0.0, 0.0, 0.0, 0.0]], ""R"": [[562.3044738772629, 0.0], [0.0, 562.3044738772629]], ""P"": [[1000.0, 0.0, 0.0, 0.0], [0.0, 100000.0, 0.0, 0.0], [0.0, 0.0, 1000.0, 0.0], [0.0, 0.0, 0.0, 100000.0]]}","[0.001037875670015947, -0.46657514760456, 0.0]",False
3,P12,8fb3067a-529c-46ff-91ee-9777d757f3f3,31,1,haply,mpc,seeded_random,2826394735,persist_session,10.0,62.12993920326232,16285.311318404,0,1785943627.1538568,309.0,True,aggressive,adaptive,0.08,-0.08,0.0,0.08,0.08,0.0,0.0802988678999999,0.0394569399999999,0.0,0.03179748,-0.11908207,0.26101452,0.00031813036,0.06434558,0.101861686,"[5.62024464262032, -0.60330136276194, 0.0, 0.0, 0.0, 0.0, 3.4136348283798603, -0.31411323219574006]","[-0.0008120958207936041, 0.08177152409071567, 0.0]","{""Controller Type"": ""MPC Controller"", ""weight_comfort"": 562.3044738772629, ""weight_trajectory"": 2626.1731567364227, ""weight_goal"": 1000.0, ""Q"": [[2626.1731567364227, 0.0, 0.0, 0.0], [0.0, 0.0, 0.0, 0.0], [0.0, 0.0, 2626.1731567364227, 0.0], [0.0, 0.0, 0.0, 0.0]], ""R"": [[562.3044738772629, 0.0], [0.0, 562.3044738772629]], ""P"": [[1000.0, 0.0, 0.0, 0.0], [0.0, 100000.0, 0.0, 0.0], [0.0, 0.0, 1000.0, 0.0], [0.0, 0.0, 0.0, 100000.0]]}","[-0.015802789599895953, -0.6280667397762566, 0.0]",False
3,P12,8fb3067a-529c-46ff-91ee-9777d757f3f3,31,1,haply,mpc,seeded_random,2826394735,persist_session,10.0,62.13994563102721,16285.321308372,0,1785943627.1639824,310.0,True,aggressive,adaptive,0.08,-0.08,0.0,0.08,0.08,0.0,0.0802879179,0.04148462,0.0,0.031795226,-0.118496925,0.2620152,0.00012298826,0.06436924,0.10177338,"[5.620009233541309, -0.6032054142709837, 0.0, 0.0, 0.0, 0.0, 3.3501962612490765, -0.2286835979983357]","[-0.001974056341793541, 0.08687508793534111, 0.0]","{""Controller Type"": ""MPC Controller"", ""weight_comfort"": 562.3044738772629, ""weight_trajectory"": 2626.1731567364227, ""weight_goal"": 1000.0, ""Q"": [[2626.1731567364227, 0.0, 0.0, 0.0], [0.0, 0.0, 0.0, 0.0], [0.0, 0.0, 2626.1731567364227, 0.0], [0.0, 0.0, 0.0, 0.0]], ""R"": [[562.3044738772629, 0.0], [0.0, 562.3044738772629]], ""P"": [[1000.0, 0.0, 0.0, 0.0], [0.0, 100000.0, 0.0, 0.0], [0.0, 0.0, 1000.0, 0.0], [0.0, 0.0, 0.0, 100000.0]]}","[-0.015802789599895953, -0.6280667397762566, 0.0]",False
3,P12,8fb3067a-529c-46ff-91ee-9777d757f3f3,31,1,haply,mpc,seeded_random,2826394735,persist_session,10.0,62.14986265182494,16285.33122856,0,1785943627.1737833,311.0,True,aggressive,adaptive,0.08,-0.08,0.0,0.08,0.08,0.0,0.0802811559,0.0434859799999999,0.0,0.031793047,-0.11798363,0.26287878,-2.511352e-06,0.064076126,0.101454675,"[5.620016803087324, -0.6031415998652035, 0.0, 0.0, 0.0, 0.0, 3.4325670052546826, -0.3406107888564592]","[-0.0009658580035479421, 0.06399859965697766, 0.0]","{""Controller Type"": ""MPC Controller"", ""weight_comfort"": 562.231864230235, ""weight_trajectory"": 2626.6088146185893, ""weight_goal"": 1000.0, ""Q"": [[2626.6088146185893, 0.0, 0.0, 0.0], [0.0, 0.0, 0.0, 0.0], [0.0, 0.0, 2626.6088146185893, 0.0], [0.0, 0.0, 0.0, 0.0]], ""R"": [[562.231864230235, 0.0], [0.0, 562.231864230235]], ""P"": [[1000.0, 0.0, 0.0, 0.0], [0.0, 100000.0, 0.0, 0.0], [0.0, 0.0, 1000.0, 0.0], [0.0, 0.0, 0.0, 100000.0]]}","[-0.004692666971561739, -0.6667025046763304, 0.0]",False
3,P12,8fb3067a-529c-46ff-91ee-9777d757f3f3,31,1,haply,mpc,seeded_random,2826394735,persist_session,10.0,62.1599618244171,16285.341334588,0,1785943627.1839864,312.0,True,aggressive,adaptive,0.08,-0.08,0.0,0.08,0.08,0.0,0.0802746188999999,0.0452131399999999,0.0,0.031790257,-0.11738409,0.26387095,-9.733937e-05,0.06335552,0.100819565,"[5.620003831540376, -0.6031495478037716, 0.0, 0.0, 0.0, 0.0, 3.4114629535202745, -0.31307944567942014]","[-0.0011639627286644941, 0.06063495700045399, 0.0]","{""Controller Type"": ""MPC Controller"", ""weight_comfort"": 562.231864230235, ""weight_trajectory"": 2626.6088146185893, ""weight_goal"": 1000.0, ""Q"": [[2626.6088146185893, 0.0, 0.0, 0.0], [0.0, 0.0, 0.0, 0.0], [0.0, 0.0, 2626.6088146185893, 0.0], [0.0, 0.0, 0.0, 0.0]], ""R"": [[562.231864230235, 0.0], [0.0, 562.231864230235]], ""P"": [[1000.0, 0.0, 0.0, 0.0], [0.0, 100000.0, 0.0, 0.0], [0.0, 0.0, 1000.0, 0.0], [0.0, 0.0, 0.0, 100000.0]]}","[-0.004878374294455439, -0.41147314337944785, 0.0]",False
3,P12,8fb3067a-529c-46ff-91ee-9777d757f3f3,31,1,haply,mpc,seeded_random,2826394735,persist_session,10.0,62.16985905647277,16285.351237573,0,1785943627.194095,313.0,True,aggressive,adaptive,0.08,-0.08,0.0,0.08,0.08,0.0,0.0802662489,0.0471974799999999,0.0,0.031789124,-0.116880834,0.26478636,-0.00015238309,0.062168933,0.09977584,"[5.620001839996151, -0.603150564020365, 0.0, 0.0, 0.0, 0.0, 3.565837399095494, -0.532324045603132]","[-0.0011569284900038363, 0.03393375941654127, 0.0]","{""Controller Type"": ""MPC Controller"", ""weight_comfort"": 562.231864230235, ""weight_trajectory"": 2626.6088146185893, ""weight_goal"": 1000.0, ""Q"": [[2626.6088146185893, 0.0, 0.0, 0.0], [0.0, 0.0, 0.0, 0.0], [0.0, 0.0, 2626.6088146185893, 0.0], [0.0, 0.0, 0.0, 0.0]], ""R"": [[562.231864230235, 0.0], [0.0, 562.231864230235]], ""P"": [[1000.0, 0.0, 0.0, 0.0], [0.0, 100000.0, 0.0, 0.0], [0.0, 0.0, 1000.0, 0.0], [0.0, 0.0, 0.0, 100000.0]]}","[-0.0028981614468504666, -0.7127930285229565, 0.0]",False
3,P12,8fb3067a-529c-46ff-91ee-9777d757f3f3,31,1,haply,mpc,seeded_random,2826394735,persist_session,10.0,62.1797691631317,16285.361154212,0,1785943627.2041557,314.0,True,aggressive,adaptive,0.08,-0.08,0.0,0.08,0.08,0.0,0.0802628499,0.0490282999999999,0.0,0.031787988,-0.11641217,0.26563314,-0.00018321499,0.060856722,0.09854694,"[5.620004847804998, -0.6031455729964839, 0.0, 0.0, 0.0, 0.0, 3.4055609757704817, -0.3302957945866726]","[-0.0009969044713285665, 0.04687237661282467, 0.0]","{""Controller Type"": ""MPC Controller"", ""weight_comfort"": 561.5684405436729, ""weight_trajectory"": 3984.737852272597, ""weight_goal"": 3582.889597707033, ""Q"": [[3984.737852272597, 0.0, 0.0, 0.0], [0.0, 0.0, 0.0, 0.0], [0.0, 0.0, 3984.737852272597, 0.0], [0.0, 0.0, 0.0, 0.0]], ""R"": [[561.5684405436729, 0.0], [0.0, 561.5684405436729]], ""P"": [[3582.889597707033, 0.0, 0.0, 0.0], [0.0, 358288.9597707033, 0.0, 0.0], [0.0, 0.0, 3582.889597707033, 0.0], [0.0, 0.0, 0.0, 358288.9597707033]]}","[-0.007107538040192899, -0.6431503960026869, 0.0]",False
3,P12,8fb3067a-529c-46ff-91ee-9777d757f3f3,31,1,haply,mpc,seeded_random,2826394735,persist_session,10.0,62.18981373786925,16285.371191307,0,1785943627.21398,315.0,True,aggressive,adaptive,0.08,-0.08,0.0,0.08,0.08,0.0,0.0802594419,0.0507218599999999,0.0,0.031788155,-0.11595958,0.2665368,-0.0001904139,0.058910772,0.09674575,"[5.619978798589556, -0.603145733673479, 0.0, 0.0, 0.0, 0.0, 3.4857466626478923, -0.4322621095833008]","[-0.0012734402945976094, 0.02929824809673083, 0.0]","{""Controller Type"": ""MPC Controller"", ""weight_comfort"": 561.5684405436729, ""weight_trajectory"": 3984.737852272597, ""weight_goal"": 3582.889597707033, ""Q"": [[3984.737852272597, 0.0, 0.0, 0.0], [0.0, 0.0, 0.0, 0.0], [0.0, 0.0, 3984.737852272597, 0.0], [0.0, 0.0, 0.0, 0.0]], ""R"": [[561.5684405436729, 0.0], [0.0, 561.5684405436729]], ""P"": [[3582.889597707033, 0.0, 0.0, 0.0], [0.0, 358288.9597707033, 0.0, 0.0], [0.0, 0.0, 3582.889597707033, 0.0], [0.0, 0.0, 0.0, 358288.9597707033]]}","[-0.00821157399455675, -0.620091559902006, 0.0]",False
3,P12,8fb3067a-529c-46ff-91ee-9777d757f3f3,31,1,haply,mpc,seeded_random,2826394735,persist_session,10.0,62.199811582565296,16285.38119439,0,1785943627.2240906,316.0,True,aggressive,adaptive,0.08,-0.08,0.0,0.08,0.08,0.0,0.0802599428999999,0.05252918,0.0,0.031786863,-0.115521275,0.2673131,-0.0001870215,0.05695638,0.09491798,"[5.6199786331202715, -0.6031457372681345, 0.0, 0.0, 0.0, 0.0, 3.5372522327049336, -0.49769072166590855]","[-0.0012488292159223337, 0.01776964024672041, 0.0]","{""Controller Type"": ""MPC Controller"", ""weight_comfort"": 561.5684405436729, ""weight_trajectory"": 3984.737852272597, ""weight_goal"": 3582.889597707033, ""Q"": [[3984.737852272597, 0.0, 0.0, 0.0], [0.0, 0.0, 0.0, 0.0], [0.0, 0.0, 3984.737852272597, 0.0], [0.0, 0.0, 0.0, 0.0]], ""R"": [[561.5684405436729, 0.0], [0.0, 561.5684405436729]], ""P"": [[3582.889597707033, 0.0, 0.0, 0.0], [0.0, 358288.9597707033, 0.0, 0.0], [0.0, 0.0, 3582.889597707033, 0.0], [0.0, 0.0, 0.0, 358288.9597707033]]}","[-0.011985987935671304, -0.7428129317049654, 0.0]",False
3,P12,8fb3067a-529c-46ff-91ee-9777d757f3f3,31,1,haply,mpc,seeded_random,2826394735,persist_session,10.0,62.20970023155211,16285.391079932,0,1785943627.2340038,317.0,True,aggressive,adaptive,0.08,-0.08,0.0,0.08,0.08,0.0,0.0802560668999999,0.05408178,0.0,0.031786893,-0.11509932,0.26814708,-0.00017797986,0.054862317,0.09273701,"[5.619946149561705, -0.6031367951533737, 0.0, 0.0, 0.0, 0.0, 3.502224825470992, -0.4551569790408662]","[-0.00149075165820045, 0.014847549890187633, 0.0]","{""Controller Type"": ""MPC Controller"", ""weight_comfort"": 543.7928149791195, ""weight_trajectory"": 50087.38729966655, ""weight_goal"": 91310.11281600528, ""Q"": [[50087.38729966655, 0.0, 0.0, 0.0], [0.0, 0.0, 0.0, 0.0], [0.0, 0.0, 50087.38729966655, 0.0], [0.0, 0.0, 0.0, 0.0]], ""R"": [[543.7928149791195, 0.0], [0.0, 543.7928149791195]], ""P"": [[91310.11281600528, 0.0, 0.0, 0.0], [0.0, 9131011.281600527, 0.0, 0.0], [0.0, 0.0, 91310.11281600528, 0.0], [0.0, 0.0, 0.0, 9131011.281600527]]}","[-0.007644673881168934, -0.5869484672676895, 0.0]",False
3,P12,8fb3067a-529c-46ff-91ee-9777d757f3f3,31,1,haply,mpc,seeded_random,2826394735,persist_session,10.0,62.22004974365233,16285.401427148,0,1785943627.244228,318.0,True,aggressive,adaptive,0.08,-0.08,0.0,0.08,0.08,0.0,0.0802561568999999,0.0557497399999999,0.0,0.031783767,-0.114630565,0.26885873,-0.0001657622,0.052894708,0.09059441,"[5.619966195947471, -0.6031351038803264, 0.0, 0.0, 0.0, 0.0, 3.6073693579254233, -0.5871054392287132]","[-0.0012032653649126745, 0.001544514199488714, 0.0]","{""Controller Type"": ""MPC Controller"", ""weight_comfort"": 543.7928149791195, ""weight_trajectory"": 50087.38729966655, ""weight_goal"": 91310.11281600528, ""Q"": [[50087.38729966655, 0.0, 0.0, 0.0], [0.0, 0.0, 0.0, 0.0], [0.0, 0.0, 50087.38729966655, 0.0], [0.0, 0.0, 0.0, 0.0]], ""R"": [[543.7928149791195, 0.0], [0.0, 543.7928149791195]], ""P"": [[91310.11281600528, 0.0, 0.0, 0.0], [0.0, 9131011.281600527, 0.0, 0.0], [0.0, 0.0, 91310.11281600528, 0.0], [0.0, 0.0, 0.0, 9131011.281600527]]}","[-0.02437046946656007, -1.0353701749164523, 0.0]",False
3,P12,8fb3067a-529c-46ff-91ee-9777d757f3f3,31,1,haply,mpc,seeded_random,2826394735,persist_session,10.0,62.22988427162169,16285.411263341,0,1785943627.2542634,319.0,True,aggressive,adaptive,0.08,-0.08,0.0,0.08,0.08,0.0,0.0802467788999999,0.0571730399999999,0.0,0.031786676,-0.114281945,0.26974425,-0.00014859131,0.050736737,0.08823151,"[5.6199354375404535, -0.6031272526289732, 0.0, 0.0, 0.0, 0.0, 3.573986414281375, -0.5471221664521045]","[-0.001444894280882296, -0.0025853122384368737, 0.0]","{""Controller Type"": ""MPC Controller"", ""weight_comfort"": 543.7928149791195, ""weight_trajectory"": 50087.38729966655, ""weight_goal"": 91310.11281600528, ""Q"": [[50087.38729966655, 0.0, 0.0, 0.0], [0.0, 0.0, 0.0, 0.0], [0.0, 0.0, 50087.38729966655, 0.0], [0.0, 0.0, 0.0, 0.0]], ""R"": [[543.7928149791195, 0.0], [0.0, 543.7928149791195]], ""P"": [[91310.11281600528, 0.0, 0.0, 0.0], [0.0, 9131011.281600527, 0.0, 0.0], [0.0, 0.0, 91310.11281600528, 0.0], [0.0, 0.0, 0.0, 9131011.281600527]]}","[-0.010502104415516062, -0.8131656849574888, 0.0]",False
3,P12,8fb3067a-529c-46ff-91ee-9777d757f3f3,31,1,haply,mpc,seeded_random,2826394735,persist_session,10.0,62.239763383865345,16285.421147564,0,1785943627.2639544,320.0,True,aggressive,adaptive,0.08,-0.08,0.0,0.08,0.08,0.0,0.0802555059,0.05894408,0.0,0.031783547,-0.113847815,0.27038708,-0.00014551546,0.04926784,0.086003594,"[5.6199388753922666, -0.6030934549673442, 0.0, 0.0, 0.0, 0.0, 3.664394168306382, -0.6591452595633032]","[-0.0008232894452156895, -0.009839379350748426, 0.0]","{""Controller Type"": ""MPC Controller"", ""weight_comfort"": 502.8890514292731, ""weight_trajectory"": 156306.4601690193, ""weight_goal"": 293426.8291110046, ""Q"": [[156306.4601690193, 0.0, 0.0, 0.0], [0.0, 0.0, 0.0, 0.0], [0.0, 0.0, 156306.4601690193, 0.0], [0.0, 0.0, 0.0, 0.0]], ""R"": [[502.8890514292731, 0.0], [0.0, 502.8890514292731]], ""P"": [[293426.8291110046, 0.0, 0.0, 0.0], [0.0, 29342682.91110046, 0.0, 0.0], [0.0, 0.0, 293426.8291110046, 0.0], [0.0, 0.0, 0.0, 29342682.91110046]]}","[-0.036579620871671985, -1.4646059461229552, 0.0]",False
3,P12,8fb3067a-529c-46ff-91ee-9777d757f3f3,31,1,haply,mpc,seeded_random,2826394735,persist_session,10.0,62.249858264923084,16285.43123657,0,1785943627.273851,321.0,True,aggressive,adaptive,0.08,-0.08,0.0,0.08,0.08,0.0,0.0802461189,0.0602297399999999,0.0,0.031783197,-0.11344955,0.27114865,-0.00014219315,0.04766039,0.083414026,"[5.619668000313799, -0.6029569099520606, 0.0, 0.0, 0.0, 0.0, 3.388544257037136, -0.3549913344124645]","[-0.001978836862929644, 0.006473893174040249, 0.0]","{""Controller Type"": ""MPC Controller"", ""weight_comfort"": 502.8890514292731, ""weight_trajectory"": 156306.4601690193, ""weight_goal"": 293426.8291110046, ""Q"": [[156306.4601690193, 0.0, 0.0, 0.0], [0.0, 0.0, 0.0, 0.0], [0.0, 0.0, 156306.4601690193, 0.0], [0.0, 0.0, 0.0, 0.0]], ""R"": [[502.8890514292731, 0.0], [0.0, 502.8890514292731]], ""P"": [[293426.8291110046, 0.0, 0.0, 0.0], [0.0, 29342682.91110046, 0.0, 0.0], [0.0, 0.0, 293426.8291110046, 0.0], [0.0, 0.0, 0.0, 29342682.91110046]]}","[-0.015214829345888095, -1.0888674985473028, 0.0]",False
3,P12,8fb3067a-529c-46ff-91ee-9777d757f3f3,31,1,haply,mpc,seeded_random,2826394735,persist_session,10.0,62.25986969947814,16285.441255292,0,1785943627.2839432,322.0,True,aggressive,adaptive,0.08,-0.08,0.0,0.08,0.08,0.0,0.0802450689,0.0617528799999999,0.0,0.031780142,-0.113052554,0.2717234,-0.00014347964,0.046321217,0.080937535,"[5.619672589311289, -0.6028876799165894, 0.0, 0.0, 0.0, 0.0, 3.601416905111623, -0.6126464577197726]","[-0.0008112455245184276, -0.008390087004879435, 0.0]","{""Controller Type"": ""MPC Controller"", ""weight_comfort"": 502.8890514292731, ""weight_trajectory"": 156306.4601690193, ""weight_goal"": 293426.8291110046, ""Q"": [[156306.4601690193, 0.0, 0.0, 0.0], [0.0, 0.0, 0.0, 0.0], [0.0, 0.0, 156306.4601690193, 0.0], [0.0, 0.0, 0.0, 0.0]], ""R"": [[502.8890514292731, 0.0], [0.0, 502.8890514292731]], ""P"": [[293426.8291110046, 0.0, 0.0, 0.0], [0.0, 29342682.91110046, 0.0, 0.0], [0.0, 0.0, 293426.8291110046, 0.0], [0.0, 0.0, 0.0, 29342682.91110046]]}","[-0.015214829345888095, -1.0888674985473028, 0.0]",False
3,P12,8fb3067a-529c-46ff-91ee-9777d757f3f3,31,1,haply,mpc,seeded_random,2826394735,persist_session,10.0,62.26978838920592,16285.451167345,0,1785943627.2938151,323.0,True,aggressive,adaptive,0.08,-0.08,0.0,0.08,0.08,0.0,0.0802359038999999,0.0629023799999999,0.0,0.03177842,-0.112671785,0.27235702,-0.0001550961,0.045149982,0.07801517,"[5.619617722492715, -0.6028774582572639, 0.0, 0.0, 0.0, 0.0, 3.492326983620119, -0.4908105738623423]","[-0.0013144715591987093, -0.010347267728255768, 0.0]","{""Controller Type"": ""MPC Controller"", ""weight_comfort"": 452.12219520361185, ""weight_trajectory"": 287756.52161940734, ""weight_goal"": 543203.9383559016, ""Q"": [[287756.52161940734, 0.0, 0.0, 0.0], [0.0, 0.0, 0.0, 0.0], [0.0, 0.0, 287756.52161940734, 0.0], [0.0, 0.0, 0.0, 0.0]], ""R"": [[452.12219520361185, 0.0], [0.0, 452.12219520361185]], ""P"": [[543203.9383559016, 0.0, 0.0, 0.0], [0.0, 54320393.83559016, 0.0, 0.0], [0.0, 0.0, 543203.9383559016, 0.0], [0.0, 0.0, 0.0, 54320393.83559016]]}","[-0.014283131590512707, -1.0055613787459179, 0.0]",False
3,P12,8fb3067a-529c-46ff-91ee-9777d757f3f3,31,1,haply,mpc,seeded_random,2826394735,persist_session,10.0,62.2798200893402,16285.461201553,0,1785943627.3040142,324.0,True,aggressive,adaptive,0.08,-0.08,0.0,0.08,0.08,0.0,0.0802307379,0.0641696199999999,0.0,0.031775516,-0.11231401,0.27286482,-0.00017393075,0.04424079,0.07506483,"[5.619618506698201, -0.6028469568964908, 0.0, 0.0, 0.0, 0.0, 3.618121090423527, -0.6409267856172658]","[-0.0007660145856787142, -0.012768840632284756, 0.0]","{""Controller Type"": ""MPC Controller"", ""weight_comfort"": 452.12219520361185, ""weight_trajectory"": 287756.52161940734, ""weight_goal"": 543203.9383559016, ""Q"": [[287756.52161940734, 0.0, 0.0, 0.0], [0.0, 0.0, 0.0, 0.0], [0.0, 0.0, 287756.52161940734, 0.0], [0.0, 0.0, 0.0, 0.0]], ""R"": [[452.12219520361185, 0.0], [0.0, 452.12219520361185]], ""P"": [[543203.9383559016, 0.0, 0.0, 0.0], [0.0, 54320393.83559016, 0.0, 0.0], [0.0, 0.0, 543203.9383559016, 0.0], [0.0, 0.0, 0.0, 54320393.83559016]]}","[-0.023254364660970712, -1.375102775803698, 0.0]",False
3,P12,8fb3067a-529c-46ff-91ee-9777d757f3f3,31,1,haply,mpc,seeded_random,2826394735,persist_session,10.0,62.28981078147887,16285.471189865,0,1785943627.3138297,325.0,True,aggressive,adaptive,0.08,-0.08,0.0,0.08,0.08,0.0,0.0802220259,0.0651852199999999,0.0,0.031721465,-0.11196554,0.27337235,-0.00019927134,0.04317054,0.07126028,"[5.619605522578936, -0.6028522848913839, 0.0, 0.0, 0.0, 0.0, 3.5855865784164838, -0.6040206894446186]","[-0.0009913011838944463, -0.018288701611272405, 0.0]","{""Controller Type"": ""MPC Controller"", ""weight_comfort"": 452.12219520361185, ""weight_trajectory"": 287756.52161940734, ""weight_goal"": 543203.9383559016, ""Q"": [[287756.52161940734, 0.0, 0.0, 0.0], [0.0, 0.0, 0.0, 0.0], [0.0, 0.0, 287756.52161940734, 0.0], [0.0, 0.0, 0.0, 0.0]], ""R"": [[452.12219520361185, 0.0], [0.0, 452.12219520361185]], ""P"": [[543203.9383559016, 0.0, 0.0, 0.0], [0.0, 54320393.83559016, 0.0, 0.0], [0.0, 0.0, 543203.9383559016, 0.0], [0.0, 0.0, 0.0, 54320393.83559016]]}","[-0.015748640117807775, -1.074734626284885, 0.0]",False
3,P12,8fb3067a-529c-46ff-91ee-9777d757f3f3,31,1,haply,mpc,seeded_random,2826394735,persist_session,10.0,62.299785022735584,16285.481166632,0,1785943627.3239305,326.0,True,aggressive,adaptive,0.08,-0.08,0.0,0.08,0.08,0.0,0.0800598729,0.0662002799999999,0.0,0.031618375,-0.11168984,0.27387762,-0.0002793479,0.041945513,0.06712514,"[5.619605473221736, -0.6028387271478309, 0.0, 0.0, 0.0, 0.0, 3.6535376708910294, -0.6843255891300641]","[-0.0007126304323424909, -0.016680458041355144, 0.0]","{""Controller Type"": ""MPC Controller"", ""weight_comfort"": 452.12219520361185, ""weight_trajectory"": 287756.52161940734, ""weight_goal"": 543203.9383559016, ""Q"": [[287756.52161940734, 0.0, 0.0, 0.0], [0.0, 0.0, 0.0, 0.0], [0.0, 0.0, 287756.52161940734, 0.0], [0.0, 0.0, 0.0, 0.0]], ""R"": [[452.12219520361185, 0.0], [0.0, 452.12219520361185]], ""P"": [[543203.9383559016, 0.0, 0.0, 0.0], [0.0, 54320393.83559016, 0.0, 0.0], [0.0, 0.0, 543203.9383559016, 0.0], [0.0, 0.0, 0.0, 54320393.83559016]]}","[0.25766392747544303, -1.0692465543139675, 0.0]",False
3,P12,8fb3067a-529c-46ff-91ee-9777d757f3f3,31,1,haply,mpc,seeded_random,2826394735,persist_session,10.0,62.309807901382435,16285.491186978,0,1785943627.33403,327.0,True,aggressive,adaptive,0.08,-0.08,0.0,0.08,0.08,0.0,0.0797506029,0.0672108199999999,0.0,0.03151426,-0.11139395,0.27432087,-0.00042811033,0.04043466,0.06328611,"[5.601882991772245, -0.588675692306541, 0.0, 0.0, 0.0, 0.0, 3.662368846073805, -0.6945999561082064]","[0.009115077229405652, -0.01926415048769123, 0.0]","{""Controller Type"": ""MPC Controller"", ""weight_comfort"": 398.25666570977006, ""weight_trajectory"": 427860.161077454, ""weight_goal"": 809717.3787624284, ""Q"": [[427860.161077454, 0.0, 0.0, 0.0], [0.0, 0.0, 0.0, 0.0], [0.0, 0.0, 427860.161077454, 0.0], [0.0, 0.0, 0.0, 0.0]], ""R"": [[398.25666570977006, 0.0], [0.0, 398.25666570977006]], ""P"": [[809717.3787624284, 0.0, 0.0, 0.0], [0.0, 80971737.87624285, 0.0, 0.0], [0.0, 0.0, 809717.3787624284, 0.0], [0.0, 0.0, 0.0, 80971737.87624285]]}","[0.5618665576930836, -1.2155448412440109, 0.0]",False
3,P12,8fb3067a-529c-46ff-91ee-9777d757f3f3,31,1,haply,mpc,seeded_random,2826394735,persist_session,10.0,62.31979811668395,16285.501183125,0,1785943627.344022,328.0,True,aggressive,adaptive,0.08,-0.08,0.0,0.08,0.08,0.0,0.0794382579,0.0680973199999999,0.0,0.031410832,-0.111142285,0.27470022,-0.0006333537,0.038557015,0.059618097,"[5.567586438540893, -0.5621306722708466, 0.0, 0.0, 0.0, 0.0, 3.663051637204378, -0.6953751224391451]","[0.018602023828201614, -0.022729678997432654, 0.0]","{""Controller Type"": ""MPC Controller"", ""weight_comfort"": 398.25666570977006, ""weight_trajectory"": 427860.161077454, ""weight_goal"": 809717.3787624284, ""Q"": [[427860.161077454, 0.0, 0.0, 0.0], [0.0, 0.0, 0.0, 0.0], [0.0, 0.0, 427860.161077454, 0.0], [0.0, 0.0, 0.0, 0.0]], ""R"": [[398.25666570977006, 0.0], [0.0, 398.25666570977006]], ""P"": [[809717.3787624284, 0.0, 0.0, 0.0], [0.0, 80971737.87624285, 0.0, 0.0], [0.0, 0.0, 809717.3787624284, 0.0], [0.0, 0.0, 0.0, 80971737.87624285]]}","[0.6187228289623125, -1.0557985607460103, 0.0]",False
3,P12,8fb3067a-529c-46ff-91ee-9777d757f3f3,31,1,haply,mpc,seeded_random,2826394735,persist_session,10.0,62.329805021286,16285.51118224,0,1785943627.3540568,329.0,True,aggressive,adaptive,0.08,-0.08,0.0,0.08,0.08,0.0,0.0791279739,0.0688560199999999,0.0,0.03141045,-0.11088449,0.27513734,-0.00085833,0.036794662,0.05613457,"[5.565485600887139, -0.5605449025497431, 0.0, 0.0, 0.0, 0.0, 3.6948440005689585, -0.7320603453215915]","[0.02064851013236709, -0.02096976588140976, 0.0]","{""Controller Type"": ""MPC Controller"", ""weight_comfort"": 346.90698192481005, ""weight_trajectory"": 561312.408658841, ""weight_goal"": 1063207.3208596602, ""Q"": [[561312.408658841, 0.0, 0.0, 0.0], [0.0, 0.0, 0.0, 0.0], [0.0, 0.0, 561312.408658841, 0.0], [0.0, 0.0, 0.0, 0.0]], ""R"": [[346.90698192481005, 0.0], [0.0, 346.90698192481005]], ""P"": [[1063207.3208596602, 0.0, 0.0, 0.0], [0.0, 106320732.08596602, 0.0, 0.0], [0.0, 0.0, 1063207.3208596602, 0.0], [0.0, 0.0, 0.0, 106320732.08596602]]}","[0.6585435989683237, -0.860591206864641, 0.0]",False
3,P12,8fb3067a-529c-46ff-91ee-9777d757f3f3,31,1,haply,mpc,seeded_random,2826394735,persist_session,10.0,62.33980310440062,16285.521184021,0,1785943627.3640733,330.0,True,aggressive,adaptive,0.08,-0.08,0.0,0.08,0.08,0.0,0.0791268279,0.0697302599999999,0.0,0.031359725,-0.110682674,0.27551246,-0.0010451354,0.03478546,0.052798115,"[5.565780156230823, -0.5607617848282117, 0.0, 0.0, 0.0, 0.0, 3.724550987005176, -0.7675899701587158]","[0.022192706842526194, -0.016528769671589914, 0.0]","{""Controller Type"": ""MPC Controller"", ""weight_comfort"": 346.90698192481005, ""weight_trajectory"": 561312.408658841, ""weight_goal"": 1063207.3208596602, ""Q"": [[561312.408658841, 0.0, 0.0, 0.0], [0.0, 0.0, 0.0, 0.0], [0.0, 0.0, 561312.408658841, 0.0], [0.0, 0.0, 0.0, 0.0]], ""R"": [[346.90698192481005, 0.0], [0.0, 346.90698192481005]], ""P"": [[1063207.3208596602, 0.0, 0.0, 0.0], [0.0, 106320732.08596602, 0.0, 0.0], [0.0, 0.0, 1063207.3208596602, 0.0], [0.0, 0.0, 0.0, 106320732.08596602]]}","[0.13625266293480542, -1.1607107801684795, 0.0]",False
3,P12,8fb3067a-529c-46ff-91ee-9777d757f3f3,31,1,haply,mpc,seeded_random,2826394735,persist_session,10.0,62.34987676620482,16285.531248917,0,1785943627.3739984,331.0,True,aggressive,adaptive,0.08,-0.08,0.0,0.08,0.08,0.0,0.0789746529,0.0704805,0.0,0.031360965,-0.110485695,0.27594718,-0.002644695,0.032307137,0.050255917,"[5.574003406854196, -0.5629613254100537, 0.0, 0.0, 0.0, 0.0, 3.6890048503308357, -0.7282390307987932]","[0.004931473730228426, -0.0256759454139453, 0.0]","{""Controller Type"": ""MPC Controller"", ""weight_comfort"": 346.90698192481005, ""weight_trajectory"": 561312.408658841, ""weight_goal"": 1063207.3208596602, ""Q"": [[561312.408658841, 0.0, 0.0, 0.0], [0.0, 0.0, 0.0, 0.0], [0.0, 0.0, 561312.408658841, 0.0], [0.0, 0.0, 0.0, 0.0]], ""R"": [[346.90698192481005, 0.0], [0.0, 346.90698192481005]], ""P"": [[1063207.3208596602, 0.0, 0.0, 0.0], [0.0, 106320732.08596602, 0.0, 0.0], [0.0, 0.0, 1063207.3208596602, 0.0], [0.0, 0.0, 0.0, 106320732.08596602]]}","[0.42659755174169783, -0.9826934889766337, 0.0]",False
3,P12,8fb3067a-529c-46ff-91ee-9777d757f3f3,31,1,haply,mpc,seeded_random,2826394735,persist_session,10.0,62.35978281974791,16285.541162694,0,1785943627.3838727,332.0,True,aggressive,adaptive,0.08,-0.08,0.0,0.08,0.08,0.0,0.0789783728999999,0.07134994,0.0,0.03136216,-0.1102871,0.2763816,-0.0042139217,0.030115932,0.04847662,"[5.551634888337515, -0.5478167522245128, 0.0, 0.0, 0.0, 0.0, 3.717913570739691, -0.760900793095349]","[0.014091642134820791, -0.02212378571587438, 0.0]","{""Controller Type"": ""MPC Controller"", ""weight_comfort"": 292.4395657980188, ""weight_trajectory"": 702992.6205426884, ""weight_goal"": 1332495.9258073769, ""Q"": [[702992.6205426884, 0.0, 0.0, 0.0], [0.0, 0.0, 0.0, 0.0], [0.0, 0.0, 702992.6205426884, 0.0], [0.0, 0.0, 0.0, 0.0]], ""R"": [[292.4395657980188, 0.0], [0.0, 292.4395657980188]], ""P"": [[1332495.9258073769, 0.0, 0.0, 0.0], [0.0, 133249592.58073768, 0.0, 0.0], [0.0, 0.0, 1332495.9258073769, 0.0], [0.0, 0.0, 0.0, 133249592.58073768]]}","[0.15046127760122974, -1.2326259268638478, 0.0]",False
3,P12,8fb3067a-529c-46ff-91ee-9777d757f3f3,31,1,haply,mpc,seeded_random,2826394735,persist_session,10.0,62.36994159698485,16285.551310439,0,1785943627.3939493,333.0,True,aggressive,adaptive,0.08,-0.08,0.0,0.08,0.08,0.0,0.0789819579,0.0722187799999999,0.0,0.031361688,-0.11002345,0.2768163,-0.005360983,0.027595226,0.046958182,"[5.55600930205483, -0.5486710276459613, 0.0, 0.0, 0.0, 0.0, 3.676272407590198, -0.7168219891881462]","[0.00546946669904127, -0.03131649122532213, 0.0]","{""Controller Type"": ""MPC Controller"", ""weight_comfort"": 292.4395657980188, ""weight_trajectory"": 702992.6205426884, ""weight_goal"": 1332495.9258073769, ""Q"": [[702992.6205426884, 0.0, 0.0, 0.0], [0.0, 0.0, 0.0, 0.0], [0.0, 0.0, 702992.6205426884, 0.0], [0.0, 0.0, 0.0, 0.0]], ""R"": [[292.4395657980188, 0.0], [0.0, 292.4395657980188]], ""P"": [[1332495.9258073769, 0.0, 0.0, 0.0], [0.0, 133249592.58073768, 0.0, 0.0], [0.0, 0.0, 1332495.9258073769, 0.0], [0.0, 0.0, 0.0, 133249592.58073768]]}","[0.15569195680957684, -1.2795772194755306, 0.0]",False
3,P12,8fb3067a-529c-46ff-91ee-9777d757f3f3,31,1,haply,mpc,seeded_random,2826394735,persist_session,10.0,62.37989390373229,16285.561263857,0,1785943627.4039724,334.0,True,aggressive,adaptive,0.08,-0.08,0.0,0.08,0.08,0.0,0.0789805418999999,0.07308818,0.0,0.031361468,-0.10980523,0.2771882,-0.004513154,0.026179407,0.0457841,"[5.555988437982074, -0.548666887366038, 0.0, 0.0, 0.0, 0.0, 3.6810488253126583, -0.7217913133388183]","[0.005461026808910767, -0.03359281925541613, 0.0]","{""Controller Type"": ""MPC Controller"", ""weight_comfort"": 292.4395657980188, ""weight_trajectory"": 702992.6205426884, ""weight_goal"": 1332495.9258073769, ""Q"": [[702992.6205426884, 0.0, 0.0, 0.0], [0.0, 0.0, 0.0, 0.0], [0.0, 0.0, 702992.6205426884, 0.0], [0.0, 0.0, 0.0, 0.0]], ""R"": [[292.4395657980188, 0.0], [0.0, 292.4395657980188]], ""P"": [[1332495.9258073769, 0.0, 0.0, 0.0], [0.0, 133249592.58073768, 0.0, 0.0], [0.0, 0.0, 1332495.9258073769, 0.0], [0.0, 0.0, 0.0, 133249592.58073768]]}","[0.16479167514836787, -1.31781320872683, 0.0]",False
3,P12,8fb3067a-529c-46ff-91ee-9777d757f3f3,31,1,haply,mpc,seeded_random,2826394735,persist_session,10.0,62.38996661186217,16285.571335277,0,1785943627.413989,335.0,True,aggressive,adaptive,0.08,-0.08,0.0,0.08,0.08,0.0,0.0789798819,0.0738319799999999,0.0,0.031361222,-0.10958594,0.27755967,-0.0032562779,0.025425842,0.044663243,"[5.555814435991342, -0.5486201845121915, 0.0, 0.0, 0.0, 0.0, 3.678076223492594, -0.7187657752500304]","[0.005741425477143613, -0.03692317149211992, 0.0]","{""Controller Type"": ""MPC Controller"", ""weight_comfort"": 232.16359151993586, ""weight_trajectory"": 859809.1702048418, ""weight_goal"": 1630555.5374572512, ""Q"": [[859809.1702048418, 0.0, 0.0, 0.0], [0.0, 0.0, 0.0, 0.0], [0.0, 0.0, 859809.1702048418, 0.0], [0.0, 0.0, 0.0, 0.0]], ""R"": [[232.16359151993586, 0.0], [0.0, 232.16359151993586]], ""P"": [[1630555.5374572512, 0.0, 0.0, 0.0], [0.0, 163055553.74572513, 0.0, 0.0], [0.0, 0.0, 1630555.5374572512, 0.0], [0.0, 0.0, 0.0, 163055553.74572513]]}","[0.16355083763111736, -1.119777216487657, 0.0]",False
3,P12,8fb3067a-529c-46ff-91ee-9777d757f3f3,31,1,haply,mpc,seeded_random,2826394735,persist_session,10.0,62.399962072372425,16285.581330981,0,1785943627.423958,336.0,True,aggressive,adaptive,0.08,-0.08,0.0,0.08,0.08,0.0,0.0789791438999999,0.0745749199999999,0.0,0.031362243,-0.109381735,0.27799225,-0.002321841,0.024817813,0.04376744,"[5.555820072467675, -0.5486216436806586, 0.0, 0.0, 0.0, 0.0, 3.7125793673465854, -0.7541274332279269]","[0.005703741349516492, -0.0330993303617856, 0.0]","{""Controller Type"": ""MPC Controller"", ""weight_comfort"": 232.16359151993586, ""weight_trajectory"": 859809.1702048418, ""weight_goal"": 1630555.5374572512, ""Q"": [[859809.1702048418, 0.0, 0.0, 0.0], [0.0, 0.0, 0.0, 0.0], [0.0, 0.0, 859809.1702048418, 0.0], [0.0, 0.0, 0.0, 0.0]], ""R"": [[232.16359151993586, 0.0], [0.0, 232.16359151993586]], ""P"": [[1630555.5374572512, 0.0, 0.0, 0.0], [0.0, 163055553.74572513, 0.0, 0.0], [0.0, 0.0, 1630555.5374572512, 0.0], [0.0, 0.0, 0.0, 163055553.74572513]]}","[0.16861947232665692, -1.1823700921289086, 0.0]",False
3,P12,8fb3067a-529c-46ff-91ee-9777d757f3f3,31,1,haply,mpc,seeded_random,2826394735,persist_session,10.0,62.40992820739745,16285.591304908,0,1785943627.4339454,337.0,True,aggressive,adaptive,0.08,-0.08,0.0,0.08,0.08,0.0,0.0789822068999999,0.0754400799999999,0.0,0.031362895,-0.109128356,0.27848616,-0.0016735643,0.024415148,0.043192163,"[5.5557998014670975, -0.5486163749125168, 0.0, 0.0, 0.0, 0.0, 3.7107244983890677, -0.752265480619835]","[0.00571228592502922, -0.03593165065809674, 0.0]","{""Controller Type"": ""MPC Controller"", ""weight_comfort"": 232.16359151993586, ""weight_trajectory"": 859809.1702048418, ""weight_goal"": 1630555.5374572512, ""Q"": [[859809.1702048418, 0.0, 0.0, 0.0], [0.0, 0.0, 0.0, 0.0], [0.0, 0.0, 859809.1702048418, 0.0], [0.0, 0.0, 0.0, 0.0]], ""R"": [[232.16359151993586, 0.0], [0.0, 232.16359151993586]], ""P"": [[1630555.5374572512, 0.0, 0.0, 0.0], [0.0, 163055553.74572513, 0.0, 0.0], [0.0, 0.0, 1630555.5374572512, 0.0], [0.0, 0.0, 0.0, 163055553.74572513]]}","[0.16121848568284086, -1.4284581607104108, 0.0]",False
3,P12,8fb3067a-529c-46ff-91ee-9777d757f3f3,31,1,haply,mpc,seeded_random,2826394735,persist_session,10.0,62.41986692428588,16285.601248008,0,1785943627.4440894,338.0,True,aggressive,adaptive,0.08,-0.08,0.0,0.08,0.08,0.0,0.0789841629,0.0764278999999999,0.0,0.031362515,-0.10890504,0.27885607,-0.0011988414,0.024203552,0.04283454,"[5.555891628614247, -0.548635306349675, 0.0, 0.0, 0.0, 0.0, 3.664932857472673, -0.7080221537553915]","[0.005486488392997403, -0.044621003774800036, 0.0]","{""Controller Type"": ""MPC Controller"", ""weight_comfort"": 162.61656515574376, ""weight_trajectory"": 1040794.595443675, ""weight_goal"": 1974469.3377565923, ""Q"": [[1040794.595443675, 0.0, 0.0, 0.0], [0.0, 0.0, 0.0, 0.0], [0.0, 0.0, 1040794.595443675, 0.0], [0.0, 0.0, 0.0, 0.0]], ""R"": [[162.61656515574376, 0.0], [0.0, 162.61656515574376]], ""P"": [[1974469.3377565923, 0.0, 0.0, 0.0], [0.0, 197446933.77565923, 0.0, 0.0], [0.0, 0.0, 1974469.3377565923, 0.0], [0.0, 0.0, 0.0, 197446933.77565923]]}","[0.16296134144668642, -1.653951707990634, 0.0]",False
3,P12,8fb3067a-529c-46ff-91ee-9777d757f3f3,31,1,haply,mpc,seeded_random,2826394735,persist_session,10.0,62.42981946945189,16285.611197331,0,1785943627.4540107,339.0,True,aggressive,adaptive,0.08,-0.08,0.0,0.08,0.08,0.0,0.0789830229,0.07716772,0.0,0.031363405,-0.108696304,0.2792873,-0.00086240977,0.024054518,0.042548437,"[5.555843080892271, -0.5486244655328715, 0.0, 0.0, 0.0, 0.0, 3.617267041865365, -0.6632441737474926]","[0.005538043870216409, -0.05166533021784191, 0.0]","{""Controller Type"": ""MPC Controller"", ""weight_comfort"": 162.61656515574376, ""weight_trajectory"": 1040794.595443675, ""weight_goal"": 1974469.3377565923, ""Q"": [[1040794.595443675, 0.0, 0.0, 0.0], [0.0, 0.0, 0.0, 0.0], [0.0, 0.0, 1040794.595443675, 0.0], [0.0, 0.0, 0.0, 0.0]], ""R"": [[162.61656515574376, 0.0], [0.0, 162.61656515574376]], ""P"": [[1974469.3377565923, 0.0, 0.0, 0.0], [0.0, 197446933.77565923, 0.0, 0.0], [0.0, 0.0, 1974469.3377565923, 0.0], [0.0, 0.0, 0.0, 197446933.77565923]]}","[0.1730727101466653, -1.2878374959701142, 0.0]",False
3,P12,8fb3067a-529c-46ff-91ee-9777d757f3f3,31,1,haply,mpc,seeded_random,2826394735,persist_session,10.0,62.439948205947864,16285.621320516,0,1785943627.4641352,340.0,True,aggressive,adaptive,0.08,-0.08,0.0,0.08,0.08,0.0,0.0789856928999999,0.07803018,0.0,0.03136295,-0.10847061,0.27965623,-0.00062470464,0.023865514,0.04224237,"[5.55572799828424, -0.548593951516382, 0.0, 0.0, 0.0, 0.0, 3.690816352788672, -0.7324916935550965]","[0.005713083871966918, -0.04416757504650516, 0.0]","{""Controller Type"": ""MPC Controller"", ""weight_comfort"": 162.61656515574376, ""weight_trajectory"": 1040794.595443675, ""weight_goal"": 1974469.3377565923, ""Q"": [[1040794.595443675, 0.0, 0.0, 0.0], [0.0, 0.0, 0.0, 0.0], [0.0, 0.0, 1040794.595443675, 0.0], [0.0, 0.0, 0.0, 0.0]], ""R"": [[162.61656515574376, 0.0], [0.0, 162.61656515574376]], ""P"": [[1974469.3377565923, 0.0, 0.0, 0.0], [0.0, 197446933.77565923, 0.0, 0.0], [0.0, 0.0, 1974469.3377565923, 0.0], [0.0, 0.0, 0.0, 197446933.77565923]]}","[0.16567163775740198, -1.507573857643452, 0.0]",False
3,P12,8fb3067a-529c-46ff-91ee-9777d757f3f3,31,1,haply,mpc,seeded_random,2826394735,persist_session,10.0,62.44978321075438,16285.631157023,0,1785943627.4742172,341.0,True,aggressive,adaptive,0.08,-0.08,0.0,0.08,0.08,0.0,0.0789843279,0.0787680399999999,0.0,0.031362463,-0.108243726,0.28002465,-0.00044869454,0.02369601,0.041970517,"[5.555818743684797, -0.5486132471550478, 0.0, 0.0, 0.0, 0.0, 3.6480936745275523, -0.6932550909356426]","[0.0054906271217407075, -0.051869473978388474, 0.0]","{""Controller Type"": ""MPC Controller"", ""weight_comfort"": 94.2261269699335, ""weight_trajectory"": 1218830.18325908, ""weight_goal"": 2312699.7270984263, ""Q"": [[1218830.18325908, 0.0, 0.0, 0.0], [0.0, 0.0, 0.0, 0.0], [0.0, 0.0, 1218830.18325908, 0.0], [0.0, 0.0, 0.0, 0.0]], ""R"": [[94.2261269699335, 0.0], [0.0, 94.2261269699335]], ""P"": [[2312699.7270984263, 0.0, 0.0, 0.0], [0.0, 231269972.70984262, 0.0, 0.0], [0.0, 0.0, 2312699.7270984263, 0.0], [0.0, 0.0, 0.0, 231269972.70984262]]}","[0.17322948183203035, -1.3084345802380444, 0.0]",False
3,P12,8fb3067a-529c-46ff-91ee-9777d757f3f3,31,1,haply,mpc,seeded_random,2826394735,persist_session,10.0,62.459869270324695,16285.64124865,0,1785943627.4838548,342.0,True,aggressive,adaptive,0.08,-0.08,0.0,0.08,0.08,0.0,0.0789828669,0.0795048799999999,0.0,0.031365246,-0.10814336,0.28039426,-0.00032183487,0.023488285,0.04164318,"[5.555675995918351, -0.5485750283410493, 0.0, 0.0, 0.0, 0.0, 3.6867554746114277, -0.728404753659149]","[0.0057170165234977305, -0.04876697044403667, 0.0]","{""Controller Type"": ""MPC Controller"", ""weight_comfort"": 94.2261269699335, ""weight_trajectory"": 1218830.18325908, ""weight_goal"": 2312699.7270984263, ""Q"": [[1218830.18325908, 0.0, 0.0, 0.0], [0.0, 0.0, 0.0, 0.0], [0.0, 0.0, 1218830.18325908, 0.0], [0.0, 0.0, 0.0, 0.0]], ""R"": [[94.2261269699335, 0.0], [0.0, 94.2261269699335]], ""P"": [[2312699.7270984263, 0.0, 0.0, 0.0], [0.0, 231269972.70984262, 0.0, 0.0], [0.0, 0.0, 2312699.7270984263, 0.0], [0.0, 0.0, 0.0, 231269972.70984262]]}","[0.17719110358614162, -1.4048916787164425, 0.0]",False
3,P12,8fb3067a-529c-46ff-91ee-9777d757f3f3,31,1,haply,mpc,seeded_random,2826394735,persist_session,10.0,62.46981108665465,16285.651189437,0,1785943627.4939938,343.0,True,aggressive,adaptive,0.08,-0.08,0.0,0.08,0.08,0.0,0.0789912159,0.0802440999999999,0.0,0.03136635,-0.1079782,0.28076294,-0.00021569329,0.022605509,0.041168977,"[5.555652484341261, -0.5485686866992403, 0.0, 0.0, 0.0, 0.0, 3.6725056316459095, -0.7156571417342278]","[0.00573399767238629, -0.052897067493132714, 0.0]","{""Controller Type"": ""MPC Controller"", ""weight_comfort"": 94.2261269699335, ""weight_trajectory"": 1218830.18325908, ""weight_goal"": 2312699.7270984263, ""Q"": [[1218830.18325908, 0.0, 0.0, 0.0], [0.0, 0.0, 0.0, 0.0], [0.0, 0.0, 1218830.18325908, 0.0], [0.0, 0.0, 0.0, 0.0]], ""R"": [[94.2261269699335, 0.0], [0.0, 94.2261269699335]], ""P"": [[2312699.7270984263, 0.0, 0.0, 0.0], [0.0, 231269972.70984262, 0.0, 0.0], [0.0, 0.0, 2312699.7270984263, 0.0], [0.0, 0.0, 0.0, 231269972.70984262]]}","[0.1576728317704942, -1.3942857497840926, 0.0]",False
3,P12,8fb3067a-529c-46ff-91ee-9777d757f3f3,31,1,haply,mpc,seeded_random,2826394735,persist_session,10.0,62.4800211238861,16285.661397316,0,1785943627.5038867,344.0,True,aggressive,adaptive,0.08,-0.08,0.0,0.08,0.08,0.0,0.0789945279,0.08098146,0.0,0.03136817,-0.10790998,0.28100935,-0.00013070414,0.021440066,0.04044953,"[5.555872252494776, -0.5485931731354361, 0.0, 0.0, 0.0, 0.0, 3.6830181725970594, -0.7249233672141739]","[0.0051529338402834, -0.05375221140076107, 0.0]","{""Controller Type"": ""MPC Controller"", ""weight_comfort"": 94.2261269699335, ""weight_trajectory"": 1218830.18325908, ""weight_goal"": 2312699.7270984263, ""Q"": [[1218830.18325908, 0.0, 0.0, 0.0], [0.0, 0.0, 0.0, 0.0], [0.0, 0.0, 1218830.18325908, 0.0], [0.0, 0.0, 0.0, 0.0]], ""R"": [[94.2261269699335, 0.0], [0.0, 94.2261269699335]], ""P"": [[2312699.7270984263, 0.0, 0.0, 0.0], [0.0, 231269972.70984262, 0.0, 0.0], [0.0, 0.0, 2312699.7270984263, 0.0], [0.0, 0.0, 0.0, 231269972.70984262]]}","[0.1576728317704942, -1.3942857497840926, 0.0]",False
3,P12,8fb3067a-529c-46ff-91ee-9777d757f3f3,31,1,haply,mpc,seeded_random,2826394735,persist_session,10.0,62.4900137233734,16285.671382116,0,1785943627.5140326,345.0,True,aggressive,adaptive,0.08,-0.08,0.0,0.08,0.08,0.0,0.0789999879,0.0814742799999999,0.0,0.031367037,-0.10776276,0.28119242,-6.926792e-05,0.019976864,0.038912263,"[5.555720168326485, -0.5485625873442621, 0.0, 0.0, 0.0, 0.0, 3.6747848555625016, -0.7177690887493002]","[0.00540247154757823, -0.05710482449343658, 0.0]","{""Controller Type"": ""MPC Controller"", ""weight_comfort"": 56.16505789460909, ""weight_trajectory"": 1317678.35968805, ""weight_goal"": 2501000.0, ""Q"": [[1317678.35968805, 0.0, 0.0, 0.0], [0.0, 0.0, 0.0, 0.0], [0.0, 0.0, 1317678.35968805, 0.0], [0.0, 0.0, 0.0, 0.0]], ""R"": [[56.16505789460909, 0.0], [0.0, 56.16505789460909]], ""P"": [[2501000.0, 0.0, 0.0, 0.0], [0.0, 250100000.0, 0.0, 0.0], [0.0, 0.0, 2501000.0, 0.0], [0.0, 0.0, 0.0, 250100000.0]]}","[0.1661697334554467, -1.550848992224846, 0.0]",False
3,P12,8fb3067a-529c-46ff-91ee-9777d757f3f3,31,1,haply,mpc,seeded_random,2826394735,persist_session,10.0,62.49985397338866,16285.681232882,0,1785943627.5238636,346.0,True,aggressive,adaptive,0.08,-0.08,0.0,0.08,0.08,0.0,0.0789965889,0.0818404199999999,0.0,0.03136717,-0.10762974,0.28143746,-3.0117062e-05,0.018414563,0.036412023,"[5.555758726864573, -0.548568991847615, 0.0, 0.0, 0.0, 0.0, 3.738329175435351, -0.7716835309435739]","[0.005260614494897804, -0.042994561689868774, 0.0]","{""Controller Type"": ""MPC Controller"", ""weight_comfort"": 56.16505789460909, ""weight_trajectory"": 1317678.35968805, ""weight_goal"": 2501000.0, ""Q"": [[1317678.35968805, 0.0, 0.0, 0.0], [0.0, 0.0, 0.0, 0.0], [0.0, 0.0, 1317678.35968805, 0.0], [0.0, 0.0, 0.0, 0.0]], ""R"": [[56.16505789460909, 0.0], [0.0, 56.16505789460909]], ""P"": [[2501000.0, 0.0, 0.0, 0.0], [0.0, 250100000.0, 0.0, 0.0], [0.0, 0.0, 2501000.0, 0.0], [0.0, 0.0, 0.0, 250100000.0]]}","[0.18005854890352535, -1.0126084457587465, 0.0]",False
3,P12,8fb3067a-529c-46ff-91ee-9777d757f3f3,31,1,haply,mpc,seeded_random,2826394735,persist_session,10.0,62.50984776496886,16285.691226068,0,1785943627.533986,347.0,True,aggressive,adaptive,0.08,-0.08,0.0,0.08,0.08,0.0,0.0789969879,0.0823304999999999,0.0,0.031366017,-0.10748189,0.2816201,-1.3368682e-05,0.01727654,0.033892,"[5.555444100104478, -0.5484767389600006, 0.0, 0.0, 0.0, 0.0, 3.760948108684739, -0.7904034425763055]","[0.0057640272321182505, -0.03635919116824114, 0.0]","{""Controller Type"": ""MPC Controller"", ""weight_comfort"": 56.16505789460909, ""weight_trajectory"": 1317678.35968805, ""weight_goal"": 2501000.0, ""Q"": [[1317678.35968805, 0.0, 0.0, 0.0], [0.0, 0.0, 0.0, 0.0], [0.0, 0.0, 1317678.35968805, 0.0], [0.0, 0.0, 0.0, 0.0]], ""R"": [[56.16505789460909, 0.0], [0.0, 56.16505789460909]], ""P"": [[2501000.0, 0.0, 0.0, 0.0], [0.0, 250100000.0, 0.0, 0.0], [0.0, 0.0, 2501000.0, 0.0], [0.0, 0.0, 0.0, 250100000.0]]}","[0.18005854890352535, -1.0126084457587465, 0.0]",False
3,P12,8fb3067a-529c-46ff-91ee-9777d757f3f3,31,1,haply,mpc,seeded_random,2826394735,persist_session,10.0,62.51985419273375,16285.701233221,0,1785943627.5438466,348.0,True,aggressive,adaptive,0.08,-0.08,0.0,0.08,0.08,0.0,0.0789935289,0.0826957799999999,0.0,0.031368185,-0.10746146,0.2818055,-1.2300106e-05,0.01643415,0.031324904,"[5.555541584377455, -0.5485006132784455, 0.0, 0.0, 0.0, 0.0, 3.7307445942617807, -0.7653658295891898]","[0.0055506546767983105, -0.0457503586904893, 0.0]","{""Controller Type"": ""MPC Controller"", ""weight_comfort"": 56.18396604767012, ""weight_trajectory"": 1317109.980607036, ""weight_goal"": 2501000.0, ""Q"": [[1317109.980607036, 0.0, 0.0, 0.0], [0.0, 0.0, 0.0, 0.0], [0.0, 0.0, 1317109.980607036, 0.0], [0.0, 0.0, 0.0, 0.0]], ""R"": [[56.18396604767012, 0.0], [0.0, 56.18396604767012]], ""P"": [[2501000.0, 0.0, 0.0, 0.0], [0.0, 250100000.0, 0.0, 0.0], [0.0, 0.0, 2501000.0, 0.0], [0.0, 0.0, 0.0, 250100000.0]]}","[0.1806803369779815, -1.1568753528629605, 0.0]",False
3,P12,8fb3067a-529c-46ff-91ee-9777d757f3f3,31,1,haply,mpc,seeded_random,2826394735,persist_session,10.0,62.53023612976073,16285.711608558,0,1785943627.5540185,349.0,True,aggressive,adaptive,0.08,-0.08,0.0,0.08,0.08,0.0,0.0790000328999999,0.0830665799999999,0.0,0.031367403,-0.10736251,0.2819271,-1.3898849e-05,0.015346697,0.028408028,"[5.555391541661904, -0.5484565505757962, 0.0, 0.0, 0.0, 0.0, 3.754430770271065, -0.7844201565495447]","[0.005783731111304332, -0.03917903872607074, 0.0]","{""Controller Type"": ""MPC Controller"", ""weight_comfort"": 56.18396604767012, ""weight_trajectory"": 1317109.980607036, ""weight_goal"": 2501000.0, ""Q"": [[1317109.980607036, 0.0, 0.0, 0.0], [0.0, 0.0, 0.0, 0.0], [0.0, 0.0, 1317109.980607036, 0.0], [0.0, 0.0, 0.0, 0.0]], ""R"": [[56.18396604767012, 0.0], [0.0, 56.18396604767012]], ""P"": [[2501000.0, 0.0, 0.0, 0.0], [0.0, 250100000.0, 0.0, 0.0], [0.0, 0.0, 2501000.0, 0.0], [0.0, 0.0, 0.0, 250100000.0]]}","[0.16109918343525423, -1.2100275453666205, 0.0]",False
3,P12,8fb3067a-529c-46ff-91ee-9777d757f3f3,31,1,haply,mpc,seeded_random,2826394735,persist_session,10.0,62.539787893295276,16285.72116628,0,1785943627.563831,350.0,True,aggressive,adaptive,0.08,-0.08,0.0,0.08,0.08,0.0,0.0789976869,0.0833097799999999,0.0,0.031367008,-0.10731292,0.28198788,-1.6941547e-05,0.014172437,0.025517842,"[5.555625750017463, -0.5484910340548669, 0.0, 0.0, 0.0, 0.0, 3.7548153073891526, -0.7847254888764027]","[0.005204732768116566, -0.04012035486813147, 0.0]","{""Controller Type"": ""MPC Controller"", ""weight_comfort"": 56.1829008792962, ""weight_trajectory"": 1317141.9995683562, ""weight_goal"": 2501000.0, ""Q"": [[1317141.9995683562, 0.0, 0.0, 0.0], [0.0, 0.0, 0.0, 0.0], [0.0, 0.0, 1317141.9995683562, 0.0], [0.0, 0.0, 0.0, 0.0]], ""R"": [[56.1829008792962, 0.0], [0.0, 56.1829008792962]], ""P"": [[2501000.0, 0.0, 0.0, 0.0], [0.0, 250100000.0, 0.0, 0.0], [0.0, 0.0, 2501000.0, 0.0], [0.0, 0.0, 0.0, 250100000.0]]}","[0.17787890416759122, -1.0346143358020439, 0.0]",False
3,P12,8fb3067a-529c-46ff-91ee-9777d757f3f3,31,1,haply,mpc,seeded_random,2826394735,persist_session,10.0,62.549840574264515,16285.731223264,0,1785943627.573975,351.0,True,aggressive,adaptive,0.08,-0.08,0.0,0.08,0.08,0.0,0.0789965019,0.08343134,0.0,0.031366613,-0.10726335,0.28204858,-1.0853123e-05,0.012638182,0.022779308,"[5.555319359388946, -0.5484050165234775, 0.0, 0.0, 0.0, 0.0, 3.7734970981661857, -0.7988114851976384]","[0.005699282328082309, -0.032287570358373006, 0.0]","{""Controller Type"": ""MPC Controller"", ""weight_comfort"": 56.1829008792962, ""weight_trajectory"": 1317141.9995683562, ""weight_goal"": 2501000.0, ""Q"": [[1317141.9995683562, 0.0, 0.0, 0.0], [0.0, 0.0, 0.0, 0.0], [0.0, 0.0, 1317141.9995683562, 0.0], [0.0, 0.0, 0.0, 0.0]], ""R"": [[56.1829008792962, 0.0], [0.0, 56.1829008792962]], ""P"": [[2501000.0, 0.0, 0.0, 0.0], [0.0, 250100000.0, 0.0, 0.0], [0.0, 0.0, 2501000.0, 0.0], [0.0, 0.0, 0.0, 250100000.0]]}","[0.17580517059948095, -0.817048857118392, 0.0]",False
3,P12,8fb3067a-529c-46ff-91ee-9777d757f3f3,31,1,haply,mpc,seeded_random,2826394735,persist_session,10.0,62.56000769615172,16285.74137335,0,1785943627.5837877,352.0,True,aggressive,adaptive,0.08,-0.08,0.0,0.08,0.08,0.0,0.0789953169,0.0835527399999999,0.0,0.031367887,-0.10727766,0.2821109,-2.9170656e-06,0.0111051155,0.020287303,"[5.555339444555687, -0.5484103508897966, 0.0, 0.0, 0.0, 0.0, 3.786066374203146, -0.8072054955831613]","[0.005638835205043312, -0.02266415554464844, 0.0]","{""Controller Type"": ""MPC Controller"", ""weight_comfort"": 56.1829008792962, ""weight_trajectory"": 1317141.9995683562, ""weight_goal"": 2501000.0, ""Q"": [[1317141.9995683562, 0.0, 0.0, 0.0], [0.0, 0.0, 0.0, 0.0], [0.0, 0.0, 1317141.9995683562, 0.0], [0.0, 0.0, 0.0, 0.0]], ""R"": [[56.1829008792962, 0.0], [0.0, 56.1829008792962]], ""P"": [[2501000.0, 0.0, 0.0, 0.0], [0.0, 250100000.0, 0.0, 0.0], [0.0, 0.0, 2501000.0, 0.0], [0.0, 0.0, 0.0, 250100000.0]]}","[0.17608384342619304, -0.8453041256312958, 0.0]",False
3,P12,8fb3067a-529c-46ff-91ee-9777d757f3f3,31,1,haply,mpc,seeded_random,2826394735,persist_session,10.0,62.56989586830138,16285.751275977,0,1785943627.5938582,353.0,True,aggressive,adaptive,0.08,-0.08,0.0,0.08,0.08,0.0,0.0789991388999999,0.0836773799999999,0.0,0.031366218,-0.10721376,0.28210932,-1.199895e-05,0.009601663,0.0167752,"[5.555320439325173, -0.5484052941309121, 0.0, 0.0, 0.0, 0.0, 3.7854044964933773, -0.8067637130340135]","[0.005647565337439621, -0.02342996552777442, 0.0]","{""Controller Type"": ""MPC Controller"", ""weight_comfort"": 56.1829008792962, ""weight_trajectory"": 1317141.9995683562, ""weight_goal"": 2501000.0, ""Q"": [[1317141.9995683562, 0.0, 0.0, 0.0], [0.0, 0.0, 0.0, 0.0], [0.0, 0.0, 1317141.9995683562, 0.0], [0.0, 0.0, 0.0, 0.0]], ""R"": [[56.1829008792962, 0.0], [0.0, 56.1829008792962]], ""P"": [[2501000.0, 0.0, 0.0, 0.0], [0.0, 250100000.0, 0.0, 0.0], [0.0, 0.0, 2501000.0, 0.0], [0.0, 0.0, 0.0, 250100000.0]]}","[0.17608384342619304, -0.8453041256312958, 0.0]",False
3,P12,8fb3067a-529c-46ff-91ee-9777d757f3f3,31,1,haply,mpc,seeded_random,2826394735,persist_session,10.0,62.579874877929676,16285.761249637,0,1785943627.6040182,354.0,True,aggressive,adaptive,0.08,-0.08,0.0,0.08,0.08,0.0,0.0789941319,0.0836742199999999,0.0,0.031366218,-0.10721376,0.28210932,-1.5206364e-05,0.008331918,0.014136864,"[5.555442440023978, -0.5484289094151042, 0.0, 0.0, 0.0, 0.0, 3.785144825216868, -0.8065914958319421]","[0.005352085393262934, -0.023902330477354176, 0.0]","{""Controller Type"": ""MPC Controller"", ""weight_comfort"": 56.192442297564945, ""weight_trajectory"": 1316855.1845351974, ""weight_goal"": 2501000.0, ""Q"": [[1316855.1845351974, 0.0, 0.0, 0.0], [0.0, 0.0, 0.0, 0.0], [0.0, 0.0, 1316855.1845351974, 0.0], [0.0, 0.0, 0.0, 0.0]], ""R"": [[56.192442297564945, 0.0], [0.0, 56.192442297564945]], ""P"": [[2501000.0, 0.0, 0.0, 0.0], [0.0, 250100000.0, 0.0, 0.0], [0.0, 0.0, 2501000.0, 0.0], [0.0, 0.0, 0.0, 250100000.0]]}","[0.18322255724395758, -0.6299233457568986, 0.0]",False
3,P12,8fb3067a-529c-46ff-91ee-9777d757f3f3,31,1,haply,mpc,seeded_random,2826394735,persist_session,10.0,62.58978713035582,16285.771166555,0,1785943627.614243,355.0,True,aggressive,adaptive,0.08,-0.08,0.0,0.08,0.08,0.0,0.0789941319,0.0836742199999999,0.0,0.031366218,-0.10721376,0.28210932,-1.7437274e-05,0.0074487487,0.012301768,"[5.555127449904524, -0.5483314668193692, 0.0, 0.0, 0.0, 0.0, 3.790749323153571, -0.8086201110172486]","[0.00585795225926354, -0.013676546263118669, 0.0]","{""Controller Type"": ""MPC Controller"", ""weight_comfort"": 56.192442297564945, ""weight_trajectory"": 1316855.1845351974, ""weight_goal"": 2501000.0, ""Q"": [[1316855.1845351974, 0.0, 0.0, 0.0], [0.0, 0.0, 0.0, 0.0], [0.0, 0.0, 1316855.1845351974, 0.0], [0.0, 0.0, 0.0, 0.0]], ""R"": [[56.192442297564945, 0.0], [0.0, 56.192442297564945]], ""P"": [[2501000.0, 0.0, 0.0, 0.0], [0.0, 250100000.0, 0.0, 0.0], [0.0, 0.0, 2501000.0, 0.0], [0.0, 0.0, 0.0, 250100000.0]]}","[0.17403717293728552, -0.6357203931635229, 0.0]",False
3,P12,8fb3067a-529c-46ff-91ee-9777d757f3f3,31,1,haply,mpc,seeded_random,2826394735,persist_session,10.0,62.599799280166614,16285.781176694,0,1785943627.6240678,356.0,True,aggressive,adaptive,0.08,-0.08,0.0,0.08,0.08,0.0,0.0789941319,0.0836742199999999,0.0,0.031415556,-0.10720259,0.2821081,-1.9197563e-05,0.006817315,0.010989754,"[5.555257933005822, -0.5483641236612294, 0.0, 0.0, 0.0, 0.0, 3.7905412275716035, -0.8085412895242671]","[0.005587856742082501, -0.013927282389168, 0.0]","{""Controller Type"": ""MPC Controller"", ""weight_comfort"": 56.19520612252175, ""weight_trajectory"": 1316772.1039569958, ""weight_goal"": 2501000.0, ""Q"": [[1316772.1039569958, 0.0, 0.0, 0.0], [0.0, 0.0, 0.0, 0.0], [0.0, 0.0, 1316772.1039569958, 0.0], [0.0, 0.0, 0.0, 0.0]], ""R"": [[56.19520612252175, 0.0], [0.0, 56.19520612252175]], ""P"": [[2501000.0, 0.0, 0.0, 0.0], [0.0, 250100000.0, 0.0, 0.0], [0.0, 0.0, 2501000.0, 0.0], [0.0, 0.0, 0.0, 250100000.0]]}","[0.1740371729302563, -0.6357203931400118, 0.0]",False
3,P12,8fb3067a-529c-46ff-91ee-9777d757f3f3,31,1,haply,mpc,seeded_random,2826394735,persist_session,10.0,62.60981309890746,16285.791197304,0,1785943627.6342332,357.0,True,aggressive,adaptive,0.08,-0.08,0.0,0.08,0.08,0.0,0.0791421458999999,0.0836717799999999,0.0,0.03151423,-0.1071802,0.28210557,4.2734373e-05,0.0057854312,0.007855716,"[5.555240804567698, -0.5483598368172662, 0.0, 0.0, 0.0, 0.0, 3.7904758098238487, -0.8085165108889074]","[0.00558783951313299, -0.013927042029970846, 0.0]","{""Controller Type"": ""MPC Controller"", ""weight_comfort"": 56.19520612252175, ""weight_trajectory"": 1316772.1039569958, ""weight_goal"": 2501000.0, ""Q"": [[1316772.1039569958, 0.0, 0.0, 0.0], [0.0, 0.0, 0.0, 0.0], [0.0, 0.0, 1316772.1039569958, 0.0], [0.0, 0.0, 0.0, 0.0]], ""R"": [[56.19520612252175, 0.0], [0.0, 56.19520612252175]], ""P"": [[2501000.0, 0.0, 0.0, 0.0], [0.0, 250100000.0, 0.0, 0.0], [0.0, 0.0, 2501000.0, 0.0], [0.0, 0.0, 0.0, 250100000.0]]}","[-0.12295897541523348, -0.6308235988156811, 0.0]",False
3,P12,8fb3067a-529c-46ff-91ee-9777d757f3f3,31,1,haply,mpc,seeded_random,2826394735,persist_session,10.0,62.619813566207874,16285.80119026,0,1785943627.6441996,358.0,True,aggressive,adaptive,0.08,-0.08,0.0,0.08,0.08,0.0,0.0794381679,0.08366672,0.0,0.031612888,-0.107157715,0.28210306,0.0002054784,0.004203748,0.0056495736,"[5.543040554275674, -0.5366763724094813, 0.0, 0.0, 0.0, 0.0, 3.790521121296713, -0.8085330898155693]","[-0.003059152148048581, -0.013723888532740633, 0.0]","{""Controller Type"": ""MPC Controller"", ""weight_comfort"": 56.19520612252175, ""weight_trajectory"": 1316772.1039569958, ""weight_goal"": 2501000.0, ""Q"": [[1316772.1039569958, 0.0, 0.0, 0.0], [0.0, 0.0, 0.0, 0.0], [0.0, 0.0, 1316772.1039569958, 0.0], [0.0, 0.0, 0.0, 0.0]], ""R"": [[56.19520612252175, 0.0], [0.0, 56.19520612252175]], ""P"": [[2501000.0, 0.0, 0.0, 0.0], [0.0, 250100000.0, 0.0, 0.0], [0.0, 0.0, 2501000.0, 0.0], [0.0, 0.0, 0.0, 250100000.0]]}","[-0.4563942077388726, -0.6249589717393852, 0.0]",False
3,P12,8fb3067a-529c-46ff-91ee-9777d757f3f3,31,1,haply,mpc,seeded_random,2826394735,persist_session,10.0,62.62976134300231,16285.811142345,0,1785943627.6543057,359.0,True,aggressive,adaptive,0.08,-0.08,0.0,0.08,0.08,0.0,0.0797341419,0.0836617,0.0,0.031662203,-0.10714645,0.28210184,0.00040811911,0.0030975929,0.0040766424,"[5.5109113645563195, -0.5098378891728831, 0.0, 0.0, 0.0, 0.0, 3.7905806228818992, -0.8085539558732243]","[-0.01204703777513707, -0.013488489080471898, 0.0]","{""Controller Type"": ""MPC Controller"", ""weight_comfort"": 56.18508388355099, ""weight_trajectory"": 1317076.3784604569, ""weight_goal"": 2501000.0, ""Q"": [[1317076.3784604569, 0.0, 0.0, 0.0], [0.0, 0.0, 0.0, 0.0], [0.0, 0.0, 1317076.3784604569, 0.0], [0.0, 0.0, 0.0, 0.0]], ""R"": [[56.18508388355099, 0.0], [0.0, 56.18508388355099]], ""P"": [[2501000.0, 0.0, 0.0, 0.0], [0.0, 250100000.0, 0.0, 0.0], [0.0, 0.0, 2501000.0, 0.0], [0.0, 0.0, 0.0, 250100000.0]]}","[-0.49987508388929813, -0.6242947780003655, 0.0]",False
3,P12,8fb3067a-529c-46ff-91ee-9777d757f3f3,31,1,haply,mpc,seeded_random,2826394735,persist_session,10.0,62.63981092453002,16285.821188707,0,1785943627.664023,360.0,True,aggressive,adaptive,0.08,-0.08,0.0,0.08,0.08,0.0,0.0798820869,0.0836592599999999,0.0,0.031715225,-0.10726297,0.2821037,0.0005914499,0.0024048882,0.0029242805,"[5.511505937133922, -0.5103203568216783, 0.0, 0.0, 0.0, 0.0, 3.7905157621856604, -0.8085311715668925]","[-0.013480676817719502, -0.013478100119353596, 0.0]","{""Controller Type"": ""MPC Controller"", ""weight_comfort"": 56.18508388355099, ""weight_trajectory"": 1317076.3784604569, ""weight_goal"": 2501000.0, ""Q"": [[1317076.3784604569, 0.0, 0.0, 0.0], [0.0, 0.0, 0.0, 0.0], [0.0, 0.0, 1317076.3784604569, 0.0], [0.0, 0.0, 0.0, 0.0]], ""R"": [[56.18508388355099, 0.0], [0.0, 56.18508388355099]], ""P"": [[2501000.0, 0.0, 0.0, 0.0], [0.0, 250100000.0, 0.0, 0.0], [0.0, 0.0, 2501000.0, 0.0], [0.0, 0.0, 0.0, 250100000.0]]}","[-0.26336432918563163, -0.6284541657982277, 0.0]",False
3,P12,8fb3067a-529c-46ff-91ee-9777d757f3f3,31,1,haply,mpc,seeded_random,2826394735,persist_session,10.0,62.64984167098998,16285.831221344,0,1785943627.673994,361.0,True,aggressive,adaptive,0.08,-0.08,0.0,0.08,0.08,0.0,0.0800411529,0.08366298,0.0,0.031717073,-0.10732694,0.28210527,0.0008584406,0.0017781309,0.00204556,"[5.527754967125434, -0.5234555188920715, 0.0, 0.0, 0.0, 0.0, 3.7903376069410464, -0.8084661037222705]","[-0.007317632605795008, -0.01366682955561715, 0.0]","{""Controller Type"": ""MPC Controller"", ""weight_comfort"": 56.18508388355099, ""weight_trajectory"": 1317076.3784604569, ""weight_goal"": 2501000.0, ""Q"": [[1317076.3784604569, 0.0, 0.0, 0.0], [0.0, 0.0, 0.0, 0.0], [0.0, 0.0, 1317076.3784604569, 0.0], [0.0, 0.0, 0.0, 0.0]], ""R"": [[56.18508388355099, 0.0], [0.0, 56.18508388355099]], ""P"": [[2501000.0, 0.0, 0.0, 0.0], [0.0, 250100000.0, 0.0, 0.0], [0.0, 0.0, 2501000.0, 0.0], [0.0, 0.0, 0.0, 250100000.0]]}","[-0.3044549489274299, -0.6407314724825006, 0.0]",False
3,P12,8fb3067a-529c-46ff-91ee-9777d757f3f3,31,1,haply,mpc,seeded_random,2826394735,persist_session,10.0,62.66000187873839,16285.841366028,0,1785943627.6839054,362.0,True,aggressive,adaptive,0.08,-0.08,0.0,0.08,0.08,0.0,0.0800466968999999,0.08366612,0.0,0.031767,-0.10736517,0.28204316,0.002518389,0.0012948666,0.0014416039,"[5.526748389422466, -0.522664801158993, 0.0, 0.0, 0.0, 0.0, 3.789962338948087, -0.8083168850342819]","[-0.008565323262551279, -0.014184120388926367, 0.0]","{""Controller Type"": ""MPC Controller"", ""weight_comfort"": 56.18508388355099, ""weight_trajectory"": 1317076.3784604569, ""weight_goal"": 2501000.0, ""Q"": [[1317076.3784604569, 0.0, 0.0, 0.0], [0.0, 0.0, 0.0, 0.0], [0.0, 0.0, 1317076.3784604569, 0.0], [0.0, 0.0, 0.0, 0.0]], ""R"": [[56.18508388355099, 0.0], [0.0, 56.18508388355099]], ""P"": [[2501000.0, 0.0, 0.0, 0.0], [0.0, 250100000.0, 0.0, 0.0], [0.0, 0.0, 2501000.0, 0.0], [0.0, 0.0, 0.0, 250100000.0]]}","[-0.01850532263939769, -0.6402260353056304, 0.0]",False
3,P12,8fb3067a-529c-46ff-91ee-9777d757f3f3,31,1,haply,mpc,seeded_random,2826394735,persist_session,10.0,62.66981852531432,16285.851200224,0,1785943627.694043,363.0,True,aggressive,adaptive,0.08,-0.08,0.0,0.08,0.08,0.0,0.0801964778999999,0.0835419,0.0,0.031767543,-0.10741479,0.28198236,0.0031687194,0.00063617114,0.0011685797,"[5.527636003111219, -0.5232467663080819, 0.0, 0.0, 0.0, 0.0, 3.7899210830132017, -0.8083005944939231]","[-0.0005508076178765993, -0.014150383309834374, 0.0]","{""Controller Type"": ""MPC Controller"", ""weight_comfort"": 56.188944034561935, ""weight_trajectory"": 1316960.3423210678, ""weight_goal"": 2501000.0, ""Q"": [[1316960.3423210678, 0.0, 0.0, 0.0], [0.0, 0.0, 0.0, 0.0], [0.0, 0.0, 1316960.3423210678, 0.0], [0.0, 0.0, 0.0, 0.0]], ""R"": [[56.188944034561935, 0.0], [0.0, 56.188944034561935]], ""P"": [[2501000.0, 0.0, 0.0, 0.0], [0.0, 250100000.0, 0.0, 0.0], [0.0, 0.0, 2501000.0, 0.0], [0.0, 0.0, 0.0, 250100000.0]]}","[-0.3093772521835044, -0.38444052144610086, 0.0]",False
3,P12,8fb3067a-529c-46ff-91ee-9777d757f3f3,31,1,haply,mpc,seeded_random,2826394735,persist_session,10.0,62.67976367950438,16285.861139835,0,1785943627.703844,364.0,True,aggressive,adaptive,0.08,-0.08,0.0,0.08,0.08,0.0,0.0801981069,0.0834202999999999,0.0,0.031767543,-0.10741479,0.28198236,0.0034745545,2.4765493e-05,0.00081854285,"[5.510796755374568, -0.5103857200798694, 0.0, 0.0, 0.0, 0.0, 3.7881713098023746, -0.8038879858319615]","[-0.008623627336690094, -0.00356692746989919, 0.0]","{""Controller Type"": ""MPC Controller"", ""weight_comfort"": 56.188944034561935, ""weight_trajectory"": 1316960.3423210678, ""weight_goal"": 2501000.0, ""Q"": [[1316960.3423210678, 0.0, 0.0, 0.0], [0.0, 0.0, 0.0, 0.0], [0.0, 0.0, 1316960.3423210678, 0.0], [0.0, 0.0, 0.0, 0.0]], ""R"": [[56.188944034561935, 0.0], [0.0, 56.188944034561935]], ""P"": [[2501000.0, 0.0, 0.0, 0.0], [0.0, 250100000.0, 0.0, 0.0], [0.0, 0.0, 2501000.0, 0.0], [0.0, 0.0, 0.0, 250100000.0]]}","[-0.03737470582205195, -0.36054440528603887, 0.0]",False
3,P12,8fb3067a-529c-46ff-91ee-9777d757f3f3,31,1,haply,mpc,seeded_random,2826394735,persist_session,10.0,62.68978178977965,16285.871168334,0,1785943627.7140212,365.0,True,aggressive,adaptive,0.08,-0.08,0.0,0.08,0.08,0.0,0.0801981069,0.0834202999999999,0.0,0.031769414,-0.1074787,0.28198376,0.0036848714,-0.00042535565,0.0005799304,"[5.511892718361472, -0.510762544040589, 0.0, 0.0, 0.0, 0.0, 3.788150455580887, -0.8038411922111124]","[-0.0011768352665983072, -0.002983587911747871, 0.0]","{""Controller Type"": ""MPC Controller"", ""weight_comfort"": 56.186270138705744, ""weight_trajectory"": 1317040.719630505, ""weight_goal"": 2501000.0, ""Q"": [[1317040.719630505, 0.0, 0.0, 0.0], [0.0, 0.0, 0.0, 0.0], [0.0, 0.0, 1317040.719630505, 0.0], [0.0, 0.0, 0.0, 0.0]], ""R"": [[56.186270138705744, 0.0], [0.0, 56.186270138705744]], ""P"": [[2501000.0, 0.0, 0.0, 0.0], [0.0, 250100000.0, 0.0, 0.0], [0.0, 0.0, 2501000.0, 0.0], [0.0, 0.0, 0.0, 250100000.0]]}","[-0.03427688287554546, -0.591787670019114, 0.0]",False
3,P12,8fb3067a-529c-46ff-91ee-9777d757f3f3,31,1,haply,mpc,seeded_random,2826394735,persist_session,10.0,62.69980705261229,16285.881183742,0,1785943627.7239895,366.0,True,aggressive,adaptive,0.08,-0.08,0.0,0.08,0.08,0.0,0.0802037199,0.0834231,0.0,0.031769414,-0.1074787,0.28198376,0.0032281894,-0.0009325955,0.00041685003,"[5.511901997482906, -0.510764863969961, 0.0, 0.0, 0.0, 0.0, 3.782715332020456, -0.801782536945644]","[-0.0010919458178251932, -0.01293802125010936, 0.0]","{""Controller Type"": ""MPC Controller"", ""weight_comfort"": 56.186270138705744, ""weight_trajectory"": 1317040.719630505, ""weight_goal"": 2501000.0, ""Q"": [[1317040.719630505, 0.0, 0.0, 0.0], [0.0, 0.0, 0.0, 0.0], [0.0, 0.0, 1317040.719630505, 0.0], [0.0, 0.0, 0.0, 0.0]], ""R"": [[56.186270138705744, 0.0], [0.0, 56.186270138705744]], ""P"": [[2501000.0, 0.0, 0.0, 0.0], [0.0, 250100000.0, 0.0, 0.0], [0.0, 0.0, 2501000.0, 0.0], [0.0, 0.0, 0.0, 250100000.0]]}","[-0.04574297469217408, -0.5975081701760064, 0.0]",False
3,P12,8fb3067a-529c-46ff-91ee-9777d757f3f3,31,1,haply,mpc,seeded_random,2826394735,persist_session,10.0,62.70978296279906,16285.891168201,0,1785943627.7339704,367.0,True,aggressive,adaptive,0.08,-0.08,0.0,0.08,0.08,0.0,0.0802037199,0.0834231,0.0,0.03177129,-0.10754266,0.28198522,0.0023575264,-0.0019117878,0.00032725424,"[5.5118406342603254, -0.5107359545738954, 0.0, 0.0, 0.0, 0.0, 3.782526903007975, -0.8017082827367875]","[-0.0014104530431357386, -0.013173155068019377, 0.0]","{""Controller Type"": ""MPC Controller"", ""weight_comfort"": 56.186270138705744, ""weight_trajectory"": 1317040.719630505, ""weight_goal"": 2501000.0, ""Q"": [[1317040.719630505, 0.0, 0.0, 0.0], [0.0, 0.0, 0.0, 0.0], [0.0, 0.0, 1317040.719630505, 0.0], [0.0, 0.0, 0.0, 0.0]], ""R"": [[56.186270138705744, 0.0], [0.0, 56.186270138705744]], ""P"": [[2501000.0, 0.0, 0.0, 0.0], [0.0, 250100000.0, 0.0, 0.0], [0.0, 0.0, 2501000.0, 0.0], [0.0, 0.0, 0.0, 250100000.0]]}","[-0.03524810124641981, -0.5922728867911097, 0.0]",False
3,P12,8fb3067a-529c-46ff-91ee-9777d757f3f3,31,1,haply,mpc,seeded_random,2826394735,persist_session,10.0,62.71994984626769,16285.901327115,0,1785943627.7439475,368.0,True,aggressive,adaptive,0.08,-0.08,0.0,0.08,0.08,0.0,0.0802093479,0.0834260199999999,0.0,0.031769954,-0.107528225,0.28192288,0.0017490286,-0.0028352174,0.00015729094,"[5.511875325397545, -0.5107446279125054, 0.0, 0.0, 0.0, 0.0, 3.78259412227317, -0.8017337432811129]","[-0.0011228786901024343, -0.012948197939953386, 0.0]","{""Controller Type"": ""MPC Controller"", ""weight_comfort"": 56.18336506303685, ""weight_trajectory"": 1317128.046205112, ""weight_goal"": 2501000.0, ""Q"": [[1317128.046205112, 0.0, 0.0, 0.0], [0.0, 0.0, 0.0, 0.0], [0.0, 0.0, 1317128.046205112, 0.0], [0.0, 0.0, 0.0, 0.0]], ""R"": [[56.18336506303685, 0.0], [0.0, 56.18336506303685]], ""P"": [[2501000.0, 0.0, 0.0, 0.0], [0.0, 250100000.0, 0.0, 0.0], [0.0, 0.0, 2501000.0, 0.0], [0.0, 0.0, 0.0, 250100000.0]]}","[-0.04673548690936362, -0.5982329376258386, 0.0]",False
3,P12,8fb3067a-529c-46ff-91ee-9777d757f3f3,31,1,haply,mpc,seeded_random,2826394735,persist_session,10.0,62.72980726242064,16285.911188793,0,1785943627.753919,369.0,True,aggressive,adaptive,0.08,-0.08,0.0,0.08,0.08,0.0,0.0802053399,0.0833013399999999,0.0,0.031769954,-0.107528225,0.28192288,0.0012927557,-0.003522879,-8.142588e-05,"[5.511812700980752, -0.5107153323762422, 0.0, 0.0, 0.0, 0.0, 3.7823995475949053, -0.8016569488256926]","[-0.0014419697799972298, -0.013193191949331195, 0.0]","{""Controller Type"": ""MPC Controller"", ""weight_comfort"": 56.18336506303685, ""weight_trajectory"": 1317128.046205112, ""weight_goal"": 2501000.0, ""Q"": [[1317128.046205112, 0.0, 0.0, 0.0], [0.0, 0.0, 0.0, 0.0], [0.0, 0.0, 1317128.046205112, 0.0], [0.0, 0.0, 0.0, 0.0]], ""R"": [[56.18336506303685, 0.0], [0.0, 56.18336506303685]], ""P"": [[2501000.0, 0.0, 0.0, 0.0], [0.0, 250100000.0, 0.0, 0.0], [0.0, 0.0, 2501000.0, 0.0], [0.0, 0.0, 0.0, 250100000.0]]}","[-0.02803647805603754, -0.3381479314219983, 0.0]",False
3,P12,8fb3067a-529c-46ff-91ee-9777d757f3f3,31,1,haply,mpc,seeded_random,2826394735,persist_session,10.0,62.73988092422484,16285.92124217,0,1785943627.7640018,370.0,True,aggressive,adaptive,0.08,-0.08,0.0,0.08,0.08,0.0,0.0802053399,0.0833013399999999,0.0,0.03181943,-0.10751689,0.28192165,0.00097271637,-0.004005337,-0.0002489097,"[5.511843746463463, -0.5107069931188687, 0.0, 0.0, 0.0, 0.0, 3.7800197650317315, -0.7967678562931592]","[-0.000926517669161878, -0.0025162778346189563, 0.0]","{""Controller Type"": ""MPC Controller"", ""weight_comfort"": 56.18336506303685, ""weight_trajectory"": 1317128.046205112, ""weight_goal"": 2501000.0, ""Q"": [[1317128.046205112, 0.0, 0.0, 0.0], [0.0, 0.0, 0.0, 0.0], [0.0, 0.0, 1317128.046205112, 0.0], [0.0, 0.0, 0.0, 0.0]], ""R"": [[56.18336506303685, 0.0], [0.0, 56.18336506303685]], ""P"": [[2501000.0, 0.0, 0.0, 0.0], [0.0, 250100000.0, 0.0, 0.0], [0.0, 0.0, 2501000.0, 0.0], [0.0, 0.0, 0.0, 250100000.0]]}","[-0.02803647805603754, -0.3381479314219983, 0.0]",False
3,P12,8fb3067a-529c-46ff-91ee-9777d757f3f3,31,1,haply,mpc,seeded_random,2826394735,persist_session,10.0,62.74989927291869,16285.931267654,0,1785943627.774,371.0,True,aggressive,adaptive,0.08,-0.08,0.0,0.08,0.08,0.0,0.0803537679,0.08329888,0.0,0.03181943,-0.10751689,0.28192165,0.0009668573,-0.0035413243,-0.000578781,"[5.511817742389935, -0.5107004916866719, 0.0, 0.0, 0.0, 0.0, 3.7746597011739325, -0.7947376579432679]","[-0.0011317961040405965, -0.01246143505787334, 0.0]","{""Controller Type"": ""MPC Controller"", ""weight_comfort"": 56.181595192894925, ""weight_trajectory"": 1317181.248501578, ""weight_goal"": 2501000.0, ""Q"": [[1317181.248501578, 0.0, 0.0, 0.0], [0.0, 0.0, 0.0, 0.0], [0.0, 0.0, 1317181.248501578, 0.0], [0.0, 0.0, 0.0, 0.0]], ""R"": [[56.181595192894925, 0.0], [0.0, 56.181595192894925]], ""P"": [[2501000.0, 0.0, 0.0, 0.0], [0.0, 250100000.0, 0.0, 0.0], [0.0, 0.0, 2501000.0, 0.0], [0.0, 0.0, 0.0, 250100000.0]]}","[-0.3379117971395524, -0.5661948655680953, 0.0]",False
3,P12,8fb3067a-529c-46ff-91ee-9777d757f3f3,31,1,haply,mpc,seeded_random,2826394735,persist_session,10.0,62.759790782928455,16285.94116511,0,1785943627.783927,372.0,True,aggressive,adaptive,0.08,-0.08,0.0,0.08,0.08,0.0,0.0803537679,0.08329888,0.0,0.03181943,-0.10751689,0.28192165,0.00095325493,-0.0023924322,-0.0007669195,"[5.493035231294706, -0.4967263527406056, 0.0, 0.0, 0.0, 0.0, 3.7747110799274735, -0.7947563601288326]","[-0.009317483000971214, -0.012256771338541706, 0.0]","{""Controller Type"": ""MPC Controller"", ""weight_comfort"": 56.181595192894925, ""weight_trajectory"": 1317181.248501578, ""weight_goal"": 2501000.0, ""Q"": [[1317181.248501578, 0.0, 0.0, 0.0], [0.0, 0.0, 0.0, 0.0], [0.0, 0.0, 1317181.248501578, 0.0], [0.0, 0.0, 0.0, 0.0]], ""R"": [[56.181595192894925, 0.0], [0.0, 56.181595192894925]], ""P"": [[2501000.0, 0.0, 0.0, 0.0], [0.0, 250100000.0, 0.0, 0.0], [0.0, 0.0, 2501000.0, 0.0], [0.0, 0.0, 0.0, 250100000.0]]}","[-0.0612098987953698, -0.570781320283144, 0.0]",False
3,P12,8fb3067a-529c-46ff-91ee-9777d757f3f3,31,1,haply,mpc,seeded_random,2826394735,persist_session,10.0,62.76980412483214,16285.951183888,0,1785943627.7938912,373.0,True,aggressive,adaptive,0.08,-0.08,0.0,0.08,0.08,0.0,0.0803537679,0.08329888,0.0,0.03181943,-0.10751689,0.28192165,0.00095089624,-0.0016286601,-0.0005494549,"[5.494670522495706, -0.49713516028536764, 0.0, 0.0, 0.0, 0.0, 3.774551537541624, -0.7946959312113135]","[-0.0019438380519352632, -0.012451792576165379, 0.0]","{""Controller Type"": ""MPC Controller"", ""weight_comfort"": 56.181595192894925, ""weight_trajectory"": 1317181.248501578, ""weight_goal"": 2501000.0, ""Q"": [[1317181.248501578, 0.0, 0.0, 0.0], [0.0, 0.0, 0.0, 0.0], [0.0, 0.0, 1317181.248501578, 0.0], [0.0, 0.0, 0.0, 0.0]], ""R"": [[56.181595192894925, 0.0], [0.0, 56.181595192894925]], ""P"": [[2501000.0, 0.0, 0.0, 0.0], [0.0, 250100000.0, 0.0, 0.0], [0.0, 0.0, 2501000.0, 0.0], [0.0, 0.0, 0.0, 250100000.0]]}","[-0.06120989879893426, -0.5707813202711443, 0.0]",False
3,P12,8fb3067a-529c-46ff-91ee-9777d757f3f3,31,1,haply,mpc,seeded_random,2826394735,persist_session,10.0,62.779759769439686,16285.961137226,0,1785943627.8038695,374.0,True,aggressive,adaptive,0.08,-0.08,0.0,0.08,0.08,0.0,0.0803537679,0.08329888,0.0,0.03181943,-0.10751689,0.28192165,0.00094931485,-0.0011166105,-0.0004036618,"[5.494668392029469, -0.4971346276886834, 0.0, 0.0, 0.0, 0.0, 3.7744981363038135, -0.7946757047431066]","[-0.0019438372982446964, -0.012451616411889991, 0.0]","{""Controller Type"": ""MPC Controller"", ""weight_comfort"": 56.17678869679088, ""weight_trajectory"": 1317325.731774466, ""weight_goal"": 2501000.0, ""Q"": [[1317325.731774466, 0.0, 0.0, 0.0], [0.0, 0.0, 0.0, 0.0], [0.0, 0.0, 1317325.731774466, 0.0], [0.0, 0.0, 0.0, 0.0]], ""R"": [[56.17678869679088, 0.0], [0.0, 56.17678869679088]], ""P"": [[2501000.0, 0.0, 0.0, 0.0], [0.0, 250100000.0, 0.0, 0.0], [0.0, 0.0, 2501000.0, 0.0], [0.0, 0.0, 0.0, 250100000.0]]}","[-0.06120989879893271, -0.5707813202711444, 0.0]",False
3,P12,8fb3067a-529c-46ff-91ee-9777d757f3f3,31,1,haply,mpc,seeded_random,2826394735,persist_session,10.0,62.7897921848297,16285.971173942,0,1785943627.814187,375.0,True,aggressive,adaptive,0.08,-0.08,0.0,0.08,0.08,0.0,0.0803537679,0.08329888,0.0,0.03181943,-0.10751689,0.28192165,0.0007077839,-0.0008082391,-0.00029405433,"[5.494666259432289, -0.4971340945592829, 0.0, 0.0, 0.0, 0.0, 3.7744446831245684, -0.7946554586013523]","[-0.0019438365438002704, -0.012451440076266043, 0.0]","{""Controller Type"": ""MPC Controller"", ""weight_comfort"": 56.17678869679088, ""weight_trajectory"": 1317325.731774466, ""weight_goal"": 2501000.0, ""Q"": [[1317325.731774466, 0.0, 0.0, 0.0], [0.0, 0.0, 0.0, 0.0], [0.0, 0.0, 1317325.731774466, 0.0], [0.0, 0.0, 0.0, 0.0]], ""R"": [[56.17678869679088, 0.0], [0.0, 56.17678869679088]], ""P"": [[2501000.0, 0.0, 0.0, 0.0], [0.0, 250100000.0, 0.0, 0.0], [0.0, 0.0, 2501000.0, 0.0], [0.0, 0.0, 0.0, 250100000.0]]}","[-0.06121003907733892, -0.5707826283655844, 0.0]",False
3,P12,8fb3067a-529c-46ff-91ee-9777d757f3f3,31,1,haply,mpc,seeded_random,2826394735,persist_session,10.0,62.799769048690784,16285.981140799,0,1785943627.8241432,376.0,True,aggressive,adaptive,0.08,-0.08,0.0,0.08,0.08,0.0,0.0803537679,0.08329888,0.0,0.03181943,-0.10751689,0.28192165,0.00050644076,-0.0005783194,-0.00021040473,"[5.494664124702034, -0.49713356089663385, 0.0, 0.0, 0.0, 0.0, 3.774391177954862, -0.7946351927674813]","[-0.001943835788601231, -0.012451263569131803, 0.0]","{""Controller Type"": ""MPC Controller"", ""weight_comfort"": 56.17678869679088, ""weight_trajectory"": 1317325.731774466, ""weight_goal"": 2501000.0, ""Q"": [[1317325.731774466, 0.0, 0.0, 0.0], [0.0, 0.0, 0.0, 0.0], [0.0, 0.0, 1317325.731774466, 0.0], [0.0, 0.0, 0.0, 0.0]], ""R"": [[56.17678869679088, 0.0], [0.0, 56.17678869679088]], ""P"": [[2501000.0, 0.0, 0.0, 0.0], [0.0, 250100000.0, 0.0, 0.0], [0.0, 0.0, 2501000.0, 0.0], [0.0, 0.0, 0.0, 250100000.0]]}","[-0.06121003907733925, -0.5707826283655768, 0.0]",False
3,P12,8fb3067a-529c-46ff-91ee-9777d757f3f3,31,1,haply,mpc,seeded_random,2826394735,persist_session,10.0,62.809762363433826,16285.991142275,0,1785943627.834512,377.0,True,aggressive,adaptive,0.08,-0.08,0.0,0.08,0.08,0.0,0.0803537679,0.08329888,0.0,0.03181943,-0.10751689,0.28192165,0.00036616213,-0.00041813124,-0.0001521249,"[5.494661987836573, -0.49713302670020326, 0.0, 0.0, 0.0, 0.0, 3.7743376207456243, -0.7946149072229074]","[-0.0019438350326468246, -0.012451086890325393, 0.0]","{""Controller Type"": ""MPC Controller"", ""weight_comfort"": 56.17670094608277, ""weight_trajectory"": 1317328.3695607518, ""weight_goal"": 2501000.0, ""Q"": [[1317328.3695607518, 0.0, 0.0, 0.0], [0.0, 0.0, 0.0, 0.0], [0.0, 0.0, 1317328.3695607518, 0.0], [0.0, 0.0, 0.0, 0.0]], ""R"": [[56.17670094608277, 0.0], [0.0, 56.17670094608277]], ""P"": [[2501000.0, 0.0, 0.0, 0.0], [0.0, 250100000.0, 0.0, 0.0], [0.0, 0.0, 2501000.0, 0.0], [0.0, 0.0, 0.0, 250100000.0]]}","[-0.061210039077339504, -0.570782628365577, 0.0]",False
3,P12,8fb3067a-529c-46ff-91ee-9777d757f3f3,31,1,haply,mpc,seeded_random,2826394735,persist_session,10.0,62.819717054367054,16286.001091015,0,1785943627.8445408,378.0,True,aggressive,adaptive,0.08,-0.08,0.0,0.08,0.08,0.0,0.0803537679,0.08329888,0.0,0.03181943,-0.10751689,0.28192165,0.000261615,-0.00029874584,-0.00010868997,"[5.494659848833773, -0.49713249196945763, 0.0, 0.0, 0.0, 0.0, 3.7742840114477416, -0.7945946019490282]","[-0.0019438342759362957, -0.012450910039684793, 0.0]","{""Controller Type"": ""MPC Controller"", ""weight_comfort"": 56.17670094608277, ""weight_trajectory"": 1317328.3695607518, ""weight_goal"": 2501000.0, ""Q"": [[1317328.3695607518, 0.0, 0.0, 0.0], [0.0, 0.0, 0.0, 0.0], [0.0, 0.0, 1317328.3695607518, 0.0], [0.0, 0.0, 0.0, 0.0]], ""R"": [[56.17670094608277, 0.0], [0.0, 56.17670094608277]], ""P"": [[2501000.0, 0.0, 0.0, 0.0], [0.0, 250100000.0, 0.0, 0.0], [0.0, 0.0, 2501000.0, 0.0], [0.0, 0.0, 0.0, 250100000.0]]}","[-0.0612100416380933, -0.5707826522445838, 0.0]",False
3,P12,8fb3067a-529c-46ff-91ee-9777d757f3f3,31,1,haply,mpc,seeded_random,2826394735,persist_session,10.0,62.82998717308043,16286.011361812,0,1785943627.8541863,379.0,True,aggressive,adaptive,0.08,-0.08,0.0,0.08,0.08,0.0,0.0803537679,0.08329888,0.0,0.03181943,-0.10751689,0.28192165,0.00018726525,-0.00021384368,-7.78008e-05,"[5.494657707691496, -0.49713195670386295, 0.0, 0.0, 0.0, 0.0, 3.774230350012057, -0.7945742769272249]","[-0.0019438335184688888, -0.012450733017047843, 0.0]","{""Controller Type"": ""MPC Controller"", ""weight_comfort"": 56.17670094608277, ""weight_trajectory"": 1317328.3695607518, ""weight_goal"": 2501000.0, ""Q"": [[1317328.3695607518, 0.0, 0.0, 0.0], [0.0, 0.0, 0.0, 0.0], [0.0, 0.0, 1317328.3695607518, 0.0], [0.0, 0.0, 0.0, 0.0]], ""R"": [[56.17670094608277, 0.0], [0.0, 56.17670094608277]], ""P"": [[2501000.0, 0.0, 0.0, 0.0], [0.0, 250100000.0, 0.0, 0.0], [0.0, 0.0, 2501000.0, 0.0], [0.0, 0.0, 0.0, 250100000.0]]}","[-0.0612100416380933, -0.5707826522445838, 0.0]",False
3,P12,8fb3067a-529c-46ff-91ee-9777d757f3f3,31,1,haply,mpc,seeded_random,2826394735,persist_session,10.0,62.839895610809315,16286.021272275,0,1785943627.863929,380.0,True,aggressive,adaptive,0.08,-0.08,0.0,0.08,0.08,0.0,0.0803537679,0.08329888,0.0,0.03181943,-0.10751689,0.28192165,0.00013355564,-0.00015251107,-5.548673e-05,"[5.494655564407604, -0.49713142090288465, 0.0, 0.0, 0.0, 0.0, 3.7741766363893703, -0.7945539321388623]","[-0.0019438327602438472, -0.012450555822252234, 0.0]","{""Controller Type"": ""MPC Controller"", ""weight_comfort"": 56.17661293877268, ""weight_trajectory"": 1317331.015060493, ""weight_goal"": 2501000.0, ""Q"": [[1317331.015060493, 0.0, 0.0, 0.0], [0.0, 0.0, 0.0, 0.0], [0.0, 0.0, 1317331.015060493, 0.0], [0.0, 0.0, 0.0, 0.0]], ""R"": [[56.17661293877268, 0.0], [0.0, 56.17661293877268]], ""P"": [[2501000.0, 0.0, 0.0, 0.0], [0.0, 250100000.0, 0.0, 0.0], [0.0, 0.0, 2501000.0, 0.0], [0.0, 0.0, 0.0, 250100000.0]]}","[-0.061210041638094674, -0.570782652244583, 0.0]",False
3,P12,8fb3067a-529c-46ff-91ee-9777d757f3f3,31,1,haply,mpc,seeded_random,2826394735,persist_session,10.0,62.849825983047474,16286.031205131,0,1785943627.8740587,381.0,True,aggressive,adaptive,0.08,-0.08,0.0,0.08,0.08,0.0,0.0803537679,0.08329888,0.0,0.03181943,-0.10751689,0.28192165,9.653099e-05,-0.00011023153,-4.0104547e-05,"[5.494653418979958, -0.49713088456598764, 0.0, 0.0, 0.0, 0.0, 3.7741228705304377, -0.7945335675652885]","[-0.0019438320012604142, -0.012450378455135518, 0.0]","{""Controller Type"": ""MPC Controller"", ""weight_comfort"": 56.17661293877268, ""weight_trajectory"": 1317331.015060493, ""weight_goal"": 2501000.0, ""Q"": [[1317331.015060493, 0.0, 0.0, 0.0], [0.0, 0.0, 0.0, 0.0], [0.0, 0.0, 1317331.015060493, 0.0], [0.0, 0.0, 0.0, 0.0]], ""R"": [[56.17661293877268, 0.0], [0.0, 56.17661293877268]], ""P"": [[2501000.0, 0.0, 0.0, 0.0], [0.0, 250100000.0, 0.0, 0.0], [0.0, 0.0, 2501000.0, 0.0], [0.0, 0.0, 0.0, 250100000.0]]}","[-0.06121004420632702, -0.5707826761933303, 0.0]",False
3,P12,8fb3067a-529c-46ff-91ee-9777d757f3f3,31,1,haply,mpc,seeded_random,2826394735,persist_session,10.0,62.859771375656116,16286.041151344,0,1785943627.8839889,382.0,True,aggressive,adaptive,0.08,-0.08,0.0,0.08,0.08,0.0,0.0803537679,0.08329888,0.0,0.03181943,-0.10751689,0.28192165,6.932551e-05,-7.916481e-05,-2.8801818e-05,"[5.494651271406415, -0.4971303476926363, 0.0, 0.0, 0.0, 0.0, 3.7740690523859723, -0.7945131831878354]","[-0.0019438312415178318, -0.012450200915535104, 0.0]","{""Controller Type"": ""MPC Controller"", ""weight_comfort"": 56.17661293877268, ""weight_trajectory"": 1317331.015060493, ""weight_goal"": 2501000.0, ""Q"": [[1317331.015060493, 0.0, 0.0, 0.0], [0.0, 0.0, 0.0, 0.0], [0.0, 0.0, 1317331.015060493, 0.0], [0.0, 0.0, 0.0, 0.0]], ""R"": [[56.17661293877268, 0.0], [0.0, 56.17661293877268]], ""P"": [[2501000.0, 0.0, 0.0, 0.0], [0.0, 250100000.0, 0.0, 0.0], [0.0, 0.0, 2501000.0, 0.0], [0.0, 0.0, 0.0, 250100000.0]]}","[-0.06121004420632645, -0.5707826761933309, 0.0]",False
3,P12,8fb3067a-529c-46ff-91ee-9777d757f3f3,31,1,haply,mpc,seeded_random,2826394735,persist_session,10.0,62.869836931228626,16286.05121512,0,1785943627.8940272,383.0,True,aggressive,adaptive,0.08,-0.08,0.0,0.08,0.08,0.0,0.0803537679,0.08329888,0.0,0.03181943,-0.10751689,0.28192165,4.993857e-05,-5.70263e-05,-2.074736e-05,"[5.494649121684829, -0.4971298102822945, 0.0, 0.0, 0.0, 0.0, 3.774015181906643, -0.7944927789878182]","[-0.001943830481015341, -0.012450023203288254, 0.0]","{""Controller Type"": ""MPC Controller"", ""weight_comfort"": 56.17652467413152, ""weight_trajectory"": 1317333.668295606, ""weight_goal"": 2501000.0, ""Q"": [[1317333.668295606, 0.0, 0.0, 0.0], [0.0, 0.0, 0.0, 0.0], [0.0, 0.0, 1317333.668295606, 0.0], [0.0, 0.0, 0.0, 0.0]], ""R"": [[56.17652467413152, 0.0], [0.0, 56.17652467413152]], ""P"": [[2501000.0, 0.0, 0.0, 0.0], [0.0, 250100000.0, 0.0, 0.0], [0.0, 0.0, 2501000.0, 0.0], [0.0, 0.0, 0.0, 250100000.0]]}","[-0.06121004420632641, -0.5707826761933303, 0.0]",False
3,P12,8fb3067a-529c-46ff-91ee-9777d757f3f3,31,1,haply,mpc,seeded_random,2826394735,persist_session,10.0,62.879853849411,16286.061233417,0,1785943627.9039834,384.0,True,aggressive,adaptive,0.08,-0.08,0.0,0.08,0.08,0.0,0.0803537679,0.08329888,0.0,0.03181943,-0.10751689,0.28192165,3.590228e-05,-4.0997853e-05,-1.4915872e-05,"[5.494646969813055, -0.4971292723344256, 0.0, 0.0, 0.0, 0.0, 3.7739612590430758, -0.7944723549465358]","[-0.0019438297197521823, -0.01244984531823209, 0.0]","{""Controller Type"": ""MPC Controller"", ""weight_comfort"": 56.17652467413152, ""weight_trajectory"": 1317333.668295606, ""weight_goal"": 2501000.0, ""Q"": [[1317333.668295606, 0.0, 0.0, 0.0], [0.0, 0.0, 0.0, 0.0], [0.0, 0.0, 1317333.668295606, 0.0], [0.0, 0.0, 0.0, 0.0]], ""R"": [[56.17652467413152, 0.0], [0.0, 56.17652467413152]], ""P"": [[2501000.0, 0.0, 0.0, 0.0], [0.0, 250100000.0, 0.0, 0.0], [0.0, 0.0, 2501000.0, 0.0], [0.0, 0.0, 0.0, 250100000.0]]}","[-0.061210046782059956, -0.5707827002120129, 0.0]",False
3,P12,8fb3067a-529c-46ff-91ee-9777d757f3f3,31,1,haply,mpc,seeded_random,2826394735,persist_session,10.0,62.889894132614124,16286.071266874,0,1785943627.914035,385.0,True,aggressive,adaptive,0.08,-0.08,0.0,0.08,0.08,0.0,0.0803537679,0.08329888,0.0,0.03181943,-0.10751689,0.28192165,2.571748e-05,-2.936754e-05,-1.0684519e-05,"[5.494644815788943, -0.4971287338484923, 0.0, 0.0, 0.0, 0.0, 3.7739072837458525, -0.7944519110452704]","[-0.0019438289577275957, -0.012449667260203585, 0.0]","{""Controller Type"": ""MPC Controller"", ""weight_comfort"": 56.17652467413152, ""weight_trajectory"": 1317333.668295606, ""weight_goal"": 2501000.0, ""Q"": [[1317333.668295606, 0.0, 0.0, 0.0], [0.0, 0.0, 0.0, 0.0], [0.0, 0.0, 1317333.668295606, 0.0], [0.0, 0.0, 0.0, 0.0]], ""R"": [[56.17652467413152, 0.0], [0.0, 56.17652467413152]], ""P"": [[2501000.0, 0.0, 0.0, 0.0], [0.0, 250100000.0, 0.0, 0.0], [0.0, 0.0, 2501000.0, 0.0], [0.0, 0.0, 0.0, 250100000.0]]}","[-0.061210046782060545, -0.5707827002120115, 0.0]",False
3,P12,8fb3067a-529c-46ff-91ee-9777d757f3f3,31,1,haply,mpc,seeded_random,2826394735,persist_session,10.0,62.899792556762684,16286.081168341,0,1785943627.9241197,386.0,True,aggressive,adaptive,0.08,-0.08,0.0,0.08,0.08,0.0,0.0803537679,0.08329888,0.0,0.03181943,-0.10751689,0.28192165,1.8324443e-05,-2.092521e-05,-7.613024e-06,"[5.494642659610342, -0.4971281948239569, 0.0, 0.0, 0.0, 0.0, 3.7738532559655122, -0.7944314472652877]","[-0.00194382819494082, -0.012449489029039577, 0.0]","{""Controller Type"": ""MPC Controller"", ""weight_comfort"": 56.17652467413152, ""weight_trajectory"": 1317333.668295606, ""weight_goal"": 2501000.0, ""Q"": [[1317333.668295606, 0.0, 0.0, 0.0], [0.0, 0.0, 0.0, 0.0], [0.0, 0.0, 1317333.668295606, 0.0], [0.0, 0.0, 0.0, 0.0]], ""R"": [[56.17652467413152, 0.0], [0.0, 56.17652467413152]], ""P"": [[2501000.0, 0.0, 0.0, 0.0], [0.0, 250100000.0, 0.0, 0.0], [0.0, 0.0, 2501000.0, 0.0], [0.0, 0.0, 0.0, 250100000.0]]}","[-0.0612100467820596, -0.570782700212012, 0.0]",False
3,P12,8fb3067a-529c-46ff-91ee-9777d757f3f3,31,1,haply,mpc,seeded_random,2826394735,persist_session,10.0,62.909868125915516,16286.091236568,0,1785943627.9338822,387.0,True,aggressive,adaptive,0.08,-0.08,0.0,0.08,0.08,0.0,0.0803537679,0.08329888,0.0,0.03181943,-0.10751689,0.28192165,1.3239124e-05,-1.5118138e-05,-5.5002915e-06,"[5.494640501275099, -0.4971276552602811, 0.0, 0.0, 0.0, 0.0, 3.7737991756525493, -0.7944109635878371]","[-0.0019438274313910936, -0.01244931062457675, 0.0]","{""Controller Type"": ""MPC Controller"", ""weight_comfort"": 56.176436151428334, ""weight_trajectory"": 1317336.329288064, ""weight_goal"": 2501000.0, ""Q"": [[1317336.329288064, 0.0, 0.0, 0.0], [0.0, 0.0, 0.0, 0.0], [0.0, 0.0, 1317336.329288064, 0.0], [0.0, 0.0, 0.0, 0.0]], ""R"": [[56.176436151428334, 0.0], [0.0, 56.176436151428334]], ""P"": [[2501000.0, 0.0, 0.0, 0.0], [0.0, 250100000.0, 0.0, 0.0], [0.0, 0.0, 2501000.0, 0.0], [0.0, 0.0, 0.0, 250100000.0]]}","[-0.06121004936531392, -0.5707827243008297, 0.0]",False
3,P12,8fb3067a-529c-46ff-91ee-9777d757f3f3,31,1,haply,mpc,seeded_random,2826394735,persist_session,10.0,62.91985619544982,16286.101236747,0,1785943627.9439406,388.0,True,aggressive,adaptive,0.08,-0.08,0.0,0.08,0.08,0.0,0.0803537679,0.08329888,0.0,0.03181943,-0.10751689,0.28192165,9.5065925e-06,-1.0855854e-05,-3.9495844e-06,"[5.494638340781059, -0.497127115156926, 0.0, 0.0, 0.0, 0.0, 3.773745042757415, -0.7943904599941513]","[-0.0019438266670776538, -0.012449132046651648, 0.0]","{""Controller Type"": ""MPC Controller"", ""weight_comfort"": 56.176436151428334, ""weight_trajectory"": 1317336.329288064, ""weight_goal"": 2501000.0, ""Q"": [[1317336.329288064, 0.0, 0.0, 0.0], [0.0, 0.0, 0.0, 0.0], [0.0, 0.0, 1317336.329288064, 0.0], [0.0, 0.0, 0.0, 0.0]], ""R"": [[56.176436151428334, 0.0], [0.0, 56.176436151428334]], ""P"": [[2501000.0, 0.0, 0.0, 0.0], [0.0, 250100000.0, 0.0, 0.0], [0.0, 0.0, 2501000.0, 0.0], [0.0, 0.0, 0.0, 250100000.0]]}","[-0.06121004936531456, -0.5707827243008284, 0.0]",False
3,P12,8fb3067a-529c-46ff-91ee-9777d757f3f3,31,1,haply,mpc,seeded_random,2826394735,persist_session,10.0,62.92974341392516,16286.11112514,0,1785943627.95382,389.0,True,aggressive,adaptive,0.08,-0.08,0.0,0.08,0.08,0.0,0.0803537679,0.08329888,0.0,0.03181943,-0.10751689,0.28192165,6.7900337e-06,-7.753737e-06,-2.8209697e-06,"[5.494636178126063, -0.49712657451335224, 0.0, 0.0, 0.0, 0.0, 3.7736908572305166, -0.7943699364654463]","[-0.0019438259019997376, -0.012448953295100674, 0.0]","{""Controller Type"": ""MPC Controller"", ""weight_comfort"": 56.17634736993015, ""weight_trajectory"": 1317338.9980598995, ""weight_goal"": 2501000.0, ""Q"": [[1317338.9980598995, 0.0, 0.0, 0.0], [0.0, 0.0, 0.0, 0.0], [0.0, 0.0, 1317338.9980598995, 0.0], [0.0, 0.0, 0.0, 0.0]], ""R"": [[56.17634736993015, 0.0], [0.0, 56.17634736993015]], ""P"": [[2501000.0, 0.0, 0.0, 0.0], [0.0, 250100000.0, 0.0, 0.0], [0.0, 0.0, 2501000.0, 0.0], [0.0, 0.0, 0.0, 250100000.0]]}","[-0.06121004936531444, -0.5707827243008293, 0.0]",False
3,P12,8fb3067a-529c-46ff-91ee-9777d757f3f3,31,1,haply,mpc,seeded_random,2826394735,persist_session,10.0,62.93991578102111,16286.12129104,0,1785943627.9639256,390.0,True,aggressive,adaptive,0.08,-0.08,0.0,0.08,0.08,0.0,0.0803537679,0.08329888,0.0,0.03181943,-0.10751689,0.28192165,4.8486445e-06,-5.5368077e-06,-2.0144053e-06,"[5.4946340133079525, -0.49712603332902, 0.0, 0.0, 0.0, 0.0, 3.773636619022218, -0.7943493929829217]","[-0.0019438251361565807, -0.012448774369760083, 0.0]","{""Controller Type"": ""MPC Controller"", ""weight_comfort"": 56.17634736993015, ""weight_trajectory"": 1317338.9980598995, ""weight_goal"": 2501000.0, ""Q"": [[1317338.9980598995, 0.0, 0.0, 0.0], [0.0, 0.0, 0.0, 0.0], [0.0, 0.0, 1317338.9980598995, 0.0], [0.0, 0.0, 0.0, 0.0]], ""R"": [[56.17634736993015, 0.0], [0.0, 56.17634736993015]], ""P"": [[2501000.0, 0.0, 0.0, 0.0], [0.0, 250100000.0, 0.0, 0.0], [0.0, 0.0, 2501000.0, 0.0], [0.0, 0.0, 0.0, 250100000.0]]}","[-0.06121005195611151, -0.5707827484599789, 0.0]",False
3,P12,8fb3067a-529c-46ff-91ee-9777d757f3f3,31,1,haply,mpc,seeded_random,2826394735,persist_session,10.0,62.94985545158385,16286.131221599,0,1785943627.973848,391.0,True,aggressive,adaptive,0.08,-0.08,0.0,0.08,0.08,0.0,0.0803537679,0.08329888,0.0,0.03181943,-0.10751689,0.28192165,3.5189105e-06,-4.018346e-06,-1.4619571e-06,"[5.494631846324565, -0.49712549160338876, 0.0, 0.0, 0.0, 0.0, 3.7735823280828398, -0.7943288295277605]","[-0.0019438243695474185, -0.012448595270465986, 0.0]","{""Controller Type"": ""MPC Controller"", ""weight_comfort"": 56.17634736993015, ""weight_trajectory"": 1317338.9980598995, ""weight_goal"": 2501000.0, ""Q"": [[1317338.9980598995, 0.0, 0.0, 0.0], [0.0, 0.0, 0.0, 0.0], [0.0, 0.0, 1317338.9980598995, 0.0], [0.0, 0.0, 0.0, 0.0]], ""R"": [[56.17634736993015, 0.0], [0.0, 56.17634736993015]], ""P"": [[2501000.0, 0.0, 0.0, 0.0], [0.0, 250100000.0, 0.0, 0.0], [0.0, 0.0, 2501000.0, 0.0], [0.0, 0.0, 0.0, 250100000.0]]}","[-0.06121005195611231, -0.5707827484599791, 0.0]",False
3,P12,8fb3067a-529c-46ff-91ee-9777d757f3f3,31,1,haply,mpc,seeded_random,2826394735,persist_session,10.0,62.95996439933776,16286.141343982,0,1785943627.983966,392.0,True,aggressive,adaptive,0.08,-0.08,0.0,0.08,0.08,0.0,0.0803537679,0.08329888,0.0,0.031817533,-0.10745297,0.28192022,2.576397e-06,-2.9420626e-06,-1.0703831e-06,"[5.494629677173737, -0.49712494933591755, 0.0, 0.0, 0.0, 0.0, 3.7735279843626572, -0.7943082460811292]","[-0.0019438236021714853, -0.01244841599705435, 0.0]","{""Controller Type"": ""MPC Controller"", ""weight_comfort"": 56.176258328902065, ""weight_trajectory"": 1317341.6746332038, ""weight_goal"": 2501000.0, ""Q"": [[1317341.6746332038, 0.0, 0.0, 0.0], [0.0, 0.0, 0.0, 0.0], [0.0, 0.0, 1317341.6746332038, 0.0], [0.0, 0.0, 0.0, 0.0]], ""R"": [[56.176258328902065, 0.0], [0.0, 56.176258328902065]], ""P"": [[2501000.0, 0.0, 0.0, 0.0], [0.0, 250100000.0, 0.0, 0.0], [0.0, 0.0, 2501000.0, 0.0], [0.0, 0.0, 0.0, 250100000.0]]}","[-0.06121005195611042, -0.5707827484599797, 0.0]",False
3,P12,8fb3067a-529c-46ff-91ee-9777d757f3f3,31,1,haply,mpc,seeded_random,2826394735,persist_session,10.0,62.96983349800109,16286.151208949,0,1785943627.993893,393.0,True,aggressive,adaptive,0.08,-0.08,0.0,0.08,0.08,0.0,0.0803480769,0.0832960199999999,0.0,0.031817533,-0.10745297,0.28192022,1.8261309e-06,-2.0853122e-06,-7.5867933e-07,"[5.494627505853303, -0.4971244065260649, 0.0, 0.0, 0.0, 0.0, 3.7734735878119032, -0.7942876426241774]","[-0.001943822834028015, -0.012448236549360999, 0.0]","{""Controller Type"": ""MPC Controller"", ""weight_comfort"": 56.176258328902065, ""weight_trajectory"": 1317341.6746332038, ""weight_goal"": 2501000.0, ""Q"": [[1317341.6746332038, 0.0, 0.0, 0.0], [0.0, 0.0, 0.0, 0.0], [0.0, 0.0, 1317341.6746332038, 0.0], [0.0, 0.0, 0.0, 0.0]], ""R"": [[56.176258328902065, 0.0], [0.0, 56.176258328902065]], ""P"": [[2501000.0, 0.0, 0.0, 0.0], [0.0, 250100000.0, 0.0, 0.0], [0.0, 0.0, 2501000.0, 0.0], [0.0, 0.0, 0.0, 250100000.0]]}","[-0.04953965894281577, -0.5649178401048711, 0.0]",False
3,P12,8fb3067a-529c-46ff-91ee-9777d757f3f3,31,1,haply,mpc,seeded_random,2826394735,persist_session,10.0,62.97988427162169,16286.161248473,0,1785943628.0040498,394.0,True,aggressive,adaptive,0.08,-0.08,0.0,0.08,0.08,0.0,0.0803480769,0.0832960199999999,0.0,0.031817533,-0.10745297,0.28192022,1.3362472e-06,-1.5258994e-06,-5.5515363e-07,"[5.4946638298640105, -0.4971197292867193, 0.0, 0.0, 0.0, 0.0, 3.773544645940784, -0.7943133213135765]","[-0.0016275615752097583, -0.012208824251223292, 0.0]","{""Controller Type"": ""MPC Controller"", ""weight_comfort"": 56.176258328902065, ""weight_trajectory"": 1317341.6746332038, ""weight_goal"": 2501000.0, ""Q"": [[1317341.6746332038, 0.0, 0.0, 0.0], [0.0, 0.0, 0.0, 0.0], [0.0, 0.0, 1317341.6746332038, 0.0], [0.0, 0.0, 0.0, 0.0]], ""R"": [[56.176258328902065, 0.0], [0.0, 56.176258328902065]], ""P"": [[2501000.0, 0.0, 0.0, 0.0], [0.0, 250100000.0, 0.0, 0.0], [0.0, 0.0, 2501000.0, 0.0], [0.0, 0.0, 0.0, 250100000.0]]}","[-0.06022537952464264, -0.5702879263562884, 0.0]",False
3,P12,8fb3067a-529c-46ff-91ee-9777d757f3f3,31,1,haply,mpc,seeded_random,2826394735,persist_session,10.0,62.990135078430164,16286.171508647,0,1785943628.0141454,395.0,True,aggressive,adaptive,0.08,-0.08,0.0,0.08,0.08,0.0,0.0803480769,0.0832960199999999,0.0,0.031817533,-0.10745297,0.28192022,9.41178e-07,-1.0747583e-06,-3.9101923e-07,"[5.494599563406897, -0.4971036632687516, 0.0, 0.0, 0.0, 0.0, 3.7733661467483235, -0.7942457121977327]","[-0.001912543182772069, -0.012437090287005292, 0.0]","{""Controller Type"": ""MPC Controller"", ""weight_comfort"": 56.176164657336514, ""weight_trajectory"": 1317344.490400464, ""weight_goal"": 2501000.0, ""Q"": [[1317344.490400464, 0.0, 0.0, 0.0], [0.0, 0.0, 0.0, 0.0], [0.0, 0.0, 1317344.490400464, 0.0], [0.0, 0.0, 0.0, 0.0]], ""R"": [[56.176164657336514, 0.0], [0.0, 56.176164657336514]], ""P"": [[2501000.0, 0.0, 0.0, 0.0], [0.0, 250100000.0, 0.0, 0.0], [0.0, 0.0, 2501000.0, 0.0], [0.0, 0.0, 0.0, 250100000.0]]}","[-0.06022538221509583, -0.5702879518098123, 0.0]",False
3,P12,8fb3067a-529c-46ff-91ee-9777d757f3f3,31,1,haply,mpc,seeded_random,2826394735,persist_session,10.0,63.00010002136229,16286.181450545,0,1785943628.024005,396.0,True,aggressive,adaptive,0.08,-0.08,0.0,0.08,0.08,0.0,0.0803480769,0.0832960199999999,0.0,0.031815637,-0.107389055,0.28191882,1.1452233e-07,1.8314386e-05,-7.170468e-07,"[5.49459745507858, -0.4971031362062349, 0.0, 0.0, 0.0, 0.0, 3.773311685883521, -0.7942250843681801]","[-0.0019125424489116842, -0.012436910782905687, 0.0]","{""Controller Type"": ""MPC Controller"", ""weight_comfort"": 56.176164657336514, ""weight_trajectory"": 1317344.490400464, ""weight_goal"": 2501000.0, ""Q"": [[1317344.490400464, 0.0, 0.0, 0.0], [0.0, 0.0, 0.0, 0.0], [0.0, 0.0, 1317344.490400464, 0.0], [0.0, 0.0, 0.0, 0.0]], ""R"": [[56.176164657336514, 0.0], [0.0, 56.176164657336514]], ""P"": [[2501000.0, 0.0, 0.0, 0.0], [0.0, 250100000.0, 0.0, 0.0], [0.0, 0.0, 2501000.0, 0.0], [0.0, 0.0, 0.0, 250100000.0]]}","[-0.06022538221509594, -0.570287951809812, 0.0]",False
3,P12,8fb3067a-529c-46ff-91ee-9777d757f3f3,31,1,haply,mpc,seeded_random,2826394735,persist_session,10.0,63.01004112243651,16286.191408089,0,1785943628.0340376,397.0,True,aggressive,adaptive,0.08,-0.08,0.0,0.08,0.08,0.0,0.0803423889,0.08329322,0.0,0.031815637,-0.107389055,0.28191882,-1.7886632e-06,7.601322e-05,-1.9416552e-06,"[5.494595344641445, -0.4971026086165332, 0.0, 0.0, 0.0, 0.0, 3.773257172077741, -0.7942044364864767]","[-0.0019125417143172686, -0.012436731104311559, 0.0]","{""Controller Type"": ""MPC Controller"", ""weight_comfort"": 56.176164657336514, ""weight_trajectory"": 1317344.490400464, ""weight_goal"": 2501000.0, ""Q"": [[1317344.490400464, 0.0, 0.0, 0.0], [0.0, 0.0, 0.0, 0.0], [0.0, 0.0, 1317344.490400464, 0.0], [0.0, 0.0, 0.0, 0.0]], ""R"": [[56.176164657336514, 0.0], [0.0, 56.176164657336514]], ""P"": [[2501000.0, 0.0, 0.0, 0.0], [0.0, 250100000.0, 0.0, 0.0], [0.0, 0.0, 2501000.0, 0.0], [0.0, 0.0, 0.0, 250100000.0]]}","[-0.048674081283034305, -0.5646016574175403, 0.0]",False
3,P12,8fb3067a-529c-46ff-91ee-9777d757f3f3,31,1,haply,mpc,seeded_random,2826394735,persist_session,10.0,63.01979578018187,16286.20116884,0,1785943628.0439332,398.0,True,aggressive,adaptive,0.08,-0.08,0.0,0.08,0.08,0.0,0.0803423889,0.08329322,0.0,0.031815637,-0.107389055,0.28191882,-3.1184436e-06,0.000116328134,-2.797305e-06,"[5.494630309619535, -0.4970979858752127, 0.0, 0.0, 0.0, 0.0, 3.7733234219825045, -0.794228413862664]","[-0.0015994713724536574, -0.01220472400867667, 0.0]","{""Controller Type"": ""MPC Controller"", ""weight_comfort"": 56.176169458858794, ""weight_trajectory"": 1317344.3460667045, ""weight_goal"": 2501000.0, ""Q"": [[1317344.3460667045, 0.0, 0.0, 0.0], [0.0, 0.0, 0.0, 0.0], [0.0, 0.0, 1317344.3460667045, 0.0], [0.0, 0.0, 0.0, 0.0]], ""R"": [[56.176169458858794, 0.0], [0.0, 56.176169458858794]], ""P"": [[2501000.0, 0.0, 0.0, 0.0], [0.0, 250100000.0, 0.0, 0.0], [0.0, 0.0, 2501000.0, 0.0], [0.0, 0.0, 0.0, 250100000.0]]}","[-0.05924122621091946, -0.5698034868462435, 0.0]",False
3,P12,8fb3067a-529c-46ff-91ee-9777d757f3f3,31,1,haply,mpc,seeded_random,2826394735,persist_session,10.0,63.029861097335804,16286.211242187,0,1785943628.0540164,399.0,True,aggressive,adaptive,0.08,-0.08,0.0,0.08,0.08,0.0,0.0803423889,0.08329322,0.0,0.031815637,-0.107389055,0.28191882,-4.0849977e-06,0.00014563114,-3.4192358e-06,"[5.494565950605756, -0.49708189671579434, 0.0, 0.0, 0.0, 0.0, 3.7731451322086555, -0.7941608840264966]","[-0.0018812783918053814, -0.012425797012292187, 0.0]","{""Controller Type"": ""MPC Controller"", ""weight_comfort"": 56.176169458858794, ""weight_trajectory"": 1317344.3460667045, ""weight_goal"": 2501000.0, ""Q"": [[1317344.3460667045, 0.0, 0.0, 0.0], [0.0, 0.0, 0.0, 0.0], [0.0, 0.0, 1317344.3460667045, 0.0], [0.0, 0.0, 0.0, 0.0]], ""R"": [[56.176169458858794, 0.0], [0.0, 56.176169458858794]], ""P"": [[2501000.0, 0.0, 0.0, 0.0], [0.0, 250100000.0, 0.0, 0.0], [0.0, 0.0, 2501000.0, 0.0], [0.0, 0.0, 0.0, 250100000.0]]}","[-0.05924122607625227, -0.5698034855283661, 0.0]",False
3,P12,8fb3067a-529c-46ff-91ee-9777d757f3f3,31,1,haply,mpc,seeded_random,2826394735,persist_session,10.0,63.0398298549652,16286.221191738,0,1785943628.0638783,400.0,True,aggressive,adaptive,0.08,-0.08,0.0,0.08,0.08,0.0,0.0803423889,0.08329322,0.0,0.031815637,-0.107389055,0.28191882,-4.2031234e-06,0.00014735642,-3.4278823e-06,"[5.494563902454459, -0.49708138469687435, 0.0, 0.0, 0.0, 0.0, 3.773090552118666, -0.7941402110262711]","[-0.0018812776905411121, -0.012425617268048231, 0.0]","{""Controller Type"": ""MPC Controller"", ""weight_comfort"": 56.176169458858794, ""weight_trajectory"": 1317344.3460667045, ""weight_goal"": 2501000.0, ""Q"": [[1317344.3460667045, 0.0, 0.0, 0.0], [0.0, 0.0, 0.0, 0.0], [0.0, 0.0, 1317344.3460667045, 0.0], [0.0, 0.0, 0.0, 0.0]], ""R"": [[56.176169458858794, 0.0], [0.0, 56.176169458858794]], ""P"": [[2501000.0, 0.0, 0.0, 0.0], [0.0, 250100000.0, 0.0, 0.0], [0.0, 0.0, 2501000.0, 0.0], [0.0, 0.0, 0.0, 250100000.0]]}","[-0.05924122607625208, -0.5698034855283642, 0.0]",False
3,P12,8fb3067a-529c-46ff-91ee-9777d757f3f3,31,1,haply,mpc,seeded_random,2826394735,persist_session,10.0,63.04982913017272,16286.231156342,0,1785943628.0740747,401.0,True,aggressive,adaptive,0.08,-0.08,0.0,0.08,0.08,0.0,0.0803423889,0.08329322,0.0,0.031815637,-0.107389055,0.28191882,-3.0091808e-06,0.00010549824,-2.4541555e-06,"[5.49456185225449, -0.4970808721658052, 0.0, 0.0, 0.0, 0.0, 3.7730359189753475, -0.7941195179313281]","[-0.0018812769885754, -0.012425437349087992, 0.0]","{""Controller Type"": ""MPC Controller"", ""weight_comfort"": 56.17597809436408, ""weight_trajectory"": 1317350.098483415, ""weight_goal"": 2501000.0, ""Q"": [[1317350.098483415, 0.0, 0.0, 0.0], [0.0, 0.0, 0.0, 0.0], [0.0, 0.0, 1317350.098483415, 0.0], [0.0, 0.0, 0.0, 0.0]], ""R"": [[56.17597809436408, 0.0], [0.0, 56.17597809436408]], ""P"": [[2501000.0, 0.0, 0.0, 0.0], [0.0, 250100000.0, 0.0, 0.0], [0.0, 0.0, 2501000.0, 0.0], [0.0, 0.0, 0.0, 250100000.0]]}","[-0.05924122607625401, -0.5698034855283658, 0.0]",False
3,P12,8fb3067a-529c-46ff-91ee-9777d757f3f3,31,1,haply,mpc,seeded_random,2826394735,persist_session,10.0,63.06014955520629,16286.241516232,0,1785943628.0841537,402.0,True,aggressive,adaptive,0.08,-0.08,0.0,0.08,0.08,0.0,0.0803423889,0.08329322,0.0,0.031815637,-0.107389055,0.28191882,-2.1824649e-06,7.65146e-05,-1.7799226e-06,"[5.494559800003801, -0.497080359122075, 0.0, 0.0, 0.0, 0.0, 3.772981232728692, -0.7940988047227265]","[-0.0018812762859075438, -0.01242525725524678, 0.0]","{""Controller Type"": ""MPC Controller"", ""weight_comfort"": 56.17597809436408, ""weight_trajectory"": 1317350.098483415, ""weight_goal"": 2501000.0, ""Q"": [[1317350.098483415, 0.0, 0.0, 0.0], [0.0, 0.0, 0.0, 0.0], [0.0, 0.0, 1317350.098483415, 0.0], [0.0, 0.0, 0.0, 0.0]], ""R"": [[56.17597809436408, 0.0], [0.0, 56.17597809436408]], ""P"": [[2501000.0, 0.0, 0.0, 0.0], [0.0, 250100000.0, 0.0, 0.0], [0.0, 0.0, 2501000.0, 0.0], [0.0, 0.0, 0.0, 250100000.0]]}","[-0.05924122607625401, -0.5698034855283658, 0.0]",False
3,P12,8fb3067a-529c-46ff-91ee-9777d757f3f3,31,1,haply,mpc,seeded_random,2826394735,persist_session,10.0,63.06993306159972,16286.251310457,0,1785943628.093878,403.0,True,aggressive,adaptive,0.08,-0.08,0.0,0.08,0.08,0.0,0.0803423889,0.08329322,0.0,0.031815637,-0.107389055,0.28191882,-1.5433657e-06,5.4108554e-05,-1.2587016e-06,"[5.494557745700342, -0.4970798455651713, 0.0, 0.0, 0.0, 0.0, 3.7729264933286477, -0.7940780713815085]","[-0.0018812755825368423, -0.012425076986359767, 0.0]","{""Controller Type"": ""MPC Controller"", ""weight_comfort"": 56.17597809436408, ""weight_trajectory"": 1317350.098483415, ""weight_goal"": 2501000.0, ""Q"": [[1317350.098483415, 0.0, 0.0, 0.0], [0.0, 0.0, 0.0, 0.0], [0.0, 0.0, 1317350.098483415, 0.0], [0.0, 0.0, 0.0, 0.0]], ""R"": [[56.17597809436408, 0.0], [0.0, 56.17597809436408]], ""P"": [[2501000.0, 0.0, 0.0, 0.0], [0.0, 250100000.0, 0.0, 0.0], [0.0, 0.0, 2501000.0, 0.0], [0.0, 0.0, 0.0, 250100000.0]]}","[-0.059241231480904384, -0.5698035375122753, 0.0]",False
3,P12,8fb3067a-529c-46ff-91ee-9777d757f3f3,31,1,haply,mpc,seeded_random,2826394735,persist_session,10.0,63.080416088104236,16286.261797876,0,1785943628.1040528,404.0,True,aggressive,adaptive,0.08,-0.08,0.0,0.08,0.08,0.0,0.0803423889,0.08329322,0.0,0.031815637,-0.107389055,0.28191882,-1.1229173e-06,3.9368137e-05,-9.1580233e-07,"[5.494555689342062, -0.4970793314945813, 0.0, 0.0, 0.0, 0.0, 3.772871700725119, -0.7940573178886996]","[-0.0018812748784625929, -0.012424896542261974, 0.0]","{""Controller Type"": ""MPC Controller"", ""weight_comfort"": 56.17597809436408, ""weight_trajectory"": 1317350.098483415, ""weight_goal"": 2501000.0, ""Q"": [[1317350.098483415, 0.0, 0.0, 0.0], [0.0, 0.0, 0.0, 0.0], [0.0, 0.0, 1317350.098483415, 0.0], [0.0, 0.0, 0.0, 0.0]], ""R"": [[56.17597809436408, 0.0], [0.0, 56.17597809436408]], ""P"": [[2501000.0, 0.0, 0.0, 0.0], [0.0, 250100000.0, 0.0, 0.0], [0.0, 0.0, 2501000.0, 0.0], [0.0, 0.0, 0.0, 250100000.0]]}","[-0.0592412314809045, -0.569803537512274, 0.0]",False
3,P12,8fb3067a-529c-46ff-91ee-9777d757f3f3,31,1,haply,mpc,seeded_random,2826394735,persist_session,10.0,63.08980048179625,16286.27118301,0,1785943628.1138558,405.0,True,aggressive,adaptive,0.08,-0.08,0.0,0.08,0.08,0.0,0.0803423889,0.08329322,0.0,0.031815637,-0.107389055,0.28191882,-8.0751136e-07,2.8310387e-05,-6.585711e-07,"[5.494553630926906, -0.4970788169097914, 0.0, 0.0, 0.0, 0.0, 3.772816854867966, -0.7940365442253084]","[-0.001881274173684092, -0.012424715922788281, 0.0]","{""Controller Type"": ""MPC Controller"", ""weight_comfort"": 56.1758885529204, ""weight_trajectory"": 1317352.7900992122, ""weight_goal"": 2501000.0, ""Q"": [[1317352.7900992122, 0.0, 0.0, 0.0], [0.0, 0.0, 0.0, 0.0], [0.0, 0.0, 1317352.7900992122, 0.0], [0.0, 0.0, 0.0, 0.0]], ""R"": [[56.1758885529204, 0.0], [0.0, 56.1758885529204]], ""P"": [[2501000.0, 0.0, 0.0, 0.0], [0.0, 250100000.0, 0.0, 0.0], [0.0, 0.0, 2501000.0, 0.0], [0.0, 0.0, 0.0, 250100000.0]]}","[-0.05924123400978098, -0.5698035618359437, 0.0]",False
3,P12,8fb3067a-529c-46ff-91ee-9777d757f3f3,31,1,haply,mpc,seeded_random,2826394735,persist_session,10.0,63.099804286956775,16286.281173818,0,1785943628.1239543,406.0,True,aggressive,adaptive,0.08,-0.08,0.0,0.08,0.08,0.0,0.0803423889,0.08329322,0.0,0.031815637,-0.107389055,0.28191882,-5.764657e-07,2.0210207e-05,-4.701405e-07,"[5.49455157045282, -0.4970783018102878, 0.0, 0.0, 0.0, 0.0, 3.772761955707004, -0.7940157503723272]","[-0.001881273468200636, -0.012424535127773417, 0.0]","{""Controller Type"": ""MPC Controller"", ""weight_comfort"": 56.1758885529204, ""weight_trajectory"": 1317352.7900992122, ""weight_goal"": 2501000.0, ""Q"": [[1317352.7900992122, 0.0, 0.0, 0.0], [0.0, 0.0, 0.0, 0.0], [0.0, 0.0, 1317352.7900992122, 0.0], [0.0, 0.0, 0.0, 0.0]], ""R"": [[56.1758885529204, 0.0], [0.0, 56.1758885529204]], ""P"": [[2501000.0, 0.0, 0.0, 0.0], [0.0, 250100000.0, 0.0, 0.0], [0.0, 0.0, 2501000.0, 0.0], [0.0, 0.0, 0.0, 250100000.0]]}","[-0.05924123400978104, -0.5698035618359436, 0.0]",False
3,P12,8fb3067a-529c-46ff-91ee-9777d757f3f3,31,1,haply,mpc,seeded_random,2826394735,persist_session,10.0,63.10982001304625,16286.291197346,0,1785943628.1338203,407.0,True,aggressive,adaptive,0.08,-0.08,0.0,0.08,0.08,0.0,0.0803423889,0.08329322,0.0,0.031815637,-0.107389055,0.28191882,-4.1094577e-07,1.4407277e-05,-3.3514954e-07,"[5.494549507917744, -0.4970777861955559, 0.0, 0.0, 0.0, 0.0, 3.772707003192005, -0.793994936310731]","[-0.0018812727620115203, -0.012424354157051972, 0.0]","{""Controller Type"": ""MPC Controller"", ""weight_comfort"": 56.17579874982852, ""weight_trajectory"": 1317355.489580154, ""weight_goal"": 2501000.0, ""Q"": [[1317355.489580154, 0.0, 0.0, 0.0], [0.0, 0.0, 0.0, 0.0], [0.0, 0.0, 1317355.489580154, 0.0], [0.0, 0.0, 0.0, 0.0]], ""R"": [[56.17579874982852, 0.0], [0.0, 56.17579874982852]], ""P"": [[2501000.0, 0.0, 0.0, 0.0], [0.0, 250100000.0, 0.0, 0.0], [0.0, 0.0, 2501000.0, 0.0], [0.0, 0.0, 0.0, 250100000.0]]}","[-0.059241234009782345, -0.5698035618359436, 0.0]",False
3,P12,8fb3067a-529c-46ff-91ee-9777d757f3f3,31,1,haply,mpc,seeded_random,2826394735,persist_session,10.0,63.11976707458495,16286.301153571,0,1785943628.1439772,408.0,True,aggressive,adaptive,0.08,-0.08,0.0,0.08,0.08,0.0,0.0803423889,0.08329322,0.0,0.031815637,-0.107389055,0.28191882,-2.9770737e-07,1.043727e-05,-2.4279723e-07,"[5.49454744331962, -0.4970772700650809, 0.0, 0.0, 0.0, 0.0, 3.7726519972726966, -0.7939741020214786]","[-0.0018812720551160396, -0.012424173010458388, 0.0]","{""Controller Type"": ""MPC Controller"", ""weight_comfort"": 56.17579874982852, ""weight_trajectory"": 1317355.489580154, ""weight_goal"": 2501000.0, ""Q"": [[1317355.489580154, 0.0, 0.0, 0.0], [0.0, 0.0, 0.0, 0.0], [0.0, 0.0, 1317355.489580154, 0.0], [0.0, 0.0, 0.0, 0.0]], ""R"": [[56.17579874982852, 0.0], [0.0, 56.17579874982852]], ""P"": [[2501000.0, 0.0, 0.0, 0.0], [0.0, 250100000.0, 0.0, 0.0], [0.0, 0.0, 2501000.0, 0.0], [0.0, 0.0, 0.0, 250100000.0]]}","[-0.059241234009782345, -0.5698035618359436, 0.0]",False
3,P12,8fb3067a-529c-46ff-91ee-9777d757f3f3,31,1,haply,mpc,seeded_random,2826394735,persist_session,10.0,63.12993062019347,16286.311291731,0,1785943628.1538546,409.0,True,aggressive,adaptive,0.08,-0.08,0.0,0.08,0.08,0.0,0.0803423889,0.08329322,0.0,0.031815637,-0.107389055,0.28191882,-2.1433175e-07,7.5142184e-06,-1.7479968e-07,"[5.494545376656385, -0.49707675341834723, 0.0, 0.0, 0.0, 0.0, 3.772596937898762, -0.7939532474855115]","[-0.0018812713475134877, -0.012423991687826959, 0.0]","{""Controller Type"": ""MPC Controller"", ""weight_comfort"": 56.17579874982852, ""weight_trajectory"": 1317355.489580154, ""weight_goal"": 2501000.0, ""Q"": [[1317355.489580154, 0.0, 0.0, 0.0], [0.0, 0.0, 0.0, 0.0], [0.0, 0.0, 1317355.489580154, 0.0], [0.0, 0.0, 0.0, 0.0]], ""R"": [[56.17579874982852, 0.0], [0.0, 56.17579874982852]], ""P"": [[2501000.0, 0.0, 0.0, 0.0], [0.0, 250100000.0, 0.0, 0.0], [0.0, 0.0, 2501000.0, 0.0], [0.0, 0.0, 0.0, 250100000.0]]}","[-0.05924123654603912, -0.5698035862305962, 0.0]",False
3,P12,8fb3067a-529c-46ff-91ee-9777d757f3f3,31,1,haply,mpc,seeded_random,2826394735,persist_session,10.0,63.139691953659046,16286.32106601,0,1785943628.1640122,410.0,True,aggressive,adaptive,0.08,-0.08,0.0,0.08,0.08,0.0,0.0803423889,0.08329322,0.0,0.031815637,-0.107389055,0.28191882,-1.5371333e-07,5.3890085e-06,-1.2536192e-07,"[5.494543307925975, -0.4970762362548389, 0.0, 0.0, 0.0, 0.0, 3.7725418250198395, -0.7939323726837549]","[-0.0018812706392031583, -0.012423810188991833, 0.0]","{""Controller Type"": ""MPC Controller"", ""weight_comfort"": 56.17579874982852, ""weight_trajectory"": 1317355.489580154, ""weight_goal"": 2501000.0, ""Q"": [[1317355.489580154, 0.0, 0.0, 0.0], [0.0, 0.0, 0.0, 0.0], [0.0, 0.0, 1317355.489580154, 0.0], [0.0, 0.0, 0.0, 0.0]], ""R"": [[56.17579874982852, 0.0], [0.0, 56.17579874982852]], ""P"": [[2501000.0, 0.0, 0.0, 0.0], [0.0, 250100000.0, 0.0, 0.0], [0.0, 0.0, 2501000.0, 0.0], [0.0, 0.0, 0.0, 250100000.0]]}","[-0.059241236546038196, -0.5698035862305965, 0.0]",False
3,P12,8fb3067a-529c-46ff-91ee-9777d757f3f3,31,1,haply,mpc,seeded_random,2826394735,persist_session,10.0,63.14979947090148,16286.331163548,0,1785943628.1738591,411.0,True,aggressive,adaptive,0.08,-0.08,0.0,0.08,0.08,0.0,0.0803423889,0.08329322,0.0,0.031815637,-0.107389055,0.28191882,-1.1060343e-07,3.8776266e-06,-9.0203365e-08,"[5.494541237126324, -0.49707571857403937, 0.0, 0.0, 0.0, 0.0, 3.7724866585855246, -0.7939114775971171]","[-0.0018812699301843437, -0.012423628513787019, 0.0]","{""Controller Type"": ""MPC Controller"", ""weight_comfort"": 56.17570868434619, ""weight_trajectory"": 1317358.196948553, ""weight_goal"": 2501000.0, ""Q"": [[1317358.196948553, 0.0, 0.0, 0.0], [0.0, 0.0, 0.0, 0.0], [0.0, 0.0, 1317358.196948553, 0.0], [0.0, 0.0, 0.0, 0.0]], ""R"": [[56.17570868434619, 0.0], [0.0, 56.17570868434619]], ""P"": [[2501000.0, 0.0, 0.0, 0.0], [0.0, 250100000.0, 0.0, 0.0], [0.0, 0.0, 2501000.0, 0.0], [0.0, 0.0, 0.0, 250100000.0]]}","[-0.05924123908969702, -0.5698036106964331, 0.0]",False
3,P12,8fb3067a-529c-46ff-91ee-9777d757f3f3,31,1,haply,mpc,seeded_random,2826394735,persist_session,10.0,63.159796361923206,16286.34117115,0,1785943628.184029,412.0,True,aggressive,adaptive,0.08,-0.08,0.0,0.08,0.08,0.0,0.0803423889,0.08329322,0.0,0.031815637,-0.107389055,0.28191882,-7.920922e-08,2.7769825e-06,-6.459959e-08,"[5.494539164255364, -0.4970752003754316, 0.0, 0.0, 0.0, 0.0, 3.772431438545367, -0.7938905622064893]","[-0.0018812692204563358, -0.012423446662046372, 0.0]","{""Controller Type"": ""MPC Controller"", ""weight_comfort"": 56.17570868434619, ""weight_trajectory"": 1317358.196948553, ""weight_goal"": 2501000.0, ""Q"": [[1317358.196948553, 0.0, 0.0, 0.0], [0.0, 0.0, 0.0, 0.0], [0.0, 0.0, 1317358.196948553, 0.0], [0.0, 0.0, 0.0, 0.0]], ""R"": [[56.17570868434619, 0.0], [0.0, 56.17570868434619]], ""P"": [[2501000.0, 0.0, 0.0, 0.0], [0.0, 250100000.0, 0.0, 0.0], [0.0, 0.0, 2501000.0, 0.0], [0.0, 0.0, 0.0, 250100000.0]]}","[-0.05924123908969847, -0.5698036106964339, 0.0]",False
3,P12,8fb3067a-529c-46ff-91ee-9777d757f3f3,31,1,haply,mpc,seeded_random,2826394735,persist_session,10.0,63.16978466987609,16286.351167784,0,1785943628.193778,413.0,True,aggressive,adaptive,0.08,-0.08,0.0,0.08,0.08,0.0,0.0803423889,0.08329322,0.0,0.031815637,-0.107389055,0.28191882,-5.6791666e-08,1.9910492e-06,-4.631681e-08,"[5.494537089311024, -0.49707468165849816, 0.0, 0.0, 0.0, 0.0, 3.772376164848873, -0.7938696264927464]","[-0.0018812685100184257, -0.012423264633603603, 0.0]","{""Controller Type"": ""MPC Controller"", ""weight_comfort"": 56.175618355729156, ""weight_trajectory"": 1317360.912226781, ""weight_goal"": 2501000.0, ""Q"": [[1317360.912226781, 0.0, 0.0, 0.0], [0.0, 0.0, 0.0, 0.0], [0.0, 0.0, 1317360.912226781, 0.0], [0.0, 0.0, 0.0, 0.0]], ""R"": [[56.175618355729156, 0.0], [0.0, 56.175618355729156]], ""P"": [[2501000.0, 0.0, 0.0, 0.0], [0.0, 250100000.0, 0.0, 0.0], [0.0, 0.0, 2501000.0, 0.0], [0.0, 0.0, 0.0, 250100000.0]]}","[-0.059241239089697965, -0.5698036106964345, 0.0]",False
3,P12,8fb3067a-529c-46ff-91ee-9777d757f3f3,31,1,haply,mpc,seeded_random,2826394735,persist_session,10.0,63.179866914749134,16286.361238059,0,1785943628.2040331,414.0,True,aggressive,adaptive,0.08,-0.08,0.0,0.08,0.08,0.0,0.0803423889,0.08329322,0.0,0.031815637,-0.107389055,0.28191882,-4.038612e-08,1.4158901e-06,-3.2937162e-08,"[5.494535012291232, -0.4970741624227209, 0.0, 0.0, 0.0, 0.0, 3.772320837445504, -0.793848670436746]","[-0.0018812677988699039, -0.012423082428292282, 0.0]","{""Controller Type"": ""MPC Controller"", ""weight_comfort"": 56.175618355729156, ""weight_trajectory"": 1317360.912226781, ""weight_goal"": 2501000.0, ""Q"": [[1317360.912226781, 0.0, 0.0, 0.0], [0.0, 0.0, 0.0, 0.0], [0.0, 0.0, 1317360.912226781, 0.0], [0.0, 0.0, 0.0, 0.0]], ""R"": [[56.175618355729156, 0.0], [0.0, 56.175618355729156]], ""P"": [[2501000.0, 0.0, 0.0, 0.0], [0.0, 250100000.0, 0.0, 0.0], [0.0, 0.0, 2501000.0, 0.0], [0.0, 0.0, 0.0, 250100000.0]]}","[-0.05924124164077709, -0.5698036352336571, 0.0]",False
3,P12,8fb3067a-529c-46ff-91ee-9777d757f3f3,31,1,haply,mpc,seeded_random,2826394735,persist_session,10.0,63.18990171432494,16286.371273551,0,1785943628.2138216,415.0,True,aggressive,adaptive,0.08,-0.08,0.0,0.08,0.08,0.0,0.0803423889,0.08329322,0.0,0.031815637,-0.107389055,0.28191882,-2.9134537e-08,1.0214229e-06,-2.3760865e-08,"[5.494532933193914, -0.49707364266758125, 0.0, 0.0, 0.0, 0.0, 3.772265456284677, -0.7938276940193291]","[-0.0018812670870100602, -0.012422900045945822, 0.0]","{""Controller Type"": ""MPC Controller"", ""weight_comfort"": 56.175618355729156, ""weight_trajectory"": 1317360.912226781, ""weight_goal"": 2501000.0, ""Q"": [[1317360.912226781, 0.0, 0.0, 0.0], [0.0, 0.0, 0.0, 0.0], [0.0, 0.0, 1317360.912226781, 0.0], [0.0, 0.0, 0.0, 0.0]], ""R"": [[56.175618355729156, 0.0], [0.0, 56.175618355729156]], ""P"": [[2501000.0, 0.0, 0.0, 0.0], [0.0, 250100000.0, 0.0, 0.0], [0.0, 0.0, 2501000.0, 0.0], [0.0, 0.0, 0.0, 250100000.0]]}","[-0.05924124164077901, -0.5698036352336561, 0.0]",False
3,P12,8fb3067a-529c-46ff-91ee-9777d757f3f3,31,1,haply,mpc,seeded_random,2826394735,persist_session,10.0,63.20000875473021,16286.38138166,0,1785943628.2239835,416.0,True,aggressive,adaptive,0.08,-0.08,0.0,0.08,0.08,0.0,0.0803423889,0.08329322,0.0,0.031815637,-0.107389055,0.28191882,-2.097159e-08,7.3523967e-07,-1.7103526e-08,"[5.494530852016993, -0.49707312239256013, 0.0, 0.0, 0.0, 0.0, 3.772210021315764, -0.7938066972213198]","[-0.0018812663744381835, -0.012422717486397498, 0.0]","{""Controller Type"": ""MPC Controller"", ""weight_comfort"": 56.17552776323123, ""weight_trajectory"": 1317363.6354372688, ""weight_goal"": 2501000.0, ""Q"": [[1317363.6354372688, 0.0, 0.0, 0.0], [0.0, 0.0, 0.0, 0.0], [0.0, 0.0, 1317363.6354372688, 0.0], [0.0, 0.0, 0.0, 0.0]], ""R"": [[56.17552776323123, 0.0], [0.0, 56.17552776323123]], ""P"": [[2501000.0, 0.0, 0.0, 0.0], [0.0, 250100000.0, 0.0, 0.0], [0.0, 0.0, 2501000.0, 0.0], [0.0, 0.0, 0.0, 250100000.0]]}","[-0.05924124164077866, -0.5698036352336562, 0.0]",False
3,P12,8fb3067a-529c-46ff-91ee-9777d757f3f3,31,1,haply,mpc,seeded_random,2826394735,persist_session,10.0,63.2100380706787,16286.391393027,0,1785943628.2338483,417.0,True,aggressive,adaptive,0.08,-0.08,0.0,0.08,0.08,0.0,0.0803423889,0.08329322,0.0,0.031815637,-0.107389055,0.28191882,-1.5043689e-08,5.2741444e-07,-1.2268986e-08,"[5.494528768758391, -0.4970726015971379, 0.0, 0.0, 0.0, 0.0, 3.7721545324880936, -0.7937856800235255]","[-0.0018812656611535625, -0.012422534749480438, 0.0]","{""Controller Type"": ""MPC Controller"", ""weight_comfort"": 56.17552776323123, ""weight_trajectory"": 1317363.6354372688, ""weight_goal"": 2501000.0, ""Q"": [[1317363.6354372688, 0.0, 0.0, 0.0], [0.0, 0.0, 0.0, 0.0], [0.0, 0.0, 1317363.6354372688, 0.0], [0.0, 0.0, 0.0, 0.0]], ""R"": [[56.17552776323123, 0.0], [0.0, 56.17552776323123]], ""P"": [[2501000.0, 0.0, 0.0, 0.0], [0.0, 250100000.0, 0.0, 0.0], [0.0, 0.0, 2501000.0, 0.0], [0.0, 0.0, 0.0, 250100000.0]]}","[-0.059241244199301, -0.5698036598424687, 0.0]",False
3,P12,8fb3067a-529c-46ff-91ee-9777d757f3f3,31,1,haply,mpc,seeded_random,2826394735,persist_session,10.0,63.22000706672667,16286.401381651,0,1785943628.2439582,418.0,True,aggressive,adaptive,0.08,-0.08,0.0,0.08,0.08,0.0,0.0803423889,0.08329322,0.0,0.031815637,-0.107389055,0.28191882,-1.0909205e-08,3.8246415e-07,-8.897077e-09,"[5.494526683416027, -0.4970720802807944, 0.0, 0.0, 0.0, 0.0, 3.7720989897509494, -0.7937646424067364]","[-0.0018812649471554844, -0.01242235183502762, 0.0]","{""Controller Type"": ""MPC Controller"", ""weight_comfort"": 56.17552776323123, ""weight_trajectory"": 1317363.6354372688, ""weight_goal"": 2501000.0, ""Q"": [[1317363.6354372688, 0.0, 0.0, 0.0], [0.0, 0.0, 0.0, 0.0], [0.0, 0.0, 1317363.6354372688, 0.0], [0.0, 0.0, 0.0, 0.0]], ""R"": [[56.17552776323123, 0.0], [0.0, 56.17552776323123]], ""P"": [[2501000.0, 0.0, 0.0, 0.0], [0.0, 250100000.0, 0.0, 0.0], [0.0, 0.0, 2501000.0, 0.0], [0.0, 0.0, 0.0, 250100000.0]]}","[-0.05924124419930296, -0.5698036598424684, 0.0]",False
3,P12,8fb3067a-529c-46ff-91ee-9777d757f3f3,31,1,haply,mpc,seeded_random,2826394735,persist_session,10.0,63.22980583190917,16286.41118594,0,1785943628.2540045,419.0,True,aggressive,adaptive,0.08,-0.08,0.0,0.08,0.08,0.0,0.0803423889,0.08329322,0.0,0.031815637,-0.107389055,0.28191882,-7.733044e-09,2.7111165e-07,-6.306738e-09,"[5.494524595987819, -0.4970715584430091, 0.0, 0.0, 0.0, 0.0, 3.7720433930535697, -0.7937435843517261]","[-0.0018812642324432364, -0.012422168742871874, 0.0]","{""Controller Type"": ""MPC Controller"", ""weight_comfort"": 56.17543690610419, ""weight_trajectory"": 1317366.3666025077, ""weight_goal"": 2501000.0, ""Q"": [[1317366.3666025077, 0.0, 0.0, 0.0], [0.0, 0.0, 0.0, 0.0], [0.0, 0.0, 1317366.3666025077, 0.0], [0.0, 0.0, 0.0, 0.0]], ""R"": [[56.17543690610419, 0.0], [0.0, 56.17543690610419]], ""P"": [[2501000.0, 0.0, 0.0, 0.0], [0.0, 250100000.0, 0.0, 0.0], [0.0, 0.0, 2501000.0, 0.0], [0.0, 0.0, 0.0, 250100000.0]]}","[-0.05924124419930137, -0.5698036598424676, 0.0]",False
3,P12,8fb3067a-529c-46ff-91ee-9777d757f3f3,31,1,haply,mpc,seeded_random,2826394735,persist_session,10.0,63.2398129749298,16286.421194566,0,1785943628.2638364,420.0,True,aggressive,adaptive,0.08,-0.08,0.0,0.08,0.08,0.0,0.0803423889,0.08329322,0.0,0.031815637,-0.107389055,0.28191882,-5.5761933e-09,1.9549496e-07,-4.547703e-09,"[5.494522506471681, -0.4970710360832607, 0.0, 0.0, 0.0, 0.0, 3.771987742345149, -0.7937225058392512]","[-0.0018812635170161044, -0.01242198547284589, 0.0]","{""Controller Type"": ""MPC Controller"", ""weight_comfort"": 56.17543690610419, ""weight_trajectory"": 1317366.3666025077, ""weight_goal"": 2501000.0, ""Q"": [[1317366.3666025077, 0.0, 0.0, 0.0], [0.0, 0.0, 0.0, 0.0], [0.0, 0.0, 1317366.3666025077, 0.0], [0.0, 0.0, 0.0, 0.0]], ""R"": [[56.17543690610419, 0.0], [0.0, 56.17543690610419]], ""P"": [[2501000.0, 0.0, 0.0, 0.0], [0.0, 250100000.0, 0.0, 0.0], [0.0, 0.0, 2501000.0, 0.0], [0.0, 0.0, 0.0, 250100000.0]]}","[-0.05924124676529047, -0.569803684523069, 0.0]",False
3,P12,8fb3067a-529c-46ff-91ee-9777d757f3f3,31,1,haply,mpc,seeded_random,2826394735,persist_session,10.0,63.24986398696898,16286.431243211,0,1785943628.2738538,421.0,True,aggressive,adaptive,0.08,-0.08,0.0,0.08,0.08,0.0,0.0803423889,0.08329322,0.0,0.03176621,-0.107400395,0.28192008,-1.978288e-06,-3.0906978e-07,4.6820354e-08,"[5.494520414865527, -0.4970705132010276, 0.0, 0.0, 0.0, 0.0, 3.7719320375748375, -0.7937014068500513]","[-0.001881262800873374, -0.012421802024782205, 0.0]","{""Controller Type"": ""MPC Controller"", ""weight_comfort"": 56.17543690610419, ""weight_trajectory"": 1317366.3666025077, ""weight_goal"": 2501000.0, ""Q"": [[1317366.3666025077, 0.0, 0.0, 0.0], [0.0, 0.0, 0.0, 0.0], [0.0, 0.0, 1317366.3666025077, 0.0], [0.0, 0.0, 0.0, 0.0]], ""R"": [[56.17543690610419, 0.0], [0.0, 56.17543690610419]], ""P"": [[2501000.0, 0.0, 0.0, 0.0], [0.0, 250100000.0, 0.0, 0.0], [0.0, 0.0, 2501000.0, 0.0], [0.0, 0.0, 0.0, 250100000.0]]}","[-0.05924124676528953, -0.5698036845230683, 0.0]",False
3,P12,8fb3067a-529c-46ff-91ee-9777d757f3f3,31,1,haply,mpc,seeded_random,2826394735,persist_session,10.0,63.25977528572081,16286.441161584,0,1785943628.2839708,422.0,True,aggressive,adaptive,0.08,-0.08,0.0,0.08,0.08,0.0,0.0801941079,0.08329574,0.0,0.03176621,-0.107400395,0.28192008,-2.9048877e-05,-6.5517165e-06,7.354845e-07,"[5.494518321167269, -0.4970699897957875, 0.0, 0.0, 0.0, 0.0, 3.7718762786917397, -0.7936802873648493]","[-0.0018812620840143305, -0.01242161839851321, 0.0]","{""Controller Type"": ""MPC Controller"", ""weight_comfort"": 56.17534578359787, ""weight_trajectory"": 1317369.1057450478, ""weight_goal"": 2501000.0, ""Q"": [[1317369.1057450478, 0.0, 0.0, 0.0], [0.0, 0.0, 0.0, 0.0], [0.0, 0.0, 1317369.1057450478, 0.0], [0.0, 0.0, 0.0, 0.0]], ""R"": [[56.17534578359787, 0.0], [0.0, 56.17534578359787]], ""P"": [[2501000.0, 0.0, 0.0, 0.0], [0.0, 250100000.0, 0.0, 0.0], [0.0, 0.0, 2501000.0, 0.0], [0.0, 0.0, 0.0, 250100000.0]]}","[0.23959262676982443, -0.574882294452272, 0.0]",False
3,P12,8fb3067a-529c-46ff-91ee-9777d757f3f3,31,1,haply,mpc,seeded_random,2826394735,persist_session,10.0,63.26991928100585,16286.451291011,0,1785943628.2938583,423.0,True,aggressive,adaptive,0.08,-0.08,0.0,0.08,0.08,0.0,0.0801941079,0.08329574,0.0,0.03176621,-0.107400395,0.28192008,-4.8548965e-05,-1.104856e-05,1.2315585e-06,"[5.478094471020993, -0.48357998119346773, 0.0, 0.0, 0.0, 0.0, 3.7717039878171006, -0.7936125939296557]","[0.006024267616825795, -0.012628232192359624, 0.0]","{""Controller Type"": ""MPC Controller"", ""weight_comfort"": 56.17534578359787, ""weight_trajectory"": 1317369.1057450478, ""weight_goal"": 2501000.0, ""Q"": [[1317369.1057450478, 0.0, 0.0, 0.0], [0.0, 0.0, 0.0, 0.0], [0.0, 0.0, 1317369.1057450478, 0.0], [0.0, 0.0, 0.0, 0.0]], ""R"": [[56.17534578359787, 0.0], [0.0, 56.17534578359787]], ""P"": [[2501000.0, 0.0, 0.0, 0.0], [0.0, 250100000.0, 0.0, 0.0], [0.0, 0.0, 2501000.0, 0.0], [0.0, 0.0, 0.0, 250100000.0]]}","[-0.03358518512841217, -0.5702397279131297, 0.0]",False
3,P12,8fb3067a-529c-46ff-91ee-9777d757f3f3,31,1,haply,mpc,seeded_random,2826394735,persist_session,10.0,63.279812936782825,16286.461200339,0,1785943628.3039804,424.0,True,aggressive,adaptive,0.08,-0.08,0.0,0.08,0.08,0.0,0.0801941079,0.08329574,0.0,0.03176621,-0.107400395,0.28192008,-6.246696e-05,-1.4258136e-05,1.5856263e-06,"[5.477156719205621, -0.4833455728834178, 0.0, 0.0, 0.0, 0.0, 3.771761425254302, -0.793634349178822]","[-0.0010631593887359147, -0.012430744999667634, 0.0]","{""Controller Type"": ""MPC Controller"", ""weight_comfort"": 56.17534578359787, ""weight_trajectory"": 1317369.1057450478, ""weight_goal"": 2501000.0, ""Q"": [[1317369.1057450478, 0.0, 0.0, 0.0], [0.0, 0.0, 0.0, 0.0], [0.0, 0.0, 1317369.1057450478, 0.0], [0.0, 0.0, 0.0, 0.0]], ""R"": [[56.17534578359787, 0.0], [0.0, 56.17534578359787]], ""P"": [[2501000.0, 0.0, 0.0, 0.0], [0.0, 250100000.0, 0.0, 0.0], [0.0, 0.0, 2501000.0, 0.0], [0.0, 0.0, 0.0, 250100000.0]]}","[-0.03358518512446491, -0.57023972792529, 0.0]",False
3,P12,8fb3067a-529c-46ff-91ee-9777d757f3f3,31,1,haply,mpc,seeded_random,2826394735,persist_session,10.0,63.29004347801207,16286.471420282,0,1785943628.3138385,425.0,True,aggressive,adaptive,0.08,-0.08,0.0,0.08,0.08,0.0,0.0801941079,0.08329574,0.0,0.031716798,-0.10741169,0.2819213,-8.7676155e-05,-2.0033664e-05,2.225586e-06,"[5.4771560464258044, -0.4833454047097313, 0.0, 0.0, 0.0, 0.0, 3.7717054182101526, -0.7936131357114405]","[-0.0010631592581440373, -0.012430560415011949, 0.0]","{""Controller Type"": ""MPC Controller"", ""weight_comfort"": 56.17534578359787, ""weight_trajectory"": 1317369.1057450478, ""weight_goal"": 2501000.0, ""Q"": [[1317369.1057450478, 0.0, 0.0, 0.0], [0.0, 0.0, 0.0, 0.0], [0.0, 0.0, 1317369.1057450478, 0.0], [0.0, 0.0, 0.0, 0.0]], ""R"": [[56.17534578359787, 0.0], [0.0, 56.17534578359787]], ""P"": [[2501000.0, 0.0, 0.0, 0.0], [0.0, 250100000.0, 0.0, 0.0], [0.0, 0.0, 2501000.0, 0.0], [0.0, 0.0, 0.0, 250100000.0]]}","[-0.03358518512446491, -0.57023972792529, 0.0]",False
3,P12,8fb3067a-529c-46ff-91ee-9777d757f3f3,31,1,haply,mpc,seeded_random,2826394735,persist_session,10.0,63.29979312896727,16286.481179191,0,1785943628.3241208,426.0,True,aggressive,adaptive,0.08,-0.08,0.0,0.08,0.08,0.0,0.0800458718999999,0.0832981799999999,0.0,0.031716798,-0.10741169,0.2819213,-0.00011238345,-2.56876e-05,2.8526033e-06,"[5.4771553729727005, -0.4833452363677442, 0.0, 0.0, 0.0, 0.0, 3.771649356768671, -0.7935919016402931]","[-0.0010631591274214696, -0.0124303756510768, 0.0]","{""Controller Type"": ""MPC Controller"", ""weight_comfort"": 56.170470974224244, ""weight_trajectory"": 1317515.6425148186, ""weight_goal"": 2501000.0, ""Q"": [[1317515.6425148186, 0.0, 0.0, 0.0], [0.0, 0.0, 0.0, 0.0], [0.0, 0.0, 1317515.6425148186, 0.0], [0.0, 0.0, 0.0, 0.0]], ""R"": [[56.170470974224244, 0.0], [0.0, 56.170470974224244]], ""P"": [[2501000.0, 0.0, 0.0, 0.0], [0.0, 250100000.0, 0.0, 0.0], [0.0, 0.0, 2501000.0, 0.0], [0.0, 0.0, 0.0, 250100000.0]]}","[0.26076999960590097, -0.5750862109806574, 0.0]",False
3,P12,8fb3067a-529c-46ff-91ee-9777d757f3f3,31,1,haply,mpc,seeded_random,2826394735,persist_session,10.0,63.310054426193226,16286.491430137,0,1785943628.3338575,427.0,True,aggressive,adaptive,0.08,-0.08,0.0,0.08,0.08,0.0,0.0800458718999999,0.0832981799999999,0.0,0.031716798,-0.10741169,0.2819213,-0.00013255066,-3.0302599e-05,3.3644026e-06,"[5.460784234760812, -0.4702799169107317, 0.0, 0.0, 0.0, 0.0, 3.771483647079251, -0.7935269033578567]","[0.006529364232532142, -0.01262733705901474, 0.0]","{""Controller Type"": ""MPC Controller"", ""weight_comfort"": 56.170470974224244, ""weight_trajectory"": 1317515.6425148186, ""weight_goal"": 2501000.0, ""Q"": [[1317515.6425148186, 0.0, 0.0, 0.0], [0.0, 0.0, 0.0, 0.0], [0.0, 0.0, 1317515.6425148186, 0.0], [0.0, 0.0, 0.0, 0.0]], ""R"": [[56.170470974224244, 0.0], [0.0, 56.170470974224244]], ""P"": [[2501000.0, 0.0, 0.0, 0.0], [0.0, 250100000.0, 0.0, 0.0], [0.0, 0.0, 2501000.0, 0.0], [0.0, 0.0, 0.0, 250100000.0]]}","[-0.007936925405026635, -0.5706632307541657, 0.0]",False
3,P12,8fb3067a-529c-46ff-91ee-9777d757f3f3,31,1,haply,mpc,seeded_random,2826394735,persist_session,10.0,63.31993830680846,16286.501324279,0,1785943628.3439925,428.0,True,aggressive,adaptive,0.08,-0.08,0.0,0.08,0.08,0.0,0.0800458718999999,0.0832981799999999,0.0,0.031716798,-0.10741169,0.2819213,-0.00014635955,-3.346258e-05,3.7148423e-06,"[5.4605621154931265, -0.47022439914895586, 0.0, 0.0, 0.0, 0.0, 3.771537608968307, -0.7935473421821195]","[-0.00025048635930558107, -0.012439209911146873, 0.0]","{""Controller Type"": ""MPC Controller"", ""weight_comfort"": 56.16581174854742, ""weight_trajectory"": 1317655.6988386642, ""weight_goal"": 2501000.0, ""Q"": [[1317655.6988386642, 0.0, 0.0, 0.0], [0.0, 0.0, 0.0, 0.0], [0.0, 0.0, 1317655.6988386642, 0.0], [0.0, 0.0, 0.0, 0.0]], ""R"": [[56.16581174854742, 0.0], [0.0, 56.16581174854742]], ""P"": [[2501000.0, 0.0, 0.0, 0.0], [0.0, 250100000.0, 0.0, 0.0], [0.0, 0.0, 2501000.0, 0.0], [0.0, 0.0, 0.0, 250100000.0]]}","[-0.007936925400702613, -0.570663230765767, 0.0]",False
3,P12,8fb3067a-529c-46ff-91ee-9777d757f3f3,31,1,haply,mpc,seeded_random,2826394735,persist_session,10.0,63.32978713989257,16286.511169173,0,1785943628.3538427,429.0,True,aggressive,adaptive,0.08,-0.08,0.0,0.08,0.08,0.0,0.0800458718999999,0.0832981799999999,0.0,0.031716798,-0.10741169,0.2819213,-0.00012586059,-2.8776682e-05,3.1945299e-06,"[5.460562077884957, -0.4702243897489544, 0.0, 0.0, 0.0, 0.0, 3.7714813007865002, -0.7935260146664851]","[-0.00025048635758042286, -0.0124390241966278, 0.0]","{""Controller Type"": ""MPC Controller"", ""weight_comfort"": 56.16581174854742, ""weight_trajectory"": 1317655.6988386642, ""weight_goal"": 2501000.0, ""Q"": [[1317655.6988386642, 0.0, 0.0, 0.0], [0.0, 0.0, 0.0, 0.0], [0.0, 0.0, 1317655.6988386642, 0.0], [0.0, 0.0, 0.0, 0.0]], ""R"": [[56.16581174854742, 0.0], [0.0, 56.16581174854742]], ""P"": [[2501000.0, 0.0, 0.0, 0.0], [0.0, 250100000.0, 0.0, 0.0], [0.0, 0.0, 2501000.0, 0.0], [0.0, 0.0, 0.0, 250100000.0]]}","[-0.007936943024540294, -0.5706644979202199, 0.0]",False
3,P12,8fb3067a-529c-46ff-91ee-9777d757f3f3,31,1,haply,mpc,seeded_random,2826394735,persist_session,10.0,63.33974469184874,16286.521126159,0,1785943628.3640077,430.0,True,aggressive,adaptive,0.08,-0.08,0.0,0.08,0.08,0.0,0.0800458718999999,0.0832981799999999,0.0,0.031716798,-0.10741169,0.2819213,-9.0051675e-05,-2.0589354e-05,2.2856461e-06,"[5.460562040239141, -0.47022438033954367, 0.0, 0.0, 0.0, 0.0, 3.771424937923984, -0.7935046664397628]","[-0.0002504863558535378, -0.012438838301761908, 0.0]","{""Controller Type"": ""MPC Controller"", ""weight_comfort"": 56.16581174854742, ""weight_trajectory"": 1317655.6988386642, ""weight_goal"": 2501000.0, ""Q"": [[1317655.6988386642, 0.0, 0.0, 0.0], [0.0, 0.0, 0.0, 0.0], [0.0, 0.0, 1317655.6988386642, 0.0], [0.0, 0.0, 0.0, 0.0]], ""R"": [[56.16581174854742, 0.0], [0.0, 56.16581174854742]], ""P"": [[2501000.0, 0.0, 0.0, 0.0], [0.0, 250100000.0, 0.0, 0.0], [0.0, 0.0, 2501000.0, 0.0], [0.0, 0.0, 0.0, 250100000.0]]}","[-0.007936943024541912, -0.5706644979202136, 0.0]",False
3,P12,8fb3067a-529c-46ff-91ee-9777d757f3f3,31,1,haply,mpc,seeded_random,2826394735,persist_session,10.0,63.34988248825072,16286.531264946,0,1785943628.373869,431.0,True,aggressive,adaptive,0.08,-0.08,0.0,0.08,0.08,0.0,0.0800458718999999,0.0832981799999999,0.0,0.031716798,-0.10741169,0.2819213,-6.454051e-05,-1.4756497e-05,1.6381349e-06,"[5.460562002555642, -0.47022437092071423, 0.0, 0.0, 0.0, 0.0, 3.771368520329319, -0.7934832974824698]","[-0.00025048635412492406, -0.012438652226379536, 0.0]","{""Controller Type"": ""MPC Controller"", ""weight_comfort"": 56.16572329112181, ""weight_trajectory"": 1317658.3578688782, ""weight_goal"": 2501000.0, ""Q"": [[1317658.3578688782, 0.0, 0.0, 0.0], [0.0, 0.0, 0.0, 0.0], [0.0, 0.0, 1317658.3578688782, 0.0], [0.0, 0.0, 0.0, 0.0]], ""R"": [[56.16572329112181, 0.0], [0.0, 56.16572329112181]], ""P"": [[2501000.0, 0.0, 0.0, 0.0], [0.0, 250100000.0, 0.0, 0.0], [0.0, 0.0, 2501000.0, 0.0], [0.0, 0.0, 0.0, 250100000.0]]}","[-0.007936943024540639, -0.5706644979202146, 0.0]",False
3,P12,8fb3067a-529c-46ff-91ee-9777d757f3f3,31,1,haply,mpc,seeded_random,2826394735,persist_session,10.0,63.35982931137084,16286.54120715,0,1785943628.3839629,432.0,True,aggressive,adaptive,0.08,-0.08,0.0,0.08,0.08,0.0,0.0800458718999999,0.0832981799999999,0.0,0.031716798,-0.10741169,0.2819213,-4.6883975e-05,-1.0719519e-05,1.1899857e-06,"[5.460561964834423, -0.47022436149245667, 0.0, 0.0, 0.0, 0.0, 3.7713120479510227, -0.793461907775106]","[-0.00025048635239458006, -0.012438465970310886, 0.0]","{""Controller Type"": ""MPC Controller"", ""weight_comfort"": 56.16572329112181, ""weight_trajectory"": 1317658.3578688782, ""weight_goal"": 2501000.0, ""Q"": [[1317658.3578688782, 0.0, 0.0, 0.0], [0.0, 0.0, 0.0, 0.0], [0.0, 0.0, 1317658.3578688782, 0.0], [0.0, 0.0, 0.0, 0.0]], ""R"": [[56.16572329112181, 0.0], [0.0, 56.16572329112181]], ""P"": [[2501000.0, 0.0, 0.0, 0.0], [0.0, 250100000.0, 0.0, 0.0], [0.0, 0.0, 2501000.0, 0.0], [0.0, 0.0, 0.0, 250100000.0]]}","[-0.00793694335910477, -0.5706645219752822, 0.0]",False
3,P12,8fb3067a-529c-46ff-91ee-9777d757f3f3,31,1,haply,mpc,seeded_random,2826394735,persist_session,10.0,63.370012168884266,16286.551379882,0,1785943628.393795,433.0,True,aggressive,adaptive,0.08,-0.08,0.0,0.08,0.08,0.0,0.0800458718999999,0.0832981799999999,0.0,0.031716798,-0.10741169,0.2819213,-3.3875604e-05,-7.745294e-06,8.598136e-07,"[5.460561927075445, -0.47022435205476154, 0.0, 0.0, 0.0, 0.0, 3.771255520737566, -0.793440497298154]","[-0.000250486350662504, -0.012438279533386007, 0.0]","{""Controller Type"": ""MPC Controller"", ""weight_comfort"": 56.16572329112181, ""weight_trajectory"": 1317658.3578688782, ""weight_goal"": 2501000.0, ""Q"": [[1317658.3578688782, 0.0, 0.0, 0.0], [0.0, 0.0, 0.0, 0.0], [0.0, 0.0, 1317658.3578688782, 0.0], [0.0, 0.0, 0.0, 0.0]], ""R"": [[56.16572329112181, 0.0], [0.0, 56.16572329112181]], ""P"": [[2501000.0, 0.0, 0.0, 0.0], [0.0, 250100000.0, 0.0, 0.0], [0.0, 0.0, 2501000.0, 0.0], [0.0, 0.0, 0.0, 250100000.0]]}","[-0.007936943359103266, -0.5706645219752816, 0.0]",False
3,P12,8fb3067a-529c-46ff-91ee-9777d757f3f3,31,1,haply,mpc,seeded_random,2826394735,persist_session,10.0,63.379769449234,16286.561151675,0,1785943628.4039602,434.0,True,aggressive,adaptive,0.08,-0.08,0.0,0.08,0.08,0.0,0.0800458718999999,0.0832981799999999,0.0,0.031716798,-0.10741169,0.2819213,-2.391089e-05,-5.4669695e-06,6.068944e-07,"[5.460561889278671, -0.4702243426076194, 0.0, 0.0, 0.0, 0.0, 3.771198938637375, -0.7934190660320797]","[-0.00025048634892869417, -0.0124380929154348, 0.0]","{""Controller Type"": ""MPC Controller"", ""weight_comfort"": 56.16563457575321, ""weight_trajectory"": 1317661.0246528583, ""weight_goal"": 2501000.0, ""Q"": [[1317661.0246528583, 0.0, 0.0, 0.0], [0.0, 0.0, 0.0, 0.0], [0.0, 0.0, 1317661.0246528583, 0.0], [0.0, 0.0, 0.0, 0.0]], ""R"": [[56.16563457575321, 0.0], [0.0, 56.16563457575321]], ""P"": [[2501000.0, 0.0, 0.0, 0.0], [0.0, 250100000.0, 0.0, 0.0], [0.0, 0.0, 2501000.0, 0.0], [0.0, 0.0, 0.0, 250100000.0]]}","[-0.007936943359104286, -0.5706645219752828, 0.0]",False
3,P12,8fb3067a-529c-46ff-91ee-9777d757f3f3,31,1,haply,mpc,seeded_random,2826394735,persist_session,10.0,63.38985097885131,16286.571228751,0,1785943628.413818,435.0,True,aggressive,adaptive,0.08,-0.08,0.0,0.08,0.08,0.0,0.0800458718999999,0.0832981799999999,0.0,0.031716798,-0.10741169,0.2819213,-1.7336673e-05,-3.963844e-06,4.4003082e-07,"[5.460561851444063, -0.4702243331510208, 0.0, 0.0, 0.0, 0.0, 3.7711423015988306, -0.7933976139573315]","[-0.0002504863471931488, -0.012437906116287013, 0.0]","{""Controller Type"": ""MPC Controller"", ""weight_comfort"": 56.16563457575321, ""weight_trajectory"": 1317661.0246528583, ""weight_goal"": 2501000.0, ""Q"": [[1317661.0246528583, 0.0, 0.0, 0.0], [0.0, 0.0, 0.0, 0.0], [0.0, 0.0, 1317661.0246528583, 0.0], [0.0, 0.0, 0.0, 0.0]], ""R"": [[56.16563457575321, 0.0], [0.0, 56.16563457575321]], ""P"": [[2501000.0, 0.0, 0.0, 0.0], [0.0, 250100000.0, 0.0, 0.0], [0.0, 0.0, 2501000.0, 0.0], [0.0, 0.0, 0.0, 250100000.0]]}","[-0.007936943694641681, -0.5706645461004064, 0.0]",False
3,P12,8fb3067a-529c-46ff-91ee-9777d757f3f3,31,1,haply,mpc,seeded_random,2826394735,persist_session,10.0,63.39983261108397,16286.581215231,0,1785943628.42412,436.0,True,aggressive,adaptive,0.08,-0.08,0.0,0.08,0.08,0.0,0.0800458718999999,0.0832981799999999,0.0,0.031714946,-0.107347734,0.28191984,-1.249695e-05,-2.8572927e-06,3.1719134e-07,"[5.460561813571583, -0.47022432368495626, 0.0, 0.0, 0.0, 0.0, 3.771085609570269, -0.7933761410543412]","[-0.0002504863454558662, -0.012437719135772253, 0.0]","{""Controller Type"": ""MPC Controller"", ""weight_comfort"": 56.16563457575321, ""weight_trajectory"": 1317661.0246528583, ""weight_goal"": 2501000.0, ""Q"": [[1317661.0246528583, 0.0, 0.0, 0.0], [0.0, 0.0, 0.0, 0.0], [0.0, 0.0, 1317661.0246528583, 0.0], [0.0, 0.0, 0.0, 0.0]], ""R"": [[56.16563457575321, 0.0], [0.0, 56.16563457575321]], ""P"": [[2501000.0, 0.0, 0.0, 0.0], [0.0, 250100000.0, 0.0, 0.0], [0.0, 0.0, 2501000.0, 0.0], [0.0, 0.0, 0.0, 250100000.0]]}","[-0.007936943694641188, -0.5706645461004063, 0.0]",False
3,P12,8fb3067a-529c-46ff-91ee-9777d757f3f3,31,1,haply,mpc,seeded_random,2826394735,persist_session,10.0,63.40977108955382,16286.591151092,0,1785943628.433813,437.0,True,aggressive,adaptive,0.08,-0.08,0.0,0.08,0.08,0.0,0.0800403158999999,0.0832952599999999,0.0,0.031714946,-0.107347734,0.28191984,-1.0259212e-05,4.2307798e-05,-7.977843e-07,"[5.460561775661193, -0.4702243142094163, 0.0, 0.0, 0.0, 0.0, 3.7710288624999806, -0.7933546473035227]","[-0.0002504863437168446, -0.012437531973719967, 0.0]","{""Controller Type"": ""MPC Controller"", ""weight_comfort"": 56.165545601713106, ""weight_trajectory"": 1317663.6992125036, ""weight_goal"": 2501000.0, ""Q"": [[1317663.6992125036, 0.0, 0.0, 0.0], [0.0, 0.0, 0.0, 0.0], [0.0, 0.0, 1317663.6992125036, 0.0], [0.0, 0.0, 0.0, 0.0]], ""R"": [[56.165545601713106, 0.0], [0.0, 56.165545601713106]], ""P"": [[2501000.0, 0.0, 0.0, 0.0], [0.0, 250100000.0, 0.0, 0.0], [0.0, 0.0, 2501000.0, 0.0], [0.0, 0.0, 0.0, 250100000.0]]}","[0.003707852886400942, -0.5645445306396112, 0.0]",False
3,P12,8fb3067a-529c-46ff-91ee-9777d757f3f3,31,1,haply,mpc,seeded_random,2826394735,persist_session,10.0,63.41977608680724,16286.601160703,0,1785943628.4441516,438.0,True,aggressive,adaptive,0.08,-0.08,0.0,0.08,0.08,0.0,0.0800403158999999,0.0832952599999999,0.0,0.03166554,-0.10735903,0.2819211,-9.685419e-05,5.55277e-05,6.167563e-07,"[5.460541653063923, -0.4702041310627103, 0.0, 0.0, 0.0, 0.0, 3.7711120744216107, -0.7933846484481649]","[4.936896516795022e-05, -0.01218779257292995, 0.0]","{""Controller Type"": ""MPC Controller"", ""weight_comfort"": 56.165545601713106, ""weight_trajectory"": 1317663.6992125036, ""weight_goal"": 2501000.0, ""Q"": [[1317663.6992125036, 0.0, 0.0, 0.0], [0.0, 0.0, 0.0, 0.0], [0.0, 0.0, 1317663.6992125036, 0.0], [0.0, 0.0, 0.0, 0.0]], ""R"": [[56.165545601713106, 0.0], [0.0, 56.165545601713106]], ""P"": [[2501000.0, 0.0, 0.0, 0.0], [0.0, 250100000.0, 0.0, 0.0], [0.0, 0.0, 2501000.0, 0.0], [0.0, 0.0, 0.0, 250100000.0]]}","[-0.006975622223125107, -0.570159339991397, 0.0]",False
3,P12,8fb3067a-529c-46ff-91ee-9777d757f3f3,31,1,haply,mpc,seeded_random,2826394735,persist_session,10.0,63.42985642433165,16286.611234412,0,1785943628.4538865,439.0,True,aggressive,adaptive,0.08,-0.08,0.0,0.08,0.08,0.0,0.0798920978999999,0.0832977799999999,0.0,0.03166554,-0.10735903,0.2819211,-0.00023275845,4.6791123e-05,3.5354751e-06,"[5.460534234292758, -0.47020227677275567, 0.0, 0.0, 0.0, 0.0, 3.7709222293443383, -0.7933127419071646]","[-0.00022014635213627042, -0.012426169185468941, 0.0]","{""Controller Type"": ""MPC Controller"", ""weight_comfort"": 56.165545601713106, ""weight_trajectory"": 1317663.6992125036, ""weight_goal"": 2501000.0, ""Q"": [[1317663.6992125036, 0.0, 0.0, 0.0], [0.0, 0.0, 0.0, 0.0], [0.0, 0.0, 1317663.6992125036, 0.0], [0.0, 0.0, 0.0, 0.0]], ""R"": [[56.165545601713106, 0.0], [0.0, 56.165545601713106]], ""P"": [[2501000.0, 0.0, 0.0, 0.0], [0.0, 250100000.0, 0.0, 0.0], [0.0, 0.0, 2501000.0, 0.0], [0.0, 0.0, 0.0, 250100000.0]]}","[0.3024523394892615, -0.5754202290795376, 0.0]",False
3,P12,8fb3067a-529c-46ff-91ee-9777d757f3f3,31,1,haply,mpc,seeded_random,2826394735,persist_session,10.0,63.43981183052062,16286.621195087,0,1785943628.464398,440.0,True,aggressive,adaptive,0.08,-0.08,0.0,0.08,0.08,0.0,0.0798920978999999,0.0832977799999999,0.0,0.03166554,-0.10735903,0.2819211,-0.0003328933,4.0353974e-05,5.6860003e-06,"[5.440182098940282, -0.45440551956090347, 0.0, 0.0, 0.0, 0.0, 3.7707373865042295, -0.7932400181214219]","[0.007505546734303791, -0.012640403041560258, 0.0]","{""Controller Type"": ""MPC Controller"", ""weight_comfort"": 56.159602291473966, ""weight_trajectory"": 1317842.355118292, ""weight_goal"": 2501000.0, ""Q"": [[1317842.355118292, 0.0, 0.0, 0.0], [0.0, 0.0, 0.0, 0.0], [0.0, 0.0, 1317842.355118292, 0.0], [0.0, 0.0, 0.0, 0.0]], ""R"": [[56.159602291473966, 0.0], [0.0, 56.159602291473966]], ""P"": [[2501000.0, 0.0, 0.0, 0.0], [0.0, 250100000.0, 0.0, 0.0], [0.0, 0.0, 2501000.0, 0.0], [0.0, 0.0, 0.0, 250100000.0]]}","[0.01866966130661595, -0.5705953606503827, 0.0]",False
3,P12,8fb3067a-529c-46ff-91ee-9777d757f3f3,31,1,haply,mpc,seeded_random,2826394735,persist_session,10.0,63.4498537826538,16286.631232153,0,1785943628.4742386,441.0,True,aggressive,adaptive,0.08,-0.08,0.0,0.08,0.08,0.0,0.0798920978999999,0.0832977799999999,0.0,0.03166554,-0.10735903,0.2819211,-0.00034828167,5.8223623e-06,6.8112745e-06,"[5.440699584004435, -0.4545348489278243, 0.0, 0.0, 0.0, 0.0, 3.7707932221568505, -0.793261166661136]","[0.0005870629105832878, -0.012435246472164157, 0.0]","{""Controller Type"": ""MPC Controller"", ""weight_comfort"": 56.159602291473966, ""weight_trajectory"": 1317842.355118292, ""weight_goal"": 2501000.0, ""Q"": [[1317842.355118292, 0.0, 0.0, 0.0], [0.0, 0.0, 0.0, 0.0], [0.0, 0.0, 1317842.355118292, 0.0], [0.0, 0.0, 0.0, 0.0]], ""R"": [[56.159602291473966, 0.0], [0.0, 56.159602291473966]], ""P"": [[2501000.0, 0.0, 0.0, 0.0], [0.0, 250100000.0, 0.0, 0.0], [0.0, 0.0, 2501000.0, 0.0], [0.0, 0.0, 0.0, 250100000.0]]}","[0.018669714180511027, -0.5705969764701487, 0.0]",False
3,P12,8fb3067a-529c-46ff-91ee-9777d757f3f3,31,1,haply,mpc,seeded_random,2826394735,persist_session,10.0,63.4598463821411,16286.641228125,0,1785943628.4840257,442.0,True,aggressive,adaptive,0.08,-0.08,0.0,0.08,0.08,0.0,0.0798920978999999,0.0832977799999999,0.0,0.03166554,-0.10735903,0.2819211,-0.00030332908,-7.594377e-06,6.2322492e-06,"[5.440699373969031, -0.4545347964359792, 0.0, 0.0, 0.0, 0.0, 3.7707362130436395, -0.7932395736566986]","[0.0005870628879200265, -0.012435058468650792, 0.0]","{""Controller Type"": ""MPC Controller"", ""weight_comfort"": 56.159602291473966, ""weight_trajectory"": 1317842.355118292, ""weight_goal"": 2501000.0, ""Q"": [[1317842.355118292, 0.0, 0.0, 0.0], [0.0, 0.0, 0.0, 0.0], [0.0, 0.0, 1317842.355118292, 0.0], [0.0, 0.0, 0.0, 0.0]], ""R"": [[56.159602291473966, 0.0], [0.0, 56.159602291473966]], ""P"": [[2501000.0, 0.0, 0.0, 0.0], [0.0, 250100000.0, 0.0, 0.0], [0.0, 0.0, 2501000.0, 0.0], [0.0, 0.0, 0.0, 250100000.0]]}","[0.01866971418050978, -0.5705969764701416, 0.0]",False
3,P12,8fb3067a-529c-46ff-91ee-9777d757f3f3,31,1,haply,mpc,seeded_random,2826394735,persist_session,10.0,63.46987998962401,16286.65125748,0,1785943628.4940753,443.0,True,aggressive,adaptive,0.08,-0.08,0.0,0.08,0.08,0.0,0.0798920978999999,0.0832977799999999,0.0,0.03166554,-0.10735903,0.2819211,-0.0002199749,-5.5074574e-06,4.519639e-06,"[5.440699163723398, -0.45453474389159376, 0.0, 0.0, 0.0, 0.0, 3.770679148590608, -0.793217959691525]","[0.0005870628652340812, -0.012434870282638875, 0.0]","{""Controller Type"": ""MPC Controller"", ""weight_comfort"": 56.15988211208562, ""weight_trajectory"": 1317833.9437107057, ""weight_goal"": 2501000.0, ""Q"": [[1317833.9437107057, 0.0, 0.0, 0.0], [0.0, 0.0, 0.0, 0.0], [0.0, 0.0, 1317833.9437107057, 0.0], [0.0, 0.0, 0.0, 0.0]], ""R"": [[56.15988211208562, 0.0], [0.0, 56.15988211208562]], ""P"": [[2501000.0, 0.0, 0.0, 0.0], [0.0, 250100000.0, 0.0, 0.0], [0.0, 0.0, 2501000.0, 0.0], [0.0, 0.0, 0.0, 250100000.0]]}","[0.018669714180508723, -0.5705969764701416, 0.0]",False
3,P12,8fb3067a-529c-46ff-91ee-9777d757f3f3,31,1,haply,mpc,seeded_random,2826394735,persist_session,10.0,63.479803686141956,16286.661183176,0,1785943628.5041642,444.0,True,aggressive,adaptive,0.08,-0.08,0.0,0.08,0.08,0.0,0.0798920978999999,0.0832977799999999,0.0,0.03166554,-0.10735903,0.2819211,-0.00015592786,-3.903927e-06,3.2037187e-06,"[5.440698953267325, -0.45453469129461543, 0.0, 0.0, 0.0, 0.0, 3.7706220287457404, -0.7931963247459133]","[0.0005870628425254289, -0.012434681913956866, 0.0]","{""Controller Type"": ""MPC Controller"", ""weight_comfort"": 56.15988211208562, ""weight_trajectory"": 1317833.9437107057, ""weight_goal"": 2501000.0, ""Q"": [[1317833.9437107057, 0.0, 0.0, 0.0], [0.0, 0.0, 0.0, 0.0], [0.0, 0.0, 1317833.9437107057, 0.0], [0.0, 0.0, 0.0, 0.0]], ""R"": [[56.15988211208562, 0.0], [0.0, 56.15988211208562]], ""P"": [[2501000.0, 0.0, 0.0, 0.0], [0.0, 250100000.0, 0.0, 0.0], [0.0, 0.0, 2501000.0, 0.0], [0.0, 0.0, 0.0, 250100000.0]]}","[0.018669711691663277, -0.5705969004044286, 0.0]",False
3,P12,8fb3067a-529c-46ff-91ee-9777d757f3f3,31,1,haply,mpc,seeded_random,2826394735,persist_session,10.0,63.4898597049713,16286.671240414,0,1785943628.513987,445.0,True,aggressive,adaptive,0.08,-0.08,0.0,0.08,0.08,0.0,0.0798920978999999,0.0832977799999999,0.0,0.03166554,-0.10735903,0.2819211,-0.00011252394,-2.817234e-06,2.3119353e-06,"[5.440698742600601, -0.45453463864499155, 0.0, 0.0, 0.0, 0.0, 3.7705648534569747, -0.7931746688001445]","[0.0005870628197940471, -0.012434493362433081, 0.0]","{""Controller Type"": ""MPC Controller"", ""weight_comfort"": 56.15988211208562, ""weight_trajectory"": 1317833.9437107057, ""weight_goal"": 2501000.0, ""Q"": [[1317833.9437107057, 0.0, 0.0, 0.0], [0.0, 0.0, 0.0, 0.0], [0.0, 0.0, 1317833.9437107057, 0.0], [0.0, 0.0, 0.0, 0.0]], ""R"": [[56.15988211208562, 0.0], [0.0, 56.15988211208562]], ""P"": [[2501000.0, 0.0, 0.0, 0.0], [0.0, 250100000.0, 0.0, 0.0], [0.0, 0.0, 2501000.0, 0.0], [0.0, 0.0, 0.0, 250100000.0]]}","[0.0186697116916653, -0.5705969004044305, 0.0]",False
3,P12,8fb3067a-529c-46ff-91ee-9777d757f3f3,31,1,haply,mpc,seeded_random,2826394735,persist_session,10.0,63.49996865272521,16286.681343772,0,1785943628.5243022,446.0,True,aggressive,adaptive,0.08,-0.08,0.0,0.08,0.08,0.0,0.0798920978999999,0.0832977799999999,0.0,0.03166554,-0.10735903,0.2819211,-8.069034e-05,-2.020224e-06,1.6578772e-06,"[5.440698531723016, -0.4545345859426694, 0.0, 0.0, 0.0, 0.0, 3.7705076226722047, -0.7931529918344826]","[0.0005870627970399128, -0.012434304627895682, 0.0]","{""Controller Type"": ""MPC Controller"", ""weight_comfort"": 56.15988211208562, ""weight_trajectory"": 1317833.9437107057, ""weight_goal"": 2501000.0, ""Q"": [[1317833.9437107057, 0.0, 0.0, 0.0], [0.0, 0.0, 0.0, 0.0], [0.0, 0.0, 1317833.9437107057, 0.0], [0.0, 0.0, 0.0, 0.0]], ""R"": [[56.15988211208562, 0.0], [0.0, 56.15988211208562]], ""P"": [[2501000.0, 0.0, 0.0, 0.0], [0.0, 250100000.0, 0.0, 0.0], [0.0, 0.0, 2501000.0, 0.0], [0.0, 0.0, 0.0, 250100000.0]]}","[0.0186697116916653, -0.5705969004044305, 0.0]",False
3,P12,8fb3067a-529c-46ff-91ee-9777d757f3f3,31,1,haply,mpc,seeded_random,2826394735,persist_session,10.0,63.509830360412586,16286.691202829,0,1785943628.5339637,447.0,True,aggressive,adaptive,0.08,-0.08,0.0,0.08,0.08,0.0,0.0798920978999999,0.0832977799999999,0.0,0.03166554,-0.10735903,0.2819211,-5.7710928e-05,-1.4448939e-06,1.1857384e-06,"[5.440698320634358, -0.45453453318759623, 0.0, 0.0, 0.0, 0.0, 3.7704503363392776, -0.7931312938291739]","[0.0005870627742630034, -0.012434115710172682, 0.0]","{""Controller Type"": ""MPC Controller"", ""weight_comfort"": 56.159792069130106, ""weight_trajectory"": 1317836.6504019485, ""weight_goal"": 2501000.0, ""Q"": [[1317836.6504019485, 0.0, 0.0, 0.0], [0.0, 0.0, 0.0, 0.0], [0.0, 0.0, 1317836.6504019485, 0.0], [0.0, 0.0, 0.0, 0.0]], ""R"": [[56.159792069130106, 0.0], [0.0, 56.159792069130106]], ""P"": [[2501000.0, 0.0, 0.0, 0.0], [0.0, 250100000.0, 0.0, 0.0], [0.0, 0.0, 2501000.0, 0.0], [0.0, 0.0, 0.0, 250100000.0]]}","[0.01866971249254855, -0.5705969248815721, 0.0]",False
3,P12,8fb3067a-529c-46ff-91ee-9777d757f3f3,31,1,haply,mpc,seeded_random,2826394735,persist_session,10.0,63.51984394073485,16286.701225174,0,1785943628.5439005,448.0,True,aggressive,adaptive,0.08,-0.08,0.0,0.08,0.08,0.0,0.0798920978999999,0.0832977799999999,0.0,0.03166554,-0.10735903,0.2819211,-4.1202584e-05,-1.0315789e-06,8.465551e-07,"[5.440698109334417, -0.45453448037971933, 0.0, 0.0, 0.0, 0.0, 3.770392994405995, -0.7931095747644477]","[0.000587062751463296, -0.012433926609091941, 0.0]","{""Controller Type"": ""MPC Controller"", ""weight_comfort"": 56.159792069130106, ""weight_trajectory"": 1317836.6504019485, ""weight_goal"": 2501000.0, ""Q"": [[1317836.6504019485, 0.0, 0.0, 0.0], [0.0, 0.0, 0.0, 0.0], [0.0, 0.0, 1317836.6504019485, 0.0], [0.0, 0.0, 0.0, 0.0]], ""R"": [[56.159792069130106, 0.0], [0.0, 56.159792069130106]], ""P"": [[2501000.0, 0.0, 0.0, 0.0], [0.0, 250100000.0, 0.0, 0.0], [0.0, 0.0, 2501000.0, 0.0], [0.0, 0.0, 0.0, 250100000.0]]}","[0.01866971249254874, -0.5705969248815731, 0.0]",False
3,P12,8fb3067a-529c-46ff-91ee-9777d757f3f3,31,1,haply,mpc,seeded_random,2826394735,persist_session,10.0,63.52973735809325,16286.711108364,0,1785943628.553953,449.0,True,aggressive,adaptive,0.08,-0.08,0.0,0.08,0.08,0.0,0.0798920978999999,0.0832977799999999,0.0,0.03166554,-0.10735903,0.2819211,-3.0213045e-05,-7.5643635e-07,6.207621e-07,"[5.440697897822981, -0.45453442751898576, 0.0, 0.0, 0.0, 0.0, 3.7703355968201135, -0.7930878346205158]","[0.0005870627286407679, -0.012433737324481173, 0.0]","{""Controller Type"": ""MPC Controller"", ""weight_comfort"": 56.159701763698614, ""weight_trajectory"": 1317839.3649832194, ""weight_goal"": 2501000.0, ""Q"": [[1317839.3649832194, 0.0, 0.0, 0.0], [0.0, 0.0, 0.0, 0.0], [0.0, 0.0, 1317839.3649832194, 0.0], [0.0, 0.0, 0.0, 0.0]], ""R"": [[56.159701763698614, 0.0], [0.0, 56.159701763698614]], ""P"": [[2501000.0, 0.0, 0.0, 0.0], [0.0, 250100000.0, 0.0, 0.0], [0.0, 0.0, 2501000.0, 0.0], [0.0, 0.0, 0.0, 250100000.0]]}","[0.018669712492547872, -0.5705969248815731, 0.0]",False
