schema_version,participant_id,session_id,trial_id,attempt_id,input_source,controller_family,order_strategy,order_seed,estimator_state_policy,max_control_amplitude,timestamp,monotonic_timestamp,missed_cycle_count,cursor_timestamp,cursor_sample_sequence,study_running,study_phase,study_controller_mode,start_x,start_y,start_z,end_x,end_y,end_z,cursor_x,cursor_y,cursor_z,haply_pos_x,haply_pos_y,haply_pos_z,haply_vel_x,haply_vel_y,haply_vel_z,K_h,u_h,K_a,u_a,endpoint_reached
3,P03,55adbc0f-f8c9-48ae-936c-320d5b186f90,23,1,haply,mpc,seeded_random,695680705,persist_session,10.0,17.09000210762024,676.128922013,0,1785928017.971905,228,True,careful,adaptive,-0.08,-0.08,0.0,0.08,-0.08,0.0,-0.080385111,-0.0796263399999999,0.0,-0.011179494,-0.20885076,0.11881826,0.00011631995,-1.1792401e-05,-1.4143769e-05,,,"{""Controller Type"": ""MPC Controller"", ""weight_comfort"": 500.0, ""weight_trajectory"": 3000.0, ""weight_goal"": 1000.0, ""Q"": [[3000.0, 0.0, 0.0, 0.0], [0.0, 0.0, 0.0, 0.0], [0.0, 0.0, 3000.0, 0.0], [0.0, 0.0, 0.0, 0.0]], ""R"": [[500.0, 0.0], [0.0, 500.0]], ""P"": [[1000.0, 0.0, 0.0, 0.0], [0.0, 100000.0, 0.0, 0.0], [0.0, 0.0, 1000.0, 0.0], [0.0, 0.0, 0.0, 100000.0]]}","[0.010659512247193973, -3.12796828029481e-05, 0.0]",
3,P03,55adbc0f-f8c9-48ae-936c-320d5b186f90,23,1,haply,mpc,seeded_random,695680705,persist_session,10.0,17.100082206726075,676.139010754,0,1785928017.9820907,229,True,careful,adaptive,-0.08,-0.08,0.0,0.08,-0.08,0.0,-0.080385111,-0.0796263399999999,0.0,-0.011092655,-0.2088559,0.11881732,0.00018120317,-1.42300905e-05,-1.1131093e-05,,,"{""Controller Type"": ""MPC Controller"", ""weight_comfort"": 500.0, ""weight_trajectory"": 3000.0, ""weight_goal"": 1000.0, ""Q"": [[3000.0, 0.0, 0.0, 0.0], [0.0, 0.0, 0.0, 0.0], [0.0, 0.0, 3000.0, 0.0], [0.0, 0.0, 0.0, 0.0]], ""R"": [[500.0, 0.0], [0.0, 500.0]], ""P"": [[1000.0, 0.0, 0.0, 0.0], [0.0, 100000.0, 0.0, 0.0], [0.0, 0.0, 1000.0, 0.0], [0.0, 0.0, 0.0, 100000.0]]}","[0.01065951224655552, -3.1279682669161086e-05, 0.0]",
3,P03,55adbc0f-f8c9-48ae-936c-320d5b186f90,23,1,haply,mpc,seeded_random,695680705,persist_session,10.0,17.109875011444093,676.148804786,0,1785928017.9921358,230,True,careful,adaptive,-0.08,-0.08,0.0,0.08,-0.08,0.0,-0.080124594,-0.0796282199999999,0.0,-0.011102883,-0.20891552,0.11886013,0.0002664804,-1.829365e-05,-9.461364e-06,"[-2.3672074970369374, 5.498667376927238, 0.0, 0.0, 0.0, 0.0, -7.267070628687381, 16.608317692193662]","[-0.37966483717230143, 0.002715413611115412, 0.0]","{""Controller Type"": ""MPC Controller"", ""weight_comfort"": 500.0, ""weight_trajectory"": 3000.0, ""weight_goal"": 1000.0, ""Q"": [[3000.0, 0.0, 0.0, 0.0], [0.0, 0.0, 0.0, 0.0], [0.0, 0.0, 3000.0, 0.0], [0.0, 0.0, 0.0, 0.0]], ""R"": [[500.0, 0.0], [0.0, 500.0]], ""P"": [[1000.0, 0.0, 0.0, 0.0], [0.0, 100000.0, 0.0, 0.0], [0.0, 0.0, 1000.0, 0.0], [0.0, 0.0, 0.0, 100000.0]]}","[0.010160035898925253, -2.7675251745462606e-05, 0.0]",False
3,P03,55adbc0f-f8c9-48ae-936c-320d5b186f90,23,1,haply,mpc,seeded_random,695680705,persist_session,10.0,17.119968700408936,676.15890069,0,1785928018.0018733,231,True,careful,adaptive,-0.08,-0.08,0.0,0.08,-0.08,0.0,-0.080155278,-0.0795425999999999,0.0,-0.011107641,-0.20894095,0.11879067,0.0003146436,-8.5073625e-05,-5.292195e-05,"[-2.125373744503612, 5.392128992983484, 0.0, 0.0, 0.0, 0.0, -7.267068448403057, 16.608317917701612]","[-0.20048050077450827, -0.0004066094089489594, 0.0]","{""Controller Type"": ""MPC Controller"", ""weight_comfort"": 439.615175528207, ""weight_trajectory"": 3362.3089468307585, ""weight_goal"": 1000.0, ""Q"": [[3362.3089468307585, 0.0, 0.0, 0.0], [0.0, 0.0, 0.0, 0.0], [0.0, 0.0, 3362.3089468307585, 0.0], [0.0, 0.0, 0.0, 0.0]], ""R"": [[439.615175528207, 0.0], [0.0, 439.615175528207]], ""P"": [[1000.0, 0.0, 0.0, 0.0], [0.0, 100000.0, 0.0, 0.0], [0.0, 0.0, 1000.0, 0.0], [0.0, 0.0, 0.0, 100000.0]]}","[0.01133551356341578, -0.000210043409998181, 0.0]",False
3,P03,55adbc0f-f8c9-48ae-936c-320d5b186f90,23,1,haply,mpc,seeded_random,695680705,persist_session,10.0,17.129963684082032,676.168887738,0,1785928018.011906,232,True,careful,adaptive,-0.08,-0.08,0.0,0.08,-0.08,0.0,-0.080169552,-0.0796815199999999,0.0,-0.011107641,-0.20894095,0.11879067,0.0003495456,-0.00015337372,-9.812461e-05,"[-2.3719343203925414, 5.528872492858009, 0.0, 0.0, 0.0, 0.0, -7.270333020801395, 16.615026386732584]","[-0.3972999385837461, 0.1494183679403802, 0.0]","{""Controller Type"": ""MPC Controller"", ""weight_comfort"": 439.615175528207, ""weight_trajectory"": 3362.3089468307585, ""weight_goal"": 1000.0, ""Q"": [[3362.3089468307585, 0.0, 0.0, 0.0], [0.0, 0.0, 0.0, 0.0], [0.0, 0.0, 3362.3089468307585, 0.0], [0.0, 0.0, 0.0, 0.0]], ""R"": [[439.615175528207, 0.0], [0.0, 439.615175528207]], ""P"": [[1000.0, 0.0, 0.0, 0.0], [0.0, 100000.0, 0.0, 0.0], [0.0, 0.0, 1000.0, 0.0], [0.0, 0.0, 0.0, 100000.0]]}","[0.01133551356341578, -0.000210043409998181, 0.0]",False
3,P03,55adbc0f-f8c9-48ae-936c-320d5b186f90,23,1,haply,mpc,seeded_random,695680705,persist_session,10.0,17.139959621429444,676.178894133,0,1785928018.02175,233,True,careful,adaptive,-0.08,-0.08,0.0,0.08,-0.08,0.0,-0.080169552,-0.0796815199999999,0.0,-0.011117868,-0.2090006,0.11883349,0.000329143,-0.0002096013,-0.00011933538,"[-2.3204434910710714, 5.500637071074482, 0.0, 0.0, 0.0, 0.0, -7.282680825645567, 16.64182922149847]","[-0.37949044871348636, -0.22811644260449465, 0.0]","{""Controller Type"": ""MPC Controller"", ""weight_comfort"": 439.16863461993705, ""weight_trajectory"": 3364.988192280378, ""weight_goal"": 1000.0, ""Q"": [[3364.988192280378, 0.0, 0.0, 0.0], [0.0, 0.0, 0.0, 0.0], [0.0, 0.0, 3364.988192280378, 0.0], [0.0, 0.0, 0.0, 0.0]], ""R"": [[439.16863461993705, 0.0], [0.0, 439.16863461993705]], ""P"": [[1000.0, 0.0, 0.0, 0.0], [0.0, 100000.0, 0.0, 0.0], [0.0, 0.0, 1000.0, 0.0], [0.0, 0.0, 0.0, 100000.0]]}","[0.011276455314035304, -2.8982046227033243e-05, 0.0]",False
3,P03,55adbc0f-f8c9-48ae-936c-320d5b186f90,23,1,haply,mpc,seeded_random,695680705,persist_session,10.0,17.149891662597657,676.188815124,0,1785928018.031844,234,True,careful,adaptive,-0.08,-0.08,0.0,0.08,-0.08,0.0,-0.080200233,-0.0795958799999999,0.0,-0.011117868,-0.2090006,0.11883349,0.00021756162,-0.0002713021,-0.00011357498,"[-2.2738490736524044, 5.475332355407395, 0.0, 0.0, 0.0, 0.0, -7.2829270803949315, 16.64203165906171]","[-0.3642013874425206, 0.002319466616564351, 0.0]","{""Controller Type"": ""MPC Controller"", ""weight_comfort"": 439.16863461993705, ""weight_trajectory"": 3364.988192280378, ""weight_goal"": 1000.0, ""Q"": [[3364.988192280378, 0.0, 0.0, 0.0], [0.0, 0.0, 0.0, 0.0], [0.0, 0.0, 3364.988192280378, 0.0], [0.0, 0.0, 0.0, 0.0]], ""R"": [[439.16863461993705, 0.0], [0.0, 439.16863461993705]], ""P"": [[1000.0, 0.0, 0.0, 0.0], [0.0, 100000.0, 0.0, 0.0], [0.0, 0.0, 1000.0, 0.0], [0.0, 0.0, 0.0, 100000.0]]}","[0.011342291791001503, -0.00019935254085184595, 0.0]",False
3,P03,55adbc0f-f8c9-48ae-936c-320d5b186f90,23,1,haply,mpc,seeded_random,695680705,persist_session,10.0,17.160000610351563,676.198930974,0,1785928018.0420232,235,True,careful,adaptive,-0.08,-0.08,0.0,0.08,-0.08,0.0,-0.080200233,-0.0795958799999999,0.0,-0.011117868,-0.2090006,0.11883349,0.0001391732,-0.00029151837,-3.8804115e-05,"[-2.2666690374993923, 5.471351370893248, 0.0, 0.0, 0.0, 0.0, -7.285758839962249, 16.64786828267478]","[-0.37975096283666493, 0.14418664516081114, 0.0]","{""Controller Type"": ""MPC Controller"", ""weight_comfort"": 439.16863461993705, ""weight_trajectory"": 3364.988192280378, ""weight_goal"": 1000.0, ""Q"": [[3364.988192280378, 0.0, 0.0, 0.0], [0.0, 0.0, 0.0, 0.0], [0.0, 0.0, 3364.988192280378, 0.0], [0.0, 0.0, 0.0, 0.0]], ""R"": [[439.16863461993705, 0.0], [0.0, 439.16863461993705]], ""P"": [[1000.0, 0.0, 0.0, 0.0], [0.0, 100000.0, 0.0, 0.0], [0.0, 0.0, 1000.0, 0.0], [0.0, 0.0, 0.0, 100000.0]]}","[0.011284055829128116, -3.6798263733203146e-05, 0.0]",False
3,P03,55adbc0f-f8c9-48ae-936c-320d5b186f90,23,1,haply,mpc,seeded_random,695680705,persist_session,10.0,17.170100021362305,676.20902808,0,1785928018.052153,236,True,careful,adaptive,-0.08,-0.08,0.0,0.08,-0.08,0.0,-0.080200233,-0.0795958799999999,0.0,-0.011117868,-0.2090006,0.11883349,8.436404e-05,-0.00029815876,3.63923e-05,"[-2.208509604102058, 5.439775641489133, 0.0, 0.0, 0.0, 0.0, -7.285572355906771, 16.64771498747746]","[-0.35380375315988744, 0.0029442455004692024, 0.0]","{""Controller Type"": ""MPC Controller"", ""weight_comfort"": 438.68067092626666, ""weight_trajectory"": 3367.9159744423996, ""weight_goal"": 1000.0, ""Q"": [[3367.9159744423996, 0.0, 0.0, 0.0], [0.0, 0.0, 0.0, 0.0], [0.0, 0.0, 3367.9159744423996, 0.0], [0.0, 0.0, 0.0, 0.0]], ""R"": [[438.68067092626666, 0.0], [0.0, 438.68067092626666]], ""P"": [[1000.0, 0.0, 0.0, 0.0], [0.0, 100000.0, 0.0, 0.0], [0.0, 0.0, 1000.0, 0.0], [0.0, 0.0, 0.0, 100000.0]]}","[0.011284055829127303, -3.6798263733061556e-05, 0.0]",False
3,P03,55adbc0f-f8c9-48ae-936c-320d5b186f90,23,1,haply,mpc,seeded_random,695680705,persist_session,10.0,17.179907608032227,676.218840319,0,1785928018.0617526,237,True,careful,adaptive,-0.08,-0.08,0.0,0.08,-0.08,0.0,-0.080200233,-0.0795958799999999,0.0,-0.011117868,-0.2090006,0.11883349,4.971307e-05,-0.000277049,7.144687e-05,"[-2.177814939978561, 5.423110994811915, 0.0, 0.0, 0.0, 0.0, -7.285571698824938, 16.647714447337506]","[-0.34888646081544644, 0.002944245234929292, 0.0]","{""Controller Type"": ""MPC Controller"", ""weight_comfort"": 438.68067092626666, ""weight_trajectory"": 3367.9159744423996, ""weight_goal"": 1000.0, ""Q"": [[3367.9159744423996, 0.0, 0.0, 0.0], [0.0, 0.0, 0.0, 0.0], [0.0, 0.0, 3367.9159744423996, 0.0], [0.0, 0.0, 0.0, 0.0]], ""R"": [[438.68067092626666, 0.0], [0.0, 438.68067092626666]], ""P"": [[1000.0, 0.0, 0.0, 0.0], [0.0, 100000.0, 0.0, 0.0], [0.0, 0.0, 1000.0, 0.0], [0.0, 0.0, 0.0, 100000.0]]}","[0.011284055829127303, -3.6798263733061556e-05, 0.0]",False
3,P03,55adbc0f-f8c9-48ae-936c-320d5b186f90,23,1,haply,mpc,seeded_random,695680705,persist_session,10.0,17.189946937561036,676.228878617,0,1785928018.0719388,238,True,careful,adaptive,-0.08,-0.08,0.0,0.08,-0.08,0.0,-0.080200233,-0.0795958799999999,0.0,-0.011123337,-0.20903476,0.11894579,2.0994672e-05,-0.00029390378,9.9820594e-05,"[-2.147932318231003, 5.406887219526139, 0.0, 0.0, 0.0, 0.0, -7.285571041085485, 16.647713906656968]","[-0.34409925784883677, 0.002944244969123624, 0.0]","{""Controller Type"": ""MPC Controller"", ""weight_comfort"": 438.68067092626666, ""weight_trajectory"": 3367.9159744423996, ""weight_goal"": 1000.0, ""Q"": [[3367.9159744423996, 0.0, 0.0, 0.0], [0.0, 0.0, 0.0, 0.0], [0.0, 0.0, 3367.9159744423996, 0.0], [0.0, 0.0, 0.0, 0.0]], ""R"": [[438.68067092626666, 0.0], [0.0, 438.68067092626666]], ""P"": [[1000.0, 0.0, 0.0, 0.0], [0.0, 100000.0, 0.0, 0.0], [0.0, 0.0, 1000.0, 0.0], [0.0, 0.0, 0.0, 100000.0]]}","[0.011289312417228388, -3.68232853026111e-05, 0.0]",False
3,P03,55adbc0f-f8c9-48ae-936c-320d5b186f90,23,1,haply,mpc,seeded_random,695680705,persist_session,10.0,17.20002179145813,676.238954828,0,1785928018.081929,239,True,careful,adaptive,-0.08,-0.08,0.0,0.08,-0.08,0.0,-0.08021664,-0.0793712799999999,0.0,-0.011037117,-0.20904845,0.11912668,6.471832e-05,-0.0006685777,0.0005434129,"[-2.118829949458933, 5.3910870566344595, 0.0, 0.0, 0.0, 0.0, -7.285570382687753, 16.647713365435308]","[-0.3394370515906993, 0.002944244703051933, 0.0]","{""Controller Type"": ""MPC Controller"", ""weight_comfort"": 438.68067092626666, ""weight_trajectory"": 3367.9159744423996, ""weight_goal"": 1000.0, ""Q"": [[3367.9159744423996, 0.0, 0.0, 0.0], [0.0, 0.0, 0.0, 0.0], [0.0, 0.0, 3367.9159744423996, 0.0], [0.0, 0.0, 0.0, 0.0]], ""R"": [[438.68067092626666, 0.0], [0.0, 438.68067092626666]], ""P"": [[1000.0, 0.0, 0.0, 0.0], [0.0, 100000.0, 0.0, 0.0], [0.0, 0.0, 1000.0, 0.0], [0.0, 0.0, 0.0, 100000.0]]}","[0.011322283914607914, -0.00048817931099776166, 0.0]",False
3,P03,55adbc0f-f8c9-48ae-936c-320d5b186f90,23,1,haply,mpc,seeded_random,695680705,persist_session,10.0,17.209903764724732,676.248821218,0,1785928018.0918968,240,True,careful,adaptive,-0.08,-0.08,0.0,0.08,-0.08,0.0,-0.07995798,-0.0790094999999999,0.0,-0.011037781,-0.20905696,0.11930827,0.00021027794,-0.0008692951,0.001467485,"[-2.103381709018301, 5.382597686299783, 0.0, 0.0, 0.0, 0.0, -7.30537065997431, 16.68909199165526]","[-0.34583662763396267, 0.37979716470420805, 0.0]","{""Controller Type"": ""MPC Controller"", ""weight_comfort"": 438.3001999586815, ""weight_trajectory"": 3370.1988002479106, ""weight_goal"": 1000.0, ""Q"": [[3370.1988002479106, 0.0, 0.0, 0.0], [0.0, 0.0, 0.0, 0.0], [0.0, 0.0, 3370.1988002479106, 0.0], [0.0, 0.0, 0.0, 0.0]], ""R"": [[438.3001999586815, 0.0], [0.0, 438.3001999586815]], ""P"": [[1000.0, 0.0, 0.0, 0.0], [0.0, 100000.0, 0.0, 0.0], [0.0, 0.0, 1000.0, 0.0], [0.0, 0.0, 0.0, 100000.0]]}","[0.010884938646196142, -0.0007941460076088114, 0.0]",False
3,P03,55adbc0f-f8c9-48ae-936c-320d5b186f90,23,1,haply,mpc,seeded_random,695680705,persist_session,10.0,17.22005443572998,676.258974905,0,1785928018.101988,241,True,careful,adaptive,-0.08,-0.08,0.0,0.08,-0.08,0.0,-0.0799599719999999,-0.0786463199999999,0.0,-0.011038399,-0.20906521,0.11949004,0.0005090476,-0.0010104969,0.002582146,"[-1.8802215720362567, 5.28759364685674, 0.0, 0.0, 0.0, 0.0, -7.318554975950279, 16.716657872758297]","[-0.163545783284153, 0.6139777035915466, 0.0]","{""Controller Type"": ""MPC Controller"", ""weight_comfort"": 438.3001999586815, ""weight_trajectory"": 3370.1988002479106, ""weight_goal"": 1000.0, ""Q"": [[3370.1988002479106, 0.0, 0.0, 0.0], [0.0, 0.0, 0.0, 0.0], [0.0, 0.0, 3370.1988002479106, 0.0], [0.0, 0.0, 0.0, 0.0]], ""R"": [[438.3001999586815, 0.0], [0.0, 438.3001999586815]], ""P"": [[1000.0, 0.0, 0.0, 0.0], [0.0, 100000.0, 0.0, 0.0], [0.0, 0.0, 1000.0, 0.0], [0.0, 0.0, 0.0, 100000.0]]}","[0.011385972283649957, -0.000821283023842722, 0.0]",False
3,P03,55adbc0f-f8c9-48ae-936c-320d5b186f90,23,1,haply,mpc,seeded_random,695680705,persist_session,10.0,17.230022716522218,676.268933253,0,1785928018.1118455,242,True,careful,adaptive,-0.08,-0.08,0.0,0.08,-0.08,0.0,-0.079961826,-0.0782827799999999,0.0,-0.010952041,-0.20907849,0.11967081,0.0006052594,-0.0011538106,0.0036536013,"[-2.067055448141372, 5.389408129457248, 0.0, 0.0, 0.0, 0.0, -7.307568725599057, 16.693855415093005]","[-0.33170998818751607, 0.6106939427352088, 0.0]","{""Controller Type"": ""MPC Controller"", ""weight_comfort"": 437.8101000357517, ""weight_trajectory"": 3373.13939978549, ""weight_goal"": 1000.0, ""Q"": [[3373.13939978549, 0.0, 0.0, 0.0], [0.0, 0.0, 0.0, 0.0], [0.0, 0.0, 3373.13939978549, 0.0], [0.0, 0.0, 0.0, 0.0]], ""R"": [[437.8101000357517, 0.0], [0.0, 437.8101000357517]], ""P"": [[1000.0, 0.0, 0.0, 0.0], [0.0, 100000.0, 0.0, 0.0], [0.0, 0.0, 1000.0, 0.0], [0.0, 0.0, 0.0, 100000.0]]}","[0.011380812262157628, -0.0008715773197955861, 0.0]",False
3,P03,55adbc0f-f8c9-48ae-936c-320d5b186f90,23,1,haply,mpc,seeded_random,695680705,persist_session,10.0,17.240033435821534,676.278957513,0,1785928018.1220288,243,True,careful,adaptive,-0.08,-0.08,0.0,0.08,-0.08,0.0,-0.0797027519999999,-0.0779212399999999,0.0,-0.0108704595,-0.20911731,0.1197822,0.000962468,-0.00066040363,0.006435475,"[-2.040233931384133, 5.374792888115862, 0.0, 0.0, 0.0, 0.0, -7.298037529135144, 16.67419648190951]","[-0.3273704210899719, 0.6274592788242866, 0.0]","{""Controller Type"": ""MPC Controller"", ""weight_comfort"": 437.8101000357517, ""weight_trajectory"": 3373.13939978549, ""weight_goal"": 1000.0, ""Q"": [[3373.13939978549, 0.0, 0.0, 0.0], [0.0, 0.0, 0.0, 0.0], [0.0, 0.0, 3373.13939978549, 0.0], [0.0, 0.0, 0.0, 0.0]], ""R"": [[437.8101000357517, 0.0], [0.0, 437.8101000357517]], ""P"": [[1000.0, 0.0, 0.0, 0.0], [0.0, 100000.0, 0.0, 0.0], [0.0, 0.0, 1000.0, 0.0], [0.0, 0.0, 0.0, 100000.0]]}","[0.011575603771783391, -0.0009354840206664159, 0.0]",False
3,P03,55adbc0f-f8c9-48ae-936c-320d5b186f90,23,1,haply,mpc,seeded_random,695680705,persist_session,10.0,17.250324296951295,676.289245932,0,1785928018.1319337,244,True,careful,adaptive,-0.08,-0.08,0.0,0.08,-0.08,0.0,-0.0794580075,-0.0776984599999999,0.0,-0.01088057,-0.20917672,0.119825214,0.0012693132,-0.00046630687,0.009272884,"[-1.8433465551382624, 5.29112342798244, 0.0, 0.0, 0.0, 0.0, -7.2852066351150775, 16.647949267309034]","[-0.15977300363936897, 0.6062119439389373, 0.0]","{""Controller Type"": ""MPC Controller"", ""weight_comfort"": 437.8101000357517, ""weight_trajectory"": 3373.13939978549, ""weight_goal"": 1000.0, ""Q"": [[3373.13939978549, 0.0, 0.0, 0.0], [0.0, 0.0, 0.0, 0.0], [0.0, 0.0, 3373.13939978549, 0.0], [0.0, 0.0, 0.0, 0.0]], ""R"": [[437.8101000357517, 0.0], [0.0, 437.8101000357517]], ""P"": [[1000.0, 0.0, 0.0, 0.0], [0.0, 100000.0, 0.0, 0.0], [0.0, 0.0, 1000.0, 0.0], [0.0, 0.0, 0.0, 100000.0]]}","[0.012278686593219098, -0.0007312586967011919, 0.0]",False
3,P03,55adbc0f-f8c9-48ae-936c-320d5b186f90,23,1,haply,mpc,seeded_random,695680705,persist_session,10.0,17.26009135246277,676.29901997,0,1785928018.1420124,245,True,careful,adaptive,-0.08,-0.08,0.0,0.08,-0.08,0.0,-0.079488339,-0.0776124319999999,0.0,-0.01079358,-0.20918173,0.119824275,0.0018932341,-0.00058055314,0.011390656,"[-1.8369024868820374, 5.288361843940762, 0.0, 0.0, 0.0, 0.0, -7.265594122085648, 16.60897225203581]","[-0.1622327140059112, 0.3902998107013214, 0.0]","{""Controller Type"": ""MPC Controller"", ""weight_comfort"": 436.88471999139824, ""weight_trajectory"": 3378.6916800516105, ""weight_goal"": 1000.0, ""Q"": [[3378.6916800516105, 0.0, 0.0, 0.0], [0.0, 0.0, 0.0, 0.0], [0.0, 0.0, 3378.6916800516105, 0.0], [0.0, 0.0, 0.0, 0.0]], ""R"": [[436.88471999139824, 0.0], [0.0, 436.88471999139824]], ""P"": [[1000.0, 0.0, 0.0, 0.0], [0.0, 100000.0, 0.0, 0.0], [0.0, 0.0, 1000.0, 0.0], [0.0, 0.0, 0.0, 100000.0]]}","[0.012792959534543423, -0.00043182854828967764, 0.0]",False
3,P03,55adbc0f-f8c9-48ae-936c-320d5b186f90,23,1,haply,mpc,seeded_random,695680705,persist_session,10.0,17.269992637634278,676.308913761,0,1785928018.1519148,246,True,careful,adaptive,-0.08,-0.08,0.0,0.08,-0.08,0.0,-0.0792273689999999,-0.0776143099999999,0.0,-0.01079358,-0.20918173,0.119824275,0.0018932341,-0.00058055314,0.011390656,"[-2.0290361615498393, 5.395889784069403, 0.0, 0.0, 0.0, 0.0, -7.257549097804647, 16.59450210868216]","[-0.33984601782713414, 0.158969423707256, 0.0]","{""Controller Type"": ""MPC Controller"", ""weight_comfort"": 436.88471999139824, ""weight_trajectory"": 3378.6916800516105, ""weight_goal"": 1000.0, ""Q"": [[3378.6916800516105, 0.0, 0.0, 0.0], [0.0, 0.0, 0.0, 0.0], [0.0, 0.0, 3378.6916800516105, 0.0], [0.0, 0.0, 0.0, 0.0]], ""R"": [[436.88471999139824, 0.0], [0.0, 436.88471999139824]], ""P"": [[1000.0, 0.0, 0.0, 0.0], [0.0, 100000.0, 0.0, 0.0], [0.0, 0.0, 1000.0, 0.0], [0.0, 0.0, 0.0, 100000.0]]}","[0.012937815873138433, -0.0002583772475333082, 0.0]",False
3,P03,55adbc0f-f8c9-48ae-936c-320d5b186f90,23,1,haply,mpc,seeded_random,695680705,persist_session,10.0,17.280063438415528,676.318975902,0,1785928018.1619244,247,True,careful,adaptive,-0.08,-0.08,0.0,0.08,-0.08,0.0,-0.078735675,-0.0775318999999999,0.0,-0.010465655,-0.20932057,0.11990674,0.0045768013,-0.0010063326,0.013236581,"[-1.8085863375681361, 5.303760233367293, 0.0, 0.0, 0.0, 0.0, -7.256438217186158, 16.59369424885147]","[-0.14820108579869246, 0.014164626041570915, 0.0]","{""Controller Type"": ""MPC Controller"", ""weight_comfort"": 436.88471999139824, ""weight_trajectory"": 3378.6916800516105, ""weight_goal"": 1000.0, ""Q"": [[3378.6916800516105, 0.0, 0.0, 0.0], [0.0, 0.0, 0.0, 0.0], [0.0, 0.0, 3378.6916800516105, 0.0], [0.0, 0.0, 0.0, 0.0]], ""R"": [[436.88471999139824, 0.0], [0.0, 436.88471999139824]], ""P"": [[1000.0, 0.0, 0.0, 0.0], [0.0, 100000.0, 0.0, 0.0], [0.0, 0.0, 1000.0, 0.0], [0.0, 0.0, 0.0, 100000.0]]}","[0.013932597030594593, -0.0005207665170581773, 0.0]",False
3,P03,55adbc0f-f8c9-48ae-936c-320d5b186f90,23,1,haply,mpc,seeded_random,695680705,persist_session,10.0,17.290143299102784,676.329059428,0,1785928018.171765,248,True,careful,adaptive,-0.08,-0.08,0.0,0.08,-0.08,0.0,-0.078243594,-0.0774493799999999,0.0,-0.010301512,-0.20938975,0.11994797,0.0057830797,-0.0022247466,0.010698741,"[-1.6629755776774764, 5.262709673322942, 0.0, 0.0, 0.0, 0.0, -7.259960804660756, 16.599968262623598]","[-0.00545556923708701, 0.1545884392602662, 0.0]","{""Controller Type"": ""MPC Controller"", ""weight_comfort"": 435.7459552518575, ""weight_trajectory"": 3385.524268488855, ""weight_goal"": 1000.0, ""Q"": [[3385.524268488855, 0.0, 0.0, 0.0], [0.0, 0.0, 0.0, 0.0], [0.0, 0.0, 3385.524268488855, 0.0], [0.0, 0.0, 0.0, 0.0]], ""R"": [[435.7459552518575, 0.0], [0.0, 435.7459552518575]], ""P"": [[1000.0, 0.0, 0.0, 0.0], [0.0, 100000.0, 0.0, 0.0], [0.0, 0.0, 1000.0, 0.0], [0.0, 0.0, 0.0, 100000.0]]}","[0.015615495634049348, -0.0006026216545656527, 0.0]",False
3,P03,55adbc0f-f8c9-48ae-936c-320d5b186f90,23,1,haply,mpc,seeded_random,695680705,persist_session,10.0,17.30015950202942,676.339071705,0,1785928018.1816435,249,True,careful,adaptive,-0.08,-0.08,0.0,0.08,-0.08,0.0,-0.077751165,-0.0773669199999999,0.0,-0.010137242,-0.20945874,0.11998921,0.007488772,-0.0033497622,0.008621602,"[-1.6573996044706294, 5.26117586312923, 0.0, 0.0, 0.0, 0.0, -7.2592142914444215, 16.598641477129714]","[0.0008034246085634744, 0.15770101981302478, 0.0]","{""Controller Type"": ""MPC Controller"", ""weight_comfort"": 435.7459552518575, ""weight_trajectory"": 3385.524268488855, ""weight_goal"": 1000.0, ""Q"": [[3385.524268488855, 0.0, 0.0, 0.0], [0.0, 0.0, 0.0, 0.0], [0.0, 0.0, 3385.524268488855, 0.0], [0.0, 0.0, 0.0, 0.0]], ""R"": [[435.7459552518575, 0.0], [0.0, 435.7459552518575]], ""P"": [[1000.0, 0.0, 0.0, 0.0], [0.0, 100000.0, 0.0, 0.0], [0.0, 0.0, 1000.0, 0.0], [0.0, 0.0, 0.0, 100000.0]]}","[0.01755571570512038, -0.0006914518485418883, 0.0]",False
3,P03,55adbc0f-f8c9-48ae-936c-320d5b186f90,23,1,haply,mpc,seeded_random,695680705,persist_session,10.0,17.31003384590149,676.348952446,0,1785928018.1918633,250,True,careful,adaptive,-0.08,-0.08,0.0,0.08,-0.08,0.0,-0.077258355,-0.0772844399999999,0.0,-0.009972882,-0.20952764,0.1200305,0.0089759175,-0.004121432,0.007276288,"[-1.6584115452698749, 5.261454213387373, 0.0, 0.0, 0.0, 0.0, -7.258361321619695, 16.597133602161755]","[0.000662297766350739, 0.1576565551053826, 0.0]","{""Controller Type"": ""MPC Controller"", ""weight_comfort"": 435.7459552518575, ""weight_trajectory"": 3385.524268488855, ""weight_goal"": 1000.0, ""Q"": [[3385.524268488855, 0.0, 0.0, 0.0], [0.0, 0.0, 0.0, 0.0], [0.0, 0.0, 3385.524268488855, 0.0], [0.0, 0.0, 0.0, 0.0]], ""R"": [[435.7459552518575, 0.0], [0.0, 435.7459552518575]], ""P"": [[1000.0, 0.0, 0.0, 0.0], [0.0, 100000.0, 0.0, 0.0], [0.0, 0.0, 1000.0, 0.0], [0.0, 0.0, 0.0, 100000.0]]}","[0.019770483041984248, -0.0007832903221419538, 0.0]",False
3,P03,55adbc0f-f8c9-48ae-936c-320d5b186f90,23,1,haply,mpc,seeded_random,695680705,persist_session,10.0,17.319968748092652,676.358895067,0,1785928018.2019644,251,True,careful,adaptive,-0.08,-0.08,0.0,0.08,-0.08,0.0,-0.076765275,-0.0772018599999999,0.0,-0.009885734,-0.20953232,0.12002955,0.010024796,-0.0045989766,0.006290574,"[-1.6677407699152111, 5.264113357871026, 0.0, 0.0, 0.0, 0.0, -7.257420417869525, 16.59548654197009]","[-0.008419218072717782, 0.153646589869645, 0.0]","{""Controller Type"": ""MPC Controller"", ""weight_comfort"": 435.7811095093388, ""weight_trajectory"": 3385.313342943967, ""weight_goal"": 1000.0, ""Q"": [[3385.313342943967, 0.0, 0.0, 0.0], [0.0, 0.0, 0.0, 0.0], [0.0, 0.0, 3385.313342943967, 0.0], [0.0, 0.0, 0.0, 0.0]], ""R"": [[435.7811095093388, 0.0], [0.0, 435.7811095093388]], ""P"": [[1000.0, 0.0, 0.0, 0.0], [0.0, 100000.0, 0.0, 0.0], [0.0, 0.0, 1000.0, 0.0], [0.0, 0.0, 0.0, 100000.0]]}","[0.02217161577072969, -0.0009033437667960474, 0.0]",False
3,P03,55adbc0f-f8c9-48ae-936c-320d5b186f90,23,1,haply,mpc,seeded_random,695680705,persist_session,10.0,17.329983520507813,676.368913622,0,1785928018.2120314,252,True,careful,adaptive,-0.08,-0.08,0.0,0.08,-0.08,0.0,-0.076503831,-0.0772037599999999,0.0,-0.009721231,-0.20960099,0.12007084,0.010865932,-0.0049385955,0.0055153063,"[-1.6639230954941322, 5.2630445984457195, 0.0, 0.0, 0.0, 0.0, -7.2566479197490406, 16.59413787254522]","[-0.003932036948817608, 0.15596822546256592, 0.0]","{""Controller Type"": ""MPC Controller"", ""weight_comfort"": 435.7811095093388, ""weight_trajectory"": 3385.313342943967, ""weight_goal"": 1000.0, ""Q"": [[3385.313342943967, 0.0, 0.0, 0.0], [0.0, 0.0, 0.0, 0.0], [0.0, 0.0, 3385.313342943967, 0.0], [0.0, 0.0, 0.0, 0.0]], ""R"": [[435.7811095093388, 0.0], [0.0, 435.7811095093388]], ""P"": [[1000.0, 0.0, 0.0, 0.0], [0.0, 100000.0, 0.0, 0.0], [0.0, 0.0, 1000.0, 0.0], [0.0, 0.0, 0.0, 100000.0]]}","[0.024595409443402497, -0.0005875909970840263, 0.0]",False
3,P03,55adbc0f-f8c9-48ae-936c-320d5b186f90,23,1,haply,mpc,seeded_random,695680705,persist_session,10.0,17.339988040924073,676.378905976,0,1785928018.222389,253,True,careful,adaptive,-0.08,-0.08,0.0,0.08,-0.08,0.0,-0.0760103219999999,-0.0771211799999999,0.0,-0.009634084,-0.20960557,0.12006988,0.011593614,-0.0052002445,0.0049249684,"[-1.8049847718454937, 5.322791239193183, 0.0, 0.0, 0.0, 0.0, -7.255394440260575, 16.593208276233085]","[-0.14425183188688276, 0.017156092818944944, 0.0]","{""Controller Type"": ""MPC Controller"", ""weight_comfort"": 435.7811095093388, ""weight_trajectory"": 3385.313342943967, ""weight_goal"": 1000.0, ""Q"": [[3385.313342943967, 0.0, 0.0, 0.0], [0.0, 0.0, 0.0, 0.0], [0.0, 0.0, 3385.313342943967, 0.0], [0.0, 0.0, 0.0, 0.0]], ""R"": [[435.7811095093388, 0.0], [0.0, 435.7811095093388]], ""P"": [[1000.0, 0.0, 0.0, 0.0], [0.0, 100000.0, 0.0, 0.0], [0.0, 0.0, 1000.0, 0.0], [0.0, 0.0, 0.0, 100000.0]]}","[0.026524350911459958, -0.0010931566439396638, 0.0]",False
3,P03,55adbc0f-f8c9-48ae-936c-320d5b186f90,23,1,haply,mpc,seeded_random,695680705,persist_session,10.0,17.349911499023438,676.388838467,0,1785928018.2319765,254,True,careful,adaptive,-0.08,-0.08,0.0,0.08,-0.08,0.0,-0.075748881,-0.0771230999999999,0.0,-0.009556615,-0.20966953,0.12011217,0.012253422,-0.005323237,0.00450807,"[-1.6789077122280953, 5.286853070825288, 0.0, 0.0, 0.0, 0.0, -7.258737981117523, 16.598996177177835]","[-0.010024469454287754, 0.1532383277177677, 0.0]","{""Controller Type"": ""MPC Controller"", ""weight_comfort"": 435.7811095093388, ""weight_trajectory"": 3385.313342943967, ""weight_goal"": 1000.0, ""Q"": [[3385.313342943967, 0.0, 0.0, 0.0], [0.0, 0.0, 0.0, 0.0], [0.0, 0.0, 3385.313342943967, 0.0], [0.0, 0.0, 0.0, 0.0]], ""R"": [[435.7811095093388, 0.0], [0.0, 435.7811095093388]], ""P"": [[1000.0, 0.0, 0.0, 0.0], [0.0, 100000.0, 0.0, 0.0], [0.0, 0.0, 1000.0, 0.0], [0.0, 0.0, 0.0, 100000.0]]}","[0.02929444570497697, -0.0007250922880100403, 0.0]",False
3,P03,55adbc0f-f8c9-48ae-936c-320d5b186f90,23,1,haply,mpc,seeded_random,695680705,persist_session,10.0,17.359965133666993,676.398894488,0,1785928018.2420208,255,True,careful,adaptive,-0.08,-0.08,0.0,0.08,-0.08,0.0,-0.075516474,-0.0770385199999999,0.0,-0.009566318,-0.20972893,0.12015543,0.012318612,-0.00536206,0.0041763545,"[-1.807560526129631, 5.340406798141475, 0.0, 0.0, 0.0, 0.0, -7.257414652950617, 16.598018222806534]","[-0.13589505402769889, 0.017554850999982136, 0.0]","{""Controller Type"": ""MPC Controller"", ""weight_comfort"": 435.7172472120734, ""weight_trajectory"": 3385.69651672756, ""weight_goal"": 1000.0, ""Q"": [[3385.69651672756, 0.0, 0.0, 0.0], [0.0, 0.0, 0.0, 0.0], [0.0, 0.0, 3385.69651672756, 0.0], [0.0, 0.0, 0.0, 0.0]], ""R"": [[435.7172472120734, 0.0], [0.0, 435.7172472120734]], ""P"": [[1000.0, 0.0, 0.0, 0.0], [0.0, 100000.0, 0.0, 0.0], [0.0, 0.0, 1000.0, 0.0], [0.0, 0.0, 0.0, 100000.0]]}","[0.031172153601106062, -0.0012793924219358706, 0.0]",False
3,P03,55adbc0f-f8c9-48ae-936c-320d5b186f90,23,1,haply,mpc,seeded_random,695680705,persist_session,10.0,17.369963693618775,676.408895019,0,1785928018.25215,256,True,careful,adaptive,-0.08,-0.08,0.0,0.08,-0.08,0.0,-0.075545583,-0.0769519999999999,0.0,-0.009479121,-0.20973346,0.12015446,0.012169275,-0.0053483755,0.0039176135,"[-1.8239264065231673, 5.347614830375231, 0.0, 0.0, 0.0, 0.0, -7.261268356122346, 16.604717445397654]","[-0.15991981831763888, 0.16132355959739458, 0.0]","{""Controller Type"": ""MPC Controller"", ""weight_comfort"": 435.7172472120734, ""weight_trajectory"": 3385.69651672756, ""weight_goal"": 1000.0, ""Q"": [[3385.69651672756, 0.0, 0.0, 0.0], [0.0, 0.0, 0.0, 0.0], [0.0, 0.0, 3385.69651672756, 0.0], [0.0, 0.0, 0.0, 0.0]], ""R"": [[435.7172472120734, 0.0], [0.0, 435.7172472120734]], ""P"": [[1000.0, 0.0, 0.0, 0.0], [0.0, 100000.0, 0.0, 0.0], [0.0, 0.0, 1000.0, 0.0], [0.0, 0.0, 0.0, 100000.0]]}","[0.03242674926938088, -0.0013005156691337366, 0.0]",False
3,P03,55adbc0f-f8c9-48ae-936c-320d5b186f90,23,1,haply,mpc,seeded_random,695680705,persist_session,10.0,17.38016896247864,676.419091433,0,1785928018.262058,257,True,careful,adaptive,-0.08,-0.08,0.0,0.08,-0.08,0.0,-0.075283992,-0.0769539399999999,0.0,-0.009479121,-0.20973346,0.12015446,0.010855636,-0.0052501615,0.0037247206,"[-1.983706890523198, 5.440086521114406, 0.0, 0.0, 0.0, 0.0, -7.260411321373833, 16.60323103684515]","[-0.3241903864393146, 0.16394840235075347, 0.0]","{""Controller Type"": ""MPC Controller"", ""weight_comfort"": 435.7172472120734, ""weight_trajectory"": 3385.69651672756, ""weight_goal"": 1000.0, ""Q"": [[3385.69651672756, 0.0, 0.0, 0.0], [0.0, 0.0, 0.0, 0.0], [0.0, 0.0, 3385.69651672756, 0.0], [0.0, 0.0, 0.0, 0.0]], ""R"": [[435.7172472120734, 0.0], [0.0, 435.7172472120734]], ""P"": [[1000.0, 0.0, 0.0, 0.0], [0.0, 100000.0, 0.0, 0.0], [0.0, 0.0, 1000.0, 0.0], [0.0, 0.0, 0.0, 100000.0]]}","[0.03242674926938088, -0.0013005156691337366, 0.0]",False
3,P03,55adbc0f-f8c9-48ae-936c-320d5b186f90,23,1,haply,mpc,seeded_random,695680705,persist_session,10.0,17.39018135070801,676.429101116,0,1785928018.272136,258,True,careful,adaptive,-0.08,-0.08,0.0,0.08,-0.08,0.0,-0.075283992,-0.0769539399999999,0.0,-0.009479121,-0.20973346,0.12015446,0.010855636,-0.0052501615,0.0037247206,"[-1.7890829531891963, 5.358533427310605, 0.0, 0.0, 0.0, 0.0, -7.258949861073872, 16.602141764836702]","[-0.13633939366784495, 0.018860461836626596, 0.0]","{""Controller Type"": ""MPC Controller"", ""weight_comfort"": 437.0709812414704, ""weight_trajectory"": 3377.5741125511777, ""weight_goal"": 1000.0, ""Q"": [[3377.5741125511777, 0.0, 0.0, 0.0], [0.0, 0.0, 0.0, 0.0], [0.0, 0.0, 3377.5741125511777, 0.0], [0.0, 0.0, 0.0, 0.0]], ""R"": [[437.0709812414704, 0.0], [0.0, 437.0709812414704]], ""P"": [[1000.0, 0.0, 0.0, 0.0], [0.0, 100000.0, 0.0, 0.0], [0.0, 0.0, 1000.0, 0.0], [0.0, 0.0, 0.0, 100000.0]]}","[0.03272271503522584, -0.0008598985740195317, 0.0]",False
3,P03,55adbc0f-f8c9-48ae-936c-320d5b186f90,23,1,haply,mpc,seeded_random,695680705,persist_session,10.0,17.400816011428834,676.439738482,0,1785928018.2821016,259,True,careful,adaptive,-0.08,-0.08,0.0,0.08,-0.08,0.0,-0.075022377,-0.0769558719999999,0.0,-0.009227089,-0.2098062,0.120194875,0.008983072,-0.0048241885,0.0032844134,"[-1.9492115194928186, 5.449146516501498, 0.0, 0.0, 0.0, 0.0, -7.258945262473706, 16.602138001477222]","[-0.3026813459992307, 0.02211118280621088, 0.0]","{""Controller Type"": ""MPC Controller"", ""weight_comfort"": 437.0709812414704, ""weight_trajectory"": 3377.5741125511777, ""weight_goal"": 1000.0, ""Q"": [[3377.5741125511777, 0.0, 0.0, 0.0], [0.0, 0.0, 0.0, 0.0], [0.0, 0.0, 3377.5741125511777, 0.0], [0.0, 0.0, 0.0, 0.0]], ""R"": [[437.0709812414704, 0.0], [0.0, 437.0709812414704]], ""P"": [[1000.0, 0.0, 0.0, 0.0], [0.0, 100000.0, 0.0, 0.0], [0.0, 0.0, 1000.0, 0.0], [0.0, 0.0, 0.0, 100000.0]]}","[0.03426416895271595, -0.0008700147839949655, 0.0]",False
3,P03,55adbc0f-f8c9-48ae-936c-320d5b186f90,23,1,haply,mpc,seeded_random,695680705,persist_session,10.0,17.41042881011963,676.449350739,0,1785928018.2921016,260,True,careful,adaptive,-0.08,-0.08,0.0,0.08,-0.08,0.0,-0.074527896,-0.0768731099999999,0.0,-0.009052595,-0.2098149,0.12019292,0.008780469,-0.004525085,0.0030151182,"[-1.778164167313015, 5.377629358775252, 0.0, 0.0, 0.0, 0.0, -7.258882950940655, 16.602091514302515]","[-0.13448357638246533, 0.018878391581547624, 0.0]","{""Controller Type"": ""MPC Controller"", ""weight_comfort"": 437.0709812414704, ""weight_trajectory"": 3377.5741125511777, ""weight_goal"": 1000.0, ""Q"": [[3377.5741125511777, 0.0, 0.0, 0.0], [0.0, 0.0, 0.0, 0.0], [0.0, 0.0, 3377.5741125511777, 0.0], [0.0, 0.0, 0.0, 0.0]], ""R"": [[437.0709812414704, 0.0], [0.0, 437.0709812414704]], ""P"": [[1000.0, 0.0, 0.0, 0.0], [0.0, 100000.0, 0.0, 0.0], [0.0, 0.0, 1000.0, 0.0], [0.0, 0.0, 0.0, 100000.0]]}","[0.03475589424338933, -0.0009136856507494934, 0.0]",False
3,P03,55adbc0f-f8c9-48ae-936c-320d5b186f90,23,1,haply,mpc,seeded_random,695680705,persist_session,10.0,17.420731830596925,676.459652072,0,1785928018.302496,261,True,careful,adaptive,-0.08,-0.08,0.0,0.08,-0.08,0.0,-0.0740044139999999,-0.0768770199999999,0.0,-0.008878098,-0.20982349,0.12019096,0.008933999,-0.0043134037,0.0028093867,"[-1.6503433165777983, 5.3448922530893945, 0.0, 0.0, 0.0, 0.0, -7.262717480914817, 16.608680435372772]","[0.009270938282927077, 0.16016661077226096, 0.0]","{""Controller Type"": ""MPC Controller"", ""weight_comfort"": 437.0709812414704, ""weight_trajectory"": 3377.5741125511777, ""weight_goal"": 1000.0, ""Q"": [[3377.5741125511777, 0.0, 0.0, 0.0], [0.0, 0.0, 0.0, 0.0], [0.0, 0.0, 3377.5741125511777, 0.0], [0.0, 0.0, 0.0, 0.0]], ""R"": [[437.0709812414704, 0.0], [0.0, 437.0709812414704]], ""P"": [[1000.0, 0.0, 0.0, 0.0], [0.0, 100000.0, 0.0, 0.0], [0.0, 0.0, 1000.0, 0.0], [0.0, 0.0, 0.0, 100000.0]]}","[0.042138075593182556, -0.0011833211715078916, 0.0]",False
3,P03,55adbc0f-f8c9-48ae-936c-320d5b186f90,23,1,haply,mpc,seeded_random,695680705,persist_session,10.0,17.43034176826477,676.469271198,0,1785928018.3119192,262,True,careful,adaptive,-0.08,-0.08,0.0,0.08,-0.08,0.0,-0.073480923,-0.0768809399999999,0.0,-0.008703594,-0.20983192,0.120189,0.009821523,-0.0042028697,0.0026588372,"[-1.6463999153918203, 5.343915590816987, 0.0, 0.0, 0.0, 0.0, -7.261368627746088, 16.60777066707647]","[0.015578713833004854, 0.01642982289351522, 0.0]","{""Controller Type"": ""MPC Controller"", ""weight_comfort"": 435.89952814843593, ""weight_trajectory"": 3384.6028311093846, ""weight_goal"": 1000.0, ""Q"": [[3384.6028311093846, 0.0, 0.0, 0.0], [0.0, 0.0, 0.0, 0.0], [0.0, 0.0, 3384.6028311093846, 0.0], [0.0, 0.0, 0.0, 0.0]], ""R"": [[435.89952814843593, 0.0], [0.0, 435.89952814843593]], ""P"": [[1000.0, 0.0, 0.0, 0.0], [0.0, 100000.0, 0.0, 0.0], [0.0, 0.0, 1000.0, 0.0], [0.0, 0.0, 0.0, 100000.0]]}","[0.042138075593182556, -0.0011833211715078916, 0.0]",False
3,P03,55adbc0f-f8c9-48ae-936c-320d5b186f90,23,1,haply,mpc,seeded_random,695680705,persist_session,10.0,17.44005470275879,676.478972452,0,1785928018.3217926,263,True,careful,adaptive,-0.08,-0.08,0.0,0.08,-0.08,0.0,-0.072957411,-0.0768848599999999,0.0,-0.008529078,-0.20984024,0.12018703,0.010790945,-0.0035471963,0.0021213682,"[-1.619935070816891, 5.338515501709488, 0.0, 0.0, 0.0, 0.0, -7.261337280770761, 16.60775006722836]","[0.04794191119249028, 0.015739853866019705, 0.0]","{""Controller Type"": ""MPC Controller"", ""weight_comfort"": 435.89952814843593, ""weight_trajectory"": 3384.6028311093846, ""weight_goal"": 1000.0, ""Q"": [[3384.6028311093846, 0.0, 0.0, 0.0], [0.0, 0.0, 0.0, 0.0], [0.0, 0.0, 3384.6028311093846, 0.0], [0.0, 0.0, 0.0, 0.0]], ""R"": [[435.89952814843593, 0.0], [0.0, 435.89952814843593]], ""P"": [[1000.0, 0.0, 0.0, 0.0], [0.0, 100000.0, 0.0, 0.0], [0.0, 0.0, 1000.0, 0.0], [0.0, 0.0, 0.0, 100000.0]]}","[0.05357276657528255, -0.0015183034798368464, 0.0]",False
3,P03,55adbc0f-f8c9-48ae-936c-320d5b186f90,23,1,haply,mpc,seeded_random,695680705,persist_session,10.0,17.450338411331177,676.489257003,0,1785928018.3323402,264,True,careful,adaptive,-0.08,-0.08,0.0,0.08,-0.08,0.0,-0.072433863,-0.0768887999999999,0.0,-0.008363913,-0.20990779,0.12022838,0.0121647725,-0.0031635717,0.0017700056,"[-1.6351834659793816, 5.341924581716912, 0.0, 0.0, 0.0, 0.0, -7.261315020551723, 16.607735260999256]","[0.03312885769265922, 0.01602629775409694, 0.0]","{""Controller Type"": ""MPC Controller"", ""weight_comfort"": 434.93194922328024, ""weight_trajectory"": 3390.408304660318, ""weight_goal"": 1000.0, ""Q"": [[3390.408304660318, 0.0, 0.0, 0.0], [0.0, 0.0, 0.0, 0.0], [0.0, 0.0, 3390.408304660318, 0.0], [0.0, 0.0, 0.0, 0.0]], ""R"": [[434.93194922328024, 0.0], [0.0, 434.93194922328024]], ""P"": [[1000.0, 0.0, 0.0, 0.0], [0.0, 100000.0, 0.0, 0.0], [0.0, 0.0, 1000.0, 0.0], [0.0, 0.0, 0.0, 100000.0]]}","[0.05357276657528255, -0.0015183034798368464, 0.0]",False
3,P03,55adbc0f-f8c9-48ae-936c-320d5b186f90,23,1,haply,mpc,seeded_random,695680705,persist_session,10.0,17.460070419311524,676.498996717,0,1785928018.3420007,265,True,careful,adaptive,-0.08,-0.08,0.0,0.08,-0.08,0.0,-0.071938368,-0.0768060999999999,0.0,-0.008102065,-0.20991977,0.12022539,0.013456655,-0.0030461752,0.0016208739,"[-1.6528945518486224, 5.346350378602532, 0.0, 0.0, 0.0, 0.0, -7.261292527562086, 16.6077200784984]","[0.013417104771746513, 0.01638762993427207, 0.0]","{""Controller Type"": ""MPC Controller"", ""weight_comfort"": 434.93194922328024, ""weight_trajectory"": 3390.408304660318, ""weight_goal"": 1000.0, ""Q"": [[3390.408304660318, 0.0, 0.0, 0.0], [0.0, 0.0, 0.0, 0.0], [0.0, 0.0, 3390.408304660318, 0.0], [0.0, 0.0, 0.0, 0.0]], ""R"": [[434.93194922328024, 0.0], [0.0, 434.93194922328024]], ""P"": [[1000.0, 0.0, 0.0, 0.0], [0.0, 100000.0, 0.0, 0.0], [0.0, 0.0, 1000.0, 0.0], [0.0, 0.0, 0.0, 100000.0]]}","[0.06818798965220231, -0.0031943511852136606, 0.0]",False
3,P03,55adbc0f-f8c9-48ae-936c-320d5b186f90,23,1,haply,mpc,seeded_random,695680705,persist_session,10.0,17.469970989227296,676.508901078,0,1785928018.3521335,266,True,careful,adaptive,-0.08,-0.08,0.0,0.08,-0.08,0.0,-0.071152824,-0.0768120799999999,0.0,-0.007927478,-0.20992759,0.120223396,0.014403063,-0.0029634235,0.0015166943,"[-1.6452447252610538, 5.344553332112905, 0.0, 0.0, 0.0, 0.0, -7.265681791480006, 16.615277946762955]","[0.024151242124758, 0.16544342524100486, 0.0]","{""Controller Type"": ""MPC Controller"", ""weight_comfort"": 435.0729612023028, ""weight_trajectory"": 3389.5622327861834, ""weight_goal"": 1000.0, ""Q"": [[3389.5622327861834, 0.0, 0.0, 0.0], [0.0, 0.0, 0.0, 0.0], [0.0, 0.0, 3389.5622327861834, 0.0], [0.0, 0.0, 0.0, 0.0]], ""R"": [[435.0729612023028, 0.0], [0.0, 435.0729612023028]], ""P"": [[1000.0, 0.0, 0.0, 0.0], [0.0, 100000.0, 0.0, 0.0], [0.0, 0.0, 1000.0, 0.0], [0.0, 0.0, 0.0, 100000.0]]}","[0.07754904114771792, -0.0023667127375680583, 0.0]",False
3,P03,55adbc0f-f8c9-48ae-936c-320d5b186f90,23,1,haply,mpc,seeded_random,695680705,persist_session,10.0,17.48005633354187,676.518982361,0,1785928018.3623335,267,True,careful,adaptive,-0.08,-0.08,0.0,0.08,-0.08,0.0,-0.070629063,-0.0768160679999999,0.0,-0.007752887,-0.20993526,0.1202214,0.0151230795,-0.0028978908,0.0014383837,"[-1.5371640250006702, 5.346780770298052, 0.0, 0.0, 0.0, 0.0, -7.264275588986995, 16.614457574582072]","[0.18216222431813828, 0.01335268723659986, 0.0]","{""Controller Type"": ""MPC Controller"", ""weight_comfort"": 435.0729612023028, ""weight_trajectory"": 3389.5622327861834, ""weight_goal"": 1000.0, ""Q"": [[3389.5622327861834, 0.0, 0.0, 0.0], [0.0, 0.0, 0.0, 0.0], [0.0, 0.0, 3389.5622327861834, 0.0], [0.0, 0.0, 0.0, 0.0]], ""R"": [[435.0729612023028, 0.0], [0.0, 435.0729612023028]], ""P"": [[1000.0, 0.0, 0.0, 0.0], [0.0, 100000.0, 0.0, 0.0], [0.0, 0.0, 1000.0, 0.0], [0.0, 0.0, 0.0, 100000.0]]}","[0.09229770793303343, -0.0027139049110001755, 0.0]",False
3,P03,55adbc0f-f8c9-48ae-936c-320d5b186f90,23,1,haply,mpc,seeded_random,695680705,persist_session,10.0,17.49003462791443,676.528966085,0,1785928018.3718958,268,True,careful,adaptive,-0.08,-0.08,0.0,0.08,-0.08,0.0,-0.07010529,-0.0768200599999999,0.0,-0.007578296,-0.20994277,0.12021938,0.015777972,-0.0024971494,0.0011239306,"[-1.6689373244369592, 5.377375806585956, 0.0, 0.0, 0.0, 0.0, -7.264280296446049, 16.614460734728393]","[0.024732397282711538, 0.016633061181586598, 0.0]","{""Controller Type"": ""MPC Controller"", ""weight_comfort"": 435.0729612023028, ""weight_trajectory"": 3389.5622327861834, ""weight_goal"": 1000.0, ""Q"": [[3389.5622327861834, 0.0, 0.0, 0.0], [0.0, 0.0, 0.0, 0.0], [0.0, 0.0, 3389.5622327861834, 0.0], [0.0, 0.0, 0.0, 0.0]], ""R"": [[435.0729612023028, 0.0], [0.0, 435.0729612023028]], ""P"": [[1000.0, 0.0, 0.0, 0.0], [0.0, 100000.0, 0.0, 0.0], [0.0, 0.0, 1000.0, 0.0], [0.0, 0.0, 0.0, 100000.0]]}","[0.10342471997494442, -0.0030643394707471215, 0.0]",False
3,P03,55adbc0f-f8c9-48ae-936c-320d5b186f90,23,1,haply,mpc,seeded_random,695680705,persist_session,10.0,17.499984550476075,676.538908648,0,1785928018.3817222,269,True,careful,adaptive,-0.08,-0.08,0.0,0.08,-0.08,0.0,-0.069581517,-0.0768240999999999,0.0,-0.0074036936,-0.20995016,0.12021736,0.01629998,-0.0020181327,0.0007604793,"[-1.6534903865837316, 5.374278215229394, 0.0, 0.0, 0.0, 0.0, -7.264249750125149, 16.614440576373685]","[0.04617873862037519, 0.016163768191311663, 0.0]","{""Controller Type"": ""MPC Controller"", ""weight_comfort"": 435.0729612023028, ""weight_trajectory"": 3389.5622327861834, ""weight_goal"": 1000.0, ""Q"": [[3389.5622327861834, 0.0, 0.0, 0.0], [0.0, 0.0, 0.0, 0.0], [0.0, 0.0, 3389.5622327861834, 0.0], [0.0, 0.0, 0.0, 0.0]], ""R"": [[435.0729612023028, 0.0], [0.0, 435.0729612023028]], ""P"": [[1000.0, 0.0, 0.0, 0.0], [0.0, 100000.0, 0.0, 0.0], [0.0, 0.0, 1000.0, 0.0], [0.0, 0.0, 0.0, 100000.0]]}","[0.11699304575733968, -0.0034664806514535726, 0.0]",False
3,P03,55adbc0f-f8c9-48ae-936c-320d5b186f90,23,1,haply,mpc,seeded_random,695680705,persist_session,10.0,17.50994019508362,676.548868445,0,1785928018.3919106,270,True,careful,adaptive,-0.08,-0.08,0.0,0.08,-0.08,0.0,-0.0690577098,-0.0768281399999999,0.0,-0.007141768,-0.209961,0.12021431,0.016783234,-0.0016650289,0.00049210666,"[-1.6627527334891041, 5.376242096535235, 0.0, 0.0, 0.0, 0.0, -7.264224556784978, 16.614423888444097]","[0.03785015306248132, 0.016239655766238304, 0.0]","{""Controller Type"": ""MPC Controller"", ""weight_comfort"": 434.95073827569814, ""weight_trajectory"": 3390.2955703458115, ""weight_goal"": 1000.0, ""Q"": [[3390.2955703458115, 0.0, 0.0, 0.0], [0.0, 0.0, 0.0, 0.0], [0.0, 0.0, 3390.2955703458115, 0.0], [0.0, 0.0, 0.0, 0.0]], ""R"": [[434.95073827569814, 0.0], [0.0, 434.95073827569814]], ""P"": [[1000.0, 0.0, 0.0, 0.0], [0.0, 100000.0, 0.0, 0.0], [0.0, 0.0, 1000.0, 0.0], [0.0, 0.0, 0.0, 100000.0]]}","[0.13241832773734585, -0.003922789141573475, 0.0]",False
3,P03,55adbc0f-f8c9-48ae-936c-320d5b186f90,23,1,haply,mpc,seeded_random,695680705,persist_session,10.0,17.51992802619934,676.558852226,0,1785928018.401862,271,True,careful,adaptive,-0.08,-0.08,0.0,0.08,-0.08,0.0,-0.068271933,-0.0768342399999999,0.0,-0.0068798517,-0.20997149,0.12021124,0.017381137,-0.0014008404,0.00028548195,"[-1.6732367839674365, 5.378624520689017, 0.0, 0.0, 0.0, 0.0, -7.264200200870399, 16.61440761018192]","[0.02711922093163835, 0.016452887134460553, 0.0]","{""Controller Type"": ""MPC Controller"", ""weight_comfort"": 434.95073827569814, ""weight_trajectory"": 3390.2955703458115, ""weight_goal"": 1000.0, ""Q"": [[3390.2955703458115, 0.0, 0.0, 0.0], [0.0, 0.0, 0.0, 0.0], [0.0, 0.0, 3390.2955703458115, 0.0], [0.0, 0.0, 0.0, 0.0]], ""R"": [[434.95073827569814, 0.0], [0.0, 434.95073827569814]], ""P"": [[1000.0, 0.0, 0.0, 0.0], [0.0, 100000.0, 0.0, 0.0], [0.0, 0.0, 1000.0, 0.0], [0.0, 0.0, 0.0, 100000.0]]}","[0.14955389248849288, -0.004640755925742027, 0.0]",False
3,P03,55adbc0f-f8c9-48ae-936c-320d5b186f90,23,1,haply,mpc,seeded_random,695680705,persist_session,10.0,17.530069160461426,676.568988252,0,1785928018.4117768,272,True,careful,adaptive,-0.08,-0.08,0.0,0.08,-0.08,0.0,-0.0674861841,-0.0768403799999999,0.0,-0.006617929,-0.20998165,0.12020817,0.017978141,-0.0012242928,0.00014351706,"[-1.5651864637131339, 5.385384948349133, 0.0, 0.0, 0.0, 0.0, -7.264147706580295, 16.614377658347276]","[0.193166493203542, 0.0128122343145205, 0.0]","{""Controller Type"": ""MPC Controller"", ""weight_comfort"": 434.22143063702225, ""weight_trajectory"": 3394.671416177867, ""weight_goal"": 1000.0, ""Q"": [[3394.671416177867, 0.0, 0.0, 0.0], [0.0, 0.0, 0.0, 0.0], [0.0, 0.0, 3394.671416177867, 0.0], [0.0, 0.0, 0.0, 0.0]], ""R"": [[434.22143063702225, 0.0], [0.0, 434.22143063702225]], ""P"": [[1000.0, 0.0, 0.0, 0.0], [0.0, 100000.0, 0.0, 0.0], [0.0, 0.0, 1000.0, 0.0], [0.0, 0.0, 0.0, 100000.0]]}","[0.17848930273524, -0.005562936767315782, 0.0]",False
3,P03,55adbc0f-f8c9-48ae-936c-320d5b186f90,23,1,haply,mpc,seeded_random,695680705,persist_session,10.0,17.54003314971924,676.578950676,0,1785928018.4221358,273,True,careful,adaptive,-0.08,-0.08,0.0,0.08,-0.08,0.0,-0.066700416,-0.0768465199999999,0.0,-0.006355963,-0.20999151,0.12020507,0.01899209,-0.0011054418,2.97101e-05,"[-1.5720433959481037, 5.384896365791616, 0.0, 0.0, 0.0, 0.0, -7.264127575990531, 16.61436624496804]","[0.19489566895315324, 0.012663078482099185, 0.0]","{""Controller Type"": ""MPC Controller"", ""weight_comfort"": 434.22143063702225, ""weight_trajectory"": 3394.671416177867, ""weight_goal"": 1000.0, ""Q"": [[3394.671416177867, 0.0, 0.0, 0.0], [0.0, 0.0, 0.0, 0.0], [0.0, 0.0, 3394.671416177867, 0.0], [0.0, 0.0, 0.0, 0.0]], ""R"": [[434.22143063702225, 0.0], [0.0, 434.22143063702225]], ""P"": [[1000.0, 0.0, 0.0, 0.0], [0.0, 100000.0, 0.0, 0.0], [0.0, 0.0, 1000.0, 0.0], [0.0, 0.0, 0.0, 100000.0]]}","[0.2145746238560207, -0.006681131303879539, 0.0]",False
3,P03,55adbc0f-f8c9-48ae-936c-320d5b186f90,23,1,haply,mpc,seeded_random,695680705,persist_session,10.0,17.55067949295044,676.589606449,0,1785928018.432005,274,True,careful,adaptive,-0.08,-0.08,0.0,0.08,-0.08,0.0,-0.065914518,-0.0768527199999999,0.0,-0.0060940143,-0.21000105,0.12020196,0.019970402,-0.0010282764,-5.0918243e-05,"[-1.5929646208447628, 5.384169598036676, 0.0, 0.0, 0.0, 0.0, -7.264111576623046, 16.61435697897219]","[0.1747184905962105, 0.013059593654215293, 0.0]","{""Controller Type"": ""MPC Controller"", ""weight_comfort"": 434.22143063702225, ""weight_trajectory"": 3394.671416177867, ""weight_goal"": 1000.0, ""Q"": [[3394.671416177867, 0.0, 0.0, 0.0], [0.0, 0.0, 0.0, 0.0], [0.0, 0.0, 3394.671416177867, 0.0], [0.0, 0.0, 0.0, 0.0]], ""R"": [[434.22143063702225, 0.0], [0.0, 434.22143063702225]], ""P"": [[1000.0, 0.0, 0.0, 0.0], [0.0, 100000.0, 0.0, 0.0], [0.0, 0.0, 1000.0, 0.0], [0.0, 0.0, 0.0, 100000.0]]}","[0.2145746238560207, -0.006681131303879539, 0.0]",False
3,P03,55adbc0f-f8c9-48ae-936c-320d5b186f90,23,1,haply,mpc,seeded_random,695680705,persist_session,10.0,17.560623931884766,676.599549169,0,1785928018.4417903,275,True,careful,adaptive,-0.08,-0.08,0.0,0.08,-0.08,0.0,-0.0651286719,-0.0768589399999999,0.0,-0.005744718,-0.2100133,0.12019778,0.021293165,-0.0009823678,-0.00011925126,"[-1.5855165764999137, 5.384818475699022, 0.0, 0.0, 0.0, 0.0, -7.264087452892261, 16.614343435183713]","[0.19745503373045453, 0.012424595677564777, 0.0]","{""Controller Type"": ""MPC Controller"", ""weight_comfort"": 434.22143063702225, ""weight_trajectory"": 3394.671416177867, ""weight_goal"": 1000.0, ""Q"": [[3394.671416177867, 0.0, 0.0, 0.0], [0.0, 0.0, 0.0, 0.0], [0.0, 0.0, 3394.671416177867, 0.0], [0.0, 0.0, 0.0, 0.0]], ""R"": [[434.22143063702225, 0.0], [0.0, 434.22143063702225]], ""P"": [[1000.0, 0.0, 0.0, 0.0], [0.0, 100000.0, 0.0, 0.0], [0.0, 0.0, 1000.0, 0.0], [0.0, 0.0, 0.0, 100000.0]]}","[0.30057469002484416, -0.009502378662811499, 0.0]",False
3,P03,55adbc0f-f8c9-48ae-936c-320d5b186f90,23,1,haply,mpc,seeded_random,695680705,persist_session,10.0,17.57018165588379,676.6090924,0,1785928018.451975,276,True,careful,adaptive,-0.08,-0.08,0.0,0.08,-0.08,0.0,-0.064080783,-0.0768672999999999,0.0,-0.005482746,-0.2100221,0.12019462,0.022571934,-0.0009454099,-0.00017548315,"[-1.5907458586033867, 5.384287377027537, 0.0, 0.0, 0.0, 0.0, -7.264067930362377, 16.614332557632217]","[0.20153801793196152, 0.012256139530285775, 0.0]","{""Controller Type"": ""MPC Controller"", ""weight_comfort"": 434.3770587551449, ""weight_trajectory"": 3393.737647469131, ""weight_goal"": 1000.0, ""Q"": [[3393.737647469131, 0.0, 0.0, 0.0], [0.0, 0.0, 0.0, 0.0], [0.0, 0.0, 3393.737647469131, 0.0], [0.0, 0.0, 0.0, 0.0]], ""R"": [[434.3770587551449, 0.0], [0.0, 434.3770587551449]], ""P"": [[1000.0, 0.0, 0.0, 0.0], [0.0, 100000.0, 0.0, 0.0], [0.0, 0.0, 1000.0, 0.0], [0.0, 0.0, 0.0, 100000.0]]}","[0.3578365109250253, -0.011823179253555761, 0.0]",False
3,P03,55adbc0f-f8c9-48ae-936c-320d5b186f90,23,1,haply,mpc,seeded_random,695680705,persist_session,10.0,17.58004503250122,676.618962531,0,1785928018.461764,277,True,careful,adaptive,-0.08,-0.08,0.0,0.08,-0.08,0.0,-0.063294867,-0.0768736199999999,0.0,-0.005220735,-0.21003062,0.120191455,0.02368714,-0.0009193534,-0.00021664872,"[-1.528178075966321, 5.4132862280449885, 0.0, 0.0, 0.0, 0.0, -7.264029437417936, 16.61431488123131]","[0.33676743091936157, 0.009118751806241398, 0.0]","{""Controller Type"": ""MPC Controller"", ""weight_comfort"": 434.3770587551449, ""weight_trajectory"": 3393.737647469131, ""weight_goal"": 1000.0, ""Q"": [[3393.737647469131, 0.0, 0.0, 0.0], [0.0, 0.0, 0.0, 0.0], [0.0, 0.0, 3393.737647469131, 0.0], [0.0, 0.0, 0.0, 0.0]], ""R"": [[434.3770587551449, 0.0], [0.0, 434.3770587551449]], ""P"": [[1000.0, 0.0, 0.0, 0.0], [0.0, 100000.0, 0.0, 0.0], [0.0, 0.0, 1000.0, 0.0], [0.0, 0.0, 0.0, 100000.0]]}","[0.44485490517664433, -0.014194764734131338, 0.0]",False
3,P03,55adbc0f-f8c9-48ae-936c-320d5b186f90,23,1,haply,mpc,seeded_random,695680705,persist_session,10.0,17.58997325897217,676.6289022,0,1785928018.472041,278,True,careful,adaptive,-0.08,-0.08,0.0,0.08,-0.08,0.0,-0.062508834,-0.0768799499999999,0.0,-0.0048713856,-0.21004142,0.1201872,0.024613561,-0.000894807,-0.0002482962,"[-1.6244705782900348, 5.402387729944142, 0.0, 0.0, 0.0, 0.0, -7.264038246729343, 16.614319732860313]","[0.2009667956106306, 0.011983290769001042, 0.0]","{""Controller Type"": ""MPC Controller"", ""weight_comfort"": 434.3770587551449, ""weight_trajectory"": 3393.737647469131, ""weight_goal"": 1000.0, ""Q"": [[3393.737647469131, 0.0, 0.0, 0.0], [0.0, 0.0, 0.0, 0.0], [0.0, 0.0, 3393.737647469131, 0.0], [0.0, 0.0, 0.0, 0.0]], ""R"": [[434.3770587551449, 0.0], [0.0, 434.3770587551449]], ""P"": [[1000.0, 0.0, 0.0, 0.0], [0.0, 100000.0, 0.0, 0.0], [0.0, 0.0, 1000.0, 0.0], [0.0, 0.0, 0.0, 100000.0]]}","[0.5279550759201675, -0.01681167013275419, 0.0]",False
3,P03,55adbc0f-f8c9-48ae-936c-320d5b186f90,23,1,haply,mpc,seeded_random,695680705,persist_session,10.0,17.600113439559937,676.639023925,0,1785928018.4816935,279,True,careful,adaptive,-0.08,-0.08,0.0,0.08,-0.08,0.0,-0.0614607858,-0.0768884599999999,0.0,-0.004696711,-0.21004662,0.120185055,0.025223581,-0.00086745754,-0.00027060733,"[-1.6457499495840198, 5.40094424031001, 0.0, 0.0, 0.0, 0.0, -7.264023915579648, 16.614311638817536]","[0.17857340291075288, 0.012430281450831124, 0.0]","{""Controller Type"": ""MPC Controller"", ""weight_comfort"": 434.5635714108186, ""weight_trajectory"": 3392.6185715350884, ""weight_goal"": 1000.0, ""Q"": [[3392.6185715350884, 0.0, 0.0, 0.0], [0.0, 0.0, 0.0, 0.0], [0.0, 0.0, 3392.6185715350884, 0.0], [0.0, 0.0, 0.0, 0.0]], ""R"": [[434.5635714108186, 0.0], [0.0, 434.5635714108186]], ""P"": [[1000.0, 0.0, 0.0, 0.0], [0.0, 100000.0, 0.0, 0.0], [0.0, 0.0, 1000.0, 0.0], [0.0, 0.0, 0.0, 100000.0]]}","[0.6046396242023075, -0.02048218637783505, 0.0]",False
3,P03,55adbc0f-f8c9-48ae-936c-320d5b186f90,23,1,haply,mpc,seeded_random,695680705,persist_session,10.0,17.60995035171509,676.648879468,0,1785928018.4921677,280,True,careful,adaptive,-0.08,-0.08,0.0,0.08,-0.08,0.0,-0.060936762,-0.0768927499999999,0.0,-0.004434697,-0.21005414,0.12018183,0.025555165,-0.0008355822,-0.00028595526,"[-1.5564747111708768, 5.45645238279665, 0.0, 0.0, 0.0, 0.0, -7.263975192432488, 16.614291117758913]","[0.37224835055402045, 0.007954913238580861, 0.0]","{""Controller Type"": ""MPC Controller"", ""weight_comfort"": 434.5635714108186, ""weight_trajectory"": 3392.6185715350884, ""weight_goal"": 1000.0, ""Q"": [[3392.6185715350884, 0.0, 0.0, 0.0], [0.0, 0.0, 0.0, 0.0], [0.0, 0.0, 3392.6185715350884, 0.0], [0.0, 0.0, 0.0, 0.0]], ""R"": [[434.5635714108186, 0.0], [0.0, 434.5635714108186]], ""P"": [[1000.0, 0.0, 0.0, 0.0], [0.0, 100000.0, 0.0, 0.0], [0.0, 0.0, 1000.0, 0.0], [0.0, 0.0, 0.0, 100000.0]]}","[0.7651506943335538, -0.023525301398027092, 0.0]",False
3,P03,55adbc0f-f8c9-48ae-936c-320d5b186f90,23,1,haply,mpc,seeded_random,695680705,persist_session,10.0,17.619984436035157,676.658910061,0,1785928018.50177,281,True,careful,adaptive,-0.08,-0.08,0.0,0.08,-0.08,0.0,-0.06015072,-0.0768991999999999,0.0,-0.0041726786,-0.21006137,0.12017859,0.025851993,-0.00080737215,-0.00029766586,"[-1.805816584998611, 5.513845482097226, 0.0, 0.0, 0.0, 0.0, -7.264021912154056, 16.614321916125775]","[0.021351390823813043, 0.015766277598422473, 0.0]","{""Controller Type"": ""MPC Controller"", ""weight_comfort"": 435.254784339307, ""weight_trajectory"": 3388.471293964158, ""weight_goal"": 1000.0, ""Q"": [[3388.471293964158, 0.0, 0.0, 0.0], [0.0, 0.0, 0.0, 0.0], [0.0, 0.0, 3388.471293964158, 0.0], [0.0, 0.0, 0.0, 0.0]], ""R"": [[435.254784339307, 0.0], [0.0, 435.254784339307]], ""P"": [[1000.0, 0.0, 0.0, 0.0], [0.0, 100000.0, 0.0, 0.0], [0.0, 0.0, 1000.0, 0.0], [0.0, 0.0, 0.0, 100000.0]]}","[0.827794632841491, -0.026929346802143896, 0.0]",False
3,P03,55adbc0f-f8c9-48ae-936c-320d5b186f90,23,1,haply,mpc,seeded_random,695680705,persist_session,10.0,17.63002018928528,676.668948516,0,1785928018.5123198,282,True,careful,adaptive,-0.08,-0.08,0.0,0.08,-0.08,0.0,-0.0593646648,-0.0769056799999999,0.0,-0.0037359267,-0.21007271,0.120173156,0.026185535,-0.0007731983,-0.00030918446,"[-1.6942344487806686, 5.531913801452917, 0.0, 0.0, 0.0, 0.0, -7.26396511846002, 16.614291542023622]","[0.21539258341253475, 0.011364059287788204, 0.0]","{""Controller Type"": ""MPC Controller"", ""weight_comfort"": 435.254784339307, ""weight_trajectory"": 3388.471293964158, ""weight_goal"": 1000.0, ""Q"": [[3388.471293964158, 0.0, 0.0, 0.0], [0.0, 0.0, 0.0, 0.0], [0.0, 0.0, 3388.471293964158, 0.0], [0.0, 0.0, 0.0, 0.0]], ""R"": [[435.254784339307, 0.0], [0.0, 435.254784339307]], ""P"": [[1000.0, 0.0, 0.0, 0.0], [0.0, 100000.0, 0.0, 0.0], [0.0, 0.0, 1000.0, 0.0], [0.0, 0.0, 0.0, 100000.0]]}","[0.827794632841491, -0.026929346802143896, 0.0]",False
3,P03,55adbc0f-f8c9-48ae-936c-320d5b186f90,23,1,haply,mpc,seeded_random,695680705,persist_session,10.0,17.63996891975403,676.678894392,0,1785928018.5221424,283,True,careful,adaptive,-0.08,-0.08,0.0,0.08,-0.08,0.0,-0.0580544091,-0.0769165479999999,0.0,-0.003299172,-0.21008316,0.12016767,0.026743647,-0.00074517715,-0.00032168315,"[-1.7266635455974144, 5.529879290317522, 0.0, 0.0, 0.0, 0.0, -7.263954926060388, 16.614285802382035]","[0.17139060569903067, 0.012271998232061267, 0.0]","{""Controller Type"": ""MPC Controller"", ""weight_comfort"": 435.254784339307, ""weight_trajectory"": 3388.471293964158, ""weight_goal"": 1000.0, ""Q"": [[3388.471293964158, 0.0, 0.0, 0.0], [0.0, 0.0, 0.0, 0.0], [0.0, 0.0, 3388.471293964158, 0.0], [0.0, 0.0, 0.0, 0.0]], ""R"": [[435.254784339307, 0.0], [0.0, 435.254784339307]], ""P"": [[1000.0, 0.0, 0.0, 0.0], [0.0, 100000.0, 0.0, 0.0], [0.0, 0.0, 1000.0, 0.0], [0.0, 0.0, 0.0, 100000.0]]}","[1.049724916988905, -0.03808920932299118, 0.0]",False
3,P03,55adbc0f-f8c9-48ae-936c-320d5b186f90,23,1,haply,mpc,seeded_random,695680705,persist_session,10.0,17.649949836730958,676.688866013,0,1785928018.5319426,284,True,careful,adaptive,-0.08,-0.08,0.0,0.08,-0.08,0.0,-0.056744145,-0.0769275199999999,0.0,-0.003299172,-0.21008316,0.12016767,0.026743647,-0.00074517715,-0.00032168315,"[-1.6067421642281852, 5.704309421029263, 0.0, 0.0, 0.0, 0.0, -7.263886912770841, 16.61426734476305]","[0.5390905320999111, 0.004015368661540942, 0.0]","{""Controller Type"": ""MPC Controller"", ""weight_comfort"": 432.6182574827388, ""weight_trajectory"": 3404.2904551035667, ""weight_goal"": 1000.0, ""Q"": [[3404.2904551035667, 0.0, 0.0, 0.0], [0.0, 0.0, 0.0, 0.0], [0.0, 0.0, 3404.2904551035667, 0.0], [0.0, 0.0, 0.0, 0.0]], ""R"": [[432.6182574827388, 0.0], [0.0, 432.6182574827388]], ""P"": [[1000.0, 0.0, 0.0, 0.0], [0.0, 100000.0, 0.0, 0.0], [0.0, 0.0, 1000.0, 0.0], [0.0, 0.0, 0.0, 100000.0]]}","[1.2828364024057601, -0.04696638688349016, 0.0]",False
3,P03,55adbc0f-f8c9-48ae-936c-320d5b186f90,23,1,haply,mpc,seeded_random,695680705,persist_session,10.0,17.660032081604005,676.69895725,0,1785928018.5418618,285,True,careful,adaptive,-0.08,-0.08,0.0,0.08,-0.08,0.0,-0.0554105235,-0.0770252199999999,0.0,-0.0023306182,-0.21004336,0.12011212,0.030875461,-0.0007336758,-0.00038358304,"[-1.6175350610042076, 5.6879227666009795, 0.0, 0.0, 0.0, 0.0, -7.263880613502575, 16.614265711296145]","[0.5392740191092061, 0.003717303079307569, 0.0]","{""Controller Type"": ""MPC Controller"", ""weight_comfort"": 432.6182574827388, ""weight_trajectory"": 3404.2904551035667, ""weight_goal"": 1000.0, ""Q"": [[3404.2904551035667, 0.0, 0.0, 0.0], [0.0, 0.0, 0.0, 0.0], [0.0, 0.0, 3404.2904551035667, 0.0], [0.0, 0.0, 0.0, 0.0]], ""R"": [[432.6182574827388, 0.0], [0.0, 432.6182574827388]], ""P"": [[1000.0, 0.0, 0.0, 0.0], [0.0, 100000.0, 0.0, 0.0], [0.0, 0.0, 1000.0, 0.0], [0.0, 0.0, 0.0, 100000.0]]}","[1.538309365065567, -0.01840313796537214, 0.0]",False
3,P03,55adbc0f-f8c9-48ae-936c-320d5b186f90,23,1,haply,mpc,seeded_random,695680705,persist_session,10.0,17.670466947555543,676.70937864,0,1785928018.5521626,286,True,careful,adaptive,-0.08,-0.08,0.0,0.08,-0.08,0.0,-0.0538384836,-0.0770386199999999,0.0,-0.0017991071,-0.20999262,0.12006205,0.03400631,-0.0006930164,-0.00045448527,"[-1.627049566022396, 5.6726348109687565, 0.0, 0.0, 0.0, 0.0, -7.266050149715242, 16.620565342077995]","[0.5423601436840149, -0.14209131631361993, 0.0]","{""Controller Type"": ""MPC Controller"", ""weight_comfort"": 432.6182574827388, ""weight_trajectory"": 3404.2904551035667, ""weight_goal"": 1000.0, ""Q"": [[3404.2904551035667, 0.0, 0.0, 0.0], [0.0, 0.0, 0.0, 0.0], [0.0, 0.0, 3404.2904551035667, 0.0], [0.0, 0.0, 0.0, 0.0]], ""R"": [[432.6182574827388, 0.0], [0.0, 432.6182574827388]], ""P"": [[1000.0, 0.0, 0.0, 0.0], [0.0, 100000.0, 0.0, 0.0], [0.0, 0.0, 1000.0, 0.0], [0.0, 0.0, 0.0, 100000.0]]}","[1.538309365065567, -0.01840313796537214, 0.0]",False
3,P03,55adbc0f-f8c9-48ae-936c-320d5b186f90,23,1,haply,mpc,seeded_random,695680705,persist_session,10.0,17.680043029785157,676.718962391,0,1785928018.5617504,287,True,careful,adaptive,-0.08,-0.08,0.0,0.08,-0.08,0.0,-0.0522439503,-0.0771387599999999,0.0,-0.0012678724,-0.20994061,0.12001198,0.037251975,-0.0005825745,-0.0005695463,"[-1.6103981745553435, 5.71905552533764, 0.0, 0.0, 0.0, 0.0, -7.2669612394600405, 16.620638210203765]","[0.6572648115759494, -0.00010089640198780031, 0.0]","{""Controller Type"": ""MPC Controller"", ""weight_comfort"": 432.54203319186695, ""weight_trajectory"": 3404.7478008487988, ""weight_goal"": 1000.0, ""Q"": [[3404.7478008487988, 0.0, 0.0, 0.0], [0.0, 0.0, 0.0, 0.0], [0.0, 0.0, 3404.7478008487988, 0.0], [0.0, 0.0, 0.0, 0.0]], ""R"": [[432.54203319186695, 0.0], [0.0, 432.54203319186695]], ""P"": [[1000.0, 0.0, 0.0, 0.0], [0.0, 100000.0, 0.0, 0.0], [0.0, 0.0, 1000.0, 0.0], [0.0, 0.0, 0.0, 100000.0]]}","[1.937315251334019, -0.019451219973436355, 0.0]",False
3,P03,55adbc0f-f8c9-48ae-936c-320d5b186f90,23,1,haply,mpc,seeded_random,695680705,persist_session,10.0,17.68998794555664,676.728921327,0,1785928018.5717487,288,True,careful,adaptive,-0.08,-0.08,0.0,0.08,-0.08,0.0,-0.0506502462,-0.0772388999999999,0.0,-0.00064250326,-0.2098284,0.119917475,0.040688265,-0.0003958578,-0.00072605466,"[-1.602985009963518, 5.752459734040327, 0.0, 0.0, 0.0, 0.0, -7.269598363177596, 16.62801190682857]","[0.7447017961974189, -0.15287223000885286, 0.0]","{""Controller Type"": ""MPC Controller"", ""weight_comfort"": 432.54203319186695, ""weight_trajectory"": 3404.7478008487988, ""weight_goal"": 1000.0, ""Q"": [[3404.7478008487988, 0.0, 0.0, 0.0], [0.0, 0.0, 0.0, 0.0], [0.0, 0.0, 3404.7478008487988, 0.0], [0.0, 0.0, 0.0, 0.0]], ""R"": [[432.54203319186695, 0.0], [0.0, 432.54203319186695]], ""P"": [[1000.0, 0.0, 0.0, 0.0], [0.0, 100000.0, 0.0, 0.0], [0.0, 0.0, 1000.0, 0.0], [0.0, 0.0, 0.0, 100000.0]]}","[2.2072190836661716, -0.021755044493288512, 0.0]",False
3,P03,55adbc0f-f8c9-48ae-936c-320d5b186f90,23,1,haply,mpc,seeded_random,695680705,persist_session,10.0,17.6999764919281,676.738898525,0,1785928018.581694,289,True,careful,adaptive,-0.08,-0.08,0.0,0.08,-0.08,0.0,-0.04877413878,-0.0774279099999999,0.0,-2.4798579e-05,-0.20977417,0.11986614,0.044195794,0.00056481076,-0.0014275047,"[-1.6194364161455188, 5.689468778551819, 0.0, 0.0, 0.0, 0.0, -7.269001787688093, 16.6263400467373]","[0.6953054231132805, -0.14645367891262684, 0.0]","{""Controller Type"": ""MPC Controller"", ""weight_comfort"": 432.54203319186695, ""weight_trajectory"": 3404.7478008487988, ""weight_goal"": 1000.0, ""Q"": [[3404.7478008487988, 0.0, 0.0, 0.0], [0.0, 0.0, 0.0, 0.0], [0.0, 0.0, 3404.7478008487988, 0.0], [0.0, 0.0, 0.0, 0.0]], ""R"": [[432.54203319186695, 0.0], [0.0, 432.54203319186695]], ""P"": [[1000.0, 0.0, 0.0, 0.0], [0.0, 100000.0, 0.0, 0.0], [0.0, 0.0, 1000.0, 0.0], [0.0, 0.0, 0.0, 100000.0]]}","[2.1888835256313186, 0.05153317483336142, 0.0]",False
3,P03,55adbc0f-f8c9-48ae-936c-320d5b186f90,23,1,haply,mpc,seeded_random,695680705,persist_session,10.0,17.70995502471924,676.748884548,0,1785928018.59207,290,True,careful,adaptive,-0.08,-0.08,0.0,0.08,-0.08,0.0,-0.0469210247369999,-0.0775305799999999,0.0,0.00059937435,-0.2096583,0.11977168,0.04730224,0.00200189,-0.0024538683,"[-1.6121049917158539, 5.812449939050607, 0.0, 0.0, 0.0, 0.0, -7.273569423418246, 16.637277808840786]","[0.8888944123005561, -0.2974871118968814, 0.0]","{""Controller Type"": ""MPC Controller"", ""weight_comfort"": 431.94419162615736, ""weight_trajectory"": 3408.334850243056, ""weight_goal"": 1000.0, ""Q"": [[3408.334850243056, 0.0, 0.0, 0.0], [0.0, 0.0, 0.0, 0.0], [0.0, 0.0, 3408.334850243056, 0.0], [0.0, 0.0, 0.0, 0.0]], ""R"": [[431.94419162615736, 0.0], [0.0, 431.94419162615736]], ""P"": [[1000.0, 0.0, 0.0, 0.0], [0.0, 100000.0, 0.0, 0.0], [0.0, 0.0, 1000.0, 0.0], [0.0, 0.0, 0.0, 100000.0]]}","[2.3896388173565475, -0.015709751328642857, 0.0]",False
3,P03,55adbc0f-f8c9-48ae-936c-320d5b186f90,23,1,haply,mpc,seeded_random,695680705,persist_session,10.0,17.72004656791687,676.75896149,0,1785928018.6018467,291,True,careful,adaptive,-0.08,-0.08,0.0,0.08,-0.08,0.0,-0.04504850595,-0.0777194999999999,0.0,0.00059937435,-0.2096583,0.11977168,0.04730224,0.00200189,-0.0024538683,"[-1.6216541668929916, 5.7146251246666635, 0.0, 0.0, 0.0, 0.0, -7.270221450040315, 16.628200055495594]","[0.8147905578307022, -0.146582347618885, 0.0]","{""Controller Type"": ""MPC Controller"", ""weight_comfort"": 431.94419162615736, ""weight_trajectory"": 3408.334850243056, ""weight_goal"": 1000.0, ""Q"": [[3408.334850243056, 0.0, 0.0, 0.0], [0.0, 0.0, 0.0, 0.0], [0.0, 0.0, 3408.334850243056, 0.0], [0.0, 0.0, 0.0, 0.0]], ""R"": [[431.94419162615736, 0.0], [0.0, 431.94419162615736]], ""P"": [[1000.0, 0.0, 0.0, 0.0], [0.0, 100000.0, 0.0, 0.0], [0.0, 0.0, 1000.0, 0.0], [0.0, 0.0, 0.0, 100000.0]]}","[2.3471382805437466, 0.07353655179589014, 0.0]",False
3,P03,55adbc0f-f8c9-48ae-936c-320d5b186f90,23,1,haply,mpc,seeded_random,695680705,persist_session,10.0,17.72996907234192,676.768896838,0,1785928018.6118767,292,True,careful,adaptive,-0.08,-0.08,0.0,0.08,-0.08,0.0,-0.042936429,-0.0778247999999999,0.0,0.0019198786,-0.20954071,0.11966755,0.05281806,0.004367161,-0.00407141,"[-1.6211232507296731, 5.7406379308274325, 0.0, 0.0, 0.0, 0.0, -7.275407565443424, 16.64041644659376]","[0.8967632697165673, -0.3049551162376967, 0.0]","{""Controller Type"": ""MPC Controller"", ""weight_comfort"": 431.94419162615736, ""weight_trajectory"": 3408.334850243056, ""weight_goal"": 1000.0, ""Q"": [[3408.334850243056, 0.0, 0.0, 0.0], [0.0, 0.0, 0.0, 0.0], [0.0, 0.0, 3408.334850243056, 0.0], [0.0, 0.0, 0.0, 0.0]], ""R"": [[431.94419162615736, 0.0], [0.0, 431.94419162615736]], ""P"": [[1000.0, 0.0, 0.0, 0.0], [0.0, 100000.0, 0.0, 0.0], [0.0, 0.0, 1000.0, 0.0], [0.0, 0.0, 0.0, 100000.0]]}","[2.1955381217407814, 0.0009598646936224772, 0.0]",False
3,P03,55adbc0f-f8c9-48ae-936c-320d5b186f90,23,1,haply,mpc,seeded_random,695680705,persist_session,10.0,17.740258502960206,676.779169637,0,1785928018.622111,293,True,careful,adaptive,-0.08,-0.08,0.0,0.08,-0.08,0.0,-0.0410869932,-0.0779277599999999,0.0,0.0026293579,-0.20941871,0.11957183,0.05521211,0.005211535,-0.004613811,"[-1.6250633314245466, 5.802204566414828, 0.0, 0.0, 0.0, 0.0, -7.271532423910988, 16.630417971810086]","[1.0220215538812578, -0.15877693718419253, 0.0]","{""Controller Type"": ""MPC Controller"", ""weight_comfort"": 431.94419162615736, ""weight_trajectory"": 3408.334850243056, ""weight_goal"": 1000.0, ""Q"": [[3408.334850243056, 0.0, 0.0, 0.0], [0.0, 0.0, 0.0, 0.0], [0.0, 0.0, 3408.334850243056, 0.0], [0.0, 0.0, 0.0, 0.0]], ""R"": [[431.94419162615736, 0.0], [0.0, 431.94419162615736]], ""P"": [[1000.0, 0.0, 0.0, 0.0], [0.0, 100000.0, 0.0, 0.0], [0.0, 0.0, 1000.0, 0.0], [0.0, 0.0, 0.0, 100000.0]]}","[2.456359222638867, 0.0014776997109470173, 0.0]",False
3,P03,55adbc0f-f8c9-48ae-936c-320d5b186f90,23,1,haply,mpc,seeded_random,695680705,persist_session,10.0,17.750068950653077,676.788984113,0,1785928018.6317768,294,True,careful,adaptive,-0.08,-0.08,0.0,0.08,-0.08,0.0,-0.0389585553,-0.0781191999999999,0.0,0.003419017,-0.20935366,0.11951774,0.057708107,0.0059589352,-0.0050673583,"[-1.6342685899826033, 5.5952681627625225, 0.0, 0.0, 0.0, 0.0, -7.270833071549582, 16.628615967757113]","[0.8132242255039372, -0.15222083148842494, 0.0]","{""Controller Type"": ""MPC Controller"", ""weight_comfort"": 432.128732935667, ""weight_trajectory"": 3407.227602385998, ""weight_goal"": 1000.0, ""Q"": [[3407.227602385998, 0.0, 0.0, 0.0], [0.0, 0.0, 0.0, 0.0], [0.0, 0.0, 3407.227602385998, 0.0], [0.0, 0.0, 0.0, 0.0]], ""R"": [[432.128732935667, 0.0], [0.0, 432.128732935667]], ""P"": [[1000.0, 0.0, 0.0, 0.0], [0.0, 100000.0, 0.0, 0.0], [0.0, 0.0, 1000.0, 0.0], [0.0, 0.0, 0.0, 100000.0]]}","[2.04892644600824, 0.10177128892285628, 0.0]",False
3,P03,55adbc0f-f8c9-48ae-936c-320d5b186f90,23,1,haply,mpc,seeded_random,695680705,persist_session,10.0,17.760268020629884,676.799180659,0,1785928018.6418624,295,True,careful,adaptive,-0.08,-0.08,0.0,0.08,-0.08,0.0,-0.036589578,-0.0782273799999999,0.0,0.0041335253,-0.20917459,0.11956057,0.060751602,0.006622377,-0.0054062544,"[-1.6599009401217122, 5.818299318470367, 0.0, 0.0, 0.0, 0.0, -7.276612903911987, 16.6419471657373]","[1.0837569867999308, -0.3159255830841121, 0.0]","{""Controller Type"": ""MPC Controller"", ""weight_comfort"": 432.128732935667, ""weight_trajectory"": 3407.227602385998, ""weight_goal"": 1000.0, ""Q"": [[3407.227602385998, 0.0, 0.0, 0.0], [0.0, 0.0, 0.0, 0.0], [0.0, 0.0, 3407.227602385998, 0.0], [0.0, 0.0, 0.0, 0.0]], ""R"": [[432.128732935667, 0.0], [0.0, 432.128732935667]], ""P"": [[1000.0, 0.0, 0.0, 0.0], [0.0, 100000.0, 0.0, 0.0], [0.0, 0.0, 1000.0, 0.0], [0.0, 0.0, 0.0, 100000.0]]}","[1.84739953378978, 0.02145373622303961, 0.0]",False
3,P03,55adbc0f-f8c9-48ae-936c-320d5b186f90,23,1,haply,mpc,seeded_random,695680705,persist_session,10.0,17.769942808151246,676.808878722,0,1785928018.6517198,296,True,careful,adaptive,-0.08,-0.08,0.0,0.08,-0.08,0.0,-0.0344460531,-0.0781417199999999,0.0,0.0048381086,-0.20907927,0.11957688,0.06316167,0.007276851,-0.0056796796,"[-1.6635492258943432, 5.840737963071193, 0.0, 0.0, 0.0, 0.0, -7.272260552455393, 16.631210074887722]","[1.1779638278286042, -0.16549876808709557, 0.0]","{""Controller Type"": ""MPC Controller"", ""weight_comfort"": 432.1868851098695, ""weight_trajectory"": 3406.8786893407832, ""weight_goal"": 1000.0, ""Q"": [[3406.8786893407832, 0.0, 0.0, 0.0], [0.0, 0.0, 0.0, 0.0], [0.0, 0.0, 3406.8786893407832, 0.0], [0.0, 0.0, 0.0, 0.0]], ""R"": [[432.1868851098695, 0.0], [0.0, 432.1868851098695]], ""P"": [[1000.0, 0.0, 0.0, 0.0], [0.0, 100000.0, 0.0, 0.0], [0.0, 0.0, 1000.0, 0.0], [0.0, 0.0, 0.0, 100000.0]]}","[1.9483911496398636, -0.16778681614468172, 0.0]",False
3,P03,55adbc0f-f8c9-48ae-936c-320d5b186f90,23,1,haply,mpc,seeded_random,695680705,persist_session,10.0,17.77987222671509,676.818798986,0,1785928018.661767,297,True,careful,adaptive,-0.08,-0.08,0.0,0.08,-0.08,0.0,-0.0323323032,-0.0781090999999999,0.0,0.0055443975,-0.20894751,0.11948101,0.06474845,0.007734029,-0.0057850326,"[-1.6373464244692595, 5.638905773779937, 0.0, 0.0, 0.0, 0.0, -7.281745615130469, 16.648858723617067]","[1.0388092473834212, 0.15820850616286183, 0.0]","{""Controller Type"": ""MPC Controller"", ""weight_comfort"": 432.1868851098695, ""weight_trajectory"": 3406.8786893407832, ""weight_goal"": 1000.0, ""Q"": [[3406.8786893407832, 0.0, 0.0, 0.0], [0.0, 0.0, 0.0, 0.0], [0.0, 0.0, 3406.8786893407832, 0.0], [0.0, 0.0, 0.0, 0.0]], ""R"": [[432.1868851098695, 0.0], [0.0, 432.1868851098695]], ""P"": [[1000.0, 0.0, 0.0, 0.0], [0.0, 100000.0, 0.0, 0.0], [0.0, 0.0, 1000.0, 0.0], [0.0, 0.0, 0.0, 100000.0]]}","[1.9475560588906844, -0.11764716348072629, 0.0]",False
3,P03,55adbc0f-f8c9-48ae-936c-320d5b186f90,23,1,haply,mpc,seeded_random,695680705,persist_session,10.0,17.789971160888673,676.828901901,0,1785928018.672058,298,True,careful,adaptive,-0.08,-0.08,0.0,0.08,-0.08,0.0,-0.0302134365,-0.0783008399999999,0.0,0.006079273,-0.20879094,0.11945699,0.06577641,0.00834359,-0.0060234964,"[-1.6234399045775292, 5.524062689899689, 0.0, 0.0, 0.0, 0.0, -7.2801254841273515, 16.646289159016092]","[0.9797988490044025, 0.06781110592965305, 0.0]","{""Controller Type"": ""MPC Controller"", ""weight_comfort"": 432.1868851098695, ""weight_trajectory"": 3406.8786893407832, ""weight_goal"": 1000.0, ""Q"": [[3406.8786893407832, 0.0, 0.0, 0.0], [0.0, 0.0, 0.0, 0.0], [0.0, 0.0, 3406.8786893407832, 0.0], [0.0, 0.0, 0.0, 0.0]], ""R"": [[432.1868851098695, 0.0], [0.0, 432.1868851098695]], ""P"": [[1000.0, 0.0, 0.0, 0.0], [0.0, 100000.0, 0.0, 0.0], [0.0, 0.0, 1000.0, 0.0], [0.0, 0.0, 0.0, 100000.0]]}","[1.91943458228745, 0.10093272631819604, 0.0]",False
3,P03,55adbc0f-f8c9-48ae-936c-320d5b186f90,23,1,haply,mpc,seeded_random,695680705,persist_session,10.0,17.7999737739563,676.838896029,0,1785928018.6817698,299,True,careful,adaptive,-0.08,-0.08,0.0,0.08,-0.08,0.0,-0.02860881,-0.0783488799999999,0.0,0.0067818477,-0.20868923,0.119473,0.065969154,0.00902155,-0.006271148,"[-1.6125982711022486, 5.433350536021101, 0.0, 0.0, 0.0, 0.0, -7.294601320083322, 16.67956680106647]","[0.9409595526015112, -0.2983728887443757, 0.0]","{""Controller Type"": ""MPC Controller"", ""weight_comfort"": 434.12649291136637, ""weight_trajectory"": 3395.241042531802, ""weight_goal"": 1000.0, ""Q"": [[3395.241042531802, 0.0, 0.0, 0.0], [0.0, 0.0, 0.0, 0.0], [0.0, 0.0, 3395.241042531802, 0.0], [0.0, 0.0, 0.0, 0.0]], ""R"": [[434.12649291136637, 0.0], [0.0, 434.12649291136637]], ""P"": [[1000.0, 0.0, 0.0, 0.0], [0.0, 100000.0, 0.0, 0.0], [0.0, 0.0, 1000.0, 0.0], [0.0, 0.0, 0.0, 100000.0]]}","[2.2594469000044697, -0.028307334624081203, 0.0]",False
3,P03,55adbc0f-f8c9-48ae-936c-320d5b186f90,23,1,haply,mpc,seeded_random,695680705,persist_session,10.0,17.809989500045777,676.848920551,0,1785928018.692042,300,True,careful,adaptive,-0.08,-0.08,0.0,0.08,-0.08,0.0,-0.0265010859,-0.0783168599999999,0.0,0.007488703,-0.20852475,0.119446374,0.066017576,0.009686215,-0.0057856464,"[-1.6218916988422984, 5.203810733610168, 0.0, 0.0, 0.0, 0.0, -7.292528023987886, 16.673259529539497]","[0.6836499703423943, -0.07043492651861331, 0.0]","{""Controller Type"": ""MPC Controller"", ""weight_comfort"": 434.12649291136637, ""weight_trajectory"": 3395.241042531802, ""weight_goal"": 1000.0, ""Q"": [[3395.241042531802, 0.0, 0.0, 0.0], [0.0, 0.0, 0.0, 0.0], [0.0, 0.0, 3395.241042531802, 0.0], [0.0, 0.0, 0.0, 0.0]], ""R"": [[434.12649291136637, 0.0], [0.0, 434.12649291136637]], ""P"": [[1000.0, 0.0, 0.0, 0.0], [0.0, 100000.0, 0.0, 0.0], [0.0, 0.0, 1000.0, 0.0], [0.0, 0.0, 0.0, 100000.0]]}","[1.7955862712028832, -0.10715507168683439, 0.0]",False
3,P03,55adbc0f-f8c9-48ae-936c-320d5b186f90,23,1,haply,mpc,seeded_random,695680705,persist_session,10.0,17.82001166343689,676.858934233,0,1785928018.7018747,301,True,careful,adaptive,-0.08,-0.08,0.0,0.08,-0.08,0.0,-0.02438052,-0.0783701119999999,0.0,0.008191674,-0.2083841,0.1193505,0.0665576,0.010638205,-0.004869238,"[-1.6489112072597387, 5.397138442799538, 0.0, 0.0, 0.0, 0.0, -7.294316401176665, 16.676138629578162]","[0.9318317189061186, 0.06426028056528336, 0.0]","{""Controller Type"": ""MPC Controller"", ""weight_comfort"": 434.12649291136637, ""weight_trajectory"": 3395.241042531802, ""weight_goal"": 1000.0, ""Q"": [[3395.241042531802, 0.0, 0.0, 0.0], [0.0, 0.0, 0.0, 0.0], [0.0, 0.0, 3395.241042531802, 0.0], [0.0, 0.0, 0.0, 0.0]], ""R"": [[434.12649291136637, 0.0], [0.0, 434.12649291136637]], ""P"": [[1000.0, 0.0, 0.0, 0.0], [0.0, 100000.0, 0.0, 0.0], [0.0, 0.0, 1000.0, 0.0], [0.0, 0.0, 0.0, 100000.0]]}","[1.619895143065375, -0.02267942373748209, 0.0]",False
3,P03,55adbc0f-f8c9-48ae-936c-320d5b186f90,23,1,haply,mpc,seeded_random,695680705,persist_session,10.0,17.829954195022584,676.868886465,0,1785928018.7120914,302,True,careful,adaptive,-0.08,-0.08,0.0,0.08,-0.08,0.0,-0.022271607,-0.0785618599999999,0.0,0.008971476,-0.20835894,0.11933837,0.06729105,0.011520735,-0.004245197,"[-1.6498149715152175, 5.402166528409303, 0.0, 0.0, 0.0, 0.0, -7.295612190471567, 16.679897331834287]","[0.9928290177378819, -0.07844260355179807, 0.0]","{""Controller Type"": ""MPC Controller"", ""weight_comfort"": 434.59832055343935, ""weight_trajectory"": 3392.4100766793636, ""weight_goal"": 1000.0, ""Q"": [[3392.4100766793636, 0.0, 0.0, 0.0], [0.0, 0.0, 0.0, 0.0], [0.0, 0.0, 3392.4100766793636, 0.0], [0.0, 0.0, 0.0, 0.0]], ""R"": [[434.59832055343935, 0.0], [0.0, 434.59832055343935]], ""P"": [[1000.0, 0.0, 0.0, 0.0], [0.0, 100000.0, 0.0, 0.0], [0.0, 0.0, 1000.0, 0.0], [0.0, 0.0, 0.0, 100000.0]]}","[1.63413931536498, 0.11448039923979418, 0.0]",False
3,P03,55adbc0f-f8c9-48ae-936c-320d5b186f90,23,1,haply,mpc,seeded_random,695680705,persist_session,10.0,17.840130615234376,676.879058581,0,1785928018.7219412,303,True,careful,adaptive,-0.08,-0.08,0.0,0.08,-0.08,0.0,-0.019932201,-0.0785861199999999,0.0,0.009760788,-0.20821823,0.11942183,0.068119116,0.012169047,-0.0039513907,"[-1.6298811920947516, 5.28261240400885, 0.0, 0.0, 0.0, 0.0, -7.303813467804756, 16.69851168424546]","[0.9237354837038355, -0.3028949562866454, 0.0]","{""Controller Type"": ""MPC Controller"", ""weight_comfort"": 434.59832055343935, ""weight_trajectory"": 3392.4100766793636, ""weight_goal"": 1000.0, ""Q"": [[3392.4100766793636, 0.0, 0.0, 0.0], [0.0, 0.0, 0.0, 0.0], [0.0, 0.0, 3392.4100766793636, 0.0], [0.0, 0.0, 0.0, 0.0]], ""R"": [[434.59832055343935, 0.0], [0.0, 434.59832055343935]], ""P"": [[1000.0, 0.0, 0.0, 0.0], [0.0, 100000.0, 0.0, 0.0], [0.0, 0.0, 1000.0, 0.0], [0.0, 0.0, 0.0, 100000.0]]}","[1.2515939120922364, -0.04112504222102074, 0.0]",False
3,P03,55adbc0f-f8c9-48ae-936c-320d5b186f90,23,1,haply,mpc,seeded_random,695680705,persist_session,10.0,17.849962282180787,676.888890351,0,1785928018.732154,304,True,careful,adaptive,-0.08,-0.08,0.0,0.08,-0.08,0.0,-0.017564265,-0.0784191999999999,0.0,0.010546595,-0.20810074,0.11943611,0.069785126,0.012437443,-0.0033496136,"[-1.669678803494351, 5.44278550287263, 0.0, 0.0, 0.0, 0.0, -7.303219734762785, 16.695399231285954]","[1.1258519943807015, -0.030794849975778447, 0.0]","{""Controller Type"": ""MPC Controller"", ""weight_comfort"": 434.59832055343935, ""weight_trajectory"": 3392.4100766793636, ""weight_goal"": 1000.0, ""Q"": [[3392.4100766793636, 0.0, 0.0, 0.0], [0.0, 0.0, 0.0, 0.0], [0.0, 0.0, 3392.4100766793636, 0.0], [0.0, 0.0, 0.0, 0.0]], ""R"": [[434.59832055343935, 0.0], [0.0, 434.59832055343935]], ""P"": [[1000.0, 0.0, 0.0, 0.0], [0.0, 100000.0, 0.0, 0.0], [0.0, 0.0, 1000.0, 0.0], [0.0, 0.0, 0.0, 100000.0]]}","[1.2221061862648823, -0.22952851465751484, 0.0]",False
3,P03,55adbc0f-f8c9-48ae-936c-320d5b186f90,23,1,haply,mpc,seeded_random,695680705,persist_session,10.0,17.86017541885376,676.899100998,0,1785928018.7421863,305,True,careful,adaptive,-0.08,-0.08,0.0,0.08,-0.08,0.0,-0.015206844,-0.0783906399999999,0.0,0.011245181,-0.20798422,0.11945157,0.07066429,0.0124192415,-0.0026110718,"[-1.639050744207358, 5.319500376727661, 0.0, 0.0, 0.0, 0.0, -7.316908435648569, 16.722696565741906]","[1.073481520286356, 0.2848893423175475, 0.0]","{""Controller Type"": ""MPC Controller"", ""weight_comfort"": 434.9165121941021, ""weight_trajectory"": 3390.5009268353874, ""weight_goal"": 1000.0, ""Q"": [[3390.5009268353874, 0.0, 0.0, 0.0], [0.0, 0.0, 0.0, 0.0], [0.0, 0.0, 3390.5009268353874, 0.0], [0.0, 0.0, 0.0, 0.0]], ""R"": [[434.9165121941021, 0.0], [0.0, 434.9165121941021]], ""P"": [[1000.0, 0.0, 0.0, 0.0], [0.0, 100000.0, 0.0, 0.0], [0.0, 0.0, 1000.0, 0.0], [0.0, 0.0, 0.0, 100000.0]]}","[1.1087704759843775, -0.1011146121040907, 0.0]",False
3,P03,55adbc0f-f8c9-48ae-936c-320d5b186f90,23,1,haply,mpc,seeded_random,695680705,persist_session,10.0,17.87003116607666,676.908956236,0,1785928018.7521248,306,True,careful,adaptive,-0.08,-0.08,0.0,0.08,-0.08,0.0,-0.013111086,-0.0783597199999999,0.0,0.01194309,-0.20786539,0.119466916,0.071196765,0.012402254,-0.002048444,"[-1.6234053385766058, 5.260432728873659, 0.0, 0.0, 0.0, 0.0, -7.313651155257416, 16.717500955855424]","[1.0815392977842337, 0.059361212546281475, 0.0]","{""Controller Type"": ""MPC Controller"", ""weight_comfort"": 434.9165121941021, ""weight_trajectory"": 3390.5009268353874, ""weight_goal"": 1000.0, ""Q"": [[3390.5009268353874, 0.0, 0.0, 0.0], [0.0, 0.0, 0.0, 0.0], [0.0, 0.0, 3390.5009268353874, 0.0], [0.0, 0.0, 0.0, 0.0]], ""R"": [[434.9165121941021, 0.0], [0.0, 434.9165121941021]], ""P"": [[1000.0, 0.0, 0.0, 0.0], [0.0, 100000.0, 0.0, 0.0], [0.0, 0.0, 1000.0, 0.0], [0.0, 0.0, 0.0, 100000.0]]}","[1.265768877259416, -0.10503276014996894, 0.0]",False
3,P03,55adbc0f-f8c9-48ae-936c-320d5b186f90,23,1,haply,mpc,seeded_random,695680705,persist_session,10.0,17.88017897605896,676.919105285,0,1785928018.762385,307,True,careful,adaptive,-0.08,-0.08,0.0,0.08,-0.08,0.0,-0.011017359,-0.0783290279999999,0.0,0.012643757,-0.2076838,0.11943979,0.07151862,0.012522331,-0.0016489405,"[-1.5738324750969883, 5.040406045857558, 0.0, 0.0, 0.0, 0.0, -7.313558887987322, 16.717351747578505]","[0.9163449167886133, 0.06400630960991016, 0.0]","{""Controller Type"": ""MPC Controller"", ""weight_comfort"": 434.9165121941021, ""weight_trajectory"": 3390.5009268353874, ""weight_goal"": 1000.0, ""Q"": [[3390.5009268353874, 0.0, 0.0, 0.0], [0.0, 0.0, 0.0, 0.0], [0.0, 0.0, 3390.5009268353874, 0.0], [0.0, 0.0, 0.0, 0.0]], ""R"": [[434.9165121941021, 0.0], [0.0, 434.9165121941021]], ""P"": [[1000.0, 0.0, 0.0, 0.0], [0.0, 100000.0, 0.0, 0.0], [0.0, 0.0, 1000.0, 0.0], [0.0, 0.0, 0.0, 100000.0]]}","[1.2571627564845542, -0.10528808500778139, 0.0]",False
3,P03,55adbc0f-f8c9-48ae-936c-320d5b186f90,23,1,haply,mpc,seeded_random,695680705,persist_session,10.0,17.889949369430543,676.928882312,0,1785928018.7719631,308,True,careful,adaptive,-0.08,-0.08,0.0,0.08,-0.08,0.0,-0.008915358,-0.0783832799999999,0.0,0.013337854,-0.20758662,0.11938587,0.071721114,0.012685153,-0.0013574193,"[-1.552669615892273, 4.944306628336572, 0.0, 0.0, 0.0, 0.0, -7.3133793546062105, 16.71706469428857]","[0.8676393917968487, 0.06222775155936601, 0.0]","{""Controller Type"": ""MPC Controller"", ""weight_comfort"": 436.52713934298777, ""weight_trajectory"": 3380.837163942073, ""weight_goal"": 1000.0, ""Q"": [[3380.837163942073, 0.0, 0.0, 0.0], [0.0, 0.0, 0.0, 0.0], [0.0, 0.0, 3380.837163942073, 0.0], [0.0, 0.0, 0.0, 0.0]], ""R"": [[436.52713934298777, 0.0], [0.0, 436.52713934298777]], ""P"": [[1000.0, 0.0, 0.0, 0.0], [0.0, 100000.0, 0.0, 0.0], [0.0, 0.0, 1000.0, 0.0], [0.0, 0.0, 0.0, 100000.0]]}","[1.0349544492265654, -0.01963451072202643, 0.0]",False
3,P03,55adbc0f-f8c9-48ae-936c-320d5b186f90,23,1,haply,mpc,seeded_random,695680705,persist_session,10.0,17.90002326965332,676.938948861,0,1785928018.7819676,309,True,careful,adaptive,-0.08,-0.08,0.0,0.08,-0.08,0.0,-0.006833067,-0.0784911199999999,0.0,0.014119935,-0.2074559,0.119399525,0.07180885,0.012889981,-0.0011712833,"[-1.5646169566959056, 4.9892425999898995, 0.0, 0.0, 0.0, 0.0, -7.314839707895252, 16.721212952325537]","[0.9558014747335617, -0.0828845027112804, 0.0]","{""Controller Type"": ""MPC Controller"", ""weight_comfort"": 436.52713934298777, ""weight_trajectory"": 3380.837163942073, ""weight_goal"": 1000.0, ""Q"": [[3380.837163942073, 0.0, 0.0, 0.0], [0.0, 0.0, 0.0, 0.0], [0.0, 0.0, 3380.837163942073, 0.0], [0.0, 0.0, 0.0, 0.0]], ""R"": [[436.52713934298777, 0.0], [0.0, 436.52713934298777]], ""P"": [[1000.0, 0.0, 0.0, 0.0], [0.0, 100000.0, 0.0, 0.0], [0.0, 0.0, 1000.0, 0.0], [0.0, 0.0, 0.0, 100000.0]]}","[1.067534844670066, 0.03449929539932866, 0.0]",False
3,P03,55adbc0f-f8c9-48ae-936c-320d5b186f90,23,1,haply,mpc,seeded_random,695680705,persist_session,10.0,17.910002517700196,676.948933862,0,1785928018.7921371,310,True,careful,adaptive,-0.08,-0.08,0.0,0.08,-0.08,0.0,-0.004486824,-0.0784638099999999,0.0,0.014815009,-0.20732768,0.119414546,0.0719202,0.01310804,-0.001058271,"[-1.532110214600341, 4.860532883520038, 0.0, 0.0, 0.0, 0.0, -7.316316198267862, 16.724765062557346]","[0.8786092523484764, -0.16923892992046521, 0.0]","{""Controller Type"": ""MPC Controller"", ""weight_comfort"": 436.52713934298777, ""weight_trajectory"": 3380.837163942073, ""weight_goal"": 1000.0, ""Q"": [[3380.837163942073, 0.0, 0.0, 0.0], [0.0, 0.0, 0.0, 0.0], [0.0, 0.0, 3380.837163942073, 0.0], [0.0, 0.0, 0.0, 0.0]], ""R"": [[436.52713934298777, 0.0], [0.0, 436.52713934298777]], ""P"": [[1000.0, 0.0, 0.0, 0.0], [0.0, 100000.0, 0.0, 0.0], [0.0, 0.0, 1000.0, 0.0], [0.0, 0.0, 0.0, 100000.0]]}","[0.767988833093149, -0.09598913797849458, 0.0]",False
3,P03,55adbc0f-f8c9-48ae-936c-320d5b186f90,23,1,haply,mpc,seeded_random,695680705,persist_session,10.0,17.920103120803834,676.959021394,0,1785928018.8018136,311,True,careful,adaptive,-0.08,-0.08,0.0,0.08,-0.08,0.0,-0.002401602,-0.0784337679999999,0.0,0.015681721,-0.2071858,0.11942649,0.07220174,0.013335048,-0.000962017,"[-1.5593530477360014, 4.949003427007687, 0.0, 0.0, 0.0, 0.0, -7.319116518912739, 16.729221062817665]","[1.0100574371541746, 0.05616953368190889, 0.0]","{""Controller Type"": ""MPC Controller"", ""weight_comfort"": 436.52713934298777, ""weight_trajectory"": 3380.837163942073, ""weight_goal"": 1000.0, ""Q"": [[3380.837163942073, 0.0, 0.0, 0.0], [0.0, 0.0, 0.0, 0.0], [0.0, 0.0, 3380.837163942073, 0.0], [0.0, 0.0, 0.0, 0.0]], ""R"": [[436.52713934298777, 0.0], [0.0, 436.52713934298777]], ""P"": [[1000.0, 0.0, 0.0, 0.0], [0.0, 100000.0, 0.0, 0.0], [0.0, 0.0, 1000.0, 0.0], [0.0, 0.0, 0.0, 100000.0]]}","[0.767988833093149, -0.09598913797849458, 0.0]",False
3,P03,55adbc0f-f8c9-48ae-936c-320d5b186f90,23,1,haply,mpc,seeded_random,695680705,persist_session,10.0,17.929991292953492,676.968916178,0,1785928018.8118846,312,True,careful,adaptive,-0.08,-0.08,0.0,0.08,-0.08,0.0,0.0001985339999999,-0.0784098799999999,0.0,0.016461408,-0.20704637,0.11943973,0.0725784,0.013546432,-0.0008519004,"[-1.5114528765662159, 4.7841604923611225, 0.0, 0.0, 0.0, 0.0, -7.319067683657824, 16.729141420475997]","[0.9064135688561794, 0.06340146873659035, 0.0]","{""Controller Type"": ""MPC Controller"", ""weight_comfort"": 436.5191748109134, ""weight_trajectory"": 3380.8849511345197, ""weight_goal"": 1000.0, ""Q"": [[3380.8849511345197, 0.0, 0.0, 0.0], [0.0, 0.0, 0.0, 0.0], [0.0, 0.0, 3380.8849511345197, 0.0], [0.0, 0.0, 0.0, 0.0]], ""R"": [[436.5191748109134, 0.0], [0.0, 436.5191748109134]], ""P"": [[1000.0, 0.0, 0.0, 0.0], [0.0, 100000.0, 0.0, 0.0], [0.0, 0.0, 1000.0, 0.0], [0.0, 0.0, 0.0, 100000.0]]}","[0.3389655536496645, -0.09544555085420035, 0.0]",False
3,P03,55adbc0f-f8c9-48ae-936c-320d5b186f90,23,1,haply,mpc,seeded_random,695680705,persist_session,10.0,17.939862298965455,676.978794864,0,1785928018.82188,313,True,careful,adaptive,-0.08,-0.08,0.0,0.08,-0.08,0.0,0.0025375949999999,-0.0783833999999999,0.0,0.017240304,-0.20690417,0.11945287,0.07330307,0.013822291,-0.0007021557,"[-1.6051484653741912, 5.039667762984501, 0.0, 0.0, 0.0, 0.0, -7.31880798940557, 16.728741481540197]","[1.1730457700383727, 0.05131751894185907, 0.0]","{""Controller Type"": ""MPC Controller"", ""weight_comfort"": 436.5191748109134, ""weight_trajectory"": 3380.8849511345197, ""weight_goal"": 1000.0, ""Q"": [[3380.8849511345197, 0.0, 0.0, 0.0], [0.0, 0.0, 0.0, 0.0], [0.0, 0.0, 3380.8849511345197, 0.0], [0.0, 0.0, 0.0, 0.0]], ""R"": [[436.5191748109134, 0.0], [0.0, 436.5191748109134]], ""P"": [[1000.0, 0.0, 0.0, 0.0], [0.0, 100000.0, 0.0, 0.0], [0.0, 0.0, 1000.0, 0.0], [0.0, 0.0, 0.0, 100000.0]]}","[0.48830966072911103, -0.09931768409799496, 0.0]",False
3,P03,55adbc0f-f8c9-48ae-936c-320d5b186f90,23,1,haply,mpc,seeded_random,695680705,persist_session,10.0,17.949848461151124,676.988778882,0,1785928018.83198,314,True,careful,adaptive,-0.08,-0.08,0.0,0.08,-0.08,0.0,0.004874283,-0.0783571199999999,0.0,0.017240304,-0.20690417,0.11945287,0.07330307,0.013822291,-0.0007021557,"[-1.5191785568002985, 4.790058260078169, 0.0, 0.0, 0.0, 0.0, -7.318744206595717, 16.72864130851369]","[1.0032802058930237, 0.05615009909833403, 0.0]","{""Controller Type"": ""MPC Controller"", ""weight_comfort"": 437.1722233139189, ""weight_trajectory"": 3376.9666601164863, ""weight_goal"": 1000.0, ""Q"": [[3376.9666601164863, 0.0, 0.0, 0.0], [0.0, 0.0, 0.0, 0.0], [0.0, 0.0, 3376.9666601164863, 0.0], [0.0, 0.0, 0.0, 0.0]], ""R"": [[437.1722233139189, 0.0], [0.0, 437.1722233139189]], ""P"": [[1000.0, 0.0, 0.0, 0.0], [0.0, 100000.0, 0.0, 0.0], [0.0, 0.0, 1000.0, 0.0], [0.0, 0.0, 0.0, 100000.0]]}","[0.43140636708256785, -0.10006465523985641, 0.0]",False
3,P03,55adbc0f-f8c9-48ae-936c-320d5b186f90,23,1,haply,mpc,seeded_random,695680705,persist_session,10.0,17.960029888153077,676.998950089,0,1785928018.8418992,315,True,careful,adaptive,-0.08,-0.08,0.0,0.08,-0.08,0.0,0.0074609519999999,-0.0782498399999999,0.0,0.018102527,-0.20681316,0.11950651,0.074139304,0.0140875885,-0.0005698227,"[-1.488070990313186, 4.701428796880018, 0.0, 0.0, 0.0, 0.0, -7.318609260816291, 16.728430860259735]","[0.9758942250704794, 0.05555009847248767, 0.0]","{""Controller Type"": ""MPC Controller"", ""weight_comfort"": 437.1722233139189, ""weight_trajectory"": 3376.9666601164863, ""weight_goal"": 1000.0, ""Q"": [[3376.9666601164863, 0.0, 0.0, 0.0], [0.0, 0.0, 0.0, 0.0], [0.0, 0.0, 3376.9666601164863, 0.0], [0.0, 0.0, 0.0, 0.0]], ""R"": [[437.1722233139189, 0.0], [0.0, 437.1722233139189]], ""P"": [[1000.0, 0.0, 0.0, 0.0], [0.0, 100000.0, 0.0, 0.0], [0.0, 0.0, 1000.0, 0.0], [0.0, 0.0, 0.0, 100000.0]]}","[0.05716549916609307, -0.18368800696628257, 0.0]",False
3,P03,55adbc0f-f8c9-48ae-936c-320d5b186f90,23,1,haply,mpc,seeded_random,695680705,persist_session,10.0,17.969967889785767,677.008895356,0,1785928018.8520074,316,True,careful,adaptive,-0.08,-0.08,0.0,0.08,-0.08,0.0,0.0095452349999999,-0.0781674799999999,0.0,0.019572187,-0.2064945,0.11960259,0.07559236,0.0145610515,-2.9307479e-05,"[-1.5475927781354724, 4.850844351896556, 0.0, 0.0, 0.0, 0.0, -7.322604241329444, 16.736084597482154]","[1.152717216770326, 0.1938235933452218, 0.0]","{""Controller Type"": ""MPC Controller"", ""weight_comfort"": 437.1722233139189, ""weight_trajectory"": 3376.9666601164863, ""weight_goal"": 1000.0, ""Q"": [[3376.9666601164863, 0.0, 0.0, 0.0], [0.0, 0.0, 0.0, 0.0], [0.0, 0.0, 3376.9666601164863, 0.0], [0.0, 0.0, 0.0, 0.0]], ""R"": [[437.1722233139189, 0.0], [0.0, 437.1722233139189]], ""P"": [[1000.0, 0.0, 0.0, 0.0], [0.0, 100000.0, 0.0, 0.0], [0.0, 0.0, 1000.0, 0.0], [0.0, 0.0, 0.0, 100000.0]]}","[0.507279545051881, -0.16185475701685642, 0.0]",False
3,P03,55adbc0f-f8c9-48ae-936c-320d5b186f90,23,1,haply,mpc,seeded_random,695680705,persist_session,10.0,17.980187940597535,677.019110823,0,1785928018.86193,317,True,careful,adaptive,-0.08,-0.08,0.0,0.08,-0.08,0.0,0.011869932,-0.0780576799999999,0.0,0.020263596,-0.20632164,0.1196857,0.075706236,0.0147733865,0.0005197155,"[-1.4219748653100757, 4.471991114937433, 0.0, 0.0, 0.0, 0.0, -7.320512954484385, 16.732217232844675]","[0.8219243815635385, 0.14974598309405354, 0.0]","{""Controller Type"": ""MPC Controller"", ""weight_comfort"": 438.3434085617658, ""weight_trajectory"": 3369.939548629405, ""weight_goal"": 1000.0, ""Q"": [[3369.939548629405, 0.0, 0.0, 0.0], [0.0, 0.0, 0.0, 0.0], [0.0, 0.0, 3369.939548629405, 0.0], [0.0, 0.0, 0.0, 0.0]], ""R"": [[438.3434085617658, 0.0], [0.0, 438.3434085617658]], ""P"": [[1000.0, 0.0, 0.0, 0.0], [0.0, 100000.0, 0.0, 0.0], [0.0, 0.0, 1000.0, 0.0], [0.0, 0.0, 0.0, 100000.0]]}","[0.1557700481290109, -0.19486467650832512, 0.0]",False
3,P03,55adbc0f-f8c9-48ae-936c-320d5b186f90,23,1,haply,mpc,seeded_random,695680705,persist_session,10.0,17.989975500106812,677.02890006,0,1785928018.8719158,318,True,careful,adaptive,-0.08,-0.08,0.0,0.08,-0.08,0.0,0.0139441589999999,-0.0778914599999999,0.0,0.021039847,-0.2061387,0.11976704,0.075626425,0.015080076,0.0011744626,"[-1.4729855311069284, 4.604078143264959, 0.0, 0.0, 0.0, 0.0, -7.321132832262002, 16.733395412198963]","[0.9783132589693295, 0.19938763169060447, 0.0]","{""Controller Type"": ""MPC Controller"", ""weight_comfort"": 438.3434085617658, ""weight_trajectory"": 3369.939548629405, ""weight_goal"": 1000.0, ""Q"": [[3369.939548629405, 0.0, 0.0, 0.0], [0.0, 0.0, 0.0, 0.0], [0.0, 0.0, 3369.939548629405, 0.0], [0.0, 0.0, 0.0, 0.0]], ""R"": [[438.3434085617658, 0.0], [0.0, 438.3434085617658]], ""P"": [[1000.0, 0.0, 0.0, 0.0], [0.0, 100000.0, 0.0, 0.0], [0.0, 0.0, 1000.0, 0.0], [0.0, 0.0, 0.0, 100000.0]]}","[0.3364580383915366, -0.2557082708978631, 0.0]",False
3,P03,55adbc0f-f8c9-48ae-936c-320d5b186f90,23,1,haply,mpc,seeded_random,695680705,persist_session,10.0,17.99997000694275,677.038888496,0,1785928018.8817785,319,True,careful,adaptive,-0.08,-0.08,0.0,0.08,-0.08,0.0,0.016272912,-0.0777287799999999,0.0,0.021727948,-0.20598768,0.11978097,0.07556864,0.015519531,0.0018475772,"[-1.3971221045700541, 4.391635594077382, 0.0, 0.0, 0.0, 0.0, -7.3236132642082925, 16.738249123046128]","[0.8199208833194097, 0.2940574939087686, 0.0]","{""Controller Type"": ""MPC Controller"", ""weight_comfort"": 438.3434085617658, ""weight_trajectory"": 3369.939548629405, ""weight_goal"": 1000.0, ""Q"": [[3369.939548629405, 0.0, 0.0, 0.0], [0.0, 0.0, 0.0, 0.0], [0.0, 0.0, 3369.939548629405, 0.0], [0.0, 0.0, 0.0, 0.0]], ""R"": [[438.3434085617658, 0.0], [0.0, 438.3434085617658]], ""P"": [[1000.0, 0.0, 0.0, 0.0], [0.0, 100000.0, 0.0, 0.0], [0.0, 0.0, 1000.0, 0.0], [0.0, 0.0, 0.0, 100000.0]]}","[-0.017907672638734058, -0.2616782161709, 0.0]",False
3,P03,55adbc0f-f8c9-48ae-936c-320d5b186f90,23,1,haply,mpc,seeded_random,695680705,persist_session,10.0,18.009991216659547,677.048911406,0,1785928018.891705,320,True,careful,adaptive,-0.08,-0.08,0.0,0.08,-0.08,0.0,0.0183372149999999,-0.0777009199999999,0.0,0.022414727,-0.2058951,0.11983684,0.07508596,0.015782662,0.002401637,"[-1.4525447968921585, 4.527385177839927, 0.0, 0.0, 0.0, 0.0, -7.320718548495832, 16.73262286900185]","[0.9764311995651765, 0.2926237738408851, 0.0]","{""Controller Type"": ""MPC Controller"", ""weight_comfort"": 438.23942680935926, ""weight_trajectory"": 3370.563439143845, ""weight_goal"": 1000.0, ""Q"": [[3370.563439143845, 0.0, 0.0, 0.0], [0.0, 0.0, 0.0, 0.0], [0.0, 0.0, 3370.563439143845, 0.0], [0.0, 0.0, 0.0, 0.0]], ""R"": [[438.23942680935926, 0.0], [0.0, 438.23942680935926]], ""P"": [[1000.0, 0.0, 0.0, 0.0], [0.0, 100000.0, 0.0, 0.0], [0.0, 0.0, 1000.0, 0.0], [0.0, 0.0, 0.0, 100000.0]]}","[0.1793207798361309, -0.13172222783546103, 0.0]",False
3,P03,55adbc0f-f8c9-48ae-936c-320d5b186f90,23,1,haply,mpc,seeded_random,695680705,persist_session,10.0,18.02015619277954,677.059054369,0,1785928018.9021933,321,True,careful,adaptive,-0.08,-0.08,0.0,0.08,-0.08,0.0,0.0203975519999999,-0.0775891799999999,0.0,0.023188073,-0.20576483,0.11995985,0.074726075,0.016012577,0.0027734337,"[-1.36843670581597, 4.306058702380671, 0.0, 0.0, 0.0, 0.0, -7.316759755397686, 16.726787980636853]","[0.8110959790562343, 0.06376742744723721, 0.0]","{""Controller Type"": ""MPC Controller"", ""weight_comfort"": 438.23942680935926, ""weight_trajectory"": 3370.563439143845, ""weight_goal"": 1000.0, ""Q"": [[3370.563439143845, 0.0, 0.0, 0.0], [0.0, 0.0, 0.0, 0.0], [0.0, 0.0, 3370.563439143845, 0.0], [0.0, 0.0, 0.0, 0.0]], ""R"": [[438.23942680935926, 0.0], [0.0, 438.23942680935926]], ""P"": [[1000.0, 0.0, 0.0, 0.0], [0.0, 100000.0, 0.0, 0.0], [0.0, 0.0, 1000.0, 0.0], [0.0, 0.0, 0.0, 100000.0]]}","[0.21719305064953465, -0.2120704498843782, 0.0]",False
3,P03,55adbc0f-f8c9-48ae-936c-320d5b186f90,23,1,haply,mpc,seeded_random,695680705,persist_session,10.0,18.030038404464722,677.06896268,0,1785928018.9120018,322,True,careful,adaptive,-0.08,-0.08,0.0,0.08,-0.08,0.0,0.0227175899999999,-0.0773431599999999,0.0,0.02404513,-0.20564947,0.12001211,0.074569516,0.016284281,0.0030621528,"[-1.3296853969525946, 4.202006727067214, 0.0, 0.0, 0.0, 0.0, -7.32043053950995, 16.73357103177013]","[0.7461980719461555, 0.19592444049466332, 0.0]","{""Controller Type"": ""MPC Controller"", ""weight_comfort"": 438.23942680935926, ""weight_trajectory"": 3370.563439143845, ""weight_goal"": 1000.0, ""Q"": [[3370.563439143845, 0.0, 0.0, 0.0], [0.0, 0.0, 0.0, 0.0], [0.0, 0.0, 3370.563439143845, 0.0], [0.0, 0.0, 0.0, 0.0]], ""R"": [[438.23942680935926, 0.0], [0.0, 438.23942680935926]], ""P"": [[1000.0, 0.0, 0.0, 0.0], [0.0, 100000.0, 0.0, 0.0], [0.0, 0.0, 1000.0, 0.0], [0.0, 0.0, 0.0, 100000.0]]}","[-0.24894735431571163, -0.36162292047251415, 0.0]",False
3,P03,55adbc0f-f8c9-48ae-936c-320d5b186f90,23,1,haply,mpc,seeded_random,695680705,persist_session,10.0,18.04008369445801,677.079001328,0,1785928018.921768,323,True,careful,adaptive,-0.08,-0.08,0.0,0.08,-0.08,0.0,0.025288761,-0.0772386399999999,0.0,0.024730617,-0.20554931,0.12006748,0.0746472,0.016568556,0.0032828145,"[-1.4262652299350427, 4.422649462022993, 0.0, 0.0, 0.0, 0.0, -7.3347150055717885, 16.76188992001275]","[0.9644001676571421, 0.439912631552563, 0.0]","{""Controller Type"": ""MPC Controller"", ""weight_comfort"": 438.6001154740868, ""weight_trajectory"": 3368.399307155479, ""weight_goal"": 1000.0, ""Q"": [[3368.399307155479, 0.0, 0.0, 0.0], [0.0, 0.0, 0.0, 0.0], [0.0, 0.0, 3368.399307155479, 0.0], [0.0, 0.0, 0.0, 0.0]], ""R"": [[438.6001154740868, 0.0], [0.0, 438.6001154740868]], ""P"": [[1000.0, 0.0, 0.0, 0.0], [0.0, 100000.0, 0.0, 0.0], [0.0, 0.0, 1000.0, 0.0], [0.0, 0.0, 0.0, 100000.0]]}","[-0.5959641099709082, -0.22851910897954414, 0.0]",False
3,P03,55adbc0f-f8c9-48ae-936c-320d5b186f90,23,1,haply,mpc,seeded_random,695680705,persist_session,10.0,18.049978303909302,677.088902815,0,1785928018.9321785,324,True,careful,adaptive,-0.08,-0.08,0.0,0.08,-0.08,0.0,0.0273452219999999,-0.0771278999999999,0.0,0.025329174,-0.20548333,0.12005567,0.07446872,0.015456393,0.004186714,"[-1.4872221837408262, 4.551724738592468, 0.0, 0.0, 0.0, 0.0, -7.323198765992049, 16.740961810824583]","[1.116987813343116, 0.1993892093800405, 0.0]","{""Controller Type"": ""MPC Controller"", ""weight_comfort"": 438.6001154740868, ""weight_trajectory"": 3368.399307155479, ""weight_goal"": 1000.0, ""Q"": [[3368.399307155479, 0.0, 0.0, 0.0], [0.0, 0.0, 0.0, 0.0], [0.0, 0.0, 3368.399307155479, 0.0], [0.0, 0.0, 0.0, 0.0]], ""R"": [[438.6001154740868, 0.0], [0.0, 438.6001154740868]], ""P"": [[1000.0, 0.0, 0.0, 0.0], [0.0, 100000.0, 0.0, 0.0], [0.0, 0.0, 1000.0, 0.0], [0.0, 0.0, 0.0, 100000.0]]}","[-0.0383478600793192, -0.23285485836250439, 0.0]",False
3,P03,55adbc0f-f8c9-48ae-936c-320d5b186f90,23,1,haply,mpc,seeded_random,695680705,persist_session,10.0,18.059929656982423,677.098853694,0,1785928018.9418235,325,True,careful,adaptive,-0.08,-0.08,0.0,0.08,-0.08,0.0,0.0291408929999999,-0.0771515199999999,0.0,0.02601399,-0.20537902,0.120110966,0.07392918,0.014361669,0.0049277395,"[-1.3243754428004153, 4.155440464262063, 0.0, 0.0, 0.0, 0.0, -7.321776075609998, 16.73839213028623]","[0.7511156448322386, 0.1990799878490227, 0.0]","{""Controller Type"": ""MPC Controller"", ""weight_comfort"": 438.6001154740868, ""weight_trajectory"": 3368.399307155479, ""weight_goal"": 1000.0, ""Q"": [[3368.399307155479, 0.0, 0.0, 0.0], [0.0, 0.0, 0.0, 0.0], [0.0, 0.0, 3368.399307155479, 0.0], [0.0, 0.0, 0.0, 0.0]], ""R"": [[438.6001154740868, 0.0], [0.0, 438.6001154740868]], ""P"": [[1000.0, 0.0, 0.0, 0.0], [0.0, 100000.0, 0.0, 0.0], [0.0, 0.0, 1000.0, 0.0], [0.0, 0.0, 0.0, 100000.0]]}","[0.007274330880800465, -0.10634195542423742, 0.0]",False
3,P03,55adbc0f-f8c9-48ae-936c-320d5b186f90,23,1,haply,mpc,seeded_random,695680705,persist_session,10.0,18.06997470855713,677.108902689,0,1785928018.9518616,326,True,careful,adaptive,-0.08,-0.08,0.0,0.08,-0.08,0.0,0.031195341,-0.0770409279999999,0.0,0.02678468,-0.20523542,0.12023303,0.07345837,0.0136071,0.0055357153,"[-1.2850815630844663, 4.058080729832631, 0.0, 0.0, 0.0, 0.0, -7.321093159988313, 16.739948827575123]","[0.6901617608333195, -0.020141160101263773, 0.0]","{""Controller Type"": ""MPC Controller"", ""weight_comfort"": 439.7581330785993, ""weight_trajectory"": 3361.451201528404, ""weight_goal"": 1000.0, ""Q"": [[3361.451201528404, 0.0, 0.0, 0.0], [0.0, 0.0, 0.0, 0.0], [0.0, 0.0, 3361.451201528404, 0.0], [0.0, 0.0, 0.0, 0.0]], ""R"": [[439.7581330785993, 0.0], [0.0, 439.7581330785993]], ""P"": [[1000.0, 0.0, 0.0, 0.0], [0.0, 100000.0, 0.0, 0.0], [0.0, 0.0, 1000.0, 0.0], [0.0, 0.0, 0.0, 100000.0]]}","[-0.24231796131244313, -0.24045993034304747, 0.0]",False
3,P03,55adbc0f-f8c9-48ae-936c-320d5b186f90,23,1,haply,mpc,seeded_random,695680705,persist_session,10.0,18.08009843826294,677.119011904,0,1785928018.9618196,327,True,careful,adaptive,-0.08,-0.08,0.0,0.08,-0.08,0.0,0.033507411,-0.0767967999999999,0.0,0.02746775,-0.20515324,0.12021918,0.07310038,0.013187073,0.006012107,"[-1.3125010179778782, 4.12017603968356, 0.0, 0.0, 0.0, 0.0, -7.329244320739417, 16.754682069541264]","[0.7791966278847545, 0.20627716494029838, 0.0]","{""Controller Type"": ""MPC Controller"", ""weight_comfort"": 439.7581330785993, ""weight_trajectory"": 3361.451201528404, ""weight_goal"": 1000.0, ""Q"": [[3361.451201528404, 0.0, 0.0, 0.0], [0.0, 0.0, 0.0, 0.0], [0.0, 0.0, 3361.451201528404, 0.0], [0.0, 0.0, 0.0, 0.0]], ""R"": [[439.7581330785993, 0.0], [0.0, 439.7581330785993]], ""P"": [[1000.0, 0.0, 0.0, 0.0], [0.0, 100000.0, 0.0, 0.0], [0.0, 0.0, 1000.0, 0.0], [0.0, 0.0, 0.0, 100000.0]]}","[-0.5876468440888695, -0.380559289930808, 0.0]",False
3,P03,55adbc0f-f8c9-48ae-936c-320d5b186f90,23,1,haply,mpc,seeded_random,695680705,persist_session,10.0,18.089941549301148,677.128866073,0,1785928018.971752,328,True,careful,adaptive,-0.08,-0.08,0.0,0.08,-0.08,0.0,0.035556621,-0.0768244999999999,0.0,0.028065942,-0.20505257,0.120275706,0.072559774,0.012830651,0.0061908164,"[-1.3724606099864538, 4.244703477856312, 0.0, 0.0, 0.0, 0.0, -7.34209365265763, 16.779764951836178]","[0.9217323469377969, 0.43488579968210567, 0.0]","{""Controller Type"": ""MPC Controller"", ""weight_comfort"": 439.7581330785993, ""weight_trajectory"": 3361.451201528404, ""weight_goal"": 1000.0, ""Q"": [[3361.451201528404, 0.0, 0.0, 0.0], [0.0, 0.0, 0.0, 0.0], [0.0, 0.0, 3361.451201528404, 0.0], [0.0, 0.0, 0.0, 0.0]], ""R"": [[439.7581330785993, 0.0], [0.0, 439.7581330785993]], ""P"": [[1000.0, 0.0, 0.0, 0.0], [0.0, 100000.0, 0.0, 0.0], [0.0, 0.0, 1000.0, 0.0], [0.0, 0.0, 0.0, 100000.0]]}","[-0.4120440465735225, -0.11777416637530505, 0.0]",False
3,P03,55adbc0f-f8c9-48ae-936c-320d5b186f90,23,1,haply,mpc,seeded_random,695680705,persist_session,10.0,18.099991846084595,677.138920292,0,1785928018.9820642,329,True,careful,adaptive,-0.08,-0.08,0.0,0.08,-0.08,0.0,0.0373511969999999,-0.0767114479999999,0.0,0.028749093,-0.20493932,0.1203305,0.07208612,0.012615686,0.006215933,"[-1.2801321098169915, 4.046449644131328, 0.0, 0.0, 0.0, 0.0, -7.340613840152077, 16.783479457554805]","[0.7779627916012968, -0.023497099265954075, 0.0]","{""Controller Type"": ""MPC Controller"", ""weight_comfort"": 439.6760200146512, ""weight_trajectory"": 3361.9438799120926, ""weight_goal"": 1000.0, ""Q"": [[3361.9438799120926, 0.0, 0.0, 0.0], [0.0, 0.0, 0.0, 0.0], [0.0, 0.0, 3361.9438799120926, 0.0], [0.0, 0.0, 0.0, 0.0]], ""R"": [[439.6760200146512, 0.0], [0.0, 439.6760200146512]], ""P"": [[1000.0, 0.0, 0.0, 0.0], [0.0, 100000.0, 0.0, 0.0], [0.0, 0.0, 1000.0, 0.0], [0.0, 0.0, 0.0, 100000.0]]}","[-0.1658706046033284, -0.2546325706603515, 0.0]",False
3,P03,55adbc0f-f8c9-48ae-936c-320d5b186f90,23,1,haply,mpc,seeded_random,695680705,persist_session,10.0,18.110129165649415,677.149001258,0,1785928018.9920173,330,True,careful,adaptive,-0.08,-0.08,0.0,0.08,-0.08,0.0,0.0394006499999999,-0.0766018599999999,0.0,0.029602243,-0.20480137,0.1203815,0.07173927,0.01241663,0.00598912,"[-1.2023108677869918, 3.8668866229912338, 0.0, 0.0, 0.0, 0.0, -7.348903997428786, 16.798231623114507]","[0.621648345980609, 0.20832308810437283, 0.0]","{""Controller Type"": ""MPC Controller"", ""weight_comfort"": 439.6760200146512, ""weight_trajectory"": 3361.9438799120926, ""weight_goal"": 1000.0, ""Q"": [[3361.9438799120926, 0.0, 0.0, 0.0], [0.0, 0.0, 0.0, 0.0], [0.0, 0.0, 3361.9438799120926, 0.0], [0.0, 0.0, 0.0, 0.0]], ""R"": [[439.6760200146512, 0.0], [0.0, 439.6760200146512]], ""P"": [[1000.0, 0.0, 0.0, 0.0], [0.0, 100000.0, 0.0, 0.0], [0.0, 0.0, 1000.0, 0.0], [0.0, 0.0, 0.0, 100000.0]]}","[-0.5434363578699323, -0.26009926651679777, 0.0]",False
3,P03,55adbc0f-f8c9-48ae-936c-320d5b186f90,23,1,haply,mpc,seeded_random,695680705,persist_session,10.0,18.119870948791505,677.158799981,0,1785928019.0023117,331,True,careful,adaptive,-0.08,-0.08,0.0,0.08,-0.08,0.0,0.0419601,-0.0764998599999999,0.0,0.03028392,-0.2047101,0.120367184,0.07151502,0.012367091,0.0058416277,"[-1.2711558966668284, 4.008766241753395, 0.0, 0.0, 0.0, 0.0, -7.3473732413897075, 16.795519039984196]","[0.7738475220668555, 0.2098948892485562, 0.0]","{""Controller Type"": ""MPC Controller"", ""weight_comfort"": 439.6760200146512, ""weight_trajectory"": 3361.9438799120926, ""weight_goal"": 1000.0, ""Q"": [[3361.9438799120926, 0.0, 0.0, 0.0], [0.0, 0.0, 0.0, 0.0], [0.0, 0.0, 3361.9438799120926, 0.0], [0.0, 0.0, 0.0, 0.0]], ""R"": [[439.6760200146512, 0.0], [0.0, 439.6760200146512]], ""P"": [[1000.0, 0.0, 0.0, 0.0], [0.0, 100000.0, 0.0, 0.0], [0.0, 0.0, 1000.0, 0.0], [0.0, 0.0, 0.0, 100000.0]]}","[-1.0426367343681855, -0.25418273686396264, 0.0]",False
3,P03,55adbc0f-f8c9-48ae-936c-320d5b186f90,23,1,haply,mpc,seeded_random,695680705,persist_session,10.0,18.129973697662354,677.168898933,0,1785928019.0118966,332,True,careful,adaptive,-0.08,-0.08,0.0,0.08,-0.08,0.0,0.0440051309999999,-0.0765284919999999,0.0,0.031050434,-0.20460477,0.12035095,0.07120405,0.012382115,0.005736223,"[-1.3916489544490933, 4.236001437637463, 0.0, 0.0, 0.0, 0.0, -7.345282462003446, 16.7918904925049]","[1.0002358184121798, 0.19208799518499373, 0.0]","{""Controller Type"": ""MPC Controller"", ""weight_comfort"": 439.3596340425399, ""weight_trajectory"": 3363.842195744761, ""weight_goal"": 1000.0, ""Q"": [[3363.842195744761, 0.0, 0.0, 0.0], [0.0, 0.0, 0.0, 0.0], [0.0, 0.0, 3363.842195744761, 0.0], [0.0, 0.0, 0.0, 0.0]], ""R"": [[439.3596340425399, 0.0], [0.0, 439.3596340425399]], ""P"": [[1000.0, 0.0, 0.0, 0.0], [0.0, 100000.0, 0.0, 0.0], [0.0, 0.0, 1000.0, 0.0], [0.0, 0.0, 0.0, 100000.0]]}","[-0.7768243304577661, -0.1293597056761413, 0.0]",False
3,P03,55adbc0f-f8c9-48ae-936c-320d5b186f90,23,1,haply,mpc,seeded_random,695680705,persist_session,10.0,18.139951038360596,677.17888686,0,1785928019.0217545,333,True,careful,adaptive,-0.08,-0.08,0.0,0.08,-0.08,0.0,0.0463046729999999,-0.0765609599999999,0.0,0.031646714,-0.20449394,0.120406955,0.0708949,0.012429878,0.0056428905,"[-1.2527562087389645, 3.965956475119138, 0.0, 0.0, 0.0, 0.0, -7.344454907957749, 16.793779768110593]","[0.8010819992113503, -0.02467000223209929, 0.0]","{""Controller Type"": ""MPC Controller"", ""weight_comfort"": 439.3596340425399, ""weight_trajectory"": 3363.842195744761, ""weight_goal"": 1000.0, ""Q"": [[3363.842195744761, 0.0, 0.0, 0.0], [0.0, 0.0, 0.0, 0.0], [0.0, 0.0, 3363.842195744761, 0.0], [0.0, 0.0, 0.0, 0.0]], ""R"": [[439.3596340425399, 0.0], [0.0, 439.3596340425399]], ""P"": [[1000.0, 0.0, 0.0, 0.0], [0.0, 100000.0, 0.0, 0.0], [0.0, 0.0, 1000.0, 0.0], [0.0, 0.0, 0.0, 100000.0]]}","[-1.0486254265755768, -0.1250089136910037, 0.0]",False
3,P03,55adbc0f-f8c9-48ae-936c-320d5b186f90,23,1,haply,mpc,seeded_random,695680705,persist_session,10.0,18.149995374679566,677.188921642,0,1785928019.0317318,334,True,careful,adaptive,-0.08,-0.08,0.0,0.08,-0.08,0.0,0.0480935129999999,-0.0764489499999999,0.0,0.032242313,-0.20440844,0.12039415,0.07070932,0.012341682,0.005072071,"[-1.2928889809103852, 4.040405423177412, 0.0, 0.0, 0.0, 0.0, -7.34445443518154, 16.793781601722234]","[0.8989602866301799, -0.03005553864581869, 0.0]","{""Controller Type"": ""MPC Controller"", ""weight_comfort"": 439.3596340425399, ""weight_trajectory"": 3363.842195744761, ""weight_goal"": 1000.0, ""Q"": [[3363.842195744761, 0.0, 0.0, 0.0], [0.0, 0.0, 0.0, 0.0], [0.0, 0.0, 3363.842195744761, 0.0], [0.0, 0.0, 0.0, 0.0]], ""R"": [[439.3596340425399, 0.0], [0.0, 439.3596340425399]], ""P"": [[1000.0, 0.0, 0.0, 0.0], [0.0, 100000.0, 0.0, 0.0], [0.0, 0.0, 1000.0, 0.0], [0.0, 0.0, 0.0, 100000.0]]}","[-0.594360018337007, -0.26921675597935985, 0.0]",False
3,P03,55adbc0f-f8c9-48ae-936c-320d5b186f90,23,1,haply,mpc,seeded_random,695680705,persist_session,10.0,18.15995602607727,677.198889307,0,1785928019.041931,335,True,careful,adaptive,-0.08,-0.08,0.0,0.08,-0.08,0.0,0.04988031,-0.0764745599999999,0.0,0.032922916,-0.20428161,0.1204481,0.07037352,0.012172653,0.004294276,"[-1.1432187269273353, 3.7435337286606925, 0.0, 0.0, 0.0, 0.0, -7.353993215004755, 16.810622715486474]","[0.6346870010023309, 0.2148333071046475, 0.0]","{""Controller Type"": ""MPC Controller"", ""weight_comfort"": 438.9651048004672, ""weight_trajectory"": 9452.614708391691, ""weight_goal"": 10076.54995354793, ""Q"": [[9452.614708391691, 0.0, 0.0, 0.0], [0.0, 0.0, 0.0, 0.0], [0.0, 0.0, 9452.614708391691, 0.0], [0.0, 0.0, 0.0, 0.0]], ""R"": [[438.9651048004672, 0.0], [0.0, 438.9651048004672]], ""P"": [[10076.54995354793, 0.0, 0.0, 0.0], [0.0, 1007654.995354793, 0.0, 0.0], [0.0, 0.0, 10076.54995354793, 0.0], [0.0, 0.0, 0.0, 1007654.995354793]]}","[-0.6180842237905079, -0.13644019643719532, 0.0]",False
3,P03,55adbc0f-f8c9-48ae-936c-320d5b186f90,23,1,haply,mpc,seeded_random,695680705,persist_session,10.0,18.170095491409302,677.209022082,0,1785928019.0517397,336,True,careful,adaptive,-0.08,-0.08,0.0,0.08,-0.08,0.0,0.051922119,-0.0763666599999999,0.0,0.033518054,-0.20416544,0.12050381,0.06952249,0.012052153,0.0038522277,"[-1.1184159276624874, 3.6949612995619985, 0.0, 0.0, 0.0, 0.0, -7.352800417965628, 16.81182830895386]","[0.6136570068287504, -0.016293854038789447, 0.0]","{""Controller Type"": ""MPC Controller"", ""weight_comfort"": 438.9651048004672, ""weight_trajectory"": 9452.614708391691, ""weight_goal"": 10076.54995354793, ""Q"": [[9452.614708391691, 0.0, 0.0, 0.0], [0.0, 0.0, 0.0, 0.0], [0.0, 0.0, 9452.614708391691, 0.0], [0.0, 0.0, 0.0, 0.0]], ""R"": [[438.9651048004672, 0.0], [0.0, 438.9651048004672]], ""P"": [[10076.54995354793, 0.0, 0.0, 0.0], [0.0, 1007654.995354793, 0.0, 0.0], [0.0, 0.0, 10076.54995354793, 0.0], [0.0, 0.0, 0.0, 1007654.995354793]]}","[-1.1301657664137088, -0.356578319949861, 0.0]",False
3,P03,55adbc0f-f8c9-48ae-936c-320d5b186f90,23,1,haply,mpc,seeded_random,695680705,persist_session,10.0,18.17995743751526,677.218888749,0,1785928019.0618622,337,True,careful,adaptive,-0.08,-0.08,0.0,0.08,-0.08,0.0,0.0537075329999999,-0.0762552399999999,0.0,0.03394285,-0.20410077,0.12049448,0.067789435,0.011884859,0.0036670917,"[-1.201185015534761, 3.845629940874439, 0.0, 0.0, 0.0, 0.0, -7.3617079058462345, 16.827451447080694]","[0.7667654782890134, 0.21185094500578153, 0.0]","{""Controller Type"": ""MPC Controller"", ""weight_comfort"": 438.9651048004672, ""weight_trajectory"": 9452.614708391691, ""weight_goal"": 10076.54995354793, ""Q"": [[9452.614708391691, 0.0, 0.0, 0.0], [0.0, 0.0, 0.0, 0.0], [0.0, 0.0, 9452.614708391691, 0.0], [0.0, 0.0, 0.0, 0.0]], ""R"": [[438.9651048004672, 0.0], [0.0, 438.9651048004672]], ""P"": [[10076.54995354793, 0.0, 0.0, 0.0], [0.0, 1007654.995354793, 0.0, 0.0], [0.0, 0.0, 10076.54995354793, 0.0], [0.0, 0.0, 0.0, 1007654.995354793]]}","[-0.848688651505615, -0.3637789140238406, 0.0]",False
3,P03,55adbc0f-f8c9-48ae-936c-320d5b186f90,23,1,haply,mpc,seeded_random,695680705,persist_session,10.0,18.18996195793152,677.228885315,0,1785928019.071737,338,True,careful,adaptive,-0.08,-0.08,0.0,0.08,-0.08,0.0,0.0549819209999999,-0.0762738999999999,0.0,0.034455493,-0.20408265,0.120525286,0.064834975,0.011543889,0.0035653855,"[-1.1043506860517096, 3.6645005568957543, 0.0, 0.0, 0.0, 0.0, -7.360070910339978, 16.824593457971304]","[0.6173087995991902, 0.21275204120578378, 0.0]","{""Controller Type"": ""MPC Controller"", ""weight_comfort"": 421.394594585046, ""weight_trajectory"": 84435.42143146938, ""weight_goal"": 121771.15890089129, ""Q"": [[84435.42143146938, 0.0, 0.0, 0.0], [0.0, 0.0, 0.0, 0.0], [0.0, 0.0, 84435.42143146938, 0.0], [0.0, 0.0, 0.0, 0.0]], ""R"": [[421.394594585046, 0.0], [0.0, 421.394594585046]], ""P"": [[121771.15890089129, 0.0, 0.0, 0.0], [0.0, 12177115.890089128, 0.0, 0.0], [0.0, 0.0, 121771.15890089129, 0.0], [0.0, 0.0, 0.0, 12177115.890089128]]}","[-0.36914610058086067, -0.21677618404696125, 0.0]",False
3,P03,55adbc0f-f8c9-48ae-936c-320d5b186f90,23,1,haply,mpc,seeded_random,695680705,persist_session,10.0,18.19996886253357,677.238897508,0,1785928019.08194,339,True,careful,adaptive,-0.08,-0.08,0.0,0.08,-0.08,0.0,0.0565198499999999,-0.0762122879999999,0.0,0.034965012,-0.20397553,0.12058264,0.062226903,0.011248447,0.0034744465,"[-1.0185722076751982, 3.487842759324177, 0.0, 0.0, 0.0, 0.0, -7.358341229057859, 16.824791794073004]","[0.4246383596285416, -0.004375129311161959, 0.0]","{""Controller Type"": ""MPC Controller"", ""weight_comfort"": 421.394594585046, ""weight_trajectory"": 84435.42143146938, ""weight_goal"": 121771.15890089129, ""Q"": [[84435.42143146938, 0.0, 0.0, 0.0], [0.0, 0.0, 0.0, 0.0], [0.0, 0.0, 84435.42143146938, 0.0], [0.0, 0.0, 0.0, 0.0]], ""R"": [[421.394594585046, 0.0], [0.0, 421.394594585046]], ""P"": [[121771.15890089129, 0.0, 0.0, 0.0], [0.0, 12177115.890089128, 0.0, 0.0], [0.0, 0.0, 121771.15890089129, 0.0], [0.0, 0.0, 0.0, 12177115.890089128]]}","[-1.1021679016561512, -0.515708397450027, 0.0]",False
3,P03,55adbc0f-f8c9-48ae-936c-320d5b186f90,23,1,haply,mpc,seeded_random,695680705,persist_session,10.0,18.20999722480774,677.248923746,0,1785928019.0916948,340,True,careful,adaptive,-0.08,-0.08,0.0,0.08,-0.08,0.0,0.0580484069999999,-0.0760975799999999,0.0,0.035474285,-0.20389432,0.120571256,0.060219757,0.010985956,0.003228017,"[-1.0531517267812527, 3.5533779701779737, 0.0, 0.0, 0.0, 0.0, -7.361771482146782, 16.83014481224747]","[0.5108892852215804, 0.12951620225993304, 0.0]","{""Controller Type"": ""MPC Controller"", ""weight_comfort"": 421.394594585046, ""weight_trajectory"": 84435.42143146938, ""weight_goal"": 121771.15890089129, ""Q"": [[84435.42143146938, 0.0, 0.0, 0.0], [0.0, 0.0, 0.0, 0.0], [0.0, 0.0, 84435.42143146938, 0.0], [0.0, 0.0, 0.0, 0.0]], ""R"": [[421.394594585046, 0.0], [0.0, 421.394594585046]], ""P"": [[121771.15890089129, 0.0, 0.0, 0.0], [0.0, 12177115.890089128, 0.0, 0.0], [0.0, 0.0, 121771.15890089129, 0.0], [0.0, 0.0, 0.0, 12177115.890089128]]}","[-1.2667861203836652, -0.6143009231494668, 0.0]",False
3,P03,55adbc0f-f8c9-48ae-936c-320d5b186f90,23,1,haply,mpc,seeded_random,695680705,persist_session,10.0,18.21995143890381,677.258879715,0,1785928019.1020265,341,True,careful,adaptive,-0.08,-0.08,0.0,0.08,-0.08,0.0,0.0595762259999999,-0.0761203479999999,0.0,0.035898563,-0.2038257,0.12056172,0.058070384,0.0107041495,0.003046755,"[-1.0549335479467759, 3.5566511377968744, 0.0, 0.0, 0.0, 0.0, -7.364724566375243, 16.835320589407143]","[0.534156916895328, 0.2267070870139674, 0.0]","{""Controller Type"": ""MPC Controller"", ""weight_comfort"": 421.394594585046, ""weight_trajectory"": 84435.42143146938, ""weight_goal"": 121771.15890089129, ""Q"": [[84435.42143146938, 0.0, 0.0, 0.0], [0.0, 0.0, 0.0, 0.0], [0.0, 0.0, 84435.42143146938, 0.0], [0.0, 0.0, 0.0, 0.0]], ""R"": [[421.394594585046, 0.0], [0.0, 421.394594585046]], ""P"": [[121771.15890089129, 0.0, 0.0, 0.0], [0.0, 12177115.890089128, 0.0, 0.0], [0.0, 0.0, 121771.15890089129, 0.0], [0.0, 0.0, 0.0, 12177115.890089128]]}","[-1.2667861203836652, -0.6143009231494668, 0.0]",False
3,P03,55adbc0f-f8c9-48ae-936c-320d5b186f90,23,1,haply,mpc,seeded_random,695680705,persist_session,10.0,18.230000305175782,677.268928093,0,1785928019.1118,342,True,careful,adaptive,-0.08,-0.08,0.0,0.08,-0.08,0.0,0.0608490599999999,-0.0761394199999999,0.0,0.036322493,-0.20372912,0.12062087,0.05600713,0.010443006,0.002915567,"[-1.0254296929689453, 3.502660856678924, 0.0, 0.0, 0.0, 0.0, -7.363018474422668, 16.83587058269445]","[0.4970226985802851, -0.008535560789310517, 0.0]","{""Controller Type"": ""MPC Controller"", ""weight_comfort"": 388.3934307258684, ""weight_trajectory"": 224950.95045366877, ""weight_goal"": 331224.6999842023, ""Q"": [[224950.95045366877, 0.0, 0.0, 0.0], [0.0, 0.0, 0.0, 0.0], [0.0, 0.0, 224950.95045366877, 0.0], [0.0, 0.0, 0.0, 0.0]], ""R"": [[388.3934307258684, 0.0], [0.0, 388.3934307258684]], ""P"": [[331224.6999842023, 0.0, 0.0, 0.0], [0.0, 33122469.998420227, 0.0, 0.0], [0.0, 0.0, 331224.6999842023, 0.0], [0.0, 0.0, 0.0, 33122469.998420227]]}","[-1.3029498934184252, -0.489986603852376, 0.0]",False
3,P03,55adbc0f-f8c9-48ae-936c-320d5b186f90,23,1,haply,mpc,seeded_random,695680705,persist_session,10.0,18.239964056015015,677.278898018,0,1785928019.1218882,343,True,careful,adaptive,-0.08,-0.08,0.0,0.08,-0.08,0.0,0.0621208499999999,-0.0760211199999999,0.0,0.036831196,-0.20364463,0.12060931,0.054053944,0.010172505,0.0026927325,"[-0.9836989030165307, 3.424935323225183, 0.0, 0.0, 0.0, 0.0, -7.363060376673975, 16.83586599340216]","[0.427201793112761, -0.004427835820647326, 0.0]","{""Controller Type"": ""MPC Controller"", ""weight_comfort"": 388.3934307258684, ""weight_trajectory"": 224950.95045366877, ""weight_goal"": 331224.6999842023, ""Q"": [[224950.95045366877, 0.0, 0.0, 0.0], [0.0, 0.0, 0.0, 0.0], [0.0, 0.0, 224950.95045366877, 0.0], [0.0, 0.0, 0.0, 0.0]], ""R"": [[388.3934307258684, 0.0], [0.0, 388.3934307258684]], ""P"": [[331224.6999842023, 0.0, 0.0, 0.0], [0.0, 33122469.998420227, 0.0, 0.0], [0.0, 0.0, 331224.6999842023, 0.0], [0.0, 0.0, 0.0, 33122469.998420227]]}","[-1.2901398694322286, -0.7309318003959193, 0.0]",False
3,P03,55adbc0f-f8c9-48ae-936c-320d5b186f90,23,1,haply,mpc,seeded_random,695680705,persist_session,10.0,18.249902296066285,677.288826138,0,1785928019.1318502,344,True,careful,adaptive,-0.08,-0.08,0.0,0.08,-0.08,0.0,0.0636469589999999,-0.0760442399999999,0.0,0.03733969,-0.2035589,0.1205977,0.052726734,0.010016606,0.0025545799,"[-0.9686224724136877, 3.3971464231609136, 0.0, 0.0, 0.0, 0.0, -7.372388848716397, 16.85215931077867]","[0.4109499849650373, 0.22695179940092391, 0.0]","{""Controller Type"": ""MPC Controller"", ""weight_comfort"": 345.49219372611384, ""weight_trajectory"": 407057.34906146216, ""weight_goal"": 602890.7573557544, ""Q"": [[407057.34906146216, 0.0, 0.0, 0.0], [0.0, 0.0, 0.0, 0.0], [0.0, 0.0, 407057.34906146216, 0.0], [0.0, 0.0, 0.0, 0.0]], ""R"": [[345.49219372611384, 0.0], [0.0, 345.49219372611384]], ""P"": [[602890.7573557544, 0.0, 0.0, 0.0], [0.0, 60289075.73557544, 0.0, 0.0], [0.0, 0.0, 602890.7573557544, 0.0], [0.0, 0.0, 0.0, 60289075.73557544]]}","[-1.8030799612500437, -0.4967829924004969, 0.0]",False
3,P03,55adbc0f-f8c9-48ae-936c-320d5b186f90,23,1,haply,mpc,seeded_random,695680705,persist_session,10.0,18.260014820098878,677.298950537,0,1785928019.1418643,345,True,careful,adaptive,-0.08,-0.08,0.0,0.08,-0.08,0.0,0.065172441,-0.0760674599999999,0.0,0.03767857,-0.20350105,0.12058991,0.051457334,0.009871513,0.0024237898,"[-1.0222042673034661, 3.4896308135310674, 0.0, 0.0, 0.0, 0.0, -7.370621234163869, 16.852855642146732]","[0.5178665864959888, -0.009955699237329842, 0.0]","{""Controller Type"": ""MPC Controller"", ""weight_comfort"": 345.49219372611384, ""weight_trajectory"": 407057.34906146216, ""weight_goal"": 602890.7573557544, ""Q"": [[407057.34906146216, 0.0, 0.0, 0.0], [0.0, 0.0, 0.0, 0.0], [0.0, 0.0, 407057.34906146216, 0.0], [0.0, 0.0, 0.0, 0.0]], ""R"": [[345.49219372611384, 0.0], [0.0, 345.49219372611384]], ""P"": [[602890.7573557544, 0.0, 0.0, 0.0], [0.0, 60289075.73557544, 0.0, 0.0], [0.0, 0.0, 602890.7573557544, 0.0], [0.0, 0.0, 0.0, 60289075.73557544]]}","[-2.0571659736884906, -0.5445469326543312, 0.0]",False
3,P03,55adbc0f-f8c9-48ae-936c-320d5b186f90,23,1,haply,mpc,seeded_random,695680705,persist_session,10.0,18.269979524612427,677.308906036,0,1785928019.1520357,346,True,careful,adaptive,-0.08,-0.08,0.0,0.08,-0.08,0.0,0.066189081,-0.0760830399999999,0.0,0.03802144,-0.20350315,0.12062417,0.050019562,0.009638299,0.0022042654,"[-1.0074658956967406, 3.464607196750811, 0.0, 0.0, 0.0, 0.0, -7.370634117925276, 16.852850417321513]","[0.5128268608172589, -0.010091143121535733, 0.0]","{""Controller Type"": ""MPC Controller"", ""weight_comfort"": 345.49219372611384, ""weight_trajectory"": 407057.34906146216, ""weight_goal"": 602890.7573557544, ""Q"": [[407057.34906146216, 0.0, 0.0, 0.0], [0.0, 0.0, 0.0, 0.0], [0.0, 0.0, 407057.34906146216, 0.0], [0.0, 0.0, 0.0, 0.0]], ""R"": [[345.49219372611384, 0.0], [0.0, 345.49219372611384]], ""P"": [[602890.7573557544, 0.0, 0.0, 0.0], [0.0, 60289075.73557544, 0.0, 0.0], [0.0, 0.0, 602890.7573557544, 0.0], [0.0, 0.0, 0.0, 60289075.73557544]]}","[-1.1930288166544365, -0.5558006169981088, 0.0]",False
3,P03,55adbc0f-f8c9-48ae-936c-320d5b186f90,23,1,haply,mpc,seeded_random,695680705,persist_session,10.0,18.27998571395874,677.318919389,0,1785928019.1619985,347,True,careful,adaptive,-0.08,-0.08,0.0,0.08,-0.08,0.0,0.0672176909999999,-0.0760145199999999,0.0,0.03844493,-0.2034294,0.12061437,0.048190948,0.008988569,0.0013218628,"[-0.928432137679755, 3.319857371819336, 0.0, 0.0, 0.0, 0.0, -7.370755598243365, 16.852874388207947]","[0.319015159174326, 0.0030554578397491844, 0.0]","{""Controller Type"": ""MPC Controller"", ""weight_comfort"": 297.1876882067857, ""weight_trajectory"": 611359.9075273356, ""weight_goal"": 907727.7084502813, ""Q"": [[611359.9075273356, 0.0, 0.0, 0.0], [0.0, 0.0, 0.0, 0.0], [0.0, 0.0, 611359.9075273356, 0.0], [0.0, 0.0, 0.0, 0.0]], ""R"": [[297.1876882067857, 0.0], [0.0, 297.1876882067857]], ""P"": [[907727.7084502813, 0.0, 0.0, 0.0], [0.0, 90772770.84502813, 0.0, 0.0], [0.0, 0.0, 907727.7084502813, 0.0], [0.0, 0.0, 0.0, 90772770.84502813]]}","[-1.2892849234383288, -0.7110047839523466, 0.0]",False
3,P03,55adbc0f-f8c9-48ae-936c-320d5b186f90,23,1,haply,mpc,seeded_random,695680705,persist_session,10.0,18.29036240577698,677.329278984,0,1785928019.1717415,348,True,careful,adaptive,-0.08,-0.08,0.0,0.08,-0.08,0.0,0.0684881609999999,-0.0760341199999999,0.0,0.0387836,-0.2033698,0.12060649,0.046694808,0.0085175475,0.00069938856,"[-0.9284214342104259, 3.3198383080958154, 0.0, 0.0, 0.0, 0.0, -7.37486250183028, 16.85938803498108]","[0.3308896719238752, 0.14534426776366574, 0.0]","{""Controller Type"": ""MPC Controller"", ""weight_comfort"": 297.1876882067857, ""weight_trajectory"": 611359.9075273356, ""weight_goal"": 907727.7084502813, ""Q"": [[611359.9075273356, 0.0, 0.0, 0.0], [0.0, 0.0, 0.0, 0.0], [0.0, 0.0, 611359.9075273356, 0.0], [0.0, 0.0, 0.0, 0.0]], ""R"": [[297.1876882067857, 0.0], [0.0, 297.1876882067857]], ""P"": [[907727.7084502813, 0.0, 0.0, 0.0], [0.0, 90772770.84502813, 0.0, 0.0], [0.0, 0.0, 907727.7084502813, 0.0], [0.0, 0.0, 0.0, 90772770.84502813]]}","[-1.917126156842636, -0.5876364240416131, 0.0]",False
3,P03,55adbc0f-f8c9-48ae-936c-320d5b186f90,23,1,haply,mpc,seeded_random,695680705,persist_session,10.0,18.299998331069947,677.338914415,0,1785928019.1821334,349,True,careful,adaptive,-0.08,-0.08,0.0,0.08,-0.08,0.0,0.069504171,-0.0760498799999999,0.0,0.039122146,-0.20330963,0.12059859,0.04503547,0.008100744,0.00028741063,"[-0.9787240404529578, 3.40390233291023, 0.0, 0.0, 0.0, 0.0, -7.373566159365594, 16.859537217410143]","[0.43257534734361003, -0.0046720907654533815, 0.0]","{""Controller Type"": ""MPC Controller"", ""weight_comfort"": 297.1876882067857, ""weight_trajectory"": 611359.9075273356, ""weight_goal"": 907727.7084502813, ""Q"": [[611359.9075273356, 0.0, 0.0, 0.0], [0.0, 0.0, 0.0, 0.0], [0.0, 0.0, 611359.9075273356, 0.0], [0.0, 0.0, 0.0, 0.0]], ""R"": [[297.1876882067857, 0.0], [0.0, 297.1876882067857]], ""P"": [[907727.7084502813, 0.0, 0.0, 0.0], [0.0, 90772770.84502813, 0.0, 0.0], [0.0, 0.0, 907727.7084502813, 0.0], [0.0, 0.0, 0.0, 90772770.84502813]]}","[-1.373400546277708, -0.5939405548501072, 0.0]",False
3,P03,55adbc0f-f8c9-48ae-936c-320d5b186f90,23,1,haply,mpc,seeded_random,695680705,persist_session,10.0,18.310037660598756,677.348961481,0,1785928019.1918948,350,True,careful,adaptive,-0.08,-0.08,0.0,0.08,-0.08,0.0,0.0705198089999999,-0.0760656799999999,0.0,0.039376028,-0.20326413,0.12059265,0.04278853,0.007631273,6.487043e-06,"[-0.9261217225187884, 3.3130077367741824, 0.0, 0.0, 0.0, 0.0, -7.3736396646943865, 16.859552923191234]","[0.31419627236504594, 0.003557678261714315, 0.0]","{""Controller Type"": ""MPC Controller"", ""weight_comfort"": 243.65207955560007, ""weight_trajectory"": 837375.1187912531, ""weight_goal"": 1244798.5712491164, ""Q"": [[837375.1187912531, 0.0, 0.0, 0.0], [0.0, 0.0, 0.0, 0.0], [0.0, 0.0, 837375.1187912531, 0.0], [0.0, 0.0, 0.0, 0.0]], ""R"": [[243.65207955560007, 0.0], [0.0, 243.65207955560007]], ""P"": [[1244798.5712491164, 0.0, 0.0, 0.0], [0.0, 124479857.12491165, 0.0, 0.0], [0.0, 0.0, 1244798.5712491164, 0.0], [0.0, 0.0, 0.0, 124479857.12491165]]}","[-1.5196605805900596, -0.5896471840270524, 0.0]",False
3,P03,55adbc0f-f8c9-48ae-936c-320d5b186f90,23,1,haply,mpc,seeded_random,695680705,persist_session,10.0,18.320084857940675,677.359009976,0,1785928019.2017903,351,True,careful,adaptive,-0.08,-0.08,0.0,0.08,-0.08,0.0,0.071281455,-0.0760775599999999,0.0,0.03971387,-0.2031759,0.12065339,0.040652696,0.0073746727,1.874971e-05,"[-0.9312825524902241, 3.321673508452628, 0.0, 0.0, 0.0, 0.0, -7.373620083027143, 16.85955000549195]","[0.33678160976495436, 0.0017207854100442649, 0.0]","{""Controller Type"": ""MPC Controller"", ""weight_comfort"": 243.65207955560007, ""weight_trajectory"": 837375.1187912531, ""weight_goal"": 1244798.5712491164, ""Q"": [[837375.1187912531, 0.0, 0.0, 0.0], [0.0, 0.0, 0.0, 0.0], [0.0, 0.0, 837375.1187912531, 0.0], [0.0, 0.0, 0.0, 0.0]], ""R"": [[243.65207955560007, 0.0], [0.0, 243.65207955560007]], ""P"": [[1244798.5712491164, 0.0, 0.0, 0.0], [0.0, 124479857.12491165, 0.0, 0.0], [0.0, 0.0, 1244798.5712491164, 0.0], [0.0, 0.0, 0.0, 124479857.12491165]]}","[-1.1182598713514738, -0.6182301325810904, 0.0]",False
3,P03,55adbc0f-f8c9-48ae-936c-320d5b186f90,23,1,haply,mpc,seeded_random,695680705,persist_session,10.0,18.33013849258423,677.369062653,0,1785928019.211808,352,True,careful,adaptive,-0.08,-0.08,0.0,0.08,-0.08,0.0,0.0722949809999999,-0.0759560799999999,0.0,0.040051535,-0.20308709,0.12071399,0.038834292,0.007220565,0.0001936657,"[-0.8962091483200949, 3.2604008206445596, 0.0, 0.0, 0.0, 0.0, -7.373680920453682, 16.85957287930847]","[0.24313430646919693, 0.008682262340855059, 0.0]","{""Controller Type"": ""MPC Controller"", ""weight_comfort"": 243.65207955560007, ""weight_trajectory"": 837375.1187912531, ""weight_goal"": 1244798.5712491164, ""Q"": [[837375.1187912531, 0.0, 0.0, 0.0], [0.0, 0.0, 0.0, 0.0], [0.0, 0.0, 837375.1187912531, 0.0], [0.0, 0.0, 0.0, 0.0]], ""R"": [[243.65207955560007, 0.0], [0.0, 243.65207955560007]], ""P"": [[1244798.5712491164, 0.0, 0.0, 0.0], [0.0, 124479857.12491165, 0.0, 0.0], [0.0, 0.0, 1244798.5712491164, 0.0], [0.0, 0.0, 0.0, 124479857.12491165]]}","[-1.587698111815982, -0.8790133981540648, 0.0]",False
3,P03,55adbc0f-f8c9-48ae-936c-320d5b186f90,23,1,haply,mpc,seeded_random,695680705,persist_session,10.0,18.34003643989563,677.378951851,0,1785928019.222289,353,True,careful,adaptive,-0.08,-0.08,0.0,0.08,-0.08,0.0,0.073307976,-0.07583488,0.0,0.040305123,-0.2030405,0.120707996,0.03741729,0.007121386,0.00038274523,"[-0.9316102167184455, 3.318360110902884, 0.0, 0.0, 0.0, 0.0, -7.383079532329245, 16.876033477386713]","[0.32855433888271957, 0.23450577078693435, 0.0]","{""Controller Type"": ""MPC Controller"", ""weight_comfort"": 243.65207955560007, ""weight_trajectory"": 837375.1187912531, ""weight_goal"": 1244798.5712491164, ""Q"": [[837375.1187912531, 0.0, 0.0, 0.0], [0.0, 0.0, 0.0, 0.0], [0.0, 0.0, 837375.1187912531, 0.0], [0.0, 0.0, 0.0, 0.0]], ""R"": [[243.65207955560007, 0.0], [0.0, 243.65207955560007]], ""P"": [[1244798.5712491164, 0.0, 0.0, 0.0], [0.0, 124479857.12491165, 0.0, 0.0], [0.0, 0.0, 1244798.5712491164, 0.0], [0.0, 0.0, 0.0, 124479857.12491165]]}","[-1.537613733479727, -0.8886033197022446, 0.0]",False
3,P03,55adbc0f-f8c9-48ae-936c-320d5b186f90,23,1,haply,mpc,seeded_random,695680705,persist_session,10.0,18.350031423568726,677.388957991,0,1785928019.2321534,354,True,careful,adaptive,-0.08,-0.08,0.0,0.08,-0.08,0.0,0.07406874,-0.0758468679999999,0.0,0.040558655,-0.20299357,0.120701976,0.0361186,0.0070140744,0.0005284479,"[-0.9193729062646574, 3.2985500918265465, 0.0, 0.0, 0.0, 0.0, -7.380738071137156, 16.871982593450845]","[0.3126435230891548, 0.22583893372900685, 0.0]","{""Controller Type"": ""MPC Controller"", ""weight_comfort"": 191.71933233967977, ""weight_trajectory"": 1056615.441102237, ""weight_goal"": 1571703.501222139, ""Q"": [[1056615.441102237, 0.0, 0.0, 0.0], [0.0, 0.0, 0.0, 0.0], [0.0, 0.0, 1056615.441102237, 0.0], [0.0, 0.0, 0.0, 0.0]], ""R"": [[191.71933233967977, 0.0], [0.0, 191.71933233967977]], ""P"": [[1571703.501222139, 0.0, 0.0, 0.0], [0.0, 157170350.1222139, 0.0, 0.0], [0.0, 0.0, 1571703.501222139, 0.0], [0.0, 0.0, 0.0, 157170350.1222139]]}","[-1.238337262970204, -0.6718517282452864, 0.0]",False
3,P03,55adbc0f-f8c9-48ae-936c-320d5b186f90,23,1,haply,mpc,seeded_random,695680705,persist_session,10.0,18.36005883216858,677.398987115,0,1785928019.242215,355,True,careful,adaptive,-0.08,-0.08,0.0,0.08,-0.08,0.0,0.074829336,-0.0758589079999999,0.0,0.04089593,-0.20290336,0.12076263,0.03484993,0.006893916,0.000652314,"[-0.8907589919553035, 3.2516433390544974, 0.0, 0.0, 0.0, 0.0, -7.37818889430756, 16.87096020352244]","[0.24549832251155598, 0.01013902516541974, 0.0]","{""Controller Type"": ""MPC Controller"", ""weight_comfort"": 191.71933233967977, ""weight_trajectory"": 1056615.441102237, ""weight_goal"": 1571703.501222139, ""Q"": [[1056615.441102237, 0.0, 0.0, 0.0], [0.0, 0.0, 0.0, 0.0], [0.0, 0.0, 1056615.441102237, 0.0], [0.0, 0.0, 0.0, 0.0]], ""R"": [[191.71933233967977, 0.0], [0.0, 191.71933233967977]], ""P"": [[1571703.501222139, 0.0, 0.0, 0.0], [0.0, 157170350.1222139, 0.0, 0.0], [0.0, 0.0, 1571703.501222139, 0.0], [0.0, 0.0, 0.0, 157170350.1222139]]}","[-1.2325838799052362, -0.6701814248960528, 0.0]",False
3,P03,55adbc0f-f8c9-48ae-936c-320d5b186f90,23,1,haply,mpc,seeded_random,695680705,persist_session,10.0,18.370069789886475,677.409000336,0,1785928019.252009,356,True,careful,adaptive,-0.08,-0.08,0.0,0.08,-0.08,0.0,0.0758411609999999,-0.0757375999999999,0.0,0.041148603,-0.20282854,0.120825134,0.03373949,0.006802004,0.0007987685,"[-0.8857110493556221, 3.243482927113402, 0.0, 0.0, 0.0, 0.0, -7.378172247641614, 16.870953414618015]","[0.24061032085497364, 0.010365226170751696, 0.0]","{""Controller Type"": ""MPC Controller"", ""weight_comfort"": 139.3946078107092, ""weight_trajectory"": 1277432.4809556725, ""weight_goal"": 1901338.8046252832, ""Q"": [[1277432.4809556725, 0.0, 0.0, 0.0], [0.0, 0.0, 0.0, 0.0], [0.0, 0.0, 1277432.4809556725, 0.0], [0.0, 0.0, 0.0, 0.0]], ""R"": [[139.3946078107092, 0.0], [0.0, 139.3946078107092]], ""P"": [[1901338.8046252832, 0.0, 0.0, 0.0], [0.0, 190133880.46252832, 0.0, 0.0], [0.0, 0.0, 1901338.8046252832, 0.0], [0.0, 0.0, 0.0, 190133880.46252832]]}","[-1.7695667816725495, -0.9391024207041792, 0.0]",False
3,P03,55adbc0f-f8c9-48ae-936c-320d5b186f90,23,1,haply,mpc,seeded_random,695680705,persist_session,10.0,18.379968690872193,677.418896114,0,1785928019.2618308,357,True,careful,adaptive,-0.08,-0.08,0.0,0.08,-0.08,0.0,0.0765991799999999,-0.0756125919999999,0.0,0.041317474,-0.20279661,0.12082109,0.032518674,0.006678568,0.0009463423,"[-0.9323377424108772, 3.3156307595796033, 0.0, 0.0, 0.0, 0.0, -7.388341886719407, 16.888676855747903]","[0.3386628051079618, 0.2406744535016172, 0.0]","{""Controller Type"": ""MPC Controller"", ""weight_comfort"": 139.3946078107092, ""weight_trajectory"": 1277432.4809556725, ""weight_goal"": 1901338.8046252832, ""Q"": [[1277432.4809556725, 0.0, 0.0, 0.0], [0.0, 0.0, 0.0, 0.0], [0.0, 0.0, 1277432.4809556725, 0.0], [0.0, 0.0, 0.0, 0.0]], ""R"": [[139.3946078107092, 0.0], [0.0, 139.3946078107092]], ""P"": [[1901338.8046252832, 0.0, 0.0, 0.0], [0.0, 190133880.46252832, 0.0, 0.0], [0.0, 0.0, 1901338.8046252832, 0.0], [0.0, 0.0, 0.0, 190133880.46252832]]}","[-1.331542703825142, -0.9812756264445411, 0.0]",False
3,P03,55adbc0f-f8c9-48ae-936c-320d5b186f90,23,1,haply,mpc,seeded_random,695680705,persist_session,10.0,18.390068817138673,677.428996259,0,1785928019.2717938,358,True,careful,adaptive,-0.08,-0.08,0.0,0.08,-0.08,0.0,0.0771057929999999,-0.0756206799999999,0.0,0.041401885,-0.2027806,0.12081906,0.030766929,0.0064383093,0.0010945436,"[-0.8920851046623992, 3.2529878566943555, 0.0, 0.0, 0.0, 0.0, -7.386401557148106, 16.88529620192401]","[0.24802031984407377, 0.2473145451760007, 0.0]","{""Controller Type"": ""MPC Controller"", ""weight_comfort"": 139.3946078107092, ""weight_trajectory"": 1277432.4809556725, ""weight_goal"": 1901338.8046252832, ""Q"": [[1277432.4809556725, 0.0, 0.0, 0.0], [0.0, 0.0, 0.0, 0.0], [0.0, 0.0, 1277432.4809556725, 0.0], [0.0, 0.0, 0.0, 0.0]], ""R"": [[139.3946078107092, 0.0], [0.0, 139.3946078107092]], ""P"": [[1901338.8046252832, 0.0, 0.0, 0.0], [0.0, 190133880.46252832, 0.0, 0.0], [0.0, 0.0, 1901338.8046252832, 0.0], [0.0, 0.0, 0.0, 190133880.46252832]]}","[-0.8592333023818691, -0.7297964364802368, 0.0]",False
3,P03,55adbc0f-f8c9-48ae-936c-320d5b186f90,23,1,haply,mpc,seeded_random,695680705,persist_session,10.0,18.399984407424927,677.438909642,0,1785928019.281783,359,True,careful,adaptive,-0.08,-0.08,0.0,0.08,-0.08,0.0,0.077359026,-0.0756247399999999,0.0,0.041570716,-0.20274848,0.12081502,0.028939255,0.0063622943,0.0017187272,"[-0.8672699058610565, 3.213595345093475, 0.0, 0.0, 0.0, 0.0, -7.383228241241204, 16.8834582268196]","[0.16089889087094345, 0.018627514641854, 0.0]","{""Controller Type"": ""MPC Controller"", ""weight_comfort"": 105.59470040551942, ""weight_trajectory"": 1420070.0641052616, ""weight_goal"": 2114102.9640118247, ""Q"": [[1420070.0641052616, 0.0, 0.0, 0.0], [0.0, 0.0, 0.0, 0.0], [0.0, 0.0, 1420070.0641052616, 0.0], [0.0, 0.0, 0.0, 0.0]], ""R"": [[105.59470040551942, 0.0], [0.0, 105.59470040551942]], ""P"": [[2114102.9640118247, 0.0, 0.0, 0.0], [0.0, 211410296.40118247, 0.0, 0.0], [0.0, 0.0, 2114102.9640118247, 0.0], [0.0, 0.0, 0.0, 211410296.40118247]]}","[-0.3952166072297379, -0.7365940200282103, 0.0]",False
3,P03,55adbc0f-f8c9-48ae-936c-320d5b186f90,23,1,haply,mpc,seeded_random,695680705,persist_session,10.0,18.410005855560303,677.448923288,0,1785928019.2917373,360,True,careful,adaptive,-0.08,-0.08,0.0,0.08,-0.08,0.0,0.077865519,-0.0756328199999999,0.0,0.0419083,-0.20268384,0.12080688,0.02704467,0.005979512,0.0016043928,"[-0.856909399431543, 3.195776264873441, 0.0, 0.0, 0.0, 0.0, -7.38326620720573, 16.883485028193245]","[0.07875152213914845, 0.025441645644513403, 0.0]","{""Controller Type"": ""MPC Controller"", ""weight_comfort"": 105.59470040551942, ""weight_trajectory"": 1420070.0641052616, ""weight_goal"": 2114102.9640118247, ""Q"": [[1420070.0641052616, 0.0, 0.0, 0.0], [0.0, 0.0, 0.0, 0.0], [0.0, 0.0, 1420070.0641052616, 0.0], [0.0, 0.0, 0.0, 0.0]], ""R"": [[105.59470040551942, 0.0], [0.0, 105.59470040551942]], ""P"": [[2114102.9640118247, 0.0, 0.0, 0.0], [0.0, 211410296.40118247, 0.0, 0.0], [0.0, 0.0, 2114102.9640118247, 0.0], [0.0, 0.0, 0.0, 211410296.40118247]]}","[-0.8869869546339237, -0.7342982457443626, 0.0]",False
3,P03,55adbc0f-f8c9-48ae-936c-320d5b186f90,23,1,haply,mpc,seeded_random,695680705,persist_session,10.0,18.4199848651886,677.458913189,0,1785928019.301718,361,True,careful,adaptive,-0.08,-0.08,0.0,0.08,-0.08,0.0,0.078878271,-0.0756490999999999,0.0,0.04216141,-0.20263498,0.12080078,0.026062557,0.0055739917,0.0009846668,"[-0.8789434360370271, 3.229956099182982, 0.0, 0.0, 0.0, 0.0, -7.383129887734068, 16.883406173468668]","[0.1624714072532372, 0.018538917521278654, 0.0]","{""Controller Type"": ""MPC Controller"", ""weight_comfort"": 105.59470040551942, ""weight_trajectory"": 1420070.0641052616, ""weight_goal"": 2114102.9640118247, ""Q"": [[1420070.0641052616, 0.0, 0.0, 0.0], [0.0, 0.0, 0.0, 0.0], [0.0, 0.0, 1420070.0641052616, 0.0], [0.0, 0.0, 0.0, 0.0]], ""R"": [[105.59470040551942, 0.0], [0.0, 105.59470040551942]], ""P"": [[2114102.9640118247, 0.0, 0.0, 0.0], [0.0, 211410296.40118247, 0.0, 0.0], [0.0, 0.0, 2114102.9640118247, 0.0], [0.0, 0.0, 0.0, 211410296.40118247]]}","[-1.8529983697221495, -0.7162977334337488, 0.0]",False
3,P03,55adbc0f-f8c9-48ae-936c-320d5b186f90,23,1,haply,mpc,seeded_random,695680705,persist_session,10.0,18.429951238632203,677.468868017,0,1785928019.3118255,362,True,careful,adaptive,-0.08,-0.08,0.0,0.08,-0.08,0.0,0.079637601,-0.0756612999999999,0.0,0.042245783,-0.20261863,0.12079873,0.025326243,0.0052811787,0.0005382114,"[-0.9713598380180043, 3.36706353622353, 0.0, 0.0, 0.0, 0.0, -7.382967063699034, 16.88336813175444]","[0.34057056724741025, 0.004583218116879385, 0.0]","{""Controller Type"": ""MPC Controller"", ""weight_comfort"": 105.59470040551942, ""weight_trajectory"": 1420070.0641052616, ""weight_goal"": 2114102.9640118247, ""Q"": [[1420070.0641052616, 0.0, 0.0, 0.0], [0.0, 0.0, 0.0, 0.0], [0.0, 0.0, 1420070.0641052616, 0.0], [0.0, 0.0, 0.0, 0.0]], ""R"": [[105.59470040551942, 0.0], [0.0, 105.59470040551942]], ""P"": [[2114102.9640118247, 0.0, 0.0, 0.0], [0.0, 211410296.40118247, 0.0, 0.0], [0.0, 0.0, 2114102.9640118247, 0.0], [0.0, 0.0, 0.0, 211410296.40118247]]}","[-1.384452526268071, -0.7220753077355245, 0.0]",False
3,P03,55adbc0f-f8c9-48ae-936c-320d5b186f90,23,1,haply,mpc,seeded_random,695680705,persist_session,10.0,18.43993501663208,677.47886154,0,1785928019.321705,363,True,careful,adaptive,-0.08,-0.08,0.0,0.08,-0.08,0.0,0.07989072,-0.0756653999999999,0.0,0.042414483,-0.20258583,0.12079465,0.02403115,0.004931222,0.00025435706,"[-0.9295968710656553, 3.3056327206163325, 0.0, 0.0, 0.0, 0.0, -7.383030326134316, 16.88339515567368]","[0.2479996781518328, 0.011654117067315423, 0.0]","{""Controller Type"": ""MPC Controller"", ""weight_comfort"": 51.6098913761209, ""weight_trajectory"": 1648242.6677840897, ""weight_goal"": 2453810.692959097, ""Q"": [[1648242.6677840897, 0.0, 0.0, 0.0], [0.0, 0.0, 0.0, 0.0], [0.0, 0.0, 1648242.6677840897, 0.0], [0.0, 0.0, 0.0, 0.0]], ""R"": [[51.6098913761209, 0.0], [0.0, 51.6098913761209]], ""P"": [[2453810.692959097, 0.0, 0.0, 0.0], [0.0, 245381069.29590973, 0.0, 0.0], [0.0, 0.0, 2453810.692959097, 0.0], [0.0, 0.0, 0.0, 245381069.29590973]]}","[-0.47550503737796335, -0.7446344273946899, 0.0]",False
3,P03,55adbc0f-f8c9-48ae-936c-320d5b186f90,23,1,haply,mpc,seeded_random,695680705,persist_session,10.0,18.45009903907776,677.489020658,0,1785928019.331971,364,True,careful,adaptive,-0.08,-0.08,0.0,0.08,-0.08,0.0,0.08039682,-0.0756735599999999,0.0,0.042667467,-0.20253634,0.1207885,0.02279019,0.0046218364,4.7102723e-05,"[-0.9041657935768578, 3.2682535988259116, 0.0, 0.0, 0.0, 0.0, -7.383167604097827, 16.883491572622194]","[0.08363312864175892, 0.02499664873591561, 0.0]","{""Controller Type"": ""MPC Controller"", ""weight_comfort"": 51.6098913761209, ""weight_trajectory"": 1648242.6677840897, ""weight_goal"": 2453810.692959097, ""Q"": [[1648242.6677840897, 0.0, 0.0, 0.0], [0.0, 0.0, 0.0, 0.0], [0.0, 0.0, 1648242.6677840897, 0.0], [0.0, 0.0, 0.0, 0.0]], ""R"": [[51.6098913761209, 0.0], [0.0, 51.6098913761209]], ""P"": [[2453810.692959097, 0.0, 0.0, 0.0], [0.0, 245381069.29590973, 0.0, 0.0], [0.0, 0.0, 2453810.692959097, 0.0], [0.0, 0.0, 0.0, 245381069.29590973]]}","[-0.9892983185053317, -0.7361254609295498, 0.0]",False
3,P03,55adbc0f-f8c9-48ae-936c-320d5b186f90,23,1,haply,mpc,seeded_random,695680705,persist_session,10.0,18.46003441810608,677.498959973,0,1785928019.3417642,365,True,careful,adaptive,-0.08,-0.08,0.0,0.08,-0.08,0.0,0.0811557719999999,-0.07568586,0.0,0.042836104,-0.20250322,0.120784394,0.022063384,0.0044394755,-0.000103189464,"[-0.9252963152437407, 3.298803469356627, 0.0, 0.0, 0.0, 0.0, -7.3830402803353525, 16.883417515292184]","[0.1630002675520411, 0.018521843819836986, 0.0]","{""Controller Type"": ""MPC Controller"", ""weight_comfort"": 44.12191985589502, ""weight_trajectory"": 1679695.0891317953, ""weight_goal"": 2501000.0, ""Q"": [[1679695.0891317953, 0.0, 0.0, 0.0], [0.0, 0.0, 0.0, 0.0], [0.0, 0.0, 1679695.0891317953, 0.0], [0.0, 0.0, 0.0, 0.0]], ""R"": [[44.12191985589502, 0.0], [0.0, 44.12191985589502]], ""P"": [[2501000.0, 0.0, 0.0, 0.0], [0.0, 250100000.0, 0.0, 0.0], [0.0, 0.0, 2501000.0, 0.0], [0.0, 0.0, 0.0, 250100000.0]]}","[-1.6474511606910494, -0.7253824286538674, 0.0]",False
3,P03,55adbc0f-f8c9-48ae-936c-320d5b186f90,23,1,haply,mpc,seeded_random,695680705,persist_session,10.0,18.469998407363892,677.508915979,0,1785928019.3522837,366,True,careful,adaptive,-0.08,-0.08,0.0,0.08,-0.08,0.0,0.0816616829999999,-0.0756940719999999,0.0,0.04300471,-0.20246992,0.12078028,0.021518007,0.004308433,-0.00021399338,"[-0.9664251889542672, 3.3577354049224666, 0.0, 0.0, 0.0, 0.0, -7.382921744946997, 16.883369673772652]","[0.26133209390900297, 0.01064606915311448, 0.0]","{""Controller Type"": ""MPC Controller"", ""weight_comfort"": 44.12191985589502, ""weight_trajectory"": 1679695.0891317953, ""weight_goal"": 2501000.0, ""Q"": [[1679695.0891317953, 0.0, 0.0, 0.0], [0.0, 0.0, 0.0, 0.0], [0.0, 0.0, 1679695.0891317953, 0.0], [0.0, 0.0, 0.0, 0.0]], ""R"": [[44.12191985589502, 0.0], [0.0, 44.12191985589502]], ""P"": [[2501000.0, 0.0, 0.0, 0.0], [0.0, 250100000.0, 0.0, 0.0], [0.0, 0.0, 2501000.0, 0.0], [0.0, 0.0, 0.0, 250100000.0]]}","[-1.1873665465798644, -0.7338573706123145, 0.0]",False
3,P03,55adbc0f-f8c9-48ae-936c-320d5b186f90,23,1,haply,mpc,seeded_random,695680705,persist_session,10.0,18.480004358291627,677.518926634,0,1785928019.361723,367,True,careful,adaptive,-0.08,-0.08,0.0,0.08,-0.08,0.0,0.082167501,-0.0757022999999999,0.0,0.04309462,-0.20251366,0.12082035,0.02108782,0.0041663973,-0.00025805656,"[-0.9365071521551271, 3.3159180763133107, 0.0, 0.0, 0.0, 0.0, -7.38298264851956, 16.883405317637525]","[0.16103112706539055, 0.018610344839517172, 0.0]","{""Controller Type"": ""MPC Controller"", ""weight_comfort"": 44.12191985589502, ""weight_trajectory"": 1679695.0891317953, ""weight_goal"": 2501000.0, ""Q"": [[1679695.0891317953, 0.0, 0.0, 0.0], [0.0, 0.0, 0.0, 0.0], [0.0, 0.0, 1679695.0891317953, 0.0], [0.0, 0.0, 0.0, 0.0]], ""R"": [[44.12191985589502, 0.0], [0.0, 44.12191985589502]], ""P"": [[2501000.0, 0.0, 0.0, 0.0], [0.0, 250100000.0, 0.0, 0.0], [0.0, 0.0, 2501000.0, 0.0], [0.0, 0.0, 0.0, 250100000.0]]}","[-1.377887526616078, -0.730727115551403, 0.0]",False
3,P03,55adbc0f-f8c9-48ae-936c-320d5b186f90,23,1,haply,mpc,seeded_random,695680705,persist_session,10.0,18.489926862716676,677.528863768,0,1785928019.371905,368,True,careful,adaptive,-0.08,-0.08,0.0,0.08,-0.08,0.0,0.082437231,-0.0756221599999999,0.0,0.043178946,-0.20249693,0.12081829,0.020108398,0.003889989,-0.00024937786,"[-0.9410890381772805, 3.3222762532389996, 0.0, 0.0, 0.0, 0.0, -7.382922873020039, 16.883372278390382]","[0.18006542278323068, 0.017013039891767546, 0.0]","{""Controller Type"": ""MPC Controller"", ""weight_comfort"": 44.12191985589502, ""weight_trajectory"": 1679695.0891317953, ""weight_goal"": 2501000.0, ""Q"": [[1679695.0891317953, 0.0, 0.0, 0.0], [0.0, 0.0, 0.0, 0.0], [0.0, 0.0, 1679695.0891317953, 0.0], [0.0, 0.0, 0.0, 0.0]], ""R"": [[44.12191985589502, 0.0], [0.0, 44.12191985589502]], ""P"": [[2501000.0, 0.0, 0.0, 0.0], [0.0, 250100000.0, 0.0, 0.0], [0.0, 0.0, 2501000.0, 0.0], [0.0, 0.0, 0.0, 250100000.0]]}","[-0.918543398499625, -0.907986234129483, 0.0]",False
3,P03,55adbc0f-f8c9-48ae-936c-320d5b186f90,23,1,haply,mpc,seeded_random,695680705,persist_session,10.0,18.50007610321045,677.539003841,0,1785928019.3817444,369,True,careful,adaptive,-0.08,-0.08,0.0,0.08,-0.08,0.0,0.082690209,-0.0756262799999999,0.0,0.043263238,-0.20248015,0.12081623,0.019115271,0.003642262,-0.00023491097,"[-0.9240727278523067, 3.3000121601237606, 0.0, 0.0, 0.0, 0.0, -7.387600805766553, 16.89085268791667]","[0.08966909113287681, 0.1652804818840224, 0.0]","{""Controller Type"": ""MPC Controller"", ""weight_comfort"": 44.119619814420346, ""weight_trajectory"": 1679764.2283785238, ""weight_goal"": 2501000.0, ""Q"": [[1679764.2283785238, 0.0, 0.0, 0.0], [0.0, 0.0, 0.0, 0.0], [0.0, 0.0, 1679764.2283785238, 0.0], [0.0, 0.0, 0.0, 0.0]], ""R"": [[44.119619814420346, 0.0], [0.0, 44.119619814420346]], ""P"": [[2501000.0, 0.0, 0.0, 0.0], [0.0, 250100000.0, 0.0, 0.0], [0.0, 0.0, 2501000.0, 0.0], [0.0, 0.0, 0.0, 250100000.0]]}","[-0.9479752998198511, -0.7524031235241163, 0.0]",False
3,P03,55adbc0f-f8c9-48ae-936c-320d5b186f90,23,1,haply,mpc,seeded_random,695680705,persist_session,10.0,18.5100727558136,677.548989731,0,1785928019.3918428,370,True,careful,adaptive,-0.08,-0.08,0.0,0.08,-0.08,0.0,0.082943085,-0.0756303999999999,0.0,0.043263238,-0.20248015,0.12081623,0.019115271,0.003642262,-0.00023491097,"[-0.9230511803346089, 3.2986932680990018, 0.0, 0.0, 0.0, 0.0, -7.385409362456963, 16.889313655323598]","[0.08729790868394616, 0.025229493648991907, 0.0]","{""Controller Type"": ""MPC Controller"", ""weight_comfort"": 44.119619814420346, ""weight_trajectory"": 1679764.2283785238, ""weight_goal"": 2501000.0, ""Q"": [[1679764.2283785238, 0.0, 0.0, 0.0], [0.0, 0.0, 0.0, 0.0], [0.0, 0.0, 1679764.2283785238, 0.0], [0.0, 0.0, 0.0, 0.0]], ""R"": [[44.119619814420346, 0.0], [0.0, 44.119619814420346]], ""P"": [[2501000.0, 0.0, 0.0, 0.0], [0.0, 250100000.0, 0.0, 0.0], [0.0, 0.0, 2501000.0, 0.0], [0.0, 0.0, 0.0, 250100000.0]]}","[-0.9794013938644147, -0.751887955863247, 0.0]",False
3,P03,55adbc0f-f8c9-48ae-936c-320d5b186f90,23,1,haply,mpc,seeded_random,695680705,persist_session,10.0,18.519982624053956,677.558910162,0,1785928019.401705,371,True,careful,adaptive,-0.08,-0.08,0.0,0.08,-0.08,0.0,0.0837017489999999,-0.0756428119999999,0.0,0.043684673,-0.20239583,0.12080589,0.017277976,0.0032594495,-0.00023205846,"[-0.9221238513924745, 3.297511751096586, 0.0, 0.0, 0.0, 0.0, -7.385347821258527, 16.88927025118267]","[0.08528705364584838, 0.025380478887773984, 0.0]","{""Controller Type"": ""MPC Controller"", ""weight_comfort"": 44.11853455312069, ""weight_trajectory"": 1679796.851333192, ""weight_goal"": 2501000.0, ""Q"": [[1679796.851333192, 0.0, 0.0, 0.0], [0.0, 0.0, 0.0, 0.0], [0.0, 0.0, 1679796.851333192, 0.0], [0.0, 0.0, 0.0, 0.0]], ""R"": [[44.11853455312069, 0.0], [0.0, 44.11853455312069]], ""P"": [[2501000.0, 0.0, 0.0, 0.0], [0.0, 250100000.0, 0.0, 0.0], [0.0, 0.0, 2501000.0, 0.0], [0.0, 0.0, 0.0, 250100000.0]]}","[-2.080650184657112, -0.7338394439703807, 0.0]",False
3,P03,55adbc0f-f8c9-48ae-936c-320d5b186f90,23,1,haply,mpc,seeded_random,695680705,persist_session,10.0,18.530032682418824,677.568924408,0,1785928019.4118488,372,True,careful,adaptive,-0.08,-0.08,0.0,0.08,-0.08,0.0,0.08420739,-0.0756510799999999,0.0,0.043684673,-0.20239583,0.12080589,0.017277976,0.0032594495,-0.00023205846,"[-1.0052925050715975, 3.411866930963308, 0.0, 0.0, 0.0, 0.0, -7.385144620721157, 16.889187397244612]","[0.266184551071913, 0.010922666342799394, 0.0]","{""Controller Type"": ""MPC Controller"", ""weight_comfort"": 44.11853455312069, ""weight_trajectory"": 1679796.851333192, ""weight_goal"": 2501000.0, ""Q"": [[1679796.851333192, 0.0, 0.0, 0.0], [0.0, 0.0, 0.0, 0.0], [0.0, 0.0, 1679796.851333192, 0.0], [0.0, 0.0, 0.0, 0.0]], ""R"": [[44.11853455312069, 0.0], [0.0, 44.11853455312069]], ""P"": [[2501000.0, 0.0, 0.0, 0.0], [0.0, 250100000.0, 0.0, 0.0], [0.0, 0.0, 2501000.0, 0.0], [0.0, 0.0, 0.0, 250100000.0]]}","[-1.6626198494317188, -0.7406877978434432, 0.0]",False
3,P03,55adbc0f-f8c9-48ae-936c-320d5b186f90,23,1,haply,mpc,seeded_random,695680705,persist_session,10.0,18.539988327026368,677.578914146,0,1785928019.421674,373,True,careful,adaptive,-0.08,-0.08,0.0,0.08,-0.08,0.0,0.084460131,-0.0756552199999999,0.0,0.04376892,-0.2023789,0.12080382,0.016555198,0.0032220578,-0.0003081655,"[-0.9725940451980156, 3.3687339484519865, 0.0, 0.0, 0.0, 0.0, -7.385203339801172, 16.889221223602817]","[0.17201507439018024, 0.018351547696209038, 0.0]","{""Controller Type"": ""MPC Controller"", ""weight_comfort"": 44.11853455312069, ""weight_trajectory"": 1679796.851333192, ""weight_goal"": 2501000.0, ""Q"": [[1679796.851333192, 0.0, 0.0, 0.0], [0.0, 0.0, 0.0, 0.0], [0.0, 0.0, 1679796.851333192, 0.0], [0.0, 0.0, 0.0, 0.0]], ""R"": [[44.11853455312069, 0.0], [0.0, 44.11853455312069]], ""P"": [[2501000.0, 0.0, 0.0, 0.0], [0.0, 250100000.0, 0.0, 0.0], [0.0, 0.0, 2501000.0, 0.0], [0.0, 0.0, 0.0, 250100000.0]]}","[-1.255843411405008, -0.7473240644046896, 0.0]",False
3,P03,55adbc0f-f8c9-48ae-936c-320d5b186f90,23,1,haply,mpc,seeded_random,695680705,persist_session,10.0,18.550282049179078,677.58920063,0,1785928019.4318323,374,True,careful,adaptive,-0.08,-0.08,0.0,0.08,-0.08,0.0,0.084460131,-0.0756552199999999,0.0,0.04376892,-0.2023789,0.12080382,0.016555198,0.0032220578,-0.0003081655,"[-0.9551317557718025, 3.347641395062404, 0.0, 0.0, 0.0, 0.0, -7.385241335816775, 16.88924784824253]","[0.09037364718386562, 0.024970724492877912, 0.0]","{""Controller Type"": ""MPC Controller"", ""weight_comfort"": 44.113146272708455, ""weight_trajectory"": 1679958.8230423834, ""weight_goal"": 2501000.0, ""Q"": [[1679958.8230423834, 0.0, 0.0, 0.0], [0.0, 0.0, 0.0, 0.0], [0.0, 0.0, 1679958.8230423834, 0.0], [0.0, 0.0, 0.0, 0.0]], ""R"": [[44.113146272708455, 0.0], [0.0, 44.113146272708455]], ""P"": [[2501000.0, 0.0, 0.0, 0.0], [0.0, 250100000.0, 0.0, 0.0], [0.0, 0.0, 2501000.0, 0.0], [0.0, 0.0, 0.0, 250100000.0]]}","[-0.7752464018823535, -0.755196440838503, 0.0]",False
3,P03,55adbc0f-f8c9-48ae-936c-320d5b186f90,23,1,haply,mpc,seeded_random,695680705,persist_session,10.0,18.56029348373413,677.599208314,0,1785928019.4417524,375,True,careful,adaptive,-0.08,-0.08,0.0,0.08,-0.08,0.0,0.084712863,-0.0756593799999999,0.0,0.04393743,-0.20234485,0.12079967,0.014406557,0.0028460748,-0.00030261485,"[-0.950579832116402, 3.3454115108641793, 0.0, 0.0, 0.0, 0.0, -7.385267018516982, 16.88926875390018]","[0.004239710577197153, 0.03208736043671247, 0.0]","{""Controller Type"": ""MPC Controller"", ""weight_comfort"": 44.113146272708455, ""weight_trajectory"": 1679958.8230423834, ""weight_goal"": 2501000.0, ""Q"": [[1679958.8230423834, 0.0, 0.0, 0.0], [0.0, 0.0, 0.0, 0.0], [0.0, 0.0, 1679958.8230423834, 0.0], [0.0, 0.0, 0.0, 0.0]], ""R"": [[44.113146272708455, 0.0], [0.0, 44.113146272708455]], ""P"": [[2501000.0, 0.0, 0.0, 0.0], [0.0, 250100000.0, 0.0, 0.0], [0.0, 0.0, 2501000.0, 0.0], [0.0, 0.0, 0.0, 250100000.0]]}","[-1.295160175519344, -0.7466398477567483, 0.0]",False
3,P03,55adbc0f-f8c9-48ae-936c-320d5b186f90,23,1,haply,mpc,seeded_random,695680705,persist_session,10.0,18.570134687423707,677.609058346,0,1785928019.4520185,376,True,careful,adaptive,-0.08,-0.08,0.0,0.08,-0.08,0.0,0.084965661,-0.0756635199999999,0.0,0.04393743,-0.20234485,0.12079967,0.014406557,0.0028460748,-0.00030261485,"[-0.9677383048346172, 3.3659254027098227, 0.0, 0.0, 0.0, 0.0, -7.3850975956779745, 16.889149956122225]","[0.09031351442524645, 0.024973441415703908, 0.0]","{""Controller Type"": ""MPC Controller"", ""weight_comfort"": 44.113146272708455, ""weight_trajectory"": 1679958.8230423834, ""weight_goal"": 2501000.0, ""Q"": [[1679958.8230423834, 0.0, 0.0, 0.0], [0.0, 0.0, 0.0, 0.0], [0.0, 0.0, 1679958.8230423834, 0.0], [0.0, 0.0, 0.0, 0.0]], ""R"": [[44.113146272708455, 0.0], [0.0, 44.113146272708455]], ""P"": [[2501000.0, 0.0, 0.0, 0.0], [0.0, 250100000.0, 0.0, 0.0], [0.0, 0.0, 2501000.0, 0.0], [0.0, 0.0, 0.0, 250100000.0]]}","[-1.3231812747557667, -0.7462206554076022, 0.0]",False
3,P03,55adbc0f-f8c9-48ae-936c-320d5b186f90,23,1,haply,mpc,seeded_random,695680705,persist_session,10.0,18.580006170272828,677.618934524,0,1785928019.461731,377,True,careful,adaptive,-0.08,-0.08,0.0,0.08,-0.08,0.0,0.0852183359999999,-0.0756676799999999,0.0,0.044021655,-0.20232779,0.12079759,0.0126034655,0.0025164054,-0.0002833331,"[-0.9665670300804958, 3.3645450056780195, 0.0, 0.0, 0.0, 0.0, -7.385037823548026, 16.889107771421514]","[0.08765029816451579, 0.025214192199473625, 0.0]","{""Controller Type"": ""MPC Controller"", ""weight_comfort"": 44.11151197396166, ""weight_trajectory"": 1680007.9500627122, ""weight_goal"": 2501000.0, ""Q"": [[1680007.9500627122, 0.0, 0.0, 0.0], [0.0, 0.0, 0.0, 0.0], [0.0, 0.0, 1680007.9500627122, 0.0], [0.0, 0.0, 0.0, 0.0]], ""R"": [[44.11151197396166, 0.0], [0.0, 44.11151197396166]], ""P"": [[2501000.0, 0.0, 0.0, 0.0], [0.0, 250100000.0, 0.0, 0.0], [0.0, 0.0, 2501000.0, 0.0], [0.0, 0.0, 0.0, 250100000.0]]}","[-1.393087474084424, -0.7450296476907885, 0.0]",False
3,P03,55adbc0f-f8c9-48ae-936c-320d5b186f90,23,1,haply,mpc,seeded_random,695680705,persist_session,10.0,18.590130853652955,677.629061401,0,1785928019.472188,378,True,careful,adaptive,-0.08,-0.08,0.0,0.08,-0.08,0.0,0.0852183359999999,-0.0756676799999999,0.0,0.044021655,-0.20232779,0.12079759,0.0126034655,0.0025164054,-0.0002833331,"[-0.9669338313203863, 3.3649776878210904, 0.0, 0.0, 0.0, 0.0, -7.3849690773200445, 16.889059764014572]","[0.09258755592415342, 0.024760196473993277, 0.0]","{""Controller Type"": ""MPC Controller"", ""weight_comfort"": 44.11151197396166, ""weight_trajectory"": 1680007.9500627122, ""weight_goal"": 2501000.0, ""Q"": [[1680007.9500627122, 0.0, 0.0, 0.0], [0.0, 0.0, 0.0, 0.0], [0.0, 0.0, 1680007.9500627122, 0.0], [0.0, 0.0, 0.0, 0.0]], ""R"": [[44.11151197396166, 0.0], [0.0, 44.11151197396166]], ""P"": [[2501000.0, 0.0, 0.0, 0.0], [0.0, 250100000.0, 0.0, 0.0], [0.0, 0.0, 2501000.0, 0.0], [0.0, 0.0, 0.0, 250100000.0]]}","[-0.9070372149699734, -0.7530322810373292, 0.0]",False
3,P03,55adbc0f-f8c9-48ae-936c-320d5b186f90,23,1,haply,mpc,seeded_random,695680705,persist_session,10.0,18.600001859664918,677.638926705,0,1785928019.4818485,379,True,careful,adaptive,-0.08,-0.08,0.0,0.08,-0.08,0.0,0.085471089,-0.0756718599999999,0.0,0.044105906,-0.20231067,0.1207955,0.010469631,0.0021045564,-0.00024423146,"[-0.9616807256326584, 3.3624056460177387, 0.0, 0.0, 0.0, 0.0, -7.38499361908758, 16.889079741038948]","[0.005018373151075014, 0.03199415555584561, 0.0]","{""Controller Type"": ""MPC Controller"", ""weight_comfort"": 44.11151197396166, ""weight_trajectory"": 1680007.9500627122, ""weight_goal"": 2501000.0, ""Q"": [[1680007.9500627122, 0.0, 0.0, 0.0], [0.0, 0.0, 0.0, 0.0], [0.0, 0.0, 1680007.9500627122, 0.0], [0.0, 0.0, 0.0, 0.0]], ""R"": [[44.11151197396166, 0.0], [0.0, 44.11151197396166]], ""P"": [[2501000.0, 0.0, 0.0, 0.0], [0.0, 250100000.0, 0.0, 0.0], [0.0, 0.0, 2501000.0, 0.0], [0.0, 0.0, 0.0, 250100000.0]]}","[-1.4397867963366462, -0.7442217294850897, 0.0]",False
3,P03,55adbc0f-f8c9-48ae-936c-320d5b186f90,23,1,haply,mpc,seeded_random,695680705,persist_session,10.0,18.610004949569703,677.648935662,0,1785928019.4918506,380,True,careful,adaptive,-0.08,-0.08,0.0,0.08,-0.08,0.0,0.085471089,-0.0756718599999999,0.0,0.04409997,-0.20225027,0.120753385,0.009375051,0.0018889247,-0.00022140266,"[-0.9810000647721709, 3.3850324173237687, 0.0, 0.0, 0.0, 0.0, -7.3848189882226745, 16.888958037731104]","[0.09393177369546137, 0.02465483694451744, 0.0]","{""Controller Type"": ""MPC Controller"", ""weight_comfort"": 44.11151197396166, ""weight_trajectory"": 1680007.9500627122, ""weight_goal"": 2501000.0, ""Q"": [[1680007.9500627122, 0.0, 0.0, 0.0], [0.0, 0.0, 0.0, 0.0], [0.0, 0.0, 1680007.9500627122, 0.0], [0.0, 0.0, 0.0, 0.0]], ""R"": [[44.11151197396166, 0.0], [0.0, 44.11151197396166]], ""P"": [[2501000.0, 0.0, 0.0, 0.0], [0.0, 250100000.0, 0.0, 0.0], [0.0, 0.0, 2501000.0, 0.0], [0.0, 0.0, 0.0, 250100000.0]]}","[-1.4397867963366462, -0.7442217294850897, 0.0]",False
3,P03,55adbc0f-f8c9-48ae-936c-320d5b186f90,23,1,haply,mpc,seeded_random,695680705,persist_session,10.0,18.619989919662476,677.658914717,0,1785928019.5016782,381,True,careful,adaptive,-0.08,-0.08,0.0,0.08,-0.08,0.0,0.0854532809999999,-0.0757560899999999,0.0,0.04409997,-0.20225027,0.120753385,0.008633884,0.001699487,-0.0001761352,"[-0.9751983876027701, 3.3821923163849386, 0.0, 0.0, 0.0, 0.0, -7.384849944197862, 16.88898323596344]","[0.00533539717123125, 0.0319626644374807, 0.0]","{""Controller Type"": ""MPC Controller"", ""weight_comfort"": 44.109970016713206, ""weight_trajectory"": 1680054.301297601, ""weight_goal"": 2501000.0, ""Q"": [[1680054.301297601, 0.0, 0.0, 0.0], [0.0, 0.0, 0.0, 0.0], [0.0, 0.0, 1680054.301297601, 0.0], [0.0, 0.0, 0.0, 0.0]], ""R"": [[44.109970016713206, 0.0], [0.0, 44.109970016713206]], ""P"": [[2501000.0, 0.0, 0.0, 0.0], [0.0, 250100000.0, 0.0, 0.0], [0.0, 0.0, 2501000.0, 0.0], [0.0, 0.0, 0.0, 250100000.0]]}","[-0.9140207230617081, -0.577537399017283, 0.0]",False
3,P03,55adbc0f-f8c9-48ae-936c-320d5b186f90,23,1,haply,mpc,seeded_random,695680705,persist_session,10.0,18.629991817474366,677.668916562,0,1785928019.511844,382,True,careful,adaptive,-0.08,-0.08,0.0,0.08,-0.08,0.0,0.0854532809999999,-0.0757560899999999,0.0,0.04418416,-0.20223314,0.12075131,0.006830209,0.0012959363,-0.00010585515,"[-0.9748589352004641, 3.38209029734456, 0.0, 0.0, 0.0, 0.0, -7.386163777537332, 16.894486067888806]","[-0.0008122930874916714, -0.11345216563876159, 0.0]","{""Controller Type"": ""MPC Controller"", ""weight_comfort"": 44.109970016713206, ""weight_trajectory"": 1680054.301297601, ""weight_goal"": 2501000.0, ""Q"": [[1680054.301297601, 0.0, 0.0, 0.0], [0.0, 0.0, 0.0, 0.0], [0.0, 0.0, 1680054.301297601, 0.0], [0.0, 0.0, 0.0, 0.0]], ""R"": [[44.109970016713206, 0.0], [0.0, 44.109970016713206]], ""P"": [[2501000.0, 0.0, 0.0, 0.0], [0.0, 250100000.0, 0.0, 0.0], [0.0, 0.0, 2501000.0, 0.0], [0.0, 0.0, 0.0, 250100000.0]]}","[-0.9140207230617081, -0.577537399017283, 0.0]",False
3,P03,55adbc0f-f8c9-48ae-936c-320d5b186f90,23,1,haply,mpc,seeded_random,695680705,persist_session,10.0,18.64060311317444,677.679525977,0,1785928019.5219743,383,True,careful,adaptive,-0.08,-0.08,0.0,0.08,-0.08,0.0,0.085705851,-0.0757602399999999,0.0,0.04418416,-0.20223314,0.12075131,0.005925141,0.0011331876,-9.762914e-05,"[-0.9752412168207921, 3.38227743666589, 0.0, 0.0, 0.0, 0.0, -7.3883491439213484, 16.896264926066998]","[0.0053182643981056965, 0.03135548881537948, 0.0]","{""Controller Type"": ""MPC Controller"", ""weight_comfort"": 44.109970016713206, ""weight_trajectory"": 1680054.301297601, ""weight_goal"": 2501000.0, ""Q"": [[1680054.301297601, 0.0, 0.0, 0.0], [0.0, 0.0, 0.0, 0.0], [0.0, 0.0, 1680054.301297601, 0.0], [0.0, 0.0, 0.0, 0.0]], ""R"": [[44.109970016713206, 0.0], [0.0, 44.109970016713206]], ""P"": [[2501000.0, 0.0, 0.0, 0.0], [0.0, 250100000.0, 0.0, 0.0], [0.0, 0.0, 2501000.0, 0.0], [0.0, 0.0, 0.0, 250100000.0]]}","[-1.4575806457933824, -0.7292904190701313, 0.0]",False
3,P03,55adbc0f-f8c9-48ae-936c-320d5b186f90,23,1,haply,mpc,seeded_random,695680705,persist_session,10.0,18.650134134292603,677.689063317,0,1785928019.5317798,384,True,careful,adaptive,-0.08,-0.08,0.0,0.08,-0.08,0.0,0.085705851,-0.0757602399999999,0.0,0.04417713,-0.20214559,0.12077786,0.0052795466,0.0010468701,-3.357052e-05,"[-0.9924700086621402, 3.4021333048315867, 0.0, 0.0, 0.0, 0.0, -7.3881883088019, 16.896152154780538]","[0.09048444768267973, 0.02440250407666275, 0.0]","{""Controller Type"": ""MPC Controller"", ""weight_comfort"": 44.105567352916864, ""weight_trajectory"": 1680186.6453713188, ""weight_goal"": 2501000.0, ""Q"": [[1680186.6453713188, 0.0, 0.0, 0.0], [0.0, 0.0, 0.0, 0.0], [0.0, 0.0, 1680186.6453713188, 0.0], [0.0, 0.0, 0.0, 0.0]], ""R"": [[44.105567352916864, 0.0], [0.0, 44.105567352916864]], ""P"": [[2501000.0, 0.0, 0.0, 0.0], [0.0, 250100000.0, 0.0, 0.0], [0.0, 0.0, 2501000.0, 0.0], [0.0, 0.0, 0.0, 250100000.0]]}","[-1.4575806457933824, -0.7292904190701313, 0.0]",False
3,P03,55adbc0f-f8c9-48ae-936c-320d5b186f90,23,1,haply,mpc,seeded_random,695680705,persist_session,10.0,18.65995936393738,677.698881034,0,1785928019.5417373,385,True,careful,adaptive,-0.08,-0.08,0.0,0.08,-0.08,0.0,0.085684761,-0.0757071399999999,0.0,0.04417713,-0.20214559,0.12077786,0.0048024827,0.0010699333,-3.7530197e-05,"[-0.9865649237867967, 3.3992430827135602, 0.0, 0.0, 0.0, 0.0, -7.388216481893947, 16.89617508732076]","[0.005629192456953816, 0.03132426471127485, 0.0]","{""Controller Type"": ""MPC Controller"", ""weight_comfort"": 44.105567352916864, ""weight_trajectory"": 1680186.6453713188, ""weight_goal"": 2501000.0, ""Q"": [[1680186.6453713188, 0.0, 0.0, 0.0], [0.0, 0.0, 0.0, 0.0], [0.0, 0.0, 1680186.6453713188, 0.0], [0.0, 0.0, 0.0, 0.0]], ""R"": [[44.105567352916864, 0.0], [0.0, 44.105567352916864]], ""P"": [[2501000.0, 0.0, 0.0, 0.0], [0.0, 250100000.0, 0.0, 0.0], [0.0, 0.0, 2501000.0, 0.0], [0.0, 0.0, 0.0, 250100000.0]]}","[-0.9485411100561829, -0.8458049697662363, 0.0]",False
3,P03,55adbc0f-f8c9-48ae-936c-320d5b186f90,23,1,haply,mpc,seeded_random,695680705,persist_session,10.0,18.67064814567566,677.709580307,0,1785928019.5519783,386,True,careful,adaptive,-0.08,-0.08,0.0,0.08,-0.08,0.0,0.085684761,-0.0757071399999999,0.0,0.04417713,-0.20214559,0.12077786,0.0040998715,0.0010264484,-4.0696832e-05,"[-0.9861660186972259, 3.3991344100304173, 0.0, 0.0, 0.0, 0.0, -7.390488918018883, 16.899534917832487]","[-0.001593216113655302, 0.12184540248604914, 0.0]","{""Controller Type"": ""MPC Controller"", ""weight_comfort"": 44.105567352916864, ""weight_trajectory"": 1680186.6453713188, ""weight_goal"": 2501000.0, ""Q"": [[1680186.6453713188, 0.0, 0.0, 0.0], [0.0, 0.0, 0.0, 0.0], [0.0, 0.0, 1680186.6453713188, 0.0], [0.0, 0.0, 0.0, 0.0]], ""R"": [[44.105567352916864, 0.0], [0.0, 44.105567352916864]], ""P"": [[2501000.0, 0.0, 0.0, 0.0], [0.0, 250100000.0, 0.0, 0.0], [0.0, 0.0, 2501000.0, 0.0], [0.0, 0.0, 0.0, 250100000.0]]}","[-0.9881117398571624, -0.7461747922957097, 0.0]",False
3,P03,55adbc0f-f8c9-48ae-936c-320d5b186f90,23,1,haply,mpc,seeded_random,695680705,persist_session,10.0,18.68004183769226,677.718971663,0,1785928019.5617328,387,True,careful,adaptive,-0.08,-0.08,0.0,0.08,-0.08,0.0,0.085684761,-0.0757071399999999,0.0,0.04417713,-0.20214559,0.12077786,0.0029487852,0.0008640923,-2.7107537e-05,"[-0.9866314641650015, 3.3993622214934036, 0.0, 0.0, 0.0, 0.0, -7.388978610851627, 16.89830559451709]","[0.005608764068858094, 0.03171985071938069, 0.0]","{""Controller Type"": ""MPC Controller"", ""weight_comfort"": 44.10328960581933, ""weight_trajectory"": 1680255.1144490705, ""weight_goal"": 2501000.0, ""Q"": [[1680255.1144490705, 0.0, 0.0, 0.0], [0.0, 0.0, 0.0, 0.0], [0.0, 0.0, 1680255.1144490705, 0.0], [0.0, 0.0, 0.0, 0.0]], ""R"": [[44.10328960581933, 0.0], [0.0, 44.10328960581933]], ""P"": [[2501000.0, 0.0, 0.0, 0.0], [0.0, 250100000.0, 0.0, 0.0], [0.0, 0.0, 2501000.0, 0.0], [0.0, 0.0, 0.0, 250100000.0]]}","[-0.988112420604481, -0.7461753063492087, 0.0]",False
3,P03,55adbc0f-f8c9-48ae-936c-320d5b186f90,23,1,haply,mpc,seeded_random,695680705,persist_session,10.0,18.689957666397095,677.728890672,0,1785928019.5718248,388,True,careful,adaptive,-0.08,-0.08,0.0,0.08,-0.08,0.0,0.085684761,-0.0757071399999999,0.0,0.044171177,-0.20208523,0.12073583,0.0020704658,0.00083969266,-0.00016104191,"[-0.9866184768487075, 3.399355864874358, 0.0, 0.0, 0.0, 0.0, -7.388891806517021, 16.898234939623357]","[0.005608690239068932, 0.03171947808052483, 0.0]","{""Controller Type"": ""MPC Controller"", ""weight_comfort"": 44.10328960581933, ""weight_trajectory"": 1680255.1144490705, ""weight_goal"": 2501000.0, ""Q"": [[1680255.1144490705, 0.0, 0.0, 0.0], [0.0, 0.0, 0.0, 0.0], [0.0, 0.0, 1680255.1144490705, 0.0], [0.0, 0.0, 0.0, 0.0]], ""R"": [[44.10328960581933, 0.0], [0.0, 44.10328960581933]], ""P"": [[2501000.0, 0.0, 0.0, 0.0], [0.0, 250100000.0, 0.0, 0.0], [0.0, 0.0, 2501000.0, 0.0], [0.0, 0.0, 0.0, 250100000.0]]}","[-0.9881124206044776, -0.7461753063492056, 0.0]",False
3,P03,55adbc0f-f8c9-48ae-936c-320d5b186f90,23,1,haply,mpc,seeded_random,695680705,persist_session,10.0,18.70041708946228,677.739333633,0,1785928019.5817478,389,True,careful,adaptive,-0.08,-0.08,0.0,0.08,-0.08,0.0,0.0856669019999999,-0.0757911999999999,0.0,0.044171177,-0.20208523,0.12073583,0.0014465934,0.0010450647,-0.00042258858,"[-0.9866054768745176, 3.3993495020599274, 0.0, 0.0, 0.0, 0.0, -7.3888049173337516, 16.898164215666558]","[0.005608616337322656, 0.03171910507742554, 0.0]","{""Controller Type"": ""MPC Controller"", ""weight_comfort"": 44.10328960581933, ""weight_trajectory"": 1680255.1144490705, ""weight_goal"": 2501000.0, ""Q"": [[1680255.1144490705, 0.0, 0.0, 0.0], [0.0, 0.0, 0.0, 0.0], [0.0, 0.0, 1680255.1144490705, 0.0], [0.0, 0.0, 0.0, 0.0]], ""R"": [[44.10328960581933, 0.0], [0.0, 44.10328960581933]], ""P"": [[2501000.0, 0.0, 0.0, 0.0], [0.0, 250100000.0, 0.0, 0.0], [0.0, 0.0, 2501000.0, 0.0], [0.0, 0.0, 0.0, 250100000.0]]}","[-0.9513830705757886, -0.5732950122379691, 0.0]",False
3,P03,55adbc0f-f8c9-48ae-936c-320d5b186f90,23,1,haply,mpc,seeded_random,695680705,persist_session,10.0,18.70994668006897,677.74888263,0,1785928019.591972,390,True,careful,adaptive,-0.08,-0.08,0.0,0.08,-0.08,0.0,0.0856669019999999,-0.0757911999999999,0.0,0.044171177,-0.20208523,0.12073583,0.0010077256,0.0011895354,-0.00060657575,"[-0.9862522271846695, 3.3992398741121037, 0.0, 0.0, 0.0, 0.0, -7.3900774712970465, 16.903517574488152]","[-0.0005288264589575174, -0.11209047147097796, 0.0]","{""Controller Type"": ""MPC Controller"", ""weight_comfort"": 44.1030495650203, ""weight_trajectory"": 1680262.3300754894, ""weight_goal"": 2501000.0, ""Q"": [[1680262.3300754894, 0.0, 0.0, 0.0], [0.0, 0.0, 0.0, 0.0], [0.0, 0.0, 1680262.3300754894, 0.0], [0.0, 0.0, 0.0, 0.0]], ""R"": [[44.1030495650203, 0.0], [0.0, 44.1030495650203]], ""P"": [[2501000.0, 0.0, 0.0, 0.0], [0.0, 250100000.0, 0.0, 0.0], [0.0, 0.0, 2501000.0, 0.0], [0.0, 0.0, 0.0, 250100000.0]]}","[-0.9850082808898368, -0.7315642387252705, 0.0]",False
3,P03,55adbc0f-f8c9-48ae-936c-320d5b186f90,23,1,haply,mpc,seeded_random,695680705,persist_session,10.0,18.71987681388855,677.758800971,0,1785928019.6020887,391,True,careful,adaptive,-0.08,-0.08,0.0,0.08,-0.08,0.0,0.0856669019999999,-0.0757911999999999,0.0,0.044171177,-0.20208523,0.12073583,0.0006665937,0.0013018326,-0.00074958877,"[-0.9866468121563704, 3.3994330036910094, 0.0, 0.0, 0.0, 0.0, -7.392223363112943, 16.90526420207011]","[0.005591230793102547, 0.03111238969066995, 0.0]","{""Controller Type"": ""MPC Controller"", ""weight_comfort"": 44.1030495650203, ""weight_trajectory"": 1680262.3300754894, ""weight_goal"": 2501000.0, ""Q"": [[1680262.3300754894, 0.0, 0.0, 0.0], [0.0, 0.0, 0.0, 0.0], [0.0, 0.0, 1680262.3300754894, 0.0], [0.0, 0.0, 0.0, 0.0]], ""R"": [[44.1030495650203, 0.0], [0.0, 44.1030495650203]], ""P"": [[2501000.0, 0.0, 0.0, 0.0], [0.0, 250100000.0, 0.0, 0.0], [0.0, 0.0, 2501000.0, 0.0], [0.0, 0.0, 0.0, 250100000.0]]}","[-0.9850082808898368, -0.7315642387252705, 0.0]",False
3,P03,55adbc0f-f8c9-48ae-936c-320d5b186f90,23,1,haply,mpc,seeded_random,695680705,persist_session,10.0,18.729970026016236,677.768898563,0,1785928019.6118307,392,True,careful,adaptive,-0.08,-0.08,0.0,0.08,-0.08,0.0,0.0856669019999999,-0.0757911999999999,0.0,0.044087045,-0.20210233,0.12073791,0.00044910537,0.0012057101,-0.00072732643,"[-0.9866338549904566, 3.3994266618073183, 0.0, 0.0, 0.0, 0.0, -7.392139556882547, 16.905195988811425]","[0.005591157366113117, 0.03111203696700746, 0.0]","{""Controller Type"": ""MPC Controller"", ""weight_comfort"": 44.101306468533494, ""weight_trajectory"": 1680314.7275558827, ""weight_goal"": 2501000.0, ""Q"": [[1680314.7275558827, 0.0, 0.0, 0.0], [0.0, 0.0, 0.0, 0.0], [0.0, 0.0, 1680314.7275558827, 0.0], [0.0, 0.0, 0.0, 0.0]], ""R"": [[44.101306468533494, 0.0], [0.0, 44.101306468533494]], ""P"": [[2501000.0, 0.0, 0.0, 0.0], [0.0, 250100000.0, 0.0, 0.0], [0.0, 0.0, 2501000.0, 0.0], [0.0, 0.0, 0.0, 250100000.0]]}","[-0.9850082807876126, -0.7315642386361156, 0.0]",False
3,P03,55adbc0f-f8c9-48ae-936c-320d5b186f90,23,1,haply,mpc,seeded_random,695680705,persist_session,10.0,18.740343379974366,677.779253325,0,1785928019.6221,393,True,careful,adaptive,-0.08,-0.08,0.0,0.08,-0.08,0.0,0.0854145059999999,-0.0757870399999999,0.0,0.04400288,-0.20211944,0.12073999,0.00018930354,0.0008476875,-0.00052472355,"[-0.9866208851952342, 3.399420313742213, 0.0, 0.0, 0.0, 0.0, -7.3920556686651, 16.90512770882018]","[0.005591083867554631, 0.03111168389827787, 0.0]","{""Controller Type"": ""MPC Controller"", ""weight_comfort"": 44.101306468533494, ""weight_trajectory"": 1680314.7275558827, ""weight_goal"": 2501000.0, ""Q"": [[1680314.7275558827, 0.0, 0.0, 0.0], [0.0, 0.0, 0.0, 0.0], [0.0, 0.0, 1680314.7275558827, 0.0], [0.0, 0.0, 0.0, 0.0]], ""R"": [[44.101306468533494, 0.0], [0.0, 44.101306468533494]], ""P"": [[2501000.0, 0.0, 0.0, 0.0], [0.0, 250100000.0, 0.0, 0.0], [0.0, 0.0, 2501000.0, 0.0], [0.0, 0.0, 0.0, 250100000.0]]}","[-0.4819541219251468, -0.7398559912920235, 0.0]",False
3,P03,55adbc0f-f8c9-48ae-936c-320d5b186f90,23,1,haply,mpc,seeded_random,695680705,persist_session,10.0,18.750292825698853,677.78918395,0,1785928019.631909,394,True,careful,adaptive,-0.08,-0.08,0.0,0.08,-0.08,0.0,0.085162011,-0.0757828799999999,0.0,0.043918736,-0.2021365,0.12074207,-0.0003186682,0.0005261493,-0.00037171616,"[-0.9928949653240474, 3.413594507657951, 0.0, 0.0, 0.0, 0.0, -7.392059908716973, 16.905131566778316]","[-0.07852149568288376, 0.03799049871764029, 0.0]","{""Controller Type"": ""MPC Controller"", ""weight_comfort"": 44.101306468533494, ""weight_trajectory"": 1680314.7275558827, ""weight_goal"": 2501000.0, ""Q"": [[1680314.7275558827, 0.0, 0.0, 0.0], [0.0, 0.0, 0.0, 0.0], [0.0, 0.0, 1680314.7275558827, 0.0], [0.0, 0.0, 0.0, 0.0]], ""R"": [[44.101306468533494, 0.0], [0.0, 44.101306468533494]], ""P"": [[2501000.0, 0.0, 0.0, 0.0], [0.0, 250100000.0, 0.0, 0.0], [0.0, 0.0, 2501000.0, 0.0], [0.0, 0.0, 0.0, 250100000.0]]}","[-0.41630224470651334, -0.7409346762279878, 0.0]",False
3,P03,55adbc0f-f8c9-48ae-936c-320d5b186f90,23,1,haply,mpc,seeded_random,695680705,persist_session,10.0,18.76022081375122,677.799138018,0,1785928019.6418748,395,True,careful,adaptive,-0.08,-0.08,0.0,0.08,-0.08,0.0,0.0849095789999999,-0.0757787199999999,0.0,0.043912854,-0.20207614,0.12070008,-0.0008867607,0.00054294866,-0.00045513138,"[-0.9930047991885835, 3.413829333470819, 0.0, 0.0, 0.0, 0.0, -7.391953300760289, 16.905034131364733]","[-0.08275413012305366, 0.038342520401074026, 0.0]","{""Controller Type"": ""MPC Controller"", ""weight_comfort"": 44.101306468533494, ""weight_trajectory"": 1680314.7275558827, ""weight_goal"": 2501000.0, ""Q"": [[1680314.7275558827, 0.0, 0.0, 0.0], [0.0, 0.0, 0.0, 0.0], [0.0, 0.0, 1680314.7275558827, 0.0], [0.0, 0.0, 0.0, 0.0]], ""R"": [[44.101306468533494, 0.0], [0.0, 44.101306468533494]], ""P"": [[2501000.0, 0.0, 0.0, 0.0], [0.0, 250100000.0, 0.0, 0.0], [0.0, 0.0, 2501000.0, 0.0], [0.0, 0.0, 0.0, 250100000.0]]}","[-0.38014838881547575, -0.7415324579832279, 0.0]",False
3,P03,55adbc0f-f8c9-48ae-936c-320d5b186f90,23,1,haply,mpc,seeded_random,695680705,persist_session,10.0,18.76996521949768,677.808897144,0,1785928019.6520555,396,True,careful,adaptive,-0.08,-0.08,0.0,0.08,-0.08,0.0,0.084891933,-0.0758626999999999,0.0,0.043828703,-0.20209315,0.12070216,-0.0012999756,0.0006214973,-0.0005606649,"[-0.9926266051476003, 3.4130348718548364, 0.0, 0.0, 0.0, 0.0, -7.391839202454216, 16.904930027337112]","[-0.08157530138061612, 0.03825937018202625, 0.0]","{""Controller Type"": ""MPC Controller"", ""weight_comfort"": 44.09740049606031, ""weight_trajectory"": 1680432.1410884268, ""weight_goal"": 2501000.0, ""Q"": [[1680432.1410884268, 0.0, 0.0, 0.0], [0.0, 0.0, 0.0, 0.0], [0.0, 0.0, 1680432.1410884268, 0.0], [0.0, 0.0, 0.0, 0.0]], ""R"": [[44.09740049606031, 0.0], [0.0, 44.09740049606031]], ""P"": [[2501000.0, 0.0, 0.0, 0.0], [0.0, 250100000.0, 0.0, 0.0], [0.0, 0.0, 2501000.0, 0.0], [0.0, 0.0, 0.0, 250100000.0]]}","[-0.8179233077183561, -0.56502166788136, 0.0]",False
3,P03,55adbc0f-f8c9-48ae-936c-320d5b186f90,23,1,haply,mpc,seeded_random,695680705,persist_session,10.0,18.779918479919434,677.818838137,0,1785928019.6619442,397,True,careful,adaptive,-0.08,-0.08,0.0,0.08,-0.08,0.0,0.0846394799999999,-0.0758585399999999,0.0,0.04374457,-0.20211014,0.12070423,-0.0016903304,0.00066195027,-0.0006361089,"[-0.9964798983844839, 3.4141340045211948, 0.0, 0.0, 0.0, 0.0, -7.39306953919692, 16.91016924840749]","[-0.0010429292215249448, -0.10890349145101325, 0.0]","{""Controller Type"": ""MPC Controller"", ""weight_comfort"": 44.09740049606031, ""weight_trajectory"": 1680432.1410884268, ""weight_goal"": 2501000.0, ""Q"": [[1680432.1410884268, 0.0, 0.0, 0.0], [0.0, 0.0, 0.0, 0.0], [0.0, 0.0, 1680432.1410884268, 0.0], [0.0, 0.0, 0.0, 0.0]], ""R"": [[44.09740049606031, 0.0], [0.0, 44.09740049606031]], ""P"": [[2501000.0, 0.0, 0.0, 0.0], [0.0, 250100000.0, 0.0, 0.0], [0.0, 0.0, 2501000.0, 0.0], [0.0, 0.0, 0.0, 250100000.0]]}","[-0.8179233077183561, -0.56502166788136, 0.0]",False
3,P03,55adbc0f-f8c9-48ae-936c-320d5b186f90,23,1,haply,mpc,seeded_random,695680705,persist_session,10.0,18.78998761177063,677.828918092,0,1785928019.6719716,398,True,careful,adaptive,-0.08,-0.08,0.0,0.08,-0.08,0.0,0.084387081,-0.0758543999999999,0.0,0.043660432,-0.2021271,0.120706305,-0.0030414679,0.00047211896,-0.00066130643,"[-1.0039862353260323, 3.429426508915526, 0.0, 0.0, 0.0, 0.0, -7.395491528507257, 16.912385046184514]","[-0.08289382514115858, 0.037742908275708385, 0.0]","{""Controller Type"": ""MPC Controller"", ""weight_comfort"": 44.094521389814936, ""weight_trajectory"": 1680518.6870221626, ""weight_goal"": 2501000.0, ""Q"": [[1680518.6870221626, 0.0, 0.0, 0.0], [0.0, 0.0, 0.0, 0.0], [0.0, 0.0, 1680518.6870221626, 0.0], [0.0, 0.0, 0.0, 0.0]], ""R"": [[44.094521389814936, 0.0], [0.0, 44.094521389814936]], ""P"": [[2501000.0, 0.0, 0.0, 0.0], [0.0, 250100000.0, 0.0, 0.0], [0.0, 0.0, 2501000.0, 0.0], [0.0, 0.0, 0.0, 250100000.0]]}","[-0.2922826879553203, -0.7282938599701714, 0.0]",False
3,P03,55adbc0f-f8c9-48ae-936c-320d5b186f90,23,1,haply,mpc,seeded_random,695680705,persist_session,10.0,18.79996590614319,677.838893159,0,1785928019.6819644,399,True,careful,adaptive,-0.08,-0.08,0.0,0.08,-0.08,0.0,0.084134667,-0.0758502499999999,0.0,0.04357047,-0.20208359,0.12066638,-0.004259248,0.00010010594,-0.00054600486,"[-1.0036020521490523, 3.428657862312142, 0.0, 0.0, 0.0, 0.0, -7.395380561376078, 16.912283728702675]","[-0.08189955518361228, 0.03764083693446624, 0.0]","{""Controller Type"": ""MPC Controller"", ""weight_comfort"": 44.094521389814936, ""weight_trajectory"": 1680518.6870221626, ""weight_goal"": 2501000.0, ""Q"": [[1680518.6870221626, 0.0, 0.0, 0.0], [0.0, 0.0, 0.0, 0.0], [0.0, 0.0, 1680518.6870221626, 0.0], [0.0, 0.0, 0.0, 0.0]], ""R"": [[44.094521389814936, 0.0], [0.0, 44.094521389814936]], ""P"": [[2501000.0, 0.0, 0.0, 0.0], [0.0, 250100000.0, 0.0, 0.0], [0.0, 0.0, 2501000.0, 0.0], [0.0, 0.0, 0.0, 250100000.0]]}","[-0.24675401540034808, -0.7290612188587209, 0.0]",False
3,P03,55adbc0f-f8c9-48ae-936c-320d5b186f90,23,1,haply,mpc,seeded_random,695680705,persist_session,10.0,18.81004981994629,677.848979165,0,1785928019.6921098,400,True,careful,adaptive,-0.08,-0.08,0.0,0.08,-0.08,0.0,0.083864781,-0.0759300999999999,0.0,0.04357047,-0.20208359,0.12066638,-0.005062179,4.565509e-05,-0.00060012494,"[-1.0033526383450144, 3.428171130925269, 0.0, 0.0, 0.0, 0.0, -7.395272086704577, 16.91218463844454]","[-0.08244532907718556, 0.03771211732587235, 0.0]","{""Controller Type"": ""MPC Controller"", ""weight_comfort"": 44.094521389814936, ""weight_trajectory"": 1680518.6870221626, ""weight_goal"": 2501000.0, ""Q"": [[1680518.6870221626, 0.0, 0.0, 0.0], [0.0, 0.0, 0.0, 0.0], [0.0, 0.0, 1680518.6870221626, 0.0], [0.0, 0.0, 0.0, 0.0]], ""R"": [[44.094521389814936, 0.0], [0.0, 44.094521389814936]], ""P"": [[2501000.0, 0.0, 0.0, 0.0], [0.0, 250100000.0, 0.0, 0.0], [0.0, 0.0, 2501000.0, 0.0], [0.0, 0.0, 0.0, 250100000.0]]}","[-0.1747654572172463, -0.560376388842611, 0.0]",False
3,P03,55adbc0f-f8c9-48ae-936c-320d5b186f90,23,1,haply,mpc,seeded_random,695680705,persist_session,10.0,18.82000641822815,677.858926735,0,1785928019.7019718,401,True,careful,adaptive,-0.08,-0.08,0.0,0.08,-0.08,0.0,0.083864781,-0.0759300999999999,0.0,0.04357047,-0.20208359,0.12066638,-0.0055716396,1.1766627e-06,-0.0006277086,"[-1.0035224124189257, 3.4284891608700256, 0.0, 0.0, 0.0, 0.0, -7.396348636831921, 16.916963438026347]","[-0.08732538991725904, -0.10304327220234466, 0.0]","{""Controller Type"": ""MPC Controller"", ""weight_comfort"": 44.094521389814936, ""weight_trajectory"": 1680518.6870221626, ""weight_goal"": 2501000.0, ""Q"": [[1680518.6870221626, 0.0, 0.0, 0.0], [0.0, 0.0, 0.0, 0.0], [0.0, 0.0, 1680518.6870221626, 0.0], [0.0, 0.0, 0.0, 0.0]], ""R"": [[44.094521389814936, 0.0], [0.0, 44.094521389814936]], ""P"": [[2501000.0, 0.0, 0.0, 0.0], [0.0, 250100000.0, 0.0, 0.0], [0.0, 0.0, 2501000.0, 0.0], [0.0, 0.0, 0.0, 250100000.0]]}","[-0.6717693579925927, -0.7074227768669171, 0.0]",False
3,P03,55adbc0f-f8c9-48ae-936c-320d5b186f90,23,1,haply,mpc,seeded_random,695680705,persist_session,10.0,18.830198097229005,677.869115778,0,1785928019.7121856,402,True,careful,adaptive,-0.08,-0.08,0.0,0.08,-0.08,0.0,0.083864781,-0.0759300999999999,0.0,0.043488327,-0.20215477,0.120531276,-0.005949539,-4.4489825e-05,-0.0006808655,"[-1.0078213503887612, 3.4305921074151433, 0.0, 0.0, 0.0, 0.0, -7.398368910810306, 16.918607748909018]","[0.0038950088063768244, 0.030110621630107078, 0.0]","{""Controller Type"": ""MPC Controller"", ""weight_comfort"": 44.092631727600306, ""weight_trajectory"": 1680575.4902683347, ""weight_goal"": 2501000.0, ""Q"": [[1680575.4902683347, 0.0, 0.0, 0.0], [0.0, 0.0, 0.0, 0.0], [0.0, 0.0, 1680575.4902683347, 0.0], [0.0, 0.0, 0.0, 0.0]], ""R"": [[44.092631727600306, 0.0], [0.0, 44.092631727600306]], ""P"": [[2501000.0, 0.0, 0.0, 0.0], [0.0, 250100000.0, 0.0, 0.0], [0.0, 0.0, 2501000.0, 0.0], [0.0, 0.0, 0.0, 250100000.0]]}","[-0.6717693579925927, -0.7074227768669171, 0.0]",False
3,P03,55adbc0f-f8c9-48ae-936c-320d5b186f90,23,1,haply,mpc,seeded_random,695680705,persist_session,10.0,18.840058612823487,677.878979318,0,1785928019.7222447,403,True,careful,adaptive,-0.08,-0.08,0.0,0.08,-0.08,0.0,0.0836183519999999,-0.0762003079999999,0.0,0.0434061,-0.20222583,0.12039606,-0.0059571224,-0.00017749146,-0.0008295786,"[-1.0078151276884384, 3.4305890634060794, 0.0, 0.0, 0.0, 0.0, -7.398289621273798, 16.918543214767038]","[0.003894984757002848, 0.030110298929622446, 0.0]","{""Controller Type"": ""MPC Controller"", ""weight_comfort"": 44.092631727600306, ""weight_trajectory"": 1680575.4902683347, ""weight_goal"": 2501000.0, ""Q"": [[1680575.4902683347, 0.0, 0.0, 0.0], [0.0, 0.0, 0.0, 0.0], [0.0, 0.0, 1680575.4902683347, 0.0], [0.0, 0.0, 0.0, 0.0]], ""R"": [[44.092631727600306, 0.0], [0.0, 44.092631727600306]], ""P"": [[2501000.0, 0.0, 0.0, 0.0], [0.0, 250100000.0, 0.0, 0.0], [0.0, 0.0, 2501000.0, 0.0], [0.0, 0.0, 0.0, 250100000.0]]}","[-0.17123498598075787, -0.15858966206770034, 0.0]",False
3,P03,55adbc0f-f8c9-48ae-936c-320d5b186f90,23,1,haply,mpc,seeded_random,695680705,persist_session,10.0,18.849946546554566,677.888880136,0,1785928019.731975,404,True,careful,adaptive,-0.08,-0.08,0.0,0.08,-0.08,0.0,0.083371671,-0.0764707399999999,0.0,0.043322884,-0.20226972,0.120329455,-0.006049869,-0.00062815443,-0.00091820146,"[-1.0159660175497456, 3.445937722433769, 0.0, 0.0, 0.0, 0.0, -7.424524007912217, 16.981871444726746]","[-0.08074270650760414, -0.42795606719746854, 0.0]","{""Controller Type"": ""MPC Controller"", ""weight_comfort"": 44.07368201880015, ""weight_trajectory"": 1681145.118514867, ""weight_goal"": 2501000.0, ""Q"": [[1681145.118514867, 0.0, 0.0, 0.0], [0.0, 0.0, 0.0, 0.0], [0.0, 0.0, 1681145.118514867, 0.0], [0.0, 0.0, 0.0, 0.0]], ""R"": [[44.07368201880015, 0.0], [0.0, 44.07368201880015]], ""P"": [[2501000.0, 0.0, 0.0, 0.0], [0.0, 250100000.0, 0.0, 0.0], [0.0, 0.0, 2501000.0, 0.0], [0.0, 0.0, 0.0, 250100000.0]]}","[-0.11240815386046618, -0.09419592093296328, 0.0]",False
3,P03,55adbc0f-f8c9-48ae-936c-320d5b186f90,23,1,haply,mpc,seeded_random,695680705,persist_session,10.0,18.86000280380249,677.898928861,0,1785928019.742272,405,True,careful,adaptive,-0.08,-0.08,0.0,0.08,-0.08,0.0,0.0831220229999999,-0.0766039499999999,0.0,0.043322884,-0.20226972,0.120329455,-0.006134942,-0.00096292555,-0.0010024367,"[-1.0159802161631248, 3.445963642219434, 0.0, 0.0, 0.0, 0.0, -7.4201969156598135, 16.97157202079231]","[-0.083935614168756, -0.4454973181097242, 0.0]","{""Controller Type"": ""MPC Controller"", ""weight_comfort"": 44.07368201880015, ""weight_trajectory"": 1681145.118514867, ""weight_goal"": 2501000.0, ""Q"": [[1681145.118514867, 0.0, 0.0, 0.0], [0.0, 0.0, 0.0, 0.0], [0.0, 0.0, 1681145.118514867, 0.0], [0.0, 0.0, 0.0, 0.0]], ""R"": [[44.07368201880015, 0.0], [0.0, 44.07368201880015]], ""P"": [[2501000.0, 0.0, 0.0, 0.0], [0.0, 250100000.0, 0.0, 0.0], [0.0, 0.0, 2501000.0, 0.0], [0.0, 0.0, 0.0, 250100000.0]]}","[-0.08969101302092806, -0.3485945629365525, 0.0]",False
3,P03,55adbc0f-f8c9-48ae-936c-320d5b186f90,23,1,haply,mpc,seeded_random,695680705,persist_session,10.0,18.869963693618775,677.90889284,0,1785928019.7517402,406,True,careful,adaptive,-0.08,-0.08,0.0,0.08,-0.08,0.0,0.0831220229999999,-0.0766039499999999,0.0,0.043323845,-0.2022968,0.12026071,-0.0061968733,-0.0012118185,-0.0010766134,"[-1.0152999570212948, 3.4447324829158905, 0.0, 0.0, 0.0, 0.0, -7.412632516726819, 16.950650013596903]","[-0.08034827126787407, -0.194116919903481, 0.0]","{""Controller Type"": ""MPC Controller"", ""weight_comfort"": 44.07368201880015, ""weight_trajectory"": 1681145.118514867, ""weight_goal"": 2501000.0, ""Q"": [[1681145.118514867, 0.0, 0.0, 0.0], [0.0, 0.0, 0.0, 0.0], [0.0, 0.0, 1681145.118514867, 0.0], [0.0, 0.0, 0.0, 0.0]], ""R"": [[44.07368201880015, 0.0], [0.0, 44.07368201880015]], ""P"": [[2501000.0, 0.0, 0.0, 0.0], [0.0, 250100000.0, 0.0, 0.0], [0.0, 0.0, 2501000.0, 0.0], [0.0, 0.0, 0.0, 250100000.0]]}","[-0.5426679032207541, -0.5902990883753365, 0.0]",False
3,P03,55adbc0f-f8c9-48ae-936c-320d5b186f90,23,1,haply,mpc,seeded_random,695680705,persist_session,10.0,18.879999208450318,677.918926876,0,1785928019.76185,407,True,careful,adaptive,-0.08,-0.08,0.0,0.08,-0.08,0.0,0.083124906,-0.0767414399999999,0.0,0.043240566,-0.2023406,0.12019409,-0.0061444337,-0.0015298778,-0.0015534274,"[-1.0186134887989247, 3.446352968591101, 0.0, 0.0, 0.0, 0.0, -7.415589831740074, 16.953054704356102]","[0.0031801347401404726, 0.025183713848081067, 0.0]","{""Controller Type"": ""MPC Controller"", ""weight_comfort"": 44.08600788663591, ""weight_trajectory"": 1680774.6029277241, ""weight_goal"": 2501000.0, ""Q"": [[1680774.6029277241, 0.0, 0.0, 0.0], [0.0, 0.0, 0.0, 0.0], [0.0, 0.0, 1680774.6029277241, 0.0], [0.0, 0.0, 0.0, 0.0]], ""R"": [[44.08600788663591, 0.0], [0.0, 44.08600788663591]], ""P"": [[2501000.0, 0.0, 0.0, 0.0], [0.0, 250100000.0, 0.0, 0.0], [0.0, 0.0, 2501000.0, 0.0], [0.0, 0.0, 0.0, 250100000.0]]}","[-0.5484969614068249, -0.3123118389685897, 0.0]",False
3,P03,55adbc0f-f8c9-48ae-936c-320d5b186f90,23,1,haply,mpc,seeded_random,695680705,persist_session,10.0,18.889943408966065,677.928867961,0,1785928019.771958,408,True,careful,adaptive,-0.08,-0.08,0.0,0.08,-0.08,0.0,0.082875069,-0.0768746799999999,0.0,0.043073017,-0.20240109,0.120129496,-0.006006673,-0.0022517256,-0.0031881304,"[-1.0186460908142796, 3.446370267919849, 0.0, 0.0, 0.0, 0.0, -7.421362189780568, 16.968570127754624]","[0.004165984030833506, -0.20658722151134618, 0.0]","{""Controller Type"": ""MPC Controller"", ""weight_comfort"": 44.08600788663591, ""weight_trajectory"": 1680774.6029277241, ""weight_goal"": 2501000.0, ""Q"": [[1680774.6029277241, 0.0, 0.0, 0.0], [0.0, 0.0, 0.0, 0.0], [0.0, 0.0, 1680774.6029277241, 0.0], [0.0, 0.0, 0.0, 0.0]], ""R"": [[44.08600788663591, 0.0], [0.0, 44.08600788663591]], ""P"": [[2501000.0, 0.0, 0.0, 0.0], [0.0, 250100000.0, 0.0, 0.0], [0.0, 0.0, 2501000.0, 0.0], [0.0, 0.0, 0.0, 250100000.0]]}","[-0.037964158158521014, -0.2969699864831308, 0.0]",False
3,P03,55adbc0f-f8c9-48ae-936c-320d5b186f90,23,1,haply,mpc,seeded_random,695680705,persist_session,10.0,18.9000292301178,677.938954732,0,1785928019.7818906,409,True,careful,adaptive,-0.08,-0.08,0.0,0.08,-0.08,0.0,0.0823724219999999,-0.0770038679999999,0.0,0.04298877,-0.20241779,0.12013155,-0.0060917744,-0.0027867088,-0.004320374,"[-1.0278043575368758, 3.4625414573661946, 0.0, 0.0, 0.0, 0.0, -7.420167738190494, 16.965369303938626]","[-0.08262582581325091, -0.20043581954519069, 0.0]","{""Controller Type"": ""MPC Controller"", ""weight_comfort"": 44.08600788663591, ""weight_trajectory"": 1680774.6029277241, ""weight_goal"": 2501000.0, ""Q"": [[1680774.6029277241, 0.0, 0.0, 0.0], [0.0, 0.0, 0.0, 0.0], [0.0, 0.0, 1680774.6029277241, 0.0], [0.0, 0.0, 0.0, 0.0]], ""R"": [[44.08600788663591, 0.0], [0.0, 44.08600788663591]], ""P"": [[2501000.0, 0.0, 0.0, 0.0], [0.0, 250100000.0, 0.0, 0.0], [0.0, 0.0, 2501000.0, 0.0], [0.0, 0.0, 0.0, 250100000.0]]}","[0.5331124430365842, -0.2777798473071155, 0.0]",False
3,P03,55adbc0f-f8c9-48ae-936c-320d5b186f90,23,1,haply,mpc,seeded_random,695680705,persist_session,10.0,18.90996961593628,677.948894068,0,1785928019.791963,410,True,careful,adaptive,-0.08,-0.08,0.0,0.08,-0.08,0.0,0.082119681,-0.0769997599999999,0.0,0.04298877,-0.20241779,0.12013155,-0.0061275954,-0.0030296263,-0.004788991,"[-1.0504534778580483, 3.497992178533931, 0.0, 0.0, 0.0, 0.0, -7.419101871471612, 16.962536094673712]","[-0.1745279754212055, -0.19839582042445855, 0.0]","{""Controller Type"": ""MPC Controller"", ""weight_comfort"": 44.07584954807265, ""weight_trajectory"": 1681079.9625849358, ""weight_goal"": 2501000.0, ""Q"": [[1681079.9625849358, 0.0, 0.0, 0.0], [0.0, 0.0, 0.0, 0.0], [0.0, 0.0, 1681079.9625849358, 0.0], [0.0, 0.0, 0.0, 0.0]], ""R"": [[44.07584954807265, 0.0], [0.0, 44.07584954807265]], ""P"": [[2501000.0, 0.0, 0.0, 0.0], [0.0, 250100000.0, 0.0, 0.0], [0.0, 0.0, 2501000.0, 0.0], [0.0, 0.0, 0.0, 250100000.0]]}","[0.10035139467362861, -0.5291173627811656, 0.0]",False
3,P03,55adbc0f-f8c9-48ae-936c-320d5b186f90,23,1,haply,mpc,seeded_random,695680705,persist_session,10.0,18.919978427886964,677.958909418,0,1785928019.802088,411,True,careful,adaptive,-0.08,-0.08,0.0,0.08,-0.08,0.0,0.082119681,-0.0769997599999999,0.0,0.042899814,-0.20240088,0.12002296,-0.0061340425,-0.0029844756,-0.005066256,"[-1.0393897404397372, 3.4795675738985175, 0.0, 0.0, 0.0, 0.0, -7.42193068592268, 16.965207916565497]","[-0.0851049629936467, 0.029186573973453683, 0.0]","{""Controller Type"": ""MPC Controller"", ""weight_comfort"": 44.07584954807265, ""weight_trajectory"": 1681079.9625849358, ""weight_goal"": 2501000.0, ""Q"": [[1681079.9625849358, 0.0, 0.0, 0.0], [0.0, 0.0, 0.0, 0.0], [0.0, 0.0, 1681079.9625849358, 0.0], [0.0, 0.0, 0.0, 0.0]], ""R"": [[44.07584954807265, 0.0], [0.0, 44.07584954807265]], ""P"": [[2501000.0, 0.0, 0.0, 0.0], [0.0, 250100000.0, 0.0, 0.0], [0.0, 0.0, 2501000.0, 0.0], [0.0, 0.0, 0.0, 250100000.0]]}","[-0.368441260827964, -0.5214993230751513, 0.0]",False
3,P03,55adbc0f-f8c9-48ae-936c-320d5b186f90,23,1,haply,mpc,seeded_random,695680705,persist_session,10.0,18.93001322746277,677.968935408,0,1785928019.8118134,412,True,careful,adaptive,-0.08,-0.08,0.0,0.08,-0.08,0.0,0.081852813,-0.0772169399999999,0.0,0.042899814,-0.20240088,0.12002296,-0.006188401,-0.0027391831,-0.004914383,"[-1.041578099396291, 3.4806370929736463, 0.0, 0.0, 0.0, 0.0, -7.421808243772021, 16.965108381007443]","[0.002207813307306428, 0.022267205965294783, 0.0]","{""Controller Type"": ""MPC Controller"", ""weight_comfort"": 44.07584954807265, ""weight_trajectory"": 1681079.9625849358, ""weight_goal"": 2501000.0, ""Q"": [[1681079.9625849358, 0.0, 0.0, 0.0], [0.0, 0.0, 0.0, 0.0], [0.0, 0.0, 1681079.9625849358, 0.0], [0.0, 0.0, 0.0, 0.0]], ""R"": [[44.07584954807265, 0.0], [0.0, 44.07584954807265]], ""P"": [[2501000.0, 0.0, 0.0, 0.0], [0.0, 250100000.0, 0.0, 0.0], [0.0, 0.0, 2501000.0, 0.0], [0.0, 0.0, 0.0, 250100000.0]]}","[0.19062159429847783, -0.06652806122740029, 0.0]",False
3,P03,55adbc0f-f8c9-48ae-936c-320d5b186f90,23,1,haply,mpc,seeded_random,695680705,persist_session,10.0,18.939917135238648,677.978841848,0,1785928019.8218408,413,True,careful,adaptive,-0.08,-0.08,0.0,0.08,-0.08,0.0,0.081852813,-0.0772169399999999,0.0,0.042899814,-0.20240088,0.12002296,-0.006206084,-0.0025115649,-0.004670052,"[-1.0547352476640204, 3.501924724771333, 0.0, 0.0, 0.0, 0.0, -7.441253602928973, 17.01128535929902]","[-0.09414034547503103, -0.3591758643968157, 0.0]","{""Controller Type"": ""MPC Controller"", ""weight_comfort"": 44.07584954807265, ""weight_trajectory"": 1681079.9625849358, ""weight_goal"": 2501000.0, ""Q"": [[1681079.9625849358, 0.0, 0.0, 0.0], [0.0, 0.0, 0.0, 0.0], [0.0, 0.0, 1681079.9625849358, 0.0], [0.0, 0.0, 0.0, 0.0]], ""R"": [[44.07584954807265, 0.0], [0.0, 44.07584954807265]], ""P"": [[2501000.0, 0.0, 0.0, 0.0], [0.0, 250100000.0, 0.0, 0.0], [0.0, 0.0, 2501000.0, 0.0], [0.0, 0.0, 0.0, 250100000.0]]}","[-0.3220544783301085, -0.4837492696477519, 0.0]",False
3,P03,55adbc0f-f8c9-48ae-936c-320d5b186f90,23,1,haply,mpc,seeded_random,695680705,persist_session,10.0,18.949986028671265,677.988912777,0,1785928019.8318086,414,True,careful,adaptive,-0.08,-0.08,0.0,0.08,-0.08,0.0,0.081852813,-0.0772169399999999,0.0,0.042899814,-0.20240088,0.12002296,-0.006068235,-0.0023092018,-0.004488582,"[-1.0568519275581374, 3.5029590788083165, 0.0, 0.0, 0.0, 0.0, -7.4452673275012815, 17.01454722559808]","[0.0019581489904547697, 0.02072062568847585, 0.0]","{""Controller Type"": ""MPC Controller"", ""weight_comfort"": 44.064065587502526, ""weight_trajectory"": 1681434.188439674, ""weight_goal"": 2501000.0, ""Q"": [[1681434.188439674, 0.0, 0.0, 0.0], [0.0, 0.0, 0.0, 0.0], [0.0, 0.0, 1681434.188439674, 0.0], [0.0, 0.0, 0.0, 0.0]], ""R"": [[44.064065587502526, 0.0], [0.0, 44.064065587502526]], ""P"": [[2501000.0, 0.0, 0.0, 0.0], [0.0, 250100000.0, 0.0, 0.0], [0.0, 0.0, 2501000.0, 0.0], [0.0, 0.0, 0.0, 250100000.0]]}","[-0.32205562479861516, -0.483750991434346, 0.0]",False
3,P03,55adbc0f-f8c9-48ae-936c-320d5b186f90,23,1,haply,mpc,seeded_random,695680705,persist_session,10.0,18.96007137298584,677.99898513,0,1785928019.8420267,415,True,careful,adaptive,-0.08,-0.08,0.0,0.08,-0.08,0.0,0.081852813,-0.0772169399999999,0.0,0.042899814,-0.20240088,0.12002296,-0.006068235,-0.0023092018,-0.004488582,"[-1.0568504103620493, 3.502958337402919, 0.0, 0.0, 0.0, 0.0, -7.4452295951797085, 17.01451656136442]","[0.001958146179374134, 0.020720520677160972, 0.0]","{""Controller Type"": ""MPC Controller"", ""weight_comfort"": 44.064065587502526, ""weight_trajectory"": 1681434.188439674, ""weight_goal"": 2501000.0, ""Q"": [[1681434.188439674, 0.0, 0.0, 0.0], [0.0, 0.0, 0.0, 0.0], [0.0, 0.0, 1681434.188439674, 0.0], [0.0, 0.0, 0.0, 0.0]], ""R"": [[44.064065587502526, 0.0], [0.0, 44.064065587502526]], ""P"": [[2501000.0, 0.0, 0.0, 0.0], [0.0, 250100000.0, 0.0, 0.0], [0.0, 0.0, 2501000.0, 0.0], [0.0, 0.0, 0.0, 250100000.0]]}","[-0.3220556247986117, -0.4837509914343415, 0.0]",False
3,P03,55adbc0f-f8c9-48ae-936c-320d5b186f90,23,1,haply,mpc,seeded_random,695680705,persist_session,10.0,18.97024803161621,678.009177729,0,1785928019.8520155,416,True,careful,adaptive,-0.08,-0.08,0.0,0.08,-0.08,0.0,0.081852813,-0.0772169399999999,0.0,0.042899814,-0.20240088,0.12002296,-0.005665024,-0.0021830208,-0.004074752,"[-1.056848891651609, 3.5029575952575054, 0.0, 0.0, 0.0, 0.0, -7.445191825471068, 17.01448586674711]","[0.0019581433654876873, 0.020720415561795644, 0.0]","{""Controller Type"": ""MPC Controller"", ""weight_comfort"": 44.06606446063923, ""weight_trajectory"": 1681374.1023131842, ""weight_goal"": 2501000.0, ""Q"": [[1681374.1023131842, 0.0, 0.0, 0.0], [0.0, 0.0, 0.0, 0.0], [0.0, 0.0, 1681374.1023131842, 0.0], [0.0, 0.0, 0.0, 0.0]], ""R"": [[44.06606446063923, 0.0], [0.0, 44.06606446063923]], ""P"": [[2501000.0, 0.0, 0.0, 0.0], [0.0, 250100000.0, 0.0, 0.0], [0.0, 0.0, 2501000.0, 0.0], [0.0, 0.0, 0.0, 250100000.0]]}","[-0.32205562479861155, -0.48375099143433986, 0.0]",False
3,P03,55adbc0f-f8c9-48ae-936c-320d5b186f90,23,1,haply,mpc,seeded_random,695680705,persist_session,10.0,18.979996013641358,678.018924218,0,1785928019.8618643,417,True,careful,adaptive,-0.08,-0.08,0.0,0.08,-0.08,0.0,0.081852813,-0.0772169399999999,0.0,0.042899814,-0.20240088,0.12002296,-0.0029992198,-0.0011557513,-0.0021572853,"[-1.0568473714253093, 3.50295685237134, 0.0, 0.0, 0.0, 0.0, -7.445154018338696, 17.014455141716347]","[0.001958140548792636, 0.020720310342277823, 0.0]","{""Controller Type"": ""MPC Controller"", ""weight_comfort"": 44.06606446063923, ""weight_trajectory"": 1681374.1023131842, ""weight_goal"": 2501000.0, ""Q"": [[1681374.1023131842, 0.0, 0.0, 0.0], [0.0, 0.0, 0.0, 0.0], [0.0, 0.0, 1681374.1023131842, 0.0], [0.0, 0.0, 0.0, 0.0]], ""R"": [[44.06606446063923, 0.0], [0.0, 44.06606446063923]], ""P"": [[2501000.0, 0.0, 0.0, 0.0], [0.0, 250100000.0, 0.0, 0.0], [0.0, 0.0, 2501000.0, 0.0], [0.0, 0.0, 0.0, 250100000.0]]}","[-0.3220554303089173, -0.4837506992966378, 0.0]",False
3,P03,55adbc0f-f8c9-48ae-936c-320d5b186f90,23,1,haply,mpc,seeded_random,695680705,persist_session,10.0,18.990101623535157,678.029028758,0,1785928019.8724673,418,True,careful,adaptive,-0.08,-0.08,0.0,0.08,-0.08,0.0,0.081852813,-0.0772169399999999,0.0,0.04289423,-0.20234036,0.11998105,-0.002099623,-0.0008090911,-0.0015102215,"[-1.0568458496816417, 3.502956108743685, 0.0, 0.0, 0.0, 0.0, -7.445116173745896, 17.014424386242315]","[0.001958137729286186, 0.020720205018505387, 0.0]","{""Controller Type"": ""MPC Controller"", ""weight_comfort"": 44.06606446063923, ""weight_trajectory"": 1681374.1023131842, ""weight_goal"": 2501000.0, ""Q"": [[1681374.1023131842, 0.0, 0.0, 0.0], [0.0, 0.0, 0.0, 0.0], [0.0, 0.0, 1681374.1023131842, 0.0], [0.0, 0.0, 0.0, 0.0]], ""R"": [[44.06606446063923, 0.0], [0.0, 44.06606446063923]], ""P"": [[2501000.0, 0.0, 0.0, 0.0], [0.0, 250100000.0, 0.0, 0.0], [0.0, 0.0, 2501000.0, 0.0], [0.0, 0.0, 0.0, 250100000.0]]}","[-0.3220554303089184, -0.48375069929663844, 0.0]",False
3,P03,55adbc0f-f8c9-48ae-936c-320d5b186f90,23,1,haply,mpc,seeded_random,695680705,persist_session,10.0,19.00002603530884,678.038952564,0,1785928019.882112,419,True,careful,adaptive,-0.08,-0.08,0.0,0.08,-0.08,0.0,0.0818360609999999,-0.0773007599999999,0.0,0.04289423,-0.20234036,0.11998105,-0.002099623,-0.0008090911,-0.0015102215,"[-1.056844326419096, 3.5029553643738027, 0.0, 0.0, 0.0, 0.0, -7.445078291655934, 17.014393600295158]","[0.0019581349069655394, 0.020720099590376094, 0.0]","{""Controller Type"": ""MPC Controller"", ""weight_comfort"": 44.066032584754886, ""weight_trajectory"": 1681375.0605022677, ""weight_goal"": 2501000.0, ""Q"": [[1681375.0605022677, 0.0, 0.0, 0.0], [0.0, 0.0, 0.0, 0.0], [0.0, 0.0, 1681375.0605022677, 0.0], [0.0, 0.0, 0.0, 0.0]], ""R"": [[44.066032584754886, 0.0], [0.0, 44.066032584754886]], ""P"": [[2501000.0, 0.0, 0.0, 0.0], [0.0, 250100000.0, 0.0, 0.0], [0.0, 0.0, 2501000.0, 0.0], [0.0, 0.0, 0.0, 250100000.0]]}","[-0.28669264639109016, -0.30681012181734213, 0.0]",False
3,P03,55adbc0f-f8c9-48ae-936c-320d5b186f90,23,1,haply,mpc,seeded_random,695680705,persist_session,10.0,19.01001672744751,678.048918538,0,1785928019.8919322,420,True,careful,adaptive,-0.08,-0.08,0.0,0.08,-0.08,0.0,0.0818360609999999,-0.0773007599999999,0.0,0.04289423,-0.20234036,0.11998105,-0.0011174629,-0.00016734302,-0.00096282904,"[-1.0567713211259415, 3.502980772723768, 0.0, 0.0, 0.0, 0.0, -7.447297088443348, 17.02094638919692]","[-0.0041440449755269235, -0.1278226010171371, 0.0]","{""Controller Type"": ""MPC Controller"", ""weight_comfort"": 44.066032584754886, ""weight_trajectory"": 1681375.0605022677, ""weight_goal"": 2501000.0, ""Q"": [[1681375.0605022677, 0.0, 0.0, 0.0], [0.0, 0.0, 0.0, 0.0], [0.0, 0.0, 1681375.0605022677, 0.0], [0.0, 0.0, 0.0, 0.0]], ""R"": [[44.066032584754886, 0.0], [0.0, 44.066032584754886]], ""P"": [[2501000.0, 0.0, 0.0, 0.0], [0.0, 250100000.0, 0.0, 0.0], [0.0, 0.0, 2501000.0, 0.0], [0.0, 0.0, 0.0, 250100000.0]]}","[-0.3191436056331317, -0.46918113553919566, 0.0]",False
3,P03,55adbc0f-f8c9-48ae-936c-320d5b186f90,23,1,haply,mpc,seeded_random,695680705,persist_session,10.0,19.019980001449586,678.058898864,0,1785928019.901908,421,True,careful,adaptive,-0.08,-0.08,0.0,0.08,-0.08,0.0,0.0818360609999999,-0.0773007599999999,0.0,0.04289423,-0.20234036,0.11998105,-0.0008114981,5.8486265e-05,-0.0008079583,"[-1.0569064409754536, 3.5030468015362684, 0.0, 0.0, 0.0, 0.0, -7.448833746442295, 17.02219515640802]","[0.0019405446969238177, 0.020106190001747147, 0.0]","{""Controller Type"": ""MPC Controller"", ""weight_comfort"": 44.066032584754886, ""weight_trajectory"": 1681375.0605022677, ""weight_goal"": 2501000.0, ""Q"": [[1681375.0605022677, 0.0, 0.0, 0.0], [0.0, 0.0, 0.0, 0.0], [0.0, 0.0, 1681375.0605022677, 0.0], [0.0, 0.0, 0.0, 0.0]], ""R"": [[44.066032584754886, 0.0], [0.0, 44.066032584754886]], ""P"": [[2501000.0, 0.0, 0.0, 0.0], [0.0, 250100000.0, 0.0, 0.0], [0.0, 0.0, 2501000.0, 0.0], [0.0, 0.0, 0.0, 250100000.0]]}","[-0.3191436055202689, -0.46918113526071387, 0.0]",False
3,P03,55adbc0f-f8c9-48ae-936c-320d5b186f90,23,1,haply,mpc,seeded_random,695680705,persist_session,10.0,19.02996783256531,678.068892098,0,1785928019.9116917,422,True,careful,adaptive,-0.08,-0.08,0.0,0.08,-0.08,0.0,0.0818360609999999,-0.0773007599999999,0.0,0.04289423,-0.20234036,0.11998105,-0.0006126844,0.00020522832,-0.0007073244,"[-1.0569049405555377, 3.5030460683283375, 0.0, 0.0, 0.0, 0.0, -7.448797987675981, 17.02216609699798]","[0.0019405419420613264, 0.02010609348025476, 0.0]","{""Controller Type"": ""MPC Controller"", ""weight_comfort"": 44.06414989697784, ""weight_trajectory"": 1681431.654096846, ""weight_goal"": 2501000.0, ""Q"": [[1681431.654096846, 0.0, 0.0, 0.0], [0.0, 0.0, 0.0, 0.0], [0.0, 0.0, 1681431.654096846, 0.0], [0.0, 0.0, 0.0, 0.0]], ""R"": [[44.06414989697784, 0.0], [0.0, 44.06414989697784]], ""P"": [[2501000.0, 0.0, 0.0, 0.0], [0.0, 250100000.0, 0.0, 0.0], [0.0, 0.0, 2501000.0, 0.0], [0.0, 0.0, 0.0, 250100000.0]]}","[-0.3191436055202684, -0.4691811352607127, 0.0]",False
3,P03,55adbc0f-f8c9-48ae-936c-320d5b186f90,23,1,haply,mpc,seeded_random,695680705,persist_session,10.0,19.039978551864625,678.07890449,0,1785928019.9218657,423,True,careful,adaptive,-0.08,-0.08,0.0,0.08,-0.08,0.0,0.0818360609999999,-0.0773007599999999,0.0,0.04289423,-0.20234036,0.11998105,-0.00043460182,0.00021406672,-0.0005431126,"[-1.0569034386379665, 3.5030453343885495, 0.0, 0.0, 0.0, 0.0, -7.448762193458946, 17.022137008778866]","[0.0019405391844490487, 0.020105996863072375, 0.0]","{""Controller Type"": ""MPC Controller"", ""weight_comfort"": 44.06414989697784, ""weight_trajectory"": 1681431.654096846, ""weight_goal"": 2501000.0, ""Q"": [[1681431.654096846, 0.0, 0.0, 0.0], [0.0, 0.0, 0.0, 0.0], [0.0, 0.0, 1681431.654096846, 0.0], [0.0, 0.0, 0.0, 0.0]], ""R"": [[44.06414989697784, 0.0], [0.0, 44.06414989697784]], ""P"": [[2501000.0, 0.0, 0.0, 0.0], [0.0, 250100000.0, 0.0, 0.0], [0.0, 0.0, 2501000.0, 0.0], [0.0, 0.0, 0.0, 250100000.0]]}","[-0.3191437870490763, -0.4691814021308558, 0.0]",False
3,P03,55adbc0f-f8c9-48ae-936c-320d5b186f90,23,1,haply,mpc,seeded_random,695680705,persist_session,10.0,19.049994277954102,678.088920936,0,1785928019.9317603,424,True,careful,adaptive,-0.08,-0.08,0.0,0.08,-0.08,0.0,0.0818360609999999,-0.0773007599999999,0.0,0.04289423,-0.20234036,0.11998105,-0.0003106962,0.00015303599,-0.0003882703,"[-1.0569019352212494, 3.5030445997161763, 0.0, 0.0, 0.0, 0.0, -7.448726363756388, 17.022107891722392]","[0.0019405364240842476, 0.02010590015010604, 0.0]","{""Controller Type"": ""MPC Controller"", ""weight_comfort"": 44.06414989697784, ""weight_trajectory"": 1681431.654096846, ""weight_goal"": 2501000.0, ""Q"": [[1681431.654096846, 0.0, 0.0, 0.0], [0.0, 0.0, 0.0, 0.0], [0.0, 0.0, 1681431.654096846, 0.0], [0.0, 0.0, 0.0, 0.0]], ""R"": [[44.06414989697784, 0.0], [0.0, 44.06414989697784]], ""P"": [[2501000.0, 0.0, 0.0, 0.0], [0.0, 250100000.0, 0.0, 0.0], [0.0, 0.0, 2501000.0, 0.0], [0.0, 0.0, 0.0, 250100000.0]]}","[-0.3191437870490755, -0.4691814021308548, 0.0]",False
3,P03,55adbc0f-f8c9-48ae-936c-320d5b186f90,23,1,haply,mpc,seeded_random,695680705,persist_session,10.0,19.060011434555054,678.098944933,0,1785928019.9418912,425,True,careful,adaptive,-0.08,-0.08,0.0,0.08,-0.08,0.0,0.0818360609999999,-0.0773007599999999,0.0,0.04289423,-0.20234036,0.11998105,-0.00022688646,0.000111754794,-0.0002835351,"[-1.0569004303038942, 3.5030438643104884, 0.0, 0.0, 0.0, 0.0, -7.4486904985334705, 17.02207874580025]","[0.0019405336609641837, 0.020105803341261733, 0.0]","{""Controller Type"": ""MPC Controller"", ""weight_comfort"": 44.06411963056157, ""weight_trajectory"": 1681432.563905319, ""weight_goal"": 2501000.0, ""Q"": [[1681432.563905319, 0.0, 0.0, 0.0], [0.0, 0.0, 0.0, 0.0], [0.0, 0.0, 1681432.563905319, 0.0], [0.0, 0.0, 0.0, 0.0]], ""R"": [[44.06411963056157, 0.0], [0.0, 44.06411963056157]], ""P"": [[2501000.0, 0.0, 0.0, 0.0], [0.0, 250100000.0, 0.0, 0.0], [0.0, 0.0, 2501000.0, 0.0], [0.0, 0.0, 0.0, 250100000.0]]}","[-0.31914378704907626, -0.46918140213085646, 0.0]",False
3,P03,55adbc0f-f8c9-48ae-936c-320d5b186f90,23,1,haply,mpc,seeded_random,695680705,persist_session,10.0,19.070020484924317,678.108947334,0,1785928019.9517992,426,True,careful,adaptive,-0.08,-0.08,0.0,0.08,-0.08,0.0,0.0818360609999999,-0.0773007599999999,0.0,0.042893317,-0.20231338,0.12004976,-0.00016188735,7.389737e-05,-0.00021769716,"[-1.0568989238844073, 3.503043128170756, 0.0, 0.0, 0.0, 0.0, -7.448654597755325, 17.0220495709841]","[0.0019405308950861142, 0.02010570643644533, 0.0]","{""Controller Type"": ""MPC Controller"", ""weight_comfort"": 44.06411963056157, ""weight_trajectory"": 1681432.563905319, ""weight_goal"": 2501000.0, ""Q"": [[1681432.563905319, 0.0, 0.0, 0.0], [0.0, 0.0, 0.0, 0.0], [0.0, 0.0, 1681432.563905319, 0.0], [0.0, 0.0, 0.0, 0.0]], ""R"": [[44.06411963056157, 0.0], [0.0, 44.06411963056157]], ""P"": [[2501000.0, 0.0, 0.0, 0.0], [0.0, 250100000.0, 0.0, 0.0], [0.0, 0.0, 2501000.0, 0.0], [0.0, 0.0, 0.0, 250100000.0]]}","[-0.31914378996727233, -0.4691814064209691, 0.0]",False
3,P03,55adbc0f-f8c9-48ae-936c-320d5b186f90,23,1,haply,mpc,seeded_random,695680705,persist_session,10.0,19.079970407485963,678.118895542,0,1785928019.961905,427,True,careful,adaptive,-0.08,-0.08,0.0,0.08,-0.08,0.0,0.0818333219999999,-0.0771633399999999,0.0,0.042893317,-0.20231338,0.12004976,-0.00011673852,3.8230333e-05,-0.0001966539,"[-1.0568974159612936, 3.503042391296249, 0.0, 0.0, 0.0, 0.0, -7.448618661387047, 17.022020367245585]","[0.001940528126447294, 0.02010560943556262, 0.0]","{""Controller Type"": ""MPC Controller"", ""weight_comfort"": 44.06411963056157, ""weight_trajectory"": 1681432.563905319, ""weight_goal"": 2501000.0, ""Q"": [[1681432.563905319, 0.0, 0.0, 0.0], [0.0, 0.0, 0.0, 0.0], [0.0, 0.0, 1681432.563905319, 0.0], [0.0, 0.0, 0.0, 0.0]], ""R"": [[44.06411963056157, 0.0], [0.0, 44.06411963056157]], ""P"": [[2501000.0, 0.0, 0.0, 0.0], [0.0, 250100000.0, 0.0, 0.0], [0.0, 0.0, 2501000.0, 0.0], [0.0, 0.0, 0.0, 250100000.0]]}","[-0.31360396128866763, -0.7471234378671536, 0.0]",False
3,P03,55adbc0f-f8c9-48ae-936c-320d5b186f90,23,1,haply,mpc,seeded_random,695680705,persist_session,10.0,19.08996253013611,678.128891431,0,1785928019.97177,428,True,careful,adaptive,-0.08,-0.08,0.0,0.08,-0.08,0.0,0.0818333219999999,-0.0771633399999999,0.0,0.04289241,-0.20228642,0.12011847,-8.549112e-05,5.4096923e-05,-7.533878e-05,"[-1.0568773786436496, 3.5030341182456675, 0.0, 0.0, 0.0, 0.0, -7.458676757371481, 17.0407793136753]","[0.0009881650764960019, 0.25287938472974564, 0.0]","{""Controller Type"": ""MPC Controller"", ""weight_comfort"": 44.06037754285875, ""weight_trajectory"": 1681545.0510616654, ""weight_goal"": 2501000.0, ""Q"": [[1681545.0510616654, 0.0, 0.0, 0.0], [0.0, 0.0, 0.0, 0.0], [0.0, 0.0, 1681545.0510616654, 0.0], [0.0, 0.0, 0.0, 0.0]], ""R"": [[44.06037754285875, 0.0], [0.0, 44.06037754285875]], ""P"": [[2501000.0, 0.0, 0.0, 0.0], [0.0, 250100000.0, 0.0, 0.0], [0.0, 0.0, 2501000.0, 0.0], [0.0, 0.0, 0.0, 250100000.0]]}","[-0.3186676972626494, -0.4930677252784669, 0.0]",False
3,P03,55adbc0f-f8c9-48ae-936c-320d5b186f90,23,1,haply,mpc,seeded_random,695680705,persist_session,10.0,19.10011582374573,678.13903594,0,1785928019.981751,429,True,careful,adaptive,-0.08,-0.08,0.0,0.08,-0.08,0.0,0.0818306009999999,-0.0770259199999999,0.0,0.04289241,-0.20228642,0.12011847,-6.329985e-05,8.414924e-05,6.0244063e-05,"[-1.0568972320952412, 3.5030438200036738, 0.0, 0.0, 0.0, 0.0, -7.456042941464127, 17.03863929387868]","[0.0019376329473392954, 0.021150258770333875, 0.0]","{""Controller Type"": ""MPC Controller"", ""weight_comfort"": 44.06037754285875, ""weight_trajectory"": 1681545.0510616654, ""weight_goal"": 2501000.0, ""Q"": [[1681545.0510616654, 0.0, 0.0, 0.0], [0.0, 0.0, 0.0, 0.0], [0.0, 0.0, 1681545.0510616654, 0.0], [0.0, 0.0, 0.0, 0.0]], ""R"": [[44.06037754285875, 0.0], [0.0, 44.06037754285875]], ""P"": [[2501000.0, 0.0, 0.0, 0.0], [0.0, 250100000.0, 0.0, 0.0], [0.0, 0.0, 2501000.0, 0.0], [0.0, 0.0, 0.0, 250100000.0]]}","[-0.3131016654452421, -0.7741905131813208, 0.0]",False
3,P03,55adbc0f-f8c9-48ae-936c-320d5b186f90,23,1,haply,mpc,seeded_random,695680705,persist_session,10.0,19.1099365234375,678.14886679,0,1785928019.9918597,430,True,careful,adaptive,-0.08,-0.08,0.0,0.08,-0.08,0.0,0.0818306009999999,-0.0770259199999999,0.0,0.04289241,-0.20228642,0.12011847,-4.6773737e-05,0.000106529544,0.00016121431,"[-1.0568768454694164, 3.5030354149930085, 0.0, 0.0, 0.0, 0.0, -7.4665979407780005, 17.05824510046412]","[0.0009797214481970281, 0.25706885260236345, 0.0]","{""Controller Type"": ""MPC Controller"", ""weight_comfort"": 44.06037754285875, ""weight_trajectory"": 1681545.0510616654, ""weight_goal"": 2501000.0, ""Q"": [[1681545.0510616654, 0.0, 0.0, 0.0], [0.0, 0.0, 0.0, 0.0], [0.0, 0.0, 1681545.0510616654, 0.0], [0.0, 0.0, 0.0, 0.0]], ""R"": [[44.06037754285875, 0.0], [0.0, 44.06037754285875]], ""P"": [[2501000.0, 0.0, 0.0, 0.0], [0.0, 250100000.0, 0.0, 0.0], [0.0, 0.0, 2501000.0, 0.0], [0.0, 0.0, 0.0, 250100000.0]]}","[-0.3181950931984874, -0.5169546289599128, 0.0]",False
3,P03,55adbc0f-f8c9-48ae-936c-320d5b186f90,23,1,haply,mpc,seeded_random,695680705,persist_session,10.0,19.119953203201295,678.158879678,0,1785928020.0020273,431,True,careful,adaptive,-0.08,-0.08,0.0,0.08,-0.08,0.0,0.0818306009999999,-0.0770259199999999,0.0,0.042886827,-0.20222591,0.12007661,-4.407259e-05,0.00021963067,0.0001652816,"[-1.0568963184951499, 3.50304493085067, 0.0, 0.0, 0.0, 0.0, -7.46386170683307, 17.05602224500914]","[0.0019347554575335263, 0.022198121825058332, 0.0]","{""Controller Type"": ""MPC Controller"", ""weight_comfort"": 44.055128213480266, ""weight_trajectory"": 1681702.8459027829, ""weight_goal"": 2501000.0, ""Q"": [[1681702.8459027829, 0.0, 0.0, 0.0], [0.0, 0.0, 0.0, 0.0], [0.0, 0.0, 1681702.8459027829, 0.0], [0.0, 0.0, 0.0, 0.0]], ""R"": [[44.055128213480266, 0.0], [0.0, 44.055128213480266]], ""P"": [[2501000.0, 0.0, 0.0, 0.0], [0.0, 250100000.0, 0.0, 0.0], [0.0, 0.0, 2501000.0, 0.0], [0.0, 0.0, 0.0, 250100000.0]]}","[-0.31819509338505014, -0.5169546294819473, 0.0]",False
3,P03,55adbc0f-f8c9-48ae-936c-320d5b186f90,23,1,haply,mpc,seeded_random,695680705,persist_session,10.0,19.131035375595093,678.169936544,0,1785928020.012143,432,True,careful,adaptive,-0.08,-0.08,0.0,0.08,-0.08,0.0,0.0818138519999999,-0.0771096399999999,0.0,0.042886827,-0.20222591,0.12007661,-4.8247835e-05,0.00035273965,4.1910862e-05,"[-1.0568948120235613, 3.5030441946851965, 0.0, 0.0, 0.0, 0.0, -7.46381778362762, 17.055986562776262]","[0.0019347526997851299, 0.02219799119393147, 0.0]","{""Controller Type"": ""MPC Controller"", ""weight_comfort"": 44.055128213480266, ""weight_trajectory"": 1681702.8459027829, ""weight_goal"": 2501000.0, ""Q"": [[1681702.8459027829, 0.0, 0.0, 0.0], [0.0, 0.0, 0.0, 0.0], [0.0, 0.0, 1681702.8459027829, 0.0], [0.0, 0.0, 0.0, 0.0]], ""R"": [[44.055128213480266, 0.0], [0.0, 44.055128213480266]], ""P"": [[2501000.0, 0.0, 0.0, 0.0], [0.0, 250100000.0, 0.0, 0.0], [0.0, 0.0, 2501000.0, 0.0], [0.0, 0.0, 0.0, 250100000.0]]}","[-0.2843493876640289, -0.3477749174114262, 0.0]",False
3,P03,55adbc0f-f8c9-48ae-936c-320d5b186f90,23,1,haply,mpc,seeded_random,695680705,persist_session,10.0,19.139970350265504,678.178899456,0,1785928020.0218866,433,True,careful,adaptive,-0.08,-0.08,0.0,0.08,-0.08,0.0,0.0818138519999999,-0.0771096399999999,0.0,0.042885914,-0.20219886,0.120145254,-5.1767824e-05,0.00046318115,2.0113454e-05,"[-1.0568264517686936, 3.503064368290282, 0.0, 0.0, 0.0, 0.0, -7.465601005832157, 17.0615734335685]","[-0.003883291597387854, -0.11962853606169557, 0.0]","{""Controller Type"": ""MPC Controller"", ""weight_comfort"": 44.055128213480266, ""weight_trajectory"": 1681702.8459027829, ""weight_goal"": 2501000.0, ""Q"": [[1681702.8459027829, 0.0, 0.0, 0.0], [0.0, 0.0, 0.0, 0.0], [0.0, 0.0, 1681702.8459027829, 0.0], [0.0, 0.0, 0.0, 0.0]], ""R"": [[44.055128213480266, 0.0], [0.0, 44.055128213480266]], ""P"": [[2501000.0, 0.0, 0.0, 0.0], [0.0, 250100000.0, 0.0, 0.0], [0.0, 0.0, 2501000.0, 0.0], [0.0, 0.0, 0.0, 250100000.0]]}","[-0.3152842819843334, -0.5024032147758869, 0.0]",False
3,P03,55adbc0f-f8c9-48ae-936c-320d5b186f90,23,1,haply,mpc,seeded_random,695680705,persist_session,10.0,19.14993577003479,678.188850517,0,1785928020.03216,434,True,careful,adaptive,-0.08,-0.08,0.0,0.08,-0.08,0.0,0.0818111129999999,-0.0769723519999999,0.0,0.042885914,-0.20219886,0.120145254,-5.5233668e-05,0.0005752804,7.7431156e-05,"[-1.0569563361834935, 3.503127838778773, 0.0, 0.0, 0.0, 0.0, -7.467196066156263, 17.0628691887969]","[0.0019171623642990922, 0.021582884821775585, 0.0]","{""Controller Type"": ""MPC Controller"", ""weight_comfort"": 44.055128213480266, ""weight_trajectory"": 1681702.8459027829, ""weight_goal"": 2501000.0, ""Q"": [[1681702.8459027829, 0.0, 0.0, 0.0], [0.0, 0.0, 0.0, 0.0], [0.0, 0.0, 1681702.8459027829, 0.0], [0.0, 0.0, 0.0, 0.0]], ""R"": [[44.055128213480266, 0.0], [0.0, 44.055128213480266]], ""P"": [[2501000.0, 0.0, 0.0, 0.0], [0.0, 250100000.0, 0.0, 0.0], [0.0, 0.0, 2501000.0, 0.0], [0.0, 0.0, 0.0, 250100000.0]]}","[-0.3098270581567122, -0.7759378248747616, 0.0]",False
3,P03,55adbc0f-f8c9-48ae-936c-320d5b186f90,23,1,haply,mpc,seeded_random,695680705,persist_session,10.0,19.159955310821534,678.198886114,0,1785928020.042006,435,True,careful,adaptive,-0.08,-0.08,0.0,0.08,-0.08,0.0,0.0818111129999999,-0.0769723519999999,0.0,0.042885914,-0.20219886,0.120145254,-4.7395435e-05,0.000548676,0.00022621802,"[-1.056937024110812, 3.5031198584647543, 0.0, 0.0, 0.0, 0.0, -7.476922543777613, 17.08083254437037]","[0.0009802677326605953, 0.25089497250580667, 0.0]","{""Controller Type"": ""MPC Controller"", ""weight_comfort"": 44.0535160852094, ""weight_trajectory"": 1681751.3064786051, ""weight_goal"": 2501000.0, ""Q"": [[1681751.3064786051, 0.0, 0.0, 0.0], [0.0, 0.0, 0.0, 0.0], [0.0, 0.0, 1681751.3064786051, 0.0], [0.0, 0.0, 0.0, 0.0]], ""R"": [[44.0535160852094, 0.0], [0.0, 44.0535160852094]], ""P"": [[2501000.0, 0.0, 0.0, 0.0], [0.0, 250100000.0, 0.0, 0.0], [0.0, 0.0, 2501000.0, 0.0], [0.0, 0.0, 0.0, 250100000.0]]}","[-0.3148083411590059, -0.5262669101201836, 0.0]",False
3,P03,55adbc0f-f8c9-48ae-936c-320d5b186f90,23,1,haply,mpc,seeded_random,695680705,persist_session,10.0,19.170067834854127,678.208995084,0,1785928020.0520546,436,True,careful,adaptive,-0.08,-0.08,0.0,0.08,-0.08,0.0,0.0818111129999999,-0.0769723519999999,0.0,0.042885005,-0.20217188,0.12021402,-4.1680927e-05,0.00060835044,0.00069060223,"[-1.0569564866178593, 3.503129369190589, 0.0, 0.0, 0.0, 0.0, -7.474132283865582, 17.078566234004377]","[0.0019142676333479198, 0.022629041660981328, 0.0]","{""Controller Type"": ""MPC Controller"", ""weight_comfort"": 44.0535160852094, ""weight_trajectory"": 1681751.3064786051, ""weight_goal"": 2501000.0, ""Q"": [[1681751.3064786051, 0.0, 0.0, 0.0], [0.0, 0.0, 0.0, 0.0], [0.0, 0.0, 1681751.3064786051, 0.0], [0.0, 0.0, 0.0, 0.0]], ""R"": [[44.0535160852094, 0.0], [0.0, 44.0535160852094]], ""P"": [[2501000.0, 0.0, 0.0, 0.0], [0.0, 250100000.0, 0.0, 0.0], [0.0, 0.0, 2501000.0, 0.0], [0.0, 0.0, 0.0, 250100000.0]]}","[-0.31480834133778296, -0.5262669106401937, 0.0]",False
3,P03,55adbc0f-f8c9-48ae-936c-320d5b186f90,23,1,haply,mpc,seeded_random,695680705,persist_session,10.0,19.179955291748048,678.21888426,0,1785928020.0618696,437,True,careful,adaptive,-0.08,-0.08,0.0,0.08,-0.08,0.0,0.0818083859999999,-0.0768348199999999,0.0,0.042885005,-0.20217188,0.12021402,-3.739416e-05,0.0006652578,0.001086305,"[-1.0569550045796638, 3.5031286449643155, 0.0, 0.0, 0.0, 0.0, -7.474086480075584, 17.078529031160432]","[0.0019142649492092773, 0.022628902983228148, 0.0]","{""Controller Type"": ""MPC Controller"", ""weight_comfort"": 44.04928650781658, ""weight_trajectory"": 1681878.4475750334, ""weight_goal"": 2501000.0, ""Q"": [[1681878.4475750334, 0.0, 0.0, 0.0], [0.0, 0.0, 0.0, 0.0], [0.0, 0.0, 1681878.4475750334, 0.0], [0.0, 0.0, 0.0, 0.0]], ""R"": [[44.04928650781658, 0.0], [0.0, 44.04928650781658]], ""P"": [[2501000.0, 0.0, 0.0, 0.0], [0.0, 250100000.0, 0.0, 0.0], [0.0, 0.0, 2501000.0, 0.0], [0.0, 0.0, 0.0, 250100000.0]]}","[-0.30914336504861745, -0.8119711586895024, 0.0]",False
3,P03,55adbc0f-f8c9-48ae-936c-320d5b186f90,23,1,haply,mpc,seeded_random,695680705,persist_session,10.0,19.190055656433106,678.228973068,0,1785928020.0717852,438,True,careful,adaptive,-0.08,-0.08,0.0,0.08,-0.08,0.0,0.0818083859999999,-0.0768348199999999,0.0,0.042885005,-0.20217188,0.12021402,-3.4434168e-05,0.0007045522,0.0013595362,"[-1.056934072816951, 3.5031200699555582, 0.0, 0.0, 0.0, 0.0, -7.4854211395736145, 17.09947028458323]","[0.0009380355404421289, 0.2632983806116113, 0.0]","{""Controller Type"": ""MPC Controller"", ""weight_comfort"": 44.04928650781658, ""weight_trajectory"": 1681878.4475750334, ""weight_goal"": 2501000.0, ""Q"": [[1681878.4475750334, 0.0, 0.0, 0.0], [0.0, 0.0, 0.0, 0.0], [0.0, 0.0, 1681878.4475750334, 0.0], [0.0, 0.0, 0.0, 0.0]], ""R"": [[44.04928650781658, 0.0], [0.0, 44.04928650781658]], ""P"": [[2501000.0, 0.0, 0.0, 0.0], [0.0, 250100000.0, 0.0, 0.0], [0.0, 0.0, 2501000.0, 0.0], [0.0, 0.0, 0.0, 250100000.0]]}","[-0.31433473443280857, -0.5501734764626686, 0.0]",False
3,P03,55adbc0f-f8c9-48ae-936c-320d5b186f90,23,1,haply,mpc,seeded_random,695680705,persist_session,10.0,19.19997386932373,678.238905268,0,1785928020.081954,439,True,careful,adaptive,-0.08,-0.08,0.0,0.08,-0.08,0.0,0.0818083859999999,-0.0768348199999999,0.0,0.042879418,-0.20211133,0.12017217,-4.110777e-05,0.0008256786,0.001481209,"[-1.05695429669852, 3.5031299527435094, 0.0, 0.0, 0.0, 0.0, -7.4823750012685135, 17.09699659068578]","[0.0019113813527894298, 0.02368306370651531, 0.0]","{""Controller Type"": ""MPC Controller"", ""weight_comfort"": 44.04928650781658, ""weight_trajectory"": 1681878.4475750334, ""weight_goal"": 2501000.0, ""Q"": [[1681878.4475750334, 0.0, 0.0, 0.0], [0.0, 0.0, 0.0, 0.0], [0.0, 0.0, 1681878.4475750334, 0.0], [0.0, 0.0, 0.0, 0.0]], ""R"": [[44.04928650781658, 0.0], [0.0, 44.04928650781658]], ""P"": [[2501000.0, 0.0, 0.0, 0.0], [0.0, 250100000.0, 0.0, 0.0], [0.0, 0.0, 2501000.0, 0.0], [0.0, 0.0, 0.0, 250100000.0]]}","[-0.31433473462258266, -0.550173477052603, 0.0]",False
3,P03,55adbc0f-f8c9-48ae-936c-320d5b186f90,23,1,haply,mpc,seeded_random,695680705,persist_session,10.0,19.209943342208863,678.24887307,0,1785928020.091952,440,True,careful,adaptive,-0.08,-0.08,0.0,0.08,-0.08,0.0,0.081791625,-0.0769185199999999,0.0,0.042879418,-0.20211133,0.12017217,-5.230557e-05,0.000976815,0.0014965121,"[-1.0569528146873688, 3.5031292285303115, 0.0, 0.0, 0.0, 0.0, -7.482324743594361, 17.096955777666345]","[0.0019113786727412124, 0.023682904631930235, 0.0]","{""Controller Type"": ""MPC Controller"", ""weight_comfort"": 44.044407164993295, ""weight_trajectory"": 1682025.1206203012, ""weight_goal"": 2501000.0, ""Q"": [[1682025.1206203012, 0.0, 0.0, 0.0], [0.0, 0.0, 0.0, 0.0], [0.0, 0.0, 1682025.1206203012, 0.0], [0.0, 0.0, 0.0, 0.0]], ""R"": [[44.044407164993295, 0.0], [0.0, 44.044407164993295]], ""P"": [[2501000.0, 0.0, 0.0, 0.0], [0.0, 250100000.0, 0.0, 0.0], [0.0, 0.0, 2501000.0, 0.0], [0.0, 0.0, 0.0, 250100000.0]]}","[-0.2801003008939904, -0.3792157712108918, 0.0]",False
3,P03,55adbc0f-f8c9-48ae-936c-320d5b186f90,23,1,haply,mpc,seeded_random,695680705,persist_session,10.0,19.220005321502686,678.258933994,0,1785928020.1021187,441,True,careful,adaptive,-0.08,-0.08,0.0,0.08,-0.08,0.0,0.081791625,-0.0769185199999999,0.0,0.042879418,-0.20211133,0.12017217,-5.302382e-05,0.0008729243,0.0009767553,"[-1.0568844971384979, 3.5031518606060517, 0.0, 0.0, 0.0, 0.0, -7.484113802108407, 17.10273949477983]","[-0.003979217886870447, -0.12011522803405718, 0.0]","{""Controller Type"": ""MPC Controller"", ""weight_comfort"": 44.044407164993295, ""weight_trajectory"": 1682025.1206203012, ""weight_goal"": 2501000.0, ""Q"": [[1682025.1206203012, 0.0, 0.0, 0.0], [0.0, 0.0, 0.0, 0.0], [0.0, 0.0, 1682025.1206203012, 0.0], [0.0, 0.0, 0.0, 0.0]], ""R"": [[44.044407164993295, 0.0], [0.0, 44.044407164993295]], ""P"": [[2501000.0, 0.0, 0.0, 0.0], [0.0, 250100000.0, 0.0, 0.0], [0.0, 0.0, 2501000.0, 0.0], [0.0, 0.0, 0.0, 250100000.0]]}","[-0.3114217865303458, -0.5356254825809431, 0.0]",False
3,P03,55adbc0f-f8c9-48ae-936c-320d5b186f90,23,1,haply,mpc,seeded_random,695680705,persist_session,10.0,19.229981708526612,678.268898877,0,1785928020.1118078,442,True,careful,adaptive,-0.08,-0.08,0.0,0.08,-0.08,0.0,0.081791625,-0.0769185199999999,0.0,0.042879418,-0.20211133,0.12017217,-5.356507e-05,0.0007946366,0.00058508874,"[-1.0570099607710561, 3.5032131708602816, 0.0, 0.0, 0.0, 0.0, -7.485770646802548, 17.10408494036598]","[0.0018937654709664487, 0.0230672525327092, 0.0]","{""Controller Type"": ""MPC Controller"", ""weight_comfort"": 44.044407164993295, ""weight_trajectory"": 1682025.1206203012, ""weight_goal"": 2501000.0, ""Q"": [[1682025.1206203012, 0.0, 0.0, 0.0], [0.0, 0.0, 0.0, 0.0], [0.0, 0.0, 1682025.1206203012, 0.0], [0.0, 0.0, 0.0, 0.0]], ""R"": [[44.044407164993295, 0.0], [0.0, 44.044407164993295]], ""P"": [[2501000.0, 0.0, 0.0, 0.0], [0.0, 250100000.0, 0.0, 0.0], [0.0, 0.0, 2501000.0, 0.0], [0.0, 0.0, 0.0, 250100000.0]]}","[-0.311421786423388, -0.5356254822677191, 0.0]",False
3,P03,55adbc0f-f8c9-48ae-936c-320d5b186f90,23,1,haply,mpc,seeded_random,695680705,persist_session,10.0,19.2399733543396,678.278902197,0,1785928020.1219404,443,True,careful,adaptive,-0.08,-0.08,0.0,0.08,-0.08,0.0,0.081791625,-0.0769185199999999,0.0,0.042879418,-0.20211133,0.12017217,-4.6123994e-05,0.00065178995,0.00035430613,"[-1.0570085016596287, 3.5032124578369874, 0.0, 0.0, 0.0, 0.0, -7.485722848191255, 17.104046125363695]","[0.0018937628567859376, 0.023067105242244475, 0.0]","{""Controller Type"": ""MPC Controller"", ""weight_comfort"": 44.042693362467745, ""weight_trajectory"": 1682076.6375242192, ""weight_goal"": 2501000.0, ""Q"": [[1682076.6375242192, 0.0, 0.0, 0.0], [0.0, 0.0, 0.0, 0.0], [0.0, 0.0, 1682076.6375242192, 0.0], [0.0, 0.0, 0.0, 0.0]], ""R"": [[44.042693362467745, 0.0], [0.0, 44.042693362467745]], ""P"": [[2501000.0, 0.0, 0.0, 0.0], [0.0, 250100000.0, 0.0, 0.0], [0.0, 0.0, 2501000.0, 0.0], [0.0, 0.0, 0.0, 250100000.0]]}","[-0.31142178642338686, -0.5356254822677186, 0.0]",False
3,P03,55adbc0f-f8c9-48ae-936c-320d5b186f90,23,1,haply,mpc,seeded_random,695680705,persist_session,10.0,19.250052976608277,678.288980281,0,1785928020.131856,444,True,careful,adaptive,-0.08,-0.08,0.0,0.08,-0.08,0.0,0.081791625,-0.0769185199999999,0.0,0.042879418,-0.20211133,0.12017217,-3.357994e-05,0.00047452684,0.00025794771,"[-1.0570070410916637, 3.503211744101928, 0.0, 0.0, 0.0, 0.0, -7.485675002344831, 17.104007272003983]","[0.0018937602399958571, 0.023066957806225634, 0.0]","{""Controller Type"": ""MPC Controller"", ""weight_comfort"": 44.042693362467745, ""weight_trajectory"": 1682076.6375242192, ""weight_goal"": 2501000.0, ""Q"": [[1682076.6375242192, 0.0, 0.0, 0.0], [0.0, 0.0, 0.0, 0.0], [0.0, 0.0, 1682076.6375242192, 0.0], [0.0, 0.0, 0.0, 0.0]], ""R"": [[44.042693362467745, 0.0], [0.0, 44.042693362467745]], ""P"": [[2501000.0, 0.0, 0.0, 0.0], [0.0, 250100000.0, 0.0, 0.0], [0.0, 0.0, 2501000.0, 0.0], [0.0, 0.0, 0.0, 250100000.0]]}","[-0.3114219475542757, -0.5356257594025313, 0.0]",False
3,P03,55adbc0f-f8c9-48ae-936c-320d5b186f90,23,1,haply,mpc,seeded_random,695680705,persist_session,10.0,19.259992408752442,678.298918442,0,1785928020.1418116,445,True,careful,adaptive,-0.08,-0.08,0.0,0.08,-0.08,0.0,0.081791625,-0.0769185199999999,0.0,0.042879418,-0.20211133,0.12017217,-2.3625982e-05,0.00033386494,0.00018148543,"[-1.0570055790657111, 3.5032110296543943, 0.0, 0.0, 0.0, 0.0, -7.485627109217205, 17.103968380249434]","[0.00189375762059361, 0.02306681022451072, 0.0]","{""Controller Type"": ""MPC Controller"", ""weight_comfort"": 44.042693362467745, ""weight_trajectory"": 1682076.6375242192, ""weight_goal"": 2501000.0, ""Q"": [[1682076.6375242192, 0.0, 0.0, 0.0], [0.0, 0.0, 0.0, 0.0], [0.0, 0.0, 1682076.6375242192, 0.0], [0.0, 0.0, 0.0, 0.0]], ""R"": [[44.042693362467745, 0.0], [0.0, 44.042693362467745]], ""P"": [[2501000.0, 0.0, 0.0, 0.0], [0.0, 250100000.0, 0.0, 0.0], [0.0, 0.0, 2501000.0, 0.0], [0.0, 0.0, 0.0, 250100000.0]]}","[-0.3114219475542749, -0.5356257594025294, 0.0]",False
3,P03,55adbc0f-f8c9-48ae-936c-320d5b186f90,23,1,haply,mpc,seeded_random,695680705,persist_session,10.0,19.27004270553589,678.308964026,0,1785928020.1521218,446,True,careful,adaptive,-0.08,-0.08,0.0,0.08,-0.08,0.0,0.081791625,-0.0769185199999999,0.0,0.042879418,-0.20211133,0.12017217,-1.7375469e-05,0.0002455373,0.00013347148,"[-1.0570041155803196, 3.5032103144936775, 0.0, 0.0, 0.0, 0.0, -7.485579168762265, 17.1039294500626]","[0.0018937549985765954, 0.02306666249695763, 0.0]","{""Controller Type"": ""MPC Controller"", ""weight_comfort"": 44.04265360452316, ""weight_trajectory"": 1682077.8326480333, ""weight_goal"": 2501000.0, ""Q"": [[1682077.8326480333, 0.0, 0.0, 0.0], [0.0, 0.0, 0.0, 0.0], [0.0, 0.0, 1682077.8326480333, 0.0], [0.0, 0.0, 0.0, 0.0]], ""R"": [[44.04265360452316, 0.0], [0.0, 44.04265360452316]], ""P"": [[2501000.0, 0.0, 0.0, 0.0], [0.0, 250100000.0, 0.0, 0.0], [0.0, 0.0, 2501000.0, 0.0], [0.0, 0.0, 0.0, 250100000.0]]}","[-0.31142194755427394, -0.5356257594025311, 0.0]",False
3,P03,55adbc0f-f8c9-48ae-936c-320d5b186f90,23,1,haply,mpc,seeded_random,695680705,persist_session,10.0,19.27998285293579,678.318912813,0,1785928020.161674,447,True,careful,adaptive,-0.08,-0.08,0.0,0.08,-0.08,0.0,0.081791625,-0.0769185199999999,0.0,0.042879418,-0.20211133,0.12017217,-1.2328388e-05,0.00017421566,9.470177e-05,"[-1.0570026506340364, 3.5032095986190672, 0.0, 0.0, 0.0, 0.0, -7.485531180933854, 17.103890481406]","[0.0018937523739422108, 0.02306651462342414, 0.0]","{""Controller Type"": ""MPC Controller"", ""weight_comfort"": 44.04265360452316, ""weight_trajectory"": 1682077.8326480333, ""weight_goal"": 2501000.0, ""Q"": [[1682077.8326480333, 0.0, 0.0, 0.0], [0.0, 0.0, 0.0, 0.0], [0.0, 0.0, 1682077.8326480333, 0.0], [0.0, 0.0, 0.0, 0.0]], ""R"": [[44.04265360452316, 0.0], [0.0, 44.04265360452316]], ""P"": [[2501000.0, 0.0, 0.0, 0.0], [0.0, 250100000.0, 0.0, 0.0], [0.0, 0.0, 2501000.0, 0.0], [0.0, 0.0, 0.0, 250100000.0]]}","[-0.31142195129218947, -0.5356257658315045, 0.0]",False
3,P03,55adbc0f-f8c9-48ae-936c-320d5b186f90,23,1,haply,mpc,seeded_random,695680705,persist_session,10.0,19.290299701690675,678.329219926,0,1785928020.1718085,448,True,careful,adaptive,-0.08,-0.08,0.0,0.08,-0.08,0.0,0.081791625,-0.0769185199999999,0.0,0.042879418,-0.20211133,0.12017217,-8.941555e-06,0.00012635544,6.868546e-05,"[-1.0570011842254072, 3.503208882029853, 0.0, 0.0, 0.0, 0.0, -7.48548314568577, 17.103851474242116]","[0.0018937497466878506, 0.02306636660376787, 0.0]","{""Controller Type"": ""MPC Controller"", ""weight_comfort"": 44.04265360452316, ""weight_trajectory"": 1682077.8326480333, ""weight_goal"": 2501000.0, ""Q"": [[1682077.8326480333, 0.0, 0.0, 0.0], [0.0, 0.0, 0.0, 0.0], [0.0, 0.0, 1682077.8326480333, 0.0], [0.0, 0.0, 0.0, 0.0]], ""R"": [[44.04265360452316, 0.0], [0.0, 44.04265360452316]], ""P"": [[2501000.0, 0.0, 0.0, 0.0], [0.0, 250100000.0, 0.0, 0.0], [0.0, 0.0, 2501000.0, 0.0], [0.0, 0.0, 0.0, 250100000.0]]}","[-0.31142195129218836, -0.5356257658315038, 0.0]",False
3,P03,55adbc0f-f8c9-48ae-936c-320d5b186f90,23,1,haply,mpc,seeded_random,695680705,persist_session,10.0,19.30008010864258,678.339002216,0,1785928020.1817307,449,True,careful,adaptive,-0.08,-0.08,0.0,0.08,-0.08,0.0,0.081791625,-0.0769185199999999,0.0,0.042879418,-0.20211133,0.12017217,-6.567885e-06,9.28125e-05,5.0451876e-05,"[-1.0569997163529765, 3.5032081647253235, 0.0, 0.0, 0.0, 0.0, -7.485435062971768, 17.103812428533395]","[0.0018937471168109067, 0.023066218437846328, 0.0]","{""Controller Type"": ""MPC Controller"", ""weight_comfort"": 44.04261372853832, ""weight_trajectory"": 1682079.031320138, ""weight_goal"": 2501000.0, ""Q"": [[1682079.031320138, 0.0, 0.0, 0.0], [0.0, 0.0, 0.0, 0.0], [0.0, 0.0, 1682079.031320138, 0.0], [0.0, 0.0, 0.0, 0.0]], ""R"": [[44.04261372853832, 0.0], [0.0, 44.04261372853832]], ""P"": [[2501000.0, 0.0, 0.0, 0.0], [0.0, 250100000.0, 0.0, 0.0], [0.0, 0.0, 2501000.0, 0.0], [0.0, 0.0, 0.0, 250100000.0]]}","[-0.31142195129218847, -0.5356257658315046, 0.0]",False
3,P03,55adbc0f-f8c9-48ae-936c-320d5b186f90,23,1,haply,mpc,seeded_random,695680705,persist_session,10.0,19.31034450531006,678.349240059,0,1785928020.1919675,450,True,careful,adaptive,-0.08,-0.08,0.0,0.08,-0.08,0.0,0.081791625,-0.0769185199999999,0.0,0.042879418,-0.20211133,0.12017217,-4.5795286e-06,6.4714535e-05,3.5178116e-05,"[-1.056998247015287, 3.5032074467047667, 0.0, 0.0, 0.0, 0.0, -7.485386932745561, 17.10377334424225]","[0.0018937444843087688, 0.023066070125516876, 0.0]","{""Controller Type"": ""MPC Controller"", ""weight_comfort"": 44.04261372853832, ""weight_trajectory"": 1682079.031320138, ""weight_goal"": 2501000.0, ""Q"": [[1682079.031320138, 0.0, 0.0, 0.0], [0.0, 0.0, 0.0, 0.0], [0.0, 0.0, 1682079.031320138, 0.0], [0.0, 0.0, 0.0, 0.0]], ""R"": [[44.04261372853832, 0.0], [0.0, 44.04261372853832]], ""P"": [[2501000.0, 0.0, 0.0, 0.0], [0.0, 250100000.0, 0.0, 0.0], [0.0, 0.0, 2501000.0, 0.0], [0.0, 0.0, 0.0, 250100000.0]]}","[-0.31142195504119574, -0.5356257722795563, 0.0]",False
3,P03,55adbc0f-f8c9-48ae-936c-320d5b186f90,23,1,haply,mpc,seeded_random,695680705,persist_session,10.0,19.3199191570282,678.358837401,0,1785928020.20171,451,True,careful,adaptive,-0.08,-0.08,0.0,0.08,-0.08,0.0,0.081791625,-0.0769185199999999,0.0,0.042879418,-0.20211133,0.12017217,-3.2865858e-06,4.6443616e-05,2.5246247e-05,"[-1.05699677621088, 3.50320672796747, 0.0, 0.0, 0.0, 0.0, -7.485338754960814, 17.103734221331052]","[0.0018937418491788234, 0.023065921666636735, 0.0]","{""Controller Type"": ""MPC Controller"", ""weight_comfort"": 44.04261372853832, ""weight_trajectory"": 1682079.031320138, ""weight_goal"": 2501000.0, ""Q"": [[1682079.031320138, 0.0, 0.0, 0.0], [0.0, 0.0, 0.0, 0.0], [0.0, 0.0, 1682079.031320138, 0.0], [0.0, 0.0, 0.0, 0.0]], ""R"": [[44.04261372853832, 0.0], [0.0, 44.04261372853832]], ""P"": [[2501000.0, 0.0, 0.0, 0.0], [0.0, 250100000.0, 0.0, 0.0], [0.0, 0.0, 2501000.0, 0.0], [0.0, 0.0, 0.0, 250100000.0]]}","[-0.31142195504119663, -0.5356257722795569, 0.0]",False
3,P03,55adbc0f-f8c9-48ae-936c-320d5b186f90,23,1,haply,mpc,seeded_random,695680705,persist_session,10.0,19.33003716468811,678.368951806,0,1785928020.2118387,452,True,careful,adaptive,-0.08,-0.08,0.0,0.08,-0.08,0.0,0.081791625,-0.0769185199999999,0.0,0.042879418,-0.20211133,0.12017217,-2.3731468e-06,3.3535565e-05,1.822957e-05,"[-1.056995303938296, 3.5032060085127195, 0.0, 0.0, 0.0, 0.0, -7.485290529571153, 17.103695059762146]","[0.0018937392114184548, 0.023065773061063003, 0.0]","{""Controller Type"": ""MPC Controller"", ""weight_comfort"": 44.042573734167156, ""weight_trajectory"": 1682080.233550935, ""weight_goal"": 2501000.0, ""Q"": [[1682080.233550935, 0.0, 0.0, 0.0], [0.0, 0.0, 0.0, 0.0], [0.0, 0.0, 1682080.233550935, 0.0], [0.0, 0.0, 0.0, 0.0]], ""R"": [[44.042573734167156, 0.0], [0.0, 44.042573734167156]], ""P"": [[2501000.0, 0.0, 0.0, 0.0], [0.0, 250100000.0, 0.0, 0.0], [0.0, 0.0, 2501000.0, 0.0], [0.0, 0.0, 0.0, 250100000.0]]}","[-0.3114219550411965, -0.5356257722795568, 0.0]",False
3,P03,55adbc0f-f8c9-48ae-936c-320d5b186f90,23,1,haply,mpc,seeded_random,695680705,persist_session,10.0,19.339950132369996,678.378867522,0,1785928020.2217972,453,True,careful,adaptive,-0.08,-0.08,0.0,0.08,-0.08,0.0,0.081791625,-0.0769185199999999,0.0,0.042879418,-0.20211133,0.12017217,-1.6763605e-06,2.3689097e-05,1.2877135e-05,"[-1.056993830196073, 3.5032052883398017, 0.0, 0.0, 0.0, 0.0, -7.485242256530156, 17.10365585949783]","[0.0018937365710250448, 0.02306562430865263, 0.0]","{""Controller Type"": ""MPC Controller"", ""weight_comfort"": 44.042573734167156, ""weight_trajectory"": 1682080.233550935, ""weight_goal"": 2501000.0, ""Q"": [[1682080.233550935, 0.0, 0.0, 0.0], [0.0, 0.0, 0.0, 0.0], [0.0, 0.0, 1682080.233550935, 0.0], [0.0, 0.0, 0.0, 0.0]], ""R"": [[44.042573734167156, 0.0], [0.0, 44.042573734167156]], ""P"": [[2501000.0, 0.0, 0.0, 0.0], [0.0, 250100000.0, 0.0, 0.0], [0.0, 0.0, 2501000.0, 0.0], [0.0, 0.0, 0.0, 250100000.0]]}","[-0.31142195880132906, -0.5356257787467432, 0.0]",False
3,P03,55adbc0f-f8c9-48ae-936c-320d5b186f90,23,1,haply,mpc,seeded_random,695680705,persist_session,10.0,19.35008339881897,678.388986829,0,1785928020.231859,454,True,careful,adaptive,-0.08,-0.08,0.0,0.08,-0.08,0.0,0.081791625,-0.0769185199999999,0.0,0.0428785,-0.20208427,0.12024084,-1.8283215e-06,3.5101777e-05,5.447902e-05,"[-1.0569923549827485, 3.5032045674480012, 0.0, 0.0, 0.0, 0.0, -7.485193935791358, 17.10361662050038]","[0.001893733927995972, 0.02306547540926244, 0.0]","{""Controller Type"": ""MPC Controller"", ""weight_comfort"": 44.042573734167156, ""weight_trajectory"": 1682080.233550935, ""weight_goal"": 2501000.0, ""Q"": [[1682080.233550935, 0.0, 0.0, 0.0], [0.0, 0.0, 0.0, 0.0], [0.0, 0.0, 1682080.233550935, 0.0], [0.0, 0.0, 0.0, 0.0]], ""R"": [[44.042573734167156, 0.0], [0.0, 44.042573734167156]], ""P"": [[2501000.0, 0.0, 0.0, 0.0], [0.0, 250100000.0, 0.0, 0.0], [0.0, 0.0, 2501000.0, 0.0], [0.0, 0.0, 0.0, 250100000.0]]}","[-0.3114219588013295, -0.535625778746744, 0.0]",False
3,P03,55adbc0f-f8c9-48ae-936c-320d5b186f90,23,1,haply,mpc,seeded_random,695680705,persist_session,10.0,19.360158729553223,678.399054764,0,1785928020.2416728,455,True,careful,adaptive,-0.08,-0.08,0.0,0.08,-0.08,0.0,0.0817888709999999,-0.0767811799999999,0.0,0.0428785,-0.20208427,0.12024084,-2.7914934e-06,6.91162e-05,0.00015092097,"[-1.0569908782968578, 3.5032038458366026, 0.0, 0.0, 0.0, 0.0, -7.485145567308251, 17.10357734273202]","[0.0018937312823286132, 0.023065326362749116, 0.0]","{""Controller Type"": ""MPC Controller"", ""weight_comfort"": 44.04253362106265, ""weight_trajectory"": 1682081.4393508562, ""weight_goal"": 2501000.0, ""Q"": [[1682081.4393508562, 0.0, 0.0, 0.0], [0.0, 0.0, 0.0, 0.0], [0.0, 0.0, 1682081.4393508562, 0.0], [0.0, 0.0, 0.0, 0.0]], ""R"": [[44.04253362106265, 0.0], [0.0, 44.04253362106265]], ""P"": [[2501000.0, 0.0, 0.0, 0.0], [0.0, 250100000.0, 0.0, 0.0], [0.0, 0.0, 2501000.0, 0.0], [0.0, 0.0, 0.0, 250100000.0]]}","[-0.30570024625315767, -0.8209634574527481, 0.0]",False
3,P03,55adbc0f-f8c9-48ae-936c-320d5b186f90,23,1,haply,mpc,seeded_random,695680705,persist_session,10.0,19.37013773918152,678.409062712,0,1785928020.2520351,456,True,careful,adaptive,-0.08,-0.08,0.0,0.08,-0.08,0.0,0.0817888709999999,-0.0767811799999999,0.0,0.0428785,-0.20208427,0.12024084,-2.7914934e-06,6.91162e-05,0.00015092097,"[-1.056969647804899, 3.503195186704032, 0.0, 0.0, 0.0, 0.0, -7.49669122770861, 17.124861884945698]","[0.0009076959065528771, 0.26378608603472375, 0.0]","{""Controller Type"": ""MPC Controller"", ""weight_comfort"": 44.04253362106265, ""weight_trajectory"": 1682081.4393508562, ""weight_goal"": 2501000.0, ""Q"": [[1682081.4393508562, 0.0, 0.0, 0.0], [0.0, 0.0, 0.0, 0.0], [0.0, 0.0, 1682081.4393508562, 0.0], [0.0, 0.0, 0.0, 0.0]], ""R"": [[44.04253362106265, 0.0], [0.0, 44.04253362106265]], ""P"": [[2501000.0, 0.0, 0.0, 0.0], [0.0, 250100000.0, 0.0, 0.0], [0.0, 0.0, 2501000.0, 0.0], [0.0, 0.0, 0.0, 250100000.0]]}","[-0.3109432594458767, -0.5594983539705121, 0.0]",False
3,P03,55adbc0f-f8c9-48ae-936c-320d5b186f90,23,1,haply,mpc,seeded_random,695680705,persist_session,10.0,19.379970598220826,678.418897612,0,1785928020.261839,457,True,careful,adaptive,-0.08,-0.08,0.0,0.08,-0.08,0.0,0.0817888709999999,-0.0767811799999999,0.0,0.0428785,-0.20208427,0.12024084,-3.9115453e-06,0.0001086709,0.00026307133,"[-1.0569892996798582, 3.5032047899784, 0.0, 0.0, 0.0, 0.0, -7.493674525702246, 17.122412613960382]","[0.0018908175055075904, 0.02412078943682109, 0.0]","{""Controller Type"": ""MPC Controller"", ""weight_comfort"": 44.04253362106265, ""weight_trajectory"": 1682081.4393508562, ""weight_goal"": 2501000.0, ""Q"": [[1682081.4393508562, 0.0, 0.0, 0.0], [0.0, 0.0, 0.0, 0.0], [0.0, 0.0, 1682081.4393508562, 0.0], [0.0, 0.0, 0.0, 0.0]], ""R"": [[44.04253362106265, 0.0], [0.0, 44.04253362106265]], ""P"": [[2501000.0, 0.0, 0.0, 0.0], [0.0, 250100000.0, 0.0, 0.0], [0.0, 0.0, 2501000.0, 0.0], [0.0, 0.0, 0.0, 250100000.0]]}","[-0.31094325963321146, -0.5594983545785169, 0.0]",False
3,P03,55adbc0f-f8c9-48ae-936c-320d5b186f90,23,1,haply,mpc,seeded_random,695680705,persist_session,10.0,19.390049982070924,678.428978634,0,1785928020.272174,458,True,careful,adaptive,-0.08,-0.08,0.0,0.08,-0.08,0.0,0.0817888709999999,-0.0767811799999999,0.0,0.0428785,-0.20208427,0.12024084,-3.6145318e-06,0.0001018033,0.00024913583,"[-1.05698782311511, 3.503204068426058, 0.0, 0.0, 0.0, 0.0, -7.493621539425139, 17.122369594215353]","[0.0018908148641237324, 0.024120618883532615, 0.0]","{""Controller Type"": ""MPC Controller"", ""weight_comfort"": 44.04253362106265, ""weight_trajectory"": 1682081.4393508562, ""weight_goal"": 2501000.0, ""Q"": [[1682081.4393508562, 0.0, 0.0, 0.0], [0.0, 0.0, 0.0, 0.0], [0.0, 0.0, 1682081.4393508562, 0.0], [0.0, 0.0, 0.0, 0.0]], ""R"": [[44.04253362106265, 0.0], [0.0, 44.04253362106265]], ""P"": [[2501000.0, 0.0, 0.0, 0.0], [0.0, 250100000.0, 0.0, 0.0], [0.0, 0.0, 2501000.0, 0.0], [0.0, 0.0, 0.0, 250100000.0]]}","[-0.31094325963321046, -0.559498354578518, 0.0]",False
3,P03,55adbc0f-f8c9-48ae-936c-320d5b186f90,23,1,haply,mpc,seeded_random,695680705,persist_session,10.0,19.400003242492676,678.438925732,0,1785928020.282044,459,True,careful,adaptive,-0.08,-0.08,0.0,0.08,-0.08,0.0,0.0817888709999999,-0.0767811799999999,0.0,0.0428785,-0.20208427,0.12024084,-2.6424339e-06,7.442416e-05,0.00018213283,"[-1.0569863450764505, 3.50320334615346, 0.0, 0.0, 0.0, 0.0, -7.493568500859147, 17.122326532016796]","[0.0018908122201032377, 0.024120448161935627, 0.0]","{""Controller Type"": ""MPC Controller"", ""weight_comfort"": 44.03761282432033, ""weight_trajectory"": 1682229.3585009307, ""weight_goal"": 2501000.0, ""Q"": [[1682229.3585009307, 0.0, 0.0, 0.0], [0.0, 0.0, 0.0, 0.0], [0.0, 0.0, 1682229.3585009307, 0.0], [0.0, 0.0, 0.0, 0.0]], ""R"": [[44.03761282432033, 0.0], [0.0, 44.03761282432033]], ""P"": [[2501000.0, 0.0, 0.0, 0.0], [0.0, 250100000.0, 0.0, 0.0], [0.0, 0.0, 2501000.0, 0.0], [0.0, 0.0, 0.0, 250100000.0]]}","[-0.31094372151991106, -0.5594991856783044, 0.0]",False
