schema_version,participant_id,session_id,trial_id,attempt_id,input_source,controller_family,order_strategy,order_seed,estimator_state_policy,max_control_amplitude,timestamp,monotonic_timestamp,missed_cycle_count,cursor_timestamp,cursor_sample_sequence,study_running,study_phase,study_controller_mode,start_x,start_y,start_z,end_x,end_y,end_z,cursor_x,cursor_y,cursor_z,haply_pos_x,haply_pos_y,haply_pos_z,haply_vel_x,haply_vel_y,haply_vel_z,K_h,u_h,K_a,u_a,endpoint_reached
3,P02,6800b3a4-1011-434f-a1f4-d5be725d3709,7,1,haply,mpc,seeded_random,1538163069,persist_session,10.0,1785314982.8398445,5069.901643459,0,1785314982.8369894,310,True,normal,fixed,-0.08,-0.08,0.0,0.08,-0.08,0.0,-0.08031043499999999,-0.08186872,0.0,,,,,,,,,"{""Controller Type"": ""MPC Controller"", ""weight_comfort"": 1000.0, ""weight_trajectory"": 1000.0, ""weight_goal"": 100.0, ""Q"": [[1000.0, 0.0, 0.0, 0.0], [0.0, 0.0, 0.0, 0.0], [0.0, 0.0, 1000.0, 0.0], [0.0, 0.0, 0.0, 0.0]], ""R"": [[1000.0, 0.0], [0.0, 1000.0]], ""P"": [[100.0, 0.0, 0.0, 0.0], [0.0, 10000.0, 0.0, 0.0], [0.0, 0.0, 100.0, 0.0], [0.0, 0.0, 0.0, 10000.0]]}",,
3,P02,6800b3a4-1011-434f-a1f4-d5be725d3709,7,1,haply,mpc,seeded_random,1538163069,persist_session,10.0,1785314982.8499804,5069.911765777,0,1785314982.8467057,311,True,normal,fixed,-0.08,-0.08,0.0,0.08,-0.08,0.0,-0.08031043499999999,-0.08186872,0.0,0.030168235,-0.227624,0.08660198,0.00021216074,0.00052710087,-0.0009270209,,,"{""Controller Type"": ""MPC Controller"", ""weight_comfort"": 1000.0, ""weight_trajectory"": 1000.0, ""weight_goal"": 100.0, ""Q"": [[1000.0, 0.0, 0.0, 0.0], [0.0, 0.0, 0.0, 0.0], [0.0, 0.0, 1000.0, 0.0], [0.0, 0.0, 0.0, 0.0]], ""R"": [[1000.0, 0.0], [0.0, 1000.0]], ""P"": [[100.0, 0.0, 0.0, 0.0], [0.0, 10000.0, 0.0, 0.0], [0.0, 0.0, 100.0, 0.0], [0.0, 0.0, 0.0, 10000.0]]}","[0.006405187198548947, 8.281247719082337e-05, 0.0]",False
3,P02,6800b3a4-1011-434f-a1f4-d5be725d3709,7,1,haply,mpc,seeded_random,1538163069,persist_session,10.0,1785314982.8598833,5069.921663789,0,1785314982.856815,312,True,normal,fixed,-0.08,-0.08,0.0,0.08,-0.08,0.0,-0.08059741799999999,-0.08195939999999999,0.0,0.030072574,-0.22757587,0.08655664,0.00015157627,0.00041500176,-0.0008441432,"[1.0417355567414532, 1.6499654885735215, 0.0, 0.0, 0.0, 0.0, -1.7378034141812848, 3.657486532566728]","[0.1670010802561895, -0.003247467996148858, 0.0]","{""Controller Type"": ""MPC Controller"", ""weight_comfort"": 1000.0, ""weight_trajectory"": 1000.0, ""weight_goal"": 100.0, ""Q"": [[1000.0, 0.0, 0.0, 0.0], [0.0, 0.0, 0.0, 0.0], [0.0, 0.0, 1000.0, 0.0], [0.0, 0.0, 0.0, 0.0]], ""R"": [[1000.0, 0.0], [0.0, 1000.0]], ""P"": [[100.0, 0.0, 0.0, 0.0], [0.0, 10000.0, 0.0, 0.0], [0.0, 0.0, 100.0, 0.0], [0.0, 0.0, 0.0, 10000.0]]}","[0.006405187198544761, 8.281247719387691e-05, 0.0]",False
3,P02,6800b3a4-1011-434f-a1f4-d5be725d3709,7,1,haply,mpc,seeded_random,1538163069,persist_session,10.0,1785314982.869932,5069.931732215,0,1785314982.8665767,313,True,normal,fixed,-0.08,-0.08,0.0,0.08,-0.08,0.0,-0.08088952199999999,-0.08214451,0.0,0.029975206,-0.22746769,0.086464085,-0.00015589873,0.0006394975,-0.00093636336,"[0.11220661754677275, 1.9686876634397512, 0.0, 0.0, 0.0, 0.0, -1.7878876175539213, 3.7100703732469618]","[-0.03786636087438175, -0.036781953599777165, 0.0]","{""Controller Type"": ""MPC Controller"", ""weight_comfort"": 1000.0, ""weight_trajectory"": 1000.0, ""weight_goal"": 100.0, ""Q"": [[1000.0, 0.0, 0.0, 0.0], [0.0, 0.0, 0.0, 0.0], [0.0, 0.0, 1000.0, 0.0], [0.0, 0.0, 0.0, 0.0]], ""R"": [[1000.0, 0.0], [0.0, 1000.0]], ""P"": [[100.0, 0.0, 0.0, 0.0], [0.0, 10000.0, 0.0, 0.0], [0.0, 0.0, 100.0, 0.0], [0.0, 0.0, 0.0, 10000.0]]}","[0.006794948721970465, 0.0002059681168847614, 0.0]",False
3,P02,6800b3a4-1011-434f-a1f4-d5be725d3709,7,1,haply,mpc,seeded_random,1538163069,persist_session,10.0,1785314982.8798327,5069.941622553,0,1785314982.8766828,314,True,normal,fixed,-0.08,-0.08,0.0,0.08,-0.08,0.0,-0.08090552999999999,-0.08242730000000001,0.0,0.02996987,-0.22728787,0.08632269,-0.00047769127,0.00097511057,-0.0011041902,"[0.07681360340304166, 1.980893782097224, 0.0, 0.0, 0.0, 0.0, -1.8890233746170682, 3.8257093997234817]","[-0.0469175024496603, -0.07659847119832863, 0.0]","{""Controller Type"": ""MPC Controller"", ""weight_comfort"": 1000.0, ""weight_trajectory"": 1000.0, ""weight_goal"": 100.0, ""Q"": [[1000.0, 0.0, 0.0, 0.0], [0.0, 0.0, 0.0, 0.0], [0.0, 0.0, 1000.0, 0.0], [0.0, 0.0, 0.0, 0.0]], ""R"": [[1000.0, 0.0], [0.0, 1000.0]], ""P"": [[100.0, 0.0, 0.0, 0.0], [0.0, 10000.0, 0.0, 0.0], [0.0, 0.0, 100.0, 0.0], [0.0, 0.0, 0.0, 10000.0]]}","[0.0068282970803013165, 0.0003469017018624919, 0.0]",False
3,P02,6800b3a4-1011-434f-a1f4-d5be725d3709,7,1,haply,mpc,seeded_random,1538163069,persist_session,10.0,1785314982.8897843,5069.951589681,0,1785314982.8867202,315,True,normal,fixed,-0.08,-0.08,0.0,0.08,-0.08,0.0,-0.08091087,-0.08252141999999998,0.0,0.02996809,-0.2272279,0.08627563,-0.00071521895,0.0015096667,-0.0014547777,"[0.8511878106994268, 1.7463812139511599, 0.0, 0.0, 0.0, 0.0, -2.0064496328379637, 3.9633419799210445]","[0.1341945651182163, -0.11577307132227678, 0.0]","{""Controller Type"": ""MPC Controller"", ""weight_comfort"": 1000.0, ""weight_trajectory"": 1000.0, ""weight_goal"": 100.0, ""Q"": [[1000.0, 0.0, 0.0, 0.0], [0.0, 0.0, 0.0, 0.0], [0.0, 0.0, 1000.0, 0.0], [0.0, 0.0, 0.0, 0.0]], ""R"": [[1000.0, 0.0], [0.0, 1000.0]], ""P"": [[100.0, 0.0, 0.0, 0.0], [0.0, 10000.0, 0.0, 0.0], [0.0, 0.0, 100.0, 0.0], [0.0, 0.0, 0.0, 10000.0]]}","[0.00645259744956005, 0.0004792237099366699, 0.0]",False
3,P02,6800b3a4-1011-434f-a1f4-d5be725d3709,7,1,haply,mpc,seeded_random,1538163069,persist_session,10.0,1785314982.8998637,5069.961645719,0,1785314982.896927,316,True,normal,fixed,-0.08,-0.08,0.0,0.08,-0.08,0.0,-0.08091354599999999,-0.08246408,0.0,0.029967198,-0.22715913,0.0863043,-0.0008887311,0.0020416074,-0.0018221694,"[0.8428805398328669, 1.7488826888782703, 0.0, 0.0, 0.0, 0.0, -1.8807482167490466, 3.835988853491466]","[0.13469821945487412, -0.04071187672138796, 0.0]","{""Controller Type"": ""MPC Controller"", ""weight_comfort"": 1000.0, ""weight_trajectory"": 1000.0, ""weight_goal"": 100.0, ""Q"": [[1000.0, 0.0, 0.0, 0.0], [0.0, 0.0, 0.0, 0.0], [0.0, 0.0, 1000.0, 0.0], [0.0, 0.0, 0.0, 0.0]], ""R"": [[1000.0, 0.0], [0.0, 1000.0]], ""P"": [[100.0, 0.0, 0.0, 0.0], [0.0, 10000.0, 0.0, 0.0], [0.0, 0.0, 100.0, 0.0], [0.0, 0.0, 0.0, 10000.0]]}","[0.006438861646858251, 0.0002362806557962139, 0.0]",False
3,P02,6800b3a4-1011-434f-a1f4-d5be725d3709,7,1,haply,mpc,seeded_random,1538163069,persist_session,10.0,1785314982.9097786,5069.971583057,0,1785314982.9066885,317,True,normal,fixed,-0.08,-0.08,0.0,0.08,-0.08,0.0,-0.08091088499999999,-0.08231249999999998,0.0,0.029968085,-0.22715028,0.08638009,-0.0008149332,0.004097951,-0.0032490666,"[0.8150234421153225, 1.7572580917565916, 0.0, 0.0, 0.0, 0.0, -1.8854019242219608, 3.8680408201394916]","[0.13068760367772803, 0.01708389575727363, 0.0]","{""Controller Type"": ""MPC Controller"", ""weight_comfort"": 1000.0, ""weight_trajectory"": 1000.0, ""weight_goal"": 100.0, ""Q"": [[1000.0, 0.0, 0.0, 0.0], [0.0, 0.0, 0.0, 0.0], [0.0, 0.0, 1000.0, 0.0], [0.0, 0.0, 0.0, 0.0]], ""R"": [[1000.0, 0.0], [0.0, 1000.0]], ""P"": [[100.0, 0.0, 0.0, 0.0], [0.0, 10000.0, 0.0, 0.0], [0.0, 0.0, 100.0, 0.0], [0.0, 0.0, 0.0, 10000.0]]}","[0.006435396303465881, 3.4581212196651777e-05, 0.0]",False
3,P02,6800b3a4-1011-434f-a1f4-d5be725d3709,7,1,haply,mpc,seeded_random,1538163069,persist_session,10.0,1785314982.919952,5069.981728092,0,1785314982.9168637,318,True,normal,fixed,-0.08,-0.08,0.0,0.08,-0.08,0.0,-0.080905572,-0.08200949199999999,0.0,0.029969856,-0.22713254,0.086531594,-0.00067835697,0.0062513743,-0.004282494,"[0.7960441687003083, 1.7629461413340062, 0.0, 0.0, 0.0, 0.0, -1.933970238489473, 3.9468470710070194]","[0.12857276172889887, 0.056816766790121806, 0.0]","{""Controller Type"": ""MPC Controller"", ""weight_comfort"": 1000.0, ""weight_trajectory"": 1000.0, ""weight_goal"": 100.0, ""Q"": [[1000.0, 0.0, 0.0, 0.0], [0.0, 0.0, 0.0, 0.0], [0.0, 0.0, 1000.0, 0.0], [0.0, 0.0, 0.0, 0.0]], ""R"": [[1000.0, 0.0], [0.0, 1000.0]], ""P"": [[100.0, 0.0, 0.0, 0.0], [0.0, 10000.0, 0.0, 0.0], [0.0, 0.0, 100.0, 0.0], [0.0, 0.0, 0.0, 10000.0]]}","[0.006428175444346459, -0.00010377181421672423, 0.0]",False
3,P02,6800b3a4-1011-434f-a1f4-d5be725d3709,7,1,haply,mpc,seeded_random,1538163069,persist_session,10.0,1785314982.9298787,5069.991655889,0,1785314982.9267106,319,True,normal,fixed,-0.08,-0.08,0.0,0.08,-0.08,0.0,-0.08090292899999998,-0.08185825999999999,0.0,0.029970737,-0.2271236,0.08660721,-0.0005778714,0.0078108464,-0.0046309256,"[0.7711143708258156, 1.7704059275210615, 0.0, 0.0, 0.0, 0.0, -2.0878700221120923, 4.164039733458908]","[0.12500101717712664, 0.1198053327642386, 0.0]","{""Controller Type"": ""MPC Controller"", ""weight_comfort"": 1000.0, ""weight_trajectory"": 1000.0, ""weight_goal"": 100.0, ""Q"": [[1000.0, 0.0, 0.0, 0.0], [0.0, 0.0, 0.0, 0.0], [0.0, 0.0, 1000.0, 0.0], [0.0, 0.0, 0.0, 0.0]], ""R"": [[1000.0, 0.0], [0.0, 1000.0]], ""P"": [[100.0, 0.0, 0.0, 0.0], [0.0, 10000.0, 0.0, 0.0], [0.0, 0.0, 100.0, 0.0], [0.0, 0.0, 0.0, 10000.0]]}","[0.006424625561791557, -0.0003064724944372963, 0.0]",False
3,P02,6800b3a4-1011-434f-a1f4-d5be725d3709,7,1,haply,mpc,seeded_random,1538163069,persist_session,10.0,1785314982.9400249,5070.001800754,0,1785314982.9368327,320,True,normal,fixed,-0.08,-0.08,0.0,0.08,-0.08,0.0,-0.080897637,-0.08155537999999998,0.0,0.029972501,-0.22710562,0.08675865,-0.00042634405,0.00686319,-0.0029758925,"[0.7363914321833612, 1.780813249335588, 0.0, 0.0, 0.0, 0.0, -2.005190053641078, 4.03666527835844]","[0.11896552400113347, 0.05827013567335772, 0.0]","{""Controller Type"": ""MPC Controller"", ""weight_comfort"": 1000.0, ""weight_trajectory"": 1000.0, ""weight_goal"": 100.0, ""Q"": [[1000.0, 0.0, 0.0, 0.0], [0.0, 0.0, 0.0, 0.0], [0.0, 0.0, 1000.0, 0.0], [0.0, 0.0, 0.0, 0.0]], ""R"": [[1000.0, 0.0], [0.0, 1000.0]], ""P"": [[100.0, 0.0, 0.0, 0.0], [0.0, 10000.0, 0.0, 0.0], [0.0, 0.0, 100.0, 0.0], [0.0, 0.0, 0.0, 10000.0]]}","[0.006427878625279175, -0.00012163931166199747, 0.0]",False
3,P02,6800b3a4-1011-434f-a1f4-d5be725d3709,7,1,haply,mpc,seeded_random,1538163069,persist_session,10.0,1785314982.9498036,5070.011604886,0,1785314982.9468539,321,True,normal,fixed,-0.08,-0.08,0.0,0.08,-0.08,0.0,-0.08117067899999998,-0.08130594,0.0,0.029881487,-0.22716822,0.08688337,-0.00029576785,0.005166513,-0.0009175765,"[0.7153013205702012, 1.7871236489428284, 0.0, 0.0, 0.0, 0.0, -2.170329232571093, 4.264462059235686]","[0.11602463341664845, 0.12422879002666878, 0.0]","{""Controller Type"": ""MPC Controller"", ""weight_comfort"": 1000.0, ""weight_trajectory"": 1000.0, ""weight_goal"": 100.0, ""Q"": [[1000.0, 0.0, 0.0, 0.0], [0.0, 0.0, 0.0, 0.0], [0.0, 0.0, 1000.0, 0.0], [0.0, 0.0, 0.0, 0.0]], ""R"": [[1000.0, 0.0], [0.0, 1000.0]], ""P"": [[100.0, 0.0, 0.0, 0.0], [0.0, 10000.0, 0.0, 0.0], [0.0, 0.0, 100.0, 0.0], [0.0, 0.0, 0.0, 10000.0]]}","[0.006424265049521326, -0.0003285060790358971, 0.0]",False
3,P02,6800b3a4-1011-434f-a1f4-d5be725d3709,7,1,haply,mpc,seeded_random,1538163069,persist_session,10.0,1785314982.9599004,5070.021684319,0,1785314982.9570174,322,True,normal,fixed,-0.08,-0.08,0.0,0.08,-0.08,0.0,-0.08115751499999999,-0.08096616000000001,0.0,0.029885875,-0.22727898,0.08705326,-0.0004148704,0.0038858207,0.000674544,"[0.06930297557391729, 2.0160710621789386, 0.0, 0.0, 0.0, 0.0, -2.107353578475359, 4.177531198877518]","[-0.043761093404734955, 0.10123171421550305, 0.0]","{""Controller Type"": ""MPC Controller"", ""weight_comfort"": 1000.0, ""weight_trajectory"": 1000.0, ""weight_goal"": 100.0, ""Q"": [[1000.0, 0.0, 0.0, 0.0], [0.0, 0.0, 0.0, 0.0], [0.0, 0.0, 1000.0, 0.0], [0.0, 0.0, 0.0, 0.0]], ""R"": [[1000.0, 0.0], [0.0, 1000.0]], ""P"": [[100.0, 0.0, 0.0, 0.0], [0.0, 10000.0, 0.0, 0.0], [0.0, 0.0, 100.0, 0.0], [0.0, 0.0, 0.0, 10000.0]]}","[0.006805194688233967, -0.0002727311401257261, 0.0]",False
3,P02,6800b3a4-1011-434f-a1f4-d5be725d3709,7,1,haply,mpc,seeded_random,1538163069,persist_session,10.0,1785314982.9698744,5070.031678017,0,1785314982.96662,323,True,normal,fixed,-0.08,-0.08,0.0,0.08,-0.08,0.0,-0.08114171099999999,-0.08047472,0.0,0.029891143,-0.22738045,0.08729898,-0.00058259576,0.0023618285,0.0034771133,"[0.6559863613867813, 1.8428125017894517, 0.0, 0.0, 0.0, 0.0, -2.2105908871001576, 4.315430039359739]","[0.10810397448955626, 0.1421344215224843, 0.0]","{""Controller Type"": ""MPC Controller"", ""weight_comfort"": 1000.0, ""weight_trajectory"": 1000.0, ""weight_goal"": 100.0, ""Q"": [[1000.0, 0.0, 0.0, 0.0], [0.0, 0.0, 0.0, 0.0], [0.0, 0.0, 1000.0, 0.0], [0.0, 0.0, 0.0, 0.0]], ""R"": [[1000.0, 0.0], [0.0, 1000.0]], ""P"": [[100.0, 0.0, 0.0, 0.0], [0.0, 10000.0, 0.0, 0.0], [0.0, 0.0, 100.0, 0.0], [0.0, 0.0, 0.0, 10000.0]]}","[0.006425522594338959, -0.0004012169792888638, 0.0]",False
3,P02,6800b3a4-1011-434f-a1f4-d5be725d3709,7,1,haply,mpc,seeded_random,1538163069,persist_session,10.0,1785314982.9798024,5070.041597652,0,1785314982.9767888,324,True,normal,fixed,-0.08,-0.08,0.0,0.08,-0.08,0.0,-0.081131172,-0.08007754,0.0,0.029894656,-0.2274219,0.08749757,-0.00068120426,0.0011134874,0.0062925415,"[0.6412563794090597, 1.8471508759491355, 0.0, 0.0, 0.0, 0.0, -2.588331092642512, 4.8071186303690485]","[0.1063732158273197, 0.24479041795663323, 0.0]","{""Controller Type"": ""MPC Controller"", ""weight_comfort"": 1000.0, ""weight_trajectory"": 1000.0, ""weight_goal"": 100.0, ""Q"": [[1000.0, 0.0, 0.0, 0.0], [0.0, 0.0, 0.0, 0.0], [0.0, 0.0, 1000.0, 0.0], [0.0, 0.0, 0.0, 0.0]], ""R"": [[1000.0, 0.0], [0.0, 1000.0]], ""P"": [[100.0, 0.0, 0.0, 0.0], [0.0, 10000.0, 0.0, 0.0], [0.0, 0.0, 100.0, 0.0], [0.0, 0.0, 0.0, 10000.0]]}","[0.006420165635776845, -0.0006587080247240368, 0.0]",False
3,P02,6800b3a4-1011-434f-a1f4-d5be725d3709,7,1,haply,mpc,seeded_random,1538163069,persist_session,10.0,1785314982.9898071,5070.051608561,0,1785314982.986673,325,True,normal,fixed,-0.08,-0.08,0.0,0.08,-0.08,0.0,-0.08111012999999999,-0.07949114999999998,0.0,0.02990167,-0.22758263,0.087790765,-0.00074892037,-4.5556422e-05,0.008819231,"[0.6084496960764408, 1.8568599654562379, 0.0, 0.0, 0.0, 0.0, -2.3414064330026996, 4.4887087977331666]","[0.09996467420525679, 0.17514168806496025, 0.0]","{""Controller Type"": ""MPC Controller"", ""weight_comfort"": 1000.0, ""weight_trajectory"": 1000.0, ""weight_goal"": 100.0, ""Q"": [[1000.0, 0.0, 0.0, 0.0], [0.0, 0.0, 0.0, 0.0], [0.0, 0.0, 1000.0, 0.0], [0.0, 0.0, 0.0, 0.0]], ""R"": [[1000.0, 0.0], [0.0, 1000.0]], ""P"": [[100.0, 0.0, 0.0, 0.0], [0.0, 10000.0, 0.0, 0.0], [0.0, 0.0, 100.0, 0.0], [0.0, 0.0, 0.0, 10000.0]]}","[0.006427792717574498, -0.0005153401758883056, 0.0]",False
3,P02,6800b3a4-1011-434f-a1f4-d5be725d3709,7,1,haply,mpc,seeded_random,1538163069,persist_session,10.0,1785314982.9999704,5070.061752753,0,1785314982.9966087,326,True,normal,fixed,-0.08,-0.08,0.0,0.08,-0.08,0.0,-0.08109171599999998,-0.07884784,0.0,0.029907808,-0.22767404,0.08811242,-0.00054322294,-0.002136095,0.0120561775,"[0.6100978858271126, 1.856376531079125, 0.0, 0.0, 0.0, 0.0, -2.8288700273276475, 5.10894275168118]","[0.1022448378362431, 0.3045277546621408, 0.0]","{""Controller Type"": ""MPC Controller"", ""weight_comfort"": 1000.0, ""weight_trajectory"": 1000.0, ""weight_goal"": 100.0, ""Q"": [[1000.0, 0.0, 0.0, 0.0], [0.0, 0.0, 0.0, 0.0], [0.0, 0.0, 1000.0, 0.0], [0.0, 0.0, 0.0, 0.0]], ""R"": [[1000.0, 0.0], [0.0, 1000.0]], ""P"": [[100.0, 0.0, 0.0, 0.0], [0.0, 10000.0, 0.0, 0.0], [0.0, 0.0, 100.0, 0.0], [0.0, 0.0, 0.0, 10000.0]]}","[0.006412350871438047, -0.0008105025929967771, 0.0]",False
3,P02,6800b3a4-1011-434f-a1f4-d5be725d3709,7,1,haply,mpc,seeded_random,1538163069,persist_session,10.0,1785314983.0098116,5070.071613705,0,1785314983.006628,327,True,normal,fixed,-0.08,-0.08,0.0,0.08,-0.08,0.0,-0.08106807299999999,-0.07810934,0.0,0.029915689,-0.22782454,0.08848167,-0.00024112572,-0.004295561,0.015672298,"[0.5857350035342039, 1.8635391894831232, 0.0, 0.0, 0.0, 0.0, -2.891978726000368, 5.1883148624735655]","[0.09781081407496058, 0.33926432354965225, 0.0]","{""Controller Type"": ""MPC Controller"", ""weight_comfort"": 1000.0, ""weight_trajectory"": 1000.0, ""weight_goal"": 100.0, ""Q"": [[1000.0, 0.0, 0.0, 0.0], [0.0, 0.0, 0.0, 0.0], [0.0, 0.0, 1000.0, 0.0], [0.0, 0.0, 0.0, 0.0]], ""R"": [[1000.0, 0.0], [0.0, 1000.0]], ""P"": [[100.0, 0.0, 0.0, 0.0], [0.0, 10000.0, 0.0, 0.0], [0.0, 0.0, 100.0, 0.0], [0.0, 0.0, 0.0, 10000.0]]}","[0.006415193846823354, -0.0009110365095101585, 0.0]",False
3,P02,6800b3a4-1011-434f-a1f4-d5be725d3709,7,1,haply,mpc,seeded_random,1538163069,persist_session,10.0,1785314983.0198457,5070.08163781,0,1785314983.0167065,328,True,normal,fixed,-0.08,-0.08,0.0,0.08,-0.08,0.0,-0.08104971899999999,-0.07746541199999998,0.0,0.029921807,-0.22791488,0.088803634,-1.9805046e-05,-0.005925839,0.018673899,"[0.576896325661404, 1.86612622600291, 0.0, 0.0, 0.0, 0.0, -3.0618996051456584, 5.399921633254097]","[0.09732316177455962, 0.4038049586877452, 0.0]","{""Controller Type"": ""MPC Controller"", ""weight_comfort"": 1000.0, ""weight_trajectory"": 1000.0, ""weight_goal"": 100.0, ""Q"": [[1000.0, 0.0, 0.0, 0.0], [0.0, 0.0, 0.0, 0.0], [0.0, 0.0, 1000.0, 0.0], [0.0, 0.0, 0.0, 0.0]], ""R"": [[1000.0, 0.0], [0.0, 1000.0]], ""P"": [[100.0, 0.0, 0.0, 0.0], [0.0, 10000.0, 0.0, 0.0], [0.0, 0.0, 100.0, 0.0], [0.0, 0.0, 0.0, 10000.0]]}","[0.0064074199500558935, -0.0010627677315785497, 0.0]",False
3,P02,6800b3a4-1011-434f-a1f4-d5be725d3709,7,1,haply,mpc,seeded_random,1538163069,persist_session,10.0,1785314983.029862,5070.091662121,0,1785314983.026656,329,True,normal,fixed,-0.08,-0.08,0.0,0.08,-0.08,0.0,-0.08103397799999998,-0.07697267999999999,0.0,0.029927054,-0.2280146,0.08905,0.00015014758,-0.0071248077,0.021466045,"[0.5500658822558784, 1.8740176597129863, 0.0, 0.0, 0.0, 0.0, -2.6723711033370656, 4.9233323009950185]","[0.09200076108931363, 0.32133341190301634, 0.0]","{""Controller Type"": ""MPC Controller"", ""weight_comfort"": 1000.0, ""weight_trajectory"": 1000.0, ""weight_goal"": 100.0, ""Q"": [[1000.0, 0.0, 0.0, 0.0], [0.0, 0.0, 0.0, 0.0], [0.0, 0.0, 1000.0, 0.0], [0.0, 0.0, 0.0, 0.0]], ""R"": [[1000.0, 0.0], [0.0, 1000.0]], ""P"": [[100.0, 0.0, 0.0, 0.0], [0.0, 10000.0, 0.0, 0.0], [0.0, 0.0, 100.0, 0.0], [0.0, 0.0, 0.0, 10000.0]]}","[0.006413760628385129, -0.0009609273431951086, 0.0]",False
3,P02,6800b3a4-1011-434f-a1f4-d5be725d3709,7,1,haply,mpc,seeded_random,1538163069,persist_session,10.0,1785314983.0398705,5070.101665105,0,1785314983.0367231,330,True,normal,fixed,-0.08,-0.08,0.0,0.08,-0.08,0.0,-0.081020919,-0.07642398,0.0,0.029931407,-0.22804466,0.08932435,0.00027007537,-0.0078544505,0.023435302,"[0.5298338997733514, 1.8799815121765326, 0.0, 0.0, 0.0, 0.0, -2.2735612839398893, 4.448100487165533]","[0.08829557589376137, 0.22716858129059472, 0.0]","{""Controller Type"": ""MPC Controller"", ""weight_comfort"": 1000.0, ""weight_trajectory"": 1000.0, ""weight_goal"": 100.0, ""Q"": [[1000.0, 0.0, 0.0, 0.0], [0.0, 0.0, 0.0, 0.0], [0.0, 0.0, 1000.0, 0.0], [0.0, 0.0, 0.0, 0.0]], ""R"": [[1000.0, 0.0], [0.0, 1000.0]], ""P"": [[100.0, 0.0, 0.0, 0.0], [0.0, 10000.0, 0.0, 0.0], [0.0, 0.0, 100.0, 0.0], [0.0, 0.0, 0.0, 10000.0]]}","[0.006416237702071081, -0.000791925845309404, 0.0]",False
3,P02,6800b3a4-1011-434f-a1f4-d5be725d3709,7,1,haply,mpc,seeded_random,1538163069,persist_session,10.0,1785314983.049886,5070.11168119,0,1785314983.0466096,331,True,normal,fixed,-0.08,-0.08,0.0,0.08,-0.08,0.0,-0.08101829999999999,-0.07627247000000001,0.0,0.02993228,-0.2280348,0.089400105,0.00035120067,-0.008286742,0.024733732,"[0.5099671233959648, 1.8858535681185533, 0.0, 0.0, 0.0, 0.0, -2.336481982547517, 4.522674434426247]","[0.08456166597334579, 0.25485735475734367, 0.0]","{""Controller Type"": ""MPC Controller"", ""weight_comfort"": 1000.0, ""weight_trajectory"": 1000.0, ""weight_goal"": 100.0, ""Q"": [[1000.0, 0.0, 0.0, 0.0], [0.0, 0.0, 0.0, 0.0], [0.0, 0.0, 1000.0, 0.0], [0.0, 0.0, 0.0, 0.0]], ""R"": [[1000.0, 0.0], [0.0, 1000.0]], ""P"": [[100.0, 0.0, 0.0, 0.0], [0.0, 10000.0, 0.0, 0.0], [0.0, 0.0, 100.0, 0.0], [0.0, 0.0, 0.0, 10000.0]]}","[0.00641944326598208, -0.0008823862084482176, 0.0]",False
3,P02,6800b3a4-1011-434f-a1f4-d5be725d3709,7,1,haply,mpc,seeded_random,1538163069,persist_session,10.0,1785314983.0599017,5070.12168148,0,1785314983.0566592,332,True,normal,fixed,-0.08,-0.08,0.0,0.08,-0.08,0.0,-0.08101571399999999,-0.07612143199999999,0.0,0.029933142,-0.22802489,0.089475624,0.00040956307,-0.008616664,0.025576482,"[0.4785990813343395, 1.8952181576385492, 0.0, 0.0, 0.0, 0.0, -1.9406833957922587, 4.128995285696323]","[0.07756526626527463, 0.07051053192083245, 0.0]","{""Controller Type"": ""MPC Controller"", ""weight_comfort"": 1000.0, ""weight_trajectory"": 1000.0, ""weight_goal"": 100.0, ""Q"": [[1000.0, 0.0, 0.0, 0.0], [0.0, 0.0, 0.0, 0.0], [0.0, 0.0, 1000.0, 0.0], [0.0, 0.0, 0.0, 0.0]], ""R"": [[1000.0, 0.0], [0.0, 1000.0]], ""P"": [[100.0, 0.0, 0.0, 0.0], [0.0, 10000.0, 0.0, 0.0], [0.0, 0.0, 100.0, 0.0], [0.0, 0.0, 0.0, 10000.0]]}","[0.006433037814389904, -0.0003687309198871429, 0.0]",False
3,P02,6800b3a4-1011-434f-a1f4-d5be725d3709,7,1,haply,mpc,seeded_random,1538163069,persist_session,10.0,1785314983.069847,5070.131644092,0,1785314983.0667832,333,True,normal,fixed,-0.08,-0.08,0.0,0.08,-0.08,0.0,-0.08101571399999999,-0.07612143199999999,0.0,0.029933142,-0.22802489,0.089475624,0.00045191575,-0.008845651,0.026239086,"[0.4657485317974721, 1.8990548373205434, 0.0, 0.0, 0.0, 0.0, -1.9309375376841302, 4.1194145227969985]","[0.0754815050590136, 0.06940111722880689, 0.0]","{""Controller Type"": ""MPC Controller"", ""weight_comfort"": 1000.0, ""weight_trajectory"": 1000.0, ""weight_goal"": 100.0, ""Q"": [[1000.0, 0.0, 0.0, 0.0], [0.0, 0.0, 0.0, 0.0], [0.0, 0.0, 1000.0, 0.0], [0.0, 0.0, 0.0, 0.0]], ""R"": [[1000.0, 0.0], [0.0, 1000.0]], ""P"": [[100.0, 0.0, 0.0, 0.0], [0.0, 10000.0, 0.0, 0.0], [0.0, 0.0, 100.0, 0.0], [0.0, 0.0, 0.0, 10000.0]]}","[0.006433023925474134, -0.0003714973628126856, 0.0]",False
3,P02,6800b3a4-1011-434f-a1f4-d5be725d3709,7,1,haply,mpc,seeded_random,1538163069,persist_session,10.0,1785314983.0799246,5070.141715862,0,1785314983.0767012,334,True,normal,fixed,-0.08,-0.08,0.0,0.08,-0.08,0.0,-0.08101571399999999,-0.07612143199999999,0.0,0.029933142,-0.22802489,0.089475624,0.00048466242,-0.009027362,0.026852766,"[0.449608265937697, 1.9038862733666766, 0.0, 0.0, 0.0, 0.0, -1.8767438530288674, 4.095311326300018]","[0.07239399596026015, 0.007279078652554492, 0.0]","{""Controller Type"": ""MPC Controller"", ""weight_comfort"": 1000.0, ""weight_trajectory"": 1000.0, ""weight_goal"": 100.0, ""Q"": [[1000.0, 0.0, 0.0, 0.0], [0.0, 0.0, 0.0, 0.0], [0.0, 0.0, 1000.0, 0.0], [0.0, 0.0, 0.0, 0.0]], ""R"": [[1000.0, 0.0], [0.0, 1000.0]], ""P"": [[100.0, 0.0, 0.0, 0.0], [0.0, 10000.0, 0.0, 0.0], [0.0, 0.0, 100.0, 0.0], [0.0, 0.0, 0.0, 10000.0]]}","[0.006436441694176623, -0.00017187905295508397, 0.0]",False
3,P02,6800b3a4-1011-434f-a1f4-d5be725d3709,7,1,haply,mpc,seeded_random,1538163069,persist_session,10.0,1785314983.0898461,5070.151643842,0,1785314983.0867991,335,True,normal,fixed,-0.08,-0.08,0.0,0.08,-0.08,0.0,-0.08101571399999999,-0.07612143199999999,0.0,0.029933142,-0.22802489,0.089475624,0.00040752126,-0.005811759,0.024466293,"[0.43820944404077805, 1.9072984029731337, 0.0, 0.0, 0.0, 0.0, -1.8764781676937043, 4.0951931600251]","[0.07055860651376891, 0.00727804817391546, 0.0]","{""Controller Type"": ""MPC Controller"", ""weight_comfort"": 1000.0, ""weight_trajectory"": 1000.0, ""weight_goal"": 100.0, ""Q"": [[1000.0, 0.0, 0.0, 0.0], [0.0, 0.0, 0.0, 0.0], [0.0, 0.0, 1000.0, 0.0], [0.0, 0.0, 0.0, 0.0]], ""R"": [[1000.0, 0.0], [0.0, 1000.0]], ""P"": [[100.0, 0.0, 0.0, 0.0], [0.0, 10000.0, 0.0, 0.0], [0.0, 0.0, 100.0, 0.0], [0.0, 0.0, 0.0, 10000.0]]}","[0.006436441694176638, -0.00017187905295509539, 0.0]",False
3,P02,6800b3a4-1011-434f-a1f4-d5be725d3709,7,1,haply,mpc,seeded_random,1538163069,persist_session,10.0,1785314983.0998063,5070.161605855,0,1785314983.0966675,336,True,normal,fixed,-0.08,-0.08,0.0,0.08,-0.08,0.0,-0.08101571399999999,-0.07612143199999999,0.0,0.029933142,-0.22802489,0.089475624,0.0003200047,-0.0038894992,0.01992746,"[0.42732121972297155, 1.9105576900198569, 0.0, 0.0, 0.0, 0.0, -1.8762112230381895, 4.095074433654553]","[0.06880543130104513, 0.007277012810916809, 0.0]","{""Controller Type"": ""MPC Controller"", ""weight_comfort"": 1000.0, ""weight_trajectory"": 1000.0, ""weight_goal"": 100.0, ""Q"": [[1000.0, 0.0, 0.0, 0.0], [0.0, 0.0, 0.0, 0.0], [0.0, 0.0, 1000.0, 0.0], [0.0, 0.0, 0.0, 0.0]], ""R"": [[1000.0, 0.0], [0.0, 1000.0]], ""P"": [[100.0, 0.0, 0.0, 0.0], [0.0, 10000.0, 0.0, 0.0], [0.0, 0.0, 100.0, 0.0], [0.0, 0.0, 0.0, 10000.0]]}","[0.006436441694176638, -0.00017187905295509533, 0.0]",False
3,P02,6800b3a4-1011-434f-a1f4-d5be725d3709,7,1,haply,mpc,seeded_random,1538163069,persist_session,10.0,1785314983.109827,5070.171623981,0,1785314983.1067934,337,True,normal,fixed,-0.08,-0.08,0.0,0.08,-0.08,0.0,-0.08101311599999998,-0.07597024,0.0,0.029934008,-0.22801495,0.08955122,0.00022865506,-0.0027791888,0.014238896,"[0.4169101649835035, 1.9136741408629556, 0.0, 0.0, 0.0, 0.0, -1.8759430134649568, 4.094955144698891]","[0.0671290878886766, 0.0072759725418487745, 0.0]","{""Controller Type"": ""MPC Controller"", ""weight_comfort"": 1000.0, ""weight_trajectory"": 1000.0, ""weight_goal"": 100.0, ""Q"": [[1000.0, 0.0, 0.0, 0.0], [0.0, 0.0, 0.0, 0.0], [0.0, 0.0, 1000.0, 0.0], [0.0, 0.0, 0.0, 0.0]], ""R"": [[1000.0, 0.0], [0.0, 1000.0]], ""P"": [[100.0, 0.0, 0.0, 0.0], [0.0, 10000.0, 0.0, 0.0], [0.0, 0.0, 100.0, 0.0], [0.0, 0.0, 0.0, 10000.0]]}","[0.006436441694176638, -0.00017187905295509533, 0.0]",False
3,P02,6800b3a4-1011-434f-a1f4-d5be725d3709,7,1,haply,mpc,seeded_random,1538163069,persist_session,10.0,1785314983.119833,5070.181634153,0,1785314983.1166642,338,True,normal,fixed,-0.08,-0.08,0.0,0.08,-0.08,0.0,-0.08101053,-0.07581911999999999,0.0,0.02993487,-0.22800496,0.08962678,0.00017122227,-0.0018979751,0.010856915,"[0.41063705136438183, 1.9155465437010584, 0.0, 0.0, 0.0, 0.0, -2.0189430095569474, 4.234302514924222]","[0.06660942374321455, 0.07135929434234559, 0.0]","{""Controller Type"": ""MPC Controller"", ""weight_comfort"": 1000.0, ""weight_trajectory"": 1000.0, ""weight_goal"": 100.0, ""Q"": [[1000.0, 0.0, 0.0, 0.0], [0.0, 0.0, 0.0, 0.0], [0.0, 0.0, 1000.0, 0.0], [0.0, 0.0, 0.0, 0.0]], ""R"": [[1000.0, 0.0], [0.0, 1000.0]], ""P"": [[100.0, 0.0, 0.0, 0.0], [0.0, 10000.0, 0.0, 0.0], [0.0, 0.0, 100.0, 0.0], [0.0, 0.0, 0.0, 10000.0]]}","[0.0064329188060348085, -0.00037689541321043584, 0.0]",False
3,P02,6800b3a4-1011-434f-a1f4-d5be725d3709,7,1,haply,mpc,seeded_random,1538163069,persist_session,10.0,1785314983.1299183,5070.191710035,0,1785314983.1267016,339,True,normal,fixed,-0.08,-0.08,0.0,0.08,-0.08,0.0,-0.081007938,-0.07566803999999999,0.0,0.029935734,-0.22799492,0.08970232,0.000134129,-0.0012354794,0.00877198,"[0.40101625359002946, 1.9184179862630646, 0.0, 0.0, 0.0, 0.0, -2.0152745326694324, 4.230736410946425]","[0.0650704376164278, 0.07319757315636419, 0.0]","{""Controller Type"": ""MPC Controller"", ""weight_comfort"": 1000.0, ""weight_trajectory"": 1000.0, ""weight_goal"": 100.0, ""Q"": [[1000.0, 0.0, 0.0, 0.0], [0.0, 0.0, 0.0, 0.0], [0.0, 0.0, 1000.0, 0.0], [0.0, 0.0, 0.0, 0.0]], ""R"": [[1000.0, 0.0], [0.0, 1000.0]], ""P"": [[100.0, 0.0, 0.0, 0.0], [0.0, 10000.0, 0.0, 0.0], [0.0, 0.0, 100.0, 0.0], [0.0, 0.0, 0.0, 10000.0]]}","[0.0064327322814928855, -0.0003886208677843701, 0.0]",False
3,P02,6800b3a4-1011-434f-a1f4-d5be725d3709,7,1,haply,mpc,seeded_random,1538163069,persist_session,10.0,1785314983.139816,5070.201616362,0,1785314983.1369019,340,True,normal,fixed,-0.08,-0.08,0.0,0.08,-0.08,0.0,-0.08100534299999998,-0.07551677200000001,0.0,0.029936599,-0.22798485,0.089777954,0.0001104921,-0.00076350337,0.007496516,"[0.39166034258855414, 1.9212104935406311, 0.0, 0.0, 0.0, 0.0, -2.0048973486306916, 4.220759209326674]","[0.06355654532291395, 0.07221462405473555, 0.0]","{""Controller Type"": ""MPC Controller"", ""weight_comfort"": 1000.0, ""weight_trajectory"": 1000.0, ""weight_goal"": 100.0, ""Q"": [[1000.0, 0.0, 0.0, 0.0], [0.0, 0.0, 0.0, 0.0], [0.0, 0.0, 1000.0, 0.0], [0.0, 0.0, 0.0, 0.0]], ""R"": [[1000.0, 0.0], [0.0, 1000.0]], ""P"": [[100.0, 0.0, 0.0, 0.0], [0.0, 10000.0, 0.0, 0.0], [0.0, 0.0, 100.0, 0.0], [0.0, 0.0, 0.0, 10000.0]]}","[0.006432667251654584, -0.0003918868599259531, 0.0]",False
3,P02,6800b3a4-1011-434f-a1f4-d5be725d3709,7,1,haply,mpc,seeded_random,1538163069,persist_session,10.0,1785314983.149867,5070.2116578,0,1785314983.1467147,341,True,normal,fixed,-0.08,-0.08,0.0,0.08,-0.08,0.0,-0.081000087,-0.07542137999999998,0.0,0.029938351,-0.22804438,0.08982565,9.720927e-05,-0.0005409958,0.006677134,"[0.3826824538477417, 1.9238902941790437, 0.0, 0.0, 0.0, 0.0, -1.9949500892083265, 4.211295744818374]","[0.06210336749125014, 0.07139655313353319, 0.0]","{""Controller Type"": ""MPC Controller"", ""weight_comfort"": 1000.0, ""weight_trajectory"": 1000.0, ""weight_goal"": 100.0, ""Q"": [[1000.0, 0.0, 0.0, 0.0], [0.0, 0.0, 0.0, 0.0], [0.0, 0.0, 1000.0, 0.0], [0.0, 0.0, 0.0, 0.0]], ""R"": [[1000.0, 0.0], [0.0, 1000.0]], ""P"": [[100.0, 0.0, 0.0, 0.0], [0.0, 10000.0, 0.0, 0.0], [0.0, 0.0, 100.0, 0.0], [0.0, 0.0, 0.0, 10000.0]]}","[0.006432603102740529, -0.00039564360070579727, 0.0]",False
3,P02,6800b3a4-1011-434f-a1f4-d5be725d3709,7,1,haply,mpc,seeded_random,1538163069,persist_session,10.0,1785314983.1597955,5070.221597095,0,1785314983.1568856,342,True,normal,fixed,-0.08,-0.08,0.0,0.08,-0.08,0.0,-0.081000087,-0.07542137999999998,0.0,0.029938351,-0.22804438,0.08982565,9.2016766e-05,-0.0005266875,0.0062109795,"[0.3779945425318732, 1.9252847244119438, 0.0, 0.0, 0.0, 0.0, -1.945857121117356, 4.169205325227149]","[0.06188838524135101, 0.04943880616825063, 0.0]","{""Controller Type"": ""MPC Controller"", ""weight_comfort"": 1000.0, ""weight_trajectory"": 1000.0, ""weight_goal"": 100.0, ""Q"": [[1000.0, 0.0, 0.0, 0.0], [0.0, 0.0, 0.0, 0.0], [0.0, 0.0, 1000.0, 0.0], [0.0, 0.0, 0.0, 0.0]], ""R"": [[1000.0, 0.0], [0.0, 1000.0]], ""P"": [[100.0, 0.0, 0.0, 0.0], [0.0, 10000.0, 0.0, 0.0], [0.0, 0.0, 100.0, 0.0], [0.0, 0.0, 0.0, 10000.0]]}","[0.0064286350306758675, -0.0003320178121850372, 0.0]",False
3,P02,6800b3a4-1011-434f-a1f4-d5be725d3709,7,1,haply,mpc,seeded_random,1538163069,persist_session,10.0,1785314983.1699264,5070.231719392,0,1785314983.1669123,343,True,normal,fixed,-0.08,-0.08,0.0,0.08,-0.08,0.0,-0.081000087,-0.07542137999999998,0.0,0.029938351,-0.22804438,0.08982565,0.00010400294,-0.00033636182,0.007253797,"[0.362585045044826, 1.9298994144153683, 0.0, 0.0, 0.0, 0.0, -1.9028420424358683, 4.150190317374111]","[0.05837622379711591, 0.008712390632337752, 0.0]","{""Controller Type"": ""MPC Controller"", ""weight_comfort"": 1000.0, ""weight_trajectory"": 1000.0, ""weight_goal"": 100.0, ""Q"": [[1000.0, 0.0, 0.0, 0.0], [0.0, 0.0, 0.0, 0.0], [0.0, 0.0, 1000.0, 0.0], [0.0, 0.0, 0.0, 0.0]], ""R"": [[1000.0, 0.0], [0.0, 1000.0]], ""P"": [[100.0, 0.0, 0.0, 0.0], [0.0, 10000.0, 0.0, 0.0], [0.0, 0.0, 100.0, 0.0], [0.0, 0.0, 0.0, 10000.0]]}","[0.006435749182414254, -0.00020290191366154582, 0.0]",False
3,P02,6800b3a4-1011-434f-a1f4-d5be725d3709,7,1,haply,mpc,seeded_random,1538163069,persist_session,10.0,1785314983.179844,5070.24164338,0,1785314983.1767962,344,True,normal,fixed,-0.08,-0.08,0.0,0.08,-0.08,0.0,-0.081000087,-0.07542137999999998,0.0,0.029938351,-0.22804438,0.08982565,9.7918484e-05,-0.00036960415,0.006715007,"[0.3547922153052497, 1.9322331370775019, 0.0, 0.0, 0.0, 0.0, -1.9024516874993196, 4.15001775922912]","[0.05712157753106793, 0.008710603345418172, 0.0]","{""Controller Type"": ""MPC Controller"", ""weight_comfort"": 1000.0, ""weight_trajectory"": 1000.0, ""weight_goal"": 100.0, ""Q"": [[1000.0, 0.0, 0.0, 0.0], [0.0, 0.0, 0.0, 0.0], [0.0, 0.0, 1000.0, 0.0], [0.0, 0.0, 0.0, 0.0]], ""R"": [[1000.0, 0.0], [0.0, 1000.0]], ""P"": [[100.0, 0.0, 0.0, 0.0], [0.0, 10000.0, 0.0, 0.0], [0.0, 0.0, 100.0, 0.0], [0.0, 0.0, 0.0, 10000.0]]}","[0.006435749182414287, -0.00020290191366156986, 0.0]",False
3,P02,6800b3a4-1011-434f-a1f4-d5be725d3709,7,1,haply,mpc,seeded_random,1538163069,persist_session,10.0,1785314983.1898732,5070.251667365,0,1785314983.1867187,345,True,normal,fixed,-0.08,-0.08,0.0,0.08,-0.08,0.0,-0.081000087,-0.07542137999999998,0.0,0.029938351,-0.22804438,0.08982565,7.468568e-05,-0.00041396884,0.0049406043,"[0.347290592239606, 1.9344796519297598, 0.0, 0.0, 0.0, 0.0, -1.9020595323134024, 4.149844405275846]","[0.055913815564858096, 0.008708807815840828, 0.0]","{""Controller Type"": ""MPC Controller"", ""weight_comfort"": 1000.0, ""weight_trajectory"": 1000.0, ""weight_goal"": 100.0, ""Q"": [[1000.0, 0.0, 0.0, 0.0], [0.0, 0.0, 0.0, 0.0], [0.0, 0.0, 1000.0, 0.0], [0.0, 0.0, 0.0, 0.0]], ""R"": [[1000.0, 0.0], [0.0, 1000.0]], ""P"": [[100.0, 0.0, 0.0, 0.0], [0.0, 10000.0, 0.0, 0.0], [0.0, 0.0, 100.0, 0.0], [0.0, 0.0, 0.0, 10000.0]]}","[0.006435749182414287, -0.00020290191366156986, 0.0]",False
3,P02,6800b3a4-1011-434f-a1f4-d5be725d3709,7,1,haply,mpc,seeded_random,1538163069,persist_session,10.0,1785314983.1997938,5070.261596274,0,1785314983.1968794,346,True,normal,fixed,-0.08,-0.08,0.0,0.08,-0.08,0.0,-0.081000087,-0.07542137999999998,0.0,0.029938351,-0.22804438,0.08982565,5.3601038e-05,-0.00029710055,0.0035458133,"[0.34006424140209457, 1.9366437308686826, 0.0, 0.0, 0.0, 0.0, -1.901665569356398, 4.14967025218928]","[0.05475037245132623, 0.008707004009166628, 0.0]","{""Controller Type"": ""MPC Controller"", ""weight_comfort"": 1000.0, ""weight_trajectory"": 1000.0, ""weight_goal"": 100.0, ""Q"": [[1000.0, 0.0, 0.0, 0.0], [0.0, 0.0, 0.0, 0.0], [0.0, 0.0, 1000.0, 0.0], [0.0, 0.0, 0.0, 0.0]], ""R"": [[1000.0, 0.0], [0.0, 1000.0]], ""P"": [[100.0, 0.0, 0.0, 0.0], [0.0, 10000.0, 0.0, 0.0], [0.0, 0.0, 100.0, 0.0], [0.0, 0.0, 0.0, 10000.0]]}","[0.006435749182414287, -0.00020290191366156986, 0.0]",False
3,P02,6800b3a4-1011-434f-a1f4-d5be725d3709,7,1,haply,mpc,seeded_random,1538163069,persist_session,10.0,1785314983.2098475,5070.271640484,0,1785314983.206944,347,True,normal,fixed,-0.08,-0.08,0.0,0.08,-0.08,0.0,-0.080435592,-0.0754289,0.0,0.030126516,-0.22802107,0.08982189,9.154815e-05,-0.00020679484,0.0025455204,"[0.3330983700330281, 1.9387298038894927, 0.0, 0.0, 0.0, 0.0, -1.901269791082711, 4.149495296633858]","[0.053628866554875726, 0.00870519189084716, 0.0]","{""Controller Type"": ""MPC Controller"", ""weight_comfort"": 1000.0, ""weight_trajectory"": 1000.0, ""weight_goal"": 100.0, ""Q"": [[1000.0, 0.0, 0.0, 0.0], [0.0, 0.0, 0.0, 0.0], [0.0, 0.0, 1000.0, 0.0], [0.0, 0.0, 0.0, 0.0]], ""R"": [[1000.0, 0.0], [0.0, 1000.0]], ""P"": [[100.0, 0.0, 0.0, 0.0], [0.0, 10000.0, 0.0, 0.0], [0.0, 0.0, 100.0, 0.0], [0.0, 0.0, 0.0, 10000.0]]}","[0.006435749182414287, -0.00020290191366156986, 0.0]",False
3,P02,6800b3a4-1011-434f-a1f4-d5be725d3709,7,1,haply,mpc,seeded_random,1538163069,persist_session,10.0,1785314983.2198725,5070.281668247,0,1785314983.2172306,348,True,normal,fixed,-0.08,-0.08,0.0,0.08,-0.08,0.0,-0.08015332499999998,-0.07543265999999998,0.0,0.030220605,-0.22800936,0.08982001,0.00026371406,-0.0001252444,0.0018399283,"[0.9393796000352548, 1.9168226931679433, 0.0, 0.0, 0.0, 0.0, -1.897892629451514, 4.148228265502255]","[0.25821907532613864, 0.005576012343628539, 0.0]","{""Controller Type"": ""MPC Controller"", ""weight_comfort"": 1000.0, ""weight_trajectory"": 1000.0, ""weight_goal"": 100.0, ""Q"": [[1000.0, 0.0, 0.0, 0.0], [0.0, 0.0, 0.0, 0.0], [0.0, 0.0, 1000.0, 0.0], [0.0, 0.0, 0.0, 0.0]], ""R"": [[1000.0, 0.0], [0.0, 1000.0]], ""P"": [[100.0, 0.0, 0.0, 0.0], [0.0, 10000.0, 0.0, 0.0], [0.0, 0.0, 100.0, 0.0], [0.0, 0.0, 0.0, 10000.0]]}","[0.005665786114769834, -0.00019264474173707249, 0.0]",False
3,P02,6800b3a4-1011-434f-a1f4-d5be725d3709,7,1,haply,mpc,seeded_random,1538163069,persist_session,10.0,1785314983.2299445,5070.291737786,0,1785314983.2269762,349,True,normal,fixed,-0.08,-0.08,0.0,0.08,-0.08,0.0,-0.07987116,-0.07543644,0.0,0.03031466,-0.22799762,0.08981812,0.00047985942,-5.3898835e-05,0.0013179842,"[0.589598615007275, 1.9798171814126704, 0.0, 0.0, 0.0, 0.0, -1.8992152952558026, 4.148771310121544]","[0.14875304153103955, 0.007157881688566817, 0.0]","{""Controller Type"": ""MPC Controller"", ""weight_comfort"": 1000.0, ""weight_trajectory"": 1000.0, ""weight_goal"": 100.0, ""Q"": [[1000.0, 0.0, 0.0, 0.0], [0.0, 0.0, 0.0, 0.0], [0.0, 0.0, 1000.0, 0.0], [0.0, 0.0, 0.0, 0.0]], ""R"": [[1000.0, 0.0], [0.0, 1000.0]], ""P"": [[100.0, 0.0, 0.0, 0.0], [0.0, 10000.0, 0.0, 0.0], [0.0, 0.0, 100.0, 0.0], [0.0, 0.0, 0.0, 10000.0]]}","[0.0060337633509986955, -0.00019754714946894973, 0.0]",False
3,P02,6800b3a4-1011-434f-a1f4-d5be725d3709,7,1,haply,mpc,seeded_random,1538163069,persist_session,10.0,1785314983.239955,5070.301749094,0,1785314983.2369142,350,True,normal,fixed,-0.08,-0.08,0.0,0.08,-0.08,0.0,-0.079298544,-0.07519757999999999,0.0,0.030505532,-0.22802332,0.08993755,0.00076902384,-4.1825464e-05,0.0011803474,"[0.5900172032188362, 1.9797449750538567, 0.0, 0.0, 0.0, 0.0, -1.8988016371240806, 4.148602314780508]","[0.1516464343305431, 0.007056187475975693, 0.0]","{""Controller Type"": ""MPC Controller"", ""weight_comfort"": 1000.0, ""weight_trajectory"": 1000.0, ""weight_goal"": 100.0, ""Q"": [[1000.0, 0.0, 0.0, 0.0], [0.0, 0.0, 0.0, 0.0], [0.0, 0.0, 1000.0, 0.0], [0.0, 0.0, 0.0, 0.0]], ""R"": [[1000.0, 0.0], [0.0, 1000.0]], ""P"": [[100.0, 0.0, 0.0, 0.0], [0.0, 10000.0, 0.0, 0.0], [0.0, 0.0, 100.0, 0.0], [0.0, 0.0, 0.0, 10000.0]]}","[0.006065248662805626, -0.00019916869371598968, 0.0]",False
3,P02,6800b3a4-1011-434f-a1f4-d5be725d3709,7,1,haply,mpc,seeded_random,1538163069,persist_session,10.0,1785314983.2498958,5070.31168539,0,1785314983.2469015,351,True,normal,fixed,-0.08,-0.08,0.0,0.08,-0.08,0.0,-0.07872570599999999,-0.07495865999999998,0.0,0.030696478,-0.22804883,0.09005701,0.0011493459,-7.515058e-05,0.0013558088,"[0.875150559614712, 1.9740454600752064, 0.0, 0.0, 0.0, 0.0, -2.263919790613837, 4.52605179766651]","[0.25315239441731063, 0.11965600818884199, 0.0]","{""Controller Type"": ""MPC Controller"", ""weight_comfort"": 1000.0, ""weight_trajectory"": 1000.0, ""weight_goal"": 100.0, ""Q"": [[1000.0, 0.0, 0.0, 0.0], [0.0, 0.0, 0.0, 0.0], [0.0, 0.0, 1000.0, 0.0], [0.0, 0.0, 0.0, 0.0]], ""R"": [[1000.0, 0.0], [0.0, 1000.0]], ""P"": [[100.0, 0.0, 0.0, 0.0], [0.0, 10000.0, 0.0, 0.0], [0.0, 0.0, 100.0, 0.0], [0.0, 0.0, 0.0, 10000.0]]}","[0.005928345955304405, -0.0005634368624874296, 0.0]",False
3,P02,6800b3a4-1011-434f-a1f4-d5be725d3709,7,1,haply,mpc,seeded_random,1538163069,persist_session,10.0,1785314983.2598655,5070.321662961,0,1785314983.2568922,352,True,normal,fixed,-0.08,-0.08,0.0,0.08,-0.08,0.0,-0.07815516599999998,-0.074870732,0.0,0.030886658,-0.22808433,0.090100974,0.004594335,0.00025468046,0.0015912269,"[0.8459348707190228, 1.974638740423796, 0.0, 0.0, 0.0, 0.0, -2.2433010909397666, 4.504941916436609]","[0.2475296432179516, 0.1190775966466218, 0.0]","{""Controller Type"": ""MPC Controller"", ""weight_comfort"": 1000.0, ""weight_trajectory"": 1000.0, ""weight_goal"": 100.0, ""Q"": [[1000.0, 0.0, 0.0, 0.0], [0.0, 0.0, 0.0, 0.0], [0.0, 0.0, 1000.0, 0.0], [0.0, 0.0, 0.0, 0.0]], ""R"": [[1000.0, 0.0], [0.0, 1000.0]], ""P"": [[100.0, 0.0, 0.0, 0.0], [0.0, 10000.0, 0.0, 0.0], [0.0, 0.0, 100.0, 0.0], [0.0, 0.0, 0.0, 10000.0]]}","[0.006190865136764401, -0.0006005202200956498, 0.0]",False
3,P02,6800b3a4-1011-434f-a1f4-d5be725d3709,7,1,haply,mpc,seeded_random,1538163069,persist_session,10.0,1785314983.269825,5070.331620133,0,1785314983.2667913,353,True,normal,fixed,-0.08,-0.08,0.0,0.08,-0.08,0.0,-0.07759054499999998,-0.07487833999999999,0.0,0.031074865,-0.22806028,0.09009717,0.0073709507,0.00047412433,0.0018036785,"[0.8178653850368951, 1.9752158271311437, 0.0, 0.0, 0.0, 0.0, -2.1002507011556615, 4.388928060100986]","[0.24214859124088547, 0.0493996687617999, 0.0]","{""Controller Type"": ""MPC Controller"", ""weight_comfort"": 1000.0, ""weight_trajectory"": 1000.0, ""weight_goal"": 100.0, ""Q"": [[1000.0, 0.0, 0.0, 0.0], [0.0, 0.0, 0.0, 0.0], [0.0, 0.0, 1000.0, 0.0], [0.0, 0.0, 0.0, 0.0]], ""R"": [[1000.0, 0.0], [0.0, 1000.0]], ""P"": [[100.0, 0.0, 0.0, 0.0], [0.0, 10000.0, 0.0, 0.0], [0.0, 0.0, 100.0, 0.0], [0.0, 0.0, 0.0, 10000.0]]}","[0.006463587453530655, -0.00040019062042746985, 0.0]",False
3,P02,6800b3a4-1011-434f-a1f4-d5be725d3709,7,1,haply,mpc,seeded_random,1538163069,persist_session,10.0,1785314983.2798166,5070.341612147,0,1785314983.2768815,354,True,normal,fixed,-0.08,-0.08,0.0,0.08,-0.08,0.0,-0.07673737499999998,-0.07479422,0.0,0.031359255,-0.22808328,0.09013923,0.010057645,0.000517983,0.0021135644,"[0.7925444379317327, 1.975716080448836, 0.0, 0.0, 0.0, 0.0, -2.0526415674479743, 4.3709390931286505]","[0.23758718357786016, 0.007153639724157015, 0.0]","{""Controller Type"": ""MPC Controller"", ""weight_comfort"": 1000.0, ""weight_trajectory"": 1000.0, ""weight_goal"": 100.0, ""Q"": [[1000.0, 0.0, 0.0, 0.0], [0.0, 0.0, 0.0, 0.0], [0.0, 0.0, 1000.0, 0.0], [0.0, 0.0, 0.0, 0.0]], ""R"": [[1000.0, 0.0], [0.0, 1000.0]], ""P"": [[100.0, 0.0, 0.0, 0.0], [0.0, 10000.0, 0.0, 0.0], [0.0, 0.0, 100.0, 0.0], [0.0, 0.0, 0.0, 10000.0]]}","[0.0067423321481584015, -0.00026391525385537014, 0.0]",False
3,P02,6800b3a4-1011-434f-a1f4-d5be725d3709,7,1,haply,mpc,seeded_random,1538163069,persist_session,10.0,1785314983.2898462,5070.351638916,0,1785314983.2866812,355,True,normal,fixed,-0.08,-0.08,0.0,0.08,-0.08,0.0,-0.07588805399999998,-0.07465459999999999,0.0,0.031642362,-0.2280364,0.09020904,0.012760565,0.0002730965,0.002632519,"[1.0205865543234165, 2.012756794272172, 0.0, 0.0, 0.0, 0.0, -2.130404905036955, 4.432879747067349]","[0.33015281231670185, 0.048046779985195236, 0.0]","{""Controller Type"": ""MPC Controller"", ""weight_comfort"": 1000.0, ""weight_trajectory"": 1000.0, ""weight_goal"": 100.0, ""Q"": [[1000.0, 0.0, 0.0, 0.0], [0.0, 0.0, 0.0, 0.0], [0.0, 0.0, 1000.0, 0.0], [0.0, 0.0, 0.0, 0.0]], ""R"": [[1000.0, 0.0], [0.0, 1000.0]], ""P"": [[100.0, 0.0, 0.0, 0.0], [0.0, 10000.0, 0.0, 0.0], [0.0, 0.0, 100.0, 0.0], [0.0, 0.0, 0.0, 10000.0]]}","[0.0067072801924375055, -0.00044570086001090076, 0.0]",False
3,P02,6800b3a4-1011-434f-a1f4-d5be725d3709,7,1,haply,mpc,seeded_random,1538163069,persist_session,10.0,1785314983.2998261,5070.36161953,0,1785314983.297104,356,True,normal,fixed,-0.08,-0.08,0.0,0.08,-0.08,0.0,-0.07504124999999998,-0.07466612,0.0,0.03192463,-0.22799933,0.09020328,0.015386719,-0.00029024648,0.0032805006,"[1.0097960632741372, 2.0108041540635995, 0.0, 0.0, 0.0, 0.0, -2.1934582162836525, 4.490014467373112]","[0.33168730552279035, 0.07569570796650014, 0.0]","{""Controller Type"": ""MPC Controller"", ""weight_comfort"": 1000.0, ""weight_trajectory"": 1000.0, ""weight_goal"": 100.0, ""Q"": [[1000.0, 0.0, 0.0, 0.0], [0.0, 0.0, 0.0, 0.0], [0.0, 0.0, 1000.0, 0.0], [0.0, 0.0, 0.0, 0.0]], ""R"": [[1000.0, 0.0], [0.0, 1000.0]], ""P"": [[100.0, 0.0, 0.0, 0.0], [0.0, 10000.0, 0.0, 0.0], [0.0, 0.0, 100.0, 0.0], [0.0, 0.0, 0.0, 10000.0]]}","[0.00710221889874647, -0.0005962030730127427, 0.0]",False
3,P02,6800b3a4-1011-434f-a1f4-d5be725d3709,7,1,haply,mpc,seeded_random,1538163069,persist_session,10.0,1785314983.3097897,5070.371586738,0,1785314983.3067822,357,True,normal,fixed,-0.08,-0.08,0.0,0.08,-0.08,0.0,-0.07391244899999999,-0.07468153999999999,0.0,0.032300897,-0.2279494,0.09019557,0.017800538,-0.00062887155,0.0037320594,"[0.9331273178797288, 1.9997067097796488, 0.0, 0.0, 0.0, 0.0, -2.1192163418712036, 4.463938018567053]","[0.30714154662355997, 0.006369748169521253, 0.0]","{""Controller Type"": ""MPC Controller"", ""weight_comfort"": 1000.0, ""weight_trajectory"": 1000.0, ""weight_goal"": 100.0, ""Q"": [[1000.0, 0.0, 0.0, 0.0], [0.0, 0.0, 0.0, 0.0], [0.0, 0.0, 1000.0, 0.0], [0.0, 0.0, 0.0, 0.0]], ""R"": [[1000.0, 0.0], [0.0, 1000.0]], ""P"": [[100.0, 0.0, 0.0, 0.0], [0.0, 10000.0, 0.0, 0.0], [0.0, 0.0, 100.0, 0.0], [0.0, 0.0, 0.0, 10000.0]]}","[0.007667840058421613, -0.00033238406927848, 0.0]",False
3,P02,6800b3a4-1011-434f-a1f4-d5be725d3709,7,1,haply,mpc,seeded_random,1538163069,persist_session,10.0,1785314983.3198416,5070.38163793,0,1785314983.316784,358,True,normal,fixed,-0.08,-0.08,0.0,0.08,-0.08,0.0,-0.073058691,-0.07459754999999998,0.0,0.032585483,-0.22797085,0.090237565,0.020163659,-0.00020406592,0.0039964207,"[1.1979980825599448, 2.1160479154338883, 0.0, 0.0, 0.0, 0.0, -2.1165949669321047, 4.463133989035854]","[0.4311844234554244, 0.004146161937895033, 0.0]","{""Controller Type"": ""MPC Controller"", ""weight_comfort"": 1000.0, ""weight_trajectory"": 1000.0, ""weight_goal"": 100.0, ""Q"": [[1000.0, 0.0, 0.0, 0.0], [0.0, 0.0, 0.0, 0.0], [0.0, 0.0, 1000.0, 0.0], [0.0, 0.0, 0.0, 0.0]], ""R"": [[1000.0, 0.0], [0.0, 1000.0]], ""P"": [[100.0, 0.0, 0.0, 0.0], [0.0, 10000.0, 0.0, 0.0], [0.0, 0.0, 100.0, 0.0], [0.0, 0.0, 0.0, 10000.0]]}","[0.00756107527779909, -0.0003526842375893306, 0.0]",False
3,P02,6800b3a4-1011-434f-a1f4-d5be725d3709,7,1,haply,mpc,seeded_random,1538163069,persist_session,10.0,1785314983.3300688,5070.3918511,0,1785314983.3266993,359,True,normal,fixed,-0.08,-0.08,0.0,0.08,-0.08,0.0,-0.07220216999999998,-0.07436246799999999,0.0,0.03287099,-0.22798173,0.090355106,0.022130227,0.00026336685,0.0037561613,"[0.8938156224107938, 2.061327653385738, 0.0, 0.0, 0.0, 0.0, -2.206620550783521, 4.534275576864659]","[0.3127645482290349, 0.049998219282458074, 0.0]","{""Controller Type"": ""MPC Controller"", ""weight_comfort"": 1000.0, ""weight_trajectory"": 1000.0, ""weight_goal"": 100.0, ""Q"": [[1000.0, 0.0, 0.0, 0.0], [0.0, 0.0, 0.0, 0.0], [0.0, 0.0, 1000.0, 0.0], [0.0, 0.0, 0.0, 0.0]], ""R"": [[1000.0, 0.0], [0.0, 1000.0]], ""P"": [[100.0, 0.0, 0.0, 0.0], [0.0, 10000.0, 0.0, 0.0], [0.0, 0.0, 100.0, 0.0], [0.0, 0.0, 0.0, 10000.0]]}","[0.008778551759677419, -0.0006185880465669394, 0.0]",False
3,P02,6800b3a4-1011-434f-a1f4-d5be725d3709,7,1,haply,mpc,seeded_random,1538163069,persist_session,10.0,1785314983.3399045,5070.401700747,0,1785314983.3367395,360,True,normal,fixed,-0.08,-0.08,0.0,0.08,-0.08,0.0,-0.071630112,-0.07427445999999999,0.0,0.033061676,-0.22801545,0.09039911,0.023574753,0.00073312223,0.0033746155,"[0.875777577030636, 2.0578684280449178, 0.0, 0.0, 0.0, 0.0, -2.444746493502336, 4.772844062525172]","[0.3110607518391859, 0.12694117783641692, 0.0]","{""Controller Type"": ""MPC Controller"", ""weight_comfort"": 1000.0, ""weight_trajectory"": 1000.0, ""weight_goal"": 100.0, ""Q"": [[1000.0, 0.0, 0.0, 0.0], [0.0, 0.0, 0.0, 0.0], [0.0, 0.0, 1000.0, 0.0], [0.0, 0.0, 0.0, 0.0]], ""R"": [[1000.0, 0.0], [0.0, 1000.0]], ""P"": [[100.0, 0.0, 0.0, 0.0], [0.0, 10000.0, 0.0, 0.0], [0.0, 0.0, 100.0, 0.0], [0.0, 0.0, 0.0, 10000.0]]}","[0.009323560652838507, -0.001067445756588126, 0.0]",False
3,P02,6800b3a4-1011-434f-a1f4-d5be725d3709,7,1,haply,mpc,seeded_random,1538163069,persist_session,10.0,1785314983.3498857,5070.411675444,0,1785314983.346708,361,True,normal,fixed,-0.08,-0.08,0.0,0.08,-0.08,0.0,-0.07105774199999998,-0.07418659999999999,0.0,0.033252466,-0.22804885,0.09044304,0.024323432,0.0006740743,0.0034492854,"[0.5840374705828739, 2.0651610604428647, 0.0, 0.0, 0.0, 0.0, -2.2898872909164916, 4.651097523022464]","[0.20622286456304884, 0.05387998917366554, 0.0]","{""Controller Type"": ""MPC Controller"", ""weight_comfort"": 1000.0, ""weight_trajectory"": 1000.0, ""weight_goal"": 100.0, ""Q"": [[1000.0, 0.0, 0.0, 0.0], [0.0, 0.0, 0.0, 0.0], [0.0, 0.0, 1000.0, 0.0], [0.0, 0.0, 0.0, 0.0]], ""R"": [[1000.0, 0.0], [0.0, 1000.0]], ""P"": [[100.0, 0.0, 0.0, 0.0], [0.0, 10000.0, 0.0, 0.0], [0.0, 0.0, 100.0, 0.0], [0.0, 0.0, 0.0, 10000.0]]}","[0.010497168465342916, -0.0007330744048803924, 0.0]",False
3,P02,6800b3a4-1011-434f-a1f4-d5be725d3709,7,1,haply,mpc,seeded_random,1538163069,persist_session,10.0,1785314983.3598745,5070.421672588,0,1785314983.356688,362,True,normal,fixed,-0.08,-0.08,0.0,0.08,-0.08,0.0,-0.070493169,-0.074194428,0.0,0.033440657,-0.22802286,0.090439126,0.02468157,0.00054556894,0.0036751088,"[0.5693345415464929, 2.0654611230631237, 0.0, 0.0, 0.0, 0.0, -2.2848514147602677, 4.647148732670171]","[0.20459653230772867, 0.054241545483977874, 0.0]","{""Controller Type"": ""MPC Controller"", ""weight_comfort"": 1000.0, ""weight_trajectory"": 1000.0, ""weight_goal"": 100.0, ""Q"": [[1000.0, 0.0, 0.0, 0.0], [0.0, 0.0, 0.0, 0.0], [0.0, 0.0, 1000.0, 0.0], [0.0, 0.0, 0.0, 0.0]], ""R"": [[1000.0, 0.0], [0.0, 1000.0]], ""P"": [[100.0, 0.0, 0.0, 0.0], [0.0, 10000.0, 0.0, 0.0], [0.0, 0.0, 100.0, 0.0], [0.0, 0.0, 0.0, 10000.0]]}","[0.010939120984961357, -0.0007775109581384699, 0.0]",False
3,P02,6800b3a4-1011-434f-a1f4-d5be725d3709,7,1,haply,mpc,seeded_random,1538163069,persist_session,10.0,1785314983.370055,5070.431843797,0,1785314983.366757,363,True,normal,fixed,-0.08,-0.08,0.0,0.08,-0.08,0.0,-0.069928641,-0.07420225999999999,0.0,0.033628833,-0.22799674,0.09043521,0.024557745,0.0004209223,0.003998684,"[0.5436002891670214, 2.0661020801728145, 0.0, 0.0, 0.0, 0.0, -2.2286074240522322, 4.625733939516337]","[0.19868886554949178, 0.009310046428453327, 0.0]","{""Controller Type"": ""MPC Controller"", ""weight_comfort"": 1000.0, ""weight_trajectory"": 1000.0, ""weight_goal"": 100.0, ""Q"": [[1000.0, 0.0, 0.0, 0.0], [0.0, 0.0, 0.0, 0.0], [0.0, 0.0, 1000.0, 0.0], [0.0, 0.0, 0.0, 0.0]], ""R"": [[1000.0, 0.0], [0.0, 1000.0]], ""P"": [[100.0, 0.0, 0.0, 0.0], [0.0, 10000.0, 0.0, 0.0], [0.0, 0.0, 100.0, 0.0], [0.0, 0.0, 0.0, 10000.0]]}","[0.01142986110261595, -0.0005363830717382982, 0.0]",False
3,P02,6800b3a4-1011-434f-a1f4-d5be725d3709,7,1,haply,mpc,seeded_random,1538163069,persist_session,10.0,1785314983.3798957,5070.441666886,0,1785314983.3766541,364,True,normal,fixed,-0.08,-0.08,0.0,0.08,-0.08,0.0,-0.06964636199999999,-0.0742062,0.0,0.033722926,-0.22798362,0.09043324,0.023875514,7.285936e-05,0.003721447,"[0.5216926967767149, 2.06669387411209, 0.0, 0.0, 0.0, 0.0, -2.2281032637655565, 4.625541776381619]","[0.19408904844273972, 0.009320026519525817, 0.0]","{""Controller Type"": ""MPC Controller"", ""weight_comfort"": 1000.0, ""weight_trajectory"": 1000.0, ""weight_goal"": 100.0, ""Q"": [[1000.0, 0.0, 0.0, 0.0], [0.0, 0.0, 0.0, 0.0], [0.0, 0.0, 1000.0, 0.0], [0.0, 0.0, 0.0, 0.0]], ""R"": [[1000.0, 0.0], [0.0, 1000.0]], ""P"": [[100.0, 0.0, 0.0, 0.0], [0.0, 10000.0, 0.0, 0.0], [0.0, 0.0, 100.0, 0.0], [0.0, 0.0, 0.0, 10000.0]]}","[0.01193204718852443, -0.0005610503285801441, 0.0]",False
3,P02,6800b3a4-1011-434f-a1f4-d5be725d3709,7,1,haply,mpc,seeded_random,1538163069,persist_session,10.0,1785314983.3898714,5070.451662529,0,1785314983.3868783,365,True,normal,fixed,-0.08,-0.08,0.0,0.08,-0.08,0.0,-0.068799801,-0.07421802,0.0,0.034005113,-0.22794405,0.09042733,0.023067998,-0.00040843946,0.003581735,"[0.24513732912084407, 2.1255556904011272, 0.0, 0.0, 0.0, 0.0, -2.2297446646650507, 4.626212334406897]","[0.09730689290487876, 0.011077040679222869, 0.0]","{""Controller Type"": ""MPC Controller"", ""weight_comfort"": 1000.0, ""weight_trajectory"": 1000.0, ""weight_goal"": 100.0, ""Q"": [[1000.0, 0.0, 0.0, 0.0], [0.0, 0.0, 0.0, 0.0], [0.0, 0.0, 1000.0, 0.0], [0.0, 0.0, 0.0, 0.0]], ""R"": [[1000.0, 0.0], [0.0, 1000.0]], ""P"": [[100.0, 0.0, 0.0, 0.0], [0.0, 10000.0, 0.0, 0.0], [0.0, 0.0, 100.0, 0.0], [0.0, 0.0, 0.0, 10000.0]]}","[0.013035255284158097, -0.0005854438023247729, 0.0]",False
3,P02,6800b3a4-1011-434f-a1f4-d5be725d3709,7,1,haply,mpc,seeded_random,1538163069,persist_session,10.0,1785314983.399855,5070.461645784,0,1785314983.3968294,366,True,normal,fixed,-0.08,-0.08,0.0,0.08,-0.08,0.0,-0.06823547999999999,-0.07422592,0.0,0.03419322,-0.22791748,0.09042338,0.02241851,0.00035635685,0.002590268,"[0.6496442507525801, 2.2050039441521756, 0.0, 0.0, 0.0, 0.0, -2.22511087001853, 4.6245816966688365]","[0.2792423821552288, 0.0075191067974582125, 0.0]","{""Controller Type"": ""MPC Controller"", ""weight_comfort"": 1000.0, ""weight_trajectory"": 1000.0, ""weight_goal"": 100.0, ""Q"": [[1000.0, 0.0, 0.0, 0.0], [0.0, 0.0, 0.0, 0.0], [0.0, 0.0, 1000.0, 0.0], [0.0, 0.0, 0.0, 0.0]], ""R"": [[1000.0, 0.0], [0.0, 1000.0]], ""P"": [[100.0, 0.0, 0.0, 0.0], [0.0, 10000.0, 0.0, 0.0], [0.0, 0.0, 100.0, 0.0], [0.0, 0.0, 0.0, 10000.0]]}","[0.012083525488359288, -0.000600834500504967, 0.0]",False
3,P02,6800b3a4-1011-434f-a1f4-d5be725d3709,7,1,haply,mpc,seeded_random,1538163069,persist_session,10.0,1785314983.4098153,5070.471600101,0,1785314983.406915,367,True,normal,fixed,-0.08,-0.08,0.0,0.08,-0.08,0.0,-0.06766241999999997,-0.07413800000000001,0.0,0.03438424,-0.22794999,0.09046734,0.021974867,0.00090014574,0.0018906079,"[0.40744539536350544, 2.209182670543345, 0.0, 0.0, 0.0, 0.0, -2.226706498402988, 4.625187584691912]","[0.18567912290115673, 0.009185333309868853, 0.0]","{""Controller Type"": ""MPC Controller"", ""weight_comfort"": 1000.0, ""weight_trajectory"": 1000.0, ""weight_goal"": 100.0, ""Q"": [[1000.0, 0.0, 0.0, 0.0], [0.0, 0.0, 0.0, 0.0], [0.0, 0.0, 1000.0, 0.0], [0.0, 0.0, 0.0, 0.0]], ""R"": [[1000.0, 0.0], [0.0, 1000.0]], ""P"": [[100.0, 0.0, 0.0, 0.0], [0.0, 10000.0, 0.0, 0.0], [0.0, 0.0, 100.0, 0.0], [0.0, 0.0, 0.0, 10000.0]]}","[0.01349817582657542, -0.0006407500869525628, 0.0]",False
3,P02,6800b3a4-1011-434f-a1f4-d5be725d3709,7,1,haply,mpc,seeded_random,1538163069,persist_session,10.0,1785314983.4197962,5070.481600858,0,1785314983.4165897,368,True,normal,fixed,-0.08,-0.08,0.0,0.08,-0.08,0.0,-0.06708914399999999,-0.07405002,0.0,0.034575332,-0.22798234,0.09051133,0.021570878,0.0008939816,0.0017041626,"[0.3927424372804552, 2.2093986855414878, 0.0, 0.0, 0.0, 0.0, -2.319847831423764, 4.697901830991804]","[0.18353071626852765, 0.054552409965067494, 0.0]","{""Controller Type"": ""MPC Controller"", ""weight_comfort"": 1000.0, ""weight_trajectory"": 1000.0, ""weight_goal"": 100.0, ""Q"": [[1000.0, 0.0, 0.0, 0.0], [0.0, 0.0, 0.0, 0.0], [0.0, 0.0, 1000.0, 0.0], [0.0, 0.0, 0.0, 0.0]], ""R"": [[1000.0, 0.0], [0.0, 1000.0]], ""P"": [[100.0, 0.0, 0.0, 0.0], [0.0, 10000.0, 0.0, 0.0], [0.0, 0.0, 100.0, 0.0], [0.0, 0.0, 0.0, 10000.0]]}","[0.014076423224753727, -0.0010277255557775184, 0.0]",False
3,P02,6800b3a4-1011-434f-a1f4-d5be725d3709,7,1,haply,mpc,seeded_random,1538163069,persist_session,10.0,1785314983.429867,5070.491655955,0,1785314983.4265864,369,True,normal,fixed,-0.08,-0.08,0.0,0.08,-0.08,0.0,-0.06651340799999998,-0.07381093999999999,0.0,0.034767244,-0.22800426,0.09063087,0.021265509,0.0007559532,0.0018206929,"[0.3979399066316331, 2.209432371497734, 0.0, 0.0, 0.0, 0.0, -2.317947732928628, 4.696407513227366]","[0.18945174821091124, 0.05649965040720315, 0.0]","{""Controller Type"": ""MPC Controller"", ""weight_comfort"": 1000.0, ""weight_trajectory"": 1000.0, ""weight_goal"": 100.0, ""Q"": [[1000.0, 0.0, 0.0, 0.0], [0.0, 0.0, 0.0, 0.0], [0.0, 0.0, 1000.0, 0.0], [0.0, 0.0, 0.0, 0.0]], ""R"": [[1000.0, 0.0], [0.0, 1000.0]], ""P"": [[100.0, 0.0, 0.0, 0.0], [0.0, 10000.0, 0.0, 0.0], [0.0, 0.0, 100.0, 0.0], [0.0, 0.0, 0.0, 10000.0]]}","[0.014590647286911736, -0.001102344930539534, 0.0]",False
3,P02,6800b3a4-1011-434f-a1f4-d5be725d3709,7,1,haply,mpc,seeded_random,1538163069,persist_session,10.0,1785314983.43999,5070.501771694,0,1785314983.4367511,370,True,normal,fixed,-0.08,-0.08,0.0,0.08,-0.08,0.0,-0.06593747999999999,-0.07357172000000001,0.0,0.03495922,-0.2280259,0.09075048,0.020977419,0.00065232423,0.002192557,"[0.3690975444003788, 2.209580884989147, 0.0, 0.0, 0.0, 0.0, -2.562722623235133, 4.937968135056588]","[0.18133386282931763, 0.13395731782792325, 0.0]","{""Controller Type"": ""MPC Controller"", ""weight_comfort"": 1000.0, ""weight_trajectory"": 1000.0, ""weight_goal"": 100.0, ""Q"": [[1000.0, 0.0, 0.0, 0.0], [0.0, 0.0, 0.0, 0.0], [0.0, 0.0, 1000.0, 0.0], [0.0, 0.0, 0.0, 0.0]], ""R"": [[1000.0, 0.0], [0.0, 1000.0]], ""P"": [[100.0, 0.0, 0.0, 0.0], [0.0, 10000.0, 0.0, 0.0], [0.0, 0.0, 100.0, 0.0], [0.0, 0.0, 0.0, 10000.0]]}","[0.015287918063042706, -0.0017786327756149, 0.0]",False
3,P02,6800b3a4-1011-434f-a1f4-d5be725d3709,7,1,haply,mpc,seeded_random,1538163069,persist_session,10.0,1785314983.449835,5070.511633242,0,1785314983.4466186,371,True,normal,fixed,-0.08,-0.08,0.0,0.08,-0.08,0.0,-0.065363535,-0.073483568,0.0,0.035150535,-0.22805777,0.090794556,0.020702269,0.0005468786,0.0025318104,"[0.34707513565856435, 2.2098220967598587, 0.0, 0.0, 0.0, 0.0, -2.5318670011898883, 4.907864995940756]","[0.17585847796978737, 0.13177872370515736, 0.0]","{""Controller Type"": ""MPC Controller"", ""weight_comfort"": 1000.0, ""weight_trajectory"": 1000.0, ""weight_goal"": 100.0, ""Q"": [[1000.0, 0.0, 0.0, 0.0], [0.0, 0.0, 0.0, 0.0], [0.0, 0.0, 1000.0, 0.0], [0.0, 0.0, 0.0, 0.0]], ""R"": [[1000.0, 0.0], [0.0, 1000.0]], ""P"": [[100.0, 0.0, 0.0, 0.0], [0.0, 10000.0, 0.0, 0.0], [0.0, 0.0, 100.0, 0.0], [0.0, 0.0, 0.0, 10000.0]]}","[0.01598806491633537, -0.0018813940716966022, 0.0]",False
3,P02,6800b3a4-1011-434f-a1f4-d5be725d3709,7,1,haply,mpc,seeded_random,1538163069,persist_session,10.0,1785314983.4598868,5070.521672149,0,1785314983.4566283,372,True,normal,fixed,-0.08,-0.08,0.0,0.08,-0.08,0.0,-0.06479673,-0.07334082,0.0,0.03533947,-0.22801991,0.09086593,0.020500878,0.000388695,0.0028662267,"[0.34496827686567627, 2.2098146905256435, 0.0, 0.0, 0.0, 0.0, -2.356697008894235, 4.774416184296418]","[0.1786810120696214, 0.058010139771296376, 0.0]","{""Controller Type"": ""MPC Controller"", ""weight_comfort"": 1000.0, ""weight_trajectory"": 1000.0, ""weight_goal"": 100.0, ""Q"": [[1000.0, 0.0, 0.0, 0.0], [0.0, 0.0, 0.0, 0.0], [0.0, 0.0, 1000.0, 0.0], [0.0, 0.0, 0.0, 0.0]], ""R"": [[1000.0, 0.0], [0.0, 1000.0]], ""P"": [[100.0, 0.0, 0.0, 0.0], [0.0, 10000.0, 0.0, 0.0], [0.0, 0.0, 100.0, 0.0], [0.0, 0.0, 0.0, 10000.0]]}","[0.016610620561214103, -0.0013443448904501673, 0.0]",False
3,P02,6800b3a4-1011-434f-a1f4-d5be725d3709,7,1,haply,mpc,seeded_random,1538163069,persist_session,10.0,1785314983.4698899,5070.531681476,0,1785314983.4666686,373,True,normal,fixed,-0.08,-0.08,0.0,0.08,-0.08,0.0,-0.06422249999999999,-0.07325283999999999,0.0,0.03553088,-0.22805129,0.09090992,0.02029865,0.00018474885,0.0032373627,"[0.31881640023115704, 2.2100151294042436, 0.0, 0.0, 0.0, 0.0, -2.4198534842290687, 4.82863192612442]","[0.17130612524160937, 0.08497474835388602, 0.0]","{""Controller Type"": ""MPC Controller"", ""weight_comfort"": 1000.0, ""weight_trajectory"": 1000.0, ""weight_goal"": 100.0, ""Q"": [[1000.0, 0.0, 0.0, 0.0], [0.0, 0.0, 0.0, 0.0], [0.0, 0.0, 1000.0, 0.0], [0.0, 0.0, 0.0, 0.0]], ""R"": [[1000.0, 0.0], [0.0, 1000.0]], ""P"": [[100.0, 0.0, 0.0, 0.0], [0.0, 10000.0, 0.0, 0.0], [0.0, 0.0, 100.0, 0.0], [0.0, 0.0, 0.0, 10000.0]]}","[0.017386699536256153, -0.0016741003766774822, 0.0]",False
3,P02,6800b3a4-1011-434f-a1f4-d5be725d3709,7,1,haply,mpc,seeded_random,1538163069,persist_session,10.0,1785314983.479888,5070.541675013,0,1785314983.4766045,374,True,normal,fixed,-0.08,-0.08,0.0,0.08,-0.08,0.0,-0.06365793,-0.07326087,0.0,0.03571907,-0.2280235,0.090905905,0.020218715,7.888021e-05,0.0034805655,"[0.30972517903429947, 2.2100226802955665, 0.0, 0.0, 0.0, 0.0, -2.3494282181527764, 4.775784983461285]","[0.17106630454270552, 0.05770074410643687, 0.0]","{""Controller Type"": ""MPC Controller"", ""weight_comfort"": 1000.0, ""weight_trajectory"": 1000.0, ""weight_goal"": 100.0, ""Q"": [[1000.0, 0.0, 0.0, 0.0], [0.0, 0.0, 0.0, 0.0], [0.0, 0.0, 1000.0, 0.0], [0.0, 0.0, 0.0, 0.0]], ""R"": [[1000.0, 0.0], [0.0, 1000.0]], ""P"": [[100.0, 0.0, 0.0, 0.0], [0.0, 10000.0, 0.0, 0.0], [0.0, 0.0, 100.0, 0.0], [0.0, 0.0, 0.0, 10000.0]]}","[0.018107327579306356, -0.001503844062207938, 0.0]",False
3,P02,6800b3a4-1011-434f-a1f4-d5be725d3709,7,1,haply,mpc,seeded_random,1538163069,persist_session,10.0,1785314983.4898024,5070.551601312,0,1785314983.486721,375,True,normal,fixed,-0.08,-0.08,0.0,0.08,-0.08,0.0,-0.06252882899999998,-0.073277008,0.0,0.036095437,-0.22796744,0.090897836,0.020087002,8.2527076e-05,0.003971987,"[0.2936054239324604, 2.2100569122492897, 0.0, 0.0, 0.0, 0.0, -2.280254990185864, 4.74939870528359]","[0.167757444215673, 0.011528546642952872, 0.0]","{""Controller Type"": ""MPC Controller"", ""weight_comfort"": 1000.0, ""weight_trajectory"": 1000.0, ""weight_goal"": 100.0, ""Q"": [[1000.0, 0.0, 0.0, 0.0], [0.0, 0.0, 0.0, 0.0], [0.0, 0.0, 1000.0, 0.0], [0.0, 0.0, 0.0, 0.0]], ""R"": [[1000.0, 0.0], [0.0, 1000.0]], ""P"": [[100.0, 0.0, 0.0, 0.0], [0.0, 10000.0, 0.0, 0.0], [0.0, 0.0, 100.0, 0.0], [0.0, 0.0, 0.0, 10000.0]]}","[0.01889074209787073, -0.0010912788845832046, 0.0]",False
3,P02,6800b3a4-1011-434f-a1f4-d5be725d3709,7,1,haply,mpc,seeded_random,1538163069,persist_session,10.0,1785314983.4998908,5070.561678444,0,1785314983.4966671,376,True,normal,fixed,-0.08,-0.08,0.0,0.08,-0.08,0.0,-0.061682145,-0.07328915999999999,0.0,0.036377665,-0.227925,0.09089176,0.020396426,-0.00012413049,0.0047231135,"[0.6087261464142438, 2.4031620085360506, 0.0, 0.0, 0.0, 0.0, -2.274497326518911, 4.747507559957847]","[0.3549755194350511, 0.007718186314156697, 0.0]","{""Controller Type"": ""MPC Controller"", ""weight_comfort"": 1000.0, ""weight_trajectory"": 1000.0, ""weight_goal"": 100.0, ""Q"": [[1000.0, 0.0, 0.0, 0.0], [0.0, 0.0, 0.0, 0.0], [0.0, 0.0, 1000.0, 0.0], [0.0, 0.0, 0.0, 0.0]], ""R"": [[1000.0, 0.0], [0.0, 1000.0]], ""P"": [[100.0, 0.0, 0.0, 0.0], [0.0, 10000.0, 0.0, 0.0], [0.0, 0.0, 100.0, 0.0], [0.0, 0.0, 0.0, 10000.0]]}","[0.017494822147015934, -0.0011497050237858815, 0.0]",False
3,P02,6800b3a4-1011-434f-a1f4-d5be725d3709,7,1,haply,mpc,seeded_random,1538163069,persist_session,10.0,1785314983.5098035,5070.571601123,0,1785314983.5067883,377,True,normal,fixed,-0.08,-0.08,0.0,0.08,-0.08,0.0,-0.06055148399999998,-0.07315407999999998,0.0,0.036754552,-0.22785744,0.0909593,0.021662744,-0.00032473507,0.004273756,"[0.40836369057632094, 2.3457489389933373, 0.0, 0.0, 0.0, 0.0, -2.276442605908226, 4.748196432203967]","[0.2575448087880636, 0.009475569496044523, 0.0]","{""Controller Type"": ""MPC Controller"", ""weight_comfort"": 1000.0, ""weight_trajectory"": 1000.0, ""weight_goal"": 100.0, ""Q"": [[1000.0, 0.0, 0.0, 0.0], [0.0, 0.0, 0.0, 0.0], [0.0, 0.0, 1000.0, 0.0], [0.0, 0.0, 0.0, 0.0]], ""R"": [[1000.0, 0.0], [0.0, 1000.0]], ""P"": [[100.0, 0.0, 0.0, 0.0], [0.0, 10000.0, 0.0, 0.0], [0.0, 0.0, 100.0, 0.0], [0.0, 0.0, 0.0, 10000.0]]}","[0.02015425473956352, -0.001251179788872617, 0.0]",False
3,P02,6800b3a4-1011-434f-a1f4-d5be725d3709,7,1,haply,mpc,seeded_random,1538163069,persist_session,10.0,1785314983.5198815,5070.581676896,0,1785314983.5168128,378,True,normal,fixed,-0.08,-0.08,0.0,0.08,-0.08,0.0,-0.05914119899999999,-0.07317448800000001,0.0,0.037224647,-0.2277852,0.090949096,0.023876088,0.0008652223,0.003462901,"[0.5449478003578748, 2.433328315437689, 0.0, 0.0, 0.0, 0.0, -2.468696879677174, 4.909360642518233]","[0.3484280518580022, 0.08242262544859, 0.0]","{""Controller Type"": ""MPC Controller"", ""weight_comfort"": 1000.0, ""weight_trajectory"": 1000.0, ""weight_goal"": 100.0, ""Q"": [[1000.0, 0.0, 0.0, 0.0], [0.0, 0.0, 0.0, 0.0], [0.0, 0.0, 1000.0, 0.0], [0.0, 0.0, 0.0, 0.0]], ""R"": [[1000.0, 0.0], [0.0, 1000.0]], ""P"": [[100.0, 0.0, 0.0, 0.0], [0.0, 10000.0, 0.0, 0.0], [0.0, 0.0, 100.0, 0.0], [0.0, 0.0, 0.0, 10000.0]]}","[0.020147602858556504, -0.002344316399144165, 0.0]",False
3,P02,6800b3a4-1011-434f-a1f4-d5be725d3709,7,1,haply,mpc,seeded_random,1538163069,persist_session,10.0,1785314983.5298977,5070.591686697,0,1785314983.5268054,379,True,normal,fixed,-0.08,-0.08,0.0,0.08,-0.08,0.0,-0.057731339999999985,-0.07319499199999999,0.0,0.0376946,-0.227712,0.090938844,0.026724035,0.002173182,0.0027507993,"[0.6673978980466907, 2.5766244483536735, 0.0, 0.0, 0.0, 0.0, -2.3651564546753376, 4.878544152013068]","[0.4553502053838443, 0.006211650904531789, 0.0]","{""Controller Type"": ""MPC Controller"", ""weight_comfort"": 1000.0, ""weight_trajectory"": 1000.0, ""weight_goal"": 100.0, ""Q"": [[1000.0, 0.0, 0.0, 0.0], [0.0, 0.0, 0.0, 0.0], [0.0, 0.0, 1000.0, 0.0], [0.0, 0.0, 0.0, 0.0]], ""R"": [[1000.0, 0.0], [0.0, 1000.0]], ""P"": [[100.0, 0.0, 0.0, 0.0], [0.0, 10000.0, 0.0, 0.0], [0.0, 0.0, 100.0, 0.0], [0.0, 0.0, 0.0, 10000.0]]}","[0.020174915193762116, -0.001506065517305705, 0.0]",False
3,P02,6800b3a4-1011-434f-a1f4-d5be725d3709,7,1,haply,mpc,seeded_random,1538163069,persist_session,10.0,1785314983.53987,5070.601670736,0,1785314983.5366185,380,True,normal,fixed,-0.08,-0.08,0.0,0.08,-0.08,0.0,-0.056038139999999986,-0.07306882,0.0,0.038259,-0.22761251,0.09100193,0.03027723,0.0033324312,0.0022470532,"[0.6474790563364835, 2.5525353985456833, 0.0, 0.0, 0.0, 0.0, -2.364639383066502, 4.878391115079766]","[0.44931617909666405, 0.00608132881810872, 0.0]","{""Controller Type"": ""MPC Controller"", ""weight_comfort"": 1000.0, ""weight_trajectory"": 1000.0, ""weight_goal"": 100.0, ""Q"": [[1000.0, 0.0, 0.0, 0.0], [0.0, 0.0, 0.0, 0.0], [0.0, 0.0, 1000.0, 0.0], [0.0, 0.0, 0.0, 0.0]], ""R"": [[1000.0, 0.0], [0.0, 1000.0]], ""P"": [[100.0, 0.0, 0.0, 0.0], [0.0, 10000.0, 0.0, 0.0], [0.0, 0.0, 100.0, 0.0], [0.0, 0.0, 0.0, 10000.0]]}","[0.022235206544243057, -0.0016812277909839307, 0.0]",False
3,P02,6800b3a4-1011-434f-a1f4-d5be725d3709,7,1,haply,mpc,seeded_random,1538163069,persist_session,10.0,1785314983.5499191,5070.611708214,0,1785314983.5466468,381,True,normal,fixed,-0.08,-0.08,0.0,0.08,-0.08,0.0,-0.054064049999999995,-0.07294686,0.0,0.03891703,-0.22749639,0.09106291,0.034974378,0.0046298723,0.0018143292,"[0.7470460426457626, 2.7651210352291926, 0.0, 0.0, 0.0, 0.0, -2.5685583284848454, 5.0471585727708606]","[0.5787356298530354, 0.08269721222052709, 0.0]","{""Controller Type"": ""MPC Controller"", ""weight_comfort"": 1000.0, ""weight_trajectory"": 1000.0, ""weight_goal"": 100.0, ""Q"": [[1000.0, 0.0, 0.0, 0.0], [0.0, 0.0, 0.0, 0.0], [0.0, 0.0, 1000.0, 0.0], [0.0, 0.0, 0.0, 0.0]], ""R"": [[1000.0, 0.0], [0.0, 1000.0]], ""P"": [[100.0, 0.0, 0.0, 0.0], [0.0, 10000.0, 0.0, 0.0], [0.0, 0.0, 100.0, 0.0], [0.0, 0.0, 0.0, 10000.0]]}","[0.02208421175324781, -0.003358693513081939, 0.0]",False
3,P02,6800b3a4-1011-434f-a1f4-d5be725d3709,7,1,haply,mpc,seeded_random,1538163069,persist_session,10.0,1785314983.5597782,5070.621583996,0,1785314983.5568054,382,True,normal,fixed,-0.08,-0.08,0.0,0.08,-0.08,0.0,-0.052374275999999984,-0.072971952,0.0,0.039480288,-0.22740436,0.091050364,0.039374575,0.0057282457,0.00155538,"[0.7971755973889966, 2.934469149977922, 0.0, 0.0, 0.0, 0.0, -2.547719407903629, 5.030248635683869]","[0.6845248563773213, 0.07914482666455772, 0.0]","{""Controller Type"": ""MPC Controller"", ""weight_comfort"": 1000.0, ""weight_trajectory"": 1000.0, ""weight_goal"": 100.0, ""Q"": [[1000.0, 0.0, 0.0, 0.0], [0.0, 0.0, 0.0, 0.0], [0.0, 0.0, 1000.0, 0.0], [0.0, 0.0, 0.0, 0.0]], ""R"": [[1000.0, 0.0], [0.0, 1000.0]], ""P"": [[100.0, 0.0, 0.0, 0.0], [0.0, 10000.0, 0.0, 0.0], [0.0, 0.0, 100.0, 0.0], [0.0, 0.0, 0.0, 10000.0]]}","[0.022585127687953784, -0.003906629455785443, 0.0]",False
3,P02,6800b3a4-1011-434f-a1f4-d5be725d3709,7,1,haply,mpc,seeded_random,1538163069,persist_session,10.0,1785314983.5698872,5070.631680575,0,1785314983.5667005,383,True,normal,fixed,-0.08,-0.08,0.0,0.08,-0.08,0.0,-0.050120573999999994,-0.07285459,0.0,0.040231522,-0.22726901,0.091109045,0.044077788,0.0068728374,0.0016469085,"[0.6682614488037526, 2.6691153411430752, 0.0, 0.0, 0.0, 0.0, -2.4487351162531543, 5.003689695003161]","[0.5324419683629026, 0.004850512874176861, 0.0]","{""Controller Type"": ""MPC Controller"", ""weight_comfort"": 1000.0, ""weight_trajectory"": 1000.0, ""weight_goal"": 100.0, ""Q"": [[1000.0, 0.0, 0.0, 0.0], [0.0, 0.0, 0.0, 0.0], [0.0, 0.0, 1000.0, 0.0], [0.0, 0.0, 0.0, 0.0]], ""R"": [[1000.0, 0.0], [0.0, 1000.0]], ""P"": [[100.0, 0.0, 0.0, 0.0], [0.0, 10000.0, 0.0, 0.0], [0.0, 0.0, 100.0, 0.0], [0.0, 0.0, 0.0, 10000.0]]}","[0.02906188748755007, -0.0026304046349627836, 0.0]",False
3,P02,6800b3a4-1011-434f-a1f4-d5be725d3709,7,1,haply,mpc,seeded_random,1538163069,persist_session,10.0,1785314983.5798664,5070.641659873,0,1785314983.577056,384,True,normal,fixed,-0.08,-0.08,0.0,0.08,-0.08,0.0,-0.04814952899999998,-0.07273331,0.0,0.040888537,-0.22714725,0.091169685,0.04880738,0.007988999,0.0018544483,"[0.7521291258711407, 3.2972867057494, 0.0, 0.0, 0.0, 0.0, -2.6414988203582865, 5.158532842288488]","[0.8488565429727319, 0.08005806373930079, 0.0]","{""Controller Type"": ""MPC Controller"", ""weight_comfort"": 1000.0, ""weight_trajectory"": 1000.0, ""weight_goal"": 100.0, ""Q"": [[1000.0, 0.0, 0.0, 0.0], [0.0, 0.0, 0.0, 0.0], [0.0, 0.0, 1000.0, 0.0], [0.0, 0.0, 0.0, 0.0]], ""R"": [[1000.0, 0.0], [0.0, 1000.0]], ""P"": [[100.0, 0.0, 0.0, 0.0], [0.0, 10000.0, 0.0, 0.0], [0.0, 0.0, 100.0, 0.0], [0.0, 0.0, 0.0, 10000.0]]}","[0.02457439387458219, -0.005363105226002774, 0.0]",False
3,P02,6800b3a4-1011-434f-a1f4-d5be725d3709,7,1,haply,mpc,seeded_random,1538163069,persist_session,10.0,1785314983.5898547,5070.651651548,0,1785314983.5866897,385,True,normal,fixed,-0.08,-0.08,0.0,0.08,-0.08,0.0,-0.04589839799999999,-0.0726165,0.0,0.041638914,-0.2270073,0.09122809,0.052942958,0.009011612,0.0022464548,"[0.6432273012319678, 2.9160304209785677, 0.0, 0.0, 0.0, 0.0, -2.628189588258632, 5.14792776643853]","[0.6374620996618475, 0.07938913114458623, 0.0]","{""Controller Type"": ""MPC Controller"", ""weight_comfort"": 1000.0, ""weight_trajectory"": 1000.0, ""weight_goal"": 100.0, ""Q"": [[1000.0, 0.0, 0.0, 0.0], [0.0, 0.0, 0.0, 0.0], [0.0, 0.0, 1000.0, 0.0], [0.0, 0.0, 0.0, 0.0]], ""R"": [[1000.0, 0.0], [0.0, 1000.0]], ""P"": [[100.0, 0.0, 0.0, 0.0], [0.0, 10000.0, 0.0, 0.0], [0.0, 0.0, 100.0, 0.0], [0.0, 0.0, 0.0, 10000.0]]}","[0.03430306774055448, -0.00632268599571937, 0.0]",False
3,P02,6800b3a4-1011-434f-a1f4-d5be725d3709,7,1,haply,mpc,seeded_random,1538163069,persist_session,10.0,1785314983.5998623,5070.661648481,0,1785314983.5966709,386,True,normal,fixed,-0.08,-0.08,0.0,0.08,-0.08,0.0,-0.04336777799999998,-0.07250414,0.0,0.042482454,-0.22684827,0.09128427,0.05701016,0.010006201,0.0025465174,"[0.6799137903121429, 3.3456456939203805, 0.0, 0.0, 0.0, 0.0, -2.622533126692518, 5.143397314803689]","[0.8673790790604973, 0.08172739175279903, 0.0]","{""Controller Type"": ""MPC Controller"", ""weight_comfort"": 1000.0, ""weight_trajectory"": 1000.0, ""weight_goal"": 100.0, ""Q"": [[1000.0, 0.0, 0.0, 0.0], [0.0, 0.0, 0.0, 0.0], [0.0, 0.0, 1000.0, 0.0], [0.0, 0.0, 0.0, 0.0]], ""R"": [[1000.0, 0.0], [0.0, 1000.0]], ""P"": [[100.0, 0.0, 0.0, 0.0], [0.0, 10000.0, 0.0, 0.0], [0.0, 0.0, 100.0, 0.0], [0.0, 0.0, 0.0, 10000.0]]}","[0.030490741448377927, -0.007731110095972773, 0.0]",False
3,P02,6800b3a4-1011-434f-a1f4-d5be725d3709,7,1,haply,mpc,seeded_random,1538163069,persist_session,10.0,1785314983.6098926,5070.6716755,0,1785314983.6066298,387,True,normal,fixed,-0.08,-0.08,0.0,0.08,-0.08,0.0,-0.04083748199999999,-0.07224136,0.0,0.043325886,-0.22667548,0.09141566,0.06077441,0.010973281,0.0029462774,"[0.6818357997632868, 3.4784512352862937, 0.0, 0.0, 0.0, 0.0, -2.599050204653055, 5.125047639588003]","[0.9660423483346565, 0.07717587334847432, 0.0]","{""Controller Type"": ""MPC Controller"", ""weight_comfort"": 1000.0, ""weight_trajectory"": 1000.0, ""weight_goal"": 100.0, ""Q"": [[1000.0, 0.0, 0.0, 0.0], [0.0, 0.0, 0.0, 0.0], [0.0, 0.0, 1000.0, 0.0], [0.0, 0.0, 0.0, 0.0]], ""R"": [[1000.0, 0.0], [0.0, 1000.0]], ""P"": [[100.0, 0.0, 0.0, 0.0], [0.0, 10000.0, 0.0, 0.0], [0.0, 0.0, 100.0, 0.0], [0.0, 0.0, 0.0, 10000.0]]}","[0.03018247597027379, -0.009316184660068196, 0.0]",False
3,P02,6800b3a4-1011-434f-a1f4-d5be725d3709,7,1,haply,mpc,seeded_random,1538163069,persist_session,10.0,1785314983.619814,5070.681614385,0,1785314983.6166778,388,True,normal,fixed,-0.08,-0.08,0.0,0.08,-0.08,0.0,-0.038309159999999995,-0.07197892,0.0,0.04416866,-0.22649954,0.09154688,0.06465,0.012010983,0.0035358386,"[0.6818730702841523, 3.3659432122347415, 0.0, 0.0, 0.0, 0.0, -2.899208658385854, 5.414764480510638]","[0.9375868721157365, 0.16536913617961746, 0.0]","{""Controller Type"": ""MPC Controller"", ""weight_comfort"": 1000.0, ""weight_trajectory"": 1000.0, ""weight_goal"": 100.0, ""Q"": [[1000.0, 0.0, 0.0, 0.0], [0.0, 0.0, 0.0, 0.0], [0.0, 0.0, 1000.0, 0.0], [0.0, 0.0, 0.0, 0.0]], ""R"": [[1000.0, 0.0], [0.0, 1000.0]], ""P"": [[100.0, 0.0, 0.0, 0.0], [0.0, 10000.0, 0.0, 0.0], [0.0, 0.0, 100.0, 0.0], [0.0, 0.0, 0.0, 10000.0]]}","[0.034255213994803545, -0.016374258174467356, 0.0]",False
3,P02,6800b3a4-1011-434f-a1f4-d5be725d3709,7,1,haply,mpc,seeded_random,1538163069,persist_session,10.0,1785314983.6298227,5070.691621877,0,1785314983.6266396,389,True,normal,fixed,-0.08,-0.08,0.0,0.08,-0.08,0.0,-0.03550256999999998,-0.07172151999999998,0.0,0.04510419,-0.22630264,0.09167558,0.06873395,0.013128769,0.004249556,"[0.6829647962321734, 3.2260805654181803, 0.0, 0.0, 0.0, 0.0, -2.85687141210743, 5.374310090391351]","[0.8925686483696146, 0.16328603499642622, 0.0]","{""Controller Type"": ""MPC Controller"", ""weight_comfort"": 1000.0, ""weight_trajectory"": 1000.0, ""weight_goal"": 100.0, ""Q"": [[1000.0, 0.0, 0.0, 0.0], [0.0, 0.0, 0.0, 0.0], [0.0, 0.0, 1000.0, 0.0], [0.0, 0.0, 0.0, 0.0]], ""R"": [[1000.0, 0.0], [0.0, 1000.0]], ""P"": [[100.0, 0.0, 0.0, 0.0], [0.0, 10000.0, 0.0, 0.0], [0.0, 0.0, 100.0, 0.0], [0.0, 0.0, 0.0, 10000.0]]}","[0.03971923599976122, -0.020158002776059912, 0.0]",False
3,P02,6800b3a4-1011-434f-a1f4-d5be725d3709,7,1,haply,mpc,seeded_random,1538163069,persist_session,10.0,1785314983.6398091,5070.701611581,0,1785314983.6366904,390,True,normal,fixed,-0.08,-0.08,0.0,0.08,-0.08,0.0,-0.032417268,-0.07131788,0.0,0.046132624,-0.22607289,0.0918774,0.07290616,0.014411697,0.0057207476,"[0.6583825487998644, 3.5002391506542585, 0.0, 0.0, 0.0, 0.0, -2.8144645549679512, 5.334195449359567]","[1.0621812483875845, 0.16112758329488008, 0.0]","{""Controller Type"": ""MPC Controller"", ""weight_comfort"": 1000.0, ""weight_trajectory"": 1000.0, ""weight_goal"": 100.0, ""Q"": [[1000.0, 0.0, 0.0, 0.0], [0.0, 0.0, 0.0, 0.0], [0.0, 0.0, 1000.0, 0.0], [0.0, 0.0, 0.0, 0.0]], ""R"": [[1000.0, 0.0], [0.0, 1000.0]], ""P"": [[100.0, 0.0, 0.0, 0.0], [0.0, 10000.0, 0.0, 0.0], [0.0, 0.0, 100.0, 0.0], [0.0, 0.0, 0.0, 10000.0]]}","[0.031033882920939948, -0.02527197073301739, 0.0]",False
3,P02,6800b3a4-1011-434f-a1f4-d5be725d3709,7,1,haply,mpc,seeded_random,1538163069,persist_session,10.0,1785314983.649876,5070.711666475,0,1785314983.6467202,391,True,normal,fixed,-0.08,-0.08,0.0,0.08,-0.08,0.0,-0.029336348999999998,-0.07106592,0.0,0.047159597,-0.22584926,0.09200338,0.077776685,0.015973117,0.00775134,"[0.6291837054979084, 3.69845226803555, 0.0, 0.0, 0.0, 0.0, -3.1633206374170215, 5.694365570873388]","[1.2060509015698049, 0.2561505783907211, 0.0]","{""Controller Type"": ""MPC Controller"", ""weight_comfort"": 1000.0, ""weight_trajectory"": 1000.0, ""weight_goal"": 100.0, ""Q"": [[1000.0, 0.0, 0.0, 0.0], [0.0, 0.0, 0.0, 0.0], [0.0, 0.0, 1000.0, 0.0], [0.0, 0.0, 0.0, 0.0]], ""R"": [[1000.0, 0.0], [0.0, 1000.0]], ""P"": [[100.0, 0.0, 0.0, 0.0], [0.0, 10000.0, 0.0, 0.0], [0.0, 0.0, 100.0, 0.0], [0.0, 0.0, 0.0, 10000.0]]}","[0.01856987187545028, -0.041234811542008615, 0.0]",False
3,P02,6800b3a4-1011-434f-a1f4-d5be725d3709,7,1,haply,mpc,seeded_random,1538163069,persist_session,10.0,1785314983.6597943,5070.721599091,0,1785314983.6566052,392,True,normal,fixed,-0.08,-0.08,0.0,0.08,-0.08,0.0,-0.02597806499999998,-0.070668068,0.0,0.048279025,-0.22559091,0.092202306,0.08249691,0.01747317,0.009275075,"[0.6561171352800533, 3.531107989439878, 0.0, 0.0, 0.0, 0.0, -2.788819771113948, 5.349654309882391]","[1.1564116749978421, 0.15930504515734936, 0.0]","{""Controller Type"": ""MPC Controller"", ""weight_comfort"": 1000.0, ""weight_trajectory"": 1000.0, ""weight_goal"": 100.0, ""Q"": [[1000.0, 0.0, 0.0, 0.0], [0.0, 0.0, 0.0, 0.0], [0.0, 0.0, 1000.0, 0.0], [0.0, 0.0, 0.0, 0.0]], ""R"": [[1000.0, 0.0], [0.0, 1000.0]], ""P"": [[100.0, 0.0, 0.0, 0.0], [0.0, 10000.0, 0.0, 0.0], [0.0, 0.0, 100.0, 0.0], [0.0, 0.0, 0.0, 10000.0]]}","[0.016213602668039895, -0.04111732045764675, 0.0]",False
3,P02,6800b3a4-1011-434f-a1f4-d5be725d3709,7,1,haply,mpc,seeded_random,1538163069,persist_session,10.0,1785314983.6698484,5070.731629446,0,1785314983.666752,393,True,normal,fixed,-0.08,-0.08,0.0,0.08,-0.08,0.0,-0.022883999999999988,-0.07047187999999999,0.0,0.04931038,-0.22542736,0.0923004,0.08694361,0.018843666,0.010437855,"[0.5876813502754669, 3.842708415942108, 0.0, 0.0, 0.0, 0.0, -3.17316420391113, 5.7409899977672625]","[1.3677756439092237, 0.2606737204571848, 0.0]","{""Controller Type"": ""MPC Controller"", ""weight_comfort"": 1000.0, ""weight_trajectory"": 1000.0, ""weight_goal"": 100.0, ""Q"": [[1000.0, 0.0, 0.0, 0.0], [0.0, 0.0, 0.0, 0.0], [0.0, 0.0, 1000.0, 0.0], [0.0, 0.0, 0.0, 0.0]], ""R"": [[1000.0, 0.0], [0.0, 1000.0]], ""P"": [[100.0, 0.0, 0.0, 0.0], [0.0, 10000.0, 0.0, 0.0], [0.0, 0.0, 100.0, 0.0], [0.0, 0.0, 0.0, 10000.0]]}","[-0.019984745050767264, -0.06794462384924413, 0.0]",False
3,P02,6800b3a4-1011-434f-a1f4-d5be725d3709,7,1,haply,mpc,seeded_random,1538163069,persist_session,10.0,1785314983.6798131,5070.74161323,0,1785314983.6766622,394,True,normal,fixed,-0.08,-0.08,0.0,0.08,-0.08,0.0,-0.01979065799999999,-0.07012537999999999,0.0,0.050341494,-0.22524793,0.09247365,0.0910086,0.02008987,0.011209272,"[0.7005300828796878, 3.230601310571017, 0.0, 0.0, 0.0, 0.0, -2.7289912335072337, 5.367394937298816]","[1.0571755342790001, 0.12977996121453989, 0.0]","{""Controller Type"": ""MPC Controller"", ""weight_comfort"": 1000.0, ""weight_trajectory"": 1000.0, ""weight_goal"": 100.0, ""Q"": [[1000.0, 0.0, 0.0, 0.0], [0.0, 0.0, 0.0, 0.0], [0.0, 0.0, 1000.0, 0.0], [0.0, 0.0, 0.0, 0.0]], ""R"": [[1000.0, 0.0], [0.0, 1000.0]], ""P"": [[100.0, 0.0, 0.0, 0.0], [0.0, 10000.0, 0.0, 0.0], [0.0, 0.0, 100.0, 0.0], [0.0, 0.0, 0.0, 10000.0]]}","[0.005304157641037594, -0.060227563852477045, 0.0]",False
3,P02,6800b3a4-1011-434f-a1f4-d5be725d3709,7,1,haply,mpc,seeded_random,1538163069,persist_session,10.0,1785314983.6898897,5070.751675518,0,1785314983.6867871,395,True,normal,fixed,-0.08,-0.08,0.0,0.08,-0.08,0.0,-0.016699007999999994,-0.06977955999999999,0.0,0.051372044,-0.2250638,0.09264656,0.094010696,0.021067256,0.011806186,"[0.7102148819069729, 3.1844771469070365, 0.0, 0.0, 0.0, 0.0, -3.106842311740369, 5.735487365169264]","[1.0648759271632098, 0.2312162215303288, 0.0]","{""Controller Type"": ""MPC Controller"", ""weight_comfort"": 1000.0, ""weight_trajectory"": 1000.0, ""weight_goal"": 100.0, ""Q"": [[1000.0, 0.0, 0.0, 0.0], [0.0, 0.0, 0.0, 0.0], [0.0, 0.0, 1000.0, 0.0], [0.0, 0.0, 0.0, 0.0]], ""R"": [[1000.0, 0.0], [0.0, 1000.0]], ""P"": [[100.0, 0.0, 0.0, 0.0], [0.0, 10000.0, 0.0, 0.0], [0.0, 0.0, 100.0, 0.0], [0.0, 0.0, 0.0, 10000.0]]}","[-0.01735166953353492, -0.09809411983947244, 0.0]",False
3,P02,6800b3a4-1011-434f-a1f4-d5be725d3709,7,1,haply,mpc,seeded_random,1538163069,persist_session,10.0,1785314983.6998844,5070.761678823,0,1785314983.6967247,396,True,normal,fixed,-0.08,-0.08,0.0,0.08,-0.08,0.0,-0.013888259999999986,-0.06957974,0.0,0.05230896,-0.22490677,0.09274647,0.096156195,0.021822637,0.0122209685,"[0.7561027073466658, 2.9704899611402653, 0.0, 0.0, 0.0, 0.0, -3.022067198794549, 5.6540649112784065]","[0.9801549960782887, 0.22400328409337633, 0.0]","{""Controller Type"": ""MPC Controller"", ""weight_comfort"": 1000.0, ""weight_trajectory"": 1000.0, ""weight_goal"": 100.0, ""Q"": [[1000.0, 0.0, 0.0, 0.0], [0.0, 0.0, 0.0, 0.0], [0.0, 0.0, 1000.0, 0.0], [0.0, 0.0, 0.0, 0.0]], ""R"": [[1000.0, 0.0], [0.0, 1000.0]], ""P"": [[100.0, 0.0, 0.0, 0.0], [0.0, 10000.0, 0.0, 0.0], [0.0, 0.0, 100.0, 0.0], [0.0, 0.0, 0.0, 10000.0]]}","[-0.025439204180650654, -0.11957366636175938, 0.0]",False
3,P02,6800b3a4-1011-434f-a1f4-d5be725d3709,7,1,haply,mpc,seeded_random,1538163069,persist_session,10.0,1785314983.7098584,5070.771655135,0,1785314983.706768,397,True,normal,fixed,-0.08,-0.08,0.0,0.08,-0.08,0.0,-0.010799879999999998,-0.06923486000000001,0.0,0.05333842,-0.22471356,0.09291891,0.09769984,0.022437096,0.012531969,"[0.8237519881261718, 2.6158765433079023, 0.0, 0.0, 0.0, 0.0, -2.6899486756853896, 5.379696164914474]","[0.8172200286753402, 0.1362028657665172, 0.0]","{""Controller Type"": ""MPC Controller"", ""weight_comfort"": 1000.0, ""weight_trajectory"": 1000.0, ""weight_goal"": 100.0, ""Q"": [[1000.0, 0.0, 0.0, 0.0], [0.0, 0.0, 0.0, 0.0], [0.0, 0.0, 1000.0, 0.0], [0.0, 0.0, 0.0, 0.0]], ""R"": [[1000.0, 0.0], [0.0, 1000.0]], ""P"": [[100.0, 0.0, 0.0, 0.0], [0.0, 10000.0, 0.0, 0.0], [0.0, 0.0, 100.0, 0.0], [0.0, 0.0, 0.0, 10000.0]]}","[-0.0009630108178467539, -0.11334662484778615, 0.0]",False
3,P02,6800b3a4-1011-434f-a1f4-d5be725d3709,7,1,haply,mpc,seeded_random,1538163069,persist_session,10.0,1785314983.7198012,5070.781605498,0,1785314983.7165878,398,True,normal,fixed,-0.08,-0.08,0.0,0.08,-0.08,0.0,-0.007991708999999986,-0.068885532,0.0,0.054274477,-0.22453701,0.093093574,0.09882779,0.022180462,0.013484375,"[0.776318017427075, 2.8068308133313984, 0.0, 0.0, 0.0, 0.0, -3.0273491600210427, 5.700215145247308]","[0.9336011911319184, 0.2283296862357321, 0.0]","{""Controller Type"": ""MPC Controller"", ""weight_comfort"": 1000.0, ""weight_trajectory"": 1000.0, ""weight_goal"": 100.0, ""Q"": [[1000.0, 0.0, 0.0, 0.0], [0.0, 0.0, 0.0, 0.0], [0.0, 0.0, 1000.0, 0.0], [0.0, 0.0, 0.0, 0.0]], ""R"": [[1000.0, 0.0], [0.0, 1000.0]], ""P"": [[100.0, 0.0, 0.0, 0.0], [0.0, 10000.0, 0.0, 0.0], [0.0, 0.0, 100.0, 0.0], [0.0, 0.0, 0.0, 10000.0]]}","[-0.0840917200676485, -0.17166046546533156, 0.0]",False
3,P02,6800b3a4-1011-434f-a1f4-d5be725d3709,7,1,haply,mpc,seeded_random,1538163069,persist_session,10.0,1785314983.72988,5070.791674728,0,1785314983.7267609,399,True,normal,fixed,-0.08,-0.08,0.0,0.08,-0.08,0.0,-0.005185100999999984,-0.068687108,0.0,0.055210013,-0.22436804,0.093192786,0.0993985,0.021725949,0.014331056,"[0.8525671905686548, 2.4732296716188094, 0.0, 0.0, 0.0, 0.0, -2.9955090921905203, 5.669941401950334]","[0.7822929251385047, 0.2349961904606283, 0.0]","{""Controller Type"": ""MPC Controller"", ""weight_comfort"": 1000.0, ""weight_trajectory"": 1000.0, ""weight_goal"": 100.0, ""Q"": [[1000.0, 0.0, 0.0, 0.0], [0.0, 0.0, 0.0, 0.0], [0.0, 0.0, 1000.0, 0.0], [0.0, 0.0, 0.0, 0.0]], ""R"": [[1000.0, 0.0], [0.0, 1000.0]], ""P"": [[100.0, 0.0, 0.0, 0.0], [0.0, 10000.0, 0.0, 0.0], [0.0, 0.0, 100.0, 0.0], [0.0, 0.0, 0.0, 10000.0]]}","[-0.059944686961406424, -0.20418724089345885, 0.0]",False
3,P02,6800b3a4-1011-434f-a1f4-d5be725d3709,7,1,haply,mpc,seeded_random,1538163069,persist_session,10.0,1785314983.7398357,5070.801633872,0,1785314983.7365766,400,True,normal,fixed,-0.08,-0.08,0.0,0.08,-0.08,0.0,-0.0024058289999999982,-0.06843491999999998,0.0,0.056136437,-0.2241253,0.09331888,0.099262,0.021329353,0.014710188,"[0.8932425509735981, 2.293864633483992, 0.0, 0.0, 0.0, 0.0, -2.6200425436601535, 5.371241358018892]","[0.708935419268168, 0.13440528021795453, 0.0]","{""Controller Type"": ""MPC Controller"", ""weight_comfort"": 1000.0, ""weight_trajectory"": 1000.0, ""weight_goal"": 100.0, ""Q"": [[1000.0, 0.0, 0.0, 0.0], [0.0, 0.0, 0.0, 0.0], [0.0, 0.0, 1000.0, 0.0], [0.0, 0.0, 0.0, 0.0]], ""R"": [[1000.0, 0.0], [0.0, 1000.0]], ""P"": [[100.0, 0.0, 0.0, 0.0], [0.0, 10000.0, 0.0, 0.0], [0.0, 0.0, 100.0, 0.0], [0.0, 0.0, 0.0, 10000.0]]}","[-0.0628137750390812, -0.18267795195645747, 0.0]",False
3,P02,6800b3a4-1011-434f-a1f4-d5be725d3709,7,1,haply,mpc,seeded_random,1538163069,persist_session,10.0,1785314983.7498856,5070.811683762,0,1785314983.7467277,401,True,normal,fixed,-0.08,-0.08,0.0,0.08,-0.08,0.0,0.00042372000000000243,-0.0679903,0.0,0.05707962,-0.22399527,0.09354119,0.098866925,0.021068122,0.014997426,"[0.8927990342511458, 2.2955926338789707, 0.0, 0.0, 0.0, 0.0, -2.7344102610776955, 5.469473801256882]","[0.7235592060818326, 0.17214718743361196, 0.0]","{""Controller Type"": ""MPC Controller"", ""weight_comfort"": 1000.0, ""weight_trajectory"": 1000.0, ""weight_goal"": 100.0, ""Q"": [[1000.0, 0.0, 0.0, 0.0], [0.0, 0.0, 0.0, 0.0], [0.0, 0.0, 1000.0, 0.0], [0.0, 0.0, 0.0, 0.0]], ""R"": [[1000.0, 0.0], [0.0, 1000.0]], ""P"": [[100.0, 0.0, 0.0, 0.0], [0.0, 10000.0, 0.0, 0.0], [0.0, 0.0, 100.0, 0.0], [0.0, 0.0, 0.0, 10000.0]]}","[-0.1261064889617417, -0.22960348362205374, 0.0]",False
3,P02,6800b3a4-1011-434f-a1f4-d5be725d3709,7,1,haply,mpc,seeded_random,1538163069,persist_session,10.0,1785314983.7599175,5070.82170522,0,1785314983.7565506,402,True,normal,fixed,-0.08,-0.08,0.0,0.08,-0.08,0.0,0.0032256690000000005,-0.06764254,0.0,0.058013603,-0.22380294,0.09371507,0.09810989,0.02082668,0.015239632,"[0.923619200239851, 2.1797748012883407, 0.0, 0.0, 0.0, 0.0, -3.2310721821619173, 5.95900417681426]","[0.6810924842002318, 0.2998084288059572, 0.0]","{""Controller Type"": ""MPC Controller"", ""weight_comfort"": 1000.0, ""weight_trajectory"": 1000.0, ""weight_goal"": 100.0, ""Q"": [[1000.0, 0.0, 0.0, 0.0], [0.0, 0.0, 0.0, 0.0], [0.0, 0.0, 1000.0, 0.0], [0.0, 0.0, 0.0, 0.0]], ""R"": [[1000.0, 0.0], [0.0, 1000.0]], ""P"": [[100.0, 0.0, 0.0, 0.0], [0.0, 10000.0, 0.0, 0.0], [0.0, 0.0, 100.0, 0.0], [0.0, 0.0, 0.0, 10000.0]]}","[-0.15583603128138904, -0.33163786216522634, 0.0]",False
3,P02,6800b3a4-1011-434f-a1f4-d5be725d3709,7,1,haply,mpc,seeded_random,1538163069,persist_session,10.0,1785314983.7699919,5070.831789315,0,1785314983.766717,403,True,normal,fixed,-0.08,-0.08,0.0,0.08,-0.08,0.0,0.005997990000000002,-0.06754257999999999,0.0,0.05893771,-0.22356024,0.09376505,0.097395554,0.020722201,0.015352784,"[0.924534015049163, 2.1766645395246784, 0.0, 0.0, 0.0, 0.0, -2.9064147480043965, 5.659273986094798]","[0.6918701254858274, 0.23627221923902764, 0.0]","{""Controller Type"": ""MPC Controller"", ""weight_comfort"": 1000.0, ""weight_trajectory"": 1000.0, ""weight_goal"": 100.0, ""Q"": [[1000.0, 0.0, 0.0, 0.0], [0.0, 0.0, 0.0, 0.0], [0.0, 0.0, 1000.0, 0.0], [0.0, 0.0, 0.0, 0.0]], ""R"": [[1000.0, 0.0], [0.0, 1000.0]], ""P"": [[100.0, 0.0, 0.0, 0.0], [0.0, 10000.0, 0.0, 0.0], [0.0, 0.0, 100.0, 0.0], [0.0, 0.0, 0.0, 10000.0]]}","[-0.23462644777084832, -0.3308610433674939, 0.0]",False
3,P02,6800b3a4-1011-434f-a1f4-d5be725d3709,7,1,haply,mpc,seeded_random,1538163069,persist_session,10.0,1785314983.7800756,5070.841828562,0,1785314983.7766097,404,True,normal,fixed,-0.08,-0.08,0.0,0.08,-0.08,0.0,0.008796102,-0.06734598,0.0,0.059870414,-0.22337188,0.09386335,0.0966518,0.020694414,0.0152884405,"[0.9774065597996449, 1.994503629250883, 0.0, 0.0, 0.0, 0.0, -2.423387209590405, 5.3615171184808625]","[0.6162197935951483, 0.0829056400930552, 0.0]","{""Controller Type"": ""MPC Controller"", ""weight_comfort"": 1000.0, ""weight_trajectory"": 1000.0, ""weight_goal"": 100.0, ""Q"": [[1000.0, 0.0, 0.0, 0.0], [0.0, 0.0, 0.0, 0.0], [0.0, 0.0, 1000.0, 0.0], [0.0, 0.0, 0.0, 0.0]], ""R"": [[1000.0, 0.0], [0.0, 1000.0]], ""P"": [[100.0, 0.0, 0.0, 0.0], [0.0, 10000.0, 0.0, 0.0], [0.0, 0.0, 100.0, 0.0], [0.0, 0.0, 0.0, 10000.0]]}","[-0.2333028072043922, -0.23920627052019366, 0.0]",False
3,P02,6800b3a4-1011-434f-a1f4-d5be725d3709,7,1,haply,mpc,seeded_random,1538163069,persist_session,10.0,1785314983.7899213,5070.851709686,0,1785314983.7866852,405,True,normal,fixed,-0.08,-0.08,0.0,0.08,-0.08,0.0,0.011286390000000007,-0.06724184,0.0,0.06070051,-0.22314565,0.09391542,0.09577067,0.020745903,0.0150652835,"[0.9647684257616249, 2.0334137982803804, 0.0, 0.0, 0.0, 0.0, -2.625546017445421, 5.51671739828223]","[0.6438383923165907, 0.14285873662962162, 0.0]","{""Controller Type"": ""MPC Controller"", ""weight_comfort"": 1000.0, ""weight_trajectory"": 1000.0, ""weight_goal"": 100.0, ""Q"": [[1000.0, 0.0, 0.0, 0.0], [0.0, 0.0, 0.0, 0.0], [0.0, 0.0, 1000.0, 0.0], [0.0, 0.0, 0.0, 0.0]], ""R"": [[1000.0, 0.0], [0.0, 1000.0]], ""P"": [[100.0, 0.0, 0.0, 0.0], [0.0, 10000.0, 0.0, 0.0], [0.0, 0.0, 100.0, 0.0], [0.0, 0.0, 0.0, 10000.0]]}","[-0.34109261150994524, -0.30831132699296987, 0.0]",False
3,P02,6800b3a4-1011-434f-a1f4-d5be725d3709,7,1,haply,mpc,seeded_random,1538163069,persist_session,10.0,1785314983.7998087,5070.861603201,0,1785314983.7965999,406,True,normal,fixed,-0.08,-0.08,0.0,0.08,-0.08,0.0,0.013497279000000008,-0.06698189999999998,0.0,0.061437473,-0.22292893,0.09404539,0.094667144,0.020744642,0.0147731975,"[1.0598966349262129, 1.6900713766567215, 0.0, 0.0, 0.0, 0.0, -2.4274580007850792, 5.3938014443810784]","[0.4905490979123259, 0.08671964965549205, 0.0]","{""Controller Type"": ""MPC Controller"", ""weight_comfort"": 1000.0, ""weight_trajectory"": 1000.0, ""weight_goal"": 100.0, ""Q"": [[1000.0, 0.0, 0.0, 0.0], [0.0, 0.0, 0.0, 0.0], [0.0, 0.0, 1000.0, 0.0], [0.0, 0.0, 0.0, 0.0]], ""R"": [[1000.0, 0.0], [0.0, 1000.0]], ""P"": [[100.0, 0.0, 0.0, 0.0], [0.0, 10000.0, 0.0, 0.0], [0.0, 0.0, 100.0, 0.0], [0.0, 0.0, 0.0, 10000.0]]}","[-0.2112105344173566, -0.27589515281779803, 0.0]",False
3,P02,6800b3a4-1011-434f-a1f4-d5be725d3709,7,1,haply,mpc,seeded_random,1538163069,persist_session,10.0,1785314983.8099015,5070.871688418,0,1785314983.8066828,407,True,normal,fixed,-0.08,-0.08,0.0,0.08,-0.08,0.0,0.015981930000000005,-0.0667277,0.0,0.06226569,-0.22268502,0.09417249,0.09297701,0.02060101,0.014548352,"[1.1102266816289896, 1.4786732621131946, 0.0, 0.0, 0.0, 0.0, -2.800072028676406, 5.703983046626007]","[0.4035660524735171, 0.18599752754422189, 0.0]","{""Controller Type"": ""MPC Controller"", ""weight_comfort"": 1000.0, ""weight_trajectory"": 1000.0, ""weight_goal"": 100.0, ""Q"": [[1000.0, 0.0, 0.0, 0.0], [0.0, 0.0, 0.0, 0.0], [0.0, 0.0, 1000.0, 0.0], [0.0, 0.0, 0.0, 0.0]], ""R"": [[1000.0, 0.0], [0.0, 1000.0]], ""P"": [[100.0, 0.0, 0.0, 0.0], [0.0, 10000.0, 0.0, 0.0], [0.0, 0.0, 100.0, 0.0], [0.0, 0.0, 0.0, 10000.0]]}","[-0.12442922465726806, -0.3771331222032626, 0.0]",False
3,P02,6800b3a4-1011-434f-a1f4-d5be725d3709,7,1,haply,mpc,seeded_random,1538163069,persist_session,10.0,1785314983.819874,5070.881671921,0,1785314983.8167403,408,True,normal,fixed,-0.08,-0.08,0.0,0.08,-0.08,0.0,0.01818801000000002,-0.06646859999999999,0.0,0.06300105,-0.22246301,0.09430204,0.09098403,0.020630788,0.014249191,"[1.061541786678651, 1.6346458253354814, 0.0, 0.0, 0.0, 0.0, -2.7274890331364863, 5.644687178568872]","[0.47076857198012634, 0.17850741704635137, 0.0]","{""Controller Type"": ""MPC Controller"", ""weight_comfort"": 1000.0, ""weight_trajectory"": 1000.0, ""weight_goal"": 100.0, ""Q"": [[1000.0, 0.0, 0.0, 0.0], [0.0, 0.0, 0.0, 0.0], [0.0, 0.0, 1000.0, 0.0], [0.0, 0.0, 0.0, 0.0]], ""R"": [[1000.0, 0.0], [0.0, 1000.0]], ""P"": [[100.0, 0.0, 0.0, 0.0], [0.0, 10000.0, 0.0, 0.0], [0.0, 0.0, 100.0, 0.0], [0.0, 0.0, 0.0, 10000.0]]}","[-0.30247182004087714, -0.39011045781739284, 0.0]",False
3,P02,6800b3a4-1011-434f-a1f4-d5be725d3709,7,1,haply,mpc,seeded_random,1538163069,persist_session,10.0,1785314983.830072,5070.891862545,0,1785314983.8268578,409,True,normal,fixed,-0.08,-0.08,0.0,0.08,-0.08,0.0,0.020391810000000024,-0.06620962,0.0,0.06373565,-0.22223844,0.09443153,0.08819609,0.021599395,0.013133527,"[1.1215338318455634, 1.4120785369629436, 0.0, 0.0, 0.0, 0.0, -2.693992414571834, 5.617302051449822]","[0.37906064464205125, 0.1811664188684589, 0.0]","{""Controller Type"": ""MPC Controller"", ""weight_comfort"": 1000.0, ""weight_trajectory"": 1000.0, ""weight_goal"": 100.0, ""Q"": [[1000.0, 0.0, 0.0, 0.0], [0.0, 0.0, 0.0, 0.0], [0.0, 0.0, 1000.0, 0.0], [0.0, 0.0, 0.0, 0.0]], ""R"": [[1000.0, 0.0], [0.0, 1000.0]], ""P"": [[100.0, 0.0, 0.0, 0.0], [0.0, 10000.0, 0.0, 0.0], [0.0, 0.0, 100.0, 0.0], [0.0, 0.0, 0.0, 10000.0]]}","[-0.19293812873473698, -0.4090765274034392, 0.0]",False
3,P02,6800b3a4-1011-434f-a1f4-d5be725d3709,7,1,haply,mpc,seeded_random,1538163069,persist_session,10.0,1785314983.8399065,5070.901700181,0,1785314983.836862,410,True,normal,fixed,-0.08,-0.08,0.0,0.08,-0.08,0.0,0.022316895000000017,-0.06579557999999999,0.0,0.064377345,-0.22202484,0.09463855,0.0855056,0.02223158,0.0123948045,"[1.132161774059233, 1.374882526129714, 0.0, 0.0, 0.0, 0.0, -2.6419517073357, 5.575110221756246]","[0.36696294936335977, 0.1791404758913128, 0.0]","{""Controller Type"": ""MPC Controller"", ""weight_comfort"": 1000.0, ""weight_trajectory"": 1000.0, ""weight_goal"": 100.0, ""Q"": [[1000.0, 0.0, 0.0, 0.0], [0.0, 0.0, 0.0, 0.0], [0.0, 0.0, 1000.0, 0.0], [0.0, 0.0, 0.0, 0.0]], ""R"": [[1000.0, 0.0], [0.0, 1000.0]], ""P"": [[100.0, 0.0, 0.0, 0.0], [0.0, 10000.0, 0.0, 0.0], [0.0, 0.0, 100.0, 0.0], [0.0, 0.0, 0.0, 10000.0]]}","[-0.22761584749253053, -0.4228730027662616, 0.0]",False
3,P02,6800b3a4-1011-434f-a1f4-d5be725d3709,7,1,haply,mpc,seeded_random,1538163069,persist_session,10.0,1785314983.8498282,5070.911619956,0,1785314983.8469658,411,True,normal,fixed,-0.08,-0.08,0.0,0.08,-0.08,0.0,0.024272895000000017,-0.065285128,0.0,0.065029345,-0.2218669,0.094893776,0.082652755,0.022287622,0.012440839,"[1.1725871047293481, 1.2007850294800964, 0.0, 0.0, 0.0, 0.0, -3.0737976860572878, 5.979277226750701]","[0.2987008490721845, 0.2911215452958801, 0.0]","{""Controller Type"": ""MPC Controller"", ""weight_comfort"": 1000.0, ""weight_trajectory"": 1000.0, ""weight_goal"": 100.0, ""Q"": [[1000.0, 0.0, 0.0, 0.0], [0.0, 0.0, 0.0, 0.0], [0.0, 0.0, 1000.0, 0.0], [0.0, 0.0, 0.0, 0.0]], ""R"": [[1000.0, 0.0], [0.0, 1000.0]], ""P"": [[100.0, 0.0, 0.0, 0.0], [0.0, 10000.0, 0.0, 0.0], [0.0, 0.0, 100.0, 0.0], [0.0, 0.0, 0.0, 10000.0]]}","[-0.11383126219213045, -0.533569664883266, 0.0]",False
3,P02,6800b3a4-1011-434f-a1f4-d5be725d3709,7,1,haply,mpc,seeded_random,1538163069,persist_session,10.0,1785314983.8598244,5070.921615658,0,1785314983.8569827,412,True,normal,fixed,-0.08,-0.08,0.0,0.08,-0.08,0.0,0.02650407000000002,-0.06493046,0.0,0.06577307,-0.22169302,0.09507111,0.07971749,0.02209288,0.01341179,"[1.175466021776526, 1.1895918683514584, 0.0, 0.0, 0.0, 0.0, -3.2773326118267887, 6.179278116714652]","[0.2958012603371907, 0.3604105787943035, 0.0]","{""Controller Type"": ""MPC Controller"", ""weight_comfort"": 1000.0, ""weight_trajectory"": 1000.0, ""weight_goal"": 100.0, ""Q"": [[1000.0, 0.0, 0.0, 0.0], [0.0, 0.0, 0.0, 0.0], [0.0, 0.0, 1000.0, 0.0], [0.0, 0.0, 0.0, 0.0]], ""R"": [[1000.0, 0.0], [0.0, 1000.0]], ""P"": [[100.0, 0.0, 0.0, 0.0], [0.0, 10000.0, 0.0, 0.0], [0.0, 0.0, 100.0, 0.0], [0.0, 0.0, 0.0, 10000.0]]}","[-0.15863585591547466, -0.6080560692709914, 0.0]",False
3,P02,6800b3a4-1011-434f-a1f4-d5be725d3709,7,1,haply,mpc,seeded_random,1538163069,persist_session,10.0,1785314983.86981,5070.931609941,0,1785314983.8671026,413,True,normal,fixed,-0.08,-0.08,0.0,0.08,-0.08,0.0,0.02815044,-0.06466216,0.0,0.06632186,-0.22151151,0.09520526,0.07719016,0.02173512,0.014339652,"[1.1089023480691544, 1.3781220119348994, 0.0, 0.0, 0.0, 0.0, -2.731343391108047, 5.703079981453686]","[0.366285573413345, 0.24308845947159877, 0.0]","{""Controller Type"": ""MPC Controller"", ""weight_comfort"": 1000.0, ""weight_trajectory"": 1000.0, ""weight_goal"": 100.0, ""Q"": [[1000.0, 0.0, 0.0, 0.0], [0.0, 0.0, 0.0, 0.0], [0.0, 0.0, 1000.0, 0.0], [0.0, 0.0, 0.0, 0.0]], ""R"": [[1000.0, 0.0], [0.0, 1000.0]], ""P"": [[100.0, 0.0, 0.0, 0.0], [0.0, 10000.0, 0.0, 0.0], [0.0, 0.0, 100.0, 0.0], [0.0, 0.0, 0.0, 10000.0]]}","[-0.3832674108186241, -0.5309923713848888, 0.0]",False
3,P02,6800b3a4-1011-434f-a1f4-d5be725d3709,7,1,haply,mpc,seeded_random,1538163069,persist_session,10.0,1785314983.879802,5070.94159797,0,1785314983.8765943,414,True,normal,fixed,-0.08,-0.08,0.0,0.08,-0.08,0.0,0.02979537000000003,-0.06439393999999998,0.0,0.06687017,-0.22132853,0.09533937,0.0742852,0.021202346,0.014942228,"[1.1666626354704042, 1.0708133276811451, 0.0, 0.0, 0.0, 0.0, -2.4370934422980284, 5.4722979953187325]","[0.23469744079564464, 0.18246175351964256, 0.0]","{""Controller Type"": ""MPC Controller"", ""weight_comfort"": 1000.0, ""weight_trajectory"": 1000.0, ""weight_goal"": 100.0, ""Q"": [[1000.0, 0.0, 0.0, 0.0], [0.0, 0.0, 0.0, 0.0], [0.0, 0.0, 1000.0, 0.0], [0.0, 0.0, 0.0, 0.0]], ""R"": [[1000.0, 0.0], [0.0, 1000.0]], ""P"": [[100.0, 0.0, 0.0, 0.0], [0.0, 10000.0, 0.0, 0.0], [0.0, 0.0, 100.0, 0.0], [0.0, 0.0, 0.0, 10000.0]]}","[-0.04220244257753475, -0.48607969103335036, 0.0]",False
3,P02,6800b3a4-1011-434f-a1f4-d5be725d3709,7,1,haply,mpc,seeded_random,1538163069,persist_session,10.0,1785314983.8898602,5070.951640467,0,1785314983.886821,415,True,normal,fixed,-0.08,-0.08,0.0,0.08,-0.08,0.0,0.03143874000000001,-0.06412619,0.0,0.06741796,-0.2211441,0.095473245,0.07070261,0.020425241,0.015318768,"[1.1547628810510508, 1.1179838990725244, 0.0, 0.0, 0.0, 0.0, -2.434639580761573, 5.47034130612176]","[0.25172358531480543, 0.192578369309235, 0.0]","{""Controller Type"": ""MPC Controller"", ""weight_comfort"": 1000.0, ""weight_trajectory"": 1000.0, ""weight_goal"": 100.0, ""Q"": [[1000.0, 0.0, 0.0, 0.0], [0.0, 0.0, 0.0, 0.0], [0.0, 0.0, 1000.0, 0.0], [0.0, 0.0, 0.0, 0.0]], ""R"": [[1000.0, 0.0], [0.0, 1000.0]], ""P"": [[100.0, 0.0, 0.0, 0.0], [0.0, 10000.0, 0.0, 0.0], [0.0, 0.0, 100.0, 0.0], [0.0, 0.0, 0.0, 10000.0]]}","[-0.14077131002277257, -0.5068907247788202, 0.0]",False
3,P02,6800b3a4-1011-434f-a1f4-d5be725d3709,7,1,haply,mpc,seeded_random,1538163069,persist_session,10.0,1785314983.8998337,5070.961633649,0,1785314983.8966742,416,True,normal,fixed,-0.08,-0.08,0.0,0.08,-0.08,0.0,0.03253407000000001,-0.06399777200000001,0.0,0.06778307,-0.22102451,0.095537454,0.06746517,0.019759359,0.015492854,"[1.1710398009899368, 1.0455622841553713, 0.0, 0.0, 0.0, 0.0, -2.3282711399138667, 5.388333879036766]","[0.22488238656059079, 0.17803264882722686, 0.0]","{""Controller Type"": ""MPC Controller"", ""weight_comfort"": 1000.0, ""weight_trajectory"": 1000.0, ""weight_goal"": 100.0, ""Q"": [[1000.0, 0.0, 0.0, 0.0], [0.0, 0.0, 0.0, 0.0], [0.0, 0.0, 1000.0, 0.0], [0.0, 0.0, 0.0, 0.0]], ""R"": [[1000.0, 0.0], [0.0, 1000.0]], ""P"": [[100.0, 0.0, 0.0, 0.0], [0.0, 10000.0, 0.0, 0.0], [0.0, 0.0, 100.0, 0.0], [0.0, 0.0, 0.0, 10000.0]]}","[-0.09308934391984859, -0.5031671654572656, 0.0]",False
3,P02,6800b3a4-1011-434f-a1f4-d5be725d3709,7,1,haply,mpc,seeded_random,1538163069,persist_session,10.0,1785314983.9098432,5070.971639255,0,1785314983.9068038,417,True,normal,fixed,-0.08,-0.08,0.0,0.08,-0.08,0.0,0.033628830000000026,-0.06386941999999998,0.0,0.06814799,-0.22090434,0.09560163,0.063388556,0.019318484,0.014966985,"[1.156401095635236, 0.8894216169175534, 0.0, 0.0, 0.0, 0.0, -1.9989319097752245, 5.191770329687423]","[0.15376287564578306, 0.09965288024496116, 0.0]","{""Controller Type"": ""MPC Controller"", ""weight_comfort"": 1000.0, ""weight_trajectory"": 1000.0, ""weight_goal"": 100.0, ""Q"": [[1000.0, 0.0, 0.0, 0.0], [0.0, 0.0, 0.0, 0.0], [0.0, 0.0, 1000.0, 0.0], [0.0, 0.0, 0.0, 0.0]], ""R"": [[1000.0, 0.0], [0.0, 1000.0]], ""P"": [[100.0, 0.0, 0.0, 0.0], [0.0, 10000.0, 0.0, 0.0], [0.0, 0.0, 100.0, 0.0], [0.0, 0.0, 0.0, 10000.0]]}","[0.2017468443508522, -0.42419518687065605, 0.0]",False
3,P02,6800b3a4-1011-434f-a1f4-d5be725d3709,7,1,haply,mpc,seeded_random,1538163069,persist_session,10.0,1785314983.9199922,5070.981770352,0,1785314983.9166322,418,True,normal,fixed,-0.08,-0.08,0.0,0.08,-0.08,0.0,0.03472293000000001,-0.06374102000000001,0.0,0.06851269,-0.22078349,0.09566583,0.058781993,0.018473146,0.014256951,"[1.1550756004914577, 0.876145209782127, 0.0, 0.0, 0.0, 0.0, -1.968371264232584, 5.173758294095652]","[0.14825105868977884, 0.09730699539600474, 0.0]","{""Controller Type"": ""MPC Controller"", ""weight_comfort"": 1000.0, ""weight_trajectory"": 1000.0, ""weight_goal"": 100.0, ""Q"": [[1000.0, 0.0, 0.0, 0.0], [0.0, 0.0, 0.0, 0.0], [0.0, 0.0, 1000.0, 0.0], [0.0, 0.0, 0.0, 0.0]], ""R"": [[1000.0, 0.0], [0.0, 1000.0]], ""P"": [[100.0, 0.0, 0.0, 0.0], [0.0, 10000.0, 0.0, 0.0], [0.0, 0.0, 100.0, 0.0], [0.0, 0.0, 0.0, 10000.0]]}","[0.20128726011208975, -0.4263641103942105, 0.0]",False
3,P02,6800b3a4-1011-434f-a1f4-d5be725d3709,7,1,haply,mpc,seeded_random,1538163069,persist_session,10.0,1785314983.9299734,5070.991755488,0,1785314983.9266527,419,True,normal,fixed,-0.08,-0.08,0.0,0.08,-0.08,0.0,0.0358164,-0.06361296,0.0,0.06887718,-0.22066206,0.09572986,0.05460575,0.017535204,0.013243244,"[1.155275095797986, 0.8817146450606075, 0.0, 0.0, 0.0, 0.0, -1.954600215458069, 5.165577467934923]","[0.15046087921835427, 0.09926433355318298, 0.0]","{""Controller Type"": ""MPC Controller"", ""weight_comfort"": 1000.0, ""weight_trajectory"": 1000.0, ""weight_goal"": 100.0, ""Q"": [[1000.0, 0.0, 0.0, 0.0], [0.0, 0.0, 0.0, 0.0], [0.0, 0.0, 1000.0, 0.0], [0.0, 0.0, 0.0, 0.0]], ""R"": [[1000.0, 0.0], [0.0, 1000.0]], ""P"": [[100.0, 0.0, 0.0, 0.0], [0.0, 10000.0, 0.0, 0.0], [0.0, 0.0, 100.0, 0.0], [0.0, 0.0, 0.0, 10000.0]]}","[0.15996936461613528, -0.43326377556215473, 0.0]",False
3,P02,6800b3a4-1011-434f-a1f4-d5be725d3709,7,1,haply,mpc,seeded_random,1538163069,persist_session,10.0,1785314983.9398732,5071.001673168,0,1785314983.9368122,420,True,normal,fixed,-0.08,-0.08,0.0,0.08,-0.08,0.0,0.0369111,-0.063635,0.0,0.06924208,-0.22055262,0.09571884,0.05104633,0.016670324,0.012238622,"[1.1549334974518684, 0.8705868305094496, 0.0, 0.0, 0.0, 0.0, -1.9253377690598723, 5.148374750334438]","[0.14603047767053148, 0.09734583028281993, 0.0]","{""Controller Type"": ""MPC Controller"", ""weight_comfort"": 1000.0, ""weight_trajectory"": 1000.0, ""weight_goal"": 100.0, ""Q"": [[1000.0, 0.0, 0.0, 0.0], [0.0, 0.0, 0.0, 0.0], [0.0, 0.0, 1000.0, 0.0], [0.0, 0.0, 0.0, 0.0]], ""R"": [[1000.0, 0.0], [0.0, 1000.0]], ""P"": [[100.0, 0.0, 0.0, 0.0], [0.0, 10000.0, 0.0, 0.0], [0.0, 0.0, 100.0, 0.0], [0.0, 0.0, 0.0, 10000.0]]}","[0.15347666108664748, -0.4356863342827248, 0.0]",False
3,P02,6800b3a4-1011-434f-a1f4-d5be725d3709,7,1,haply,mpc,seeded_random,1538163069,persist_session,10.0,1785314983.9498775,5071.011669784,0,1785314983.9466367,421,True,normal,fixed,-0.08,-0.08,0.0,0.08,-0.08,0.0,0.03827868000000001,-0.06366262,0.0,0.06969794,-0.22041498,0.09570503,0.048211228,0.015954256,0.011361311,"[1.1547926747347856, 0.8621756187330173, 0.0, 0.0, 0.0, 0.0, -1.6622416013675814, 5.0771519663955775]","[0.14265941513720332, 0.016188211836517315, 0.0]","{""Controller Type"": ""MPC Controller"", ""weight_comfort"": 1000.0, ""weight_trajectory"": 1000.0, ""weight_goal"": 100.0, ""Q"": [[1000.0, 0.0, 0.0, 0.0], [0.0, 0.0, 0.0, 0.0], [0.0, 0.0, 1000.0, 0.0], [0.0, 0.0, 0.0, 0.0]], ""R"": [[1000.0, 0.0], [0.0, 1000.0]], ""P"": [[100.0, 0.0, 0.0, 0.0], [0.0, 10000.0, 0.0, 0.0], [0.0, 0.0, 100.0, 0.0], [0.0, 0.0, 0.0, 10000.0]]}","[0.14152099516742436, -0.33973234857273127, 0.0]",False
3,P02,6800b3a4-1011-434f-a1f4-d5be725d3709,7,1,haply,mpc,seeded_random,1538163069,persist_session,10.0,1785314983.9598188,5071.021615959,0,1785314983.956771,422,True,normal,fixed,-0.08,-0.08,0.0,0.08,-0.08,0.0,0.03937216800000003,-0.06368478799999999,0.0,0.070062436,-0.22030422,0.095693946,0.04600399,0.015399504,0.010606933,"[1.124035408664077, 0.9932859428883589, 0.0, 0.0, 0.0, 0.0, -1.6486251842342021, 5.073715612030483]","[0.1851624123088999, 0.012670302431268736, 0.0]","{""Controller Type"": ""MPC Controller"", ""weight_comfort"": 1000.0, ""weight_trajectory"": 1000.0, ""weight_goal"": 100.0, ""Q"": [[1000.0, 0.0, 0.0, 0.0], [0.0, 0.0, 0.0, 0.0], [0.0, 0.0, 1000.0, 0.0], [0.0, 0.0, 0.0, 0.0]], ""R"": [[1000.0, 0.0], [0.0, 1000.0]], ""P"": [[100.0, 0.0, 0.0, 0.0], [0.0, 10000.0, 0.0, 0.0], [0.0, 0.0, 100.0, 0.0], [0.0, 0.0, 0.0, 10000.0]]}","[-0.08922475696449217, -0.3361833854016975, 0.0]",False
3,P02,6800b3a4-1011-434f-a1f4-d5be725d3709,7,1,haply,mpc,seeded_random,1538163069,persist_session,10.0,1785314983.9699483,5071.031733515,0,1785314983.9666295,423,True,normal,fixed,-0.08,-0.08,0.0,0.08,-0.08,0.0,0.04101138000000003,-0.063718152,0.0,0.07060884,-0.22013696,0.095677264,0.04451191,0.014765567,0.008409101,"[1.1286141333375634, 0.8927217388857674, 0.0, 0.0, 0.0, 0.0, -1.656704013265663, 5.075897430975358]","[0.14217831862059568, 0.015926255353188992, 0.0]","{""Controller Type"": ""MPC Controller"", ""weight_comfort"": 1000.0, ""weight_trajectory"": 1000.0, ""weight_goal"": 100.0, ""Q"": [[1000.0, 0.0, 0.0, 0.0], [0.0, 0.0, 0.0, 0.0], [0.0, 0.0, 1000.0, 0.0], [0.0, 0.0, 0.0, 0.0]], ""R"": [[1000.0, 0.0], [0.0, 1000.0]], ""P"": [[100.0, 0.0, 0.0, 0.0], [0.0, 10000.0, 0.0, 0.0], [0.0, 0.0, 100.0, 0.0], [0.0, 0.0, 0.0, 10000.0]]}","[0.09317148209784126, -0.3406470856862307, 0.0]",False
3,P02,6800b3a4-1011-434f-a1f4-d5be725d3709,7,1,haply,mpc,seeded_random,1538163069,persist_session,10.0,1785314983.979864,5071.041654992,0,1785314983.976689,424,True,normal,fixed,-0.08,-0.08,0.0,0.08,-0.08,0.0,0.04210138200000001,-0.06359034,0.0,0.070972174,-0.22001213,0.09574117,0.04376825,0.014248263,0.0057319617,"[1.01070738790807, 1.2071562330492749, 0.0, 0.0, 0.0, 0.0, -1.6341257266672373, 5.070587498428068]","[0.24012254987473292, 0.00944644835864935, 0.0]","{""Controller Type"": ""MPC Controller"", ""weight_comfort"": 1000.0, ""weight_trajectory"": 1000.0, ""weight_goal"": 100.0, ""Q"": [[1000.0, 0.0, 0.0, 0.0], [0.0, 0.0, 0.0, 0.0], [0.0, 0.0, 1000.0, 0.0], [0.0, 0.0, 0.0, 0.0]], ""R"": [[1000.0, 0.0], [0.0, 1000.0]], ""P"": [[100.0, 0.0, 0.0, 0.0], [0.0, 10000.0, 0.0, 0.0], [0.0, 0.0, 100.0, 0.0], [0.0, 0.0, 0.0, 10000.0]]}","[-0.32066620829578807, -0.33328589862404, 0.0]",False
3,P02,6800b3a4-1011-434f-a1f4-d5be725d3709,7,1,haply,mpc,seeded_random,1538163069,persist_session,10.0,1785314983.9899302,5071.051717577,0,1785314983.986714,425,True,normal,fixed,-0.08,-0.08,0.0,0.08,-0.08,0.0,0.043465754999999995,-0.06361834,0.0,0.071426965,-0.219871,0.09572717,0.042967904,0.013923053,0.004398252,"[1.0320693185046463, 1.0176475034469639, 0.0, 0.0, 0.0, 0.0, -1.9863587532113485, 5.278338214406814]","[0.1493806469878609, 0.09965930055211761, 0.0]","{""Controller Type"": ""MPC Controller"", ""weight_comfort"": 1000.0, ""weight_trajectory"": 1000.0, ""weight_goal"": 100.0, ""Q"": [[1000.0, 0.0, 0.0, 0.0], [0.0, 0.0, 0.0, 0.0], [0.0, 0.0, 1000.0, 0.0], [0.0, 0.0, 0.0, 0.0]], ""R"": [[1000.0, 0.0], [0.0, 1000.0]], ""P"": [[100.0, 0.0, 0.0, 0.0], [0.0, 10000.0, 0.0, 0.0], [0.0, 0.0, 100.0, 0.0], [0.0, 0.0, 0.0, 10000.0]]}","[0.036901682775954195, -0.4422708827620692, 0.0]",False
3,P02,6800b3a4-1011-434f-a1f4-d5be725d3709,7,1,haply,mpc,seeded_random,1538163069,persist_session,10.0,1785314983.999965,5071.061744649,0,1785314983.9968634,426,True,normal,fixed,-0.08,-0.08,0.0,0.08,-0.08,0.0,0.04510182000000003,-0.06365205999999998,0.0,0.07197232,-0.21970044,0.09571031,0.042735588,0.013826591,0.0034361111,"[0.9977003050064811, 1.1305583771132546, 0.0, 0.0, 0.0, 0.0, -1.7112672121491221, 5.209135263837699]","[0.19031918032811293, 0.013483881324394004, 0.0]","{""Controller Type"": ""MPC Controller"", ""weight_comfort"": 1000.0, ""weight_trajectory"": 1000.0, ""weight_goal"": 100.0, ""Q"": [[1000.0, 0.0, 0.0, 0.0], [0.0, 0.0, 0.0, 0.0], [0.0, 0.0, 1000.0, 0.0], [0.0, 0.0, 0.0, 0.0]], ""R"": [[1000.0, 0.0], [0.0, 1000.0]], ""P"": [[100.0, 0.0, 0.0, 0.0], [0.0, 10000.0, 0.0, 0.0], [0.0, 0.0, 100.0, 0.0], [0.0, 0.0, 0.0, 10000.0]]}","[-0.17232217984307122, -0.3408513845841933, 0.0]",False
3,P02,6800b3a4-1011-434f-a1f4-d5be725d3709,7,1,haply,mpc,seeded_random,1538163069,persist_session,10.0,1785314984.009902,5071.071689758,0,1785314984.0066636,427,True,normal,fixed,-0.08,-0.08,0.0,0.08,-0.08,0.0,0.046736550000000016,-0.06368594,0.0,0.07251723,-0.21952857,0.09569337,0.04322317,0.013993045,0.0027313663,"[0.9474308748178115, 1.2524637981071522, 0.0, 0.0, 0.0, 0.0, -1.7003404309261385, 5.206558985307113]","[0.2349569519236916, 0.010499114306715119, 0.0]","{""Controller Type"": ""MPC Controller"", ""weight_comfort"": 1000.0, ""weight_trajectory"": 1000.0, ""weight_goal"": 100.0, ""Q"": [[1000.0, 0.0, 0.0, 0.0], [0.0, 0.0, 0.0, 0.0], [0.0, 0.0, 1000.0, 0.0], [0.0, 0.0, 0.0, 0.0]], ""R"": [[1000.0, 0.0], [0.0, 1000.0]], ""P"": [[100.0, 0.0, 0.0, 0.0], [0.0, 10000.0, 0.0, 0.0], [0.0, 0.0, 100.0, 0.0], [0.0, 0.0, 0.0, 10000.0]]}","[-0.37053199892563127, -0.33748450884557674, 0.0]",False
3,P02,6800b3a4-1011-434f-a1f4-d5be725d3709,7,1,haply,mpc,seeded_random,1538163069,persist_session,10.0,1785314984.0198405,5071.081638175,0,1785314984.0167127,428,True,normal,fixed,-0.08,-0.08,0.0,0.08,-0.08,0.0,0.048370109999999994,-0.06371995999999999,0.0,0.07306175,-0.21935537,0.09567636,0.04436455,0.014399435,0.002197111,"[0.9390538820134114, 1.2712503012364835, 0.0, 0.0, 0.0, 0.0, -1.6962661528350393, 5.205615723805897]","[0.24328816242762596, 0.00967678993870593, 0.0]","{""Controller Type"": ""MPC Controller"", ""weight_comfort"": 1000.0, ""weight_trajectory"": 1000.0, ""weight_goal"": 100.0, ""Q"": [[1000.0, 0.0, 0.0, 0.0], [0.0, 0.0, 0.0, 0.0], [0.0, 0.0, 1000.0, 0.0], [0.0, 0.0, 0.0, 0.0]], ""R"": [[1000.0, 0.0], [0.0, 1000.0]], ""P"": [[100.0, 0.0, 0.0, 0.0], [0.0, 10000.0, 0.0, 0.0], [0.0, 0.0, 100.0, 0.0], [0.0, 0.0, 0.0, 10000.0]]}","[-0.44085413679885377, -0.33659551333128007, 0.0]",False
3,P02,6800b3a4-1011-434f-a1f4-d5be725d3709,7,1,haply,mpc,seeded_random,1538163069,persist_session,10.0,1785314984.0298812,5071.091670546,0,1785314984.0266736,429,True,normal,fixed,-0.08,-0.08,0.0,0.08,-0.08,0.0,0.05000241000000001,-0.06375410000000001,0.0,0.07360585,-0.21918087,0.09565929,0.045671765,0.01477293,0.001141782,"[0.955627250061834, 1.2348490487222339, 0.0, 0.0, 0.0, 0.0, -1.6957696671684357, 5.205499809923804]","[0.23096068642707507, 0.009984622769333321, 0.0]","{""Controller Type"": ""MPC Controller"", ""weight_comfort"": 1000.0, ""weight_trajectory"": 1000.0, ""weight_goal"": 100.0, ""Q"": [[1000.0, 0.0, 0.0, 0.0], [0.0, 0.0, 0.0, 0.0], [0.0, 0.0, 1000.0, 0.0], [0.0, 0.0, 0.0, 0.0]], ""R"": [[1000.0, 0.0], [0.0, 1000.0]], ""P"": [[100.0, 0.0, 0.0, 0.0], [0.0, 10000.0, 0.0, 0.0], [0.0, 0.0, 100.0, 0.0], [0.0, 0.0, 0.0, 10000.0]]}","[-0.44610830296299114, -0.33697153135040037, 0.0]",False
3,P02,6800b3a4-1011-434f-a1f4-d5be725d3709,7,1,haply,mpc,seeded_random,1538163069,persist_session,10.0,1785314984.0401235,5071.101895632,0,1785314984.0367792,430,True,normal,fixed,-0.08,-0.08,0.0,0.08,-0.08,0.0,0.051633450000000025,-0.0637884,0.0,0.07414953,-0.21900505,0.09564214,0.047019403,0.015209894,0.0003754135,"[0.9582831365352047, 1.229287115733457, 0.0, 0.0, 0.0, 0.0, -1.6933519325942537, 5.204938956788891]","[0.23019057323956102, 0.009670594217173704, 0.0]","{""Controller Type"": ""MPC Controller"", ""weight_comfort"": 1000.0, ""weight_trajectory"": 1000.0, ""weight_goal"": 100.0, ""Q"": [[1000.0, 0.0, 0.0, 0.0], [0.0, 0.0, 0.0, 0.0], [0.0, 0.0, 1000.0, 0.0], [0.0, 0.0, 0.0, 0.0]], ""R"": [[1000.0, 0.0], [0.0, 1000.0]], ""P"": [[100.0, 0.0, 0.0, 0.0], [0.0, 10000.0, 0.0, 0.0], [0.0, 0.0, 100.0, 0.0], [0.0, 0.0, 0.0, 10000.0]]}","[-0.48810303692865226, -0.33651022961220056, 0.0]",False
3,P02,6800b3a4-1011-434f-a1f4-d5be725d3709,7,1,haply,mpc,seeded_random,1538163069,persist_session,10.0,1785314984.049891,5071.111671512,0,1785314984.0466928,431,True,normal,fixed,-0.08,-0.08,0.0,0.08,-0.08,0.0,0.05326549800000001,-0.06397297999999998,0.0,0.074693546,-0.21884048,0.09554985,0.04819238,0.015643395,-9.480548e-05,"[0.9710877870838465, 1.2032334148964694, 0.0, 0.0, 0.0, 0.0, -1.6922234847654112, 5.204676287986746]","[0.22174763608653525, 0.009768175469338048, 0.0]","{""Controller Type"": ""MPC Controller"", ""weight_comfort"": 1000.0, ""weight_trajectory"": 1000.0, ""weight_goal"": 100.0, ""Q"": [[1000.0, 0.0, 0.0, 0.0], [0.0, 0.0, 0.0, 0.0], [0.0, 0.0, 1000.0, 0.0], [0.0, 0.0, 0.0, 0.0]], ""R"": [[1000.0, 0.0], [0.0, 1000.0]], ""P"": [[100.0, 0.0, 0.0, 0.0], [0.0, 10000.0, 0.0, 0.0], [0.0, 0.0, 100.0, 0.0], [0.0, 0.0, 0.0, 10000.0]]}","[-0.5049835170675421, -0.33647160461125086, 0.0]",False
3,P02,6800b3a4-1011-434f-a1f4-d5be725d3709,7,1,haply,mpc,seeded_random,1538163069,persist_session,10.0,1785314984.0599077,5071.121693447,0,1785314984.0568104,432,True,normal,fixed,-0.08,-0.08,0.0,0.08,-0.08,0.0,0.05462269500000003,-0.06400178000000001,0.0,0.075145945,-0.21869184,0.09553545,0.0489722,0.01598339,-0.0003506929,"[0.9681011238331283, 1.2090132065616626, 0.0, 0.0, 0.0, 0.0, -1.5249685033366709, 5.285101325684031]","[0.22491646965599443, -0.0739610747864198, 0.0]","{""Controller Type"": ""MPC Controller"", ""weight_comfort"": 1000.0, ""weight_trajectory"": 1000.0, ""weight_goal"": 100.0, ""Q"": [[1000.0, 0.0, 0.0, 0.0], [0.0, 0.0, 0.0, 0.0], [0.0, 0.0, 1000.0, 0.0], [0.0, 0.0, 0.0, 0.0]], ""R"": [[1000.0, 0.0], [0.0, 1000.0]], ""P"": [[100.0, 0.0, 0.0, 0.0], [0.0, 10000.0, 0.0, 0.0], [0.0, 0.0, 100.0, 0.0], [0.0, 0.0, 0.0, 10000.0]]}","[-0.5597036548113683, -0.23163884978912713, 0.0]",False
3,P02,6800b3a4-1011-434f-a1f4-d5be725d3709,7,1,haply,mpc,seeded_random,1538163069,persist_session,10.0,1785314984.0698373,5071.131633752,0,1785314984.0667458,433,True,normal,fixed,-0.08,-0.08,0.0,0.08,-0.08,0.0,0.05598144000000002,-0.06418072,0.0,0.07559886,-0.21855482,0.09544598,0.0494054,0.016202755,-0.0006147285,"[1.0355049424791771, 1.0640577790308545, 0.0, 0.0, 0.0, 0.0, -1.7952192515464138, 5.352437789974443]","[0.169014339185763, 0.013484361090204384, 0.0]","{""Controller Type"": ""MPC Controller"", ""weight_comfort"": 1000.0, ""weight_trajectory"": 1000.0, ""weight_goal"": 100.0, ""Q"": [[1000.0, 0.0, 0.0, 0.0], [0.0, 0.0, 0.0, 0.0], [0.0, 0.0, 1000.0, 0.0], [0.0, 0.0, 0.0, 0.0]], ""R"": [[1000.0, 0.0], [0.0, 1000.0]], ""P"": [[100.0, 0.0, 0.0, 0.0], [0.0, 10000.0, 0.0, 0.0], [0.0, 0.0, 100.0, 0.0], [0.0, 0.0, 0.0, 10000.0]]}","[-0.38461929215053137, -0.3361402496199368, 0.0]",False
3,P02,6800b3a4-1011-434f-a1f4-d5be725d3709,7,1,haply,mpc,seeded_random,1538163069,persist_session,10.0,1785314984.0799744,5071.141763489,0,1785314984.0767531,434,True,normal,fixed,-0.08,-0.08,0.0,0.08,-0.08,0.0,0.057607770000000016,-0.06421553999999999,0.0,0.07614097,-0.21837418,0.09542857,0.049683895,0.016371477,-0.0009034844,"[1.0333725499460527, 1.068395073347948, 0.0, 0.0, 0.0, 0.0, -1.6282458149940602, 5.4287455379709515]","[0.17093195586375579, -0.07201611997323507, 0.0]","{""Controller Type"": ""MPC Controller"", ""weight_comfort"": 1000.0, ""weight_trajectory"": 1000.0, ""weight_goal"": 100.0, ""Q"": [[1000.0, 0.0, 0.0, 0.0], [0.0, 0.0, 0.0, 0.0], [0.0, 0.0, 1000.0, 0.0], [0.0, 0.0, 0.0, 0.0]], ""R"": [[1000.0, 0.0], [0.0, 1000.0]], ""P"": [[100.0, 0.0, 0.0, 0.0], [0.0, 10000.0, 0.0, 0.0], [0.0, 0.0, 100.0, 0.0], [0.0, 0.0, 0.0, 10000.0]]}","[-0.42956880762645383, -0.2314960556175242, 0.0]",False
3,P02,6800b3a4-1011-434f-a1f4-d5be725d3709,7,1,haply,mpc,seeded_random,1538163069,persist_session,10.0,1785314984.0898259,5071.151621606,0,1785314984.0868099,435,True,normal,fixed,-0.08,-0.08,0.0,0.08,-0.08,0.0,0.058962018000000005,-0.06424466000000001,0.0,0.076592386,-0.21822262,0.09541401,0.049717497,0.016471678,-0.0011030626,"[0.9567696185834984, 1.2044385651685665, 0.0, 0.0, 0.0, 0.0, -1.8747231320084354, 5.4852057851129485]","[0.21716118046711982, 0.010506093515585534, 0.0]","{""Controller Type"": ""MPC Controller"", ""weight_comfort"": 1000.0, ""weight_trajectory"": 1000.0, ""weight_goal"": 100.0, ""Q"": [[1000.0, 0.0, 0.0, 0.0], [0.0, 0.0, 0.0, 0.0], [0.0, 0.0, 1000.0, 0.0], [0.0, 0.0, 0.0, 0.0]], ""R"": [[1000.0, 0.0], [0.0, 1000.0]], ""P"": [[100.0, 0.0, 0.0, 0.0], [0.0, 10000.0, 0.0, 0.0], [0.0, 0.0, 100.0, 0.0], [0.0, 0.0, 0.0, 10000.0]]}","[-0.6341837729218377, -0.32776612576958164, 0.0]",False
3,P02,6800b3a4-1011-434f-a1f4-d5be725d3709,7,1,haply,mpc,seeded_random,1538163069,persist_session,10.0,1785314984.0998101,5071.161611303,0,1785314984.0966566,436,True,normal,fixed,-0.08,-0.08,0.0,0.08,-0.08,0.0,0.06031542000000002,-0.06427385999999999,0.0,0.07704352,-0.21807018,0.09539941,0.05008464,0.016686967,-0.0012541629,"[1.0295054875487881, 1.0668298630831836, 0.0, 0.0, 0.0, 0.0, -1.882399560211005, 5.487103935378071]","[0.1653188958820421, 0.01376953927650976, 0.0]","{""Controller Type"": ""MPC Controller"", ""weight_comfort"": 1000.0, ""weight_trajectory"": 1000.0, ""weight_goal"": 100.0, ""Q"": [[1000.0, 0.0, 0.0, 0.0], [0.0, 0.0, 0.0, 0.0], [0.0, 0.0, 1000.0, 0.0], [0.0, 0.0, 0.0, 0.0]], ""R"": [[1000.0, 0.0], [0.0, 1000.0]], ""P"": [[100.0, 0.0, 0.0, 0.0], [0.0, 10000.0, 0.0, 0.0], [0.0, 0.0, 100.0, 0.0], [0.0, 0.0, 0.0, 10000.0]]}","[-0.47604101967279566, -0.3312321476247561, 0.0]",False
3,P02,6800b3a4-1011-434f-a1f4-d5be725d3709,7,1,haply,mpc,seeded_random,1538163069,persist_session,10.0,1785314984.1098602,5071.171656538,0,1785314984.1067693,437,True,normal,fixed,-0.08,-0.08,0.0,0.08,-0.08,0.0,0.06166780799999999,-0.06430317999999999,0.0,0.077494316,-0.21791679,0.09538475,0.04973864,0.016669786,-0.0013498259,"[1.0264169400498646, 1.072413129958649, 0.0, 0.0, 0.0, 0.0, -1.8788717075357064, 5.486239914633894]","[0.16760502960533621, 0.01327815074594043, 0.0]","{""Controller Type"": ""MPC Controller"", ""weight_comfort"": 1000.0, ""weight_trajectory"": 1000.0, ""weight_goal"": 100.0, ""Q"": [[1000.0, 0.0, 0.0, 0.0], [0.0, 0.0, 0.0, 0.0], [0.0, 0.0, 1000.0, 0.0], [0.0, 0.0, 0.0, 0.0]], ""R"": [[1000.0, 0.0], [0.0, 1000.0]], ""P"": [[100.0, 0.0, 0.0, 0.0], [0.0, 10000.0, 0.0, 0.0], [0.0, 0.0, 100.0, 0.0], [0.0, 0.0, 0.0, 10000.0]]}","[-0.5220809687539368, -0.330315187931624, 0.0]",False
3,P02,6800b3a4-1011-434f-a1f4-d5be725d3709,7,1,haply,mpc,seeded_random,1538163069,persist_session,10.0,1785314984.1198037,5071.181604005,0,1785314984.1167245,438,True,normal,fixed,-0.08,-0.08,0.0,0.08,-0.08,0.0,0.06274632000000002,-0.06417667999999999,0.0,0.07785382,-0.21778093,0.095448,0.049171988,0.016575266,-0.0014081892,"[1.040477759797116, 1.047511227550524, 0.0, 0.0, 0.0, 0.0, -1.8776529544576301, 5.485939100645219]","[0.1591587719238601, 0.013567760420427597, 0.0]","{""Controller Type"": ""MPC Controller"", ""weight_comfort"": 1000.0, ""weight_trajectory"": 1000.0, ""weight_goal"": 100.0, ""Q"": [[1000.0, 0.0, 0.0, 0.0], [0.0, 0.0, 0.0, 0.0], [0.0, 0.0, 1000.0, 0.0], [0.0, 0.0, 0.0, 0.0]], ""R"": [[1000.0, 0.0], [0.0, 1000.0]], ""P"": [[100.0, 0.0, 0.0, 0.0], [0.0, 10000.0, 0.0, 0.0], [0.0, 0.0, 100.0, 0.0], [0.0, 0.0, 0.0, 10000.0]]}","[-0.524704119237434, -0.3302817777724176, 0.0]",False
3,P02,6800b3a4-1011-434f-a1f4-d5be725d3709,7,1,haply,mpc,seeded_random,1538163069,persist_session,10.0,1785314984.1298423,5071.191638516,0,1785314984.1266534,439,True,normal,fixed,-0.08,-0.08,0.0,0.08,-0.08,0.0,0.06355401000000001,-0.0640442,0.0,0.07812305,-0.2176755,0.09551424,0.047919966,0.016239049,-0.0014237755,"[1.0928440571924836, 0.9472547340961883, 0.0, 0.0, 0.0, 0.0, -2.2231585182149134, 5.696190460729292]","[0.12147822160646142, 0.10755905952759637, 0.0]","{""Controller Type"": ""MPC Controller"", ""weight_comfort"": 1000.0, ""weight_trajectory"": 1000.0, ""weight_goal"": 100.0, ""Q"": [[1000.0, 0.0, 0.0, 0.0], [0.0, 0.0, 0.0, 0.0], [0.0, 0.0, 1000.0, 0.0], [0.0, 0.0, 0.0, 0.0]], ""R"": [[1000.0, 0.0], [0.0, 1000.0]], ""P"": [[100.0, 0.0, 0.0, 0.0], [0.0, 10000.0, 0.0, 0.0], [0.0, 0.0, 100.0, 0.0], [0.0, 0.0, 0.0, 10000.0]]}","[-0.37697566867570803, -0.43745731109280445, 0.0]",False
3,P02,6800b3a4-1011-434f-a1f4-d5be725d3709,7,1,haply,mpc,seeded_random,1538163069,persist_session,10.0,1785314984.1398308,5071.201633919,0,1785314984.1368167,440,True,normal,fixed,-0.08,-0.08,0.0,0.08,-0.08,0.0,0.06463413000000003,-0.06406782,0.0,0.07848309,-0.21755116,0.09550243,0.045978915,0.015665708,-0.001354814,"[1.1259547568922923, 0.8711487920923989, 0.0, 0.0, 0.0, 0.0, -2.211813646942241, 5.6891849339300045]","[0.08938281457152591, 0.11120097957978833, 0.0]","{""Controller Type"": ""MPC Controller"", ""weight_comfort"": 1000.0, ""weight_trajectory"": 1000.0, ""weight_goal"": 100.0, ""Q"": [[1000.0, 0.0, 0.0, 0.0], [0.0, 0.0, 0.0, 0.0], [0.0, 0.0, 1000.0, 0.0], [0.0, 0.0, 0.0, 0.0]], ""R"": [[1000.0, 0.0], [0.0, 1000.0]], ""P"": [[100.0, 0.0, 0.0, 0.0], [0.0, 10000.0, 0.0, 0.0], [0.0, 0.0, 100.0, 0.0], [0.0, 0.0, 0.0, 10000.0]]}","[-0.21300199124403543, -0.44477589281784813, 0.0]",False
3,P02,6800b3a4-1011-434f-a1f4-d5be725d3709,7,1,haply,mpc,seeded_random,1538163069,persist_session,10.0,1785314984.1498668,5071.211662389,0,1785314984.1466517,441,True,normal,fixed,-0.08,-0.08,0.0,0.08,-0.08,0.0,0.06544383,-0.06408559999999999,0.0,0.07875299,-0.2174575,0.09549354,0.043862965,0.01501326,-0.0013299658,"[1.0777877542545458, 0.9585898182738077, 0.0, 0.0, 0.0, 0.0, -1.9325947786955293, 5.6158763135154945]","[0.1184366497551312, 0.01773888936330458, 0.0]","{""Controller Type"": ""MPC Controller"", ""weight_comfort"": 1000.0, ""weight_trajectory"": 1000.0, ""weight_goal"": 100.0, ""Q"": [[1000.0, 0.0, 0.0, 0.0], [0.0, 0.0, 0.0, 0.0], [0.0, 0.0, 1000.0, 0.0], [0.0, 0.0, 0.0, 0.0]], ""R"": [[1000.0, 0.0], [0.0, 1000.0]], ""P"": [[100.0, 0.0, 0.0, 0.0], [0.0, 10000.0, 0.0, 0.0], [0.0, 0.0, 100.0, 0.0], [0.0, 0.0, 0.0, 10000.0]]}","[-0.40137618779344214, -0.33970184897776734, 0.0]",False
3,P02,6800b3a4-1011-434f-a1f4-d5be725d3709,7,1,haply,mpc,seeded_random,1538163069,persist_session,10.0,1785314984.1598303,5071.221630626,0,1785314984.1569383,442,True,normal,fixed,-0.08,-0.08,0.0,0.08,-0.08,0.0,0.06620907000000001,-0.0641999,0.0,0.07900807,-0.21730661,0.09543639,0.041380797,0.014223356,-0.0012809872,"[1.1124959249925488, 0.8873712453646256, 0.0, 0.0, 0.0, 0.0, -1.9383588385685164, 5.61747902372573]","[0.08924951572384997, 0.020692380358113542, 0.0]","{""Controller Type"": ""MPC Controller"", ""weight_comfort"": 1000.0, ""weight_trajectory"": 1000.0, ""weight_goal"": 100.0, ""Q"": [[1000.0, 0.0, 0.0, 0.0], [0.0, 0.0, 0.0, 0.0], [0.0, 0.0, 1000.0, 0.0], [0.0, 0.0, 0.0, 0.0]], ""R"": [[1000.0, 0.0], [0.0, 1000.0]], ""P"": [[100.0, 0.0, 0.0, 0.0], [0.0, 10000.0, 0.0, 0.0], [0.0, 0.0, 100.0, 0.0], [0.0, 0.0, 0.0, 10000.0]]}","[-0.25767343170795454, -0.34283458635204167, 0.0]",False
3,P02,6800b3a4-1011-434f-a1f4-d5be725d3709,7,1,haply,mpc,seeded_random,1538163069,persist_session,10.0,1785314984.1698565,5071.231649414,0,1785314984.1667871,443,True,normal,fixed,-0.08,-0.08,0.0,0.08,-0.08,0.0,0.06692901000000001,-0.06441074,0.0,0.07924805,-0.21709837,0.09533097,0.03862013,0.0133533785,-0.0012352357,"[1.1226408547829947, 0.8657755317998022, 0.0, 0.0, 0.0, 0.0, -1.8130819624045784, 5.62675787290464]","[0.07988916228771717, -0.03387527151287825, 0.0]","{""Controller Type"": ""MPC Controller"", ""weight_comfort"": 1000.0, ""weight_trajectory"": 1000.0, ""weight_goal"": 100.0, ""Q"": [[1000.0, 0.0, 0.0, 0.0], [0.0, 0.0, 0.0, 0.0], [0.0, 0.0, 1000.0, 0.0], [0.0, 0.0, 0.0, 0.0]], ""R"": [[1000.0, 0.0], [0.0, 1000.0]], ""P"": [[100.0, 0.0, 0.0, 0.0], [0.0, 10000.0, 0.0, 0.0], [0.0, 0.0, 100.0, 0.0], [0.0, 0.0, 0.0, 10000.0]]}","[-0.22005510671609377, -0.278154608418624, 0.0]",False
3,P02,6800b3a4-1011-434f-a1f4-d5be725d3709,7,1,haply,mpc,seeded_random,1538163069,persist_session,10.0,1785314984.1798024,5071.241605963,0,1785314984.1766133,444,True,normal,fixed,-0.08,-0.08,0.0,0.08,-0.08,0.0,0.06773709,-0.06442861,0.0,0.07951741,-0.21700376,0.095322035,0.03604965,0.012618592,-0.0012488974,"[1.1251810249238519, 0.8605194591097454, 0.0, 0.0, 0.0, 0.0, -1.716900174215322, 5.7018731060332595]","[0.0776103550059728, -0.0952982854704124, 0.0]","{""Controller Type"": ""MPC Controller"", ""weight_comfort"": 1000.0, ""weight_trajectory"": 1000.0, ""weight_goal"": 100.0, ""Q"": [[1000.0, 0.0, 0.0, 0.0], [0.0, 0.0, 0.0, 0.0], [0.0, 0.0, 1000.0, 0.0], [0.0, 0.0, 0.0, 0.0]], ""R"": [[1000.0, 0.0], [0.0, 1000.0]], ""P"": [[100.0, 0.0, 0.0, 0.0], [0.0, 10000.0, 0.0, 0.0], [0.0, 0.0, 100.0, 0.0], [0.0, 0.0, 0.0, 10000.0]]}","[-0.22592694644635924, -0.20465395424147495, 0.0]",False
3,P02,6800b3a4-1011-434f-a1f4-d5be725d3709,7,1,haply,mpc,seeded_random,1538163069,persist_session,10.0,1785314984.1899502,5071.251735848,0,1785314984.1868103,445,True,normal,fixed,-0.08,-0.08,0.0,0.08,-0.08,0.0,0.06849981000000001,-0.06454298,0.0,0.07977165,-0.21685189,0.09526485,0.03410342,0.012092397,-0.0012760047,"[1.1118257925091468, 0.8851383421946004, 0.0, 0.0, 0.0, 0.0, -2.069599362473623, 5.799994873684142]","[0.08642571642237122, 0.02167860733346421, 0.0]","{""Controller Type"": ""MPC Controller"", ""weight_comfort"": 1000.0, ""weight_trajectory"": 1000.0, ""weight_goal"": 100.0, ""Q"": [[1000.0, 0.0, 0.0, 0.0], [0.0, 0.0, 0.0, 0.0], [0.0, 0.0, 1000.0, 0.0], [0.0, 0.0, 0.0, 0.0]], ""R"": [[1000.0, 0.0], [0.0, 1000.0]], ""P"": [[100.0, 0.0, 0.0, 0.0], [0.0, 10000.0, 0.0, 0.0], [0.0, 0.0, 100.0, 0.0], [0.0, 0.0, 0.0, 10000.0]]}","[-0.3033429542770111, -0.33530696746804567, 0.0]",False
3,P02,6800b3a4-1011-434f-a1f4-d5be725d3709,7,1,haply,mpc,seeded_random,1538163069,persist_session,10.0,1785314984.199818,5071.261621275,0,1785314984.1965547,446,True,normal,fixed,-0.08,-0.08,0.0,0.08,-0.08,0.0,0.06903795000000003,-0.06455491199999999,0.0,0.07995103,-0.21678844,0.095258884,0.032659817,0.011730799,-0.0013119865,"[1.123236659419358, 0.8637470975265776, 0.0, 0.0, 0.0, 0.0, -1.9450063853825816, 5.811311733999614]","[0.07752487668208387, -0.03511640958767707, 0.0]","{""Controller Type"": ""MPC Controller"", ""weight_comfort"": 1000.0, ""weight_trajectory"": 1000.0, ""weight_goal"": 100.0, ""Q"": [[1000.0, 0.0, 0.0, 0.0], [0.0, 0.0, 0.0, 0.0], [0.0, 0.0, 1000.0, 0.0], [0.0, 0.0, 0.0, 0.0]], ""R"": [[1000.0, 0.0], [0.0, 1000.0]], ""P"": [[100.0, 0.0, 0.0, 0.0], [0.0, 10000.0, 0.0, 0.0], [0.0, 0.0, 100.0, 0.0], [0.0, 0.0, 0.0, 10000.0]]}","[-0.2689821352361066, -0.26994948605262453, 0.0]",False
3,P02,6800b3a4-1011-434f-a1f4-d5be725d3709,7,1,haply,mpc,seeded_random,1538163069,persist_session,10.0,1785314984.2098868,5071.271682791,0,1785314984.2067916,447,True,normal,fixed,-0.08,-0.08,0.0,0.08,-0.08,0.0,0.07011370500000001,-0.06457884,0.0,0.080309615,-0.21666111,0.09524692,0.031501774,0.011448116,-0.0013385953,"[1.1404341758715446, 0.8248224711626226, 0.0, 0.0, 0.0, 0.0, -2.1256831570799064, 5.864898331626033]","[0.058052756963439145, 0.02564981036259775, 0.0]","{""Controller Type"": ""MPC Controller"", ""weight_comfort"": 1000.0, ""weight_trajectory"": 1000.0, ""weight_goal"": 100.0, ""Q"": [[1000.0, 0.0, 0.0, 0.0], [0.0, 0.0, 0.0, 0.0], [0.0, 0.0, 1000.0, 0.0], [0.0, 0.0, 0.0, 0.0]], ""R"": [[1000.0, 0.0], [0.0, 1000.0]], ""P"": [[100.0, 0.0, 0.0, 0.0], [0.0, 10000.0, 0.0, 0.0], [0.0, 0.0, 100.0, 0.0], [0.0, 0.0, 0.0, 10000.0]]}","[-0.1488944655750143, -0.3365574353925598, 0.0]",False
3,P02,6800b3a4-1011-434f-a1f4-d5be725d3709,7,1,haply,mpc,seeded_random,1538163069,persist_session,10.0,1785314984.2198372,5071.281633962,0,1785314984.2165434,448,True,normal,fixed,-0.08,-0.08,0.0,0.08,-0.08,0.0,0.07092006,-0.06459683999999999,0.0,0.0805784,-0.21656525,0.09523792,0.03045722,0.012569168,-0.0024364407,"[1.0192021998572534, 1.0128433414964069, 0.0, 0.0, 0.0, 0.0, -2.1032012522540073, 5.859010848694531]","[0.11651098502336328, 0.018738901625824464, 0.0]","{""Controller Type"": ""MPC Controller"", ""weight_comfort"": 1000.0, ""weight_trajectory"": 1000.0, ""weight_goal"": 100.0, ""Q"": [[1000.0, 0.0, 0.0, 0.0], [0.0, 0.0, 0.0, 0.0], [0.0, 0.0, 1000.0, 0.0], [0.0, 0.0, 0.0, 0.0]], ""R"": [[1000.0, 0.0], [0.0, 1000.0]], ""P"": [[100.0, 0.0, 0.0, 0.0], [0.0, 10000.0, 0.0, 0.0], [0.0, 0.0, 100.0, 0.0], [0.0, 0.0, 0.0, 10000.0]]}","[-0.5042057103921086, -0.32864790272867395, 0.0]",False
3,P02,6800b3a4-1011-434f-a1f4-d5be725d3709,7,1,haply,mpc,seeded_random,1538163069,persist_session,10.0,1785314984.2298453,5071.291643521,0,1785314984.2266924,449,True,normal,fixed,-0.08,-0.08,0.0,0.08,-0.08,0.0,0.07172928,-0.06476504799999999,0.0,0.08084814,-0.21648155,0.095153816,0.029678266,0.012784061,-0.0027637896,"[1.0643687128473092, 0.9395764345956971, 0.0, 0.0, 0.0, 0.0, -2.108335837625631, 5.8604350314063645]","[0.08735594925851939, 0.02165776296565398, 0.0]","{""Controller Type"": ""MPC Controller"", ""weight_comfort"": 1000.0, ""weight_trajectory"": 1000.0, ""weight_goal"": 100.0, ""Q"": [[1000.0, 0.0, 0.0, 0.0], [0.0, 0.0, 0.0, 0.0], [0.0, 0.0, 1000.0, 0.0], [0.0, 0.0, 0.0, 0.0]], ""R"": [[1000.0, 0.0], [0.0, 1000.0]], ""P"": [[100.0, 0.0, 0.0, 0.0], [0.0, 10000.0, 0.0, 0.0], [0.0, 0.0, 100.0, 0.0], [0.0, 0.0, 0.0, 10000.0]]}","[-0.3706187846974793, -0.3315844312542654, 0.0]",False
3,P02,6800b3a4-1011-434f-a1f4-d5be725d3709,7,1,haply,mpc,seeded_random,1538163069,persist_session,10.0,1785314984.2398653,5071.301658559,0,1785314984.2366323,450,True,normal,fixed,-0.08,-0.08,0.0,0.08,-0.08,0.0,0.07226640000000002,-0.06477708799999998,0.0,0.08102718,-0.21641722,0.095147796,0.02919921,0.012037136,-0.0021351504,"[1.0713780625649936, 0.9284066625138727, 0.0, 0.0, 0.0, 0.0, -1.9457672935909338, 5.930048943907731]","[0.0828865961814669, -0.06864004813891264, 0.0]","{""Controller Type"": ""MPC Controller"", ""weight_comfort"": 1000.0, ""weight_trajectory"": 1000.0, ""weight_goal"": 100.0, ""Q"": [[1000.0, 0.0, 0.0, 0.0], [0.0, 0.0, 0.0, 0.0], [0.0, 0.0, 1000.0, 0.0], [0.0, 0.0, 0.0, 0.0]], ""R"": [[1000.0, 0.0], [0.0, 1000.0]], ""P"": [[100.0, 0.0, 0.0, 0.0], [0.0, 10000.0, 0.0, 0.0], [0.0, 0.0, 100.0, 0.0], [0.0, 0.0, 0.0, 10000.0]]}","[-0.36718896839913023, -0.2292948444491987, 0.0]",False
3,P02,6800b3a4-1011-434f-a1f4-d5be725d3709,7,1,haply,mpc,seeded_random,1538163069,persist_session,10.0,1785314984.2498455,5071.311641693,0,1785314984.2468696,451,True,normal,fixed,-0.08,-0.08,0.0,0.08,-0.08,0.0,0.07334031000000002,-0.0648012,0.0,0.08138515,-0.21628818,0.09513574,0.028783197,0.011484646,-0.0016687389,"[1.100036918503725, 0.8766335672372945, 0.0, 0.0, 0.0, 0.0, -2.219281485083524, 6.011411728983878]","[0.05587764120964495, 0.026502431783960854, 0.0]","{""Controller Type"": ""MPC Controller"", ""weight_comfort"": 1000.0, ""weight_trajectory"": 1000.0, ""weight_goal"": 100.0, ""Q"": [[1000.0, 0.0, 0.0, 0.0], [0.0, 0.0, 0.0, 0.0], [0.0, 0.0, 1000.0, 0.0], [0.0, 0.0, 0.0, 0.0]], ""R"": [[1000.0, 0.0], [0.0, 1000.0]], ""P"": [[100.0, 0.0, 0.0, 0.0], [0.0, 10000.0, 0.0, 0.0], [0.0, 0.0, 100.0, 0.0], [0.0, 0.0, 0.0, 10000.0]]}","[-0.20642013551053826, -0.33252547850282405, 0.0]",False
3,P02,6800b3a4-1011-434f-a1f4-d5be725d3709,7,1,haply,mpc,seeded_random,1538163069,persist_session,10.0,1785314984.2598498,5071.321646877,0,1785314984.2565882,452,True,normal,fixed,-0.08,-0.08,0.0,0.08,-0.08,0.0,0.07441681500000003,-0.06497534799999999,0.0,0.081743985,-0.21617103,0.095048666,0.028531352,0.011096182,-0.0014513656,"[0.961356872561554, 1.0752639460115325, 0.0, 0.0, 0.0, 0.0, -2.196288672119672, 6.00541204506063]","[0.11920025149993646, 0.0192362393126232, 0.0]","{""Controller Type"": ""MPC Controller"", ""weight_comfort"": 1000.0, ""weight_trajectory"": 1000.0, ""weight_goal"": 100.0, ""Q"": [[1000.0, 0.0, 0.0, 0.0], [0.0, 0.0, 0.0, 0.0], [0.0, 0.0, 1000.0, 0.0], [0.0, 0.0, 0.0, 0.0]], ""R"": [[1000.0, 0.0], [0.0, 1000.0]], ""P"": [[100.0, 0.0, 0.0, 0.0], [0.0, 10000.0, 0.0, 0.0], [0.0, 0.0, 100.0, 0.0], [0.0, 0.0, 0.0, 10000.0]]}","[-0.5692333160242531, -0.3243129169669231, 0.0]",False
3,P02,6800b3a4-1011-434f-a1f4-d5be725d3709,7,1,haply,mpc,seeded_random,1538163069,persist_session,10.0,1785314984.2698874,5071.331679547,0,1785314984.26683,453,True,normal,fixed,-0.08,-0.08,0.0,0.08,-0.08,0.0,0.07522464000000002,-0.06514386,0.0,0.08201326,-0.21608584,0.09496441,0.028540462,0.010896093,-0.0013133013,"[0.9463311245328044, 1.0961275121694916, 0.0, 0.0, 0.0, 0.0, -2.0283058562075666, 6.0986348564993875]","[0.12669813671379082, -0.07880646774034132, 0.0]","{""Controller Type"": ""MPC Controller"", ""weight_comfort"": 1000.0, ""weight_trajectory"": 1000.0, ""weight_goal"": 100.0, ""Q"": [[1000.0, 0.0, 0.0, 0.0], [0.0, 0.0, 0.0, 0.0], [0.0, 0.0, 1000.0, 0.0], [0.0, 0.0, 0.0, 0.0]], ""R"": [[1000.0, 0.0], [0.0, 1000.0]], ""P"": [[100.0, 0.0, 0.0, 0.0], [0.0, 10000.0, 0.0, 0.0], [0.0, 0.0, 100.0, 0.0], [0.0, 0.0, 0.0, 10000.0]]}","[-0.6302792223437341, -0.21603269252011217, 0.0]",False
3,P02,6800b3a4-1011-434f-a1f4-d5be725d3709,7,1,haply,mpc,seeded_random,1538163069,persist_session,10.0,1785314984.2798586,5071.341653834,0,1785314984.2767534,454,True,normal,fixed,-0.08,-0.08,0.0,0.08,-0.08,0.0,0.07630005000000002,-0.06531834,0.0,0.08237173,-0.21596758,0.09487717,0.028455107,0.01069562,-0.0014692686,"[1.015822834351813, 0.9972905180269447, 0.0, 0.0, 0.0, 0.0, -2.052672891433829, 6.087573603486735]","[0.0835129117124138, -0.06966675010956037, 0.0]","{""Controller Type"": ""MPC Controller"", ""weight_comfort"": 1000.0, ""weight_trajectory"": 1000.0, ""weight_goal"": 100.0, ""Q"": [[1000.0, 0.0, 0.0, 0.0], [0.0, 0.0, 0.0, 0.0], [0.0, 0.0, 1000.0, 0.0], [0.0, 0.0, 0.0, 0.0]], ""R"": [[1000.0, 0.0], [0.0, 1000.0]], ""P"": [[100.0, 0.0, 0.0, 0.0], [0.0, 10000.0, 0.0, 0.0], [0.0, 0.0, 100.0, 0.0], [0.0, 0.0, 0.0, 10000.0]]}","[-0.43268413408208, -0.22209072362680704, 0.0]",False
3,P02,6800b3a4-1011-434f-a1f4-d5be725d3709,7,1,haply,mpc,seeded_random,1538163069,persist_session,10.0,1785314984.289838,5071.351633395,0,1785314984.286889,455,True,normal,fixed,-0.08,-0.08,0.0,0.08,-0.08,0.0,0.077642775,-0.065499,0.0,0.082819305,-0.21581581,0.09478684,0.029074334,0.010667164,-0.0024703606,"[0.9232172678891795, 1.121240120613456, 0.0, 0.0, 0.0, 0.0, -2.048699883268997, 6.089804143466962]","[0.12492519711938946, -0.07699615591936351, 0.0]","{""Controller Type"": ""MPC Controller"", ""weight_comfort"": 1000.0, ""weight_trajectory"": 1000.0, ""weight_goal"": 100.0, ""Q"": [[1000.0, 0.0, 0.0, 0.0], [0.0, 0.0, 0.0, 0.0], [0.0, 0.0, 1000.0, 0.0], [0.0, 0.0, 0.0, 0.0]], ""R"": [[1000.0, 0.0], [0.0, 1000.0]], ""P"": [[100.0, 0.0, 0.0, 0.0], [0.0, 10000.0, 0.0, 0.0], [0.0, 0.0, 100.0, 0.0], [0.0, 0.0, 0.0, 10000.0]]}","[-0.6521946142274659, -0.21061332589810636, 0.0]",False
3,P02,6800b3a4-1011-434f-a1f4-d5be725d3709,7,1,haply,mpc,seeded_random,1538163069,persist_session,10.0,1785314984.29987,5071.361665632,0,1785314984.2969494,456,True,normal,fixed,-0.08,-0.08,0.0,0.08,-0.08,0.0,0.07844922000000001,-0.06566742,0.0,0.08308812,-0.2157292,0.09470263,0.030051008,0.010800824,-0.0035549793,"[0.8308968314576565, 1.2405851107047536, 0.0, 0.0, 0.0, 0.0, -2.054460134585535, 6.086337363215381]","[0.16630569641189688, -0.07869244965764152, 0.0]","{""Controller Type"": ""MPC Controller"", ""weight_comfort"": 1000.0, ""weight_trajectory"": 1000.0, ""weight_goal"": 100.0, ""Q"": [[1000.0, 0.0, 0.0, 0.0], [0.0, 0.0, 0.0, 0.0], [0.0, 0.0, 1000.0, 0.0], [0.0, 0.0, 0.0, 0.0]], ""R"": [[1000.0, 0.0], [0.0, 1000.0]], ""P"": [[100.0, 0.0, 0.0, 0.0], [0.0, 10000.0, 0.0, 0.0], [0.0, 0.0, 100.0, 0.0], [0.0, 0.0, 0.0, 10000.0]]}","[-0.8409484126112488, -0.20495001938687088, 0.0]",False
3,P02,6800b3a4-1011-434f-a1f4-d5be725d3709,7,1,haply,mpc,seeded_random,1538163069,persist_session,10.0,1785314984.3098917,5071.371666854,0,1785314984.3067107,457,True,normal,fixed,-0.08,-0.08,0.0,0.08,-0.08,0.0,0.07898775,-0.06582988000000001,0.0,0.08326763,-0.21567537,0.0946214,0.0305625,0.010793405,-0.0045968466,"[0.963561607714998, 1.0685305288506084, 0.0, 0.0, 0.0, 0.0, -2.073812139947134, 6.076183408438684]","[0.08714879674971301, -0.07199851592844121, 0.0]","{""Controller Type"": ""MPC Controller"", ""weight_comfort"": 1000.0, ""weight_trajectory"": 1000.0, ""weight_goal"": 100.0, ""Q"": [[1000.0, 0.0, 0.0, 0.0], [0.0, 0.0, 0.0, 0.0], [0.0, 0.0, 1000.0, 0.0], [0.0, 0.0, 0.0, 0.0]], ""R"": [[1000.0, 0.0], [0.0, 1000.0]], ""P"": [[100.0, 0.0, 0.0, 0.0], [0.0, 10000.0, 0.0, 0.0], [0.0, 0.0, 100.0, 0.0], [0.0, 0.0, 0.0, 10000.0]]}","[-0.506349111998412, -0.20844596703215892, 0.0]",False
3,P02,6800b3a4-1011-434f-a1f4-d5be725d3709,7,1,haply,mpc,seeded_random,1538163069,persist_session,10.0,1785314984.3199418,5071.381730063,0,1785314984.3169158,458,True,normal,fixed,-0.08,-0.08,0.0,0.08,-0.08,0.0,0.07952613000000001,-0.06599252,0.0,0.08344709,-0.21562135,0.09454008,0.03045307,0.010618534,-0.0053335647,"[1.0089959339639225, 1.009728996610886, 0.0, 0.0, 0.0, 0.0, -2.0824879791211703, 6.0715621711826975]","[0.05672781862337036, -0.07154122773143337, 0.0]","{""Controller Type"": ""MPC Controller"", ""weight_comfort"": 1000.0, ""weight_trajectory"": 1000.0, ""weight_goal"": 100.0, ""Q"": [[1000.0, 0.0, 0.0, 0.0], [0.0, 0.0, 0.0, 0.0], [0.0, 0.0, 1000.0, 0.0], [0.0, 0.0, 0.0, 0.0]], ""R"": [[1000.0, 0.0], [0.0, 1000.0]], ""P"": [[100.0, 0.0, 0.0, 0.0], [0.0, 10000.0, 0.0, 0.0], [0.0, 0.0, 100.0, 0.0], [0.0, 0.0, 0.0, 10000.0]]}","[-0.3495982130062621, -0.2054665746836898, 0.0]",False
3,P02,6800b3a4-1011-434f-a1f4-d5be725d3709,7,1,haply,mpc,seeded_random,1538163069,persist_session,10.0,1785314984.3299458,5071.391738276,0,1785314984.326743,459,True,normal,fixed,-0.08,-0.08,0.0,0.08,-0.08,0.0,0.07979364000000001,-0.06599865999999999,0.0,0.08353626,-0.21558817,0.09453701,0.029818922,0.010292674,-0.0058402256,"[1.0139586172815114, 1.0034286028881896, 0.0, 0.0, 0.0, 0.0, -2.097171116122664, 6.064393674426718]","[0.05341769963573844, -0.06727360347927827, 0.0]","{""Controller Type"": ""MPC Controller"", ""weight_comfort"": 1000.0, ""weight_trajectory"": 1000.0, ""weight_goal"": 100.0, ""Q"": [[1000.0, 0.0, 0.0, 0.0], [0.0, 0.0, 0.0, 0.0], [0.0, 0.0, 1000.0, 0.0], [0.0, 0.0, 0.0, 0.0]], ""R"": [[1000.0, 0.0], [0.0, 1000.0]], ""P"": [[100.0, 0.0, 0.0, 0.0], [0.0, 10000.0, 0.0, 0.0], [0.0, 0.0, 100.0, 0.0], [0.0, 0.0, 0.0, 10000.0]]}","[-0.3442718406938006, -0.20656203324864647, 0.0]",False
3,P02,6800b3a4-1011-434f-a1f4-d5be725d3709,7,1,haply,mpc,seeded_random,1538163069,persist_session,10.0,1785314984.3399932,5071.401778441,0,1785314984.337146,460,True,normal,fixed,-0.08,-0.08,0.0,0.08,-0.08,0.0,0.08033182500000001,-0.06616116,0.0,0.083715655,-0.2155339,0.09445576,0.027699938,0.0094508,-0.0061093983,"[1.037327928626118, 0.9738437051896003, 0.0, 0.0, 0.0, 0.0, -2.3620065411305746, 6.1490786878549795]","[0.026723607912727064, 0.029229309292873432, 0.0]","{""Controller Type"": ""MPC Controller"", ""weight_comfort"": 1000.0, ""weight_trajectory"": 1000.0, ""weight_goal"": 100.0, ""Q"": [[1000.0, 0.0, 0.0, 0.0], [0.0, 0.0, 0.0, 0.0], [0.0, 0.0, 1000.0, 0.0], [0.0, 0.0, 0.0, 0.0]], ""R"": [[1000.0, 0.0], [0.0, 1000.0]], ""P"": [[100.0, 0.0, 0.0, 0.0], [0.0, 10000.0, 0.0, 0.0], [0.0, 0.0, 100.0, 0.0], [0.0, 0.0, 0.0, 10000.0]]}","[-0.1784092635018196, -0.3091232964014239, 0.0]",False
3,P02,6800b3a4-1011-434f-a1f4-d5be725d3709,7,1,haply,mpc,seeded_random,1538163069,persist_session,10.0,1785314984.349777,5071.411581696,0,1785314984.3469284,461,True,normal,fixed,-0.08,-0.08,0.0,0.08,-0.08,0.0,0.08059926,-0.06616729199999999,0.0,0.0838048,-0.21550061,0.094452694,0.025104335,0.008459953,-0.0061959447,"[0.9966290640523972, 1.023972032470185, 0.0, 0.0, 0.0, 0.0, -2.214338512568965, 6.219886906422098]","[0.05264229266177686, -0.06651237072677241, 0.0]","{""Controller Type"": ""MPC Controller"", ""weight_comfort"": 1000.0, ""weight_trajectory"": 1000.0, ""weight_goal"": 100.0, ""Q"": [[1000.0, 0.0, 0.0, 0.0], [0.0, 0.0, 0.0, 0.0], [0.0, 0.0, 1000.0, 0.0], [0.0, 0.0, 0.0, 0.0]], ""R"": [[1000.0, 0.0], [0.0, 1000.0]], ""P"": [[100.0, 0.0, 0.0, 0.0], [0.0, 10000.0, 0.0, 0.0], [0.0, 0.0, 100.0, 0.0], [0.0, 0.0, 0.0, 10000.0]]}","[-0.35439137986051245, -0.20491424393028493, 0.0]",False
3,P02,6800b3a4-1011-434f-a1f4-d5be725d3709,7,1,haply,mpc,seeded_random,1538163069,persist_session,10.0,1785314984.3599496,5071.421738619,0,1785314984.3566868,462,True,normal,fixed,-0.08,-0.08,0.0,0.08,-0.08,0.0,0.08060247000000002,-0.0663176,0.0,0.08380587,-0.2155128,0.09437754,0.02225338,0.0073894076,-0.006178965,"[1.0212462210164122, 0.9945156076315838, 0.0, 0.0, 0.0, 0.0, -2.473112621918515, 6.302747348132348]","[0.026576694976715526, 0.03025899574329128, 0.0]","{""Controller Type"": ""MPC Controller"", ""weight_comfort"": 1000.0, ""weight_trajectory"": 1000.0, ""weight_goal"": 100.0, ""Q"": [[1000.0, 0.0, 0.0, 0.0], [0.0, 0.0, 0.0, 0.0], [0.0, 0.0, 1000.0, 0.0], [0.0, 0.0, 0.0, 0.0]], ""R"": [[1000.0, 0.0], [0.0, 1000.0]], ""P"": [[100.0, 0.0, 0.0, 0.0], [0.0, 10000.0, 0.0, 0.0], [0.0, 0.0, 100.0, 0.0], [0.0, 0.0, 0.0, 10000.0]]}","[-0.19676671231897613, -0.30533603277000304, 0.0]",False
3,P02,6800b3a4-1011-434f-a1f4-d5be725d3709,7,1,haply,mpc,seeded_random,1538163069,persist_session,10.0,1785314984.3698833,5071.431674216,0,1785314984.3668575,463,True,normal,fixed,-0.08,-0.08,0.0,0.08,-0.08,0.0,0.08087301000000001,-0.06647407999999999,0.0,0.08389605,-0.2154916,0.0942993,0.01959405,0.0064019486,-0.006095971,"[1.0231131206341992, 0.9935669899267231, 0.0, 0.0, 0.0, 0.0, -2.318315591865844, 6.376728912573113]","[-0.0002895661413523999, -0.06649948996331712, 0.0]","{""Controller Type"": ""MPC Controller"", ""weight_comfort"": 1000.0, ""weight_trajectory"": 1000.0, ""weight_goal"": 100.0, ""Q"": [[1000.0, 0.0, 0.0, 0.0], [0.0, 0.0, 0.0, 0.0], [0.0, 0.0, 1000.0, 0.0], [0.0, 0.0, 0.0, 0.0]], ""R"": [[1000.0, 0.0], [0.0, 1000.0]], ""P"": [[100.0, 0.0, 0.0, 0.0], [0.0, 10000.0, 0.0, 0.0], [0.0, 0.0, 100.0, 0.0], [0.0, 0.0, 0.0, 10000.0]]}","[-0.01568791326961101, -0.20287185765053412, 0.0]",False
3,P02,6800b3a4-1011-434f-a1f4-d5be725d3709,7,1,haply,mpc,seeded_random,1538163069,persist_session,10.0,1785314984.3798947,5071.441683802,0,1785314984.3768039,464,True,normal,fixed,-0.08,-0.08,0.0,0.08,-0.08,0.0,0.08087301000000001,-0.06647407999999999,0.0,0.08389605,-0.2154916,0.0942993,0.017382473,0.00558225,-0.006017796,"[0.9978820760873354, 1.02317674639022, 0.0, 0.0, 0.0, 0.0, -2.325509662144714, 6.3731901821269]","[0.02634528295847555, -0.06659925993154237, 0.0]","{""Controller Type"": ""MPC Controller"", ""weight_comfort"": 1000.0, ""weight_trajectory"": 1000.0, ""weight_goal"": 100.0, ""Q"": [[1000.0, 0.0, 0.0, 0.0], [0.0, 0.0, 0.0, 0.0], [0.0, 0.0, 1000.0, 0.0], [0.0, 0.0, 0.0, 0.0]], ""R"": [[1000.0, 0.0], [0.0, 1000.0]], ""P"": [[100.0, 0.0, 0.0, 0.0], [0.0, 10000.0, 0.0, 0.0], [0.0, 0.0, 100.0, 0.0], [0.0, 0.0, 0.0, 10000.0]]}","[-0.19793829931536192, -0.19948724894196837, 0.0]",False
3,P02,6800b3a4-1011-434f-a1f4-d5be725d3709,7,1,haply,mpc,seeded_random,1538163069,persist_session,10.0,1785314984.3898385,5071.451626233,0,1785314984.3867002,465,True,normal,fixed,-0.08,-0.08,0.0,0.08,-0.08,0.0,0.08087612999999999,-0.06662441999999999,0.0,0.08389709,-0.2155037,0.09422413,0.0155917145,0.0049166353,-0.0059637423,"[1.000085802160125, 1.02237908125009, 0.0, 0.0, 0.0, 0.0, -2.5869620776325553, 6.462684684084127]","[-0.0008730849061438182, 0.03499104210509176, 0.0]","{""Controller Type"": ""MPC Controller"", ""weight_comfort"": 1000.0, ""weight_trajectory"": 1000.0, ""weight_goal"": 100.0, ""Q"": [[1000.0, 0.0, 0.0, 0.0], [0.0, 0.0, 0.0, 0.0], [0.0, 0.0, 1000.0, 0.0], [0.0, 0.0, 0.0, 0.0]], ""R"": [[1000.0, 0.0], [0.0, 1000.0]], ""P"": [[100.0, 0.0, 0.0, 0.0], [0.0, 10000.0, 0.0, 0.0], [0.0, 0.0, 100.0, 0.0], [0.0, 0.0, 0.0, 10000.0]]}","[-0.019535704689315675, -0.30267508810461774, 0.0]",False
3,P02,6800b3a4-1011-434f-a1f4-d5be725d3709,7,1,haply,mpc,seeded_random,1538163069,persist_session,10.0,1785314984.3999364,5071.461717523,0,1785314984.3967764,466,True,normal,fixed,-0.08,-0.08,0.0,0.08,-0.08,0.0,0.080879265,-0.06677487199999999,0.0,0.083898135,-0.21551578,0.094148904,0.014223884,0.004420751,-0.005851094,"[1.0000553457388572, 1.0223932120868073, 0.0, 0.0, 0.0, 0.0, -2.4330720416344342, 6.538367334156032]","[-0.000553848549576253, -0.0667843114918994, 0.0]","{""Controller Type"": ""MPC Controller"", ""weight_comfort"": 1000.0, ""weight_trajectory"": 1000.0, ""weight_goal"": 100.0, ""Q"": [[1000.0, 0.0, 0.0, 0.0], [0.0, 0.0, 0.0, 0.0], [0.0, 0.0, 1000.0, 0.0], [0.0, 0.0, 0.0, 0.0]], ""R"": [[1000.0, 0.0], [0.0, 1000.0]], ""P"": [[100.0, 0.0, 0.0, 0.0], [0.0, 10000.0, 0.0, 0.0], [0.0, 0.0, 100.0, 0.0], [0.0, 0.0, 0.0, 10000.0]]}","[-0.02172000005149954, -0.19742285581217042, 0.0]",False
3,P02,6800b3a4-1011-434f-a1f4-d5be725d3709,7,1,haply,mpc,seeded_random,1538163069,persist_session,10.0,1785314984.4099169,5071.471703407,0,1785314984.4066978,467,True,normal,fixed,-0.08,-0.08,0.0,0.08,-0.08,0.0,0.08114982000000003,-0.06693136,0.0,0.08398832,-0.21549444,0.09407066,0.012594387,0.003803119,-0.005870412,"[1.0000552038321413, 1.0223932777133355, 0.0, 0.0, 0.0, 0.0, -2.4425738096430285, 6.5337714363786805]","[-0.0005612198054644781, -0.06525433370258071, 0.0]","{""Controller Type"": ""MPC Controller"", ""weight_comfort"": 1000.0, ""weight_trajectory"": 1000.0, ""weight_goal"": 100.0, ""Q"": [[1000.0, 0.0, 0.0, 0.0], [0.0, 0.0, 0.0, 0.0], [0.0, 0.0, 1000.0, 0.0], [0.0, 0.0, 0.0, 0.0]], ""R"": [[1000.0, 0.0], [0.0, 1000.0]], ""P"": [[100.0, 0.0, 0.0, 0.0], [0.0, 10000.0, 0.0, 0.0], [0.0, 0.0, 100.0, 0.0], [0.0, 0.0, 0.0, 10000.0]]}","[-0.021762363672480096, -0.19580174166993353, 0.0]",False
3,P02,6800b3a4-1011-434f-a1f4-d5be725d3709,7,1,haply,mpc,seeded_random,1538163069,persist_session,10.0,1785314984.4198027,5071.481599604,0,1785314984.416745,468,True,normal,fixed,-0.08,-0.08,0.0,0.08,-0.08,0.0,0.08141712000000001,-0.06693749999999998,0.0,0.08407742,-0.21546103,0.09406759,0.010208994,0.0029032272,-0.0058560874,"[0.9716441946832737, 1.0552017847849908, 0.0, 0.0, 0.0, 0.0, -2.4412230719772143, 6.534556583284724]","[0.027658223179786678, -0.07116552945709642, 0.0]","{""Controller Type"": ""MPC Controller"", ""weight_comfort"": 1000.0, ""weight_trajectory"": 1000.0, ""weight_goal"": 100.0, ""Q"": [[1000.0, 0.0, 0.0, 0.0], [0.0, 0.0, 0.0, 0.0], [0.0, 0.0, 1000.0, 0.0], [0.0, 0.0, 0.0, 0.0]], ""R"": [[1000.0, 0.0], [0.0, 1000.0]], ""P"": [[100.0, 0.0, 0.0, 0.0], [0.0, 10000.0, 0.0, 0.0], [0.0, 0.0, 100.0, 0.0], [0.0, 0.0, 0.0, 10000.0]]}","[-0.20862712554841656, -0.1866553295157317, 0.0]",False
3,P02,6800b3a4-1011-434f-a1f4-d5be725d3709,7,1,haply,mpc,seeded_random,1538163069,persist_session,10.0,1785314984.4298015,5071.491601617,0,1785314984.4266515,469,True,normal,fixed,-0.08,-0.08,0.0,0.08,-0.08,0.0,0.08142018000000002,-0.0670878,0.0,0.08407844,-0.21547301,0.09399244,0.0085674,0.0022880693,-0.005825416,"[0.9726326532070245, 1.0540812916284574, 0.0, 0.0, 0.0, 0.0, -2.687820603626411, 6.614231593131523]","[0.026664899118478927, 0.031067595889003322, 0.0]","{""Controller Type"": ""MPC Controller"", ""weight_comfort"": 1000.0, ""weight_trajectory"": 1000.0, ""weight_goal"": 100.0, ""Q"": [[1000.0, 0.0, 0.0, 0.0], [0.0, 0.0, 0.0, 0.0], [0.0, 0.0, 1000.0, 0.0], [0.0, 0.0, 0.0, 0.0]], ""R"": [[1000.0, 0.0], [0.0, 1000.0]], ""P"": [[100.0, 0.0, 0.0, 0.0], [0.0, 10000.0, 0.0, 0.0], [0.0, 0.0, 100.0, 0.0], [0.0, 0.0, 0.0, 10000.0]]}","[-0.21014418903442444, -0.2882062689141957, 0.0]",False
3,P02,6800b3a4-1011-434f-a1f4-d5be725d3709,7,1,haply,mpc,seeded_random,1538163069,persist_session,10.0,1785314984.439854,5071.501645774,0,1785314984.436758,470,True,normal,fixed,-0.08,-0.08,0.0,0.08,-0.08,0.0,0.08168754000000002,-0.06709393999999999,0.0,0.08416756,-0.21543956,0.09398937,0.0074298247,0.0018787725,-0.0057089413,"[0.9765669800463173, 1.0524038200976022, 0.0, 0.0, 0.0, 0.0, -2.5476021097729036, 6.690239113230842]","[-0.001061826870234326, -0.06860789095517708, 0.0]","{""Controller Type"": ""MPC Controller"", ""weight_comfort"": 1000.0, ""weight_trajectory"": 1000.0, ""weight_goal"": 100.0, ""Q"": [[1000.0, 0.0, 0.0, 0.0], [0.0, 0.0, 0.0, 0.0], [0.0, 0.0, 1000.0, 0.0], [0.0, 0.0, 0.0, 0.0]], ""R"": [[1000.0, 0.0], [0.0, 1000.0]], ""P"": [[100.0, 0.0, 0.0, 0.0], [0.0, 10000.0, 0.0, 0.0], [0.0, 0.0, 100.0, 0.0], [0.0, 0.0, 0.0, 10000.0]]}","[-0.033851622024635916, -0.1871861322859156, 0.0]",False
3,P02,6800b3a4-1011-434f-a1f4-d5be725d3709,7,1,haply,mpc,seeded_random,1538163069,persist_session,10.0,1785314984.4498372,5071.511636008,0,1785314984.4466732,471,True,normal,fixed,-0.08,-0.08,0.0,0.08,-0.08,0.0,0.08169066,-0.06724442,0.0,0.0841686,-0.21545155,0.09391413,0.006669431,0.00161763,-0.0055586556,"[0.9485316510207481, 1.083648927055364, 0.0, 0.0, 0.0, 0.0, -2.781547296241975, 6.765956863057204]","[0.02706626733748997, 0.03178832168153422, 0.0]","{""Controller Type"": ""MPC Controller"", ""weight_comfort"": 1000.0, ""weight_trajectory"": 1000.0, ""weight_goal"": 100.0, ""Q"": [[1000.0, 0.0, 0.0, 0.0], [0.0, 0.0, 0.0, 0.0], [0.0, 0.0, 1000.0, 0.0], [0.0, 0.0, 0.0, 0.0]], ""R"": [[1000.0, 0.0], [0.0, 1000.0]], ""P"": [[100.0, 0.0, 0.0, 0.0], [0.0, 10000.0, 0.0, 0.0], [0.0, 0.0, 100.0, 0.0], [0.0, 0.0, 0.0, 10000.0]]}","[-0.2151871872867035, -0.2847296222888969, 0.0]",False
3,P02,6800b3a4-1011-434f-a1f4-d5be725d3709,7,1,haply,mpc,seeded_random,1538163069,persist_session,10.0,1785314984.4598303,5071.52162442,0,1785314984.456765,472,True,normal,fixed,-0.08,-0.08,0.0,0.08,-0.08,0.0,0.08195787000000003,-0.067250592,0.0,0.08425767,-0.21541812,0.093911044,0.0061433096,0.0014473222,-0.005398645,"[0.9531798355150629, 1.0817081176571766, 0.0, 0.0, 0.0, 0.0, -2.6436255323427273, 6.8436066325793705]","[-0.0012711206998845077, -0.07014328352273677, 0.0]","{""Controller Type"": ""MPC Controller"", ""weight_comfort"": 1000.0, ""weight_trajectory"": 1000.0, ""weight_goal"": 100.0, ""Q"": [[1000.0, 0.0, 0.0, 0.0], [0.0, 0.0, 0.0, 0.0], [0.0, 0.0, 1000.0, 0.0], [0.0, 0.0, 0.0, 0.0]], ""R"": [[1000.0, 0.0], [0.0, 1000.0]], ""P"": [[100.0, 0.0, 0.0, 0.0], [0.0, 10000.0, 0.0, 0.0], [0.0, 0.0, 100.0, 0.0], [0.0, 0.0, 0.0, 10000.0]]}","[-0.039943056934031836, -0.18364770976793549, 0.0]",False
3,P02,6800b3a4-1011-434f-a1f4-d5be725d3709,7,1,haply,mpc,seeded_random,1538163069,persist_session,10.0,1785314984.4698699,5071.531665354,0,1785314984.4666386,473,True,normal,fixed,-0.08,-0.08,0.0,0.08,-0.08,0.0,0.08195787000000003,-0.067250592,0.0,0.08425767,-0.21541812,0.093911044,0.0057519935,0.0013316666,-0.005212952,"[0.9241138373335784, 1.1135920430095558, 0.0, 0.0, 0.0, 0.0, -2.876571188420168, 6.919063264415836]","[0.027676373989286483, 0.03244297225268935, 0.0]","{""Controller Type"": ""MPC Controller"", ""weight_comfort"": 1000.0, ""weight_trajectory"": 1000.0, ""weight_goal"": 100.0, ""Q"": [[1000.0, 0.0, 0.0, 0.0], [0.0, 0.0, 0.0, 0.0], [0.0, 0.0, 1000.0, 0.0], [0.0, 0.0, 0.0, 0.0]], ""R"": [[1000.0, 0.0], [0.0, 1000.0]], ""P"": [[100.0, 0.0, 0.0, 0.0], [0.0, 10000.0, 0.0, 0.0], [0.0, 0.0, 100.0, 0.0], [0.0, 0.0, 0.0, 10000.0]]}","[-0.22139666758269694, -0.2811969208006559, 0.0]",False
3,P02,6800b3a4-1011-434f-a1f4-d5be725d3709,7,1,haply,mpc,seeded_random,1538163069,persist_session,10.0,1785314984.4798822,5071.54167039,0,1785314984.476628,474,True,normal,fixed,-0.08,-0.08,0.0,0.08,-0.08,0.0,0.08195787000000003,-0.067250592,0.0,0.08425767,-0.21541812,0.093911044,0.005478336,0.0012558949,-0.0050519546,"[0.9292939256847095, 1.1117189763689985, 0.0, 0.0, 0.0, 0.0, -2.880816823600644, 6.9205318158151945]","[-0.0018194366982803483, 0.03672870905734865, 0.0]","{""Controller Type"": ""MPC Controller"", ""weight_comfort"": 1000.0, ""weight_trajectory"": 1000.0, ""weight_goal"": 100.0, ""Q"": [[1000.0, 0.0, 0.0, 0.0], [0.0, 0.0, 0.0, 0.0], [0.0, 0.0, 1000.0, 0.0], [0.0, 0.0, 0.0, 0.0]], ""R"": [[1000.0, 0.0], [0.0, 1000.0]], ""P"": [[100.0, 0.0, 0.0, 0.0], [0.0, 10000.0, 0.0, 0.0], [0.0, 0.0, 100.0, 0.0], [0.0, 0.0, 0.0, 10000.0]]}","[-0.043812064159505074, -0.28529875895164875, 0.0]",False
3,P02,6800b3a4-1011-434f-a1f4-d5be725d3709,7,1,haply,mpc,seeded_random,1538163069,persist_session,10.0,1785314984.4898415,5071.551634361,0,1785314984.486793,475,True,normal,fixed,-0.08,-0.08,0.0,0.08,-0.08,0.0,0.08196397200000002,-0.06755130000000001,0.0,0.084259704,-0.21544193,0.09376069,0.0052814484,0.001217304,-0.0048432956,"[0.9292903911323428, 1.111720254426761, 0.0, 0.0, 0.0, 0.0, -2.8746275462419457, 6.918390964908378]","[-0.0018194297780863061, 0.03664979943507744, 0.0]","{""Controller Type"": ""MPC Controller"", ""weight_comfort"": 1000.0, ""weight_trajectory"": 1000.0, ""weight_goal"": 100.0, ""Q"": [[1000.0, 0.0, 0.0, 0.0], [0.0, 0.0, 0.0, 0.0], [0.0, 0.0, 1000.0, 0.0], [0.0, 0.0, 0.0, 0.0]], ""R"": [[1000.0, 0.0], [0.0, 1000.0]], ""P"": [[100.0, 0.0, 0.0, 0.0], [0.0, 10000.0, 0.0, 0.0], [0.0, 0.0, 100.0, 0.0], [0.0, 0.0, 0.0, 10000.0]]}","[-0.04381206415950504, -0.2852987589516487, 0.0]",False
3,P02,6800b3a4-1011-434f-a1f4-d5be725d3709,7,1,haply,mpc,seeded_random,1538163069,persist_session,10.0,1785314984.4999413,5071.561728492,0,1785314984.4966588,476,True,normal,fixed,-0.08,-0.08,0.0,0.08,-0.08,0.0,0.08196996,-0.067852152,0.0,0.0842617,-0.21546565,0.093610264,0.004105669,0.0007918471,-0.0047172294,"[0.9291594301862174, 1.111779152908557, 0.0, 0.0, 0.0, 0.0, -2.794352929532374, 7.375402797169799]","[-0.0011574459250327063, -0.1833986740116551, 0.0]","{""Controller Type"": ""MPC Controller"", ""weight_comfort"": 1000.0, ""weight_trajectory"": 1000.0, ""weight_goal"": 100.0, ""Q"": [[1000.0, 0.0, 0.0, 0.0], [0.0, 0.0, 0.0, 0.0], [0.0, 0.0, 1000.0, 0.0], [0.0, 0.0, 0.0, 0.0]], ""R"": [[1000.0, 0.0], [0.0, 1000.0]], ""P"": [[100.0, 0.0, 0.0, 0.0], [0.0, 10000.0, 0.0, 0.0], [0.0, 0.0, 100.0, 0.0], [0.0, 0.0, 0.0, 10000.0]]}","[-0.047974727163098405, -0.08016174379515575, 0.0]",False
3,P02,6800b3a4-1011-434f-a1f4-d5be725d3709,7,1,haply,mpc,seeded_random,1538163069,persist_session,10.0,1785314984.5098746,5071.571669477,0,1785314984.5068524,477,True,normal,fixed,-0.08,-0.08,0.0,0.08,-0.08,0.0,0.08197291200000002,-0.06800274,0.0,0.084262684,-0.21547748,0.09353497,0.0029824865,0.00031120947,-0.0050598406,"[0.929155415139542, 1.1117809611885434, 0.0, 0.0, 0.0, 0.0, -2.7964302075013845, 7.358168345979734]","[-0.0011556061976524285, -0.19041347108858575, 0.0]","{""Controller Type"": ""MPC Controller"", ""weight_comfort"": 1000.0, ""weight_trajectory"": 1000.0, ""weight_goal"": 100.0, ""Q"": [[1000.0, 0.0, 0.0, 0.0], [0.0, 0.0, 0.0, 0.0], [0.0, 0.0, 1000.0, 0.0], [0.0, 0.0, 0.0, 0.0]], ""R"": [[1000.0, 0.0], [0.0, 1000.0]], ""P"": [[100.0, 0.0, 0.0, 0.0], [0.0, 10000.0, 0.0, 0.0], [0.0, 0.0, 100.0, 0.0], [0.0, 0.0, 0.0, 10000.0]]}","[-0.048153331063516304, -0.0673141139579938, 0.0]",False
3,P02,6800b3a4-1011-434f-a1f4-d5be725d3709,7,1,haply,mpc,seeded_random,1538163069,persist_session,10.0,1785314984.5198836,5071.58167827,0,1785314984.5167248,478,True,normal,fixed,-0.08,-0.08,0.0,0.08,-0.08,0.0,0.08197872,-0.06830368,0.0,0.08426462,-0.215501,0.0933845,0.0021432624,-7.495147e-05,-0.0054913466,"[0.9292174038944181, 1.111755779401423, 0.0, 0.0, 0.0, 0.0, -2.9453813210086235, 7.266588389824888]","[-0.001511306521198939, -0.07201148517335013, 0.0]","{""Controller Type"": ""MPC Controller"", ""weight_comfort"": 1000.0, ""weight_trajectory"": 1000.0, ""weight_goal"": 100.0, ""Q"": [[1000.0, 0.0, 0.0, 0.0], [0.0, 0.0, 0.0, 0.0], [0.0, 0.0, 1000.0, 0.0], [0.0, 0.0, 0.0, 0.0]], ""R"": [[1000.0, 0.0], [0.0, 1000.0]], ""P"": [[100.0, 0.0, 0.0, 0.0], [0.0, 10000.0, 0.0, 0.0], [0.0, 0.0, 100.0, 0.0], [0.0, 0.0, 0.0, 10000.0]]}","[-0.04609093605107336, -0.16938813317225218, 0.0]",False
3,P02,6800b3a4-1011-434f-a1f4-d5be725d3709,7,1,haply,mpc,seeded_random,1538163069,persist_session,10.0,1785314984.529853,5071.591652025,0,1785314984.5267432,479,True,normal,fixed,-0.08,-0.08,0.0,0.08,-0.08,0.0,0.08198727,-0.06875528,0.0,0.08426747,-0.215536,0.0931587,0.0015730875,-0.00037621905,-0.0060406225,"[0.929147653135468, 1.1117869977172337, 0.0, 0.0, 0.0, 0.0, -2.924437088388532, 7.515866618829809]","[-0.001184453618960192, -0.19489988147832185, 0.0]","{""Controller Type"": ""MPC Controller"", ""weight_comfort"": 1000.0, ""weight_trajectory"": 1000.0, ""weight_goal"": 100.0, ""Q"": [[1000.0, 0.0, 0.0, 0.0], [0.0, 0.0, 0.0, 0.0], [0.0, 0.0, 1000.0, 0.0], [0.0, 0.0, 0.0, 0.0]], ""R"": [[1000.0, 0.0], [0.0, 1000.0]], ""P"": [[100.0, 0.0, 0.0, 0.0], [0.0, 10000.0, 0.0, 0.0], [0.0, 0.0, 100.0, 0.0], [0.0, 0.0, 0.0, 10000.0]]}","[-0.04822432087154831, -0.05728860081157267, 0.0]",False
3,P02,6800b3a4-1011-434f-a1f4-d5be725d3709,7,1,haply,mpc,seeded_random,1538163069,persist_session,10.0,1785314984.5398428,5071.601644591,0,1785314984.5368195,480,True,normal,fixed,-0.08,-0.08,0.0,0.08,-0.08,0.0,0.08199005999999999,-0.06890598,0.0,0.0842684,-0.2155476,0.09308335,0.0011816219,-0.0007985172,-0.0077881464,"[0.9290837412756903, 1.1118177166742769, 0.0, 0.0, 0.0, 0.0, -2.9923937047586717, 7.848106048808909]","[-0.0008974771386358708, -0.32012271561436995, 0.0]","{""Controller Type"": ""MPC Controller"", ""weight_comfort"": 1000.0, ""weight_trajectory"": 1000.0, ""weight_goal"": 100.0, ""Q"": [[1000.0, 0.0, 0.0, 0.0], [0.0, 0.0, 0.0, 0.0], [0.0, 0.0, 1000.0, 0.0], [0.0, 0.0, 0.0, 0.0]], ""R"": [[1000.0, 0.0], [0.0, 1000.0]], ""P"": [[100.0, 0.0, 0.0, 0.0], [0.0, 10000.0, 0.0, 0.0], [0.0, 0.0, 100.0, 0.0], [0.0, 0.0, 0.0, 10000.0]]}","[-0.050193838730817904, 0.05070017103117016, 0.0]",False
3,P02,6800b3a4-1011-434f-a1f4-d5be725d3709,7,1,haply,mpc,seeded_random,1538163069,persist_session,10.0,1785314984.5498188,5071.611615569,0,1785314984.5467174,481,True,normal,fixed,-0.08,-0.08,0.0,0.08,-0.08,0.0,0.08199558,-0.06920711999999998,0.0,0.08427024,-0.21557075,0.09293278,0.00089346705,-0.0011701137,-0.009475102,"[0.9292027345778544, 1.1117696414983549, 0.0, 0.0, 0.0, 0.0, -3.2393711384366664, 7.6591941235432595]","[-0.0015413337683353695, -0.07861256769745888, 0.0]","{""Controller Type"": ""MPC Controller"", ""weight_comfort"": 1000.0, ""weight_trajectory"": 1000.0, ""weight_goal"": 100.0, ""Q"": [[1000.0, 0.0, 0.0, 0.0], [0.0, 0.0, 0.0, 0.0], [0.0, 0.0, 1000.0, 0.0], [0.0, 0.0, 0.0, 0.0]], ""R"": [[1000.0, 0.0], [0.0, 1000.0]], ""P"": [[100.0, 0.0, 0.0, 0.0], [0.0, 10000.0, 0.0, 0.0], [0.0, 0.0, 100.0, 0.0], [0.0, 0.0, 0.0, 10000.0]]}","[-0.04638944577857098, -0.14794798801927056, 0.0]",False
3,P02,6800b3a4-1011-434f-a1f4-d5be725d3709,7,1,haply,mpc,seeded_random,1538163069,persist_session,10.0,1785314984.559827,5071.621619341,0,1785314984.556817,482,True,normal,fixed,-0.08,-0.08,0.0,0.08,-0.08,0.0,0.08172820500000001,-0.06920093999999999,0.0,0.084181115,-0.21560423,0.09293587,0.00068311417,-0.0014214374,-0.010591542,"[0.9291358899522657, 1.1117992456834975, 0.0, 0.0, 0.0, 0.0, -3.2348510643548423, 7.905491128930915]","[-0.0012341241318970107, -0.20560717724346425, 0.0]","{""Controller Type"": ""MPC Controller"", ""weight_comfort"": 1000.0, ""weight_trajectory"": 1000.0, ""weight_goal"": 100.0, ""Q"": [[1000.0, 0.0, 0.0, 0.0], [0.0, 0.0, 0.0, 0.0], [0.0, 0.0, 1000.0, 0.0], [0.0, 0.0, 0.0, 0.0]], ""R"": [[1000.0, 0.0], [0.0, 1000.0]], ""P"": [[100.0, 0.0, 0.0, 0.0], [0.0, 10000.0, 0.0, 0.0], [0.0, 0.0, 100.0, 0.0], [0.0, 0.0, 0.0, 10000.0]]}","[-0.04839628484029172, -0.03746336309047911, 0.0]",False
3,P02,6800b3a4-1011-434f-a1f4-d5be725d3709,7,1,haply,mpc,seeded_random,1538163069,persist_session,10.0,1785314984.569823,5071.631617311,0,1785314984.566658,483,True,normal,fixed,-0.08,-0.08,0.0,0.08,-0.08,0.0,0.08173092,-0.06935143999999999,0.0,0.08418202,-0.2156157,0.09286062,0.0005326804,-0.0015298529,-0.010947053,"[0.9077100218167293, 1.1427063724225013, 0.0, 0.0, 0.0, 0.0, -3.6929245514025735, 8.075458339590886]","[-0.031820364609134025, 0.04482150636507652, 0.0]","{""Controller Type"": ""MPC Controller"", ""weight_comfort"": 1000.0, ""weight_trajectory"": 1000.0, ""weight_goal"": 100.0, ""Q"": [[1000.0, 0.0, 0.0, 0.0], [0.0, 0.0, 0.0, 0.0], [0.0, 0.0, 1000.0, 0.0], [0.0, 0.0, 0.0, 0.0]], ""R"": [[1000.0, 0.0], [0.0, 1000.0]], ""P"": [[100.0, 0.0, 0.0, 0.0], [0.0, 10000.0, 0.0, 0.0], [0.0, 0.0, 100.0, 0.0], [0.0, 0.0, 0.0, 10000.0]]}","[0.13888307759369592, -0.24575897300175492, 0.0]",False
3,P02,6800b3a4-1011-434f-a1f4-d5be725d3709,7,1,haply,mpc,seeded_random,1538163069,persist_session,10.0,1785314984.5798278,5071.641624938,0,1785314984.5767214,484,True,normal,fixed,-0.08,-0.08,0.0,0.08,-0.08,0.0,0.08173359000000001,-0.06950202,0.0,0.08418291,-0.21562722,0.09278533,0.0004202818,-0.0015590088,-0.010889538,"[0.9025428918212313, 1.1448237519986948, 0.0, 0.0, 0.0, 0.0, -3.580238702949696, 8.177405343438302]","[-0.0012463868987219965, -0.08693443333046032, 0.0]","{""Controller Type"": ""MPC Controller"", ""weight_comfort"": 1000.0, ""weight_trajectory"": 1000.0, ""weight_goal"": 100.0, ""Q"": [[1000.0, 0.0, 0.0, 0.0], [0.0, 0.0, 0.0, 0.0], [0.0, 0.0, 1000.0, 0.0], [0.0, 0.0, 0.0, 0.0]], ""R"": [[1000.0, 0.0], [0.0, 1000.0]], ""P"": [[100.0, 0.0, 0.0, 0.0], [0.0, 10000.0, 0.0, 0.0], [0.0, 0.0, 100.0, 0.0], [0.0, 0.0, 0.0, 10000.0]]}","[-0.0405838548940917, -0.1357174788591439, 0.0]",False
3,P02,6800b3a4-1011-434f-a1f4-d5be725d3709,7,1,haply,mpc,seeded_random,1538163069,persist_session,10.0,1785314984.589959,5071.651745927,0,1785314984.5867786,485,True,normal,fixed,-0.08,-0.08,0.0,0.08,-0.08,0.0,0.08173359000000001,-0.06950202,0.0,0.08418291,-0.21562722,0.09278533,0.00033394064,-0.0015551746,-0.010679641,"[0.9025424899804314, 1.144823915933217, 0.0, 0.0, 0.0, 0.0, -3.588856614138377, 8.169769993984524]","[-0.001260896671527608, -0.08456949691277368, 0.0]","{""Controller Type"": ""MPC Controller"", ""weight_comfort"": 1000.0, ""weight_trajectory"": 1000.0, ""weight_goal"": 100.0, ""Q"": [[1000.0, 0.0, 0.0, 0.0], [0.0, 0.0, 0.0, 0.0], [0.0, 0.0, 1000.0, 0.0], [0.0, 0.0, 0.0, 0.0]], ""R"": [[1000.0, 0.0], [0.0, 1000.0]], ""P"": [[100.0, 0.0, 0.0, 0.0], [0.0, 10000.0, 0.0, 0.0], [0.0, 0.0, 100.0, 0.0], [0.0, 0.0, 0.0, 10000.0]]}","[-0.04057271125072606, -0.13456180247020327, 0.0]",False
3,P02,6800b3a4-1011-434f-a1f4-d5be725d3709,7,1,haply,mpc,seeded_random,1538163069,persist_session,10.0,1785314984.5997987,5071.661601471,0,1785314984.5970037,486,True,normal,fixed,-0.08,-0.08,0.0,0.08,-0.08,0.0,0.08173626000000002,-0.069652628,0.0,0.0841838,-0.21563865,0.092710026,0.00026733486,-0.0014788978,-0.010050462,"[0.9025875918754238, 1.1448076107857916, 0.0, 0.0, 0.0, 0.0, -3.8003167202451076, 8.243296875546587]","[-0.0015647168233993223, 0.03989564892279875, 0.0]","{""Controller Type"": ""MPC Controller"", ""weight_comfort"": 1000.0, ""weight_trajectory"": 1000.0, ""weight_goal"": 100.0, ""Q"": [[1000.0, 0.0, 0.0, 0.0], [0.0, 0.0, 0.0, 0.0], [0.0, 0.0, 1000.0, 0.0], [0.0, 0.0, 0.0, 0.0]], ""R"": [[1000.0, 0.0], [0.0, 1000.0]], ""P"": [[100.0, 0.0, 0.0, 0.0], [0.0, 10000.0, 0.0, 0.0], [0.0, 0.0, 100.0, 0.0], [0.0, 0.0, 0.0, 10000.0]]}","[-0.038793258136631606, -0.23491762640996192, 0.0]",False
3,P02,6800b3a4-1011-434f-a1f4-d5be725d3709,7,1,haply,mpc,seeded_random,1538163069,persist_session,10.0,1785314984.6098688,5071.671664012,0,1785314984.6067028,487,True,normal,fixed,-0.08,-0.08,0.0,0.08,-0.08,0.0,0.081471318,-0.06979711999999999,0.0,0.084095486,-0.21568352,0.09263778,-2.4612742e-05,-0.0014100544,-0.008920347,"[0.9025358878074491, 1.1448286644773378, 0.0, 0.0, 0.0, 0.0, -3.7013832766801413, 8.330823436709405]","[-0.0012680956095066078, -0.08440765609001047, 0.0]","{""Controller Type"": ""MPC Controller"", ""weight_comfort"": 1000.0, ""weight_trajectory"": 1000.0, ""weight_goal"": 100.0, ""Q"": [[1000.0, 0.0, 0.0, 0.0], [0.0, 0.0, 0.0, 0.0], [0.0, 0.0, 1000.0, 0.0], [0.0, 0.0, 0.0, 0.0]], ""R"": [[1000.0, 0.0], [0.0, 1000.0]], ""P"": [[100.0, 0.0, 0.0, 0.0], [0.0, 10000.0, 0.0, 0.0], [0.0, 0.0, 100.0, 0.0], [0.0, 0.0, 0.0, 10000.0]]}","[-0.04060432759138376, -0.1327597430990772, 0.0]",False
3,P02,6800b3a4-1011-434f-a1f4-d5be725d3709,7,1,haply,mpc,seeded_random,1538163069,persist_session,10.0,1785314984.6198113,5071.68161229,0,1785314984.6166692,488,True,normal,fixed,-0.08,-0.08,0.0,0.08,-0.08,0.0,0.081471318,-0.06979711999999999,0.0,0.084095486,-0.21568352,0.09263778,-0.00032230688,-0.0014015189,-0.0081596235,"[0.8775314274354481, 1.1798952395806346, 0.0, 0.0, 0.0, 0.0, -3.706229485664805, 8.326223165502]","[-0.03352129390412344, -0.08622532160727724, 0.0]","{""Controller Type"": ""MPC Controller"", ""weight_comfort"": 1000.0, ""weight_trajectory"": 1000.0, ""weight_goal"": 100.0, ""Q"": [[1000.0, 0.0, 0.0, 0.0], [0.0, 0.0, 0.0, 0.0], [0.0, 0.0, 1000.0, 0.0], [0.0, 0.0, 0.0, 0.0]], ""R"": [[1000.0, 0.0], [0.0, 1000.0]], ""P"": [[100.0, 0.0, 0.0, 0.0], [0.0, 10000.0, 0.0, 0.0], [0.0, 0.0, 100.0, 0.0], [0.0, 0.0, 0.0, 10000.0]]}","[0.15028164681063622, -0.1283986285064311, 0.0]",False
3,P02,6800b3a4-1011-434f-a1f4-d5be725d3709,7,1,haply,mpc,seeded_random,1538163069,persist_session,10.0,1785314984.6298223,5071.691614353,0,1785314984.6267452,489,True,normal,fixed,-0.08,-0.08,0.0,0.08,-0.08,0.0,0.08147391000000001,-0.06994785,0.0,0.08409635,-0.21569486,0.092562415,-0.00054637133,-0.0013914743,-0.007568372,"[0.8732380215442165, 1.1814470483094852, 0.0, 0.0, 0.0, 0.0, -3.9153819813068567, 8.399141430180588]","[-0.0012848108193823928, 0.03994817250943614, 0.0]","{""Controller Type"": ""MPC Controller"", ""weight_comfort"": 1000.0, ""weight_trajectory"": 1000.0, ""weight_goal"": 100.0, ""Q"": [[1000.0, 0.0, 0.0, 0.0], [0.0, 0.0, 0.0, 0.0], [0.0, 0.0, 1000.0, 0.0], [0.0, 0.0, 0.0, 0.0]], ""R"": [[1000.0, 0.0], [0.0, 1000.0]], ""P"": [[100.0, 0.0, 0.0, 0.0], [0.0, 10000.0, 0.0, 0.0], [0.0, 0.0, 100.0, 0.0], [0.0, 0.0, 0.0, 10000.0]]}","[-0.032924289466973164, -0.22831405205046584, 0.0]",False
3,P02,6800b3a4-1011-434f-a1f4-d5be725d3709,7,1,haply,mpc,seeded_random,1538163069,persist_session,10.0,1785314984.6399548,5071.701747477,0,1785314984.6366558,490,True,normal,fixed,-0.08,-0.08,0.0,0.08,-0.08,0.0,0.08147646,-0.07009863999999999,0.0,0.0840972,-0.21570623,0.09248702,-0.0007071689,-0.0013819427,-0.007132777,"[0.8731935903631121, 1.18146544306847, 0.0, 0.0, 0.0, 0.0, -3.8199046111529067, 8.494908312878538]","[-0.0009830841467734334, -0.08867912634263678, 0.0]","{""Controller Type"": ""MPC Controller"", ""weight_comfort"": 1000.0, ""weight_trajectory"": 1000.0, ""weight_goal"": 100.0, ""Q"": [[1000.0, 0.0, 0.0, 0.0], [0.0, 0.0, 0.0, 0.0], [0.0, 0.0, 1000.0, 0.0], [0.0, 0.0, 0.0, 0.0]], ""R"": [[1000.0, 0.0], [0.0, 1000.0]], ""P"": [[100.0, 0.0, 0.0, 0.0], [0.0, 10000.0, 0.0, 0.0], [0.0, 0.0, 100.0, 0.0], [0.0, 0.0, 0.0, 10000.0]]}","[-0.03470759442276087, -0.12461129125389639, 0.0]",False
3,P02,6800b3a4-1011-434f-a1f4-d5be725d3709,7,1,haply,mpc,seeded_random,1538163069,persist_session,10.0,1785314984.6498628,5071.71165916,0,1785314984.6469388,491,True,normal,fixed,-0.08,-0.08,0.0,0.08,-0.08,0.0,0.08147646,-0.07009863999999999,0.0,0.0840972,-0.21570623,0.09248702,-0.0005970813,-0.0012867475,-0.006806572,"[0.8731919185849474, 1.181466135069519, 0.0, 0.0, 0.0, 0.0, -3.8241761244281545, 8.490217818426816]","[-0.000985240884993967, -0.09131452404146234, 0.0]","{""Controller Type"": ""MPC Controller"", ""weight_comfort"": 1000.0, ""weight_trajectory"": 1000.0, ""weight_goal"": 100.0, ""Q"": [[1000.0, 0.0, 0.0, 0.0], [0.0, 0.0, 0.0, 0.0], [0.0, 0.0, 1000.0, 0.0], [0.0, 0.0, 0.0, 0.0]], ""R"": [[1000.0, 0.0], [0.0, 1000.0]], ""P"": [[100.0, 0.0, 0.0, 0.0], [0.0, 10000.0, 0.0, 0.0], [0.0, 0.0, 100.0, 0.0], [0.0, 0.0, 0.0, 10000.0]]}","[-0.034765038636653284, -0.11952133700225041, 0.0]",False
3,P02,6800b3a4-1011-434f-a1f4-d5be725d3709,7,1,haply,mpc,seeded_random,1538163069,persist_session,10.0,1785314984.659934,5071.721728687,0,1785314984.6568165,492,True,normal,fixed,-0.08,-0.08,0.0,0.08,-0.08,0.0,0.08147646,-0.07009863999999999,0.0,0.0840972,-0.21570623,0.09248702,-0.00040801312,-0.0011774992,-0.006578398,"[0.8732297720622639, 1.1814524533182507, 0.0, 0.0, 0.0, 0.0, -4.027661705764193, 8.561339269051917]","[-0.0012892888292590492, 0.0398793285069854, 0.0]","{""Controller Type"": ""MPC Controller"", ""weight_comfort"": 1000.0, ""weight_trajectory"": 1000.0, ""weight_goal"": 100.0, ""Q"": [[1000.0, 0.0, 0.0, 0.0], [0.0, 0.0, 0.0, 0.0], [0.0, 0.0, 1000.0, 0.0], [0.0, 0.0, 0.0, 0.0]], ""R"": [[1000.0, 0.0], [0.0, 1000.0]], ""P"": [[100.0, 0.0, 0.0, 0.0], [0.0, 10000.0, 0.0, 0.0], [0.0, 0.0, 100.0, 0.0], [0.0, 0.0, 0.0, 10000.0]]}","[-0.03303935412084171, -0.2215668147042263, 0.0]",False
3,P02,6800b3a4-1011-434f-a1f4-d5be725d3709,7,1,haply,mpc,seeded_random,1538163069,persist_session,10.0,1785314984.6698647,5071.731657077,0,1785314984.6669474,493,True,normal,fixed,-0.08,-0.08,0.0,0.08,-0.08,0.0,0.08147646,-0.07009863999999999,0.0,0.0840972,-0.21570623,0.09248702,-0.00027477022,-0.0011005078,-0.006417596,"[0.8732277053302496, 1.1814532003173472, 0.0, 0.0, 0.0, 0.0, -4.0220129394571424, 8.559364935286537]","[-0.0012892857778118993, 0.03982339803822342, 0.0]","{""Controller Type"": ""MPC Controller"", ""weight_comfort"": 1000.0, ""weight_trajectory"": 1000.0, ""weight_goal"": 100.0, ""Q"": [[1000.0, 0.0, 0.0, 0.0], [0.0, 0.0, 0.0, 0.0], [0.0, 0.0, 1000.0, 0.0], [0.0, 0.0, 0.0, 0.0]], ""R"": [[1000.0, 0.0], [0.0, 1000.0]], ""P"": [[100.0, 0.0, 0.0, 0.0], [0.0, 10000.0, 0.0, 0.0], [0.0, 0.0, 100.0, 0.0], [0.0, 0.0, 0.0, 10000.0]]}","[-0.03303935412084166, -0.22156681470422634, 0.0]",False
3,P02,6800b3a4-1011-434f-a1f4-d5be725d3709,7,1,haply,mpc,seeded_random,1538163069,persist_session,10.0,1785314984.6798785,5071.741675785,0,1785314984.6767569,494,True,normal,fixed,-0.08,-0.08,0.0,0.08,-0.08,0.0,0.08147646,-0.07009863999999999,0.0,0.0840972,-0.21570623,0.09248702,-0.00018049541,-0.0010068443,-0.006050563,"[0.873225628222504, 1.1814539510666455, 0.0, 0.0, 0.0, 0.0, -4.016351729259055, 8.557386252183106]","[-0.0012892827110453974, 0.03976734435801649, 0.0]","{""Controller Type"": ""MPC Controller"", ""weight_comfort"": 1000.0, ""weight_trajectory"": 1000.0, ""weight_goal"": 100.0, ""Q"": [[1000.0, 0.0, 0.0, 0.0], [0.0, 0.0, 0.0, 0.0], [0.0, 0.0, 1000.0, 0.0], [0.0, 0.0, 0.0, 0.0]], ""R"": [[1000.0, 0.0], [0.0, 1000.0]], ""P"": [[100.0, 0.0, 0.0, 0.0], [0.0, 10000.0, 0.0, 0.0], [0.0, 0.0, 100.0, 0.0], [0.0, 0.0, 0.0, 10000.0]]}","[-0.03303935412084164, -0.2215668147042264, 0.0]",False
3,P02,6800b3a4-1011-434f-a1f4-d5be725d3709,7,1,haply,mpc,seeded_random,1538163069,persist_session,10.0,1785314984.68984,5071.751635226,0,1785314984.686987,495,True,normal,fixed,-0.08,-0.08,0.0,0.08,-0.08,0.0,0.08147646,-0.07009863999999999,0.0,0.0840972,-0.21570623,0.09248702,-0.00012953307,-0.0007225649,-0.0043422044,"[0.8732235406869872, 1.181454705584955, 0.0, 0.0, 0.0, 0.0, -4.010678105360157, 8.555403230293587]","[-0.001289279628882708, 0.039711167765288886, 0.0]","{""Controller Type"": ""MPC Controller"", ""weight_comfort"": 1000.0, ""weight_trajectory"": 1000.0, ""weight_goal"": 100.0, ""Q"": [[1000.0, 0.0, 0.0, 0.0], [0.0, 0.0, 0.0, 0.0], [0.0, 0.0, 1000.0, 0.0], [0.0, 0.0, 0.0, 0.0]], ""R"": [[1000.0, 0.0], [0.0, 1000.0]], ""P"": [[100.0, 0.0, 0.0, 0.0], [0.0, 10000.0, 0.0, 0.0], [0.0, 0.0, 100.0, 0.0], [0.0, 0.0, 0.0, 10000.0]]}","[-0.03303935412084163, -0.22156681470422637, 0.0]",False
3,P02,6800b3a4-1011-434f-a1f4-d5be725d3709,7,1,haply,mpc,seeded_random,1538163069,persist_session,10.0,1785314984.6998622,5071.761658305,0,1785314984.6966784,496,True,normal,fixed,-0.08,-0.08,0.0,0.08,-0.08,0.0,0.08120898000000003,-0.07009246,0.0,0.08400804,-0.21573967,0.09249011,-0.00013035098,-0.00053416856,-0.0031252988,"[0.8732214426713983, 1.1814554638911787, 0.0, 0.0, 0.0, 0.0, -4.004992098395799, 8.553415880325524]","[-0.0012892765312466118, 0.039654868563372275, 0.0]","{""Controller Type"": ""MPC Controller"", ""weight_comfort"": 1000.0, ""weight_trajectory"": 1000.0, ""weight_goal"": 100.0, ""Q"": [[1000.0, 0.0, 0.0, 0.0], [0.0, 0.0, 0.0, 0.0], [0.0, 0.0, 1000.0, 0.0], [0.0, 0.0, 0.0, 0.0]], ""R"": [[1000.0, 0.0], [0.0, 1000.0]], ""P"": [[100.0, 0.0, 0.0, 0.0], [0.0, 10000.0, 0.0, 0.0], [0.0, 0.0, 100.0, 0.0], [0.0, 0.0, 0.0, 10000.0]]}","[-0.033039354120841635, -0.22156681470422637, 0.0]",False
3,P02,6800b3a4-1011-434f-a1f4-d5be725d3709,7,1,haply,mpc,seeded_random,1538163069,persist_session,10.0,1785314984.7099178,5071.771709515,0,1785314984.7068713,497,True,normal,fixed,-0.08,-0.08,0.0,0.08,-0.08,0.0,0.08094135000000001,-0.07008632000000001,0.0,0.08391883,-0.21577303,0.09249318,-0.00045791062,-0.0005203193,-0.0022342307,"[0.8459040122906102, 1.2188658556316758, 0.0, 0.0, 0.0, 0.0, -4.008029896199531, 8.554561615615865]","[-0.03466277996255513, 0.0451647355779423, 0.0]","{""Controller Type"": ""MPC Controller"", ""weight_comfort"": 1000.0, ""weight_trajectory"": 1000.0, ""weight_goal"": 100.0, ""Q"": [[1000.0, 0.0, 0.0, 0.0], [0.0, 0.0, 0.0, 0.0], [0.0, 0.0, 1000.0, 0.0], [0.0, 0.0, 0.0, 0.0]], ""R"": [[1000.0, 0.0], [0.0, 1000.0]], ""P"": [[100.0, 0.0, 0.0, 0.0], [0.0, 10000.0, 0.0, 0.0], [0.0, 0.0, 100.0, 0.0], [0.0, 0.0, 0.0, 10000.0]]}","[0.15805271173214977, -0.2259819072979519, 0.0]",False
3,P02,6800b3a4-1011-434f-a1f4-d5be725d3709,7,1,haply,mpc,seeded_random,1538163069,persist_session,10.0,1785314984.7198648,5071.7816617,0,1785314984.7168093,498,True,normal,fixed,-0.08,-0.08,0.0,0.08,-0.08,0.0,0.08094135000000001,-0.07008632000000001,0.0,0.08391883,-0.21577303,0.09249318,-0.0007402495,-0.00052709784,-0.0015872094,"[0.8474689838538858, 1.2167612192078325, 0.0, 0.0, 0.0, 0.0, -4.000901162572686, 8.551883752472094]","[-0.03274576094413613, 0.04481515293484291, 0.0]","{""Controller Type"": ""MPC Controller"", ""weight_comfort"": 1000.0, ""weight_trajectory"": 1000.0, ""weight_goal"": 100.0, ""Q"": [[1000.0, 0.0, 0.0, 0.0], [0.0, 0.0, 0.0, 0.0], [0.0, 0.0, 1000.0, 0.0], [0.0, 0.0, 0.0, 0.0]], ""R"": [[1000.0, 0.0], [0.0, 1000.0]], ""P"": [[100.0, 0.0, 0.0, 0.0], [0.0, 10000.0, 0.0, 0.0], [0.0, 0.0, 100.0, 0.0], [0.0, 0.0, 0.0, 10000.0]]}","[0.15503476057302185, -0.2258826060149449, 0.0]",False
3,P02,6800b3a4-1011-434f-a1f4-d5be725d3709,7,1,haply,mpc,seeded_random,1538163069,persist_session,10.0,1785314984.7300587,5071.79184132,0,1785314984.7269535,499,True,normal,fixed,-0.08,-0.08,0.0,0.08,-0.08,0.0,0.08067376200000001,-0.07008017999999999,0.0,0.083829634,-0.21580641,0.09249625,-0.0011128063,-0.0005962705,-0.001123417,"[0.844685944092185, 1.2177666591446938, 0.0, 0.0, 0.0, 0.0, -3.9863717091709883, 8.546806644648239]","[-0.0007951451134711846, 0.03951961348577422, 0.0]","{""Controller Type"": ""MPC Controller"", ""weight_comfort"": 1000.0, ""weight_trajectory"": 1000.0, ""weight_goal"": 100.0, ""Q"": [[1000.0, 0.0, 0.0, 0.0], [0.0, 0.0, 0.0, 0.0], [0.0, 0.0, 1000.0, 0.0], [0.0, 0.0, 0.0, 0.0]], ""R"": [[1000.0, 0.0], [0.0, 1000.0]], ""P"": [[100.0, 0.0, 0.0, 0.0], [0.0, 10000.0, 0.0, 0.0], [0.0, 0.0, 100.0, 0.0], [0.0, 0.0, 0.0, 10000.0]]}","[-0.02106497704352971, -0.22184250442333467, 0.0]",False
3,P02,6800b3a4-1011-434f-a1f4-d5be725d3709,7,1,haply,mpc,seeded_random,1538163069,persist_session,10.0,1785314984.7398818,5071.801676236,0,1785314984.7369366,500,True,normal,fixed,-0.08,-0.08,0.0,0.08,-0.08,0.0,0.08067376200000001,-0.07008017999999999,0.0,0.083829634,-0.21580641,0.09249625,-0.0014221314,-0.0006608079,-0.0007841328,"[0.8191294546440062, 1.2513641778739628, 0.0, 0.0, 0.0, 0.0, -3.9885930528171767, 8.547641400100972]","[-0.03356080241326094, 0.044739755766197445, 0.0]","{""Controller Type"": ""MPC Controller"", ""weight_comfort"": 1000.0, ""weight_trajectory"": 1000.0, ""weight_goal"": 100.0, ""Q"": [[1000.0, 0.0, 0.0, 0.0], [0.0, 0.0, 0.0, 0.0], [0.0, 0.0, 1000.0, 0.0], [0.0, 0.0, 0.0, 0.0]], ""R"": [[1000.0, 0.0], [0.0, 1000.0]], ""P"": [[100.0, 0.0, 0.0, 0.0], [0.0, 10000.0, 0.0, 0.0], [0.0, 0.0, 100.0, 0.0], [0.0, 0.0, 0.0, 10000.0]]}","[0.16183924433944624, -0.2260393739365174, 0.0]",False
3,P02,6800b3a4-1011-434f-a1f4-d5be725d3709,7,1,haply,mpc,seeded_random,1538163069,persist_session,10.0,1785314984.749923,5071.811722662,0,1785314984.7470493,501,True,normal,fixed,-0.08,-0.08,0.0,0.08,-0.08,0.0,0.08067376200000001,-0.07008017999999999,0.0,0.083829634,-0.21580641,0.09249625,-0.0016458117,-0.0007074766,-0.00053878844,"[0.8171176115613352, 1.2520908354110936, 0.0, 0.0, 0.0, 0.0, -3.9739634097095236, 8.542529863705072]","[-0.0005505427962007951, 0.03942100171090476, 0.0]","{""Controller Type"": ""MPC Controller"", ""weight_comfort"": 1000.0, ""weight_trajectory"": 1000.0, ""weight_goal"": 100.0, ""Q"": [[1000.0, 0.0, 0.0, 0.0], [0.0, 0.0, 0.0, 0.0], [0.0, 0.0, 1000.0, 0.0], [0.0, 0.0, 0.0, 0.0]], ""R"": [[1000.0, 0.0], [0.0, 1000.0]], ""P"": [[100.0, 0.0, 0.0, 0.0], [0.0, 10000.0, 0.0, 0.0], [0.0, 0.0, 100.0, 0.0], [0.0, 0.0, 0.0, 10000.0]]}","[-0.01507705005026891, -0.22197990173464419, 0.0]",False
3,P02,6800b3a4-1011-434f-a1f4-d5be725d3709,7,1,haply,mpc,seeded_random,1538163069,persist_session,10.0,1785314984.7598844,5071.821679372,0,1785314984.7565742,502,True,normal,fixed,-0.08,-0.08,0.0,0.08,-0.08,0.0,0.08040609000000001,-0.07007404,0.0,0.08374041,-0.21583973,0.09249932,-0.0018194627,-0.00074627524,-0.00036628664,"[0.8171171903620792, 1.2520909875440391, 0.0, 0.0, 0.0, 0.0, -3.968187013088884, 8.54051161477403]","[-0.000550542512412742, 0.03936370089617941, 0.0]","{""Controller Type"": ""MPC Controller"", ""weight_comfort"": 1000.0, ""weight_trajectory"": 1000.0, ""weight_goal"": 100.0, ""Q"": [[1000.0, 0.0, 0.0, 0.0], [0.0, 0.0, 0.0, 0.0], [0.0, 0.0, 1000.0, 0.0], [0.0, 0.0, 0.0, 0.0]], ""R"": [[1000.0, 0.0], [0.0, 1000.0]], ""P"": [[100.0, 0.0, 0.0, 0.0], [0.0, 10000.0, 0.0, 0.0], [0.0, 0.0, 100.0, 0.0], [0.0, 0.0, 0.0, 10000.0]]}","[-0.015077050050268975, -0.22197990173464419, 0.0]",False
3,P02,6800b3a4-1011-434f-a1f4-d5be725d3709,7,1,haply,mpc,seeded_random,1538163069,persist_session,10.0,1785314984.7698,5071.831599371,0,1785314984.7667153,503,True,normal,fixed,-0.08,-0.08,0.0,0.08,-0.08,0.0,0.08040609000000001,-0.07007404,0.0,0.08374041,-0.21583973,0.09249932,-0.0019683274,-0.00078303675,-0.00024128113,"[0.7847150652957933, 1.2936997966349038, 0.0, 0.0, 0.0, 0.0, -3.971615591639287, 8.541806010768783]","[-0.03667495626234365, 0.0449284143206477, 0.0]","{""Controller Type"": ""MPC Controller"", ""weight_comfort"": 1000.0, ""weight_trajectory"": 1000.0, ""weight_goal"": 100.0, ""Q"": [[1000.0, 0.0, 0.0, 0.0], [0.0, 0.0, 0.0, 0.0], [0.0, 0.0, 1000.0, 0.0], [0.0, 0.0, 0.0, 0.0]], ""R"": [[1000.0, 0.0], [0.0, 1000.0]], ""P"": [[100.0, 0.0, 0.0, 0.0], [0.0, 10000.0, 0.0, 0.0], [0.0, 0.0, 100.0, 0.0], [0.0, 0.0, 0.0, 10000.0]]}","[0.17939329410421556, -0.22644076395820617, 0.0]",False
3,P02,6800b3a4-1011-434f-a1f4-d5be725d3709,7,1,haply,mpc,seeded_random,1538163069,persist_session,10.0,1785314984.7799888,5071.841772022,0,1785314984.776806,504,True,normal,fixed,-0.08,-0.08,0.0,0.08,-0.08,0.0,0.08040609000000001,-0.07007404,0.0,0.08374041,-0.21583973,0.09249932,-0.002076402,-0.0008097253,-0.00015052795,"[0.7834243558859425, 1.2941658588777105, 0.0, 0.0, 0.0, 0.0, -3.9564087808767443, 8.536493468925972]","[-0.00031814079668173156, 0.03927115530263132, 0.0]","{""Controller Type"": ""MPC Controller"", ""weight_comfort"": 1000.0, ""weight_trajectory"": 1000.0, ""weight_goal"": 100.0, ""Q"": [[1000.0, 0.0, 0.0, 0.0], [0.0, 0.0, 0.0, 0.0], [0.0, 0.0, 1000.0, 0.0], [0.0, 0.0, 0.0, 0.0]], ""R"": [[1000.0, 0.0], [0.0, 1000.0]], ""P"": [[100.0, 0.0, 0.0, 0.0], [0.0, 10000.0, 0.0, 0.0], [0.0, 0.0, 100.0, 0.0], [0.0, 0.0, 0.0, 10000.0]]}","[-0.009087243354378098, -0.22211729904595282, 0.0]",False
3,P02,6800b3a4-1011-434f-a1f4-d5be725d3709,7,1,haply,mpc,seeded_random,1538163069,persist_session,10.0,1785314984.7898023,5071.851603773,0,1785314984.7868261,505,True,normal,fixed,-0.08,-0.08,0.0,0.08,-0.08,0.0,0.08040609000000001,-0.07007404,0.0,0.08374041,-0.21583973,0.09249932,-0.0022032764,-0.0008471974,-8.315784e-05,"[0.7834242069789108, 1.2941659126465486, 0.0, 0.0, 0.0, 0.0, -3.950589592525033, 8.534460519210716]","[-0.00031814073621207504, 0.03921339427181977, 0.0]","{""Controller Type"": ""MPC Controller"", ""weight_comfort"": 1000.0, ""weight_trajectory"": 1000.0, ""weight_goal"": 100.0, ""Q"": [[1000.0, 0.0, 0.0, 0.0], [0.0, 0.0, 0.0, 0.0], [0.0, 0.0, 1000.0, 0.0], [0.0, 0.0, 0.0, 0.0]], ""R"": [[1000.0, 0.0], [0.0, 1000.0]], ""P"": [[100.0, 0.0, 0.0, 0.0], [0.0, 10000.0, 0.0, 0.0], [0.0, 0.0, 100.0, 0.0], [0.0, 0.0, 0.0, 10000.0]]}","[-0.009087243354378037, -0.2221172990459529, 0.0]",False
3,P02,6800b3a4-1011-434f-a1f4-d5be725d3709,7,1,haply,mpc,seeded_random,1538163069,persist_session,10.0,1785314984.799924,5071.861720081,0,1785314984.7968757,506,True,normal,fixed,-0.08,-0.08,0.0,0.08,-0.08,0.0,0.08040609000000001,-0.07007404,0.0,0.08374041,-0.21583973,0.09249932,-0.0021259454,-0.00081144355,-4.184868e-05,"[0.7834240573236596, 1.2941659666855612, 0.0, 0.0, 0.0, 0.0, -3.9447583838351323, 8.532423370156717]","[-0.0003181406754385741, 0.039155513927612164, 0.0]","{""Controller Type"": ""MPC Controller"", ""weight_comfort"": 1000.0, ""weight_trajectory"": 1000.0, ""weight_goal"": 100.0, ""Q"": [[1000.0, 0.0, 0.0, 0.0], [0.0, 0.0, 0.0, 0.0], [0.0, 0.0, 1000.0, 0.0], [0.0, 0.0, 0.0, 0.0]], ""R"": [[1000.0, 0.0], [0.0, 1000.0]], ""P"": [[100.0, 0.0, 0.0, 0.0], [0.0, 10000.0, 0.0, 0.0], [0.0, 0.0, 100.0, 0.0], [0.0, 0.0, 0.0, 10000.0]]}","[-0.009087243354378032, -0.2221172990459529, 0.0]",False
3,P02,6800b3a4-1011-434f-a1f4-d5be725d3709,7,1,haply,mpc,seeded_random,1538163069,persist_session,10.0,1785314984.8097913,5071.871595846,0,1785314984.806822,507,True,normal,fixed,-0.08,-0.08,0.0,0.08,-0.08,0.0,0.08045424000000002,-0.06997773999999998,0.0,0.08375646,-0.21589659,0.09254747,-0.001529221,-0.00058368203,-3.0102301e-05,"[0.7834239069164295, 1.2941660209961057, 0.0, 0.0, 0.0, 0.0, -3.938915191006869, 8.530382034410486]","[-0.000318140614359702, 0.039097514629326535, 0.0]","{""Controller Type"": ""MPC Controller"", ""weight_comfort"": 1000.0, ""weight_trajectory"": 1000.0, ""weight_goal"": 100.0, ""Q"": [[1000.0, 0.0, 0.0, 0.0], [0.0, 0.0, 0.0, 0.0], [0.0, 0.0, 1000.0, 0.0], [0.0, 0.0, 0.0, 0.0]], ""R"": [[1000.0, 0.0], [0.0, 1000.0]], ""P"": [[100.0, 0.0, 0.0, 0.0], [0.0, 10000.0, 0.0, 0.0], [0.0, 0.0, 100.0, 0.0], [0.0, 0.0, 0.0, 10000.0]]}","[-0.009087243354378032, -0.2221172990459529, 0.0]",False
3,P02,6800b3a4-1011-434f-a1f4-d5be725d3709,7,1,haply,mpc,seeded_random,1538163069,persist_session,10.0,1785314984.8197846,5071.881586371,0,1785314984.8170397,508,True,normal,fixed,-0.08,-0.08,0.0,0.08,-0.08,0.0,0.08045424000000002,-0.06997773999999998,0.0,0.08375646,-0.21589659,0.09254747,-0.0010922414,-0.0004168933,-2.1500478e-05,"[0.7821850192512142, 1.2954847311231916, 0.0, 0.0, 0.0, 0.0, -4.110775198547114, 8.645829018852893]","[0.005916107689089356, 0.124907718298091, 0.0]","{""Controller Type"": ""MPC Controller"", ""weight_comfort"": 1000.0, ""weight_trajectory"": 1000.0, ""weight_goal"": 100.0, ""Q"": [[1000.0, 0.0, 0.0, 0.0], [0.0, 0.0, 0.0, 0.0], [0.0, 0.0, 1000.0, 0.0], [0.0, 0.0, 0.0, 0.0]], ""R"": [[1000.0, 0.0], [0.0, 1000.0]], ""P"": [[100.0, 0.0, 0.0, 0.0], [0.0, 10000.0, 0.0, 0.0], [0.0, 0.0, 100.0, 0.0], [0.0, 0.0, 0.0, 10000.0]]}","[-0.04263253824812375, -0.2892078888333965, 0.0]",False
3,P02,6800b3a4-1011-434f-a1f4-d5be725d3709,7,1,haply,mpc,seeded_random,1538163069,persist_session,10.0,1785314984.8298612,5071.89166374,0,1785314984.826828,509,True,normal,fixed,-0.08,-0.08,0.0,0.08,-0.08,0.0,0.08045424000000002,-0.06997773999999998,0.0,0.08375646,-0.21589659,0.09254747,-0.0007863994,-0.00030015767,-1.5480062e-05,"[0.7824379019066672, 1.2953934187379714, 0.0, 0.0, 0.0, 0.0, -3.960923391673721, 8.593608956361576]","[-0.000355414592562102, 0.039697404071435946, 0.0]","{""Controller Type"": ""MPC Controller"", ""weight_comfort"": 1000.0, ""weight_trajectory"": 1000.0, ""weight_goal"": 100.0, ""Q"": [[1000.0, 0.0, 0.0, 0.0], [0.0, 0.0, 0.0, 0.0], [0.0, 0.0, 1000.0, 0.0], [0.0, 0.0, 0.0, 0.0]], ""R"": [[1000.0, 0.0], [0.0, 1000.0]], ""P"": [[100.0, 0.0, 0.0, 0.0], [0.0, 10000.0, 0.0, 0.0], [0.0, 0.0, 100.0, 0.0], [0.0, 0.0, 0.0, 10000.0]]}","[-0.01016471575495487, -0.22427224384710376, 0.0]",False
3,P02,6800b3a4-1011-434f-a1f4-d5be725d3709,7,1,haply,mpc,seeded_random,1538163069,persist_session,10.0,1785314984.839835,5071.901633596,0,1785314984.8369927,510,True,normal,fixed,-0.08,-0.08,0.0,0.08,-0.08,0.0,0.08045676000000003,-0.07012842,0.0,0.0837573,-0.21590793,0.09247213,-0.00056818145,-0.00021686693,-1.1184504e-05,"[0.7824377111077386, 1.2953934876327924, 0.0, 0.0, 0.0, 0.0, -3.9548860758264777, 8.591505084427023]","[-0.00035541450589359673, 0.039636896522312746, 0.0]","{""Controller Type"": ""MPC Controller"", ""weight_comfort"": 1000.0, ""weight_trajectory"": 1000.0, ""weight_goal"": 100.0, ""Q"": [[1000.0, 0.0, 0.0, 0.0], [0.0, 0.0, 0.0, 0.0], [0.0, 0.0, 1000.0, 0.0], [0.0, 0.0, 0.0, 0.0]], ""R"": [[1000.0, 0.0], [0.0, 1000.0]], ""P"": [[100.0, 0.0, 0.0, 0.0], [0.0, 10000.0, 0.0, 0.0], [0.0, 0.0, 100.0, 0.0], [0.0, 0.0, 0.0, 10000.0]]}","[-0.010164715754954872, -0.22427224384710379, 0.0]",False
3,P02,6800b3a4-1011-434f-a1f4-d5be725d3709,7,1,haply,mpc,seeded_random,1538163069,persist_session,10.0,1785314984.8497999,5071.911599723,0,1785314984.84691,511,True,normal,fixed,-0.08,-0.08,0.0,0.08,-0.08,0.0,0.08046165,-0.07042989999999999,0.0,0.08375893,-0.21593042,0.09232139,-0.00040197914,-0.00017930304,-0.00017628336,"[0.7824218621941249, 1.2954015118493556, 0.0, 0.0, 0.0, 0.0, -3.856742667560155, 8.696010470451117]","[-3.6228390275496185e-05, -0.09083574308878352, 0.0]","{""Controller Type"": ""MPC Controller"", ""weight_comfort"": 1000.0, ""weight_trajectory"": 1000.0, ""weight_goal"": 100.0, ""Q"": [[1000.0, 0.0, 0.0, 0.0], [0.0, 0.0, 0.0, 0.0], [0.0, 0.0, 1000.0, 0.0], [0.0, 0.0, 0.0, 0.0]], ""R"": [[1000.0, 0.0], [0.0, 1000.0]], ""P"": [[100.0, 0.0, 0.0, 0.0], [0.0, 10000.0, 0.0, 0.0], [0.0, 0.0, 100.0, 0.0], [0.0, 0.0, 0.0, 10000.0]]}","[-0.01188384862020683, -0.12147901363464214, 0.0]",False
3,P02,6800b3a4-1011-434f-a1f4-d5be725d3709,7,1,haply,mpc,seeded_random,1538163069,persist_session,10.0,1785314984.8598185,5071.921618059,0,1785314984.8569386,512,True,normal,fixed,-0.08,-0.08,0.0,0.08,-0.08,0.0,0.08046410999999999,-0.0705806,0.0,0.08375975,-0.21594167,0.09224604,-0.00028822984,-0.00018017624,-0.00046412804,"[0.7824031965595717, 1.2954128552633035, 0.0, 0.0, 0.0, 0.0, -3.877968462366465, 8.982001104439183]","[0.00027754545095536845, -0.23593604878662958, 0.0]","{""Controller Type"": ""MPC Controller"", ""weight_comfort"": 1000.0, ""weight_trajectory"": 1000.0, ""weight_goal"": 100.0, ""Q"": [[1000.0, 0.0, 0.0, 0.0], [0.0, 0.0, 0.0, 0.0], [0.0, 0.0, 1000.0, 0.0], [0.0, 0.0, 0.0, 0.0]], ""R"": [[1000.0, 0.0], [0.0, 1000.0]], ""P"": [[100.0, 0.0, 0.0, 0.0], [0.0, 10000.0, 0.0, 0.0], [0.0, 0.0, 100.0, 0.0], [0.0, 0.0, 0.0, 10000.0]]}","[-0.013637558619452013, -0.010268128183816425, 0.0]",False
3,P02,6800b3a4-1011-434f-a1f4-d5be725d3709,7,1,haply,mpc,seeded_random,1538163069,persist_session,10.0,1785314984.869778,5071.931582306,0,1785314984.8665934,513,True,normal,fixed,-0.08,-0.08,0.0,0.08,-0.08,0.0,0.08046888000000002,-0.07088193000000001,0.0,0.08376134,-0.21596402,0.092095375,-0.00020112221,-0.00019330707,-0.00076874724,"[0.7824195493739333, 1.2954046282234273, 0.0, 0.0, 0.0, 0.0, -3.982754192786946, 8.850749241933991]","[-4.5368016192034425e-05, -0.09548524587277264, 0.0]","{""Controller Type"": ""MPC Controller"", ""weight_comfort"": 1000.0, ""weight_trajectory"": 1000.0, ""weight_goal"": 100.0, ""Q"": [[1000.0, 0.0, 0.0, 0.0], [0.0, 0.0, 0.0, 0.0], [0.0, 0.0, 1000.0, 0.0], [0.0, 0.0, 0.0, 0.0]], ""R"": [[1000.0, 0.0], [0.0, 1000.0]], ""P"": [[100.0, 0.0, 0.0, 0.0], [0.0, 10000.0, 0.0, 0.0], [0.0, 0.0, 100.0, 0.0], [0.0, 0.0, 0.0, 10000.0]]}","[-0.012030767606423997, -0.1099973866755938, 0.0]",False
3,P02,6800b3a4-1011-434f-a1f4-d5be725d3709,7,1,haply,mpc,seeded_random,1538163069,persist_session,10.0,1785314984.879816,5071.941615252,0,1785314984.8767672,514,True,normal,fixed,-0.08,-0.08,0.0,0.08,-0.08,0.0,0.08047123199999999,-0.07103298,0.0,0.083762124,-0.21597518,0.09201985,-0.00013933663,-0.00022530426,-0.0011365629,"[0.7823996536434316, 1.2954166713128834, 0.0, 0.0, 0.0, 0.0, -4.022038381925965, 9.170863379163734]","[0.0002731578645474045, -0.24955410064782907, 0.0]","{""Controller Type"": ""MPC Controller"", ""weight_comfort"": 1000.0, ""weight_trajectory"": 1000.0, ""weight_goal"": 100.0, ""Q"": [[1000.0, 0.0, 0.0, 0.0], [0.0, 0.0, 0.0, 0.0], [0.0, 0.0, 1000.0, 0.0], [0.0, 0.0, 0.0, 0.0]], ""R"": [[1000.0, 0.0], [0.0, 1000.0]], ""P"": [[100.0, 0.0, 0.0, 0.0], [0.0, 10000.0, 0.0, 0.0], [0.0, 0.0, 100.0, 0.0], [0.0, 0.0, 0.0, 10000.0]]}","[-0.013805900053743676, 0.005286294420830078, 0.0]",False
3,P02,6800b3a4-1011-434f-a1f4-d5be725d3709,7,1,haply,mpc,seeded_random,1538163069,persist_session,10.0,1785314984.8898115,5071.951611327,0,1785314984.8866723,515,True,normal,fixed,-0.08,-0.08,0.0,0.08,-0.08,0.0,0.08047581,-0.07133455999999999,0.0,0.08376365,-0.21599725,0.09186906,-9.283255e-05,-0.0002591146,-0.0014810223,"[0.7824169759047866, 1.2954081065751089, 0.0, 0.0, 0.0, 0.0, -4.1225098173128, 9.031952461203701]","[-6.922473669831363e-05, -0.09713043900398279, 0.0]","{""Controller Type"": ""MPC Controller"", ""weight_comfort"": 1000.0, ""weight_trajectory"": 1000.0, ""weight_goal"": 100.0, ""Q"": [[1000.0, 0.0, 0.0, 0.0], [0.0, 0.0, 0.0, 0.0], [0.0, 0.0, 1000.0, 0.0], [0.0, 0.0, 0.0, 0.0]], ""R"": [[1000.0, 0.0], [0.0, 1000.0]], ""P"": [[100.0, 0.0, 0.0, 0.0], [0.0, 10000.0, 0.0, 0.0], [0.0, 0.0, 100.0, 0.0], [0.0, 0.0, 0.0, 10000.0]]}","[-0.012095463096701104, -0.10108192239577835, 0.0]",False
3,P02,6800b3a4-1011-434f-a1f4-d5be725d3709,7,1,haply,mpc,seeded_random,1538163069,persist_session,10.0,1785314984.8999038,5071.96165706,0,1785314984.8966615,516,True,normal,fixed,-0.08,-0.08,0.0,0.08,-0.08,0.0,0.08048034000000003,-0.07163615200000001,0.0,0.08376516,-0.21601924,0.091718264,-3.362788e-05,-0.0006641181,-0.0043416023,"[0.7823988980648212, 1.2954187938913198, 0.0, 0.0, 0.0, 0.0, -4.163271748057039, 9.32473892446162]","[0.00022645140873643583, -0.2478332025237808, 0.0]","{""Controller Type"": ""MPC Controller"", ""weight_comfort"": 1000.0, ""weight_trajectory"": 1000.0, ""weight_goal"": 100.0, ""Q"": [[1000.0, 0.0, 0.0, 0.0], [0.0, 0.0, 0.0, 0.0], [0.0, 0.0, 1000.0, 0.0], [0.0, 0.0, 0.0, 0.0]], ""R"": [[1000.0, 0.0], [0.0, 1000.0]], ""P"": [[100.0, 0.0, 0.0, 0.0], [0.0, 10000.0, 0.0, 0.0], [0.0, 0.0, 100.0, 0.0], [0.0, 0.0, 0.0, 10000.0]]}","[-0.01374722296338401, 0.01029382019943081, 0.0]",False
3,P02,6800b3a4-1011-434f-a1f4-d5be725d3709,7,1,haply,mpc,seeded_random,1538163069,persist_session,10.0,1785314984.9097807,5071.97158266,0,1785314984.9066806,517,True,normal,fixed,-0.08,-0.08,0.0,0.08,-0.08,0.0,0.08048475,-0.071938,0.0,0.08376663,-0.21604115,0.09156734,8.459647e-06,-0.0009704235,-0.006521344,"[0.7823997514826379, 1.2954182934764944, 0.0, 0.0, 0.0, 0.0, -4.154070743353271, 9.265295595373335]","[0.00021163742174295467, -0.24499027575269977, 0.0]","{""Controller Type"": ""MPC Controller"", ""weight_comfort"": 1000.0, ""weight_trajectory"": 1000.0, ""weight_goal"": 100.0, ""Q"": [[1000.0, 0.0, 0.0, 0.0], [0.0, 0.0, 0.0, 0.0], [0.0, 0.0, 1000.0, 0.0], [0.0, 0.0, 0.0, 0.0]], ""R"": [[1000.0, 0.0], [0.0, 1000.0]], ""P"": [[100.0, 0.0, 0.0, 0.0], [0.0, 10000.0, 0.0, 0.0], [0.0, 0.0, 100.0, 0.0], [0.0, 0.0, 0.0, 10000.0]]}","[-0.013790248286962901, 0.015330261830864072, 0.0]",False
3,P02,6800b3a4-1011-434f-a1f4-d5be725d3709,7,1,haply,mpc,seeded_random,1538163069,persist_session,10.0,1785314984.9198232,5071.981621083,0,1785314984.9167516,518,True,normal,fixed,-0.08,-0.08,0.0,0.08,-0.08,0.0,0.08048904000000003,-0.07223974,0.0,0.08376806,-0.21606289,0.09141647,4.022498e-05,-0.0012135617,-0.008272258,"[0.7824009558845663, 1.2954175950654523, 0.0, 0.0, 0.0, 0.0, -4.144459102202202, 9.210061172278513]","[0.00019092328461847046, -0.24406224848295194, 0.0]","{""Controller Type"": ""MPC Controller"", ""weight_comfort"": 1000.0, ""weight_trajectory"": 1000.0, ""weight_goal"": 100.0, ""Q"": [[1000.0, 0.0, 0.0, 0.0], [0.0, 0.0, 0.0, 0.0], [0.0, 0.0, 1000.0, 0.0], [0.0, 0.0, 0.0, 0.0]], ""R"": [[1000.0, 0.0], [0.0, 1000.0]], ""P"": [[100.0, 0.0, 0.0, 0.0], [0.0, 10000.0, 0.0, 0.0], [0.0, 0.0, 100.0, 0.0], [0.0, 0.0, 0.0, 10000.0]]}","[-0.013799556195512354, 0.021653884824202496, 0.0]",False
3,P02,6800b3a4-1011-434f-a1f4-d5be725d3709,7,1,haply,mpc,seeded_random,1538163069,persist_session,10.0,1785314984.9298098,5071.99160197,0,1785314984.9266696,519,True,normal,fixed,-0.08,-0.08,0.0,0.08,-0.08,0.0,0.08049321,-0.07254159199999999,0.0,0.08376945,-0.21608447,0.091265544,6.311909e-05,-0.0014044361,-0.009670418,"[0.782402209980519, 1.2954168763377871, 0.0, 0.0, 0.0, 0.0, -4.133545729743361, 9.153042983863582]","[0.0001691878221114229, -0.24215838044366345, 0.0]","{""Controller Type"": ""MPC Controller"", ""weight_comfort"": 1000.0, ""weight_trajectory"": 1000.0, ""weight_goal"": 100.0, ""Q"": [[1000.0, 0.0, 0.0, 0.0], [0.0, 0.0, 0.0, 0.0], [0.0, 0.0, 1000.0, 0.0], [0.0, 0.0, 0.0, 0.0]], ""R"": [[1000.0, 0.0], [0.0, 1000.0]], ""P"": [[100.0, 0.0, 0.0, 0.0], [0.0, 10000.0, 0.0, 0.0], [0.0, 0.0, 100.0, 0.0], [0.0, 0.0, 0.0, 10000.0]]}","[-0.013800405047774938, 0.02729131493265861, 0.0]",False
3,P02,6800b3a4-1011-434f-a1f4-d5be725d3709,7,1,haply,mpc,seeded_random,1538163069,persist_session,10.0,1785314984.9399576,5072.001737903,0,1785314984.9367316,520,True,normal,fixed,-0.08,-0.08,0.0,0.08,-0.08,0.0,0.0804993,-0.07299459999999999,0.0,0.08377148,-0.21611664,0.09103904,7.973286e-05,-0.0015560304,-0.010805971,"[0.782402783733664, 1.2954165495001386, 0.0, 0.0, 0.0, 0.0, -4.123696660853614, 9.108141187821326]","[0.00015876739600680475, -0.2464486386416166, 0.0]","{""Controller Type"": ""MPC Controller"", ""weight_comfort"": 1000.0, ""weight_trajectory"": 1000.0, ""weight_goal"": 100.0, ""Q"": [[1000.0, 0.0, 0.0, 0.0], [0.0, 0.0, 0.0, 0.0], [0.0, 0.0, 1000.0, 0.0], [0.0, 0.0, 0.0, 0.0]], ""R"": [[1000.0, 0.0], [0.0, 1000.0]], ""P"": [[100.0, 0.0, 0.0, 0.0], [0.0, 10000.0, 0.0, 0.0], [0.0, 0.0, 100.0, 0.0], [0.0, 0.0, 0.0, 10000.0]]}","[-0.013856662264007323, 0.03722292992399843, 0.0]",False
3,P02,6800b3a4-1011-434f-a1f4-d5be725d3709,7,1,haply,mpc,seeded_random,1538163069,persist_session,10.0,1785314984.949951,5072.011734858,0,1785314984.946658,521,True,normal,fixed,-0.08,-0.08,0.0,0.08,-0.08,0.0,0.08050509000000003,-0.07344748000000001,0.0,0.08377341,-0.21614844,0.0908126,9.47721e-05,-0.0017342072,-0.012152822,"[0.782386671881529, 1.2954267138678446, 0.0, 0.0, 0.0, 0.0, -4.268663969269735, 9.483066549331932]","[0.0003934096837897994, -0.397040631758099, 0.0]","{""Controller Type"": ""MPC Controller"", ""weight_comfort"": 1000.0, ""weight_trajectory"": 1000.0, ""weight_goal"": 100.0, ""Q"": [[1000.0, 0.0, 0.0, 0.0], [0.0, 0.0, 0.0, 0.0], [0.0, 0.0, 1000.0, 0.0], [0.0, 0.0, 0.0, 0.0]], ""R"": [[1000.0, 0.0], [0.0, 1000.0]], ""P"": [[100.0, 0.0, 0.0, 0.0], [0.0, 10000.0, 0.0, 0.0], [0.0, 0.0, 100.0, 0.0], [0.0, 0.0, 0.0, 10000.0]]}","[-0.0152323715929774, 0.14519274445557745, 0.0]",False
3,P02,6800b3a4-1011-434f-a1f4-d5be725d3709,7,1,haply,mpc,seeded_random,1538163069,persist_session,10.0,1785314984.9600265,5072.02179916,0,1785314984.9566379,522,True,normal,fixed,-0.08,-0.08,0.0,0.08,-0.08,0.0,0.08046249000000001,-0.07399675,0.0,0.08375921,-0.21612303,0.090537965,0.00010945337,-0.001949522,-0.013789748,"[0.7823889821103713, 1.295425277241494, 0.0, 0.0, 0.0, 0.0, -4.218879671075876, 9.360984626570286]","[0.0003604418494573261, -0.39944279348697664, 0.0]","{""Controller Type"": ""MPC Controller"", ""weight_comfort"": 1000.0, ""weight_trajectory"": 1000.0, ""weight_goal"": 100.0, ""Q"": [[1000.0, 0.0, 0.0, 0.0], [0.0, 0.0, 0.0, 0.0], [0.0, 0.0, 1000.0, 0.0], [0.0, 0.0, 0.0, 0.0]], ""R"": [[1000.0, 0.0], [0.0, 1000.0]], ""P"": [[100.0, 0.0, 0.0, 0.0], [0.0, 10000.0, 0.0, 0.0], [0.0, 0.0, 100.0, 0.0], [0.0, 0.0, 0.0, 10000.0]]}","[-0.015214714641079334, 0.1593672808840078, 0.0]",False
3,P02,6800b3a4-1011-434f-a1f4-d5be725d3709,7,1,haply,mpc,seeded_random,1538163069,persist_session,10.0,1785314984.9700558,5072.031840184,0,1785314984.9666476,523,True,normal,fixed,-0.08,-0.08,0.0,0.08,-0.08,0.0,0.08041956,-0.07454622,0.0,0.0837449,-0.21609727,0.09026323,0.00012058797,-0.0021393923,-0.015277377,"[0.781735429025275, 1.2964886680907095, 0.0, 0.0, 0.0, 0.0, -4.310221610772675, 9.556282351212914]","[-0.00589567511404206, -0.500076416434374, 0.0]","{""Controller Type"": ""MPC Controller"", ""weight_comfort"": 1000.0, ""weight_trajectory"": 1000.0, ""weight_goal"": 100.0, ""Q"": [[1000.0, 0.0, 0.0, 0.0], [0.0, 0.0, 0.0, 0.0], [0.0, 0.0, 1000.0, 0.0], [0.0, 0.0, 0.0, 0.0]], ""R"": [[1000.0, 0.0], [0.0, 1000.0]], ""P"": [[100.0, 0.0, 0.0, 0.0], [0.0, 10000.0, 0.0, 0.0], [0.0, 0.0, 100.0, 0.0], [0.0, 0.0, 0.0, 10000.0]]}","[0.018279335906977102, 0.23479113307299587, 0.0]",False
3,P02,6800b3a4-1011-434f-a1f4-d5be725d3709,7,1,haply,mpc,seeded_random,1538163069,persist_session,10.0,1785314984.9800906,5072.041876658,0,1785314984.976742,524,True,normal,fixed,-0.08,-0.08,0.0,0.08,-0.08,0.0,0.08042299800000002,-0.07484842,0.0,0.083746046,-0.2161179,0.09011213,0.00010139218,-0.0021751265,-0.016384836,"[0.7817409603585416, 1.2964799479816107, 0.0, 0.0, 0.0, 0.0, -4.204075648072812, 9.337170365241724]","[-0.005888345616534746, -0.48962086027336854, 0.0]","{""Controller Type"": ""MPC Controller"", ""weight_comfort"": 1000.0, ""weight_trajectory"": 1000.0, ""weight_goal"": 100.0, ""Q"": [[1000.0, 0.0, 0.0, 0.0], [0.0, 0.0, 0.0, 0.0], [0.0, 0.0, 1000.0, 0.0], [0.0, 0.0, 0.0, 0.0]], ""R"": [[1000.0, 0.0], [0.0, 1000.0]], ""P"": [[100.0, 0.0, 0.0, 0.0], [0.0, 10000.0, 0.0, 0.0], [0.0, 0.0, 100.0, 0.0], [0.0, 0.0, 0.0, 10000.0]]}","[0.019375872448995888, 0.2461218415946491, 0.0]",False
3,P02,6800b3a4-1011-434f-a1f4-d5be725d3709,7,1,haply,mpc,seeded_random,1538163069,persist_session,10.0,1785314984.9899967,5072.05178178,0,1785314984.9867022,525,True,normal,fixed,-0.08,-0.08,0.0,0.08,-0.08,0.0,0.08042467500000001,-0.0749994,0.0,0.083746605,-0.21612817,0.09003664,8.353367e-05,-0.0021685858,-0.017028995,"[0.7814220139524366, 1.29665877360646, 0.0, 0.0, 0.0, 0.0, -3.9935842671620794, 8.736772238599148]","[0.00011108223747977844, -0.24098278863701367, 0.0]","{""Controller Type"": ""MPC Controller"", ""weight_comfort"": 1000.0, ""weight_trajectory"": 1000.0, ""weight_goal"": 100.0, ""Q"": [[1000.0, 0.0, 0.0, 0.0], [0.0, 0.0, 0.0, 0.0], [0.0, 0.0, 1000.0, 0.0], [0.0, 0.0, 0.0, 0.0]], ""R"": [[1000.0, 0.0], [0.0, 1000.0]], ""P"": [[100.0, 0.0, 0.0, 0.0], [0.0, 10000.0, 0.0, 0.0], [0.0, 0.0, 100.0, 0.0], [0.0, 0.0, 0.0, 10000.0]]}","[-0.011749861127573326, 0.08550733441405632, 0.0]",False
3,P02,6800b3a4-1011-434f-a1f4-d5be725d3709,7,1,haply,mpc,seeded_random,1538163069,persist_session,10.0,1785314984.9998038,5072.061604093,0,1785314984.9969094,526,True,normal,fixed,-0.08,-0.08,0.0,0.08,-0.08,0.0,0.08042632800000002,-0.07515082000000001,0.0,0.083747156,-0.21613844,0.08996093,6.871413e-05,-0.0021356589,-0.017299915,"[0.7814326918427171, 1.296653733108134, 0.0, 0.0, 0.0, 0.0, -3.9931457599758344, 8.578953984329477]","[-0.00011353663517028501, -0.11007482432729576, 0.0]","{""Controller Type"": ""MPC Controller"", ""weight_comfort"": 1000.0, ""weight_trajectory"": 1000.0, ""weight_goal"": 100.0, ""Q"": [[1000.0, 0.0, 0.0, 0.0], [0.0, 0.0, 0.0, 0.0], [0.0, 0.0, 1000.0, 0.0], [0.0, 0.0, 0.0, 0.0]], ""R"": [[1000.0, 0.0], [0.0, 1000.0]], ""P"": [[100.0, 0.0, 0.0, 0.0], [0.0, 10000.0, 0.0, 0.0], [0.0, 0.0, 100.0, 0.0], [0.0, 0.0, 0.0, 10000.0]]}","[-0.010632368357053194, -0.010235147675973338, 0.0]",False
3,P02,6800b3a4-1011-434f-a1f4-d5be725d3709,7,1,haply,mpc,seeded_random,1538163069,persist_session,10.0,1785314985.009844,5072.071641465,0,1785314985.0068297,527,True,normal,fixed,-0.08,-0.08,0.0,0.08,-0.08,0.0,0.08042791500000002,-0.075301748,0.0,0.083747685,-0.21614857,0.089885466,5.1523188e-05,-0.0019939824,-0.01663085,"[0.7814330077692888, 1.2966535852665348, 0.0, 0.0, 0.0, 0.0, -3.9930062437418488, 8.565363332702914]","[-0.0001231603526961258, -0.10770145635540343, 0.0]","{""Controller Type"": ""MPC Controller"", ""weight_comfort"": 1000.0, ""weight_trajectory"": 1000.0, ""weight_goal"": 100.0, ""Q"": [[1000.0, 0.0, 0.0, 0.0], [0.0, 0.0, 0.0, 0.0], [0.0, 0.0, 1000.0, 0.0], [0.0, 0.0, 0.0, 0.0]], ""R"": [[1000.0, 0.0], [0.0, 1000.0]], ""P"": [[100.0, 0.0, 0.0, 0.0], [0.0, 10000.0, 0.0, 0.0], [0.0, 0.0, 100.0, 0.0], [0.0, 0.0, 0.0, 10000.0]]}","[-0.010626262125633319, -0.009017828529248479, 0.0]",False
3,P02,6800b3a4-1011-434f-a1f4-d5be725d3709,7,1,haply,mpc,seeded_random,1538163069,persist_session,10.0,1785314985.0198135,5072.081615039,0,1785314985.0168588,528,True,normal,fixed,-0.08,-0.08,0.0,0.08,-0.08,0.0,0.08037969,-0.07539768,0.0,0.08373161,-0.21609162,0.0898375,4.0653504e-05,-0.0018208044,-0.015431718,"[0.7814330528157588, 1.296653564253668, 0.0, 0.0, 0.0, 0.0, -3.992599771391952, 8.557908678545799]","[-0.00012695599639455478, -0.11144149238494491, 0.0]","{""Controller Type"": ""MPC Controller"", ""weight_comfort"": 1000.0, ""weight_trajectory"": 1000.0, ""weight_goal"": 100.0, ""Q"": [[1000.0, 0.0, 0.0, 0.0], [0.0, 0.0, 0.0, 0.0], [0.0, 0.0, 1000.0, 0.0], [0.0, 0.0, 0.0, 0.0]], ""R"": [[1000.0, 0.0], [0.0, 1000.0]], ""P"": [[100.0, 0.0, 0.0, 0.0], [0.0, 10000.0, 0.0, 0.0], [0.0, 0.0, 100.0, 0.0], [0.0, 0.0, 0.0, 10000.0]]}","[-0.010648556945313428, -0.00309649817670385, 0.0]",False
3,P02,6800b3a4-1011-434f-a1f4-d5be725d3709,7,1,haply,mpc,seeded_random,1538163069,persist_session,10.0,1785314985.0298476,5072.091642969,0,1785314985.026738,529,True,normal,fixed,-0.08,-0.08,0.0,0.08,-0.08,0.0,0.08037969,-0.07539768,0.0,0.08373161,-0.21609162,0.0898375,9.9454e-06,-0.0016107133,-0.0145971915,"[0.780570968245519, 1.297942573027615, 0.0, 0.0, 0.0, 0.0, -4.007474441257859, 8.523319452855915]","[-0.006537555238829024, -0.06308516266920733, 0.0]","{""Controller Type"": ""MPC Controller"", ""weight_comfort"": 1000.0, ""weight_trajectory"": 1000.0, ""weight_goal"": 100.0, ""Q"": [[1000.0, 0.0, 0.0, 0.0], [0.0, 0.0, 0.0, 0.0], [0.0, 0.0, 1000.0, 0.0], [0.0, 0.0, 0.0, 0.0]], ""R"": [[1000.0, 0.0], [0.0, 1000.0]], ""P"": [[100.0, 0.0, 0.0, 0.0], [0.0, 10000.0, 0.0, 0.0], [0.0, 0.0, 100.0, 0.0], [0.0, 0.0, 0.0, 10000.0]]}","[0.023753667015673566, -0.03883412768198408, 0.0]",False
3,P02,6800b3a4-1011-434f-a1f4-d5be725d3709,7,1,haply,mpc,seeded_random,1538163069,persist_session,10.0,1785314985.0397954,5072.101595942,0,1785314985.036691,530,True,normal,fixed,-0.08,-0.08,0.0,0.08,-0.08,0.0,0.08038125000000002,-0.07554898799999998,0.0,0.08373213,-0.21610177,0.089761846,-1.8452447e-05,-0.0013327743,-0.013042755,"[0.7803293804759439, 1.2980298050536312, 0.0, 0.0, 0.0, 0.0, -4.080079311673503, 8.54735559077856]","[-0.0002962832624729127, 0.018777830617701222, 0.0]","{""Controller Type"": ""MPC Controller"", ""weight_comfort"": 1000.0, ""weight_trajectory"": 1000.0, ""weight_goal"": 100.0, ""Q"": [[1000.0, 0.0, 0.0, 0.0], [0.0, 0.0, 0.0, 0.0], [0.0, 0.0, 1000.0, 0.0], [0.0, 0.0, 0.0, 0.0]], ""R"": [[1000.0, 0.0], [0.0, 1000.0]], ""P"": [[100.0, 0.0, 0.0, 0.0], [0.0, 10000.0, 0.0, 0.0], [0.0, 0.0, 100.0, 0.0], [0.0, 0.0, 0.0, 10000.0]]}","[-0.00849647967057251, -0.10298801201379928, 0.0]",False
3,P02,6800b3a4-1011-434f-a1f4-d5be725d3709,7,1,haply,mpc,seeded_random,1538163069,persist_session,10.0,1785314985.0498695,5072.111664091,0,1785314985.046764,531,True,normal,fixed,-0.08,-0.08,0.0,0.08,-0.08,0.0,0.08038125000000002,-0.07554898799999998,0.0,0.08373213,-0.21610177,0.089761846,-9.8416676e-05,-0.00081302633,-0.011089264,"[0.7803202732711482, 1.2980341365788306, 0.0, 0.0, 0.0, 0.0, -4.093805239423524, 8.69495935103594]","[-9.404801581406266e-05, -0.11396108235392774, 0.0]","{""Controller Type"": ""MPC Controller"", ""weight_comfort"": 1000.0, ""weight_trajectory"": 1000.0, ""weight_goal"": 100.0, ""Q"": [[1000.0, 0.0, 0.0, 0.0], [0.0, 0.0, 0.0, 0.0], [0.0, 0.0, 1000.0, 0.0], [0.0, 0.0, 0.0, 0.0]], ""R"": [[1000.0, 0.0], [0.0, 1000.0]], ""P"": [[100.0, 0.0, 0.0, 0.0], [0.0, 10000.0, 0.0, 0.0], [0.0, 0.0, 100.0, 0.0], [0.0, 0.0, 0.0, 10000.0]]}","[-0.009582599879286913, 0.002357293459806897, 0.0]",False
3,P02,6800b3a4-1011-434f-a1f4-d5be725d3709,7,1,haply,mpc,seeded_random,1538163069,persist_session,10.0,1785314985.059885,5072.121682188,0,1785314985.0570753,532,True,normal,fixed,-0.08,-0.08,0.0,0.08,-0.08,0.0,0.08033455199999999,-0.07579606,0.0,0.083716564,-0.21605487,0.08963831,-0.00015111899,-0.00045203042,-0.009630325,"[0.7803279518514886, 1.298031364012704, 0.0, 0.0, 0.0, 0.0, -4.205105887479789, 8.731799340282473]","[-0.00029750003164339057, 0.018716976766443266, 0.0]","{""Controller Type"": ""MPC Controller"", ""weight_comfort"": 1000.0, ""weight_trajectory"": 1000.0, ""weight_goal"": 100.0, ""Q"": [[1000.0, 0.0, 0.0, 0.0], [0.0, 0.0, 0.0, 0.0], [0.0, 0.0, 1000.0, 0.0], [0.0, 0.0, 0.0, 0.0]], ""R"": [[1000.0, 0.0], [0.0, 1000.0]], ""P"": [[100.0, 0.0, 0.0, 0.0], [0.0, 10000.0, 0.0, 0.0], [0.0, 0.0, 100.0, 0.0], [0.0, 0.0, 0.0, 10000.0]]}","[-0.008531388433706669, -0.09960213051875845, 0.0]",False
3,P02,6800b3a4-1011-434f-a1f4-d5be725d3709,7,1,haply,mpc,seeded_random,1538163069,persist_session,10.0,1785314985.069862,5072.131655968,0,1785314985.0667622,533,True,normal,fixed,-0.08,-0.08,0.0,0.08,-0.08,0.0,0.08033607000000002,-0.07594728,0.0,0.08371707,-0.21606493,0.0895627,-0.00014756662,-0.0003331455,-0.008400104,"[0.7795809163970869, 1.2991333349044738, 0.0, 0.0, 0.0, 0.0, -4.338509705243432, 9.117609174641446]","[-0.0061443114938140135, -0.20022941933729488, 0.0]","{""Controller Type"": ""MPC Controller"", ""weight_comfort"": 1000.0, ""weight_trajectory"": 1000.0, ""weight_goal"": 100.0, ""Q"": [[1000.0, 0.0, 0.0, 0.0], [0.0, 0.0, 0.0, 0.0], [0.0, 0.0, 1000.0, 0.0], [0.0, 0.0, 0.0, 0.0]], ""R"": [[1000.0, 0.0], [0.0, 1000.0]], ""P"": [[100.0, 0.0, 0.0, 0.0], [0.0, 10000.0, 0.0, 0.0], [0.0, 0.0, 100.0, 0.0], [0.0, 0.0, 0.0, 10000.0]]}","[0.02288763205879885, 0.06663111782410544, 0.0]",False
3,P02,6800b3a4-1011-434f-a1f4-d5be725d3709,7,1,haply,mpc,seeded_random,1538163069,persist_session,10.0,1785314985.079791,5072.141592816,0,1785314985.076698,534,True,normal,fixed,-0.08,-0.08,0.0,0.08,-0.08,0.0,0.08029071,-0.07634559999999999,0.0,0.08370195,-0.21602792,0.08936354,-0.0001491197,-0.00026427273,-0.007817789,"[0.7793277395518559, 1.2992570799962528, 0.0, 0.0, 0.0, 0.0, -4.320072815572258, 9.008134745769432]","[-5.8307655053504206e-05, -0.1231152235940312, 0.0]","{""Controller Type"": ""MPC Controller"", ""weight_comfort"": 1000.0, ""weight_trajectory"": 1000.0, ""weight_goal"": 100.0, ""Q"": [[1000.0, 0.0, 0.0, 0.0], [0.0, 0.0, 0.0, 0.0], [0.0, 0.0, 1000.0, 0.0], [0.0, 0.0, 0.0, 0.0]], ""R"": [[1000.0, 0.0], [0.0, 1000.0]], ""P"": [[100.0, 0.0, 0.0, 0.0], [0.0, 10000.0, 0.0, 0.0], [0.0, 0.0, 100.0, 0.0], [0.0, 0.0, 0.0, 10000.0]]}","[-0.00857138320202971, 0.014009668969808658, 0.0]",False
3,P02,6800b3a4-1011-434f-a1f4-d5be725d3709,7,1,haply,mpc,seeded_random,1538163069,persist_session,10.0,1785314985.089846,5072.151642088,0,1785314985.0867953,535,True,normal,fixed,-0.08,-0.08,0.0,0.08,-0.08,0.0,0.08024526000000003,-0.07674406,0.0,0.0836868,-0.21599074,0.08916431,-0.0002388938,6.796055e-05,-0.007956928,"[0.7784745875367306, 1.3004830076612877, 0.0, 0.0, 0.0, 0.0, -4.66147914462554, 9.686683437288265]","[-0.006163384115944991, -0.3712959801697791, 0.0]","{""Controller Type"": ""MPC Controller"", ""weight_comfort"": 1000.0, ""weight_trajectory"": 1000.0, ""weight_goal"": 100.0, ""Q"": [[1000.0, 0.0, 0.0, 0.0], [0.0, 0.0, 0.0, 0.0], [0.0, 0.0, 1000.0, 0.0], [0.0, 0.0, 0.0, 0.0]], ""R"": [[1000.0, 0.0], [0.0, 1000.0]], ""P"": [[100.0, 0.0, 0.0, 0.0], [0.0, 10000.0, 0.0, 0.0], [0.0, 0.0, 100.0, 0.0], [0.0, 0.0, 0.0, 10000.0]]}","[0.024113465557187273, 0.1870970367494663, 0.0]",False
3,P02,6800b3a4-1011-434f-a1f4-d5be725d3709,7,1,haply,mpc,seeded_random,1538163069,persist_session,10.0,1785314985.0998397,5072.161637541,0,1785314985.096814,536,True,normal,fixed,-0.08,-0.08,0.0,0.08,-0.08,0.0,0.08019831000000001,-0.07699102,0.0,0.08367115,-0.21594356,0.08904083,-0.0003283048,0.000356014,-0.0084935855,"[0.7784976059903675, 1.3004506739496942, 0.0, 0.0, 0.0, 0.0, -4.591391228544537, 9.551486164399323]","[-0.006044547326509941, -0.3619730787091787, 0.0]","{""Controller Type"": ""MPC Controller"", ""weight_comfort"": 1000.0, ""weight_trajectory"": 1000.0, ""weight_goal"": 100.0, ""Q"": [[1000.0, 0.0, 0.0, 0.0], [0.0, 0.0, 0.0, 0.0], [0.0, 0.0, 1000.0, 0.0], [0.0, 0.0, 0.0, 0.0]], ""R"": [[1000.0, 0.0], [0.0, 1000.0]], ""P"": [[100.0, 0.0, 0.0, 0.0], [0.0, 10000.0, 0.0, 0.0], [0.0, 0.0, 100.0, 0.0], [0.0, 0.0, 0.0, 10000.0]]}","[0.02470084390072293, 0.19180847420863165, 0.0]",False
3,P02,6800b3a4-1011-434f-a1f4-d5be725d3709,7,1,haply,mpc,seeded_random,1538163069,persist_session,10.0,1785314985.1098647,5072.171660762,0,1785314985.1068032,537,True,normal,fixed,-0.08,-0.08,0.0,0.08,-0.08,0.0,0.08019831000000001,-0.07699102,0.0,0.08367115,-0.21594356,0.08904083,-0.00041180168,0.0006294249,-0.008953348,"[0.778472899170421, 1.3004843948032672, 0.0, 0.0, 0.0, 0.0, -4.446156135169331, 9.225967318877856]","[-0.0062488253781640005, -0.21404338260474262, 0.0]","{""Controller Type"": ""MPC Controller"", ""weight_comfort"": 1000.0, ""weight_trajectory"": 1000.0, ""weight_goal"": 100.0, ""Q"": [[1000.0, 0.0, 0.0, 0.0], [0.0, 0.0, 0.0, 0.0], [0.0, 0.0, 1000.0, 0.0], [0.0, 0.0, 0.0, 0.0]], ""R"": [[1000.0, 0.0], [0.0, 1000.0]], ""P"": [[100.0, 0.0, 0.0, 0.0], [0.0, 10000.0, 0.0, 0.0], [0.0, 0.0, 100.0, 0.0], [0.0, 0.0, 0.0, 10000.0]]}","[0.0269927104971303, 0.09799259556465541, 0.0]",False
3,P02,6800b3a4-1011-434f-a1f4-d5be725d3709,7,1,haply,mpc,seeded_random,1538163069,persist_session,10.0,1785314985.1197946,5072.181597993,0,1785314985.1166549,538,True,normal,fixed,-0.08,-0.08,0.0,0.08,-0.08,0.0,0.08015127,-0.077238,0.0,0.08365547,-0.2158962,0.08891734,-0.0004935662,0.00090746855,-0.009307352,"[0.7783463434129589, 1.3005300899199883, 0.0, 0.0, 0.0, 0.0, -4.5732862586893175, 9.267203679410802]","[-0.0001543538633622294, 0.013760926886671021, 0.0]","{""Controller Type"": ""MPC Controller"", ""weight_comfort"": 1000.0, ""weight_trajectory"": 1000.0, ""weight_goal"": 100.0, ""Q"": [[1000.0, 0.0, 0.0, 0.0], [0.0, 0.0, 0.0, 0.0], [0.0, 0.0, 1000.0, 0.0], [0.0, 0.0, 0.0, 0.0]], ""R"": [[1000.0, 0.0], [0.0, 1000.0]], ""P"": [[100.0, 0.0, 0.0, 0.0], [0.0, 10000.0, 0.0, 0.0], [0.0, 0.0, 100.0, 0.0], [0.0, 0.0, 0.0, 10000.0]]}","[-0.004437664633883251, -0.0673331859549725, 0.0]",False
3,P02,6800b3a4-1011-434f-a1f4-d5be725d3709,7,1,haply,mpc,seeded_random,1538163069,persist_session,10.0,1785314985.1299567,5072.191745657,0,1785314985.1266243,539,True,normal,fixed,-0.08,-0.08,0.0,0.08,-0.08,0.0,0.0801042,-0.077484932,0.0,0.08363978,-0.21584885,0.088793874,-0.00060160976,0.0012920124,-0.009615039,"[0.7773181615781535, 1.301900067188211, 0.0, 0.0, 0.0, 0.0, -4.788275328952351, 9.726237522627606]","[-0.006333914667790271, -0.230609612072927, 0.0]","{""Controller Type"": ""MPC Controller"", ""weight_comfort"": 1000.0, ""weight_trajectory"": 1000.0, ""weight_goal"": 100.0, ""Q"": [[1000.0, 0.0, 0.0, 0.0], [0.0, 0.0, 0.0, 0.0], [0.0, 0.0, 1000.0, 0.0], [0.0, 0.0, 0.0, 0.0]], ""R"": [[1000.0, 0.0], [0.0, 1000.0]], ""P"": [[100.0, 0.0, 0.0, 0.0], [0.0, 10000.0, 0.0, 0.0], [0.0, 0.0, 100.0, 0.0], [0.0, 0.0, 0.0, 10000.0]]}","[0.028639062043125406, 0.10633369233329301, 0.0]",False
3,P02,6800b3a4-1011-434f-a1f4-d5be725d3709,7,1,haply,mpc,seeded_random,1538163069,persist_session,10.0,1785314985.1398952,5072.201693647,0,1785314985.1365635,540,True,normal,fixed,-0.08,-0.08,0.0,0.08,-0.08,0.0,0.08005580999999999,-0.07758050799999999,0.0,0.08362365,-0.21579161,0.088746086,-0.0007624273,0.0018671283,-0.01004705,"[0.7773436283862916, 1.3018668358825034, 0.0, 0.0, 0.0, 0.0, -4.763641761107957, 9.675376786072803]","[-0.006227650355144519, -0.2276667060447648, 0.0]","{""Controller Type"": ""MPC Controller"", ""weight_comfort"": 1000.0, ""weight_trajectory"": 1000.0, ""weight_goal"": 100.0, ""Q"": [[1000.0, 0.0, 0.0, 0.0], [0.0, 0.0, 0.0, 0.0], [0.0, 0.0, 1000.0, 0.0], [0.0, 0.0, 0.0, 0.0]], ""R"": [[1000.0, 0.0], [0.0, 1000.0]], ""P"": [[100.0, 0.0, 0.0, 0.0], [0.0, 10000.0, 0.0, 0.0], [0.0, 0.0, 100.0, 0.0], [0.0, 0.0, 0.0, 10000.0]]}","[0.02933421829347171, 0.10984070239466547, 0.0]",False
3,P02,6800b3a4-1011-434f-a1f4-d5be725d3709,7,1,haply,mpc,seeded_random,1538163069,persist_session,10.0,1785314985.1498358,5072.21163451,0,1785314985.146645,541,True,normal,fixed,-0.08,-0.08,0.0,0.08,-0.08,0.0,0.08000743500000002,-0.07767594,0.0,0.083607525,-0.21573442,0.08869837,-0.0008925838,0.0023324254,-0.010398244,"[0.7773238272013084, 1.3018921071890301, 0.0, 0.0, 0.0, 0.0, -4.744525937670457, 9.56546414841301]","[-0.006381779782282033, -0.08050284702089805, 0.0]","{""Controller Type"": ""MPC Controller"", ""weight_comfort"": 1000.0, ""weight_trajectory"": 1000.0, ""weight_goal"": 100.0, ""Q"": [[1000.0, 0.0, 0.0, 0.0], [0.0, 0.0, 0.0, 0.0], [0.0, 0.0, 1000.0, 0.0], [0.0, 0.0, 0.0, 0.0]], ""R"": [[1000.0, 0.0], [0.0, 1000.0]], ""P"": [[100.0, 0.0, 0.0, 0.0], [0.0, 10000.0, 0.0, 0.0], [0.0, 0.0, 100.0, 0.0], [0.0, 0.0, 0.0, 10000.0]]}","[0.031404253820030995, 0.010351856076806687, 0.0]",False
3,P02,6800b3a4-1011-434f-a1f4-d5be725d3709,7,1,haply,mpc,seeded_random,1538163069,persist_session,10.0,1785314985.1598196,5072.221614807,0,1785314985.1565986,542,True,normal,fixed,-0.08,-0.08,0.0,0.08,-0.08,0.0,0.08000743500000002,-0.07767594,0.0,0.083607525,-0.21573442,0.08869837,-0.0009988248,0.002698315,-0.010814397,"[0.7773554630205491, 1.3018525303099695, 0.0, 0.0, 0.0, 0.0, -4.743319492291086, 9.559045486412082]","[-0.0062525614799388155, -0.07946239364616493, 0.0]","{""Controller Type"": ""MPC Controller"", ""weight_comfort"": 1000.0, ""weight_trajectory"": 1000.0, ""weight_goal"": 100.0, ""Q"": [[1000.0, 0.0, 0.0, 0.0], [0.0, 0.0, 0.0, 0.0], [0.0, 0.0, 1000.0, 0.0], [0.0, 0.0, 0.0, 0.0]], ""R"": [[1000.0, 0.0], [0.0, 1000.0]], ""P"": [[100.0, 0.0, 0.0, 0.0], [0.0, 10000.0, 0.0, 0.0], [0.0, 0.0, 100.0, 0.0], [0.0, 0.0, 0.0, 10000.0]]}","[0.03201576945738379, 0.011481024364959666, 0.0]",False
3,P02,6800b3a4-1011-434f-a1f4-d5be725d3709,7,1,haply,mpc,seeded_random,1538163069,persist_session,10.0,1785314985.1699512,5072.231743162,0,1785314985.166869,543,True,normal,fixed,-0.08,-0.08,0.0,0.08,-0.08,0.0,0.07995897,-0.07777145199999999,0.0,0.08359137,-0.21567716,0.088650614,-0.0010774265,0.0030513783,-0.010355435,"[0.7773504651880241, 1.301854334793058, 0.0, 0.0, 0.0, 0.0, -4.781838217484062, 9.571466336789298]","[-5.77960070868381e-06, 0.011113278927726023, 0.0]","{""Controller Type"": ""MPC Controller"", ""weight_comfort"": 1000.0, ""weight_trajectory"": 1000.0, ""weight_goal"": 100.0, ""Q"": [[1000.0, 0.0, 0.0, 0.0], [0.0, 0.0, 0.0, 0.0], [0.0, 0.0, 1000.0, 0.0], [0.0, 0.0, 0.0, 0.0]], ""R"": [[1000.0, 0.0], [0.0, 1000.0]], ""P"": [[100.0, 0.0, 0.0, 0.0], [0.0, 10000.0, 0.0, 0.0], [0.0, 0.0, 100.0, 0.0], [0.0, 0.0, 0.0, 10000.0]]}","[-0.0001663760677345461, -0.05200644874620859, 0.0]",False
3,P02,6800b3a4-1011-434f-a1f4-d5be725d3709,7,1,haply,mpc,seeded_random,1538163069,persist_session,10.0,1785314985.179827,5072.241625728,0,1785314985.176575,544,True,normal,fixed,-0.08,-0.08,0.0,0.08,-0.08,0.0,0.07969311000000001,-0.0779164,0.0,0.08350275,-0.21572019,0.08857814,-0.0011253707,0.003316056,-0.008784879,"[0.776241960195644, 1.3032137581800636, 0.0, 0.0, 0.0, 0.0, -4.793121663210796, 9.627498479329146]","[-0.006117913062438497, -0.07885185813447179, 0.0]","{""Controller Type"": ""MPC Controller"", ""weight_comfort"": 1000.0, ""weight_trajectory"": 1000.0, ""weight_goal"": 100.0, ""Q"": [[1000.0, 0.0, 0.0, 0.0], [0.0, 0.0, 0.0, 0.0], [0.0, 0.0, 1000.0, 0.0], [0.0, 0.0, 0.0, 0.0]], ""R"": [[1000.0, 0.0], [0.0, 1000.0]], ""P"": [[100.0, 0.0, 0.0, 0.0], [0.0, 10000.0, 0.0, 0.0], [0.0, 0.0, 100.0, 0.0], [0.0, 0.0, 0.0, 10000.0]]}","[0.03247672315089228, 0.012503317920955164, 0.0]",False
3,P02,6800b3a4-1011-434f-a1f4-d5be725d3709,7,1,haply,mpc,seeded_random,1538163069,persist_session,10.0,1785314985.1898735,5072.251666836,0,1785314985.186709,545,True,normal,fixed,-0.08,-0.08,0.0,0.08,-0.08,0.0,0.07964718,-0.07831438999999998,0.0,0.08348744,-0.21568236,0.088379145,-0.0011908496,0.003393172,-0.008285968,"[0.7432216863445206, 1.343515824741983, 0.0, 0.0, 0.0, 0.0, -4.814813084662758, 9.680080766065815]","[-0.036572486370894816, -0.13452847819693872, 0.0]","{""Controller Type"": ""MPC Controller"", ""weight_comfort"": 1000.0, ""weight_trajectory"": 1000.0, ""weight_goal"": 100.0, ""Q"": [[1000.0, 0.0, 0.0, 0.0], [0.0, 0.0, 0.0, 0.0], [0.0, 0.0, 1000.0, 0.0], [0.0, 0.0, 0.0, 0.0]], ""R"": [[1000.0, 0.0], [0.0, 1000.0]], ""P"": [[100.0, 0.0, 0.0, 0.0], [0.0, 10000.0, 0.0, 0.0], [0.0, 0.0, 100.0, 0.0], [0.0, 0.0, 0.0, 10000.0]]}","[0.18990003656298213, 0.05353376890274625, 0.0]",False
3,P02,6800b3a4-1011-434f-a1f4-d5be725d3709,7,1,haply,mpc,seeded_random,1538163069,persist_session,10.0,1785314985.199819,5072.261617506,0,1785314985.1966975,546,True,normal,fixed,-0.08,-0.08,0.0,0.08,-0.08,0.0,0.07964839800000002,-0.0784657,0.0,0.083487846,-0.21569206,0.08830349,-0.0012199798,0.0033609741,-0.008159586,"[0.7495864987051905, 1.3365784012990123, 0.0, 0.0, 0.0, 0.0, -5.208109397835939, 10.347454613797126]","[-0.005793272829539022, -0.3975948410218974, 0.0]","{""Controller Type"": ""MPC Controller"", ""weight_comfort"": 1000.0, ""weight_trajectory"": 1000.0, ""weight_goal"": 100.0, ""Q"": [[1000.0, 0.0, 0.0, 0.0], [0.0, 0.0, 0.0, 0.0], [0.0, 0.0, 1000.0, 0.0], [0.0, 0.0, 0.0, 0.0]], ""R"": [[1000.0, 0.0], [0.0, 1000.0]], ""P"": [[100.0, 0.0, 0.0, 0.0], [0.0, 10000.0, 0.0, 0.0], [0.0, 0.0, 100.0, 0.0], [0.0, 0.0, 0.0, 10000.0]]}","[0.037514165149331986, 0.22567842087638718, 0.0]",False
3,P02,6800b3a4-1011-434f-a1f4-d5be725d3709,7,1,haply,mpc,seeded_random,1538163069,persist_session,10.0,1785314985.2098515,5072.271641794,0,1785314985.2066696,547,True,normal,fixed,-0.08,-0.08,0.0,0.08,-0.08,0.0,0.07964958000000003,-0.07861711999999998,0.0,0.08348824,-0.21570173,0.08822778,-0.001233029,0.0032885508,-0.008208143,"[0.7497901735629255, 1.3365307193273035, 0.0, 0.0, 0.0, 0.0, -5.056462451886413, 10.034176088686694]","[0.00042660383300311625, -0.14424308460336419, 0.0]","{""Controller Type"": ""MPC Controller"", ""weight_comfort"": 1000.0, ""weight_trajectory"": 1000.0, ""weight_goal"": 100.0, ""Q"": [[1000.0, 0.0, 0.0, 0.0], [0.0, 0.0, 0.0, 0.0], [0.0, 0.0, 1000.0, 0.0], [0.0, 0.0, 0.0, 0.0]], ""R"": [[1000.0, 0.0], [0.0, 1000.0]], ""P"": [[100.0, 0.0, 0.0, 0.0], [0.0, 10000.0, 0.0, 0.0], [0.0, 0.0, 100.0, 0.0], [0.0, 0.0, 0.0, 10000.0]]}","[0.006274338190450964, 0.0672644835129323, 0.0]",False
3,P02,6800b3a4-1011-434f-a1f4-d5be725d3709,7,1,haply,mpc,seeded_random,1538163069,persist_session,10.0,1785314985.2198906,5072.281682428,0,1785314985.2169132,548,True,normal,fixed,-0.08,-0.08,0.0,0.08,-0.08,0.0,0.07965076800000002,-0.07876848,0.0,0.083488636,-0.21571137,0.0881521,-0.0012127578,0.00320195,-0.008330664,"[0.7497898380074831, 1.3365307990796902, 0.0, 0.0, 0.0, 0.0, -5.047635363017547, 10.016632058137972]","[0.00042116135875178043, -0.14511598580130908, 0.0]","{""Controller Type"": ""MPC Controller"", ""weight_comfort"": 1000.0, ""weight_trajectory"": 1000.0, ""weight_goal"": 100.0, ""Q"": [[1000.0, 0.0, 0.0, 0.0], [0.0, 0.0, 0.0, 0.0], [0.0, 0.0, 1000.0, 0.0], [0.0, 0.0, 0.0, 0.0]], ""R"": [[1000.0, 0.0], [0.0, 1000.0]], ""P"": [[100.0, 0.0, 0.0, 0.0], [0.0, 10000.0, 0.0, 0.0], [0.0, 0.0, 100.0, 0.0], [0.0, 0.0, 0.0, 10000.0]]}","[0.0062733587270197505, 0.07089445899423581, 0.0]",False
3,P02,6800b3a4-1011-434f-a1f4-d5be725d3709,7,1,haply,mpc,seeded_random,1538163069,persist_session,10.0,1785314985.2298527,5072.291640559,0,1785314985.226962,549,True,normal,fixed,-0.08,-0.08,0.0,0.08,-0.08,0.0,0.07965185999999999,-0.07891981,0.0,0.083489,-0.21572092,0.088076435,-0.0011589922,0.0031490705,-0.00845359,"[0.7497895437082326, 1.3365308697782887, 0.0, 0.0, 0.0, 0.0, -5.036216539987277, 9.994563078567882]","[0.0004168536516221893, -0.14147723316099511, 0.0]","{""Controller Type"": ""MPC Controller"", ""weight_comfort"": 1000.0, ""weight_trajectory"": 1000.0, ""weight_goal"": 100.0, ""Q"": [[1000.0, 0.0, 0.0, 0.0], [0.0, 0.0, 0.0, 0.0], [0.0, 0.0, 1000.0, 0.0], [0.0, 0.0, 0.0, 0.0]], ""R"": [[1000.0, 0.0], [0.0, 1000.0]], ""P"": [[100.0, 0.0, 0.0, 0.0], [0.0, 10000.0, 0.0, 0.0], [0.0, 0.0, 100.0, 0.0], [0.0, 0.0, 0.0, 10000.0]]}","[0.006266541325219743, 0.07154245374163594, 0.0]",False
3,P02,6800b3a4-1011-434f-a1f4-d5be725d3709,7,1,haply,mpc,seeded_random,1538163069,persist_session,10.0,1785314985.2399676,5072.301758517,0,1785314985.2368965,550,True,normal,fixed,-0.08,-0.08,0.0,0.08,-0.08,0.0,0.07965185999999999,-0.07891981,0.0,0.083489,-0.21572092,0.088076435,-0.0008786871,0.0022524018,-0.007823812,"[0.749789038214394, 1.336530995340352, 0.0, 0.0, 0.0, 0.0, -5.028333884781123, 9.97992838715529]","[0.00040627100938646224, -0.1448602801299673, 0.0]","{""Controller Type"": ""MPC Controller"", ""weight_comfort"": 1000.0, ""weight_trajectory"": 1000.0, ""weight_goal"": 100.0, ""Q"": [[1000.0, 0.0, 0.0, 0.0], [0.0, 0.0, 0.0, 0.0], [0.0, 0.0, 1000.0, 0.0], [0.0, 0.0, 0.0, 0.0]], ""R"": [[1000.0, 0.0], [0.0, 1000.0]], ""P"": [[100.0, 0.0, 0.0, 0.0], [0.0, 10000.0, 0.0, 0.0], [0.0, 0.0, 100.0, 0.0], [0.0, 0.0, 0.0, 10000.0]]}","[0.006293509650972193, 0.07682977986475578, 0.0]",False
3,P02,6800b3a4-1011-434f-a1f4-d5be725d3709,7,1,haply,mpc,seeded_random,1538163069,persist_session,10.0,1785314985.2497804,5072.311583855,0,1785314985.247001,551,True,normal,fixed,-0.08,-0.08,0.0,0.08,-0.08,0.0,0.07965296999999999,-0.07907120000000001,0.0,0.08348937,-0.2157305,0.08800074,-0.0006218521,0.001415015,-0.007177547,"[0.749783379957683, 1.3365330375161901, 0.0, 0.0, 0.0, 0.0, -5.058183648019549, 9.989413727808982]","[0.00026102958589847576, 0.00546379939475421, 0.0]","{""Controller Type"": ""MPC Controller"", ""weight_comfort"": 1000.0, ""weight_trajectory"": 1000.0, ""weight_goal"": 100.0, ""Q"": [[1000.0, 0.0, 0.0, 0.0], [0.0, 0.0, 0.0, 0.0], [0.0, 0.0, 1000.0, 0.0], [0.0, 0.0, 0.0, 0.0]], ""R"": [[1000.0, 0.0], [0.0, 1000.0]], ""P"": [[100.0, 0.0, 0.0, 0.0], [0.0, 10000.0, 0.0, 0.0], [0.0, 0.0, 100.0, 0.0], [0.0, 0.0, 0.0, 10000.0]]}","[0.007022339277617848, -0.024171856951743245, 0.0]",False
3,P02,6800b3a4-1011-434f-a1f4-d5be725d3709,7,1,haply,mpc,seeded_random,1538163069,persist_session,10.0,1785314985.2598486,5072.321644775,0,1785314985.2568214,552,True,normal,fixed,-0.08,-0.08,0.0,0.08,-0.08,0.0,0.07965402000000002,-0.07922257999999999,0.0,0.08348972,-0.21574001,0.08792505,-0.00044061898,0.00083305663,-0.0066400343,"[0.7497880714188612, 1.3365318806021174, 0.0, 0.0, 0.0, 0.0, -5.152276457999897, 10.158594864523003]","[0.00040702091059240824, -0.14741627648565395, 0.0]","{""Controller Type"": ""MPC Controller"", ""weight_comfort"": 1000.0, ""weight_trajectory"": 1000.0, ""weight_goal"": 100.0, ""Q"": [[1000.0, 0.0, 0.0, 0.0], [0.0, 0.0, 0.0, 0.0], [0.0, 0.0, 1000.0, 0.0], [0.0, 0.0, 0.0, 0.0]], ""R"": [[1000.0, 0.0], [0.0, 1000.0]], ""P"": [[100.0, 0.0, 0.0, 0.0], [0.0, 10000.0, 0.0, 0.0], [0.0, 0.0, 100.0, 0.0], [0.0, 0.0, 0.0, 10000.0]]}","[0.006263178671538119, 0.07970204032240055, 0.0]",False
3,P02,6800b3a4-1011-434f-a1f4-d5be725d3709,7,1,haply,mpc,seeded_random,1538163069,persist_session,10.0,1785314985.269798,5072.331599,0,1785314985.2669954,553,True,normal,fixed,-0.08,-0.08,0.0,0.08,-0.08,0.0,0.07965402000000002,-0.07922257999999999,0.0,0.08348972,-0.21574001,0.08792505,-0.00030746474,0.00040748622,-0.0062271967,"[0.7497877555614628, 1.3365319594577119, 0.0, 0.0, 0.0, 0.0, -5.144038927739346, 10.144311724616799]","[0.00040231305859010863, -0.15237299647327215, 0.0]","{""Controller Type"": ""MPC Controller"", ""weight_comfort"": 1000.0, ""weight_trajectory"": 1000.0, ""weight_goal"": 100.0, ""Q"": [[1000.0, 0.0, 0.0, 0.0], [0.0, 0.0, 0.0, 0.0], [0.0, 0.0, 1000.0, 0.0], [0.0, 0.0, 0.0, 0.0]], ""R"": [[1000.0, 0.0], [0.0, 1000.0]], ""P"": [[100.0, 0.0, 0.0, 0.0], [0.0, 10000.0, 0.0, 0.0], [0.0, 0.0, 100.0, 0.0], [0.0, 0.0, 0.0, 10000.0]]}","[0.006261672094619154, 0.08598823982509361, 0.0]",False
3,P02,6800b3a4-1011-434f-a1f4-d5be725d3709,7,1,haply,mpc,seeded_random,1538163069,persist_session,10.0,1785314985.279855,5072.341651077,0,1785314985.2766922,554,True,normal,fixed,-0.08,-0.08,0.0,0.08,-0.08,0.0,0.07965402000000002,-0.07922257999999999,0.0,0.08348972,-0.21574001,0.08792505,-0.00021595616,0.00011590534,-0.005935347,"[0.7497822669837678, 1.3365339403932357, 0.0, 0.0, 0.0, 0.0, -5.165844067898414, 10.151222382716377]","[0.0002594096687310304, 0.004016030495265661, 0.0]","{""Controller Type"": ""MPC Controller"", ""weight_comfort"": 1000.0, ""weight_trajectory"": 1000.0, ""weight_goal"": 100.0, ""Q"": [[1000.0, 0.0, 0.0, 0.0], [0.0, 0.0, 0.0, 0.0], [0.0, 0.0, 1000.0, 0.0], [0.0, 0.0, 0.0, 0.0]], ""R"": [[1000.0, 0.0], [0.0, 1000.0]], ""P"": [[100.0, 0.0, 0.0, 0.0], [0.0, 10000.0, 0.0, 0.0], [0.0, 0.0, 100.0, 0.0], [0.0, 0.0, 0.0, 10000.0]]}","[0.006978769016615178, -0.017396647840172353, 0.0]",False
3,P02,6800b3a4-1011-434f-a1f4-d5be725d3709,7,1,haply,mpc,seeded_random,1538163069,persist_session,10.0,1785314985.2898076,5072.351609919,0,1785314985.2868102,555,True,normal,fixed,-0.08,-0.08,0.0,0.08,-0.08,0.0,0.07965509999999999,-0.07937406,0.0,0.08349008,-0.21574955,0.08784931,-0.00014644126,-0.0001410933,-0.00603956,"[0.7497821341010539, 1.336533988353218, 0.0, 0.0, 0.0, 0.0, -5.165785826420446, 10.151203924364882]","[0.000259409622756269, 0.0040159852171758595, 0.0]","{""Controller Type"": ""MPC Controller"", ""weight_comfort"": 1000.0, ""weight_trajectory"": 1000.0, ""weight_goal"": 100.0, ""Q"": [[1000.0, 0.0, 0.0, 0.0], [0.0, 0.0, 0.0, 0.0], [0.0, 0.0, 1000.0, 0.0], [0.0, 0.0, 0.0, 0.0]], ""R"": [[1000.0, 0.0], [0.0, 1000.0]], ""P"": [[100.0, 0.0, 0.0, 0.0], [0.0, 10000.0, 0.0, 0.0], [0.0, 0.0, 100.0, 0.0], [0.0, 0.0, 0.0, 10000.0]]}","[0.006978769016615122, -0.017396647840172332, 0.0]",False
3,P02,6800b3a4-1011-434f-a1f4-d5be725d3709,7,1,haply,mpc,seeded_random,1538163069,persist_session,10.0,1785314985.2998388,5072.36163396,0,1785314985.2969756,556,True,normal,fixed,-0.08,-0.08,0.0,0.08,-0.08,0.0,0.07960869000000002,-0.07977222,0.0,0.08347461,-0.21571101,0.08765023,-9.7714124e-05,-0.00030626226,-0.0059762443,"[0.749786760621965, 1.3365328341562535, 0.0, 0.0, 0.0, 0.0, -5.268366369290147, 10.324516077163363]","[0.0004012634786519231, -0.1512740237719174, 0.0]","{""Controller Type"": ""MPC Controller"", ""weight_comfort"": 1000.0, ""weight_trajectory"": 1000.0, ""weight_goal"": 100.0, ""Q"": [[1000.0, 0.0, 0.0, 0.0], [0.0, 0.0, 0.0, 0.0], [0.0, 0.0, 1000.0, 0.0], [0.0, 0.0, 0.0, 0.0]], ""R"": [[1000.0, 0.0], [0.0, 1000.0]], ""P"": [[100.0, 0.0, 0.0, 0.0], [0.0, 10000.0, 0.0, 0.0], [0.0, 0.0, 100.0, 0.0], [0.0, 0.0, 0.0, 10000.0]]}","[0.006241089101955529, 0.08640395470596933, 0.0]",False
3,P02,6800b3a4-1011-434f-a1f4-d5be725d3709,7,1,haply,mpc,seeded_random,1538163069,persist_session,10.0,1785314985.3098676,5072.371671065,0,1785314985.306804,557,True,normal,fixed,-0.08,-0.08,0.0,0.08,-0.08,0.0,0.07961055,-0.08007497999999999,0.0,0.08347523,-0.21572971,0.08749885,-0.00011705089,-0.00025198114,-0.006277637,"[0.7484029300773977, 1.3380233970147644, 0.0, 0.0, 0.0, 0.0, -5.7154176347325825, 11.008705089539987]","[-0.005815838846645706, -0.42988660341595997, 0.0]","{""Controller Type"": ""MPC Controller"", ""weight_comfort"": 1000.0, ""weight_trajectory"": 1000.0, ""weight_goal"": 100.0, ""Q"": [[1000.0, 0.0, 0.0, 0.0], [0.0, 0.0, 0.0, 0.0], [0.0, 0.0, 1000.0, 0.0], [0.0, 0.0, 0.0, 0.0]], ""R"": [[1000.0, 0.0], [0.0, 1000.0]], ""P"": [[100.0, 0.0, 0.0, 0.0], [0.0, 10000.0, 0.0, 0.0], [0.0, 0.0, 100.0, 0.0], [0.0, 0.0, 0.0, 10000.0]]}","[0.038513145968028954, 0.25759759040397473, 0.0]",False
3,P02,6800b3a4-1011-434f-a1f4-d5be725d3709,7,1,haply,mpc,seeded_random,1538163069,persist_session,10.0,1785314985.3198092,5072.381606552,0,1785314985.3169243,558,True,normal,fixed,-0.08,-0.08,0.0,0.08,-0.08,0.0,0.07961055,-0.08007497999999999,0.0,0.08347523,-0.21572971,0.08749885,-0.00014503615,-0.00018501496,-0.006742838,"[0.748636178482345, 1.3379831818510948, 0.0, 0.0, 0.0, 0.0, -5.498772894407167, 10.684035428179186]","[0.0005447681413221857, -0.329532185800741, 0.0]","{""Controller Type"": ""MPC Controller"", ""weight_comfort"": 1000.0, ""weight_trajectory"": 1000.0, ""weight_goal"": 100.0, ""Q"": [[1000.0, 0.0, 0.0, 0.0], [0.0, 0.0, 0.0, 0.0], [0.0, 0.0, 1000.0, 0.0], [0.0, 0.0, 0.0, 0.0]], ""R"": [[1000.0, 0.0], [0.0, 1000.0]], ""P"": [[100.0, 0.0, 0.0, 0.0], [0.0, 10000.0, 0.0, 0.0], [0.0, 0.0, 100.0, 0.0], [0.0, 0.0, 0.0, 10000.0]]}","[0.006586351437612313, 0.20828210954198573, 0.0]",False
3,P02,6800b3a4-1011-434f-a1f4-d5be725d3709,7,1,haply,mpc,seeded_random,1538163069,persist_session,10.0,1785314985.3298805,5072.391684016,0,1785314985.326699,559,True,normal,fixed,-0.08,-0.08,0.0,0.08,-0.08,0.0,0.079562142,-0.0801702,0.0,0.083459094,-0.21567236,0.08745124,-0.00018582551,-6.429304e-05,-0.007143876,"[0.7486250061780176, 1.3379872141059743, 0.0, 0.0, 0.0, 0.0, -5.4944496523897755, 10.682690719769283]","[0.00029155200865602863, -0.0004119738349361216, 0.0]","{""Controller Type"": ""MPC Controller"", ""weight_comfort"": 1000.0, ""weight_trajectory"": 1000.0, ""weight_goal"": 100.0, ""Q"": [[1000.0, 0.0, 0.0, 0.0], [0.0, 0.0, 0.0, 0.0], [0.0, 0.0, 1000.0, 0.0], [0.0, 0.0, 0.0, 0.0]], ""R"": [[1000.0, 0.0], [0.0, 1000.0]], ""P"": [[100.0, 0.0, 0.0, 0.0], [0.0, 10000.0, 0.0, 0.0], [0.0, 0.0, 100.0, 0.0], [0.0, 0.0, 0.0, 10000.0]]}","[0.007855620519283754, 0.001677858374787563, 0.0]",False
3,P02,6800b3a4-1011-434f-a1f4-d5be725d3709,7,1,haply,mpc,seeded_random,1538163069,persist_session,10.0,1785314985.339826,5072.401627823,0,1785314985.3368106,560,True,normal,fixed,-0.08,-0.08,0.0,0.08,-0.08,0.0,0.07956306000000002,-0.08032178000000001,0.0,0.0834594,-0.21568169,0.08737545,-0.00021500213,2.7796616e-05,-0.0073794844,"[0.7469347128834273, 1.3398005953702072, 0.0, 0.0, 0.0, 0.0, -5.548716471958222, 10.761066424955361]","[-0.0063081566333622816, -0.10577321772438321, 0.0]","{""Controller Type"": ""MPC Controller"", ""weight_comfort"": 1000.0, ""weight_trajectory"": 1000.0, ""weight_goal"": 100.0, ""Q"": [[1000.0, 0.0, 0.0, 0.0], [0.0, 0.0, 0.0, 0.0], [0.0, 0.0, 1000.0, 0.0], [0.0, 0.0, 0.0, 0.0]], ""R"": [[1000.0, 0.0], [0.0, 1000.0]], ""P"": [[100.0, 0.0, 0.0, 0.0], [0.0, 10000.0, 0.0, 0.0], [0.0, 0.0, 100.0, 0.0], [0.0, 0.0, 0.0, 10000.0]]}","[0.04204712156058899, 0.06914362983106737, 0.0]",False
3,P02,6800b3a4-1011-434f-a1f4-d5be725d3709,7,1,haply,mpc,seeded_random,1538163069,persist_session,10.0,1785314985.349833,5072.411629112,0,1785314985.346643,561,True,normal,fixed,-0.08,-0.08,0.0,0.08,-0.08,0.0,0.07956306000000002,-0.08032178000000001,0.0,0.0834594,-0.21568169,0.08737545,-0.0002314338,9.440892e-05,-0.007380887,"[0.747242003885378, 1.3397117705505668, 0.0, 0.0, 0.0, 0.0, -5.582567946871754, 10.809495813282888]","[0.0004481284478862538, -0.16383878311703728, 0.0]","{""Controller Type"": ""MPC Controller"", ""weight_comfort"": 1000.0, ""weight_trajectory"": 1000.0, ""weight_goal"": 100.0, ""Q"": [[1000.0, 0.0, 0.0, 0.0], [0.0, 0.0, 0.0, 0.0], [0.0, 0.0, 1000.0, 0.0], [0.0, 0.0, 0.0, 0.0]], ""R"": [[1000.0, 0.0], [0.0, 1000.0]], ""P"": [[100.0, 0.0, 0.0, 0.0], [0.0, 10000.0, 0.0, 0.0], [0.0, 0.0, 100.0, 0.0], [0.0, 0.0, 0.0, 10000.0]]}","[0.008204663157822268, 0.10774172891340535, 0.0]",False
3,P02,6800b3a4-1011-434f-a1f4-d5be725d3709,7,1,haply,mpc,seeded_random,1538163069,persist_session,10.0,1785314985.3597763,5072.421578825,0,1785314985.3568144,562,True,normal,fixed,-0.08,-0.08,0.0,0.08,-0.08,0.0,0.07951458000000002,-0.08041699,0.0,0.08344324,-0.21562427,0.087327845,-0.00024039576,0.00016413158,-0.0070759077,"[0.7472355985475707, 1.3397140823004239, 0.0, 0.0, 0.0, 0.0, -5.573130416677128, 10.806567439366924]","[0.0003264971224293628, -0.0017933219054784087, 0.0]","{""Controller Type"": ""MPC Controller"", ""weight_comfort"": 1000.0, ""weight_trajectory"": 1000.0, ""weight_goal"": 100.0, ""Q"": [[1000.0, 0.0, 0.0, 0.0], [0.0, 0.0, 0.0, 0.0], [0.0, 0.0, 1000.0, 0.0], [0.0, 0.0, 0.0, 0.0]], ""R"": [[1000.0, 0.0], [0.0, 1000.0]], ""P"": [[100.0, 0.0, 0.0, 0.0], [0.0, 10000.0, 0.0, 0.0], [0.0, 0.0, 100.0, 0.0], [0.0, 0.0, 0.0, 10000.0]]}","[0.008813561118816584, 0.007200603721869304, 0.0]",False
3,P02,6800b3a4-1011-434f-a1f4-d5be725d3709,7,1,haply,mpc,seeded_random,1538163069,persist_session,10.0,1785314985.369867,5072.431661617,0,1785314985.3666656,563,True,normal,fixed,-0.08,-0.08,0.0,0.08,-0.08,0.0,0.07951458000000002,-0.08041699,0.0,0.08344324,-0.21562427,0.087327845,-0.0002513907,0.0002462178,-0.0067235804,"[0.7456632613515373, 1.341368430805394, 0.0, 0.0, 0.0, 0.0, -5.625476246717949, 10.877640826501374]","[-0.006031403463906193, -0.10416644261505738, 0.0]","{""Controller Type"": ""MPC Controller"", ""weight_comfort"": 1000.0, ""weight_trajectory"": 1000.0, ""weight_goal"": 100.0, ""Q"": [[1000.0, 0.0, 0.0, 0.0], [0.0, 0.0, 0.0, 0.0], [0.0, 0.0, 1000.0, 0.0], [0.0, 0.0, 0.0, 0.0]], ""R"": [[1000.0, 0.0], [0.0, 1000.0]], ""P"": [[100.0, 0.0, 0.0, 0.0], [0.0, 10000.0, 0.0, 0.0], [0.0, 0.0, 100.0, 0.0], [0.0, 0.0, 0.0, 10000.0]]}","[0.04175846185195067, 0.07211121405162474, 0.0]",False
3,P02,6800b3a4-1011-434f-a1f4-d5be725d3709,7,1,haply,mpc,seeded_random,1538163069,persist_session,10.0,1785314985.3799024,5072.441687394,0,1785314985.3766828,564,True,normal,fixed,-0.08,-0.08,0.0,0.08,-0.08,0.0,0.07951458000000002,-0.08041699,0.0,0.08344324,-0.21562427,0.087327845,-0.00032828585,0.0005831188,-0.0063692755,"[0.746026755827508, 1.3412372439325173, 0.0, 0.0, 0.0, 0.0, -5.617769144435674, 10.87525110635016]","[0.0003621363078137788, -0.0023425535555381873, 0.0]","{""Controller Type"": ""MPC Controller"", ""weight_comfort"": 1000.0, ""weight_trajectory"": 1000.0, ""weight_goal"": 100.0, ""Q"": [[1000.0, 0.0, 0.0, 0.0], [0.0, 0.0, 0.0, 0.0], [0.0, 0.0, 1000.0, 0.0], [0.0, 0.0, 0.0, 0.0]], ""R"": [[1000.0, 0.0], [0.0, 1000.0]], ""P"": [[100.0, 0.0, 0.0, 0.0], [0.0, 10000.0, 0.0, 0.0], [0.0, 0.0, 100.0, 0.0], [0.0, 0.0, 0.0, 10000.0]]}","[0.00979147142130918, 0.009331157143650275, 0.0]",False
3,P02,6800b3a4-1011-434f-a1f4-d5be725d3709,7,1,haply,mpc,seeded_random,1538163069,persist_session,10.0,1785314985.3900924,5072.45187353,0,1785314985.3867207,565,True,normal,fixed,-0.08,-0.08,0.0,0.08,-0.08,0.0,0.07951458000000002,-0.08041699,0.0,0.08344324,-0.21562427,0.087327845,-0.0004150559,0.0010592635,-0.005072385,"[0.7460264821870793, 1.34123734269064, 0.0, 0.0, 0.0, 0.0, -5.617750095360202, 10.875245199855364]","[0.0003621361749832419, -0.0023425456122642065, 0.0]","{""Controller Type"": ""MPC Controller"", ""weight_comfort"": 1000.0, ""weight_trajectory"": 1000.0, ""weight_goal"": 100.0, ""Q"": [[1000.0, 0.0, 0.0, 0.0], [0.0, 0.0, 0.0, 0.0], [0.0, 0.0, 1000.0, 0.0], [0.0, 0.0, 0.0, 0.0]], ""R"": [[1000.0, 0.0], [0.0, 1000.0]], ""P"": [[100.0, 0.0, 0.0, 0.0], [0.0, 10000.0, 0.0, 0.0], [0.0, 0.0, 100.0, 0.0], [0.0, 0.0, 0.0, 10000.0]]}","[0.009791471421309159, 0.009331157143650274, 0.0]",False
3,P02,6800b3a4-1011-434f-a1f4-d5be725d3709,7,1,haply,mpc,seeded_random,1538163069,persist_session,10.0,1785314985.3998892,5072.461686127,0,1785314985.3968706,566,True,normal,fixed,-0.08,-0.08,0.0,0.08,-0.08,0.0,0.07951367999999999,-0.08026536000000001,0.0,0.08344294,-0.21561496,0.08740366,-0.0003548793,0.00096024346,-0.0038320315,"[0.7460262071717754, 1.341237441944962, 0.0, 0.0, 0.0, 0.0, -5.617730950690894, 10.875239263720049]","[0.00036213604148531306, -0.0023425376291285513, 0.0]","{""Controller Type"": ""MPC Controller"", ""weight_comfort"": 1000.0, ""weight_trajectory"": 1000.0, ""weight_goal"": 100.0, ""Q"": [[1000.0, 0.0, 0.0, 0.0], [0.0, 0.0, 0.0, 0.0], [0.0, 0.0, 1000.0, 0.0], [0.0, 0.0, 0.0, 0.0]], ""R"": [[1000.0, 0.0], [0.0, 1000.0]], ""P"": [[100.0, 0.0, 0.0, 0.0], [0.0, 10000.0, 0.0, 0.0], [0.0, 0.0, 100.0, 0.0], [0.0, 0.0, 0.0, 10000.0]]}","[0.009791471421309157, 0.009331157143650275, 0.0]",False
3,P02,6800b3a4-1011-434f-a1f4-d5be725d3709,7,1,haply,mpc,seeded_random,1538163069,persist_session,10.0,1785314985.409864,5072.471659241,0,1785314985.4066458,567,True,normal,fixed,-0.08,-0.08,0.0,0.08,-0.08,0.0,0.07951275000000002,-0.0801141,0.0,0.08344263,-0.21560563,0.08747929,-0.00025230757,0.00066868175,-0.0028548602,"[0.7460188887854423, 1.3412404836626113, 0.0, 0.0, 0.0, 0.0, -5.730256145957512, 11.053154751126527]","[0.0002438756598893157, 0.16360229230112047, 0.0]","{""Controller Type"": ""MPC Controller"", ""weight_comfort"": 1000.0, ""weight_trajectory"": 1000.0, ""weight_goal"": 100.0, ""Q"": [[1000.0, 0.0, 0.0, 0.0], [0.0, 0.0, 0.0, 0.0], [0.0, 0.0, 1000.0, 0.0], [0.0, 0.0, 0.0, 0.0]], ""R"": [[1000.0, 0.0], [0.0, 1000.0]], ""P"": [[100.0, 0.0, 0.0, 0.0], [0.0, 10000.0, 0.0, 0.0], [0.0, 0.0, 100.0, 0.0], [0.0, 0.0, 0.0, 10000.0]]}","[0.010404326886315644, -0.09425586473881695, 0.0]",False
3,P02,6800b3a4-1011-434f-a1f4-d5be725d3709,7,1,haply,mpc,seeded_random,1538163069,persist_session,10.0,1785314985.4198363,5072.481621601,0,1785314985.4168324,568,True,normal,fixed,-0.08,-0.08,0.0,0.08,-0.08,0.0,0.07951275000000002,-0.0801141,0.0,0.08344263,-0.21560563,0.08747929,-0.00018176775,0.0004817326,-0.0020567025,"[0.7460181489202764, 1.341240793852165, 0.0, 0.0, 0.0, 0.0, -5.719576175326988, 11.036735300124185]","[0.00023589291348635017, 0.17012887551544265, 0.0]","{""Controller Type"": ""MPC Controller"", ""weight_comfort"": 1000.0, ""weight_trajectory"": 1000.0, ""weight_goal"": 100.0, ""Q"": [[1000.0, 0.0, 0.0, 0.0], [0.0, 0.0, 0.0, 0.0], [0.0, 0.0, 1000.0, 0.0], [0.0, 0.0, 0.0, 0.0]], ""R"": [[1000.0, 0.0], [0.0, 1000.0]], ""P"": [[100.0, 0.0, 0.0, 0.0], [0.0, 10000.0, 0.0, 0.0], [0.0, 0.0, 100.0, 0.0], [0.0, 0.0, 0.0, 10000.0]]}","[0.010466471448226095, -0.1012283919011567, 0.0]",False
3,P02,6800b3a4-1011-434f-a1f4-d5be725d3709,7,1,haply,mpc,seeded_random,1538163069,persist_session,10.0,1785314985.4298704,5072.491666551,0,1785314985.4266512,569,True,normal,fixed,-0.08,-0.08,0.0,0.08,-0.08,0.0,0.07951275000000002,-0.0801141,0.0,0.08344263,-0.21560563,0.08747929,-0.00013034472,0.000345448,-0.0014748509,"[0.7460250949316731, 1.3412382870041863, 0.0, 0.0, 0.0, 0.0, -5.723020318915746, 11.037799747852583]","[0.00036350072750544337, -0.0006529966183882408, 0.0]","{""Controller Type"": ""MPC Controller"", ""weight_comfort"": 1000.0, ""weight_trajectory"": 1000.0, ""weight_goal"": 100.0, ""Q"": [[1000.0, 0.0, 0.0, 0.0], [0.0, 0.0, 0.0, 0.0], [0.0, 0.0, 1000.0, 0.0], [0.0, 0.0, 0.0, 0.0]], ""R"": [[1000.0, 0.0], [0.0, 1000.0]], ""P"": [[100.0, 0.0, 0.0, 0.0], [0.0, 10000.0, 0.0, 0.0], [0.0, 0.0, 100.0, 0.0], [0.0, 0.0, 0.0, 10000.0]]}","[0.009828385114658188, 0.002553262742607078, 0.0]",False
3,P02,6800b3a4-1011-434f-a1f4-d5be725d3709,7,1,haply,mpc,seeded_random,1538163069,persist_session,10.0,1785314985.4398494,5072.50164278,0,1785314985.4368186,570,True,normal,fixed,-0.08,-0.08,0.0,0.08,-0.08,0.0,0.07951180500000002,-0.07996264,0.0,0.083442315,-0.21559624,0.08755502,-9.3997296e-05,0.00026011505,-0.00096128514,"[0.7460248122280355, 1.3412383890332504, 0.0, 0.0, 0.0, 0.0, -5.72301883028222, 11.037799287775199]","[0.00036350058975809593, -0.0006529964485351554, 0.0]","{""Controller Type"": ""MPC Controller"", ""weight_comfort"": 1000.0, ""weight_trajectory"": 1000.0, ""weight_goal"": 100.0, ""Q"": [[1000.0, 0.0, 0.0, 0.0], [0.0, 0.0, 0.0, 0.0], [0.0, 0.0, 1000.0, 0.0], [0.0, 0.0, 0.0, 0.0]], ""R"": [[1000.0, 0.0], [0.0, 1000.0]], ""P"": [[100.0, 0.0, 0.0, 0.0], [0.0, 10000.0, 0.0, 0.0], [0.0, 0.0, 100.0, 0.0], [0.0, 0.0, 0.0, 10000.0]]}","[0.009828385114658217, 0.002553262742606937, 0.0]",False
3,P02,6800b3a4-1011-434f-a1f4-d5be725d3709,7,1,haply,mpc,seeded_random,1538163069,persist_session,10.0,1785314985.449814,5072.511610674,0,1785314985.4467077,571,True,normal,fixed,-0.08,-0.08,0.0,0.08,-0.08,0.0,0.07951082999999999,-0.07981127999999998,0.0,0.08344199,-0.21558683,0.0876307,-6.920267e-05,0.00023971224,-0.00025927502,"[0.7460169607113557, 1.3412416700948182, 0.0, 0.0, 0.0, 0.0, -5.843972698354569, 11.219042445056585]","[0.00023954074274189582, 0.167344912117731, 0.0]","{""Controller Type"": ""MPC Controller"", ""weight_comfort"": 1000.0, ""weight_trajectory"": 1000.0, ""weight_goal"": 100.0, ""Q"": [[1000.0, 0.0, 0.0, 0.0], [0.0, 0.0, 0.0, 0.0], [0.0, 0.0, 1000.0, 0.0], [0.0, 0.0, 0.0, 0.0]], ""R"": [[1000.0, 0.0], [0.0, 1000.0]], ""P"": [[100.0, 0.0, 0.0, 0.0], [0.0, 10000.0, 0.0, 0.0], [0.0, 0.0, 100.0, 0.0], [0.0, 0.0, 0.0, 10000.0]]}","[0.010470814438694995, -0.10074630216760753, 0.0]",False
3,P02,6800b3a4-1011-434f-a1f4-d5be725d3709,7,1,haply,mpc,seeded_random,1538163069,persist_session,10.0,1785314985.4598997,5072.521686783,0,1785314985.4567568,572,True,normal,fixed,-0.08,-0.08,0.0,0.08,-0.08,0.0,0.07951082999999999,-0.07981127999999998,0.0,0.08344199,-0.21558683,0.0876307,-5.220858e-05,0.00023727922,0.0003293203,"[0.7460162806002556, 1.341241956424948, 0.0, 0.0, 0.0, 0.0, -5.83097796721189, 11.200043817404982]","[0.00023269152349643163, 0.17252494060553109, 0.0]","{""Controller Type"": ""MPC Controller"", ""weight_comfort"": 1000.0, ""weight_trajectory"": 1000.0, ""weight_goal"": 100.0, ""Q"": [[1000.0, 0.0, 0.0, 0.0], [0.0, 0.0, 0.0, 0.0], [0.0, 0.0, 1000.0, 0.0], [0.0, 0.0, 0.0, 0.0]], ""R"": [[1000.0, 0.0], [0.0, 1000.0]], ""P"": [[100.0, 0.0, 0.0, 0.0], [0.0, 10000.0, 0.0, 0.0], [0.0, 0.0, 100.0, 0.0], [0.0, 0.0, 0.0, 10000.0]]}","[0.010528366480838268, -0.10687654200260586, 0.0]",False
3,P02,6800b3a4-1011-434f-a1f4-d5be725d3709,7,1,haply,mpc,seeded_random,1538163069,persist_session,10.0,1785314985.4698224,5072.531619229,0,1785314985.4667747,573,True,normal,fixed,-0.08,-0.08,0.0,0.08,-0.08,0.0,0.07951082999999999,-0.07981127999999998,0.0,0.08344199,-0.21558683,0.0876307,-3.9943872e-05,0.00024011964,0.00079686614,"[0.7460237678410845, 1.3412392542451235, 0.0, 0.0, 0.0, 0.0, -5.825149146528062, 11.198248620474768]","[0.0003649324465148315, 0.001099322146932876, 0.0]","{""Controller Type"": ""MPC Controller"", ""weight_comfort"": 1000.0, ""weight_trajectory"": 1000.0, ""weight_goal"": 100.0, ""Q"": [[1000.0, 0.0, 0.0, 0.0], [0.0, 0.0, 0.0, 0.0], [0.0, 0.0, 1000.0, 0.0], [0.0, 0.0, 0.0, 0.0]], ""R"": [[1000.0, 0.0], [0.0, 1000.0]], ""P"": [[100.0, 0.0, 0.0, 0.0], [0.0, 10000.0, 0.0, 0.0], [0.0, 0.0, 100.0, 0.0], [0.0, 0.0, 0.0, 10000.0]]}","[0.009867114235549614, -0.004223065239577781, 0.0]",False
3,P02,6800b3a4-1011-434f-a1f4-d5be725d3709,7,1,haply,mpc,seeded_random,1538163069,persist_session,10.0,1785314985.4798913,5072.541679353,0,1785314985.4767907,574,True,normal,fixed,-0.08,-0.08,0.0,0.08,-0.08,0.0,0.07950978,-0.07965989200000001,0.0,0.08344164,-0.2155774,0.087706394,-3.1255295e-05,0.00024280712,0.0011343665,"[0.7460234771354063, 1.3412393591621465, 0.0, 0.0, 0.0, 0.0, -5.825144921371857, 11.198247319184532]","[0.0003649323043103349, 0.001099321349561397, 0.0]","{""Controller Type"": ""MPC Controller"", ""weight_comfort"": 1000.0, ""weight_trajectory"": 1000.0, ""weight_goal"": 100.0, ""Q"": [[1000.0, 0.0, 0.0, 0.0], [0.0, 0.0, 0.0, 0.0], [0.0, 0.0, 1000.0, 0.0], [0.0, 0.0, 0.0, 0.0]], ""R"": [[1000.0, 0.0], [0.0, 1000.0]], ""P"": [[100.0, 0.0, 0.0, 0.0], [0.0, 10000.0, 0.0, 0.0], [0.0, 0.0, 100.0, 0.0], [0.0, 0.0, 0.0, 10000.0]]}","[0.009867114235549581, -0.004223065239577785, 0.0]",False
3,P02,6800b3a4-1011-434f-a1f4-d5be725d3709,7,1,haply,mpc,seeded_random,1538163069,persist_session,10.0,1785314985.4898407,5072.551634757,0,1785314985.486775,575,True,normal,fixed,-0.08,-0.08,0.0,0.08,-0.08,0.0,0.07950978,-0.07965989200000001,0.0,0.08344164,-0.2155774,0.087706394,-2.5003643e-05,0.0002485415,0.001412556,"[0.7460142369202427, 1.3412432807914083, 0.0, 0.0, 0.0, 0.0, -5.961621230544089, 11.392931855690277]","[0.0002251050254212796, 0.17422800237140634, 0.0]","{""Controller Type"": ""MPC Controller"", ""weight_comfort"": 1000.0, ""weight_trajectory"": 1000.0, ""weight_goal"": 100.0, ""Q"": [[1000.0, 0.0, 0.0, 0.0], [0.0, 0.0, 0.0, 0.0], [0.0, 0.0, 1000.0, 0.0], [0.0, 0.0, 0.0, 0.0]], ""R"": [[1000.0, 0.0], [0.0, 1000.0]], ""P"": [[100.0, 0.0, 0.0, 0.0], [0.0, 10000.0, 0.0, 0.0], [0.0, 0.0, 100.0, 0.0], [0.0, 0.0, 0.0, 10000.0]]}","[0.010591394014439605, -0.10898299516218149, 0.0]",False
3,P02,6800b3a4-1011-434f-a1f4-d5be725d3709,7,1,haply,mpc,seeded_random,1538163069,persist_session,10.0,1785314985.4998136,5072.561610535,0,1785314985.4966218,576,True,normal,fixed,-0.08,-0.08,0.0,0.08,-0.08,0.0,0.079508745,-0.07950837999999999,0.0,0.083441295,-0.2155679,0.08778215,-2.2525632e-05,0.00029818426,0.0019634387,"[0.7460224085796623, 1.3412403316019876, 0.0, 0.0, 0.0, 0.0, -5.951021069629331, 11.389673196274567]","[0.0003657151051339217, 0.002023989873949443, 0.0]","{""Controller Type"": ""MPC Controller"", ""weight_comfort"": 1000.0, ""weight_trajectory"": 1000.0, ""weight_goal"": 100.0, ""Q"": [[1000.0, 0.0, 0.0, 0.0], [0.0, 0.0, 0.0, 0.0], [0.0, 0.0, 1000.0, 0.0], [0.0, 0.0, 0.0, 0.0]], ""R"": [[1000.0, 0.0], [0.0, 1000.0]], ""P"": [[100.0, 0.0, 0.0, 0.0], [0.0, 10000.0, 0.0, 0.0], [0.0, 0.0, 100.0, 0.0], [0.0, 0.0, 0.0, 10000.0]]}","[0.009888294223536445, -0.00761073692759977, 0.0]",False
3,P02,6800b3a4-1011-434f-a1f4-d5be725d3709,7,1,haply,mpc,seeded_random,1538163069,persist_session,10.0,1785314985.5098333,5072.571627067,0,1785314985.506757,577,True,normal,fixed,-0.08,-0.08,0.0,0.08,-0.08,0.0,0.079508745,-0.07950837999999999,0.0,0.083441295,-0.2155679,0.08778215,-2.1444483e-05,0.0003591139,0.002569069,"[0.7460128731327532, 1.341244378824625, 0.0, 0.0, 0.0, 0.0, -6.100047433584291, 11.597617345211603]","[0.0002255057690154141, 0.18144832663235758, 0.0]","{""Controller Type"": ""MPC Controller"", ""weight_comfort"": 1000.0, ""weight_trajectory"": 1000.0, ""weight_goal"": 100.0, ""Q"": [[1000.0, 0.0, 0.0, 0.0], [0.0, 0.0, 0.0, 0.0], [0.0, 0.0, 1000.0, 0.0], [0.0, 0.0, 0.0, 0.0]], ""R"": [[1000.0, 0.0], [0.0, 1000.0]], ""P"": [[100.0, 0.0, 0.0, 0.0], [0.0, 10000.0, 0.0, 0.0], [0.0, 0.0, 100.0, 0.0], [0.0, 0.0, 0.0, 10000.0]]}","[0.010614124592947824, -0.11419812232000857, 0.0]",False
3,P02,6800b3a4-1011-434f-a1f4-d5be725d3709,7,1,haply,mpc,seeded_random,1538163069,persist_session,10.0,1785314985.5198517,5072.581651294,0,1785314985.5168684,578,True,normal,fixed,-0.08,-0.08,0.0,0.08,-0.08,0.0,0.079508745,-0.07950837999999999,0.0,0.083441295,-0.2155679,0.08778215,-2.0710664e-05,0.00040046935,0.002980135,"[0.7460210385558064, 1.3412414318861778, 0.0, 0.0, 0.0, 0.0, -6.08452568892315, 11.592855209340463]","[0.0003664865652957297, 0.002991274519188472, 0.0]","{""Controller Type"": ""MPC Controller"", ""weight_comfort"": 1000.0, ""weight_trajectory"": 1000.0, ""weight_goal"": 100.0, ""Q"": [[1000.0, 0.0, 0.0, 0.0], [0.0, 0.0, 0.0, 0.0], [0.0, 0.0, 1000.0, 0.0], [0.0, 0.0, 0.0, 0.0]], ""R"": [[1000.0, 0.0], [0.0, 1000.0]], ""P"": [[100.0, 0.0, 0.0, 0.0], [0.0, 10000.0, 0.0, 0.0], [0.0, 0.0, 100.0, 0.0], [0.0, 0.0, 0.0, 10000.0]]}","[0.009909171640266591, -0.011001183414743503, 0.0]",False
3,P02,6800b3a4-1011-434f-a1f4-d5be725d3709,7,1,haply,mpc,seeded_random,1538163069,persist_session,10.0,1785314985.529879,5072.591671462,0,1785314985.526737,579,True,normal,fixed,-0.08,-0.08,0.0,0.08,-0.08,0.0,0.079508745,-0.07950837999999999,0.0,0.083441295,-0.2155679,0.08778215,-2.0165015e-05,0.00043121984,0.0032857892,"[0.7460207379274516, 1.3412415403843232, 0.0, 0.0, 0.0, 0.0, -6.084495012881163, 11.592845797803093]","[0.00036648641761054723, 0.0029912594382327106, 0.0]","{""Controller Type"": ""MPC Controller"", ""weight_comfort"": 1000.0, ""weight_trajectory"": 1000.0, ""weight_goal"": 100.0, ""Q"": [[1000.0, 0.0, 0.0, 0.0], [0.0, 0.0, 0.0, 0.0], [0.0, 0.0, 1000.0, 0.0], [0.0, 0.0, 0.0, 0.0]], ""R"": [[1000.0, 0.0], [0.0, 1000.0]], ""P"": [[100.0, 0.0, 0.0, 0.0], [0.0, 10000.0, 0.0, 0.0], [0.0, 0.0, 100.0, 0.0], [0.0, 0.0, 0.0, 10000.0]]}","[0.00990917164026659, -0.01100118341474348, 0.0]",False
3,P02,6800b3a4-1011-434f-a1f4-d5be725d3709,7,1,haply,mpc,seeded_random,1538163069,persist_session,10.0,1785314985.5398796,5072.601678744,0,1785314985.536635,580,True,normal,fixed,-0.08,-0.08,0.0,0.08,-0.08,0.0,0.079508745,-0.07950837999999999,0.0,0.083441295,-0.2155679,0.08778215,-1.6602471e-05,0.0003654181,0.0028018574,"[0.7460204357886457, 1.3412416494275972, 0.0, 0.0, 0.0, 0.0, -6.084464182999862, 11.592836339067182]","[0.0003664862691833482, 0.0029912442816464654, 0.0]","{""Controller Type"": ""MPC Controller"", ""weight_comfort"": 1000.0, ""weight_trajectory"": 1000.0, ""weight_goal"": 100.0, ""Q"": [[1000.0, 0.0, 0.0, 0.0], [0.0, 0.0, 0.0, 0.0], [0.0, 0.0, 1000.0, 0.0], [0.0, 0.0, 0.0, 0.0]], ""R"": [[1000.0, 0.0], [0.0, 1000.0]], ""P"": [[100.0, 0.0, 0.0, 0.0], [0.0, 10000.0, 0.0, 0.0], [0.0, 0.0, 100.0, 0.0], [0.0, 0.0, 0.0, 10000.0]]}","[0.00990917164026656, -0.011001183414743477, 0.0]",False
3,P02,6800b3a4-1011-434f-a1f4-d5be725d3709,7,1,haply,mpc,seeded_random,1538163069,persist_session,10.0,1785314985.5498343,5072.611635429,0,1785314985.546789,581,True,normal,fixed,-0.08,-0.08,0.0,0.08,-0.08,0.0,0.079508745,-0.07950837999999999,0.0,0.083441295,-0.2155679,0.08778215,-1.1796008e-05,0.00025962852,0.001990711,"[0.746020132131801, 1.3412417590187384, 0.0, 0.0, 0.0, 0.0, -6.084433198509319, 11.59282683289651]","[0.0003664861200104049, 0.0029912290490512247, 0.0]","{""Controller Type"": ""MPC Controller"", ""weight_comfort"": 1000.0, ""weight_trajectory"": 1000.0, ""weight_goal"": 100.0, ""Q"": [[1000.0, 0.0, 0.0, 0.0], [0.0, 0.0, 0.0, 0.0], [0.0, 0.0, 1000.0, 0.0], [0.0, 0.0, 0.0, 0.0]], ""R"": [[1000.0, 0.0], [0.0, 1000.0]], ""P"": [[100.0, 0.0, 0.0, 0.0], [0.0, 10000.0, 0.0, 0.0], [0.0, 0.0, 100.0, 0.0], [0.0, 0.0, 0.0, 10000.0]]}","[0.009909171640266569, -0.011001183414743477, 0.0]",False
3,P02,6800b3a4-1011-434f-a1f4-d5be725d3709,7,1,haply,mpc,seeded_random,1538163069,persist_session,10.0,1785314985.5598009,5072.621602519,0,1785314985.5569026,582,True,normal,fixed,-0.08,-0.08,0.0,0.08,-0.08,0.0,0.079508745,-0.07950837999999999,0.0,0.083441295,-0.2155679,0.08778215,-8.387093e-06,0.00018459877,0.0014154178,"[0.7460198269492915, 1.341241869160499, 0.0, 0.0, 0.0, 0.0, -6.08440205863577, 11.592817279053685]","[0.0003664859700879712, 0.0029912137400665904, 0.0]","{""Controller Type"": ""MPC Controller"", ""weight_comfort"": 1000.0, ""weight_trajectory"": 1000.0, ""weight_goal"": 100.0, ""Q"": [[1000.0, 0.0, 0.0, 0.0], [0.0, 0.0, 0.0, 0.0], [0.0, 0.0, 1000.0, 0.0], [0.0, 0.0, 0.0, 0.0]], ""R"": [[1000.0, 0.0], [0.0, 1000.0]], ""P"": [[100.0, 0.0, 0.0, 0.0], [0.0, 10000.0, 0.0, 0.0], [0.0, 0.0, 100.0, 0.0], [0.0, 0.0, 0.0, 10000.0]]}","[0.009909171640266569, -0.011001183414743477, 0.0]",False
3,P02,6800b3a4-1011-434f-a1f4-d5be725d3709,7,1,haply,mpc,seeded_random,1538163069,persist_session,10.0,1785314985.5698247,5072.631619953,0,1785314985.5668216,583,True,normal,fixed,-0.08,-0.08,0.0,0.08,-0.08,0.0,0.079508745,-0.07950837999999999,0.0,0.083441295,-0.2155679,0.08778215,-6.089443e-06,0.00013402787,0.0010276631,"[0.7460195202334531, 1.341241979855645, 0.0, 0.0, 0.0, 0.0, -6.084370762601594, 11.592807677300131]","[0.000366485819412282, 0.002991198354310269, 0.0]","{""Controller Type"": ""MPC Controller"", ""weight_comfort"": 1000.0, ""weight_trajectory"": 1000.0, ""weight_goal"": 100.0, ""Q"": [[1000.0, 0.0, 0.0, 0.0], [0.0, 0.0, 0.0, 0.0], [0.0, 0.0, 1000.0, 0.0], [0.0, 0.0, 0.0, 0.0]], ""R"": [[1000.0, 0.0], [0.0, 1000.0]], ""P"": [[100.0, 0.0, 0.0, 0.0], [0.0, 10000.0, 0.0, 0.0], [0.0, 0.0, 100.0, 0.0], [0.0, 0.0, 0.0, 10000.0]]}","[0.009909171640266569, -0.011001183414743477, 0.0]",False
3,P02,6800b3a4-1011-434f-a1f4-d5be725d3709,7,1,haply,mpc,seeded_random,1538163069,persist_session,10.0,1785314985.5798085,5072.641612615,0,1785314985.5769546,584,True,normal,fixed,-0.08,-0.08,0.0,0.08,-0.08,0.0,0.079508745,-0.07950837999999999,0.0,0.083441295,-0.2155679,0.08778215,-4.3802315e-06,9.640832e-05,0.0007392141,"[0.7460192119765832, 1.3412420911069562, 0.0, 0.0, 0.0, 0.0, -6.084339309625296, 11.59279802739608]","[0.0003664856679795534, 0.0029911828913980615, 0.0]","{""Controller Type"": ""MPC Controller"", ""weight_comfort"": 1000.0, ""weight_trajectory"": 1000.0, ""weight_goal"": 100.0, ""Q"": [[1000.0, 0.0, 0.0, 0.0], [0.0, 0.0, 0.0, 0.0], [0.0, 0.0, 1000.0, 0.0], [0.0, 0.0, 0.0, 0.0]], ""R"": [[1000.0, 0.0], [0.0, 1000.0]], ""P"": [[100.0, 0.0, 0.0, 0.0], [0.0, 10000.0, 0.0, 0.0], [0.0, 0.0, 100.0, 0.0], [0.0, 0.0, 0.0, 10000.0]]}","[0.009909171640266569, -0.011001183414743477, 0.0]",False
3,P02,6800b3a4-1011-434f-a1f4-d5be725d3709,7,1,haply,mpc,seeded_random,1538163069,persist_session,10.0,1785314985.5899572,5072.651747306,0,1785314985.587049,585,True,normal,fixed,-0.08,-0.08,0.0,0.08,-0.08,0.0,0.07950768000000003,-0.07935702,0.0,0.08344094,-0.21555838,0.08785783,-3.1903835e-06,7.021991e-05,0.0005384136,"[0.7460189021709405, 1.3412422029172266, 0.0, 0.0, 0.0, 0.0, -6.084307698921484, 11.592788329100571]","[0.0003664855157859824, 0.0029911673509438533, 0.0]","{""Controller Type"": ""MPC Controller"", ""weight_comfort"": 1000.0, ""weight_trajectory"": 1000.0, ""weight_goal"": 100.0, ""Q"": [[1000.0, 0.0, 0.0, 0.0], [0.0, 0.0, 0.0, 0.0], [0.0, 0.0, 1000.0, 0.0], [0.0, 0.0, 0.0, 0.0]], ""R"": [[1000.0, 0.0], [0.0, 1000.0]], ""P"": [[100.0, 0.0, 0.0, 0.0], [0.0, 10000.0, 0.0, 0.0], [0.0, 0.0, 100.0, 0.0], [0.0, 0.0, 0.0, 10000.0]]}","[0.009909171640266569, -0.011001183414743477, 0.0]",False
3,P02,6800b3a4-1011-434f-a1f4-d5be725d3709,7,1,haply,mpc,seeded_random,1538163069,persist_session,10.0,1785314985.5997806,5072.661583232,0,1785314985.5973046,586,True,normal,fixed,-0.08,-0.08,0.0,0.08,-0.08,0.0,0.07950768000000003,-0.07935702,0.0,0.08344094,-0.21555838,0.08785783,-4.1878857e-06,0.00010083054,0.0007872641,"[0.7460091078851037, 1.3412463609201641, 0.0, 0.0, 0.0, 0.0, -6.232087133702586, 11.793970697646614]","[0.0002257683509751844, 0.18085116531942771, 0.0]","{""Controller Type"": ""MPC Controller"", ""weight_comfort"": 1000.0, ""weight_trajectory"": 1000.0, ""weight_goal"": 100.0, ""Q"": [[1000.0, 0.0, 0.0, 0.0], [0.0, 0.0, 0.0, 0.0], [0.0, 0.0, 1000.0, 0.0], [0.0, 0.0, 0.0, 0.0]], ""R"": [[1000.0, 0.0], [0.0, 1000.0]], ""P"": [[100.0, 0.0, 0.0, 0.0], [0.0, 10000.0, 0.0, 0.0], [0.0, 0.0, 100.0, 0.0], [0.0, 0.0, 0.0, 10000.0]]}","[0.010638256706253504, -0.11495415850938558, 0.0]",False
3,P02,6800b3a4-1011-434f-a1f4-d5be725d3709,7,1,haply,mpc,seeded_random,1538163069,persist_session,10.0,1785314985.6098158,5072.671607839,0,1785314985.6070366,587,True,normal,fixed,-0.08,-0.08,0.0,0.08,-0.08,0.0,0.07950660000000001,-0.07920563,0.0,0.08344058,-0.21554886,0.087933525,-4.952404e-06,0.00012338329,0.0009695422,"[0.7460175966946728, 1.34124329727031, 0.0, 0.0, 0.0, 0.0, -6.2116316057842536, 11.787707646259957]","[0.0003672793832047039, 0.0039939548898871675, 0.0]","{""Controller Type"": ""MPC Controller"", ""weight_comfort"": 1000.0, ""weight_trajectory"": 1000.0, ""weight_goal"": 100.0, ""Q"": [[1000.0, 0.0, 0.0, 0.0], [0.0, 0.0, 0.0, 0.0], [0.0, 0.0, 1000.0, 0.0], [0.0, 0.0, 0.0, 0.0]], ""R"": [[1000.0, 0.0], [0.0, 1000.0]], ""P"": [[100.0, 0.0, 0.0, 0.0], [0.0, 10000.0, 0.0, 0.0], [0.0, 0.0, 100.0, 0.0], [0.0, 0.0, 0.0, 10000.0]]}","[0.009930654199510445, -0.014388228535222232, 0.0]",False
3,P02,6800b3a4-1011-434f-a1f4-d5be725d3709,7,1,haply,mpc,seeded_random,1538163069,persist_session,10.0,1785314985.6199698,5072.681750625,0,1785314985.6167386,588,True,normal,fixed,-0.08,-0.08,0.0,0.08,-0.08,0.0,0.07950546000000003,-0.07905431999999998,0.0,0.0834402,-0.21553926,0.08800918,-6.3810667e-06,0.00016073168,0.0012655536,"[0.7460067664148347, 1.3412479266662962, 0.0, 0.0, 0.0, 0.0, -6.382087877526596, 12.015642519846951]","[0.00021923607095815112, 0.19198369613879043, 0.0]","{""Controller Type"": ""MPC Controller"", ""weight_comfort"": 1000.0, ""weight_trajectory"": 1000.0, ""weight_goal"": 100.0, ""Q"": [[1000.0, 0.0, 0.0, 0.0], [0.0, 0.0, 0.0, 0.0], [0.0, 0.0, 1000.0, 0.0], [0.0, 0.0, 0.0, 0.0]], ""R"": [[1000.0, 0.0], [0.0, 1000.0]], ""P"": [[100.0, 0.0, 0.0, 0.0], [0.0, 10000.0, 0.0, 0.0], [0.0, 0.0, 100.0, 0.0], [0.0, 0.0, 0.0, 10000.0]]}","[0.010696728578923238, -0.12210737959947565, 0.0]",False
3,P02,6800b3a4-1011-434f-a1f4-d5be725d3709,7,1,haply,mpc,seeded_random,1538163069,persist_session,10.0,1785314985.6299615,5072.69174354,0,1785314985.6269033,589,True,normal,fixed,-0.08,-0.08,0.0,0.08,-0.08,0.0,0.07950432,-0.07890297999999998,0.0,0.08343982,-0.21552965,0.08808485,-7.9829815e-06,0.00020086352,0.0015812219,"[0.7460059329204533, 1.3412482858232126, 0.0, 0.0, 0.0, 0.0, -6.358473615676613, 11.984702335079833]","[0.00021133049465339764, 0.19292417529346415, 0.0]","{""Controller Type"": ""MPC Controller"", ""weight_comfort"": 1000.0, ""weight_trajectory"": 1000.0, ""weight_goal"": 100.0, ""Q"": [[1000.0, 0.0, 0.0, 0.0], [0.0, 0.0, 0.0, 0.0], [0.0, 0.0, 1000.0, 0.0], [0.0, 0.0, 0.0, 0.0]], ""R"": [[1000.0, 0.0], [0.0, 1000.0]], ""P"": [[100.0, 0.0, 0.0, 0.0], [0.0, 10000.0, 0.0, 0.0], [0.0, 0.0, 100.0, 0.0], [0.0, 0.0, 0.0, 10000.0]]}","[0.01076350601381551, -0.1257610498283235, 0.0]",False
3,P02,6800b3a4-1011-434f-a1f4-d5be725d3709,7,1,haply,mpc,seeded_random,1538163069,persist_session,10.0,1785314985.6398404,5072.701636661,0,1785314985.6366591,590,True,normal,fixed,-0.08,-0.08,0.0,0.08,-0.08,0.0,0.07950432,-0.07890297999999998,0.0,0.08343982,-0.21552965,0.08808485,-9.426627e-06,0.00023627968,0.0018587189,"[0.7460062232783913, 1.3412481616032568, 0.0, 0.0, 0.0, 0.0, -6.326947733044167, 11.944488653569636]","[0.00021935612861841454, 0.18477901344026307, 0.0]","{""Controller Type"": ""MPC Controller"", ""weight_comfort"": 1000.0, ""weight_trajectory"": 1000.0, ""weight_goal"": 100.0, ""Q"": [[1000.0, 0.0, 0.0, 0.0], [0.0, 0.0, 0.0, 0.0], [0.0, 0.0, 1000.0, 0.0], [0.0, 0.0, 0.0, 0.0]], ""R"": [[1000.0, 0.0], [0.0, 1000.0]], ""P"": [[100.0, 0.0, 0.0, 0.0], [0.0, 10000.0, 0.0, 0.0], [0.0, 0.0, 100.0, 0.0], [0.0, 0.0, 0.0, 10000.0]]}","[0.010750622873953527, -0.12440535052414282, 0.0]",False
3,P02,6800b3a4-1011-434f-a1f4-d5be725d3709,7,1,haply,mpc,seeded_random,1538163069,persist_session,10.0,1785314985.6498091,5072.711603137,0,1785314985.6466444,591,True,normal,fixed,-0.08,-0.08,0.0,0.08,-0.08,0.0,0.07950432,-0.07890297999999998,0.0,0.08343982,-0.21552965,0.08808485,-1.3510989e-05,0.00033762553,0.0026544852,"[0.7460160031094445, 1.3412446320188987, 0.0, 0.0, 0.0, 0.0, -6.289792153994678, 11.93318990592392]","[0.0003697852124212882, 0.0069000277887753545, 0.0]","{""Controller Type"": ""MPC Controller"", ""weight_comfort"": 1000.0, ""weight_trajectory"": 1000.0, ""weight_goal"": 100.0, ""Q"": [[1000.0, 0.0, 0.0, 0.0], [0.0, 0.0, 0.0, 0.0], [0.0, 0.0, 1000.0, 0.0], [0.0, 0.0, 0.0, 0.0]], ""R"": [[1000.0, 0.0], [0.0, 1000.0]], ""P"": [[100.0, 0.0, 0.0, 0.0], [0.0, 10000.0, 0.0, 0.0], [0.0, 0.0, 100.0, 0.0], [0.0, 0.0, 0.0, 10000.0]]}","[0.009998430161069691, -0.02454846880016915, 0.0]",False
3,P02,6800b3a4-1011-434f-a1f4-d5be725d3709,7,1,haply,mpc,seeded_random,1538163069,persist_session,10.0,1785314985.659831,5072.721627155,0,1785314985.656655,592,True,normal,fixed,-0.08,-0.08,0.0,0.08,-0.08,0.0,0.07950432,-0.07890297999999998,0.0,0.08343982,-0.21552965,0.08808485,-1.865923e-05,0.00046559138,0.0036595934,"[0.7460156764364109, 1.3412447499166438, 0.0, 0.0, 0.0, 0.0, -6.289624089076921, 11.933138798576318]","[0.0003697850504959989, 0.0068998434181992765, 0.0]","{""Controller Type"": ""MPC Controller"", ""weight_comfort"": 1000.0, ""weight_trajectory"": 1000.0, ""weight_goal"": 100.0, ""Q"": [[1000.0, 0.0, 0.0, 0.0], [0.0, 0.0, 0.0, 0.0], [0.0, 0.0, 1000.0, 0.0], [0.0, 0.0, 0.0, 0.0]], ""R"": [[1000.0, 0.0], [0.0, 1000.0]], ""P"": [[100.0, 0.0, 0.0, 0.0], [0.0, 10000.0, 0.0, 0.0], [0.0, 0.0, 100.0, 0.0], [0.0, 0.0, 0.0, 10000.0]]}","[0.009998430161069664, -0.02454846880016911, 0.0]",False
3,P02,6800b3a4-1011-434f-a1f4-d5be725d3709,7,1,haply,mpc,seeded_random,1538163069,persist_session,10.0,1785314985.6698325,5072.731625441,0,1785314985.666655,593,True,normal,fixed,-0.08,-0.08,0.0,0.08,-0.08,0.0,0.07950432,-0.07890297999999998,0.0,0.08343982,-0.21552965,0.08808485,-2.2007767e-05,0.00054880854,0.004313202,"[0.7460153481220925, 1.341244868406736, 0.0, 0.0, 0.0, 0.0, -6.289455188660887, 11.933087437159624]","[0.00036978488775715756, 0.00689965813106488, 0.0]","{""Controller Type"": ""MPC Controller"", ""weight_comfort"": 1000.0, ""weight_trajectory"": 1000.0, ""weight_goal"": 100.0, ""Q"": [[1000.0, 0.0, 0.0, 0.0], [0.0, 0.0, 0.0, 0.0], [0.0, 0.0, 1000.0, 0.0], [0.0, 0.0, 0.0, 0.0]], ""R"": [[1000.0, 0.0], [0.0, 1000.0]], ""P"": [[100.0, 0.0, 0.0, 0.0], [0.0, 10000.0, 0.0, 0.0], [0.0, 0.0, 100.0, 0.0], [0.0, 0.0, 0.0, 10000.0]]}","[0.009998430161069658, -0.02454846880016911, 0.0]",False
3,P02,6800b3a4-1011-434f-a1f4-d5be725d3709,7,1,haply,mpc,seeded_random,1538163069,persist_session,10.0,1785314985.6798828,5072.741675381,0,1785314985.6766906,594,True,normal,fixed,-0.08,-0.08,0.0,0.08,-0.08,0.0,0.07950432,-0.07890297999999998,0.0,0.08343982,-0.21552965,0.08808485,-1.5822705e-05,0.00039457137,0.0031010197,"[0.7460150181582446, 1.3412449874921506, 0.0, 0.0, 0.0, 0.0, -6.28928544863853, 11.933035820424614]","[0.0003697847242006774, 0.006899471922865554, 0.0]","{""Controller Type"": ""MPC Controller"", ""weight_comfort"": 1000.0, ""weight_trajectory"": 1000.0, ""weight_goal"": 100.0, ""Q"": [[1000.0, 0.0, 0.0, 0.0], [0.0, 0.0, 0.0, 0.0], [0.0, 0.0, 1000.0, 0.0], [0.0, 0.0, 0.0, 0.0]], ""R"": [[1000.0, 0.0], [0.0, 1000.0]], ""P"": [[100.0, 0.0, 0.0, 0.0], [0.0, 10000.0, 0.0, 0.0], [0.0, 0.0, 100.0, 0.0], [0.0, 0.0, 0.0, 10000.0]]}","[0.009998430161069658, -0.024548468800169105, 0.0]",False
3,P02,6800b3a4-1011-434f-a1f4-d5be725d3709,7,1,haply,mpc,seeded_random,1538163069,persist_session,10.0,1785314985.6899724,5072.751768668,0,1785314985.6868882,595,True,normal,fixed,-0.08,-0.08,0.0,0.08,-0.08,0.0,0.07950432,-0.07890297999999998,0.0,0.08343982,-0.21552965,0.08808485,-1.13488695e-05,0.00028300716,0.0022242125,"[0.746014686536581, 1.3412451071758782, 0.0, 0.0, 0.0, 0.0, -6.28911486488206, 11.932983947116053]","[0.0003697845598224512, 0.00689928478907303, 0.0]","{""Controller Type"": ""MPC Controller"", ""weight_comfort"": 1000.0, ""weight_trajectory"": 1000.0, ""weight_goal"": 100.0, ""Q"": [[1000.0, 0.0, 0.0, 0.0], [0.0, 0.0, 0.0, 0.0], [0.0, 0.0, 1000.0, 0.0], [0.0, 0.0, 0.0, 0.0]], ""R"": [[1000.0, 0.0], [0.0, 1000.0]], ""P"": [[100.0, 0.0, 0.0, 0.0], [0.0, 10000.0, 0.0, 0.0], [0.0, 0.0, 100.0, 0.0], [0.0, 0.0, 0.0, 10000.0]]}","[0.009998430161069658, -0.02454846880016911, 0.0]",False
3,P02,6800b3a4-1011-434f-a1f4-d5be725d3709,7,1,haply,mpc,seeded_random,1538163069,persist_session,10.0,1785314985.6999469,5072.761737383,0,1785314985.6966982,596,True,normal,fixed,-0.08,-0.08,0.0,0.08,-0.08,0.0,0.07950432,-0.07890297999999998,0.0,0.08343982,-0.21552965,0.08808485,-8.0748605e-06,0.00020136307,0.0015825545,"[0.7460143532487739, 1.3412452274609246, 0.0, 0.0, 0.0, 0.0, -6.288943433243853, 11.93293181597268]","[0.00036978439461835097, 0.006899096725137285, 0.0]","{""Controller Type"": ""MPC Controller"", ""weight_comfort"": 1000.0, ""weight_trajectory"": 1000.0, ""weight_goal"": 100.0, ""Q"": [[1000.0, 0.0, 0.0, 0.0], [0.0, 0.0, 0.0, 0.0], [0.0, 0.0, 1000.0, 0.0], [0.0, 0.0, 0.0, 0.0]], ""R"": [[1000.0, 0.0], [0.0, 1000.0]], ""P"": [[100.0, 0.0, 0.0, 0.0], [0.0, 10000.0, 0.0, 0.0], [0.0, 0.0, 100.0, 0.0], [0.0, 0.0, 0.0, 10000.0]]}","[0.009998430161069658, -0.02454846880016911, 0.0]",False
3,P02,6800b3a4-1011-434f-a1f4-d5be725d3709,7,1,haply,mpc,seeded_random,1538163069,persist_session,10.0,1785314985.709829,5072.771621958,0,1785314985.7069855,597,True,normal,fixed,-0.08,-0.08,0.0,0.08,-0.08,0.0,0.07923729,-0.07889685999999999,0.0,0.08335081,-0.21556285,0.08808791,-1.7790499e-05,0.00015683073,0.0012661391,"[0.7460140182864538, 1.34124534835031, 0.0, 0.0, 0.0, 0.0, -6.2887711495563625, 11.93287942572717]","[0.00036978422858422816, 0.006898907726486434, 0.0]","{""Controller Type"": ""MPC Controller"", ""weight_comfort"": 1000.0, ""weight_trajectory"": 1000.0, ""weight_goal"": 100.0, ""Q"": [[1000.0, 0.0, 0.0, 0.0], [0.0, 0.0, 0.0, 0.0], [0.0, 0.0, 1000.0, 0.0], [0.0, 0.0, 0.0, 0.0]], ""R"": [[1000.0, 0.0], [0.0, 1000.0]], ""P"": [[100.0, 0.0, 0.0, 0.0], [0.0, 10000.0, 0.0, 0.0], [0.0, 0.0, 100.0, 0.0], [0.0, 0.0, 0.0, 10000.0]]}","[0.009998430161069658, -0.02454846880016911, 0.0]",False
3,P02,6800b3a4-1011-434f-a1f4-d5be725d3709,7,1,haply,mpc,seeded_random,1538163069,persist_session,10.0,1785314985.7200031,5072.781781292,0,1785314985.7170382,598,True,normal,fixed,-0.08,-0.08,0.0,0.08,-0.08,0.0,0.07923729,-0.07889685999999999,0.0,0.08335081,-0.21556285,0.08808791,-6.983515e-05,8.089543e-05,0.0008301583,"[0.6997293508411907, 1.3958848312144623, 0.0, 0.0, 0.0, 0.0, -6.290057574078189, 11.933489396301084]","[-0.0356996918863595, 0.014038156277146817, 0.0]","{""Controller Type"": ""MPC Controller"", ""weight_comfort"": 1000.0, ""weight_trajectory"": 1000.0, ""weight_goal"": 100.0, ""Q"": [[1000.0, 0.0, 0.0, 0.0], [0.0, 0.0, 0.0, 0.0], [0.0, 0.0, 1000.0, 0.0], [0.0, 0.0, 0.0, 0.0]], ""R"": [[1000.0, 0.0], [0.0, 1000.0]], ""P"": [[100.0, 0.0, 0.0, 0.0], [0.0, 10000.0, 0.0, 0.0], [0.0, 0.0, 100.0, 0.0], [0.0, 0.0, 0.0, 10000.0]]}","[0.1894771734254741, -0.028675402096382183, 0.0]",False
3,P02,6800b3a4-1011-434f-a1f4-d5be725d3709,7,1,haply,mpc,seeded_random,1538163069,persist_session,10.0,1785314985.7298388,5072.791632294,0,1785314985.7278616,599,True,normal,fixed,-0.08,-0.08,0.0,0.08,-0.08,0.0,0.07897024500000001,-0.07889076,0.0,0.083261795,-0.21559598,0.08809096,-0.00012112946,3.1134467e-05,0.00059439923,"[0.7033631806831675, 1.394573927112407, 0.0, 0.0, 0.0, 0.0, -6.288380652239979, 11.93297946703989]","[0.0005364621315388585, 0.006936964232712114, 0.0]","{""Controller Type"": ""MPC Controller"", ""weight_comfort"": 1000.0, ""weight_trajectory"": 1000.0, ""weight_goal"": 100.0, ""Q"": [[1000.0, 0.0, 0.0, 0.0], [0.0, 0.0, 0.0, 0.0], [0.0, 0.0, 1000.0, 0.0], [0.0, 0.0, 0.0, 0.0]], ""R"": [[1000.0, 0.0], [0.0, 1000.0]], ""P"": [[100.0, 0.0, 0.0, 0.0], [0.0, 10000.0, 0.0, 0.0], [0.0, 0.0, 100.0, 0.0], [0.0, 0.0, 0.0, 10000.0]]}","[0.015384803677459782, -0.02468541856323289, 0.0]",False
3,P02,6800b3a4-1011-434f-a1f4-d5be725d3709,7,1,haply,mpc,seeded_random,1538163069,persist_session,10.0,1785314985.7398746,5072.801652993,0,1785314985.736978,600,True,normal,fixed,-0.08,-0.08,0.0,0.08,-0.08,0.0,0.07870320000000001,-0.07888464,0.0,0.08317278,-0.2156291,0.08809402,-0.00020425313,-2.1633345e-05,0.00042780433,"[0.6620192667812849, 1.442340609514045, 0.0, 0.0, 0.0, 0.0, -6.289516022471768, 11.933508142116926]","[-0.03490476239111932, 0.013702177873580454, 0.0]","{""Controller Type"": ""MPC Controller"", ""weight_comfort"": 1000.0, ""weight_trajectory"": 1000.0, ""weight_goal"": 100.0, ""Q"": [[1000.0, 0.0, 0.0, 0.0], [0.0, 0.0, 0.0, 0.0], [0.0, 0.0, 1000.0, 0.0], [0.0, 0.0, 0.0, 0.0]], ""R"": [[1000.0, 0.0], [0.0, 1000.0]], ""P"": [[100.0, 0.0, 0.0, 0.0], [0.0, 10000.0, 0.0, 0.0], [0.0, 0.0, 100.0, 0.0], [0.0, 0.0, 0.0, 10000.0]]}","[0.18624848331610042, -0.028601844467531314, 0.0]",False
