schema_version,participant_id,session_id,trial_id,attempt_id,input_source,controller_family,order_strategy,order_seed,estimator_state_policy,max_control_amplitude,timestamp,monotonic_timestamp,missed_cycle_count,cursor_timestamp,cursor_sample_sequence,study_running,study_phase,study_controller_mode,start_x,start_y,start_z,end_x,end_y,end_z,cursor_x,cursor_y,cursor_z,haply_pos_x,haply_pos_y,haply_pos_z,haply_vel_x,haply_vel_y,haply_vel_z,K_h,u_h,K_a,u_a,endpoint_reached
3,P21,09ce0dcc-884e-4c47-9efa-46e431e4bea2,24,1,haply,mpc,seeded_random,2698308921,persist_session,10.0,58.009343681335444,1624.079564289,0,1786366625.5014431,698.0,True,normal,adaptive,-0.064,-0.048,0.0,0.064,0.048,0.0,-0.064335597,-0.0476081,0.0,0.013769497,-0.04981533,0.17724483,-7.002375e-05,-0.00028274578,-0.0002832994,,,"{""Controller Type"": ""MPC Controller"", ""weight_comfort"": 500.0, ""weight_trajectory"": 3000.0, ""weight_goal"": 1000.0, ""Q"": [[3000.0, 0.0, 0.0, 0.0], [0.0, 0.0, 0.0, 0.0], [0.0, 0.0, 3000.0, 0.0], [0.0, 0.0, 0.0, 0.0]], ""R"": [[500.0, 0.0], [0.0, 500.0]], ""P"": [[1000.0, 0.0, 0.0, 0.0], [0.0, 100000.0, 0.0, 0.0], [0.0, 0.0, 1000.0, 0.0], [0.0, 0.0, 0.0, 100000.0]]}",,
3,P21,09ce0dcc-884e-4c47-9efa-46e431e4bea2,24,1,haply,mpc,seeded_random,2698308921,persist_session,10.0,58.01940566062927,1624.089630519,0,1786366625.5112915,699.0,True,normal,adaptive,-0.064,-0.048,0.0,0.064,0.048,0.0,-0.0643482299999999,-0.04764292,0.0,0.013765286,-0.04983232,0.17722742,-9.434993e-05,-0.0003809153,-0.00038521053,,,"{""Controller Type"": ""MPC Controller"", ""weight_comfort"": 500.0, ""weight_trajectory"": 3000.0, ""weight_goal"": 1000.0, ""Q"": [[3000.0, 0.0, 0.0, 0.0], [0.0, 0.0, 0.0, 0.0], [0.0, 0.0, 3000.0, 0.0], [0.0, 0.0, 0.0, 0.0]], ""R"": [[500.0, 0.0], [0.0, 500.0]], ""P"": [[1000.0, 0.0, 0.0, 0.0], [0.0, 100000.0, 0.0, 0.0], [0.0, 0.0, 1000.0, 0.0], [0.0, 0.0, 0.0, 100000.0]]}","[0.008529912553797108, 0.006343557806847189, 0.0]",
3,P21,09ce0dcc-884e-4c47-9efa-46e431e4bea2,24,1,haply,mpc,seeded_random,2698308921,persist_session,10.0,58.029371318817134,1624.099589192,0,1786366625.5214598,700.0,True,normal,adaptive,-0.064,-0.048,0.0,0.064,0.048,0.0,-0.0643482299999999,-0.04764292,0.0,0.013765286,-0.04983232,0.17722742,-0.00011615286,-0.00046890735,-0.00047622313,"[-0.950037728046193, 0.11049440368024895, 0.0, 0.0, 0.0, 0.0, -3.366586303402194, 0.22814870055957295]","[-0.12207739776015383, -0.3227967905483161, 0.0]","{""Controller Type"": ""MPC Controller"", ""weight_comfort"": 530.342821610424, ""weight_trajectory"": 2817.9430703374564, ""weight_goal"": 1000.0, ""Q"": [[2817.9430703374564, 0.0, 0.0, 0.0], [0.0, 0.0, 0.0, 0.0], [0.0, 0.0, 2817.9430703374564, 0.0], [0.0, 0.0, 0.0, 0.0]], ""R"": [[530.342821610424, 0.0], [0.0, 530.342821610424]], ""P"": [[1000.0, 0.0, 0.0, 0.0], [0.0, 100000.0, 0.0, 0.0], [0.0, 0.0, 1000.0, 0.0], [0.0, 0.0, 0.0, 100000.0]]}","[0.008554595801641906, 0.006411591583424902, 0.0]",
3,P21,09ce0dcc-884e-4c47-9efa-46e431e4bea2,24,1,haply,mpc,seeded_random,2698308921,persist_session,10.0,58.039332923889155,1624.109560569,0,1786366625.5314794,701.0,True,normal,adaptive,-0.064,-0.048,0.0,0.064,0.048,0.0,-0.0643482299999999,-0.04764292,0.0,0.013765286,-0.04983232,0.17722742,-0.00013233305,-0.0005342071,-0.0005437646,"[-0.01078528851666627, 0.2650322072700814, 0.0, 0.0, 0.0, 0.0, -0.025507853297411565, 1.3451106590679358]","[-0.0013842726911534409, -0.0024396455722960715, 0.0]","{""Controller Type"": ""MPC Controller"", ""weight_comfort"": 530.342821610424, ""weight_trajectory"": 2817.9430703374564, ""weight_goal"": 1000.0, ""Q"": [[2817.9430703374564, 0.0, 0.0, 0.0], [0.0, 0.0, 0.0, 0.0], [0.0, 0.0, 2817.9430703374564, 0.0], [0.0, 0.0, 0.0, 0.0]], ""R"": [[530.342821610424, 0.0], [0.0, 530.342821610424]], ""P"": [[1000.0, 0.0, 0.0, 0.0], [0.0, 100000.0, 0.0, 0.0], [0.0, 0.0, 1000.0, 0.0], [0.0, 0.0, 0.0, 100000.0]]}","[0.008282873314091586, 0.006162517961349995, 0.0]",False
3,P21,09ce0dcc-884e-4c47-9efa-46e431e4bea2,24,1,haply,mpc,seeded_random,2698308921,persist_session,10.0,58.04941540718078,1624.119622572,0,1786366625.5415466,702.0,True,normal,adaptive,-0.064,-0.048,0.0,0.064,0.048,0.0,-0.0643482299999999,-0.04764292,0.0,0.013765286,-0.04983232,0.17722742,-0.00017793817,-0.0007182869,-0.0007324509,"[-0.007255935223364452, 0.26561290153616457, 0.0, 0.0, 0.0, 0.0, -0.017262646227315326, 1.3478671291044395]","[-0.0009312864429134819, -0.0016510498921074221, 0.0]","{""Controller Type"": ""MPC Controller"", ""weight_comfort"": 530.342821610424, ""weight_trajectory"": 2817.9430703374564, ""weight_goal"": 1000.0, ""Q"": [[2817.9430703374564, 0.0, 0.0, 0.0], [0.0, 0.0, 0.0, 0.0], [0.0, 0.0, 2817.9430703374564, 0.0], [0.0, 0.0, 0.0, 0.0]], ""R"": [[530.342821610424, 0.0], [0.0, 530.342821610424]], ""P"": [[1000.0, 0.0, 0.0, 0.0], [0.0, 100000.0, 0.0, 0.0], [0.0, 0.0, 1000.0, 0.0], [0.0, 0.0, 0.0, 100000.0]]}","[0.008282873314104135, 0.006162517961358009, 0.0]",False
3,P21,09ce0dcc-884e-4c47-9efa-46e431e4bea2,24,1,haply,mpc,seeded_random,2698308921,persist_session,10.0,58.05932670593261,1624.129553113,0,1786366625.5512965,703.0,True,normal,adaptive,-0.064,-0.048,0.0,0.064,0.048,0.0,-0.0643482299999999,-0.04764292,0.0,0.013765286,-0.04983232,0.17722742,-0.000252253,-0.0010182589,-0.001039381,"[-0.005465595755252432, 0.2659074710442521, 0.0, 0.0, 0.0, 0.0, -0.013042532933827428, 1.3492779627857838]","[-0.0007014995410821628, -0.0012474259339874225, 0.0]","{""Controller Type"": ""MPC Controller"", ""weight_comfort"": 490.44769836218785, ""weight_trajectory"": 3057.3138098268723, ""weight_goal"": 1000.0, ""Q"": [[3057.3138098268723, 0.0, 0.0, 0.0], [0.0, 0.0, 0.0, 0.0], [0.0, 0.0, 3057.3138098268723, 0.0], [0.0, 0.0, 0.0, 0.0]], ""R"": [[490.44769836218785, 0.0], [0.0, 490.44769836218785]], ""P"": [[1000.0, 0.0, 0.0, 0.0], [0.0, 100000.0, 0.0, 0.0], [0.0, 0.0, 1000.0, 0.0], [0.0, 0.0, 0.0, 100000.0]]}","[0.008282873314104135, 0.006162517961358009, 0.0]",False
3,P21,09ce0dcc-884e-4c47-9efa-46e431e4bea2,24,1,haply,mpc,seeded_random,2698308921,persist_session,10.0,58.06941181182861,1624.139632148,0,1786366625.561592,704.0,True,normal,adaptive,-0.064,-0.048,0.0,0.064,0.048,0.0,-0.0643482299999999,-0.04764292,0.0,0.013765286,-0.04983232,0.17722742,-0.00018142542,-0.0007323521,-0.00074754347,"[-0.004383036678737119, 0.2660855874854771, 0.0, 0.0, 0.0, 0.0, -0.010478373020064132, 1.3501351917081146]","[-0.0005625549997409879, -0.0010021821924881525, 0.0]","{""Controller Type"": ""MPC Controller"", ""weight_comfort"": 490.44769836218785, ""weight_trajectory"": 3057.3138098268723, ""weight_goal"": 1000.0, ""Q"": [[3057.3138098268723, 0.0, 0.0, 0.0], [0.0, 0.0, 0.0, 0.0], [0.0, 0.0, 3057.3138098268723, 0.0], [0.0, 0.0, 0.0, 0.0]], ""R"": [[490.44769836218785, 0.0], [0.0, 490.44769836218785]], ""P"": [[1000.0, 0.0, 0.0, 0.0], [0.0, 100000.0, 0.0, 0.0], [0.0, 0.0, 1000.0, 0.0], [0.0, 0.0, 0.0, 100000.0]]}","[0.00861008774263958, 0.006405125494676603, 0.0]",False
3,P21,09ce0dcc-884e-4c47-9efa-46e431e4bea2,24,1,haply,mpc,seeded_random,2698308921,persist_session,10.0,58.07932334899902,1624.14954525,0,1786366625.571239,705.0,True,normal,adaptive,-0.064,-0.048,0.0,0.064,0.048,0.0,-0.0643608839999999,-0.0476777,0.0,0.013761068,-0.049849354,0.17721003,-0.0001306226,-0.00052727864,-0.00053821615,"[-0.003657815600965401, 0.26620491011670927, 0.0, 0.0, 0.0, 0.0, -0.008755349640845919, 1.3507112187595438]","[-0.00046947415805029545, -0.0008373872052714552, 0.0]","{""Controller Type"": ""MPC Controller"", ""weight_comfort"": 490.44769836218785, ""weight_trajectory"": 3057.3138098268723, ""weight_goal"": 1000.0, ""Q"": [[3057.3138098268723, 0.0, 0.0, 0.0], [0.0, 0.0, 0.0, 0.0], [0.0, 0.0, 3057.3138098268723, 0.0], [0.0, 0.0, 0.0, 0.0]], ""R"": [[490.44769836218785, 0.0], [0.0, 490.44769836218785]], ""P"": [[1000.0, 0.0, 0.0, 0.0], [0.0, 100000.0, 0.0, 0.0], [0.0, 0.0, 1000.0, 0.0], [0.0, 0.0, 0.0, 100000.0]]}","[0.008610087742620169, 0.006405125494664249, 0.0]",False
3,P21,09ce0dcc-884e-4c47-9efa-46e431e4bea2,24,1,haply,mpc,seeded_random,2698308921,persist_session,10.0,58.089402732849116,1624.159612196,0,1786366625.5814114,706.0,True,normal,adaptive,-0.064,-0.048,0.0,0.064,0.048,0.0,-0.0643608839999999,-0.0476777,0.0,0.013761068,-0.049849354,0.17721003,-0.000118221586,-0.0004772178,-0.000487249,"[-0.15289380569545657, 0.39440338966700816, 0.0, 0.0, 0.0, 0.0, -0.5418572029252642, 2.2969958811759907]","[-0.020142929976432536, -0.06012502403593711, 0.0]","{""Controller Type"": ""MPC Controller"", ""weight_comfort"": 489.06223693959737, ""weight_trajectory"": 3065.626578362416, ""weight_goal"": 1000.0, ""Q"": [[3065.626578362416, 0.0, 0.0, 0.0], [0.0, 0.0, 0.0, 0.0], [0.0, 0.0, 3065.626578362416, 0.0], [0.0, 0.0, 0.0, 0.0]], ""R"": [[489.06223693959737, 0.0], [0.0, 489.06223693959737]], ""P"": [[1000.0, 0.0, 0.0, 0.0], [0.0, 100000.0, 0.0, 0.0], [0.0, 0.0, 1000.0, 0.0], [0.0, 0.0, 0.0, 100000.0]]}","[0.008635468742137683, 0.0064748861366183685, 0.0]",False
3,P21,09ce0dcc-884e-4c47-9efa-46e431e4bea2,24,1,haply,mpc,seeded_random,2698308921,persist_session,10.0,58.09933548927307,1624.169550283,0,1786366625.5911567,707.0,True,normal,adaptive,-0.064,-0.048,0.0,0.064,0.048,0.0,-0.0643608839999999,-0.0476777,0.0,0.013761068,-0.049849354,0.17721003,-0.000117704796,-0.0004751295,-0.00048525742,"[-0.008648809949948433, 0.4424707403299435, 0.0, 0.0, 0.0, 0.0, -0.01282839172663619, 2.6507813180656696]","[-0.0011101688907233765, -0.00122739101510358, 0.0]","{""Controller Type"": ""MPC Controller"", ""weight_comfort"": 489.06223693959737, ""weight_trajectory"": 3065.626578362416, ""weight_goal"": 1000.0, ""Q"": [[3065.626578362416, 0.0, 0.0, 0.0], [0.0, 0.0, 0.0, 0.0], [0.0, 0.0, 3065.626578362416, 0.0], [0.0, 0.0, 0.0, 0.0]], ""R"": [[489.06223693959737, 0.0], [0.0, 489.06223693959737]], ""P"": [[1000.0, 0.0, 0.0, 0.0], [0.0, 100000.0, 0.0, 0.0], [0.0, 0.0, 1000.0, 0.0], [0.0, 0.0, 0.0, 100000.0]]}","[0.008622681350610962, 0.0064166196589921206, 0.0]",False
3,P21,09ce0dcc-884e-4c47-9efa-46e431e4bea2,24,1,haply,mpc,seeded_random,2698308921,persist_session,10.0,58.10946970939636,1624.179675009,0,1786366625.6013503,708.0,True,normal,adaptive,-0.064,-0.048,0.0,0.064,0.048,0.0,-0.0643608839999999,-0.0476777,0.0,0.013761068,-0.049849354,0.17721003,-0.00011731594,-0.00047355812,-0.00048375886,"[-0.007689574113622757, 0.44279039041606827, 0.0, 0.0, 0.0, 0.0, -0.011405915268638005, 2.6517325922581243]","[-0.0009870405308081334, -0.001091291739298167, 0.0]","{""Controller Type"": ""MPC Controller"", ""weight_comfort"": 489.06223693959737, ""weight_trajectory"": 3065.626578362416, ""weight_goal"": 1000.0, ""Q"": [[3065.626578362416, 0.0, 0.0, 0.0], [0.0, 0.0, 0.0, 0.0], [0.0, 0.0, 3065.626578362416, 0.0], [0.0, 0.0, 0.0, 0.0]], ""R"": [[489.06223693959737, 0.0], [0.0, 489.06223693959737]], ""P"": [[1000.0, 0.0, 0.0, 0.0], [0.0, 100000.0, 0.0, 0.0], [0.0, 0.0, 1000.0, 0.0], [0.0, 0.0, 0.0, 100000.0]]}","[0.008622681350610024, 0.006416619658991524, 0.0]",False
3,P21,09ce0dcc-884e-4c47-9efa-46e431e4bea2,24,1,haply,mpc,seeded_random,2698308921,persist_session,10.0,58.119442996978755,1624.189657563,0,1786366625.6112156,709.0,True,normal,adaptive,-0.064,-0.048,0.0,0.064,0.048,0.0,-0.0643608839999999,-0.0476777,0.0,0.013761068,-0.049849354,0.17721003,-0.00011705183,-0.00047249085,-0.00048274102,"[-0.006921180528685959, 0.443046445357201, 0.0, 0.0, 0.0, 0.0, -0.01026638720244722, 2.6524946460937784]","[-0.0008884088509857168, -0.000982264314839585, 0.0]","{""Controller Type"": ""MPC Controller"", ""weight_comfort"": 481.5556602092777, ""weight_trajectory"": 3110.666038744334, ""weight_goal"": 1000.0, ""Q"": [[3110.666038744334, 0.0, 0.0, 0.0], [0.0, 0.0, 0.0, 0.0], [0.0, 0.0, 3110.666038744334, 0.0], [0.0, 0.0, 0.0, 0.0]], ""R"": [[481.5556602092777, 0.0], [0.0, 481.5556602092777]], ""P"": [[1000.0, 0.0, 0.0, 0.0], [0.0, 100000.0, 0.0, 0.0], [0.0, 0.0, 1000.0, 0.0], [0.0, 0.0, 0.0, 100000.0]]}","[0.008622681350610024, 0.006416619658991523, 0.0]",False
3,P21,09ce0dcc-884e-4c47-9efa-46e431e4bea2,24,1,haply,mpc,seeded_random,2698308921,persist_session,10.0,58.12941628456115,1624.199634198,0,1786366625.6213183,710.0,True,normal,adaptive,-0.064,-0.048,0.0,0.064,0.048,0.0,-0.064376463,-0.04765564,0.0,0.013755875,-0.049870837,0.17722106,-9.4057636e-05,-0.00037979282,-0.0003804231,"[-0.006291829560574423, 0.44325616655770383, 0.0, 0.0, 0.0, 0.0, -0.009333021841872045, 2.653118829625712]","[-0.0008076248043726645, -0.0008929620638800813, 0.0]","{""Controller Type"": ""MPC Controller"", ""weight_comfort"": 481.5556602092777, ""weight_trajectory"": 3110.666038744334, ""weight_goal"": 1000.0, ""Q"": [[3110.666038744334, 0.0, 0.0, 0.0], [0.0, 0.0, 0.0, 0.0], [0.0, 0.0, 3110.666038744334, 0.0], [0.0, 0.0, 0.0, 0.0]], ""R"": [[481.5556602092777, 0.0], [0.0, 481.5556602092777]], ""P"": [[1000.0, 0.0, 0.0, 0.0], [0.0, 100000.0, 0.0, 0.0], [0.0, 0.0, 1000.0, 0.0], [0.0, 0.0, 0.0, 100000.0]]}","[0.008685294679236505, 0.006463055516079588, 0.0]",False
3,P21,09ce0dcc-884e-4c47-9efa-46e431e4bea2,24,1,haply,mpc,seeded_random,2698308921,persist_session,10.0,58.13932782173156,1624.209554768,0,1786366625.6313272,711.0,True,normal,adaptive,-0.064,-0.048,0.0,0.064,0.048,0.0,-0.0644076749999999,-0.04761142,0.0,0.013745471,-0.04991388,0.17724317,-7.711373e-05,-0.0003123532,-0.00025101972,"[-0.10399640048137182, 0.6258461748090217, 0.0, 0.0, 0.0, 0.0, 0.17632616495003256, 3.191639589276343]","[-0.014315779627913668, 0.023835741864675075, 0.0]","{""Controller Type"": ""MPC Controller"", ""weight_comfort"": 481.5556602092777, ""weight_trajectory"": 3110.666038744334, ""weight_goal"": 1000.0, ""Q"": [[3110.666038744334, 0.0, 0.0, 0.0], [0.0, 0.0, 0.0, 0.0], [0.0, 0.0, 3110.666038744334, 0.0], [0.0, 0.0, 0.0, 0.0]], ""R"": [[481.5556602092777, 0.0], [0.0, 481.5556602092777]], ""P"": [[1000.0, 0.0, 0.0, 0.0], [0.0, 100000.0, 0.0, 0.0], [0.0, 0.0, 1000.0, 0.0], [0.0, 0.0, 0.0, 100000.0]]}","[0.008715372565341044, 0.006420464966771132, 0.0]",False
3,P21,09ce0dcc-884e-4c47-9efa-46e431e4bea2,24,1,haply,mpc,seeded_random,2698308921,persist_session,10.0,58.14937048912048,1624.219584428,0,1786366625.641371,712.0,True,normal,adaptive,-0.064,-0.048,0.0,0.064,0.048,0.0,-0.0644388809999999,-0.04756718,0.0,0.013735069,-0.049956918,0.17726529,-7.1687864e-05,-0.00029179317,-0.00014508961,"[-0.18777647172392295, 0.990590342705983, 0.0, 0.0, 0.0, 0.0, 0.33085706940581805, 4.018054177003151]","[-0.027201048624275158, 0.04938590664921161, 0.0]","{""Controller Type"": ""MPC Controller"", ""weight_comfort"": 473.83788444021826, ""weight_trajectory"": 3156.972693358691, ""weight_goal"": 1000.0, ""Q"": [[3156.972693358691, 0.0, 0.0, 0.0], [0.0, 0.0, 0.0, 0.0], [0.0, 0.0, 3156.972693358691, 0.0], [0.0, 0.0, 0.0, 0.0]], ""R"": [[473.83788444021826, 0.0], [0.0, 473.83788444021826]], ""P"": [[1000.0, 0.0, 0.0, 0.0], [0.0, 100000.0, 0.0, 0.0], [0.0, 0.0, 1000.0, 0.0], [0.0, 0.0, 0.0, 100000.0]]}","[0.008747432829760432, 0.006375021505665411, 0.0]",False
3,P21,09ce0dcc-884e-4c47-9efa-46e431e4bea2,24,1,haply,mpc,seeded_random,2698308921,persist_session,10.0,58.15933543205261,1624.229564204,0,1786366625.6512334,713.0,True,normal,adaptive,-0.064,-0.048,0.0,0.064,0.048,0.0,-0.0644388809999999,-0.04756718,0.0,0.013735069,-0.049956918,0.17726529,-7.675092e-05,-0.00031406348,-5.1863975e-05,"[-0.1723490056613707, 0.9237523178140076, 0.0, 0.0, 0.0, 0.0, 0.29368791801435623, 3.8197845838114257]","[-0.025006386917978293, 0.04489185983606539, 0.0]","{""Controller Type"": ""MPC Controller"", ""weight_comfort"": 473.83788444021826, ""weight_trajectory"": 3156.972693358691, ""weight_goal"": 1000.0, ""Q"": [[3156.972693358691, 0.0, 0.0, 0.0], [0.0, 0.0, 0.0, 0.0], [0.0, 0.0, 3156.972693358691, 0.0], [0.0, 0.0, 0.0, 0.0]], ""R"": [[473.83788444021826, 0.0], [0.0, 473.83788444021826]], ""P"": [[1000.0, 0.0, 0.0, 0.0], [0.0, 100000.0, 0.0, 0.0], [0.0, 0.0, 1000.0, 0.0], [0.0, 0.0, 0.0, 100000.0]]}","[0.008814986828133599, 0.006418961266718697, 0.0]",False
3,P21,09ce0dcc-884e-4c47-9efa-46e431e4bea2,24,1,haply,mpc,seeded_random,2698308921,persist_session,10.0,58.16954070091247,1624.239752646,0,1786366625.6612952,714.0,True,normal,adaptive,-0.064,-0.048,0.0,0.064,0.048,0.0,-0.064454508,-0.04754504,0.0,0.01372986,-0.04997846,0.17727636,-8.467533e-05,-0.00034782608,2.595499e-05,"[0.004618134399673901, 1.155883860402901, 0.0, 0.0, 0.0, 0.0, -0.03716981128364044, 3.937409669581447]","[0.0005931480146017225, -0.0035522140455096986, 0.0]","{""Controller Type"": ""MPC Controller"", ""weight_comfort"": 473.83788444021826, ""weight_trajectory"": 3156.972693358691, ""weight_goal"": 1000.0, ""Q"": [[3156.972693358691, 0.0, 0.0, 0.0], [0.0, 0.0, 0.0, 0.0], [0.0, 0.0, 3156.972693358691, 0.0], [0.0, 0.0, 0.0, 0.0]], ""R"": [[473.83788444021826, 0.0], [0.0, 473.83788444021826]], ""P"": [[1000.0, 0.0, 0.0, 0.0], [0.0, 100000.0, 0.0, 0.0], [0.0, 0.0, 1000.0, 0.0], [0.0, 0.0, 0.0, 100000.0]]}","[0.008756790886862625, 0.006501464261075938, 0.0]",False
3,P21,09ce0dcc-884e-4c47-9efa-46e431e4bea2,24,1,haply,mpc,seeded_random,2698308921,persist_session,10.0,58.179326591491694,1624.249553663,0,1786366625.6712005,715.0,True,normal,adaptive,-0.064,-0.048,0.0,0.064,0.048,0.0,-0.0644701319999999,-0.04752284,0.0,0.013724652,-0.05000001,0.17728746,-0.00012022513,-0.00049560104,0.00014548123,"[-0.06955563131125615, 1.2793426913662516, 0.0, 0.0, 0.0, 0.0, 0.10090481763958803, 4.305413987007402]","[-0.01092169555045869, 0.019114649981803053, 0.0]","{""Controller Type"": ""MPC Controller"", ""weight_comfort"": 467.7699132968894, ""weight_trajectory"": 3193.380520218663, ""weight_goal"": 1000.0, ""Q"": [[3193.380520218663, 0.0, 0.0, 0.0], [0.0, 0.0, 0.0, 0.0], [0.0, 0.0, 3193.380520218663, 0.0], [0.0, 0.0, 0.0, 0.0]], ""R"": [[467.7699132968894, 0.0], [0.0, 467.7699132968894]], ""P"": [[1000.0, 0.0, 0.0, 0.0], [0.0, 100000.0, 0.0, 0.0], [0.0, 0.0, 1000.0, 0.0], [0.0, 0.0, 0.0, 100000.0]]}","[0.008787238020999281, 0.006458327411399439, 0.0]",False
3,P21,09ce0dcc-884e-4c47-9efa-46e431e4bea2,24,1,haply,mpc,seeded_random,2698308921,persist_session,10.0,58.189434347152705,1624.25965172,0,1786366625.6816998,716.0,True,normal,adaptive,-0.064,-0.048,0.0,0.064,0.048,0.0,-0.0644701319999999,-0.04752284,0.0,0.013724652,-0.05000001,0.17728746,-0.00026827352,-0.00110858,0.0004916602,"[-0.0656797603768195, 1.2726974915173916, 0.0, 0.0, 0.0, 0.0, 0.09170165715788021, 4.280321014167518]","[-0.010445401379281346, 0.018352956428431162, 0.0]","{""Controller Type"": ""MPC Controller"", ""weight_comfort"": 467.7699132968894, ""weight_trajectory"": 3193.380520218663, ""weight_goal"": 1000.0, ""Q"": [[3193.380520218663, 0.0, 0.0, 0.0], [0.0, 0.0, 0.0, 0.0], [0.0, 0.0, 3193.380520218663, 0.0], [0.0, 0.0, 0.0, 0.0]], ""R"": [[467.7699132968894, 0.0], [0.0, 467.7699132968894]], ""P"": [[1000.0, 0.0, 0.0, 0.0], [0.0, 100000.0, 0.0, 0.0], [0.0, 0.0, 1000.0, 0.0], [0.0, 0.0, 0.0, 100000.0]]}","[0.00884039399348139, 0.006493285794097099, 0.0]",False
3,P21,09ce0dcc-884e-4c47-9efa-46e431e4bea2,24,1,haply,mpc,seeded_random,2698308921,persist_session,10.0,58.19934421539306,1624.269572332,0,1786366625.6912105,717.0,True,normal,adaptive,-0.064,-0.048,0.0,0.064,0.048,0.0,-0.0644701319999999,-0.04752284,0.0,0.013724652,-0.05000001,0.17728746,-0.00037326964,-0.0015433053,0.0007371706,"[0.004073626332677244, 1.3914287576645763, 0.0, 0.0, 0.0, 0.0, -0.03806442645176557, 4.377864743388219]","[0.0005233393126777213, -0.0036360221176437706, 0.0]","{""Controller Type"": ""MPC Controller"", ""weight_comfort"": 467.7699132968894, ""weight_trajectory"": 3193.380520218663, ""weight_goal"": 1000.0, ""Q"": [[3193.380520218663, 0.0, 0.0, 0.0], [0.0, 0.0, 0.0, 0.0], [0.0, 0.0, 3193.380520218663, 0.0], [0.0, 0.0, 0.0, 0.0]], ""R"": [[467.7699132968894, 0.0], [0.0, 467.7699132968894]], ""P"": [[1000.0, 0.0, 0.0, 0.0], [0.0, 100000.0, 0.0, 0.0], [0.0, 0.0, 1000.0, 0.0], [0.0, 0.0, 0.0, 100000.0]]}","[0.008810732226447637, 0.006535431930050445, 0.0]",False
3,P21,09ce0dcc-884e-4c47-9efa-46e431e4bea2,24,1,haply,mpc,seeded_random,2698308921,persist_session,10.0,58.20939880371093,1624.279618237,0,1786366625.7015014,718.0,True,normal,adaptive,-0.064,-0.048,0.0,0.064,0.048,0.0,-0.0644857559999999,-0.0475007,0.0,0.013719444,-0.050021555,0.17729853,-0.00039194556,-0.0016208338,0.00079347345,"[0.0038556534863295553, 1.391057733499967, 0.0, 0.0, 0.0, 0.0, -0.0360514716236623, 4.376351627516766]","[0.0004953363123350181, -0.0034437389556716343, 0.0]","{""Controller Type"": ""MPC Controller"", ""weight_comfort"": 465.69484727222454, ""weight_trajectory"": 3205.8309163666527, ""weight_goal"": 1000.0, ""Q"": [[3205.8309163666527, 0.0, 0.0, 0.0], [0.0, 0.0, 0.0, 0.0], [0.0, 0.0, 3205.8309163666527, 0.0], [0.0, 0.0, 0.0, 0.0]], ""R"": [[465.69484727222454, 0.0], [0.0, 465.69484727222454]], ""P"": [[1000.0, 0.0, 0.0, 0.0], [0.0, 100000.0, 0.0, 0.0], [0.0, 0.0, 1000.0, 0.0], [0.0, 0.0, 0.0, 100000.0]]}","[0.008810732226447338, 0.006535431930050257, 0.0]",False
3,P21,09ce0dcc-884e-4c47-9efa-46e431e4bea2,24,1,haply,mpc,seeded_random,2698308921,persist_session,10.0,58.21949940681457,1624.289707517,0,1786366625.7114055,719.0,True,normal,adaptive,-0.064,-0.048,0.0,0.064,0.048,0.0,-0.0644857559999999,-0.0475007,0.0,0.013719444,-0.050021555,0.17729853,-0.00036996466,-0.0015300793,0.00075795007,"[-0.05272386958747803, 1.5029107414958798, 0.0, 0.0, 0.0, 0.0, 0.06874568901239264, 4.688647156037746]","[-0.009056045885251126, 0.016652526883326732, 0.0]","{""Controller Type"": ""MPC Controller"", ""weight_comfort"": 465.69484727222454, ""weight_trajectory"": 3205.8309163666527, ""weight_goal"": 1000.0, ""Q"": [[3205.8309163666527, 0.0, 0.0, 0.0], [0.0, 0.0, 0.0, 0.0], [0.0, 0.0, 3205.8309163666527, 0.0], [0.0, 0.0, 0.0, 0.0]], ""R"": [[465.69484727222454, 0.0], [0.0, 465.69484727222454]], ""P"": [[1000.0, 0.0, 0.0, 0.0], [0.0, 100000.0, 0.0, 0.0], [0.0, 0.0, 1000.0, 0.0], [0.0, 0.0, 0.0, 100000.0]]}","[0.00885826439669881, 0.006505948331342797, 0.0]",False
3,P21,09ce0dcc-884e-4c47-9efa-46e431e4bea2,24,1,haply,mpc,seeded_random,2698308921,persist_session,10.0,58.22934180259704,1624.299566962,0,1786366625.721552,720.0,True,normal,adaptive,-0.064,-0.048,0.0,0.064,0.048,0.0,-0.064501428,-0.04747846,0.0,0.01371422,-0.050043166,0.17730965,-0.00035021952,-0.0014485286,0.00072435953,"[0.007740672184028491, 1.6172481992743133, 0.0, 0.0, 0.0, 0.0, -0.043687838910950794, 4.794523100900915]","[0.0009945661175130719, -0.004172219197483039, 0.0]","{""Controller Type"": ""MPC Controller"", ""weight_comfort"": 465.69484727222454, ""weight_trajectory"": 3205.8309163666527, ""weight_goal"": 1000.0, ""Q"": [[3205.8309163666527, 0.0, 0.0, 0.0], [0.0, 0.0, 0.0, 0.0], [0.0, 0.0, 3205.8309163666527, 0.0], [0.0, 0.0, 0.0, 0.0]], ""R"": [[465.69484727222454, 0.0], [0.0, 465.69484727222454]], ""P"": [[1000.0, 0.0, 0.0, 0.0], [0.0, 100000.0, 0.0, 0.0], [0.0, 0.0, 1000.0, 0.0], [0.0, 0.0, 0.0, 100000.0]]}","[0.00882967601436888, 0.006546459518288836, 0.0]",False
3,P21,09ce0dcc-884e-4c47-9efa-46e431e4bea2,24,1,haply,mpc,seeded_random,2698308921,persist_session,10.0,58.23933320999145,1624.30955564,0,1786366625.731573,721.0,True,normal,adaptive,-0.064,-0.048,0.0,0.064,0.048,0.0,-0.064501428,-0.04747846,0.0,0.01371422,-0.050043166,0.17730965,-0.00034134585,-0.0014119144,0.0007114699,"[-0.04537347219318362, 1.7365372184652765, 0.0, 0.0, 0.0, 0.0, 0.05450721188286932, 5.114431461454796]","[-0.008512794631337339, 0.016414663001892236, 0.0]","{""Controller Type"": ""MPC Controller"", ""weight_comfort"": 459.64329305104997, ""weight_trajectory"": 3242.1402416937, ""weight_goal"": 1000.0, ""Q"": [[3242.1402416937, 0.0, 0.0, 0.0], [0.0, 0.0, 0.0, 0.0], [0.0, 0.0, 3242.1402416937, 0.0], [0.0, 0.0, 0.0, 0.0]], ""R"": [[459.64329305104997, 0.0], [0.0, 459.64329305104997]], ""P"": [[1000.0, 0.0, 0.0, 0.0], [0.0, 100000.0, 0.0, 0.0], [0.0, 0.0, 1000.0, 0.0], [0.0, 0.0, 0.0, 100000.0]]}","[0.008860136059243517, 0.006503233931374909, 0.0]",False
3,P21,09ce0dcc-884e-4c47-9efa-46e431e4bea2,24,1,haply,mpc,seeded_random,2698308921,persist_session,10.0,58.24944931030273,1624.319664103,0,1786366625.741338,722.0,True,normal,adaptive,-0.064,-0.048,0.0,0.064,0.048,0.0,-0.0645170534999999,-0.04745626,0.0,0.0137090115,-0.050064705,0.17732075,-0.00033022143,-0.0013659644,0.0006923067,"[0.009929095799601995, 1.8517063997371728, 0.0, 0.0, 0.0, 0.0, -0.0485317745611854, 5.231255750897835]","[0.001275902988997658, -0.004633739096169158, 0.0]","{""Controller Type"": ""MPC Controller"", ""weight_comfort"": 459.64329305104997, ""weight_trajectory"": 3242.1402416937, ""weight_goal"": 1000.0, ""Q"": [[3242.1402416937, 0.0, 0.0, 0.0], [0.0, 0.0, 0.0, 0.0], [0.0, 0.0, 3242.1402416937, 0.0], [0.0, 0.0, 0.0, 0.0]], ""R"": [[459.64329305104997, 0.0], [0.0, 459.64329305104997]], ""P"": [[1000.0, 0.0, 0.0, 0.0], [0.0, 100000.0, 0.0, 0.0], [0.0, 0.0, 1000.0, 0.0], [0.0, 0.0, 0.0, 100000.0]]}","[0.008882480922156355, 0.006582417185814156, 0.0]",False
3,P21,09ce0dcc-884e-4c47-9efa-46e431e4bea2,24,1,haply,mpc,seeded_random,2698308921,persist_session,10.0,58.2594457244873,1624.329659407,0,1786366625.751258,723.0,True,normal,adaptive,-0.064,-0.048,0.0,0.064,0.048,0.0,-0.0645327179999999,-0.047434,0.0,0.01370379,-0.050086316,0.17733188,-0.00033063552,-0.0013677299,0.0006964266,"[-0.04240688227165605, 1.9885060400493422, 0.0, 0.0, 0.0, 0.0, 0.04804217384574923, 5.582440579960817]","[-0.00863195208583875, 0.01727730630362093, 0.0]","{""Controller Type"": ""MPC Controller"", ""weight_comfort"": 459.64329305104997, ""weight_trajectory"": 3242.1402416937, ""weight_goal"": 1000.0, ""Q"": [[3242.1402416937, 0.0, 0.0, 0.0], [0.0, 0.0, 0.0, 0.0], [0.0, 0.0, 3242.1402416937, 0.0], [0.0, 0.0, 0.0, 0.0]], ""R"": [[459.64329305104997, 0.0], [0.0, 459.64329305104997]], ""P"": [[1000.0, 0.0, 0.0, 0.0], [0.0, 100000.0, 0.0, 0.0], [0.0, 0.0, 1000.0, 0.0], [0.0, 0.0, 0.0, 100000.0]]}","[0.008914113883894424, 0.006537474511928291, 0.0]",False
3,P21,09ce0dcc-884e-4c47-9efa-46e431e4bea2,24,1,haply,mpc,seeded_random,2698308921,persist_session,10.0,58.26960140228271,1624.33980377,0,1786366625.761362,724.0,True,normal,adaptive,-0.064,-0.048,0.0,0.064,0.048,0.0,-0.064564056,-0.04738944,0.0,0.013693344,-0.05012953,0.17735416,-0.0003374664,-0.0013960287,0.00071338995,"[-0.039085225291661405, 1.9800462491718056, 0.0, 0.0, 0.0, 0.0, 0.039797045446460136, 5.552997054626282]","[-0.008150349043587652, 0.016258496899855892, 0.0]","{""Controller Type"": ""MPC Controller"", ""weight_comfort"": 455.3933572077474, ""weight_trajectory"": 3267.6398567535152, ""weight_goal"": 1000.0, ""Q"": [[3267.6398567535152, 0.0, 0.0, 0.0], [0.0, 0.0, 0.0, 0.0], [0.0, 0.0, 3267.6398567535152, 0.0], [0.0, 0.0, 0.0, 0.0]], ""R"": [[455.3933572077474, 0.0], [0.0, 455.3933572077474]], ""P"": [[1000.0, 0.0, 0.0, 0.0], [0.0, 100000.0, 0.0, 0.0], [0.0, 0.0, 1000.0, 0.0], [0.0, 0.0, 0.0, 100000.0]]}","[0.0089151013058572, 0.006536062473381929, 0.0]",False
3,P21,09ce0dcc-884e-4c47-9efa-46e431e4bea2,24,1,haply,mpc,seeded_random,2698308921,persist_session,10.0,58.2794218635559,1624.349641402,0,1786366625.771286,725.0,True,normal,adaptive,-0.064,-0.048,0.0,0.064,0.048,0.0,-0.0645954389999999,-0.0473448,0.0,0.013682883,-0.050172806,0.17737648,-0.00035417927,-0.0014652032,0.0007509766,"[-0.07922753783377037, 2.2888745517929663, 0.0, 0.0, 0.0, 0.0, 0.10975699254030992, 6.173431308113865]","[-0.01728490009215492, 0.037695480144794485, 0.0]","{""Controller Type"": ""MPC Controller"", ""weight_comfort"": 455.3933572077474, ""weight_trajectory"": 3267.6398567535152, ""weight_goal"": 1000.0, ""Q"": [[3267.6398567535152, 0.0, 0.0, 0.0], [0.0, 0.0, 0.0, 0.0], [0.0, 0.0, 3267.6398567535152, 0.0], [0.0, 0.0, 0.0, 0.0]], ""R"": [[455.3933572077474, 0.0], [0.0, 455.3933572077474]], ""P"": [[1000.0, 0.0, 0.0, 0.0], [0.0, 100000.0, 0.0, 0.0], [0.0, 0.0, 1000.0, 0.0], [0.0, 0.0, 0.0, 100000.0]]}","[0.008983114917310955, 0.006517617288906232, 0.0]",False
3,P21,09ce0dcc-884e-4c47-9efa-46e431e4bea2,24,1,haply,mpc,seeded_random,2698308921,persist_session,10.0,58.28960186004638,1624.359814732,0,1786366625.781417,726.0,True,normal,adaptive,-0.064,-0.048,0.0,0.064,0.048,0.0,-0.0646267919999999,-0.04730016,0.0,0.013672432,-0.05021604,0.1773988,-0.0003944854,-0.0016319785,0.00083851547,"[-0.07611424001373293, 2.2642405579897313, 0.0, 0.0, 0.0, 0.0, 0.09927208738251925, 6.077917439140796]","[-0.016948275356946582, 0.03680486100353871, 0.0]","{""Controller Type"": ""MPC Controller"", ""weight_comfort"": 455.3933572077474, ""weight_trajectory"": 3267.6398567535152, ""weight_goal"": 1000.0, ""Q"": [[3267.6398567535152, 0.0, 0.0, 0.0], [0.0, 0.0, 0.0, 0.0], [0.0, 0.0, 3267.6398567535152, 0.0], [0.0, 0.0, 0.0, 0.0]], ""R"": [[455.3933572077474, 0.0], [0.0, 455.3933572077474]], ""P"": [[1000.0, 0.0, 0.0, 0.0], [0.0, 100000.0, 0.0, 0.0], [0.0, 0.0, 1000.0, 0.0], [0.0, 0.0, 0.0, 100000.0]]}","[0.008987061316109565, 0.006511973826403153, 0.0]",False
3,P21,09ce0dcc-884e-4c47-9efa-46e431e4bea2,24,1,haply,mpc,seeded_random,2698308921,persist_session,10.0,58.2993410205841,1624.369565856,0,1786366625.7913864,727.0,True,normal,adaptive,-0.064,-0.048,0.0,0.064,0.048,0.0,-0.064658232,-0.0472554,0.0,0.013661952,-0.0502594,0.17742118,-0.00045822622,-0.0018957044,0.0009759731,"[-0.06989308081077025, 2.216633272863488, 0.0, 0.0, 0.0, 0.0, 0.08379251963783944, 5.940810222512411]","[-0.015850308958231012, 0.034163220776097035, 0.0]","{""Controller Type"": ""MPC Controller"", ""weight_comfort"": 452.20798103110917, ""weight_trajectory"": 3286.752113813345, ""weight_goal"": 1000.0, ""Q"": [[3286.752113813345, 0.0, 0.0, 0.0], [0.0, 0.0, 0.0, 0.0], [0.0, 0.0, 3286.752113813345, 0.0], [0.0, 0.0, 0.0, 0.0]], ""R"": [[452.20798103110917, 0.0], [0.0, 452.20798103110917]], ""P"": [[1000.0, 0.0, 0.0, 0.0], [0.0, 100000.0, 0.0, 0.0], [0.0, 0.0, 1000.0, 0.0], [0.0, 0.0, 0.0, 100000.0]]}","[0.008988573277883532, 0.006509739522641545, 0.0]",False
3,P21,09ce0dcc-884e-4c47-9efa-46e431e4bea2,24,1,haply,mpc,seeded_random,2698308921,persist_session,10.0,58.30944996833801,1624.379669287,0,1786366625.8013198,728.0,True,normal,adaptive,-0.064,-0.048,0.0,0.064,0.048,0.0,-0.0646896509999999,-0.0472106,0.0,0.013651479,-0.05030273,0.17744358,-0.0005501063,-0.0022758474,0.0011736025,"[-0.06732165967497, 2.196364390460269, 0.0, 0.0, 0.0, 0.0, 0.07521871535649063, 5.862712474779774]","[-0.015587834359763332, 0.03348621341367314, 0.0]","{""Controller Type"": ""MPC Controller"", ""weight_comfort"": 452.20798103110917, ""weight_trajectory"": 3286.752113813345, ""weight_goal"": 1000.0, ""Q"": [[3286.752113813345, 0.0, 0.0, 0.0], [0.0, 0.0, 0.0, 0.0], [0.0, 0.0, 3286.752113813345, 0.0], [0.0, 0.0, 0.0, 0.0]], ""R"": [[452.20798103110917, 0.0], [0.0, 452.20798103110917]], ""P"": [[1000.0, 0.0, 0.0, 0.0], [0.0, 100000.0, 0.0, 0.0], [0.0, 0.0, 1000.0, 0.0], [0.0, 0.0, 0.0, 100000.0]]}","[0.00901993015259685, 0.006524003006942093, 0.0]",False
3,P21,09ce0dcc-884e-4c47-9efa-46e431e4bea2,24,1,haply,mpc,seeded_random,2698308921,persist_session,10.0,58.319364604949946,1624.389589748,0,1786366625.81141,729.0,True,normal,adaptive,-0.064,-0.048,0.0,0.064,0.048,0.0,-0.064705377,-0.04718814,0.0,0.013646237,-0.05032442,0.17745481,-0.00064200157,-0.0026560535,0.001371247,"[-0.06372402993896961, 2.1678782370078302, 0.0, 0.0, 0.0, 0.0, 0.06537915435858946, 5.772398134649923]","[-0.01505749743876092, 0.03225832892873835, 0.0]","{""Controller Type"": ""MPC Controller"", ""weight_comfort"": 452.20798103110917, ""weight_trajectory"": 3286.752113813345, ""weight_goal"": 1000.0, ""Q"": [[3286.752113813345, 0.0, 0.0, 0.0], [0.0, 0.0, 0.0, 0.0], [0.0, 0.0, 3286.752113813345, 0.0], [0.0, 0.0, 0.0, 0.0]], ""R"": [[452.20798103110917, 0.0], [0.0, 452.20798103110917]], ""P"": [[1000.0, 0.0, 0.0, 0.0], [0.0, 100000.0, 0.0, 0.0], [0.0, 0.0, 1000.0, 0.0], [0.0, 0.0, 0.0, 100000.0]]}","[0.009022918101637783, 0.006519609252896295, 0.0]",False
3,P21,09ce0dcc-884e-4c47-9efa-46e431e4bea2,24,1,haply,mpc,seeded_random,2698308921,persist_session,10.0,58.32939225196838,1624.399611037,0,1786366625.8213427,730.0,True,normal,adaptive,-0.064,-0.048,0.0,0.064,0.048,0.0,-0.0647211584999999,-0.0471656,0.0,0.0136409765,-0.05034618,0.17746608,-0.000701222,-0.0029010756,0.0014988986,"[-0.020804795549354174, 2.107638584762206, 0.0, 0.0, 0.0, 0.0, -0.01542831118365108, 5.5789228033654465]","[-0.005962560632826526, 0.010949763234456789, 0.0]","{""Controller Type"": ""MPC Controller"", ""weight_comfort"": 454.15237997173165, ""weight_trajectory"": 3275.0857201696103, ""weight_goal"": 1000.0, ""Q"": [[3275.0857201696103, 0.0, 0.0, 0.0], [0.0, 0.0, 0.0, 0.0], [0.0, 0.0, 3275.0857201696103, 0.0], [0.0, 0.0, 0.0, 0.0]], ""R"": [[454.15237997173165, 0.0], [0.0, 454.15237997173165]], ""P"": [[1000.0, 0.0, 0.0, 0.0], [0.0, 100000.0, 0.0, 0.0], [0.0, 0.0, 1000.0, 0.0], [0.0, 0.0, 0.0, 100000.0]]}","[0.008993846881454824, 0.006560989652239968, 0.0]",False
3,P21,09ce0dcc-884e-4c47-9efa-46e431e4bea2,24,1,haply,mpc,seeded_random,2698308921,persist_session,10.0,58.33931666374206,1624.40954141,0,1786366625.831577,731.0,True,normal,adaptive,-0.064,-0.048,0.0,0.064,0.048,0.0,-0.0647368604999999,-0.04714318,0.0,0.0136357425,-0.050367836,0.17747729,-0.00073649496,-0.0030470213,0.0015752631,"[-0.02007936126676928, 2.1065338230751625, 0.0, 0.0, 0.0, 0.0, -0.01760296816540267, 5.573446934376496]","[-0.005931570966900517, 0.01097239932355794, 0.0]","{""Controller Type"": ""MPC Controller"", ""weight_comfort"": 454.15237997173165, ""weight_trajectory"": 3275.0857201696103, ""weight_goal"": 1000.0, ""Q"": [[3275.0857201696103, 0.0, 0.0, 0.0], [0.0, 0.0, 0.0, 0.0], [0.0, 0.0, 3275.0857201696103, 0.0], [0.0, 0.0, 0.0, 0.0]], ""R"": [[454.15237997173165, 0.0], [0.0, 454.15237997173165]], ""P"": [[1000.0, 0.0, 0.0, 0.0], [0.0, 100000.0, 0.0, 0.0], [0.0, 0.0, 1000.0, 0.0], [0.0, 0.0, 0.0, 100000.0]]}","[0.008979094615404689, 0.006546011994511859, 0.0]",False
3,P21,09ce0dcc-884e-4c47-9efa-46e431e4bea2,24,1,haply,mpc,seeded_random,2698308921,persist_session,10.0,58.34935027122497,1624.419568249,0,1786366625.8415165,732.0,True,normal,adaptive,-0.064,-0.048,0.0,0.064,0.048,0.0,-0.0647368604999999,-0.04714318,0.0,0.0136357425,-0.050367836,0.17747729,-0.00075409695,-0.0031198552,0.0016136199,"[-0.017438985810245528, 2.1031048153348553, 0.0, 0.0, 0.0, 0.0, -0.023244203943667243, 5.5605248032362935]","[-0.0054717163975292445, 0.009969694961959461, 0.0]","{""Controller Type"": ""MPC Controller"", ""weight_comfort"": 454.15237997173165, ""weight_trajectory"": 3275.0857201696103, ""weight_goal"": 1000.0, ""Q"": [[3275.0857201696103, 0.0, 0.0, 0.0], [0.0, 0.0, 0.0, 0.0], [0.0, 0.0, 3275.0857201696103, 0.0], [0.0, 0.0, 0.0, 0.0]], ""R"": [[454.15237997173165, 0.0], [0.0, 454.15237997173165]], ""P"": [[1000.0, 0.0, 0.0, 0.0], [0.0, 100000.0, 0.0, 0.0], [0.0, 0.0, 1000.0, 0.0], [0.0, 0.0, 0.0, 100000.0]]}","[0.00897945925458494, 0.0065455037362909954, 0.0]",False
3,P21,09ce0dcc-884e-4c47-9efa-46e431e4bea2,24,1,haply,mpc,seeded_random,2698308921,persist_session,10.0,58.35932379722595,1624.429548227,0,1786366625.8515055,733.0,True,normal,adaptive,-0.064,-0.048,0.0,0.064,0.048,0.0,-0.0647368604999999,-0.04714318,0.0,0.0136357425,-0.050367836,0.17747729,-0.0007668103,-0.0031724619,0.001641324,"[0.020696893454183518, 2.286078002338113, 0.0, 0.0, 0.0, 0.0, -0.09489858834184244, 5.826540794539198]","[0.0026644530853945866, -0.009028953472353817, 0.0]","{""Controller Type"": ""MPC Controller"", ""weight_comfort"": 452.1912533322063, ""weight_trajectory"": 3286.852480006762, ""weight_goal"": 1000.0, ""Q"": [[3286.852480006762, 0.0, 0.0, 0.0], [0.0, 0.0, 0.0, 0.0], [0.0, 0.0, 3286.852480006762, 0.0], [0.0, 0.0, 0.0, 0.0]], ""R"": [[452.1912533322063, 0.0], [0.0, 452.1912533322063]], ""P"": [[1000.0, 0.0, 0.0, 0.0], [0.0, 100000.0, 0.0, 0.0], [0.0, 0.0, 1000.0, 0.0], [0.0, 0.0, 0.0, 100000.0]]}","[0.008950351300815564, 0.006587065341411634, 0.0]",False
3,P21,09ce0dcc-884e-4c47-9efa-46e431e4bea2,24,1,haply,mpc,seeded_random,2698308921,persist_session,10.0,58.36935430526733,1624.439578592,0,1786366625.8613524,734.0,True,normal,adaptive,-0.064,-0.048,0.0,0.064,0.048,0.0,-0.0647368604999999,-0.04714318,0.0,0.0136357425,-0.050367836,0.17747729,-0.0007756206,-0.0032089183,0.0016605471,"[0.02006716497478076, 2.283056610697341, 0.0, 0.0, 0.0, 0.0, -0.0920204893165953, 5.815855888490538]","[0.0025833838179888367, -0.008755121978736905, 0.0]","{""Controller Type"": ""MPC Controller"", ""weight_comfort"": 452.1912533322063, ""weight_trajectory"": 3286.852480006762, ""weight_goal"": 1000.0, ""Q"": [[3286.852480006762, 0.0, 0.0, 0.0], [0.0, 0.0, 0.0, 0.0], [0.0, 0.0, 3286.852480006762, 0.0], [0.0, 0.0, 0.0, 0.0]], ""R"": [[452.1912533322063, 0.0], [0.0, 452.1912533322063]], ""P"": [[1000.0, 0.0, 0.0, 0.0], [0.0, 100000.0, 0.0, 0.0], [0.0, 0.0, 1000.0, 0.0], [0.0, 0.0, 0.0, 100000.0]]}","[0.008967199183437212, 0.006599358895444577, 0.0]",False
3,P21,09ce0dcc-884e-4c47-9efa-46e431e4bea2,24,1,haply,mpc,seeded_random,2698308921,persist_session,10.0,58.379362640380855,1624.449589243,0,1786366625.8712914,735.0,True,normal,adaptive,-0.064,-0.048,0.0,0.064,0.048,0.0,-0.0647368604999999,-0.04714318,0.0,0.0136357425,-0.050367836,0.17747729,-0.0007570475,-0.0031320811,0.0016210092,"[0.019474049901781584, 2.2802108875290394, 0.0, 0.0, 0.0, 0.0, -0.0893091949810182, 5.805790242732079]","[0.0025070280455756944, -0.008497160813734113, 0.0]","{""Controller Type"": ""MPC Controller"", ""weight_comfort"": 452.1912533322063, ""weight_trajectory"": 3286.852480006762, ""weight_goal"": 1000.0, ""Q"": [[3286.852480006762, 0.0, 0.0, 0.0], [0.0, 0.0, 0.0, 0.0], [0.0, 0.0, 3286.852480006762, 0.0], [0.0, 0.0, 0.0, 0.0]], ""R"": [[452.1912533322063, 0.0], [0.0, 452.1912533322063]], ""P"": [[1000.0, 0.0, 0.0, 0.0], [0.0, 100000.0, 0.0, 0.0], [0.0, 0.0, 1000.0, 0.0], [0.0, 0.0, 0.0, 100000.0]]}","[0.008967199183436058, 0.006599358895443857, 0.0]",False
3,P21,09ce0dcc-884e-4c47-9efa-46e431e4bea2,24,1,haply,mpc,seeded_random,2698308921,persist_session,10.0,58.38931280136108,1624.459532305,0,1786366625.8815565,736.0,True,normal,adaptive,-0.064,-0.048,0.0,0.064,0.048,0.0,-0.0647368604999999,-0.04714318,0.0,0.0136357425,-0.050367836,0.17747729,-0.00054356636,-0.0022488607,0.0011638983,"[0.01891444557043735, 2.2775259464724322, 0.0, 0.0, 0.0, 0.0, -0.08675061382681239, 5.796291542718373]","[0.0024349863408362356, -0.0082537292664349, 0.0]","{""Controller Type"": ""MPC Controller"", ""weight_comfort"": 452.3495830103346, ""weight_trajectory"": 3285.9025019379924, ""weight_goal"": 1000.0, ""Q"": [[3285.9025019379924, 0.0, 0.0, 0.0], [0.0, 0.0, 0.0, 0.0], [0.0, 0.0, 3285.9025019379924, 0.0], [0.0, 0.0, 0.0, 0.0]], ""R"": [[452.3495830103346, 0.0], [0.0, 452.3495830103346]], ""P"": [[1000.0, 0.0, 0.0, 0.0], [0.0, 100000.0, 0.0, 0.0], [0.0, 0.0, 1000.0, 0.0], [0.0, 0.0, 0.0, 100000.0]]}","[0.008967199183436057, 0.006599358895443857, 0.0]",False
3,P21,09ce0dcc-884e-4c47-9efa-46e431e4bea2,24,1,haply,mpc,seeded_random,2698308921,persist_session,10.0,58.39931970596313,1624.46954774,0,1786366625.8911908,737.0,True,normal,adaptive,-0.064,-0.048,0.0,0.064,0.048,0.0,-0.0647368604999999,-0.04714318,0.0,0.0136357425,-0.050367836,0.17747729,-0.0003923102,-0.0016230784,0.0008400245,"[0.018385590250394636, 2.274988536945281, 0.0, 0.0, 0.0, 0.0, -0.08433219812373047, 5.787313205160369]","[0.002366903167275214, -0.00802363350588175, 0.0]","{""Controller Type"": ""MPC Controller"", ""weight_comfort"": 452.3495830103346, ""weight_trajectory"": 3285.9025019379924, ""weight_goal"": 1000.0, ""Q"": [[3285.9025019379924, 0.0, 0.0, 0.0], [0.0, 0.0, 0.0, 0.0], [0.0, 0.0, 3285.9025019379924, 0.0], [0.0, 0.0, 0.0, 0.0]], ""R"": [[452.3495830103346, 0.0], [0.0, 452.3495830103346]], ""P"": [[1000.0, 0.0, 0.0, 0.0], [0.0, 100000.0, 0.0, 0.0], [0.0, 0.0, 1000.0, 0.0], [0.0, 0.0, 0.0, 100000.0]]}","[0.008965838008732914, 0.006598365695700262, 0.0]",False
3,P21,09ce0dcc-884e-4c47-9efa-46e431e4bea2,24,1,haply,mpc,seeded_random,2698308921,persist_session,10.0,58.40937739372253,1624.479587249,0,1786366625.9013166,738.0,True,normal,adaptive,-0.064,-0.048,0.0,0.064,0.048,0.0,-0.064723959,-0.04710832,0.0,0.013640043,-0.050350472,0.17749472,-0.00028214807,-0.0011673121,0.0006041425,"[0.017885017568543222, 2.272586825468012, 0.0, 0.0, 0.0, 0.0, -0.08204273814695993, 5.7788136140971815]","[0.0023024610117615978, -0.007805807003209076, 0.0]","{""Controller Type"": ""MPC Controller"", ""weight_comfort"": 452.3495830103346, ""weight_trajectory"": 3285.9025019379924, ""weight_goal"": 1000.0, ""Q"": [[3285.9025019379924, 0.0, 0.0, 0.0], [0.0, 0.0, 0.0, 0.0], [0.0, 0.0, 3285.9025019379924, 0.0], [0.0, 0.0, 0.0, 0.0]], ""R"": [[452.3495830103346, 0.0], [0.0, 452.3495830103346]], ""P"": [[1000.0, 0.0, 0.0, 0.0], [0.0, 100000.0, 0.0, 0.0], [0.0, 0.0, 1000.0, 0.0], [0.0, 0.0, 0.0, 100000.0]]}","[0.008965838008733006, 0.006598365695700321, 0.0]",False
3,P21,09ce0dcc-884e-4c47-9efa-46e431e4bea2,24,1,haply,mpc,seeded_random,2698308921,persist_session,10.0,58.41936069488525,1624.489584689,0,1786366625.911191,739.0,True,normal,adaptive,-0.064,-0.048,0.0,0.064,0.048,0.0,-0.0646261889999999,-0.04703984,0.0,0.013672633,-0.05031137,0.17752896,-0.00019665546,-0.0008209166,0.00043951732,"[0.04381720486511488, 2.5382001451064116, 0.0, 0.0, 0.0, 0.0, -0.003399644715188402, 6.423100695246681]","[0.008874275483526595, 0.021789251306371476, 0.0]","{""Controller Type"": ""MPC Controller"", ""weight_comfort"": 446.5863213297337, ""weight_trajectory"": 3320.4820720215976, ""weight_goal"": 1000.0, ""Q"": [[3320.4820720215976, 0.0, 0.0, 0.0], [0.0, 0.0, 0.0, 0.0], [0.0, 0.0, 3320.4820720215976, 0.0], [0.0, 0.0, 0.0, 0.0]], ""R"": [[446.5863213297337, 0.0], [0.0, 446.5863213297337]], ""P"": [[1000.0, 0.0, 0.0, 0.0], [0.0, 100000.0, 0.0, 0.0], [0.0, 0.0, 1000.0, 0.0], [0.0, 0.0, 0.0, 100000.0]]}","[0.008940483338641817, 0.006529857088215968, 0.0]",False
3,P21,09ce0dcc-884e-4c47-9efa-46e431e4bea2,24,1,haply,mpc,seeded_random,2698308921,persist_session,10.0,58.429519948959346,1624.499730848,0,1786366625.9213245,740.0,True,normal,adaptive,-0.064,-0.048,0.0,0.064,0.048,0.0,-0.064613304,-0.04700494,0.0,0.013676928,-0.050293997,0.17754641,-0.00013197034,-0.0005635768,0.0003464511,"[0.249805248736526, 10.417207200903526, 0.0, 0.0, 0.0, 0.0, 0.055082689246015955, 7.916229372997088]","[0.13527661353455672, 0.0601352432905154, 0.0]","{""Controller Type"": ""MPC Controller"", ""weight_comfort"": 446.5863213297337, ""weight_trajectory"": 3320.4820720215976, ""weight_goal"": 1000.0, ""Q"": [[3320.4820720215976, 0.0, 0.0, 0.0], [0.0, 0.0, 0.0, 0.0], [0.0, 0.0, 3320.4820720215976, 0.0], [0.0, 0.0, 0.0, 0.0]], ""R"": [[446.5863213297337, 0.0], [0.0, 446.5863213297337]], ""P"": [[1000.0, 0.0, 0.0, 0.0], [0.0, 100000.0, 0.0, 0.0], [0.0, 0.0, 1000.0, 0.0], [0.0, 0.0, 0.0, 100000.0]]}","[0.008979907591436987, 0.006613238103480054, 0.0]",False
3,P21,09ce0dcc-884e-4c47-9efa-46e431e4bea2,24,1,haply,mpc,seeded_random,2698308921,persist_session,10.0,58.439349708557124,1624.509568877,0,1786366625.9311996,741.0,True,normal,adaptive,-0.064,-0.048,0.0,0.064,0.048,0.0,-0.0644694509999999,-0.04700742,0.0,0.013724879,-0.050285302,0.17754517,-8.061258e-05,-0.00036517798,0.00029162454,"[0.07263058033439618, 8.899112938027095, 0.0, 0.0, 0.0, 0.0, -0.030379908846861446, 7.258019007900901]","[0.020656965525037513, 0.02211111404077147, 0.0]","{""Controller Type"": ""MPC Controller"", ""weight_comfort"": 446.5863213297337, ""weight_trajectory"": 3320.4820720215976, ""weight_goal"": 1000.0, ""Q"": [[3320.4820720215976, 0.0, 0.0, 0.0], [0.0, 0.0, 0.0, 0.0], [0.0, 0.0, 3320.4820720215976, 0.0], [0.0, 0.0, 0.0, 0.0]], ""R"": [[446.5863213297337, 0.0], [0.0, 446.5863213297337]], ""P"": [[1000.0, 0.0, 0.0, 0.0], [0.0, 100000.0, 0.0, 0.0], [0.0, 0.0, 1000.0, 0.0], [0.0, 0.0, 0.0, 100000.0]]}","[0.009216288418901902, 0.006728937740488206, 0.0]",False
3,P21,09ce0dcc-884e-4c47-9efa-46e431e4bea2,24,1,haply,mpc,seeded_random,2698308921,persist_session,10.0,58.44947987556457,1624.519686684,0,1786366625.9413402,742.0,True,normal,adaptive,-0.064,-0.048,0.0,0.064,0.048,0.0,-0.0643975229999999,-0.04700866,0.0,0.013748855,-0.050280936,0.17754455,-3.7729686e-05,-0.0002157307,0.00025043625,"[0.32516774153612354, 22.071289012185503, 0.0, 0.0, 0.0, 0.0, -0.12939649390179572, 7.782191798950896]","[0.3632855616130269, -0.014247981893283341, 0.0]","{""Controller Type"": ""MPC Controller"", ""weight_comfort"": 324.288346898966, ""weight_trajectory"": 4054.2699186062046, ""weight_goal"": 1000.0, ""Q"": [[4054.2699186062046, 0.0, 0.0, 0.0], [0.0, 0.0, 0.0, 0.0], [0.0, 0.0, 4054.2699186062046, 0.0], [0.0, 0.0, 0.0, 0.0]], ""R"": [[324.288346898966, 0.0], [0.0, 324.288346898966]], ""P"": [[1000.0, 0.0, 0.0, 0.0], [0.0, 100000.0, 0.0, 0.0], [0.0, 0.0, 1000.0, 0.0], [0.0, 0.0, 0.0, 100000.0]]}","[0.009194247829833486, 0.006992623795702557, 0.0]",False
3,P21,09ce0dcc-884e-4c47-9efa-46e431e4bea2,24,1,haply,mpc,seeded_random,2698308921,persist_session,10.0,58.45956665039062,1624.529772571,0,1786366625.9512577,743.0,True,normal,adaptive,-0.064,-0.048,0.0,0.064,0.048,0.0,-0.0641818169999999,-0.04701238,0.0,0.013820757,-0.050267786,0.17754269,-4.1113144e-06,-0.00011265729,0.00022213817,"[0.15211485465422298, 17.299260262392817, 0.0, 0.0, 0.0, 0.0, -0.12264898395652427, 7.749076753027669]","[0.14223536417414318, -0.01260027303480775, 0.0]","{""Controller Type"": ""MPC Controller"", ""weight_comfort"": 324.288346898966, ""weight_trajectory"": 4054.2699186062046, ""weight_goal"": 1000.0, ""Q"": [[4054.2699186062046, 0.0, 0.0, 0.0], [0.0, 0.0, 0.0, 0.0], [0.0, 0.0, 4054.2699186062046, 0.0], [0.0, 0.0, 0.0, 0.0]], ""R"": [[324.288346898966, 0.0], [0.0, 324.288346898966]], ""P"": [[1000.0, 0.0, 0.0, 0.0], [0.0, 100000.0, 0.0, 0.0], [0.0, 0.0, 1000.0, 0.0], [0.0, 0.0, 0.0, 100000.0]]}","[0.010645925540065004, 0.00795705673446413, 0.0]",False
3,P21,09ce0dcc-884e-4c47-9efa-46e431e4bea2,24,1,haply,mpc,seeded_random,2698308921,persist_session,10.0,58.46937972068786,1624.539600228,0,1786366625.9613607,744.0,True,normal,adaptive,-0.064,-0.048,0.0,0.064,0.048,0.0,-0.0639407579999999,-0.0469465,0.0,0.01390111,-0.050219826,0.17757563,0.0010890311,0.00058517297,0.0006204682,"[0.30677977317727334, 29.605377008285522, 0.0, 0.0, 0.0, 0.0, -0.12545688294991894, 7.7650255060451485]","[0.6832572919645952, -0.014832646344288235, 0.0]","{""Controller Type"": ""MPC Controller"", ""weight_comfort"": 324.288346898966, ""weight_trajectory"": 4054.2699186062046, ""weight_goal"": 1000.0, ""Q"": [[4054.2699186062046, 0.0, 0.0, 0.0], [0.0, 0.0, 0.0, 0.0], [0.0, 0.0, 4054.2699186062046, 0.0], [0.0, 0.0, 0.0, 0.0]], ""R"": [[324.288346898966, 0.0], [0.0, 324.288346898966]], ""P"": [[1000.0, 0.0, 0.0, 0.0], [0.0, 100000.0, 0.0, 0.0], [0.0, 0.0, 1000.0, 0.0], [0.0, 0.0, 0.0, 100000.0]]}","[0.01073390271904402, 0.008301707102465116, 0.0]",False
3,P21,09ce0dcc-884e-4c47-9efa-46e431e4bea2,24,1,haply,mpc,seeded_random,2698308921,persist_session,10.0,58.47936612129211,1624.549588561,0,1786366625.971237,745.0,True,normal,adaptive,-0.064,-0.048,0.0,0.064,0.048,0.0,-0.0636408629999999,-0.0469167,0.0,0.014001075,-0.05018469,0.17759053,0.0022448215,0.0010269115,0.0007619941,"[0.24989878489417747, 24.504347753826632, 0.0, 0.0, 0.0, 0.0, -0.018078898655615655, 10.53293411624823]","[0.6166363597108366, 0.06696546704846947, 0.0]","{""Controller Type"": ""MPC Controller"", ""weight_comfort"": 291.78614140617424, ""weight_trajectory"": 4249.283151562955, ""weight_goal"": 1000.0, ""Q"": [[4249.283151562955, 0.0, 0.0, 0.0], [0.0, 0.0, 0.0, 0.0], [0.0, 0.0, 4249.283151562955, 0.0], [0.0, 0.0, 0.0, 0.0]], ""R"": [[291.78614140617424, 0.0], [0.0, 291.78614140617424]], ""P"": [[1000.0, 0.0, 0.0, 0.0], [0.0, 100000.0, 0.0, 0.0], [0.0, 0.0, 1000.0, 0.0], [0.0, 0.0, 0.0, 100000.0]]}","[0.011279380731414204, 0.008609939721974252, 0.0]",False
3,P21,09ce0dcc-884e-4c47-9efa-46e431e4bea2,24,1,haply,mpc,seeded_random,2698308921,persist_session,10.0,58.48944169044494,1624.559658543,0,1786366625.9813528,746.0,True,normal,adaptive,-0.064,-0.048,0.0,0.064,0.048,0.0,-0.063197649,-0.04688948,0.0,0.014148813,-0.0501403,0.17760414,0.0036958165,0.0015139267,0.00089652534,"[0.24252300002343763, 23.46851586246957, 0.0, 0.0, 0.0, 0.0, -0.09752254048052848, 10.028388385167759]","[0.7435835827414671, 0.02100253171271421, 0.0]","{""Controller Type"": ""MPC Controller"", ""weight_comfort"": 291.78614140617424, ""weight_trajectory"": 4249.283151562955, ""weight_goal"": 1000.0, ""Q"": [[4249.283151562955, 0.0, 0.0, 0.0], [0.0, 0.0, 0.0, 0.0], [0.0, 0.0, 4249.283151562955, 0.0], [0.0, 0.0, 0.0, 0.0]], ""R"": [[291.78614140617424, 0.0], [0.0, 291.78614140617424]], ""P"": [[1000.0, 0.0, 0.0, 0.0], [0.0, 100000.0, 0.0, 0.0], [0.0, 0.0, 1000.0, 0.0], [0.0, 0.0, 0.0, 100000.0]]}","[0.012182230121394555, 0.009548425041549033, 0.0]",False
3,P21,09ce0dcc-884e-4c47-9efa-46e431e4bea2,24,1,haply,mpc,seeded_random,2698308921,persist_session,10.0,58.49937492370605,1624.569597073,0,1786366625.9912062,747.0,True,normal,adaptive,-0.064,-0.048,0.0,0.064,0.048,0.0,-0.0628142519999999,-0.04682628,0.0,0.014276612,-0.050082847,0.17763574,0.005204884,0.0020005011,0.0010264505,"[0.24480640594597342, 25.701653366429884, 0.0, 0.0, 0.0, 0.0, -0.10783148824066423, 9.977675205213465]","[1.1572250108301574, 0.01661609015215853, 0.0]","{""Controller Type"": ""MPC Controller"", ""weight_comfort"": 291.78614140617424, ""weight_trajectory"": 4249.283151562955, ""weight_goal"": 1000.0, ""Q"": [[4249.283151562955, 0.0, 0.0, 0.0], [0.0, 0.0, 0.0, 0.0], [0.0, 0.0, 4249.283151562955, 0.0], [0.0, 0.0, 0.0, 0.0]], ""R"": [[291.78614140617424, 0.0], [0.0, 291.78614140617424]], ""P"": [[1000.0, 0.0, 0.0, 0.0], [0.0, 100000.0, 0.0, 0.0], [0.0, 0.0, 1000.0, 0.0], [0.0, 0.0, 0.0, 100000.0]]}","[0.012878319969468201, 0.010460367901468284, 0.0]",False
3,P21,09ce0dcc-884e-4c47-9efa-46e431e4bea2,24,1,haply,mpc,seeded_random,2698308921,persist_session,10.0,58.509386358261104,1624.579607563,0,1786366626.0013604,748.0,True,normal,adaptive,-0.064,-0.048,0.0,0.064,0.048,0.0,-0.0624436289999999,-0.0467979,0.0,0.014400153,-0.05004241,0.17764993,0.0066875126,0.002472982,0.00115166,"[0.21345974795223321, 17.041572814306896, 0.0, 0.0, 0.0, 0.0, -0.05901010617714568, 11.27170143185883]","[0.690161909711052, 0.06670158982850631, 0.0]","{""Controller Type"": ""MPC Controller"", ""weight_comfort"": 332.163878428976, ""weight_trajectory"": 4007.016729426144, ""weight_goal"": 1000.0, ""Q"": [[4007.016729426144, 0.0, 0.0, 0.0], [0.0, 0.0, 0.0, 0.0], [0.0, 0.0, 4007.016729426144, 0.0], [0.0, 0.0, 0.0, 0.0]], ""R"": [[332.163878428976, 0.0], [0.0, 332.163878428976]], ""P"": [[1000.0, 0.0, 0.0, 0.0], [0.0, 100000.0, 0.0, 0.0], [0.0, 0.0, 1000.0, 0.0], [0.0, 0.0, 0.0, 100000.0]]}","[0.014102509130412243, 0.01125125337632002, 0.0]",False
3,P21,09ce0dcc-884e-4c47-9efa-46e431e4bea2,24,1,haply,mpc,seeded_random,2698308921,persist_session,10.0,58.51937490463256,1624.589598358,0,1786366626.0111198,749.0,True,normal,adaptive,-0.064,-0.048,0.0,0.064,0.048,0.0,-0.0620734109999999,-0.04676962,0.0,0.014523559,-0.050001804,0.17766407,0.00806199,0.0028850206,0.0012385878,"[0.19163572490571712, 13.123596990889302, 0.0, 0.0, 0.0, 0.0, -0.13419629642529976, 10.89778327726325]","[0.5032333262729407, 0.017736573916637886, 0.0]","{""Controller Type"": ""MPC Controller"", ""weight_comfort"": 332.163878428976, ""weight_trajectory"": 4007.016729426144, ""weight_goal"": 1000.0, ""Q"": [[4007.016729426144, 0.0, 0.0, 0.0], [0.0, 0.0, 0.0, 0.0], [0.0, 0.0, 4007.016729426144, 0.0], [0.0, 0.0, 0.0, 0.0]], ""R"": [[332.163878428976, 0.0], [0.0, 332.163878428976]], ""P"": [[1000.0, 0.0, 0.0, 0.0], [0.0, 100000.0, 0.0, 0.0], [0.0, 0.0, 1000.0, 0.0], [0.0, 0.0, 0.0, 100000.0]]}","[0.01465507568110857, 0.011801476397125123, 0.0]",False
3,P21,09ce0dcc-884e-4c47-9efa-46e431e4bea2,24,1,haply,mpc,seeded_random,2698308921,persist_session,10.0,58.52948981285095,1624.599706986,0,1786366626.021296,750.0,True,normal,adaptive,-0.064,-0.048,0.0,0.064,0.048,0.0,-0.0616440059999999,-0.04677724,0.0,0.014666694,-0.049973547,0.17766026,0.009162832,0.0032075536,0.001292825,"[0.18580101886068795, 11.652549344855084, 0.0, 0.0, 0.0, 0.0, -0.1357881040510007, 10.88910810010434]","[0.4654570670178178, 0.018684905302898423, 0.0]","{""Controller Type"": ""MPC Controller"", ""weight_comfort"": 332.163878428976, ""weight_trajectory"": 4007.016729426144, ""weight_goal"": 1000.0, ""Q"": [[4007.016729426144, 0.0, 0.0, 0.0], [0.0, 0.0, 0.0, 0.0], [0.0, 0.0, 4007.016729426144, 0.0], [0.0, 0.0, 0.0, 0.0]], ""R"": [[332.163878428976, 0.0], [0.0, 332.163878428976]], ""P"": [[1000.0, 0.0, 0.0, 0.0], [0.0, 100000.0, 0.0, 0.0], [0.0, 0.0, 1000.0, 0.0], [0.0, 0.0, 0.0, 100000.0]]}","[0.015700822244031833, 0.01273036755853965, 0.0]",False
3,P21,09ce0dcc-884e-4c47-9efa-46e431e4bea2,24,1,haply,mpc,seeded_random,2698308921,persist_session,10.0,58.5393267250061,1624.609553169,0,1786366626.0315342,751.0,True,normal,adaptive,-0.064,-0.048,0.0,0.064,0.048,0.0,-0.0612863399999999,-0.0467836,0.0,0.014785916,-0.049949735,0.17765708,0.009999608,0.0034527679,0.0013274093,"[0.1860122254841342, 11.293625235847612, 0.0, 0.0, 0.0, 0.0, -0.21598257987418312, 11.539636563811847]","[0.4999291542545608, -0.029111197799507542, 0.0]","{""Controller Type"": ""MPC Controller"", ""weight_comfort"": 366.01539024223064, ""weight_trajectory"": 3803.9076585466164, ""weight_goal"": 1000.0, ""Q"": [[3803.9076585466164, 0.0, 0.0, 0.0], [0.0, 0.0, 0.0, 0.0], [0.0, 0.0, 3803.9076585466164, 0.0], [0.0, 0.0, 0.0, 0.0]], ""R"": [[366.01539024223064, 0.0], [0.0, 366.01539024223064]], ""P"": [[1000.0, 0.0, 0.0, 0.0], [0.0, 100000.0, 0.0, 0.0], [0.0, 0.0, 1000.0, 0.0], [0.0, 0.0, 0.0, 100000.0]]}","[0.016804689945435262, 0.013971815781716133, 0.0]",False
3,P21,09ce0dcc-884e-4c47-9efa-46e431e4bea2,24,1,haply,mpc,seeded_random,2698308921,persist_session,10.0,58.54933267593383,1624.619559097,0,1786366626.0414188,752.0,True,normal,adaptive,-0.064,-0.048,0.0,0.064,0.048,0.0,-0.0608454659999999,-0.04675662,0.0,0.014932874,-0.049903415,0.17767057,0.010756853,0.0036811917,0.0013598388,"[0.15829833739843208, 8.237162729210603, 0.0, 0.0, 0.0, 0.0, -0.20672669814941802, 11.468117774209295]","[0.30759428622077717, -0.026718349652026272, 0.0]","{""Controller Type"": ""MPC Controller"", ""weight_comfort"": 366.01539024223064, ""weight_trajectory"": 3803.9076585466164, ""weight_goal"": 1000.0, ""Q"": [[3803.9076585466164, 0.0, 0.0, 0.0], [0.0, 0.0, 0.0, 0.0], [0.0, 0.0, 3803.9076585466164, 0.0], [0.0, 0.0, 0.0, 0.0]], ""R"": [[366.01539024223064, 0.0], [0.0, 366.01539024223064]], ""P"": [[1000.0, 0.0, 0.0, 0.0], [0.0, 100000.0, 0.0, 0.0], [0.0, 0.0, 1000.0, 0.0], [0.0, 0.0, 0.0, 100000.0]]}","[0.017642216046417795, 0.014488217427787492, 0.0]",False
3,P21,09ce0dcc-884e-4c47-9efa-46e431e4bea2,24,1,haply,mpc,seeded_random,2698308921,persist_session,10.0,58.55941945075988,1624.629629568,0,1786366626.0512362,753.0,True,normal,adaptive,-0.064,-0.048,0.0,0.064,0.048,0.0,-0.0603337199999999,-0.04673106,0.0,0.015103456,-0.04985191,0.17768335,0.011432915,0.003779967,0.0012706692,"[0.14983520180539356, 10.078989299703522, 0.0, 0.0, 0.0, 0.0, -0.14708883050495836, 11.7796012431557]","[0.46825060598137436, 0.018214775895731707, 0.0]","{""Controller Type"": ""MPC Controller"", ""weight_comfort"": 366.01539024223064, ""weight_trajectory"": 3803.9076585466164, ""weight_goal"": 1000.0, ""Q"": [[3803.9076585466164, 0.0, 0.0, 0.0], [0.0, 0.0, 0.0, 0.0], [0.0, 0.0, 3803.9076585466164, 0.0], [0.0, 0.0, 0.0, 0.0]], ""R"": [[366.01539024223064, 0.0], [0.0, 366.01539024223064]], ""P"": [[1000.0, 0.0, 0.0, 0.0], [0.0, 100000.0, 0.0, 0.0], [0.0, 0.0, 1000.0, 0.0], [0.0, 0.0, 0.0, 100000.0]]}","[0.01877620148601721, 0.015696740886287083, 0.0]",False
3,P21,09ce0dcc-884e-4c47-9efa-46e431e4bea2,24,1,haply,mpc,seeded_random,2698308921,persist_session,10.0,58.56936985015869,1624.639583101,0,1786366626.0613596,754.0,True,normal,adaptive,-0.064,-0.048,0.0,0.064,0.048,0.0,-0.0598822769999999,-0.04666964,0.0,0.015253937,-0.049787436,0.17771406,0.0120662255,0.003909741,0.0012204867,"[0.14117597882902738, 10.777942104005257, 0.0, 0.0, 0.0, 0.0, -0.1524258079679654, 11.75497074476215]","[0.579370748260164, 0.016165204826111723, 0.0]","{""Controller Type"": ""MPC Controller"", ""weight_comfort"": 367.00453630837296, ""weight_trajectory"": 3797.972782149762, ""weight_goal"": 1000.0, ""Q"": [[3797.972782149762, 0.0, 0.0, 0.0], [0.0, 0.0, 0.0, 0.0], [0.0, 0.0, 3797.972782149762, 0.0], [0.0, 0.0, 0.0, 0.0]], ""R"": [[367.00453630837296, 0.0], [0.0, 367.00453630837296]], ""P"": [[1000.0, 0.0, 0.0, 0.0], [0.0, 100000.0, 0.0, 0.0], [0.0, 0.0, 1000.0, 0.0], [0.0, 0.0, 0.0, 100000.0]]}","[0.02032946065011082, 0.017408502688755243, 0.0]",False
3,P21,09ce0dcc-884e-4c47-9efa-46e431e4bea2,24,1,haply,mpc,seeded_random,2698308921,persist_session,10.0,58.57940274238586,1624.649628323,0,1786366626.071209,755.0,True,normal,adaptive,-0.064,-0.048,0.0,0.064,0.048,0.0,-0.0594315599999999,-0.04660836,0.0,0.015404176,-0.04972263,0.1777447,0.012626851,0.00411583,0.0012651228,"[0.15160510824579854, 7.860154400598718, 0.0, 0.0, 0.0, 0.0, -0.11583459966190238, 12.770194740140331]","[0.3692938285791493, 0.06651173349521483, 0.0]","{""Controller Type"": ""MPC Controller"", ""weight_comfort"": 367.00453630837296, ""weight_trajectory"": 3797.972782149762, ""weight_goal"": 1000.0, ""Q"": [[3797.972782149762, 0.0, 0.0, 0.0], [0.0, 0.0, 0.0, 0.0], [0.0, 0.0, 3797.972782149762, 0.0], [0.0, 0.0, 0.0, 0.0]], ""R"": [[367.00453630837296, 0.0], [0.0, 367.00453630837296]], ""P"": [[1000.0, 0.0, 0.0, 0.0], [0.0, 100000.0, 0.0, 0.0], [0.0, 0.0, 1000.0, 0.0], [0.0, 0.0, 0.0, 100000.0]]}","[0.02266545799128643, 0.01895839430709491, 0.0]",False
3,P21,09ce0dcc-884e-4c47-9efa-46e431e4bea2,24,1,haply,mpc,seeded_random,2698308921,persist_session,10.0,58.58937030792236,1624.659587889,0,1786366626.0816147,756.0,True,normal,adaptive,-0.064,-0.048,0.0,0.064,0.048,0.0,-0.0588991619999999,-0.046514,0.0,0.015581642,-0.04963503,0.17779188,0.013172398,0.0043883934,0.0013756002,"[0.15481035165242155, 7.291569033356664, 0.0, 0.0, 0.0, 0.0, -0.12226505331098146, 12.58201957974529]","[0.35277999383006997, 0.06671495567516007, 0.0]","{""Controller Type"": ""MPC Controller"", ""weight_comfort"": 367.00453630837296, ""weight_trajectory"": 3797.972782149762, ""weight_goal"": 1000.0, ""Q"": [[3797.972782149762, 0.0, 0.0, 0.0], [0.0, 0.0, 0.0, 0.0], [0.0, 0.0, 3797.972782149762, 0.0], [0.0, 0.0, 0.0, 0.0]], ""R"": [[367.00453630837296, 0.0], [0.0, 367.00453630837296]], ""P"": [[1000.0, 0.0, 0.0, 0.0], [0.0, 100000.0, 0.0, 0.0], [0.0, 0.0, 1000.0, 0.0], [0.0, 0.0, 0.0, 100000.0]]}","[0.024766097935630473, 0.02085667661384776, 0.0]",False
3,P21,09ce0dcc-884e-4c47-9efa-46e431e4bea2,24,1,haply,mpc,seeded_random,2698308921,persist_session,10.0,58.59958439826965,1624.669796175,0,1786366626.091184,757.0,True,normal,adaptive,-0.064,-0.048,0.0,0.064,0.048,0.0,-0.0585100199999999,-0.04641732,0.0,0.015711356,-0.049557272,0.17784022,0.013633794,0.004925453,0.0017807062,"[0.15090874170088664, 7.5751975998922685, 0.0, 0.0, 0.0, 0.0, -0.10940921756527607, 13.523707270996995]","[0.40612158676949894, 0.11229279079264151, 0.0]","{""Controller Type"": ""MPC Controller"", ""weight_comfort"": 375.35895546916066, ""weight_trajectory"": 3747.846267185036, ""weight_goal"": 1000.0, ""Q"": [[3747.846267185036, 0.0, 0.0, 0.0], [0.0, 0.0, 0.0, 0.0], [0.0, 0.0, 3747.846267185036, 0.0], [0.0, 0.0, 0.0, 0.0]], ""R"": [[375.35895546916066, 0.0], [0.0, 375.35895546916066]], ""P"": [[1000.0, 0.0, 0.0, 0.0], [0.0, 100000.0, 0.0, 0.0], [0.0, 0.0, 1000.0, 0.0], [0.0, 0.0, 0.0, 100000.0]]}","[0.02731489721306724, 0.023232935408855848, 0.0]",False
3,P21,09ce0dcc-884e-4c47-9efa-46e431e4bea2,24,1,haply,mpc,seeded_random,2698308921,persist_session,10.0,58.60937672615051,1624.679602009,0,1786366626.101307,758.0,True,normal,adaptive,-0.064,-0.048,0.0,0.064,0.048,0.0,-0.0580748489999999,-0.0463339,0.0,0.015856413,-0.049512967,0.17788193,0.013927781,0.0053552673,0.0021485644,"[0.1381085248288188, 5.34029188525482, 0.0, 0.0, 0.0, 0.0, -0.11041396880556222, 13.416831819641235]","[0.23408922151914674, 0.12512903916963677, 0.0]","{""Controller Type"": ""MPC Controller"", ""weight_comfort"": 375.35895546916066, ""weight_trajectory"": 3747.846267185036, ""weight_goal"": 1000.0, ""Q"": [[3747.846267185036, 0.0, 0.0, 0.0], [0.0, 0.0, 0.0, 0.0], [0.0, 0.0, 3747.846267185036, 0.0], [0.0, 0.0, 0.0, 0.0]], ""R"": [[375.35895546916066, 0.0], [0.0, 375.35895546916066]], ""P"": [[1000.0, 0.0, 0.0, 0.0], [0.0, 100000.0, 0.0, 0.0], [0.0, 0.0, 1000.0, 0.0], [0.0, 0.0, 0.0, 100000.0]]}","[0.0302645237836472, 0.025100766939900487, 0.0]",False
3,P21,09ce0dcc-884e-4c47-9efa-46e431e4bea2,24,1,haply,mpc,seeded_random,2698308921,persist_session,10.0,58.619615135192866,1624.689830401,0,1786366626.111442,759.0,True,normal,adaptive,-0.064,-0.048,0.0,0.064,0.048,0.0,-0.0577470479999999,-0.04620204,0.0,0.01596568,-0.04942253,0.17794786,0.014123761,0.005837284,0.0025861454,"[0.1381193898602805, 5.313584799657519, 0.0, 0.0, 0.0, 0.0, -0.133332590189437, 12.181148362645274]","[0.24528816547725948, 0.08780489769208483, 0.0]","{""Controller Type"": ""MPC Controller"", ""weight_comfort"": 375.35895546916066, ""weight_trajectory"": 3747.846267185036, ""weight_goal"": 1000.0, ""Q"": [[3747.846267185036, 0.0, 0.0, 0.0], [0.0, 0.0, 0.0, 0.0], [0.0, 0.0, 3747.846267185036, 0.0], [0.0, 0.0, 0.0, 0.0]], ""R"": [[375.35895546916066, 0.0], [0.0, 375.35895546916066]], ""P"": [[1000.0, 0.0, 0.0, 0.0], [0.0, 100000.0, 0.0, 0.0], [0.0, 0.0, 1000.0, 0.0], [0.0, 0.0, 0.0, 100000.0]]}","[0.0329826325520855, 0.027766676574399348, 0.0]",False
3,P21,09ce0dcc-884e-4c47-9efa-46e431e4bea2,24,1,haply,mpc,seeded_random,2698308921,persist_session,10.0,58.62933188438415,1624.699555693,0,1786366626.121326,760.0,True,normal,adaptive,-0.064,-0.048,0.0,0.064,0.048,0.0,-0.0574309379999999,-0.0461047,0.0,0.01607105,-0.04934937,0.17799653,0.014114748,0.006262225,0.0030098795,"[0.08971728363230877, 4.038436493599866, 0.0, 0.0, 0.0, 0.0, -0.1320480727332368, 14.46445827565039]","[0.14153452442965922, 0.17574095977488893, 0.0]","{""Controller Type"": ""MPC Controller"", ""weight_comfort"": 390.64587155724007, ""weight_trajectory"": 3656.1247706565596, ""weight_goal"": 1000.0, ""Q"": [[3656.1247706565596, 0.0, 0.0, 0.0], [0.0, 0.0, 0.0, 0.0], [0.0, 0.0, 3656.1247706565596, 0.0], [0.0, 0.0, 0.0, 0.0]], ""R"": [[390.64587155724007, 0.0], [0.0, 390.64587155724007]], ""P"": [[1000.0, 0.0, 0.0, 0.0], [0.0, 100000.0, 0.0, 0.0], [0.0, 0.0, 1000.0, 0.0], [0.0, 0.0, 0.0, 100000.0]]}","[0.036619655994365036, 0.029694541336361818, 0.0]",False
3,P21,09ce0dcc-884e-4c47-9efa-46e431e4bea2,24,1,haply,mpc,seeded_random,2698308921,persist_session,10.0,58.639324245452876,1624.709544684,0,1786366626.1315627,761.0,True,normal,adaptive,-0.064,-0.048,0.0,0.064,0.048,0.0,-0.057115449,-0.04600756,0.0,0.016176213,-0.0492761,0.1780451,0.013824573,0.0066061993,0.003419004,"[0.08289762160133834, 3.8658639899479663, 0.0, 0.0, 0.0, 0.0, -0.1552374507694021, 12.345144238242618]","[0.13370585704753557, 0.10697083287107575, 0.0]","{""Controller Type"": ""MPC Controller"", ""weight_comfort"": 390.64587155724007, ""weight_trajectory"": 3656.1247706565596, ""weight_goal"": 1000.0, ""Q"": [[3656.1247706565596, 0.0, 0.0, 0.0], [0.0, 0.0, 0.0, 0.0], [0.0, 0.0, 3656.1247706565596, 0.0], [0.0, 0.0, 0.0, 0.0]], ""R"": [[390.64587155724007, 0.0], [0.0, 390.64587155724007]], ""P"": [[1000.0, 0.0, 0.0, 0.0], [0.0, 100000.0, 0.0, 0.0], [0.0, 0.0, 1000.0, 0.0], [0.0, 0.0, 0.0, 100000.0]]}","[0.03880661725403484, 0.03179968307546917, 0.0]",False
3,P21,09ce0dcc-884e-4c47-9efa-46e431e4bea2,24,1,haply,mpc,seeded_random,2698308921,persist_session,10.0,58.649320898056025,1624.719546653,0,1786366626.1413238,762.0,True,normal,adaptive,-0.064,-0.048,0.0,0.064,0.048,0.0,-0.0568819019999999,-0.0459434,0.0,0.016254062,-0.04922537,0.17807718,0.0132353315,0.006774255,0.0036926696,"[0.07281868115805526, 3.648146507476959, 0.0, 0.0, 0.0, 0.0, -0.1627518117487655, 11.755586311660844]","[0.12125273028240632, 0.09625296102206238, 0.0]","{""Controller Type"": ""MPC Controller"", ""weight_comfort"": 390.64587155724007, ""weight_trajectory"": 3656.1247706565596, ""weight_goal"": 1000.0, ""Q"": [[3656.1247706565596, 0.0, 0.0, 0.0], [0.0, 0.0, 0.0, 0.0], [0.0, 0.0, 3656.1247706565596, 0.0], [0.0, 0.0, 0.0, 0.0]], ""R"": [[390.64587155724007, 0.0], [0.0, 390.64587155724007]], ""P"": [[1000.0, 0.0, 0.0, 0.0], [0.0, 100000.0, 0.0, 0.0], [0.0, 0.0, 1000.0, 0.0], [0.0, 0.0, 0.0, 100000.0]]}","[0.0418057409873202, 0.03427527120886127, 0.0]",False
3,P21,09ce0dcc-884e-4c47-9efa-46e431e4bea2,24,1,haply,mpc,seeded_random,2698308921,persist_session,10.0,58.65935283660888,1624.729575137,0,1786366626.151343,763.0,True,normal,adaptive,-0.064,-0.048,0.0,0.064,0.048,0.0,-0.0566487059999999,-0.0458793,0.0,0.016331794,-0.049174644,0.17810923,0.012488711,0.0067992723,0.003865156,"[0.018573088045860872, 3.186666530538476, 0.0, 0.0, 0.0, 0.0, -0.1988717422119794, 10.878849050263055]","[0.07849032604474032, 0.05282434633803605, 0.0]","{""Controller Type"": ""MPC Controller"", ""weight_comfort"": 417.2377427421246, ""weight_trajectory"": 3496.573543547252, ""weight_goal"": 1000.0, ""Q"": [[3496.573543547252, 0.0, 0.0, 0.0], [0.0, 0.0, 0.0, 0.0], [0.0, 0.0, 3496.573543547252, 0.0], [0.0, 0.0, 0.0, 0.0]], ""R"": [[417.2377427421246, 0.0], [0.0, 417.2377427421246]], ""P"": [[1000.0, 0.0, 0.0, 0.0], [0.0, 100000.0, 0.0, 0.0], [0.0, 0.0, 1000.0, 0.0], [0.0, 0.0, 0.0, 100000.0]]}","[0.04475887296730529, 0.03647259891324938, 0.0]",False
3,P21,09ce0dcc-884e-4c47-9efa-46e431e4bea2,24,1,haply,mpc,seeded_random,2698308921,persist_session,10.0,58.66936021804809,1624.739585646,0,1786366626.1613264,764.0,True,normal,adaptive,-0.064,-0.048,0.0,0.064,0.048,0.0,-0.0563557649999999,-0.0458506,0.0,0.016429441,-0.049135584,0.17812358,0.011768854,0.0067242724,0.0039366214,"[0.008869113555382365, 3.1107923221530913, 0.0, 0.0, 0.0, 0.0, -0.2057547951418087, 10.723410599786881]","[0.07347100254641543, 0.049286890133537445, 0.0]","{""Controller Type"": ""MPC Controller"", ""weight_comfort"": 417.2377427421246, ""weight_trajectory"": 3496.573543547252, ""weight_goal"": 1000.0, ""Q"": [[3496.573543547252, 0.0, 0.0, 0.0], [0.0, 0.0, 0.0, 0.0], [0.0, 0.0, 3496.573543547252, 0.0], [0.0, 0.0, 0.0, 0.0]], ""R"": [[417.2377427421246, 0.0], [0.0, 417.2377427421246]], ""P"": [[1000.0, 0.0, 0.0, 0.0], [0.0, 100000.0, 0.0, 0.0], [0.0, 0.0, 1000.0, 0.0], [0.0, 0.0, 0.0, 100000.0]]}","[0.046025000271174905, 0.03751852728409642, 0.0]",False
3,P21,09ce0dcc-884e-4c47-9efa-46e431e4bea2,24,1,haply,mpc,seeded_random,2698308921,persist_session,10.0,58.679437932968135,1624.749659149,0,1786366626.1713023,765.0,True,normal,adaptive,-0.064,-0.048,0.0,0.064,0.048,0.0,-0.0560631359999999,-0.04582196,0.0,0.016526984,-0.04909646,0.1781379,0.011173528,0.006551845,0.0038800675,"[0.030499319898553492, 3.515728007524723, 0.0, 0.0, 0.0, 0.0, -0.2634058638445207, 10.672985876202285]","[0.10683558970002675, 0.005962640424709332, 0.0]","{""Controller Type"": ""MPC Controller"", ""weight_comfort"": 417.2377427421246, ""weight_trajectory"": 3496.573543547252, ""weight_goal"": 1000.0, ""Q"": [[3496.573543547252, 0.0, 0.0, 0.0], [0.0, 0.0, 0.0, 0.0], [0.0, 0.0, 3496.573543547252, 0.0], [0.0, 0.0, 0.0, 0.0]], ""R"": [[417.2377427421246, 0.0], [0.0, 417.2377427421246]], ""P"": [[1000.0, 0.0, 0.0, 0.0], [0.0, 100000.0, 0.0, 0.0], [0.0, 0.0, 1000.0, 0.0], [0.0, 0.0, 0.0, 100000.0]]}","[0.04804539510853191, 0.04026506155328395, 0.0]",False
3,P21,09ce0dcc-884e-4c47-9efa-46e431e4bea2,24,1,haply,mpc,seeded_random,2698308921,persist_session,10.0,58.689463672637935,1624.759676645,0,1786366626.1813226,766.0,True,normal,adaptive,-0.064,-0.048,0.0,0.064,0.048,0.0,-0.0557499869999999,-0.0457255,0.0,0.016631367,-0.049022514,0.17818613,0.010741216,0.006326218,0.0037284272,"[0.02613322346187793, 3.4332092175021205, 0.0, 0.0, 0.0, 0.0, -0.26439245491947494, 10.672134851433478]","[0.10384589909652407, 0.005832984187746443, 0.0]","{""Controller Type"": ""MPC Controller"", ""weight_comfort"": 417.54687817424656, ""weight_trajectory"": 3494.718730954521, ""weight_goal"": 1000.0, ""Q"": [[3494.718730954521, 0.0, 0.0, 0.0], [0.0, 0.0, 0.0, 0.0], [0.0, 0.0, 3494.718730954521, 0.0], [0.0, 0.0, 0.0, 0.0]], ""R"": [[417.54687817424656, 0.0], [0.0, 417.54687817424656]], ""P"": [[1000.0, 0.0, 0.0, 0.0], [0.0, 100000.0, 0.0, 0.0], [0.0, 0.0, 1000.0, 0.0], [0.0, 0.0, 0.0, 100000.0]]}","[0.05088330844749736, 0.04276936971520742, 0.0]",False
3,P21,09ce0dcc-884e-4c47-9efa-46e431e4bea2,24,1,haply,mpc,seeded_random,2698308921,persist_session,10.0,58.69945865631103,1624.769677353,0,1786366626.1913707,767.0,True,normal,adaptive,-0.064,-0.048,0.0,0.064,0.048,0.0,-0.0554597609999999,-0.0456404,0.0,0.016728109,-0.048987005,0.17822868,0.010441147,0.006161928,0.0036291906,"[0.02865150320765074, 3.5000656503296415, 0.0, 0.0, 0.0, 0.0, -0.24143392091325006, 13.089660817203402]","[0.11281365703012305, 0.1033791117043693, 0.0]","{""Controller Type"": ""MPC Controller"", ""weight_comfort"": 417.54687817424656, ""weight_trajectory"": 3494.718730954521, ""weight_goal"": 1000.0, ""Q"": [[3494.718730954521, 0.0, 0.0, 0.0], [0.0, 0.0, 0.0, 0.0], [0.0, 0.0, 3494.718730954521, 0.0], [0.0, 0.0, 0.0, 0.0]], ""R"": [[417.54687817424656, 0.0], [0.0, 417.54687817424656]], ""P"": [[1000.0, 0.0, 0.0, 0.0], [0.0, 100000.0, 0.0, 0.0], [0.0, 0.0, 1000.0, 0.0], [0.0, 0.0, 0.0, 100000.0]]}","[0.05434917216313883, 0.045103257406722136, 0.0]",False
3,P21,09ce0dcc-884e-4c47-9efa-46e431e4bea2,24,1,haply,mpc,seeded_random,2698308921,persist_session,10.0,58.709307727813716,1624.779534599,0,1786366626.2014694,768.0,True,normal,adaptive,-0.064,-0.048,0.0,0.064,0.048,0.0,-0.0551595389999999,-0.04552156,0.0,0.016828183,-0.04893403,0.1782881,0.010251391,0.006051398,0.0035794596,"[0.01513364640454153, 3.2591629949889147, 0.0, 0.0, 0.0, 0.0, -0.25292078252463757, 12.42529208756556]","[0.09594397078959864, 0.08154892709359172, 0.0]","{""Controller Type"": ""MPC Controller"", ""weight_comfort"": 417.54687817424656, ""weight_trajectory"": 3494.718730954521, ""weight_goal"": 1000.0, ""Q"": [[3494.718730954521, 0.0, 0.0, 0.0], [0.0, 0.0, 0.0, 0.0], [0.0, 0.0, 3494.718730954521, 0.0], [0.0, 0.0, 0.0, 0.0]], ""R"": [[417.54687817424656, 0.0], [0.0, 417.54687817424656]], ""P"": [[1000.0, 0.0, 0.0, 0.0], [0.0, 100000.0, 0.0, 0.0], [0.0, 0.0, 1000.0, 0.0], [0.0, 0.0, 0.0, 100000.0]]}","[0.05833366991380386, 0.04839906576744754, 0.0]",False
3,P21,09ce0dcc-884e-4c47-9efa-46e431e4bea2,24,1,haply,mpc,seeded_random,2698308921,persist_session,10.0,58.719508943557734,1624.789723018,0,1786366626.2113187,769.0,True,normal,adaptive,-0.064,-0.048,0.0,0.064,0.048,0.0,-0.0547995359999999,-0.04543796,0.0,0.016948184,-0.04889253,0.1783299,0.01010465,0.00592223,0.0036162024,"[0.014611341836897418, 3.2482684967674214, 0.0, 0.0, 0.0, 0.0, -0.253214065296278, 13.42243172971503]","[0.0983081710327687, 0.13427227277693118, 0.0]","{""Controller Type"": ""MPC Controller"", ""weight_comfort"": 401.9844891946041, ""weight_trajectory"": 3588.0930648323756, ""weight_goal"": 1000.0, ""Q"": [[3588.0930648323756, 0.0, 0.0, 0.0], [0.0, 0.0, 0.0, 0.0], [0.0, 0.0, 3588.0930648323756, 0.0], [0.0, 0.0, 0.0, 0.0]], ""R"": [[401.9844891946041, 0.0], [0.0, 401.9844891946041]], ""P"": [[1000.0, 0.0, 0.0, 0.0], [0.0, 100000.0, 0.0, 0.0], [0.0, 0.0, 1000.0, 0.0], [0.0, 0.0, 0.0, 100000.0]]}","[0.0625340464792823, 0.051579443583152425, 0.0]",False
3,P21,09ce0dcc-884e-4c47-9efa-46e431e4bea2,24,1,haply,mpc,seeded_random,2698308921,persist_session,10.0,58.729295549392695,1624.7995226,0,1786366626.2212243,770.0,True,normal,adaptive,-0.064,-0.048,0.0,0.064,0.048,0.0,-0.0544181999999999,-0.04534356,0.0,0.017075296,-0.048812233,0.1783771,0.010103779,0.0058072964,0.0036369981,"[0.017386030679413668, 3.8071159681785978, 0.0, 0.0, 0.0, 0.0, -0.2761461461682157, 12.161426003183587]","[0.14121968560292875, 0.07742248746633552, 0.0]","{""Controller Type"": ""MPC Controller"", ""weight_comfort"": 401.9844891946041, ""weight_trajectory"": 3588.0930648323756, ""weight_goal"": 1000.0, ""Q"": [[3588.0930648323756, 0.0, 0.0, 0.0], [0.0, 0.0, 0.0, 0.0], [0.0, 0.0, 3588.0930648323756, 0.0], [0.0, 0.0, 0.0, 0.0]], ""R"": [[401.9844891946041, 0.0], [0.0, 401.9844891946041]], ""P"": [[1000.0, 0.0, 0.0, 0.0], [0.0, 100000.0, 0.0, 0.0], [0.0, 0.0, 1000.0, 0.0], [0.0, 0.0, 0.0, 100000.0]]}","[0.0674267543220553, 0.05729476211629259, 0.0]",False
3,P21,09ce0dcc-884e-4c47-9efa-46e431e4bea2,24,1,haply,mpc,seeded_random,2698308921,persist_session,10.0,58.7392984008789,1624.809515781,0,1786366626.2315934,771.0,True,normal,adaptive,-0.064,-0.048,0.0,0.064,0.048,0.0,-0.0540491369999999,-0.04522652,0.0,0.017198317,-0.048752908,0.17843562,0.010232568,0.0057692947,0.0036905531,"[0.017199516171226756, 3.8557930942393717, 0.0, 0.0, 0.0, 0.0, -0.2756290495562853, 12.213084777312122]","[0.15047359702464913, 0.09066232118272521, 0.0]","{""Controller Type"": ""MPC Controller"", ""weight_comfort"": 401.9844891946041, ""weight_trajectory"": 3588.0930648323756, ""weight_goal"": 1000.0, ""Q"": [[3588.0930648323756, 0.0, 0.0, 0.0], [0.0, 0.0, 0.0, 0.0], [0.0, 0.0, 3588.0930648323756, 0.0], [0.0, 0.0, 0.0, 0.0]], ""R"": [[401.9844891946041, 0.0], [0.0, 401.9844891946041]], ""P"": [[1000.0, 0.0, 0.0, 0.0], [0.0, 100000.0, 0.0, 0.0], [0.0, 0.0, 1000.0, 0.0], [0.0, 0.0, 0.0, 100000.0]]}","[0.07286403915007479, 0.0622255232644313, 0.0]",False
3,P21,09ce0dcc-884e-4c47-9efa-46e431e4bea2,24,1,haply,mpc,seeded_random,2698308921,persist_session,10.0,58.7494314289093,1624.819646682,0,1786366626.241177,772.0,True,normal,adaptive,-0.064,-0.048,0.0,0.064,0.048,0.0,-0.0536790329999999,-0.04516616,0.0,0.017321685,-0.048689384,0.1784658,0.0105062,0.0058548856,0.0037904538,"[0.013906544349246047, 3.488502997620383, 0.0, 0.0, 0.0, 0.0, -0.27548191891419005, 12.451832198432957]","[0.12580692038257266, 0.11486688410310968, 0.0]","{""Controller Type"": ""MPC Controller"", ""weight_comfort"": 406.52840229815575, ""weight_trajectory"": 3560.829586211066, ""weight_goal"": 1000.0, ""Q"": [[3560.829586211066, 0.0, 0.0, 0.0], [0.0, 0.0, 0.0, 0.0], [0.0, 0.0, 3560.829586211066, 0.0], [0.0, 0.0, 0.0, 0.0]], ""R"": [[406.52840229815575, 0.0], [0.0, 406.52840229815575]], ""P"": [[1000.0, 0.0, 0.0, 0.0], [0.0, 100000.0, 0.0, 0.0], [0.0, 0.0, 1000.0, 0.0], [0.0, 0.0, 0.0, 100000.0]]}","[0.0797727708158826, 0.06746661491850132, 0.0]",False
3,P21,09ce0dcc-884e-4c47-9efa-46e431e4bea2,24,1,haply,mpc,seeded_random,2698308921,persist_session,10.0,58.75942474365234,1624.829638028,0,1786366626.2513373,773.0,True,normal,adaptive,-0.064,-0.048,0.0,0.064,0.048,0.0,-0.0532506899999999,-0.04508436,0.0,0.017464466,-0.04864095,0.1785067,0.010774626,0.005827747,0.0039610765,"[0.01291889427362278, 3.660522093013928, 0.0, 0.0, 0.0, 0.0, -0.3270764261129434, 11.556734104403615]","[0.142878894275604, 0.04231219755048247, 0.0]","{""Controller Type"": ""MPC Controller"", ""weight_comfort"": 406.52840229815575, ""weight_trajectory"": 3560.829586211066, ""weight_goal"": 1000.0, ""Q"": [[3560.829586211066, 0.0, 0.0, 0.0], [0.0, 0.0, 0.0, 0.0], [0.0, 0.0, 3560.829586211066, 0.0], [0.0, 0.0, 0.0, 0.0]], ""R"": [[406.52840229815575, 0.0], [0.0, 406.52840229815575]], ""P"": [[1000.0, 0.0, 0.0, 0.0], [0.0, 100000.0, 0.0, 0.0], [0.0, 0.0, 1000.0, 0.0], [0.0, 0.0, 0.0, 100000.0]]}","[0.08497712349837783, 0.07374347273653148, 0.0]",False
3,P21,09ce0dcc-884e-4c47-9efa-46e431e4bea2,24,1,haply,mpc,seeded_random,2698308921,persist_session,10.0,58.7696619606018,1624.8398471,0,1786366626.2612648,774.0,True,normal,adaptive,-0.064,-0.048,0.0,0.064,0.048,0.0,-0.0528831149999999,-0.0449678,0.0,0.017586991,-0.048580717,0.17856498,0.011150272,0.005963341,0.003970542,"[0.008962278516218496, 3.8633080679519307, 0.0, 0.0, 0.0, 0.0, -0.3208277205721606, 11.8213242456919]","[0.16392740452131802, 0.06531186664120057, 0.0]","{""Controller Type"": ""MPC Controller"", ""weight_comfort"": 406.52840229815575, ""weight_trajectory"": 3560.829586211066, ""weight_goal"": 1000.0, ""Q"": [[3560.829586211066, 0.0, 0.0, 0.0], [0.0, 0.0, 0.0, 0.0], [0.0, 0.0, 3560.829586211066, 0.0], [0.0, 0.0, 0.0, 0.0]], ""R"": [[406.52840229815575, 0.0], [0.0, 406.52840229815575]], ""P"": [[1000.0, 0.0, 0.0, 0.0], [0.0, 100000.0, 0.0, 0.0], [0.0, 0.0, 1000.0, 0.0], [0.0, 0.0, 0.0, 100000.0]]}","[0.09200612495752851, 0.08047800222665144, 0.0]",False
3,P21,09ce0dcc-884e-4c47-9efa-46e431e4bea2,24,1,haply,mpc,seeded_random,2698308921,persist_session,10.0,58.77934103965759,1624.84955986,0,1786366626.2713523,775.0,True,normal,adaptive,-0.064,-0.048,0.0,0.064,0.048,0.0,-0.0525147059999999,-0.04490772,0.0,0.017709794,-0.048516523,0.17859502,0.011419574,0.005983575,0.0040282756,"[0.008288818181161228, 3.3094717922651267, 0.0, 0.0, 0.0, 0.0, -0.3234641385146481, 12.895626761868288]","[0.12350498201969107, 0.12133722142950505, 0.0]","{""Controller Type"": ""MPC Controller"", ""weight_comfort"": 405.25755585041804, ""weight_trajectory"": 3568.4546648974915, ""weight_goal"": 1000.0, ""Q"": [[3568.4546648974915, 0.0, 0.0, 0.0], [0.0, 0.0, 0.0, 0.0], [0.0, 0.0, 3568.4546648974915, 0.0], [0.0, 0.0, 0.0, 0.0]], ""R"": [[405.25755585041804, 0.0], [0.0, 405.25755585041804]], ""P"": [[1000.0, 0.0, 0.0, 0.0], [0.0, 100000.0, 0.0, 0.0], [0.0, 0.0, 1000.0, 0.0], [0.0, 0.0, 0.0, 100000.0]]}","[0.10122734156857145, 0.0866855508934025, 0.0]",False
3,P21,09ce0dcc-884e-4c47-9efa-46e431e4bea2,24,1,haply,mpc,seeded_random,2698308921,persist_session,10.0,58.78934222221374,1624.859566536,0,1786366626.28127,776.0,True,normal,adaptive,-0.064,-0.048,0.0,0.064,0.048,0.0,-0.0521575319999999,-0.04482496,0.0,0.017828852,-0.048473038,0.1786364,0.011603932,0.005944407,0.0040897946,"[0.0078406408680472, 3.1724182839296047, 0.0, 0.0, 0.0, 0.0, -0.3814340243981377, 12.135830432038748]","[0.11677462522696054, 0.03684152806788172, 0.0]","{""Controller Type"": ""MPC Controller"", ""weight_comfort"": 405.25755585041804, ""weight_trajectory"": 3568.4546648974915, ""weight_goal"": 1000.0, ""Q"": [[3568.4546648974915, 0.0, 0.0, 0.0], [0.0, 0.0, 0.0, 0.0], [0.0, 0.0, 3568.4546648974915, 0.0], [0.0, 0.0, 0.0, 0.0]], ""R"": [[405.25755585041804, 0.0], [0.0, 405.25755585041804]], ""P"": [[1000.0, 0.0, 0.0, 0.0], [0.0, 100000.0, 0.0, 0.0], [0.0, 0.0, 1000.0, 0.0], [0.0, 0.0, 0.0, 100000.0]]}","[0.10930846464973049, 0.09543548205396164, 0.0]",False
3,P21,09ce0dcc-884e-4c47-9efa-46e431e4bea2,24,1,haply,mpc,seeded_random,2698308921,persist_session,10.0,58.79954534530639,1624.869759145,0,1786366626.291347,777.0,True,normal,adaptive,-0.064,-0.048,0.0,0.064,0.048,0.0,-0.0518611649999999,-0.04470742,0.0,0.017927641,-0.048418116,0.17869517,0.011691965,0.0058794026,0.004153512,"[0.0071436051978249395, 3.0459885239173867, 0.0, 0.0, 0.0, 0.0, -0.37295746064394014, 12.546026907389306]","[0.11052698653767426, 0.07007239632587828, 0.0]","{""Controller Type"": ""MPC Controller"", ""weight_comfort"": 405.25755585041804, ""weight_trajectory"": 3568.4546648974915, ""weight_goal"": 1000.0, ""Q"": [[3568.4546648974915, 0.0, 0.0, 0.0], [0.0, 0.0, 0.0, 0.0], [0.0, 0.0, 3568.4546648974915, 0.0], [0.0, 0.0, 0.0, 0.0]], ""R"": [[405.25755585041804, 0.0], [0.0, 405.25755585041804]], ""P"": [[1000.0, 0.0, 0.0, 0.0], [0.0, 100000.0, 0.0, 0.0], [0.0, 0.0, 1000.0, 0.0], [0.0, 0.0, 0.0, 100000.0]]}","[0.11801566827579799, 0.10250922399658428, 0.0]",False
3,P21,09ce0dcc-884e-4c47-9efa-46e431e4bea2,24,1,haply,mpc,seeded_random,2698308921,persist_session,10.0,58.80940943717956,1624.879633761,0,1786366626.3012495,778.0,True,normal,adaptive,-0.064,-0.048,0.0,0.064,0.048,0.0,-0.0515639159999999,-0.04464632,0.0,0.018026724,-0.048359253,0.17872572,0.011681053,0.005791602,0.0042145685,"[-0.016506064580936217, 2.6579009753099183, 0.0, 0.0, 0.0, 0.0, -0.3756652801863312, 13.371455661329298]","[0.07625709935074063, 0.12114018912938762, 0.0]","{""Controller Type"": ""MPC Controller"", ""weight_comfort"": 406.7651452659192, ""weight_trajectory"": 3559.409128404485, ""weight_goal"": 1000.0, ""Q"": [[3559.409128404485, 0.0, 0.0, 0.0], [0.0, 0.0, 0.0, 0.0], [0.0, 0.0, 3559.409128404485, 0.0], [0.0, 0.0, 0.0, 0.0]], ""R"": [[406.7651452659192, 0.0], [0.0, 406.7651452659192]], ""P"": [[1000.0, 0.0, 0.0, 0.0], [0.0, 100000.0, 0.0, 0.0], [0.0, 0.0, 1000.0, 0.0], [0.0, 0.0, 0.0, 100000.0]]}","[0.1286242375486505, 0.10900166208755172, 0.0]",False
3,P21,09ce0dcc-884e-4c47-9efa-46e431e4bea2,24,1,haply,mpc,seeded_random,2698308921,persist_session,10.0,58.819530544281,1624.889736663,0,1786366626.311397,779.0,True,normal,adaptive,-0.064,-0.048,0.0,0.064,0.048,0.0,-0.0512181209999999,-0.04454074,0.0,0.018141989,-0.048336126,0.17877851,0.011668061,0.005723832,0.004255731,"[-0.016971560644776184, 2.6490871165079897, 0.0, 0.0, 0.0, 0.0, -0.42821750873158665, 12.656539957608521]","[0.07755804401696262, 0.038420267524384016, 0.0]","{""Controller Type"": ""MPC Controller"", ""weight_comfort"": 406.7651452659192, ""weight_trajectory"": 3559.409128404485, ""weight_goal"": 1000.0, ""Q"": [[3559.409128404485, 0.0, 0.0, 0.0], [0.0, 0.0, 0.0, 0.0], [0.0, 0.0, 3559.409128404485, 0.0], [0.0, 0.0, 0.0, 0.0]], ""R"": [[406.7651452659192, 0.0], [0.0, 406.7651452659192]], ""P"": [[1000.0, 0.0, 0.0, 0.0], [0.0, 100000.0, 0.0, 0.0], [0.0, 0.0, 1000.0, 0.0], [0.0, 0.0, 0.0, 100000.0]]}","[0.13635297855917913, 0.11793057257824832, 0.0]",False
3,P21,09ce0dcc-884e-4c47-9efa-46e431e4bea2,24,1,haply,mpc,seeded_random,2698308921,persist_session,10.0,58.829342899322505,1624.899570583,0,1786366626.3211956,780.0,True,normal,adaptive,-0.064,-0.048,0.0,0.064,0.048,0.0,-0.0508532189999999,-0.04442504,0.0,0.018263623,-0.04827441,0.17883636,0.011690512,0.005672515,0.0043022064,"[-0.013931739161723926, 2.8545953313358474, 0.0, 0.0, 0.0, 0.0, -0.4255184644193537, 13.65788557608543]","[0.09566978840167112, 0.10272512730680147, 0.0]","{""Controller Type"": ""MPC Controller"", ""weight_comfort"": 406.7651452659192, ""weight_trajectory"": 3559.409128404485, ""weight_goal"": 1000.0, ""Q"": [[3559.409128404485, 0.0, 0.0, 0.0], [0.0, 0.0, 0.0, 0.0], [0.0, 0.0, 3559.409128404485, 0.0], [0.0, 0.0, 0.0, 0.0]], ""R"": [[406.7651452659192, 0.0], [0.0, 406.7651452659192]], ""P"": [[1000.0, 0.0, 0.0, 0.0], [0.0, 100000.0, 0.0, 0.0], [0.0, 0.0, 1000.0, 0.0], [0.0, 0.0, 0.0, 100000.0]]}","[0.1456063836089444, 0.1260016849436058, 0.0]",False
3,P21,09ce0dcc-884e-4c47-9efa-46e431e4bea2,24,1,haply,mpc,seeded_random,2698308921,persist_session,10.0,58.83950501441955,1624.909719984,0,1786366626.3316638,781.0,True,normal,adaptive,-0.064,-0.048,0.0,0.064,0.048,0.0,-0.0504898919999999,-0.04425336,0.0,0.018384732,-0.048216015,0.1789222,0.011707316,0.0056659435,0.0043856334,"[-0.01490347685403032, 3.017933946929928, 0.0, 0.0, 0.0, 0.0, -0.42588657218637715, 13.734097305771584]","[0.11067764578661458, 0.12280823022125417, 0.0]","{""Controller Type"": ""MPC Controller"", ""weight_comfort"": 402.793737851594, ""weight_trajectory"": 3583.237572890436, ""weight_goal"": 1000.0, ""Q"": [[3583.237572890436, 0.0, 0.0, 0.0], [0.0, 0.0, 0.0, 0.0], [0.0, 0.0, 3583.237572890436, 0.0], [0.0, 0.0, 0.0, 0.0]], ""R"": [[402.793737851594, 0.0], [0.0, 402.793737851594]], ""P"": [[1000.0, 0.0, 0.0, 0.0], [0.0, 100000.0, 0.0, 0.0], [0.0, 0.0, 1000.0, 0.0], [0.0, 0.0, 0.0, 100000.0]]}","[0.15652686784371006, 0.13637392508023857, 0.0]",False
3,P21,09ce0dcc-884e-4c47-9efa-46e431e4bea2,24,1,haply,mpc,seeded_random,2698308921,persist_session,10.0,58.849489507675166,1624.919710935,0,1786366626.341152,782.0,True,normal,adaptive,-0.064,-0.048,0.0,0.064,0.048,0.0,-0.0501270059999999,-0.0440818,0.0,0.018505694,-0.048157264,0.17900798,0.011716151,0.0056608673,0.0046034222,"[-0.016966530041364218, 2.7935672389461277, 0.0, 0.0, 0.0, 0.0, -0.44987597566107296, 15.051721429059967]","[0.0950153460825939, 0.20534679604369696, 0.0]","{""Controller Type"": ""MPC Controller"", ""weight_comfort"": 402.793737851594, ""weight_trajectory"": 3583.237572890436, ""weight_goal"": 1000.0, ""Q"": [[3583.237572890436, 0.0, 0.0, 0.0], [0.0, 0.0, 0.0, 0.0], [0.0, 0.0, 3583.237572890436, 0.0], [0.0, 0.0, 0.0, 0.0]], ""R"": [[402.793737851594, 0.0], [0.0, 402.793737851594]], ""P"": [[1000.0, 0.0, 0.0, 0.0], [0.0, 100000.0, 0.0, 0.0], [0.0, 0.0, 1000.0, 0.0], [0.0, 0.0, 0.0, 100000.0]]}","[0.17266359938206388, 0.14771048562768932, 0.0]",False
3,P21,09ce0dcc-884e-4c47-9efa-46e431e4bea2,24,1,haply,mpc,seeded_random,2698308921,persist_session,10.0,58.859517869949336,1624.929736367,0,1786366626.3516786,783.0,True,normal,adaptive,-0.064,-0.048,0.0,0.064,0.048,0.0,-0.0497655539999999,-0.04385438,0.0,0.018626178,-0.04810175,0.17912169,0.011713833,0.005633544,0.00513039,"[-0.019580620037091732, 2.9943306766543096, 0.0, 0.0, 0.0, 0.0, -0.4437370878200145, 14.76221581885371]","[0.11228772638493541, 0.2260641642839431, 0.0]","{""Controller Type"": ""MPC Controller"", ""weight_comfort"": 402.793737851594, ""weight_trajectory"": 3583.237572890436, ""weight_goal"": 1000.0, ""Q"": [[3583.237572890436, 0.0, 0.0, 0.0], [0.0, 0.0, 0.0, 0.0], [0.0, 0.0, 3583.237572890436, 0.0], [0.0, 0.0, 0.0, 0.0]], ""R"": [[402.793737851594, 0.0], [0.0, 402.793737851594]], ""P"": [[1000.0, 0.0, 0.0, 0.0], [0.0, 100000.0, 0.0, 0.0], [0.0, 0.0, 1000.0, 0.0], [0.0, 0.0, 0.0, 100000.0]]}","[0.18667666322446136, 0.16066879289372393, 0.0]",False
3,P21,09ce0dcc-884e-4c47-9efa-46e431e4bea2,24,1,haply,mpc,seeded_random,2698308921,persist_session,10.0,58.869437513351436,1624.939652087,0,1786366626.3612502,784.0,True,normal,adaptive,-0.064,-0.048,0.0,0.064,0.048,0.0,-0.0494043899999999,-0.0436273,0.0,0.018746566,-0.048045743,0.17923523,0.011725668,0.0055095446,0.005878194,"[-0.02274998435167653, 2.706427976528261, 0.0, 0.0, 0.0, 0.0, -0.45255300240955365, 15.10122354599184]","[0.09034198364583898, 0.28468087050793967, 0.0]","{""Controller Type"": ""MPC Controller"", ""weight_comfort"": 396.71886326558865, ""weight_trajectory"": 3619.6868204064685, ""weight_goal"": 1000.0, ""Q"": [[3619.6868204064685, 0.0, 0.0, 0.0], [0.0, 0.0, 0.0, 0.0], [0.0, 0.0, 3619.6868204064685, 0.0], [0.0, 0.0, 0.0, 0.0]], ""R"": [[396.71886326558865, 0.0], [0.0, 396.71886326558865]], ""P"": [[1000.0, 0.0, 0.0, 0.0], [0.0, 100000.0, 0.0, 0.0], [0.0, 0.0, 1000.0, 0.0], [0.0, 0.0, 0.0, 100000.0]]}","[0.20724524579511197, 0.17485505675549357, 0.0]",False
3,P21,09ce0dcc-884e-4c47-9efa-46e431e4bea2,24,1,haply,mpc,seeded_random,2698308921,persist_session,10.0,58.87932640075683,1624.949550059,0,1786366626.3716288,785.0,True,normal,adaptive,-0.064,-0.048,0.0,0.064,0.048,0.0,-0.0489845639999999,-0.04332242,0.0,0.018886508,-0.048007112,0.17938767,0.011725057,0.005348463,0.0069062915,"[-0.024910016649670106, 2.886016178031326, 0.0, 0.0, 0.0, 0.0, -0.4365961843449533, 14.53834282610531]","[0.10607332952598783, 0.30491034131442957, 0.0]","{""Controller Type"": ""MPC Controller"", ""weight_comfort"": 396.71886326558865, ""weight_trajectory"": 3619.6868204064685, ""weight_goal"": 1000.0, ""Q"": [[3619.6868204064685, 0.0, 0.0, 0.0], [0.0, 0.0, 0.0, 0.0], [0.0, 0.0, 3619.6868204064685, 0.0], [0.0, 0.0, 0.0, 0.0]], ""R"": [[396.71886326558865, 0.0], [0.0, 396.71886326558865]], ""P"": [[1000.0, 0.0, 0.0, 0.0], [0.0, 100000.0, 0.0, 0.0], [0.0, 0.0, 1000.0, 0.0], [0.0, 0.0, 0.0, 100000.0]]}","[0.22689710869419488, 0.19213404828843827, 0.0]",False
3,P21,09ce0dcc-884e-4c47-9efa-46e431e4bea2,24,1,haply,mpc,seeded_random,2698308921,persist_session,10.0,58.88930397987365,1624.959532866,0,1786366626.3812847,786.0,True,normal,adaptive,-0.064,-0.048,0.0,0.064,0.048,0.0,-0.0486330929999999,-0.0430724,0.0,0.019003665,-0.04797078,0.17951268,0.011783195,0.005348102,0.007991809,"[-0.027924116784768784, 2.9999085505582403, 0.0, 0.0, 0.0, 0.0, -0.46986821740072077, 15.540846637625787]","[0.11819467807388223, 0.4136158189508372, 0.0]","{""Controller Type"": ""MPC Controller"", ""weight_comfort"": 396.71886326558865, ""weight_trajectory"": 3619.6868204064685, ""weight_goal"": 1000.0, ""Q"": [[3619.6868204064685, 0.0, 0.0, 0.0], [0.0, 0.0, 0.0, 0.0], [0.0, 0.0, 3619.6868204064685, 0.0], [0.0, 0.0, 0.0, 0.0]], ""R"": [[396.71886326558865, 0.0], [0.0, 396.71886326558865]], ""P"": [[1000.0, 0.0, 0.0, 0.0], [0.0, 100000.0, 0.0, 0.0], [0.0, 0.0, 1000.0, 0.0], [0.0, 0.0, 0.0, 100000.0]]}","[0.252391399692462, 0.21160859643111168, 0.0]",False
3,P21,09ce0dcc-884e-4c47-9efa-46e431e4bea2,24,1,haply,mpc,seeded_random,2698308921,persist_session,10.0,58.89941030502319,1624.969629238,0,1786366626.3913102,787.0,True,normal,adaptive,-0.064,-0.048,0.0,0.064,0.048,0.0,-0.0482049479999999,-0.04273528,0.0,0.01914638,-0.047913283,0.17968124,0.011954723,0.005218016,0.009160887,"[-0.026305337006910828, 2.6683441391318468, 0.0, 0.0, 0.0, 0.0, -0.3644719880208305, 12.038618797661034]","[0.09416330852665061, 0.2785206518593235, 0.0]","{""Controller Type"": ""MPC Controller"", ""weight_comfort"": 414.6890523169507, ""weight_trajectory"": 3511.8656860982956, ""weight_goal"": 1000.0, ""Q"": [[3511.8656860982956, 0.0, 0.0, 0.0], [0.0, 0.0, 0.0, 0.0], [0.0, 0.0, 3511.8656860982956, 0.0], [0.0, 0.0, 0.0, 0.0]], ""R"": [[414.6890523169507, 0.0], [0.0, 414.6890523169507]], ""P"": [[1000.0, 0.0, 0.0, 0.0], [0.0, 100000.0, 0.0, 0.0], [0.0, 0.0, 1000.0, 0.0], [0.0, 0.0, 0.0, 100000.0]]}","[0.2801693376802916, 0.2350968873235379, 0.0]",False
3,P21,09ce0dcc-884e-4c47-9efa-46e431e4bea2,24,1,haply,mpc,seeded_random,2698308921,persist_session,10.0,58.90931707382202,1624.979529397,0,1786366626.4012418,788.0,True,normal,adaptive,-0.064,-0.048,0.0,0.064,0.048,0.0,-0.0478028939999999,-0.04238346,0.0,0.019280398,-0.047913786,0.17985715,0.012101723,0.0050031184,0.010375154,"[-0.04201011645136318, 3.0840581578291446, 0.0, 0.0, 0.0, 0.0, -0.4463124159124136, 14.257147917923225]","[0.1269927969104852, 0.43891812186844187, 0.0]","{""Controller Type"": ""MPC Controller"", ""weight_comfort"": 414.6890523169507, ""weight_trajectory"": 3511.8656860982956, ""weight_goal"": 1000.0, ""Q"": [[3511.8656860982956, 0.0, 0.0, 0.0], [0.0, 0.0, 0.0, 0.0], [0.0, 0.0, 3511.8656860982956, 0.0], [0.0, 0.0, 0.0, 0.0]], ""R"": [[414.6890523169507, 0.0], [0.0, 414.6890523169507]], ""P"": [[1000.0, 0.0, 0.0, 0.0], [0.0, 100000.0, 0.0, 0.0], [0.0, 0.0, 1000.0, 0.0], [0.0, 0.0, 0.0, 100000.0]]}","[0.30450687288353767, 0.25334553506058327, 0.0]",False
3,P21,09ce0dcc-884e-4c47-9efa-46e431e4bea2,24,1,haply,mpc,seeded_random,2698308921,persist_session,10.0,58.91935688018798,1624.989580359,0,1786366626.411374,789.0,True,normal,adaptive,-0.064,-0.048,0.0,0.064,0.048,0.0,-0.0474519179999999,-0.04207776,0.0,0.01939739,-0.047878705,0.18001,0.012182485,0.004580687,0.0114248255,"[-0.03490591420934922, 2.8370451076073935, 0.0, 0.0, 0.0, 0.0, -0.39233152521725323, 12.846376364233386]","[0.11094793836360593, 0.4196152725208938, 0.0]","{""Controller Type"": ""MPC Controller"", ""weight_comfort"": 414.6890523169507, ""weight_trajectory"": 3511.8656860982956, ""weight_goal"": 1000.0, ""Q"": [[3511.8656860982956, 0.0, 0.0, 0.0], [0.0, 0.0, 0.0, 0.0], [0.0, 0.0, 3511.8656860982956, 0.0], [0.0, 0.0, 0.0, 0.0]], ""R"": [[414.6890523169507, 0.0], [0.0, 414.6890523169507]], ""P"": [[1000.0, 0.0, 0.0, 0.0], [0.0, 100000.0, 0.0, 0.0], [0.0, 0.0, 1000.0, 0.0], [0.0, 0.0, 0.0, 100000.0]]}","[0.3432361245351164, 0.2820664973078622, 0.0]",False
3,P21,09ce0dcc-884e-4c47-9efa-46e431e4bea2,24,1,haply,mpc,seeded_random,2698308921,persist_session,10.0,58.929321107864375,1624.999549164,0,1786366626.421263,790.0,True,normal,adaptive,-0.064,-0.048,0.0,0.064,0.048,0.0,-0.0470483579999999,-0.04178164,0.0,0.01953191,-0.047874566,0.18015806,0.012234921,0.004065929,0.012304223,"[-0.0376911068637974, 2.4773545756940383, 0.0, 0.0, 0.0, 0.0, -0.2851658637771086, 9.630831629764263]","[0.08161504723901772, 0.26488964697996, 0.0]","{""Controller Type"": ""MPC Controller"", ""weight_comfort"": 429.772310047057, ""weight_trajectory"": 3421.3661397176584, ""weight_goal"": 1000.0, ""Q"": [[3421.3661397176584, 0.0, 0.0, 0.0], [0.0, 0.0, 0.0, 0.0], [0.0, 0.0, 3421.3661397176584, 0.0], [0.0, 0.0, 0.0, 0.0]], ""R"": [[429.772310047057, 0.0], [0.0, 429.772310047057]], ""P"": [[1000.0, 0.0, 0.0, 0.0], [0.0, 100000.0, 0.0, 0.0], [0.0, 0.0, 1000.0, 0.0], [0.0, 0.0, 0.0, 100000.0]]}","[0.38453986436242177, 0.316356419724085, 0.0]",False
3,P21,09ce0dcc-884e-4c47-9efa-46e431e4bea2,24,1,haply,mpc,seeded_random,2698308921,persist_session,10.0,58.9393396949768,1625.009548592,0,1786366626.4315834,791.0,True,normal,adaptive,-0.064,-0.048,0.0,0.064,0.048,0.0,-0.0466446869999999,-0.04142916,0.0,0.019666467,-0.047872573,0.1803343,0.012303618,0.0035596427,0.013149764,"[-0.04962284667018541, 2.846916586161025, 0.0, 0.0, 0.0, 0.0, -0.2535564367436512, 8.677596454661582]","[0.11066774724784947, 0.23707724984166914, 0.0]","{""Controller Type"": ""MPC Controller"", ""weight_comfort"": 429.772310047057, ""weight_trajectory"": 3421.3661397176584, ""weight_goal"": 1000.0, ""Q"": [[3421.3661397176584, 0.0, 0.0, 0.0], [0.0, 0.0, 0.0, 0.0], [0.0, 0.0, 3421.3661397176584, 0.0], [0.0, 0.0, 0.0, 0.0]], ""R"": [[429.772310047057, 0.0], [0.0, 429.772310047057]], ""P"": [[1000.0, 0.0, 0.0, 0.0], [0.0, 100000.0, 0.0, 0.0], [0.0, 0.0, 1000.0, 0.0], [0.0, 0.0, 0.0, 100000.0]]}","[0.4135308011468499, 0.3461165905122807, 0.0]",False
3,P21,09ce0dcc-884e-4c47-9efa-46e431e4bea2,24,1,haply,mpc,seeded_random,2698308921,persist_session,10.0,58.94939332962036,1625.019615514,0,1786366626.4412005,792.0,True,normal,adaptive,-0.064,-0.048,0.0,0.064,0.048,0.0,-0.0461630519999999,-0.04110202,0.0,0.019827012,-0.047842346,0.18049787,0.012499126,0.0031553507,0.013840078,"[-0.04543517335005713, 2.674210223541432, 0.0, 0.0, 0.0, 0.0, -0.27165391643225806, 9.148258134204402]","[0.0995713527670299, 0.2881524613693426, 0.0]","{""Controller Type"": ""MPC Controller"", ""weight_comfort"": 429.772310047057, ""weight_trajectory"": 3421.3661397176584, ""weight_goal"": 1000.0, ""Q"": [[3421.3661397176584, 0.0, 0.0, 0.0], [0.0, 0.0, 0.0, 0.0], [0.0, 0.0, 3421.3661397176584, 0.0], [0.0, 0.0, 0.0, 0.0]], ""R"": [[429.772310047057, 0.0], [0.0, 429.772310047057]], ""P"": [[1000.0, 0.0, 0.0, 0.0], [0.0, 100000.0, 0.0, 0.0], [0.0, 0.0, 1000.0, 0.0], [0.0, 0.0, 0.0, 100000.0]]}","[0.4635556074768811, 0.38070199167702345, 0.0]",False
3,P21,09ce0dcc-884e-4c47-9efa-46e431e4bea2,24,1,haply,mpc,seeded_random,2698308921,persist_session,10.0,58.95941501617431,1625.029635257,0,1786366626.4513402,793.0,True,normal,adaptive,-0.064,-0.048,0.0,0.064,0.048,0.0,-0.0456891269999999,-0.04075054,0.0,0.019984987,-0.04783174,0.18067361,0.012755547,0.002763404,0.014460227,"[-0.10738454562031552, 3.6035863200056504, 0.0, 0.0, 0.0, 0.0, -0.2350893545446027, 8.196996322873488]","[0.16864643513992722, 0.25789331519851716, 0.0]","{""Controller Type"": ""MPC Controller"", ""weight_comfort"": 431.7650583939621, ""weight_trajectory"": 3409.4096496362276, ""weight_goal"": 1000.0, ""Q"": [[3409.4096496362276, 0.0, 0.0, 0.0], [0.0, 0.0, 0.0, 0.0], [0.0, 0.0, 3409.4096496362276, 0.0], [0.0, 0.0, 0.0, 0.0]], ""R"": [[431.7650583939621, 0.0], [0.0, 431.7650583939621]], ""P"": [[1000.0, 0.0, 0.0, 0.0], [0.0, 100000.0, 0.0, 0.0], [0.0, 0.0, 1000.0, 0.0], [0.0, 0.0, 0.0, 100000.0]]}","[0.5050933965731895, 0.4283372393333923, 0.0]",False
3,P21,09ce0dcc-884e-4c47-9efa-46e431e4bea2,24,1,haply,mpc,seeded_random,2698308921,persist_session,10.0,58.96947294235229,1625.039673845,0,1786366626.4611864,794.0,True,normal,adaptive,-0.064,-0.048,0.0,0.064,0.048,0.0,-0.045145488,-0.04040008,0.0,0.0201662,-0.0478132,0.18084884,0.013203832,0.0024876324,0.0149683915,"[-0.08496120875801086, 3.2135298041531777, 0.0, 0.0, 0.0, 0.0, -0.21193989098448068, 7.609732644712928]","[0.14087602418757678, 0.2449657709492544, 0.0]","{""Controller Type"": ""MPC Controller"", ""weight_comfort"": 431.7650583939621, ""weight_trajectory"": 3409.4096496362276, ""weight_goal"": 1000.0, ""Q"": [[3409.4096496362276, 0.0, 0.0, 0.0], [0.0, 0.0, 0.0, 0.0], [0.0, 0.0, 3409.4096496362276, 0.0], [0.0, 0.0, 0.0, 0.0]], ""R"": [[431.7650583939621, 0.0], [0.0, 431.7650583939621]], ""P"": [[1000.0, 0.0, 0.0, 0.0], [0.0, 100000.0, 0.0, 0.0], [0.0, 0.0, 1000.0, 0.0], [0.0, 0.0, 0.0, 100000.0]]}","[0.571285802181863, 0.47911845676809, 0.0]",False
3,P21,09ce0dcc-884e-4c47-9efa-46e431e4bea2,24,1,haply,mpc,seeded_random,2698308921,persist_session,10.0,58.979396400451655,1625.049615056,0,1786366626.4713688,795.0,True,normal,adaptive,-0.064,-0.048,0.0,0.064,0.048,0.0,-0.0445247579999999,-0.04001922,0.0,0.02037311,-0.047768548,0.18103927,0.013877556,0.0023580296,0.015431605,"[-0.13972988806539005, 3.897409258523034, 0.0, 0.0, 0.0, 0.0, -0.19408429406901456, 7.172193462818568]","[0.19993684212851623, 0.23812560494234003, 0.0]","{""Controller Type"": ""MPC Controller"", ""weight_comfort"": 431.7650583939621, ""weight_trajectory"": 3409.4096496362276, ""weight_goal"": 1000.0, ""Q"": [[3409.4096496362276, 0.0, 0.0, 0.0], [0.0, 0.0, 0.0, 0.0], [0.0, 0.0, 3409.4096496362276, 0.0], [0.0, 0.0, 0.0, 0.0]], ""R"": [[431.7650583939621, 0.0], [0.0, 431.7650583939621]], ""P"": [[1000.0, 0.0, 0.0, 0.0], [0.0, 100000.0, 0.0, 0.0], [0.0, 0.0, 1000.0, 0.0], [0.0, 0.0, 0.0, 100000.0]]}","[0.6303637989660902, 0.5408398482232618, 0.0]",False
3,P21,09ce0dcc-884e-4c47-9efa-46e431e4bea2,24,1,haply,mpc,seeded_random,2698308921,persist_session,10.0,58.98934703826904,1625.059570359,0,1786366626.4813535,796.0,True,normal,adaptive,-0.064,-0.048,0.0,0.064,0.048,0.0,-0.0439110479999999,-0.0396697,0.0,0.02057768,-0.047740474,0.18121403,0.014811503,0.0024191567,0.015847981,"[-0.17334339079681121, 4.266352929204984, 0.0, 0.0, 0.0, 0.0, -0.18552510318552207, 6.974739273973462]","[0.24126988394600649, 0.244552162695707, 0.0]","{""Controller Type"": ""MPC Controller"", ""weight_comfort"": 435.2449604857968, ""weight_trajectory"": 3388.5302370852187, ""weight_goal"": 1000.0, ""Q"": [[3388.5302370852187, 0.0, 0.0, 0.0], [0.0, 0.0, 0.0, 0.0], [0.0, 0.0, 3388.5302370852187, 0.0], [0.0, 0.0, 0.0, 0.0]], ""R"": [[435.2449604857968, 0.0], [0.0, 435.2449604857968]], ""P"": [[1000.0, 0.0, 0.0, 0.0], [0.0, 100000.0, 0.0, 0.0], [0.0, 0.0, 1000.0, 0.0], [0.0, 0.0, 0.0, 100000.0]]}","[0.7079864076373352, 0.6154166086644677, 0.0]",False
3,P21,09ce0dcc-884e-4c47-9efa-46e431e4bea2,24,1,haply,mpc,seeded_random,2698308921,persist_session,10.0,58.999466238021846,1625.069668931,0,1786366626.4914167,797.0,True,normal,adaptive,-0.064,-0.048,0.0,0.064,0.048,0.0,-0.0432207569999999,-0.03923368,0.0,0.020807777,-0.047688108,0.18143204,0.015809374,0.0025381327,0.016303007,"[-0.15483763086556082, 4.066277361634938, 0.0, 0.0, 0.0, 0.0, -0.1423252555189371, 5.897474734241836]","[0.23322442296574994, 0.19396612948869918, 0.0]","{""Controller Type"": ""MPC Controller"", ""weight_comfort"": 435.2449604857968, ""weight_trajectory"": 3388.5302370852187, ""weight_goal"": 1000.0, ""Q"": [[3388.5302370852187, 0.0, 0.0, 0.0], [0.0, 0.0, 0.0, 0.0], [0.0, 0.0, 3388.5302370852187, 0.0], [0.0, 0.0, 0.0, 0.0]], ""R"": [[435.2449604857968, 0.0], [0.0, 435.2449604857968]], ""P"": [[1000.0, 0.0, 0.0, 0.0], [0.0, 100000.0, 0.0, 0.0], [0.0, 0.0, 1000.0, 0.0], [0.0, 0.0, 0.0, 100000.0]]}","[0.7969045532369269, 0.7013595628403646, 0.0]",False
3,P21,09ce0dcc-884e-4c47-9efa-46e431e4bea2,24,1,haply,mpc,seeded_random,2698308921,persist_session,10.0,59.009349164962764,1625.079573221,0,1786366626.5011806,798.0,True,normal,adaptive,-0.064,-0.048,0.0,0.064,0.048,0.0,-0.0426060959999999,-0.03882736,0.0,0.021012664,-0.047659446,0.1816352,0.016941553,0.0028814648,0.01684752,"[-0.20704521208360405, 4.571118338351245, 0.0, 0.0, 0.0, 0.0, -0.22255712572271572, 7.46892708133818]","[0.29135984238900775, 0.3042013554230976, 0.0]","{""Controller Type"": ""MPC Controller"", ""weight_comfort"": 435.2449604857968, ""weight_trajectory"": 3388.5302370852187, ""weight_goal"": 1000.0, ""Q"": [[3388.5302370852187, 0.0, 0.0, 0.0], [0.0, 0.0, 0.0, 0.0], [0.0, 0.0, 3388.5302370852187, 0.0], [0.0, 0.0, 0.0, 0.0]], ""R"": [[435.2449604857968, 0.0], [0.0, 435.2449604857968]], ""P"": [[1000.0, 0.0, 0.0, 0.0], [0.0, 100000.0, 0.0, 0.0], [0.0, 0.0, 1000.0, 0.0], [0.0, 0.0, 0.0, 100000.0]]}","[0.8937606151533766, 0.7829387346092513, 0.0]",False
3,P21,09ce0dcc-884e-4c47-9efa-46e431e4bea2,24,1,haply,mpc,seeded_random,2698308921,persist_session,10.0,59.01937275886535,1625.089585891,0,1786366626.5113497,799.0,True,normal,adaptive,-0.064,-0.048,0.0,0.064,0.048,0.0,-0.0419218919999999,-0.0384222,0.0,0.021240732,-0.047621883,0.18183778,0.018007277,0.003216605,0.017390821,"[-0.12985102526165382, 3.763759904358841, 0.0, 0.0, 0.0, 0.0, -0.16861859410953545, 6.375124312559409]","[0.22309347127383944, 0.25065549962736255, 0.0]","{""Controller Type"": ""MPC Controller"", ""weight_comfort"": 441.40521684377444, ""weight_trajectory"": 3351.5686989373535, ""weight_goal"": 1000.0, ""Q"": [[3351.5686989373535, 0.0, 0.0, 0.0], [0.0, 0.0, 0.0, 0.0], [0.0, 0.0, 3351.5686989373535, 0.0], [0.0, 0.0, 0.0, 0.0]], ""R"": [[441.40521684377444, 0.0], [0.0, 441.40521684377444]], ""P"": [[1000.0, 0.0, 0.0, 0.0], [0.0, 100000.0, 0.0, 0.0], [0.0, 0.0, 1000.0, 0.0], [0.0, 0.0, 0.0, 100000.0]]}","[1.0218987370836552, 0.8867768731094317, 0.0]",False
3,P21,09ce0dcc-884e-4c47-9efa-46e431e4bea2,24,1,haply,mpc,seeded_random,2698308921,persist_session,10.0,59.029331264495845,1625.099557361,0,1786366626.5216303,800.0,True,normal,adaptive,-0.064,-0.048,0.0,0.064,0.048,0.0,-0.0412371779999999,-0.03801662,0.0,0.02146897,-0.047582664,0.18204057,0.018867904,0.0034520035,0.017873447,"[-0.14897551054253538, 3.949187465249265, 0.0, 0.0, 0.0, 0.0, -0.12848264381692825, 5.523297159306059]","[0.24993388061233346, 0.20895846019697334, 0.0]","{""Controller Type"": ""MPC Controller"", ""weight_comfort"": 441.40521684377444, ""weight_trajectory"": 3351.5686989373535, ""weight_goal"": 1000.0, ""Q"": [[3351.5686989373535, 0.0, 0.0, 0.0], [0.0, 0.0, 0.0, 0.0], [0.0, 0.0, 3351.5686989373535, 0.0], [0.0, 0.0, 0.0, 0.0]], ""R"": [[441.40521684377444, 0.0], [0.0, 441.40521684377444]], ""P"": [[1000.0, 0.0, 0.0, 0.0], [0.0, 100000.0, 0.0, 0.0], [0.0, 0.0, 1000.0, 0.0], [0.0, 0.0, 0.0, 100000.0]]}","[1.1265481444440129, 0.9998102294781225, 0.0]",False
3,P21,09ce0dcc-884e-4c47-9efa-46e431e4bea2,24,1,haply,mpc,seeded_random,2698308921,persist_session,10.0,59.039397058486934,1625.109608409,0,1786366626.5314343,801.0,True,normal,adaptive,-0.064,-0.048,0.0,0.064,0.048,0.0,-0.0405645989999999,-0.0376726,0.0,0.021693163,-0.047578663,0.18221258,0.019499747,0.003552886,0.01828593,"[-0.11891536839511935, 3.65665782731235, 0.0, 0.0, 0.0, 0.0, -0.10669571100915382, 5.057676905099202]","[0.23102813924664417, 0.1903526542409513, 0.0]","{""Controller Type"": ""MPC Controller"", ""weight_comfort"": 441.40521684377444, ""weight_trajectory"": 3351.5686989373535, ""weight_goal"": 1000.0, ""Q"": [[3351.5686989373535, 0.0, 0.0, 0.0], [0.0, 0.0, 0.0, 0.0], [0.0, 0.0, 3351.5686989373535, 0.0], [0.0, 0.0, 0.0, 0.0]], ""R"": [[441.40521684377444, 0.0], [0.0, 441.40521684377444]], ""P"": [[1000.0, 0.0, 0.0, 0.0], [0.0, 100000.0, 0.0, 0.0], [0.0, 0.0, 1000.0, 0.0], [0.0, 0.0, 0.0, 100000.0]]}","[1.258311943819516, 1.119349255300481, 0.0]",False
3,P21,09ce0dcc-884e-4c47-9efa-46e431e4bea2,24,1,haply,mpc,seeded_random,2698308921,persist_session,10.0,59.049289999008174,1625.1195163,0,1786366626.5412624,802.0,True,normal,adaptive,-0.064,-0.048,0.0,0.064,0.048,0.0,-0.039884325,-0.03724038,0.0,0.021919921,-0.04755663,0.18242869,0.020140119,0.0035490773,0.018641815,"[-0.11551068704441553, 3.6247022048010575, 0.0, 0.0, 0.0, 0.0, -0.07009937887345653, 4.104014897010302]","[0.236579027082999, 0.13799964415674812, 0.0]","{""Controller Type"": ""MPC Controller"", ""weight_comfort"": 455.0197728835159, ""weight_trajectory"": 3269.8813626989045, ""weight_goal"": 1000.0, ""Q"": [[3269.8813626989045, 0.0, 0.0, 0.0], [0.0, 0.0, 0.0, 0.0], [0.0, 0.0, 3269.8813626989045, 0.0], [0.0, 0.0, 0.0, 0.0]], ""R"": [[455.0197728835159, 0.0], [0.0, 455.0197728835159]], ""P"": [[1000.0, 0.0, 0.0, 0.0], [0.0, 100000.0, 0.0, 0.0], [0.0, 0.0, 1000.0, 0.0], [0.0, 0.0, 0.0, 100000.0]]}","[1.3727425736558498, 1.2531048382518837, 0.0]",False
3,P21,09ce0dcc-884e-4c47-9efa-46e431e4bea2,24,1,haply,mpc,seeded_random,2698308921,persist_session,10.0,59.05948382377624,1625.129689728,0,1786366626.5513256,803.0,True,normal,adaptive,-0.064,-0.048,0.0,0.064,0.048,0.0,-0.0391347149999999,-0.03686576,0.0,0.022169791,-0.04752335,0.182616,0.020678496,0.0035610471,0.018919695,"[-0.09856280302617906, 3.468051527843408, 0.0, 0.0, 0.0, 0.0, -0.14733701366758134, 5.511205351229711]","[0.22981589144963452, 0.2298187339179706, 0.0]","{""Controller Type"": ""MPC Controller"", ""weight_comfort"": 455.0197728835159, ""weight_trajectory"": 3269.8813626989045, ""weight_goal"": 1000.0, ""Q"": [[3269.8813626989045, 0.0, 0.0, 0.0], [0.0, 0.0, 0.0, 0.0], [0.0, 0.0, 3269.8813626989045, 0.0], [0.0, 0.0, 0.0, 0.0]], ""R"": [[455.0197728835159, 0.0], [0.0, 455.0197728835159]], ""P"": [[1000.0, 0.0, 0.0, 0.0], [0.0, 100000.0, 0.0, 0.0], [0.0, 0.0, 1000.0, 0.0], [0.0, 0.0, 0.0, 100000.0]]}","[1.4822106428604576, 1.316090762714368, 0.0]",False
3,P21,09ce0dcc-884e-4c47-9efa-46e431e4bea2,24,1,haply,mpc,seeded_random,2698308921,persist_session,10.0,59.06977182388305,1625.139969447,0,1786366626.561186,804.0,True,normal,adaptive,-0.064,-0.048,0.0,0.064,0.048,0.0,-0.0383946539999999,-0.03643814,0.0,0.022416478,-0.04752914,0.18282981,0.021298118,0.0035217728,0.019212198,"[-0.12844277740467777, 3.724556079550718, 0.0, 0.0, 0.0, 0.0, -0.09232088764452606, 4.231962362778763]","[0.2641968880963316, 0.14970767356848358, 0.0]","{""Controller Type"": ""MPC Controller"", ""weight_comfort"": 455.0197728835159, ""weight_trajectory"": 3269.8813626989045, ""weight_goal"": 1000.0, ""Q"": [[3269.8813626989045, 0.0, 0.0, 0.0], [0.0, 0.0, 0.0, 0.0], [0.0, 0.0, 3269.8813626989045, 0.0], [0.0, 0.0, 0.0, 0.0]], ""R"": [[455.0197728835159, 0.0], [0.0, 455.0197728835159]], ""P"": [[1000.0, 0.0, 0.0, 0.0], [0.0, 100000.0, 0.0, 0.0], [0.0, 0.0, 1000.0, 0.0], [0.0, 0.0, 0.0, 100000.0]]}","[1.5841303106090787, 1.4739042503239415, 0.0]",False
3,P21,09ce0dcc-884e-4c47-9efa-46e431e4bea2,24,1,haply,mpc,seeded_random,2698308921,persist_session,10.0,59.07944470405578,1625.149647103,0,1786366626.5713077,805.0,True,normal,adaptive,-0.064,-0.048,0.0,0.064,0.048,0.0,-0.0375838439999999,-0.03601088,0.0,0.022686748,-0.047525164,0.18304344,0.021971885,0.0033551282,0.019568896,"[-0.10645132975989301, 3.5381404200362727, 0.0, 0.0, 0.0, 0.0, -0.13404674185590715, 4.988126263212642]","[0.2546479065048419, 0.20500091845834353, 0.0]","{""Controller Type"": ""MPC Controller"", ""weight_comfort"": 450.646135437625, ""weight_trajectory"": 3296.12318737425, ""weight_goal"": 1000.0, ""Q"": [[3296.12318737425, 0.0, 0.0, 0.0], [0.0, 0.0, 0.0, 0.0], [0.0, 0.0, 3296.12318737425, 0.0], [0.0, 0.0, 0.0, 0.0]], ""R"": [[450.646135437625, 0.0], [0.0, 450.646135437625]], ""P"": [[1000.0, 0.0, 0.0, 0.0], [0.0, 100000.0, 0.0, 0.0], [0.0, 0.0, 1000.0, 0.0], [0.0, 0.0, 0.0, 100000.0]]}","[1.706634294550597, 1.5618031077486743, 0.0]",False
3,P21,09ce0dcc-884e-4c47-9efa-46e431e4bea2,24,1,haply,mpc,seeded_random,2698308921,persist_session,10.0,59.08951264381408,1625.15973287,0,1786366626.581315,806.0,True,normal,adaptive,-0.064,-0.048,0.0,0.064,0.048,0.0,-0.0368447129999999,-0.03555422,0.0,0.022933125,-0.047547653,0.18327177,0.022734879,0.0030521858,0.019964902,"[-0.13244031480432958, 3.7457149563707732, 0.0, 0.0, 0.0, 0.0, -0.10815393217703298, 4.50469020667167]","[0.28660429366078416, 0.1810693023904271, 0.0]","{""Controller Type"": ""MPC Controller"", ""weight_comfort"": 450.646135437625, ""weight_trajectory"": 3296.12318737425, ""weight_goal"": 1000.0, ""Q"": [[3296.12318737425, 0.0, 0.0, 0.0], [0.0, 0.0, 0.0, 0.0], [0.0, 0.0, 3296.12318737425, 0.0], [0.0, 0.0, 0.0, 0.0]], ""R"": [[450.646135437625, 0.0], [0.0, 450.646135437625]], ""P"": [[1000.0, 0.0, 0.0, 0.0], [0.0, 100000.0, 0.0, 0.0], [0.0, 0.0, 1000.0, 0.0], [0.0, 0.0, 0.0, 100000.0]]}","[1.8065690286625855, 1.6982772743889538, 0.0]",False
3,P21,09ce0dcc-884e-4c47-9efa-46e431e4bea2,24,1,haply,mpc,seeded_random,2698308921,persist_session,10.0,59.099521932601924,1625.169727792,0,1786366626.5913672,807.0,True,normal,adaptive,-0.064,-0.048,0.0,0.064,0.048,0.0,-0.035894736,-0.0349865,0.0,0.023249784,-0.047546364,0.18355563,0.023596572,0.0025146287,0.020601459,"[-0.05083024672243869, 3.0505702834685664, 0.0, 0.0, 0.0, 0.0, -0.12203069064861691, 4.736726011459907]","[0.22018483298323036, 0.20595160269491886, 0.0]","{""Controller Type"": ""MPC Controller"", ""weight_comfort"": 450.646135437625, ""weight_trajectory"": 3296.12318737425, ""weight_goal"": 1000.0, ""Q"": [[3296.12318737425, 0.0, 0.0, 0.0], [0.0, 0.0, 0.0, 0.0], [0.0, 0.0, 3296.12318737425, 0.0], [0.0, 0.0, 0.0, 0.0]], ""R"": [[450.646135437625, 0.0], [0.0, 450.646135437625]], ""P"": [[1000.0, 0.0, 0.0, 0.0], [0.0, 100000.0, 0.0, 0.0], [0.0, 0.0, 1000.0, 0.0], [0.0, 0.0, 0.0, 100000.0]]}","[1.954480773576779, 1.7816074892511253, 0.0]",False
3,P21,09ce0dcc-884e-4c47-9efa-46e431e4bea2,24,1,haply,mpc,seeded_random,2698308921,persist_session,10.0,59.109326896667476,1625.179554602,0,1786366626.6012452,808.0,True,normal,adaptive,-0.064,-0.048,0.0,0.064,0.048,0.0,-0.0350119649999999,-0.03447236,0.0,0.023544041,-0.0475493,0.1838127,0.02450716,0.0019503022,0.021332888,"[-0.3027143355943313, 4.824853942278672, 0.0, 0.0, 0.0, 0.0, -0.23668774651625815, 6.289125678474174]","[0.4257301085893477, 0.33555010636498883, 0.0]","{""Controller Type"": ""MPC Controller"", ""weight_comfort"": 437.36163789131234, ""weight_trajectory"": 3375.830172652126, ""weight_goal"": 1000.0, ""Q"": [[3375.830172652126, 0.0, 0.0, 0.0], [0.0, 0.0, 0.0, 0.0], [0.0, 0.0, 3375.830172652126, 0.0], [0.0, 0.0, 0.0, 0.0]], ""R"": [[437.36163789131234, 0.0], [0.0, 437.36163789131234]], ""P"": [[1000.0, 0.0, 0.0, 0.0], [0.0, 100000.0, 0.0, 0.0], [0.0, 0.0, 1000.0, 0.0], [0.0, 0.0, 0.0, 100000.0]]}","[1.9253232490591459, 1.8215206648352944, 0.0]",False
3,P21,09ce0dcc-884e-4c47-9efa-46e431e4bea2,24,1,haply,mpc,seeded_random,2698308921,persist_session,10.0,59.11937314033508,1625.189579129,0,1786366626.611441,809.0,True,normal,adaptive,-0.064,-0.048,0.0,0.064,0.048,0.0,-0.0340577729999999,-0.03395802,0.0,0.023862105,-0.04754139,0.18406987,0.025521917,0.0013899171,0.02215,"[-0.191754116191374, 4.019928107414511, 0.0, 0.0, 0.0, 0.0, -0.15377698857478508, 5.089058330557393]","[0.3402674032328509, 0.2522001757409599, 0.0]","{""Controller Type"": ""MPC Controller"", ""weight_comfort"": 437.36163789131234, ""weight_trajectory"": 3375.830172652126, ""weight_goal"": 1000.0, ""Q"": [[3375.830172652126, 0.0, 0.0, 0.0], [0.0, 0.0, 0.0, 0.0], [0.0, 0.0, 3375.830172652126, 0.0], [0.0, 0.0, 0.0, 0.0]], ""R"": [[437.36163789131234, 0.0], [0.0, 437.36163789131234]], ""P"": [[1000.0, 0.0, 0.0, 0.0], [0.0, 100000.0, 0.0, 0.0], [0.0, 0.0, 1000.0, 0.0], [0.0, 0.0, 0.0, 100000.0]]}","[2.0748515005908392, 1.9709416293536168, 0.0]",False
3,P21,09ce0dcc-884e-4c47-9efa-46e431e4bea2,24,1,haply,mpc,seeded_random,2698308921,persist_session,10.0,59.12944870948791,1625.199656858,0,1786366626.6212437,810.0,True,normal,adaptive,-0.064,-0.048,0.0,0.064,0.048,0.0,-0.0330342299999999,-0.03335828,0.0,0.024203286,-0.04754333,0.18436974,0.026695728,0.00087110675,0.023128372,"[-0.19875095026071196, 4.068842443283359, 0.0, 0.0, 0.0, 0.0, -0.11513755508810389, 4.51449176083667]","[0.3613032858085068, 0.21830430525323072, 0.0]","{""Controller Type"": ""MPC Controller"", ""weight_comfort"": 437.36163789131234, ""weight_trajectory"": 3375.830172652126, ""weight_goal"": 1000.0, ""Q"": [[3375.830172652126, 0.0, 0.0, 0.0], [0.0, 0.0, 0.0, 0.0], [0.0, 0.0, 3375.830172652126, 0.0], [0.0, 0.0, 0.0, 0.0]], ""R"": [[437.36163789131234, 0.0], [0.0, 437.36163789131234]], ""P"": [[1000.0, 0.0, 0.0, 0.0], [0.0, 100000.0, 0.0, 0.0], [0.0, 0.0, 1000.0, 0.0], [0.0, 0.0, 0.0, 100000.0]]}","[2.1115942003056243, 2.0644747448824683, 0.0]",False
3,P21,09ce0dcc-884e-4c47-9efa-46e431e4bea2,24,1,haply,mpc,seeded_random,2698308921,persist_session,10.0,59.13951641082763,1625.209734124,0,1786366626.6315744,811.0,True,normal,adaptive,-0.064,-0.048,0.0,0.064,0.048,0.0,-0.0321531809999999,-0.03281208,0.0,0.024496969,-0.047598742,0.18464284,0.027769227,0.0004731687,0.024056962,"[-0.2972401232322766, 4.710487733943458, 0.0, 0.0, 0.0, 0.0, -0.2264777899058537, 5.887391962021915]","[0.46299432982696753, 0.34176694477608344, 0.0]","{""Controller Type"": ""MPC Controller"", ""weight_comfort"": 440.3406061727437, ""weight_trajectory"": 3357.9563629635377, ""weight_goal"": 1000.0, ""Q"": [[3357.9563629635377, 0.0, 0.0, 0.0], [0.0, 0.0, 0.0, 0.0], [0.0, 0.0, 3357.9563629635377, 0.0], [0.0, 0.0, 0.0, 0.0]], ""R"": [[440.3406061727437, 0.0], [0.0, 440.3406061727437]], ""P"": [[1000.0, 0.0, 0.0, 0.0], [0.0, 100000.0, 0.0, 0.0], [0.0, 0.0, 1000.0, 0.0], [0.0, 0.0, 0.0, 100000.0]]}","[2.0771658831878996, 2.0436023214888124, 0.0]",False
3,P21,09ce0dcc-884e-4c47-9efa-46e431e4bea2,24,1,haply,mpc,seeded_random,2698308921,persist_session,10.0,59.14931517601013,1625.219541159,0,1786366626.6412036,812.0,True,normal,adaptive,-0.064,-0.048,0.0,0.064,0.048,0.0,-0.0311953469999999,-0.03223476,0.0,0.024816247,-0.04762341,0.1849315,0.02871564,-7.1799666e-05,0.024973497,"[-0.09619749334307706, 3.2099048263852907, 0.0, 0.0, 0.0, 0.0, -0.12505321073095726, 4.458604057996478]","[0.2645061710100228, 0.22562796892868525, 0.0]","{""Controller Type"": ""MPC Controller"", ""weight_comfort"": 440.3406061727437, ""weight_trajectory"": 3357.9563629635377, ""weight_goal"": 1000.0, ""Q"": [[3357.9563629635377, 0.0, 0.0, 0.0], [0.0, 0.0, 0.0, 0.0], [0.0, 0.0, 3357.9563629635377, 0.0], [0.0, 0.0, 0.0, 0.0]], ""R"": [[440.3406061727437, 0.0], [0.0, 440.3406061727437]], ""P"": [[1000.0, 0.0, 0.0, 0.0], [0.0, 100000.0, 0.0, 0.0], [0.0, 0.0, 1000.0, 0.0], [0.0, 0.0, 0.0, 100000.0]]}","[2.2667342515080247, 2.1507925589125985, 0.0]",False
3,P21,09ce0dcc-884e-4c47-9efa-46e431e4bea2,24,1,haply,mpc,seeded_random,2698308921,persist_session,10.0,59.15936594963073,1625.229586313,0,1786366626.6514423,813.0,True,normal,adaptive,-0.064,-0.048,0.0,0.064,0.048,0.0,-0.0301698479999999,-0.03165728,0.0,0.02515808,-0.04767676,0.18522024,0.029429412,-0.0005673793,0.025735164,"[-0.23276085550166667, 4.109847840192508, 0.0, 0.0, 0.0, 0.0, -0.17997315429664307, 5.134084500042894]","[0.3866541685712632, 0.29337304928118085, 0.0]","{""Controller Type"": ""MPC Controller"", ""weight_comfort"": 440.3406061727437, ""weight_trajectory"": 3357.9563629635377, ""weight_goal"": 1000.0, ""Q"": [[3357.9563629635377, 0.0, 0.0, 0.0], [0.0, 0.0, 0.0, 0.0], [0.0, 0.0, 3357.9563629635377, 0.0], [0.0, 0.0, 0.0, 0.0]], ""R"": [[440.3406061727437, 0.0], [0.0, 440.3406061727437]], ""P"": [[1000.0, 0.0, 0.0, 0.0], [0.0, 100000.0, 0.0, 0.0], [0.0, 0.0, 1000.0, 0.0], [0.0, 0.0, 0.0, 100000.0]]}","[2.165744959730138, 2.1233892492180906, 0.0]",False
3,P21,09ce0dcc-884e-4c47-9efa-46e431e4bea2,24,1,haply,mpc,seeded_random,2698308921,persist_session,10.0,59.16941553115844,1625.239628174,0,1786366626.661317,814.0,True,normal,adaptive,-0.064,-0.048,0.0,0.064,0.048,0.0,-0.0292776029999999,-0.0311596,0.0,0.025455495,-0.04772503,0.18546908,0.02998987,-0.00084460835,0.026349155,"[-0.19637694960862134, 3.8728501251854985, 0.0, 0.0, 0.0, 0.0, -0.12093879144396417, 4.36782541372346]","[0.3694013620500625, 0.23671461451169715, 0.0]","{""Controller Type"": ""MPC Controller"", ""weight_comfort"": 452.9358148244407, ""weight_trajectory"": 3282.385111053356, ""weight_goal"": 1000.0, ""Q"": [[3282.385111053356, 0.0, 0.0, 0.0], [0.0, 0.0, 0.0, 0.0], [0.0, 0.0, 3282.385111053356, 0.0], [0.0, 0.0, 0.0, 0.0]], ""R"": [[452.9358148244407, 0.0], [0.0, 452.9358148244407]], ""P"": [[1000.0, 0.0, 0.0, 0.0], [0.0, 100000.0, 0.0, 0.0], [0.0, 0.0, 1000.0, 0.0], [0.0, 0.0, 0.0, 100000.0]]}","[2.1680194408389983, 2.179813733224349, 0.0]",False
3,P21,09ce0dcc-884e-4c47-9efa-46e431e4bea2,24,1,haply,mpc,seeded_random,2698308921,persist_session,10.0,59.179421720504756,1625.249642857,0,1786366626.671445,815.0,True,normal,adaptive,-0.064,-0.048,0.0,0.064,0.048,0.0,-0.0283788839999999,-0.03062988,0.0,0.025755068,-0.04775085,0.18573394,0.030478397,-0.0010286575,0.02674339,"[-0.08016872003946456, 3.059619430669946, 0.0, 0.0, 0.0, 0.0, -0.0650991933248319, 3.5332826955308096]","[0.2689823698049251, 0.17292459837043195, 0.0]","{""Controller Type"": ""MPC Controller"", ""weight_comfort"": 452.9358148244407, ""weight_trajectory"": 3282.385111053356, ""weight_goal"": 1000.0, ""Q"": [[3282.385111053356, 0.0, 0.0, 0.0], [0.0, 0.0, 0.0, 0.0], [0.0, 0.0, 3282.385111053356, 0.0], [0.0, 0.0, 0.0, 0.0]], ""R"": [[452.9358148244407, 0.0], [0.0, 452.9358148244407]], ""P"": [[1000.0, 0.0, 0.0, 0.0], [0.0, 100000.0, 0.0, 0.0], [0.0, 0.0, 1000.0, 0.0], [0.0, 0.0, 0.0, 100000.0]]}","[2.2268139225779393, 2.218276420843116, 0.0]",False
3,P21,09ce0dcc-884e-4c47-9efa-46e431e4bea2,24,1,haply,mpc,seeded_random,2698308921,persist_session,10.0,59.18931966781616,1625.259547229,0,1786366626.6813676,816.0,True,normal,adaptive,-0.064,-0.048,0.0,0.064,0.048,0.0,-0.0274066199999999,-0.03012856,0.0,0.026079156,-0.04774461,0.1859846,0.030776953,-0.0012598787,0.026925098,"[-0.0455533927678175, 2.8155255904783116, 0.0, 0.0, 0.0, 0.0, -0.06571242881514261, 3.541858997188198]","[0.24564176660606452, 0.18008955128698428, 0.0]","{""Controller Type"": ""MPC Controller"", ""weight_comfort"": 452.9358148244407, ""weight_trajectory"": 3282.385111053356, ""weight_goal"": 1000.0, ""Q"": [[3282.385111053356, 0.0, 0.0, 0.0], [0.0, 0.0, 0.0, 0.0], [0.0, 0.0, 3282.385111053356, 0.0], [0.0, 0.0, 0.0, 0.0]], ""R"": [[452.9358148244407, 0.0], [0.0, 452.9358148244407]], ""P"": [[1000.0, 0.0, 0.0, 0.0], [0.0, 100000.0, 0.0, 0.0], [0.0, 0.0, 1000.0, 0.0], [0.0, 0.0, 0.0, 100000.0]]}","[2.235071721413625, 2.2081437196119293, 0.0]",False
3,P21,09ce0dcc-884e-4c47-9efa-46e431e4bea2,24,1,haply,mpc,seeded_random,2698308921,persist_session,10.0,59.199348745346065,1625.269555228,0,1786366626.6913831,817.0,True,normal,adaptive,-0.064,-0.048,0.0,0.064,0.048,0.0,-0.0265051409999999,-0.02968148,0.0,0.026379649,-0.047786593,0.18620814,0.031007396,-0.0014368794,0.026899317,"[-0.10959797745888882, 3.227427590688678, 0.0, 0.0, 0.0, 0.0, -0.04301042404196055, 3.2100826468318733]","[0.3062087233853221, 0.1588165869964566, 0.0]","{""Controller Type"": ""MPC Controller"", ""weight_comfort"": 462.51950158613306, ""weight_trajectory"": 3224.8829904832014, ""weight_goal"": 1000.0, ""Q"": [[3224.8829904832014, 0.0, 0.0, 0.0], [0.0, 0.0, 0.0, 0.0], [0.0, 0.0, 3224.8829904832014, 0.0], [0.0, 0.0, 0.0, 0.0]], ""R"": [[462.51950158613306, 0.0], [0.0, 462.51950158613306]], ""P"": [[1000.0, 0.0, 0.0, 0.0], [0.0, 100000.0, 0.0, 0.0], [0.0, 0.0, 1000.0, 0.0], [0.0, 0.0, 0.0, 100000.0]]}","[2.135780843403072, 2.2285561177074684, 0.0]",False
3,P21,09ce0dcc-884e-4c47-9efa-46e431e4bea2,24,1,haply,mpc,seeded_random,2698308921,persist_session,10.0,59.20935779571533,1625.279584021,0,1786366626.701333,818.0,True,normal,adaptive,-0.064,-0.048,0.0,0.064,0.048,0.0,-0.0255983369999999,-0.02920284,0.0,0.026681917,-0.047806025,0.18644746,0.031219622,-0.001546734,0.026719786,"[-0.025145940171244566, 2.648587934535774, 0.0, 0.0, 0.0, 0.0, -0.013112487204462758, 2.648749630635147]","[0.23611958442011405, 0.11721857922593569, 0.0]","{""Controller Type"": ""MPC Controller"", ""weight_comfort"": 462.51950158613306, ""weight_trajectory"": 3224.8829904832014, ""weight_goal"": 1000.0, ""Q"": [[3224.8829904832014, 0.0, 0.0, 0.0], [0.0, 0.0, 0.0, 0.0], [0.0, 0.0, 3224.8829904832014, 0.0], [0.0, 0.0, 0.0, 0.0]], ""R"": [[462.51950158613306, 0.0], [0.0, 462.51950158613306]], ""P"": [[1000.0, 0.0, 0.0, 0.0], [0.0, 100000.0, 0.0, 0.0], [0.0, 0.0, 1000.0, 0.0], [0.0, 0.0, 0.0, 100000.0]]}","[2.1700037445653924, 2.260320809581165, 0.0]",False
3,P21,09ce0dcc-884e-4c47-9efa-46e431e4bea2,24,1,haply,mpc,seeded_random,2698308921,persist_session,10.0,59.21957975387573,1625.28978738,0,1786366626.7117443,819.0,True,normal,adaptive,-0.064,-0.048,0.0,0.064,0.048,0.0,-0.0246914549999999,-0.02886968,0.0,0.026984211,-0.047803726,0.18661404,0.031270407,-0.0016343477,0.026148422,"[-0.015278845706007937, 2.582380635709471, 0.0, 0.0, 0.0, 0.0, -0.024915775256555934, 2.8322556690904683]","[0.23398092174716892, 0.13432179863266788, 0.0]","{""Controller Type"": ""MPC Controller"", ""weight_comfort"": 462.51950158613306, ""weight_trajectory"": 3224.8829904832014, ""weight_goal"": 1000.0, ""Q"": [[3224.8829904832014, 0.0, 0.0, 0.0], [0.0, 0.0, 0.0, 0.0], [0.0, 0.0, 3224.8829904832014, 0.0], [0.0, 0.0, 0.0, 0.0]], ""R"": [[462.51950158613306, 0.0], [0.0, 462.51950158613306]], ""P"": [[1000.0, 0.0, 0.0, 0.0], [0.0, 100000.0, 0.0, 0.0], [0.0, 0.0, 1000.0, 0.0], [0.0, 0.0, 0.0, 100000.0]]}","[2.1390714955413865, 2.2248062585518342, 0.0]",False
3,P21,09ce0dcc-884e-4c47-9efa-46e431e4bea2,24,1,haply,mpc,seeded_random,2698308921,persist_session,10.0,59.22929960250854,1625.299526638,0,1786366626.7211678,820.0,True,normal,adaptive,-0.064,-0.048,0.0,0.064,0.048,0.0,-0.0237815279999999,-0.02847472,0.0,0.02728752,-0.047840904,0.18681152,0.0312654,-0.0015228998,0.02532826,"[0.026903217917152673, 2.289227159024746, 0.0, 0.0, 0.0, 0.0, -0.03601678042080955, 2.100018346710515]","[0.20179119150189515, 0.06443190794780428, 0.0]","{""Controller Type"": ""MPC Controller"", ""weight_comfort"": 474.13642695312313, ""weight_trajectory"": 3155.181438281261, ""weight_goal"": 1000.0, ""Q"": [[3155.181438281261, 0.0, 0.0, 0.0], [0.0, 0.0, 0.0, 0.0], [0.0, 0.0, 3155.181438281261, 0.0], [0.0, 0.0, 0.0, 0.0]], ""R"": [[474.13642695312313, 0.0], [0.0, 474.13642695312313]], ""P"": [[1000.0, 0.0, 0.0, 0.0], [0.0, 100000.0, 0.0, 0.0], [0.0, 0.0, 1000.0, 0.0], [0.0, 0.0, 0.0, 100000.0]]}","[2.1521174682966415, 2.3735886560799204, 0.0]",False
3,P21,09ce0dcc-884e-4c47-9efa-46e431e4bea2,24,1,haply,mpc,seeded_random,2698308921,persist_session,10.0,59.239389953613276,1625.309583883,0,1786366626.7315495,821.0,True,normal,adaptive,-0.064,-0.048,0.0,0.064,0.048,0.0,-0.0229391339999999,-0.02813676,0.0,0.027568318,-0.047845066,0.1869805,0.031218605,-0.0012016367,0.02433142,"[-0.03911252497851415, 2.701681315028671, 0.0, 0.0, 0.0, 0.0, -0.06548040249667479, 2.7390468709889446]","[0.25743938123919025, 0.109792065194308, 0.0]","{""Controller Type"": ""MPC Controller"", ""weight_comfort"": 474.13642695312313, ""weight_trajectory"": 3155.181438281261, ""weight_goal"": 1000.0, ""Q"": [[3155.181438281261, 0.0, 0.0, 0.0], [0.0, 0.0, 0.0, 0.0], [0.0, 0.0, 3155.181438281261, 0.0], [0.0, 0.0, 0.0, 0.0]], ""R"": [[474.13642695312313, 0.0], [0.0, 474.13642695312313]], ""P"": [[1000.0, 0.0, 0.0, 0.0], [0.0, 100000.0, 0.0, 0.0], [0.0, 0.0, 1000.0, 0.0], [0.0, 0.0, 0.0, 100000.0]]}","[2.01359884244458, 2.2487250678233672, 0.0]",False
3,P21,09ce0dcc-884e-4c47-9efa-46e431e4bea2,24,1,haply,mpc,seeded_random,2698308921,persist_session,10.0,59.24930149078369,1625.319528032,0,1786366626.741202,822.0,True,normal,adaptive,-0.064,-0.048,0.0,0.064,0.048,0.0,-0.0220946339999999,-0.02779726,0.0,0.027849818,-0.04784788,0.18715025,0.031037817,-0.0008990785,0.023198944,"[0.054157742128566756, 2.007677499132138, 0.0, 0.0, 0.0, 0.0, -0.06945513498005415, 2.3009877467352458]","[0.16761582251162208, 0.06961697700258121, 0.0]","{""Controller Type"": ""MPC Controller"", ""weight_comfort"": 474.13642695312313, ""weight_trajectory"": 3155.181438281261, ""weight_goal"": 1000.0, ""Q"": [[3155.181438281261, 0.0, 0.0, 0.0], [0.0, 0.0, 0.0, 0.0], [0.0, 0.0, 3155.181438281261, 0.0], [0.0, 0.0, 0.0, 0.0]], ""R"": [[474.13642695312313, 0.0], [0.0, 474.13642695312313]], ""P"": [[1000.0, 0.0, 0.0, 0.0], [0.0, 100000.0, 0.0, 0.0], [0.0, 0.0, 1000.0, 0.0], [0.0, 0.0, 0.0, 100000.0]]}","[2.131416852506922, 2.330924740153181, 0.0]",False
3,P21,09ce0dcc-884e-4c47-9efa-46e431e4bea2,24,1,haply,mpc,seeded_random,2698308921,persist_session,10.0,59.25945120811462,1625.329649691,0,1786366626.751409,823.0,True,normal,adaptive,-0.064,-0.048,0.0,0.064,0.048,0.0,-0.0211770629999999,-0.02742744,0.0,0.028155675,-0.04785967,0.18733516,0.03078695,-0.00071192376,0.022030914,"[0.022871364819955622, 2.2176753676169656, 0.0, 0.0, 0.0, 0.0, -0.07068323330552893, 2.398133865835679]","[0.1959966462978796, 0.07899121494220776, 0.0]","{""Controller Type"": ""MPC Controller"", ""weight_comfort"": 473.00680408522527, ""weight_trajectory"": 3161.9591754886487, ""weight_goal"": 1000.0, ""Q"": [[3161.9591754886487, 0.0, 0.0, 0.0], [0.0, 0.0, 0.0, 0.0], [0.0, 0.0, 3161.9591754886487, 0.0], [0.0, 0.0, 0.0, 0.0]], ""R"": [[473.00680408522527, 0.0], [0.0, 473.00680408522527]], ""P"": [[1000.0, 0.0, 0.0, 0.0], [0.0, 100000.0, 0.0, 0.0], [0.0, 0.0, 1000.0, 0.0], [0.0, 0.0, 0.0, 100000.0]]}","[2.0464451499272975, 2.301094130191876, 0.0]",False
3,P21,09ce0dcc-884e-4c47-9efa-46e431e4bea2,24,1,haply,mpc,seeded_random,2698308921,persist_session,10.0,59.26961785316467,1625.33980643,0,1786366626.7611697,824.0,True,normal,adaptive,-0.064,-0.048,0.0,0.064,0.048,0.0,-0.0203993339999999,-0.02711424,0.0,0.028414918,-0.04784879,0.18749176,0.030509269,-0.0006050783,0.0209693,"[0.020527493552315652, 2.232796470410615, 0.0, 0.0, 0.0, 0.0, -0.07092012845144387, 2.4094946594425894]","[0.20246503104997007, 0.0819499740108415, 0.0]","{""Controller Type"": ""MPC Controller"", ""weight_comfort"": 473.00680408522527, ""weight_trajectory"": 3161.9591754886487, ""weight_goal"": 1000.0, ""Q"": [[3161.9591754886487, 0.0, 0.0, 0.0], [0.0, 0.0, 0.0, 0.0], [0.0, 0.0, 3161.9591754886487, 0.0], [0.0, 0.0, 0.0, 0.0]], ""R"": [[473.00680408522527, 0.0], [0.0, 473.00680408522527]], ""P"": [[1000.0, 0.0, 0.0, 0.0], [0.0, 100000.0, 0.0, 0.0], [0.0, 0.0, 1000.0, 0.0], [0.0, 0.0, 0.0, 100000.0]]}","[1.9971933930078851, 2.287011854655584, 0.0]",False
3,P21,09ce0dcc-884e-4c47-9efa-46e431e4bea2,24,1,haply,mpc,seeded_random,2698308921,persist_session,10.0,59.27953439712524,1625.349742706,0,1786366626.7713094,825.0,True,normal,adaptive,-0.064,-0.048,0.0,0.064,0.048,0.0,-0.0196197119999999,-0.0268284,0.0,0.028674792,-0.047858413,0.18763468,0.030122576,-0.00052639196,0.020156013,"[0.08149498811506077, 1.782451191909196, 0.0, 0.0, 0.0, 0.0, -0.07305785942623048, 2.202289537102201]","[0.14890437077539034, 0.06517967053669611, 0.0]","{""Controller Type"": ""MPC Controller"", ""weight_comfort"": 473.00680408522527, ""weight_trajectory"": 3161.9591754886487, ""weight_goal"": 1000.0, ""Q"": [[3161.9591754886487, 0.0, 0.0, 0.0], [0.0, 0.0, 0.0, 0.0], [0.0, 0.0, 3161.9591754886487, 0.0], [0.0, 0.0, 0.0, 0.0]], ""R"": [[473.00680408522527, 0.0], [0.0, 473.00680408522527]], ""P"": [[1000.0, 0.0, 0.0, 0.0], [0.0, 100000.0, 0.0, 0.0], [0.0, 0.0, 1000.0, 0.0], [0.0, 0.0, 0.0, 100000.0]]}","[2.067027043363625, 2.31911891600742, 0.0]",False
3,P21,09ce0dcc-884e-4c47-9efa-46e431e4bea2,24,1,haply,mpc,seeded_random,2698308921,persist_session,10.0,59.289362010955806,1625.359567298,0,1786366626.7812736,826.0,True,normal,adaptive,-0.064,-0.048,0.0,0.064,0.048,0.0,-0.0187669799999999,-0.0264836,0.0,0.028959036,-0.04785538,0.18780708,0.029650087,-0.00053779804,0.019417182,"[0.10018321824895444, 1.638690392502608, 0.0, 0.0, 0.0, 0.0, -0.08113837463893006, 2.0566762692330856]","[0.1343729927776412, 0.051906604493934784, 0.0]","{""Controller Type"": ""MPC Controller"", ""weight_comfort"": 479.187711976245, ""weight_trajectory"": 3124.87372814253, ""weight_goal"": 1000.0, ""Q"": [[3124.87372814253, 0.0, 0.0, 0.0], [0.0, 0.0, 0.0, 0.0], [0.0, 0.0, 3124.87372814253, 0.0], [0.0, 0.0, 0.0, 0.0]], ""R"": [[479.187711976245, 0.0], [0.0, 479.187711976245]], ""P"": [[1000.0, 0.0, 0.0, 0.0], [0.0, 100000.0, 0.0, 0.0], [0.0, 0.0, 1000.0, 0.0], [0.0, 0.0, 0.0, 100000.0]]}","[2.067098046240317, 2.349615804924035, 0.0]",False
3,P21,09ce0dcc-884e-4c47-9efa-46e431e4bea2,24,1,haply,mpc,seeded_random,2698308921,persist_session,10.0,59.2993524646759,1625.369571097,0,1786366626.791412,827.0,True,normal,adaptive,-0.064,-0.048,0.0,0.064,0.048,0.0,-0.0179833739999999,-0.02619532,0.0,0.029220238,-0.047862493,0.18795122,0.029173093,-0.00044096645,0.018803585,"[0.05721467085899046, 1.920293993489785, 0.0, 0.0, 0.0, 0.0, -0.08481866156972052, 2.325086650446891]","[0.16907297266145166, 0.07413920111646888, 0.0]","{""Controller Type"": ""MPC Controller"", ""weight_comfort"": 479.187711976245, ""weight_trajectory"": 3124.87372814253, ""weight_goal"": 1000.0, ""Q"": [[3124.87372814253, 0.0, 0.0, 0.0], [0.0, 0.0, 0.0, 0.0], [0.0, 0.0, 3124.87372814253, 0.0], [0.0, 0.0, 0.0, 0.0]], ""R"": [[479.187711976245, 0.0], [0.0, 479.187711976245]], ""P"": [[1000.0, 0.0, 0.0, 0.0], [0.0, 100000.0, 0.0, 0.0], [0.0, 0.0, 1000.0, 0.0], [0.0, 0.0, 0.0, 100000.0]]}","[1.9448163812334072, 2.2666221860856193, 0.0]",False
3,P21,09ce0dcc-884e-4c47-9efa-46e431e4bea2,24,1,haply,mpc,seeded_random,2698308921,persist_session,10.0,59.3094089603424,1625.379632918,0,1786366626.801328,828.0,True,normal,adaptive,-0.064,-0.048,0.0,0.064,0.048,0.0,-0.0172659269999999,-0.02584396,0.0,0.029459387,-0.047877915,0.1881269,0.028754028,-0.00025547986,0.018244306,"[0.1005656684515602, 1.5984534727056434, 0.0, 0.0, 0.0, 0.0, -0.09570404454473232, 2.105190853559337]","[0.131789250134849, 0.05275852834415607, 0.0]","{""Controller Type"": ""MPC Controller"", ""weight_comfort"": 479.187711976245, ""weight_trajectory"": 3124.87372814253, ""weight_goal"": 1000.0, ""Q"": [[3124.87372814253, 0.0, 0.0, 0.0], [0.0, 0.0, 0.0, 0.0], [0.0, 0.0, 3124.87372814253, 0.0], [0.0, 0.0, 0.0, 0.0]], ""R"": [[479.187711976245, 0.0], [0.0, 479.187711976245]], ""P"": [[1000.0, 0.0, 0.0, 0.0], [0.0, 100000.0, 0.0, 0.0], [0.0, 0.0, 1000.0, 0.0], [0.0, 0.0, 0.0, 100000.0]]}","[1.995325171986868, 2.3174021298782628, 0.0]",False
3,P21,09ce0dcc-884e-4c47-9efa-46e431e4bea2,24,1,haply,mpc,seeded_random,2698308921,persist_session,10.0,59.319412527084346,1625.389632898,0,1786366626.8116124,829.0,True,normal,adaptive,-0.064,-0.048,0.0,0.064,0.048,0.0,-0.0166146869999999,-0.02551746,0.0,0.029676467,-0.047925167,0.18829015,0.028114675,-0.0002740288,0.017849032,"[0.12304643043254626, 1.4137319857405433, 0.0, 0.0, 0.0, 0.0, -0.10248623806213403, 2.407320138460164]","[0.11228823712854841, 0.07773360529366252, 0.0]","{""Controller Type"": ""MPC Controller"", ""weight_comfort"": 478.76518226850584, ""weight_trajectory"": 3127.408906388965, ""weight_goal"": 1000.0, ""Q"": [[3127.408906388965, 0.0, 0.0, 0.0], [0.0, 0.0, 0.0, 0.0], [0.0, 0.0, 3127.408906388965, 0.0], [0.0, 0.0, 0.0, 0.0]], ""R"": [[478.76518226850584, 0.0], [0.0, 478.76518226850584]], ""P"": [[1000.0, 0.0, 0.0, 0.0], [0.0, 100000.0, 0.0, 0.0], [0.0, 0.0, 1000.0, 0.0], [0.0, 0.0, 0.0, 100000.0]]}","[2.0171689918106734, 2.2425234965663274, 0.0]",False
3,P21,09ce0dcc-884e-4c47-9efa-46e431e4bea2,24,1,haply,mpc,seeded_random,2698308921,persist_session,10.0,59.329340276718135,1625.399567306,0,1786366626.8212287,830.0,True,normal,adaptive,-0.064,-0.048,0.0,0.064,0.048,0.0,-0.0159596339999999,-0.0251291,0.0,0.029894818,-0.047970258,0.18848433,0.027365323,-0.00052265887,0.017603256,"[0.1434675527305568, 1.1786613800604087, 0.0, 0.0, 0.0, 0.0, -0.10365936226834153, 2.2399628186812195]","[0.08620190109408052, 0.06349141299353513, 0.0]","{""Controller Type"": ""MPC Controller"", ""weight_comfort"": 478.76518226850584, ""weight_trajectory"": 3127.408906388965, ""weight_goal"": 1000.0, ""Q"": [[3127.408906388965, 0.0, 0.0, 0.0], [0.0, 0.0, 0.0, 0.0], [0.0, 0.0, 3127.408906388965, 0.0], [0.0, 0.0, 0.0, 0.0]], ""R"": [[478.76518226850584, 0.0], [0.0, 478.76518226850584]], ""P"": [[1000.0, 0.0, 0.0, 0.0], [0.0, 100000.0, 0.0, 0.0], [0.0, 0.0, 1000.0, 0.0], [0.0, 0.0, 0.0, 100000.0]]}","[2.0841462689325816, 2.2729530052441516, 0.0]",False
3,P21,09ce0dcc-884e-4c47-9efa-46e431e4bea2,24,1,haply,mpc,seeded_random,2698308921,persist_session,10.0,59.339357671737666,1625.409567884,0,1786366626.8315575,831.0,True,normal,adaptive,-0.064,-0.048,0.0,0.064,0.048,0.0,-0.0153792959999999,-0.02480166,0.0,0.030088264,-0.047983512,0.18864805,0.026308676,-0.0008753831,0.017533818,"[0.13146043694396198, 1.2870781649609264, 0.0, 0.0, 0.0, 0.0, -0.12813679741658943, 2.699888966462449]","[0.09818535726939281, 0.09966524440708224, 0.0]","{""Controller Type"": ""MPC Controller"", ""weight_comfort"": 478.76518226850584, ""weight_trajectory"": 3127.408906388965, ""weight_goal"": 1000.0, ""Q"": [[3127.408906388965, 0.0, 0.0, 0.0], [0.0, 0.0, 0.0, 0.0], [0.0, 0.0, 3127.408906388965, 0.0], [0.0, 0.0, 0.0, 0.0]], ""R"": [[478.76518226850584, 0.0], [0.0, 478.76518226850584]], ""P"": [[1000.0, 0.0, 0.0, 0.0], [0.0, 100000.0, 0.0, 0.0], [0.0, 0.0, 1000.0, 0.0], [0.0, 0.0, 0.0, 100000.0]]}","[2.0167051764073993, 2.17973398167722, 0.0]",False
3,P21,09ce0dcc-884e-4c47-9efa-46e431e4bea2,24,1,haply,mpc,seeded_random,2698308921,persist_session,10.0,59.349349079132075,1625.419574827,0,1786366626.8411767,832.0,True,normal,adaptive,-0.064,-0.048,0.0,0.064,0.048,0.0,-0.0148713239999999,-0.0245037,0.0,0.030257588,-0.047985997,0.18879703,0.025227325,-0.0012074558,0.017488483,"[0.14309323662177256, 1.046046871951245, 0.0, 0.0, 0.0, 0.0, -0.1301330289360591, 2.351119389517853]","[0.07013241191448404, 0.06506068166089952, 0.0]","{""Controller Type"": ""MPC Controller"", ""weight_comfort"": 481.66619942286917, ""weight_trajectory"": 3110.0028034627853, ""weight_goal"": 1000.0, ""Q"": [[3110.0028034627853, 0.0, 0.0, 0.0], [0.0, 0.0, 0.0, 0.0], [0.0, 0.0, 3110.0028034627853, 0.0], [0.0, 0.0, 0.0, 0.0]], ""R"": [[481.66619942286917, 0.0], [0.0, 481.66619942286917]], ""P"": [[1000.0, 0.0, 0.0, 0.0], [0.0, 100000.0, 0.0, 0.0], [0.0, 0.0, 1000.0, 0.0], [0.0, 0.0, 0.0, 100000.0]]}","[2.1079667517727634, 2.250349378383596, 0.0]",False
3,P21,09ce0dcc-884e-4c47-9efa-46e431e4bea2,24,1,haply,mpc,seeded_random,2698308921,persist_session,10.0,59.359409389495845,1625.429629214,0,1786366626.8516316,833.0,True,normal,adaptive,-0.064,-0.048,0.0,0.064,0.048,0.0,-0.0144299219999999,-0.02423096,0.0,0.030404722,-0.04802144,0.1889334,0.023922384,-0.0014823894,0.01735399,"[0.14479594030841145, 0.9732643770068798, 0.0, 0.0, 0.0, 0.0, -0.13074075220364548, 2.30075674018302]","[0.06281633058986852, 0.06178774798054131, 0.0]","{""Controller Type"": ""MPC Controller"", ""weight_comfort"": 481.66619942286917, ""weight_trajectory"": 3110.0028034627853, ""weight_goal"": 1000.0, ""Q"": [[3110.0028034627853, 0.0, 0.0, 0.0], [0.0, 0.0, 0.0, 0.0], [0.0, 0.0, 3110.0028034627853, 0.0], [0.0, 0.0, 0.0, 0.0]], ""R"": [[481.66619942286917, 0.0], [0.0, 481.66619942286917]], ""P"": [[1000.0, 0.0, 0.0, 0.0], [0.0, 100000.0, 0.0, 0.0], [0.0, 0.0, 1000.0, 0.0], [0.0, 0.0, 0.0, 100000.0]]}","[2.115900831684049, 2.240550898926458, 0.0]",False
3,P21,09ce0dcc-884e-4c47-9efa-46e431e4bea2,24,1,haply,mpc,seeded_random,2698308921,persist_session,10.0,59.36950713157653,1625.439726126,0,1786366626.8611064,834.0,True,normal,adaptive,-0.064,-0.048,0.0,0.064,0.048,0.0,-0.0139847819999999,-0.02398524,0.0,0.030553102,-0.048079137,0.18905626,0.02252154,-0.0017812027,0.017125024,"[0.1301855438036366, 0.8538464384832979, 0.0, 0.0, 0.0, 0.0, -0.14226708916712066, 2.165446109674609]","[0.0462595457140922, 0.046214567729493054, 0.0]","{""Controller Type"": ""MPC Controller"", ""weight_comfort"": 481.66619942286917, ""weight_trajectory"": 3110.0028034627853, ""weight_goal"": 1000.0, ""Q"": [[3110.0028034627853, 0.0, 0.0, 0.0], [0.0, 0.0, 0.0, 0.0], [0.0, 0.0, 3110.0028034627853, 0.0], [0.0, 0.0, 0.0, 0.0]], ""R"": [[481.66619942286917, 0.0], [0.0, 481.66619942286917]], ""P"": [[1000.0, 0.0, 0.0, 0.0], [0.0, 100000.0, 0.0, 0.0], [0.0, 0.0, 1000.0, 0.0], [0.0, 0.0, 0.0, 100000.0]]}","[2.1994040938757933, 2.2772274347609445, 0.0]",False
3,P21,09ce0dcc-884e-4c47-9efa-46e431e4bea2,24,1,haply,mpc,seeded_random,2698308921,persist_session,10.0,59.379357395172114,1625.449573976,0,1786366626.871557,835.0,True,normal,adaptive,-0.064,-0.048,0.0,0.064,0.048,0.0,-0.0136194779999999,-0.02377456,0.0,0.03067487,-0.048083063,0.1891616,0.020962823,-0.001820266,0.016531665,"[0.132413419780847, 0.9171925391019481, 0.0, 0.0, 0.0, 0.0, -0.14364846774663673, 2.1494878163416384]","[0.05341749003270082, 0.04540463806298876, 0.0]","{""Controller Type"": ""MPC Controller"", ""weight_comfort"": 483.67038202379456, ""weight_trajectory"": 3097.977707857232, ""weight_goal"": 1000.0, ""Q"": [[3097.977707857232, 0.0, 0.0, 0.0], [0.0, 0.0, 0.0, 0.0], [0.0, 0.0, 3097.977707857232, 0.0], [0.0, 0.0, 0.0, 0.0]], ""R"": [[483.67038202379456, 0.0], [0.0, 483.67038202379456]], ""P"": [[1000.0, 0.0, 0.0, 0.0], [0.0, 100000.0, 0.0, 0.0], [0.0, 0.0, 1000.0, 0.0], [0.0, 0.0, 0.0, 100000.0]]}","[2.1395865246285948, 2.2708618049980993, 0.0]",False
3,P21,09ce0dcc-884e-4c47-9efa-46e431e4bea2,24,1,haply,mpc,seeded_random,2698308921,persist_session,10.0,59.389295158386226,1625.459519401,0,1786366626.881802,836.0,True,normal,adaptive,-0.064,-0.048,0.0,0.064,0.048,0.0,-0.0132551969999999,-0.0236243,0.0,0.030796297,-0.048088446,0.18923673,0.019306714,-0.0018581921,0.015581686,"[0.10217856096432126, 0.8338114809701217, 0.0, 0.0, 0.0, 0.0, -0.1692039995755701, 2.068102240140777]","[0.037077183940565486, 0.02954758167670212, 0.0]","{""Controller Type"": ""MPC Controller"", ""weight_comfort"": 483.67038202379456, ""weight_trajectory"": 3097.977707857232, ""weight_goal"": 1000.0, ""Q"": [[3097.977707857232, 0.0, 0.0, 0.0], [0.0, 0.0, 0.0, 0.0], [0.0, 0.0, 3097.977707857232, 0.0], [0.0, 0.0, 0.0, 0.0]], ""R"": [[483.67038202379456, 0.0], [0.0, 483.67038202379456]], ""P"": [[1000.0, 0.0, 0.0, 0.0], [0.0, 100000.0, 0.0, 0.0], [0.0, 0.0, 1000.0, 0.0], [0.0, 0.0, 0.0, 100000.0]]}","[2.2347587448580577, 2.3130339234900776, 0.0]",False
3,P21,09ce0dcc-884e-4c47-9efa-46e431e4bea2,24,1,haply,mpc,seeded_random,2698308921,persist_session,10.0,59.399360713958735,1625.469580224,0,1786366626.8915608,837.0,True,normal,adaptive,-0.064,-0.048,0.0,0.064,0.048,0.0,-0.0129649259999999,-0.023505,0.0,0.030893054,-0.04808382,0.18929638,0.017656071,-0.001906391,0.014466723,"[0.1026821801824151, 0.8353725517906654, 0.0, 0.0, 0.0, 0.0, -0.2047263386665027, 2.053127754039831]","[0.037635790216626344, 0.01544891055831995, 0.0]","{""Controller Type"": ""MPC Controller"", ""weight_comfort"": 483.67038202379456, ""weight_trajectory"": 3097.977707857232, ""weight_goal"": 1000.0, ""Q"": [[3097.977707857232, 0.0, 0.0, 0.0], [0.0, 0.0, 0.0, 0.0], [0.0, 0.0, 3097.977707857232, 0.0], [0.0, 0.0, 0.0, 0.0]], ""R"": [[483.67038202379456, 0.0], [0.0, 483.67038202379456]], ""P"": [[1000.0, 0.0, 0.0, 0.0], [0.0, 100000.0, 0.0, 0.0], [0.0, 0.0, 1000.0, 0.0], [0.0, 0.0, 0.0, 100000.0]]}","[2.216333787197955, 2.3598063075225393, 0.0]",False
3,P21,09ce0dcc-884e-4c47-9efa-46e431e4bea2,24,1,haply,mpc,seeded_random,2698308921,persist_session,10.0,59.40933471679687,1625.479554456,0,1786366626.9012244,838.0,True,normal,adaptive,-0.064,-0.048,0.0,0.064,0.048,0.0,-0.0126776159999999,-0.02335768,0.0,0.030988824,-0.04805606,0.18937004,0.016216688,-0.0016636754,0.013244859,"[0.08161210875450053, 0.810188355174934, 0.0, 0.0, 0.0, 0.0, -0.2237306666885924, 2.0589841963935163]","[0.030380168565720414, 0.009173169783186726, 0.0]","{""Controller Type"": ""MPC Controller"", ""weight_comfort"": 485.0750355064125, ""weight_trajectory"": 3089.549786961525, ""weight_goal"": 1000.0, ""Q"": [[3089.549786961525, 0.0, 0.0, 0.0], [0.0, 0.0, 0.0, 0.0], [0.0, 0.0, 3089.549786961525, 0.0], [0.0, 0.0, 0.0, 0.0]], ""R"": [[485.0750355064125, 0.0], [0.0, 485.0750355064125]], ""P"": [[1000.0, 0.0, 0.0, 0.0], [0.0, 100000.0, 0.0, 0.0], [0.0, 0.0, 1000.0, 0.0], [0.0, 0.0, 0.0, 100000.0]]}","[2.260206500469492, 2.379077926422933, 0.0]",False
3,P21,09ce0dcc-884e-4c47-9efa-46e431e4bea2,24,1,haply,mpc,seeded_random,2698308921,persist_session,10.0,59.41953998565673,1625.489744356,0,1786366626.9112868,839.0,True,normal,adaptive,-0.064,-0.048,0.0,0.064,0.048,0.0,-0.0124569989999999,-0.02323616,0.0,0.031062363,-0.04806235,0.1894308,0.014861837,-0.0009210536,0.01182697,"[0.08055956870291058, 0.8089057295506407, 0.0, 0.0, 0.0, 0.0, -0.2056432617772446, 2.0708285593905944]","[0.0302268633566415, 0.016895275609834105, 0.0]","{""Controller Type"": ""MPC Controller"", ""weight_comfort"": 485.0750355064125, ""weight_trajectory"": 3089.549786961525, ""weight_goal"": 1000.0, ""Q"": [[3089.549786961525, 0.0, 0.0, 0.0], [0.0, 0.0, 0.0, 0.0], [0.0, 0.0, 3089.549786961525, 0.0], [0.0, 0.0, 0.0, 0.0]], ""R"": [[485.0750355064125, 0.0], [0.0, 485.0750355064125]], ""P"": [[1000.0, 0.0, 0.0, 0.0], [0.0, 100000.0, 0.0, 0.0], [0.0, 0.0, 1000.0, 0.0], [0.0, 0.0, 0.0, 100000.0]]}","[2.247344934731561, 2.342939921647369, 0.0]",False
3,P21,09ce0dcc-884e-4c47-9efa-46e431e4bea2,24,1,haply,mpc,seeded_random,2698308921,persist_session,10.0,59.42936831474304,1625.499589954,0,1786366626.921203,840.0,True,normal,adaptive,-0.064,-0.048,0.0,0.064,0.048,0.0,-0.0121710359999999,-0.02314958,0.0,0.031157684,-0.048036207,0.18947409,0.013667235,-0.00041291423,0.010677925,"[0.04340281873734489, 0.8129690292855464, 0.0, 0.0, 0.0, 0.0, -0.22922951577307601, 2.0788311358140086]","[0.021142605319691848, 0.008775728391120976, 0.0]","{""Controller Type"": ""MPC Controller"", ""weight_comfort"": 485.0750355064125, ""weight_trajectory"": 3089.549786961525, ""weight_goal"": 1000.0, ""Q"": [[3089.549786961525, 0.0, 0.0, 0.0], [0.0, 0.0, 0.0, 0.0], [0.0, 0.0, 3089.549786961525, 0.0], [0.0, 0.0, 0.0, 0.0]], ""R"": [[485.0750355064125, 0.0], [0.0, 485.0750355064125]], ""P"": [[1000.0, 0.0, 0.0, 0.0], [0.0, 100000.0, 0.0, 0.0], [0.0, 0.0, 1000.0, 0.0], [0.0, 0.0, 0.0, 100000.0]]}","[2.312315793652781, 2.3685624570590105, 0.0]",False
3,P21,09ce0dcc-884e-4c47-9efa-46e431e4bea2,24,1,haply,mpc,seeded_random,2698308921,persist_session,10.0,59.439447460174556,1625.509654734,0,1786366626.931358,841.0,True,normal,adaptive,-0.064,-0.048,0.0,0.064,0.048,0.0,-0.0119515529999999,-0.02308882,0.0,0.031230845,-0.04804418,0.18950447,0.012597777,0.00013725038,0.009462186,"[0.06615523042681025, 0.8371010122287577, 0.0, 0.0, 0.0, 0.0, -0.25800306566225883, 2.1102474302628904]","[0.029179723204845714, 6.836024263181736e-05, 0.0]","{""Controller Type"": ""MPC Controller"", ""weight_comfort"": 484.74709656571815, ""weight_trajectory"": 3091.5174206056913, ""weight_goal"": 1000.0, ""Q"": [[3091.5174206056913, 0.0, 0.0, 0.0], [0.0, 0.0, 0.0, 0.0], [0.0, 0.0, 3091.5174206056913, 0.0], [0.0, 0.0, 0.0, 0.0]], ""R"": [[484.74709656571815, 0.0], [0.0, 484.74709656571815]], ""P"": [[1000.0, 0.0, 0.0, 0.0], [0.0, 100000.0, 0.0, 0.0], [0.0, 0.0, 1000.0, 0.0], [0.0, 0.0, 0.0, 100000.0]]}","[2.2378320308693396, 2.397493860389598, 0.0]",False
3,P21,09ce0dcc-884e-4c47-9efa-46e431e4bea2,24,1,haply,mpc,seeded_random,2698308921,persist_session,10.0,59.44975095748901,1625.519950854,0,1786366626.9412453,842.0,True,normal,adaptive,-0.064,-0.048,0.0,0.064,0.048,0.0,-0.0116654519999999,-0.02300218,0.0,0.031326212,-0.04801775,0.18954779,0.011740293,0.0006343788,0.00848688,"[0.03216574325619008, 0.8416107797463387, 0.0, 0.0, 0.0, 0.0, -0.28310797431097534, 2.149493794756347]","[0.020633086423152636, -0.007264785263320309, 0.0]","{""Controller Type"": ""MPC Controller"", ""weight_comfort"": 484.74709656571815, ""weight_trajectory"": 3091.5174206056913, ""weight_goal"": 1000.0, ""Q"": [[3091.5174206056913, 0.0, 0.0, 0.0], [0.0, 0.0, 0.0, 0.0], [0.0, 0.0, 3091.5174206056913, 0.0], [0.0, 0.0, 0.0, 0.0]], ""R"": [[484.74709656571815, 0.0], [0.0, 484.74709656571815]], ""P"": [[1000.0, 0.0, 0.0, 0.0], [0.0, 100000.0, 0.0, 0.0], [0.0, 0.0, 1000.0, 0.0], [0.0, 0.0, 0.0, 100000.0]]}","[2.2978803364289355, 2.42242472914697, 0.0]",False
3,P21,09ce0dcc-884e-4c47-9efa-46e431e4bea2,24,1,haply,mpc,seeded_random,2698308921,persist_session,10.0,59.45934420585632,1625.529563139,0,1786366626.9514165,843.0,True,normal,adaptive,-0.064,-0.048,0.0,0.064,0.048,0.0,-0.0113757299999999,-0.0229432,0.0,0.031422786,-0.04801413,0.18957728,0.011156685,0.000939297,0.007698517,"[0.05571825515058912, 0.8683175414252197, 0.0, 0.0, 0.0, 0.0, -0.25947976758373387, 2.123991963059029]","[0.02934136794445666, 0.00018809937755948775, 0.0]","{""Controller Type"": ""MPC Controller"", ""weight_comfort"": 484.74709656571815, ""weight_trajectory"": 3091.5174206056913, ""weight_goal"": 1000.0, ""Q"": [[3091.5174206056913, 0.0, 0.0, 0.0], [0.0, 0.0, 0.0, 0.0], [0.0, 0.0, 3091.5174206056913, 0.0], [0.0, 0.0, 0.0, 0.0]], ""R"": [[484.74709656571815, 0.0], [0.0, 484.74709656571815]], ""P"": [[1000.0, 0.0, 0.0, 0.0], [0.0, 100000.0, 0.0, 0.0], [0.0, 0.0, 1000.0, 0.0], [0.0, 0.0, 0.0, 100000.0]]}","[2.219572185610734, 2.3943929018878896, 0.0]",False
3,P21,09ce0dcc-884e-4c47-9efa-46e431e4bea2,24,1,haply,mpc,seeded_random,2698308921,persist_session,10.0,59.46935802459716,1625.539580457,0,1786366626.9612076,844.0,True,normal,adaptive,-0.064,-0.048,0.0,0.064,0.048,0.0,-0.0110054279999999,-0.02281898,0.0,0.03154622,-0.048041034,0.18963939,0.01072161,0.001197365,0.0070420653,"[0.053271526163134734, 0.8657395336685019, 0.0, 0.0, 0.0, 0.0, -0.2864181979050279, 2.166881870018715]","[0.02867563713405088, -0.007754238781461946, 0.0]","{""Controller Type"": ""MPC Controller"", ""weight_comfort"": 484.35194450838793, ""weight_trajectory"": 3093.8883329496725, ""weight_goal"": 1000.0, ""Q"": [[3093.8883329496725, 0.0, 0.0, 0.0], [0.0, 0.0, 0.0, 0.0], [0.0, 0.0, 3093.8883329496725, 0.0], [0.0, 0.0, 0.0, 0.0]], ""R"": [[484.35194450838793, 0.0], [0.0, 484.35194450838793]], ""P"": [[1000.0, 0.0, 0.0, 0.0], [0.0, 100000.0, 0.0, 0.0], [0.0, 0.0, 1000.0, 0.0], [0.0, 0.0, 0.0, 100000.0]]}","[2.2133149751012198, 2.4208894134798054, 0.0]",False
3,P21,09ce0dcc-884e-4c47-9efa-46e431e4bea2,24,1,haply,mpc,seeded_random,2698308921,persist_session,10.0,59.47945695877075,1625.549677509,0,1786366626.971352,845.0,True,normal,adaptive,-0.064,-0.048,0.0,0.064,0.048,0.0,-0.0107797079999999,-0.02272416,0.0,0.03162146,-0.048069738,0.1896868,0.010432343,0.0012209323,0.0065708105,"[0.0683510046891887, 0.9487890661706119, 0.0, 0.0, 0.0, 0.0, -0.2392176841116982, 2.16120787060609]","[0.041010019439047855, 0.010478061022250136, 0.0]","{""Controller Type"": ""MPC Controller"", ""weight_comfort"": 484.35194450838793, ""weight_trajectory"": 3093.8883329496725, ""weight_goal"": 1000.0, ""Q"": [[3093.8883329496725, 0.0, 0.0, 0.0], [0.0, 0.0, 0.0, 0.0], [0.0, 0.0, 3093.8883329496725, 0.0], [0.0, 0.0, 0.0, 0.0]], ""R"": [[484.35194450838793, 0.0], [0.0, 484.35194450838793]], ""P"": [[1000.0, 0.0, 0.0, 0.0], [0.0, 100000.0, 0.0, 0.0], [0.0, 0.0, 1000.0, 0.0], [0.0, 0.0, 0.0, 100000.0]]}","[2.114131126366212, 2.354495478763369, 0.0]",False
3,P21,09ce0dcc-884e-4c47-9efa-46e431e4bea2,24,1,haply,mpc,seeded_random,2698308921,persist_session,10.0,59.48936587333679,1625.55958831,0,1786366626.981235,846.0,True,normal,adaptive,-0.064,-0.048,0.0,0.064,0.048,0.0,-0.0104767679999999,-0.022536,0.0,0.03172244,-0.04810582,0.18978088,0.010221355,0.0011187972,0.0062649036,"[0.00027654210276925606, 0.9501255471614233, 0.0, 0.0, 0.0, 0.0, -0.26582433453139565, 2.1865611964532965]","[0.02116198471658927, 0.0016379829750024708, 0.0]","{""Controller Type"": ""MPC Controller"", ""weight_comfort"": 484.35194450838793, ""weight_trajectory"": 3093.8883329496725, ""weight_goal"": 1000.0, ""Q"": [[3093.8883329496725, 0.0, 0.0, 0.0], [0.0, 0.0, 0.0, 0.0], [0.0, 0.0, 3093.8883329496725, 0.0], [0.0, 0.0, 0.0, 0.0]], ""R"": [[484.35194450838793, 0.0], [0.0, 484.35194450838793]], ""P"": [[1000.0, 0.0, 0.0, 0.0], [0.0, 100000.0, 0.0, 0.0], [0.0, 0.0, 1000.0, 0.0], [0.0, 0.0, 0.0, 100000.0]]}","[2.251047343478246, 2.3828024235869014, 0.0]",False
3,P21,09ce0dcc-884e-4c47-9efa-46e431e4bea2,24,1,haply,mpc,seeded_random,2698308921,persist_session,10.0,59.49931055068969,1625.569532235,0,1786366626.991375,847.0,True,normal,adaptive,-0.064,-0.048,0.0,0.064,0.048,0.0,-0.0102377339999999,-0.0223116,0.0,0.031802118,-0.04817451,0.18989308,0.010074393,0.0003509932,0.0061658146,"[0.02354122626863323, 0.9904827027437435, 0.0, 0.0, 0.0, 0.0, -0.22494539294546015, 2.3049309222422925]","[0.03211367205820387, 0.028015529004717394, 0.0]","{""Controller Type"": ""MPC Controller"", ""weight_comfort"": 482.0911678941895, ""weight_trajectory"": 3107.452992634863, ""weight_goal"": 1000.0, ""Q"": [[3107.452992634863, 0.0, 0.0, 0.0], [0.0, 0.0, 0.0, 0.0], [0.0, 0.0, 3107.452992634863, 0.0], [0.0, 0.0, 0.0, 0.0]], ""R"": [[482.0911678941895, 0.0], [0.0, 482.0911678941895]], ""P"": [[1000.0, 0.0, 0.0, 0.0], [0.0, 100000.0, 0.0, 0.0], [0.0, 0.0, 1000.0, 0.0], [0.0, 0.0, 0.0, 100000.0]]}","[2.1625002107953204, 2.2865181002936192, 0.0]",False
3,P21,09ce0dcc-884e-4c47-9efa-46e431e4bea2,24,1,haply,mpc,seeded_random,2698308921,persist_session,10.0,59.50934940338134,1625.579571156,0,1786366627.0013478,848.0,True,normal,adaptive,-0.064,-0.048,0.0,0.064,0.048,0.0,-0.0099377189999999,-0.02209484,0.0,0.031902123,-0.04818703,0.19000146,0.009927452,-0.00047548176,0.006435352,"[-0.005768413558221601, 0.9848838368715006, 0.0, 0.0, 0.0, 0.0, -0.21675222686460216, 2.355417740320042]","[0.022788932294252884, 0.03688591412784624, 0.0]","{""Controller Type"": ""MPC Controller"", ""weight_comfort"": 482.0911678941895, ""weight_trajectory"": 3107.452992634863, ""weight_goal"": 1000.0, ""Q"": [[3107.452992634863, 0.0, 0.0, 0.0], [0.0, 0.0, 0.0, 0.0], [0.0, 0.0, 3107.452992634863, 0.0], [0.0, 0.0, 0.0, 0.0]], ""R"": [[482.0911678941895, 0.0], [0.0, 482.0911678941895]], ""P"": [[1000.0, 0.0, 0.0, 0.0], [0.0, 100000.0, 0.0, 0.0], [0.0, 0.0, 1000.0, 0.0], [0.0, 0.0, 0.0, 100000.0]]}","[2.2252011817340933, 2.2553477592797977, 0.0]",False
3,P21,09ce0dcc-884e-4c47-9efa-46e431e4bea2,24,1,haply,mpc,seeded_random,2698308921,persist_session,10.0,59.51939755439758,1625.589618779,0,1786366627.0112906,849.0,True,normal,adaptive,-0.064,-0.048,0.0,0.064,0.048,0.0,-0.0096315479999999,-0.02184356,0.0,0.03200418,-0.04822038,0.1901271,0.009853919,-0.0013841068,0.0070584104,"[0.01204997606134733, 1.013978931930913, 0.0, 0.0, 0.0, 0.0, -0.21912479396558018, 2.3418836381554313]","[0.03139477430145084, 0.035541548572574626, 0.0]","{""Controller Type"": ""MPC Controller"", ""weight_comfort"": 482.0911678941895, ""weight_trajectory"": 3107.452992634863, ""weight_goal"": 1000.0, ""Q"": [[3107.452992634863, 0.0, 0.0, 0.0], [0.0, 0.0, 0.0, 0.0], [0.0, 0.0, 3107.452992634863, 0.0], [0.0, 0.0, 0.0, 0.0]], ""R"": [[482.0911678941895, 0.0], [0.0, 482.0911678941895]], ""P"": [[1000.0, 0.0, 0.0, 0.0], [0.0, 100000.0, 0.0, 0.0], [0.0, 0.0, 1000.0, 0.0], [0.0, 0.0, 0.0, 100000.0]]}","[2.1543719565671418, 2.251752778675305, 0.0]",False
3,P21,09ce0dcc-884e-4c47-9efa-46e431e4bea2,24,1,haply,mpc,seeded_random,2698308921,persist_session,10.0,59.529421148300166,1625.599637753,0,1786366627.0211627,850.0,True,normal,adaptive,-0.064,-0.048,0.0,0.064,0.048,0.0,-0.0093904979999999,-0.02161696,0.0,0.03208453,-0.048288725,0.1902404,0.009805126,-0.0022240167,0.007750526,"[0.01310737947646904, 1.0159941032509041, 0.0, 0.0, 0.0, 0.0, -0.2137289514765854, 2.4201932080786266]","[0.03225095855965317, 0.04623706941091831, 0.0]","{""Controller Type"": ""MPC Controller"", ""weight_comfort"": 481.0841486141707, ""weight_trajectory"": 3113.495108314976, ""weight_goal"": 1000.0, ""Q"": [[3113.495108314976, 0.0, 0.0, 0.0], [0.0, 0.0, 0.0, 0.0], [0.0, 0.0, 3113.495108314976, 0.0], [0.0, 0.0, 0.0, 0.0]], ""R"": [[481.0841486141707, 0.0], [0.0, 481.0841486141707]], ""P"": [[1000.0, 0.0, 0.0, 0.0], [0.0, 100000.0, 0.0, 0.0], [0.0, 0.0, 1000.0, 0.0], [0.0, 0.0, 0.0, 100000.0]]}","[2.137503957114295, 2.2101738906305166, 0.0]",False
3,P21,09ce0dcc-884e-4c47-9efa-46e431e4bea2,24,1,haply,mpc,seeded_random,2698308921,persist_session,10.0,59.539359865188594,1625.6095787,0,1786366627.0315113,851.0,True,normal,adaptive,-0.064,-0.048,0.0,0.064,0.048,0.0,-0.0090784289999999,-0.02139154,0.0,0.032188553,-0.0483453,0.19035311,0.009792646,-0.0030166863,0.008471265,"[-0.012353436619361075, 1.0066478097910372, 0.0, 0.0, 0.0, 0.0, -0.2208085972631677, 2.364195188665728]","[0.023672749654005447, 0.03889417195115341, 0.0]","{""Controller Type"": ""MPC Controller"", ""weight_comfort"": 481.0841486141707, ""weight_trajectory"": 3113.495108314976, ""weight_goal"": 1000.0, ""Q"": [[3113.495108314976, 0.0, 0.0, 0.0], [0.0, 0.0, 0.0, 0.0], [0.0, 0.0, 3113.495108314976, 0.0], [0.0, 0.0, 0.0, 0.0]], ""R"": [[481.0841486141707, 0.0], [0.0, 481.0841486141707]], ""P"": [[1000.0, 0.0, 0.0, 0.0], [0.0, 100000.0, 0.0, 0.0], [0.0, 0.0, 1000.0, 0.0], [0.0, 0.0, 0.0, 100000.0]]}","[2.1910347808573674, 2.2262492686078863, 0.0]",False
3,P21,09ce0dcc-884e-4c47-9efa-46e431e4bea2,24,1,haply,mpc,seeded_random,2698308921,persist_session,10.0,59.549459276199336,1625.619678897,0,1786366627.0412862,852.0,True,normal,adaptive,-0.064,-0.048,0.0,0.064,0.048,0.0,-0.0086888819999999,-0.02113282,0.0,0.032318402,-0.04841133,0.19048247,0.009803062,-0.0034666571,0.009264373,"[0.001963288440946294, 1.0320461218093981, 0.0, 0.0, 0.0, 0.0, -0.22523865623613568, 2.3374510661825623]","[0.03126564467280936, 0.03528644119821559, 0.0]","{""Controller Type"": ""MPC Controller"", ""weight_comfort"": 481.0841486141707, ""weight_trajectory"": 3113.495108314976, ""weight_goal"": 1000.0, ""Q"": [[3113.495108314976, 0.0, 0.0, 0.0], [0.0, 0.0, 0.0, 0.0], [0.0, 0.0, 3113.495108314976, 0.0], [0.0, 0.0, 0.0, 0.0]], ""R"": [[481.0841486141707, 0.0], [0.0, 481.0841486141707]], ""P"": [[1000.0, 0.0, 0.0, 0.0], [0.0, 100000.0, 0.0, 0.0], [0.0, 0.0, 1000.0, 0.0], [0.0, 0.0, 0.0, 100000.0]]}","[2.1269355896475743, 2.2295883560283634, 0.0]",False
3,P21,09ce0dcc-884e-4c47-9efa-46e431e4bea2,24,1,haply,mpc,seeded_random,2698308921,persist_session,10.0,59.559330997467036,1625.62955427,0,1786366627.051613,853.0,True,normal,adaptive,-0.064,-0.048,0.0,0.064,0.048,0.0,-0.0083859359999999,-0.02091294,0.0,0.032419384,-0.04842274,0.19059241,0.0098577645,-0.00413138,0.009798528,"[0.010977806041207315, 1.1329607562106838, 0.0, 0.0, 0.0, 0.0, -0.22042946671358704, 2.4562053358554654]","[0.045948340470805336, 0.04977126113754139, 0.0]","{""Controller Type"": ""MPC Controller"", ""weight_comfort"": 480.20055799326406, ""weight_trajectory"": 3118.796652040415, ""weight_goal"": 1000.0, ""Q"": [[3118.796652040415, 0.0, 0.0, 0.0], [0.0, 0.0, 0.0, 0.0], [0.0, 0.0, 3118.796652040415, 0.0], [0.0, 0.0, 0.0, 0.0]], ""R"": [[480.20055799326406, 0.0], [0.0, 480.20055799326406]], ""P"": [[1000.0, 0.0, 0.0, 0.0], [0.0, 100000.0, 0.0, 0.0], [0.0, 0.0, 1000.0, 0.0], [0.0, 0.0, 0.0, 100000.0]]}","[2.0232125846008286, 2.177351991026845, 0.0]",False
3,P21,09ce0dcc-884e-4c47-9efa-46e431e4bea2,24,1,haply,mpc,seeded_random,2698308921,persist_session,10.0,59.569391307830806,1625.639616232,0,1786366627.0614088,854.0,True,normal,adaptive,-0.064,-0.048,0.0,0.064,0.048,0.0,-0.0080019899999999,-0.02074926,0.0,0.032547366,-0.04846973,0.19067425,0.009951872,-0.0043689827,0.010229496,"[-0.01837211108690654, 1.086367306693289, 0.0, 0.0, 0.0, 0.0, -0.23690002420986928, 2.3655188811426555]","[0.03053875501800328, 0.03404009049006633, 0.0]","{""Controller Type"": ""MPC Controller"", ""weight_comfort"": 480.20055799326406, ""weight_trajectory"": 3118.796652040415, ""weight_goal"": 1000.0, ""Q"": [[3118.796652040415, 0.0, 0.0, 0.0], [0.0, 0.0, 0.0, 0.0], [0.0, 0.0, 3118.796652040415, 0.0], [0.0, 0.0, 0.0, 0.0]], ""R"": [[480.20055799326406, 0.0], [0.0, 480.20055799326406]], ""P"": [[1000.0, 0.0, 0.0, 0.0], [0.0, 100000.0, 0.0, 0.0], [0.0, 0.0, 1000.0, 0.0], [0.0, 0.0, 0.0, 100000.0]]}","[2.1127419381984835, 2.2203054638749067, 0.0]",False
3,P21,09ce0dcc-884e-4c47-9efa-46e431e4bea2,24,1,haply,mpc,seeded_random,2698308921,persist_session,10.0,59.5793555355072,1625.649578432,0,1786366627.071288,855.0,True,normal,adaptive,-0.064,-0.048,0.0,0.064,0.048,0.0,-0.0076169819999999,-0.0205849,0.0,0.032675702,-0.04851667,0.19075643,0.010189713,-0.004165279,0.010576093,"[-0.008949341464278168, 1.1858595766953808, 0.0, 0.0, 0.0, 0.0, -0.26041583628377163, 2.328616921786947]","[0.04583711796202277, 0.021007414611251683, 0.0]","{""Controller Type"": ""MPC Controller"", ""weight_comfort"": 480.20055799326406, ""weight_trajectory"": 3118.796652040415, ""weight_goal"": 1000.0, ""Q"": [[3118.796652040415, 0.0, 0.0, 0.0], [0.0, 0.0, 0.0, 0.0], [0.0, 0.0, 3118.796652040415, 0.0], [0.0, 0.0, 0.0, 0.0]], ""R"": [[480.20055799326406, 0.0], [0.0, 480.20055799326406]], ""P"": [[1000.0, 0.0, 0.0, 0.0], [0.0, 100000.0, 0.0, 0.0], [0.0, 0.0, 1000.0, 0.0], [0.0, 0.0, 0.0, 100000.0]]}","[2.007201608875232, 2.2582344627115534, 0.0]",False
3,P21,09ce0dcc-884e-4c47-9efa-46e431e4bea2,24,1,haply,mpc,seeded_random,2698308921,persist_session,10.0,59.58937579154968,1625.659596827,0,1786366627.0815876,856.0,True,normal,adaptive,-0.064,-0.048,0.0,0.064,0.048,0.0,-0.0072429779999999,-0.02042788,0.0,0.03280037,-0.0485181,0.19083494,0.0105046565,-0.004035322,0.010688691,"[-0.009612794421047573, 1.1788812819408927, 0.0, 0.0, 0.0, 0.0, -0.2617660123568349, 2.3265229841253907]","[0.04525372227196115, 0.020752517858039266, 0.0]","{""Controller Type"": ""MPC Controller"", ""weight_comfort"": 481.0029154544364, ""weight_trajectory"": 3113.9825072733815, ""weight_goal"": 1000.0, ""Q"": [[3113.9825072733815, 0.0, 0.0, 0.0], [0.0, 0.0, 0.0, 0.0], [0.0, 0.0, 3113.9825072733815, 0.0], [0.0, 0.0, 0.0, 0.0]], ""R"": [[481.0029154544364, 0.0], [0.0, 481.0029154544364]], ""P"": [[1000.0, 0.0, 0.0, 0.0], [0.0, 100000.0, 0.0, 0.0], [0.0, 0.0, 1000.0, 0.0], [0.0, 0.0, 0.0, 100000.0]]}","[1.9957226773193162, 2.2540815708524278, 0.0]",False
3,P21,09ce0dcc-884e-4c47-9efa-46e431e4bea2,24,1,haply,mpc,seeded_random,2698308921,persist_session,10.0,59.59932881355285,1625.669550922,0,1786366627.0913744,857.0,True,normal,adaptive,-0.064,-0.048,0.0,0.064,0.048,0.0,-0.0067923479999999,-0.02029962,0.0,0.03295058,-0.048531435,0.19089907,0.010920475,-0.0038389987,0.010461312,"[-0.013820271325844888, 1.1528575399168721, 0.0, 0.0, 0.0, 0.0, -0.26981240908311527, 2.31949943234218]","[0.040879150217687045, 0.016899197688886956, 0.0]","{""Controller Type"": ""MPC Controller"", ""weight_comfort"": 481.0029154544364, ""weight_trajectory"": 3113.9825072733815, ""weight_goal"": 1000.0, ""Q"": [[3113.9825072733815, 0.0, 0.0, 0.0], [0.0, 0.0, 0.0, 0.0], [0.0, 0.0, 3113.9825072733815, 0.0], [0.0, 0.0, 0.0, 0.0]], ""R"": [[481.0029154544364, 0.0], [0.0, 481.0029154544364]], ""P"": [[1000.0, 0.0, 0.0, 0.0], [0.0, 100000.0, 0.0, 0.0], [0.0, 0.0, 1000.0, 0.0], [0.0, 0.0, 0.0, 100000.0]]}","[2.0057827866262086, 2.2605496248514423, 0.0]",False
3,P21,09ce0dcc-884e-4c47-9efa-46e431e4bea2,24,1,haply,mpc,seeded_random,2698308921,persist_session,10.0,59.60951190948486,1625.679730027,0,1786366627.1012568,858.0,True,normal,adaptive,-0.064,-0.048,0.0,0.064,0.048,0.0,-0.0063408989999999,-0.02017108,0.0,0.033101063,-0.048544448,0.19096334,0.011419804,-0.0033849857,0.010028345,"[-0.017571876941266044, 1.2888419628852779, 0.0, 0.0, 0.0, 0.0, -0.2837996670542652, 2.3188878814262557]","[0.0581000832101173, 0.011006423298951726, 0.0]","{""Controller Type"": ""MPC Controller"", ""weight_comfort"": 481.0029154544364, ""weight_trajectory"": 3113.9825072733815, ""weight_goal"": 1000.0, ""Q"": [[3113.9825072733815, 0.0, 0.0, 0.0], [0.0, 0.0, 0.0, 0.0], [0.0, 0.0, 3113.9825072733815, 0.0], [0.0, 0.0, 0.0, 0.0]], ""R"": [[481.0029154544364, 0.0], [0.0, 481.0029154544364]], ""P"": [[1000.0, 0.0, 0.0, 0.0], [0.0, 100000.0, 0.0, 0.0], [0.0, 0.0, 1000.0, 0.0], [0.0, 0.0, 0.0, 100000.0]]}","[1.8988822703268997, 2.2773922121200574, 0.0]",False
3,P21,09ce0dcc-884e-4c47-9efa-46e431e4bea2,24,1,haply,mpc,seeded_random,2698308921,persist_session,10.0,59.619501409530635,1625.68971592,0,1786366627.111355,859.0,True,normal,adaptive,-0.064,-0.048,0.0,0.064,0.048,0.0,-0.0058179779999999,-0.02004418,0.0,0.03327537,-0.048545096,0.19102679,0.012032018,-0.0027818955,0.009591236,"[-0.01721229640758795, 1.2754240517489321, 0.0, 0.0, 0.0, 0.0, -0.28505928958216004, 2.318864416052796]","[0.05705305301668278, 0.010728428492784558, 0.0]","{""Controller Type"": ""MPC Controller"", ""weight_comfort"": 480.70130608811274, ""weight_trajectory"": 3115.7921634713234, ""weight_goal"": 1000.0, ""Q"": [[3115.7921634713234, 0.0, 0.0, 0.0], [0.0, 0.0, 0.0, 0.0], [0.0, 0.0, 3115.7921634713234, 0.0], [0.0, 0.0, 0.0, 0.0]], ""R"": [[480.70130608811274, 0.0], [0.0, 480.70130608811274]], ""P"": [[1000.0, 0.0, 0.0, 0.0], [0.0, 100000.0, 0.0, 0.0], [0.0, 0.0, 1000.0, 0.0], [0.0, 0.0, 0.0, 100000.0]]}","[1.8860682811140448, 2.275190806135017, 0.0]",False
3,P21,09ce0dcc-884e-4c47-9efa-46e431e4bea2,24,1,haply,mpc,seeded_random,2698308921,persist_session,10.0,59.62942462921142,1625.699645343,0,1786366627.121355,860.0,True,normal,adaptive,-0.064,-0.048,0.0,0.064,0.048,0.0,-0.0052941899999999,-0.01991696,0.0,0.033449966,-0.048545334,0.1910904,0.012694244,-0.0023567493,0.0090693645,"[-0.025456175324337693, 1.3713484442371535, 0.0, 0.0, 0.0, 0.0, -0.2883637617205618, 2.3192588323879804]","[0.06923590726794522, 0.009523658520566539, 0.0]","{""Controller Type"": ""MPC Controller"", ""weight_comfort"": 480.70130608811274, ""weight_trajectory"": 3115.7921634713234, ""weight_goal"": 1000.0, ""Q"": [[3115.7921634713234, 0.0, 0.0, 0.0], [0.0, 0.0, 0.0, 0.0], [0.0, 0.0, 3115.7921634713234, 0.0], [0.0, 0.0, 0.0, 0.0]], ""R"": [[480.70130608811274, 0.0], [0.0, 480.70130608811274]], ""P"": [[1000.0, 0.0, 0.0, 0.0], [0.0, 100000.0, 0.0, 0.0], [0.0, 0.0, 1000.0, 0.0], [0.0, 0.0, 0.0, 100000.0]]}","[1.8108526965206697, 2.2772814425271415, 0.0]",False
3,P21,09ce0dcc-884e-4c47-9efa-46e431e4bea2,24,1,haply,mpc,seeded_random,2698308921,persist_session,10.0,59.639422712326045,1625.709628723,0,1786366627.131309,861.0,True,normal,adaptive,-0.064,-0.048,0.0,0.064,0.048,0.0,-0.0048402929999999,-0.01978734,0.0,0.033601265,-0.04855749,0.19115521,0.013422938,-0.0021631788,0.0084593585,"[-0.025279093204746955, 1.3694432243126187, 0.0, 0.0, 0.0, 0.0, -0.28802109588842467, 2.3192380807942143]","[0.06997816687699428, 0.00994385775376818, 0.0]","{""Controller Type"": ""MPC Controller"", ""weight_comfort"": 480.70130608811274, ""weight_trajectory"": 3115.7921634713234, ""weight_goal"": 1000.0, ""Q"": [[3115.7921634713234, 0.0, 0.0, 0.0], [0.0, 0.0, 0.0, 0.0], [0.0, 0.0, 3115.7921634713234, 0.0], [0.0, 0.0, 0.0, 0.0]], ""R"": [[480.70130608811274, 0.0], [0.0, 480.70130608811274]], ""P"": [[1000.0, 0.0, 0.0, 0.0], [0.0, 100000.0, 0.0, 0.0], [0.0, 0.0, 1000.0, 0.0], [0.0, 0.0, 0.0, 100000.0]]}","[1.7864085736796897, 2.2730824904020466, 0.0]",False
3,P21,09ce0dcc-884e-4c47-9efa-46e431e4bea2,24,1,haply,mpc,seeded_random,2698308921,persist_session,10.0,59.64953189849853,1625.719737663,0,1786366627.1412823,862.0,True,normal,adaptive,-0.064,-0.048,0.0,0.064,0.048,0.0,-0.0044562479999999,-0.01965536,0.0,0.03372928,-0.048581704,0.1912212,0.013951509,-0.0020045019,0.008009045,"[-0.021500300267464894, 1.2645068061788816, 0.0, 0.0, 0.0, 0.0, -0.2868660633986739, 2.3192960036909795]","[0.0561808782965829, 0.010755828778228466, 0.0]","{""Controller Type"": ""MPC Controller"", ""weight_comfort"": 480.80993086827687, ""weight_trajectory"": 3115.140414790339, ""weight_goal"": 1000.0, ""Q"": [[3115.140414790339, 0.0, 0.0, 0.0], [0.0, 0.0, 0.0, 0.0], [0.0, 0.0, 3115.140414790339, 0.0], [0.0, 0.0, 0.0, 0.0]], ""R"": [[480.80993086827687, 0.0], [0.0, 480.80993086827687]], ""P"": [[1000.0, 0.0, 0.0, 0.0], [0.0, 100000.0, 0.0, 0.0], [0.0, 0.0, 1000.0, 0.0], [0.0, 0.0, 0.0, 100000.0]]}","[1.833344314268296, 2.267133853020756, 0.0]",False
3,P21,09ce0dcc-884e-4c47-9efa-46e431e4bea2,24,1,haply,mpc,seeded_random,2698308921,persist_session,10.0,59.65944677352905,1625.729666781,0,1786366627.151312,863.0,True,normal,adaptive,-0.064,-0.048,0.0,0.064,0.048,0.0,-0.0041500259999999,-0.01955658,0.0,0.033831354,-0.048596706,0.19127059,0.014226209,-0.0018878138,0.0076643364,"[-0.026981055062234294, 1.1882710035198731, 0.0, 0.0, 0.0, 0.0, -0.28628951370663197, 2.319373571629228]","[0.0439101604540975, 0.011324060924142811, 0.0]","{""Controller Type"": ""MPC Controller"", ""weight_comfort"": 480.80993086827687, ""weight_trajectory"": 3115.140414790339, ""weight_goal"": 1000.0, ""Q"": [[3115.140414790339, 0.0, 0.0, 0.0], [0.0, 0.0, 0.0, 0.0], [0.0, 0.0, 3115.140414790339, 0.0], [0.0, 0.0, 0.0, 0.0]], ""R"": [[480.80993086827687, 0.0], [0.0, 480.80993086827687]], ""P"": [[1000.0, 0.0, 0.0, 0.0], [0.0, 100000.0, 0.0, 0.0], [0.0, 0.0, 1000.0, 0.0], [0.0, 0.0, 0.0, 100000.0]]}","[1.8856086851091158, 2.2613492897150524, 0.0]",False
3,P21,09ce0dcc-884e-4c47-9efa-46e431e4bea2,24,1,haply,mpc,seeded_random,2698308921,persist_session,10.0,59.66944294929504,1625.739657758,0,1786366627.161267,864.0,True,normal,adaptive,-0.064,-0.048,0.0,0.064,0.048,0.0,-0.0038581559999999,-0.01946628,0.0,0.033928644,-0.048565622,0.19131574,0.014294034,-0.0017292373,0.007304051,"[-0.0445932497356166, 1.142999574911055, 0.0, 0.0, 0.0, 0.0, -0.31050539681836886, 2.340297543461156]","[0.0318581619945026, 0.0020721076866315746, 0.0]","{""Controller Type"": ""MPC Controller"", ""weight_comfort"": 480.80993086827687, ""weight_trajectory"": 3115.140414790339, ""weight_goal"": 1000.0, ""Q"": [[3115.140414790339, 0.0, 0.0, 0.0], [0.0, 0.0, 0.0, 0.0], [0.0, 0.0, 3115.140414790339, 0.0], [0.0, 0.0, 0.0, 0.0]], ""R"": [[480.80993086827687, 0.0], [0.0, 480.80993086827687]], ""P"": [[1000.0, 0.0, 0.0, 0.0], [0.0, 100000.0, 0.0, 0.0], [0.0, 0.0, 1000.0, 0.0], [0.0, 0.0, 0.0, 100000.0]]}","[1.9490503231787306, 2.2903357889043843, 0.0]",False
3,P21,09ce0dcc-884e-4c47-9efa-46e431e4bea2,24,1,haply,mpc,seeded_random,2698308921,persist_session,10.0,59.67943411827087,1625.749656659,0,1786366627.1714222,865.0,True,normal,adaptive,-0.064,-0.048,0.0,0.064,0.048,0.0,-0.0036370079999999,-0.01937384,0.0,0.03400236,-0.048546795,0.19136196,0.014021092,-0.0014524754,0.0069952793,"[-0.04810171964116048, 1.135700619784579, 0.0, 0.0, 0.0, 0.0, -0.31628250116048, 2.3463199703292066]","[0.030033675198469844, -5.520971508655992e-05, 0.0]","{""Controller Type"": ""MPC Controller"", ""weight_comfort"": 481.84075811532955, ""weight_trajectory"": 3108.9554513080225, ""weight_goal"": 1000.0, ""Q"": [[3108.9554513080225, 0.0, 0.0, 0.0], [0.0, 0.0, 0.0, 0.0], [0.0, 0.0, 3108.9554513080225, 0.0], [0.0, 0.0, 0.0, 0.0]], ""R"": [[481.84075811532955, 0.0], [0.0, 481.84075811532955]], ""P"": [[1000.0, 0.0, 0.0, 0.0], [0.0, 100000.0, 0.0, 0.0], [0.0, 0.0, 1000.0, 0.0], [0.0, 0.0, 0.0, 100000.0]]}","[1.9499125394146453, 2.2952861560107287, 0.0]",False
3,P21,09ce0dcc-884e-4c47-9efa-46e431e4bea2,24,1,haply,mpc,seeded_random,2698308921,persist_session,10.0,59.6894457912445,1625.759664571,0,1786366627.181363,866.0,True,normal,adaptive,-0.064,-0.048,0.0,0.064,0.048,0.0,-0.0034945679999999,-0.01931512,0.0,0.03404984,-0.0485189,0.19139132,0.013156489,-0.0010655209,0.0065108887,"[-0.07591065117406183, 1.132330753749771, 0.0, 0.0, 0.0, 0.0, -0.31605665371637415, 2.3460867887605157]","[0.019524195542688416, 6.1832066288358e-05, 0.0]","{""Controller Type"": ""MPC Controller"", ""weight_comfort"": 481.84075811532955, ""weight_trajectory"": 3108.9554513080225, ""weight_goal"": 1000.0, ""Q"": [[3108.9554513080225, 0.0, 0.0, 0.0], [0.0, 0.0, 0.0, 0.0], [0.0, 0.0, 3108.9554513080225, 0.0], [0.0, 0.0, 0.0, 0.0]], ""R"": [[481.84075811532955, 0.0], [0.0, 481.84075811532955]], ""P"": [[1000.0, 0.0, 0.0, 0.0], [0.0, 100000.0, 0.0, 0.0], [0.0, 0.0, 1000.0, 0.0], [0.0, 0.0, 0.0, 100000.0]]}","[2.0105280963092933, 2.2897960561532975, 0.0]",False
3,P21,09ce0dcc-884e-4c47-9efa-46e431e4bea2,24,1,haply,mpc,seeded_random,2698308921,persist_session,10.0,59.6993175125122,1625.76954152,0,1786366627.1914375,867.0,True,normal,adaptive,-0.064,-0.048,0.0,0.064,0.048,0.0,-0.0033370259999999,-0.01924754,0.0,0.034102354,-0.04853691,0.19142511,0.011977082,-0.00072123075,0.005944881,"[-0.1136518806441276, 1.161745158371344, 0.0, 0.0, 0.0, 0.0, -0.3428284011384003, 2.3903050877710235]","[0.008975056252781905, -0.00895850391044411, 0.0]","{""Controller Type"": ""MPC Controller"", ""weight_comfort"": 481.84075811532955, ""weight_trajectory"": 3108.9554513080225, ""weight_goal"": 1000.0, ""Q"": [[3108.9554513080225, 0.0, 0.0, 0.0], [0.0, 0.0, 0.0, 0.0], [0.0, 0.0, 3108.9554513080225, 0.0], [0.0, 0.0, 0.0, 0.0]], ""R"": [[481.84075811532955, 0.0], [0.0, 481.84075811532955]], ""P"": [[1000.0, 0.0, 0.0, 0.0], [0.0, 100000.0, 0.0, 0.0], [0.0, 0.0, 1000.0, 0.0], [0.0, 0.0, 0.0, 100000.0]]}","[2.074913530818481, 2.317874506355216, 0.0]",False
3,P21,09ce0dcc-884e-4c47-9efa-46e431e4bea2,24,1,haply,mpc,seeded_random,2698308921,persist_session,10.0,59.70933562278747,1625.779557088,0,1786366627.201296,868.0,True,normal,adaptive,-0.064,-0.048,0.0,0.064,0.048,0.0,-0.0031946579999999,-0.01918874,0.0,0.03414981,-0.0485088,0.19145451,0.010744949,-0.00041973143,0.005349686,"[-0.1080359028346934, 1.1580765167122369, 0.0, 0.0, 0.0, 0.0, -0.33575618352504744, 2.379613546232809]","[0.010835056749422207, -0.006616074924148424, 0.0]","{""Controller Type"": ""MPC Controller"", ""weight_comfort"": 482.10230027002774, ""weight_trajectory"": 3107.3861983798333, ""weight_goal"": 1000.0, ""Q"": [[3107.3861983798333, 0.0, 0.0, 0.0], [0.0, 0.0, 0.0, 0.0], [0.0, 0.0, 3107.3861983798333, 0.0], [0.0, 0.0, 0.0, 0.0]], ""R"": [[482.10230027002774, 0.0], [0.0, 482.10230027002774]], ""P"": [[1000.0, 0.0, 0.0, 0.0], [0.0, 100000.0, 0.0, 0.0], [0.0, 0.0, 1000.0, 0.0], [0.0, 0.0, 0.0, 100000.0]]}","[2.057163630987069, 2.3084179657606922, 0.0]",False
3,P21,09ce0dcc-884e-4c47-9efa-46e431e4bea2,24,1,haply,mpc,seeded_random,2698308921,persist_session,10.0,59.71947079658508,1625.789678721,0,1786366627.21123,869.0,True,normal,adaptive,-0.064,-0.048,0.0,0.064,0.048,0.0,-0.0031158329999999,-0.01915494,0.0,0.034176085,-0.048517738,0.19147141,0.009412162,-0.00029098487,0.004811322,"[-0.11443636713361761, 1.1629646746639895, 0.0, 0.0, 0.0, 0.0, -0.34140091857365235, 2.3888749814260155]","[0.009105653584006095, -0.008689567943249838, 0.0]","{""Controller Type"": ""MPC Controller"", ""weight_comfort"": 482.10230027002774, ""weight_trajectory"": 3107.3861983798333, ""weight_goal"": 1000.0, ""Q"": [[3107.3861983798333, 0.0, 0.0, 0.0], [0.0, 0.0, 0.0, 0.0], [0.0, 0.0, 3107.3861983798333, 0.0], [0.0, 0.0, 0.0, 0.0]], ""R"": [[482.10230027002774, 0.0], [0.0, 482.10230027002774]], ""P"": [[1000.0, 0.0, 0.0, 0.0], [0.0, 100000.0, 0.0, 0.0], [0.0, 0.0, 1000.0, 0.0], [0.0, 0.0, 0.0, 100000.0]]}","[2.062796208919546, 2.3130021522726465, 0.0]",False
3,P21,09ce0dcc-884e-4c47-9efa-46e431e4bea2,24,1,haply,mpc,seeded_random,2698308921,persist_session,10.0,59.7293799495697,1625.799599762,0,1786366627.2213018,870.0,True,normal,adaptive,-0.064,-0.048,0.0,0.064,0.048,0.0,-0.0029651699999999,-0.01906014,0.0,0.034226306,-0.048511185,0.19151881,0.008340636,-0.00021386267,0.004378047,"[-0.1541471017502098, 1.2122480380600964, 0.0, 0.0, 0.0, 0.0, -0.3641716820929676, 2.435082608365862]","[-0.0007268613804661973, -0.01617082142249869, 0.0]","{""Controller Type"": ""MPC Controller"", ""weight_comfort"": 482.10230027002774, ""weight_trajectory"": 3107.3861983798333, ""weight_goal"": 1000.0, ""Q"": [[3107.3861983798333, 0.0, 0.0, 0.0], [0.0, 0.0, 0.0, 0.0], [0.0, 0.0, 3107.3861983798333, 0.0], [0.0, 0.0, 0.0, 0.0]], ""R"": [[482.10230027002774, 0.0], [0.0, 482.10230027002774]], ""P"": [[1000.0, 0.0, 0.0, 0.0], [0.0, 100000.0, 0.0, 0.0], [0.0, 0.0, 1000.0, 0.0], [0.0, 0.0, 0.0, 100000.0]]}","[2.1206489239446555, 2.335880634492909, 0.0]",False
3,P21,09ce0dcc-884e-4c47-9efa-46e431e4bea2,24,1,haply,mpc,seeded_random,2698308921,persist_session,10.0,59.73934989929199,1625.809575192,0,1786366627.231271,871.0,True,normal,adaptive,-0.064,-0.048,0.0,0.064,0.048,0.0,-0.0027355619999999,-0.01893144,0.0,0.034302842,-0.048513297,0.19158316,0.0075060227,-0.00015724653,0.0040771496,"[-0.12137225296330151, 1.1890169554866403, 0.0, 0.0, 0.0, 0.0, -0.3222991263507389, 2.395980548990676]","[0.009658746825386257, 0.0009386498872688068, 0.0]","{""Controller Type"": ""MPC Controller"", ""weight_comfort"": 481.8175503179914, ""weight_trajectory"": 3109.094698092051, ""weight_goal"": 1000.0, ""Q"": [[3109.094698092051, 0.0, 0.0, 0.0], [0.0, 0.0, 0.0, 0.0], [0.0, 0.0, 3109.094698092051, 0.0], [0.0, 0.0, 0.0, 0.0]], ""R"": [[481.8175503179914, 0.0], [0.0, 481.8175503179914]], ""P"": [[1000.0, 0.0, 0.0, 0.0], [0.0, 100000.0, 0.0, 0.0], [0.0, 0.0, 1000.0, 0.0], [0.0, 0.0, 0.0, 100000.0]]}","[2.0500306980667435, 2.2767853971302565, 0.0]",False
3,P21,09ce0dcc-884e-4c47-9efa-46e431e4bea2,24,1,haply,mpc,seeded_random,2698308921,persist_session,10.0,59.74943381309509,1625.819656474,0,1786366627.2412896,872.0,True,normal,adaptive,-0.064,-0.048,0.0,0.064,0.048,0.0,-0.0025774559999999,-0.01886356,0.0,0.034355544,-0.048531093,0.1916171,0.006978699,-0.00019214011,0.003963204,"[-0.09559118464788072, 1.2000196155030636, 0.0, 0.0, 0.0, 0.0, -0.30315259162844166, 2.398507638068857]","[0.021259110097645438, 0.010673616374176294, 0.0]","{""Controller Type"": ""MPC Controller"", ""weight_comfort"": 481.8175503179914, ""weight_trajectory"": 3109.094698092051, ""weight_goal"": 1000.0, ""Q"": [[3109.094698092051, 0.0, 0.0, 0.0], [0.0, 0.0, 0.0, 0.0], [0.0, 0.0, 3109.094698092051, 0.0], [0.0, 0.0, 0.0, 0.0]], ""R"": [[481.8175503179914, 0.0], [0.0, 481.8175503179914]], ""P"": [[1000.0, 0.0, 0.0, 0.0], [0.0, 100000.0, 0.0, 0.0], [0.0, 0.0, 1000.0, 0.0], [0.0, 0.0, 0.0, 100000.0]]}","[1.9673816767228254, 2.240784193008534, 0.0]",False
3,P21,09ce0dcc-884e-4c47-9efa-46e431e4bea2,24,1,haply,mpc,seeded_random,2698308921,persist_session,10.0,59.75933104515075,1625.829557182,0,1786366627.2513697,873.0,True,normal,adaptive,-0.064,-0.048,0.0,0.064,0.048,0.0,-0.0023389199999999,-0.01869836,0.0,0.034435056,-0.04855458,0.1916997,0.0065928716,-0.00018505566,0.0039521838,"[-0.12909291201909429, 1.220777548325524, 0.0, 0.0, 0.0, 0.0, -0.35150371282049675, 2.4707929068228465]","[0.010670738989154084, -0.006762163331118863, 0.0]","{""Controller Type"": ""MPC Controller"", ""weight_comfort"": 481.8175503179914, ""weight_trajectory"": 3109.094698092051, ""weight_goal"": 1000.0, ""Q"": [[3109.094698092051, 0.0, 0.0, 0.0], [0.0, 0.0, 0.0, 0.0], [0.0, 0.0, 3109.094698092051, 0.0], [0.0, 0.0, 0.0, 0.0]], ""R"": [[481.8175503179914, 0.0], [0.0, 481.8175503179914]], ""P"": [[1000.0, 0.0, 0.0, 0.0], [0.0, 100000.0, 0.0, 0.0], [0.0, 0.0, 1000.0, 0.0], [0.0, 0.0, 0.0, 100000.0]]}","[2.029381598464996, 2.2959513173423955, 0.0]",False
3,P21,09ce0dcc-884e-4c47-9efa-46e431e4bea2,24,1,haply,mpc,seeded_random,2698308921,persist_session,10.0,59.7694075679779,1625.839633455,0,1786366627.2612834,874.0,True,normal,adaptive,-0.064,-0.048,0.0,0.064,0.048,0.0,-0.002170788,-0.01853058,0.0,0.0344911,-0.04859065,0.19178359,0.006348225,-0.00034553144,0.004272379,"[-0.10555154033788496, 1.2347942914416221, 0.0, 0.0, 0.0, 0.0, -0.3123041430590684, 2.546220362221053]","[0.022218753574636346, 0.02090012518212912, 0.0]","{""Controller Type"": ""MPC Controller"", ""weight_comfort"": 480.4478297035011, ""weight_trajectory"": 3117.3130217789935, ""weight_goal"": 1000.0, ""Q"": [[3117.3130217789935, 0.0, 0.0, 0.0], [0.0, 0.0, 0.0, 0.0], [0.0, 0.0, 3117.3130217789935, 0.0], [0.0, 0.0, 0.0, 0.0]], ""R"": [[480.4478297035011, 0.0], [0.0, 480.4478297035011]], ""P"": [[1000.0, 0.0, 0.0, 0.0], [0.0, 100000.0, 0.0, 0.0], [0.0, 0.0, 1000.0, 0.0], [0.0, 0.0, 0.0, 100000.0]]}","[1.9477931217015494, 2.2008565882524125, 0.0]",False
3,P21,09ce0dcc-884e-4c47-9efa-46e431e4bea2,24,1,haply,mpc,seeded_random,2698308921,persist_session,10.0,59.77930837631225,1625.849533633,0,1786366627.2716343,875.0,True,normal,adaptive,-0.064,-0.048,0.0,0.064,0.048,0.0,-0.0018434369999999,-0.01829418,0.0,0.034600217,-0.048644308,0.19190179,0.0062457407,-0.0008915067,0.004879781,"[-0.13511180084945756, 1.2490069222956557, 0.0, 0.0, 0.0, 0.0, -0.3110593981657469, 2.5491267035084655]","[0.012241681810811918, 0.02244563405869043, 0.0]","{""Controller Type"": ""MPC Controller"", ""weight_comfort"": 480.4478297035011, ""weight_trajectory"": 3117.3130217789935, ""weight_goal"": 1000.0, ""Q"": [[3117.3130217789935, 0.0, 0.0, 0.0], [0.0, 0.0, 0.0, 0.0], [0.0, 0.0, 3117.3130217789935, 0.0], [0.0, 0.0, 0.0, 0.0]], ""R"": [[480.4478297035011, 0.0], [0.0, 480.4478297035011]], ""P"": [[1000.0, 0.0, 0.0, 0.0], [0.0, 100000.0, 0.0, 0.0], [0.0, 0.0, 1000.0, 0.0], [0.0, 0.0, 0.0, 100000.0]]}","[2.007290590478342, 2.193180179016255, 0.0]",False
3,P21,09ce0dcc-884e-4c47-9efa-46e431e4bea2,24,1,haply,mpc,seeded_random,2698308921,persist_session,10.0,59.789357004165645,1625.859575673,0,1786366627.2816627,876.0,True,normal,adaptive,-0.064,-0.048,0.0,0.064,0.048,0.0,-0.0015949079999999,-0.01809116,0.0,0.03468306,-0.048689052,0.1920033,0.006401279,-0.0016545773,0.0057258704,"[-0.1132147997310429, 1.3404393738125928, 0.0, 0.0, 0.0, 0.0, -0.30255835032990275, 2.663568999207633]","[0.03493725962917233, 0.04077406212104104, 0.0]","{""Controller Type"": ""MPC Controller"", ""weight_comfort"": 480.4478297035011, ""weight_trajectory"": 3117.3130217789935, ""weight_goal"": 1000.0, ""Q"": [[3117.3130217789935, 0.0, 0.0, 0.0], [0.0, 0.0, 0.0, 0.0], [0.0, 0.0, 3117.3130217789935, 0.0], [0.0, 0.0, 0.0, 0.0]], ""R"": [[480.4478297035011, 0.0], [0.0, 480.4478297035011]], ""P"": [[1000.0, 0.0, 0.0, 0.0], [0.0, 100000.0, 0.0, 0.0], [0.0, 0.0, 1000.0, 0.0], [0.0, 0.0, 0.0, 100000.0]]}","[1.8593761731417493, 2.1300627549628057, 0.0]",False
3,P21,09ce0dcc-884e-4c47-9efa-46e431e4bea2,24,1,haply,mpc,seeded_random,2698308921,persist_session,10.0,59.79932528495788,1625.86955408,0,1786366627.2916377,877.0,True,normal,adaptive,-0.064,-0.048,0.0,0.064,0.048,0.0,-0.0013458479999999,-0.01788768,0.0,0.03476608,-0.048733752,0.19210504,0.006687569,-0.0024434514,0.0066435277,"[-0.13298582717062724, 1.3218924777024745, 0.0, 0.0, 0.0, 0.0, -0.3100512220409957, 2.6165086145772487]","[0.02403675380095467, 0.03247847765509926, 0.0]","{""Controller Type"": ""MPC Controller"", ""weight_comfort"": 479.6923713154088, ""weight_trajectory"": 3121.845772107547, ""weight_goal"": 1000.0, ""Q"": [[3121.845772107547, 0.0, 0.0, 0.0], [0.0, 0.0, 0.0, 0.0], [0.0, 0.0, 3121.845772107547, 0.0], [0.0, 0.0, 0.0, 0.0]], ""R"": [[479.6923713154088, 0.0], [0.0, 479.6923713154088]], ""P"": [[1000.0, 0.0, 0.0, 0.0], [0.0, 100000.0, 0.0, 0.0], [0.0, 0.0, 1000.0, 0.0], [0.0, 0.0, 0.0, 100000.0]]}","[1.914859837023761, 2.1472875384458203, 0.0]",False
3,P21,09ce0dcc-884e-4c47-9efa-46e431e4bea2,24,1,haply,mpc,seeded_random,2698308921,persist_session,10.0,59.80944996833801,1625.879670348,0,1786366627.301615,878.0,True,normal,adaptive,-0.064,-0.048,0.0,0.064,0.048,0.0,-0.0010162079999999,-0.01764878,0.0,0.03487596,-0.04878715,0.19222449,0.0070609073,-0.003098213,0.0075445278,"[-0.1331406078792609, 1.3217352404240292, 0.0, 0.0, 0.0, 0.0, -0.3104804035558096, 2.613642587503312]","[0.024301599954269483, 0.03285908755521949, 0.0]","{""Controller Type"": ""MPC Controller"", ""weight_comfort"": 479.6923713154088, ""weight_trajectory"": 3121.845772107547, ""weight_goal"": 1000.0, ""Q"": [[3121.845772107547, 0.0, 0.0, 0.0], [0.0, 0.0, 0.0, 0.0], [0.0, 0.0, 3121.845772107547, 0.0], [0.0, 0.0, 0.0, 0.0]], ""R"": [[479.6923713154088, 0.0], [0.0, 479.6923713154088]], ""P"": [[1000.0, 0.0, 0.0, 0.0], [0.0, 100000.0, 0.0, 0.0], [0.0, 0.0, 1000.0, 0.0], [0.0, 0.0, 0.0, 100000.0]]}","[1.9060976330287625, 2.1406069898167317, 0.0]",False
3,P21,09ce0dcc-884e-4c47-9efa-46e431e4bea2,24,1,haply,mpc,seeded_random,2698308921,persist_session,10.0,59.81942802429199,1625.889645399,0,1786366627.311429,879.0,True,normal,adaptive,-0.064,-0.048,0.0,0.064,0.048,0.0,-0.0006146069999999,-0.01741126,0.0,0.035009827,-0.048827592,0.19234325,0.0075622816,-0.003563559,0.008334808,"[-0.1237366235685883, 1.3802331916540986, 0.0, 0.0, 0.0, 0.0, -0.30726127882775794, 2.6879068333276854]","[0.037556450318677964, 0.04418860125794748, 0.0]","{""Controller Type"": ""MPC Controller"", ""weight_comfort"": 479.6923713154088, ""weight_trajectory"": 3121.845772107547, ""weight_goal"": 1000.0, ""Q"": [[3121.845772107547, 0.0, 0.0, 0.0], [0.0, 0.0, 0.0, 0.0], [0.0, 0.0, 3121.845772107547, 0.0], [0.0, 0.0, 0.0, 0.0]], ""R"": [[479.6923713154088, 0.0], [0.0, 479.6923713154088]], ""P"": [[1000.0, 0.0, 0.0, 0.0], [0.0, 100000.0, 0.0, 0.0], [0.0, 0.0, 1000.0, 0.0], [0.0, 0.0, 0.0, 100000.0]]}","[1.819584241629516, 2.0994808231692828, 0.0]",False
3,P21,09ce0dcc-884e-4c47-9efa-46e431e4bea2,24,1,haply,mpc,seeded_random,2698308921,persist_session,10.0,59.82939988136291,1625.899615791,0,1786366627.3213034,880.0,True,normal,adaptive,-0.064,-0.048,0.0,0.064,0.048,0.0,-0.000203556,-0.01719964,0.0,0.035146844,-0.048893012,0.19244906,0.008161113,-0.003941827,0.009057459,"[-0.125759918483214, 1.472469872370537, 0.0, 0.0, 0.0, 0.0, -0.30742651846035446, 2.6833839797418775]","[0.05212921074656827, 0.04483437434018757, 0.0]","{""Controller Type"": ""MPC Controller"", ""weight_comfort"": 478.3137751644023, ""weight_trajectory"": 3130.117349013586, ""weight_goal"": 1000.0, ""Q"": [[3130.117349013586, 0.0, 0.0, 0.0], [0.0, 0.0, 0.0, 0.0], [0.0, 0.0, 3130.117349013586, 0.0], [0.0, 0.0, 0.0, 0.0]], ""R"": [[478.3137751644023, 0.0], [0.0, 478.3137751644023]], ""P"": [[1000.0, 0.0, 0.0, 0.0], [0.0, 100000.0, 0.0, 0.0], [0.0, 0.0, 1000.0, 0.0], [0.0, 0.0, 0.0, 100000.0]]}","[1.7321444077054136, 2.089403228814935, 0.0]",False
3,P21,09ce0dcc-884e-4c47-9efa-46e431e4bea2,24,1,haply,mpc,seeded_random,2698308921,persist_session,10.0,59.839397487640376,1625.909614757,0,1786366627.3312714,881.0,True,normal,adaptive,-0.064,-0.048,0.0,0.064,0.048,0.0,0.000128211,-0.01702208,0.0,0.035257433,-0.048949745,0.19253784,0.008850608,-0.0039767227,0.009616813,"[-0.12584106762954916, 1.4747974075274881, 0.0, 0.0, 0.0, 0.0, -0.313566193709767, 2.6245292439079386]","[0.05331369327505719, 0.03580266377469196, 0.0]","{""Controller Type"": ""MPC Controller"", ""weight_comfort"": 478.3137751644023, ""weight_trajectory"": 3130.117349013586, ""weight_goal"": 1000.0, ""Q"": [[3130.117349013586, 0.0, 0.0, 0.0], [0.0, 0.0, 0.0, 0.0], [0.0, 0.0, 3130.117349013586, 0.0], [0.0, 0.0, 0.0, 0.0]], ""R"": [[478.3137751644023, 0.0], [0.0, 478.3137751644023]], ""P"": [[1000.0, 0.0, 0.0, 0.0], [0.0, 100000.0, 0.0, 0.0], [0.0, 0.0, 1000.0, 0.0], [0.0, 0.0, 0.0, 100000.0]]}","[1.7134303289161206, 2.1118130407742726, 0.0]",False
3,P21,09ce0dcc-884e-4c47-9efa-46e431e4bea2,24,1,haply,mpc,seeded_random,2698308921,persist_session,10.0,59.849566993713374,1625.919775708,0,1786366627.3413534,882.0,True,normal,adaptive,-0.064,-0.048,0.0,0.064,0.048,0.0,0.000532194,-0.01684608,0.0,0.035392094,-0.048993446,0.19262584,0.009512793,-0.0038970045,0.010054854,"[-0.13502319040008182, 1.4061889375469703, 0.0, 0.0, 0.0, 0.0, -0.3264720028114717, 2.5813667575286656]","[0.03817810476658841, 0.024753806043976565, 0.0]","{""Controller Type"": ""MPC Controller"", ""weight_comfort"": 478.3137751644023, ""weight_trajectory"": 3130.117349013586, ""weight_goal"": 1000.0, ""Q"": [[3130.117349013586, 0.0, 0.0, 0.0], [0.0, 0.0, 0.0, 0.0], [0.0, 0.0, 3130.117349013586, 0.0], [0.0, 0.0, 0.0, 0.0]], ""R"": [[478.3137751644023, 0.0], [0.0, 478.3137751644023]], ""P"": [[1000.0, 0.0, 0.0, 0.0], [0.0, 100000.0, 0.0, 0.0], [0.0, 0.0, 1000.0, 0.0], [0.0, 0.0, 0.0, 100000.0]]}","[1.7798066013751654, 2.1400069171537557, 0.0]",False
3,P21,09ce0dcc-884e-4c47-9efa-46e431e4bea2,24,1,haply,mpc,seeded_random,2698308921,persist_session,10.0,59.859314022064204,1625.929540201,0,1786366627.351298,883.0,True,normal,adaptive,-0.064,-0.048,0.0,0.064,0.048,0.0,0.00087564,-0.01662984,0.0,0.035506576,-0.049071837,0.19273396,0.010144375,-0.0043590995,0.010059083,"[-0.1365361292877083, 1.4801205936093829, 0.0, 0.0, 0.0, 0.0, -0.32849498261663135, 2.575215044218504]","[0.050642343396941965, 0.023653511825023153, 0.0]","{""Controller Type"": ""MPC Controller"", ""weight_comfort"": 479.1557195123152, ""weight_trajectory"": 3125.0656829261084, ""weight_goal"": 1000.0, ""Q"": [[3125.0656829261084, 0.0, 0.0, 0.0], [0.0, 0.0, 0.0, 0.0], [0.0, 0.0, 3125.0656829261084, 0.0], [0.0, 0.0, 0.0, 0.0]], ""R"": [[479.1557195123152, 0.0], [0.0, 479.1557195123152]], ""P"": [[1000.0, 0.0, 0.0, 0.0], [0.0, 100000.0, 0.0, 0.0], [0.0, 0.0, 1000.0, 0.0], [0.0, 0.0, 0.0, 100000.0]]}","[1.702154595980464, 2.1381122137156137, 0.0]",False
3,P21,09ce0dcc-884e-4c47-9efa-46e431e4bea2,24,1,haply,mpc,seeded_random,2698308921,persist_session,10.0,59.869374332427974,1625.939591712,0,1786366627.3613036,884.0,True,normal,adaptive,-0.064,-0.048,0.0,0.064,0.048,0.0,0.001272732,-0.0164259,0.0,0.03563894,-0.049089853,0.19283593,0.010707067,-0.004822796,0.009989162,"[-0.1409216066639076, 1.4284662731287001, 0.0, 0.0, 0.0, 0.0, -0.32182633739078975, 2.6514575698924485]","[0.04043862265525327, 0.03685587366886238, 0.0]","{""Controller Type"": ""MPC Controller"", ""weight_comfort"": 479.1557195123152, ""weight_trajectory"": 3125.0656829261084, ""weight_goal"": 1000.0, ""Q"": [[3125.0656829261084, 0.0, 0.0, 0.0], [0.0, 0.0, 0.0, 0.0], [0.0, 0.0, 3125.0656829261084, 0.0], [0.0, 0.0, 0.0, 0.0]], ""R"": [[479.1557195123152, 0.0], [0.0, 479.1557195123152]], ""P"": [[1000.0, 0.0, 0.0, 0.0], [0.0, 100000.0, 0.0, 0.0], [0.0, 0.0, 1000.0, 0.0], [0.0, 0.0, 0.0, 100000.0]]}","[1.7406356185467753, 2.0890587937462364, 0.0]",False
3,P21,09ce0dcc-884e-4c47-9efa-46e431e4bea2,24,1,haply,mpc,seeded_random,2698308921,persist_session,10.0,59.87937789916992,1625.949603665,0,1786366627.371229,885.0,True,normal,adaptive,-0.064,-0.048,0.0,0.064,0.048,0.0,0.001609062,-0.01618146,0.0,0.03575105,-0.04914246,0.19295815,0.011073974,-0.0049698064,0.01003576,"[-0.1421204177432651, 1.4829534298623692, 0.0, 0.0, 0.0, 0.0, -0.3255215572258255, 2.6235879744592454]","[0.049938448818183975, 0.032502886268675285, 0.0]","{""Controller Type"": ""MPC Controller"", ""weight_comfort"": 479.1557195123152, ""weight_trajectory"": 3125.0656829261084, ""weight_goal"": 1000.0, ""Q"": [[3125.0656829261084, 0.0, 0.0, 0.0], [0.0, 0.0, 0.0, 0.0], [0.0, 0.0, 3125.0656829261084, 0.0], [0.0, 0.0, 0.0, 0.0]], ""R"": [[479.1557195123152, 0.0], [0.0, 479.1557195123152]], ""P"": [[1000.0, 0.0, 0.0, 0.0], [0.0, 100000.0, 0.0, 0.0], [0.0, 0.0, 1000.0, 0.0], [0.0, 0.0, 0.0, 100000.0]]}","[1.6786878692582576, 2.0954181338252416, 0.0]",False
3,P21,09ce0dcc-884e-4c47-9efa-46e431e4bea2,24,1,haply,mpc,seeded_random,2698308921,persist_session,10.0,59.88939791679382,1625.959616854,0,1786366627.3813624,886.0,True,normal,adaptive,-0.064,-0.048,0.0,0.064,0.048,0.0,0.001926051,-0.01601192,0.0,0.035856713,-0.04915143,0.19304292,0.011340162,-0.005026447,0.010100773,"[-0.14693584957847566, 1.430865794334849, 0.0, 0.0, 0.0, 0.0, -0.32376792385780623, 2.7201494869430864]","[0.03931871823986469, 0.04621142272592291, 0.0]","{""Controller Type"": ""MPC Controller"", ""weight_comfort"": 478.62418661310454, ""weight_trajectory"": 3128.254880321373, ""weight_goal"": 1000.0, ""Q"": [[3128.254880321373, 0.0, 0.0, 0.0], [0.0, 0.0, 0.0, 0.0], [0.0, 0.0, 3128.254880321373, 0.0], [0.0, 0.0, 0.0, 0.0]], ""R"": [[478.62418661310454, 0.0], [0.0, 478.62418661310454]], ""P"": [[1000.0, 0.0, 0.0, 0.0], [0.0, 100000.0, 0.0, 0.0], [0.0, 0.0, 1000.0, 0.0], [0.0, 0.0, 0.0, 100000.0]]}","[1.721404059144999, 2.047548414007643, 0.0]",False
3,P21,09ce0dcc-884e-4c47-9efa-46e431e4bea2,24,1,haply,mpc,seeded_random,2698308921,persist_session,10.0,59.89938670158386,1625.969612166,0,1786366627.39122,887.0,True,normal,adaptive,-0.064,-0.048,0.0,0.064,0.048,0.0,0.002192337,-0.01576394,0.0,0.035945475,-0.049217045,0.19316691,0.011476898,-0.0050163004,0.010182095,"[-0.15047945394050177, 1.4108281307128725, 0.0, 0.0, 0.0, 0.0, -0.35233803743907594, 2.6481120285354667]","[0.03479165540163035, 0.02175076904656955, 0.0]","{""Controller Type"": ""MPC Controller"", ""weight_comfort"": 478.62418661310454, ""weight_trajectory"": 3128.254880321373, ""weight_goal"": 1000.0, ""Q"": [[3128.254880321373, 0.0, 0.0, 0.0], [0.0, 0.0, 0.0, 0.0], [0.0, 0.0, 3128.254880321373, 0.0], [0.0, 0.0, 0.0, 0.0]], ""R"": [[478.62418661310454, 0.0], [0.0, 478.62418661310454]], ""P"": [[1000.0, 0.0, 0.0, 0.0], [0.0, 100000.0, 0.0, 0.0], [0.0, 0.0, 1000.0, 0.0], [0.0, 0.0, 0.0, 100000.0]]}","[1.7355291078040052, 2.1171385501312106, 0.0]",False
3,P21,09ce0dcc-884e-4c47-9efa-46e431e4bea2,24,1,haply,mpc,seeded_random,2698308921,persist_session,10.0,59.909511146545405,1625.979721628,0,1786366627.4013703,888.0,True,normal,adaptive,-0.064,-0.048,0.0,0.064,0.048,0.0,0.002458722,-0.01557966,0.0,0.03603427,-0.049286596,0.19325905,0.011564593,-0.004955696,0.01026519,"[-0.15955130847317606, 1.3905337168765377, 0.0, 0.0, 0.0, 0.0, -0.35101163524540446, 2.860734950981193]","[0.027701159826181335, 0.0495830078133972, 0.0]","{""Controller Type"": ""MPC Controller"", ""weight_comfort"": 478.62418661310454, ""weight_trajectory"": 3128.254880321373, ""weight_goal"": 1000.0, ""Q"": [[3128.254880321373, 0.0, 0.0, 0.0], [0.0, 0.0, 0.0, 0.0], [0.0, 0.0, 3128.254880321373, 0.0], [0.0, 0.0, 0.0, 0.0]], ""R"": [[478.62418661310454, 0.0], [0.0, 478.62418661310454]], ""P"": [[1000.0, 0.0, 0.0, 0.0], [0.0, 100000.0, 0.0, 0.0], [0.0, 0.0, 1000.0, 0.0], [0.0, 0.0, 0.0, 100000.0]]}","[1.7665703635971672, 2.029766783090639, 0.0]",False
3,P21,09ce0dcc-884e-4c47-9efa-46e431e4bea2,24,1,haply,mpc,seeded_random,2698308921,persist_session,10.0,59.91933446884155,1625.989544034,0,1786366627.411257,889.0,True,normal,adaptive,-0.064,-0.048,0.0,0.064,0.048,0.0,0.002777337,-0.01540884,0.0,0.036140475,-0.049295086,0.19334446,0.011452171,-0.004798675,0.010414739,"[-0.16167507381383145, 1.3864483789371043, 0.0, 0.0, 0.0, 0.0, -0.3719529590333583, 2.775078770457582]","[0.026436711932303975, 0.026733794093030984, 0.0]","{""Controller Type"": ""MPC Controller"", ""weight_comfort"": 479.0330473499858, ""weight_trajectory"": 3125.8017159000856, ""weight_goal"": 1000.0, ""Q"": [[3125.8017159000856, 0.0, 0.0, 0.0], [0.0, 0.0, 0.0, 0.0], [0.0, 0.0, 3125.8017159000856, 0.0], [0.0, 0.0, 0.0, 0.0]], ""R"": [[479.0330473499858, 0.0], [0.0, 479.0330473499858]], ""P"": [[1000.0, 0.0, 0.0, 0.0], [0.0, 100000.0, 0.0, 0.0], [0.0, 0.0, 1000.0, 0.0], [0.0, 0.0, 0.0, 100000.0]]}","[1.764648467355297, 2.0889845126166375, 0.0]",False
3,P21,09ce0dcc-884e-4c47-9efa-46e431e4bea2,24,1,haply,mpc,seeded_random,2698308921,persist_session,10.0,59.929466781616206,1625.999683356,0,1786366627.4213436,890.0,True,normal,adaptive,-0.064,-0.048,0.0,0.064,0.048,0.0,0.003024642,-0.01523546,0.0,0.03622291,-0.049316797,0.19343115,0.011178565,-0.0048703547,0.010362965,"[-0.1563683377021862, 1.4294143726291966, 0.0, 0.0, 0.0, 0.0, -0.37560114198662736, 2.763600166361616]","[0.03649172475653436, 0.02393217827169423, 0.0]","{""Controller Type"": ""MPC Controller"", ""weight_comfort"": 479.0330473499858, ""weight_trajectory"": 3125.8017159000856, ""weight_goal"": 1000.0, ""Q"": [[3125.8017159000856, 0.0, 0.0, 0.0], [0.0, 0.0, 0.0, 0.0], [0.0, 0.0, 3125.8017159000856, 0.0], [0.0, 0.0, 0.0, 0.0]], ""R"": [[479.0330473499858, 0.0], [0.0, 479.0330473499858]], ""P"": [[1000.0, 0.0, 0.0, 0.0], [0.0, 100000.0, 0.0, 0.0], [0.0, 0.0, 1000.0, 0.0], [0.0, 0.0, 0.0, 100000.0]]}","[1.69703727334519, 2.09086453280249, 0.0]",False
3,P21,09ce0dcc-884e-4c47-9efa-46e431e4bea2,24,1,haply,mpc,seeded_random,2698308921,persist_session,10.0,59.93935900688171,1626.009583336,0,1786366627.4314096,891.0,True,normal,adaptive,-0.064,-0.048,0.0,0.064,0.048,0.0,0.003293004,-0.01504958,0.0,0.036312364,-0.049386296,0.19352409,0.010892302,-0.004880151,0.0102803875,"[-0.17473934175334924, 1.4052132235525097, 0.0, 0.0, 0.0, 0.0, -0.3766494257475031, 2.7603460700283318]","[0.023798683687268646, 0.023630680098862048, 0.0]","{""Controller Type"": ""MPC Controller"", ""weight_comfort"": 479.0330473499858, ""weight_trajectory"": 3125.8017159000856, ""weight_goal"": 1000.0, ""Q"": [[3125.8017159000856, 0.0, 0.0, 0.0], [0.0, 0.0, 0.0, 0.0], [0.0, 0.0, 3125.8017159000856, 0.0], [0.0, 0.0, 0.0, 0.0]], ""R"": [[479.0330473499858, 0.0], [0.0, 479.0330473499858]], ""P"": [[1000.0, 0.0, 0.0, 0.0], [0.0, 100000.0, 0.0, 0.0], [0.0, 0.0, 1000.0, 0.0], [0.0, 0.0, 0.0, 100000.0]]}","[1.760563298689186, 2.085884711497205, 0.0]",False
3,P21,09ce0dcc-884e-4c47-9efa-46e431e4bea2,24,1,haply,mpc,seeded_random,2698308921,persist_session,10.0,59.949410018920894,1626.019628174,0,1786366627.441474,892.0,True,normal,adaptive,-0.064,-0.048,0.0,0.064,0.048,0.0,0.00362382,-0.01483878,0.0,0.036422636,-0.04941629,0.19362949,0.010664197,-0.0047512273,0.010160825,"[-0.17121299458460368, 1.4133254370702342, 0.0, 0.0, 0.0, 0.0, -0.37398485759072936, 2.772962674617473]","[0.027285650847967156, 0.027626118378942764, 0.0]","{""Controller Type"": ""MPC Controller"", ""weight_comfort"": 478.97125522118876, ""weight_trajectory"": 3126.1724686728676, ""weight_goal"": 1000.0, ""Q"": [[3126.1724686728676, 0.0, 0.0, 0.0], [0.0, 0.0, 0.0, 0.0], [0.0, 0.0, 3126.1724686728676, 0.0], [0.0, 0.0, 0.0, 0.0]], ""R"": [[478.97125522118876, 0.0], [0.0, 478.97125522118876]], ""P"": [[1000.0, 0.0, 0.0, 0.0], [0.0, 100000.0, 0.0, 0.0], [0.0, 0.0, 1000.0, 0.0], [0.0, 0.0, 0.0, 100000.0]]}","[1.7314037118330163, 2.0677549410562435, 0.0]",False
3,P21,09ce0dcc-884e-4c47-9efa-46e431e4bea2,24,1,haply,mpc,seeded_random,2698308921,persist_session,10.0,59.95934420585632,1626.029569652,0,1786366627.4512548,893.0,True,normal,adaptive,-0.064,-0.048,0.0,0.064,0.048,0.0,0.003882882,-0.0146903,0.0,0.03650899,-0.049463846,0.19370373,0.010451498,-0.004513641,0.010098342,"[-0.16711431056981774, 1.4600769551040125, 0.0, 0.0, 0.0, 0.0, -0.3705098630841325, 2.8106024474992544]","[0.03790305984790734, 0.0355862130203818, 0.0]","{""Controller Type"": ""MPC Controller"", ""weight_comfort"": 478.97125522118876, ""weight_trajectory"": 3126.1724686728676, ""weight_goal"": 1000.0, ""Q"": [[3126.1724686728676, 0.0, 0.0, 0.0], [0.0, 0.0, 0.0, 0.0], [0.0, 0.0, 3126.1724686728676, 0.0], [0.0, 0.0, 0.0, 0.0]], ""R"": [[478.97125522118876, 0.0], [0.0, 478.97125522118876]], ""P"": [[1000.0, 0.0, 0.0, 0.0], [0.0, 100000.0, 0.0, 0.0], [0.0, 0.0, 1000.0, 0.0], [0.0, 0.0, 0.0, 100000.0]]}","[1.6621473508651332, 2.0378223466557612, 0.0]",False
3,P21,09ce0dcc-884e-4c47-9efa-46e431e4bea2,24,1,haply,mpc,seeded_random,2698308921,persist_session,10.0,59.969503698348994,1626.039714226,0,1786366627.4613736,894.0,True,normal,adaptive,-0.064,-0.048,0.0,0.064,0.048,0.0,0.004286907,-0.01448068,0.0,0.036643665,-0.04948011,0.19380854,0.010321654,-0.004387997,0.009993489,"[-0.179786512263531, 1.4304474967798326, 0.0, 0.0, 0.0, 0.0, -0.39439233890210357, 2.7741701097627014]","[0.027079391547918788, 0.01738908222531801, 0.0]","{""Controller Type"": ""MPC Controller"", ""weight_comfort"": 478.97125522118876, ""weight_trajectory"": 3126.1724686728676, ""weight_goal"": 1000.0, ""Q"": [[3126.1724686728676, 0.0, 0.0, 0.0], [0.0, 0.0, 0.0, 0.0], [0.0, 0.0, 3126.1724686728676, 0.0], [0.0, 0.0, 0.0, 0.0]], ""R"": [[478.97125522118876, 0.0], [0.0, 478.97125522118876]], ""P"": [[1000.0, 0.0, 0.0, 0.0], [0.0, 100000.0, 0.0, 0.0], [0.0, 0.0, 1000.0, 0.0], [0.0, 0.0, 0.0, 100000.0]]}","[1.712760832204386, 2.0868778813346043, 0.0]",False
3,P21,09ce0dcc-884e-4c47-9efa-46e431e4bea2,24,1,haply,mpc,seeded_random,2698308921,persist_session,10.0,59.97936588287353,1626.049592775,0,1786366627.4714625,895.0,True,normal,adaptive,-0.064,-0.048,0.0,0.064,0.048,0.0,0.004619658,-0.01426824,0.0,0.036754582,-0.04950964,0.19391476,0.010289134,-0.0042307596,0.009914814,"[-0.18856011525189179, 1.587696085952407, 0.0, 0.0, 0.0, 0.0, -0.38587208728380196, 2.863545944493443]","[0.05213474832353386, 0.03521181908730418, 0.0]","{""Controller Type"": ""MPC Controller"", ""weight_comfort"": 477.6007893363426, ""weight_trajectory"": 3134.395263981944, ""weight_goal"": 1000.0, ""Q"": [[3134.395263981944, 0.0, 0.0, 0.0], [0.0, 0.0, 0.0, 0.0], [0.0, 0.0, 3134.395263981944, 0.0], [0.0, 0.0, 0.0, 0.0]], ""R"": [[477.6007893363426, 0.0], [0.0, 477.6007893363426]], ""P"": [[1000.0, 0.0, 0.0, 0.0], [0.0, 100000.0, 0.0, 0.0], [0.0, 0.0, 1000.0, 0.0], [0.0, 0.0, 0.0, 100000.0]]}","[1.5731578684265521, 2.028642796303779, 0.0]",False
3,P21,09ce0dcc-884e-4c47-9efa-46e431e4bea2,24,1,haply,mpc,seeded_random,2698308921,persist_session,10.0,59.98942285537719,1626.059642436,0,1786366627.4813676,896.0,True,normal,adaptive,-0.064,-0.048,0.0,0.064,0.048,0.0,0.004963953,-0.01408138,0.0,0.036869347,-0.04956546,0.19400819,0.010272476,-0.0041862144,0.009854087,"[-0.1927206688492772, 1.5275504878854342, 0.0, 0.0, 0.0, 0.0, -0.3859090722675864, 2.8630936976408803]","[0.03893758160754463, 0.036257603910277714, 0.0]","{""Controller Type"": ""MPC Controller"", ""weight_comfort"": 477.6007893363426, ""weight_trajectory"": 3134.395263981944, ""weight_goal"": 1000.0, ""Q"": [[3134.395263981944, 0.0, 0.0, 0.0], [0.0, 0.0, 0.0, 0.0], [0.0, 0.0, 3134.395263981944, 0.0], [0.0, 0.0, 0.0, 0.0]], ""R"": [[477.6007893363426, 0.0], [0.0, 477.6007893363426]], ""P"": [[1000.0, 0.0, 0.0, 0.0], [0.0, 100000.0, 0.0, 0.0], [0.0, 0.0, 1000.0, 0.0], [0.0, 0.0, 0.0, 100000.0]]}","[1.6286345512032945, 2.02150487808657, 0.0]",False
3,P21,09ce0dcc-884e-4c47-9efa-46e431e4bea2,24,1,haply,mpc,seeded_random,2698308921,persist_session,10.0,59.99936085700988,1626.069584675,0,1786366627.491479,897.0,True,normal,adaptive,-0.064,-0.048,0.0,0.064,0.048,0.0,0.005320641,-0.01385456,0.0,0.036988243,-0.049643304,0.1941216,0.010359479,-0.003993072,0.009893112,"[-0.19244603534115762, 1.540394982713544, 0.0, 0.0, 0.0, 0.0, -0.39175896835947815, 2.8288297507657565]","[0.04218190110684502, 0.029045018965727833, 0.0]","{""Controller Type"": ""MPC Controller"", ""weight_comfort"": 477.6007893363426, ""weight_trajectory"": 3134.395263981944, ""weight_goal"": 1000.0, ""Q"": [[3134.395263981944, 0.0, 0.0, 0.0], [0.0, 0.0, 0.0, 0.0], [0.0, 0.0, 3134.395263981944, 0.0], [0.0, 0.0, 0.0, 0.0]], ""R"": [[477.6007893363426, 0.0], [0.0, 477.6007893363426]], ""P"": [[1000.0, 0.0, 0.0, 0.0], [0.0, 100000.0, 0.0, 0.0], [0.0, 0.0, 1000.0, 0.0], [0.0, 0.0, 0.0, 100000.0]]}","[1.6000223269178513, 2.0360648786035576, 0.0]",False
3,P21,09ce0dcc-884e-4c47-9efa-46e431e4bea2,24,1,haply,mpc,seeded_random,2698308921,persist_session,10.0,60.009396371841426,1626.079614964,0,1786366627.501506,898.0,True,normal,adaptive,-0.064,-0.048,0.0,0.064,0.048,0.0,0.005739222,-0.01366844,0.0,0.03712777,-0.049685422,0.19421466,0.010529087,-0.0038695175,0.009988904,"[-0.1924410081890928, 1.54117388406062, 0.0, 0.0, 0.0, 0.0, -0.38910779498237424, 2.8945529795269973]","[0.04307423468673949, 0.040863265835045695, 0.0]","{""Controller Type"": ""MPC Controller"", ""weight_comfort"": 477.7472548422603, ""weight_trajectory"": 3133.516470946438, ""weight_goal"": 1000.0, ""Q"": [[3133.516470946438, 0.0, 0.0, 0.0], [0.0, 0.0, 0.0, 0.0], [0.0, 0.0, 3133.516470946438, 0.0], [0.0, 0.0, 0.0, 0.0]], ""R"": [[477.7472548422603, 0.0], [0.0, 477.7472548422603]], ""P"": [[1000.0, 0.0, 0.0, 0.0], [0.0, 100000.0, 0.0, 0.0], [0.0, 0.0, 1000.0, 0.0], [0.0, 0.0, 0.0, 100000.0]]}","[1.5829072722653152, 1.9952731980111515, 0.0]",False
3,P21,09ce0dcc-884e-4c47-9efa-46e431e4bea2,24,1,haply,mpc,seeded_random,2698308921,persist_session,10.0,60.0194349861145,1626.089655096,0,1786366627.5113611,899.0,True,normal,adaptive,-0.064,-0.048,0.0,0.064,0.048,0.0,0.006098352,-0.01343984,0.0,0.03724748,-0.049763277,0.19432896,0.01081204,-0.0039014572,0.010118294,"[-0.19948053607087235, 1.6209847265601447, 0.0, 0.0, 0.0, 0.0, -0.3989837458875471, 2.840258736994112]","[0.056047204752009076, 0.028116203717906005, 0.0]","{""Controller Type"": ""MPC Controller"", ""weight_comfort"": 477.7472548422603, ""weight_trajectory"": 3133.516470946438, ""weight_goal"": 1000.0, ""Q"": [[3133.516470946438, 0.0, 0.0, 0.0], [0.0, 0.0, 0.0, 0.0], [0.0, 0.0, 3133.516470946438, 0.0], [0.0, 0.0, 0.0, 0.0]], ""R"": [[477.7472548422603, 0.0], [0.0, 477.7472548422603]], ""P"": [[1000.0, 0.0, 0.0, 0.0], [0.0, 100000.0, 0.0, 0.0], [0.0, 0.0, 1000.0, 0.0], [0.0, 0.0, 0.0, 100000.0]]}","[1.5074716441823848, 2.025553269581968, 0.0]",False
3,P21,09ce0dcc-884e-4c47-9efa-46e431e4bea2,24,1,haply,mpc,seeded_random,2698308921,persist_session,10.0,60.02939706802368,1626.099618367,0,1786366627.5215063,900.0,True,normal,adaptive,-0.064,-0.048,0.0,0.064,0.048,0.0,0.006603552,-0.01321468,0.0,0.03741588,-0.049813602,0.19444154,0.011230343,-0.004478653,0.010105314,"[-0.19808728996071645, 1.559927337599451, 0.0, 0.0, 0.0, 0.0, -0.39702189573518115, 2.9369747956760186]","[0.04537479641350178, 0.04373225572329884, 0.0]","{""Controller Type"": ""MPC Controller"", ""weight_comfort"": 477.7472548422603, ""weight_trajectory"": 3133.516470946438, ""weight_goal"": 1000.0, ""Q"": [[3133.516470946438, 0.0, 0.0, 0.0], [0.0, 0.0, 0.0, 0.0], [0.0, 0.0, 3133.516470946438, 0.0], [0.0, 0.0, 0.0, 0.0]], ""R"": [[477.7472548422603, 0.0], [0.0, 477.7472548422603]], ""P"": [[1000.0, 0.0, 0.0, 0.0], [0.0, 100000.0, 0.0, 0.0], [0.0, 0.0, 1000.0, 0.0], [0.0, 0.0, 0.0, 100000.0]]}","[1.5446734980996053, 1.9747409889044873, 0.0]",False
3,P21,09ce0dcc-884e-4c47-9efa-46e431e4bea2,24,1,haply,mpc,seeded_random,2698308921,persist_session,10.0,60.03931265830993,1626.109537036,0,1786366627.5312974,901.0,True,normal,adaptive,-0.064,-0.048,0.0,0.064,0.048,0.0,0.007110312,-0.01298854,0.0,0.0375848,-0.04986375,0.19455461,0.01175441,-0.0049106944,0.010220423,"[-0.23277174107921444, 1.7872727354234255, 0.0, 0.0, 0.0, 0.0, -0.39817436375321924, 2.90832585974689]","[0.07563847609054557, 0.04017109492198804, 0.0]","{""Controller Type"": ""MPC Controller"", ""weight_comfort"": 476.5585042152213, ""weight_trajectory"": 3140.6489747086716, ""weight_goal"": 1000.0, ""Q"": [[3140.6489747086716, 0.0, 0.0, 0.0], [0.0, 0.0, 0.0, 0.0], [0.0, 0.0, 3140.6489747086716, 0.0], [0.0, 0.0, 0.0, 0.0]], ""R"": [[476.5585042152213, 0.0], [0.0, 476.5585042152213]], ""P"": [[1000.0, 0.0, 0.0, 0.0], [0.0, 100000.0, 0.0, 0.0], [0.0, 0.0, 1000.0, 0.0], [0.0, 0.0, 0.0, 100000.0]]}","[1.4020605854321502, 1.977374657718734, 0.0]",False
3,P21,09ce0dcc-884e-4c47-9efa-46e431e4bea2,24,1,haply,mpc,seeded_random,2698308921,persist_session,10.0,60.04944425582885,1626.119660652,0,1786366627.5413282,902.0,True,normal,adaptive,-0.064,-0.048,0.0,0.064,0.048,0.0,0.007631022,-0.0127213,0.0,0.03775837,-0.04993595,0.19468823,0.012357808,-0.0052278754,0.010415837,"[-0.23661953592351528, 1.8106350757336578, 0.0, 0.0, 0.0, 0.0, -0.397967189986968, 2.9193698598227797]","[0.08025414426803544, 0.043157141456725, 0.0]","{""Controller Type"": ""MPC Controller"", ""weight_comfort"": 476.5585042152213, ""weight_trajectory"": 3140.6489747086716, ""weight_goal"": 1000.0, ""Q"": [[3140.6489747086716, 0.0, 0.0, 0.0], [0.0, 0.0, 0.0, 0.0], [0.0, 0.0, 3140.6489747086716, 0.0], [0.0, 0.0, 0.0, 0.0]], ""R"": [[476.5585042152213, 0.0], [0.0, 476.5585042152213]], ""P"": [[1000.0, 0.0, 0.0, 0.0], [0.0, 100000.0, 0.0, 0.0], [0.0, 0.0, 1000.0, 0.0], [0.0, 0.0, 0.0, 100000.0]]}","[1.3673962194121987, 1.9647407593249047, 0.0]",False
3,P21,09ce0dcc-884e-4c47-9efa-46e431e4bea2,24,1,haply,mpc,seeded_random,2698308921,persist_session,10.0,60.05952960014343,1626.129751126,0,1786366627.551288,903.0,True,normal,adaptive,-0.064,-0.048,0.0,0.064,0.048,0.0,0.008141187,-0.0124931,0.0,0.037928425,-0.049985748,0.19480233,0.013052169,-0.005429427,0.010658743,"[-0.23450111898710266, 1.7979981376755647, 0.0, 0.0, 0.0, 0.0, -0.4011469244676402, 3.0078654949744856]","[0.08011799565523657, 0.055777645501055316, 0.0]","{""Controller Type"": ""MPC Controller"", ""weight_comfort"": 476.5585042152213, ""weight_trajectory"": 3140.6489747086716, ""weight_goal"": 1000.0, ""Q"": [[3140.6489747086716, 0.0, 0.0, 0.0], [0.0, 0.0, 0.0, 0.0], [0.0, 0.0, 3140.6489747086716, 0.0], [0.0, 0.0, 0.0, 0.0]], ""R"": [[476.5585042152213, 0.0], [0.0, 476.5585042152213]], ""P"": [[1000.0, 0.0, 0.0, 0.0], [0.0, 100000.0, 0.0, 0.0], [0.0, 0.0, 1000.0, 0.0], [0.0, 0.0, 0.0, 100000.0]]}","[1.3477250964412264, 1.9232427478247622, 0.0]",False
3,P21,09ce0dcc-884e-4c47-9efa-46e431e4bea2,24,1,haply,mpc,seeded_random,2698308921,persist_session,10.0,60.069441614150996,1626.139651401,0,1786366627.561299,904.0,True,normal,adaptive,-0.064,-0.048,0.0,0.064,0.048,0.0,0.008652918,-0.01226398,0.0,0.038099002,-0.05003531,0.19491689,0.01384823,-0.0054850094,0.010893844,"[-0.22983514008332773, 1.7699913557289024, 0.0, 0.0, 0.0, 0.0, -0.4029075708312713, 2.915979857300681]","[0.07782367280208642, 0.04243720032133907, 0.0]","{""Controller Type"": ""MPC Controller"", ""weight_comfort"": 476.629743053682, ""weight_trajectory"": 3140.221541677908, ""weight_goal"": 1000.0, ""Q"": [[3140.221541677908, 0.0, 0.0, 0.0], [0.0, 0.0, 0.0, 0.0], [0.0, 0.0, 3140.221541677908, 0.0], [0.0, 0.0, 0.0, 0.0]], ""R"": [[476.629743053682, 0.0], [0.0, 476.629743053682]], ""P"": [[1000.0, 0.0, 0.0, 0.0], [0.0, 100000.0, 0.0, 0.0], [0.0, 0.0, 1000.0, 0.0], [0.0, 0.0, 0.0, 100000.0]]}","[1.3361544969844155, 1.9512860160573602, 0.0]",False
3,P21,09ce0dcc-884e-4c47-9efa-46e431e4bea2,24,1,haply,mpc,seeded_random,2698308921,persist_session,10.0,60.07946401596069,1626.149681545,0,1786366627.57121,905.0,True,normal,adaptive,-0.064,-0.048,0.0,0.064,0.048,0.0,0.009093483,-0.01203156,0.0,0.038245857,-0.050098862,0.1950331,0.014432258,-0.005558298,0.011107992,"[-0.2270438935298072, 1.753410393159634, 0.0, 0.0, 0.0, 0.0, -0.40308352561422156, 2.906151148675639]","[0.07706301521323233, 0.0422214346854234, 0.0]","{""Controller Type"": ""MPC Controller"", ""weight_comfort"": 476.629743053682, ""weight_trajectory"": 3140.221541677908, ""weight_goal"": 1000.0, ""Q"": [[3140.221541677908, 0.0, 0.0, 0.0], [0.0, 0.0, 0.0, 0.0], [0.0, 0.0, 3140.221541677908, 0.0], [0.0, 0.0, 0.0, 0.0]], ""R"": [[476.629743053682, 0.0], [0.0, 476.629743053682]], ""P"": [[1000.0, 0.0, 0.0, 0.0], [0.0, 100000.0, 0.0, 0.0], [0.0, 0.0, 1000.0, 0.0], [0.0, 0.0, 0.0, 100000.0]]}","[1.3189696409753646, 1.9444978790401737, 0.0]",False
3,P21,09ce0dcc-884e-4c47-9efa-46e431e4bea2,24,1,haply,mpc,seeded_random,2698308921,persist_session,10.0,60.08959561347961,1626.159780967,0,1786366627.581359,906.0,True,normal,adaptive,-0.064,-0.048,0.0,0.064,0.048,0.0,0.009509352,-0.01187986,0.0,0.03838448,-0.05011753,0.19510895,0.014814882,-0.0055327374,0.011191304,"[-0.21248761258470544, 1.6425466098027917, 0.0, 0.0, 0.0, 0.0, -0.4030675572217834, 2.9091361050003646]","[0.061349042686738936, 0.04402576262844975, 0.0]","{""Controller Type"": ""MPC Controller"", ""weight_comfort"": 476.629743053682, ""weight_trajectory"": 3140.221541677908, ""weight_goal"": 1000.0, ""Q"": [[3140.221541677908, 0.0, 0.0, 0.0], [0.0, 0.0, 0.0, 0.0], [0.0, 0.0, 3140.221541677908, 0.0], [0.0, 0.0, 0.0, 0.0]], ""R"": [[476.629743053682, 0.0], [0.0, 476.629743053682]], ""P"": [[1000.0, 0.0, 0.0, 0.0], [0.0, 100000.0, 0.0, 0.0], [0.0, 0.0, 1000.0, 0.0], [0.0, 0.0, 0.0, 100000.0]]}","[1.3658785672448233, 1.9319072651049585, 0.0]",False
3,P21,09ce0dcc-884e-4c47-9efa-46e431e4bea2,24,1,haply,mpc,seeded_random,2698308921,persist_session,10.0,60.0998051738739,1626.170003301,0,1786366627.5912223,907.0,True,normal,adaptive,-0.064,-0.048,0.0,0.064,0.048,0.0,0.009853173,-0.01172552,0.0,0.038499087,-0.050150257,0.19518612,0.015028387,-0.0054177833,0.011151344,"[-0.2070219068361996, 1.5904318178497885, 0.0, 0.0, 0.0, 0.0, -0.43364402973346083, 2.859261736741369]","[0.05388932337762456, 0.016771648817238683, 0.0]","{""Controller Type"": ""MPC Controller"", ""weight_comfort"": 478.1068331967255, ""weight_trajectory"": 3131.359000819647, ""weight_goal"": 1000.0, ""Q"": [[3131.359000819647, 0.0, 0.0, 0.0], [0.0, 0.0, 0.0, 0.0], [0.0, 0.0, 3131.359000819647, 0.0], [0.0, 0.0, 0.0, 0.0]], ""R"": [[478.1068331967255, 0.0], [0.0, 478.1068331967255]], ""P"": [[1000.0, 0.0, 0.0, 0.0], [0.0, 100000.0, 0.0, 0.0], [0.0, 0.0, 1000.0, 0.0], [0.0, 0.0, 0.0, 100000.0]]}","[1.3835451467712632, 2.007216578861924, 0.0]",False
3,P21,09ce0dcc-884e-4c47-9efa-46e431e4bea2,24,1,haply,mpc,seeded_random,2698308921,persist_session,10.0,60.10935979843139,1626.179578558,0,1786366627.6013093,908.0,True,normal,adaptive,-0.064,-0.048,0.0,0.064,0.048,0.0,0.010197714,-0.01157066,0.0,0.038613934,-0.0501829,0.19526355,0.015094154,-0.0051037557,0.010900716,"[-0.20516235711559344, 1.5261788423517704, 0.0, 0.0, 0.0, 0.0, -0.4319490676396261, 2.863064137737144]","[0.04209118028244503, 0.01900223035288158, 0.0]","{""Controller Type"": ""MPC Controller"", ""weight_comfort"": 478.1068331967255, ""weight_trajectory"": 3131.359000819647, ""weight_goal"": 1000.0, ""Q"": [[3131.359000819647, 0.0, 0.0, 0.0], [0.0, 0.0, 0.0, 0.0], [0.0, 0.0, 3131.359000819647, 0.0], [0.0, 0.0, 0.0, 0.0]], ""R"": [[478.1068331967255, 0.0], [0.0, 478.1068331967255]], ""P"": [[1000.0, 0.0, 0.0, 0.0], [0.0, 100000.0, 0.0, 0.0], [0.0, 0.0, 1000.0, 0.0], [0.0, 0.0, 0.0, 100000.0]]}","[1.426678296368385, 1.9928122189744566, 0.0]",False
3,P21,09ce0dcc-884e-4c47-9efa-46e431e4bea2,24,1,haply,mpc,seeded_random,2698308921,persist_session,10.0,60.119458732604976,1626.189679032,0,1786366627.611283,909.0,True,normal,adaptive,-0.064,-0.048,0.0,0.064,0.048,0.0,0.010469982,-0.01141318,0.0,0.03870469,-0.05022976,0.19534229,0.014737389,-0.0045624627,0.0102868825,"[-0.20495335222445002, 1.51587079215808, 0.0, 0.0, 0.0, 0.0, -0.4335346300232651, 2.859863531645738]","[0.0407504727546084, 0.018079863926780612, 0.0]","{""Controller Type"": ""MPC Controller"", ""weight_comfort"": 478.1068331967255, ""weight_trajectory"": 3131.359000819647, ""weight_goal"": 1000.0, ""Q"": [[3131.359000819647, 0.0, 0.0, 0.0], [0.0, 0.0, 0.0, 0.0], [0.0, 0.0, 3131.359000819647, 0.0], [0.0, 0.0, 0.0, 0.0]], ""R"": [[478.1068331967255, 0.0], [0.0, 478.1068331967255]], ""P"": [[1000.0, 0.0, 0.0, 0.0], [0.0, 100000.0, 0.0, 0.0], [0.0, 0.0, 1000.0, 0.0], [0.0, 0.0, 0.0, 100000.0]]}","[1.4210840863699212, 1.9909289188933728, 0.0]",False
3,P21,09ce0dcc-884e-4c47-9efa-46e431e4bea2,24,1,haply,mpc,seeded_random,2698308921,persist_session,10.0,60.12942248344421,1626.19964618,0,1786366627.621347,910.0,True,normal,adaptive,-0.064,-0.048,0.0,0.064,0.048,0.0,0.01080234,-0.01129872,0.0,0.038815476,-0.05023978,0.19539952,0.014099818,-0.004205833,0.009710144,"[-0.21248602990068194, 1.4764455748173417, 0.0, 0.0, 0.0, 0.0, -0.43277126907629654, 2.8617373870085836]","[0.028930248907138384, 0.01947286902123368, 0.0]","{""Controller Type"": ""MPC Controller"", ""weight_comfort"": 478.8103319713718, ""weight_trajectory"": 3127.1380081717693, ""weight_goal"": 1000.0, ""Q"": [[3127.1380081717693, 0.0, 0.0, 0.0], [0.0, 0.0, 0.0, 0.0], [0.0, 0.0, 3127.1380081717693, 0.0], [0.0, 0.0, 0.0, 0.0]], ""R"": [[478.8103319713718, 0.0], [0.0, 478.8103319713718]], ""P"": [[1000.0, 0.0, 0.0, 0.0], [0.0, 100000.0, 0.0, 0.0], [0.0, 0.0, 1000.0, 0.0], [0.0, 0.0, 0.0, 100000.0]]}","[1.4757081557270766, 1.9817799179222695, 0.0]",False
3,P21,09ce0dcc-884e-4c47-9efa-46e431e4bea2,24,1,haply,mpc,seeded_random,2698308921,persist_session,10.0,60.139385519027705,1626.209605928,0,1786366627.6311457,911.0,True,normal,adaptive,-0.064,-0.048,0.0,0.064,0.048,0.0,0.011075826,-0.0111404,0.0,0.038906638,-0.050286576,0.19547868,0.013485442,-0.0039498718,0.009231702,"[-0.21275541405296333, 1.5230606862570628, 0.0, 0.0, 0.0, 0.0, -0.45467704125184183, 2.8673379920504285]","[0.038980708042553436, 0.005649442035028249, 0.0]","{""Controller Type"": ""MPC Controller"", ""weight_comfort"": 478.8103319713718, ""weight_trajectory"": 3127.1380081717693, ""weight_goal"": 1000.0, ""Q"": [[3127.1380081717693, 0.0, 0.0, 0.0], [0.0, 0.0, 0.0, 0.0], [0.0, 0.0, 3127.1380081717693, 0.0], [0.0, 0.0, 0.0, 0.0]], ""R"": [[478.8103319713718, 0.0], [0.0, 478.8103319713718]], ""P"": [[1000.0, 0.0, 0.0, 0.0], [0.0, 100000.0, 0.0, 0.0], [0.0, 0.0, 1000.0, 0.0], [0.0, 0.0, 0.0, 100000.0]]}","[1.4094411173798502, 2.018398740502952, 0.0]",False
3,P21,09ce0dcc-884e-4c47-9efa-46e431e4bea2,24,1,haply,mpc,seeded_random,2698308921,persist_session,10.0,60.149626073837275,1626.219836067,0,1786366627.641359,912.0,True,normal,adaptive,-0.064,-0.048,0.0,0.064,0.048,0.0,0.011349882,-0.01098164,0.0,0.03899799,-0.050333347,0.19555806,0.012847585,-0.0037873087,0.00882315,"[-0.21754744435127904, 1.4902762438913513, 0.0, 0.0, 0.0, 0.0, -0.4410151215228274, 2.9073220858922437]","[0.030081477945467037, 0.020893336053996223, 0.0]","{""Controller Type"": ""MPC Controller"", ""weight_comfort"": 478.8103319713718, ""weight_trajectory"": 3127.1380081717693, ""weight_goal"": 1000.0, ""Q"": [[3127.1380081717693, 0.0, 0.0, 0.0], [0.0, 0.0, 0.0, 0.0], [0.0, 0.0, 3127.1380081717693, 0.0], [0.0, 0.0, 0.0, 0.0]], ""R"": [[478.8103319713718, 0.0], [0.0, 478.8103319713718]], ""P"": [[1000.0, 0.0, 0.0, 0.0], [0.0, 100000.0, 0.0, 0.0], [0.0, 0.0, 1000.0, 0.0], [0.0, 0.0, 0.0, 100000.0]]}","[1.4477117193529587, 1.9686364410734718, 0.0]",False
3,P21,09ce0dcc-884e-4c47-9efa-46e431e4bea2,24,1,haply,mpc,seeded_random,2698308921,persist_session,10.0,60.159391460418696,1626.229612877,0,1786366627.6511953,913.0,True,normal,adaptive,-0.064,-0.048,0.0,0.064,0.048,0.0,0.011683842,-0.01086626,0.0,0.03910931,-0.05034313,0.19561575,0.012294707,-0.0036959753,0.008513655,"[-0.21893561055396868, 1.4830797698487619, 0.0, 0.0, 0.0, 0.0, -0.4435009617310803, 2.9015111064369155]","[0.028266709365820927, 0.018941505777044627, 0.0]","{""Controller Type"": ""MPC Controller"", ""weight_comfort"": 478.6607290344238, ""weight_trajectory"": 3128.0356257934573, ""weight_goal"": 1000.0, ""Q"": [[3128.0356257934573, 0.0, 0.0, 0.0], [0.0, 0.0, 0.0, 0.0], [0.0, 0.0, 3128.0356257934573, 0.0], [0.0, 0.0, 0.0, 0.0]], ""R"": [[478.6607290344238, 0.0], [0.0, 478.6607290344238]], ""P"": [[1000.0, 0.0, 0.0, 0.0], [0.0, 100000.0, 0.0, 0.0], [0.0, 0.0, 1000.0, 0.0], [0.0, 0.0, 0.0, 100000.0]]}","[1.4482900914568737, 1.969262100271387, 0.0]",False
3,P21,09ce0dcc-884e-4c47-9efa-46e431e4bea2,24,1,haply,mpc,seeded_random,2698308921,persist_session,10.0,60.16954141616821,1626.239758103,0,1786366627.661365,914.0,True,normal,adaptive,-0.064,-0.048,0.0,0.064,0.048,0.0,0.012032211,-0.0107091,0.0,0.039225433,-0.050375246,0.19569433,0.011848033,-0.0036484194,0.00828858,"[-0.22118451420563282, 1.547681737844664, 0.0, 0.0, 0.0, 0.0, -0.4620271188154034, 2.9030735206721148]","[0.04097686711542392, 0.006856485592023901, 0.0]","{""Controller Type"": ""MPC Controller"", ""weight_comfort"": 478.6607290344238, ""weight_trajectory"": 3128.0356257934573, ""weight_goal"": 1000.0, ""Q"": [[3128.0356257934573, 0.0, 0.0, 0.0], [0.0, 0.0, 0.0, 0.0], [0.0, 0.0, 3128.0356257934573, 0.0], [0.0, 0.0, 0.0, 0.0]], ""R"": [[478.6607290344238, 0.0], [0.0, 478.6607290344238]], ""P"": [[1000.0, 0.0, 0.0, 0.0], [0.0, 100000.0, 0.0, 0.0], [0.0, 0.0, 1000.0, 0.0], [0.0, 0.0, 0.0, 100000.0]]}","[1.3700666811037687, 2.0020770123744986, 0.0]",False
3,P21,09ce0dcc-884e-4c47-9efa-46e431e4bea2,24,1,haply,mpc,seeded_random,2698308921,persist_session,10.0,60.179429588317866,1626.249638833,0,1786366627.6711285,915.0,True,normal,adaptive,-0.064,-0.048,0.0,0.064,0.048,0.0,0.012322302,-0.01050728,0.0,0.03932213,-0.050444517,0.19579524,0.011529755,-0.0036274267,0.00814434,"[-0.22113460782162328, 1.5465454800529446, 0.0, 0.0, 0.0, 0.0, -0.4511834017398617, 2.92833932336566]","[0.04148570827258752, 0.018765053990662688, 0.0]","{""Controller Type"": ""MPC Controller"", ""weight_comfort"": 478.6607290344238, ""weight_trajectory"": 3128.0356257934573, ""weight_goal"": 1000.0, ""Q"": [[3128.0356257934573, 0.0, 0.0, 0.0], [0.0, 0.0, 0.0, 0.0], [0.0, 0.0, 3128.0356257934573, 0.0], [0.0, 0.0, 0.0, 0.0]], ""R"": [[478.6607290344238, 0.0], [0.0, 478.6607290344238]], ""P"": [[1000.0, 0.0, 0.0, 0.0], [0.0, 100000.0, 0.0, 0.0], [0.0, 0.0, 1000.0, 0.0], [0.0, 0.0, 0.0, 100000.0]]}","[1.3549701408028625, 1.9625938861837275, 0.0]",False
3,P21,09ce0dcc-884e-4c47-9efa-46e431e4bea2,24,1,haply,mpc,seeded_random,2698308921,persist_session,10.0,60.1893659210205,1626.259587946,0,1786366627.6811905,916.0,True,normal,adaptive,-0.064,-0.048,0.0,0.064,0.048,0.0,0.012686502,-0.01030714,0.0,0.03944353,-0.050499164,0.19589531,0.0113042565,-0.003652898,0.008080777,"[-0.2230806082745458, 1.5109271580591783, 0.0, 0.0, 0.0, 0.0, -0.4465946641798997, 3.018048795531781]","[0.0333652403404049, 0.03625829927051612, 0.0]","{""Controller Type"": ""MPC Controller"", ""weight_comfort"": 477.8487088218626, ""weight_trajectory"": 3132.9077470688244, ""weight_goal"": 1000.0, ""Q"": [[3132.9077470688244, 0.0, 0.0, 0.0], [0.0, 0.0, 0.0, 0.0], [0.0, 0.0, 3132.9077470688244, 0.0], [0.0, 0.0, 0.0, 0.0]], ""R"": [[477.8487088218626, 0.0], [0.0, 477.8487088218626]], ""P"": [[1000.0, 0.0, 0.0, 0.0], [0.0, 100000.0, 0.0, 0.0], [0.0, 0.0, 1000.0, 0.0], [0.0, 0.0, 0.0, 100000.0]]}","[1.3874858717163299, 1.907120333044955, 0.0]",False
3,P21,09ce0dcc-884e-4c47-9efa-46e431e4bea2,24,1,haply,mpc,seeded_random,2698308921,persist_session,10.0,60.19948774337768,1626.269707624,0,1786366627.6911323,917.0,True,normal,adaptive,-0.064,-0.048,0.0,0.064,0.048,0.0,0.012978327,-0.01010384,0.0,0.039540805,-0.05056847,0.19599696,0.011149794,-0.0036881494,0.008057679,"[-0.22824888577403618, 1.5759869770932529, 0.0, 0.0, 0.0, 0.0, -0.44793971756368695, 2.9997740960265404]","[0.04533029132678808, 0.033548165182239874, 0.0]","{""Controller Type"": ""MPC Controller"", ""weight_comfort"": 477.8487088218626, ""weight_trajectory"": 3132.9077470688244, ""weight_goal"": 1000.0, ""Q"": [[3132.9077470688244, 0.0, 0.0, 0.0], [0.0, 0.0, 0.0, 0.0], [0.0, 0.0, 3132.9077470688244, 0.0], [0.0, 0.0, 0.0, 0.0]], ""R"": [[477.8487088218626, 0.0], [0.0, 477.8487088218626]], ""P"": [[1000.0, 0.0, 0.0, 0.0], [0.0, 100000.0, 0.0, 0.0], [0.0, 0.0, 1000.0, 0.0], [0.0, 0.0, 0.0, 100000.0]]}","[1.3152555549158211, 1.909781812068994, 0.0]",False
3,P21,09ce0dcc-884e-4c47-9efa-46e431e4bea2,24,1,haply,mpc,seeded_random,2698308921,persist_session,10.0,60.20936780929565,1626.279586732,0,1786366627.7012691,918.0,True,normal,adaptive,-0.064,-0.048,0.0,0.064,0.048,0.0,0.013270977,-0.0099,0.0,0.039638355,-0.05063775,0.19609888,0.01104774,-0.0039252955,0.008227488,"[-0.2310205247268162, 1.5252891454535076, 0.0, 0.0, 0.0, 0.0, -0.44774442222043725, 3.003428629464057]","[0.03298412453624478, 0.03539990787939088, 0.0]","{""Controller Type"": ""MPC Controller"", ""weight_comfort"": 477.8487088218626, ""weight_trajectory"": 3132.9077470688244, ""weight_goal"": 1000.0, ""Q"": [[3132.9077470688244, 0.0, 0.0, 0.0], [0.0, 0.0, 0.0, 0.0], [0.0, 0.0, 3132.9077470688244, 0.0], [0.0, 0.0, 0.0, 0.0]], ""R"": [[477.8487088218626, 0.0], [0.0, 477.8487088218626]], ""P"": [[1000.0, 0.0, 0.0, 0.0], [0.0, 100000.0, 0.0, 0.0], [0.0, 0.0, 1000.0, 0.0], [0.0, 0.0, 0.0, 100000.0]]}","[1.36921039627165, 1.8977595544118422, 0.0]",False
3,P21,09ce0dcc-884e-4c47-9efa-46e431e4bea2,24,1,haply,mpc,seeded_random,2698308921,persist_session,10.0,60.219461259841914,1626.289678209,0,1786366627.711388,919.0,True,normal,adaptive,-0.064,-0.048,0.0,0.064,0.048,0.0,0.013564452,-0.00969536,0.0,0.03973618,-0.050707135,0.1962012,0.010956641,-0.004339349,0.008550679,"[-0.23137140263703948, 1.519867375280363, 0.0, 0.0, 0.0, 0.0, -0.4484523445152738, 2.991959888190655]","[0.03214226057466231, 0.034200823204745226, 0.0]","{""Controller Type"": ""MPC Controller"", ""weight_comfort"": 478.0277145228162, ""weight_trajectory"": 3131.833712863103, ""weight_goal"": 1000.0, ""Q"": [[3131.833712863103, 0.0, 0.0, 0.0], [0.0, 0.0, 0.0, 0.0], [0.0, 0.0, 3131.833712863103, 0.0], [0.0, 0.0, 0.0, 0.0]], ""R"": [[478.0277145228162, 0.0], [0.0, 478.0277145228162]], ""P"": [[1000.0, 0.0, 0.0, 0.0], [0.0, 100000.0, 0.0, 0.0], [0.0, 0.0, 1000.0, 0.0], [0.0, 0.0, 0.0, 100000.0]]}","[1.3637135633166595, 1.8941040836105723, 0.0]",False
3,P21,09ce0dcc-884e-4c47-9efa-46e431e4bea2,24,1,haply,mpc,seeded_random,2698308921,persist_session,10.0,60.22936898231506,1626.299595506,0,1786366627.7215457,920.0,True,normal,adaptive,-0.064,-0.048,0.0,0.064,0.048,0.0,0.013873503,-0.00944752,0.0,0.039839197,-0.050799225,0.19632512,0.010914018,-0.0048081204,0.008941841,"[-0.2314451226767284, 1.51852834381364, 0.0, 0.0, 0.0, 0.0, -0.4486761848154786, 2.987954821246216]","[0.03236803027102808, 0.03454012980067423, 0.0]","{""Controller Type"": ""MPC Controller"", ""weight_comfort"": 478.0277145228162, ""weight_trajectory"": 3131.833712863103, ""weight_goal"": 1000.0, ""Q"": [[3131.833712863103, 0.0, 0.0, 0.0], [0.0, 0.0, 0.0, 0.0], [0.0, 0.0, 3131.833712863103, 0.0], [0.0, 0.0, 0.0, 0.0]], ""R"": [[478.0277145228162, 0.0], [0.0, 478.0277145228162]], ""P"": [[1000.0, 0.0, 0.0, 0.0], [0.0, 100000.0, 0.0, 0.0], [0.0, 0.0, 1000.0, 0.0], [0.0, 0.0, 0.0, 100000.0]]}","[1.3522375970066909, 1.8858090185257077, 0.0]",False
3,P21,09ce0dcc-884e-4c47-9efa-46e431e4bea2,24,1,haply,mpc,seeded_random,2698308921,persist_session,10.0,60.23936015129089,1626.309580705,0,1786366627.7315269,921.0,True,normal,adaptive,-0.064,-0.048,0.0,0.064,0.048,0.0,0.014168742,-0.00924132,0.0,0.03993761,-0.050868664,0.19642822,0.010886433,-0.005232748,0.009304374,"[-0.2313627663241809, 1.526715140463168, 0.0, 0.0, 0.0, 0.0, -0.45165709352383987, 3.0812678914773177]","[0.034853875896175605, 0.04923481639240153, 0.0]","{""Controller Type"": ""MPC Controller"", ""weight_comfort"": 478.0277145228162, ""weight_trajectory"": 3131.833712863103, ""weight_goal"": 1000.0, ""Q"": [[3131.833712863103, 0.0, 0.0, 0.0], [0.0, 0.0, 0.0, 0.0], [0.0, 0.0, 3131.833712863103, 0.0], [0.0, 0.0, 0.0, 0.0]], ""R"": [[478.0277145228162, 0.0], [0.0, 478.0277145228162]], ""P"": [[1000.0, 0.0, 0.0, 0.0], [0.0, 100000.0, 0.0, 0.0], [0.0, 0.0, 1000.0, 0.0], [0.0, 0.0, 0.0, 100000.0]]}","[1.3285285223243757, 1.8382934422050519, 0.0]",False
3,P21,09ce0dcc-884e-4c47-9efa-46e431e4bea2,24,1,haply,mpc,seeded_random,2698308921,persist_session,10.0,60.24935823440551,1626.319580649,0,1786366627.7412877,922.0,True,normal,adaptive,-0.064,-0.048,0.0,0.064,0.048,0.0,0.014479851,-0.00899138,0.0,0.040041313,-0.050961006,0.19655319,0.01088791,-0.00561292,0.009643627,"[-0.23160237621422897, 1.5180390636742758, 0.0, 0.0, 0.0, 0.0, -0.45456731361752867, 3.0067532761670406]","[0.03336201377413811, 0.03609627522044653, 0.0]","{""Controller Type"": ""MPC Controller"", ""weight_comfort"": 477.99751863469027, ""weight_trajectory"": 3132.014888191858, ""weight_goal"": 1000.0, ""Q"": [[3132.014888191858, 0.0, 0.0, 0.0], [0.0, 0.0, 0.0, 0.0], [0.0, 0.0, 3132.014888191858, 0.0], [0.0, 0.0, 0.0, 0.0]], ""R"": [[477.99751863469027, 0.0], [0.0, 477.99751863469027]], ""P"": [[1000.0, 0.0, 0.0, 0.0], [0.0, 100000.0, 0.0, 0.0], [0.0, 0.0, 1000.0, 0.0], [0.0, 0.0, 0.0, 100000.0]]}","[1.3263476013819337, 1.8663313477843964, 0.0]",False
3,P21,09ce0dcc-884e-4c47-9efa-46e431e4bea2,24,1,haply,mpc,seeded_random,2698308921,persist_session,10.0,60.25958281517028,1626.329791919,0,1786366627.751372,923.0,True,normal,adaptive,-0.064,-0.048,0.0,0.064,0.048,0.0,0.014807103,-0.00869742,0.0,0.040150397,-0.051076256,0.19670017,0.0109355785,-0.006119738,0.010114542,"[-0.23212463020215862, 1.535202661979699, 0.0, 0.0, 0.0, 0.0, -0.4609208205148595, 3.1346616090564994]","[0.03743685953279921, 0.053998757202384506, 0.0]","{""Controller Type"": ""MPC Controller"", ""weight_comfort"": 477.99751863469027, ""weight_trajectory"": 3132.014888191858, ""weight_goal"": 1000.0, ""Q"": [[3132.014888191858, 0.0, 0.0, 0.0], [0.0, 0.0, 0.0, 0.0], [0.0, 0.0, 3132.014888191858, 0.0], [0.0, 0.0, 0.0, 0.0]], ""R"": [[477.99751863469027, 0.0], [0.0, 477.99751863469027]], ""P"": [[1000.0, 0.0, 0.0, 0.0], [0.0, 100000.0, 0.0, 0.0], [0.0, 0.0, 1000.0, 0.0], [0.0, 0.0, 0.0, 100000.0]]}","[1.2944758690720424, 1.8115971902713421, 0.0]",False
3,P21,09ce0dcc-884e-4c47-9efa-46e431e4bea2,24,1,haply,mpc,seeded_random,2698308921,persist_session,10.0,60.269435462951655,1626.339652099,0,1786366627.7612066,924.0,True,normal,adaptive,-0.064,-0.048,0.0,0.064,0.048,0.0,0.015135672,-0.00840192,0.0,0.04025992,-0.051191732,0.19684792,0.010963482,-0.0067122066,0.010649245,"[-0.2322021730658252, 1.536914219848127, 0.0, 0.0, 0.0, 0.0, -0.4692187623605174, 3.235090120369823]","[0.038452229937934915, 0.06769938788531552, 0.0]","{""Controller Type"": ""MPC Controller"", ""weight_comfort"": 477.99751863469027, ""weight_trajectory"": 3132.014888191858, ""weight_goal"": 1000.0, ""Q"": [[3132.014888191858, 0.0, 0.0, 0.0], [0.0, 0.0, 0.0, 0.0], [0.0, 0.0, 3132.014888191858, 0.0], [0.0, 0.0, 0.0, 0.0]], ""R"": [[477.99751863469027, 0.0], [0.0, 477.99751863469027]], ""P"": [[1000.0, 0.0, 0.0, 0.0], [0.0, 100000.0, 0.0, 0.0], [0.0, 0.0, 1000.0, 0.0], [0.0, 0.0, 0.0, 100000.0]]}","[1.2781859074127042, 1.7682323982197348, 0.0]",False
3,P21,09ce0dcc-884e-4c47-9efa-46e431e4bea2,24,1,haply,mpc,seeded_random,2698308921,persist_session,10.0,60.27943831443786,1626.349636454,0,1786366627.7713585,925.0,True,normal,adaptive,-0.064,-0.048,0.0,0.064,0.048,0.0,0.015465561,-0.00810506,0.0,0.040369883,-0.05130733,0.19699635,0.011023598,-0.007346445,0.011237089,"[-0.2325621213677065, 1.542441875287888, 0.0, 0.0, 0.0, 0.0, -0.4698938668515275, 3.2426143281458164]","[0.04016858671399067, 0.07092855545783668, 0.0]","{""Controller Type"": ""MPC Controller"", ""weight_comfort"": 476.55808269104205, ""weight_trajectory"": 3140.6515038537477, ""weight_goal"": 1000.0, ""Q"": [[3140.6515038537477, 0.0, 0.0, 0.0], [0.0, 0.0, 0.0, 0.0], [0.0, 0.0, 3140.6515038537477, 0.0], [0.0, 0.0, 0.0, 0.0]], ""R"": [[476.55808269104205, 0.0], [0.0, 476.55808269104205]], ""P"": [[1000.0, 0.0, 0.0, 0.0], [0.0, 100000.0, 0.0, 0.0], [0.0, 0.0, 1000.0, 0.0], [0.0, 0.0, 0.0, 100000.0]]}","[1.258302054173634, 1.7495352635406667, 0.0]",False
3,P21,09ce0dcc-884e-4c47-9efa-46e431e4bea2,24,1,haply,mpc,seeded_random,2698308921,persist_session,10.0,60.28950482368469,1626.359719915,0,1786366627.7813652,926.0,True,normal,adaptive,-0.064,-0.048,0.0,0.064,0.048,0.0,0.015781326,-0.00785038,0.0,0.040475138,-0.05140017,0.19712369,0.011084824,-0.008045016,0.011882921,"[-0.2319283216628946, 1.5306500567040826, 0.0, 0.0, 0.0, 0.0, -0.46548326559328146, 3.1909593869594444]","[0.0384837653297887, 0.06719601390265573, 0.0]","{""Controller Type"": ""MPC Controller"", ""weight_comfort"": 476.55808269104205, ""weight_trajectory"": 3140.6515038537477, ""weight_goal"": 1000.0, ""Q"": [[3140.6515038537477, 0.0, 0.0, 0.0], [0.0, 0.0, 0.0, 0.0], [0.0, 0.0, 3140.6515038537477, 0.0], [0.0, 0.0, 0.0, 0.0]], ""R"": [[476.55808269104205, 0.0], [0.0, 476.55808269104205]], ""P"": [[1000.0, 0.0, 0.0, 0.0], [0.0, 100000.0, 0.0, 0.0], [0.0, 0.0, 1000.0, 0.0], [0.0, 0.0, 0.0, 100000.0]]}","[1.2574909437278927, 1.7495571891592705, 0.0]",False
3,P21,09ce0dcc-884e-4c47-9efa-46e431e4bea2,24,1,haply,mpc,seeded_random,2698308921,persist_session,10.0,60.299464998245234,1626.369682685,0,1786366627.791368,927.0,True,normal,adaptive,-0.064,-0.048,0.0,0.064,0.048,0.0,0.016098132,-0.0075947,0.0,0.04058074,-0.051493064,0.19725153,0.0111157205,-0.008586418,0.01238272,"[-0.23146816684916185, 1.5192765074599506, 0.0, 0.0, 0.0, 0.0, -0.4592141622821476, 3.072108858247742]","[0.03677924566646194, 0.052539198281414276, 0.0]","{""Controller Type"": ""MPC Controller"", ""weight_comfort"": 476.55808269104205, ""weight_trajectory"": 3140.6515038537477, ""weight_goal"": 1000.0, ""Q"": [[3140.6515038537477, 0.0, 0.0, 0.0], [0.0, 0.0, 0.0, 0.0], [0.0, 0.0, 3140.6515038537477, 0.0], [0.0, 0.0, 0.0, 0.0]], ""R"": [[476.55808269104205, 0.0], [0.0, 476.55808269104205]], ""P"": [[1000.0, 0.0, 0.0, 0.0], [0.0, 100000.0, 0.0, 0.0], [0.0, 0.0, 1000.0, 0.0], [0.0, 0.0, 0.0, 100000.0]]}","[1.2556455391793098, 1.7762581601604268, 0.0]",False
3,P21,09ce0dcc-884e-4c47-9efa-46e431e4bea2,24,1,haply,mpc,seeded_random,2698308921,persist_session,10.0,60.3095059967041,1626.379724978,0,1786366627.8014412,928.0,True,normal,adaptive,-0.064,-0.048,0.0,0.064,0.048,0.0,0.01647501,-0.00738436,0.0,0.040706366,-0.051547885,0.1973567,0.011122422,-0.00891566,0.01269175,"[-0.23136452378801955, 1.5170508285103255, 0.0, 0.0, 0.0, 0.0, -0.458574700039116, 3.0605437447547765]","[0.036964586955242705, 0.052735352505610913, 0.0]","{""Controller Type"": ""MPC Controller"", ""weight_comfort"": 477.70897673911287, ""weight_trajectory"": 3133.746139565322, ""weight_goal"": 1000.0, ""Q"": [[3133.746139565322, 0.0, 0.0, 0.0], [0.0, 0.0, 0.0, 0.0], [0.0, 0.0, 3133.746139565322, 0.0], [0.0, 0.0, 0.0, 0.0]], ""R"": [[477.70897673911287, 0.0], [0.0, 477.70897673911287]], ""P"": [[1000.0, 0.0, 0.0, 0.0], [0.0, 100000.0, 0.0, 0.0], [0.0, 0.0, 1000.0, 0.0], [0.0, 0.0, 0.0, 100000.0]]}","[1.243869676834344, 1.7664329889188275, 0.0]",False
3,P21,09ce0dcc-884e-4c47-9efa-46e431e4bea2,24,1,haply,mpc,seeded_random,2698308921,persist_session,10.0,60.31940108299255,1626.389621627,0,1786366627.811363,929.0,True,normal,adaptive,-0.064,-0.048,0.0,0.064,0.048,0.0,0.016778178,-0.00717086,0.0,0.040807422,-0.051617824,0.19746345,0.011127722,-0.009051421,0.012835075,"[-0.23939504337999576, 1.580221378798353, 0.0, 0.0, 0.0, 0.0, -0.460514918663467, 2.968421672447459]","[0.047745133291579506, 0.036478826615342144, 0.0]","{""Controller Type"": ""MPC Controller"", ""weight_comfort"": 477.70897673911287, ""weight_trajectory"": 3133.746139565322, ""weight_goal"": 1000.0, ""Q"": [[3133.746139565322, 0.0, 0.0, 0.0], [0.0, 0.0, 0.0, 0.0], [0.0, 0.0, 3133.746139565322, 0.0], [0.0, 0.0, 0.0, 0.0]], ""R"": [[477.70897673911287, 0.0], [0.0, 477.70897673911287]], ""P"": [[1000.0, 0.0, 0.0, 0.0], [0.0, 100000.0, 0.0, 0.0], [0.0, 0.0, 1000.0, 0.0], [0.0, 0.0, 0.0, 100000.0]]}","[1.175818786172523, 1.8011460987886312, 0.0]",False
3,P21,09ce0dcc-884e-4c47-9efa-46e431e4bea2,24,1,haply,mpc,seeded_random,2698308921,persist_session,10.0,60.32938390731811,1626.399606762,0,1786366627.8213894,930.0,True,normal,adaptive,-0.064,-0.048,0.0,0.064,0.048,0.0,0.017141022,-0.0070033,0.0,0.04092837,-0.051649496,0.19754723,0.011072438,-0.008809202,0.012628847,"[-0.23740875623819513, 1.5202012309185866, 0.0, 0.0, 0.0, 0.0, -0.4604929543824423, 2.9734674327043624]","[0.03524005925704248, 0.038578161186453394, 0.0]","{""Controller Type"": ""MPC Controller"", ""weight_comfort"": 477.70897673911287, ""weight_trajectory"": 3133.746139565322, ""weight_goal"": 1000.0, ""Q"": [[3133.746139565322, 0.0, 0.0, 0.0], [0.0, 0.0, 0.0, 0.0], [0.0, 0.0, 3133.746139565322, 0.0], [0.0, 0.0, 0.0, 0.0]], ""R"": [[477.70897673911287, 0.0], [0.0, 477.70897673911287]], ""P"": [[1000.0, 0.0, 0.0, 0.0], [0.0, 100000.0, 0.0, 0.0], [0.0, 0.0, 1000.0, 0.0], [0.0, 0.0, 0.0, 100000.0]]}","[1.2295499642029877, 1.7880293413547543, 0.0]",False
3,P21,09ce0dcc-884e-4c47-9efa-46e431e4bea2,24,1,haply,mpc,seeded_random,2698308921,persist_session,10.0,60.33936482429504,1626.409583441,0,1786366627.8314545,931.0,True,normal,adaptive,-0.064,-0.048,0.0,0.064,0.048,0.0,0.017504634,-0.00683532,0.0,0.041049574,-0.051681034,0.19763122,0.010987236,-0.008257871,0.012144712,"[-0.24453054708146982, 1.5794766851917958, 0.0, 0.0, 0.0, 0.0, -0.47085079048242495, 2.9223924822482505]","[0.04570069820516233, 0.022940059506895902, 0.0]","{""Controller Type"": ""MPC Controller"", ""weight_comfort"": 478.354145027089, ""weight_trajectory"": 3129.8751298374664, ""weight_goal"": 1000.0, ""Q"": [[3129.8751298374664, 0.0, 0.0, 0.0], [0.0, 0.0, 0.0, 0.0], [0.0, 0.0, 3129.8751298374664, 0.0], [0.0, 0.0, 0.0, 0.0]], ""R"": [[478.354145027089, 0.0], [0.0, 478.354145027089]], ""P"": [[1000.0, 0.0, 0.0, 0.0], [0.0, 100000.0, 0.0, 0.0], [0.0, 0.0, 1000.0, 0.0], [0.0, 0.0, 0.0, 100000.0]]}","[1.1641401258546085, 1.8278715121927953, 0.0]",False
3,P21,09ce0dcc-884e-4c47-9efa-46e431e4bea2,24,1,haply,mpc,seeded_random,2698308921,persist_session,10.0,60.34931140899658,1626.419537858,0,1786366627.8415575,932.0,True,normal,adaptive,-0.064,-0.048,0.0,0.064,0.048,0.0,0.017885217,-0.00662234,0.0,0.041176435,-0.05173558,0.19773771,0.010987696,-0.0076497216,0.011652507,"[-0.24380382414445184, 1.5735425950676003, 0.0, 0.0, 0.0, 0.0, -0.47136218495088233, 2.919841362720624]","[0.04551154929531523, 0.022884222253660713, 0.0]","{""Controller Type"": ""MPC Controller"", ""weight_comfort"": 478.354145027089, ""weight_trajectory"": 3129.8751298374664, ""weight_goal"": 1000.0, ""Q"": [[3129.8751298374664, 0.0, 0.0, 0.0], [0.0, 0.0, 0.0, 0.0], [0.0, 0.0, 3129.8751298374664, 0.0], [0.0, 0.0, 0.0, 0.0]], ""R"": [[478.354145027089, 0.0], [0.0, 478.354145027089]], ""P"": [[1000.0, 0.0, 0.0, 0.0], [0.0, 100000.0, 0.0, 0.0], [0.0, 0.0, 1000.0, 0.0], [0.0, 0.0, 0.0, 100000.0]]}","[1.1512421240405661, 1.8216849430340762, 0.0]",False
3,P21,09ce0dcc-884e-4c47-9efa-46e431e4bea2,24,1,haply,mpc,seeded_random,2698308921,persist_session,10.0,60.359345970153804,1626.429565575,0,1786366627.8514788,933.0,True,normal,adaptive,-0.064,-0.048,0.0,0.064,0.048,0.0,0.018250431,-0.00645324,0.0,0.041298173,-0.051766943,0.19782226,0.011101123,-0.007134217,0.01129122,"[-0.2456173267940568, 1.5864669343937676, 0.0, 0.0, 0.0, 0.0, -0.47070722683391153, 2.9951064094475885]","[0.048434754100291556, 0.03742689934381578, 0.0]","{""Controller Type"": ""MPC Controller"", ""weight_comfort"": 478.354145027089, ""weight_trajectory"": 3129.8751298374664, ""weight_goal"": 1000.0, ""Q"": [[3129.8751298374664, 0.0, 0.0, 0.0], [0.0, 0.0, 0.0, 0.0], [0.0, 0.0, 3129.8751298374664, 0.0], [0.0, 0.0, 0.0, 0.0]], ""R"": [[478.354145027089, 0.0], [0.0, 478.354145027089]], ""P"": [[1000.0, 0.0, 0.0, 0.0], [0.0, 100000.0, 0.0, 0.0], [0.0, 0.0, 1000.0, 0.0], [0.0, 0.0, 0.0, 100000.0]]}","[1.1236067653427562, 1.7738809281214996, 0.0]",False
3,P21,09ce0dcc-884e-4c47-9efa-46e431e4bea2,24,1,haply,mpc,seeded_random,2698308921,persist_session,10.0,60.36935430526733,1626.439566727,0,1786366627.8612826,934.0,True,normal,adaptive,-0.064,-0.048,0.0,0.064,0.048,0.0,0.018707973,-0.00624126,0.0,0.041450687,-0.05180595,0.19792825,0.011372051,-0.0066121044,0.011000099,"[-0.24346599605317965, 1.570547477404161, 0.0, 0.0, 0.0, 0.0, -0.47857921090903266, 2.947833406838843]","[0.046675049311969447, 0.024183026420749345, 0.0]","{""Controller Type"": ""MPC Controller"", ""weight_comfort"": 478.3050537467586, ""weight_trajectory"": 3130.1696775194487, ""weight_goal"": 1000.0, ""Q"": [[3130.1696775194487, 0.0, 0.0, 0.0], [0.0, 0.0, 0.0, 0.0], [0.0, 0.0, 3130.1696775194487, 0.0], [0.0, 0.0, 0.0, 0.0]], ""R"": [[478.3050537467586, 0.0], [0.0, 478.3050537467586]], ""P"": [[1000.0, 0.0, 0.0, 0.0], [0.0, 100000.0, 0.0, 0.0], [0.0, 0.0, 1000.0, 0.0], [0.0, 0.0, 0.0, 100000.0]]}","[1.1187736638241454, 1.8064620866217673, 0.0]",False
3,P21,09ce0dcc-884e-4c47-9efa-46e431e4bea2,24,1,haply,mpc,seeded_random,2698308921,persist_session,10.0,60.37950759887695,1626.449712106,0,1786366627.87135,935.0,True,normal,adaptive,-0.064,-0.048,0.0,0.064,0.048,0.0,0.019166652,-0.0060286,0.0,0.04160358,-0.05184475,0.19803458,0.011745242,-0.006116559,0.010781623,"[-0.27653005621604887, 1.734701180629155, 0.0, 0.0, 0.0, 0.0, -0.4791409177627599, 3.0337761565828525]","[0.0684338906101026, 0.039607980543229136, 0.0]","{""Controller Type"": ""MPC Controller"", ""weight_comfort"": 478.3050537467586, ""weight_trajectory"": 3130.1696775194487, ""weight_goal"": 1000.0, ""Q"": [[3130.1696775194487, 0.0, 0.0, 0.0], [0.0, 0.0, 0.0, 0.0], [0.0, 0.0, 3130.1696775194487, 0.0], [0.0, 0.0, 0.0, 0.0]], ""R"": [[478.3050537467586, 0.0], [0.0, 478.3050537467586]], ""P"": [[1000.0, 0.0, 0.0, 0.0], [0.0, 100000.0, 0.0, 0.0], [0.0, 0.0, 1000.0, 0.0], [0.0, 0.0, 0.0, 100000.0]]}","[1.0106397047422835, 1.757384003356555, 0.0]",False
3,P21,09ce0dcc-884e-4c47-9efa-46e431e4bea2,24,1,haply,mpc,seeded_random,2698308921,persist_session,10.0,60.389390525817866,1626.459590705,0,1786366627.8813405,936.0,True,normal,adaptive,-0.064,-0.048,0.0,0.064,0.048,0.0,0.019534407,-0.00585794,0.0,0.041726165,-0.05187566,0.19811991,0.012107876,-0.0057165953,0.010639549,"[-0.270637473637247, 1.705020755371758, 0.0, 0.0, 0.0, 0.0, -0.479178723100098, 3.017045411520248]","[0.06554807430877395, 0.037841187303744736, 0.0]","{""Controller Type"": ""MPC Controller"", ""weight_comfort"": 478.3050537467586, ""weight_trajectory"": 3130.1696775194487, ""weight_goal"": 1000.0, ""Q"": [[3130.1696775194487, 0.0, 0.0, 0.0], [0.0, 0.0, 0.0, 0.0], [0.0, 0.0, 3130.1696775194487, 0.0], [0.0, 0.0, 0.0, 0.0]], ""R"": [[478.3050537467586, 0.0], [0.0, 478.3050537467586]], ""P"": [[1000.0, 0.0, 0.0, 0.0], [0.0, 100000.0, 0.0, 0.0], [0.0, 0.0, 1000.0, 0.0], [0.0, 0.0, 0.0, 100000.0]]}","[1.004863618992719, 1.7556045276146541, 0.0]",False
3,P21,09ce0dcc-884e-4c47-9efa-46e431e4bea2,24,1,haply,mpc,seeded_random,2698308921,persist_session,10.0,60.39944702148437,1626.469655507,0,1786366627.8912868,937.0,True,normal,adaptive,-0.064,-0.048,0.0,0.064,0.048,0.0,0.020012262,-0.00559854,0.0,0.04188545,-0.051937446,0.19824961,0.012493547,-0.0053459443,0.010535784,"[-0.2546524664020201, 1.5940301205737843, 0.0, 0.0, 0.0, 0.0, -0.48652638995589265, 2.9691450929091125]","[0.04735399673572318, 0.024516539624234297, 0.0]","{""Controller Type"": ""MPC Controller"", ""weight_comfort"": 478.17979014178695, ""weight_trajectory"": 3130.921259149278, ""weight_goal"": 1000.0, ""Q"": [[3130.921259149278, 0.0, 0.0, 0.0], [0.0, 0.0, 0.0, 0.0], [0.0, 0.0, 3130.921259149278, 0.0], [0.0, 0.0, 0.0, 0.0]], ""R"": [[478.17979014178695, 0.0], [0.0, 478.17979014178695]], ""P"": [[1000.0, 0.0, 0.0, 0.0], [0.0, 100000.0, 0.0, 0.0], [0.0, 0.0, 1000.0, 0.0], [0.0, 0.0, 0.0, 100000.0]]}","[1.0736503294402766, 1.7881816639729364, 0.0]",False
3,P21,09ce0dcc-884e-4c47-9efa-46e431e4bea2,24,1,haply,mpc,seeded_random,2698308921,persist_session,10.0,60.40940385818481,1626.479621536,0,1786366627.901255,938.0,True,normal,adaptive,-0.064,-0.048,0.0,0.064,0.048,0.0,0.020416302,-0.00533568,0.0,0.04202013,-0.052014675,0.19838104,0.012808562,-0.005099092,0.010505588,"[-0.2958221454378862, 1.7872946472043498, 0.0, 0.0, 0.0, 0.0, -0.5044885823215952, 3.2155030848791633]","[0.0728549322796416, 0.05682023911974213, 0.0]","{""Controller Type"": ""MPC Controller"", ""weight_comfort"": 478.17979014178695, ""weight_trajectory"": 3130.921259149278, ""weight_goal"": 1000.0, ""Q"": [[3130.921259149278, 0.0, 0.0, 0.0], [0.0, 0.0, 0.0, 0.0], [0.0, 0.0, 3130.921259149278, 0.0], [0.0, 0.0, 0.0, 0.0]], ""R"": [[478.17979014178695, 0.0], [0.0, 478.17979014178695]], ""P"": [[1000.0, 0.0, 0.0, 0.0], [0.0, 100000.0, 0.0, 0.0], [0.0, 0.0, 1000.0, 0.0], [0.0, 0.0, 0.0, 100000.0]]}","[0.9521996319779382, 1.6961714231129545, 0.0]",False
3,P21,09ce0dcc-884e-4c47-9efa-46e431e4bea2,24,1,haply,mpc,seeded_random,2698308921,persist_session,10.0,60.41939240455627,1626.489612533,0,1786366627.911294,939.0,True,normal,adaptive,-0.064,-0.048,0.0,0.064,0.048,0.0,0.02082171,-0.00507164,0.0,0.042155266,-0.052091934,0.19851306,0.013021056,-0.004972657,0.010527752,"[-0.2755026055716464, 1.672993895782984, 0.0, 0.0, 0.0, 0.0, -0.5038405566407094, 3.207068384957595]","[0.05580655719898993, 0.0577006134182176, 0.0]","{""Controller Type"": ""MPC Controller"", ""weight_comfort"": 478.17979014178695, ""weight_trajectory"": 3130.921259149278, ""weight_goal"": 1000.0, ""Q"": [[3130.921259149278, 0.0, 0.0, 0.0], [0.0, 0.0, 0.0, 0.0], [0.0, 0.0, 3130.921259149278, 0.0], [0.0, 0.0, 0.0, 0.0]], ""R"": [[478.17979014178695, 0.0], [0.0, 478.17979014178695]], ""P"": [[1000.0, 0.0, 0.0, 0.0], [0.0, 100000.0, 0.0, 0.0], [0.0, 0.0, 1000.0, 0.0], [0.0, 0.0, 0.0, 100000.0]]}","[1.0084547012239575, 1.6847736488449931, 0.0]",False
3,P21,09ce0dcc-884e-4c47-9efa-46e431e4bea2,24,1,haply,mpc,seeded_random,2698308921,persist_session,10.0,60.42931252479553,1626.499538103,0,1786366627.9212122,940.0,True,normal,adaptive,-0.064,-0.048,0.0,0.064,0.048,0.0,0.021210822,-0.00485248,0.0,0.04228497,-0.052145783,0.19862264,0.013178956,-0.005010576,0.010666168,"[-0.27372442376298717, 1.6630714551211654, 0.0, 0.0, 0.0, 0.0, -0.5023803923743867, 3.188198344814177]","[0.055339164986615966, 0.05718925414260391, 0.0]","{""Controller Type"": ""MPC Controller"", ""weight_comfort"": 476.7131673214182, ""weight_trajectory"": 3139.720996071491, ""weight_goal"": 1000.0, ""Q"": [[3139.720996071491, 0.0, 0.0, 0.0], [0.0, 0.0, 0.0, 0.0], [0.0, 0.0, 3139.720996071491, 0.0], [0.0, 0.0, 0.0, 0.0]], ""R"": [[476.7131673214182, 0.0], [0.0, 476.7131673214182]], ""P"": [[1000.0, 0.0, 0.0, 0.0], [0.0, 100000.0, 0.0, 0.0], [0.0, 0.0, 1000.0, 0.0], [0.0, 0.0, 0.0, 100000.0]]}","[0.9959499682253333, 1.6767099828822274, 0.0]",False
3,P21,09ce0dcc-884e-4c47-9efa-46e431e4bea2,24,1,haply,mpc,seeded_random,2698308921,persist_session,10.0,60.43940979003906,1626.509627532,0,1786366627.9316325,941.0,True,normal,adaptive,-0.064,-0.048,0.0,0.064,0.048,0.0,0.021543132,-0.00458398,0.0,0.04239574,-0.052238747,0.19875689,0.013272566,-0.0051106997,0.010827127,"[-0.2697719692611732, 1.64035578503834, 0.0, 0.0, 0.0, 0.0, -0.49989994752947314, 3.089982456298815]","[0.05281122846672243, 0.04185753352966509, 0.0]","{""Controller Type"": ""MPC Controller"", ""weight_comfort"": 476.7131673214182, ""weight_trajectory"": 3139.720996071491, ""weight_goal"": 1000.0, ""Q"": [[3139.720996071491, 0.0, 0.0, 0.0], [0.0, 0.0, 0.0, 0.0], [0.0, 0.0, 3139.720996071491, 0.0], [0.0, 0.0, 0.0, 0.0]], ""R"": [[476.7131673214182, 0.0], [0.0, 476.7131673214182]], ""P"": [[1000.0, 0.0, 0.0, 0.0], [0.0, 100000.0, 0.0, 0.0], [0.0, 0.0, 1000.0, 0.0], [0.0, 0.0, 0.0, 100000.0]]}","[0.9944742585229743, 1.7118296280603909, 0.0]",False
3,P21,09ce0dcc-884e-4c47-9efa-46e431e4bea2,24,1,haply,mpc,seeded_random,2698308921,persist_session,10.0,60.44940501213073,1626.519626206,0,1786366627.94125,942.0,True,normal,adaptive,-0.064,-0.048,0.0,0.064,0.048,0.0,0.021800832,-0.00431192,0.0,0.04248164,-0.052347615,0.19889292,0.013248995,-0.0053894324,0.011085113,"[-0.2623455048968268, 1.5699538855060313, 0.0, 0.0, 0.0, 0.0, -0.5061915850649427, 3.174085300375511]","[0.03892835257136905, 0.05516895136250889, 0.0]","{""Controller Type"": ""MPC Controller"", ""weight_comfort"": 476.7131673214182, ""weight_trajectory"": 3139.720996071491, ""weight_goal"": 1000.0, ""Q"": [[3139.720996071491, 0.0, 0.0, 0.0], [0.0, 0.0, 0.0, 0.0], [0.0, 0.0, 3139.720996071491, 0.0], [0.0, 0.0, 0.0, 0.0]], ""R"": [[476.7131673214182, 0.0], [0.0, 476.7131673214182]], ""P"": [[1000.0, 0.0, 0.0, 0.0], [0.0, 100000.0, 0.0, 0.0], [0.0, 0.0, 1000.0, 0.0], [0.0, 0.0, 0.0, 100000.0]]}","[1.05191269930877, 1.6682785814006267, 0.0]",False
3,P21,09ce0dcc-884e-4c47-9efa-46e431e4bea2,24,1,haply,mpc,seeded_random,2698308921,persist_session,10.0,60.45938354492187,1626.529601237,0,1786366627.9513736,943.0,True,normal,adaptive,-0.064,-0.048,0.0,0.064,0.048,0.0,0.022135176,-0.00404122,0.0,0.042593088,-0.05244073,0.19902827,0.012991541,-0.0058314516,0.011368591,"[-0.26193714957521197, 1.5323258736072993, 0.0, 0.0, 0.0, 0.0, -0.5125270768949938, 3.239579330386608]","[0.030004710320012534, 0.06482935954249698, 0.0]","{""Controller Type"": ""MPC Controller"", ""weight_comfort"": 477.1770504745631, ""weight_trajectory"": 3136.9376971526217, ""weight_goal"": 1000.0, ""Q"": [[3136.9376971526217, 0.0, 0.0, 0.0], [0.0, 0.0, 0.0, 0.0], [0.0, 0.0, 3136.9376971526217, 0.0], [0.0, 0.0, 0.0, 0.0]], ""R"": [[477.1770504745631, 0.0], [0.0, 477.1770504745631]], ""P"": [[1000.0, 0.0, 0.0, 0.0], [0.0, 100000.0, 0.0, 0.0], [0.0, 0.0, 1000.0, 0.0], [0.0, 0.0, 0.0, 100000.0]]}","[1.0911538304128197, 1.6350002873968428, 0.0]",False
3,P21,09ce0dcc-884e-4c47-9efa-46e431e4bea2,24,1,haply,mpc,seeded_random,2698308921,persist_session,10.0,60.469453392028804,1626.539672571,0,1786366627.9612534,944.0,True,normal,adaptive,-0.064,-0.048,0.0,0.064,0.048,0.0,0.022434672,-0.00386258,0.0,0.04269292,-0.05248695,0.19911759,0.012669467,-0.006188837,0.011545508,"[-0.2692919913173794, 1.5907961644658002, 0.0, 0.0, 0.0, 0.0, -0.5070600090281031, 3.175963653023727]","[0.04126464863160096, 0.058536569893651656, 0.0]","{""Controller Type"": ""MPC Controller"", ""weight_comfort"": 477.1770504745631, ""weight_trajectory"": 3136.9376971526217, ""weight_goal"": 1000.0, ""Q"": [[3136.9376971526217, 0.0, 0.0, 0.0], [0.0, 0.0, 0.0, 0.0], [0.0, 0.0, 3136.9376971526217, 0.0], [0.0, 0.0, 0.0, 0.0]], ""R"": [[477.1770504745631, 0.0], [0.0, 477.1770504745631]], ""P"": [[1000.0, 0.0, 0.0, 0.0], [0.0, 100000.0, 0.0, 0.0], [0.0, 0.0, 1000.0, 0.0], [0.0, 0.0, 0.0, 100000.0]]}","[1.0212018171856745, 1.639282126771972, 0.0]",False
3,P21,09ce0dcc-884e-4c47-9efa-46e431e4bea2,24,1,haply,mpc,seeded_random,2698308921,persist_session,10.0,60.4794483757019,1626.549663539,0,1786366627.9713528,945.0,True,normal,adaptive,-0.064,-0.048,0.0,0.064,0.048,0.0,0.022734783,-0.00368344,0.0,0.042792957,-0.05253315,0.19920716,0.012309677,-0.006446394,0.011616492,"[-0.2667904780021265, 1.5636291985044495, 0.0, 0.0, 0.0, 0.0, -0.5163695977057647, 3.0561626821586727]","[0.036310449160143976, 0.028479096078549124, 0.0]","{""Controller Type"": ""MPC Controller"", ""weight_comfort"": 477.1770504745631, ""weight_trajectory"": 3136.9376971526217, ""weight_goal"": 1000.0, ""Q"": [[3136.9376971526217, 0.0, 0.0, 0.0], [0.0, 0.0, 0.0, 0.0], [0.0, 0.0, 3136.9376971526217, 0.0], [0.0, 0.0, 0.0, 0.0]], ""R"": [[477.1770504745631, 0.0], [0.0, 477.1770504745631]], ""P"": [[1000.0, 0.0, 0.0, 0.0], [0.0, 100000.0, 0.0, 0.0], [0.0, 0.0, 1000.0, 0.0], [0.0, 0.0, 0.0, 100000.0]]}","[1.0361835336786938, 1.7144193314825964, 0.0]",False
3,P21,09ce0dcc-884e-4c47-9efa-46e431e4bea2,24,1,haply,mpc,seeded_random,2698308921,persist_session,10.0,60.489302930831904,1626.559528722,0,1786366627.9812682,946.0,True,normal,adaptive,-0.064,-0.048,0.0,0.064,0.048,0.0,0.023111613,-0.00350618,0.0,0.042918567,-0.05256334,0.19929579,0.012016863,-0.006533883,0.011571902,"[-0.26610399337389495, 1.5556387710786448, 0.0, 0.0, 0.0, 0.0, -0.5170700489759003, 3.0484147349449047]","[0.03524604555951476, 0.027347809792393683, 0.0]","{""Controller Type"": ""MPC Controller"", ""weight_comfort"": 478.2494842814822, ""weight_trajectory"": 3130.503094311107, ""weight_goal"": 1000.0, ""Q"": [[3130.503094311107, 0.0, 0.0, 0.0], [0.0, 0.0, 0.0, 0.0], [0.0, 0.0, 3130.503094311107, 0.0], [0.0, 0.0, 0.0, 0.0]], ""R"": [[478.2494842814822, 0.0], [0.0, 478.2494842814822]], ""P"": [[1000.0, 0.0, 0.0, 0.0], [0.0, 100000.0, 0.0, 0.0], [0.0, 0.0, 1000.0, 0.0], [0.0, 0.0, 0.0, 100000.0]]}","[1.0313806802992307, 1.7118203188945966, 0.0]",False
3,P21,09ce0dcc-884e-4c47-9efa-46e431e4bea2,24,1,haply,mpc,seeded_random,2698308921,persist_session,10.0,60.49944478034973,1626.569666267,0,1786366627.991256,947.0,True,normal,adaptive,-0.064,-0.048,0.0,0.064,0.048,0.0,0.023413032,-0.00332616,0.0,0.04301904,-0.05260939,0.1993858,0.011775083,-0.006385409,0.011345307,"[-0.2843601245610792, 1.6579203886599807, 0.0, 0.0, 0.0, 0.0, -0.5172144744046461, 3.0466358065304564]","[0.05138174466810629, 0.02782596653807125, 0.0]","{""Controller Type"": ""MPC Controller"", ""weight_comfort"": 478.2494842814822, ""weight_trajectory"": 3130.503094311107, ""weight_goal"": 1000.0, ""Q"": [[3130.503094311107, 0.0, 0.0, 0.0], [0.0, 0.0, 0.0, 0.0], [0.0, 0.0, 3130.503094311107, 0.0], [0.0, 0.0, 0.0, 0.0]], ""R"": [[478.2494842814822, 0.0], [0.0, 478.2494842814822]], ""P"": [[1000.0, 0.0, 0.0, 0.0], [0.0, 100000.0, 0.0, 0.0], [0.0, 0.0, 1000.0, 0.0], [0.0, 0.0, 0.0, 100000.0]]}","[0.9397465166776136, 1.7030489349478257, 0.0]",False
3,P21,09ce0dcc-884e-4c47-9efa-46e431e4bea2,24,1,haply,mpc,seeded_random,2698308921,persist_session,10.0,60.509383497238154,1626.579612326,0,1786366628.0012617,948.0,True,normal,adaptive,-0.064,-0.048,0.0,0.064,0.048,0.0,0.023638962,-0.00314304,0.0,0.04309435,-0.052671466,0.19947736,0.011518716,-0.0061469013,0.011036089,"[-0.2770898129503084, 1.5857698293319975, 0.0, 0.0, 0.0, 0.0, -0.5173451502018329, 3.044823087007343]","[0.03661011608768783, 0.028326347714666036, 0.0]","{""Controller Type"": ""MPC Controller"", ""weight_comfort"": 478.2494842814822, ""weight_trajectory"": 3130.503094311107, ""weight_goal"": 1000.0, ""Q"": [[3130.503094311107, 0.0, 0.0, 0.0], [0.0, 0.0, 0.0, 0.0], [0.0, 0.0, 3130.503094311107, 0.0], [0.0, 0.0, 0.0, 0.0]], ""R"": [[478.2494842814822, 0.0], [0.0, 478.2494842814822]], ""P"": [[1000.0, 0.0, 0.0, 0.0], [0.0, 100000.0, 0.0, 0.0], [0.0, 0.0, 1000.0, 0.0], [0.0, 0.0, 0.0, 100000.0]]}","[1.0024181703790025, 1.6958449150890345, 0.0]",False
3,P21,09ce0dcc-884e-4c47-9efa-46e431e4bea2,24,1,haply,mpc,seeded_random,2698308921,persist_session,10.0,60.519408998489375,1626.589628728,0,1786366628.0112295,949.0,True,normal,adaptive,-0.064,-0.048,0.0,0.064,0.048,0.0,0.023941656,-0.00296182,0.0,0.043195248,-0.052717537,0.19956797,0.011253651,-0.006012888,0.01080903,"[-0.28112344055631894, 1.5489917484616917, 0.0, 0.0, 0.0, 0.0, -0.5173574064992202, 3.0446127226054984]","[0.023629956411040234, 0.029261886902110127, 0.0]","{""Controller Type"": ""MPC Controller"", ""weight_comfort"": 478.42697952651343, ""weight_trajectory"": 3129.4381228409197, ""weight_goal"": 1000.0, ""Q"": [[3129.4381228409197, 0.0, 0.0, 0.0], [0.0, 0.0, 0.0, 0.0], [0.0, 0.0, 3129.4381228409197, 0.0], [0.0, 0.0, 0.0, 0.0]], ""R"": [[478.42697952651343, 0.0], [0.0, 478.42697952651343]], ""P"": [[1000.0, 0.0, 0.0, 0.0], [0.0, 100000.0, 0.0, 0.0], [0.0, 0.0, 1000.0, 0.0], [0.0, 0.0, 0.0, 100000.0]]}","[1.0657891438523028, 1.6869597821278137, 0.0]",False
3,P21,09ce0dcc-884e-4c47-9efa-46e431e4bea2,24,1,haply,mpc,seeded_random,2698308921,persist_session,10.0,60.52939802169799,1626.599619369,0,1786366628.0214443,950.0,True,normal,adaptive,-0.064,-0.048,0.0,0.064,0.048,0.0,0.024168672,-0.00277766,0.0,0.04327092,-0.052779663,0.19966005,0.01096862,-0.0058947834,0.010584996,"[-0.28844759878774323, 1.6158419916757973, 0.0, 0.0, 0.0, 0.0, -0.5176967271356452, 3.03900005849122]","[0.037513815765093175, 0.02886787685964165, 0.0]","{""Controller Type"": ""MPC Controller"", ""weight_comfort"": 478.42697952651343, ""weight_trajectory"": 3129.4381228409197, ""weight_goal"": 1000.0, ""Q"": [[3129.4381228409197, 0.0, 0.0, 0.0], [0.0, 0.0, 0.0, 0.0], [0.0, 0.0, 3129.4381228409197, 0.0], [0.0, 0.0, 0.0, 0.0]], ""R"": [[478.42697952651343, 0.0], [0.0, 478.42697952651343]], ""P"": [[1000.0, 0.0, 0.0, 0.0], [0.0, 100000.0, 0.0, 0.0], [0.0, 0.0, 1000.0, 0.0], [0.0, 0.0, 0.0, 100000.0]]}","[0.982432786809646, 1.6818740385994326, 0.0]",False
3,P21,09ce0dcc-884e-4c47-9efa-46e431e4bea2,24,1,haply,mpc,seeded_random,2698308921,persist_session,10.0,60.53949266433715,1626.609713938,0,1786366628.0315323,951.0,True,normal,adaptive,-0.064,-0.048,0.0,0.064,0.048,0.0,0.024301092,-0.00263798,0.0,0.04331506,-0.052834354,0.19972989,0.01063054,-0.005767372,0.010324138,"[-0.29272708458012386, 1.5781631083256276, 0.0, 0.0, 0.0, 0.0, -0.5180682654131235, 3.033186706426511]","[0.02341372215688283, 0.028378218180969902, 0.0]","{""Controller Type"": ""MPC Controller"", ""weight_comfort"": 478.42697952651343, ""weight_trajectory"": 3129.4381228409197, ""weight_goal"": 1000.0, ""Q"": [[3129.4381228409197, 0.0, 0.0, 0.0], [0.0, 0.0, 0.0, 0.0], [0.0, 0.0, 3129.4381228409197, 0.0], [0.0, 0.0, 0.0, 0.0]], ""R"": [[478.42697952651343, 0.0], [0.0, 478.42697952651343]], ""P"": [[1000.0, 0.0, 0.0, 0.0], [0.0, 100000.0, 0.0, 0.0], [0.0, 0.0, 1000.0, 0.0], [0.0, 0.0, 0.0, 100000.0]]}","[1.0508457871832688, 1.67696418226922, 0.0]",False
3,P21,09ce0dcc-884e-4c47-9efa-46e431e4bea2,24,1,haply,mpc,seeded_random,2698308921,persist_session,10.0,60.54932099342346,1626.61954877,0,1786366628.041439,952.0,True,normal,adaptive,-0.064,-0.048,0.0,0.064,0.048,0.0,0.024491373,-0.002548,0.0,0.043378487,-0.05284927,0.19977488,0.010105619,-0.0056427014,0.0099686375,"[-0.3129253550633627, 1.5812080906884385, 0.0, 0.0, 0.0, 0.0, -0.5292511980683369, 3.0100708600262815]","[0.00833248996484197, 0.014876844311858317, 0.0]","{""Controller Type"": ""MPC Controller"", ""weight_comfort"": 478.7686504441994, ""weight_trajectory"": 3127.388097334803, ""weight_goal"": 1000.0, ""Q"": [[3127.388097334803, 0.0, 0.0, 0.0], [0.0, 0.0, 0.0, 0.0], [0.0, 0.0, 3127.388097334803, 0.0], [0.0, 0.0, 0.0, 0.0]], ""R"": [[478.7686504441994, 0.0], [0.0, 478.7686504441994]], ""P"": [[1000.0, 0.0, 0.0, 0.0], [0.0, 100000.0, 0.0, 0.0], [0.0, 0.0, 1000.0, 0.0], [0.0, 0.0, 0.0, 100000.0]]}","[1.1315034489934959, 1.7110545850469472, 0.0]",False
3,P21,09ce0dcc-884e-4c47-9efa-46e431e4bea2,24,1,haply,mpc,seeded_random,2698308921,persist_session,10.0,60.55938893318176,1626.629609902,0,1786366628.0514357,953.0,True,normal,adaptive,-0.064,-0.048,0.0,0.064,0.048,0.0,0.024605367,-0.0024554999999999,0.0,0.043416485,-0.052880343,0.19982113,0.0094550075,-0.005412018,0.00945454,"[-0.30667122722395057, 1.5991463870383096, 0.0, 0.0, 0.0, 0.0, -0.5513666382317431, 3.0283908336553407]","[0.01859965781215321, -0.0003639173047809592, 0.0]","{""Controller Type"": ""MPC Controller"", ""weight_comfort"": 478.7686504441994, ""weight_trajectory"": 3127.388097334803, ""weight_goal"": 1000.0, ""Q"": [[3127.388097334803, 0.0, 0.0, 0.0], [0.0, 0.0, 0.0, 0.0], [0.0, 0.0, 3127.388097334803, 0.0], [0.0, 0.0, 0.0, 0.0]], ""R"": [[478.7686504441994, 0.0], [0.0, 478.7686504441994]], ""P"": [[1000.0, 0.0, 0.0, 0.0], [0.0, 100000.0, 0.0, 0.0], [0.0, 0.0, 1000.0, 0.0], [0.0, 0.0, 0.0, 100000.0]]}","[1.0677121966696625, 1.7521303764550313, 0.0]",False
3,P21,09ce0dcc-884e-4c47-9efa-46e431e4bea2,24,1,haply,mpc,seeded_random,2698308921,persist_session,10.0,60.56940871238708,1626.639611334,0,1786366628.061334,954.0,True,normal,adaptive,-0.064,-0.048,0.0,0.064,0.048,0.0,0.024796002,-0.00236522,0.0,0.04348003,-0.052895226,0.19986627,0.008807246,-0.0049343603,0.008723837,"[-0.32640445416239044, 1.6087299737525496, 0.0, 0.0, 0.0, 0.0, -0.5506082291984703, 3.0278125216179035]","[0.005486551008203807, 0.0002360988077377245, 0.0]","{""Controller Type"": ""MPC Controller"", ""weight_comfort"": 478.7686504441994, ""weight_trajectory"": 3127.388097334803, ""weight_goal"": 1000.0, ""Q"": [[3127.388097334803, 0.0, 0.0, 0.0], [0.0, 0.0, 0.0, 0.0], [0.0, 0.0, 3127.388097334803, 0.0], [0.0, 0.0, 0.0, 0.0]], ""R"": [[478.7686504441994, 0.0], [0.0, 478.7686504441994]], ""P"": [[1000.0, 0.0, 0.0, 0.0], [0.0, 100000.0, 0.0, 0.0], [0.0, 0.0, 1000.0, 0.0], [0.0, 0.0, 0.0, 100000.0]]}","[1.1367485860269182, 1.7473617979838008, 0.0]",False
3,P21,09ce0dcc-884e-4c47-9efa-46e431e4bea2,24,1,haply,mpc,seeded_random,2698308921,persist_session,10.0,60.579385337829585,1626.649593442,0,1786366628.0712905,955.0,True,normal,adaptive,-0.064,-0.048,0.0,0.064,0.048,0.0,0.024929277,-0.00222466,0.0,0.043524455,-0.05294995,0.19993655,0.008224827,-0.0044916095,0.008054648,"[-0.31862686795621964, 1.6327641950293632, 0.0, 0.0, 0.0, 0.0, -0.5512123431470289, 3.0282981753465625]","[0.018953407219122947, -0.00014256746319534636, 0.0]","{""Controller Type"": ""MPC Controller"", ""weight_comfort"": 478.5574198610188, ""weight_trajectory"": 3128.655480833887, ""weight_goal"": 1000.0, ""Q"": [[3128.655480833887, 0.0, 0.0, 0.0], [0.0, 0.0, 0.0, 0.0], [0.0, 0.0, 3128.655480833887, 0.0], [0.0, 0.0, 0.0, 0.0]], ""R"": [[478.5574198610188, 0.0], [0.0, 478.5574198610188]], ""P"": [[1000.0, 0.0, 0.0, 0.0], [0.0, 100000.0, 0.0, 0.0], [0.0, 0.0, 1000.0, 0.0], [0.0, 0.0, 0.0, 100000.0]]}","[1.0567059859756347, 1.7458523049085728, 0.0]",False
3,P21,09ce0dcc-884e-4c47-9efa-46e431e4bea2,24,1,haply,mpc,seeded_random,2698308921,persist_session,10.0,60.58952194213867,1626.659728612,0,1786366628.081363,956.0,True,normal,adaptive,-0.064,-0.048,0.0,0.064,0.048,0.0,0.025139352,-0.0020863,0.0,0.04359448,-0.05298847,0.20000573,0.0076956702,-0.0042007966,0.0075444435,"[-0.33119429939104894, 1.6332368328683864, 0.0, 0.0, 0.0, 0.0, -0.5395535087212168, 3.058008998947058]","[0.008922370847831896, 0.016072885185670974, 0.0]","{""Controller Type"": ""MPC Controller"", ""weight_comfort"": 478.5574198610188, ""weight_trajectory"": 3128.655480833887, ""weight_goal"": 1000.0, ""Q"": [[3128.655480833887, 0.0, 0.0, 0.0], [0.0, 0.0, 0.0, 0.0], [0.0, 0.0, 3128.655480833887, 0.0], [0.0, 0.0, 0.0, 0.0]], ""R"": [[478.5574198610188, 0.0], [0.0, 478.5574198610188]], ""P"": [[1000.0, 0.0, 0.0, 0.0], [0.0, 100000.0, 0.0, 0.0], [0.0, 0.0, 1000.0, 0.0], [0.0, 0.0, 0.0, 100000.0]]}","[1.107397666620873, 1.694590839465012, 0.0]",False
3,P21,09ce0dcc-884e-4c47-9efa-46e431e4bea2,24,1,haply,mpc,seeded_random,2698308921,persist_session,10.0,60.59932666778564,1626.6695483,0,1786366628.0912924,957.0,True,normal,adaptive,-0.064,-0.048,0.0,0.064,0.048,0.0,0.02536887,-0.00189972,0.0,0.043670986,-0.053050682,0.20009902,0.007283003,-0.0040988955,0.0072573205,"[-0.3264426744362368, 1.6623429572624722, 0.0, 0.0, 0.0, 0.0, -0.5408904258084059, 3.0551482656079427]","[0.021984640320577238, 0.014875698366916577, 0.0]","{""Controller Type"": ""MPC Controller"", ""weight_comfort"": 478.5574198610188, ""weight_trajectory"": 3128.655480833887, ""weight_goal"": 1000.0, ""Q"": [[3128.655480833887, 0.0, 0.0, 0.0], [0.0, 0.0, 0.0, 0.0], [0.0, 0.0, 3128.655480833887, 0.0], [0.0, 0.0, 0.0, 0.0]], ""R"": [[478.5574198610188, 0.0], [0.0, 478.5574198610188]], ""P"": [[1000.0, 0.0, 0.0, 0.0], [0.0, 100000.0, 0.0, 0.0], [0.0, 0.0, 1000.0, 0.0], [0.0, 0.0, 0.0, 100000.0]]}","[1.0304253839427513, 1.6935716851493385, 0.0]",False
3,P21,09ce0dcc-884e-4c47-9efa-46e431e4bea2,24,1,haply,mpc,seeded_random,2698308921,persist_session,10.0,60.60936361312866,1626.679588806,0,1786366628.1012704,958.0,True,normal,adaptive,-0.064,-0.048,0.0,0.064,0.048,0.0,0.025522113,-0.00171002,0.0,0.043722067,-0.053129245,0.20019387,0.0070341295,-0.0040508327,0.0071001276,"[-0.3260300370945958, 1.6730624681981452, 0.0, 0.0, 0.0, 0.0, -0.5392117157217257, 3.1283213272493584]","[0.026077844255391613, 0.03187660538480576, 0.0]","{""Controller Type"": ""MPC Controller"", ""weight_comfort"": 477.6810103734374, ""weight_trajectory"": 3133.913937759376, ""weight_goal"": 1000.0, ""Q"": [[3133.913937759376, 0.0, 0.0, 0.0], [0.0, 0.0, 0.0, 0.0], [0.0, 0.0, 3133.913937759376, 0.0], [0.0, 0.0, 0.0, 0.0]], ""R"": [[477.6810103734374, 0.0], [0.0, 477.6810103734374]], ""P"": [[1000.0, 0.0, 0.0, 0.0], [0.0, 100000.0, 0.0, 0.0], [0.0, 0.0, 1000.0, 0.0], [0.0, 0.0, 0.0, 100000.0]]}","[1.0016140549006614, 1.6399604886870776, 0.0]",False
3,P21,09ce0dcc-884e-4c47-9efa-46e431e4bea2,24,1,haply,mpc,seeded_random,2698308921,persist_session,10.0,60.61946516990661,1626.689682615,0,1786366628.1114054,959.0,True,normal,adaptive,-0.064,-0.048,0.0,0.064,0.048,0.0,0.025848651,-0.0014767,0.0,0.043830913,-0.053198908,0.20031053,0.006934301,-0.0042450437,0.0072319894,"[-0.3391285092760102, 1.664332654223103, 0.0, 0.0, 0.0, 0.0, -0.5392353139113383, 3.1266638649772203]","[0.012511875223831544, 0.03263785783407174, 0.0]","{""Controller Type"": ""MPC Controller"", ""weight_comfort"": 477.6810103734374, ""weight_trajectory"": 3133.913937759376, ""weight_goal"": 1000.0, ""Q"": [[3133.913937759376, 0.0, 0.0, 0.0], [0.0, 0.0, 0.0, 0.0], [0.0, 0.0, 3133.913937759376, 0.0], [0.0, 0.0, 0.0, 0.0]], ""R"": [[477.6810103734374, 0.0], [0.0, 477.6810103734374]], ""P"": [[1000.0, 0.0, 0.0, 0.0], [0.0, 100000.0, 0.0, 0.0], [0.0, 0.0, 1000.0, 0.0], [0.0, 0.0, 0.0, 100000.0]]}","[1.0699689103747954, 1.6326566980953183, 0.0]",False
3,P21,09ce0dcc-884e-4c47-9efa-46e431e4bea2,24,1,haply,mpc,seeded_random,2698308921,persist_session,10.0,60.62936430931091,1626.699587169,0,1786366628.1212552,960.0,True,normal,adaptive,-0.064,-0.048,0.0,0.064,0.048,0.0,0.026079762,-0.00128842,0.0,0.04390795,-0.05326122,0.20040467,0.006977773,-0.0047095777,0.007675463,"[-0.3647425494283573, 1.8327221135285447, 0.0, 0.0, 0.0, 0.0, -0.5445499061745646, 3.2092352182447548]","[0.04513314697177712, 0.04693842822750016, 0.0]","{""Controller Type"": ""MPC Controller"", ""weight_comfort"": 477.6810103734374, ""weight_trajectory"": 3133.913937759376, ""weight_goal"": 1000.0, ""Q"": [[3133.913937759376, 0.0, 0.0, 0.0], [0.0, 0.0, 0.0, 0.0], [0.0, 0.0, 3133.913937759376, 0.0], [0.0, 0.0, 0.0, 0.0]], ""R"": [[477.6810103734374, 0.0], [0.0, 477.6810103734374]], ""P"": [[1000.0, 0.0, 0.0, 0.0], [0.0, 100000.0, 0.0, 0.0], [0.0, 0.0, 1000.0, 0.0], [0.0, 0.0, 0.0, 100000.0]]}","[0.9012867883058557, 1.5873407736702045, 0.0]",False
3,P21,09ce0dcc-884e-4c47-9efa-46e431e4bea2,24,1,haply,mpc,seeded_random,2698308921,persist_session,10.0,60.639366922378535,1626.709586726,0,1786366628.1313164,961.0,True,normal,adaptive,-0.064,-0.048,0.0,0.064,0.048,0.0,0.02633082,-0.001051,0.0,0.043991636,-0.053347327,0.20052338,0.0070685623,-0.005154599,0.008127214,"[-0.36525392953469243, 1.7810301327086, 0.0, 0.0, 0.0, 0.0, -0.5450474680760554, 3.1400897030156334]","[0.027938780124129883, 0.033158708908426954, 0.0]","{""Controller Type"": ""MPC Controller"", ""weight_comfort"": 477.30054146773523, ""weight_trajectory"": 3136.196751193589, ""weight_goal"": 1000.0, ""Q"": [[3136.196751193589, 0.0, 0.0, 0.0], [0.0, 0.0, 0.0, 0.0], [0.0, 0.0, 3136.196751193589, 0.0], [0.0, 0.0, 0.0, 0.0]], ""R"": [[477.30054146773523, 0.0], [0.0, 477.30054146773523]], ""P"": [[1000.0, 0.0, 0.0, 0.0], [0.0, 100000.0, 0.0, 0.0], [0.0, 0.0, 1000.0, 0.0], [0.0, 0.0, 0.0, 100000.0]]}","[0.9753202542677937, 1.6173620189089666, 0.0]",False
3,P21,09ce0dcc-884e-4c47-9efa-46e431e4bea2,24,1,haply,mpc,seeded_random,2698308921,persist_session,10.0,60.64935594558715,1626.719581308,0,1786366628.141248,962.0,True,normal,adaptive,-0.064,-0.048,0.0,0.064,0.048,0.0,0.026563002,-0.00086162,0.0,0.04406903,-0.053409662,0.20061807,0.0071788384,-0.0056203306,0.008608403,"[-0.36555545041030074, 1.7886452718601715, 0.0, 0.0, 0.0, 0.0, -0.552328854214238, 3.238563969451367]","[0.03086176313475615, 0.04932951235878096, 0.0]","{""Controller Type"": ""MPC Controller"", ""weight_comfort"": 477.30054146773523, ""weight_trajectory"": 3136.196751193589, ""weight_goal"": 1000.0, ""Q"": [[3136.196751193589, 0.0, 0.0, 0.0], [0.0, 0.0, 0.0, 0.0], [0.0, 0.0, 3136.196751193589, 0.0], [0.0, 0.0, 0.0, 0.0]], ""R"": [[477.30054146773523, 0.0], [0.0, 477.30054146773523]], ""P"": [[1000.0, 0.0, 0.0, 0.0], [0.0, 100000.0, 0.0, 0.0], [0.0, 0.0, 1000.0, 0.0], [0.0, 0.0, 0.0, 100000.0]]}","[0.9534082541717046, 1.5678226327550349, 0.0]",False
3,P21,09ce0dcc-884e-4c47-9efa-46e431e4bea2,24,1,haply,mpc,seeded_random,2698308921,persist_session,10.0,60.659344253540034,1626.729565502,0,1786366628.1513584,963.0,True,normal,adaptive,-0.064,-0.048,0.0,0.064,0.048,0.0,0.026892582,-0.00062528,0.0,0.04417889,-0.05347939,0.20073624,0.0073134652,-0.006008771,0.0090351,"[-0.3655830517538507, 1.7780597244735687, 0.0, 0.0, 0.0, 0.0, -0.5526756355967996, 3.159945452540174]","[0.027881486463590448, 0.03325078201199852, 0.0]","{""Controller Type"": ""MPC Controller"", ""weight_comfort"": 477.30054146773523, ""weight_trajectory"": 3136.196751193589, ""weight_goal"": 1000.0, ""Q"": [[3136.196751193589, 0.0, 0.0, 0.0], [0.0, 0.0, 0.0, 0.0], [0.0, 0.0, 3136.196751193589, 0.0], [0.0, 0.0, 0.0, 0.0]], ""R"": [[477.30054146773523, 0.0], [0.0, 477.30054146773523]], ""P"": [[1000.0, 0.0, 0.0, 0.0], [0.0, 100000.0, 0.0, 0.0], [0.0, 0.0, 1000.0, 0.0], [0.0, 0.0, 0.0, 100000.0]]}","[0.9603109501078788, 1.6036313133168194, 0.0]",False
3,P21,09ce0dcc-884e-4c47-9efa-46e431e4bea2,24,1,haply,mpc,seeded_random,2698308921,persist_session,10.0,60.66942888259887,1626.739649274,0,1786366628.161122,964.0,True,normal,adaptive,-0.064,-0.048,0.0,0.064,0.048,0.0,0.027125892,-0.0004347199999999,0.0,0.04425666,-0.053541765,0.20083152,0.007463544,-0.006241911,0.009333623,"[-0.3809898463314543, 1.8713987419647662, 0.0, 0.0, 0.0, 0.0, -0.5595025879748179, 3.2522721249441364]","[0.04686665641333397, 0.04881907810637126, 0.0]","{""Controller Type"": ""MPC Controller"", ""weight_comfort"": 476.31166805584365, ""weight_trajectory"": 3142.1299916649386, ""weight_goal"": 1000.0, ""Q"": [[3142.1299916649386, 0.0, 0.0, 0.0], [0.0, 0.0, 0.0, 0.0], [0.0, 0.0, 3142.1299916649386, 0.0], [0.0, 0.0, 0.0, 0.0]], ""R"": [[476.31166805584365, 0.0], [0.0, 476.31166805584365]], ""P"": [[1000.0, 0.0, 0.0, 0.0], [0.0, 100000.0, 0.0, 0.0], [0.0, 0.0, 1000.0, 0.0], [0.0, 0.0, 0.0, 100000.0]]}","[0.8629010355269323, 1.555412752314728, 0.0]",False
3,P21,09ce0dcc-884e-4c47-9efa-46e431e4bea2,24,1,haply,mpc,seeded_random,2698308921,persist_session,10.0,60.67950206756591,1626.749713181,0,1786366628.1714296,965.0,True,normal,adaptive,-0.064,-0.048,0.0,0.064,0.048,0.0,0.027339957,-0.00029256,0.0,0.044328015,-0.053580303,0.2009026,0.0075934986,-0.006393762,0.009550493,"[-0.3796300264302847, 1.815678441751136, 0.0, 0.0, 0.0, 0.0, -0.5587025200576938, 3.179102025498168]","[0.02938822735307107, 0.03498642987290171, 0.0]","{""Controller Type"": ""MPC Controller"", ""weight_comfort"": 476.31166805584365, ""weight_trajectory"": 3142.1299916649386, ""weight_goal"": 1000.0, ""Q"": [[3142.1299916649386, 0.0, 0.0, 0.0], [0.0, 0.0, 0.0, 0.0], [0.0, 0.0, 3142.1299916649386, 0.0], [0.0, 0.0, 0.0, 0.0]], ""R"": [[476.31166805584365, 0.0], [0.0, 476.31166805584365]], ""P"": [[1000.0, 0.0, 0.0, 0.0], [0.0, 100000.0, 0.0, 0.0], [0.0, 0.0, 1000.0, 0.0], [0.0, 0.0, 0.0, 100000.0]]}","[0.9371653951241399, 1.5867175477286308, 0.0]",False
3,P21,09ce0dcc-884e-4c47-9efa-46e431e4bea2,24,1,haply,mpc,seeded_random,2698308921,persist_session,10.0,60.68933158874511,1626.759559677,0,1786366628.1815825,966.0,True,normal,adaptive,-0.064,-0.048,0.0,0.064,0.048,0.0,0.027574212,-0.00010112,0.0,0.0444061,-0.053642675,0.20099832,0.007745513,-0.006444396,0.009689528,"[-0.38101343676555816, 1.801366647053294, 0.0, 0.0, 0.0, 0.0, -0.5714940773971993, 3.1449669161148406]","[0.0234424277923859, 0.01577594215062252, 0.0]","{""Controller Type"": ""MPC Controller"", ""weight_comfort"": 476.31166805584365, ""weight_trajectory"": 3142.1299916649386, ""weight_goal"": 1000.0, ""Q"": [[3142.1299916649386, 0.0, 0.0, 0.0], [0.0, 0.0, 0.0, 0.0], [0.0, 0.0, 3142.1299916649386, 0.0], [0.0, 0.0, 0.0, 0.0]], ""R"": [[476.31166805584365, 0.0], [0.0, 476.31166805584365]], ""P"": [[1000.0, 0.0, 0.0, 0.0], [0.0, 100000.0, 0.0, 0.0], [0.0, 0.0, 1000.0, 0.0], [0.0, 0.0, 0.0, 100000.0]]}","[0.9590610290495154, 1.6355400195052532, 0.0]",False
3,P21,09ce0dcc-884e-4c47-9efa-46e431e4bea2,24,1,haply,mpc,seeded_random,2698308921,persist_session,10.0,60.69934206962585,1626.769564226,0,1786366628.191649,967.0,True,normal,adaptive,-0.064,-0.048,0.0,0.064,0.048,0.0,0.027886572,8.851999999998084e-05,0.0,0.04451022,-0.05368851,0.20109314,0.007869604,-0.006418834,0.009746394,"[-0.38110283095995284, 1.8126860455906493, 0.0, 0.0, 0.0, 0.0, -0.5713256108306308, 3.218707360740893]","[0.0279419661270193, 0.03321006454859366, 0.0]","{""Controller Type"": ""MPC Controller"", ""weight_comfort"": 476.95485287544017, ""weight_trajectory"": 3138.270882747359, ""weight_goal"": 1000.0, ""Q"": [[3138.270882747359, 0.0, 0.0, 0.0], [0.0, 0.0, 0.0, 0.0], [0.0, 0.0, 3138.270882747359, 0.0], [0.0, 0.0, 0.0, 0.0]], ""R"": [[476.95485287544017, 0.0], [0.0, 476.95485287544017]], ""P"": [[1000.0, 0.0, 0.0, 0.0], [0.0, 100000.0, 0.0, 0.0], [0.0, 0.0, 1000.0, 0.0], [0.0, 0.0, 0.0, 100000.0]]}","[0.9296123851597196, 1.5815810674156383, 0.0]",False
3,P21,09ce0dcc-884e-4c47-9efa-46e431e4bea2,24,1,haply,mpc,seeded_random,2698308921,persist_session,10.0,60.709318933486934,1626.77954685,0,1786366628.2012746,968.0,True,normal,adaptive,-0.064,-0.048,0.0,0.064,0.048,0.0,0.028121922,0.0002810599999999,0.0,0.04458867,-0.053750888,0.20118941,0.0079752235,-0.006339918,0.0097472295,"[-0.3930593913519932, 1.888061031402002, 0.0, 0.0, 0.0, 0.0, -0.571329602700202, 3.213179860873976]","[0.04439110244153773, 0.03315890129038562, 0.0]","{""Controller Type"": ""MPC Controller"", ""weight_comfort"": 476.95485287544017, ""weight_trajectory"": 3138.270882747359, ""weight_goal"": 1000.0, ""Q"": [[3138.270882747359, 0.0, 0.0, 0.0], [0.0, 0.0, 0.0, 0.0], [0.0, 0.0, 3138.270882747359, 0.0], [0.0, 0.0, 0.0, 0.0]], ""R"": [[476.95485287544017, 0.0], [0.0, 476.95485287544017]], ""P"": [[1000.0, 0.0, 0.0, 0.0], [0.0, 100000.0, 0.0, 0.0], [0.0, 0.0, 1000.0, 0.0], [0.0, 0.0, 0.0, 100000.0]]}","[0.8439226444117804, 1.5743976973317655, 0.0]",False
3,P21,09ce0dcc-884e-4c47-9efa-46e431e4bea2,24,1,haply,mpc,seeded_random,2698308921,persist_session,10.0,60.71946006774902,1626.789681543,0,1786366628.2114422,969.0,True,normal,adaptive,-0.064,-0.048,0.0,0.064,0.048,0.0,0.028435461,0.0004716199999999,0.0,0.044693183,-0.053796634,0.20128469,0.008055564,-0.006212332,0.009691298,"[-0.3904082316113539, 1.8413982564836069, 0.0, 0.0, 0.0, 0.0, -0.5717650788215459, 3.22836440325218]","[0.031015528073837687, 0.03729216387984118, 0.0]","{""Controller Type"": ""MPC Controller"", ""weight_comfort"": 476.95485287544017, ""weight_trajectory"": 3138.270882747359, ""weight_goal"": 1000.0, ""Q"": [[3138.270882747359, 0.0, 0.0, 0.0], [0.0, 0.0, 0.0, 0.0], [0.0, 0.0, 3138.270882747359, 0.0], [0.0, 0.0, 0.0, 0.0]], ""R"": [[476.95485287544017, 0.0], [0.0, 476.95485287544017]], ""P"": [[1000.0, 0.0, 0.0, 0.0], [0.0, 100000.0, 0.0, 0.0], [0.0, 0.0, 1000.0, 0.0], [0.0, 0.0, 0.0, 100000.0]]}","[0.8975070323128964, 1.5568817704352271, 0.0]",False
3,P21,09ce0dcc-884e-4c47-9efa-46e431e4bea2,24,1,haply,mpc,seeded_random,2698308921,persist_session,10.0,60.72932821273803,1626.799549417,0,1786366628.2212844,970.0,True,normal,adaptive,-0.064,-0.048,0.0,0.064,0.048,0.0,0.028671942,0.0006653399999999,0.0,0.04477201,-0.05385905,0.20138155,0.008147034,-0.0061339294,0.0096861245,"[-0.39992480654475043, 1.9002735263848691, 0.0, 0.0, 0.0, 0.0, -0.571749183792048, 3.2036408167190866]","[0.044375735045682166, 0.032867966003379934, 0.0]","{""Controller Type"": ""MPC Controller"", ""weight_comfort"": 476.66406886890223, ""weight_trajectory"": 3140.0155867865865, ""weight_goal"": 1000.0, ""Q"": [[3140.0155867865865, 0.0, 0.0, 0.0], [0.0, 0.0, 0.0, 0.0], [0.0, 0.0, 3140.0155867865865, 0.0], [0.0, 0.0, 0.0, 0.0]], ""R"": [[476.66406886890223, 0.0], [0.0, 476.66406886890223]], ""P"": [[1000.0, 0.0, 0.0, 0.0], [0.0, 100000.0, 0.0, 0.0], [0.0, 0.0, 1000.0, 0.0], [0.0, 0.0, 0.0, 100000.0]]}","[0.8269542860633627, 1.5624609982954547, 0.0]",False
3,P21,09ce0dcc-884e-4c47-9efa-46e431e4bea2,24,1,haply,mpc,seeded_random,2698308921,persist_session,10.0,60.73943739891052,1626.809644381,0,1786366628.2312872,971.0,True,normal,adaptive,-0.064,-0.048,0.0,0.064,0.048,0.0,0.028929333,0.0009094999999999,0.0,0.044857807,-0.05394549,0.20150363,0.008285328,-0.006158871,0.009798696,"[-0.39737232927114385, 1.8541200953809707, 0.0, 0.0, 0.0, 0.0, -0.5720149260677796, 3.2141119934333924]","[0.030511207362578074, 0.036186194738970626, 0.0]","{""Controller Type"": ""MPC Controller"", ""weight_comfort"": 476.66406886890223, ""weight_trajectory"": 3140.0155867865865, ""weight_goal"": 1000.0, ""Q"": [[3140.0155867865865, 0.0, 0.0, 0.0], [0.0, 0.0, 0.0, 0.0], [0.0, 0.0, 3140.0155867865865, 0.0], [0.0, 0.0, 0.0, 0.0]], ""R"": [[476.66406886890223, 0.0], [0.0, 476.66406886890223]], ""P"": [[1000.0, 0.0, 0.0, 0.0], [0.0, 100000.0, 0.0, 0.0], [0.0, 0.0, 1000.0, 0.0], [0.0, 0.0, 0.0, 100000.0]]}","[0.8828692276892014, 1.5475093857264157, 0.0]",False
3,P21,09ce0dcc-884e-4c47-9efa-46e431e4bea2,24,1,haply,mpc,seeded_random,2698308921,persist_session,10.0,60.7492864704132,1626.819515766,0,1786366628.241206,972.0,True,normal,adaptive,-0.064,-0.048,0.0,0.064,0.048,0.0,0.029265312,0.0011518599999999,0.0,0.0449698,-0.05401513,0.20162481,0.0084237605,-0.006223515,0.009948089,"[-0.39834139027468396, 1.8641701514060218, 0.0, 0.0, 0.0, 0.0, -0.582572737703529, 3.326364812273029]","[0.033998285574932924, 0.05375972957386259, 0.0]","{""Controller Type"": ""MPC Controller"", ""weight_comfort"": 476.66406886890223, ""weight_trajectory"": 3140.0155867865865, ""weight_goal"": 1000.0, ""Q"": [[3140.0155867865865, 0.0, 0.0, 0.0], [0.0, 0.0, 0.0, 0.0], [0.0, 0.0, 3140.0155867865865, 0.0], [0.0, 0.0, 0.0, 0.0]], ""R"": [[476.66406886890223, 0.0], [0.0, 476.66406886890223]], ""P"": [[1000.0, 0.0, 0.0, 0.0], [0.0, 100000.0, 0.0, 0.0], [0.0, 0.0, 1000.0, 0.0], [0.0, 0.0, 0.0, 100000.0]]}","[0.8584160704444396, 1.4947200263039264, 0.0]",False
3,P21,09ce0dcc-884e-4c47-9efa-46e431e4bea2,24,1,haply,mpc,seeded_random,2698308921,persist_session,10.0,60.75937920570373,1626.829593239,0,1786366628.251292,973.0,True,normal,adaptive,-0.064,-0.048,0.0,0.064,0.048,0.0,0.02962293,0.0014454399999999,0.0,0.045089006,-0.054108877,0.2017716,0.008586546,-0.0063846023,0.010198012,"[-0.41611022256868124, 1.955564258874812, 0.0, 0.0, 0.0, 0.0, -0.5812625898377066, 3.3126399162513707]","[0.05178800480209787, 0.05371222194464115, 0.0]","{""Controller Type"": ""MPC Controller"", ""weight_comfort"": 475.8710710422908, ""weight_trajectory"": 3144.7735737462554, ""weight_goal"": 1000.0, ""Q"": [[3144.7735737462554, 0.0, 0.0, 0.0], [0.0, 0.0, 0.0, 0.0], [0.0, 0.0, 3144.7735737462554, 0.0], [0.0, 0.0, 0.0, 0.0]], ""R"": [[475.8710710422908, 0.0], [0.0, 475.8710710422908]], ""P"": [[1000.0, 0.0, 0.0, 0.0], [0.0, 100000.0, 0.0, 0.0], [0.0, 0.0, 1000.0, 0.0], [0.0, 0.0, 0.0, 100000.0]]}","[0.7708352534313025, 1.486303948400024, 0.0]",False
3,P21,09ce0dcc-884e-4c47-9efa-46e431e4bea2,24,1,haply,mpc,seeded_random,2698308921,persist_session,10.0,60.76961928367614,1626.839822115,0,1786366628.2611785,974.0,True,normal,adaptive,-0.064,-0.048,0.0,0.064,0.048,0.0,0.029903433,0.0017427799999999,0.0,0.045182507,-0.054219477,0.20192027,0.008800872,-0.006680698,0.010597935,"[-0.41880387774301286, 1.9685581079508623, 0.0, 0.0, 0.0, 0.0, -0.5992716366983207, 3.45257288916134]","[0.055401248244829795, 0.0725969452123935, 0.0]","{""Controller Type"": ""MPC Controller"", ""weight_comfort"": 475.8710710422908, ""weight_trajectory"": 3144.7735737462554, ""weight_goal"": 1000.0, ""Q"": [[3144.7735737462554, 0.0, 0.0, 0.0], [0.0, 0.0, 0.0, 0.0], [0.0, 0.0, 3144.7735737462554, 0.0], [0.0, 0.0, 0.0, 0.0]], ""R"": [[475.8710710422908, 0.0], [0.0, 475.8710710422908]], ""P"": [[1000.0, 0.0, 0.0, 0.0], [0.0, 100000.0, 0.0, 0.0], [0.0, 0.0, 1000.0, 0.0], [0.0, 0.0, 0.0, 100000.0]]}","[0.7445003530004695, 1.4338393985383293, 0.0]",False
3,P21,09ce0dcc-884e-4c47-9efa-46e431e4bea2,24,1,haply,mpc,seeded_random,2698308921,persist_session,10.0,60.779336748123164,1626.849555164,0,1786366628.2713532,975.0,True,normal,adaptive,-0.064,-0.048,0.0,0.064,0.048,0.0,0.030163932,0.0019905799999999,0.0,0.04526934,-0.054306082,0.20204417,0.009054665,-0.0071617784,0.011186278,"[-0.40879663537831534, 1.9008600496472299, 0.0, 0.0, 0.0, 0.0, -0.600359844221461, 3.460674056383706]","[0.03999324138608722, 0.07630999047455247, 0.0]","{""Controller Type"": ""MPC Controller"", ""weight_comfort"": 475.8710710422908, ""weight_trajectory"": 3144.7735737462554, ""weight_goal"": 1000.0, ""Q"": [[3144.7735737462554, 0.0, 0.0, 0.0], [0.0, 0.0, 0.0, 0.0], [0.0, 0.0, 3144.7735737462554, 0.0], [0.0, 0.0, 0.0, 0.0]], ""R"": [[475.8710710422908, 0.0], [0.0, 475.8710710422908]], ""P"": [[1000.0, 0.0, 0.0, 0.0], [0.0, 100000.0, 0.0, 0.0], [0.0, 0.0, 1000.0, 0.0], [0.0, 0.0, 0.0, 100000.0]]}","[0.8016245227272483, 1.4141599006599228, 0.0]",False
3,P21,09ce0dcc-884e-4c47-9efa-46e431e4bea2,24,1,haply,mpc,seeded_random,2698308921,persist_session,10.0,60.78934556007385,1626.859569846,0,1786366628.281312,976.0,True,normal,adaptive,-0.064,-0.048,0.0,0.064,0.048,0.0,0.030446112,0.0022902399999999,0.0,0.0453634,-0.054416943,0.202194,0.009265916,-0.007580944,0.011699685,"[-0.4062755317943187, 1.8779344161324987, 0.0, 0.0, 0.0, 0.0, -0.5843505746034408, 3.297517605132231]","[0.03433303650582413, 0.053423443863976794, 0.0]","{""Controller Type"": ""MPC Controller"", ""weight_comfort"": 476.37698367039485, ""weight_trajectory"": 3141.7380979776312, ""weight_goal"": 1000.0, ""Q"": [[3141.7380979776312, 0.0, 0.0, 0.0], [0.0, 0.0, 0.0, 0.0], [0.0, 0.0, 3141.7380979776312, 0.0], [0.0, 0.0, 0.0, 0.0]], ""R"": [[476.37698367039485, 0.0], [0.0, 476.37698367039485]], ""P"": [[1000.0, 0.0, 0.0, 0.0], [0.0, 100000.0, 0.0, 0.0], [0.0, 0.0, 1000.0, 0.0], [0.0, 0.0, 0.0, 100000.0]]}","[0.8189131032428193, 1.458942552728378, 0.0]",False
3,P21,09ce0dcc-884e-4c47-9efa-46e431e4bea2,24,1,haply,mpc,seeded_random,2698308921,persist_session,10.0,60.799396095275874,1626.869615285,0,1786366628.291459,977.0,True,normal,adaptive,-0.064,-0.048,0.0,0.064,0.048,0.0,0.030786651,0.0025373399999999,0.0,0.045476913,-0.054486677,0.20231755,0.009433268,-0.007889726,0.012091774,"[-0.40950756940377014, 1.8990619929206722, 0.0, 0.0, 0.0, 0.0, -0.6097408528737689, 3.4839159596327787]","[0.04006915734902002, 0.07696040999571796, 0.0]","{""Controller Type"": ""MPC Controller"", ""weight_comfort"": 476.37698367039485, ""weight_trajectory"": 3141.7380979776312, ""weight_goal"": 1000.0, ""Q"": [[3141.7380979776312, 0.0, 0.0, 0.0], [0.0, 0.0, 0.0, 0.0], [0.0, 0.0, 3141.7380979776312, 0.0], [0.0, 0.0, 0.0, 0.0]], ""R"": [[476.37698367039485, 0.0], [0.0, 476.37698367039485]], ""P"": [[1000.0, 0.0, 0.0, 0.0], [0.0, 100000.0, 0.0, 0.0], [0.0, 0.0, 1000.0, 0.0], [0.0, 0.0, 0.0, 100000.0]]}","[0.7838183023582717, 1.393732083428303, 0.0]",False
3,P21,09ce0dcc-884e-4c47-9efa-46e431e4bea2,24,1,haply,mpc,seeded_random,2698308921,persist_session,10.0,60.80945139884948,1626.87967475,0,1786366628.3014166,978.0,True,normal,adaptive,-0.064,-0.048,0.0,0.064,0.048,0.0,0.031028331,0.0027367199999999,0.0,0.045557473,-0.05454931,0.20241724,0.009566204,-0.008102352,0.012379486,"[-0.42072304380763254, 1.9542914260122402, 0.0, 0.0, 0.0, 0.0, -0.5933311232273236, 3.3204489234532772]","[0.05161288064911609, 0.053884489981028835, 0.0]","{""Controller Type"": ""MPC Controller"", ""weight_comfort"": 476.37698367039485, ""weight_trajectory"": 3141.7380979776312, ""weight_goal"": 1000.0, ""Q"": [[3141.7380979776312, 0.0, 0.0, 0.0], [0.0, 0.0, 0.0, 0.0], [0.0, 0.0, 3141.7380979776312, 0.0], [0.0, 0.0, 0.0, 0.0]], ""R"": [[476.37698367039485, 0.0], [0.0, 476.37698367039485]], ""P"": [[1000.0, 0.0, 0.0, 0.0], [0.0, 100000.0, 0.0, 0.0], [0.0, 0.0, 1000.0, 0.0], [0.0, 0.0, 0.0, 100000.0]]}","[0.7233429839749199, 1.4390485193967362, 0.0]",False
3,P21,09ce0dcc-884e-4c47-9efa-46e431e4bea2,24,1,haply,mpc,seeded_random,2698308921,persist_session,10.0,60.819415149688716,1626.889636884,0,1786366628.3113277,979.0,True,normal,adaptive,-0.064,-0.048,0.0,0.064,0.048,0.0,0.031291713,0.0029879599999999,0.0,0.045645267,-0.05463609,0.20254286,0.009647236,-0.008205022,0.012539251,"[-0.41430571215174267, 1.8878313828698614, 0.0, 0.0, 0.0, 0.0, -0.589398647812937, 3.234124871522191]","[0.03215925331167703, 0.03807874587199865, 0.0]","{""Controller Type"": ""MPC Controller"", ""weight_comfort"": 476.7960451733828, ""weight_trajectory"": 3139.2237289597033, ""weight_goal"": 1000.0, ""Q"": [[3139.2237289597033, 0.0, 0.0, 0.0], [0.0, 0.0, 0.0, 0.0], [0.0, 0.0, 3139.2237289597033, 0.0], [0.0, 0.0, 0.0, 0.0]], ""R"": [[476.7960451733828, 0.0], [0.0, 476.7960451733828]], ""P"": [[1000.0, 0.0, 0.0, 0.0], [0.0, 100000.0, 0.0, 0.0], [0.0, 0.0, 1000.0, 0.0], [0.0, 0.0, 0.0, 100000.0]]}","[0.8020821106897964, 1.4726480595659355, 0.0]",False
3,P21,09ce0dcc-884e-4c47-9efa-46e431e4bea2,24,1,haply,mpc,seeded_random,2698308921,persist_session,10.0,60.82935982704162,1626.899585009,0,1786366628.3213165,980.0,True,normal,adaptive,-0.064,-0.048,0.0,0.064,0.048,0.0,0.031591884,0.0031343799999999,0.0,0.045745324,-0.05465743,0.20261607,0.009704027,-0.008169997,0.012562505,"[-0.41653021851568156, 1.9038336340443682, 0.0, 0.0, 0.0, 0.0, -0.6044381237584737, 3.3697003806531813]","[0.036969538242342906, 0.05821308266575172, 0.0]","{""Controller Type"": ""MPC Controller"", ""weight_comfort"": 476.7960451733828, ""weight_trajectory"": 3139.2237289597033, ""weight_goal"": 1000.0, ""Q"": [[3139.2237289597033, 0.0, 0.0, 0.0], [0.0, 0.0, 0.0, 0.0], [0.0, 0.0, 3139.2237289597033, 0.0], [0.0, 0.0, 0.0, 0.0]], ""R"": [[476.7960451733828, 0.0], [0.0, 476.7960451733828]], ""P"": [[1000.0, 0.0, 0.0, 0.0], [0.0, 100000.0, 0.0, 0.0], [0.0, 0.0, 1000.0, 0.0], [0.0, 0.0, 0.0, 100000.0]]}","[0.771560402688867, 1.4132802602550838, 0.0]",False
3,P21,09ce0dcc-884e-4c47-9efa-46e431e4bea2,24,1,haply,mpc,seeded_random,2698308921,persist_session,10.0,60.83934861183166,1626.909568897,0,1786366628.331359,981.0,True,normal,adaptive,-0.064,-0.048,0.0,0.064,0.048,0.0,0.03193551,0.0033844399999999,0.0,0.045859866,-0.054727122,0.2027411,0.009708474,-0.007963647,0.012401572,"[-0.4221167520818191, 1.9345817852798282, 0.0, 0.0, 0.0, 0.0, -0.619647354142677, 3.2794278198230837]","[0.044455726687732317, 0.020270432379659867, 0.0]","{""Controller Type"": ""MPC Controller"", ""weight_comfort"": 476.7960451733828, ""weight_trajectory"": 3139.2237289597033, ""weight_goal"": 1000.0, ""Q"": [[3139.2237289597033, 0.0, 0.0, 0.0], [0.0, 0.0, 0.0, 0.0], [0.0, 0.0, 3139.2237289597033, 0.0], [0.0, 0.0, 0.0, 0.0]], ""R"": [[476.7960451733828, 0.0], [0.0, 476.7960451733828]], ""P"": [[1000.0, 0.0, 0.0, 0.0], [0.0, 100000.0, 0.0, 0.0], [0.0, 0.0, 1000.0, 0.0], [0.0, 0.0, 0.0, 100000.0]]}","[0.7285142089698481, 1.508726376462548, 0.0]",False
3,P21,09ce0dcc-884e-4c47-9efa-46e431e4bea2,24,1,haply,mpc,seeded_random,2698308921,persist_session,10.0,60.849395570755,1626.919618843,0,1786366628.3411882,982.0,True,normal,adaptive,-0.064,-0.048,0.0,0.064,0.048,0.0,0.032100477,0.0035887999999999,0.0,0.045914855,-0.05480691,0.20284328,0.009712316,-0.00775226,0.012235252,"[-0.431786578261348, 1.9795091182088773, 0.0, 0.0, 0.0, 0.0, -0.6485294951148245, 3.543520461126808]","[0.053888676519712214, 0.05930039444993318, 0.0]","{""Controller Type"": ""MPC Controller"", ""weight_comfort"": 474.9641930743072, ""weight_trajectory"": 3150.214841554157, ""weight_goal"": 1000.0, ""Q"": [[3150.214841554157, 0.0, 0.0, 0.0], [0.0, 0.0, 0.0, 0.0], [0.0, 0.0, 3150.214841554157, 0.0], [0.0, 0.0, 0.0, 0.0]], ""R"": [[474.9641930743072, 0.0], [0.0, 474.9641930743072]], ""P"": [[1000.0, 0.0, 0.0, 0.0], [0.0, 100000.0, 0.0, 0.0], [0.0, 0.0, 1000.0, 0.0], [0.0, 0.0, 0.0, 100000.0]]}","[0.6778532167611047, 1.4045233586233863, 0.0]",False
3,P21,09ce0dcc-884e-4c47-9efa-46e431e4bea2,24,1,haply,mpc,seeded_random,2698308921,persist_session,10.0,60.859324512481685,1626.929544778,0,1786366628.3514524,983.0,True,normal,adaptive,-0.064,-0.048,0.0,0.064,0.048,0.0,0.032445522,0.0038403199999999,0.0,0.04602987,-0.054876585,0.20296904,0.009716711,-0.007593366,0.012117733,"[-0.44342536164509916, 1.9259381010803036, 0.0, 0.0, 0.0, 0.0, -0.6426188695603051, 3.4521332196421435]","[0.018178382392465147, 0.04323360962607721, 0.0]","{""Controller Type"": ""MPC Controller"", ""weight_comfort"": 474.9641930743072, ""weight_trajectory"": 3150.214841554157, ""weight_goal"": 1000.0, ""Q"": [[3150.214841554157, 0.0, 0.0, 0.0], [0.0, 0.0, 0.0, 0.0], [0.0, 0.0, 3150.214841554157, 0.0], [0.0, 0.0, 0.0, 0.0]], ""R"": [[474.9641930743072, 0.0], [0.0, 474.9641930743072]], ""P"": [[1000.0, 0.0, 0.0, 0.0], [0.0, 100000.0, 0.0, 0.0], [0.0, 0.0, 1000.0, 0.0], [0.0, 0.0, 0.0, 100000.0]]}","[0.8368386427383836, 1.4385999973032741, 0.0]",False
3,P21,09ce0dcc-884e-4c47-9efa-46e431e4bea2,24,1,haply,mpc,seeded_random,2698308921,persist_session,10.0,60.869405565261836,1626.939623734,0,1786366628.3611114,984.0,True,normal,adaptive,-0.064,-0.048,0.0,0.064,0.048,0.0,0.032690562,0.0040432799999999,0.0,0.04611155,-0.05493921,0.20307052,0.009697258,-0.007504516,0.012050242,"[-0.48496237599655595, 2.119122360281805, 0.0, 0.0, 0.0, 0.0, -0.6514351730347797, 3.533513224162388]","[0.055934726555980564, 0.05782047187882816, 0.0]","{""Controller Type"": ""MPC Controller"", ""weight_comfort"": 474.9641930743072, ""weight_trajectory"": 3150.214841554157, ""weight_goal"": 1000.0, ""Q"": [[3150.214841554157, 0.0, 0.0, 0.0], [0.0, 0.0, 0.0, 0.0], [0.0, 0.0, 3150.214841554157, 0.0], [0.0, 0.0, 0.0, 0.0]], ""R"": [[474.9641930743072, 0.0], [0.0, 474.9641930743072]], ""P"": [[1000.0, 0.0, 0.0, 0.0], [0.0, 100000.0, 0.0, 0.0], [0.0, 0.0, 1000.0, 0.0], [0.0, 0.0, 0.0, 100000.0]]}","[0.6674997081451706, 1.395322672745275, 0.0]",False
3,P21,09ce0dcc-884e-4c47-9efa-46e431e4bea2,24,1,haply,mpc,seeded_random,2698308921,persist_session,10.0,60.87941199302673,1626.949631091,0,1786366628.371215,985.0,True,normal,adaptive,-0.064,-0.048,0.0,0.064,0.048,0.0,0.032856903,0.0042493999999999,0.0,0.046166997,-0.055019125,0.20317358,0.009653951,-0.007421408,0.0119739985,"[-0.47547819557613635, 2.0501150698692303, 0.0, 0.0, 0.0, 0.0, -0.6455993125258618, 3.4512813486298204]","[0.03712231064592802, 0.044141325291107994, 0.0]","{""Controller Type"": ""MPC Controller"", ""weight_comfort"": 475.3997027997707, ""weight_trajectory"": 3147.601783201376, ""weight_goal"": 1000.0, ""Q"": [[3147.601783201376, 0.0, 0.0, 0.0], [0.0, 0.0, 0.0, 0.0], [0.0, 0.0, 3147.601783201376, 0.0], [0.0, 0.0, 0.0, 0.0]], ""R"": [[475.3997027997707, 0.0], [0.0, 475.3997027997707]], ""P"": [[1000.0, 0.0, 0.0, 0.0], [0.0, 100000.0, 0.0, 0.0], [0.0, 0.0, 1000.0, 0.0], [0.0, 0.0, 0.0, 100000.0]]}","[0.7364473580592086, 1.4209912239655043, 0.0]",False
3,P21,09ce0dcc-884e-4c47-9efa-46e431e4bea2,24,1,haply,mpc,seeded_random,2698308921,persist_session,10.0,60.88932090759277,1626.959546521,0,1786366628.3811908,986.0,True,normal,adaptive,-0.064,-0.048,0.0,0.064,0.048,0.0,0.033080982,0.0044010399999999,0.0,0.04624169,-0.055057466,0.2032494,0.009500121,-0.0072456403,0.01175094,"[-0.48109879551621026, 2.0236070686378187, 0.0, 0.0, 0.0, 0.0, -0.6443607006975338, 3.43165309695461]","[0.018332486777934157, 0.04181607345810718, 0.0]","{""Controller Type"": ""MPC Controller"", ""weight_comfort"": 475.3997027997707, ""weight_trajectory"": 3147.601783201376, ""weight_goal"": 1000.0, ""Q"": [[3147.601783201376, 0.0, 0.0, 0.0], [0.0, 0.0, 0.0, 0.0], [0.0, 0.0, 3147.601783201376, 0.0], [0.0, 0.0, 0.0, 0.0]], ""R"": [[475.3997027997707, 0.0], [0.0, 475.3997027997707]], ""P"": [[1000.0, 0.0, 0.0, 0.0], [0.0, 100000.0, 0.0, 0.0], [0.0, 0.0, 1000.0, 0.0], [0.0, 0.0, 0.0, 100000.0]]}","[0.8142263158725833, 1.4184984494034092, 0.0]",False
3,P21,09ce0dcc-884e-4c47-9efa-46e431e4bea2,24,1,haply,mpc,seeded_random,2698308921,persist_session,10.0,60.89939480781555,1626.969616106,0,1786366628.3913271,987.0,True,normal,adaptive,-0.064,-0.048,0.0,0.064,0.048,0.0,0.033226044,0.0045556199999999,0.0,0.046290044,-0.05511312,0.20332669,0.00922737,-0.007016748,0.0114125535,"[-0.484260929106633, 2.059202942185693, 0.0, 0.0, 0.0, 0.0, -0.6496847621553642, 3.3795466283675286]","[0.031282071323753005, 0.02304684514140019, 0.0]","{""Controller Type"": ""MPC Controller"", ""weight_comfort"": 475.3997027997707, ""weight_trajectory"": 3147.601783201376, ""weight_goal"": 1000.0, ""Q"": [[3147.601783201376, 0.0, 0.0, 0.0], [0.0, 0.0, 0.0, 0.0], [0.0, 0.0, 3147.601783201376, 0.0], [0.0, 0.0, 0.0, 0.0]], ""R"": [[475.3997027997707, 0.0], [0.0, 475.3997027997707]], ""P"": [[1000.0, 0.0, 0.0, 0.0], [0.0, 100000.0, 0.0, 0.0], [0.0, 0.0, 1000.0, 0.0], [0.0, 0.0, 0.0, 100000.0]]}","[0.7503928074855651, 1.462093523846011, 0.0]",False
3,P21,09ce0dcc-884e-4c47-9efa-46e431e4bea2,24,1,haply,mpc,seeded_random,2698308921,persist_session,10.0,60.90939241409301,1626.979612507,0,1786366628.4014835,988.0,True,normal,adaptive,-0.064,-0.048,0.0,0.064,0.048,0.0,0.03342873,0.0046552799999999,0.0,0.046357606,-0.055127077,0.20337652,0.008825744,-0.0065818457,0.010812331,"[-0.49240123666425206, 2.0440808744037793, 0.0, 0.0, 0.0, 0.0, -0.6498562491161524, 3.3777540632379095]","[0.014099801725932505, 0.02327828764613193, 0.0]","{""Controller Type"": ""MPC Controller"", ""weight_comfort"": 476.0359215175029, ""weight_trajectory"": 3143.784470894983, ""weight_goal"": 1000.0, ""Q"": [[3143.784470894983, 0.0, 0.0, 0.0], [0.0, 0.0, 0.0, 0.0], [0.0, 0.0, 3143.784470894983, 0.0], [0.0, 0.0, 0.0, 0.0]], ""R"": [[476.0359215175029, 0.0], [0.0, 476.0359215175029]], ""P"": [[1000.0, 0.0, 0.0, 0.0], [0.0, 100000.0, 0.0, 0.0], [0.0, 0.0, 1000.0, 0.0], [0.0, 0.0, 0.0, 100000.0]]}","[0.8219425952002822, 1.4561043552852235, 0.0]",False
3,P21,09ce0dcc-884e-4c47-9efa-46e431e4bea2,24,1,haply,mpc,seeded_random,2698308921,persist_session,10.0,60.9193623638153,1626.989570384,0,1786366628.41126,989.0,True,normal,adaptive,-0.064,-0.048,0.0,0.064,0.048,0.0,0.033574302,0.0048105199999999,0.0,0.04640613,-0.055182774,0.20345414,0.008373594,-0.006096252,0.010135907,"[-0.4930150597192275, 2.070314379962406, 0.0, 0.0, 0.0, 0.0, -0.6672860173588749, 3.3794300596186875]","[0.026244120611298657, 0.004237462705938905, 0.0]","{""Controller Type"": ""MPC Controller"", ""weight_comfort"": 476.0359215175029, ""weight_trajectory"": 3143.784470894983, ""weight_goal"": 1000.0, ""Q"": [[3143.784470894983, 0.0, 0.0, 0.0], [0.0, 0.0, 0.0, 0.0], [0.0, 0.0, 3143.784470894983, 0.0], [0.0, 0.0, 0.0, 0.0]], ""R"": [[476.0359215175029, 0.0], [0.0, 476.0359215175029]], ""P"": [[1000.0, 0.0, 0.0, 0.0], [0.0, 100000.0, 0.0, 0.0], [0.0, 0.0, 1000.0, 0.0], [0.0, 0.0, 0.0, 100000.0]]}","[0.7615973510998362, 1.5028209176872238, 0.0]",False
3,P21,09ce0dcc-884e-4c47-9efa-46e431e4bea2,24,1,haply,mpc,seeded_random,2698308921,persist_session,10.0,60.92931371688842,1626.999542541,0,1786366628.4214623,990.0,True,normal,adaptive,-0.064,-0.048,0.0,0.064,0.048,0.0,0.03361845,0.0049158599999999,0.0,0.046420846,-0.055231497,0.20350681,0.007860183,-0.005634368,0.009444846,"[-0.4975110704382491, 2.0584175682836925, 0.0, 0.0, 0.0, 0.0, -0.6636365933053601, 3.4448034491024275]","[0.01551240889418513, 0.026037030750277176, 0.0]","{""Controller Type"": ""MPC Controller"", ""weight_comfort"": 476.0359215175029, ""weight_trajectory"": 3143.784470894983, ""weight_goal"": 1000.0, ""Q"": [[3143.784470894983, 0.0, 0.0, 0.0], [0.0, 0.0, 0.0, 0.0], [0.0, 0.0, 3143.784470894983, 0.0], [0.0, 0.0, 0.0, 0.0]], ""R"": [[476.0359215175029, 0.0], [0.0, 476.0359215175029]], ""P"": [[1000.0, 0.0, 0.0, 0.0], [0.0, 100000.0, 0.0, 0.0], [0.0, 0.0, 1000.0, 0.0], [0.0, 0.0, 0.0, 100000.0]]}","[0.8042469117878004, 1.440527941609783, 0.0]",False
3,P21,09ce0dcc-884e-4c47-9efa-46e431e4bea2,24,1,haply,mpc,seeded_random,2698308921,persist_session,10.0,60.93932181358337,1627.009546577,0,1786366628.4315245,991.0,True,normal,adaptive,-0.064,-0.048,0.0,0.064,0.048,0.0,0.033662592,0.0050213399999999,0.0,0.04643556,-0.055280205,0.20355955,0.0074168136,-0.005135638,0.008756157,"[-0.5270684572242891, 2.094468862764856, 0.0, 0.0, 0.0, 0.0, -0.6799763521917586, 3.440752388784171]","[-0.0069499421168990015, 0.006229618965581621, 0.0]","{""Controller Type"": ""MPC Controller"", ""weight_comfort"": 475.8415085613262, ""weight_trajectory"": 3144.9509486320426, ""weight_goal"": 1000.0, ""Q"": [[3144.9509486320426, 0.0, 0.0, 0.0], [0.0, 0.0, 0.0, 0.0], [0.0, 0.0, 3144.9509486320426, 0.0], [0.0, 0.0, 0.0, 0.0]], ""R"": [[475.8415085613262, 0.0], [0.0, 475.8415085613262]], ""P"": [[1000.0, 0.0, 0.0, 0.0], [0.0, 100000.0, 0.0, 0.0], [0.0, 0.0, 1000.0, 0.0], [0.0, 0.0, 0.0, 100000.0]]}","[0.9018694777380788, 1.488467240875852, 0.0]",False
3,P21,09ce0dcc-884e-4c47-9efa-46e431e4bea2,24,1,haply,mpc,seeded_random,2698308921,persist_session,10.0,60.94931465148925,1627.019540048,0,1786366628.4414709,992.0,True,normal,adaptive,-0.064,-0.048,0.0,0.064,0.048,0.0,0.033786402,0.0051243399999999,0.0,0.04647683,-0.05531156,0.20361105,0.0069947257,-0.004709156,0.008144168,"[-0.5267041848261523, 2.0940271637057717, 0.0, 0.0, 0.0, 0.0, -0.6797207807996206, 3.4408476919887456]","[-0.006792104750303056, 0.006857865426935349, 0.0]","{""Controller Type"": ""MPC Controller"", ""weight_comfort"": 475.8415085613262, ""weight_trajectory"": 3144.9509486320426, ""weight_goal"": 1000.0, ""Q"": [[3144.9509486320426, 0.0, 0.0, 0.0], [0.0, 0.0, 0.0, 0.0], [0.0, 0.0, 3144.9509486320426, 0.0], [0.0, 0.0, 0.0, 0.0]], ""R"": [[475.8415085613262, 0.0], [0.0, 475.8415085613262]], ""P"": [[1000.0, 0.0, 0.0, 0.0], [0.0, 100000.0, 0.0, 0.0], [0.0, 0.0, 1000.0, 0.0], [0.0, 0.0, 0.0, 100000.0]]}","[0.9002672157084659, 1.4833002296126216, 0.0]",False
3,P21,09ce0dcc-884e-4c47-9efa-46e431e4bea2,24,1,haply,mpc,seeded_random,2698308921,persist_session,10.0,60.95932012557983,1627.029542512,0,1786366628.4512975,993.0,True,normal,adaptive,-0.064,-0.048,0.0,0.064,0.048,0.0,0.033852831,0.0052830799999999,0.0,0.046498973,-0.055384748,0.20369042,0.0061211167,-0.004700006,0.0076641026,"[-0.5164035512740283, 2.101604883583321, 0.0, 0.0, 0.0, 0.0, -0.6802845427163614, 3.440677554634043]","[0.010557293593470879, 0.006461644991913384, 0.0]","{""Controller Type"": ""MPC Controller"", ""weight_comfort"": 475.8415085613262, ""weight_trajectory"": 3144.9509486320426, ""weight_goal"": 1000.0, ""Q"": [[3144.9509486320426, 0.0, 0.0, 0.0], [0.0, 0.0, 0.0, 0.0], [0.0, 0.0, 3144.9509486320426, 0.0], [0.0, 0.0, 0.0, 0.0]], ""R"": [[475.8415085613262, 0.0], [0.0, 475.8415085613262]], ""P"": [[1000.0, 0.0, 0.0, 0.0], [0.0, 100000.0, 0.0, 0.0], [0.0, 0.0, 1000.0, 0.0], [0.0, 0.0, 0.0, 100000.0]]}","[0.8206978082068945, 1.4809352129975664, 0.0]",False
3,P21,09ce0dcc-884e-4c47-9efa-46e431e4bea2,24,1,haply,mpc,seeded_random,2698308921,persist_session,10.0,60.96936398506164,1627.039584734,0,1786366628.4613469,994.0,True,normal,adaptive,-0.064,-0.048,0.0,0.064,0.048,0.0,0.033976917,0.0053864399999999,0.0,0.046540335,-0.05541615,0.2037421,0.005445324,-0.0047077816,0.007307828,"[-0.5301346890499575, 2.1139542624992282, 0.0, 0.0, 0.0, 0.0, -0.6780134425558931, 3.5066480501547788]","[-0.001691562023455986, 0.027683793663345016, 0.0]","{""Controller Type"": ""MPC Controller"", ""weight_comfort"": 475.33749711111983, ""weight_trajectory"": 3147.975017333281, ""weight_goal"": 1000.0, ""Q"": [[3147.975017333281, 0.0, 0.0, 0.0], [0.0, 0.0, 0.0, 0.0], [0.0, 0.0, 3147.975017333281, 0.0], [0.0, 0.0, 0.0, 0.0]], ""R"": [[475.33749711111983, 0.0], [0.0, 475.33749711111983]], ""P"": [[1000.0, 0.0, 0.0, 0.0], [0.0, 100000.0, 0.0, 0.0], [0.0, 0.0, 1000.0, 0.0], [0.0, 0.0, 0.0, 100000.0]]}","[0.8721306418028546, 1.4206440551972521, 0.0]",False
3,P21,09ce0dcc-884e-4c47-9efa-46e431e4bea2,24,1,haply,mpc,seeded_random,2698308921,persist_session,10.0,60.9793947315216,1627.049616148,0,1786366628.4713628,995.0,True,normal,adaptive,-0.064,-0.048,0.0,0.064,0.048,0.0,0.034123362,0.0055430199999999,0.0,0.04658915,-0.05547193,0.20382039,0.004964971,-0.004727245,0.007069136,"[-0.5231257436732132, 2.119039938180804, 0.0, 0.0, 0.0, 0.0, -0.6951550735012985, 3.5016487267869176]","[0.010459364065602664, 0.006392297968274358, 0.0]","{""Controller Type"": ""MPC Controller"", ""weight_comfort"": 475.33749711111983, ""weight_trajectory"": 3147.975017333281, ""weight_goal"": 1000.0, ""Q"": [[3147.975017333281, 0.0, 0.0, 0.0], [0.0, 0.0, 0.0, 0.0], [0.0, 0.0, 3147.975017333281, 0.0], [0.0, 0.0, 0.0, 0.0]], ""R"": [[475.33749711111983, 0.0], [0.0, 475.33749711111983]], ""P"": [[1000.0, 0.0, 0.0, 0.0], [0.0, 100000.0, 0.0, 0.0], [0.0, 0.0, 1000.0, 0.0], [0.0, 0.0, 0.0, 100000.0]]}","[0.8160100977045944, 1.4728169995144191, 0.0]",False
3,P21,09ce0dcc-884e-4c47-9efa-46e431e4bea2,24,1,haply,mpc,seeded_random,2698308921,persist_session,10.0,60.989308414459224,1627.059527352,0,1786366628.4812927,996.0,True,normal,adaptive,-0.064,-0.048,0.0,0.064,0.048,0.0,0.034167882,0.0056494399999999,0.0,0.04660399,-0.0555208,0.2038736,0.0046175094,-0.0047273473,0.0068853837,"[-0.5213758232570378, 2.1236992423570187, 0.0, 0.0, 0.0, 0.0, -0.6922160151769803, 3.5568354843736376]","[0.015473985519518986, 0.02621475919510083, 0.0]","{""Controller Type"": ""MPC Controller"", ""weight_comfort"": 475.33749711111983, ""weight_trajectory"": 3147.975017333281, ""weight_goal"": 1000.0, ""Q"": [[3147.975017333281, 0.0, 0.0, 0.0], [0.0, 0.0, 0.0, 0.0], [0.0, 0.0, 3147.975017333281, 0.0], [0.0, 0.0, 0.0, 0.0]], ""R"": [[475.33749711111983, 0.0], [0.0, 475.33749711111983]], ""P"": [[1000.0, 0.0, 0.0, 0.0], [0.0, 100000.0, 0.0, 0.0], [0.0, 0.0, 1000.0, 0.0], [0.0, 0.0, 0.0, 100000.0]]}","[0.7899618506670314, 1.4171676000147853, 0.0]",False
3,P21,09ce0dcc-884e-4c47-9efa-46e431e4bea2,24,1,haply,mpc,seeded_random,2698308921,persist_session,10.0,60.999325571060176,1627.069552995,0,1786366628.4912686,997.0,True,normal,adaptive,-0.064,-0.048,0.0,0.064,0.048,0.0,0.034212381,0.0057559399999999,0.0,0.046618823,-0.055569656,0.20392685,0.0043162536,-0.004741226,0.006739365,"[-0.5496405488242749, 2.157473495041919, 0.0, 0.0, 0.0, 0.0, -0.7056701938803398, 3.54802972224411]","[-0.006724058349269448, 0.008139175073282118, 0.0]","{""Controller Type"": ""MPC Controller"", ""weight_comfort"": 475.18181126656845, ""weight_trajectory"": 3148.9091324005894, ""weight_goal"": 1000.0, ""Q"": [[3148.9091324005894, 0.0, 0.0, 0.0], [0.0, 0.0, 0.0, 0.0], [0.0, 0.0, 3148.9091324005894, 0.0], [0.0, 0.0, 0.0, 0.0]], ""R"": [[475.18181126656845, 0.0], [0.0, 475.18181126656845]], ""P"": [[1000.0, 0.0, 0.0, 0.0], [0.0, 100000.0, 0.0, 0.0], [0.0, 0.0, 1000.0, 0.0], [0.0, 0.0, 0.0, 100000.0]]}","[0.883643276932434, 1.4591168138905835, 0.0]",False
3,P21,09ce0dcc-884e-4c47-9efa-46e431e4bea2,24,1,haply,mpc,seeded_random,2698308921,persist_session,10.0,61.009409961700435,1627.079632666,0,1786366628.501197,998.0,True,normal,adaptive,-0.064,-0.048,0.0,0.064,0.048,0.0,0.034256952,0.0058626799999999,0.0,0.04663368,-0.05561859,0.20398022,0.004105631,-0.004751211,0.006639049,"[-0.5495162135092402, 2.1573246969754316, 0.0, 0.0, 0.0, 0.0, -0.7059962986050838, 3.547820074196782]","[-0.006745718659181209, 0.008051375225018302, 0.0]","{""Controller Type"": ""MPC Controller"", ""weight_comfort"": 475.18181126656845, ""weight_trajectory"": 3148.9091324005894, ""weight_goal"": 1000.0, ""Q"": [[3148.9091324005894, 0.0, 0.0, 0.0], [0.0, 0.0, 0.0, 0.0], [0.0, 0.0, 3148.9091324005894, 0.0], [0.0, 0.0, 0.0, 0.0]], ""R"": [[475.18181126656845, 0.0], [0.0, 475.18181126656845]], ""P"": [[1000.0, 0.0, 0.0, 0.0], [0.0, 100000.0, 0.0, 0.0], [0.0, 0.0, 1000.0, 0.0], [0.0, 0.0, 0.0, 100000.0]]}","[0.8827760575095627, 1.4557052254586185, 0.0]",False
3,P21,09ce0dcc-884e-4c47-9efa-46e431e4bea2,24,1,haply,mpc,seeded_random,2698308921,persist_session,10.0,61.01949268341064,1627.089710703,0,1786366628.5114846,999.0,True,normal,adaptive,-0.064,-0.048,0.0,0.064,0.048,0.0,0.034359222,0.00591332,0.0,0.04666777,-0.05562554,0.20400554,0.003923559,-0.0046950467,0.00649273,"[-0.5492518821052932, 2.1570094138839555, 0.0, 0.0, 0.0, 0.0, -0.7060184336483938, 3.5478039994315616]","[-0.006653381537625059, 0.008391469320996853, 0.0]","{""Controller Type"": ""MPC Controller"", ""weight_comfort"": 475.18181126656845, ""weight_trajectory"": 3148.9091324005894, ""weight_goal"": 1000.0, ""Q"": [[3148.9091324005894, 0.0, 0.0, 0.0], [0.0, 0.0, 0.0, 0.0], [0.0, 0.0, 3148.9091324005894, 0.0], [0.0, 0.0, 0.0, 0.0]], ""R"": [[475.18181126656845, 0.0], [0.0, 475.18181126656845]], ""P"": [[1000.0, 0.0, 0.0, 0.0], [0.0, 100000.0, 0.0, 0.0], [0.0, 0.0, 1000.0, 0.0], [0.0, 0.0, 0.0, 100000.0]]}","[0.8813206712576513, 1.4509362564471313, 0.0]",False
3,P21,09ce0dcc-884e-4c47-9efa-46e431e4bea2,24,1,haply,mpc,seeded_random,2698308921,persist_session,10.0,61.02934390068054,1627.099565298,0,1786366628.52168,1000.0,True,normal,adaptive,-0.064,-0.048,0.0,0.064,0.048,0.0,0.034381542,0.0059667199999999,0.0,0.04667521,-0.055649996,0.20403224,0.0036408687,-0.004734339,0.0063773994,"[-0.5402987002032955, 2.1554093150957714, 0.0, 0.0, 0.0, 0.0, -0.734379962886549, 3.597390966990895]","[0.005412909485314286, -0.0131991636072058, 0.0]","{""Controller Type"": ""MPC Controller"", ""weight_comfort"": 475.0432882806538, ""weight_trajectory"": 3149.7402703160774, ""weight_goal"": 1000.0, ""Q"": [[3149.7402703160774, 0.0, 0.0, 0.0], [0.0, 0.0, 0.0, 0.0], [0.0, 0.0, 3149.7402703160774, 0.0], [0.0, 0.0, 0.0, 0.0]], ""R"": [[475.0432882806538, 0.0], [0.0, 475.0432882806538]], ""P"": [[1000.0, 0.0, 0.0, 0.0], [0.0, 100000.0, 0.0, 0.0], [0.0, 0.0, 1000.0, 0.0], [0.0, 0.0, 0.0, 100000.0]]}","[0.8266968258475461, 1.5039137562255978, 0.0]",False
3,P21,09ce0dcc-884e-4c47-9efa-46e431e4bea2,24,1,haply,mpc,seeded_random,2698308921,persist_session,10.0,61.03938704490661,1627.109603994,0,1786366628.5313623,1001.0,True,normal,adaptive,-0.064,-0.048,0.0,0.064,0.048,0.0,0.034510644,0.0059943599999999,0.0,0.046718244,-0.05569103,0.20404606,0.003338212,-0.0044329073,0.0059351437,"[-0.5643310676713471, 2.1894897965957933, 0.0, 0.0, 0.0, 0.0, -0.7322471690523635, 3.5938154902206914]","[-0.01192137955233281, -0.011955753297315488, 0.0]","{""Controller Type"": ""MPC Controller"", ""weight_comfort"": 475.0432882806538, ""weight_trajectory"": 3149.7402703160774, ""weight_goal"": 1000.0, ""Q"": [[3149.7402703160774, 0.0, 0.0, 0.0], [0.0, 0.0, 0.0, 0.0], [0.0, 0.0, 3149.7402703160774, 0.0], [0.0, 0.0, 0.0, 0.0]], ""R"": [[475.0432882806538, 0.0], [0.0, 475.0432882806538]], ""P"": [[1000.0, 0.0, 0.0, 0.0], [0.0, 100000.0, 0.0, 0.0], [0.0, 0.0, 1000.0, 0.0], [0.0, 0.0, 0.0, 100000.0]]}","[0.8987507074724184, 1.4991639905820164, 0.0]",False
3,P21,09ce0dcc-884e-4c47-9efa-46e431e4bea2,24,1,haply,mpc,seeded_random,2698308921,persist_session,10.0,61.049340305328364,1627.119568689,0,1786366628.5413568,1002.0,True,normal,adaptive,-0.064,-0.048,0.0,0.064,0.048,0.0,0.034532994,0.0060477799999999,0.0,0.046725694,-0.05571548,0.20407277,0.0030842125,-0.0040727733,0.0054647047,"[-0.5526126028508023, 2.2075625666311915, 0.0, 0.0, 0.0, 0.0, -0.7457476152795159, 3.6225919569942406]","[0.013138686346065857, -0.020984340597655936, 0.0]","{""Controller Type"": ""MPC Controller"", ""weight_comfort"": 475.0432882806538, ""weight_trajectory"": 3149.7402703160774, ""weight_goal"": 1000.0, ""Q"": [[3149.7402703160774, 0.0, 0.0, 0.0], [0.0, 0.0, 0.0, 0.0], [0.0, 0.0, 3149.7402703160774, 0.0], [0.0, 0.0, 0.0, 0.0]], ""R"": [[475.0432882806538, 0.0], [0.0, 475.0432882806538]], ""P"": [[1000.0, 0.0, 0.0, 0.0], [0.0, 100000.0, 0.0, 0.0], [0.0, 0.0, 1000.0, 0.0], [0.0, 0.0, 0.0, 100000.0]]}","[0.7897382837343822, 1.5209396673014417, 0.0]",False
3,P21,09ce0dcc-884e-4c47-9efa-46e431e4bea2,24,1,haply,mpc,seeded_random,2698308921,persist_session,10.0,61.059394655227656,1627.129617303,0,1786366628.5518956,1003.0,True,normal,adaptive,-0.064,-0.048,0.0,0.064,0.048,0.0,0.03468474,0.0061292399999999,0.0,0.046776276,-0.055781096,0.2041135,0.0028965906,-0.0037580086,0.005064672,"[-0.5876047674403759, 2.2570214898019345, 0.0, 0.0, 0.0, 0.0, -0.7329553420197905, 3.601511468125607]","[-0.012267617255774538, -0.011498796022906755, 0.0]","{""Controller Type"": ""MPC Controller"", ""weight_comfort"": 474.75300307338597, ""weight_trajectory"": 3151.4819815596843, ""weight_goal"": 1000.0, ""Q"": [[3151.4819815596843, 0.0, 0.0, 0.0], [0.0, 0.0, 0.0, 0.0], [0.0, 0.0, 3151.4819815596843, 0.0], [0.0, 0.0, 0.0, 0.0]], ""R"": [[474.75300307338597, 0.0], [0.0, 474.75300307338597]], ""P"": [[1000.0, 0.0, 0.0, 0.0], [0.0, 100000.0, 0.0, 0.0], [0.0, 0.0, 1000.0, 0.0], [0.0, 0.0, 0.0, 100000.0]]}","[0.8930116738930721, 1.4955938857282998, 0.0]",False
3,P21,09ce0dcc-884e-4c47-9efa-46e431e4bea2,24,1,haply,mpc,seeded_random,2698308921,persist_session,10.0,61.06932168960571,1627.139544673,0,1786366628.5612404,1004.0,True,normal,adaptive,-0.064,-0.048,0.0,0.064,0.048,0.0,0.034787391,0.0061800399999999,0.0,0.046810493,-0.05578804,0.2041389,0.0027644655,-0.003508392,0.0047526844,"[-0.5784807148571246, 2.282193998924534, 0.0, 0.0, 0.0, 0.0, -0.7241185357589871, 3.5933117329925084]","[0.01590247518846121, -0.0025448159731179323, 0.0]","{""Controller Type"": ""MPC Controller"", ""weight_comfort"": 474.75300307338597, ""weight_trajectory"": 3151.4819815596843, ""weight_goal"": 1000.0, ""Q"": [[3151.4819815596843, 0.0, 0.0, 0.0], [0.0, 0.0, 0.0, 0.0], [0.0, 0.0, 3151.4819815596843, 0.0], [0.0, 0.0, 0.0, 0.0]], ""R"": [[474.75300307338597, 0.0], [0.0, 474.75300307338597]], ""P"": [[1000.0, 0.0, 0.0, 0.0], [0.0, 100000.0, 0.0, 0.0], [0.0, 0.0, 1000.0, 0.0], [0.0, 0.0, 0.0, 100000.0]]}","[0.7740420164696347, 1.4711804012696712, 0.0]",False
3,P21,09ce0dcc-884e-4c47-9efa-46e431e4bea2,24,1,haply,mpc,seeded_random,2698308921,persist_session,10.0,61.079416809082026,1627.149624705,0,1786366628.5713074,1005.0,True,normal,adaptive,-0.064,-0.048,0.0,0.064,0.048,0.0,0.03485925,0.0062643,0.0,0.046834446,-0.055871285,0.20418103,0.0026753054,-0.003344241,0.0045465003,"[-0.5839106281946402, 2.280872540218679, 0.0, 0.0, 0.0, 0.0, -0.7354618181421176, 3.6117196764189536]","[0.007997391164753353, -0.011123065344156462, 0.0]","{""Controller Type"": ""MPC Controller"", ""weight_comfort"": 474.75300307338597, ""weight_trajectory"": 3151.4819815596843, ""weight_goal"": 1000.0, ""Q"": [[3151.4819815596843, 0.0, 0.0, 0.0], [0.0, 0.0, 0.0, 0.0], [0.0, 0.0, 3151.4819815596843, 0.0], [0.0, 0.0, 0.0, 0.0]], ""R"": [[474.75300307338597, 0.0], [0.0, 474.75300307338597]], ""P"": [[1000.0, 0.0, 0.0, 0.0], [0.0, 100000.0, 0.0, 0.0], [0.0, 0.0, 1000.0, 0.0], [0.0, 0.0, 0.0, 100000.0]]}","[0.8023916307100792, 1.4910770847949284, 0.0]",False
3,P21,09ce0dcc-884e-4c47-9efa-46e431e4bea2,24,1,haply,mpc,seeded_random,2698308921,persist_session,10.0,61.089320955276484,1627.15954498,0,1786366628.581451,1006.0,True,normal,adaptive,-0.064,-0.048,0.0,0.064,0.048,0.0,0.034984611,0.0063690599999999,0.0,0.046876233,-0.055902798,0.20423341,0.002616809,-0.0032612307,0.0044219517,"[-0.592283448720148, 2.2875462332980003, 0.0, 0.0, 0.0, 0.0, -0.7250885167166985, 3.60496748669768]","[-0.0009308849901440881, -8.874013068722181e-05, 0.0]","{""Controller Type"": ""MPC Controller"", ""weight_comfort"": 474.5252074208023, ""weight_trajectory"": 3152.8487554751864, ""weight_goal"": 1000.0, ""Q"": [[3152.8487554751864, 0.0, 0.0, 0.0], [0.0, 0.0, 0.0, 0.0], [0.0, 0.0, 3152.8487554751864, 0.0], [0.0, 0.0, 0.0, 0.0]], ""R"": [[474.5252074208023, 0.0], [0.0, 474.5252074208023]], ""P"": [[1000.0, 0.0, 0.0, 0.0], [0.0, 100000.0, 0.0, 0.0], [0.0, 0.0, 1000.0, 0.0], [0.0, 0.0, 0.0, 100000.0]]}","[0.8360933401438999, 1.4605635438975477, 0.0]",False
3,P21,09ce0dcc-884e-4c47-9efa-46e431e4bea2,24,1,haply,mpc,seeded_random,2698308921,persist_session,10.0,61.09936600685119,1627.169584525,0,1786366628.591303,1007.0,True,normal,adaptive,-0.064,-0.048,0.0,0.064,0.048,0.0,0.035137128,0.0064508999999999,0.0,0.046927072,-0.05596853,0.20427433,0.0026631244,-0.0034623395,0.0042539863,"[-0.5864281875403403, 2.29334144172224, 0.0, 0.0, 0.0, 0.0, -0.720084789102399, 3.607573986939949]","[0.011327344394601549, 0.007280414233952589, 0.0]","{""Controller Type"": ""MPC Controller"", ""weight_comfort"": 474.5252074208023, ""weight_trajectory"": 3152.8487554751864, ""weight_goal"": 1000.0, ""Q"": [[3152.8487554751864, 0.0, 0.0, 0.0], [0.0, 0.0, 0.0, 0.0], [0.0, 0.0, 3152.8487554751864, 0.0], [0.0, 0.0, 0.0, 0.0]], ""R"": [[474.5252074208023, 0.0], [0.0, 474.5252074208023]], ""P"": [[1000.0, 0.0, 0.0, 0.0], [0.0, 100000.0, 0.0, 0.0], [0.0, 0.0, 1000.0, 0.0], [0.0, 0.0, 0.0, 100000.0]]}","[0.783140827420574, 1.438979795070437, 0.0]",False
3,P21,09ce0dcc-884e-4c47-9efa-46e431e4bea2,24,1,haply,mpc,seeded_random,2698308921,persist_session,10.0,61.109393415451045,1627.179612971,0,1786366628.6014628,1008.0,True,normal,adaptive,-0.064,-0.048,0.0,0.064,0.048,0.0,0.035289981,0.0065330399999999,0.0,0.046978023,-0.056034435,0.2043154,0.0028780166,-0.0037806774,0.0040171095,"[-0.5848329622752089, 2.30199865648748, 0.0, 0.0, 0.0, 0.0, -0.727365818582496, 3.6124061541415418]","[0.0187553781888868, -0.00021459083062021905, 0.0]","{""Controller Type"": ""MPC Controller"", ""weight_comfort"": 474.5252074208023, ""weight_trajectory"": 3152.8487554751864, ""weight_goal"": 1000.0, ""Q"": [[3152.8487554751864, 0.0, 0.0, 0.0], [0.0, 0.0, 0.0, 0.0], [0.0, 0.0, 3152.8487554751864, 0.0], [0.0, 0.0, 0.0, 0.0]], ""R"": [[474.5252074208023, 0.0], [0.0, 474.5252074208023]], ""P"": [[1000.0, 0.0, 0.0, 0.0], [0.0, 100000.0, 0.0, 0.0], [0.0, 0.0, 1000.0, 0.0], [0.0, 0.0, 0.0, 100000.0]]}","[0.7485771839075552, 1.4553122933937703, 0.0]",False
3,P21,09ce0dcc-884e-4c47-9efa-46e431e4bea2,24,1,haply,mpc,seeded_random,2698308921,persist_session,10.0,61.11938649177551,1627.189603486,0,1786366628.61142,1009.0,True,normal,adaptive,-0.064,-0.048,0.0,0.064,0.048,0.0,0.035415942,0.0066382999999999,0.0,0.04702001,-0.056066062,0.20436803,0.003070206,-0.0041070045,0.003921205,"[-0.585197580309248, 2.3003650292506057, 0.0, 0.0, 0.0, 0.0, -0.7281225267641378, 3.6129764036171506]","[0.017808736087543568, -0.0009819345195065214, 0.0]","{""Controller Type"": ""MPC Controller"", ""weight_comfort"": 474.3698522058438, ""weight_trajectory"": 3153.780886764937, ""weight_goal"": 1000.0, ""Q"": [[3153.780886764937, 0.0, 0.0, 0.0], [0.0, 0.0, 0.0, 0.0], [0.0, 0.0, 3153.780886764937, 0.0], [0.0, 0.0, 0.0, 0.0]], ""R"": [[474.3698522058438, 0.0], [0.0, 474.3698522058438]], ""P"": [[1000.0, 0.0, 0.0, 0.0], [0.0, 100000.0, 0.0, 0.0], [0.0, 0.0, 1000.0, 0.0], [0.0, 0.0, 0.0, 100000.0]]}","[0.7472998296140815, 1.4547843010393375, 0.0]",False
3,P21,09ce0dcc-884e-4c47-9efa-46e431e4bea2,24,1,haply,mpc,seeded_random,2698308921,persist_session,10.0,61.12934881210327,1627.199565032,0,1786366628.6213567,1010.0,True,normal,adaptive,-0.064,-0.048,0.0,0.064,0.048,0.0,0.035534052,0.0068315799999999,0.0,0.04705938,-0.05619896,0.20446467,0.0033022477,-0.004525751,0.004095171,"[-0.5878649073374583, 2.296833521450874, 0.0, 0.0, 0.0, 0.0, -0.7219975779708554, 3.6177716494104355]","[0.012252302073960452, 0.008381782637919558, 0.0]","{""Controller Type"": ""MPC Controller"", ""weight_comfort"": 474.3698522058438, ""weight_trajectory"": 3153.780886764937, ""weight_goal"": 1000.0, ""Q"": [[3153.780886764937, 0.0, 0.0, 0.0], [0.0, 0.0, 0.0, 0.0], [0.0, 0.0, 3153.780886764937, 0.0], [0.0, 0.0, 0.0, 0.0]], ""R"": [[474.3698522058438, 0.0], [0.0, 474.3698522058438]], ""P"": [[1000.0, 0.0, 0.0, 0.0], [0.0, 100000.0, 0.0, 0.0], [0.0, 0.0, 1000.0, 0.0], [0.0, 0.0, 0.0, 100000.0]]}","[0.7655768209013722, 1.4281110758118236, 0.0]",False
3,P21,09ce0dcc-884e-4c47-9efa-46e431e4bea2,24,1,haply,mpc,seeded_random,2698308921,persist_session,10.0,61.13948303222656,1627.209704027,0,1786366628.6315098,1011.0,True,normal,adaptive,-0.064,-0.048,0.0,0.064,0.048,0.0,0.035786826,0.0070432199999999,0.0,0.047143638,-0.05626232,0.20457049,0.0035425108,-0.0049945936,0.0044168276,"[-0.5889062986153462, 2.29596084969958, 0.0, 0.0, 0.0, 0.0, -0.7334296686439071, 3.777605843305619]","[0.010526264545111692, 0.0432837351789878, 0.0]","{""Controller Type"": ""MPC Controller"", ""weight_comfort"": 474.3698522058438, ""weight_trajectory"": 3153.780886764937, ""weight_goal"": 1000.0, ""Q"": [[3153.780886764937, 0.0, 0.0, 0.0], [0.0, 0.0, 0.0, 0.0], [0.0, 0.0, 3153.780886764937, 0.0], [0.0, 0.0, 0.0, 0.0]], ""R"": [[474.3698522058438, 0.0], [0.0, 474.3698522058438]], ""P"": [[1000.0, 0.0, 0.0, 0.0], [0.0, 100000.0, 0.0, 0.0], [0.0, 0.0, 1000.0, 0.0], [0.0, 0.0, 0.0, 100000.0]]}","[0.7691808913261974, 1.3377582299167143, 0.0]",False
3,P21,09ce0dcc-884e-4c47-9efa-46e431e4bea2,24,1,haply,mpc,seeded_random,2698308921,persist_session,10.0,61.149328765869136,1627.219553003,0,1786366628.6413949,1012.0,True,normal,adaptive,-0.064,-0.048,0.0,0.064,0.048,0.0,0.035855367,0.0072063599999999,0.0,0.047166485,-0.05633636,0.20465206,0.0038516542,-0.0056517445,0.0050329184,"[-0.6061572703003503, 2.3982237386694476, 0.0, 0.0, 0.0, 0.0, -0.7351797652279861, 3.796561158837309]","[0.04260539335175889, 0.04902855861929867, 0.0]","{""Controller Type"": ""MPC Controller"", ""weight_comfort"": 472.89131838142197, ""weight_trajectory"": 3162.6520897114683, ""weight_goal"": 1000.0, ""Q"": [[3162.6520897114683, 0.0, 0.0, 0.0], [0.0, 0.0, 0.0, 0.0], [0.0, 0.0, 3162.6520897114683, 0.0], [0.0, 0.0, 0.0, 0.0]], ""R"": [[472.89131838142197, 0.0], [0.0, 472.89131838142197]], ""P"": [[1000.0, 0.0, 0.0, 0.0], [0.0, 100000.0, 0.0, 0.0], [0.0, 0.0, 1000.0, 0.0], [0.0, 0.0, 0.0, 100000.0]]}","[0.6388460848989692, 1.3173671854969888, 0.0]",False
3,P21,09ce0dcc-884e-4c47-9efa-46e431e4bea2,24,1,haply,mpc,seeded_random,2698308921,persist_session,10.0,61.15935331344604,1627.229574633,0,1786366628.6516552,1013.0,True,normal,adaptive,-0.064,-0.048,0.0,0.064,0.048,0.0,0.036108894,0.0074188799999999,0.0,0.047250994,-0.056399725,0.20475832,0.0041436246,-0.006353066,0.005732845,"[-0.6447609013951742, 2.428817523352134, 0.0, 0.0, 0.0, 0.0, -0.7346007261016579, 3.7338090137951028]","[-0.0013056527819415298, 0.03165452258965683, 0.0]","{""Controller Type"": ""MPC Controller"", ""weight_comfort"": 472.89131838142197, ""weight_trajectory"": 3162.6520897114683, ""weight_goal"": 1000.0, ""Q"": [[3162.6520897114683, 0.0, 0.0, 0.0], [0.0, 0.0, 0.0, 0.0], [0.0, 0.0, 3162.6520897114683, 0.0], [0.0, 0.0, 0.0, 0.0]], ""R"": [[472.89131838142197, 0.0], [0.0, 472.89131838142197]], ""P"": [[1000.0, 0.0, 0.0, 0.0], [0.0, 100000.0, 0.0, 0.0], [0.0, 0.0, 1000.0, 0.0], [0.0, 0.0, 0.0, 100000.0]]}","[0.8061309867387582, 1.3541293536209698, 0.0]",False
3,P21,09ce0dcc-884e-4c47-9efa-46e431e4bea2,24,1,haply,mpc,seeded_random,2698308921,persist_session,10.0,61.16933589935302,1627.239547101,0,1786366628.6611578,1014.0,True,normal,adaptive,-0.064,-0.048,0.0,0.064,0.048,0.0,0.036281832,0.0076347599999999,0.0,0.04730864,-0.056480847,0.20486626,0.0043543824,-0.0066503864,0.006401793,"[-0.6683308522551853, 2.5675043838941125, 0.0, 0.0, 0.0, 0.0, -0.7417795205711936, 3.810844040853406]","[0.04480102295717721, 0.048830841834426875, 0.0]","{""Controller Type"": ""MPC Controller"", ""weight_comfort"": 472.89131838142197, ""weight_trajectory"": 3162.6520897114683, ""weight_goal"": 1000.0, ""Q"": [[3162.6520897114683, 0.0, 0.0, 0.0], [0.0, 0.0, 0.0, 0.0], [0.0, 0.0, 3162.6520897114683, 0.0], [0.0, 0.0, 0.0, 0.0]], ""R"": [[472.89131838142197, 0.0], [0.0, 472.89131838142197]], ""P"": [[1000.0, 0.0, 0.0, 0.0], [0.0, 100000.0, 0.0, 0.0], [0.0, 0.0, 1000.0, 0.0], [0.0, 0.0, 0.0, 100000.0]]}","[0.630977893541962, 1.3072979521208732, 0.0]",False
3,P21,09ce0dcc-884e-4c47-9efa-46e431e4bea2,24,1,haply,mpc,seeded_random,2698308921,persist_session,10.0,61.17943984031677,1627.249648088,0,1786366628.6713254,1015.0,True,normal,adaptive,-0.064,-0.048,0.0,0.064,0.048,0.0,0.03640902,0.0077416599999999,0.0,0.047351036,-0.0565126,0.20491971,0.0044737337,-0.0066595096,0.0071117464,"[-0.6673502455856068, 2.5344452300856384, 0.0, 0.0, 0.0, 0.0, -0.7462189742468186, 3.849443641457949]","[0.02762645189181049, 0.05732987183019957, 0.0]","{""Controller Type"": ""MPC Controller"", ""weight_comfort"": 472.2984359194817, ""weight_trajectory"": 3166.20938448311, ""weight_goal"": 1000.0, ""Q"": [[3166.20938448311, 0.0, 0.0, 0.0], [0.0, 0.0, 0.0, 0.0], [0.0, 0.0, 3166.20938448311, 0.0], [0.0, 0.0, 0.0, 0.0]], ""R"": [[472.2984359194817, 0.0], [0.0, 472.2984359194817]], ""P"": [[1000.0, 0.0, 0.0, 0.0], [0.0, 100000.0, 0.0, 0.0], [0.0, 0.0, 1000.0, 0.0], [0.0, 0.0, 0.0, 100000.0]]}","[0.6864911702958705, 1.2806272966918433, 0.0]",False
3,P21,09ce0dcc-884e-4c47-9efa-46e431e4bea2,24,1,haply,mpc,seeded_random,2698308921,persist_session,10.0,61.189424095153804,1627.259634156,0,1786366628.681399,1016.0,True,normal,adaptive,-0.064,-0.048,0.0,0.064,0.048,0.0,0.036559413,0.0079034399999999,0.0,0.047401167,-0.05656902,0.2050006,0.0045835054,-0.0065402696,0.0075133406,"[-0.6728816498184417, 2.5258048104272617, 0.0, 0.0, 0.0, 0.0, -0.7751987999732685, 3.8225489149364265]","[0.01303020273395825, 0.008981260529476058, 0.0]","{""Controller Type"": ""MPC Controller"", ""weight_comfort"": 472.2984359194817, ""weight_trajectory"": 3166.20938448311, ""weight_goal"": 1000.0, ""Q"": [[3166.20938448311, 0.0, 0.0, 0.0], [0.0, 0.0, 0.0, 0.0], [0.0, 0.0, 3166.20938448311, 0.0], [0.0, 0.0, 0.0, 0.0]], ""R"": [[472.2984359194817, 0.0], [0.0, 472.2984359194817]], ""P"": [[1000.0, 0.0, 0.0, 0.0], [0.0, 100000.0, 0.0, 0.0], [0.0, 0.0, 1000.0, 0.0], [0.0, 0.0, 0.0, 100000.0]]}","[0.7358744163055435, 1.3922475725237122, 0.0]",False
3,P21,09ce0dcc-884e-4c47-9efa-46e431e4bea2,24,1,haply,mpc,seeded_random,2698308921,persist_session,10.0,61.19935494422912,1627.269569341,0,1786366628.6913526,1017.0,True,normal,adaptive,-0.064,-0.048,0.0,0.064,0.048,0.0,0.03673797,0.0080427599999999,0.0,0.047460686,-0.05666031,0.20507026,0.004702701,-0.0063757733,0.0077658673,"[-0.6718409987343718, 2.532170659401747, 0.0, 0.0, 0.0, 0.0, -0.7754069309773028, 3.888414126526236]","[0.01936699994319387, 0.03135414111021004, 0.0]","{""Controller Type"": ""MPC Controller"", ""weight_comfort"": 472.2984359194817, ""weight_trajectory"": 3166.20938448311, ""weight_goal"": 1000.0, ""Q"": [[3166.20938448311, 0.0, 0.0, 0.0], [0.0, 0.0, 0.0, 0.0], [0.0, 0.0, 3166.20938448311, 0.0], [0.0, 0.0, 0.0, 0.0]], ""R"": [[472.2984359194817, 0.0], [0.0, 472.2984359194817]], ""P"": [[1000.0, 0.0, 0.0, 0.0], [0.0, 100000.0, 0.0, 0.0], [0.0, 0.0, 1000.0, 0.0], [0.0, 0.0, 0.0, 100000.0]]}","[0.7082748060559994, 1.3344366602439075, 0.0]",False
3,P21,09ce0dcc-884e-4c47-9efa-46e431e4bea2,24,1,haply,mpc,seeded_random,2698308921,persist_session,10.0,61.20937901496887,1627.279601793,0,1786366628.7013657,1018.0,True,normal,adaptive,-0.064,-0.048,0.0,0.064,0.048,0.0,0.036947061,0.0081473999999999,0.0,0.047530383,-0.05667423,0.20512258,0.0048609036,-0.0064855744,0.007927399,"[-0.6722381491538868, 2.5448041597607496, 0.0, 0.0, 0.0, 0.0, -0.7773227248267942, 3.8679914555515613]","[0.02732606155131923, 0.023082243307882753, 0.0]","{""Controller Type"": ""MPC Controller"", ""weight_comfort"": 472.39493286298125, ""weight_trajectory"": 3165.6304028221125, ""weight_goal"": 1000.0, ""Q"": [[3165.6304028221125, 0.0, 0.0, 0.0], [0.0, 0.0, 0.0, 0.0], [0.0, 0.0, 3165.6304028221125, 0.0], [0.0, 0.0, 0.0, 0.0]], ""R"": [[472.39493286298125, 0.0], [0.0, 472.39493286298125]], ""P"": [[1000.0, 0.0, 0.0, 0.0], [0.0, 100000.0, 0.0, 0.0], [0.0, 0.0, 1000.0, 0.0], [0.0, 0.0, 0.0, 100000.0]]}","[0.6739790222020308, 1.3489848675214484, 0.0]",False
3,P21,09ce0dcc-884e-4c47-9efa-46e431e4bea2,24,1,haply,mpc,seeded_random,2698308921,persist_session,10.0,61.219331321716304,1627.289550426,0,1786366628.711365,1019.0,True,normal,adaptive,-0.064,-0.048,0.0,0.064,0.048,0.0,0.037098282,0.00831018,0.0,0.04758079,-0.056730766,0.20520397,0.0050187907,-0.006497697,0.007987309,"[-0.6741803209647802, 2.5610164650802516, 0.0, 0.0, 0.0, 0.0, -0.7858852903197888, 3.859790412949854]","[0.03523991483327658, 0.009016420552176059, 0.0]","{""Controller Type"": ""MPC Controller"", ""weight_comfort"": 472.39493286298125, ""weight_trajectory"": 3165.6304028221125, ""weight_goal"": 1000.0, ""Q"": [[3165.6304028221125, 0.0, 0.0, 0.0], [0.0, 0.0, 0.0, 0.0], [0.0, 0.0, 3165.6304028221125, 0.0], [0.0, 0.0, 0.0, 0.0]], ""R"": [[472.39493286298125, 0.0], [0.0, 472.39493286298125]], ""P"": [[1000.0, 0.0, 0.0, 0.0], [0.0, 100000.0, 0.0, 0.0], [0.0, 0.0, 1000.0, 0.0], [0.0, 0.0, 0.0, 100000.0]]}","[0.6389751540552553, 1.3788352447482979, 0.0]",False
3,P21,09ce0dcc-884e-4c47-9efa-46e431e4bea2,24,1,haply,mpc,seeded_random,2698308921,persist_session,10.0,61.22938638687133,1627.299610291,0,1786366628.7212913,1020.0,True,normal,adaptive,-0.064,-0.048,0.0,0.064,0.048,0.0,0.03730785,0.0084152399999999,0.0,0.047650646,-0.05674467,0.2052565,0.0051431702,-0.0063464474,0.007889039,"[-0.676370994964703, 2.5425567172891004, 0.0, 0.0, 0.0, 0.0, -0.7870460022250452, 3.9328027428628722]","[0.020256042106479688, 0.03278508921294793, 0.0]","{""Controller Type"": ""MPC Controller"", ""weight_comfort"": 472.39493286298125, ""weight_trajectory"": 3165.6304028221125, ""weight_goal"": 1000.0, ""Q"": [[3165.6304028221125, 0.0, 0.0, 0.0], [0.0, 0.0, 0.0, 0.0], [0.0, 0.0, 3165.6304028221125, 0.0], [0.0, 0.0, 0.0, 0.0]], ""R"": [[472.39493286298125, 0.0], [0.0, 472.39493286298125]], ""P"": [[1000.0, 0.0, 0.0, 0.0], [0.0, 100000.0, 0.0, 0.0], [0.0, 0.0, 1000.0, 0.0], [0.0, 0.0, 0.0, 100000.0]]}","[0.6880307666122054, 1.3183351878617158, 0.0]",False
3,P21,09ce0dcc-884e-4c47-9efa-46e431e4bea2,24,1,haply,mpc,seeded_random,2698308921,persist_session,10.0,61.239334402084346,1627.309555267,0,1786366628.731328,1021.0,True,normal,adaptive,-0.064,-0.048,0.0,0.064,0.048,0.0,0.037459473,0.0085785199999999,0.0,0.047701187,-0.056801192,0.20533814,0.0052207587,-0.006163096,0.007743998,"[-0.6811494146782431, 2.5792609148301118, 0.0, 0.0, 0.0, 0.0, -0.8002021722397935, 3.9175726032324154]","[0.03627293669830181, 0.009787713718841975, 0.0]","{""Controller Type"": ""MPC Controller"", ""weight_comfort"": 472.1291357935101, ""weight_trajectory"": 3167.225185238939, ""weight_goal"": 1000.0, ""Q"": [[3167.225185238939, 0.0, 0.0, 0.0], [0.0, 0.0, 0.0, 0.0], [0.0, 0.0, 3167.225185238939, 0.0], [0.0, 0.0, 0.0, 0.0]], ""R"": [[472.1291357935101, 0.0], [0.0, 472.1291357935101]], ""P"": [[1000.0, 0.0, 0.0, 0.0], [0.0, 100000.0, 0.0, 0.0], [0.0, 0.0, 1000.0, 0.0], [0.0, 0.0, 0.0, 100000.0]]}","[0.6244935344032988, 1.3684620574337851, 0.0]",False
3,P21,09ce0dcc-884e-4c47-9efa-46e431e4bea2,24,1,haply,mpc,seeded_random,2698308921,persist_session,10.0,61.249357280731196,1627.319582544,0,1786366628.7412024,1022.0,True,normal,adaptive,-0.064,-0.048,0.0,0.064,0.048,0.0,0.037639818,0.0087193199999999,0.0,0.047761302,-0.05689279,0.20540854,0.0052678236,-0.005919323,0.007672552,"[-0.6831715963730962, 2.5597136985829683, 0.0, 0.0, 0.0, 0.0, -0.801565681553206, 3.9888091893656705]","[0.020537470056979513, 0.033292175758332286, 0.0]","{""Controller Type"": ""MPC Controller"", ""weight_comfort"": 472.1291357935101, ""weight_trajectory"": 3167.225185238939, ""weight_goal"": 1000.0, ""Q"": [[3167.225185238939, 0.0, 0.0, 0.0], [0.0, 0.0, 0.0, 0.0], [0.0, 0.0, 3167.225185238939, 0.0], [0.0, 0.0, 0.0, 0.0]], ""R"": [[472.1291357935101, 0.0], [0.0, 472.1291357935101]], ""P"": [[1000.0, 0.0, 0.0, 0.0], [0.0, 100000.0, 0.0, 0.0], [0.0, 0.0, 1000.0, 0.0], [0.0, 0.0, 0.0, 100000.0]]}","[0.6759903047001719, 1.3097066990561184, 0.0]",False
3,P21,09ce0dcc-884e-4c47-9efa-46e431e4bea2,24,1,haply,mpc,seeded_random,2698308921,persist_session,10.0,61.259346542358394,1627.329567273,0,1786366628.751404,1023.0,True,normal,adaptive,-0.064,-0.048,0.0,0.064,0.048,0.0,0.037873752,0.0088806199999999,0.0,0.04783928,-0.056931484,0.20548919,0.005379281,-0.005858186,0.0076275407,"[-0.6841048137333599, 2.5741188380647704, 0.0, 0.0, 0.0, 0.0, -0.8029319231861536, 3.96679428809134]","[0.0289805747653281, 0.025023503098317204, 0.0]","{""Controller Type"": ""MPC Controller"", ""weight_comfort"": 472.1291357935101, ""weight_trajectory"": 3167.225185238939, ""weight_goal"": 1000.0, ""Q"": [[3167.225185238939, 0.0, 0.0, 0.0], [0.0, 0.0, 0.0, 0.0], [0.0, 0.0, 3167.225185238939, 0.0], [0.0, 0.0, 0.0, 0.0]], ""R"": [[472.1291357935101, 0.0], [0.0, 472.1291357935101]], ""P"": [[1000.0, 0.0, 0.0, 0.0], [0.0, 100000.0, 0.0, 0.0], [0.0, 0.0, 1000.0, 0.0], [0.0, 0.0, 0.0, 100000.0]]}","[0.6402555343551066, 1.3237098743241227, 0.0]",False
3,P21,09ce0dcc-884e-4c47-9efa-46e431e4bea2,24,1,haply,mpc,seeded_random,2698308921,persist_session,10.0,61.26940208435058,1627.339621821,0,1786366628.761181,1024.0,True,normal,adaptive,-0.064,-0.048,0.0,0.064,0.048,0.0,0.038160303,0.0090751399999999,0.0,0.047934797,-0.057030126,0.20558645,0.0055239755,-0.005846948,0.0076477607,"[-0.6894072673090491, 2.6057271396027093, 0.0, 0.0, 0.0, 0.0, -0.8030638564400046, 3.982008930884839]","[0.04174004516551771, 0.03154458843641632, 0.0]","{""Controller Type"": ""MPC Controller"", ""weight_comfort"": 471.6671170051926, ""weight_trajectory"": 3169.9972979688446, ""weight_goal"": 1000.0, ""Q"": [[3169.9972979688446, 0.0, 0.0, 0.0], [0.0, 0.0, 0.0, 0.0], [0.0, 0.0, 3169.9972979688446, 0.0], [0.0, 0.0, 0.0, 0.0]], ""R"": [[471.6671170051926, 0.0], [0.0, 471.6671170051926]], ""P"": [[1000.0, 0.0, 0.0, 0.0], [0.0, 100000.0, 0.0, 0.0], [0.0, 0.0, 1000.0, 0.0], [0.0, 0.0, 0.0, 100000.0]]}","[0.5884458306206494, 1.303738029347474, 0.0]",False
3,P21,09ce0dcc-884e-4c47-9efa-46e431e4bea2,24,1,haply,mpc,seeded_random,2698308921,persist_session,10.0,61.279362974166865,1627.349583628,0,1786366628.7713788,1025.0,True,normal,adaptive,-0.064,-0.048,0.0,0.064,0.048,0.0,0.038500782,0.0092903399999999,0.0,0.04804829,-0.057075664,0.20569405,0.005880251,-0.00581366,0.007755399,"[-0.7046609166357418, 2.672123004959473, 0.0, 0.0, 0.0, 0.0, -0.8101838018476217, 4.05709764621807]","[0.060107629800028914, 0.0491818287283737, 0.0]","{""Controller Type"": ""MPC Controller"", ""weight_comfort"": 471.6671170051926, ""weight_trajectory"": 3169.9972979688446, ""weight_goal"": 1000.0, ""Q"": [[3169.9972979688446, 0.0, 0.0, 0.0], [0.0, 0.0, 0.0, 0.0], [0.0, 0.0, 3169.9972979688446, 0.0], [0.0, 0.0, 0.0, 0.0]], ""R"": [[471.6671170051926, 0.0], [0.0, 471.6671170051926]], ""P"": [[1000.0, 0.0, 0.0, 0.0], [0.0, 100000.0, 0.0, 0.0], [0.0, 0.0, 1000.0, 0.0], [0.0, 0.0, 0.0, 100000.0]]}","[0.5189607012662037, 1.2596125464107115, 0.0]",False
3,P21,09ce0dcc-884e-4c47-9efa-46e431e4bea2,24,1,haply,mpc,seeded_random,2698308921,persist_session,10.0,61.289399204254146,1627.359620222,0,1786366628.7813072,1026.0,True,normal,adaptive,-0.064,-0.048,0.0,0.064,0.048,0.0,0.038976978,0.0095367199999999,0.0,0.048207022,-0.05716326,0.20581724,0.006463177,-0.00576532,0.008022296,"[-0.7158751351324214, 2.7164559438362117, 0.0, 0.0, 0.0, 0.0, -0.811777216886021, 4.071595481346964]","[0.07244283180198423, 0.054498945701438234, 0.0]","{""Controller Type"": ""MPC Controller"", ""weight_comfort"": 471.6671170051926, ""weight_trajectory"": 3169.9972979688446, ""weight_goal"": 1000.0, ""Q"": [[3169.9972979688446, 0.0, 0.0, 0.0], [0.0, 0.0, 0.0, 0.0], [0.0, 0.0, 3169.9972979688446, 0.0], [0.0, 0.0, 0.0, 0.0]], ""R"": [[471.6671170051926, 0.0], [0.0, 471.6671170051926]], ""P"": [[1000.0, 0.0, 0.0, 0.0], [0.0, 100000.0, 0.0, 0.0], [0.0, 0.0, 1000.0, 0.0], [0.0, 0.0, 0.0, 100000.0]]}","[0.46888967892027067, 1.2411824278745802, 0.0]",False
3,P21,09ce0dcc-884e-4c47-9efa-46e431e4bea2,24,1,haply,mpc,seeded_random,2698308921,persist_session,10.0,61.299525794982905,1627.369728569,0,1786366628.791387,1027.0,True,normal,adaptive,-0.064,-0.048,0.0,0.064,0.048,0.0,0.039343191,0.0098095199999999,0.0,0.048329093,-0.05723358,0.20595364,0.0073570693,-0.0058285235,0.008558898,"[-0.8013296974494808, 3.00787008077753, 0.0, 0.0, 0.0, 0.0, -0.8243409048994583, 4.161383359728832]","[0.12421388483806109, 0.07156002897202801, 0.0]","{""Controller Type"": ""MPC Controller"", ""weight_comfort"": 469.17700887457886, ""weight_trajectory"": 3184.9379467525264, ""weight_goal"": 1000.0, ""Q"": [[3184.9379467525264, 0.0, 0.0, 0.0], [0.0, 0.0, 0.0, 0.0], [0.0, 0.0, 3184.9379467525264, 0.0], [0.0, 0.0, 0.0, 0.0]], ""R"": [[469.17700887457886, 0.0], [0.0, 469.17700887457886]], ""P"": [[1000.0, 0.0, 0.0, 0.0], [0.0, 100000.0, 0.0, 0.0], [0.0, 0.0, 1000.0, 0.0], [0.0, 0.0, 0.0, 100000.0]]}","[0.31541925215888034, 1.198612848074666, 0.0]",False
3,P21,09ce0dcc-884e-4c47-9efa-46e431e4bea2,24,1,haply,mpc,seeded_random,2698308921,persist_session,10.0,61.30958944320678,1627.379784726,0,1786366628.8014083,1028.0,True,normal,adaptive,-0.064,-0.048,0.0,0.064,0.048,0.0,0.039657711,0.0100633199999999,0.0,0.048433933,-0.057357516,0.20608054,0.008202309,-0.006153979,0.009165092,"[-0.7509895140844138, 2.8199873592274303, 0.0, 0.0, 0.0, 0.0, -0.8316189974754379, 4.209110325918499]","[0.08393639814988531, 0.08215486959238483, 0.0]","{""Controller Type"": ""MPC Controller"", ""weight_comfort"": 469.17700887457886, ""weight_trajectory"": 3184.9379467525264, ""weight_goal"": 1000.0, ""Q"": [[3184.9379467525264, 0.0, 0.0, 0.0], [0.0, 0.0, 0.0, 0.0], [0.0, 0.0, 3184.9379467525264, 0.0], [0.0, 0.0, 0.0, 0.0]], ""R"": [[469.17700887457886, 0.0], [0.0, 469.17700887457886]], ""P"": [[1000.0, 0.0, 0.0, 0.0], [0.0, 100000.0, 0.0, 0.0], [0.0, 0.0, 1000.0, 0.0], [0.0, 0.0, 0.0, 100000.0]]}","[0.4128330986165869, 1.1717904240682644, 0.0]",False
3,P21,09ce0dcc-884e-4c47-9efa-46e431e4bea2,24,1,haply,mpc,seeded_random,2698308921,persist_session,10.0,61.319404420852656,1627.389624457,0,1786366628.8114583,1029.0,True,normal,adaptive,-0.064,-0.048,0.0,0.064,0.048,0.0,0.040055682,0.01031556,0.0,0.04856659,-0.057463437,0.20620666,0.008940795,-0.006562697,0.009785151,"[-0.7334533351470088, 2.7499174241028825, 0.0, 0.0, 0.0, 0.0, -0.8207018374375343, 4.133678572667334]","[0.06845341433117405, 0.0735560131479895, 0.0]","{""Controller Type"": ""MPC Controller"", ""weight_comfort"": 469.17700887457886, ""weight_trajectory"": 3184.9379467525264, ""weight_goal"": 1000.0, ""Q"": [[3184.9379467525264, 0.0, 0.0, 0.0], [0.0, 0.0, 0.0, 0.0], [0.0, 0.0, 3184.9379467525264, 0.0], [0.0, 0.0, 0.0, 0.0]], ""R"": [[469.17700887457886, 0.0], [0.0, 469.17700887457886]], ""P"": [[1000.0, 0.0, 0.0, 0.0], [0.0, 100000.0, 0.0, 0.0], [0.0, 0.0, 1000.0, 0.0], [0.0, 0.0, 0.0, 100000.0]]}","[0.4486203237708014, 1.1793232474555022, 0.0]",False
3,P21,09ce0dcc-884e-4c47-9efa-46e431e4bea2,24,1,haply,mpc,seeded_random,2698308921,persist_session,10.0,61.32930212974548,1627.399529643,0,1786366628.821595,1030.0,True,normal,adaptive,-0.064,-0.048,0.0,0.064,0.048,0.0,0.040318038,0.0105370599999999,0.0,0.048654042,-0.057526987,0.20631741,0.00950398,-0.0069744494,0.010333205,"[-0.7679235169451312, 2.8728217726037455, 0.0, 0.0, 0.0, 0.0, -0.816578192966212, 4.105121226398689]","[0.09537310397106447, 0.07225952546577946, 0.0]","{""Controller Type"": ""MPC Controller"", ""weight_comfort"": 470.01610483032044, ""weight_trajectory"": 3179.9033710180775, ""weight_goal"": 1000.0, ""Q"": [[3179.9033710180775, 0.0, 0.0, 0.0], [0.0, 0.0, 0.0, 0.0], [0.0, 0.0, 3179.9033710180775, 0.0], [0.0, 0.0, 0.0, 0.0]], ""R"": [[470.01610483032044, 0.0], [0.0, 470.01610483032044]], ""P"": [[1000.0, 0.0, 0.0, 0.0], [0.0, 100000.0, 0.0, 0.0], [0.0, 0.0, 1000.0, 0.0], [0.0, 0.0, 0.0, 100000.0]]}","[0.3576234171698855, 1.1731139723798003, 0.0]",False
3,P21,09ce0dcc-884e-4c47-9efa-46e431e4bea2,24,1,haply,mpc,seeded_random,2698308921,persist_session,10.0,61.33934265136718,1627.409553894,0,1786366628.8322127,1031.0,True,normal,adaptive,-0.064,-0.048,0.0,0.064,0.048,0.0,0.0406356,0.0107937199999999,0.0,0.048759896,-0.057651382,0.20644574,0.009886444,-0.0073090754,0.010758485,"[-0.7383418081322454, 2.7391076392903497, 0.0, 0.0, 0.0, 0.0, -0.8054241997384484, 4.014279845479112]","[0.053408311329822475, 0.05754447398624386, 0.0]","{""Controller Type"": ""MPC Controller"", ""weight_comfort"": 470.01610483032044, ""weight_trajectory"": 3179.9033710180775, ""weight_goal"": 1000.0, ""Q"": [[3179.9033710180775, 0.0, 0.0, 0.0], [0.0, 0.0, 0.0, 0.0], [0.0, 0.0, 3179.9033710180775, 0.0], [0.0, 0.0, 0.0, 0.0]], ""R"": [[470.01610483032044, 0.0], [0.0, 470.01610483032044]], ""P"": [[1000.0, 0.0, 0.0, 0.0], [0.0, 100000.0, 0.0, 0.0], [0.0, 0.0, 1000.0, 0.0], [0.0, 0.0, 0.0, 100000.0]]}","[0.4773348113235692, 1.194680763959773, 0.0]",False
3,P21,09ce0dcc-884e-4c47-9efa-46e431e4bea2,24,1,haply,mpc,seeded_random,2698308921,persist_session,10.0,61.34938460350036,1627.419594335,0,1786366628.841421,1032.0,True,normal,adaptive,-0.064,-0.048,0.0,0.064,0.048,0.0,0.040899228,0.0110165999999999,0.0,0.048847772,-0.05771498,0.20655718,0.010173263,-0.0075534414,0.011076118,"[-0.7475271604465548, 2.77598706594234, 0.0, 0.0, 0.0, 0.0, -0.8114450824030353, 4.057014253353251]","[0.0655604862483525, 0.0678784127019672, 0.0]","{""Controller Type"": ""MPC Controller"", ""weight_comfort"": 470.01610483032044, ""weight_trajectory"": 3179.9033710180775, ""weight_goal"": 1000.0, ""Q"": [[3179.9033710180775, 0.0, 0.0, 0.0], [0.0, 0.0, 0.0, 0.0], [0.0, 0.0, 3179.9033710180775, 0.0], [0.0, 0.0, 0.0, 0.0]], ""R"": [[470.01610483032044, 0.0], [0.0, 470.01610483032044]], ""P"": [[1000.0, 0.0, 0.0, 0.0], [0.0, 100000.0, 0.0, 0.0], [0.0, 0.0, 1000.0, 0.0], [0.0, 0.0, 0.0, 100000.0]]}","[0.42874995489803236, 1.163996382803446, 0.0]",False
3,P21,09ce0dcc-884e-4c47-9efa-46e431e4bea2,24,1,haply,mpc,seeded_random,2698308921,persist_session,10.0,61.359528837203975,1627.429735022,0,1786366628.8513618,1033.0,True,normal,adaptive,-0.064,-0.048,0.0,0.064,0.048,0.0,0.041169102,0.0111603799999999,0.0,0.04893773,-0.05778936,0.20662907,0.010360004,-0.0077664116,0.011271768,"[-0.7421010053920872, 2.7537488669723773, 0.0, 0.0, 0.0, 0.0, -0.8088528137884082, 4.0387563347525015]","[0.061697917878141245, 0.06784451063171607, 0.0]","{""Controller Type"": ""MPC Controller"", ""weight_comfort"": 470.87712243350444, ""weight_trajectory"": 3174.7372653989732, ""weight_goal"": 1000.0, ""Q"": [[3174.7372653989732, 0.0, 0.0, 0.0], [0.0, 0.0, 0.0, 0.0], [0.0, 0.0, 3174.7372653989732, 0.0], [0.0, 0.0, 0.0, 0.0]], ""R"": [[470.87712243350444, 0.0], [0.0, 470.87712243350444]], ""P"": [[1000.0, 0.0, 0.0, 0.0], [0.0, 100000.0, 0.0, 0.0], [0.0, 0.0, 1000.0, 0.0], [0.0, 0.0, 0.0, 100000.0]]}","[0.431853688746204, 1.1559203534064915, 0.0]",False
3,P21,09ce0dcc-884e-4c47-9efa-46e431e4bea2,24,1,haply,mpc,seeded_random,2698308921,persist_session,10.0,61.36941462516784,1627.439633846,0,1786366628.861315,1034.0,True,normal,adaptive,-0.064,-0.048,0.0,0.064,0.048,0.0,0.041464422,0.0113617199999999,0.0,0.04903617,-0.057888936,0.20672974,0.010376131,-0.007962904,0.011279235,"[-0.7370489549101467, 2.7324360808811132, 0.0, 0.0, 0.0, 0.0, -0.8106055550691219, 3.9328945812318175]","[0.057350757887419376, 0.027019787648812493, 0.0]","{""Controller Type"": ""MPC Controller"", ""weight_comfort"": 470.87712243350444, ""weight_trajectory"": 3174.7372653989732, ""weight_goal"": 1000.0, ""Q"": [[3174.7372653989732, 0.0, 0.0, 0.0], [0.0, 0.0, 0.0, 0.0], [0.0, 0.0, 3174.7372653989732, 0.0], [0.0, 0.0, 0.0, 0.0]], ""R"": [[470.87712243350444, 0.0], [0.0, 470.87712243350444]], ""P"": [[1000.0, 0.0, 0.0, 0.0], [0.0, 100000.0, 0.0, 0.0], [0.0, 0.0, 1000.0, 0.0], [0.0, 0.0, 0.0, 100000.0]]}","[0.43601039191989355, 1.2415776447101603, 0.0]",False
3,P21,09ce0dcc-884e-4c47-9efa-46e431e4bea2,24,1,haply,mpc,seeded_random,2698308921,persist_session,10.0,61.379442510604854,1627.449662398,0,1786366628.8712687,1035.0,True,normal,adaptive,-0.064,-0.048,0.0,0.064,0.048,0.0,0.041621994,0.0115317199999999,0.0,0.049088694,-0.05794594,0.20681474,0.010301647,-0.008056521,0.011187389,"[-0.7426534162125347, 2.7545620638532444, 0.0, 0.0, 0.0, 0.0, -0.8230357644525452, 4.044408376521857]","[0.06499360418419023, 0.05165789166957875, 0.0]","{""Controller Type"": ""MPC Controller"", ""weight_comfort"": 470.87712243350444, ""weight_trajectory"": 3174.7372653989732, ""weight_goal"": 1000.0, ""Q"": [[3174.7372653989732, 0.0, 0.0, 0.0], [0.0, 0.0, 0.0, 0.0], [0.0, 0.0, 3174.7372653989732, 0.0], [0.0, 0.0, 0.0, 0.0]], ""R"": [[470.87712243350444, 0.0], [0.0, 470.87712243350444]], ""P"": [[1000.0, 0.0, 0.0, 0.0], [0.0, 100000.0, 0.0, 0.0], [0.0, 0.0, 1000.0, 0.0], [0.0, 0.0, 0.0, 100000.0]]}","[0.4021484967223581, 1.180712238837486, 0.0]",False
3,P21,09ce0dcc-884e-4c47-9efa-46e431e4bea2,24,1,haply,mpc,seeded_random,2698308921,persist_session,10.0,61.38934093475341,1627.459562636,0,1786366628.8813329,1036.0,True,normal,adaptive,-0.064,-0.048,0.0,0.064,0.048,0.0,0.041893623,0.0116766399999999,0.0,0.049179237,-0.058020584,0.2068872,0.010101292,-0.007993577,0.010900584,"[-0.7385959170378484, 2.6946424134360236, 0.0, 0.0, 0.0, 0.0, -0.819427319178682, 3.9897592070995525]","[0.02612906023302083, 0.038258041225377425, 0.0]","{""Controller Type"": ""MPC Controller"", ""weight_comfort"": 471.5787645484105, ""weight_trajectory"": 3170.5274127095367, ""weight_goal"": 1000.0, ""Q"": [[3170.5274127095367, 0.0, 0.0, 0.0], [0.0, 0.0, 0.0, 0.0], [0.0, 0.0, 3170.5274127095367, 0.0], [0.0, 0.0, 0.0, 0.0]], ""R"": [[471.5787645484105, 0.0], [0.0, 471.5787645484105]], ""P"": [[1000.0, 0.0, 0.0, 0.0], [0.0, 100000.0, 0.0, 0.0], [0.0, 0.0, 1000.0, 0.0], [0.0, 0.0, 0.0, 100000.0]]}","[0.5268930221711087, 1.2041514568353344, 0.0]",False
3,P21,09ce0dcc-884e-4c47-9efa-46e431e4bea2,24,1,haply,mpc,seeded_random,2698308921,persist_session,10.0,61.399392423629756,1627.46961419,0,1786366628.8912263,1037.0,True,normal,adaptive,-0.064,-0.048,0.0,0.064,0.048,0.0,0.042107754,0.0118825199999999,0.0,0.049250614,-0.058138967,0.20699014,0.009842455,-0.007894066,0.0105739655,"[-0.7648496715828275, 2.803310661735488, 0.0, 0.0, 0.0, 0.0, -0.819775210505306, 3.958768910981318]","[0.05875281618583327, 0.02722794447683636, 0.0]","{""Controller Type"": ""MPC Controller"", ""weight_comfort"": 471.5787645484105, ""weight_trajectory"": 3170.5274127095367, ""weight_goal"": 1000.0, ""Q"": [[3170.5274127095367, 0.0, 0.0, 0.0], [0.0, 0.0, 0.0, 0.0], [0.0, 0.0, 3170.5274127095367, 0.0], [0.0, 0.0, 0.0, 0.0]], ""R"": [[471.5787645484105, 0.0], [0.0, 471.5787645484105]], ""P"": [[1000.0, 0.0, 0.0, 0.0], [0.0, 100000.0, 0.0, 0.0], [0.0, 0.0, 1000.0, 0.0], [0.0, 0.0, 0.0, 100000.0]]}","[0.4124047115886093, 1.223685095983561, 0.0]",False
3,P21,09ce0dcc-884e-4c47-9efa-46e431e4bea2,24,1,haply,mpc,seeded_random,2698308921,persist_session,10.0,61.409341392517085,1627.47956161,0,1786366628.9013743,1038.0,True,normal,adaptive,-0.064,-0.048,0.0,0.064,0.048,0.0,0.042349611,0.0120507999999999,0.0,0.049331233,-0.058177564,0.20707428,0.009562221,-0.007893101,0.01034253,"[-0.7562125853452684, 2.7596888958050325, 0.0, 0.0, 0.0, 0.0, -0.8357595080843108, 4.091296609487956]","[0.04317492167740765, 0.05495352175343801, 0.0]","{""Controller Type"": ""MPC Controller"", ""weight_comfort"": 471.5787645484105, ""weight_trajectory"": 3170.5274127095367, ""weight_goal"": 1000.0, ""Q"": [[3170.5274127095367, 0.0, 0.0, 0.0], [0.0, 0.0, 0.0, 0.0], [0.0, 0.0, 3170.5274127095367, 0.0], [0.0, 0.0, 0.0, 0.0]], ""R"": [[471.5787645484105, 0.0], [0.0, 471.5787645484105]], ""P"": [[1000.0, 0.0, 0.0, 0.0], [0.0, 100000.0, 0.0, 0.0], [0.0, 0.0, 1000.0, 0.0], [0.0, 0.0, 0.0, 100000.0]]}","[0.455449720701241, 1.1562515372516928, 0.0]",False
3,P21,09ce0dcc-884e-4c47-9efa-46e431e4bea2,24,1,haply,mpc,seeded_random,2698308921,persist_session,10.0,61.41941863059997,1627.489627573,0,1786366628.9112046,1039.0,True,normal,adaptive,-0.064,-0.048,0.0,0.064,0.048,0.0,0.042616992,0.0122774799999999,0.0,0.04942036,-0.058241308,0.20718762,0.0093373805,-0.007883684,0.010155937,"[-0.7594298616352821, 2.774148973081796, 0.0, 0.0, 0.0, 0.0, -0.8317397268669835, 4.024842498770162]","[0.04967394757629916, 0.036841567946456606, 0.0]","{""Controller Type"": ""MPC Controller"", ""weight_comfort"": 471.13982308265525, ""weight_trajectory"": 3173.1610615040686, ""weight_goal"": 1000.0, ""Q"": [[3173.1610615040686, 0.0, 0.0, 0.0], [0.0, 0.0, 0.0, 0.0], [0.0, 0.0, 3173.1610615040686, 0.0], [0.0, 0.0, 0.0, 0.0]], ""R"": [[471.13982308265525, 0.0], [0.0, 471.13982308265525]], ""P"": [[1000.0, 0.0, 0.0, 0.0], [0.0, 100000.0, 0.0, 0.0], [0.0, 0.0, 1000.0, 0.0], [0.0, 0.0, 0.0, 100000.0]]}","[0.42659857686353886, 1.1902415568809492, 0.0]",False
3,P21,09ce0dcc-884e-4c47-9efa-46e431e4bea2,24,1,haply,mpc,seeded_random,2698308921,persist_session,10.0,61.42945819854736,1627.499659107,0,1786366628.921369,1040.0,True,normal,adaptive,-0.064,-0.048,0.0,0.064,0.048,0.0,0.042916227,0.0124824399999999,0.0,0.049520105,-0.05834131,0.2072901,0.009194924,-0.007912148,0.010058266,"[-0.7668570135893892, 2.8040593577935415, 0.0, 0.0, 0.0, 0.0, -0.8538760404406806, 4.182236657020319]","[0.0598722966764308, 0.06593753885463657, 0.0]","{""Controller Type"": ""MPC Controller"", ""weight_comfort"": 471.13982308265525, ""weight_trajectory"": 3173.1610615040686, ""weight_goal"": 1000.0, ""Q"": [[3173.1610615040686, 0.0, 0.0, 0.0], [0.0, 0.0, 0.0, 0.0], [0.0, 0.0, 3173.1610615040686, 0.0], [0.0, 0.0, 0.0, 0.0]], ""R"": [[471.13982308265525, 0.0], [0.0, 471.13982308265525]], ""P"": [[1000.0, 0.0, 0.0, 0.0], [0.0, 100000.0, 0.0, 0.0], [0.0, 0.0, 1000.0, 0.0], [0.0, 0.0, 0.0, 100000.0]]}","[0.386124352987389, 1.122189620581616, 0.0]",False
3,P21,09ce0dcc-884e-4c47-9efa-46e431e4bea2,24,1,haply,mpc,seeded_random,2698308921,persist_session,10.0,61.4393339729309,1627.509557766,0,1786366628.9312682,1041.0,True,normal,adaptive,-0.064,-0.048,0.0,0.064,0.048,0.0,0.043184817,0.0127103399999999,0.0,0.049609635,-0.058405083,0.20740405,0.009130266,-0.007925989,0.010027597,"[-0.7716142349821086, 2.822234767923622, 0.0, 0.0, 0.0, 0.0, -0.8454283583037381, 4.110406742634906]","[0.06681587012625867, 0.05285591702664487, 0.0]","{""Controller Type"": ""MPC Controller"", ""weight_comfort"": 471.13982308265525, ""weight_trajectory"": 3173.1610615040686, ""weight_goal"": 1000.0, ""Q"": [[3173.1610615040686, 0.0, 0.0, 0.0], [0.0, 0.0, 0.0, 0.0], [0.0, 0.0, 3173.1610615040686, 0.0], [0.0, 0.0, 0.0, 0.0]], ""R"": [[471.13982308265525, 0.0], [0.0, 471.13982308265525]], ""P"": [[1000.0, 0.0, 0.0, 0.0], [0.0, 100000.0, 0.0, 0.0], [0.0, 0.0, 1000.0, 0.0], [0.0, 0.0, 0.0, 100000.0]]}","[0.35480353553867877, 1.1424740194080656, 0.0]",False
3,P21,09ce0dcc-884e-4c47-9efa-46e431e4bea2,24,1,haply,mpc,seeded_random,2698308921,persist_session,10.0,61.44937950134277,1627.519603034,0,1786366628.9411864,1042.0,True,normal,adaptive,-0.064,-0.048,0.0,0.064,0.048,0.0,0.043569357,0.0129135799999999,0.0,0.049737815,-0.05848666,0.20750567,0.009118981,-0.007937419,0.010037457,"[-0.7637740726626107, 2.791125556746021, 0.0, 0.0, 0.0, 0.0, -0.853835711594012, 4.169472662881263]","[0.059832568237334086, 0.0658588753992811, 0.0]","{""Controller Type"": ""MPC Controller"", ""weight_comfort"": 470.368484064161, ""weight_trajectory"": 3177.789095615034, ""weight_goal"": 1000.0, ""Q"": [[3177.789095615034, 0.0, 0.0, 0.0], [0.0, 0.0, 0.0, 0.0], [0.0, 0.0, 3177.789095615034, 0.0], [0.0, 0.0, 0.0, 0.0]], ""R"": [[470.368484064161, 0.0], [0.0, 470.368484064161]], ""P"": [[1000.0, 0.0, 0.0, 0.0], [0.0, 100000.0, 0.0, 0.0], [0.0, 0.0, 1000.0, 0.0], [0.0, 0.0, 0.0, 100000.0]]}","[0.36739390411996226, 1.1077139959715119, 0.0]",False
3,P21,09ce0dcc-884e-4c47-9efa-46e431e4bea2,24,1,haply,mpc,seeded_random,2698308921,persist_session,10.0,61.459432659149165,1627.529652282,0,1786366628.9513865,1043.0,True,normal,adaptive,-0.064,-0.048,0.0,0.064,0.048,0.0,0.043896822,0.0131794399999999,0.0,0.04984697,-0.058612306,0.2076386,0.009174846,-0.008010489,0.010152406,"[-0.8174291007775086, 2.9735959490921644, 0.0, 0.0, 0.0, 0.0, -0.8454775317915335, 4.101640436477102]","[0.09858897662941936, 0.05438437418478441, 0.0]","{""Controller Type"": ""MPC Controller"", ""weight_comfort"": 470.368484064161, ""weight_trajectory"": 3177.789095615034, ""weight_goal"": 1000.0, ""Q"": [[3177.789095615034, 0.0, 0.0, 0.0], [0.0, 0.0, 0.0, 0.0], [0.0, 0.0, 3177.789095615034, 0.0], [0.0, 0.0, 0.0, 0.0]], ""R"": [[470.368484064161, 0.0], [0.0, 470.368484064161]], ""P"": [[1000.0, 0.0, 0.0, 0.0], [0.0, 100000.0, 0.0, 0.0], [0.0, 0.0, 1000.0, 0.0], [0.0, 0.0, 0.0, 100000.0]]}","[0.24479967938266714, 1.126090310189594, 0.0]",False
3,P21,09ce0dcc-884e-4c47-9efa-46e431e4bea2,24,1,haply,mpc,seeded_random,2698308921,persist_session,10.0,61.46935540199279,1627.53957603,0,1786366628.9614868,1044.0,True,normal,adaptive,-0.064,-0.048,0.0,0.064,0.048,0.0,0.044193138,0.0134682999999999,0.0,0.049945742,-0.05870136,0.20778303,0.009266965,-0.008107072,0.01030934,"[-0.7903114374935262, 2.8759577757826356, 0.0, 0.0, 0.0, 0.0, -0.86946217932698, 4.250911563419486]","[0.07644294705756041, 0.08052334273678975, 0.0]","{""Controller Type"": ""MPC Controller"", ""weight_comfort"": 470.368484064161, ""weight_trajectory"": 3177.789095615034, ""weight_goal"": 1000.0, ""Q"": [[3177.789095615034, 0.0, 0.0, 0.0], [0.0, 0.0, 0.0, 0.0], [0.0, 0.0, 3177.789095615034, 0.0], [0.0, 0.0, 0.0, 0.0]], ""R"": [[470.368484064161, 0.0], [0.0, 470.368484064161]], ""P"": [[1000.0, 0.0, 0.0, 0.0], [0.0, 100000.0, 0.0, 0.0], [0.0, 0.0, 1000.0, 0.0], [0.0, 0.0, 0.0, 100000.0]]}","[0.296288773456064, 1.0645602606234057, 0.0]",False
3,P21,09ce0dcc-884e-4c47-9efa-46e431e4bea2,24,1,haply,mpc,seeded_random,2698308921,persist_session,10.0,61.4794324016571,1627.549653944,0,1786366628.971298,1045.0,True,normal,adaptive,-0.064,-0.048,0.0,0.064,0.048,0.0,0.04449672,0.0136768399999999,0.0,0.050046936,-0.058801945,0.2078873,0.009410718,-0.008180354,0.0104911355,"[-0.7793586539965626, 2.835254285954522, 0.0, 0.0, 0.0, 0.0, -0.8793612035714663, 4.3086771070451695]","[0.06774165515832843, 0.09285787869623488, 0.0]","{""Controller Type"": ""MPC Controller"", ""weight_comfort"": 469.57681057376203, ""weight_trajectory"": 3182.5391365574274, ""weight_goal"": 1000.0, ""Q"": [[3182.5391365574274, 0.0, 0.0, 0.0], [0.0, 0.0, 0.0, 0.0], [0.0, 0.0, 3182.5391365574274, 0.0], [0.0, 0.0, 0.0, 0.0]], ""R"": [[469.57681057376203, 0.0], [0.0, 469.57681057376203]], ""P"": [[1000.0, 0.0, 0.0, 0.0], [0.0, 100000.0, 0.0, 0.0], [0.0, 0.0, 1000.0, 0.0], [0.0, 0.0, 0.0, 100000.0]]}","[0.3124420488851386, 1.0304926610446057, 0.0]",False
3,P21,09ce0dcc-884e-4c47-9efa-46e431e4bea2,24,1,haply,mpc,seeded_random,2698308921,persist_session,10.0,61.48934107780456,1627.559563615,0,1786366628.981305,1046.0,True,normal,adaptive,-0.064,-0.048,0.0,0.064,0.048,0.0,0.04485933,0.0138239,0.0,0.050167806,-0.05885836,0.20796083,0.009601961,-0.008180685,0.010630081,"[-0.782580844390457, 2.8468848294092064, 0.0, 0.0, 0.0, 0.0, -0.8543265727732152, 4.121094803641073]","[0.07282686675257971, 0.05827224979786841, 0.0]","{""Controller Type"": ""MPC Controller"", ""weight_comfort"": 469.57681057376203, ""weight_trajectory"": 3182.5391365574274, ""weight_goal"": 1000.0, ""Q"": [[3182.5391365574274, 0.0, 0.0, 0.0], [0.0, 0.0, 0.0, 0.0], [0.0, 0.0, 3182.5391365574274, 0.0], [0.0, 0.0, 0.0, 0.0]], ""R"": [[469.57681057376203, 0.0], [0.0, 469.57681057376203]], ""P"": [[1000.0, 0.0, 0.0, 0.0], [0.0, 100000.0, 0.0, 0.0], [0.0, 0.0, 1000.0, 0.0], [0.0, 0.0, 0.0, 100000.0]]}","[0.2870593761728084, 1.0934871893747682, 0.0]",False
3,P21,09ce0dcc-884e-4c47-9efa-46e431e4bea2,24,1,haply,mpc,seeded_random,2698308921,persist_session,10.0,61.4994359588623,1627.569652705,0,1786366628.9913735,1047.0,True,normal,adaptive,-0.064,-0.048,0.0,0.064,0.048,0.0,0.045080262,0.0140363199999999,0.0,0.05024145,-0.058977947,0.20806704,0.009727435,-0.00818128,0.010686784,"[-0.8028100788474976, 2.915684899956299, 0.0, 0.0, 0.0, 0.0, -0.8522202024277037, 4.041884112597473]","[0.09028637837970527, 0.030273372298730745, 0.0]","{""Controller Type"": ""MPC Controller"", ""weight_comfort"": 469.57681057376203, ""weight_trajectory"": 3182.5391365574274, ""weight_goal"": 1000.0, ""Q"": [[3182.5391365574274, 0.0, 0.0, 0.0], [0.0, 0.0, 0.0, 0.0], [0.0, 0.0, 3182.5391365574274, 0.0], [0.0, 0.0, 0.0, 0.0]], ""R"": [[469.57681057376203, 0.0], [0.0, 469.57681057376203]], ""P"": [[1000.0, 0.0, 0.0, 0.0], [0.0, 100000.0, 0.0, 0.0], [0.0, 0.0, 1000.0, 0.0], [0.0, 0.0, 0.0, 100000.0]]}","[0.22436802034863032, 1.1508271230118245, 0.0]",False
3,P21,09ce0dcc-884e-4c47-9efa-46e431e4bea2,24,1,haply,mpc,seeded_random,2698308921,persist_session,10.0,61.509348688125606,1627.579565044,0,1786366629.001448,1048.0,True,normal,adaptive,-0.064,-0.048,0.0,0.064,0.048,0.0,0.045360111,0.0141871199999999,0.0,0.050334733,-0.0590534,0.20814244,0.009771257,-0.008245592,0.01070778,"[-0.7755148437585473, 2.797712115038894, 0.0, 0.0, 0.0, 0.0, -0.8700670877010391, 4.174952790604716]","[0.04671640973643092, 0.058528956166069526, 0.0]","{""Controller Type"": ""MPC Controller"", ""weight_comfort"": 470.50587505208523, ""weight_trajectory"": 3176.964749687489, ""weight_goal"": 1000.0, ""Q"": [[3176.964749687489, 0.0, 0.0, 0.0], [0.0, 0.0, 0.0, 0.0], [0.0, 0.0, 3176.964749687489, 0.0], [0.0, 0.0, 0.0, 0.0]], ""R"": [[470.50587505208523, 0.0], [0.0, 470.50587505208523]], ""P"": [[1000.0, 0.0, 0.0, 0.0], [0.0, 100000.0, 0.0, 0.0], [0.0, 0.0, 1000.0, 0.0], [0.0, 0.0, 0.0, 100000.0]]}","[0.35128280642392934, 1.0831509036280331, 0.0]",False
3,P21,09ce0dcc-884e-4c47-9efa-46e431e4bea2,24,1,haply,mpc,seeded_random,2698308921,persist_session,10.0,61.519388017654414,1627.589610939,0,1786366629.0115664,1049.0,True,normal,adaptive,-0.064,-0.048,0.0,0.064,0.048,0.0,0.045666843,0.0143979199999999,0.0,0.050436977,-0.059154354,0.20824784,0.009816856,-0.008334,0.010687687,"[-0.7910740857929832, 2.855393810110889, 0.0, 0.0, 0.0, 0.0, -0.8669876155790461, 4.0971954759186415]","[0.06457243337161236, 0.03201420835933344, 0.0]","{""Controller Type"": ""MPC Controller"", ""weight_comfort"": 470.50587505208523, ""weight_trajectory"": 3176.964749687489, ""weight_goal"": 1000.0, ""Q"": [[3176.964749687489, 0.0, 0.0, 0.0], [0.0, 0.0, 0.0, 0.0], [0.0, 0.0, 3176.964749687489, 0.0], [0.0, 0.0, 0.0, 0.0]], ""R"": [[470.50587505208523, 0.0], [0.0, 470.50587505208523]], ""P"": [[1000.0, 0.0, 0.0, 0.0], [0.0, 100000.0, 0.0, 0.0], [0.0, 0.0, 1000.0, 0.0], [0.0, 0.0, 0.0, 100000.0]]}","[0.28645987386577254, 1.1346465615955172, 0.0]",False
3,P21,09ce0dcc-884e-4c47-9efa-46e431e4bea2,24,1,haply,mpc,seeded_random,2698308921,persist_session,10.0,61.52940374374389,1627.599611484,0,1786366629.0212457,1050.0,True,normal,adaptive,-0.064,-0.048,0.0,0.064,0.048,0.0,0.04594803,0.0145496399999999,0.0,0.050530706,-0.059229914,0.2083237,0.00985434,-0.008484032,0.010648341,"[-0.7973859190969247, 2.8778175843604434, 0.0, 0.0, 0.0, 0.0, -0.8828144665343806, 4.2153884045081265]","[0.07261963522685304, 0.05815545606193566, 0.0]","{""Controller Type"": ""MPC Controller"", ""weight_comfort"": 470.50587505208523, ""weight_trajectory"": 3176.964749687489, ""weight_goal"": 1000.0, ""Q"": [[3176.964749687489, 0.0, 0.0, 0.0], [0.0, 0.0, 0.0, 0.0], [0.0, 0.0, 3176.964749687489, 0.0], [0.0, 0.0, 0.0, 0.0]], ""R"": [[470.50587505208523, 0.0], [0.0, 470.50587505208523]], ""P"": [[1000.0, 0.0, 0.0, 0.0], [0.0, 100000.0, 0.0, 0.0], [0.0, 0.0, 1000.0, 0.0], [0.0, 0.0, 0.0, 100000.0]]}","[0.2520867679278818, 1.0725065121769715, 0.0]",False
3,P21,09ce0dcc-884e-4c47-9efa-46e431e4bea2,24,1,haply,mpc,seeded_random,2698308921,persist_session,10.0,61.53941040992736,1627.609622169,0,1786366629.0313542,1051.0,True,normal,adaptive,-0.064,-0.048,0.0,0.064,0.048,0.0,0.04630779,0.0147808199999999,0.0,0.050650626,-0.059274778,0.20843929,0.009880703,-0.0085463645,0.010557478,"[-0.7907519500456507, 2.8540051639910144, 0.0, 0.0, 0.0, 0.0, -0.8780361944326814, 4.1386258454208225]","[0.06863505320128796, 0.03550092173234716, 0.0]","{""Controller Type"": ""MPC Controller"", ""weight_comfort"": 470.5601250271165, ""weight_trajectory"": 3176.6392498373016, ""weight_goal"": 1000.0, ""Q"": [[3176.6392498373016, 0.0, 0.0, 0.0], [0.0, 0.0, 0.0, 0.0], [0.0, 0.0, 3176.6392498373016, 0.0], [0.0, 0.0, 0.0, 0.0]], ""R"": [[470.5601250271165, 0.0], [0.0, 470.5601250271165]], ""P"": [[1000.0, 0.0, 0.0, 0.0], [0.0, 100000.0, 0.0, 0.0], [0.0, 0.0, 1000.0, 0.0], [0.0, 0.0, 0.0, 100000.0]]}","[0.25407317456429346, 1.1161038770305387, 0.0]",False
3,P21,09ce0dcc-884e-4c47-9efa-46e431e4bea2,24,1,haply,mpc,seeded_random,2698308921,persist_session,10.0,61.5495224571228,1627.619726959,0,1786366629.0412676,1052.0,True,normal,adaptive,-0.064,-0.048,0.0,0.064,0.048,0.0,0.046616922,0.0149934599999999,0.0,0.05075367,-0.05937593,0.20854561,0.009957124,-0.008598684,0.010495308,"[-0.8165216160358114, 2.940134096779665, 0.0, 0.0, 0.0, 0.0, -0.9035746255920912, 4.3083169467551325]","[0.09019316101310192, 0.06851488936615559, 0.0]","{""Controller Type"": ""MPC Controller"", ""weight_comfort"": 470.5601250271165, ""weight_trajectory"": 3176.6392498373016, ""weight_goal"": 1000.0, ""Q"": [[3176.6392498373016, 0.0, 0.0, 0.0], [0.0, 0.0, 0.0, 0.0], [0.0, 0.0, 3176.6392498373016, 0.0], [0.0, 0.0, 0.0, 0.0]], ""R"": [[470.5601250271165, 0.0], [0.0, 470.5601250271165]], ""P"": [[1000.0, 0.0, 0.0, 0.0], [0.0, 100000.0, 0.0, 0.0], [0.0, 0.0, 1000.0, 0.0], [0.0, 0.0, 0.0, 100000.0]]}","[0.1802081512245658, 1.040821282965571, 0.0]",False
3,P21,09ce0dcc-884e-4c47-9efa-46e431e4bea2,24,1,haply,mpc,seeded_random,2698308921,persist_session,10.0,61.55938893318176,1627.629608939,0,1786366629.0513952,1053.0,True,normal,adaptive,-0.064,-0.048,0.0,0.064,0.048,0.0,0.0469269,0.0152067799999999,0.0,0.050856996,-0.059477154,0.20865227,0.010035269,-0.008608102,0.010478253,"[-0.7967309435478711, 2.8717585144268316, 0.0, 0.0, 0.0, 0.0, -0.8966366443981972, 4.259404502399165]","[0.07570071655619694, 0.06176789893921826, 0.0]","{""Controller Type"": ""MPC Controller"", ""weight_comfort"": 470.5601250271165, ""weight_trajectory"": 3176.6392498373016, ""weight_goal"": 1000.0, ""Q"": [[3176.6392498373016, 0.0, 0.0, 0.0], [0.0, 0.0, 0.0, 0.0], [0.0, 0.0, 3176.6392498373016, 0.0], [0.0, 0.0, 0.0, 0.0]], ""R"": [[470.5601250271165, 0.0], [0.0, 470.5601250271165]], ""P"": [[1000.0, 0.0, 0.0, 0.0], [0.0, 100000.0, 0.0, 0.0], [0.0, 0.0, 1000.0, 0.0], [0.0, 0.0, 0.0, 100000.0]]}","[0.2109252930642847, 1.0470031971766425, 0.0]",False
3,P21,09ce0dcc-884e-4c47-9efa-46e431e4bea2,24,1,haply,mpc,seeded_random,2698308921,persist_session,10.0,61.569431600570674,1627.639648679,0,1786366629.0611792,1054.0,True,normal,adaptive,-0.064,-0.048,0.0,0.064,0.048,0.0,0.047349663,0.0154784599999999,0.0,0.050997917,-0.0595849,0.20878811,0.010149418,-0.008685208,0.010547841,"[-0.7918640557995301, 2.8549402466888187, 0.0, 0.0, 0.0, 0.0, -0.8934530585503976, 4.2366562219503425]","[0.07386277955272104, 0.05993896493555574, 0.0]","{""Controller Type"": ""MPC Controller"", ""weight_comfort"": 470.0902995457895, ""weight_trajectory"": 3179.4582027252627, ""weight_goal"": 1000.0, ""Q"": [[3179.4582027252627, 0.0, 0.0, 0.0], [0.0, 0.0, 0.0, 0.0], [0.0, 0.0, 3179.4582027252627, 0.0], [0.0, 0.0, 0.0, 0.0]], ""R"": [[470.0902995457895, 0.0], [0.0, 470.0902995457895]], ""P"": [[1000.0, 0.0, 0.0, 0.0], [0.0, 100000.0, 0.0, 0.0], [0.0, 0.0, 1000.0, 0.0], [0.0, 0.0, 0.0, 100000.0]]}","[0.20565026307388318, 1.0434557186096363, 0.0]",False
3,P21,09ce0dcc-884e-4c47-9efa-46e431e4bea2,24,1,haply,mpc,seeded_random,2698308921,persist_session,10.0,61.57944756507873,1627.649667346,0,1786366629.0713527,1055.0,True,normal,adaptive,-0.064,-0.048,0.0,0.064,0.048,0.0,0.047627562,0.0157154199999999,0.0,0.05109055,-0.059648853,0.20890659,0.010283107,-0.008724489,0.0106318565,"[-0.8641264898911669, 3.0835199957713346, 0.0, 0.0, 0.0, 0.0, -0.9298922829988274, 4.444320582405896]","[0.11884998293448801, 0.09316761701091489, 0.0]","{""Controller Type"": ""MPC Controller"", ""weight_comfort"": 470.0902995457895, ""weight_trajectory"": 3179.4582027252627, ""weight_goal"": 1000.0, ""Q"": [[3179.4582027252627, 0.0, 0.0, 0.0], [0.0, 0.0, 0.0, 0.0], [0.0, 0.0, 3179.4582027252627, 0.0], [0.0, 0.0, 0.0, 0.0]], ""R"": [[470.0902995457895, 0.0], [0.0, 470.0902995457895]], ""P"": [[1000.0, 0.0, 0.0, 0.0], [0.0, 100000.0, 0.0, 0.0], [0.0, 0.0, 1000.0, 0.0], [0.0, 0.0, 0.0, 100000.0]]}","[0.07270827662676556, 0.972097140663123, 0.0]",False
3,P21,09ce0dcc-884e-4c47-9efa-46e431e4bea2,24,1,haply,mpc,seeded_random,2698308921,persist_session,10.0,61.589363393783565,1627.659588612,0,1786366629.0813932,1056.0,True,normal,adaptive,-0.064,-0.048,0.0,0.064,0.048,0.0,0.047967186,0.0159918599999999,0.0,0.051203758,-0.05977592,0.20904481,0.010414363,-0.008771722,0.010751398,"[-0.8128459900746426, 2.9016973513307804, 0.0, 0.0, 0.0, 0.0, -0.9081941663588428, 4.305910405580504]","[0.06595394014779161, 0.07097152263937924, 0.0]","{""Controller Type"": ""MPC Controller"", ""weight_comfort"": 470.0902995457895, ""weight_trajectory"": 3179.4582027252627, ""weight_goal"": 1000.0, ""Q"": [[3179.4582027252627, 0.0, 0.0, 0.0], [0.0, 0.0, 0.0, 0.0], [0.0, 0.0, 3179.4582027252627, 0.0], [0.0, 0.0, 0.0, 0.0]], ""R"": [[470.0902995457895, 0.0], [0.0, 470.0902995457895]], ""P"": [[1000.0, 0.0, 0.0, 0.0], [0.0, 100000.0, 0.0, 0.0], [0.0, 0.0, 1000.0, 0.0], [0.0, 0.0, 0.0, 100000.0]]}","[0.21258015813026812, 1.0058540935895544, 0.0]",False
3,P21,09ce0dcc-884e-4c47-9efa-46e431e4bea2,24,1,haply,mpc,seeded_random,2698308921,persist_session,10.0,61.599359569549556,1627.669580869,0,1786366629.0912988,1057.0,True,normal,adaptive,-0.064,-0.048,0.0,0.064,0.048,0.0,0.048280722,0.0162082599999999,0.0,0.05130827,-0.05987748,0.20915301,0.0105217695,-0.008864489,0.010928984,"[-0.8376667875807611, 2.9836563884808642, 0.0, 0.0, 0.0, 0.0, -0.9282930458454324, 4.419940918769106]","[0.08749301885842027, 0.09197879835263227, 0.0]","{""Controller Type"": ""MPC Controller"", ""weight_comfort"": 468.4405185548739, ""weight_trajectory"": 4632.001006095472, ""weight_goal"": 3266.8840582897387, ""Q"": [[4632.001006095472, 0.0, 0.0, 0.0], [0.0, 0.0, 0.0, 0.0], [0.0, 0.0, 4632.001006095472, 0.0], [0.0, 0.0, 0.0, 0.0]], ""R"": [[468.4405185548739, 0.0], [0.0, 468.4405185548739]], ""P"": [[3266.8840582897387, 0.0, 0.0, 0.0], [0.0, 326688.40582897386, 0.0, 0.0], [0.0, 0.0, 3266.8840582897387, 0.0], [0.0, 0.0, 0.0, 326688.40582897386]]}","[0.13994376721285223, 0.956452433215142, 0.0]",False
3,P21,09ce0dcc-884e-4c47-9efa-46e431e4bea2,24,1,haply,mpc,seeded_random,2698308921,persist_session,10.0,61.60949498176574,1627.679712804,0,1786366629.101255,1058.0,True,normal,adaptive,-0.064,-0.048,0.0,0.064,0.048,0.0,0.048560532,0.0164472199999999,0.0,0.05140154,-0.05994139,0.20927249,0.010586195,-0.008978824,0.011077601,"[-0.8255703599334391, 2.943233167402154, 0.0, 0.0, 0.0, 0.0, -0.9048543972307052, 4.263543470372586]","[0.08018323859516062, 0.06437566773027326, 0.0]","{""Controller Type"": ""MPC Controller"", ""weight_comfort"": 468.4405185548739, ""weight_trajectory"": 4632.001006095472, ""weight_goal"": 3266.8840582897387, ""Q"": [[4632.001006095472, 0.0, 0.0, 0.0], [0.0, 0.0, 0.0, 0.0], [0.0, 0.0, 4632.001006095472, 0.0], [0.0, 0.0, 0.0, 0.0]], ""R"": [[468.4405185548739, 0.0], [0.0, 468.4405185548739]], ""P"": [[3266.8840582897387, 0.0, 0.0, 0.0], [0.0, 326688.40582897386, 0.0, 0.0], [0.0, 0.0, 3266.8840582897387, 0.0], [0.0, 0.0, 0.0, 326688.40582897386]]}","[0.15227338602794724, 1.1265317199465281, 0.0]",False
3,P21,09ce0dcc-884e-4c47-9efa-46e431e4bea2,24,1,haply,mpc,seeded_random,2698308921,persist_session,10.0,61.61949234962463,1627.689710989,0,1786366629.1113906,1059.0,True,normal,adaptive,-0.064,-0.048,0.0,0.064,0.048,0.0,0.048755172,0.0166897399999999,0.0,0.05146642,-0.060024645,0.20939375,0.0106043145,-0.009071848,0.011167359,"[-0.8111543810105908, 2.893614714390842, 0.0, 0.0, 0.0, 0.0, -0.911403047900862, 4.303647137813154]","[0.06879927508478076, 0.0745358877277961, 0.0]","{""Controller Type"": ""MPC Controller"", ""weight_comfort"": 468.4405185548739, ""weight_trajectory"": 4632.001006095472, ""weight_goal"": 3266.8840582897387, ""Q"": [[4632.001006095472, 0.0, 0.0, 0.0], [0.0, 0.0, 0.0, 0.0], [0.0, 0.0, 4632.001006095472, 0.0], [0.0, 0.0, 0.0, 0.0]], ""R"": [[468.4405185548739, 0.0], [0.0, 468.4405185548739]], ""P"": [[3266.8840582897387, 0.0, 0.0, 0.0], [0.0, 326688.40582897386, 0.0, 0.0], [0.0, 0.0, 3266.8840582897387, 0.0], [0.0, 0.0, 0.0, 326688.40582897386]]}","[0.17744180231075132, 1.0958543786830781, 0.0]",False
3,P21,09ce0dcc-884e-4c47-9efa-46e431e4bea2,24,1,haply,mpc,seeded_random,2698308921,persist_session,10.0,61.62932592391967,1627.699554024,0,1786366629.121468,1060.0,True,normal,adaptive,-0.064,-0.048,0.0,0.064,0.048,0.0,0.049063347,0.0169916399999999,0.0,0.051569145,-0.060114216,0.2095447,0.010613331,-0.009168717,0.011237251,"[-0.7952819140120283, 2.8285306148574865, 0.0, 0.0, 0.0, 0.0, -0.9076584076985446, 4.280792448980696]","[0.042193760890860826, 0.07400931091578092, 0.0]","{""Controller Type"": ""MPC Controller"", ""weight_comfort"": 468.47293894308933, ""weight_trajectory"": 9352.898691456257, ""weight_goal"": 10709.038053892713, ""Q"": [[9352.898691456257, 0.0, 0.0, 0.0], [0.0, 0.0, 0.0, 0.0], [0.0, 0.0, 9352.898691456257, 0.0], [0.0, 0.0, 0.0, 0.0]], ""R"": [[468.47293894308933, 0.0], [0.0, 468.47293894308933]], ""P"": [[10709.038053892713, 0.0, 0.0, 0.0], [0.0, 1070903.8053892714, 0.0, 0.0], [0.0, 0.0, 10709.038053892713, 0.0], [0.0, 0.0, 0.0, 1070903.8053892714]]}","[0.25965649164383214, 1.086776500268566, 0.0]",False
3,P21,09ce0dcc-884e-4c47-9efa-46e431e4bea2,24,1,haply,mpc,seeded_random,2698308921,persist_session,10.0,61.63945251464843,1627.709670554,0,1786366629.131322,1061.0,True,normal,adaptive,-0.064,-0.048,0.0,0.064,0.048,0.0,0.049293927,0.0172138199999999,0.0,0.051646005,-0.06023555,0.20965579,0.010597388,-0.00929066,0.011352722,"[-0.8364391826472433, 2.9654270018749376, 0.0, 0.0, 0.0, 0.0, -0.9431208309754842, 4.470884290008811]","[0.07819085337087739, 0.10469365945513184, 0.0]","{""Controller Type"": ""MPC Controller"", ""weight_comfort"": 468.47293894308933, ""weight_trajectory"": 9352.898691456257, ""weight_goal"": 10709.038053892713, ""Q"": [[9352.898691456257, 0.0, 0.0, 0.0], [0.0, 0.0, 0.0, 0.0], [0.0, 0.0, 9352.898691456257, 0.0], [0.0, 0.0, 0.0, 0.0]], ""R"": [[468.47293894308933, 0.0], [0.0, 468.47293894308933]], ""P"": [[10709.038053892713, 0.0, 0.0, 0.0], [0.0, 1070903.8053892714, 0.0, 0.0], [0.0, 0.0, 10709.038053892713, 0.0], [0.0, 0.0, 0.0, 1070903.8053892714]]}","[0.11603454545949794, 1.2453440247608656, 0.0]",False
3,P21,09ce0dcc-884e-4c47-9efa-46e431e4bea2,24,1,haply,mpc,seeded_random,2698308921,persist_session,10.0,61.649339494705195,1627.719565092,0,1786366629.141483,1062.0,True,normal,adaptive,-0.064,-0.048,0.0,0.064,0.048,0.0,0.049630992,0.0175795599999999,0.0,0.05175836,-0.060350873,0.20983866,0.010494335,-0.009241277,0.011656637,"[-0.8162071572496731, 2.8922742763696885, 0.0, 0.0, 0.0, 0.0, -0.9098704623202435, 4.260810108742861]","[0.05567442166558585, 0.06805709151780656, 0.0]","{""Controller Type"": ""MPC Controller"", ""weight_comfort"": 468.47293894308933, ""weight_trajectory"": 9352.898691456257, ""weight_goal"": 10709.038053892713, ""Q"": [[9352.898691456257, 0.0, 0.0, 0.0], [0.0, 0.0, 0.0, 0.0], [0.0, 0.0, 9352.898691456257, 0.0], [0.0, 0.0, 0.0, 0.0]], ""R"": [[468.47293894308933, 0.0], [0.0, 468.47293894308933]], ""P"": [[10709.038053892713, 0.0, 0.0, 0.0], [0.0, 1070903.8053892714, 0.0, 0.0], [0.0, 0.0, 10709.038053892713, 0.0], [0.0, 0.0, 0.0, 1070903.8053892714]]}","[0.18683044175573044, 1.3179974100680956, 0.0]",False
3,P21,09ce0dcc-884e-4c47-9efa-46e431e4bea2,24,1,haply,mpc,seeded_random,2698308921,persist_session,10.0,61.659394798278804,1627.729614043,0,1786366629.1513677,1063.0,True,normal,adaptive,-0.064,-0.048,0.0,0.064,0.048,0.0,0.049968912,0.0179466399999999,0.0,0.051871,-0.060466174,0.2100222,0.010498377,-0.009419184,0.012202933,"[-0.8552401138087237, 3.0184313742635602, 0.0, 0.0, 0.0, 0.0, -1.024820541489353, 4.834509067130398]","[0.08784049198576853, 0.1428415089744088, 0.0]","{""Controller Type"": ""MPC Controller"", ""weight_comfort"": 462.78756131500234, ""weight_trajectory"": 19159.724590821483, ""weight_goal"": 25954.82608526505, ""Q"": [[19159.724590821483, 0.0, 0.0, 0.0], [0.0, 0.0, 0.0, 0.0], [0.0, 0.0, 19159.724590821483, 0.0], [0.0, 0.0, 0.0, 0.0]], ""R"": [[462.78756131500234, 0.0], [0.0, 462.78756131500234]], ""P"": [[25954.82608526505, 0.0, 0.0, 0.0], [0.0, 2595482.608526505, 0.0, 0.0], [0.0, 0.0, 25954.82608526505, 0.0], [0.0, 0.0, 0.0, 2595482.608526505]]}","[0.06416025795534236, 1.1505699533925289, 0.0]",False
3,P21,09ce0dcc-884e-4c47-9efa-46e431e4bea2,24,1,haply,mpc,seeded_random,2698308921,persist_session,10.0,61.66932850837707,1627.739553996,0,1786366629.1615143,1064.0,True,normal,adaptive,-0.064,-0.048,0.0,0.064,0.048,0.0,0.050421954,0.0183747999999999,0.0,0.052022014,-0.060587652,0.21023628,0.010623831,-0.009892073,0.013031042,"[-0.855770906193977, 3.020127868537695, 0.0, 0.0, 0.0, 0.0, -1.0215018710128592, 4.818145449420469]","[0.09124028492035813, 0.14822983887055574, 0.0]","{""Controller Type"": ""MPC Controller"", ""weight_comfort"": 462.78756131500234, ""weight_trajectory"": 19159.724590821483, ""weight_goal"": 25954.82608526505, ""Q"": [[19159.724590821483, 0.0, 0.0, 0.0], [0.0, 0.0, 0.0, 0.0], [0.0, 0.0, 19159.724590821483, 0.0], [0.0, 0.0, 0.0, 0.0]], ""R"": [[462.78756131500234, 0.0], [0.0, 462.78756131500234]], ""P"": [[25954.82608526505, 0.0, 0.0, 0.0], [0.0, 2595482.608526505, 0.0, 0.0], [0.0, 0.0, 25954.82608526505, 0.0], [0.0, 0.0, 0.0, 2595482.608526505]]}","[-0.03631484957138022, 1.3371339594796534, 0.0]",False
3,P21,09ce0dcc-884e-4c47-9efa-46e431e4bea2,24,1,haply,mpc,seeded_random,2698308921,persist_session,10.0,61.67934447288513,1627.749561059,0,1786366629.171477,1065.0,True,normal,adaptive,-0.064,-0.048,0.0,0.064,0.048,0.0,0.050734002,0.0186820999999999,0.0,0.05212603,-0.06067712,0.21038993,0.010792342,-0.010325362,0.013886571,"[-0.9160451923559454, 3.2036994724670484, 0.0, 0.0, 0.0, 0.0, -1.0602623321577833, 5.002806223140122]","[0.1306056604012762, 0.17969449102448787, 0.0]","{""Controller Type"": ""MPC Controller"", ""weight_comfort"": 462.78756131500234, ""weight_trajectory"": 19159.724590821483, ""weight_goal"": 25954.82608526505, ""Q"": [[19159.724590821483, 0.0, 0.0, 0.0], [0.0, 0.0, 0.0, 0.0], [0.0, 0.0, 19159.724590821483, 0.0], [0.0, 0.0, 0.0, 0.0]], ""R"": [[462.78756131500234, 0.0], [0.0, 462.78756131500234]], ""P"": [[25954.82608526505, 0.0, 0.0, 0.0], [0.0, 2595482.608526505, 0.0, 0.0], [0.0, 0.0, 25954.82608526505, 0.0], [0.0, 0.0, 0.0, 2595482.608526505]]}","[-0.18658837785412577, 1.2522324885597835, 0.0]",False
3,P21,09ce0dcc-884e-4c47-9efa-46e431e4bea2,24,1,haply,mpc,seeded_random,2698308921,persist_session,10.0,61.689341602325435,1627.759569714,0,1786366629.1813262,1066.0,True,normal,adaptive,-0.064,-0.048,0.0,0.064,0.048,0.0,0.051161472,0.0190506399999999,0.0,0.05226852,-0.060772706,0.2105742,0.010842686,-0.010293358,0.014769987,"[-0.8564547103273653, 3.0119207508540176, 0.0, 0.0, 0.0, 0.0, -0.967908952203401, 4.522675630097589]","[0.08297561984568572, 0.11112374678605534, 0.0]","{""Controller Type"": ""MPC Controller"", ""weight_comfort"": 459.3635837565642, ""weight_trajectory"": 37648.63226411373, ""weight_goal"": 55026.13992908596, ""Q"": [[37648.63226411373, 0.0, 0.0, 0.0], [0.0, 0.0, 0.0, 0.0], [0.0, 0.0, 37648.63226411373, 0.0], [0.0, 0.0, 0.0, 0.0]], ""R"": [[459.3635837565642, 0.0], [0.0, 459.3635837565642]], ""P"": [[55026.13992908596, 0.0, 0.0, 0.0], [0.0, 5502613.992908596, 0.0, 0.0], [0.0, 0.0, 55026.13992908596, 0.0], [0.0, 0.0, 0.0, 5502613.992908596]]}","[-0.03475889758227852, 1.3773043414328257, 0.0]",False
3,P21,09ce0dcc-884e-4c47-9efa-46e431e4bea2,24,1,haply,mpc,seeded_random,2698308921,persist_session,10.0,61.69955998420715,1627.769765911,0,1786366629.1913602,1067.0,True,normal,adaptive,-0.064,-0.048,0.0,0.064,0.048,0.0,0.051590067,0.0194204199999999,0.0,0.052411385,-0.06086811,0.21075909,0.010931357,-0.010293714,0.015463174,"[-0.9277255493710236, 3.2281747204508067, 0.0, 0.0, 0.0, 0.0, -1.0198491993874788, 4.77574758356874]","[0.1281988049881002, 0.14917855028672802, 0.0]","{""Controller Type"": ""MPC Controller"", ""weight_comfort"": 459.3635837565642, ""weight_trajectory"": 37648.63226411373, ""weight_goal"": 55026.13992908596, ""Q"": [[37648.63226411373, 0.0, 0.0, 0.0], [0.0, 0.0, 0.0, 0.0], [0.0, 0.0, 37648.63226411373, 0.0], [0.0, 0.0, 0.0, 0.0]], ""R"": [[459.3635837565642, 0.0], [0.0, 459.3635837565642]], ""P"": [[55026.13992908596, 0.0, 0.0, 0.0], [0.0, 5502613.992908596, 0.0, 0.0], [0.0, 0.0, 55026.13992908596, 0.0], [0.0, 0.0, 0.0, 5502613.992908596]]}","[-0.34325687555317785, 1.4548708941009358, 0.0]",False
3,P21,09ce0dcc-884e-4c47-9efa-46e431e4bea2,24,1,haply,mpc,seeded_random,2698308921,persist_session,10.0,61.70942955970764,1627.779642043,0,1786366629.2011983,1068.0,True,normal,adaptive,-0.064,-0.048,0.0,0.064,0.048,0.0,0.05190468,0.0197311599999999,0.0,0.052516256,-0.060957447,0.21091446,0.0111469235,-0.010211906,0.016012775,"[-0.9153961455599141, 3.1908480214568526, 0.0, 0.0, 0.0, 0.0, -1.0003783411084832, 4.68081830859134]","[0.12493359846097171, 0.14390895428925346, 0.0]","{""Controller Type"": ""MPC Controller"", ""weight_comfort"": 459.3635837565642, ""weight_trajectory"": 37648.63226411373, ""weight_goal"": 55026.13992908596, ""Q"": [[37648.63226411373, 0.0, 0.0, 0.0], [0.0, 0.0, 0.0, 0.0], [0.0, 0.0, 37648.63226411373, 0.0], [0.0, 0.0, 0.0, 0.0]], ""R"": [[459.3635837565642, 0.0], [0.0, 459.3635837565642]], ""P"": [[55026.13992908596, 0.0, 0.0, 0.0], [0.0, 5502613.992908596, 0.0, 0.0], [0.0, 0.0, 55026.13992908596, 0.0], [0.0, 0.0, 0.0, 5502613.992908596]]}","[-0.35424424077032, 1.442863376163238, 0.0]",False
3,P21,09ce0dcc-884e-4c47-9efa-46e431e4bea2,24,1,haply,mpc,seeded_random,2698308921,persist_session,10.0,61.71931105613708,1627.789531763,0,1786366629.2113173,1069.0,True,normal,adaptive,-0.064,-0.048,0.0,0.064,0.048,0.0,0.052248258,0.0201065799999999,0.0,0.052630782,-0.06107252,0.21110217,0.011307206,-0.010133774,0.0163943,"[-0.8636900988052673, 3.0279725148242895, 0.0, 0.0, 0.0, 0.0, -0.9512739738560164, 4.430654684879138]","[0.0863850062570963, 0.11305238249508398, 0.0]","{""Controller Type"": ""MPC Controller"", ""weight_comfort"": 452.7952063841189, ""weight_trajectory"": 63850.90674256639, ""weight_goal"": 96179.11618503959, ""Q"": [[63850.90674256639, 0.0, 0.0, 0.0], [0.0, 0.0, 0.0, 0.0], [0.0, 0.0, 63850.90674256639, 0.0], [0.0, 0.0, 0.0, 0.0]], ""R"": [[452.7952063841189, 0.0], [0.0, 452.7952063841189]], ""P"": [[96179.11618503959, 0.0, 0.0, 0.0], [0.0, 9617911.618503958, 0.0, 0.0], [0.0, 0.0, 96179.11618503959, 0.0], [0.0, 0.0, 0.0, 9617911.618503958]]}","[-0.22270090023959574, 1.4968591577704426, 0.0]",False
3,P21,09ce0dcc-884e-4c47-9efa-46e431e4bea2,24,1,haply,mpc,seeded_random,2698308921,persist_session,10.0,61.7293902015686,1627.799600766,0,1786366629.221237,1070.0,True,normal,adaptive,-0.064,-0.048,0.0,0.064,0.048,0.0,0.052448766,0.0203587199999999,0.0,0.052697618,-0.06115585,0.21122824,0.011340825,-0.010099724,0.01664412,"[-0.8685721621842687, 3.043120382737155, 0.0, 0.0, 0.0, 0.0, -0.9902796978167904, 4.619193162269218]","[0.09311850868336474, 0.1437527617180543, 0.0]","{""Controller Type"": ""MPC Controller"", ""weight_comfort"": 452.7952063841189, ""weight_trajectory"": 63850.90674256639, ""weight_goal"": 96179.11618503959, ""Q"": [[63850.90674256639, 0.0, 0.0, 0.0], [0.0, 0.0, 0.0, 0.0], [0.0, 0.0, 63850.90674256639, 0.0], [0.0, 0.0, 0.0, 0.0]], ""R"": [[452.7952063841189, 0.0], [0.0, 452.7952063841189]], ""P"": [[96179.11618503959, 0.0, 0.0, 0.0], [0.0, 9617911.618503958, 0.0, 0.0], [0.0, 0.0, 96179.11618503959, 0.0], [0.0, 0.0, 0.0, 9617911.618503958]]}","[-0.40220589235580684, 1.5205465478787779, 0.0]",False
3,P21,09ce0dcc-884e-4c47-9efa-46e431e4bea2,24,1,haply,mpc,seeded_random,2698308921,persist_session,10.0,61.73939901351928,1627.809617586,0,1786366629.231323,1071.0,True,normal,adaptive,-0.064,-0.048,0.0,0.064,0.048,0.0,0.052706436,0.0207395599999999,0.0,0.052783508,-0.061290786,0.21141866,0.011387503,-0.010119807,0.016903156,"[-0.8359617251192133, 2.9287554964576485, 0.0, 0.0, 0.0, 0.0, -0.9257068380166419, 4.260463139422995]","[0.04954320904006802, 0.0827058056346762, 0.0]","{""Controller Type"": ""MPC Controller"", ""weight_comfort"": 452.7952063841189, ""weight_trajectory"": 63850.90674256639, ""weight_goal"": 96179.11618503959, ""Q"": [[63850.90674256639, 0.0, 0.0, 0.0], [0.0, 0.0, 0.0, 0.0], [0.0, 0.0, 63850.90674256639, 0.0], [0.0, 0.0, 0.0, 0.0]], ""R"": [[452.7952063841189, 0.0], [0.0, 452.7952063841189]], ""P"": [[96179.11618503959, 0.0, 0.0, 0.0], [0.0, 9617911.618503958, 0.0, 0.0], [0.0, 0.0, 96179.11618503959, 0.0], [0.0, 0.0, 0.0, 9617911.618503958]]}","[-0.21108475582167815, 1.6731605996294066, 0.0]",False
3,P21,09ce0dcc-884e-4c47-9efa-46e431e4bea2,24,1,haply,mpc,seeded_random,2698308921,persist_session,10.0,61.749309835433955,1627.8195369,0,1786366629.2411735,1072.0,True,normal,adaptive,-0.064,-0.048,0.0,0.064,0.048,0.0,0.053032323,0.0209691199999999,0.0,0.052892137,-0.06139322,0.21153344,0.011351556,-0.0101297535,0.016905844,"[-0.8511377310807832, 2.978124003955816, 0.0, 0.0, 0.0, 0.0, -1.031930152243388, 4.76829144716807]","[0.0664701795463051, 0.15191527211187178, 0.0]","{""Controller Type"": ""MPC Controller"", ""weight_comfort"": 444.8588586358799, ""weight_trajectory"": 89656.31690069352, ""weight_goal"": 136345.31383908, ""Q"": [[89656.31690069352, 0.0, 0.0, 0.0], [0.0, 0.0, 0.0, 0.0], [0.0, 0.0, 89656.31690069352, 0.0], [0.0, 0.0, 0.0, 0.0]], ""R"": [[444.8588586358799, 0.0], [0.0, 444.8588586358799]], ""P"": [[136345.31383908, 0.0, 0.0, 0.0], [0.0, 13634531.383907998, 0.0, 0.0], [0.0, 0.0, 136345.31383908, 0.0], [0.0, 0.0, 0.0, 13634531.383907998]]}","[-0.2960886700616738, 1.4693713635680308, 0.0]",False
3,P21,09ce0dcc-884e-4c47-9efa-46e431e4bea2,24,1,haply,mpc,seeded_random,2698308921,persist_session,10.0,61.75948029518127,1627.829696383,0,1786366629.2514355,1073.0,True,normal,adaptive,-0.064,-0.048,0.0,0.064,0.048,0.0,0.05337891,0.0213493399999999,0.0,0.053007666,-0.061508283,0.21172355,0.011173342,-0.010200628,0.016799727,"[-0.8827551964602507, 3.075543966696979, 0.0, 0.0, 0.0, 0.0, -0.9653910382589462, 4.383141853264881]","[0.09206487183336402, 0.07604863201891633, 0.0]","{""Controller Type"": ""MPC Controller"", ""weight_comfort"": 444.8588586358799, ""weight_trajectory"": 89656.31690069352, ""weight_goal"": 136345.31383908, ""Q"": [[89656.31690069352, 0.0, 0.0, 0.0], [0.0, 0.0, 0.0, 0.0], [0.0, 0.0, 89656.31690069352, 0.0], [0.0, 0.0, 0.0, 0.0]], ""R"": [[444.8588586358799, 0.0], [0.0, 444.8588586358799]], ""P"": [[136345.31383908, 0.0, 0.0, 0.0], [0.0, 13634531.383907998, 0.0, 0.0], [0.0, 0.0, 136345.31383908, 0.0], [0.0, 0.0, 0.0, 13634531.383907998]]}","[-0.5260680252040272, 1.74165337901548, 0.0]",False
3,P21,09ce0dcc-884e-4c47-9efa-46e431e4bea2,24,1,haply,mpc,seeded_random,2698308921,persist_session,10.0,61.76938062667846,1627.839605829,0,1786366629.2612057,1074.0,True,normal,adaptive,-0.064,-0.048,0.0,0.064,0.048,0.0,0.05360997,0.0216694399999999,0.0,0.053084686,-0.061617553,0.2118836,0.011030914,-0.010287012,0.016763253,"[-0.881448034125367, 3.0715473084510645, 0.0, 0.0, 0.0, 0.0, -1.0790381289152589, 4.9255437939448035]","[0.0943782487555838, 0.15374452910320288, 0.0]","{""Controller Type"": ""MPC Controller"", ""weight_comfort"": 444.8588586358799, ""weight_trajectory"": 89656.31690069352, ""weight_goal"": 136345.31383908, ""Q"": [[89656.31690069352, 0.0, 0.0, 0.0], [0.0, 0.0, 0.0, 0.0], [0.0, 0.0, 89656.31690069352, 0.0], [0.0, 0.0, 0.0, 0.0]], ""R"": [[444.8588586358799, 0.0], [0.0, 444.8588586358799]], ""P"": [[136345.31383908, 0.0, 0.0, 0.0], [0.0, 13634531.383907998, 0.0, 0.0], [0.0, 0.0, 136345.31383908, 0.0], [0.0, 0.0, 0.0, 13634531.383907998]]}","[-0.5498632296019721, 1.511943304470039, 0.0]",False
3,P21,09ce0dcc-884e-4c47-9efa-46e431e4bea2,24,1,haply,mpc,seeded_random,2698308921,persist_session,10.0,61.77937227249145,1627.849590468,0,1786366629.2714093,1075.0,True,normal,adaptive,-0.064,-0.048,0.0,0.064,0.048,0.0,0.053929287,0.0219874199999999,0.0,0.053191125,-0.06170673,0.21204259,0.010903429,-0.010336937,0.016721278,"[-0.848298964346218, 2.96381120978247, 0.0, 0.0, 0.0, 0.0, -1.0343462325776176, 4.705589418529725]","[0.061279020064938496, 0.12693450962671446, 0.0]","{""Controller Type"": ""MPC Controller"", ""weight_comfort"": 436.9881055232649, ""weight_trajectory"": 121043.80064466834, ""weight_goal"": 185641.82239045546, ""Q"": [[121043.80064466834, 0.0, 0.0, 0.0], [0.0, 0.0, 0.0, 0.0], [0.0, 0.0, 121043.80064466834, 0.0], [0.0, 0.0, 0.0, 0.0]], ""R"": [[436.9881055232649, 0.0], [0.0, 436.9881055232649]], ""P"": [[185641.82239045546, 0.0, 0.0, 0.0], [0.0, 18564182.239045545, 0.0, 0.0], [0.0, 0.0, 185641.82239045546, 0.0], [0.0, 0.0, 0.0, 18564182.239045545]]}","[-0.404985763929745, 1.5545537563479592, 0.0]",False
3,P21,09ce0dcc-884e-4c47-9efa-46e431e4bea2,24,1,haply,mpc,seeded_random,2698308921,persist_session,10.0,61.78938299179077,1627.859606475,0,1786366629.2811332,1076.0,True,normal,adaptive,-0.064,-0.048,0.0,0.064,0.048,0.0,0.054220452,0.0222413599999999,0.0,0.05328818,-0.061770026,0.21216956,0.010742394,-0.010303307,0.016719954,"[-0.8777709173250967, 3.054210998994646, 0.0, 0.0, 0.0, 0.0, -1.0144106644526913, 4.606280659441223]","[0.08674035942133389, 0.1171604400460906, 0.0]","{""Controller Type"": ""MPC Controller"", ""weight_comfort"": 436.9881055232649, ""weight_trajectory"": 121043.80064466834, ""weight_goal"": 185641.82239045546, ""Q"": [[121043.80064466834, 0.0, 0.0, 0.0], [0.0, 0.0, 0.0, 0.0], [0.0, 0.0, 121043.80064466834, 0.0], [0.0, 0.0, 0.0, 0.0]], ""R"": [[436.9881055232649, 0.0], [0.0, 436.9881055232649]], ""P"": [[185641.82239045546, 0.0, 0.0, 0.0], [0.0, 18564182.239045545, 0.0, 0.0], [0.0, 0.0, 185641.82239045546, 0.0], [0.0, 0.0, 0.0, 18564182.239045545]]}","[-0.6318005592984305, 1.6129972474266263, 0.0]",False
3,P21,09ce0dcc-884e-4c47-9efa-46e431e4bea2,24,1,haply,mpc,seeded_random,2698308921,persist_session,10.0,61.79948287963867,1627.869700943,0,1786366629.2913177,1077.0,True,normal,adaptive,-0.064,-0.048,0.0,0.064,0.048,0.0,0.054424092,0.0224991199999999,0.0,0.05335606,-0.06185343,0.21229844,0.010548956,-0.010134893,0.01663394,"[-0.8684269759627227, 3.0254871064902558, 0.0, 0.0, 0.0, 0.0, -0.9815732467697713, 4.43156770219382]","[0.08210002473268607, 0.09044653802622192, 0.0]","{""Controller Type"": ""MPC Controller"", ""weight_comfort"": 436.9881055232649, ""weight_trajectory"": 121043.80064466834, ""weight_goal"": 185641.82239045546, ""Q"": [[121043.80064466834, 0.0, 0.0, 0.0], [0.0, 0.0, 0.0, 0.0], [0.0, 0.0, 121043.80064466834, 0.0], [0.0, 0.0, 0.0, 0.0]], ""R"": [[436.9881055232649, 0.0], [0.0, 436.9881055232649]], ""P"": [[185641.82239045546, 0.0, 0.0, 0.0], [0.0, 18564182.239045545, 0.0, 0.0], [0.0, 0.0, 185641.82239045546, 0.0], [0.0, 0.0, 0.0, 18564182.239045545]]}","[-0.623699241359991, 1.6772010754198983, 0.0]",False
3,P21,09ce0dcc-884e-4c47-9efa-46e431e4bea2,24,1,haply,mpc,seeded_random,2698308921,persist_session,10.0,61.80950718879699,1627.879726822,0,1786366629.301391,1078.0,True,normal,adaptive,-0.064,-0.048,0.0,0.064,0.048,0.0,0.054599022,0.0226919599999999,0.0,0.05341437,-0.06191087,0.21239486,0.010278306,-0.0097896345,0.016260698,"[-0.8433736164185662, 2.942225545550929, 0.0, 0.0, 0.0, 0.0, -0.9731342247248296, 4.386207034211699]","[0.050753845377597334, 0.08619465732319871, 0.0]","{""Controller Type"": ""MPC Controller"", ""weight_comfort"": 429.8465872742142, ""weight_trajectory"": 153018.28338803977, ""weight_goal"": 236437.4634894207, ""Q"": [[153018.28338803977, 0.0, 0.0, 0.0], [0.0, 0.0, 0.0, 0.0], [0.0, 0.0, 153018.28338803977, 0.0], [0.0, 0.0, 0.0, 0.0]], ""R"": [[429.8465872742142, 0.0], [0.0, 429.8465872742142]], ""P"": [[236437.4634894207, 0.0, 0.0, 0.0], [0.0, 23643746.34894207, 0.0, 0.0], [0.0, 0.0, 236437.4634894207, 0.0], [0.0, 0.0, 0.0, 23643746.34894207]]}","[-0.4761064013003392, 1.6724631065386248, 0.0]",False
3,P21,09ce0dcc-884e-4c47-9efa-46e431e4bea2,24,1,haply,mpc,seeded_random,2698308921,persist_session,10.0,61.8193297958374,1627.889554482,0,1786366629.311359,1079.0,True,normal,adaptive,-0.064,-0.048,0.0,0.064,0.048,0.0,0.054656961,0.0228227599999999,0.0,0.053433683,-0.061962623,0.21246026,0.00991737,-0.009229589,0.015569228,"[-0.8373499174670292, 2.9214465056251875, 0.0, 0.0, 0.0, 0.0, -0.9541296698317262, 4.262779634159989]","[0.042861662103789895, 0.057459055853732316, 0.0]","{""Controller Type"": ""MPC Controller"", ""weight_comfort"": 429.8465872742142, ""weight_trajectory"": 153018.28338803977, ""weight_goal"": 236437.4634894207, ""Q"": [[153018.28338803977, 0.0, 0.0, 0.0], [0.0, 0.0, 0.0, 0.0], [0.0, 0.0, 153018.28338803977, 0.0], [0.0, 0.0, 0.0, 0.0]], ""R"": [[429.8465872742142, 0.0], [0.0, 429.8465872742142]], ""P"": [[236437.4634894207, 0.0, 0.0, 0.0], [0.0, 23643746.34894207, 0.0, 0.0], [0.0, 0.0, 236437.4634894207, 0.0], [0.0, 0.0, 0.0, 23643746.34894207]]}","[-0.518241033379896, 1.7964141664666007, 0.0]",False
3,P21,09ce0dcc-884e-4c47-9efa-46e431e4bea2,24,1,haply,mpc,seeded_random,2698308921,persist_session,10.0,61.829401550292964,1627.899617109,0,1786366629.3214917,1080.0,True,normal,adaptive,-0.064,-0.048,0.0,0.064,0.048,0.0,0.05477415,0.0228851199999999,0.0,0.053472746,-0.06196833,0.21249144,0.00926285,-0.0084225405,0.014405354,"[-0.838577991221179, 2.9078337640935916, 0.0, 0.0, 0.0, 0.0, -0.9500948535639687, 4.200981235679517]","[0.009066845028622494, 0.03120423483011059, 0.0]","{""Controller Type"": ""MPC Controller"", ""weight_comfort"": 429.8465872742142, ""weight_trajectory"": 153018.28338803977, ""weight_goal"": 236437.4634894207, ""Q"": [[153018.28338803977, 0.0, 0.0, 0.0], [0.0, 0.0, 0.0, 0.0], [0.0, 0.0, 153018.28338803977, 0.0], [0.0, 0.0, 0.0, 0.0]], ""R"": [[429.8465872742142, 0.0], [0.0, 429.8465872742142]], ""P"": [[236437.4634894207, 0.0, 0.0, 0.0], [0.0, 23643746.34894207, 0.0, 0.0], [0.0, 0.0, 236437.4634894207, 0.0], [0.0, 0.0, 0.0, 23643746.34894207]]}","[-0.3350192069377461, 1.881125289469319, 0.0]",False
3,P21,09ce0dcc-884e-4c47-9efa-46e431e4bea2,24,1,haply,mpc,seeded_random,2698308921,persist_session,10.0,61.839371500015254,1627.909578454,0,1786366629.3313477,1081.0,True,normal,adaptive,-0.064,-0.048,0.0,0.064,0.048,0.0,0.054803172,0.02295068,0.0,0.05348242,-0.061994217,0.21252422,0.008388385,-0.0074509266,0.012909177,"[-0.8437419910892155, 2.929610286285918, 0.0, 0.0, 0.0, 0.0, -0.9633689138035564, 4.20338526919932]","[0.026097656585143153, 0.0016739050851040486, 0.0]","{""Controller Type"": ""MPC Controller"", ""weight_comfort"": 426.70307991965564, ""weight_trajectory"": 168260.73590773158, ""weight_goal"": 260938.4970879584, ""Q"": [[168260.73590773158, 0.0, 0.0, 0.0], [0.0, 0.0, 0.0, 0.0], [0.0, 0.0, 168260.73590773158, 0.0], [0.0, 0.0, 0.0, 0.0]], ""R"": [[426.70307991965564, 0.0], [0.0, 426.70307991965564]], ""P"": [[260938.4970879584, 0.0, 0.0, 0.0], [0.0, 26093849.70879584, 0.0, 0.0], [0.0, 0.0, 260938.4970879584, 0.0], [0.0, 0.0, 0.0, 26093849.70879584]]}","[-0.43242508972830573, 1.9896389111164574, 0.0]",False
3,P21,09ce0dcc-884e-4c47-9efa-46e431e4bea2,24,1,haply,mpc,seeded_random,2698308921,persist_session,10.0,61.84945708274841,1627.919671381,0,1786366629.3412125,1082.0,True,normal,adaptive,-0.064,-0.048,0.0,0.064,0.048,0.0,0.054832176,0.0230162399999999,0.0,0.053492088,-0.062020082,0.212557,0.0075356904,-0.0064661345,0.011392693,"[-0.8490666662727502, 2.9315321188878225, 0.0, 0.0, 0.0, 0.0, -0.962561294873645, 4.203570385181392]","[0.0008234886252714143, 0.003849784277106128, 0.0]","{""Controller Type"": ""MPC Controller"", ""weight_comfort"": 426.70307991965564, ""weight_trajectory"": 168260.73590773158, ""weight_goal"": 260938.4970879584, ""Q"": [[168260.73590773158, 0.0, 0.0, 0.0], [0.0, 0.0, 0.0, 0.0], [0.0, 0.0, 168260.73590773158, 0.0], [0.0, 0.0, 0.0, 0.0]], ""R"": [[426.70307991965564, 0.0], [0.0, 426.70307991965564]], ""P"": [[260938.4970879584, 0.0, 0.0, 0.0], [0.0, 26093849.70879584, 0.0, 0.0], [0.0, 0.0, 260938.4970879584, 0.0], [0.0, 0.0, 0.0, 26093849.70879584]]}","[-0.32579233236818644, 1.993435239103182, 0.0]",False
3,P21,09ce0dcc-884e-4c47-9efa-46e431e4bea2,24,1,haply,mpc,seeded_random,2698308921,persist_session,10.0,61.859510478973384,1627.929706114,0,1786366629.3512733,1083.0,True,normal,adaptive,-0.064,-0.048,0.0,0.064,0.048,0.0,0.054832176,0.0230162399999999,0.0,0.053492088,-0.062020082,0.212557,0.0066272425,-0.0051052934,0.009445255,"[-0.8490744644078148, 2.9315349068948895, 0.0, 0.0, 0.0, 0.0, -0.9626386897747325, 4.203551854677815]","[0.0008349833357749548, 0.003885828975093493, 0.0]","{""Controller Type"": ""MPC Controller"", ""weight_comfort"": 426.70307991965564, ""weight_trajectory"": 168260.73590773158, ""weight_goal"": 260938.4970879584, ""Q"": [[168260.73590773158, 0.0, 0.0, 0.0], [0.0, 0.0, 0.0, 0.0], [0.0, 0.0, 168260.73590773158, 0.0], [0.0, 0.0, 0.0, 0.0]], ""R"": [[426.70307991965564, 0.0], [0.0, 426.70307991965564]], ""P"": [[260938.4970879584, 0.0, 0.0, 0.0], [0.0, 26093849.70879584, 0.0, 0.0], [0.0, 0.0, 260938.4970879584, 0.0], [0.0, 0.0, 0.0, 26093849.70879584]]}","[-0.325363600134429, 1.9882266854996624, 0.0]",False
3,P21,09ce0dcc-884e-4c47-9efa-46e431e4bea2,24,1,haply,mpc,seeded_random,2698308921,persist_session,10.0,61.86958223342895,1627.939788475,0,1786366629.3612108,1084.0,True,normal,adaptive,-0.064,-0.048,0.0,0.064,0.048,0.0,0.054832176,0.0230162399999999,0.0,0.053492088,-0.062020082,0.212557,0.0054993383,-0.004343363,0.007956976,"[-0.8523215428350658, 2.936280422551882, 0.0, 0.0, 0.0, 0.0, -0.9892485885334443, 4.262350066994202]","[-0.007813933896120336, -0.02471514931625836, 0.0]","{""Controller Type"": ""MPC Controller"", ""weight_comfort"": 425.5755859771236, ""weight_trajectory"": 172071.2758668729, ""weight_goal"": 266869.182828922, ""Q"": [[172071.2758668729, 0.0, 0.0, 0.0], [0.0, 0.0, 0.0, 0.0], [0.0, 0.0, 172071.2758668729, 0.0], [0.0, 0.0, 0.0, 0.0]], ""R"": [[425.5755859771236, 0.0], [0.0, 425.5755859771236]], ""P"": [[266869.182828922, 0.0, 0.0, 0.0], [0.0, 26686918.2828922, 0.0, 0.0], [0.0, 0.0, 266869.182828922, 0.0], [0.0, 0.0, 0.0, 26686918.2828922]]}","[-0.27847088960221605, 2.094221930506582, 0.0]",False
3,P21,09ce0dcc-884e-4c47-9efa-46e431e4bea2,24,1,haply,mpc,seeded_random,2698308921,persist_session,10.0,61.87942558288574,1627.949640288,0,1786366629.371374,1085.0,True,normal,adaptive,-0.064,-0.048,0.0,0.064,0.048,0.0,0.054870531,0.0229954399999999,0.0,0.053504873,-0.062059727,0.2125466,0.004277108,-0.004000065,0.0068292296,"[-0.8522322659411805, 2.936149946831251, 0.0, 0.0, 0.0, 0.0, -0.9882154089653891, 4.260067115369533]","[-0.00781311542126993, -0.024689336605893165, 0.0]","{""Controller Type"": ""MPC Controller"", ""weight_comfort"": 425.5755859771236, ""weight_trajectory"": 172071.2758668729, ""weight_goal"": 266869.182828922, ""Q"": [[172071.2758668729, 0.0, 0.0, 0.0], [0.0, 0.0, 0.0, 0.0], [0.0, 0.0, 172071.2758668729, 0.0], [0.0, 0.0, 0.0, 0.0]], ""R"": [[425.5755859771236, 0.0], [0.0, 425.5755859771236]], ""P"": [[266869.182828922, 0.0, 0.0, 0.0], [0.0, 26686918.2828922, 0.0, 0.0], [0.0, 0.0, 266869.182828922, 0.0], [0.0, 0.0, 0.0, 26686918.2828922]]}","[-0.28576464820349357, 2.098455306472241, 0.0]",False
3,P21,09ce0dcc-884e-4c47-9efa-46e431e4bea2,24,1,haply,mpc,seeded_random,2698308921,persist_session,10.0,61.88946848869323,1627.959687627,0,1786366629.3812704,1086.0,True,normal,adaptive,-0.064,-0.048,0.0,0.064,0.048,0.0,0.054899592,0.0230611,0.0,0.05351456,-0.062085625,0.21257943,0.0033126625,-0.0035618825,0.0056268247,"[-0.8505730938761122, 2.936894583974571, 0.0, 0.0, 0.0, 0.0, -0.9965089782688967, 4.280579188061617]","[0.0033184376508179677, -0.03367801286741891, 0.0]","{""Controller Type"": ""MPC Controller"", ""weight_comfort"": 425.5755859771236, ""weight_trajectory"": 172071.2758668729, ""weight_goal"": 266869.182828922, ""Q"": [[172071.2758668729, 0.0, 0.0, 0.0], [0.0, 0.0, 0.0, 0.0], [0.0, 0.0, 172071.2758668729, 0.0], [0.0, 0.0, 0.0, 0.0]], ""R"": [[425.5755859771236, 0.0], [0.0, 425.5755859771236]], ""P"": [[266869.182828922, 0.0, 0.0, 0.0], [0.0, 26686918.2828922, 0.0, 0.0], [0.0, 0.0, 266869.182828922, 0.0], [0.0, 0.0, 0.0, 26686918.2828922]]}","[-0.34979347035301467, 2.134713308017054, 0.0]",False
3,P21,09ce0dcc-884e-4c47-9efa-46e431e4bea2,24,1,haply,mpc,seeded_random,2698308921,persist_session,10.0,61.89945703506469,1627.969669409,0,1786366629.3913376,1087.0,True,normal,adaptive,-0.064,-0.048,0.0,0.064,0.048,0.0,0.054957642,0.0231923199999999,0.0,0.05353391,-0.0621374,0.21264504,0.0025504928,-0.0030359218,0.004503596,"[-0.851086512935064, 2.9370714365451307, 0.0, 0.0, 0.0, 0.0, -0.9814782702664193, 4.284314504852911]","[0.0008794396792179355, 0.003947971182840758, 0.0]","{""Controller Type"": ""MPC Controller"", ""weight_comfort"": 424.69039425329044, ""weight_trajectory"": 174766.86864984414, ""weight_goal"": 271006.48673247726, ""Q"": [[174766.86864984414, 0.0, 0.0, 0.0], [0.0, 0.0, 0.0, 0.0], [0.0, 0.0, 174766.86864984414, 0.0], [0.0, 0.0, 0.0, 0.0]], ""R"": [[424.69039425329044, 0.0], [0.0, 424.69039425329044]], ""P"": [[271006.48673247726, 0.0, 0.0, 0.0], [0.0, 27100648.673247725, 0.0, 0.0], [0.0, 0.0, 271006.48673247726, 0.0], [0.0, 0.0, 0.0, 27100648.673247725]]}","[-0.33603256953355864, 1.990642859131086, 0.0]",False
3,P21,09ce0dcc-884e-4c47-9efa-46e431e4bea2,24,1,haply,mpc,seeded_random,2698308921,persist_session,10.0,61.90941720962524,1627.979635731,0,1786366629.4012556,1088.0,True,normal,adaptive,-0.064,-0.048,0.0,0.064,0.048,0.0,0.054986712,0.0232581199999999,0.0,0.0535436,-0.062163327,0.21267794,0.0020786445,-0.0028289035,0.0039379913,"[-0.8508776280959318, 2.9403499404981517, 0.0, 0.0, 0.0, 0.0, -0.9855173239717993, 4.343434780839173]","[0.009260813787351767, 0.03216556821220165, 0.0]","{""Controller Type"": ""MPC Controller"", ""weight_comfort"": 424.69039425329044, ""weight_trajectory"": 174766.86864984414, ""weight_goal"": 271006.48673247726, ""Q"": [[174766.86864984414, 0.0, 0.0, 0.0], [0.0, 0.0, 0.0, 0.0], [0.0, 0.0, 174766.86864984414, 0.0], [0.0, 0.0, 0.0, 0.0]], ""R"": [[424.69039425329044, 0.0], [0.0, 424.69039425329044]], ""P"": [[271006.48673247726, 0.0, 0.0, 0.0], [0.0, 27100648.673247725, 0.0, 0.0], [0.0, 0.0, 271006.48673247726, 0.0], [0.0, 0.0, 0.0, 27100648.673247725]]}","[-0.38576204471078185, 1.88036162425932, 0.0]",False
3,P21,09ce0dcc-884e-4c47-9efa-46e431e4bea2,24,1,haply,mpc,seeded_random,2698308921,persist_session,10.0,61.91944628715515,1627.989657048,0,1786366629.4112597,1089.0,True,normal,adaptive,-0.064,-0.048,0.0,0.064,0.048,0.0,0.055044876,0.0233897199999999,0.0,0.053562988,-0.06221518,0.21274374,0.0017544397,-0.0027407596,0.0036031413,"[-0.8525747375234963, 2.940906520090696, 0.0, 0.0, 0.0, 0.0, -0.9965007737803483, 4.340211463945443]","[0.0009354189569572733, 0.004139479588829865, 0.0]","{""Controller Type"": ""MPC Controller"", ""weight_comfort"": 424.69039425329044, ""weight_trajectory"": 174766.86864984414, ""weight_goal"": 271006.48673247726, ""Q"": [[174766.86864984414, 0.0, 0.0, 0.0], [0.0, 0.0, 0.0, 0.0], [0.0, 0.0, 174766.86864984414, 0.0], [0.0, 0.0, 0.0, 0.0]], ""R"": [[424.69039425329044, 0.0], [0.0, 424.69039425329044]], ""P"": [[271006.48673247726, 0.0, 0.0, 0.0], [0.0, 27100648.673247725, 0.0, 0.0], [0.0, 0.0, 271006.48673247726, 0.0], [0.0, 0.0, 0.0, 27100648.673247725]]}","[-0.3399874808120942, 1.9774599245849938, 0.0]",False
3,P21,09ce0dcc-884e-4c47-9efa-46e431e4bea2,24,1,haply,mpc,seeded_random,2698308921,persist_session,10.0,61.92937022209167,1627.999592823,0,1786366629.4212162,1090.0,True,normal,adaptive,-0.064,-0.048,0.0,0.064,0.048,0.0,0.055102956,0.0235213999999999,0.0,0.053582348,-0.062266957,0.21280958,0.0015060533,-0.0026412003,0.0034370932,"[-0.8524150673239704, 2.9443851128535705, 0.0, 0.0, 0.0, 0.0, -1.0011295947776846, 4.402387071813282]","[0.009485316821079531, 0.03327391704732213, 0.0]","{""Controller Type"": ""MPC Controller"", ""weight_comfort"": 421.5690632393583, ""weight_trajectory"": 184683.83810851432, ""weight_goal"": 286285.32712305925, ""Q"": [[184683.83810851432, 0.0, 0.0, 0.0], [0.0, 0.0, 0.0, 0.0], [0.0, 0.0, 184683.83810851432, 0.0], [0.0, 0.0, 0.0, 0.0]], ""R"": [[421.5690632393583, 0.0], [0.0, 421.5690632393583]], ""P"": [[286285.32712305925, 0.0, 0.0, 0.0], [0.0, 28628532.712305926, 0.0, 0.0], [0.0, 0.0, 286285.32712305925, 0.0], [0.0, 0.0, 0.0, 28628532.712305926]]}","[-0.38534735364720407, 1.862415273298824, 0.0]",False
3,P21,09ce0dcc-884e-4c47-9efa-46e431e4bea2,24,1,haply,mpc,seeded_random,2698308921,persist_session,10.0,61.93933993339538,1628.009563392,0,1786366629.4316185,1091.0,True,normal,adaptive,-0.064,-0.048,0.0,0.064,0.048,0.0,0.055170552,0.0235667799999999,0.0,0.05360488,-0.062332656,0.21283227,0.0014474678,-0.002873946,0.0036208455,"[-0.8524186297036395, 2.9442879215651314, 0.0, 0.0, 0.0, 0.0, -1.0009178079542744, 4.399674619394889]","[0.00959096049930426, 0.033686392303706, 0.0]","{""Controller Type"": ""MPC Controller"", ""weight_comfort"": 421.5690632393583, ""weight_trajectory"": 184683.83810851432, ""weight_goal"": 286285.32712305925, ""Q"": [[184683.83810851432, 0.0, 0.0, 0.0], [0.0, 0.0, 0.0, 0.0], [0.0, 0.0, 184683.83810851432, 0.0], [0.0, 0.0, 0.0, 0.0]], ""R"": [[421.5690632393583, 0.0], [0.0, 421.5690632393583]], ""P"": [[286285.32712305925, 0.0, 0.0, 0.0], [0.0, 28628532.712305926, 0.0, 0.0], [0.0, 0.0, 286285.32712305925, 0.0], [0.0, 0.0, 0.0, 28628532.712305926]]}","[-0.40339540129684703, 1.859637927326747, 0.0]",False
3,P21,09ce0dcc-884e-4c47-9efa-46e431e4bea2,24,1,haply,mpc,seeded_random,2698308921,persist_session,10.0,61.94938379287719,1628.019606641,0,1786366629.4417703,1092.0,True,normal,adaptive,-0.064,-0.048,0.0,0.064,0.048,0.0,0.055288332,0.0236296999999999,0.0,0.05364414,-0.06233834,0.21286373,0.0014958419,-0.003301661,0.0039947266,"[-0.8524624991329374, 2.945132176340438, 0.0, 0.0, 0.0, 0.0, -1.0219783402367022, 4.422628700980998]","[0.011611399839363708, -0.00567633762013265, 0.0]","{""Controller Type"": ""MPC Controller"", ""weight_comfort"": 421.5690632393583, ""weight_trajectory"": 184683.83810851432, ""weight_goal"": 286285.32712305925, ""Q"": [[184683.83810851432, 0.0, 0.0, 0.0], [0.0, 0.0, 0.0, 0.0], [0.0, 0.0, 184683.83810851432, 0.0], [0.0, 0.0, 0.0, 0.0]], ""R"": [[421.5690632393583, 0.0], [0.0, 421.5690632393583]], ""P"": [[286285.32712305925, 0.0, 0.0, 0.0], [0.0, 28628532.712305926, 0.0, 0.0], [0.0, 0.0, 286285.32712305925, 0.0], [0.0, 0.0, 0.0, 28628532.712305926]]}","[-0.41739422060838816, 2.000445389364864, 0.0]",False
3,P21,09ce0dcc-884e-4c47-9efa-46e431e4bea2,24,1,haply,mpc,seeded_random,2698308921,persist_session,10.0,61.959498701095576,1628.029701458,0,1786366629.45129,1093.0,True,normal,adaptive,-0.064,-0.048,0.0,0.064,0.048,0.0,0.055346646,0.0237618799999999,0.0,0.053663578,-0.062390257,0.21292982,0.001632751,-0.003502975,0.004221995,"[-0.8573904819422664, 2.9650150288236126, 0.0, 0.0, 0.0, 0.0, -1.018776514583248, 4.422611171902451]","[0.026930243638666425, 0.0025829112903455673, 0.0]","{""Controller Type"": ""MPC Controller"", ""weight_comfort"": 418.490265723099, ""weight_trajectory"": 196039.9764916616, ""weight_goal"": 304091.0121818604, ""Q"": [[196039.9764916616, 0.0, 0.0, 0.0], [0.0, 0.0, 0.0, 0.0], [0.0, 0.0, 196039.9764916616, 0.0], [0.0, 0.0, 0.0, 0.0]], ""R"": [[418.490265723099, 0.0], [0.0, 418.490265723099]], ""P"": [[304091.0121818604, 0.0, 0.0, 0.0], [0.0, 30409101.21818604, 0.0, 0.0], [0.0, 0.0, 304091.0121818604, 0.0], [0.0, 0.0, 0.0, 30409101.21818604]]}","[-0.5059065847984223, 1.9694053690510027, 0.0]",False
3,P21,09ce0dcc-884e-4c47-9efa-46e431e4bea2,24,1,haply,mpc,seeded_random,2698308921,persist_session,10.0,61.969583330154414,1628.039780813,0,1786366629.461351,1094.0,True,normal,adaptive,-0.064,-0.048,0.0,0.064,0.048,0.0,0.055443612,0.0238733999999999,0.0,0.0536959,-0.062482037,0.21298558,0.0017340031,-0.003647162,0.0043601715,"[-0.8571705954903901, 2.9564429543971955, 0.0, 0.0, 0.0, 0.0, -1.0271333321995575, 4.509420180860074]","[0.010692859336350467, 0.03771783704397429, 0.0]","{""Controller Type"": ""MPC Controller"", ""weight_comfort"": 418.490265723099, ""weight_trajectory"": 196039.9764916616, ""weight_goal"": 304091.0121818604, ""Q"": [[196039.9764916616, 0.0, 0.0, 0.0], [0.0, 0.0, 0.0, 0.0], [0.0, 0.0, 196039.9764916616, 0.0], [0.0, 0.0, 0.0, 0.0]], ""R"": [[418.490265723099, 0.0], [0.0, 418.490265723099]], ""P"": [[304091.0121818604, 0.0, 0.0, 0.0], [0.0, 30409101.21818604, 0.0, 0.0], [0.0, 0.0, 304091.0121818604, 0.0], [0.0, 0.0, 0.0, 30409101.21818604]]}","[-0.4367966690299761, 1.8443003653786993, 0.0]",False
3,P21,09ce0dcc-884e-4c47-9efa-46e431e4bea2,24,1,haply,mpc,seeded_random,2698308921,persist_session,10.0,61.979478416442866,1628.049693719,0,1786366629.4712615,1095.0,True,normal,adaptive,-0.064,-0.048,0.0,0.064,0.048,0.0,0.055472787,0.0239396199999999,0.0,0.053705625,-0.06250802,0.21301869,0.0018199692,-0.003787717,0.004478898,"[-0.8594514116120687, 2.9670457268567048, 0.0, 0.0, 0.0, 0.0, -1.0269483506546695, 4.487518474586559]","[0.021241948524791186, 0.024964484849798445, 0.0]","{""Controller Type"": ""MPC Controller"", ""weight_comfort"": 418.490265723099, ""weight_trajectory"": 196039.9764916616, ""weight_goal"": 304091.0121818604, ""Q"": [[196039.9764916616, 0.0, 0.0, 0.0], [0.0, 0.0, 0.0, 0.0], [0.0, 0.0, 196039.9764916616, 0.0], [0.0, 0.0, 0.0, 0.0]], ""R"": [[418.490265723099, 0.0], [0.0, 418.490265723099]], ""P"": [[304091.0121818604, 0.0, 0.0, 0.0], [0.0, 30409101.21818604, 0.0, 0.0], [0.0, 0.0, 304091.0121818604, 0.0], [0.0, 0.0, 0.0, 30409101.21818604]]}","[-0.4964036520927436, 1.8824355358880585, 0.0]",False
3,P21,09ce0dcc-884e-4c47-9efa-46e431e4bea2,24,1,haply,mpc,seeded_random,2698308921,persist_session,10.0,61.98936539649963,1628.059587451,0,1786366629.4813554,1096.0,True,normal,adaptive,-0.064,-0.048,0.0,0.064,0.048,0.0,0.055531182,0.0240722399999999,0.0,0.05372509,-0.06255997,0.213085,0.0018470905,-0.003955868,0.004609331,"[-0.8630543299219919, 2.9677226375322374, 0.0, 0.0, 0.0, 0.0, -1.033998692456241, 4.483899046842843]","[0.00137700096640865, 0.005081872321961275, 0.0]","{""Controller Type"": ""MPC Controller"", ""weight_comfort"": 415.3237628440618, ""weight_trajectory"": 207286.79373793525, ""weight_goal"": 321626.5987236553, ""Q"": [[207286.79373793525, 0.0, 0.0, 0.0], [0.0, 0.0, 0.0, 0.0], [0.0, 0.0, 207286.79373793525, 0.0], [0.0, 0.0, 0.0, 0.0]], ""R"": [[415.3237628440618, 0.0], [0.0, 415.3237628440618]], ""P"": [[321626.5987236553, 0.0, 0.0, 0.0], [0.0, 32162659.872365527, 0.0, 0.0], [0.0, 0.0, 321626.5987236553, 0.0], [0.0, 0.0, 0.0, 32162659.872365527]]}","[-0.3876161607106289, 1.9482298977272186, 0.0]",False
3,P21,09ce0dcc-884e-4c47-9efa-46e431e4bea2,24,1,haply,mpc,seeded_random,2698308921,persist_session,10.0,61.99940615653991,1628.069622252,0,1786366629.4912448,1097.0,True,normal,adaptive,-0.064,-0.048,0.0,0.064,0.048,0.0,0.055628256,0.0241842799999999,0.0,0.053757448,-0.06265184,0.21314102,0.0018031611,-0.0041219993,0.0047120913,"[-0.8630491242208183, 2.9713366984076903, 0.0, 0.0, 0.0, 0.0, -1.0392120890499006, 4.546262151371073]","[0.009880656688834429, 0.03486546897276577, 0.0]","{""Controller Type"": ""MPC Controller"", ""weight_comfort"": 415.3237628440618, ""weight_trajectory"": 207286.79373793525, ""weight_goal"": 321626.5987236553, ""Q"": [[207286.79373793525, 0.0, 0.0, 0.0], [0.0, 0.0, 0.0, 0.0], [0.0, 0.0, 207286.79373793525, 0.0], [0.0, 0.0, 0.0, 0.0]], ""R"": [[415.3237628440618, 0.0], [0.0, 415.3237628440618]], ""P"": [[321626.5987236553, 0.0, 0.0, 0.0], [0.0, 32162659.872365527, 0.0, 0.0], [0.0, 0.0, 321626.5987236553, 0.0], [0.0, 0.0, 0.0, 32162659.872365527]]}","[-0.45127046098724843, 1.841470872940949, 0.0]",False
3,P21,09ce0dcc-884e-4c47-9efa-46e431e4bea2,24,1,haply,mpc,seeded_random,2698308921,persist_session,10.0,62.00943213462829,1628.079649706,0,1786366629.501297,1098.0,True,normal,adaptive,-0.064,-0.048,0.0,0.064,0.048,0.0,0.055686717,0.0243172999999999,0.0,0.053776935,-0.062703855,0.21320753,0.0018231348,-0.004413771,0.0048085707,"[-0.865955509336522, 2.9843146700209404, 0.0, 0.0, 0.0, 0.0, -1.0387823424740597, 4.530125534860791]","[0.022044475140948386, 0.02658399681164819, 0.0]","{""Controller Type"": ""MPC Controller"", ""weight_comfort"": 415.3237628440618, ""weight_trajectory"": 207286.79373793525, ""weight_goal"": 321626.5987236553, ""Q"": [[207286.79373793525, 0.0, 0.0, 0.0], [0.0, 0.0, 0.0, 0.0], [0.0, 0.0, 207286.79373793525, 0.0], [0.0, 0.0, 0.0, 0.0]], ""R"": [[415.3237628440618, 0.0], [0.0, 415.3237628440618]], ""P"": [[321626.5987236553, 0.0, 0.0, 0.0], [0.0, 32162659.872365527, 0.0, 0.0], [0.0, 0.0, 321626.5987236553, 0.0], [0.0, 0.0, 0.0, 32162659.872365527]]}","[-0.5195121219647755, 1.8636707381846231, 0.0]",False
3,P21,09ce0dcc-884e-4c47-9efa-46e431e4bea2,24,1,haply,mpc,seeded_random,2698308921,persist_session,10.0,62.019435224533076,1628.089651096,0,1786366629.5112302,1099.0,True,normal,adaptive,-0.064,-0.048,0.0,0.064,0.048,0.0,0.055774347,0.0245168199999999,0.0,0.053806145,-0.06278182,0.21330729,0.0018831991,-0.0047400426,0.0050238506,"[-0.8658605194737683, 2.9786965012570734, 0.0, 0.0, 0.0, 0.0, -1.0402273237682804, 4.546344315169773]","[0.010125179176386185, 0.03552601304814959, 0.0]","{""Controller Type"": ""MPC Controller"", ""weight_comfort"": 411.36028220690827, ""weight_trajectory"": 221138.17767463802, ""weight_goal"": 343141.7965730661, ""Q"": [[221138.17767463802, 0.0, 0.0, 0.0], [0.0, 0.0, 0.0, 0.0], [0.0, 0.0, 221138.17767463802, 0.0], [0.0, 0.0, 0.0, 0.0]], ""R"": [[411.36028220690827, 0.0], [0.0, 411.36028220690827]], ""P"": [[343141.7965730661, 0.0, 0.0, 0.0], [0.0, 34314179.65730661, 0.0, 0.0], [0.0, 0.0, 343141.7965730661, 0.0], [0.0, 0.0, 0.0, 34314179.65730661]]}","[-0.4533565882875715, 1.82177410418245, 0.0]",False
3,P21,09ce0dcc-884e-4c47-9efa-46e431e4bea2,24,1,haply,mpc,seeded_random,2698308921,persist_session,10.0,62.0293808555603,1628.0995999,0,1786366629.5213108,1100.0,True,normal,adaptive,-0.064,-0.048,0.0,0.064,0.048,0.0,0.055832796,0.0246500999999999,0.0,0.053825628,-0.0628338,0.21337393,0.0019725012,-0.0050960714,0.005337523,"[-0.8675324496827024, 2.9869174885487437, 0.0, 0.0, 0.0, 0.0, -1.0621893256628832, 4.67465321757582]","[0.019214269349688392, 0.06895200811079209, 0.0]","{""Controller Type"": ""MPC Controller"", ""weight_comfort"": 411.36028220690827, ""weight_trajectory"": 221138.17767463802, ""weight_goal"": 343141.7965730661, ""Q"": [[221138.17767463802, 0.0, 0.0, 0.0], [0.0, 0.0, 0.0, 0.0], [0.0, 0.0, 221138.17767463802, 0.0], [0.0, 0.0, 0.0, 0.0]], ""R"": [[411.36028220690827, 0.0], [0.0, 411.36028220690827]], ""P"": [[343141.7965730661, 0.0, 0.0, 0.0], [0.0, 34314179.65730661, 0.0, 0.0], [0.0, 0.0, 343141.7965730661, 0.0], [0.0, 0.0, 0.0, 34314179.65730661]]}","[-0.522502546256549, 1.7028366452475654, 0.0]",False
3,P21,09ce0dcc-884e-4c47-9efa-46e431e4bea2,24,1,haply,mpc,seeded_random,2698308921,persist_session,10.0,62.03936820983886,1628.109586352,0,1786366629.53117,1101.0,True,normal,adaptive,-0.064,-0.048,0.0,0.064,0.048,0.0,0.055891332,0.0247836799999999,0.0,0.05384514,-0.062885866,0.21344072,0.0020397773,-0.0053616515,0.005574956,"[-0.8674130445052032, 2.9825836588366643, 0.0, 0.0, 0.0, 0.0, -1.0551222888237866, 4.59849523249342]","[0.010209219460423975, 0.036161852043763015, 0.0]","{""Controller Type"": ""MPC Controller"", ""weight_comfort"": 411.36028220690827, ""weight_trajectory"": 221138.17767463802, ""weight_goal"": 343141.7965730661, ""Q"": [[221138.17767463802, 0.0, 0.0, 0.0], [0.0, 0.0, 0.0, 0.0], [0.0, 0.0, 221138.17767463802, 0.0], [0.0, 0.0, 0.0, 0.0]], ""R"": [[411.36028220690827, 0.0], [0.0, 411.36028220690827]], ""P"": [[343141.7965730661, 0.0, 0.0, 0.0], [0.0, 34314179.65730661, 0.0, 0.0], [0.0, 0.0, 343141.7965730661, 0.0], [0.0, 0.0, 0.0, 34314179.65730661]]}","[-0.4718096018854814, 1.8040684944319942, 0.0]",False
3,P21,09ce0dcc-884e-4c47-9efa-46e431e4bea2,24,1,haply,mpc,seeded_random,2698308921,persist_session,10.0,62.049345550537105,1628.119561397,0,1786366629.5413785,1102.0,True,normal,adaptive,-0.064,-0.048,0.0,0.064,0.048,0.0,0.055920594,0.0248504799999999,0.0,0.053854894,-0.06291189,0.21347412,0.001999694,-0.005280042,0.0058075916,"[-0.8674155054038919, 2.982634427283944, 0.0, 0.0, 0.0, 0.0, -1.0550704136030638, 4.597983684148027]","[0.010675106400916222, 0.037802881710437046, 0.0]","{""Controller Type"": ""MPC Controller"", ""weight_comfort"": 407.0387022772737, ""weight_trajectory"": 236843.02154183103, ""weight_goal"": 367647.841093164, ""Q"": [[236843.02154183103, 0.0, 0.0, 0.0], [0.0, 0.0, 0.0, 0.0], [0.0, 0.0, 236843.02154183103, 0.0], [0.0, 0.0, 0.0, 0.0]], ""R"": [[407.0387022772737, 0.0], [0.0, 407.0387022772737]], ""P"": [[367647.841093164, 0.0, 0.0, 0.0], [0.0, 36764784.1093164, 0.0, 0.0], [0.0, 0.0, 367647.841093164, 0.0], [0.0, 0.0, 0.0, 36764784.1093164]]}","[-0.472831059147644, 1.7876628704220894, 0.0]",False
3,P21,09ce0dcc-884e-4c47-9efa-46e431e4bea2,24,1,haply,mpc,seeded_random,2698308921,persist_session,10.0,62.059296903610225,1628.129525356,0,1786366629.551757,1103.0,True,normal,adaptive,-0.064,-0.048,0.0,0.064,0.048,0.0,0.055949841,0.0249172799999999,0.0,0.053864643,-0.06293789,0.21350752,0.0019214586,-0.00508684,0.0058365637,"[-0.8689079741883949, 2.982806827095163, 0.0, 0.0, 0.0, 0.0, -1.0653089627955785, 4.591657259709494]","[0.0015298713955315046, 0.0053848117289186925, 0.0]","{""Controller Type"": ""MPC Controller"", ""weight_comfort"": 407.0387022772737, ""weight_trajectory"": 236843.02154183103, ""weight_goal"": 367647.841093164, ""Q"": [[236843.02154183103, 0.0, 0.0, 0.0], [0.0, 0.0, 0.0, 0.0], [0.0, 0.0, 236843.02154183103, 0.0], [0.0, 0.0, 0.0, 0.0]], ""R"": [[407.0387022772737, 0.0], [0.0, 407.0387022772737]], ""P"": [[367647.841093164, 0.0, 0.0, 0.0], [0.0, 36764784.1093164, 0.0, 0.0], [0.0, 0.0, 367647.841093164, 0.0], [0.0, 0.0, 0.0, 36764784.1093164]]}","[-0.4445896887075077, 1.9070152526911144, 0.0]",False
3,P21,09ce0dcc-884e-4c47-9efa-46e431e4bea2,24,1,haply,mpc,seeded_random,2698308921,persist_session,10.0,62.06934052467346,1628.139559068,0,1786366629.5615587,1104.0,True,normal,adaptive,-0.064,-0.048,0.0,0.064,0.048,0.0,0.055979112,0.02498422,0.0,0.0538744,-0.062963925,0.21354099,0.0018507619,-0.004909199,0.0058067804,"[-0.8689383667567104, 2.9828114558740597, 0.0, 0.0, 0.0, 0.0, -1.0655402003046015, 4.591537395493703]","[0.0014103084883123037, 0.004956365469704398, 0.0]","{""Controller Type"": ""MPC Controller"", ""weight_comfort"": 407.0387022772737, ""weight_trajectory"": 236843.02154183103, ""weight_goal"": 367647.841093164, ""Q"": [[236843.02154183103, 0.0, 0.0, 0.0], [0.0, 0.0, 0.0, 0.0], [0.0, 0.0, 236843.02154183103, 0.0], [0.0, 0.0, 0.0, 0.0]], ""R"": [[407.0387022772737, 0.0], [0.0, 407.0387022772737]], ""P"": [[367647.841093164, 0.0, 0.0, 0.0], [0.0, 36764784.1093164, 0.0, 0.0], [0.0, 0.0, 367647.841093164, 0.0], [0.0, 0.0, 0.0, 36764784.1093164]]}","[-0.44309979628387863, 1.9032306679518864, 0.0]",False
3,P21,09ce0dcc-884e-4c47-9efa-46e431e4bea2,24,1,haply,mpc,seeded_random,2698308921,persist_session,10.0,62.079286870956416,1628.149514248,0,1786366629.5712574,1105.0,True,normal,adaptive,-0.064,-0.048,0.0,0.064,0.048,0.0,0.056097933,0.0250480999999999,0.0,0.053914007,-0.062969625,0.21357293,0.0018163349,-0.004724936,0.005735207,"[-0.8688675093148313, 2.9828136033132684, 0.0, 0.0, 0.0, 0.0, -1.0650901919324207, 4.591998410349118]","[0.0019386101264422164, 0.006847075016463627, 0.0]","{""Controller Type"": ""MPC Controller"", ""weight_comfort"": 405.3201248684148, ""weight_trajectory"": 243669.4289187048, ""weight_goal"": 378446.7081772112, ""Q"": [[243669.4289187048, 0.0, 0.0, 0.0], [0.0, 0.0, 0.0, 0.0], [0.0, 0.0, 243669.4289187048, 0.0], [0.0, 0.0, 0.0, 0.0]], ""R"": [[405.3201248684148, 0.0], [0.0, 405.3201248684148]], ""P"": [[378446.7081772112, 0.0, 0.0, 0.0], [0.0, 37844670.81772112, 0.0, 0.0], [0.0, 0.0, 378446.7081772112, 0.0], [0.0, 0.0, 0.0, 37844670.81772112]]}","[-0.44517431897214566, 1.891194089137403, 0.0]",False
3,P21,09ce0dcc-884e-4c47-9efa-46e431e4bea2,24,1,haply,mpc,seeded_random,2698308921,persist_session,10.0,62.089363155364985,1628.159580966,0,1786366629.581316,1106.0,True,normal,adaptive,-0.064,-0.048,0.0,0.064,0.048,0.0,0.05615655,0.0251820999999999,0.0,0.053933546,-0.06302167,0.21363993,0.00180854,-0.0045078066,0.0056104166,"[-0.8806359849468817, 3.026349087032335, 0.0, 0.0, 0.0, 0.0, -1.0655322454346356, 4.591673557168495]","[0.030117922769704597, 0.00578705773221528, 0.0]","{""Controller Type"": ""MPC Controller"", ""weight_comfort"": 405.3201248684148, ""weight_trajectory"": 243669.4289187048, ""weight_goal"": 378446.7081772112, ""Q"": [[243669.4289187048, 0.0, 0.0, 0.0], [0.0, 0.0, 0.0, 0.0], [0.0, 0.0, 243669.4289187048, 0.0], [0.0, 0.0, 0.0, 0.0]], ""R"": [[405.3201248684148, 0.0], [0.0, 405.3201248684148]], ""P"": [[378446.7081772112, 0.0, 0.0, 0.0], [0.0, 37844670.81772112, 0.0, 0.0], [0.0, 0.0, 378446.7081772112, 0.0], [0.0, 0.0, 0.0, 37844670.81772112]]}","[-0.6135608346988004, 1.8980198938187676, 0.0]",False
3,P21,09ce0dcc-884e-4c47-9efa-46e431e4bea2,24,1,haply,mpc,seeded_random,2698308921,persist_session,10.0,62.09942823410034,1628.169645361,0,1786366629.5912592,1107.0,True,normal,adaptive,-0.064,-0.048,0.0,0.064,0.048,0.0,0.056304792,0.0253131399999999,0.0,0.05398296,-0.06305335,0.21370545,0.0018197901,-0.0043949224,0.005578778,"[-0.8800824813046192, 3.0167413289894545, 0.0, 0.0, 0.0, 0.0, -1.0726101841660443, 4.661212103212431]","[0.010677257247607003, 0.037621389818357304, 0.0]","{""Controller Type"": ""MPC Controller"", ""weight_comfort"": 405.3201248684148, ""weight_trajectory"": 243669.4289187048, ""weight_goal"": 378446.7081772112, ""Q"": [[243669.4289187048, 0.0, 0.0, 0.0], [0.0, 0.0, 0.0, 0.0], [0.0, 0.0, 243669.4289187048, 0.0], [0.0, 0.0, 0.0, 0.0]], ""R"": [[405.3201248684148, 0.0], [0.0, 405.3201248684148]], ""P"": [[378446.7081772112, 0.0, 0.0, 0.0], [0.0, 37844670.81772112, 0.0, 0.0], [0.0, 0.0, 378446.7081772112, 0.0], [0.0, 0.0, 0.0, 37844670.81772112]]}","[-0.5061764894017815, 1.7757789908866597, 0.0]",False
3,P21,09ce0dcc-884e-4c47-9efa-46e431e4bea2,24,1,haply,mpc,seeded_random,2698308921,persist_session,10.0,62.109501895904536,1628.179710442,0,1786366629.601493,1108.0,True,normal,adaptive,-0.064,-0.048,0.0,0.064,0.048,0.0,0.056392818,0.0255145799999999,0.0,0.054012302,-0.0631314,0.21380617,0.0018744015,-0.004340684,0.0056143585,"[-0.8957799291233955, 3.070016375160891, 0.0, 0.0, 0.0, 0.0, -1.0720505629614208, 4.655637821120806]","[0.038877084767833844, 0.03703422989879533, 0.0]","{""Controller Type"": ""MPC Controller"", ""weight_comfort"": 400.075431949555, ""weight_trajectory"": 261680.8407649581, ""weight_goal"": 406213.2012200045, ""Q"": [[261680.8407649581, 0.0, 0.0, 0.0], [0.0, 0.0, 0.0, 0.0], [0.0, 0.0, 261680.8407649581, 0.0], [0.0, 0.0, 0.0, 0.0]], ""R"": [[400.075431949555, 0.0], [0.0, 400.075431949555]], ""P"": [[406213.2012200045, 0.0, 0.0, 0.0], [0.0, 40621320.122000456, 0.0, 0.0], [0.0, 0.0, 406213.2012200045, 0.0], [0.0, 0.0, 0.0, 40621320.122000456]]}","[-0.6615171819655866, 1.7712586089943982, 0.0]",False
3,P21,09ce0dcc-884e-4c47-9efa-46e431e4bea2,24,1,haply,mpc,seeded_random,2698308921,persist_session,10.0,62.11936932563781,1628.189593556,0,1786366629.6112292,1109.0,True,normal,adaptive,-0.064,-0.048,0.0,0.064,0.048,0.0,0.05657076,0.0257134199999999,0.0,0.054071616,-0.06318909,0.21390559,0.0019681395,-0.004335132,0.005714662,"[-0.8917623357105111, 3.051414278543694, 0.0, 0.0, 0.0, 0.0, -1.0922715394280362, 4.77160691435937]","[0.019463341014208085, 0.06936460039449055, 0.0]","{""Controller Type"": ""MPC Controller"", ""weight_comfort"": 400.075431949555, ""weight_trajectory"": 261680.8407649581, ""weight_goal"": 406213.2012200045, ""Q"": [[261680.8407649581, 0.0, 0.0, 0.0], [0.0, 0.0, 0.0, 0.0], [0.0, 0.0, 261680.8407649581, 0.0], [0.0, 0.0, 0.0, 0.0]], ""R"": [[400.075431949555, 0.0], [0.0, 400.075431949555]], ""P"": [[406213.2012200045, 0.0, 0.0, 0.0], [0.0, 40621320.122000456, 0.0, 0.0], [0.0, 0.0, 406213.2012200045, 0.0], [0.0, 0.0, 0.0, 40621320.122000456]]}","[-0.5794476689382049, 1.6561691756904795, 0.0]",False
3,P21,09ce0dcc-884e-4c47-9efa-46e431e4bea2,24,1,haply,mpc,seeded_random,2698308921,persist_session,10.0,62.1295469379425,1628.199758206,0,1786366629.6213765,1110.0,True,normal,adaptive,-0.064,-0.048,0.0,0.064,0.048,0.0,0.05665905,0.02591578,0.0,0.054101046,-0.06326724,0.21400677,0.0021908453,-0.004655002,0.006231467,"[-0.91495788456612, 3.1254659190675294, 0.0, 0.0, 0.0, 0.0, -1.0923772842881128, 4.772196214978156]","[0.05032401965063797, 0.07311503087339936, 0.0]","{""Controller Type"": ""MPC Controller"", ""weight_comfort"": 400.075431949555, ""weight_trajectory"": 261680.8407649581, ""weight_goal"": 406213.2012200045, ""Q"": [[261680.8407649581, 0.0, 0.0, 0.0], [0.0, 0.0, 0.0, 0.0], [0.0, 0.0, 261680.8407649581, 0.0], [0.0, 0.0, 0.0, 0.0]], ""R"": [[400.075431949555, 0.0], [0.0, 400.075431949555]], ""P"": [[406213.2012200045, 0.0, 0.0, 0.0], [0.0, 40621320.122000456, 0.0, 0.0], [0.0, 0.0, 406213.2012200045, 0.0], [0.0, 0.0, 0.0, 40621320.122000456]]}","[-0.7446550955111982, 1.6314147477438548, 0.0]",False
3,P21,09ce0dcc-884e-4c47-9efa-46e431e4bea2,24,1,haply,mpc,seeded_random,2698308921,persist_session,10.0,62.13931995391845,1628.209545548,0,1786366629.6311746,1111.0,True,normal,adaptive,-0.064,-0.048,0.0,0.064,0.048,0.0,0.056837262,0.0261152199999999,0.0,0.05416045,-0.06332488,0.21410649,0.002636586,-0.0048469165,0.0067546465,"[-0.9083613925353726, 3.0962882497364155, 0.0, 0.0, 0.0, 0.0, -1.0879897898658781, 4.747526672554182]","[0.020271974800009026, 0.07064865173490142, 0.0]","{""Controller Type"": ""MPC Controller"", ""weight_comfort"": 392.96361824064047, ""weight_trajectory"": 287279.40427609097, ""weight_goal"": 445922.7358784839, ""Q"": [[287279.40427609097, 0.0, 0.0, 0.0], [0.0, 0.0, 0.0, 0.0], [0.0, 0.0, 287279.40427609097, 0.0], [0.0, 0.0, 0.0, 0.0]], ""R"": [[392.96361824064047, 0.0], [0.0, 392.96361824064047]], ""P"": [[445922.7358784839, 0.0, 0.0, 0.0], [0.0, 44592273.587848395, 0.0, 0.0], [0.0, 0.0, 445922.7358784839, 0.0], [0.0, 0.0, 0.0, 44592273.587848395]]}","[-0.5833549187472399, 1.6224433144661305, 0.0]",False
3,P21,09ce0dcc-884e-4c47-9efa-46e431e4bea2,24,1,haply,mpc,seeded_random,2698308921,persist_session,10.0,62.149387178421016,1628.219608976,0,1786366629.64135,1112.0,True,normal,adaptive,-0.064,-0.048,0.0,0.064,0.048,0.0,0.056986236,0.0262473799999999,0.0,0.054210108,-0.06335651,0.21417257,0.003062544,-0.004993255,0.007212625,"[-0.9310949306995039, 3.168391630954142, 0.0, 0.0, 0.0, 0.0, -1.0867975820973357, 4.74094071410955]","[0.05095915675732482, 0.07271785792439517, 0.0]","{""Controller Type"": ""MPC Controller"", ""weight_comfort"": 392.96361824064047, ""weight_trajectory"": 287279.40427609097, ""weight_goal"": 445922.7358784839, ""Q"": [[287279.40427609097, 0.0, 0.0, 0.0], [0.0, 0.0, 0.0, 0.0], [0.0, 0.0, 287279.40427609097, 0.0], [0.0, 0.0, 0.0, 0.0]], ""R"": [[392.96361824064047, 0.0], [0.0, 392.96361824064047]], ""P"": [[445922.7358784839, 0.0, 0.0, 0.0], [0.0, 44592273.587848395, 0.0, 0.0], [0.0, 0.0, 445922.7358784839, 0.0], [0.0, 0.0, 0.0, 44592273.587848395]]}","[-0.7777517062329881, 1.6141619902065272, 0.0]",False
3,P21,09ce0dcc-884e-4c47-9efa-46e431e4bea2,24,1,haply,mpc,seeded_random,2698308921,persist_session,10.0,62.15933710098266,1628.229562118,0,1786366629.6511931,1113.0,True,normal,adaptive,-0.064,-0.048,0.0,0.064,0.048,0.0,0.057164892,0.0264476599999999,0.0,0.05426966,-0.06341418,0.21427271,0.00338387,-0.005073499,0.007528482,"[-0.9239725351563974, 3.144739462951985, 0.0, 0.0, 0.0, 0.0, -1.0780344966589677, 4.658821795111366]","[0.03956005819433123, 0.03705917916446654, 0.0]","{""Controller Type"": ""MPC Controller"", ""weight_comfort"": 392.96361824064047, ""weight_trajectory"": 287279.40427609097, ""weight_goal"": 445922.7358784839, ""Q"": [[287279.40427609097, 0.0, 0.0, 0.0], [0.0, 0.0, 0.0, 0.0], [0.0, 0.0, 287279.40427609097, 0.0], [0.0, 0.0, 0.0, 0.0]], ""R"": [[392.96361824064047, 0.0], [0.0, 392.96361824064047]], ""P"": [[445922.7358784839, 0.0, 0.0, 0.0], [0.0, 44592273.587848395, 0.0, 0.0], [0.0, 0.0, 445922.7358784839, 0.0], [0.0, 0.0, 0.0, 44592273.587848395]]}","[-0.7237185304750426, 1.7305430395306882, 0.0]",False
3,P21,09ce0dcc-884e-4c47-9efa-46e431e4bea2,24,1,haply,mpc,seeded_random,2698308921,persist_session,10.0,62.16936641693115,1628.239584004,0,1786366629.661339,1114.0,True,normal,adaptive,-0.064,-0.048,0.0,0.064,0.048,0.0,0.057223968,0.0265833199999999,0.0,0.054289352,-0.063466236,0.21434054,0.0036327268,-0.0050950535,0.007732913,"[-0.9316480824126437, 3.1688734910580063, 0.0, 0.0, 0.0, 0.0, -1.1046088725181047, 4.804322427276216]","[0.05114827654239093, 0.07394772585598855, 0.0]","{""Controller Type"": ""MPC Controller"", ""weight_comfort"": 384.4886336514996, ""weight_trajectory"": 318202.00450418965, ""weight_goal"": 493905.8286241837, ""Q"": [[318202.00450418965, 0.0, 0.0, 0.0], [0.0, 0.0, 0.0, 0.0], [0.0, 0.0, 318202.00450418965, 0.0], [0.0, 0.0, 0.0, 0.0]], ""R"": [[384.4886336514996, 0.0], [0.0, 384.4886336514996]], ""P"": [[493905.8286241837, 0.0, 0.0, 0.0], [0.0, 49390582.86241837, 0.0, 0.0], [0.0, 0.0, 493905.8286241837, 0.0], [0.0, 0.0, 0.0, 49390582.86241837]]}","[-0.7868350436294914, 1.5948721306975158, 0.0]",False
3,P21,09ce0dcc-884e-4c47-9efa-46e431e4bea2,24,1,haply,mpc,seeded_random,2698308921,persist_session,10.0,62.17933898925781,1628.249565732,0,1786366629.6712427,1115.0,True,normal,adaptive,-0.064,-0.048,0.0,0.064,0.048,0.0,0.057283122,0.0267192399999999,0.0,0.05430907,-0.06351834,0.2144085,0.003804348,-0.005110136,0.007876725,"[-0.9289627019394753, 3.148274965359832, 0.0, 0.0, 0.0, 0.0, -1.0948231263193353, 4.721119430330089]","[0.012036609829233725, 0.03967820925768746, 0.0]","{""Controller Type"": ""MPC Controller"", ""weight_comfort"": 384.4886336514996, ""weight_trajectory"": 318202.00450418965, ""weight_goal"": 493905.8286241837, ""Q"": [[318202.00450418965, 0.0, 0.0, 0.0], [0.0, 0.0, 0.0, 0.0], [0.0, 0.0, 318202.00450418965, 0.0], [0.0, 0.0, 0.0, 0.0]], ""R"": [[384.4886336514996, 0.0], [0.0, 384.4886336514996]], ""P"": [[493905.8286241837, 0.0, 0.0, 0.0], [0.0, 49390582.86241837, 0.0, 0.0], [0.0, 0.0, 493905.8286241837, 0.0], [0.0, 0.0, 0.0, 49390582.86241837]]}","[-0.6121608284295736, 1.7128105483069704, 0.0]",False
3,P21,09ce0dcc-884e-4c47-9efa-46e431e4bea2,24,1,haply,mpc,seeded_random,2698308921,persist_session,10.0,62.18940192222595,1628.259621113,0,1786366629.6812923,1116.0,True,normal,adaptive,-0.064,-0.048,0.0,0.064,0.048,0.0,0.057342282,0.0268553799999999,0.0,0.05432879,-0.063570455,0.21447657,0.003922854,-0.005099128,0.007956527,"[-0.9289693508842426, 3.148321098970675, 0.0, 0.0, 0.0, 0.0, -1.0947358611748281, 4.720421536015227]","[0.012564951965057063, 0.041487227197300226, 0.0]","{""Controller Type"": ""MPC Controller"", ""weight_comfort"": 384.4886336514996, ""weight_trajectory"": 318202.00450418965, ""weight_goal"": 493905.8286241837, ""Q"": [[318202.00450418965, 0.0, 0.0, 0.0], [0.0, 0.0, 0.0, 0.0], [0.0, 0.0, 318202.00450418965, 0.0], [0.0, 0.0, 0.0, 0.0]], ""R"": [[384.4886336514996, 0.0], [0.0, 384.4886336514996]], ""P"": [[493905.8286241837, 0.0, 0.0, 0.0], [0.0, 49390582.86241837, 0.0, 0.0], [0.0, 0.0, 493905.8286241837, 0.0], [0.0, 0.0, 0.0, 49390582.86241837]]}","[-0.6126868789571831, 1.6953330241387534, 0.0]",False
3,P21,09ce0dcc-884e-4c47-9efa-46e431e4bea2,24,1,haply,mpc,seeded_random,2698308921,persist_session,10.0,62.19941621780395,1628.269634933,0,1786366629.6911888,1117.0,True,normal,adaptive,-0.064,-0.048,0.0,0.064,0.048,0.0,0.05740143,0.0269915199999999,0.0,0.054348506,-0.06362254,0.21454464,0.003826522,-0.005227569,0.008039421,"[-0.9289178054125258, 3.1479579043990222, 0.0, 0.0, 0.0, 0.0, -1.0938852624253996, 4.713538309649593]","[0.012346964471781987, 0.04072372686733043, 0.0]","{""Controller Type"": ""MPC Controller"", ""weight_comfort"": 380.63782882100185, ""weight_trajectory"": 334227.4685470314, ""weight_goal"": 519541.28097195656, ""Q"": [[334227.4685470314, 0.0, 0.0, 0.0], [0.0, 0.0, 0.0, 0.0], [0.0, 0.0, 334227.4685470314, 0.0], [0.0, 0.0, 0.0, 0.0]], ""R"": [[380.63782882100185, 0.0], [0.0, 380.63782882100185]], ""P"": [[519541.28097195656, 0.0, 0.0, 0.0], [0.0, 51954128.097195655, 0.0, 0.0], [0.0, 0.0, 519541.28097195656, 0.0], [0.0, 0.0, 0.0, 51954128.097195655]]}","[-0.6092146463749345, 1.686784178585251, 0.0]",False
3,P21,09ce0dcc-884e-4c47-9efa-46e431e4bea2,24,1,haply,mpc,seeded_random,2698308921,persist_session,10.0,62.20943480491638,1628.279654827,0,1786366629.7013724,1118.0,True,normal,adaptive,-0.064,-0.048,0.0,0.064,0.048,0.0,0.05750055,0.0271079199999999,0.0,0.054381546,-0.06371547,0.21460284,0.003431704,-0.0055186762,0.008067496,"[-0.9289080282679599, 3.1478931771637515, 0.0, 0.0, 0.0, 0.0, -1.0935632245221292, 4.711029149671244]","[0.012684385659751706, 0.04183248904625775, 0.0]","{""Controller Type"": ""MPC Controller"", ""weight_comfort"": 380.63782882100185, ""weight_trajectory"": 334227.4685470314, ""weight_goal"": 519541.28097195656, ""Q"": [[334227.4685470314, 0.0, 0.0, 0.0], [0.0, 0.0, 0.0, 0.0], [0.0, 0.0, 334227.4685470314, 0.0], [0.0, 0.0, 0.0, 0.0]], ""R"": [[380.63782882100185, 0.0], [0.0, 380.63782882100185]], ""P"": [[519541.28097195656, 0.0, 0.0, 0.0], [0.0, 51954128.097195655, 0.0, 0.0], [0.0, 0.0, 519541.28097195656, 0.0], [0.0, 0.0, 0.0, 51954128.097195655]]}","[-0.6242052485025079, 1.6773560993833305, 0.0]",False
3,P21,09ce0dcc-884e-4c47-9efa-46e431e4bea2,24,1,haply,mpc,seeded_random,2698308921,persist_session,10.0,62.21946698188781,1628.289686278,0,1786366629.7115464,1119.0,True,normal,adaptive,-0.064,-0.048,0.0,0.064,0.048,0.0,0.057570141,0.0271561399999999,0.0,0.054404743,-0.063782394,0.21462695,0.0030919183,-0.005641154,0.007899966,"[-0.932308749687855, 3.160700561683261, 0.0, 0.0, 0.0, 0.0, -1.0917353202109024, 4.688224688692387]","[0.024704624421402997, 0.03077859829205178, 0.0]","{""Controller Type"": ""MPC Controller"", ""weight_comfort"": 380.63782882100185, ""weight_trajectory"": 334227.4685470314, ""weight_goal"": 519541.28097195656, ""Q"": [[334227.4685470314, 0.0, 0.0, 0.0], [0.0, 0.0, 0.0, 0.0], [0.0, 0.0, 334227.4685470314, 0.0], [0.0, 0.0, 0.0, 0.0]], ""R"": [[380.63782882100185, 0.0], [0.0, 380.63782882100185]], ""P"": [[519541.28097195656, 0.0, 0.0, 0.0], [0.0, 51954128.097195655, 0.0, 0.0], [0.0, 0.0, 519541.28097195656, 0.0], [0.0, 0.0, 0.0, 51954128.097195655]]}","[-0.6897851271245213, 1.7092488608235192, 0.0]",False
3,P21,09ce0dcc-884e-4c47-9efa-46e431e4bea2,24,1,haply,mpc,seeded_random,2698308921,persist_session,10.0,62.22934561729431,1628.29956895,0,1786366629.721458,1120.0,True,normal,adaptive,-0.064,-0.048,0.0,0.064,0.048,0.0,0.057639723,0.0272043999999999,0.0,0.054427937,-0.0638493,0.21465108,0.0028062856,-0.0056273285,0.0075601665,"[-0.9309436768335462, 3.1538989038562493, 0.0, 0.0, 0.0, 0.0, -1.103553560145178, 4.694308314824254]","[0.01558701593080971, -0.0007535695559637672, 0.0]","{""Controller Type"": ""MPC Controller"", ""weight_comfort"": 376.5025316661425, ""weight_trajectory"": 350296.64236899826, ""weight_goal"": 544885.1446793107, ""Q"": [[350296.64236899826, 0.0, 0.0, 0.0], [0.0, 0.0, 0.0, 0.0], [0.0, 0.0, 350296.64236899826, 0.0], [0.0, 0.0, 0.0, 0.0]], ""R"": [[376.5025316661425, 0.0], [0.0, 376.5025316661425]], ""P"": [[544885.1446793107, 0.0, 0.0, 0.0], [0.0, 54488514.46793108, 0.0, 0.0], [0.0, 0.0, 544885.1446793107, 0.0], [0.0, 0.0, 0.0, 54488514.46793108]]}","[-0.6438157491041752, 1.8208535453445502, 0.0]",False
3,P21,09ce0dcc-884e-4c47-9efa-46e431e4bea2,24,1,haply,mpc,seeded_random,2698308921,persist_session,10.0,62.239350376129146,1628.309572743,0,1786366629.731166,1121.0,True,normal,adaptive,-0.064,-0.048,0.0,0.064,0.048,0.0,0.057679692,0.0271841599999999,0.0,0.05444126,-0.06389015,0.21464096,0.002514674,-0.0053777704,0.006925591,"[-0.9309534673289104, 3.1539455526069218, 0.0, 0.0, 0.0, 0.0, -1.1033241433533156, 4.694213597724996]","[0.016220533365724852, -8.781793520837994e-05, 0.0]","{""Controller Type"": ""MPC Controller"", ""weight_comfort"": 376.5025316661425, ""weight_trajectory"": 350296.64236899826, ""weight_goal"": 544885.1446793107, ""Q"": [[350296.64236899826, 0.0, 0.0, 0.0], [0.0, 0.0, 0.0, 0.0], [0.0, 0.0, 350296.64236899826, 0.0], [0.0, 0.0, 0.0, 0.0]], ""R"": [[376.5025316661425, 0.0], [0.0, 376.5025316661425]], ""P"": [[544885.1446793107, 0.0, 0.0, 0.0], [0.0, 54488514.46793108, 0.0, 0.0], [0.0, 0.0, 544885.1446793107, 0.0], [0.0, 0.0, 0.0, 54488514.46793108]]}","[-0.6648697132056773, 1.8229301727962588, 0.0]",False
3,P21,09ce0dcc-884e-4c47-9efa-46e431e4bea2,24,1,haply,mpc,seeded_random,2698308921,persist_session,10.0,62.24936872482299,1628.319580866,0,1786366629.7412803,1122.0,True,normal,adaptive,-0.064,-0.048,0.0,0.064,0.048,0.0,0.057779073,0.0273008599999999,0.0,0.054474387,-0.06398333,0.21469931,0.0022477487,-0.0050631096,0.0062217503,"[-0.9310809522329194, 3.1511694299848423, 0.0, 0.0, 0.0, 0.0, -1.1331249195424202, 4.768463562562811]","[0.007088801979186307, -0.03352844383202927, 0.0]","{""Controller Type"": ""MPC Controller"", ""weight_comfort"": 376.5025316661425, ""weight_trajectory"": 350296.64236899826, ""weight_goal"": 544885.1446793107, ""Q"": [[350296.64236899826, 0.0, 0.0, 0.0], [0.0, 0.0, 0.0, 0.0], [0.0, 0.0, 350296.64236899826, 0.0], [0.0, 0.0, 0.0, 0.0]], ""R"": [[376.5025316661425, 0.0], [0.0, 376.5025316661425]], ""P"": [[544885.1446793107, 0.0, 0.0, 0.0], [0.0, 54488514.46793108, 0.0, 0.0], [0.0, 0.0, 544885.1446793107, 0.0], [0.0, 0.0, 0.0, 54488514.46793108]]}","[-0.619639242354495, 1.945299446701513, 0.0]",False
3,P21,09ce0dcc-884e-4c47-9efa-46e431e4bea2,24,1,haply,mpc,seeded_random,2698308921,persist_session,10.0,62.259422836303706,1628.329636373,0,1786366629.751202,1123.0,True,normal,adaptive,-0.064,-0.048,0.0,0.064,0.048,0.0,0.05796951,0.0274147199999999,0.0,0.054537866,-0.064056024,0.21475624,0.0022053153,-0.0051112003,0.0056362697,"[-0.9367139543961315, 3.171835052756716, 0.0, 0.0, 0.0, 0.0, -1.1433860853194096, 4.887435101238071]","[0.025338889663696174, 0.03272529738573714, 0.0]","{""Controller Type"": ""MPC Controller"", ""weight_comfort"": 372.621227293752, ""weight_trajectory"": 362831.77235188795, ""weight_goal"": 563540.2083849591, ""Q"": [[362831.77235188795, 0.0, 0.0, 0.0], [0.0, 0.0, 0.0, 0.0], [0.0, 0.0, 362831.77235188795, 0.0], [0.0, 0.0, 0.0, 0.0]], ""R"": [[372.621227293752, 0.0], [0.0, 372.621227293752]], ""P"": [[563540.2083849591, 0.0, 0.0, 0.0], [0.0, 56354020.83849592, 0.0, 0.0], [0.0, 0.0, 563540.2083849591, 0.0], [0.0, 0.0, 0.0, 56354020.83849592]]}","[-0.7185718638137895, 1.7062192473726305, 0.0]",False
3,P21,09ce0dcc-884e-4c47-9efa-46e431e4bea2,24,1,haply,mpc,seeded_random,2698308921,persist_session,10.0,62.26946049690246,1628.339670565,0,1786366629.7613003,1124.0,True,normal,adaptive,-0.064,-0.048,0.0,0.064,0.048,0.0,0.057999273,0.02748328,0.0,0.054547787,-0.06408218,0.21479052,0.002506388,-0.005777078,0.0051295627,"[-0.9618653437397117, 3.248574162811168, 0.0, 0.0, 0.0, 0.0, -1.1430845153233784, 4.8839396984019325]","[0.05655201681233187, 0.03251616993575066, 0.0]","{""Controller Type"": ""MPC Controller"", ""weight_comfort"": 372.621227293752, ""weight_trajectory"": 362831.77235188795, ""weight_goal"": 563540.2083849591, ""Q"": [[362831.77235188795, 0.0, 0.0, 0.0], [0.0, 0.0, 0.0, 0.0], [0.0, 0.0, 362831.77235188795, 0.0], [0.0, 0.0, 0.0, 0.0]], ""R"": [[372.621227293752, 0.0], [0.0, 372.621227293752]], ""P"": [[563540.2083849591, 0.0, 0.0, 0.0], [0.0, 56354020.83849592, 0.0, 0.0], [0.0, 0.0, 563540.2083849591, 0.0], [0.0, 0.0, 0.0, 56354020.83849592]]}","[-0.8991177867167466, 1.7089841051040295, 0.0]",False
3,P21,09ce0dcc-884e-4c47-9efa-46e431e4bea2,24,1,haply,mpc,seeded_random,2698308921,persist_session,10.0,62.27962356567382,1628.349834172,0,1786366629.7711923,1125.0,True,normal,adaptive,-0.064,-0.048,0.0,0.064,0.048,0.0,0.0582303,0.0275772199999999,0.0,0.054624796,-0.06419598,0.21483749,0.0027172687,-0.006188546,0.00480751,"[-0.9654317215910392, 3.2425753983316996, 0.0, 0.0, 0.0, 0.0, -1.147711773218468, 4.873582697247174]","[0.0037637170490362757, 0.009541012244040335, 0.0]","{""Controller Type"": ""MPC Controller"", ""weight_comfort"": 372.621227293752, ""weight_trajectory"": 362831.77235188795, ""weight_goal"": 563540.2083849591, ""Q"": [[362831.77235188795, 0.0, 0.0, 0.0], [0.0, 0.0, 0.0, 0.0], [0.0, 0.0, 362831.77235188795, 0.0], [0.0, 0.0, 0.0, 0.0]], ""R"": [[372.621227293752, 0.0], [0.0, 372.621227293752]], ""P"": [[563540.2083849591, 0.0, 0.0, 0.0], [0.0, 56354020.83849592, 0.0, 0.0], [0.0, 0.0, 563540.2083849591, 0.0], [0.0, 0.0, 0.0, 56354020.83849592]]}","[-0.6210038259776796, 1.783022551177898, 0.0]",False
3,P21,09ce0dcc-884e-4c47-9efa-46e431e4bea2,24,1,haply,mpc,seeded_random,2698308921,persist_session,10.0,62.28939085960388,1628.359608666,0,1786366629.7813303,1126.0,True,normal,adaptive,-0.064,-0.048,0.0,0.064,0.048,0.0,0.05830044,0.0276257799999999,0.0,0.054648176,-0.064263254,0.21486177,0.0029052552,-0.0064740973,0.004565114,"[-1.0380555658173414, 3.457717205852248, 0.0, 0.0, 0.0, 0.0, -1.1478615812485076, 4.889080790659028]","[0.07476559282083906, 0.02298700034100943, 0.0]","{""Controller Type"": ""MPC Controller"", ""weight_comfort"": 365.1799307378328, ""weight_trajectory"": 389020.16663176025, ""weight_goal"": 603441.8731631791, ""Q"": [[389020.16663176025, 0.0, 0.0, 0.0], [0.0, 0.0, 0.0, 0.0], [0.0, 0.0, 389020.16663176025, 0.0], [0.0, 0.0, 0.0, 0.0]], ""R"": [[365.1799307378328, 0.0], [0.0, 365.1799307378328]], ""P"": [[603441.8731631791, 0.0, 0.0, 0.0], [0.0, 60344187.316317916, 0.0, 0.0], [0.0, 0.0, 603441.8731631791, 0.0], [0.0, 0.0, 0.0, 60344187.316317916]]}","[-0.9821338128505949, 1.7384729547113964, 0.0]",False
3,P21,09ce0dcc-884e-4c47-9efa-46e431e4bea2,24,1,haply,mpc,seeded_random,2698308921,persist_session,10.0,62.29934650421142,1628.369565773,0,1786366629.7912724,1127.0,True,normal,adaptive,-0.064,-0.048,0.0,0.064,0.048,0.0,0.05842152,0.0276914799999999,0.0,0.054688536,-0.064268865,0.21489462,0.003062764,-0.006698407,0.0043556094,"[-1.0288077179656807, 3.4175547435530174, 0.0, 0.0, 0.0, 0.0, -1.155793624402994, 4.8922555844608535]","[0.01778060323055373, -0.00011506203153559963, 0.0]","{""Controller Type"": ""MPC Controller"", ""weight_comfort"": 365.1799307378328, ""weight_trajectory"": 389020.16663176025, ""weight_goal"": 603441.8731631791, ""Q"": [[389020.16663176025, 0.0, 0.0, 0.0], [0.0, 0.0, 0.0, 0.0], [0.0, 0.0, 389020.16663176025, 0.0], [0.0, 0.0, 0.0, 0.0]], ""R"": [[365.1799307378328, 0.0], [0.0, 365.1799307378328]], ""P"": [[603441.8731631791, 0.0, 0.0, 0.0], [0.0, 60344187.316317916, 0.0, 0.0], [0.0, 0.0, 603441.8731631791, 0.0], [0.0, 0.0, 0.0, 60344187.316317916]]}","[-0.7273573884982564, 1.826172577150525, 0.0]",False
3,P21,09ce0dcc-884e-4c47-9efa-46e431e4bea2,24,1,haply,mpc,seeded_random,2698308921,persist_session,10.0,62.30952673912048,1628.379743003,0,1786366629.8013127,1128.0,True,normal,adaptive,-0.064,-0.048,0.0,0.064,0.048,0.0,0.058491906,0.0277402399999999,0.0,0.054711998,-0.06433628,0.214919,0.0031515348,-0.006742607,0.00417422,"[-1.0365517397018473, 3.4429697730708626, 0.0, 0.0, 0.0, 0.0, -1.1540337220524572, 4.895741858779992]","[0.036148061881585716, 0.008915774411811118, 0.0]","{""Controller Type"": ""MPC Controller"", ""weight_comfort"": 365.1799307378328, ""weight_trajectory"": 389020.16663176025, ""weight_goal"": 603441.8731631791, ""Q"": [[389020.16663176025, 0.0, 0.0, 0.0], [0.0, 0.0, 0.0, 0.0], [0.0, 0.0, 389020.16663176025, 0.0], [0.0, 0.0, 0.0, 0.0]], ""R"": [[365.1799307378328, 0.0], [0.0, 365.1799307378328]], ""P"": [[603441.8731631791, 0.0, 0.0, 0.0], [0.0, 60344187.316317916, 0.0, 0.0], [0.0, 0.0, 603441.8731631791, 0.0], [0.0, 0.0, 0.0, 60344187.316317916]]}","[-0.8235714724229876, 1.7941559155512103, 0.0]",False
3,P21,09ce0dcc-884e-4c47-9efa-46e431e4bea2,24,1,haply,mpc,seeded_random,2698308921,persist_session,10.0,62.319431600570674,1628.389647142,0,1786366629.8113794,1129.0,True,normal,adaptive,-0.064,-0.048,0.0,0.064,0.048,0.0,0.058491906,0.0277402399999999,0.0,0.054711998,-0.06433628,0.214919,0.0032438824,-0.0067077535,0.0040010116,"[-1.0333159219496095, 3.4294479562694353, 0.0, 0.0, 0.0, 0.0, -1.1569472575776871, 4.8966944495963345]","[0.018350063628303524, 0.0003410129473508869, 0.0]","{""Controller Type"": ""MPC Controller"", ""weight_comfort"": 361.2932584752559, ""weight_trajectory"": 404191.4801321592, ""weight_goal"": 627316.5310849785, ""Q"": [[404191.4801321592, 0.0, 0.0, 0.0], [0.0, 0.0, 0.0, 0.0], [0.0, 0.0, 404191.4801321592, 0.0], [0.0, 0.0, 0.0, 0.0]], ""R"": [[361.2932584752559, 0.0], [0.0, 361.2932584752559]], ""P"": [[627316.5310849785, 0.0, 0.0, 0.0], [0.0, 62731653.10849785, 0.0, 0.0], [0.0, 0.0, 627316.5310849785, 0.0], [0.0, 0.0, 0.0, 62731653.10849785]]}","[-0.7379440919038149, 1.8225529552890523, 0.0]",False
3,P21,09ce0dcc-884e-4c47-9efa-46e431e4bea2,24,1,haply,mpc,seeded_random,2698308921,persist_session,10.0,62.3294137096405,1628.399633425,0,1786366629.8213313,1130.0,True,normal,adaptive,-0.064,-0.048,0.0,0.064,0.048,0.0,0.058562211,0.0277888999999999,0.0,0.054735433,-0.064403616,0.21494333,0.003435963,-0.0064434656,0.003804201,"[-1.0382524485039273, 3.436623329755791, 0.0, 0.0, 0.0, 0.0, -1.1730318351219677, 4.931885133205979]","[-0.005718792082089789, -0.02376534345193067, 0.0]","{""Controller Type"": ""MPC Controller"", ""weight_comfort"": 361.2932584752559, ""weight_trajectory"": 404191.4801321592, ""weight_goal"": 627316.5310849785, ""Q"": [[404191.4801321592, 0.0, 0.0, 0.0], [0.0, 0.0, 0.0, 0.0], [0.0, 0.0, 404191.4801321592, 0.0], [0.0, 0.0, 0.0, 0.0]], ""R"": [[361.2932584752559, 0.0], [0.0, 361.2932584752559]], ""P"": [[627316.5310849785, 0.0, 0.0, 0.0], [0.0, 62731653.10849785, 0.0, 0.0], [0.0, 0.0, 627316.5310849785, 0.0], [0.0, 0.0, 0.0, 62731653.10849785]]}","[-0.6294141014908922, 1.9109072592004719, 0.0]",False
3,P21,09ce0dcc-884e-4c47-9efa-46e431e4bea2,24,1,haply,mpc,seeded_random,2698308921,persist_session,10.0,62.33937173843383,1628.409591394,0,1786366629.831293,1131.0,True,normal,adaptive,-0.064,-0.048,0.0,0.064,0.048,0.0,0.058592151,0.0278578199999999,0.0,0.054745413,-0.06442987,0.21497779,0.0034204926,-0.006160544,0.0034909225,"[-1.0425889718757306, 3.4544690974743255, 0.0, 0.0, 0.0, 0.0, -1.1649478797389798, 4.9295483549254095]","[0.018734821398529385, 0.000558409957658608, 0.0]","{""Controller Type"": ""MPC Controller"", ""weight_comfort"": 361.2932584752559, ""weight_trajectory"": 404191.4801321592, ""weight_goal"": 627316.5310849785, ""Q"": [[404191.4801321592, 0.0, 0.0, 0.0], [0.0, 0.0, 0.0, 0.0], [0.0, 0.0, 404191.4801321592, 0.0], [0.0, 0.0, 0.0, 0.0]], ""R"": [[361.2932584752559, 0.0], [0.0, 361.2932584752559]], ""P"": [[627316.5310849785, 0.0, 0.0, 0.0], [0.0, 62731653.10849785, 0.0, 0.0], [0.0, 0.0, 627316.5310849785, 0.0], [0.0, 0.0, 0.0, 62731653.10849785]]}","[-0.7538142289968227, 1.825237420894126, 0.0]",False
3,P21,09ce0dcc-884e-4c47-9efa-46e431e4bea2,24,1,haply,mpc,seeded_random,2698308921,persist_session,10.0,62.34937482833862,1628.41959293,0,1786366629.8414438,1132.0,True,normal,adaptive,-0.064,-0.048,0.0,0.064,0.048,0.0,0.058622142,0.0279268599999999,0.0,0.05475541,-0.06445616,0.21501231,0.0030714902,-0.006175027,0.0032805903,"[-1.0431460850297118, 3.452347591065748, 0.0, 0.0, 0.0, 0.0, -1.1632747760164848, 4.934433823582014]","[0.004734743062147552, 0.010707488118438146, 0.0]","{""Controller Type"": ""MPC Controller"", ""weight_comfort"": 359.1654609759561, ""weight_trajectory"": 411778.2946675486, ""weight_goal"": 638874.1801017063, ""Q"": [[411778.2946675486, 0.0, 0.0, 0.0], [0.0, 0.0, 0.0, 0.0], [0.0, 0.0, 411778.2946675486, 0.0], [0.0, 0.0, 0.0, 0.0]], ""R"": [[359.1654609759561, 0.0], [0.0, 359.1654609759561]], ""P"": [[638874.1801017063, 0.0, 0.0, 0.0], [0.0, 63887418.01017063, 0.0, 0.0], [0.0, 0.0, 638874.1801017063, 0.0], [0.0, 0.0, 0.0, 63887418.01017063]]}","[-0.6827613371179043, 1.7844413601403382, 0.0]",False
3,P21,09ce0dcc-884e-4c47-9efa-46e431e4bea2,24,1,haply,mpc,seeded_random,2698308921,persist_session,10.0,62.3594167804718,1628.429629797,0,1786366629.8512983,1133.0,True,normal,adaptive,-0.064,-0.048,0.0,0.064,0.048,0.0,0.058652043,0.0279957999999999,0.0,0.054765377,-0.06448239,0.21504678,0.0028153532,-0.006162688,0.0031365033,"[-1.0431596265224108, 3.452300073115087, 0.0, 0.0, 0.0, 0.0, -1.1634702485760406, 4.933915239604516]","[0.004590142767314102, 0.010203625953704006, 0.0]","{""Controller Type"": ""MPC Controller"", ""weight_comfort"": 359.1654609759561, ""weight_trajectory"": 411778.2946675486, ""weight_goal"": 638874.1801017063, ""Q"": [[411778.2946675486, 0.0, 0.0, 0.0], [0.0, 0.0, 0.0, 0.0], [0.0, 0.0, 411778.2946675486, 0.0], [0.0, 0.0, 0.0, 0.0]], ""R"": [[359.1654609759561, 0.0], [0.0, 359.1654609759561]], ""P"": [[638874.1801017063, 0.0, 0.0, 0.0], [0.0, 63887418.01017063, 0.0, 0.0], [0.0, 0.0, 638874.1801017063, 0.0], [0.0, 0.0, 0.0, 63887418.01017063]]}","[-0.6864211438299099, 1.7828634144673228, 0.0]",False
3,P21,09ce0dcc-884e-4c47-9efa-46e431e4bea2,24,1,haply,mpc,seeded_random,2698308921,persist_session,10.0,62.369387445449824,1628.439599371,0,1786366629.861551,1134.0,True,normal,adaptive,-0.064,-0.048,0.0,0.064,0.048,0.0,0.058682022,0.0280648799999999,0.0,0.05477537,-0.06450868,0.21508132,0.0023931856,-0.00544589,0.0031939198,"[-1.0431557340699327, 3.452317333895627, 0.0, 0.0, 0.0, 0.0, -1.1634012745017044, 4.934143917819811]","[0.004896377433989378, 0.011245123509493523, 0.0]","{""Controller Type"": ""MPC Controller"", ""weight_comfort"": 359.1654609759561, ""weight_trajectory"": 411778.2946675486, ""weight_goal"": 638874.1801017063, ""Q"": [[411778.2946675486, 0.0, 0.0, 0.0], [0.0, 0.0, 0.0, 0.0], [0.0, 0.0, 411778.2946675486, 0.0], [0.0, 0.0, 0.0, 0.0]], ""R"": [[359.1654609759561, 0.0], [0.0, 359.1654609759561]], ""P"": [[638874.1801017063, 0.0, 0.0, 0.0], [0.0, 63887418.01017063, 0.0, 0.0], [0.0, 0.0, 638874.1801017063, 0.0], [0.0, 0.0, 0.0, 63887418.01017063]]}","[-0.6865021539648278, 1.7735949522189491, 0.0]",False
3,P21,09ce0dcc-884e-4c47-9efa-46e431e4bea2,24,1,haply,mpc,seeded_random,2698308921,persist_session,10.0,62.37939339637756,1628.449612252,0,1786366629.8716717,1135.0,True,normal,adaptive,-0.064,-0.048,0.0,0.064,0.048,0.0,0.058752552,0.02811384,0.0,0.05479888,-0.06457623,0.2151058,0.002101328,-0.004962655,0.0032032803,"[-1.0431770398431357, 3.4522421527330454, 0.0, 0.0, 0.0, 0.0, -1.1637186777937334, 4.933316806401367]","[0.0045467849905720305, 0.01004047565106404, 0.0]","{""Controller Type"": ""MPC Controller"", ""weight_comfort"": 356.70326227499686, ""weight_trajectory"": 421197.8818602112, ""weight_goal"": 653593.5985165723, ""Q"": [[421197.8818602112, 0.0, 0.0, 0.0], [0.0, 0.0, 0.0, 0.0], [0.0, 0.0, 421197.8818602112, 0.0], [0.0, 0.0, 0.0, 0.0]], ""R"": [[356.70326227499686, 0.0], [0.0, 356.70326227499686]], ""P"": [[653593.5985165723, 0.0, 0.0, 0.0], [0.0, 65359359.85165723, 0.0, 0.0], [0.0, 0.0, 653593.5985165723, 0.0], [0.0, 0.0, 0.0, 65359359.85165723]]}","[-0.6833127487502352, 1.7721019821212347, 0.0]",False
3,P21,09ce0dcc-884e-4c47-9efa-46e431e4bea2,24,1,haply,mpc,seeded_random,2698308921,persist_session,10.0,62.38934880256652,1628.459553073,0,1786366629.88143,1136.0,True,normal,adaptive,-0.064,-0.048,0.0,0.064,0.048,0.0,0.058823142,0.0281628999999999,0.0,0.05482241,-0.06464383,0.21513033,0.0019376198,-0.0047465186,0.003170391,"[-1.0456050942812736, 3.4620788723465945, 0.0, 0.0, 0.0, 0.0, -1.1667656005324856, 4.934134940595092]","[0.018640239315288954, 0.0006670978170087126, 0.0]","{""Controller Type"": ""MPC Controller"", ""weight_comfort"": 356.70326227499686, ""weight_trajectory"": 421197.8818602112, ""weight_goal"": 653593.5985165723, ""Q"": [[421197.8818602112, 0.0, 0.0, 0.0], [0.0, 0.0, 0.0, 0.0], [0.0, 0.0, 421197.8818602112, 0.0], [0.0, 0.0, 0.0, 0.0]], ""R"": [[356.70326227499686, 0.0], [0.0, 356.70326227499686]], ""P"": [[653593.5985165723, 0.0, 0.0, 0.0], [0.0, 65359359.85165723, 0.0, 0.0], [0.0, 0.0, 653593.5985165723, 0.0], [0.0, 0.0, 0.0, 65359359.85165723]]}","[-0.7628887692293116, 1.8060342582271844, 0.0]",False
3,P21,09ce0dcc-884e-4c47-9efa-46e431e4bea2,24,1,haply,mpc,seeded_random,2698308921,persist_session,10.0,62.39947300910949,1628.469682647,0,1786366629.8913517,1137.0,True,normal,adaptive,-0.064,-0.048,0.0,0.064,0.048,0.0,0.058823142,0.0281628999999999,0.0,0.05482241,-0.06464383,0.21513033,0.0018444377,-0.0046771294,0.003112142,"[-1.0456575297284176, 3.462284408700952, 0.0, 0.0, 0.0, 0.0, -1.1664920339922211, 4.934110859283678]","[0.01963256702048539, 0.0016666651359224932, 0.0]","{""Controller Type"": ""MPC Controller"", ""weight_comfort"": 356.70326227499686, ""weight_trajectory"": 421197.8818602112, ""weight_goal"": 653593.5985165723, ""Q"": [[421197.8818602112, 0.0, 0.0, 0.0], [0.0, 0.0, 0.0, 0.0], [0.0, 0.0, 421197.8818602112, 0.0], [0.0, 0.0, 0.0, 0.0]], ""R"": [[356.70326227499686, 0.0], [0.0, 356.70326227499686]], ""P"": [[653593.5985165723, 0.0, 0.0, 0.0], [0.0, 65359359.85165723, 0.0, 0.0], [0.0, 0.0, 653593.5985165723, 0.0], [0.0, 0.0, 0.0, 65359359.85165723]]}","[-0.77037534072799, 1.8011485564840182, 0.0]",False
3,P21,09ce0dcc-884e-4c47-9efa-46e431e4bea2,24,1,haply,mpc,seeded_random,2698308921,persist_session,10.0,62.40935927391052,1628.479583091,0,1786366629.9014587,1138.0,True,normal,adaptive,-0.064,-0.048,0.0,0.064,0.048,0.0,0.05892375,0.0282811199999999,0.0,0.054855946,-0.06473775,0.21518944,0.00177988,-0.004629671,0.0030687987,"[-1.0505571274179806, 3.4694050070290587, 0.0, 0.0, 0.0, 0.0, -1.1831965028209093, 4.9706870666515135]","[-0.005438585069530777, -0.02347118734610867, 0.0]","{""Controller Type"": ""MPC Controller"", ""weight_comfort"": 354.2964272867608, ""weight_trajectory"": 430119.09299831634, ""weight_goal"": 667363.6196584858, ""Q"": [[430119.09299831634, 0.0, 0.0, 0.0], [0.0, 0.0, 0.0, 0.0], [0.0, 0.0, 430119.09299831634, 0.0], [0.0, 0.0, 0.0, 0.0]], ""R"": [[354.2964272867608, 0.0], [0.0, 354.2964272867608]], ""P"": [[667363.6196584858, 0.0, 0.0, 0.0], [0.0, 66736361.96584857, 0.0, 0.0], [0.0, 0.0, 667363.6196584858, 0.0], [0.0, 0.0, 0.0, 66736361.96584857]]}","[-0.6456116606540888, 1.88785922569112, 0.0]",False
3,P21,09ce0dcc-884e-4c47-9efa-46e431e4bea2,24,1,haply,mpc,seeded_random,2698308921,persist_session,10.0,62.41935306549072,1628.489562103,0,1786366629.9112282,1139.0,True,normal,adaptive,-0.064,-0.048,0.0,0.064,0.048,0.0,0.0589839,0.0284199799999999,0.0,0.054875996,-0.06479048,0.21525887,0.001742394,-0.004619883,0.0030568636,"[-1.0623012911187657, 3.509124768143915, 0.0, 0.0, 0.0, 0.0, -1.1947149162679227, 5.080347487037379]","[0.029538195879787097, 0.03586535323188825, 0.0]","{""Controller Type"": ""MPC Controller"", ""weight_comfort"": 354.2964272867608, ""weight_trajectory"": 430119.09299831634, ""weight_goal"": 667363.6196584858, ""Q"": [[430119.09299831634, 0.0, 0.0, 0.0], [0.0, 0.0, 0.0, 0.0], [0.0, 0.0, 430119.09299831634, 0.0], [0.0, 0.0, 0.0, 0.0]], ""R"": [[354.2964272867608, 0.0], [0.0, 354.2964272867608]], ""P"": [[667363.6196584858, 0.0, 0.0, 0.0], [0.0, 66736361.96584857, 0.0, 0.0], [0.0, 0.0, 667363.6196584858, 0.0], [0.0, 0.0, 0.0, 66736361.96584857]]}","[-0.8254623231819217, 1.6810178189373424, 0.0]",False
3,P21,09ce0dcc-884e-4c47-9efa-46e431e4bea2,24,1,haply,mpc,seeded_random,2698308921,persist_session,10.0,62.42930084228515,1628.499525212,0,1786366629.9214084,1140.0,True,normal,adaptive,-0.064,-0.048,0.0,0.064,0.048,0.0,0.059043972,0.0285587999999999,0.0,0.05489602,-0.06484312,0.21532828,0.0017501618,-0.004704444,0.0031697745,"[-1.0602159245057368, 3.500151539131597, 0.0, 0.0, 0.0, 0.0, -1.1989113758813226, 5.108613470709086]","[0.016232126208860956, 0.04913765069307055, 0.0]","{""Controller Type"": ""MPC Controller"", ""weight_comfort"": 354.2964272867608, ""weight_trajectory"": 430119.09299831634, ""weight_goal"": 667363.6196584858, ""Q"": [[430119.09299831634, 0.0, 0.0, 0.0], [0.0, 0.0, 0.0, 0.0], [0.0, 0.0, 430119.09299831634, 0.0], [0.0, 0.0, 0.0, 0.0]], ""R"": [[354.2964272867608, 0.0], [0.0, 354.2964272867608]], ""P"": [[667363.6196584858, 0.0, 0.0, 0.0], [0.0, 66736361.96584857, 0.0, 0.0], [0.0, 0.0, 667363.6196584858, 0.0], [0.0, 0.0, 0.0, 66736361.96584857]]}","[-0.7571703432937251, 1.6255780286712502, 0.0]",False
3,P21,09ce0dcc-884e-4c47-9efa-46e431e4bea2,24,1,haply,mpc,seeded_random,2698308921,persist_session,10.0,62.439328489303584,1628.5095497,0,1786366629.9312737,1141.0,True,normal,adaptive,-0.064,-0.048,0.0,0.064,0.048,0.0,0.059174874,0.0287472399999999,0.0,0.054939654,-0.064963594,0.2154225,0.0018154338,-0.0049224887,0.0034816475,"[-1.0600234883851989, 3.499300973835152, 0.0, 0.0, 0.0, 0.0, -1.1970427686142004, 5.095490385603504]","[0.015395330600629174, 0.04621131863772361, 0.0]","{""Controller Type"": ""MPC Controller"", ""weight_comfort"": 348.30127912270615, ""weight_trajectory"": 451492.05357344635, ""weight_goal"": 699731.2010221634, ""Q"": [[451492.05357344635, 0.0, 0.0, 0.0], [0.0, 0.0, 0.0, 0.0], [0.0, 0.0, 451492.05357344635, 0.0], [0.0, 0.0, 0.0, 0.0]], ""R"": [[348.30127912270615, 0.0], [0.0, 348.30127912270615]], ""P"": [[699731.2010221634, 0.0, 0.0, 0.0], [0.0, 69973120.10221633, 0.0, 0.0], [0.0, 0.0, 699731.2010221634, 0.0], [0.0, 0.0, 0.0, 69973120.10221633]]}","[-0.7500471099225561, 1.623593085540548, 0.0]",False
3,P21,09ce0dcc-884e-4c47-9efa-46e431e4bea2,24,1,haply,mpc,seeded_random,2698308921,persist_session,10.0,62.44936519622802,1628.519590299,0,1786366629.9413016,1142.0,True,normal,adaptive,-0.064,-0.048,0.0,0.064,0.048,0.0,0.059235042,0.0288865799999999,0.0,0.05495971,-0.06501632,0.21549217,0.0019299687,-0.00524932,0.0039924225,"[-1.0734045539907624, 3.541087716664949, 0.0, 0.0, 0.0, 0.0, -1.2158672068768652, 5.195443037973471]","[0.0418083536793749, 0.07583344739158562, 0.0]","{""Controller Type"": ""MPC Controller"", ""weight_comfort"": 348.30127912270615, ""weight_trajectory"": 451492.05357344635, ""weight_goal"": 699731.2010221634, ""Q"": [[451492.05357344635, 0.0, 0.0, 0.0], [0.0, 0.0, 0.0, 0.0], [0.0, 0.0, 451492.05357344635, 0.0], [0.0, 0.0, 0.0, 0.0]], ""R"": [[348.30127912270615, 0.0], [0.0, 348.30127912270615]], ""P"": [[699731.2010221634, 0.0, 0.0, 0.0], [0.0, 69973120.10221633, 0.0, 0.0], [0.0, 0.0, 699731.2010221634, 0.0], [0.0, 0.0, 0.0, 69973120.10221633]]}","[-0.8927379525007164, 1.5207016013309296, 0.0]",False
3,P21,09ce0dcc-884e-4c47-9efa-46e431e4bea2,24,1,haply,mpc,seeded_random,2698308921,persist_session,10.0,62.45932513236999,1628.529543749,0,1786366629.951393,1143.0,True,normal,adaptive,-0.064,-0.048,0.0,0.064,0.048,0.0,0.059325357,0.0290959399999999,0.0,0.054989815,-0.065095454,0.21559685,0.0021170713,-0.0057571447,0.004753185,"[-1.069559319080004, 3.52487942700657, 0.0, 0.0, 0.0, 0.0, -1.204722986130799, 5.120438962313237]","[0.016052610117130873, 0.04812172419261049, 0.0]","{""Controller Type"": ""MPC Controller"", ""weight_comfort"": 348.30127912270615, ""weight_trajectory"": 451492.05357344635, ""weight_goal"": 699731.2010221634, ""Q"": [[451492.05357344635, 0.0, 0.0, 0.0], [0.0, 0.0, 0.0, 0.0], [0.0, 0.0, 451492.05357344635, 0.0], [0.0, 0.0, 0.0, 0.0]], ""R"": [[348.30127912270615, 0.0], [0.0, 348.30127912270615]], ""P"": [[699731.2010221634, 0.0, 0.0, 0.0], [0.0, 69973120.10221633, 0.0, 0.0], [0.0, 0.0, 699731.2010221634, 0.0], [0.0, 0.0, 0.0, 69973120.10221633]]}","[-0.7638767069339633, 1.598941973005681, 0.0]",False
3,P21,09ce0dcc-884e-4c47-9efa-46e431e4bea2,24,1,haply,mpc,seeded_random,2698308921,persist_session,10.0,62.46932488441467,1628.539551347,0,1786366629.961172,1144.0,True,normal,adaptive,-0.064,-0.048,0.0,0.064,0.048,0.0,0.059426412,0.0292155799999999,0.0,0.0550235,-0.06518974,0.21565667,0.002304431,-0.0062566646,0.0055286447,"[-1.0724684577619685, 3.5347928508985653, 0.0, 0.0, 0.0, 0.0, -1.232110127032873, 5.259308581263916]","[0.02662297345984698, 0.08582332816697685, 0.0]","{""Controller Type"": ""MPC Controller"", ""weight_comfort"": 340.3365926888246, ""weight_trajectory"": 480391.17864523415, ""weight_goal"": 743601.7422587761, ""Q"": [[480391.17864523415, 0.0, 0.0, 0.0], [0.0, 0.0, 0.0, 0.0], [0.0, 0.0, 480391.17864523415, 0.0], [0.0, 0.0, 0.0, 0.0]], ""R"": [[340.3365926888246, 0.0], [0.0, 340.3365926888246]], ""P"": [[743601.7422587761, 0.0, 0.0, 0.0], [0.0, 74360174.22587761, 0.0, 0.0], [0.0, 0.0, 743601.7422587761, 0.0], [0.0, 0.0, 0.0, 74360174.22587761]]}","[-0.8107807328306325, 1.4620421026502768, 0.0]",False
3,P21,09ce0dcc-884e-4c47-9efa-46e431e4bea2,24,1,haply,mpc,seeded_random,2698308921,persist_session,10.0,62.479338226318355,1628.549558369,0,1786366629.9714265,1145.0,True,normal,adaptive,-0.064,-0.048,0.0,0.064,0.048,0.0,0.059516802,0.0294254999999999,0.0,0.05505363,-0.065268904,0.21576163,0.002446156,-0.0066308794,0.0061453218,"[-1.0739763303903578, 3.539698447606946, 0.0, 0.0, 0.0, 0.0, -1.2195533596007426, 5.1604774469073]","[0.03166519377716584, 0.04022371216379675, 0.0]","{""Controller Type"": ""MPC Controller"", ""weight_comfort"": 340.3365926888246, ""weight_trajectory"": 480391.17864523415, ""weight_goal"": 743601.7422587761, ""Q"": [[480391.17864523415, 0.0, 0.0, 0.0], [0.0, 0.0, 0.0, 0.0], [0.0, 0.0, 480391.17864523415, 0.0], [0.0, 0.0, 0.0, 0.0]], ""R"": [[340.3365926888246, 0.0], [0.0, 340.3365926888246]], ""P"": [[743601.7422587761, 0.0, 0.0, 0.0], [0.0, 74360174.22587761, 0.0, 0.0], [0.0, 0.0, 743601.7422587761, 0.0], [0.0, 0.0, 0.0, 74360174.22587761]]}","[-0.8548695728169456, 1.608862269325081, 0.0]",False
3,P21,09ce0dcc-884e-4c47-9efa-46e431e4bea2,24,1,haply,mpc,seeded_random,2698308921,persist_session,10.0,62.48939496040344,1628.55961967,0,1786366629.981433,1146.0,True,normal,adaptive,-0.064,-0.048,0.0,0.064,0.048,0.0,0.059618112,0.0295457199999999,0.0,0.0550874,-0.06536344,0.21582174,0.0025506455,-0.006904628,0.0066199205,"[-1.072065260345159, 3.5332403000540946, 0.0, 0.0, 0.0, 0.0, -1.2522545985288263, 5.325954283170377]","[0.026338409981390514, 0.08576891792157214, 0.0]","{""Controller Type"": ""MPC Controller"", ""weight_comfort"": 340.3365926888246, ""weight_trajectory"": 480391.17864523415, ""weight_goal"": 743601.7422587761, ""Q"": [[480391.17864523415, 0.0, 0.0, 0.0], [0.0, 0.0, 0.0, 0.0], [0.0, 0.0, 480391.17864523415, 0.0], [0.0, 0.0, 0.0, 0.0]], ""R"": [[340.3365926888246, 0.0], [0.0, 340.3365926888246]], ""P"": [[743601.7422587761, 0.0, 0.0, 0.0], [0.0, 74360174.22587761, 0.0, 0.0], [0.0, 0.0, 743601.7422587761, 0.0], [0.0, 0.0, 0.0, 74360174.22587761]]}","[-0.8239504221943189, 1.4471733880240145, 0.0]",False
3,P21,09ce0dcc-884e-4c47-9efa-46e431e4bea2,24,1,haply,mpc,seeded_random,2698308921,persist_session,10.0,62.49937230110168,1628.569593633,0,1786366629.9914114,1147.0,True,normal,adaptive,-0.064,-0.048,0.0,0.064,0.048,0.0,0.059749716,0.0297363799999999,0.0,0.055131268,-0.06548449,0.21591707,0.002638727,-0.0071382346,0.006976668,"[-1.0734230807064231, 3.5376341311893835, 0.0, 0.0, 0.0, 0.0, -1.2403464644361564, 5.231952808809721]","[0.031113982912133138, 0.0399699297134654, 0.0]","{""Controller Type"": ""MPC Controller"", ""weight_comfort"": 333.461873261199, ""weight_trajectory"": 507198.44372520107, ""weight_goal"": 785638.7059856763, ""Q"": [[507198.44372520107, 0.0, 0.0, 0.0], [0.0, 0.0, 0.0, 0.0], [0.0, 0.0, 507198.44372520107, 0.0], [0.0, 0.0, 0.0, 0.0]], ""R"": [[333.461873261199, 0.0], [0.0, 333.461873261199]], ""P"": [[785638.7059856763, 0.0, 0.0, 0.0], [0.0, 78563870.59856762, 0.0, 0.0], [0.0, 0.0, 785638.7059856763, 0.0], [0.0, 0.0, 0.0, 78563870.59856762]]}","[-0.8480905816240419, 1.5867815590461376, 0.0]",False
3,P21,09ce0dcc-884e-4c47-9efa-46e431e4bea2,24,1,haply,mpc,seeded_random,2698308921,persist_session,10.0,62.50933700561523,1628.579563215,0,1786366630.001377,1148.0,True,normal,adaptive,-0.064,-0.048,0.0,0.064,0.048,0.0,0.059810064,0.0298769799999999,0.0,0.055151384,-0.06553734,0.21598737,0.002732963,-0.00739033,0.0073111122,"[-1.0786268820380676, 3.553564667879406, 0.0, 0.0, 0.0, 0.0, -1.2661095727662686, 5.365236014739045]","[0.04228135234909746, 0.07938746463685206, 0.0]","{""Controller Type"": ""MPC Controller"", ""weight_comfort"": 333.461873261199, ""weight_trajectory"": 507198.44372520107, ""weight_goal"": 785638.7059856763, ""Q"": [[507198.44372520107, 0.0, 0.0, 0.0], [0.0, 0.0, 0.0, 0.0], [0.0, 0.0, 507198.44372520107, 0.0], [0.0, 0.0, 0.0, 0.0]], ""R"": [[333.461873261199, 0.0], [0.0, 333.461873261199]], ""P"": [[785638.7059856763, 0.0, 0.0, 0.0], [0.0, 78563870.59856762, 0.0, 0.0], [0.0, 0.0, 785638.7059856763, 0.0], [0.0, 0.0, 0.0, 78563870.59856762]]}","[-0.9170147633858162, 1.4547205747398997, 0.0]",False
3,P21,09ce0dcc-884e-4c47-9efa-46e431e4bea2,24,1,haply,mpc,seeded_random,2698308921,persist_session,10.0,62.519422111511226,1628.589640906,0,1786366630.0114002,1149.0,True,normal,adaptive,-0.064,-0.048,0.0,0.064,0.048,0.0,0.05987046,0.0300178399999999,0.0,0.055171516,-0.0655902,0.2160578,0.002807136,-0.0075900108,0.0075603044,"[-1.0741785080733262, 3.536459171167933, 0.0, 0.0, 0.0, 0.0, -1.2539663916235941, 5.288923570710073]","[0.016914116530054812, 0.05189107579329967, 0.0]","{""Controller Type"": ""MPC Controller"", ""weight_comfort"": 333.461873261199, ""weight_trajectory"": 507198.44372520107, ""weight_goal"": 785638.7059856763, ""Q"": [[507198.44372520107, 0.0, 0.0, 0.0], [0.0, 0.0, 0.0, 0.0], [0.0, 0.0, 507198.44372520107, 0.0], [0.0, 0.0, 0.0, 0.0]], ""R"": [[333.461873261199, 0.0], [0.0, 333.461873261199]], ""P"": [[785638.7059856763, 0.0, 0.0, 0.0], [0.0, 78563870.59856762, 0.0, 0.0], [0.0, 0.0, 785638.7059856763, 0.0], [0.0, 0.0, 0.0, 78563870.59856762]]}","[-0.7891608711931326, 1.5299004032937784, 0.0]",False
3,P21,09ce0dcc-884e-4c47-9efa-46e431e4bea2,24,1,haply,mpc,seeded_random,2698308921,persist_session,10.0,62.529315052032466,1628.599542141,0,1786366630.0214536,1150.0,True,normal,adaptive,-0.064,-0.048,0.0,0.064,0.048,0.0,0.059930898,0.0301588999999999,0.0,0.055191662,-0.06564311,0.21612833,0.0028422838,-0.0076873265,0.007659663,"[-1.074057552218881, 3.5359965586883373, 0.0, 0.0, 0.0, 0.0, -1.2527117806889136, 5.2810684046448095]","[0.016871893071533535, 0.051692862099189385, 0.0]","{""Controller Type"": ""MPC Controller"", ""weight_comfort"": 326.43347752798206, ""weight_trajectory"": 533863.2046245643, ""weight_goal"": 826861.2532238528, ""Q"": [[533863.2046245643, 0.0, 0.0, 0.0], [0.0, 0.0, 0.0, 0.0], [0.0, 0.0, 533863.2046245643, 0.0], [0.0, 0.0, 0.0, 0.0]], ""R"": [[326.43347752798206, 0.0], [0.0, 326.43347752798206]], ""P"": [[826861.2532238528, 0.0, 0.0, 0.0], [0.0, 82686125.32238528, 0.0, 0.0], [0.0, 0.0, 826861.2532238528, 0.0], [0.0, 0.0, 0.0, 82686125.32238528]]}","[-0.7855131371916453, 1.5185942409464694, 0.0]",False
3,P21,09ce0dcc-884e-4c47-9efa-46e431e4bea2,24,1,haply,mpc,seeded_random,2698308921,persist_session,10.0,62.5394065952301,1628.609625707,0,1786366630.0314665,1151.0,True,normal,adaptive,-0.064,-0.048,0.0,0.064,0.048,0.0,0.059991294,0.0303000399999999,0.0,0.055211794,-0.06569598,0.2161989,0.0028911592,-0.007829176,0.0077151046,"[-1.073944925622386, 3.535568718816363, 0.0, 0.0, 0.0, 0.0, -1.251518911294486, 5.273643121471591]","[0.016884786288682403, 0.051666430963689274, 0.0]","{""Controller Type"": ""MPC Controller"", ""weight_comfort"": 326.43347752798206, ""weight_trajectory"": 533863.2046245643, ""weight_goal"": 826861.2532238528, ""Q"": [[533863.2046245643, 0.0, 0.0, 0.0], [0.0, 0.0, 0.0, 0.0], [0.0, 0.0, 533863.2046245643, 0.0], [0.0, 0.0, 0.0, 0.0]], ""R"": [[326.43347752798206, 0.0], [0.0, 326.43347752798206]], ""P"": [[826861.2532238528, 0.0, 0.0, 0.0], [0.0, 82686125.32238528, 0.0, 0.0], [0.0, 0.0, 826861.2532238528, 0.0], [0.0, 0.0, 0.0, 82686125.32238528]]}","[-0.7962376921490469, 1.5118807893597972, 0.0]",False
3,P21,09ce0dcc-884e-4c47-9efa-46e431e4bea2,24,1,haply,mpc,seeded_random,2698308921,persist_session,10.0,62.54931264877319,1628.619538225,0,1786366630.0415702,1152.0,True,normal,adaptive,-0.064,-0.048,0.0,0.064,0.048,0.0,0.060114522,0.0303675799999999,0.0,0.05525287,-0.06570157,0.21623267,0.0028248008,-0.0075398083,0.007801319,"[-1.0738506411570299, 3.5352140110388524, 0.0, 0.0, 0.0, 0.0, -1.250487329218535, 5.267294439265888]","[0.01701909376395255, 0.052113498652997095, 0.0]","{""Controller Type"": ""MPC Controller"", ""weight_comfort"": 326.43347752798206, ""weight_trajectory"": 533863.2046245643, ""weight_goal"": 826861.2532238528, ""Q"": [[533863.2046245643, 0.0, 0.0, 0.0], [0.0, 0.0, 0.0, 0.0], [0.0, 0.0, 533863.2046245643, 0.0], [0.0, 0.0, 0.0, 0.0]], ""R"": [[326.43347752798206, 0.0], [0.0, 326.43347752798206]], ""P"": [[826861.2532238528, 0.0, 0.0, 0.0], [0.0, 82686125.32238528, 0.0, 0.0], [0.0, 0.0, 826861.2532238528, 0.0], [0.0, 0.0, 0.0, 82686125.32238528]]}","[-0.7933392524517348, 1.4984316574289143, 0.0]",False
3,P21,09ce0dcc-884e-4c47-9efa-46e431e4bea2,24,1,haply,mpc,seeded_random,2698308921,persist_session,10.0,62.559310016632075,1628.629533405,0,1786366630.0515072,1153.0,True,normal,adaptive,-0.064,-0.048,0.0,0.064,0.048,0.0,0.060339834,0.0305567599999999,0.0,0.055327974,-0.06580206,0.21632726,0.0027093077,-0.007074812,0.0077895336,"[-1.0843021587420576, 3.5671518228691736, 0.0, 0.0, 0.0, 0.0, -1.2546053994786175, 5.244346867175068]","[0.03929309667046458, 0.012935041764155258, 0.0]","{""Controller Type"": ""MPC Controller"", ""weight_comfort"": 320.5538850468245, ""weight_trajectory"": 556653.5710887448, ""weight_goal"": 862531.6997010335, ""Q"": [[556653.5710887448, 0.0, 0.0, 0.0], [0.0, 0.0, 0.0, 0.0], [0.0, 0.0, 556653.5710887448, 0.0], [0.0, 0.0, 0.0, 0.0]], ""R"": [[320.5538850468245, 0.0], [0.0, 320.5538850468245]], ""P"": [[862531.6997010335, 0.0, 0.0, 0.0], [0.0, 86253169.97010335, 0.0, 0.0], [0.0, 0.0, 862531.6997010335, 0.0], [0.0, 0.0, 0.0, 86253169.97010335]]}","[-0.9073756145924201, 1.627954351537874, 0.0]",False
3,P21,09ce0dcc-884e-4c47-9efa-46e431e4bea2,24,1,haply,mpc,seeded_random,2698308921,persist_session,10.0,62.56929141044616,1628.639521155,0,1786366630.0611858,1154.0,True,normal,adaptive,-0.064,-0.048,0.0,0.064,0.048,0.0,0.06037011,0.0306275199999999,0.0,0.055338066,-0.06582848,0.21636264,0.0027574543,-0.007041207,0.007638796,"[-1.12211911364818, 3.675311650122735, 0.0, 0.0, 0.0, 0.0, -1.3032717219540906, 5.491196360528355]","[0.07922664281399924, 0.08180727546616387, 0.0]","{""Controller Type"": ""MPC Controller"", ""weight_comfort"": 320.5538850468245, ""weight_trajectory"": 556653.5710887448, ""weight_goal"": 862531.6997010335, ""Q"": [[556653.5710887448, 0.0, 0.0, 0.0], [0.0, 0.0, 0.0, 0.0], [0.0, 0.0, 556653.5710887448, 0.0], [0.0, 0.0, 0.0, 0.0]], ""R"": [[320.5538850468245, 0.0], [0.0, 320.5538850468245]], ""P"": [[862531.6997010335, 0.0, 0.0, 0.0], [0.0, 86253169.97010335, 0.0, 0.0], [0.0, 0.0, 862531.6997010335, 0.0], [0.0, 0.0, 0.0, 86253169.97010335]]}","[-1.1102332482118067, 1.406754046285306, 0.0]",False
3,P21,09ce0dcc-884e-4c47-9efa-46e431e4bea2,24,1,haply,mpc,seeded_random,2698308921,persist_session,10.0,62.5793281173706,1628.649552075,0,1786366630.0713065,1155.0,True,normal,adaptive,-0.064,-0.048,0.0,0.064,0.048,0.0,0.060523962,0.0307661999999999,0.0,0.05538935,-0.0658605,0.21643198,0.0027775003,-0.0069678975,0.0074849306,"[-1.119692809293216, 3.6565138653667084, 0.0, 0.0, 0.0, 0.0, -1.3066055565443735, 5.441064041513626]","[0.007373716958673721, 0.01708049368196184, 0.0]","{""Controller Type"": ""MPC Controller"", ""weight_comfort"": 320.5538850468245, ""weight_trajectory"": 556653.5710887448, ""weight_goal"": 862531.6997010335, ""Q"": [[556653.5710887448, 0.0, 0.0, 0.0], [0.0, 0.0, 0.0, 0.0], [0.0, 0.0, 556653.5710887448, 0.0], [0.0, 0.0, 0.0, 0.0]], ""R"": [[320.5538850468245, 0.0], [0.0, 320.5538850468245]], ""P"": [[862531.6997010335, 0.0, 0.0, 0.0], [0.0, 86253169.97010335, 0.0, 0.0], [0.0, 0.0, 862531.6997010335, 0.0], [0.0, 0.0, 0.0, 86253169.97010335]]}","[-0.764505435783572, 1.6069927573071328, 0.0]",False
3,P21,09ce0dcc-884e-4c47-9efa-46e431e4bea2,24,1,haply,mpc,seeded_random,2698308921,persist_session,10.0,62.58929520606994,1628.659524789,0,1786366630.081199,1156.0,True,normal,adaptive,-0.064,-0.048,0.0,0.064,0.048,0.0,0.060584652,0.0309081599999999,0.0,0.05540958,-0.065913394,0.21650296,0.002799996,-0.0068561775,0.0073193493,"[-1.1477775219903874, 3.739021581587076, 0.0, 0.0, 0.0, 0.0, -1.3192717349871206, 5.519145432796943]","[0.05285021493843127, 0.05289115053320681, 0.0]","{""Controller Type"": ""MPC Controller"", ""weight_comfort"": 310.69430585866144, ""weight_trajectory"": 591980.7861776297, ""weight_goal"": 914575.3174913013, ""Q"": [[591980.7861776297, 0.0, 0.0, 0.0], [0.0, 0.0, 0.0, 0.0], [0.0, 0.0, 591980.7861776297, 0.0], [0.0, 0.0, 0.0, 0.0]], ""R"": [[310.69430585866144, 0.0], [0.0, 310.69430585866144]], ""P"": [[914575.3174913013, 0.0, 0.0, 0.0], [0.0, 91457531.74913013, 0.0, 0.0], [0.0, 0.0, 914575.3174913013, 0.0], [0.0, 0.0, 0.0, 91457531.74913013]]}","[-0.9811690698603724, 1.4877743581947225, 0.0]",False
3,P21,09ce0dcc-884e-4c47-9efa-46e431e4bea2,24,1,haply,mpc,seeded_random,2698308921,persist_session,10.0,62.59939580917358,1628.669604494,0,1786366630.091328,1157.0,True,normal,adaptive,-0.064,-0.048,0.0,0.064,0.048,0.0,0.060645432,0.0310504199999999,0.0,0.05542984,-0.065966345,0.21657409,0.0028006774,-0.006728901,0.0072001587,"[-1.1409798126082404, 3.7153249098230794, 0.0, 0.0, 0.0, 0.0, -1.3194881429526248, 5.5204201963502175]","[0.018896575786335038, 0.056667305274140864, 0.0]","{""Controller Type"": ""MPC Controller"", ""weight_comfort"": 310.69430585866144, ""weight_trajectory"": 591980.7861776297, ""weight_goal"": 914575.3174913013, ""Q"": [[591980.7861776297, 0.0, 0.0, 0.0], [0.0, 0.0, 0.0, 0.0], [0.0, 0.0, 591980.7861776297, 0.0], [0.0, 0.0, 0.0, 0.0]], ""R"": [[310.69430585866144, 0.0], [0.0, 310.69430585866144]], ""P"": [[914575.3174913013, 0.0, 0.0, 0.0], [0.0, 91457531.74913013, 0.0, 0.0], [0.0, 0.0, 914575.3174913013, 0.0], [0.0, 0.0, 0.0, 91457531.74913013]]}","[-0.834612161803209, 1.4701689413310703, 0.0]",False
3,P21,09ce0dcc-884e-4c47-9efa-46e431e4bea2,24,1,haply,mpc,seeded_random,2698308921,persist_session,10.0,62.60944062232971,1628.679657009,0,1786366630.1012766,1158.0,True,normal,adaptive,-0.064,-0.048,0.0,0.064,0.048,0.0,0.060706122,0.0311926399999999,0.0,0.05545007,-0.06601922,0.2166452,0.0029323422,-0.0060905544,0.0071564335,"[-1.140754692403575, 3.714538939721247, 0.0, 0.0, 0.0, 0.0, -1.3174718943776003, 5.508419353662392]","[0.018462749992410776, 0.05503436454553655, 0.0]","{""Controller Type"": ""MPC Controller"", ""weight_comfort"": 310.69430585866144, ""weight_trajectory"": 591980.7861776297, ""weight_goal"": 914575.3174913013, ""Q"": [[591980.7861776297, 0.0, 0.0, 0.0], [0.0, 0.0, 0.0, 0.0], [0.0, 0.0, 591980.7861776297, 0.0], [0.0, 0.0, 0.0, 0.0]], ""R"": [[310.69430585866144, 0.0], [0.0, 310.69430585866144]], ""P"": [[914575.3174913013, 0.0, 0.0, 0.0], [0.0, 91457531.74913013, 0.0, 0.0], [0.0, 0.0, 914575.3174913013, 0.0], [0.0, 0.0, 0.0, 91457531.74913013]]}","[-0.828734038456263, 1.463103215740994, 0.0]",False
3,P21,09ce0dcc-884e-4c47-9efa-46e431e4bea2,24,1,haply,mpc,seeded_random,2698308921,persist_session,10.0,62.61952835083007,1628.689732092,0,1786366630.1113522,1159.0,True,normal,adaptive,-0.064,-0.048,0.0,0.064,0.048,0.0,0.060736512,0.0312638799999999,0.0,0.0554602,-0.0660457,0.21668082,0.003142888,-0.0054686265,0.007044835,"[-1.14068918694822, 3.7143130510259077, 0.0, 0.0, 0.0, 0.0, -1.3166918896077116, 5.503869945882439]","[0.0189010431058876, 0.0565493094918466, 0.0]","{""Controller Type"": ""MPC Controller"", ""weight_comfort"": 304.72927004834145, ""weight_trajectory"": 615280.4986372594, ""weight_goal"": 951027.1052881182, ""Q"": [[615280.4986372594, 0.0, 0.0, 0.0], [0.0, 0.0, 0.0, 0.0], [0.0, 0.0, 615280.4986372594, 0.0], [0.0, 0.0, 0.0, 0.0]], ""R"": [[304.72927004834145, 0.0], [0.0, 304.72927004834145]], ""P"": [[951027.1052881182, 0.0, 0.0, 0.0], [0.0, 95102710.52881183, 0.0, 0.0], [0.0, 0.0, 951027.1052881182, 0.0], [0.0, 0.0, 0.0, 95102710.52881183]]}","[-0.8269886215772765, 1.4462091835009194, 0.0]",False
3,P21,09ce0dcc-884e-4c47-9efa-46e431e4bea2,24,1,haply,mpc,seeded_random,2698308921,persist_session,10.0,62.62935882568359,1628.699578399,0,1786366630.12129,1160.0,True,normal,adaptive,-0.064,-0.048,0.0,0.064,0.048,0.0,0.060766911,0.0313351999999999,0.0,0.055470333,-0.06607217,0.21671648,0.0027855919,-0.0052979733,0.0069039776,"[-1.1402279900522847, 3.7113561020692964, 0.0, 0.0, 0.0, 0.0, -1.3185837862734846, 5.474851359300759]","[0.007473097078527472, 0.016642334069131515, 0.0]","{""Controller Type"": ""MPC Controller"", ""weight_comfort"": 304.72927004834145, ""weight_trajectory"": 615280.4986372594, ""weight_goal"": 951027.1052881182, ""Q"": [[615280.4986372594, 0.0, 0.0, 0.0], [0.0, 0.0, 0.0, 0.0], [0.0, 0.0, 615280.4986372594, 0.0], [0.0, 0.0, 0.0, 0.0]], ""R"": [[304.72927004834145, 0.0], [0.0, 304.72927004834145]], ""P"": [[951027.1052881182, 0.0, 0.0, 0.0], [0.0, 95102710.52881183, 0.0, 0.0], [0.0, 0.0, 951027.1052881182, 0.0], [0.0, 0.0, 0.0, 95102710.52881183]]}","[-0.7802892202600776, 1.5716817182266125, 0.0]",False
3,P21,09ce0dcc-884e-4c47-9efa-46e431e4bea2,24,1,haply,mpc,seeded_random,2698308921,persist_session,10.0,62.63936024665832,1628.709580503,0,1786366630.1313334,1161.0,True,normal,adaptive,-0.064,-0.048,0.0,0.064,0.048,0.0,0.060827652,0.0314778199999999,0.0,0.05549058,-0.066125065,0.21678779,0.0025030507,-0.0051162764,0.006725792,"[-1.1402226195572192, 3.7113233773333816, 0.0, 0.0, 0.0, 0.0, -1.318597391874252, 5.47457649084079]","[0.007666266328736408, 0.017315041087447164, 0.0]","{""Controller Type"": ""MPC Controller"", ""weight_comfort"": 304.72927004834145, ""weight_trajectory"": 615280.4986372594, ""weight_goal"": 951027.1052881182, ""Q"": [[615280.4986372594, 0.0, 0.0, 0.0], [0.0, 0.0, 0.0, 0.0], [0.0, 0.0, 615280.4986372594, 0.0], [0.0, 0.0, 0.0, 0.0]], ""R"": [[304.72927004834145, 0.0], [0.0, 304.72927004834145]], ""P"": [[951027.1052881182, 0.0, 0.0, 0.0], [0.0, 95102710.52881183, 0.0, 0.0], [0.0, 0.0, 951027.1052881182, 0.0], [0.0, 0.0, 0.0, 95102710.52881183]]}","[-0.7792452759477002, 1.5635383997454948, 0.0]",False
3,P21,09ce0dcc-884e-4c47-9efa-46e431e4bea2,24,1,haply,mpc,seeded_random,2698308921,persist_session,10.0,62.64932328224182,1628.719548217,0,1786366630.1412134,1162.0,True,normal,adaptive,-0.064,-0.048,0.0,0.064,0.048,0.0,0.060888432,0.0316206799999999,0.0,0.05551084,-0.06617801,0.21685922,0.0022943444,-0.004967321,0.006574151,"[-1.1423009849391355, 3.718420864090132, 0.0, 0.0, 0.0, 0.0, -1.334679656851384, 5.567610191759945]","[0.01886472286901645, 0.05701044601357241, 0.0]","{""Controller Type"": ""MPC Controller"", ""weight_comfort"": 300.42962722068995, ""weight_trajectory"": 631548.6623821622, ""weight_goal"": 975803.5835431892, ""Q"": [[631548.6623821622, 0.0, 0.0, 0.0], [0.0, 0.0, 0.0, 0.0], [0.0, 0.0, 631548.6623821622, 0.0], [0.0, 0.0, 0.0, 0.0]], ""R"": [[300.42962722068995, 0.0], [0.0, 300.42962722068995]], ""P"": [[975803.5835431892, 0.0, 0.0, 0.0], [0.0, 97580358.35431892, 0.0, 0.0], [0.0, 0.0, 975803.5835431892, 0.0], [0.0, 0.0, 0.0, 97580358.35431892]]}","[-0.8286170009005727, 1.4265184600150473, 0.0]",False
3,P21,09ce0dcc-884e-4c47-9efa-46e431e4bea2,24,1,haply,mpc,seeded_random,2698308921,persist_session,10.0,62.659402189254756,1628.729622461,0,1786366630.1513762,1163.0,True,normal,adaptive,-0.064,-0.048,0.0,0.064,0.048,0.0,0.061012488,0.0316890199999999,0.0,0.055552192,-0.06618351,0.21689339,0.002262511,-0.0048099477,0.0064959098,"[-1.1422328164345348, 3.718190740642294, 0.0, 0.0, 0.0, 0.0, -1.333829475680725, 5.5627842725565895]","[0.019319359397763285, 0.058587401557817484, 0.0]","{""Controller Type"": ""MPC Controller"", ""weight_comfort"": 300.42962722068995, ""weight_trajectory"": 631548.6623821622, ""weight_goal"": 975803.5835431892, ""Q"": [[631548.6623821622, 0.0, 0.0, 0.0], [0.0, 0.0, 0.0, 0.0], [0.0, 0.0, 631548.6623821622, 0.0], [0.0, 0.0, 0.0, 0.0]], ""R"": [[300.42962722068995, 0.0], [0.0, 300.42962722068995]], ""P"": [[975803.5835431892, 0.0, 0.0, 0.0], [0.0, 97580358.35431892, 0.0, 0.0], [0.0, 0.0, 975803.5835431892, 0.0], [0.0, 0.0, 0.0, 97580358.35431892]]}","[-0.8333158620384257, 1.411810228756528, 0.0]",False
3,P21,09ce0dcc-884e-4c47-9efa-46e431e4bea2,24,1,haply,mpc,seeded_random,2698308921,persist_session,10.0,62.66936260223388,1628.739585937,0,1786366630.161205,1164.0,True,normal,adaptive,-0.064,-0.048,0.0,0.064,0.048,0.0,0.061073322,0.0318320399999999,0.0,0.05557247,-0.0662364,0.2169649,0.0023189026,-0.0046429317,0.0064332844,"[-1.1531056840165026, 3.7503461709404, 0.0, 0.0, 0.0, 0.0, -1.3363051588051422, 5.534778812050361]","[0.0423349423244246, 0.015422199158546517, 0.0]","{""Controller Type"": ""MPC Controller"", ""weight_comfort"": 300.42962722068995, ""weight_trajectory"": 631548.6623821622, ""weight_goal"": 975803.5835431892, ""Q"": [[631548.6623821622, 0.0, 0.0, 0.0], [0.0, 0.0, 0.0, 0.0], [0.0, 0.0, 631548.6623821622, 0.0], [0.0, 0.0, 0.0, 0.0]], ""R"": [[300.42962722068995, 0.0], [0.0, 300.42962722068995]], ""P"": [[975803.5835431892, 0.0, 0.0, 0.0], [0.0, 97580358.35431892, 0.0, 0.0], [0.0, 0.0, 975803.5835431892, 0.0], [0.0, 0.0, 0.0, 97580358.35431892]]}","[-0.946537704720238, 1.5487563351796565, 0.0]",False
3,P21,09ce0dcc-884e-4c47-9efa-46e431e4bea2,24,1,haply,mpc,seeded_random,2698308921,persist_session,10.0,62.67935186386108,1628.749573589,0,1786366630.1712756,1165.0,True,normal,adaptive,-0.064,-0.048,0.0,0.064,0.048,0.0,0.061134204,0.0319752999999999,0.0,0.055592764,-0.06628932,0.21703653,0.0023463825,-0.0044790013,0.006335242,"[-1.148003019207528, 3.733451706507323, 0.0, 0.0, 0.0, 0.0, -1.3561775993980458, 5.646111601913371]","[0.019747834549143847, 0.06023054503926409, 0.0]","{""Controller Type"": ""MPC Controller"", ""weight_comfort"": 293.67493549575715, ""weight_trajectory"": 657236.9234843437, ""weight_goal"": 1014979.5097032882, ""Q"": [[657236.9234843437, 0.0, 0.0, 0.0], [0.0, 0.0, 0.0, 0.0], [0.0, 0.0, 657236.9234843437, 0.0], [0.0, 0.0, 0.0, 0.0]], ""R"": [[293.67493549575715, 0.0], [0.0, 293.67493549575715]], ""P"": [[1014979.5097032882, 0.0, 0.0, 0.0], [0.0, 101497950.97032882, 0.0, 0.0], [0.0, 0.0, 1014979.5097032882, 0.0], [0.0, 0.0, 0.0, 101497950.97032882]]}","[-0.8360167697973366, 1.3972108725460342, 0.0]",False
3,P21,09ce0dcc-884e-4c47-9efa-46e431e4bea2,24,1,haply,mpc,seeded_random,2698308921,persist_session,10.0,62.6893818950653,1628.759604626,0,1786366630.1811888,1166.0,True,normal,adaptive,-0.064,-0.048,0.0,0.064,0.048,0.0,0.061164642,0.0320470399999999,0.0,0.05560291,-0.0663158,0.2170724,0.0023627314,-0.004353279,0.00625516,"[-1.1477384626830216, 3.732575186723166, 0.0, 0.0, 0.0, 0.0, -1.353819131209052, 5.632777461119578]","[0.019276252900087797, 0.05843520998985255, 0.0]","{""Controller Type"": ""MPC Controller"", ""weight_comfort"": 293.67493549575715, ""weight_trajectory"": 657236.9234843437, ""weight_goal"": 1014979.5097032882, ""Q"": [[657236.9234843437, 0.0, 0.0, 0.0], [0.0, 0.0, 0.0, 0.0], [0.0, 0.0, 657236.9234843437, 0.0], [0.0, 0.0, 0.0, 0.0]], ""R"": [[293.67493549575715, 0.0], [0.0, 293.67493549575715]], ""P"": [[1014979.5097032882, 0.0, 0.0, 0.0], [0.0, 101497950.97032882, 0.0, 0.0], [0.0, 0.0, 1014979.5097032882, 0.0], [0.0, 0.0, 0.0, 101497950.97032882]]}","[-0.8393832009860225, 1.3940709982272004, 0.0]",False
3,P21,09ce0dcc-884e-4c47-9efa-46e431e4bea2,24,1,haply,mpc,seeded_random,2698308921,persist_session,10.0,62.69936638832092,1628.769589312,0,1786366630.1914306,1167.0,True,normal,adaptive,-0.064,-0.048,0.0,0.064,0.048,0.0,0.061195023,0.0321186399999999,0.0,0.055613037,-0.06634221,0.2171082,0.0022681297,-0.0043147714,0.006181302,"[-1.147073512172898, 3.729307302083073, 0.0, 0.0, 0.0, 0.0, -1.3542769030640125, 5.600304414333815]","[0.008198286165269728, 0.018923619916914793, 0.0]","{""Controller Type"": ""MPC Controller"", ""weight_comfort"": 293.67493549575715, ""weight_trajectory"": 657236.9234843437, ""weight_goal"": 1014979.5097032882, ""Q"": [[657236.9234843437, 0.0, 0.0, 0.0], [0.0, 0.0, 0.0, 0.0], [0.0, 0.0, 657236.9234843437, 0.0], [0.0, 0.0, 0.0, 0.0]], ""R"": [[293.67493549575715, 0.0], [0.0, 293.67493549575715]], ""P"": [[1014979.5097032882, 0.0, 0.0, 0.0], [0.0, 101497950.97032882, 0.0, 0.0], [0.0, 0.0, 1014979.5097032882, 0.0], [0.0, 0.0, 0.0, 101497950.97032882]]}","[-0.7845275500722995, 1.51216700979663, 0.0]",False
3,P21,09ce0dcc-884e-4c47-9efa-46e431e4bea2,24,1,haply,mpc,seeded_random,2698308921,persist_session,10.0,62.7093604183197,1628.779580874,0,1786366630.2013958,1168.0,True,normal,adaptive,-0.064,-0.048,0.0,0.064,0.048,0.0,0.061225524,0.0321904999999999,0.0,0.055623204,-0.06636871,0.21714413,0.0020993443,-0.0043320525,0.0061109364,"[-1.1470375478184742, 3.7291250480295144, 0.0, 0.0, 0.0, 0.0, -1.3543371312898498, 5.598574103523889]","[0.007844619633518285, 0.017630887263618954, 0.0]","{""Controller Type"": ""MPC Controller"", ""weight_comfort"": 289.57341403440165, ""weight_trajectory"": 673464.976192739, ""weight_goal"": 1040703.3983742867, ""Q"": [[673464.976192739, 0.0, 0.0, 0.0], [0.0, 0.0, 0.0, 0.0], [0.0, 0.0, 673464.976192739, 0.0], [0.0, 0.0, 0.0, 0.0]], ""R"": [[289.57341403440165, 0.0], [0.0, 289.57341403440165]], ""P"": [[1040703.3983742867, 0.0, 0.0, 0.0], [0.0, 104070339.83742867, 0.0, 0.0], [0.0, 0.0, 1040703.3983742867, 0.0], [0.0, 0.0, 0.0, 104070339.83742867]]}","[-0.7807876501771677, 1.5102325396640919, 0.0]",False
3,P21,09ce0dcc-884e-4c47-9efa-46e431e4bea2,24,1,haply,mpc,seeded_random,2698308921,persist_session,10.0,62.71932154655456,1628.789545681,0,1786366630.2114985,1169.0,True,normal,adaptive,-0.064,-0.048,0.0,0.064,0.048,0.0,0.061255998,0.0322623799999999,0.0,0.055633362,-0.06639519,0.21718007,0.0019661612,-0.00430962,0.0060140816,"[-1.1470403016829105, 3.729138282158475, 0.0, 0.0, 0.0, 0.0, -1.354335641925702, 5.598715089269705]","[0.008231550846129497, 0.018961570423475852, 0.0]","{""Controller Type"": ""MPC Controller"", ""weight_comfort"": 289.57341403440165, ""weight_trajectory"": 673464.976192739, ""weight_goal"": 1040703.3983742867, ""Q"": [[673464.976192739, 0.0, 0.0, 0.0], [0.0, 0.0, 0.0, 0.0], [0.0, 0.0, 673464.976192739, 0.0], [0.0, 0.0, 0.0, 0.0]], ""R"": [[289.57341403440165, 0.0], [0.0, 289.57341403440165]], ""P"": [[1040703.3983742867, 0.0, 0.0, 0.0], [0.0, 104070339.83742867, 0.0, 0.0], [0.0, 0.0, 1040703.3983742867, 0.0], [0.0, 0.0, 0.0, 104070339.83742867]]}","[-0.7861708198484523, 1.5023525583928479, 0.0]",False
3,P21,09ce0dcc-884e-4c47-9efa-46e431e4bea2,24,1,haply,mpc,seeded_random,2698308921,persist_session,10.0,62.729396400451655,1628.799614948,0,1786366630.221534,1170.0,True,normal,adaptive,-0.064,-0.048,0.0,0.064,0.048,0.0,0.061286412,0.0323341799999999,0.0,0.0556435,-0.06642163,0.21721597,0.0017605458,-0.004004134,0.0055534923,"[-1.1470130753379444, 3.7290068965827214, 0.0, 0.0, 0.0, 0.0, -1.3543557362967849, 5.597482566929896]","[0.008101060899198922, 0.018512106109937906, 0.0]","{""Controller Type"": ""MPC Controller"", ""weight_comfort"": 289.57341403440165, ""weight_trajectory"": 673464.976192739, ""weight_goal"": 1040703.3983742867, ""Q"": [[673464.976192739, 0.0, 0.0, 0.0], [0.0, 0.0, 0.0, 0.0], [0.0, 0.0, 673464.976192739, 0.0], [0.0, 0.0, 0.0, 0.0]], ""R"": [[289.57341403440165, 0.0], [0.0, 289.57341403440165]], ""P"": [[1040703.3983742867, 0.0, 0.0, 0.0], [0.0, 104070339.83742867, 0.0, 0.0], [0.0, 0.0, 1040703.3983742867, 0.0], [0.0, 0.0, 0.0, 104070339.83742867]]}","[-0.7834598341990169, 1.497722820062466, 0.0]",False
3,P21,09ce0dcc-884e-4c47-9efa-46e431e4bea2,24,1,haply,mpc,seeded_random,2698308921,persist_session,10.0,62.73929530143737,1628.809521727,0,1786366630.2313015,1171.0,True,normal,adaptive,-0.064,-0.048,0.0,0.064,0.048,0.0,0.061441272,0.0324748399999999,0.0,0.05569512,-0.06645354,0.2172863,0.00168466,-0.0037708476,0.0052572223,"[-1.1469978002384462, 3.7289345182608575, 0.0, 0.0, 0.0, 0.0, -1.3543622726173985, 5.596813840124317]","[0.008188298024662477, 0.01882476477210733, 0.0]","{""Controller Type"": ""MPC Controller"", ""weight_comfort"": 286.3217189607901, ""weight_trajectory"": 686059.6870963869, ""weight_goal"": 1060263.7440081853, ""Q"": [[686059.6870963869, 0.0, 0.0, 0.0], [0.0, 0.0, 0.0, 0.0], [0.0, 0.0, 686059.6870963869, 0.0], [0.0, 0.0, 0.0, 0.0]], ""R"": [[286.3217189607901, 0.0], [0.0, 286.3217189607901]], ""P"": [[1060263.7440081853, 0.0, 0.0, 0.0], [0.0, 106026374.40081853, 0.0, 0.0], [0.0, 0.0, 1060263.7440081853, 0.0], [0.0, 0.0, 0.0, 106026374.40081853]]}","[-0.7817896369505218, 1.4906842657386452, 0.0]",False
3,P21,09ce0dcc-884e-4c47-9efa-46e431e4bea2,24,1,haply,mpc,seeded_random,2698308921,persist_session,10.0,62.749315080642695,1628.819535994,0,1786366630.2411976,1172.0,True,normal,adaptive,-0.064,-0.048,0.0,0.064,0.048,0.0,0.061441272,0.0324748399999999,0.0,0.05569512,-0.06645354,0.2172863,0.0017042605,-0.0036319378,0.0051273634,"[-1.1814887866521089, 3.8275540178999896, 0.0, 0.0, 0.0, 0.0, -1.373206143782384, 5.700283995505632]","[0.05766110473223264, 0.06076924135038366, 0.0]","{""Controller Type"": ""MPC Controller"", ""weight_comfort"": 286.3217189607901, ""weight_trajectory"": 686059.6870963869, ""weight_goal"": 1060263.7440081853, ""Q"": [[686059.6870963869, 0.0, 0.0, 0.0], [0.0, 0.0, 0.0, 0.0], [0.0, 0.0, 686059.6870963869, 0.0], [0.0, 0.0, 0.0, 0.0]], ""R"": [[286.3217189607901, 0.0], [0.0, 286.3217189607901]], ""P"": [[1060263.7440081853, 0.0, 0.0, 0.0], [0.0, 106026374.40081853, 0.0, 0.0], [0.0, 0.0, 1060263.7440081853, 0.0], [0.0, 0.0, 0.0, 106026374.40081853]]}","[-1.018644085375298, 1.3564434757972235, 0.0]",False
3,P21,09ce0dcc-884e-4c47-9efa-46e431e4bea2,24,1,haply,mpc,seeded_random,2698308921,persist_session,10.0,62.759534416198726,1628.829745513,0,1786366630.251328,1173.0,True,normal,adaptive,-0.064,-0.048,0.0,0.064,0.048,0.0,0.061502262,0.0326189199999999,0.0,0.05571545,-0.06650646,0.21735834,0.0016958505,-0.0034644648,0.004945609,"[-1.187006621231604, 3.8355343399162485, 0.0, 0.0, 0.0, 0.0, -1.4129146442807559, 5.7858099322363845]","[-0.0030372270779306866, -0.021935725918801892, 0.0]","{""Controller Type"": ""MPC Controller"", ""weight_comfort"": 286.3217189607901, ""weight_trajectory"": 686059.6870963869, ""weight_goal"": 1060263.7440081853, ""Q"": [[686059.6870963869, 0.0, 0.0, 0.0], [0.0, 0.0, 0.0, 0.0], [0.0, 0.0, 686059.6870963869, 0.0], [0.0, 0.0, 0.0, 0.0]], ""R"": [[286.3217189607901, 0.0], [0.0, 286.3217189607901]], ""P"": [[1060263.7440081853, 0.0, 0.0, 0.0], [0.0, 106026374.40081853, 0.0, 0.0], [0.0, 0.0, 1060263.7440081853, 0.0], [0.0, 0.0, 0.0, 106026374.40081853]]}","[-0.7356100173936783, 1.613524529079778, 0.0]",False
3,P21,09ce0dcc-884e-4c47-9efa-46e431e4bea2,24,1,haply,mpc,seeded_random,2698308921,persist_session,10.0,62.76956182479858,1628.839768314,0,1786366630.2612772,1174.0,True,normal,adaptive,-0.064,-0.048,0.0,0.064,0.048,0.0,0.061502262,0.0326189199999999,0.0,0.05571545,-0.06650646,0.21735834,0.0016838141,-0.0033327197,0.0047987993,"[-1.1918188718347476, 3.8509651540609937, 0.0, 0.0, 0.0, 0.0, -1.4494365608534066, 5.986785555721011]","[0.020207844180371068, 0.06285334037775614, 0.0]","{""Controller Type"": ""MPC Controller"", ""weight_comfort"": 279.3651932144997, ""weight_trajectory"": 710897.0626413837, ""weight_goal"": 1094656.239736278, ""Q"": [[710897.0626413837, 0.0, 0.0, 0.0], [0.0, 0.0, 0.0, 0.0], [0.0, 0.0, 710897.0626413837, 0.0], [0.0, 0.0, 0.0, 0.0]], ""R"": [[279.3651932144997, 0.0], [0.0, 279.3651932144997]], ""P"": [[1094656.239736278, 0.0, 0.0, 0.0], [0.0, 109465623.9736278, 0.0, 0.0], [0.0, 0.0, 1094656.239736278, 0.0], [0.0, 0.0, 0.0, 109465623.9736278]]}","[-0.8391905501095784, 1.3468987679808286, 0.0]",False
3,P21,09ce0dcc-884e-4c47-9efa-46e431e4bea2,24,1,haply,mpc,seeded_random,2698308921,persist_session,10.0,62.77946740150451,1628.849676527,0,1786366630.271368,1175.0,True,normal,adaptive,-0.064,-0.048,0.0,0.064,0.048,0.0,0.061563282,0.0327631599999999,0.0,0.05573579,-0.0665594,0.21743046,0.0016093536,-0.0032566974,0.0046697855,"[-1.1938510560990618, 3.853904070998617, 0.0, 0.0, 0.0, 0.0, -1.488089893099401, 6.069985125052329]","[-0.0029819271491587493, -0.022888429692953346, 0.0]","{""Controller Type"": ""MPC Controller"", ""weight_comfort"": 279.3651932144997, ""weight_trajectory"": 710897.0626413837, ""weight_goal"": 1094656.239736278, ""Q"": [[710897.0626413837, 0.0, 0.0, 0.0], [0.0, 0.0, 0.0, 0.0], [0.0, 0.0, 710897.0626413837, 0.0], [0.0, 0.0, 0.0, 0.0]], ""R"": [[279.3651932144997, 0.0], [0.0, 279.3651932144997]], ""P"": [[1094656.239736278, 0.0, 0.0, 0.0], [0.0, 109465623.9736278, 0.0, 0.0], [0.0, 0.0, 1094656.239736278, 0.0], [0.0, 0.0, 0.0, 109465623.9736278]]}","[-0.7397720232899795, 1.6046289705885617, 0.0]",False
3,P21,09ce0dcc-884e-4c47-9efa-46e431e4bea2,24,1,haply,mpc,seeded_random,2698308921,persist_session,10.0,62.789388475418086,1628.859607855,0,1786366630.2812696,1176.0,True,normal,adaptive,-0.064,-0.048,0.0,0.064,0.048,0.0,0.061593756,0.0328352799999999,0.0,0.055745948,-0.06658584,0.21746652,0.0015101878,-0.003254027,0.0046032188,"[-1.1987895169591358, 3.8696403691262367, 0.0, 0.0, 0.0, 0.0, -1.5255727150982141, 6.274508007964344]","[0.020478896080846357, 0.0664439705195979, 0.0]","{""Controller Type"": ""MPC Controller"", ""weight_comfort"": 279.3651932144997, ""weight_trajectory"": 710897.0626413837, ""weight_goal"": 1094656.239736278, ""Q"": [[710897.0626413837, 0.0, 0.0, 0.0], [0.0, 0.0, 0.0, 0.0], [0.0, 0.0, 710897.0626413837, 0.0], [0.0, 0.0, 0.0, 0.0]], ""R"": [[279.3651932144997, 0.0], [0.0, 279.3651932144997]], ""P"": [[1094656.239736278, 0.0, 0.0, 0.0], [0.0, 109465623.9736278, 0.0, 0.0], [0.0, 0.0, 1094656.239736278, 0.0], [0.0, 0.0, 0.0, 109465623.9736278]]}","[-0.8439981649192644, 1.3360941366403458, 0.0]",False
3,P21,09ce0dcc-884e-4c47-9efa-46e431e4bea2,24,1,haply,mpc,seeded_random,2698308921,persist_session,10.0,62.799366769790645,1628.869592533,0,1786366630.2913918,1177.0,True,normal,adaptive,-0.064,-0.048,0.0,0.064,0.048,0.0,0.06162429,0.0329075199999999,0.0,0.055756126,-0.06661233,0.21750264,0.0014277216,-0.0032325943,0.004527076,"[-1.197934540702592, 3.8660673104855228, 0.0, 0.0, 0.0, 0.0, -1.5249158893517796, 6.238969212849672]","[0.009016104127288566, 0.02231802935279166, 0.0]","{""Controller Type"": ""MPC Controller"", ""weight_comfort"": 275.43054194460865, ""weight_trajectory"": 725259.1614515132, ""weight_goal"": 1114794.4157294324, ""Q"": [[725259.1614515132, 0.0, 0.0, 0.0], [0.0, 0.0, 0.0, 0.0], [0.0, 0.0, 725259.1614515132, 0.0], [0.0, 0.0, 0.0, 0.0]], ""R"": [[275.43054194460865, 0.0], [0.0, 275.43054194460865]], ""P"": [[1114794.4157294324, 0.0, 0.0, 0.0], [0.0, 111479441.57294324, 0.0, 0.0], [0.0, 0.0, 1114794.4157294324, 0.0], [0.0, 0.0, 0.0, 111479441.57294324]]}","[-0.7888730943305425, 1.455155190851296, 0.0]",False
3,P21,09ce0dcc-884e-4c47-9efa-46e431e4bea2,24,1,haply,mpc,seeded_random,2698308921,persist_session,10.0,62.8094990825653,1628.879718584,0,1786366630.301193,1178.0,True,normal,adaptive,-0.064,-0.048,0.0,0.064,0.048,0.0,0.061654812,0.0329798399999999,0.0,0.0557663,-0.0666388,0.2175388,0.0013602165,-0.0031949943,0.004443004,"[-1.1978945345916152, 3.8658991666447697, 0.0, 0.0, 0.0, 0.0, -1.5248992065867044, 6.237283007264854]","[0.008815667076049515, 0.021499222297857088, 0.0]","{""Controller Type"": ""MPC Controller"", ""weight_comfort"": 275.43054194460865, ""weight_trajectory"": 725259.1614515132, ""weight_goal"": 1114794.4157294324, ""Q"": [[725259.1614515132, 0.0, 0.0, 0.0], [0.0, 0.0, 0.0, 0.0], [0.0, 0.0, 725259.1614515132, 0.0], [0.0, 0.0, 0.0, 0.0]], ""R"": [[275.43054194460865, 0.0], [0.0, 275.43054194460865]], ""P"": [[1114794.4157294324, 0.0, 0.0, 0.0], [0.0, 111479441.57294324, 0.0, 0.0], [0.0, 0.0, 1114794.4157294324, 0.0], [0.0, 0.0, 0.0, 111479441.57294324]]}","[-0.790234718869597, 1.453322984378395, 0.0]",False
3,P21,09ce0dcc-884e-4c47-9efa-46e431e4bea2,24,1,haply,mpc,seeded_random,2698308921,persist_session,10.0,62.81936436653137,1628.889578954,0,1786366630.3112607,1179.0,True,normal,adaptive,-0.064,-0.048,0.0,0.064,0.048,0.0,0.061715787,0.0331243599999999,0.0,0.055786625,-0.06669169,0.21761106,0.001315605,-0.0031745774,0.0043934532,"[-1.1978966717245771, 3.865907855688923, 0.0, 0.0, 0.0, 0.0, -1.5249016058545712, 6.237362691950059]","[0.009229625714519516, 0.0231195269155844, 0.0]","{""Controller Type"": ""MPC Controller"", ""weight_comfort"": 275.43054194460865, ""weight_trajectory"": 725259.1614515132, ""weight_goal"": 1114794.4157294324, ""Q"": [[725259.1614515132, 0.0, 0.0, 0.0], [0.0, 0.0, 0.0, 0.0], [0.0, 0.0, 725259.1614515132, 0.0], [0.0, 0.0, 0.0, 0.0]], ""R"": [[275.43054194460865, 0.0], [0.0, 275.43054194460865]], ""P"": [[1114794.4157294324, 0.0, 0.0, 0.0], [0.0, 111479441.57294324, 0.0, 0.0], [0.0, 0.0, 1114794.4157294324, 0.0], [0.0, 0.0, 0.0, 111479441.57294324]]}","[-0.7899624956524829, 1.4425808680923884, 0.0]",False
3,P21,09ce0dcc-884e-4c47-9efa-46e431e4bea2,24,1,haply,mpc,seeded_random,2698308921,persist_session,10.0,62.829331932067866,1628.899553462,0,1786366630.3211737,1180.0,True,normal,adaptive,-0.064,-0.048,0.0,0.064,0.048,0.0,0.061746363,0.0331968599999999,0.0,0.055796817,-0.0667182,0.21764731,0.0012888623,-0.0031749916,0.004379406,"[-1.200283648367525, 3.8734134635166506, 0.0, 0.0, 0.0, 0.0, -1.5428412730916634, 6.333615426573899]","[0.020717612369087014, 0.0679671325347766, 0.0]","{""Controller Type"": ""MPC Controller"", ""weight_comfort"": 270.65830962656224, ""weight_trajectory"": 743519.9722587633, ""weight_goal"": 1141988.171933039, ""Q"": [[743519.9722587633, 0.0, 0.0, 0.0], [0.0, 0.0, 0.0, 0.0], [0.0, 0.0, 743519.9722587633, 0.0], [0.0, 0.0, 0.0, 0.0]], ""R"": [[270.65830962656224, 0.0], [0.0, 270.65830962656224]], ""P"": [[1141988.171933039, 0.0, 0.0, 0.0], [0.0, 114198817.19330391, 0.0, 0.0], [0.0, 0.0, 1141988.171933039, 0.0], [0.0, 0.0, 0.0, 114198817.19330391]]}","[-0.8386399307914723, 1.3047889122570409, 0.0]",False
3,P21,09ce0dcc-884e-4c47-9efa-46e431e4bea2,24,1,haply,mpc,seeded_random,2698308921,persist_session,10.0,62.83943301200866,1628.909650199,0,1786366630.3312345,1181.0,True,normal,adaptive,-0.064,-0.048,0.0,0.064,0.048,0.0,0.061807392,0.0333417399999999,0.0,0.05581716,-0.06677112,0.21771975,0.0012675961,-0.0031693773,0.0043623718,"[-1.19935690686179, 3.8697215524251902, 0.0, 0.0, 0.0, 0.0, -1.5416333300962473, 6.296545765030957]","[0.009233026786323675, 0.02322973310972524, 0.0]","{""Controller Type"": ""MPC Controller"", ""weight_comfort"": 270.65830962656224, ""weight_trajectory"": 743519.9722587633, ""weight_goal"": 1141988.171933039, ""Q"": [[743519.9722587633, 0.0, 0.0, 0.0], [0.0, 0.0, 0.0, 0.0], [0.0, 0.0, 743519.9722587633, 0.0], [0.0, 0.0, 0.0, 0.0]], ""R"": [[270.65830962656224, 0.0], [0.0, 270.65830962656224]], ""P"": [[1141988.171933039, 0.0, 0.0, 0.0], [0.0, 114198817.19330391, 0.0, 0.0], [0.0, 0.0, 1141988.171933039, 0.0], [0.0, 0.0, 0.0, 114198817.19330391]]}","[-0.7886610900795473, 1.426824295228854, 0.0]",False
3,P21,09ce0dcc-884e-4c47-9efa-46e431e4bea2,24,1,haply,mpc,seeded_random,2698308921,persist_session,10.0,62.84939294815063,1628.91961257,0,1786366630.3412228,1182.0,True,normal,adaptive,-0.064,-0.048,0.0,0.064,0.048,0.0,0.061837893,0.0334142199999999,0.0,0.055827327,-0.06679756,0.21775599,0.0012708968,-0.0032146513,0.004418499,"[-1.2018223677107898, 3.8774133015979566, 0.0, 0.0, 0.0, 0.0, -1.5602297778277427, 6.395332282377809]","[0.020885365818116737, 0.06922549607901872, 0.0]","{""Controller Type"": ""MPC Controller"", ""weight_comfort"": 270.65830962656224, ""weight_trajectory"": 743519.9722587633, ""weight_goal"": 1141988.171933039, ""Q"": [[743519.9722587633, 0.0, 0.0, 0.0], [0.0, 0.0, 0.0, 0.0], [0.0, 0.0, 743519.9722587633, 0.0], [0.0, 0.0, 0.0, 0.0]], ""R"": [[270.65830962656224, 0.0], [0.0, 270.65830962656224]], ""P"": [[1141988.171933039, 0.0, 0.0, 0.0], [0.0, 114198817.19330391, 0.0, 0.0], [0.0, 0.0, 1141988.171933039, 0.0], [0.0, 0.0, 0.0, 114198817.19330391]]}","[-0.8380562132538775, 1.2868019147219814, 0.0]",False
3,P21,09ce0dcc-884e-4c47-9efa-46e431e4bea2,24,1,haply,mpc,seeded_random,2698308921,persist_session,10.0,62.85938626289367,1628.929583748,0,1786366630.351437,1183.0,True,normal,adaptive,-0.064,-0.048,0.0,0.064,0.048,0.0,0.061898901,0.0335592399999999,0.0,0.055847663,-0.06685046,0.2178285,0.0012793301,-0.003261604,0.004479879,"[-1.2008687450766766, 3.873688315301061, 0.0, 0.0, 0.0, 0.0, -1.5589010549470026, 6.35802528467576]","[0.009232560494899041, 0.023399122927581343, 0.0]","{""Controller Type"": ""MPC Controller"", ""weight_comfort"": 266.08156971233694, ""weight_trajectory"": 761457.1164292273, ""weight_goal"": 1169584.1986171345, ""Q"": [[761457.1164292273, 0.0, 0.0, 0.0], [0.0, 0.0, 0.0, 0.0], [0.0, 0.0, 761457.1164292273, 0.0], [0.0, 0.0, 0.0, 0.0]], ""R"": [[266.08156971233694, 0.0], [0.0, 266.08156971233694]], ""P"": [[1169584.1986171345, 0.0, 0.0, 0.0], [0.0, 116958419.86171345, 0.0, 0.0], [0.0, 0.0, 1169584.1986171345, 0.0], [0.0, 0.0, 0.0, 116958419.86171345]]}","[-0.7819423985507051, 1.4085677805117656, 0.0]",False
3,P21,09ce0dcc-884e-4c47-9efa-46e431e4bea2,24,1,haply,mpc,seeded_random,2698308921,persist_session,10.0,62.869381961822505,1628.939604896,0,1786366630.3613532,1184.0,True,normal,adaptive,-0.064,-0.048,0.0,0.064,0.048,0.0,0.061929501,0.0336320799999999,0.0,0.055857863,-0.06687699,0.21786492,0.0012864494,-0.0032987029,0.004529598,"[-1.2032301318770806, 3.8810203925909694, 0.0, 0.0, 0.0, 0.0, -1.5765426361931807, 6.451684688897494]","[0.020651857638902538, 0.06883048731350414, 0.0]","{""Controller Type"": ""MPC Controller"", ""weight_comfort"": 266.08156971233694, ""weight_trajectory"": 761457.1164292273, ""weight_goal"": 1169584.1986171345, ""Q"": [[761457.1164292273, 0.0, 0.0, 0.0], [0.0, 0.0, 0.0, 0.0], [0.0, 0.0, 761457.1164292273, 0.0], [0.0, 0.0, 0.0, 0.0]], ""R"": [[266.08156971233694, 0.0], [0.0, 266.08156971233694]], ""P"": [[1169584.1986171345, 0.0, 0.0, 0.0], [0.0, 116958419.86171345, 0.0, 0.0], [0.0, 0.0, 1169584.1986171345, 0.0], [0.0, 0.0, 0.0, 116958419.86171345]]}","[-0.8351581673004832, 1.2731041440695452, 0.0]",False
3,P21,09ce0dcc-884e-4c47-9efa-46e431e4bea2,24,1,haply,mpc,seeded_random,2698308921,persist_session,10.0,62.879441795349116,1628.949658676,0,1786366630.3713713,1185.0,True,normal,adaptive,-0.064,-0.048,0.0,0.064,0.048,0.0,0.061990572,0.0337774799999999,0.0,0.05587822,-0.06692992,0.21793762,0.001295407,-0.003334946,0.004579742,"[-1.2022495159015143, 3.877305348322787, 0.0, 0.0, 0.0, 0.0, -1.574740063018084, 6.414020194014244]","[0.009476011152305817, 0.02449056790658642, 0.0]","{""Controller Type"": ""MPC Controller"", ""weight_comfort"": 266.08156971233694, ""weight_trajectory"": 761457.1164292273, ""weight_goal"": 1169584.1986171345, ""Q"": [[761457.1164292273, 0.0, 0.0, 0.0], [0.0, 0.0, 0.0, 0.0], [0.0, 0.0, 761457.1164292273, 0.0], [0.0, 0.0, 0.0, 0.0]], ""R"": [[266.08156971233694, 0.0], [0.0, 266.08156971233694]], ""P"": [[1169584.1986171345, 0.0, 0.0, 0.0], [0.0, 116958419.86171345, 0.0, 0.0], [0.0, 0.0, 1169584.1986171345, 0.0], [0.0, 0.0, 0.0, 116958419.86171345]]}","[-0.781185572640202, 1.3897621803229883, 0.0]",False
3,P21,09ce0dcc-884e-4c47-9efa-46e431e4bea2,24,1,haply,mpc,seeded_random,2698308921,persist_session,10.0,62.88940793037414,1628.959621027,0,1786366630.3813756,1186.0,True,normal,adaptive,-0.064,-0.048,0.0,0.064,0.048,0.0,0.062021067,0.0338501399999999,0.0,0.055888385,-0.06695635,0.21797395,0.0013098296,-0.0033820225,0.0046457043,"[-1.204843917633427, 3.8852754189646923, 0.0, 0.0, 0.0, 0.0, -1.5943765883320653, 6.5162714075285555]","[0.02126382445307598, 0.07189925486464221, 0.0]","{""Controller Type"": ""MPC Controller"", ""weight_comfort"": 259.8762322608378, ""weight_trajectory"": 785247.4203558048, ""weight_goal"": 1204634.2207021937, ""Q"": [[785247.4203558048, 0.0, 0.0, 0.0], [0.0, 0.0, 0.0, 0.0], [0.0, 0.0, 785247.4203558048, 0.0], [0.0, 0.0, 0.0, 0.0]], ""R"": [[259.8762322608378, 0.0], [0.0, 259.8762322608378]], ""P"": [[1204634.2207021937, 0.0, 0.0, 0.0], [0.0, 120463422.07021937, 0.0, 0.0], [0.0, 0.0, 1204634.2207021937, 0.0], [0.0, 0.0, 0.0, 120463422.07021937]]}","[-0.8310949373905085, 1.2480293448086015, 0.0]",False
3,P21,09ce0dcc-884e-4c47-9efa-46e431e4bea2,24,1,haply,mpc,seeded_random,2698308921,persist_session,10.0,62.89936190605163,1628.969570261,0,1786366630.3914,1187.0,True,normal,adaptive,-0.064,-0.048,0.0,0.064,0.048,0.0,0.062082162,0.0339958599999999,0.0,0.05590875,-0.0670093,0.21804681,0.0013244434,-0.0034265267,0.004709295,"[-1.2038015377587832, 3.881392858069272, 0.0, 0.0, 0.0, 0.0, -1.5924480565567118, 6.47713127461603]","[0.009448998797342678, 0.024509775113934828, 0.0]","{""Controller Type"": ""MPC Controller"", ""weight_comfort"": 259.8762322608378, ""weight_trajectory"": 785247.4203558048, ""weight_goal"": 1204634.2207021937, ""Q"": [[785247.4203558048, 0.0, 0.0, 0.0], [0.0, 0.0, 0.0, 0.0], [0.0, 0.0, 785247.4203558048, 0.0], [0.0, 0.0, 0.0, 0.0]], ""R"": [[259.8762322608378, 0.0], [0.0, 259.8762322608378]], ""P"": [[1204634.2207021937, 0.0, 0.0, 0.0], [0.0, 120463422.07021937, 0.0, 0.0], [0.0, 0.0, 1204634.2207021937, 0.0], [0.0, 0.0, 0.0, 120463422.07021937]]}","[-0.7804124307566968, 1.3746058054004673, 0.0]",False
3,P21,09ce0dcc-884e-4c47-9efa-46e431e4bea2,24,1,haply,mpc,seeded_random,2698308921,persist_session,10.0,62.90939503669738,1628.979610453,0,1786366630.4012983,1188.0,True,normal,adaptive,-0.064,-0.048,0.0,0.064,0.048,0.0,0.062112702,0.0340687399999999,0.0,0.05591893,-0.06703576,0.21808325,0.0013461992,-0.0034874438,0.0047959066,"[-1.206466197269209, 3.889521414953051, 0.0, 0.0, 0.0, 0.0, -1.612673602801818, 6.581562528224699]","[0.021391598520905282, 0.07308984692422929, 0.0]","{""Controller Type"": ""MPC Controller"", ""weight_comfort"": 259.8762322608378, ""weight_trajectory"": 785247.4203558048, ""weight_goal"": 1204634.2207021937, ""Q"": [[785247.4203558048, 0.0, 0.0, 0.0], [0.0, 0.0, 0.0, 0.0], [0.0, 0.0, 785247.4203558048, 0.0], [0.0, 0.0, 0.0, 0.0]], ""R"": [[259.8762322608378, 0.0], [0.0, 259.8762322608378]], ""P"": [[1204634.2207021937, 0.0, 0.0, 0.0], [0.0, 120463422.07021937, 0.0, 0.0], [0.0, 0.0, 1204634.2207021937, 0.0], [0.0, 0.0, 0.0, 120463422.07021937]]}","[-0.8309995845365591, 1.2306750482528321, 0.0]",False
3,P21,09ce0dcc-884e-4c47-9efa-46e431e4bea2,24,1,haply,mpc,seeded_random,2698308921,persist_session,10.0,62.919340190887446,1628.989566922,0,1786366630.4113796,1189.0,True,normal,adaptive,-0.064,-0.048,0.0,0.064,0.048,0.0,0.062204394,0.0342878199999999,0.0,0.055949494,-0.0671152,0.21819279,0.0013881811,-0.0035999028,0.004955112,"[-1.2053607438957337, 3.8855171537109396, 0.0, 0.0, 0.0, 0.0, -1.6101692325242631, 6.540642822867932]","[0.009713265018353618, 0.025725681230983444, 0.0]","{""Controller Type"": ""MPC Controller"", ""weight_comfort"": 255.16091661286714, ""weight_trajectory"": 803786.2114851068, ""weight_goal"": 1233110.7470091009, ""Q"": [[803786.2114851068, 0.0, 0.0, 0.0], [0.0, 0.0, 0.0, 0.0], [0.0, 0.0, 803786.2114851068, 0.0], [0.0, 0.0, 0.0, 0.0]], ""R"": [[255.16091661286714, 0.0], [0.0, 255.16091661286714]], ""P"": [[1233110.7470091009, 0.0, 0.0, 0.0], [0.0, 123311074.70091009, 0.0, 0.0], [0.0, 0.0, 1233110.7470091009, 0.0], [0.0, 0.0, 0.0, 123311074.70091009]]}","[-0.7746822156899169, 1.3533542535237095, 0.0]",False
3,P21,09ce0dcc-884e-4c47-9efa-46e431e4bea2,24,1,haply,mpc,seeded_random,2698308921,persist_session,10.0,62.929429588317866,1628.999650416,0,1786366630.4213088,1190.0,True,normal,adaptive,-0.064,-0.048,0.0,0.064,0.048,0.0,0.06226545,0.0344338799999999,0.0,0.055969846,-0.06716809,0.21826582,0.0014462804,-0.0037529962,0.005171047,"[-1.2141189507144623, 3.9109133108769067, 0.0, 0.0, 0.0, 0.0, -1.68730654336548, 6.887660137583312]","[0.03339070786486117, 0.126541455982023, 0.0]","{""Controller Type"": ""MPC Controller"", ""weight_comfort"": 255.16091661286714, ""weight_trajectory"": 803786.2114851068, ""weight_goal"": 1233110.7470091009, ""Q"": [[803786.2114851068, 0.0, 0.0, 0.0], [0.0, 0.0, 0.0, 0.0], [0.0, 0.0, 803786.2114851068, 0.0], [0.0, 0.0, 0.0, 0.0]], ""R"": [[255.16091661286714, 0.0], [0.0, 255.16091661286714]], ""P"": [[1233110.7470091009, 0.0, 0.0, 0.0], [0.0, 123311074.70091009, 0.0, 0.0], [0.0, 0.0, 1233110.7470091009, 0.0], [0.0, 0.0, 0.0, 123311074.70091009]]}","[-0.8810833419499752, 1.076773648392583, 0.0]",False
3,P21,09ce0dcc-884e-4c47-9efa-46e431e4bea2,24,1,haply,mpc,seeded_random,2698308921,persist_session,10.0,62.93933421134948,1629.009560542,0,1786366630.431219,1191.0,True,normal,adaptive,-0.064,-0.048,0.0,0.064,0.048,0.0,0.062326602,0.03458032,0.0,0.05599023,-0.06722105,0.21833904,0.0015188012,-0.0039428147,0.0054385974,"[-1.21099214320641, 3.901515491331218, 0.0, 0.0, 0.0, 0.0, -1.6619764780034036, 6.759391254543598]","[0.02189047045323493, 0.07688527119762875, 0.0]","{""Controller Type"": ""MPC Controller"", ""weight_comfort"": 255.16091661286714, ""weight_trajectory"": 803786.2114851068, ""weight_goal"": 1233110.7470091009, ""Q"": [[803786.2114851068, 0.0, 0.0, 0.0], [0.0, 0.0, 0.0, 0.0], [0.0, 0.0, 803786.2114851068, 0.0], [0.0, 0.0, 0.0, 0.0]], ""R"": [[255.16091661286714, 0.0], [0.0, 255.16091661286714]], ""P"": [[1233110.7470091009, 0.0, 0.0, 0.0], [0.0, 123311074.70091009, 0.0, 0.0], [0.0, 0.0, 1233110.7470091009, 0.0], [0.0, 0.0, 0.0, 123311074.70091009]]}","[-0.8236292235300336, 1.1903483207871601, 0.0]",False
3,P21,09ce0dcc-884e-4c47-9efa-46e431e4bea2,24,1,haply,mpc,seeded_random,2698308921,persist_session,10.0,62.94934421539306,1629.01956298,0,1786366630.4413877,1192.0,True,normal,adaptive,-0.064,-0.048,0.0,0.064,0.048,0.0,0.062387742,0.0347268799999999,0.0,0.05601061,-0.067274004,0.21841232,0.0015811067,-0.0041054813,0.005668808,"[-1.2107942838814132, 3.90092367606829, 0.0, 0.0, 0.0, 0.0, -1.6596561941619743, 6.747719234988094]","[0.022044593713941484, 0.07743547250681398, 0.0]","{""Controller Type"": ""MPC Controller"", ""weight_comfort"": 246.27438567847096, ""weight_trajectory"": 838233.4551157849, ""weight_goal"": 1283933.1047590717, ""Q"": [[838233.4551157849, 0.0, 0.0, 0.0], [0.0, 0.0, 0.0, 0.0], [0.0, 0.0, 838233.4551157849, 0.0], [0.0, 0.0, 0.0, 0.0]], ""R"": [[246.27438567847096, 0.0], [0.0, 246.27438567847096]], ""P"": [[1283933.1047590717, 0.0, 0.0, 0.0], [0.0, 128393310.47590718, 0.0, 0.0], [0.0, 0.0, 1283933.1047590717, 0.0], [0.0, 0.0, 0.0, 128393310.47590718]]}","[-0.8196631450018937, 1.1760970917444529, 0.0]",False
3,P21,09ce0dcc-884e-4c47-9efa-46e431e4bea2,24,1,haply,mpc,seeded_random,2698308921,persist_session,10.0,62.95932560920715,1629.029550491,0,1786366630.4513836,1193.0,True,normal,adaptive,-0.064,-0.048,0.0,0.064,0.048,0.0,0.062418282,0.0348001799999999,0.0,0.05602079,-0.06730045,0.21844897,0.0016274346,-0.0042263223,0.0058413227,"[-1.2104341542195238, 3.8998479376582873, 0.0, 0.0, 0.0, 0.0, -1.6561532327314072, 6.729991494004229]","[0.021496909041436755, 0.07501747983621236, 0.0]","{""Controller Type"": ""MPC Controller"", ""weight_comfort"": 246.27438567847096, ""weight_trajectory"": 838233.4551157849, ""weight_goal"": 1283933.1047590717, ""Q"": [[838233.4551157849, 0.0, 0.0, 0.0], [0.0, 0.0, 0.0, 0.0], [0.0, 0.0, 838233.4551157849, 0.0], [0.0, 0.0, 0.0, 0.0]], ""R"": [[246.27438567847096, 0.0], [0.0, 246.27438567847096]], ""P"": [[1283933.1047590717, 0.0, 0.0, 0.0], [0.0, 128393310.47590718, 0.0, 0.0], [0.0, 0.0, 1283933.1047590717, 0.0], [0.0, 0.0, 0.0, 128393310.47590718]]}","[-0.8203439277855674, 1.1727612639359157, 0.0]",False
3,P21,09ce0dcc-884e-4c47-9efa-46e431e4bea2,24,1,haply,mpc,seeded_random,2698308921,persist_session,10.0,62.969493207931514,1629.03971177,0,1786366630.461391,1194.0,True,normal,adaptive,-0.064,-0.048,0.0,0.064,0.048,0.0,0.062448852,0.0348735199999999,0.0,0.05603098,-0.06732692,0.21848564,0.0016514407,-0.004288961,0.0059325523,"[-1.2092419874728964, 3.8957919492919504, 0.0, 0.0, 0.0, 0.0, -1.6529022345529634, 6.688439382719741]","[0.009989904401652481, 0.027228174463263068, 0.0]","{""Controller Type"": ""MPC Controller"", ""weight_comfort"": 246.27438567847096, ""weight_trajectory"": 838233.4551157849, ""weight_goal"": 1283933.1047590717, ""Q"": [[838233.4551157849, 0.0, 0.0, 0.0], [0.0, 0.0, 0.0, 0.0], [0.0, 0.0, 838233.4551157849, 0.0], [0.0, 0.0, 0.0, 0.0]], ""R"": [[246.27438567847096, 0.0], [0.0, 246.27438567847096]], ""P"": [[1283933.1047590717, 0.0, 0.0, 0.0], [0.0, 128393310.47590718, 0.0, 0.0], [0.0, 0.0, 1283933.1047590717, 0.0], [0.0, 0.0, 0.0, 128393310.47590718]]}","[-0.7646630313081636, 1.2941869162769988, 0.0]",False
3,P21,09ce0dcc-884e-4c47-9efa-46e431e4bea2,24,1,haply,mpc,seeded_random,2698308921,persist_session,10.0,62.97938209533691,1629.049608039,0,1786366630.4720025,1195.0,True,normal,adaptive,-0.064,-0.048,0.0,0.064,0.048,0.0,0.062479488,0.0349470599999999,0.0,0.056041192,-0.067353435,0.21852241,0.0016570712,-0.004303694,0.0059572416,"[-1.2092022675924023, 3.8956576376649266, 0.0, 0.0, 0.0, 0.0, -1.6527762936953492, 6.686864686824581]","[0.010024589628592104, 0.02731015769066264, 0.0]","{""Controller Type"": ""MPC Controller"", ""weight_comfort"": 241.5750333486974, ""weight_trajectory"": 856965.6221210519, ""weight_goal"": 1313524.1778328114, ""Q"": [[856965.6221210519, 0.0, 0.0, 0.0], [0.0, 0.0, 0.0, 0.0], [0.0, 0.0, 856965.6221210519, 0.0], [0.0, 0.0, 0.0, 0.0]], ""R"": [[241.5750333486974, 0.0], [0.0, 241.5750333486974]], ""P"": [[1313524.1778328114, 0.0, 0.0, 0.0], [0.0, 131352417.78328113, 0.0, 0.0], [0.0, 0.0, 1313524.1778328114, 0.0], [0.0, 0.0, 0.0, 131352417.78328113]]}","[-0.7624287550287323, 1.2877154463038274, 0.0]",False
3,P21,09ce0dcc-884e-4c47-9efa-46e431e4bea2,24,1,haply,mpc,seeded_random,2698308921,persist_session,10.0,62.98946505546569,1629.059681105,0,1786366630.4813845,1196.0,True,normal,adaptive,-0.064,-0.048,0.0,0.064,0.048,0.0,0.062510022,0.03502042,0.0,0.05605137,-0.06737986,0.21855909,0.0016398232,-0.0042588646,0.005899316,"[-1.2091101451498985, 3.8953424613418193, 0.0, 0.0, 0.0, 0.0, -1.652581008250088, 6.683674339111048]","[0.00940782379080083, 0.02474916602163784, 0.0]","{""Controller Type"": ""MPC Controller"", ""weight_comfort"": 241.5750333486974, ""weight_trajectory"": 856965.6221210519, ""weight_goal"": 1313524.1778328114, ""Q"": [[856965.6221210519, 0.0, 0.0, 0.0], [0.0, 0.0, 0.0, 0.0], [0.0, 0.0, 856965.6221210519, 0.0], [0.0, 0.0, 0.0, 0.0]], ""R"": [[241.5750333486974, 0.0], [0.0, 241.5750333486974]], ""P"": [[1313524.1778328114, 0.0, 0.0, 0.0], [0.0, 131352417.78328113, 0.0, 0.0], [0.0, 0.0, 1313524.1778328114, 0.0], [0.0, 0.0, 0.0, 131352417.78328113]]}","[-0.7610881359774343, 1.2901336916185917, 0.0]",False
3,P21,09ce0dcc-884e-4c47-9efa-46e431e4bea2,24,1,haply,mpc,seeded_random,2698308921,persist_session,10.0,62.99942046165466,1629.069627659,0,1786366630.4913118,1197.0,True,normal,adaptive,-0.064,-0.048,0.0,0.064,0.048,0.0,0.062571162,0.0351674599999999,0.0,0.05607175,-0.06743279,0.21863261,0.0016197222,-0.0042064954,0.005831371,"[-1.2092354885607066, 3.895754020063835, 0.0, 0.0, 0.0, 0.0, -1.6530095716438928, 6.6878007092485765]","[0.010876778828065613, 0.030836688810286082, 0.0]","{""Controller Type"": ""MPC Controller"", ""weight_comfort"": 241.5750333486974, ""weight_trajectory"": 856965.6221210519, ""weight_goal"": 1313524.1778328114, ""Q"": [[856965.6221210519, 0.0, 0.0, 0.0], [0.0, 0.0, 0.0, 0.0], [0.0, 0.0, 856965.6221210519, 0.0], [0.0, 0.0, 0.0, 0.0]], ""R"": [[241.5750333486974, 0.0], [0.0, 241.5750333486974]], ""P"": [[1313524.1778328114, 0.0, 0.0, 0.0], [0.0, 131352417.78328113, 0.0, 0.0], [0.0, 0.0, 1313524.1778328114, 0.0], [0.0, 0.0, 0.0, 131352417.78328113]]}","[-0.7654853708603273, 1.2674904598901096, 0.0]",False
3,P21,09ce0dcc-884e-4c47-9efa-46e431e4bea2,24,1,haply,mpc,seeded_random,2698308921,persist_session,10.0,63.009476003646846,1629.079681464,0,1786366630.5012982,1198.0,True,normal,adaptive,-0.064,-0.048,0.0,0.064,0.048,0.0,0.062632353,0.0353147799999999,0.0,0.056092147,-0.06748576,0.21870627,0.0016083012,-0.004176559,0.0057950127,"[-1.2120240924026096, 3.9039555180942833, 0.0, 0.0, 0.0, 0.0, -1.6743030318315804, 6.792812519060297]","[0.02231186067621625, 0.07912768666188266, 0.0]","{""Controller Type"": ""MPC Controller"", ""weight_comfort"": 236.3683501685467, ""weight_trajectory"": 877294.9629763976, ""weight_goal"": 1343528.9562627152, ""Q"": [[877294.9629763976, 0.0, 0.0, 0.0], [0.0, 0.0, 0.0, 0.0], [0.0, 0.0, 877294.9629763976, 0.0], [0.0, 0.0, 0.0, 0.0]], ""R"": [[236.3683501685467, 0.0], [0.0, 236.3683501685467]], ""P"": [[1343528.9562627152, 0.0, 0.0, 0.0], [0.0, 134352895.62627152, 0.0, 0.0], [0.0, 0.0, 1343528.9562627152, 0.0], [0.0, 0.0, 0.0, 134352895.62627152]]}","[-0.8135327250952714, 1.1277825279137141, 0.0]",False
3,P21,09ce0dcc-884e-4c47-9efa-46e431e4bea2,24,1,haply,mpc,seeded_random,2698308921,persist_session,10.0,63.0193539237976,1629.089577705,0,1786366630.5112598,1199.0,True,normal,adaptive,-0.064,-0.048,0.0,0.064,0.048,0.0,0.062693496,0.0354620399999999,0.0,0.056112528,-0.067538664,0.2187799,0.0016258925,-0.004221859,0.0058637233,"[-1.2117612319472504, 3.9031852588640747, 0.0, 0.0, 0.0, 0.0, -1.671416086847102, 6.778616357207543]","[0.02225924430683403, 0.07879628741152848, 0.0]","{""Controller Type"": ""MPC Controller"", ""weight_comfort"": 236.3683501685467, ""weight_trajectory"": 877294.9629763976, ""weight_goal"": 1343528.9562627152, ""Q"": [[877294.9629763976, 0.0, 0.0, 0.0], [0.0, 0.0, 0.0, 0.0], [0.0, 0.0, 877294.9629763976, 0.0], [0.0, 0.0, 0.0, 0.0]], ""R"": [[236.3683501685467, 0.0], [0.0, 236.3683501685467]], ""P"": [[1343528.9562627152, 0.0, 0.0, 0.0], [0.0, 134352895.62627152, 0.0, 0.0], [0.0, 0.0, 1343528.9562627152, 0.0], [0.0, 0.0, 0.0, 134352895.62627152]]}","[-0.8125716349973682, 1.117362841490551, 0.0]",False
3,P21,09ce0dcc-884e-4c47-9efa-46e431e4bea2,24,1,haply,mpc,seeded_random,2698308921,persist_session,10.0,63.029426631927485,1629.099643983,0,1786366630.5215263,1200.0,True,normal,adaptive,-0.064,-0.048,0.0,0.064,0.048,0.0,0.062724084,0.0355358799999999,0.0,0.056122724,-0.067565136,0.21881682,0.0016207143,-0.004208,0.005850209,"[-1.2115381257832736, 3.9025342745329654, 0.0, 0.0, 0.0, 0.0, -1.668800713082307, 6.765822466776892]","[0.022370354175114085, 0.07909416159788309, 0.0]","{""Controller Type"": ""MPC Controller"", ""weight_comfort"": 236.3683501685467, ""weight_trajectory"": 877294.9629763976, ""weight_goal"": 1343528.9562627152, ""Q"": [[877294.9629763976, 0.0, 0.0, 0.0], [0.0, 0.0, 0.0, 0.0], [0.0, 0.0, 877294.9629763976, 0.0], [0.0, 0.0, 0.0, 0.0]], ""R"": [[236.3683501685467, 0.0], [0.0, 236.3683501685467]], ""P"": [[1343528.9562627152, 0.0, 0.0, 0.0], [0.0, 134352895.62627152, 0.0, 0.0], [0.0, 0.0, 1343528.9562627152, 0.0], [0.0, 0.0, 0.0, 134352895.62627152]]}","[-0.8081848987498195, 1.103619655088023, 0.0]",False
3,P21,09ce0dcc-884e-4c47-9efa-46e431e4bea2,24,1,haply,mpc,seeded_random,2698308921,persist_session,10.0,63.03934460639953,1629.109568678,0,1786366630.5312507,1201.0,True,normal,adaptive,-0.064,-0.048,0.0,0.064,0.048,0.0,0.062785284,0.0356835199999999,0.0,0.056143124,-0.06761809,0.21889064,0.0015990637,-0.004151358,0.0057770675,"[-1.210205566323421, 3.8982299511491676, 0.0, 0.0, 0.0, 0.0, -1.6648454391886907, 6.721955652645215]","[0.010070213830364072, 0.02759545350338869, 0.0]","{""Controller Type"": ""MPC Controller"", ""weight_comfort"": 230.2849343048001, ""weight_trajectory"": 901465.8204408814, ""weight_goal"": 1381613.0442502566, ""Q"": [[901465.8204408814, 0.0, 0.0, 0.0], [0.0, 0.0, 0.0, 0.0], [0.0, 0.0, 901465.8204408814, 0.0], [0.0, 0.0, 0.0, 0.0]], ""R"": [[230.2849343048001, 0.0], [0.0, 230.2849343048001]], ""P"": [[1381613.0442502566, 0.0, 0.0, 0.0], [0.0, 138161304.42502567, 0.0, 0.0], [0.0, 0.0, 1381613.0442502566, 0.0], [0.0, 0.0, 0.0, 138161304.42502567]]}","[-0.748644390901856, 1.2345633662704067, 0.0]",False
3,P21,09ce0dcc-884e-4c47-9efa-46e431e4bea2,24,1,haply,mpc,seeded_random,2698308921,persist_session,10.0,63.04940515518188,1629.11962656,0,1786366630.5413842,1202.0,True,normal,adaptive,-0.064,-0.048,0.0,0.064,0.048,0.0,0.062846472,0.0358312999999999,0.0,0.05616352,-0.06767101,0.21896453,0.0015935582,-0.0041365963,0.0057623885,"[-1.213674901755221, 3.9082717528506943, 0.0, 0.0, 0.0, 0.0, -1.6916899216343781, 6.851173187667751]","[0.023122286585377346, 0.08318200560635991, 0.0]","{""Controller Type"": ""MPC Controller"", ""weight_comfort"": 230.2849343048001, ""weight_trajectory"": 901465.8204408814, ""weight_goal"": 1381613.0442502566, ""Q"": [[901465.8204408814, 0.0, 0.0, 0.0], [0.0, 0.0, 0.0, 0.0], [0.0, 0.0, 901465.8204408814, 0.0], [0.0, 0.0, 0.0, 0.0]], ""R"": [[230.2849343048001, 0.0], [0.0, 230.2849343048001]], ""P"": [[1381613.0442502566, 0.0, 0.0, 0.0], [0.0, 138161304.42502567, 0.0, 0.0], [0.0, 0.0, 1381613.0442502566, 0.0], [0.0, 0.0, 0.0, 138161304.42502567]]}","[-0.8086963862654603, 1.078403257147536, 0.0]",False
3,P21,09ce0dcc-884e-4c47-9efa-46e431e4bea2,24,1,haply,mpc,seeded_random,2698308921,persist_session,10.0,63.05935054779052,1629.129575632,0,1786366630.5512347,1203.0,True,normal,adaptive,-0.064,-0.048,0.0,0.064,0.048,0.0,0.062907681,0.0359793599999999,0.0,0.056183923,-0.06772395,0.21903856,0.0016019564,-0.0041578705,0.0057984013,"[-1.2131772495580695, 3.9068324622562085, 0.0, 0.0, 0.0, 0.0, -1.686956206317137, 6.828158542851037]","[0.022190752077914717, 0.0790490598850295, 0.0]","{""Controller Type"": ""MPC Controller"", ""weight_comfort"": 230.2849343048001, ""weight_trajectory"": 901465.8204408814, ""weight_goal"": 1381613.0442502566, ""Q"": [[901465.8204408814, 0.0, 0.0, 0.0], [0.0, 0.0, 0.0, 0.0], [0.0, 0.0, 901465.8204408814, 0.0], [0.0, 0.0, 0.0, 0.0]], ""R"": [[230.2849343048001, 0.0], [0.0, 230.2849343048001]], ""P"": [[1381613.0442502566, 0.0, 0.0, 0.0], [0.0, 138161304.42502567, 0.0, 0.0], [0.0, 0.0, 1381613.0442502566, 0.0], [0.0, 0.0, 0.0, 138161304.42502567]]}","[-0.799405170490022, 1.0760232111290262, 0.0]",False
3,P21,09ce0dcc-884e-4c47-9efa-46e431e4bea2,24,1,haply,mpc,seeded_random,2698308921,persist_session,10.0,63.06937223434448,1629.139592848,0,1786366630.561302,1204.0,True,normal,adaptive,-0.064,-0.048,0.0,0.064,0.048,0.0,0.06296889,0.0361275599999999,0.0,0.056204326,-0.06777688,0.21911266,0.0016298317,-0.004229642,0.0059053754,"[-1.2131211590553446, 3.9066712159206856, 0.0, 0.0, 0.0, 0.0, -1.6856212123698622, 6.821763764922096]","[0.022950138712109033, 0.08227367997062718, 0.0]","{""Controller Type"": ""MPC Controller"", ""weight_comfort"": 222.38239286583268, ""weight_trajectory"": 932564.1013394552, ""weight_goal"": 1428166.8371134927, ""Q"": [[932564.1013394552, 0.0, 0.0, 0.0], [0.0, 0.0, 0.0, 0.0], [0.0, 0.0, 932564.1013394552, 0.0], [0.0, 0.0, 0.0, 0.0]], ""R"": [[222.38239286583268, 0.0], [0.0, 222.38239286583268]], ""P"": [[1428166.8371134927, 0.0, 0.0, 0.0], [0.0, 142816683.71134928, 0.0, 0.0], [0.0, 0.0, 1428166.8371134927, 0.0], [0.0, 0.0, 0.0, 142816683.71134928]]}","[-0.7979184500791242, 1.0546162420009157, 0.0]",False
3,P21,09ce0dcc-884e-4c47-9efa-46e431e4bea2,24,1,haply,mpc,seeded_random,2698308921,persist_session,10.0,63.079337892532344,1629.149562607,0,1786366630.5712245,1205.0,True,normal,adaptive,-0.064,-0.048,0.0,0.064,0.048,0.0,0.063030132,0.0362759799999999,0.0,0.05622474,-0.067829825,0.21918687,0.0016755128,-0.0043475763,0.0060772444,"[-1.2127356145558936, 3.9055655540213157, 0.0, 0.0, 0.0, 0.0, -1.6817100623226264, 6.8029752921293]","[0.02249548144426113, 0.08018085972203177, 0.0]","{""Controller Type"": ""MPC Controller"", ""weight_comfort"": 222.38239286583268, ""weight_trajectory"": 932564.1013394552, ""weight_goal"": 1428166.8371134927, ""Q"": [[932564.1013394552, 0.0, 0.0, 0.0], [0.0, 0.0, 0.0, 0.0], [0.0, 0.0, 932564.1013394552, 0.0], [0.0, 0.0, 0.0, 0.0]], ""R"": [[222.38239286583268, 0.0], [0.0, 222.38239286583268]], ""P"": [[1428166.8371134927, 0.0, 0.0, 0.0], [0.0, 142816683.71134928, 0.0, 0.0], [0.0, 0.0, 1428166.8371134927, 0.0], [0.0, 0.0, 0.0, 142816683.71134928]]}","[-0.7962959479967575, 1.049222830854804, 0.0]",False
3,P21,09ce0dcc-884e-4c47-9efa-46e431e4bea2,24,1,haply,mpc,seeded_random,2698308921,persist_session,10.0,63.08941846847534,1629.159637933,0,1786366630.5814376,1206.0,True,normal,adaptive,-0.064,-0.048,0.0,0.064,0.048,0.0,0.063091332,0.0364243999999999,0.0,0.05624514,-0.06788274,0.21926108,0.0017155804,-0.0044509205,0.0062289424,"[-1.2125846851716342, 3.9051347990657903, 0.0, 0.0, 0.0, 0.0, -1.6795971898833213, 6.792921741632208]","[0.022926564023563446, 0.081916330180684, 0.0]","{""Controller Type"": ""MPC Controller"", ""weight_comfort"": 222.38239286583268, ""weight_trajectory"": 932564.1013394552, ""weight_goal"": 1428166.8371134927, ""Q"": [[932564.1013394552, 0.0, 0.0, 0.0], [0.0, 0.0, 0.0, 0.0], [0.0, 0.0, 932564.1013394552, 0.0], [0.0, 0.0, 0.0, 0.0]], ""R"": [[222.38239286583268, 0.0], [0.0, 222.38239286583268]], ""P"": [[1428166.8371134927, 0.0, 0.0, 0.0], [0.0, 142816683.71134928, 0.0, 0.0], [0.0, 0.0, 1428166.8371134927, 0.0], [0.0, 0.0, 0.0, 142816683.71134928]]}","[-0.7932091274421863, 1.0315756510376184, 0.0]",False
3,P21,09ce0dcc-884e-4c47-9efa-46e431e4bea2,24,1,haply,mpc,seeded_random,2698308921,persist_session,10.0,63.09938579559326,1629.169610939,0,1786366630.5912533,1207.0,True,normal,adaptive,-0.064,-0.048,0.0,0.064,0.048,0.0,0.063152544,0.0365730799999999,0.0,0.056265544,-0.06793566,0.21933542,0.001747092,-0.00453204,0.006349807,"[-1.2121544025963766, 3.903909347990356, 0.0, 0.0, 0.0, 0.0, -1.6753740033081428, 6.772719282966054]","[0.022291881691379297, 0.07902948636644487, 0.0]","{""Controller Type"": ""MPC Controller"", ""weight_comfort"": 214.6691224041558, ""weight_trajectory"": 963085.9312265149, ""weight_goal"": 1475658.3951850263, ""Q"": [[963085.9312265149, 0.0, 0.0, 0.0], [0.0, 0.0, 0.0, 0.0], [0.0, 0.0, 963085.9312265149, 0.0], [0.0, 0.0, 0.0, 0.0]], ""R"": [[214.6691224041558, 0.0], [0.0, 214.6691224041558]], ""P"": [[1475658.3951850263, 0.0, 0.0, 0.0], [0.0, 147565839.51850262, 0.0, 0.0], [0.0, 0.0, 1475658.3951850263, 0.0], [0.0, 0.0, 0.0, 147565839.51850262]]}","[-0.785177135964663, 1.0259740531428707, 0.0]",False
3,P21,09ce0dcc-884e-4c47-9efa-46e431e4bea2,24,1,haply,mpc,seeded_random,2698308921,persist_session,10.0,63.1094532585144,1629.179674466,0,1786366630.6013863,1208.0,True,normal,adaptive,-0.064,-0.048,0.0,0.064,0.048,0.0,0.063213834,0.0367221199999999,0.0,0.056285974,-0.06798863,0.21940994,0.0017750636,-0.0046039484,0.006458066,"[-1.2121717430960324, 3.9039584408036663, 0.0, 0.0, 0.0, 0.0, -1.6745938903401099, 6.769051863835599]","[0.023318355201617538, 0.08339655024756526, 0.0]","{""Controller Type"": ""MPC Controller"", ""weight_comfort"": 214.6691224041558, ""weight_trajectory"": 963085.9312265149, ""weight_goal"": 1475658.3951850263, ""Q"": [[963085.9312265149, 0.0, 0.0, 0.0], [0.0, 0.0, 0.0, 0.0], [0.0, 0.0, 963085.9312265149, 0.0], [0.0, 0.0, 0.0, 0.0]], ""R"": [[214.6691224041558, 0.0], [0.0, 214.6691224041558]], ""P"": [[1475658.3951850263, 0.0, 0.0, 0.0], [0.0, 147565839.51850262, 0.0, 0.0], [0.0, 0.0, 1475658.3951850263, 0.0], [0.0, 0.0, 0.0, 147565839.51850262]]}","[-0.7897882464331858, 1.0035014348948523, 0.0]",False
3,P21,09ce0dcc-884e-4c47-9efa-46e431e4bea2,24,1,haply,mpc,seeded_random,2698308921,persist_session,10.0,63.119374094009395,1629.189598733,0,1786366630.6115654,1209.0,True,normal,adaptive,-0.064,-0.048,0.0,0.064,0.048,0.0,0.063244467,0.0367966399999999,0.0,0.056296185,-0.068015106,0.2194472,0.001791122,-0.0046450426,0.006522102,"[-1.2117152797484585, 3.902668997667804, 0.0, 0.0, 0.0, 0.0, -1.670124084914355, 6.747932499675115]","[0.022652830416162163, 0.08041541216950833, 0.0]","{""Controller Type"": ""MPC Controller"", ""weight_comfort"": 214.6691224041558, ""weight_trajectory"": 963085.9312265149, ""weight_goal"": 1475658.3951850263, ""Q"": [[963085.9312265149, 0.0, 0.0, 0.0], [0.0, 0.0, 0.0, 0.0], [0.0, 0.0, 963085.9312265149, 0.0], [0.0, 0.0, 0.0, 0.0]], ""R"": [[214.6691224041558, 0.0], [0.0, 214.6691224041558]], ""P"": [[1475658.3951850263, 0.0, 0.0, 0.0], [0.0, 147565839.51850262, 0.0, 0.0], [0.0, 0.0, 1475658.3951850263, 0.0], [0.0, 0.0, 0.0, 147565839.51850262]]}","[-0.7815130950172446, 0.9980747000368325, 0.0]",False
3,P21,09ce0dcc-884e-4c47-9efa-46e431e4bea2,24,1,haply,mpc,seeded_random,2698308921,persist_session,10.0,63.12934475898742,1629.199564458,0,1786366630.6215577,1210.0,True,normal,adaptive,-0.064,-0.048,0.0,0.064,0.048,0.0,0.063275031,0.0368710399999999,0.0,0.056306373,-0.06804152,0.2194844,0.0017936174,-0.0046509807,0.006536561,"[-1.2101645177488285, 3.8980707857572123, 0.0, 0.0, 0.0, 0.0, -1.6642488677788347, 6.700037964123116]","[0.010816607199032574, 0.030405290294194132, 0.0]","{""Controller Type"": ""MPC Controller"", ""weight_comfort"": 208.19710323470667, ""weight_trajectory"": 988647.1880017559, ""weight_goal"": 1515974.5724005597, ""Q"": [[988647.1880017559, 0.0, 0.0, 0.0], [0.0, 0.0, 0.0, 0.0], [0.0, 0.0, 988647.1880017559, 0.0], [0.0, 0.0, 0.0, 0.0]], ""R"": [[208.19710323470667, 0.0], [0.0, 208.19710323470667]], ""P"": [[1515974.5724005597, 0.0, 0.0, 0.0], [0.0, 151597457.24005598, 0.0, 0.0], [0.0, 0.0, 1515974.5724005597, 0.0], [0.0, 0.0, 0.0, 151597457.24005598]]}","[-0.7237183164515038, 1.1259432725470189, 0.0]",False
3,P21,09ce0dcc-884e-4c47-9efa-46e431e4bea2,24,1,haply,mpc,seeded_random,2698308921,persist_session,10.0,63.139303026199336,1629.209531257,0,1786366630.6315837,1211.0,True,normal,adaptive,-0.064,-0.048,0.0,0.064,0.048,0.0,0.063305652,0.0369456199999999,0.0,0.05631658,-0.068067975,0.21952169,0.0017895916,-0.0046400684,0.0065266397,"[-1.2101330289897132, 3.897977975362519, 0.0, 0.0, 0.0, 0.0, -1.664090634920271, 6.698803259545755]","[0.011045863251874063, 0.031358789089212594, 0.0]","{""Controller Type"": ""MPC Controller"", ""weight_comfort"": 208.19710323470667, ""weight_trajectory"": 988647.1880017559, ""weight_goal"": 1515974.5724005597, ""Q"": [[988647.1880017559, 0.0, 0.0, 0.0], [0.0, 0.0, 0.0, 0.0], [0.0, 0.0, 988647.1880017559, 0.0], [0.0, 0.0, 0.0, 0.0]], ""R"": [[208.19710323470667, 0.0], [0.0, 208.19710323470667]], ""P"": [[1515974.5724005597, 0.0, 0.0, 0.0], [0.0, 151597457.24005598, 0.0, 0.0], [0.0, 0.0, 1515974.5724005597, 0.0], [0.0, 0.0, 0.0, 151597457.24005598]]}","[-0.7260000812419138, 1.1188153113232195, 0.0]",False
3,P21,09ce0dcc-884e-4c47-9efa-46e431e4bea2,24,1,haply,mpc,seeded_random,2698308921,persist_session,10.0,63.14934426307678,1629.21956656,0,1786366630.6415317,1212.0,True,normal,adaptive,-0.064,-0.048,0.0,0.064,0.048,0.0,0.063336321,0.0370203599999999,0.0,0.056326803,-0.06809448,0.21955906,0.0017332683,-0.0044936403,0.006325169,"[-1.210073108135274, 3.8978020801595314, 0.0, 0.0, 0.0, 0.0, -1.6638172666291147, 6.696691473575308]","[0.01106432220341147, 0.03142204810303055, 0.0]","{""Controller Type"": ""MPC Controller"", ""weight_comfort"": 208.19710323470667, ""weight_trajectory"": 988647.1880017559, ""weight_goal"": 1515974.5724005597, ""Q"": [[988647.1880017559, 0.0, 0.0, 0.0], [0.0, 0.0, 0.0, 0.0], [0.0, 0.0, 988647.1880017559, 0.0], [0.0, 0.0, 0.0, 0.0]], ""R"": [[208.19710323470667, 0.0], [0.0, 208.19710323470667]], ""P"": [[1515974.5724005597, 0.0, 0.0, 0.0], [0.0, 151597457.24005598, 0.0, 0.0], [0.0, 0.0, 1515974.5724005597, 0.0], [0.0, 0.0, 0.0, 151597457.24005598]]}","[-0.723456033217309, 1.1122222662215253, 0.0]",False
3,P21,09ce0dcc-884e-4c47-9efa-46e431e4bea2,24,1,haply,mpc,seeded_random,2698308921,persist_session,10.0,63.15929680824279,1629.229524211,0,1786366630.6512704,1213.0,True,normal,adaptive,-0.064,-0.048,0.0,0.064,0.048,0.0,0.063366954,0.0370950399999999,0.0,0.056337014,-0.068120934,0.2195964,0.0016600491,-0.004303503,0.0060610897,"[-1.210028929306544, 3.8976730425710278, 0.0, 0.0, 0.0, 0.0, -1.6635977132846778, 6.695042079819814]","[0.01121288085052754, 0.03203331968891686, 0.0]","{""Controller Type"": ""MPC Controller"", ""weight_comfort"": 204.17076235670615, ""weight_trajectory"": 1004529.2934384578, ""weight_goal"": 1540467.5761007594, ""Q"": [[1004529.2934384578, 0.0, 0.0, 0.0], [0.0, 0.0, 0.0, 0.0], [0.0, 0.0, 1004529.2934384578, 0.0], [0.0, 0.0, 0.0, 0.0]], ""R"": [[204.17076235670615, 0.0], [0.0, 204.17076235670615]], ""P"": [[1540467.5761007594, 0.0, 0.0, 0.0], [0.0, 154046757.61007595, 0.0, 0.0], [0.0, 0.0, 1540467.5761007594, 0.0], [0.0, 0.0, 0.0, 154046757.61007595]]}","[-0.7215133734316751, 1.104128805826204, 0.0]",False
3,P21,09ce0dcc-884e-4c47-9efa-46e431e4bea2,24,1,haply,mpc,seeded_random,2698308921,persist_session,10.0,63.16944890975952,1629.239659902,0,1786366630.6612785,1214.0,True,normal,adaptive,-0.064,-0.048,0.0,0.064,0.048,0.0,0.063366954,0.0370950399999999,0.0,0.056337014,-0.068120934,0.2195964,0.0015400888,-0.003992278,0.005625509,"[-1.210001198823606, 3.8975925100021525, 0.0, 0.0, 0.0, 0.0, -1.6634310438772035, 6.693841388058264]","[0.011493878982813769, 0.03319132038634019, 0.0]","{""Controller Type"": ""MPC Controller"", ""weight_comfort"": 204.17076235670615, ""weight_trajectory"": 1004529.2934384578, ""weight_goal"": 1540467.5761007594, ""Q"": [[1004529.2934384578, 0.0, 0.0, 0.0], [0.0, 0.0, 0.0, 0.0], [0.0, 0.0, 1004529.2934384578, 0.0], [0.0, 0.0, 0.0, 0.0]], ""R"": [[204.17076235670615, 0.0], [0.0, 204.17076235670615]], ""P"": [[1540467.5761007594, 0.0, 0.0, 0.0], [0.0, 154046757.61007595, 0.0, 0.0], [0.0, 0.0, 1540467.5761007594, 0.0], [0.0, 0.0, 0.0, 154046757.61007595]]}","[-0.7224483455208875, 1.0956588333564807, 0.0]",False
3,P21,09ce0dcc-884e-4c47-9efa-46e431e4bea2,24,1,haply,mpc,seeded_random,2698308921,persist_session,10.0,63.179323730468745,1629.249546641,0,1786366630.671217,1215.0,True,normal,adaptive,-0.064,-0.048,0.0,0.064,0.048,0.0,0.063397572,0.0371697199999999,0.0,0.05634722,-0.06814738,0.21963374,0.0014273695,-0.0036998629,0.005215968,"[-1.2102798064083025, 3.897994623026826, 0.0, 0.0, 0.0, 0.0, -1.6783739214706532, 6.725389557351367]","[-0.0007661627903275481, -0.01830260047868067, 0.0]","{""Controller Type"": ""MPC Controller"", ""weight_comfort"": 204.17076235670615, ""weight_trajectory"": 1004529.2934384578, ""weight_goal"": 1540467.5761007594, ""Q"": [[1004529.2934384578, 0.0, 0.0, 0.0], [0.0, 0.0, 0.0, 0.0], [0.0, 0.0, 1004529.2934384578, 0.0], [0.0, 0.0, 0.0, 0.0]], ""R"": [[204.17076235670615, 0.0], [0.0, 204.17076235670615]], ""P"": [[1540467.5761007594, 0.0, 0.0, 0.0], [0.0, 154046757.61007595, 0.0, 0.0], [0.0, 0.0, 1540467.5761007594, 0.0], [0.0, 0.0, 0.0, 154046757.61007595]]}","[-0.665014739445318, 1.2356758622499555, 0.0]",False
3,P21,09ce0dcc-884e-4c47-9efa-46e431e4bea2,24,1,haply,mpc,seeded_random,2698308921,persist_session,10.0,63.189381418228145,1629.259594359,0,1786366630.6813416,1216.0,True,normal,adaptive,-0.064,-0.048,0.0,0.064,0.048,0.0,0.063397572,0.0371697199999999,0.0,0.05634722,-0.06814738,0.21963374,0.0013057459,-0.0033844486,0.00477309,"[-1.2118931177158219, 3.902669086042139, 0.0, 0.0, 0.0, 0.0, -1.6850514071663092, 6.77447843398128]","[0.01129308218384046, 0.03265540161821469, 0.0]","{""Controller Type"": ""MPC Controller"", ""weight_comfort"": 201.3106079855581, ""weight_trajectory"": 1015857.6546890012, ""weight_goal"": 1556929.6744319093, ""Q"": [[1015857.6546890012, 0.0, 0.0, 0.0], [0.0, 0.0, 0.0, 0.0], [0.0, 0.0, 1015857.6546890012, 0.0], [0.0, 0.0, 0.0, 0.0]], ""R"": [[201.3106079855581, 0.0], [0.0, 201.3106079855581]], ""P"": [[1556929.6744319093, 0.0, 0.0, 0.0], [0.0, 155692967.44319093, 0.0, 0.0], [0.0, 0.0, 1556929.6744319093, 0.0], [0.0, 0.0, 0.0, 155692967.44319093]]}","[-0.7187851114428767, 1.0917344744681823, 0.0]",False
3,P21,09ce0dcc-884e-4c47-9efa-46e431e4bea2,24,1,haply,mpc,seeded_random,2698308921,persist_session,10.0,63.19959956169128,1629.269808434,0,1786366630.691237,1217.0,True,normal,adaptive,-0.064,-0.048,0.0,0.064,0.048,0.0,0.063428232,0.0372445599999999,0.0,0.05635744,-0.06817388,0.21967116,0.0011975532,-0.0031038618,0.0043791463,"[-1.2121503211407612, 3.903040298777845, 0.0, 0.0, 0.0, 0.0, -1.699437680156335, 6.80484796936598]","[-0.0007302332936641721, -0.018405385918643616, 0.0]","{""Controller Type"": ""MPC Controller"", ""weight_comfort"": 201.3106079855581, ""weight_trajectory"": 1015857.6546890012, ""weight_goal"": 1556929.6744319093, ""Q"": [[1015857.6546890012, 0.0, 0.0, 0.0], [0.0, 0.0, 0.0, 0.0], [0.0, 0.0, 1015857.6546890012, 0.0], [0.0, 0.0, 0.0, 0.0]], ""R"": [[201.3106079855581, 0.0], [0.0, 201.3106079855581]], ""P"": [[1556929.6744319093, 0.0, 0.0, 0.0], [0.0, 155692967.44319093, 0.0, 0.0], [0.0, 0.0, 1556929.6744319093, 0.0], [0.0, 0.0, 0.0, 155692967.44319093]]}","[-0.6640654250528343, 1.229786906134878, 0.0]",False
3,P21,09ce0dcc-884e-4c47-9efa-46e431e4bea2,24,1,haply,mpc,seeded_random,2698308921,persist_session,10.0,63.20940762519836,1629.27962554,0,1786366630.701353,1218.0,True,normal,adaptive,-0.064,-0.048,0.0,0.064,0.048,0.0,0.063489486,0.0373941599999999,0.0,0.056377858,-0.06822677,0.21974596,0.0011162355,-0.0028929163,0.004083614,"[-1.2138069830661582, 3.9078192945634, 0.0, 0.0, 0.0, 0.0, -1.7064319394929572, 6.8552506093795715]","[0.011414100025168518, 0.033493983502799834, 0.0]","{""Controller Type"": ""MPC Controller"", ""weight_comfort"": 201.3106079855581, ""weight_trajectory"": 1015857.6546890012, ""weight_goal"": 1556929.6744319093, ""Q"": [[1015857.6546890012, 0.0, 0.0, 0.0], [0.0, 0.0, 0.0, 0.0], [0.0, 0.0, 1015857.6546890012, 0.0], [0.0, 0.0, 0.0, 0.0]], ""R"": [[201.3106079855581, 0.0], [0.0, 201.3106079855581]], ""P"": [[1556929.6744319093, 0.0, 0.0, 0.0], [0.0, 155692967.44319093, 0.0, 0.0], [0.0, 0.0, 1556929.6744319093, 0.0], [0.0, 0.0, 0.0, 155692967.44319093]]}","[-0.7181747266050471, 1.084851381235666, 0.0]",False
3,P21,09ce0dcc-884e-4c47-9efa-46e431e4bea2,24,1,haply,mpc,seeded_random,2698308921,persist_session,10.0,63.21934514999389,1629.289570883,0,1786366630.7111914,1219.0,True,normal,adaptive,-0.064,-0.048,0.0,0.064,0.048,0.0,0.063647082,0.0375407599999999,0.0,0.05643039,-0.0682584,0.21981926,0.0010746645,-0.002784703,0.003933848,"[-1.2169284441538923, 3.9164919685071284, 0.0, 0.0, 0.0, 0.0, -1.7302855304398532, 6.96566520051757]","[0.023093491899924438, 0.08465926598833726, 0.0]","{""Controller Type"": ""MPC Controller"", ""weight_comfort"": 196.8403379128256, ""weight_trajectory"": 1033686.7407731796, ""weight_goal"": 1581830.850571291, ""Q"": [[1033686.7407731796, 0.0, 0.0, 0.0], [0.0, 0.0, 0.0, 0.0], [0.0, 0.0, 1033686.7407731796, 0.0], [0.0, 0.0, 0.0, 0.0]], ""R"": [[196.8403379128256, 0.0], [0.0, 196.8403379128256]], ""P"": [[1581830.850571291, 0.0, 0.0, 0.0], [0.0, 158183085.0571291, 0.0, 0.0], [0.0, 0.0, 1581830.850571291, 0.0], [0.0, 0.0, 0.0, 158183085.0571291]]}","[-0.7671952925420124, 0.9393393837845776, 0.0]",False
3,P21,09ce0dcc-884e-4c47-9efa-46e431e4bea2,24,1,haply,mpc,seeded_random,2698308921,persist_session,10.0,63.22935753822326,1629.299576151,0,1786366630.721346,1220.0,True,normal,adaptive,-0.064,-0.048,0.0,0.064,0.048,0.0,0.063664914,0.0377093599999999,0.0,0.056436334,-0.068267524,0.21990356,0.0010895886,-0.0027768742,0.0039392267,"[-1.2474032518277776, 3.999379844880103, 0.0, 0.0, 0.0, 0.0, -1.7274293978309059, 6.952522657106155]","[0.06362404148903246, 0.0855311329677103, 0.0]","{""Controller Type"": ""MPC Controller"", ""weight_comfort"": 196.8403379128256, ""weight_trajectory"": 1033686.7407731796, ""weight_goal"": 1581830.850571291, ""Q"": [[1033686.7407731796, 0.0, 0.0, 0.0], [0.0, 0.0, 0.0, 0.0], [0.0, 0.0, 1033686.7407731796, 0.0], [0.0, 0.0, 0.0, 0.0]], ""R"": [[196.8403379128256, 0.0], [0.0, 196.8403379128256]], ""P"": [[1581830.850571291, 0.0, 0.0, 0.0], [0.0, 158183085.0571291, 0.0, 0.0], [0.0, 0.0, 1581830.850571291, 0.0], [0.0, 0.0, 0.0, 158183085.0571291]]}","[-0.9545684879024152, 0.9315151202574393, 0.0]",False
3,P21,09ce0dcc-884e-4c47-9efa-46e431e4bea2,24,1,haply,mpc,seeded_random,2698308921,persist_session,10.0,63.239326295852656,1629.30955162,0,1786366630.7311995,1221.0,True,normal,adaptive,-0.064,-0.048,0.0,0.064,0.048,0.0,0.063809682,0.0379497799999999,0.0,0.05648459,-0.068281665,0.22002377,0.0011702416,-0.0028885838,0.004136739,"[-1.2430282210377668, 3.986726271834531, 0.0, 0.0, 0.0, 0.0, -1.7305975495583814, 6.966664476661683]","[0.006584289502781129, 0.09785933917255848, 0.0]","{""Controller Type"": ""MPC Controller"", ""weight_comfort"": 196.8403379128256, ""weight_trajectory"": 1033686.7407731796, ""weight_goal"": 1581830.850571291, ""Q"": [[1033686.7407731796, 0.0, 0.0, 0.0], [0.0, 0.0, 0.0, 0.0], [0.0, 0.0, 1033686.7407731796, 0.0], [0.0, 0.0, 0.0, 0.0]], ""R"": [[196.8403379128256, 0.0], [0.0, 196.8403379128256]], ""P"": [[1581830.850571291, 0.0, 0.0, 0.0], [0.0, 158183085.0571291, 0.0, 0.0], [0.0, 0.0, 1581830.850571291, 0.0], [0.0, 0.0, 0.0, 158183085.0571291]]}","[-0.6840475026337198, 0.8817793520962124, 0.0]",False
3,P21,09ce0dcc-884e-4c47-9efa-46e431e4bea2,24,1,haply,mpc,seeded_random,2698308921,persist_session,10.0,63.249333677291865,1629.319556535,0,1786366630.7413225,1222.0,True,normal,adaptive,-0.064,-0.048,0.0,0.064,0.048,0.0,0.0638274,0.0381185399999999,0.0,0.056490496,-0.06829065,0.22010815,0.0013327897,-0.0032301524,0.0046753427,"[-1.2801872609236693, 4.087492812952295, 0.0, 0.0, 0.0, 0.0, -1.7787530088475079, 7.167658742412797]","[0.059809340202975146, 0.15700828547880888, 0.0]","{""Controller Type"": ""MPC Controller"", ""weight_comfort"": 184.38134514178685, ""weight_trajectory"": 1083608.598668744, ""weight_goal"": 1654144.7700188158, ""Q"": [[1083608.598668744, 0.0, 0.0, 0.0], [0.0, 0.0, 0.0, 0.0], [0.0, 0.0, 1083608.598668744, 0.0], [0.0, 0.0, 0.0, 0.0]], ""R"": [[184.38134514178685, 0.0], [0.0, 184.38134514178685]], ""P"": [[1654144.7700188158, 0.0, 0.0, 0.0], [0.0, 165414477.00188157, 0.0, 0.0], [0.0, 0.0, 1654144.7700188158, 0.0], [0.0, 0.0, 0.0, 165414477.00188157]]}","[-0.9161722454175856, 0.7205477206947319, 0.0]",False
3,P21,09ce0dcc-884e-4c47-9efa-46e431e4bea2,24,1,haply,mpc,seeded_random,2698308921,persist_session,10.0,63.25935512542724,1629.329580559,0,1786366630.751231,1223.0,True,normal,adaptive,-0.064,-0.048,0.0,0.064,0.048,0.0,0.06387579,0.0383627799999999,0.0,0.056506626,-0.06832602,0.22023027,0.0016054132,-0.0038683608,0.0056575486,"[-1.2759188180762664, 4.075571898022914, 0.0, 0.0, 0.0, 0.0, -1.7390264002817162, 6.991936566826472]","[0.006913460242133485, 0.0993834109916051, 0.0]","{""Controller Type"": ""MPC Controller"", ""weight_comfort"": 184.38134514178685, ""weight_trajectory"": 1083608.598668744, ""weight_goal"": 1654144.7700188158, ""Q"": [[1083608.598668744, 0.0, 0.0, 0.0], [0.0, 0.0, 0.0, 0.0], [0.0, 0.0, 1083608.598668744, 0.0], [0.0, 0.0, 0.0, 0.0]], ""R"": [[184.38134514178685, 0.0], [0.0, 184.38134514178685]], ""P"": [[1654144.7700188158, 0.0, 0.0, 0.0], [0.0, 165414477.00188157, 0.0, 0.0], [0.0, 0.0, 1654144.7700188158, 0.0], [0.0, 0.0, 0.0, 165414477.00188157]]}","[-0.6756015769155028, 0.8458658668988608, 0.0]",False
3,P21,09ce0dcc-884e-4c47-9efa-46e431e4bea2,24,1,haply,mpc,seeded_random,2698308921,persist_session,10.0,63.269457159042354,1629.339674466,0,1786366630.7613535,1224.0,True,normal,adaptive,-0.064,-0.048,0.0,0.064,0.048,0.0,0.063937047,0.0385133999999999,0.0,0.056527045,-0.068378724,0.22030558,0.0017965196,-0.0043144263,0.00637646,"[-1.2788177593094099, 4.083465599209199, 0.0, 0.0, 0.0, 0.0, -1.7887290235519835, 7.198085633692725]","[0.019783166181718458, 0.1601879943572315, 0.0]","{""Controller Type"": ""MPC Controller"", ""weight_comfort"": 184.38134514178685, ""weight_trajectory"": 1083608.598668744, ""weight_goal"": 1654144.7700188158, ""Q"": [[1083608.598668744, 0.0, 0.0, 0.0], [0.0, 0.0, 0.0, 0.0], [0.0, 0.0, 1083608.598668744, 0.0], [0.0, 0.0, 0.0, 0.0]], ""R"": [[184.38134514178685, 0.0], [0.0, 184.38134514178685]], ""P"": [[1654144.7700188158, 0.0, 0.0, 0.0], [0.0, 165414477.00188157, 0.0, 0.0], [0.0, 0.0, 1654144.7700188158, 0.0], [0.0, 0.0, 0.0, 165414477.00188157]]}","[-0.7206134958510274, 0.6741036721000458, 0.0]",False
3,P21,09ce0dcc-884e-4c47-9efa-46e431e4bea2,24,1,haply,mpc,seeded_random,2698308921,persist_session,10.0,63.2793431854248,1629.349568573,0,1786366630.771146,1225.0,True,normal,adaptive,-0.064,-0.048,0.0,0.064,0.048,0.0,0.06395466,0.0386826399999999,0.0,0.056532916,-0.06838758,0.2203902,0.0019018094,-0.004633995,0.0068932055,"[-1.2799296999928058, 4.086478398277458, 0.0, 0.0, 0.0, 0.0, -1.7471175032103998, 7.010931010894959]","[0.024648353336409953, 0.08774366457723026, 0.0]","{""Controller Type"": ""MPC Controller"", ""weight_comfort"": 175.8190810055293, ""weight_trajectory"": 1117371.982046016, ""weight_goal"": 1708033.1230358034, ""Q"": [[1117371.982046016, 0.0, 0.0, 0.0], [0.0, 0.0, 0.0, 0.0], [0.0, 0.0, 1117371.982046016, 0.0], [0.0, 0.0, 0.0, 0.0]], ""R"": [[175.8190810055293, 0.0], [0.0, 175.8190810055293]], ""P"": [[1708033.1230358034, 0.0, 0.0, 0.0], [0.0, 170803312.30358034, 0.0, 0.0], [0.0, 0.0, 1708033.1230358034, 0.0], [0.0, 0.0, 0.0, 170803312.30358034]]}","[-0.7368374973775591, 0.8395426075050153, 0.0]",False
3,P21,09ce0dcc-884e-4c47-9efa-46e431e4bea2,24,1,haply,mpc,seeded_random,2698308921,persist_session,10.0,63.28944855690002,1629.359665676,0,1786366630.781435,1226.0,True,normal,adaptive,-0.064,-0.048,0.0,0.064,0.048,0.0,0.0640465259999999,0.0389091999999999,0.0,0.056563538,-0.06846659,0.22050348,0.0017377057,-0.0041782977,0.007419397,"[-1.278336285792522, 4.082139917259463, 0.0, 0.0, 0.0, 0.0, -1.7539781306686673, 7.0407350245862474]","[0.007284393474807098, 0.10534200056220631, 0.0]","{""Controller Type"": ""MPC Controller"", ""weight_comfort"": 175.8190810055293, ""weight_trajectory"": 1117371.982046016, ""weight_goal"": 1708033.1230358034, ""Q"": [[1117371.982046016, 0.0, 0.0, 0.0], [0.0, 0.0, 0.0, 0.0], [0.0, 0.0, 1117371.982046016, 0.0], [0.0, 0.0, 0.0, 0.0]], ""R"": [[175.8190810055293, 0.0], [0.0, 175.8190810055293]], ""P"": [[1708033.1230358034, 0.0, 0.0, 0.0], [0.0, 170803312.30358034, 0.0, 0.0], [0.0, 0.0, 1708033.1230358034, 0.0], [0.0, 0.0, 0.0, 170803312.30358034]]}","[-0.6525594871569513, 0.7783378519539706, 0.0]",False
3,P21,09ce0dcc-884e-4c47-9efa-46e431e4bea2,24,1,haply,mpc,seeded_random,2698308921,persist_session,10.0,63.29941826820373,1629.369634237,0,1786366630.791153,1227.0,True,normal,adaptive,-0.064,-0.048,0.0,0.064,0.048,0.0,0.064138491,0.0391364199999999,0.0,0.056594193,-0.06854569,0.22061709,0.0015471168,-0.0036257706,0.007891763,"[-1.2903543464449776, 4.11453824581182, 0.0, 0.0, 0.0, 0.0, -1.7754921979424572, 7.1305204214097175]","[0.036797120111000864, 0.1408715008859447, 0.0]","{""Controller Type"": ""MPC Controller"", ""weight_comfort"": 175.8190810055293, ""weight_trajectory"": 1117371.982046016, ""weight_goal"": 1708033.1230358034, ""Q"": [[1117371.982046016, 0.0, 0.0, 0.0], [0.0, 0.0, 0.0, 0.0], [0.0, 0.0, 1117371.982046016, 0.0], [0.0, 0.0, 0.0, 0.0]], ""R"": [[175.8190810055293, 0.0], [0.0, 175.8190810055293]], ""P"": [[1708033.1230358034, 0.0, 0.0, 0.0], [0.0, 170803312.30358034, 0.0, 0.0], [0.0, 0.0, 1708033.1230358034, 0.0], [0.0, 0.0, 0.0, 170803312.30358034]]}","[-0.7755623442493718, 0.6707983556884822, 0.0]",False
3,P21,09ce0dcc-884e-4c47-9efa-46e431e4bea2,24,1,haply,mpc,seeded_random,2698308921,persist_session,10.0,63.309520063400264,1629.379737731,0,1786366630.8012826,1228.0,True,normal,adaptive,-0.064,-0.048,0.0,0.064,0.048,0.0,0.064230432,0.0393638599999999,0.0,0.05662484,-0.06862473,0.22073081,0.001436851,-0.003295082,0.008373328,"[-1.2906653839629145, 4.1153742145258585, 0.0, 0.0, 0.0, 0.0, -1.7747088463011986, 7.127283845024546]","[0.039124277167373024, 0.15091628101648383, 0.0]","{""Controller Type"": ""MPC Controller"", ""weight_comfort"": 164.55332106578797, ""weight_trajectory"": 1162558.6179610286, ""weight_goal"": 1775357.179270179, ""Q"": [[1162558.6179610286, 0.0, 0.0, 0.0], [0.0, 0.0, 0.0, 0.0], [0.0, 0.0, 1162558.6179610286, 0.0], [0.0, 0.0, 0.0, 0.0]], ""R"": [[164.55332106578797, 0.0], [0.0, 164.55332106578797]], ""P"": [[1775357.179270179, 0.0, 0.0, 0.0], [0.0, 177535717.9270179, 0.0, 0.0], [0.0, 0.0, 1775357.179270179, 0.0], [0.0, 0.0, 0.0, 177535717.9270179]]}","[-0.7774427658072749, 0.6251533003044951, 0.0]",False
3,P21,09ce0dcc-884e-4c47-9efa-46e431e4bea2,24,1,haply,mpc,seeded_random,2698308921,persist_session,10.0,63.319338617324824,1629.389565905,0,1786366630.8113809,1229.0,True,normal,adaptive,-0.064,-0.048,0.0,0.064,0.048,0.0,0.064278414,0.0396096199999999,0.0,0.056640834,-0.06865962,0.22085369,0.0015127518,-0.0035019594,0.008841016,"[-1.2892324547218665, 4.111536072335996, 0.0, 0.0, 0.0, 0.0, -1.7584617438680692, 7.0600456112719305]","[0.03761497776937603, 0.1433315347964657, 0.0]","{""Controller Type"": ""MPC Controller"", ""weight_comfort"": 164.55332106578797, ""weight_trajectory"": 1162558.6179610286, ""weight_goal"": 1775357.179270179, ""Q"": [[1162558.6179610286, 0.0, 0.0, 0.0], [0.0, 0.0, 0.0, 0.0], [0.0, 0.0, 1162558.6179610286, 0.0], [0.0, 0.0, 0.0, 0.0]], ""R"": [[164.55332106578797, 0.0], [0.0, 164.55332106578797]], ""P"": [[1775357.179270179, 0.0, 0.0, 0.0], [0.0, 177535717.9270179, 0.0, 0.0], [0.0, 0.0, 1775357.179270179, 0.0], [0.0, 0.0, 0.0, 177535717.9270179]]}","[-0.7667895885207353, 0.6232948539217654, 0.0]",False
3,P21,09ce0dcc-884e-4c47-9efa-46e431e4bea2,24,1,haply,mpc,seeded_random,2698308921,persist_session,10.0,63.32937913894653,1629.399598261,0,1786366630.8215413,1230.0,True,normal,adaptive,-0.064,-0.048,0.0,0.064,0.048,0.0,0.064400946,0.0399139799999999,0.0,0.056681678,-0.068764895,0.22100587,0.001682848,-0.003965046,0.009443112,"[-1.2846961973521267, 4.099510034575175, 0.0, 0.0, 0.0, 0.0, -1.7606995886396415, 7.069199534071217]","[0.019836626326616657, 0.15726992276796883, 0.0]","{""Controller Type"": ""MPC Controller"", ""weight_comfort"": 164.55332106578797, ""weight_trajectory"": 1162558.6179610286, ""weight_goal"": 1775357.179270179, ""Q"": [[1162558.6179610286, 0.0, 0.0, 0.0], [0.0, 0.0, 0.0, 0.0], [0.0, 0.0, 1162558.6179610286, 0.0], [0.0, 0.0, 0.0, 0.0]], ""R"": [[164.55332106578797, 0.0], [0.0, 164.55332106578797]], ""P"": [[1775357.179270179, 0.0, 0.0, 0.0], [0.0, 177535717.9270179, 0.0, 0.0], [0.0, 0.0, 1775357.179270179, 0.0], [0.0, 0.0, 0.0, 177535717.9270179]]}","[-0.6744645591551549, 0.5628156599168636, 0.0]",False
3,P21,09ce0dcc-884e-4c47-9efa-46e431e4bea2,24,1,haply,mpc,seeded_random,2698308921,persist_session,10.0,63.33932167053222,1629.409545715,0,1786366630.8315947,1231.0,True,normal,adaptive,-0.064,-0.048,0.0,0.064,0.048,0.0,0.064523532,0.0402190799999999,0.0,0.05672254,-0.068870194,0.22115842,0.0019010792,-0.004544651,0.010240959,"[-1.3016028672930327, 4.144683417554363, 0.0, 0.0, 0.0, 0.0, -1.7949763079163532, 7.206500969813465]","[0.0505055385516007, 0.2013592423244264, 0.0]","{""Controller Type"": ""MPC Controller"", ""weight_comfort"": 150.10321135307836, ""weight_trajectory"": 1220515.2534072427, ""weight_goal"": 1862632.8144067768, ""Q"": [[1220515.2534072427, 0.0, 0.0, 0.0], [0.0, 0.0, 0.0, 0.0], [0.0, 0.0, 1220515.2534072427, 0.0], [0.0, 0.0, 0.0, 0.0]], ""R"": [[150.10321135307836, 0.0], [0.0, 150.10321135307836]], ""P"": [[1862632.8144067768, 0.0, 0.0, 0.0], [0.0, 186263281.44067767, 0.0, 0.0], [0.0, 0.0, 1862632.8144067768, 0.0], [0.0, 0.0, 0.0, 186263281.44067767]]}","[-0.7980776929016311, 0.4317350827045958, 0.0]",False
3,P21,09ce0dcc-884e-4c47-9efa-46e431e4bea2,24,1,haply,mpc,seeded_random,2698308921,persist_session,10.0,63.349319753646846,1629.419541366,0,1786366630.8416796,1232.0,True,normal,adaptive,-0.064,-0.048,0.0,0.064,0.048,0.0,0.064646142,0.0405248799999999,0.0,0.05676341,-0.06897547,0.22131132,0.0021217787,-0.0051251757,0.011060684,"[-1.3006280892484179, 4.142086733022733, 0.0, 0.0, 0.0, 0.0, -1.778830055918143, 7.142062691298849]","[0.051187419213053593, 0.20290605127208297, 0.0]","{""Controller Type"": ""MPC Controller"", ""weight_comfort"": 150.10321135307836, ""weight_trajectory"": 1220515.2534072427, ""weight_goal"": 1862632.8144067768, ""Q"": [[1220515.2534072427, 0.0, 0.0, 0.0], [0.0, 0.0, 0.0, 0.0], [0.0, 0.0, 1220515.2534072427, 0.0], [0.0, 0.0, 0.0, 0.0]], ""R"": [[150.10321135307836, 0.0], [0.0, 150.10321135307836]], ""P"": [[1862632.8144067768, 0.0, 0.0, 0.0], [0.0, 186263281.44067767, 0.0, 0.0], [0.0, 0.0, 1862632.8144067768, 0.0], [0.0, 0.0, 0.0, 186263281.44067767]]}","[-0.7946179766922602, 0.3983488160001407, 0.0]",False
3,P21,09ce0dcc-884e-4c47-9efa-46e431e4bea2,24,1,haply,mpc,seeded_random,2698308921,persist_session,10.0,63.35930400848388,1629.429526987,0,1786366630.8512197,1233.0,True,normal,adaptive,-0.064,-0.048,0.0,0.064,0.048,0.0,0.06473811,0.0407547399999999,0.0,0.056794066,-0.069054425,0.22142625,0.0024131539,-0.005942066,0.0115664005,"[-1.2992149750298498, 4.138334221707693, 0.0, 0.0, 0.0, 0.0, -1.7588839356586778, 7.062673642365097]","[0.05115259848766409, 0.20101117769687032, 0.0]","{""Controller Type"": ""MPC Controller"", ""weight_comfort"": 150.10321135307836, ""weight_trajectory"": 1220515.2534072427, ""weight_goal"": 1862632.8144067768, ""Q"": [[1220515.2534072427, 0.0, 0.0, 0.0], [0.0, 0.0, 0.0, 0.0], [0.0, 0.0, 1220515.2534072427, 0.0], [0.0, 0.0, 0.0, 0.0]], ""R"": [[150.10321135307836, 0.0], [0.0, 150.10321135307836]], ""P"": [[1862632.8144067768, 0.0, 0.0, 0.0], [0.0, 186263281.44067767, 0.0, 0.0], [0.0, 0.0, 1862632.8144067768, 0.0], [0.0, 0.0, 0.0, 186263281.44067767]]}","[-0.7828688150112325, 0.37089117191001797, 0.0]",False
3,P21,09ce0dcc-884e-4c47-9efa-46e431e4bea2,24,1,haply,mpc,seeded_random,2698308921,persist_session,10.0,63.36940151214599,1629.439612013,0,1786366630.8613148,1234.0,True,normal,adaptive,-0.064,-0.048,0.0,0.064,0.048,0.0,0.064830072,0.0409849399999999,0.0,0.05682472,-0.069133356,0.22154135,0.0026903297,-0.0067326347,0.011895663,"[-1.292875593375536, 4.121619328488082, 0.0, 0.0, 0.0, 0.0, -1.6987153724304842, 6.8195142931718555]","[0.040687394158952776, 0.15200266339814283, 0.0]","{""Controller Type"": ""MPC Controller"", ""weight_comfort"": 133.70859354503492, ""weight_trajectory"": 1283942.7927602434, ""weight_goal"": 1965684.9917543002, ""Q"": [[1283942.7927602434, 0.0, 0.0, 0.0], [0.0, 0.0, 0.0, 0.0], [0.0, 0.0, 1283942.7927602434, 0.0], [0.0, 0.0, 0.0, 0.0]], ""R"": [[133.70859354503492, 0.0], [0.0, 133.70859354503492]], ""P"": [[1965684.9917543002, 0.0, 0.0, 0.0], [0.0, 196568499.17543003, 0.0, 0.0], [0.0, 0.0, 1965684.9917543002, 0.0], [0.0, 0.0, 0.0, 196568499.17543003]]}","[-0.7280926744340684, 0.4647382138267366, 0.0]",False
3,P21,09ce0dcc-884e-4c47-9efa-46e431e4bea2,24,1,haply,mpc,seeded_random,2698308921,persist_session,10.0,63.37947326660156,1629.449680053,0,1786366630.8712316,1235.0,True,normal,adaptive,-0.064,-0.048,0.0,0.064,0.048,0.0,0.064891398,0.0411386199999999,0.0,0.056845162,-0.06918597,0.22161819,0.00287271,-0.0072561903,0.0120816,"[-1.2910651389244303, 4.116866402626336, 0.0, 0.0, 0.0, 0.0, -1.6798079788648714, 6.742949714385818]","[0.038574479144004095, 0.14197619022748043, 0.0]","{""Controller Type"": ""MPC Controller"", ""weight_comfort"": 133.70859354503492, ""weight_trajectory"": 1283942.7927602434, ""weight_goal"": 1965684.9917543002, ""Q"": [[1283942.7927602434, 0.0, 0.0, 0.0], [0.0, 0.0, 0.0, 0.0], [0.0, 0.0, 1283942.7927602434, 0.0], [0.0, 0.0, 0.0, 0.0]], ""R"": [[133.70859354503492, 0.0], [0.0, 133.70859354503492]], ""P"": [[1965684.9917543002, 0.0, 0.0, 0.0], [0.0, 196568499.17543003, 0.0, 0.0], [0.0, 0.0, 1965684.9917543002, 0.0], [0.0, 0.0, 0.0, 196568499.17543003]]}","[-0.7145029668407293, 0.46945665980281515, 0.0]",False
3,P21,09ce0dcc-884e-4c47-9efa-46e431e4bea2,24,1,haply,mpc,seeded_random,2698308921,persist_session,10.0,63.389531669616694,1629.459742739,0,1786366630.8814125,1236.0,True,normal,adaptive,-0.064,-0.048,0.0,0.064,0.048,0.0,0.064952721,0.0412924599999999,0.0,0.056865603,-0.06923858,0.22169511,0.0030045605,-0.007634067,0.012222117,"[-1.286576315281675, 4.105260726683255, 0.0, 0.0, 0.0, 0.0, -1.643694966675011, 6.590418597816849]","[0.0265340396258796, 0.090853451008722, 0.0]","{""Controller Type"": ""MPC Controller"", ""weight_comfort"": 133.70859354503492, ""weight_trajectory"": 1283942.7927602434, ""weight_goal"": 1965684.9917543002, ""Q"": [[1283942.7927602434, 0.0, 0.0, 0.0], [0.0, 0.0, 0.0, 0.0], [0.0, 0.0, 1283942.7927602434, 0.0], [0.0, 0.0, 0.0, 0.0]], ""R"": [[133.70859354503492, 0.0], [0.0, 133.70859354503492]], ""P"": [[1965684.9917543002, 0.0, 0.0, 0.0], [0.0, 196568499.17543003, 0.0, 0.0], [0.0, 0.0, 1965684.9917543002, 0.0], [0.0, 0.0, 0.0, 196568499.17543003]]}","[-0.6547398199343671, 0.5904345708840623, 0.0]",False
3,P21,09ce0dcc-884e-4c47-9efa-46e431e4bea2,24,1,haply,mpc,seeded_random,2698308921,persist_session,10.0,63.39943915367126,1629.469650369,0,1786366630.8912024,1237.0,True,normal,adaptive,-0.064,-0.048,0.0,0.064,0.048,0.0,0.065044662,0.0415234599999999,0.0,0.05689625,-0.069317445,0.22181061,0.0030582824,-0.007800343,0.012166043,"[-1.286003537882501, 4.103785611844296, 0.0, 0.0, 0.0, 0.0, -1.6383385653335425, 6.567786172900609]","[0.025944146727915, 0.08825612110747136, 0.0]","{""Controller Type"": ""MPC Controller"", ""weight_comfort"": 122.92981323465098, ""weight_trajectory"": 1325133.2272291156, ""weight_goal"": 2033048.6545634796, ""Q"": [[1325133.2272291156, 0.0, 0.0, 0.0], [0.0, 0.0, 0.0, 0.0], [0.0, 0.0, 1325133.2272291156, 0.0], [0.0, 0.0, 0.0, 0.0]], ""R"": [[122.92981323465098, 0.0], [0.0, 122.92981323465098]], ""P"": [[2033048.6545634796, 0.0, 0.0, 0.0], [0.0, 203304865.45634797, 0.0, 0.0], [0.0, 0.0, 2033048.6545634796, 0.0], [0.0, 0.0, 0.0, 203304865.45634797]]}","[-0.6460724260808707, 0.583479584449398, 0.0]",False
3,P21,09ce0dcc-884e-4c47-9efa-46e431e4bea2,24,1,haply,mpc,seeded_random,2698308921,persist_session,10.0,63.40965634346008,1629.479866179,0,1786366630.90131,1238.0,True,normal,adaptive,-0.064,-0.048,0.0,0.064,0.048,0.0,0.065136687,0.0417550399999999,0.0,0.056926925,-0.069396354,0.2219264,0.0030418532,-0.007776812,0.0119316075,"[-1.2923229082953227, 4.1202782609440805, 0.0, 0.0, 0.0, 0.0, -1.6909659368457994, 6.7788124659333455]","[0.04004416288752034, 0.14899492376801804, 0.0]","{""Controller Type"": ""MPC Controller"", ""weight_comfort"": 122.92981323465098, ""weight_trajectory"": 1325133.2272291156, ""weight_goal"": 2033048.6545634796, ""Q"": [[1325133.2272291156, 0.0, 0.0, 0.0], [0.0, 0.0, 0.0, 0.0], [0.0, 0.0, 1325133.2272291156, 0.0], [0.0, 0.0, 0.0, 0.0]], ""R"": [[122.92981323465098, 0.0], [0.0, 122.92981323465098]], ""P"": [[2033048.6545634796, 0.0, 0.0, 0.0], [0.0, 203304865.45634797, 0.0, 0.0], [0.0, 0.0, 2033048.6545634796, 0.0], [0.0, 0.0, 0.0, 203304865.45634797]]}","[-0.7023840006327321, 0.4066301649829669, 0.0]",False
3,P21,09ce0dcc-884e-4c47-9efa-46e431e4bea2,24,1,haply,mpc,seeded_random,2698308921,persist_session,10.0,63.419518527984614,1629.489726013,0,1786366630.9112325,1239.0,True,normal,adaptive,-0.064,-0.048,0.0,0.064,0.048,0.0,0.065228742,0.0419870599999999,0.0,0.05695761,-0.069475286,0.22204241,0.003026887,-0.007751085,0.011757936,"[-1.2909538391478783, 4.116719176619011, 0.0, 0.0, 0.0, 0.0, -1.6759986949515118, 6.7188296910917735]","[0.03894853198628026, 0.14347299766546953, 0.0]","{""Controller Type"": ""MPC Controller"", ""weight_comfort"": 122.92981323465098, ""weight_trajectory"": 1325133.2272291156, ""weight_goal"": 2033048.6545634796, ""Q"": [[1325133.2272291156, 0.0, 0.0, 0.0], [0.0, 0.0, 0.0, 0.0], [0.0, 0.0, 1325133.2272291156, 0.0], [0.0, 0.0, 0.0, 0.0]], ""R"": [[122.92981323465098, 0.0], [0.0, 122.92981323465098]], ""P"": [[2033048.6545634796, 0.0, 0.0, 0.0], [0.0, 203304865.45634797, 0.0, 0.0], [0.0, 0.0, 2033048.6545634796, 0.0], [0.0, 0.0, 0.0, 203304865.45634797]]}","[-0.688394845029535, 0.3980338446688638, 0.0]",False
3,P21,09ce0dcc-884e-4c47-9efa-46e431e4bea2,24,1,haply,mpc,seeded_random,2698308921,persist_session,10.0,63.42954998970031,1629.499758381,0,1786366630.9213166,1240.0,True,normal,adaptive,-0.064,-0.048,0.0,0.064,0.048,0.0,0.065320707,0.0422192199999999,0.0,0.056988265,-0.0695541,0.22215849,0.0030217662,-0.007747202,0.011653834,"[-1.2904879742870285, 4.1155107195934955, 0.0, 0.0, 0.0, 0.0, -1.6688158015424421, 6.690170837946244]","[0.03976689827496263, 0.14640317718703436, 0.0]","{""Controller Type"": ""MPC Controller"", ""weight_comfort"": 108.18064191545332, ""weight_trajectory"": 1384214.1963602167, ""weight_goal"": 2121743.2089062403, ""Q"": [[1384214.1963602167, 0.0, 0.0, 0.0], [0.0, 0.0, 0.0, 0.0], [0.0, 0.0, 1384214.1963602167, 0.0], [0.0, 0.0, 0.0, 0.0]], ""R"": [[108.18064191545332, 0.0], [0.0, 108.18064191545332]], ""P"": [[2121743.2089062403, 0.0, 0.0, 0.0], [0.0, 212174320.89062402, 0.0, 0.0], [0.0, 0.0, 2121743.2089062403, 0.0], [0.0, 0.0, 0.0, 212174320.89062402]]}","[-0.6828807039851844, 0.36800655035142354, 0.0]",False
3,P21,09ce0dcc-884e-4c47-9efa-46e431e4bea2,24,1,haply,mpc,seeded_random,2698308921,persist_session,10.0,63.43951588630676,1629.509710737,0,1786366630.9312196,1241.0,True,normal,adaptive,-0.064,-0.048,0.0,0.064,0.048,0.0,0.065412774,0.0424519999999999,0.0,0.057018954,-0.069633,0.22227488,0.0030253697,-0.007762382,0.011614049,"[-1.2893550573486963, 4.112582187576672, 0.0, 0.0, 0.0, 0.0, -1.6560320314847872, 6.639253607008493]","[0.03920860317846016, 0.14327748280216646, 0.0]","{""Controller Type"": ""MPC Controller"", ""weight_comfort"": 108.18064191545332, ""weight_trajectory"": 1384214.1963602167, ""weight_goal"": 2121743.2089062403, ""Q"": [[1384214.1963602167, 0.0, 0.0, 0.0], [0.0, 0.0, 0.0, 0.0], [0.0, 0.0, 1384214.1963602167, 0.0], [0.0, 0.0, 0.0, 0.0]], ""R"": [[108.18064191545332, 0.0], [0.0, 108.18064191545332]], ""P"": [[2121743.2089062403, 0.0, 0.0, 0.0], [0.0, 212174320.89062402, 0.0, 0.0], [0.0, 0.0, 2121743.2089062403, 0.0], [0.0, 0.0, 0.0, 212174320.89062402]]}","[-0.674336627301259, 0.35481476213537566, 0.0]",False
3,P21,09ce0dcc-884e-4c47-9efa-46e431e4bea2,24,1,haply,mpc,seeded_random,2698308921,persist_session,10.0,63.449358997344966,1629.51958209,0,1786366630.9413676,1242.0,True,normal,adaptive,-0.064,-0.048,0.0,0.064,0.048,0.0,0.065504772,0.04268506,0.0,0.05704962,-0.06971183,0.22239141,0.0030343945,-0.00778931,0.01161514,"[-1.2888861767402007, 4.111372578583916, 0.0, 0.0, 0.0, 0.0, -1.6489082139199316, 6.6110017026102295]","[0.04004401843834135, 0.1462508382353637, 0.0]","{""Controller Type"": ""MPC Controller"", ""weight_comfort"": 108.18064191545332, ""weight_trajectory"": 1384214.1963602167, ""weight_goal"": 2121743.2089062403, ""Q"": [[1384214.1963602167, 0.0, 0.0, 0.0], [0.0, 0.0, 0.0, 0.0], [0.0, 0.0, 1384214.1963602167, 0.0], [0.0, 0.0, 0.0, 0.0]], ""R"": [[108.18064191545332, 0.0], [0.0, 108.18064191545332]], ""P"": [[2121743.2089062403, 0.0, 0.0, 0.0], [0.0, 212174320.89062402, 0.0, 0.0], [0.0, 0.0, 2121743.2089062403, 0.0], [0.0, 0.0, 0.0, 212174320.89062402]]}","[-0.6687478942742603, 0.3244300190947016, 0.0]",False
3,P21,09ce0dcc-884e-4c47-9efa-46e431e4bea2,24,1,haply,mpc,seeded_random,2698308921,persist_session,10.0,63.45947867393493,1629.529688179,0,1786366630.9512162,1243.0,True,normal,adaptive,-0.064,-0.048,0.0,0.064,0.048,0.0,0.065627487,0.0429964599999999,0.0,0.057090525,-0.06981693,0.22254711,0.0030413652,-0.0078093265,0.0116235325,"[-1.287595206300883, 4.108055092748949, 0.0, 0.0, 0.0, 0.0, -1.6350039156298015, 6.555931772439195]","[0.03917946171918376, 0.14187352996703018, 0.0]","{""Controller Type"": ""MPC Controller"", ""weight_comfort"": 93.30881321930508, ""weight_trajectory"": 1441964.2015057046, ""weight_goal"": 2212778.6207937766, ""Q"": [[1441964.2015057046, 0.0, 0.0, 0.0], [0.0, 0.0, 0.0, 0.0], [0.0, 0.0, 1441964.2015057046, 0.0], [0.0, 0.0, 0.0, 0.0]], ""R"": [[93.30881321930508, 0.0], [0.0, 93.30881321930508]], ""P"": [[2212778.6207937766, 0.0, 0.0, 0.0], [0.0, 221277862.07937765, 0.0, 0.0], [0.0, 0.0, 2212778.6207937766, 0.0], [0.0, 0.0, 0.0, 221277862.07937765]]}","[-0.6555572164823835, 0.31300015732313474, 0.0]",False
3,P21,09ce0dcc-884e-4c47-9efa-46e431e4bea2,24,1,haply,mpc,seeded_random,2698308921,persist_session,10.0,63.469349679946895,1629.539567631,0,1786366630.9614136,1244.0,True,normal,adaptive,-0.064,-0.048,0.0,0.064,0.048,0.0,0.065719512,0.0432304199999999,0.0,0.0571212,-0.06989572,0.22266409,0.0030487117,-0.007829145,0.011644218,"[-1.295749710678737, 4.1292191819343556, 0.0, 0.0, 0.0, 0.0, -1.7032952705963933, 6.8209679292974]","[0.053559520109835355, 0.20714779876318007, 0.0]","{""Controller Type"": ""MPC Controller"", ""weight_comfort"": 93.30881321930508, ""weight_trajectory"": 1441964.2015057046, ""weight_goal"": 2212778.6207937766, ""Q"": [[1441964.2015057046, 0.0, 0.0, 0.0], [0.0, 0.0, 0.0, 0.0], [0.0, 0.0, 1441964.2015057046, 0.0], [0.0, 0.0, 0.0, 0.0]], ""R"": [[93.30881321930508, 0.0], [0.0, 93.30881321930508]], ""P"": [[2212778.6207937766, 0.0, 0.0, 0.0], [0.0, 221277862.07937765, 0.0, 0.0], [0.0, 0.0, 2212778.6207937766, 0.0], [0.0, 0.0, 0.0, 221277862.07937765]]}","[-0.7092914351110374, 0.12482849039794904, 0.0]",False
3,P21,09ce0dcc-884e-4c47-9efa-46e431e4bea2,24,1,haply,mpc,seeded_random,2698308921,persist_session,10.0,63.47946220397949,1629.549679186,0,1786366630.9712062,1245.0,True,normal,adaptive,-0.064,-0.048,0.0,0.064,0.048,0.0,0.065910123,0.0434615999999999,0.0,0.057184737,-0.069952965,0.22277968,0.0030626415,-0.0077856993,0.011602809,"[-1.2878245389639864, 4.108989476649216, 0.0, 0.0, 0.0, 0.0, -1.6327845578670181, 6.5435124673694665]","[0.039295422724694586, 0.14234076948047883, 0.0]","{""Controller Type"": ""MPC Controller"", ""weight_comfort"": 93.30881321930508, ""weight_trajectory"": 1441964.2015057046, ""weight_goal"": 2212778.6207937766, ""Q"": [[1441964.2015057046, 0.0, 0.0, 0.0], [0.0, 0.0, 0.0, 0.0], [0.0, 0.0, 1441964.2015057046, 0.0], [0.0, 0.0, 0.0, 0.0]], ""R"": [[93.30881321930508, 0.0], [0.0, 93.30881321930508]], ""P"": [[2212778.6207937766, 0.0, 0.0, 0.0], [0.0, 221277862.07937765, 0.0, 0.0], [0.0, 0.0, 2212778.6207937766, 0.0], [0.0, 0.0, 0.0, 221277862.07937765]]}","[-0.6363819496592035, 0.2644662650642886, 0.0]",False
3,P21,09ce0dcc-884e-4c47-9efa-46e431e4bea2,24,1,haply,mpc,seeded_random,2698308921,persist_session,10.0,63.48934560775756,1629.559562395,0,1786366630.9813669,1246.0,True,normal,adaptive,-0.064,-0.048,0.0,0.064,0.048,0.0,0.065971542,0.0436180399999999,0.0,0.05720521,-0.07000548,0.2228579,0.0030910335,-0.0077582654,0.011596042,"[-1.329903650366378, 4.219237580191324, 0.0, 0.0, 0.0, 0.0, -1.627013574470308, 6.520904651076877]","[0.08466717762853643, 0.1465595440151572, 0.0]","{""Controller Type"": ""MPC Controller"", ""weight_comfort"": 74.1837310568162, ""weight_trajectory"": 1517857.1977065539, ""weight_goal"": 2328592.7191673703, ""Q"": [[1517857.1977065539, 0.0, 0.0, 0.0], [0.0, 0.0, 0.0, 0.0], [0.0, 0.0, 1517857.1977065539, 0.0], [0.0, 0.0, 0.0, 0.0]], ""R"": [[74.1837310568162, 0.0], [0.0, 74.1837310568162]], ""P"": [[2328592.7191673703, 0.0, 0.0, 0.0], [0.0, 232859271.91673702, 0.0, 0.0], [0.0, 0.0, 2328592.7191673703, 0.0], [0.0, 0.0, 0.0, 232859271.91673702]]}","[-0.8293037348288672, 0.23775535140042164, 0.0]",False
3,P21,09ce0dcc-884e-4c47-9efa-46e431e4bea2,24,1,haply,mpc,seeded_random,2698308921,persist_session,10.0,63.49941521644592,1629.5696378,0,1786366630.9911988,1247.0,True,normal,adaptive,-0.064,-0.048,0.0,0.064,0.048,0.0,0.066131673,0.0437714199999999,0.0,0.057258587,-0.07003637,0.22293459,0.003109976,-0.0077178166,0.011569426,"[-1.3093008889434272, 4.1684287116153245, 0.0, 0.0, 0.0, 0.0, -1.5864847376197757, 6.357739694454042]","[0.027778533957403078, 0.09093566464004847, 0.0]","{""Controller Type"": ""MPC Controller"", ""weight_comfort"": 74.1837310568162, ""weight_trajectory"": 1517857.1977065539, ""weight_goal"": 2328592.7191673703, ""Q"": [[1517857.1977065539, 0.0, 0.0, 0.0], [0.0, 0.0, 0.0, 0.0], [0.0, 0.0, 1517857.1977065539, 0.0], [0.0, 0.0, 0.0, 0.0]], ""R"": [[74.1837310568162, 0.0], [0.0, 74.1837310568162]], ""P"": [[2328592.7191673703, 0.0, 0.0, 0.0], [0.0, 232859271.91673702, 0.0, 0.0], [0.0, 0.0, 2328592.7191673703, 0.0], [0.0, 0.0, 0.0, 232859271.91673702]]}","[-0.576484244806373, 0.37774565155702383, 0.0]",False
3,P21,09ce0dcc-884e-4c47-9efa-46e431e4bea2,24,1,haply,mpc,seeded_random,2698308921,persist_session,10.0,63.509367523193355,1629.579591243,0,1786366631.0013082,1248.0,True,normal,adaptive,-0.064,-0.048,0.0,0.064,0.048,0.0,0.066193197,0.04392826,0.0,0.057279095,-0.07008887,0.22301301,0.003136771,-0.0076327217,0.011496429,"[-1.3448030334399887, 4.2605635069279, 0.0, 0.0, 0.0, 0.0, -1.583194444715164, 6.3445482121650505]","[0.07225793965054572, 0.09228175664964514, 0.0]","{""Controller Type"": ""MPC Controller"", ""weight_comfort"": 74.1837310568162, ""weight_trajectory"": 1517857.1977065539, ""weight_goal"": 2328592.7191673703, ""Q"": [[1517857.1977065539, 0.0, 0.0, 0.0], [0.0, 0.0, 0.0, 0.0], [0.0, 0.0, 1517857.1977065539, 0.0], [0.0, 0.0, 0.0, 0.0]], ""R"": [[74.1837310568162, 0.0], [0.0, 74.1837310568162]], ""P"": [[2328592.7191673703, 0.0, 0.0, 0.0], [0.0, 232859271.91673702, 0.0, 0.0], [0.0, 0.0, 2328592.7191673703, 0.0], [0.0, 0.0, 0.0, 232859271.91673702]]}","[-0.7690791173448518, 0.36681263316281154, 0.0]",False
3,P21,09ce0dcc-884e-4c47-9efa-46e431e4bea2,24,1,haply,mpc,seeded_random,2698308921,persist_session,10.0,63.51940780639648,1629.589630412,0,1786366631.0111177,1249.0,True,normal,adaptive,-0.064,-0.048,0.0,0.064,0.048,0.0,0.066254742,0.0440853799999999,0.0,0.05729961,-0.07014138,0.22309157,0.0031139578,-0.007461701,0.011283453,"[-1.3285285055520237, 4.220753312423218, 0.0, 0.0, 0.0, 0.0, -1.5785964934797911, 6.326162283908028]","[0.028600411888366914, 0.09171794083010283, 0.0]","{""Controller Type"": ""MPC Controller"", ""weight_comfort"": 61.76050540318055, ""weight_trajectory"": 1565061.5238777774, ""weight_goal"": 2404625.6532609733, ""Q"": [[1565061.5238777774, 0.0, 0.0, 0.0], [0.0, 0.0, 0.0, 0.0], [0.0, 0.0, 1565061.5238777774, 0.0], [0.0, 0.0, 0.0, 0.0]], ""R"": [[61.76050540318055, 0.0], [0.0, 61.76050540318055]], ""P"": [[2404625.6532609733, 0.0, 0.0, 0.0], [0.0, 240462565.32609734, 0.0, 0.0], [0.0, 0.0, 2404625.6532609733, 0.0], [0.0, 0.0, 0.0, 240462565.32609734]]}","[-0.5729294288143456, 0.3539220972668919, 0.0]",False
3,P21,09ce0dcc-884e-4c47-9efa-46e431e4bea2,24,1,haply,mpc,seeded_random,2698308921,persist_session,10.0,63.52941304206848,1629.59963462,0,1786366631.021262,1250.0,True,normal,adaptive,-0.064,-0.048,0.0,0.064,0.048,0.0,0.066285477,0.0441638799999999,0.0,0.057309855,-0.07016761,0.22313082,0.0029518588,-0.0069657248,0.010573968,"[-1.3283624030502492, 4.220346903048505, 0.0, 0.0, 0.0, 0.0, -1.5765071169523985, 6.317852829753466]","[0.029474315445917953, 0.0950249414151539, 0.0]","{""Controller Type"": ""MPC Controller"", ""weight_comfort"": 61.76050540318055, ""weight_trajectory"": 1565061.5238777774, ""weight_goal"": 2404625.6532609733, ""Q"": [[1565061.5238777774, 0.0, 0.0, 0.0], [0.0, 0.0, 0.0, 0.0], [0.0, 0.0, 1565061.5238777774, 0.0], [0.0, 0.0, 0.0, 0.0]], ""R"": [[61.76050540318055, 0.0], [0.0, 61.76050540318055]], ""P"": [[2404625.6532609733, 0.0, 0.0, 0.0], [0.0, 240462565.32609734, 0.0, 0.0], [0.0, 0.0, 2404625.6532609733, 0.0], [0.0, 0.0, 0.0, 240462565.32609734]]}","[-0.5716881556240905, 0.33112706768201344, 0.0]",False
3,P21,09ce0dcc-884e-4c47-9efa-46e431e4bea2,24,1,haply,mpc,seeded_random,2698308921,persist_session,10.0,63.53936916351318,1629.609587796,0,1786366631.031115,1251.0,True,normal,adaptive,-0.064,-0.048,0.0,0.064,0.048,0.0,0.066316221,0.0442424399999999,0.0,0.057320103,-0.07019383,0.2231701,0.0026862095,-0.0062483833,0.009519344,"[-1.3251610459996217, 4.213101554636112, 0.0, 0.0, 0.0, 0.0, -1.5596446319962978, 6.244855192939859]","[0.015793180479534867, 0.04234098269725229, 0.0]","{""Controller Type"": ""MPC Controller"", ""weight_comfort"": 61.76050540318055, ""weight_trajectory"": 1565061.5238777774, ""weight_goal"": 2404625.6532609733, ""Q"": [[1565061.5238777774, 0.0, 0.0, 0.0], [0.0, 0.0, 0.0, 0.0], [0.0, 0.0, 1565061.5238777774, 0.0], [0.0, 0.0, 0.0, 0.0]], ""R"": [[61.76050540318055, 0.0], [0.0, 61.76050540318055]], ""P"": [[2404625.6532609733, 0.0, 0.0, 0.0], [0.0, 240462565.32609734, 0.0, 0.0], [0.0, 0.0, 2404625.6532609733, 0.0], [0.0, 0.0, 0.0, 240462565.32609734]]}","[-0.5080659529069442, 0.4782552612457634, 0.0]",False
3,P21,09ce0dcc-884e-4c47-9efa-46e431e4bea2,24,1,haply,mpc,seeded_random,2698308921,persist_session,10.0,63.549385604858394,1629.619611516,0,1786366631.0412588,1252.0,True,normal,adaptive,-0.064,-0.048,0.0,0.064,0.048,0.0,0.066445851,0.04431784,0.0,0.057363313,-0.070198424,0.2232078,0.0024729436,-0.0057029845,0.008709974,"[-1.3250923060671598, 4.212945665159481, 0.0, 0.0, 0.0, 0.0, -1.5592312636892292, 6.2430820699427825]","[0.016214559653256737, 0.043917845638520636, 0.0]","{""Controller Type"": ""MPC Controller"", ""weight_comfort"": 54.64581747366197, ""weight_trajectory"": 1592141.8716927313, ""weight_goal"": 2447997.271292693, ""Q"": [[1592141.8716927313, 0.0, 0.0, 0.0], [0.0, 0.0, 0.0, 0.0], [0.0, 0.0, 1592141.8716927313, 0.0], [0.0, 0.0, 0.0, 0.0]], ""R"": [[54.64581747366197, 0.0], [0.0, 54.64581747366197]], ""P"": [[2447997.271292693, 0.0, 0.0, 0.0], [0.0, 244799727.1292693, 0.0, 0.0], [0.0, 0.0, 2447997.271292693, 0.0], [0.0, 0.0, 0.0, 244799727.1292693]]}","[-0.5066295489987335, 0.4666056315813293, 0.0]",False
3,P21,09ce0dcc-884e-4c47-9efa-46e431e4bea2,24,1,haply,mpc,seeded_random,2698308921,persist_session,10.0,63.55938559532165,1629.629606724,0,1786366631.0511134,1253.0,True,normal,adaptive,-0.064,-0.048,0.0,0.064,0.048,0.0,0.06647664,0.0443965799999999,0.0,0.057373576,-0.07022464,0.22324717,0.0023497161,-0.005251735,0.0080799265,"[-1.3518507547308396, 4.281231177376353, 0.0, 0.0, 0.0, 0.0, -1.557458772077614, 6.235409986352216]","[0.05801751578298496, 0.040613884561076605, 0.0]","{""Controller Type"": ""MPC Controller"", ""weight_comfort"": 54.64581747366197, ""weight_trajectory"": 1592141.8716927313, ""weight_goal"": 2447997.271292693, ""Q"": [[1592141.8716927313, 0.0, 0.0, 0.0], [0.0, 0.0, 0.0, 0.0], [0.0, 0.0, 1592141.8716927313, 0.0], [0.0, 0.0, 0.0, 0.0]], ""R"": [[54.64581747366197, 0.0], [0.0, 54.64581747366197]], ""P"": [[2447997.271292693, 0.0, 0.0, 0.0], [0.0, 244799727.1292693, 0.0, 0.0], [0.0, 0.0, 2447997.271292693, 0.0], [0.0, 0.0, 0.0, 244799727.1292693]]}","[-0.6925003867154046, 0.47750797943406437, 0.0]",False
3,P21,09ce0dcc-884e-4c47-9efa-46e431e4bea2,24,1,haply,mpc,seeded_random,2698308921,persist_session,10.0,63.569354114532466,1629.639574271,0,1786366631.0612082,1254.0,True,normal,adaptive,-0.064,-0.048,0.0,0.064,0.048,0.0,0.0665382509999999,0.0445541399999999,0.0,0.057394113,-0.070277125,0.22332595,0.0024056584,-0.004741842,0.0075117946,"[-1.341859025208756, 4.258763955193948, 0.0, 0.0, 0.0, 0.0, -1.5577165042581662, 6.236507295056056]","[0.016629136620337073, 0.04421791833277618, 0.0]","{""Controller Type"": ""MPC Controller"", ""weight_comfort"": 54.64581747366197, ""weight_trajectory"": 1592141.8716927313, ""weight_goal"": 2447997.271292693, ""Q"": [[1592141.8716927313, 0.0, 0.0, 0.0], [0.0, 0.0, 0.0, 0.0], [0.0, 0.0, 1592141.8716927313, 0.0], [0.0, 0.0, 0.0, 0.0]], ""R"": [[54.64581747366197, 0.0], [0.0, 54.64581747366197]], ""P"": [[2447997.271292693, 0.0, 0.0, 0.0], [0.0, 244799727.1292693, 0.0, 0.0], [0.0, 0.0, 2447997.271292693, 0.0], [0.0, 0.0, 0.0, 244799727.1292693]]}","[-0.5091783514262181, 0.4598217185863472, 0.0]",False
3,P21,09ce0dcc-884e-4c47-9efa-46e431e4bea2,24,1,haply,mpc,seeded_random,2698308921,persist_session,10.0,63.57940751075744,1629.649625244,0,1786366631.0712,1255.0,True,normal,adaptive,-0.064,-0.048,0.0,0.064,0.048,0.0,0.066568992,0.0446329199999999,0.0,0.05740436,-0.07030333,0.22336534,0.0024324711,-0.0043300744,0.007040322,"[-1.346184155740799, 4.269211625339315, 0.0, 0.0, 0.0, 0.0, -1.5889181588794807, 6.359705061863249]","[0.029472772654108095, 0.09378651784887909, 0.0]","{""Controller Type"": ""MPC Controller"", ""weight_comfort"": 45.82397672364366, ""weight_trajectory"": 1628531.2596872714, ""weight_goal"": 2501000.0, ""Q"": [[1628531.2596872714, 0.0, 0.0, 0.0], [0.0, 0.0, 0.0, 0.0], [0.0, 0.0, 1628531.2596872714, 0.0], [0.0, 0.0, 0.0, 0.0]], ""R"": [[45.82397672364366, 0.0], [0.0, 45.82397672364366]], ""P"": [[2501000.0, 0.0, 0.0, 0.0], [0.0, 250100000.0, 0.0, 0.0], [0.0, 0.0, 2501000.0, 0.0], [0.0, 0.0, 0.0, 250100000.0]]}","[-0.5584700090197859, 0.3030765494343022, 0.0]",False
3,P21,09ce0dcc-884e-4c47-9efa-46e431e4bea2,24,1,haply,mpc,seeded_random,2698308921,persist_session,10.0,63.58937841415405,1629.659595722,0,1786366631.081504,1256.0,True,normal,adaptive,-0.064,-0.048,0.0,0.064,0.048,0.0,0.066599802,0.0447117999999999,0.0,0.05741463,-0.07032955,0.22340478,0.002305095,-0.004138382,0.006719418,"[-1.342964119130689, 4.262020482453595, 0.0, 0.0, 0.0, 0.0, -1.5717922560394013, 6.28740181207696]","[0.016562583060219106, 0.04428003300440778, 0.0]","{""Controller Type"": ""MPC Controller"", ""weight_comfort"": 45.82397672364366, ""weight_trajectory"": 1628531.2596872714, ""weight_goal"": 2501000.0, ""Q"": [[1628531.2596872714, 0.0, 0.0, 0.0], [0.0, 0.0, 0.0, 0.0], [0.0, 0.0, 1628531.2596872714, 0.0], [0.0, 0.0, 0.0, 0.0]], ""R"": [[45.82397672364366, 0.0], [0.0, 45.82397672364366]], ""P"": [[2501000.0, 0.0, 0.0, 0.0], [0.0, 250100000.0, 0.0, 0.0], [0.0, 0.0, 2501000.0, 0.0], [0.0, 0.0, 0.0, 250100000.0]]}","[-0.5037615551530572, 0.43768072423819626, 0.0]",False
3,P21,09ce0dcc-884e-4c47-9efa-46e431e4bea2,24,1,haply,mpc,seeded_random,2698308921,persist_session,10.0,63.59943729400634,1629.669657647,0,1786366631.0913076,1257.0,True,normal,adaptive,-0.064,-0.048,0.0,0.064,0.048,0.0,0.066630576,0.0447906799999999,0.0,0.057424888,-0.070355766,0.22344422,0.0020545353,-0.0040109158,0.006383857,"[-1.3427190414781676, 4.261476110611823, 0.0, 0.0, 0.0, 0.0, -1.570468451188302, 6.28180795776883]","[0.016233374147181134, 0.04292621471176873, 0.0]","{""Controller Type"": ""MPC Controller"", ""weight_comfort"": 45.82397672364366, ""weight_trajectory"": 1628531.2596872714, ""weight_goal"": 2501000.0, ""Q"": [[1628531.2596872714, 0.0, 0.0, 0.0], [0.0, 0.0, 0.0, 0.0], [0.0, 0.0, 1628531.2596872714, 0.0], [0.0, 0.0, 0.0, 0.0]], ""R"": [[45.82397672364366, 0.0], [0.0, 45.82397672364366]], ""P"": [[2501000.0, 0.0, 0.0, 0.0], [0.0, 250100000.0, 0.0, 0.0], [0.0, 0.0, 2501000.0, 0.0], [0.0, 0.0, 0.0, 250100000.0]]}","[-0.5074998806179308, 0.4282531252789693, 0.0]",False
3,P21,09ce0dcc-884e-4c47-9efa-46e431e4bea2,24,1,haply,mpc,seeded_random,2698308921,persist_session,10.0,63.60936623573303,1629.679584107,0,1786366631.1014638,1258.0,True,normal,adaptive,-0.064,-0.048,0.0,0.064,0.048,0.0,0.066630576,0.0447906799999999,0.0,0.057424888,-0.070355766,0.22344422,0.0018836032,-0.003911318,0.0061397455,"[-1.3427012046288105, 4.261436295545921, 0.0, 0.0, 0.0, 0.0, -1.5703447005966338, 6.281290661955234]","[0.016908708612289287, 0.04549878965855933, 0.0]","{""Controller Type"": ""MPC Controller"", ""weight_comfort"": 45.85914825441838, ""weight_trajectory"": 1627474.0034721831, ""weight_goal"": 2501000.0, ""Q"": [[1627474.0034721831, 0.0, 0.0, 0.0], [0.0, 0.0, 0.0, 0.0], [0.0, 0.0, 1627474.0034721831, 0.0], [0.0, 0.0, 0.0, 0.0]], ""R"": [[45.85914825441838, 0.0], [0.0, 45.85914825441838]], ""P"": [[2501000.0, 0.0, 0.0, 0.0], [0.0, 250100000.0, 0.0, 0.0], [0.0, 0.0, 2501000.0, 0.0], [0.0, 0.0, 0.0, 250100000.0]]}","[-0.5156256951832433, 0.4072577450650514, 0.0]",False
3,P21,09ce0dcc-884e-4c47-9efa-46e431e4bea2,24,1,haply,mpc,seeded_random,2698308921,persist_session,10.0,63.61941748619079,1629.689638195,0,1786366631.1116414,1259.0,True,normal,adaptive,-0.064,-0.048,0.0,0.064,0.048,0.0,0.06667596,0.0447737199999999,0.0,0.057440016,-0.07040106,0.22343574,0.0017456631,-0.003813273,0.0059207017,"[-1.3415085562096989, 4.2597307959179345, 0.0, 0.0, 0.0, 0.0, -1.5747888262849468, 6.289910381048952]","[0.0035289402117598978, -0.005054001275972852, 0.0]","{""Controller Type"": ""MPC Controller"", ""weight_comfort"": 45.85914825441838, ""weight_trajectory"": 1627474.0034721831, ""weight_goal"": 2501000.0, ""Q"": [[1627474.0034721831, 0.0, 0.0, 0.0], [0.0, 0.0, 0.0, 0.0], [0.0, 0.0, 1627474.0034721831, 0.0], [0.0, 0.0, 0.0, 0.0]], ""R"": [[45.85914825441838, 0.0], [0.0, 45.85914825441838]], ""P"": [[2501000.0, 0.0, 0.0, 0.0], [0.0, 250100000.0, 0.0, 0.0], [0.0, 0.0, 2501000.0, 0.0], [0.0, 0.0, 0.0, 250100000.0]]}","[-0.4569906882584207, 0.5575316410936296, 0.0]",False
3,P21,09ce0dcc-884e-4c47-9efa-46e431e4bea2,24,1,haply,mpc,seeded_random,2698308921,persist_session,10.0,63.62957173347473,1629.699779563,0,1786366631.1213143,1260.0,True,normal,adaptive,-0.064,-0.048,0.0,0.064,0.048,0.0,0.066721347,0.0447566399999999,0.0,0.057455145,-0.07044636,0.2234272,0.0016462632,-0.0037473114,0.005729922,"[-1.3469690026072434, 4.272432914225233, 0.0, 0.0, 0.0, 0.0, -1.5764737509968412, 6.294679212058046]","[0.022656064333796744, -0.015575615781994345, 0.0]","{""Controller Type"": ""MPC Controller"", ""weight_comfort"": 45.85914825441838, ""weight_trajectory"": 1627474.0034721831, ""weight_goal"": 2501000.0, ""Q"": [[1627474.0034721831, 0.0, 0.0, 0.0], [0.0, 0.0, 0.0, 0.0], [0.0, 0.0, 1627474.0034721831, 0.0], [0.0, 0.0, 0.0, 0.0]], ""R"": [[45.85914825441838, 0.0], [0.0, 45.85914825441838]], ""P"": [[2501000.0, 0.0, 0.0, 0.0], [0.0, 250100000.0, 0.0, 0.0], [0.0, 0.0, 2501000.0, 0.0], [0.0, 0.0, 0.0, 250100000.0]]}","[-0.5481629011195794, 0.5916026951221877, 0.0]",False
3,P21,09ce0dcc-884e-4c47-9efa-46e431e4bea2,24,1,haply,mpc,seeded_random,2698308921,persist_session,10.0,63.639493999481196,1629.709697169,0,1786366631.1312666,1261.0,True,normal,adaptive,-0.064,-0.048,0.0,0.064,0.048,0.0,0.066766698,0.0447396599999999,0.0,0.057470262,-0.070491634,0.22341871,0.0013702314,-0.0031764796,0.004776725,"[-1.3469741331429101, 4.272444894948924, 0.0, 0.0, 0.0, 0.0, -1.5764037578749746, 6.294479472014659]","[0.02371271093034729, -0.016227394794778145, 0.0]","{""Controller Type"": ""MPC Controller"", ""weight_comfort"": 45.852378798085255, ""weight_trajectory"": 1627677.4933295571, ""weight_goal"": 2501000.0, ""Q"": [[1627677.4933295571, 0.0, 0.0, 0.0], [0.0, 0.0, 0.0, 0.0], [0.0, 0.0, 1627677.4933295571, 0.0], [0.0, 0.0, 0.0, 0.0]], ""R"": [[45.852378798085255, 0.0], [0.0, 45.852378798085255]], ""P"": [[2501000.0, 0.0, 0.0, 0.0], [0.0, 250100000.0, 0.0, 0.0], [0.0, 0.0, 2501000.0, 0.0], [0.0, 0.0, 0.0, 250100000.0]]}","[-0.5603994224186855, 0.5964256833022323, 0.0]",False
3,P21,09ce0dcc-884e-4c47-9efa-46e431e4bea2,24,1,haply,mpc,seeded_random,2698308921,persist_session,10.0,63.64933806419372,1629.719561943,0,1786366631.1413856,1262.0,True,normal,adaptive,-0.064,-0.048,0.0,0.064,0.048,0.0,0.066812112,0.0447224599999999,0.0,0.0574854,-0.07053697,0.22341011,0.0010092459,-0.0023571993,0.0034131538,"[-1.3464775106668094, 4.271291191915535, 0.0, 0.0, 0.0, 0.0, -1.5761503255529772, 6.293760711501135]","[0.023188857372060452, -0.015876804744771773, 0.0]","{""Controller Type"": ""MPC Controller"", ""weight_comfort"": 45.852378798085255, ""weight_trajectory"": 1627677.4933295571, ""weight_goal"": 2501000.0, ""Q"": [[1627677.4933295571, 0.0, 0.0, 0.0], [0.0, 0.0, 0.0, 0.0], [0.0, 0.0, 1627677.4933295571, 0.0], [0.0, 0.0, 0.0, 0.0]], ""R"": [[45.852378798085255, 0.0], [0.0, 45.852378798085255]], ""P"": [[2501000.0, 0.0, 0.0, 0.0], [0.0, 250100000.0, 0.0, 0.0], [0.0, 0.0, 2501000.0, 0.0], [0.0, 0.0, 0.0, 250100000.0]]}","[-0.5657508746224493, 0.598263108469946, 0.0]",False
3,P21,09ce0dcc-884e-4c47-9efa-46e431e4bea2,24,1,haply,mpc,seeded_random,2698308921,persist_session,10.0,63.65938788414001,1629.729607646,0,1786366631.151348,1263.0,True,normal,adaptive,-0.064,-0.048,0.0,0.064,0.048,0.0,0.066857532,0.0447052999999999,0.0,0.05750054,-0.070582315,0.22340153,0.0007643916,-0.0018100545,0.0024369217,"[-1.3460778504386597, 4.270366115670355, 0.0, 0.0, 0.0, 0.0, -1.5759588954228523, 6.293218562054914]","[0.022950767651425102, -0.015862350329987035, 0.0]","{""Controller Type"": ""MPC Controller"", ""weight_comfort"": 45.852378798085255, ""weight_trajectory"": 1627677.4933295571, ""weight_goal"": 2501000.0, ""Q"": [[1627677.4933295571, 0.0, 0.0, 0.0], [0.0, 0.0, 0.0, 0.0], [0.0, 0.0, 1627677.4933295571, 0.0], [0.0, 0.0, 0.0, 0.0]], ""R"": [[45.852378798085255, 0.0], [0.0, 45.852378798085255]], ""P"": [[2501000.0, 0.0, 0.0, 0.0], [0.0, 250100000.0, 0.0, 0.0], [0.0, 0.0, 2501000.0, 0.0], [0.0, 0.0, 0.0, 250100000.0]]}","[-0.5723548704234244, 0.6011323927978638, 0.0]",False
3,P21,09ce0dcc-884e-4c47-9efa-46e431e4bea2,24,1,haply,mpc,seeded_random,2698308921,persist_session,10.0,63.66932922363281,1629.739552797,0,1786366631.16117,1264.0,True,normal,adaptive,-0.064,-0.048,0.0,0.064,0.048,0.0,0.066933957,0.0447672999999999,0.0,0.057526015,-0.07065406,0.22343253,0.0005955277,-0.0014415664,0.0017106369,"[-1.345856864388539, 4.269854627493979, 0.0, 0.0, 0.0, 0.0, -1.5757975884518611, 6.292761148112352]","[0.023312394035221794, -0.01603074087200941, 0.0]","{""Controller Type"": ""MPC Controller"", ""weight_comfort"": 45.85367137426649, ""weight_trajectory"": 1627638.638489549, ""weight_goal"": 2501000.0, ""Q"": [[1627638.638489549, 0.0, 0.0, 0.0], [0.0, 0.0, 0.0, 0.0], [0.0, 0.0, 1627638.638489549, 0.0], [0.0, 0.0, 0.0, 0.0]], ""R"": [[45.85367137426649, 0.0], [0.0, 45.85367137426649]], ""P"": [[2501000.0, 0.0, 0.0, 0.0], [0.0, 250100000.0, 0.0, 0.0], [0.0, 0.0, 2501000.0, 0.0], [0.0, 0.0, 0.0, 250100000.0]]}","[-0.581572610779749, 0.6045369037380811, 0.0]",False
3,P21,09ce0dcc-884e-4c47-9efa-46e431e4bea2,24,1,haply,mpc,seeded_random,2698308921,persist_session,10.0,63.67945295333862,1629.749670678,0,1786366631.1713583,1265.0,True,normal,adaptive,-0.064,-0.048,0.0,0.064,0.048,0.0,0.067010298,0.0448292199999999,0.0,0.057551462,-0.07072575,0.22346349,0.0009362376,-0.0025208795,0.0013073813,"[-1.3518160787852391, 4.284376778150432, 0.0, 0.0, 0.0, 0.0, -1.5882780165677342, 6.347161856781457]","[0.037303281106016786, 0.03493158575900721, 0.0]","{""Controller Type"": ""MPC Controller"", ""weight_comfort"": 45.85367137426649, ""weight_trajectory"": 1627638.638489549, ""weight_goal"": 2501000.0, ""Q"": [[1627638.638489549, 0.0, 0.0, 0.0], [0.0, 0.0, 0.0, 0.0], [0.0, 0.0, 1627638.638489549, 0.0], [0.0, 0.0, 0.0, 0.0]], ""R"": [[45.85367137426649, 0.0], [0.0, 45.85367137426649]], ""P"": [[2501000.0, 0.0, 0.0, 0.0], [0.0, 250100000.0, 0.0, 0.0], [0.0, 0.0, 2501000.0, 0.0], [0.0, 0.0, 0.0, 250100000.0]]}","[-0.65502939115916, 0.44369192480675074, 0.0]",False
3,P21,09ce0dcc-884e-4c47-9efa-46e431e4bea2,24,1,haply,mpc,seeded_random,2698308921,persist_session,10.0,63.68932729721069,1629.759550907,0,1786366631.1814249,1266.0,True,normal,adaptive,-0.064,-0.048,0.0,0.064,0.048,0.0,0.067163241,0.0449531999999999,0.0,0.057602443,-0.07086934,0.22352548,0.0012467391,-0.0034788083,0.0011364209,"[-1.3505264203311775, 4.281251502745645, 0.0, 0.0, 0.0, 0.0, -1.5874152791036298, 6.343387136170596]","[0.03614480357109562, 0.0335188127978782, 0.0]","{""Controller Type"": ""MPC Controller"", ""weight_comfort"": 45.85367137426649, ""weight_trajectory"": 1627638.638489549, ""weight_goal"": 2501000.0, ""Q"": [[1627638.638489549, 0.0, 0.0, 0.0], [0.0, 0.0, 0.0, 0.0], [0.0, 0.0, 1627638.638489549, 0.0], [0.0, 0.0, 0.0, 0.0]], ""R"": [[45.85367137426649, 0.0], [0.0, 45.85367137426649]], ""P"": [[2501000.0, 0.0, 0.0, 0.0], [0.0, 250100000.0, 0.0, 0.0], [0.0, 0.0, 2501000.0, 0.0], [0.0, 0.0, 0.0, 250100000.0]]}","[-0.6629102925879912, 0.43732231287364937, 0.0]",False
3,P21,09ce0dcc-884e-4c47-9efa-46e431e4bea2,24,1,haply,mpc,seeded_random,2698308921,persist_session,10.0,63.69934707641601,1629.769565084,0,1786366631.1913142,1267.0,True,normal,adaptive,-0.064,-0.048,0.0,0.064,0.048,0.0,0.067285347,0.0449978999999999,0.0,0.057643145,-0.07098672,0.22354783,0.0015089589,-0.0042763273,0.0010653585,"[-1.3757532764884528, 4.34535059020469, 0.0, 0.0, 0.0, 0.0, -1.6075508460723835, 6.42352683783331]","[0.07037184064449473, 0.07421482712179515, 0.0]","{""Controller Type"": ""MPC Controller"", ""weight_comfort"": 45.77615163509782, ""weight_trajectory"": 1629968.8818489593, ""weight_goal"": 2501000.0, ""Q"": [[1629968.8818489593, 0.0, 0.0, 0.0], [0.0, 0.0, 0.0, 0.0], [0.0, 0.0, 1629968.8818489593, 0.0], [0.0, 0.0, 0.0, 0.0]], ""R"": [[45.77615163509782, 0.0], [0.0, 45.77615163509782]], ""P"": [[2501000.0, 0.0, 0.0, 0.0], [0.0, 250100000.0, 0.0, 0.0], [0.0, 0.0, 2501000.0, 0.0], [0.0, 0.0, 0.0, 250100000.0]]}","[-0.8333042420445436, 0.29926167652569696, 0.0]",False
3,P21,09ce0dcc-884e-4c47-9efa-46e431e4bea2,24,1,haply,mpc,seeded_random,2698308921,persist_session,10.0,63.70934945106506,1629.77957559,0,1786366631.2013998,1268.0,True,normal,adaptive,-0.064,-0.048,0.0,0.064,0.048,0.0,0.067330992,0.0449805799999999,0.0,0.05765836,-0.07103229,0.22353917,0.0017570402,-0.0050158594,0.0011011129,"[-1.365196889648437, 4.31892925593717, 0.0, 0.0, 0.0, 0.0, -1.5992664376409007, 6.385012532410101]","[0.05781184708044298, 0.024059146408758617, 0.0]","{""Controller Type"": ""MPC Controller"", ""weight_comfort"": 45.77615163509782, ""weight_trajectory"": 1629968.8818489593, ""weight_goal"": 2501000.0, ""Q"": [[1629968.8818489593, 0.0, 0.0, 0.0], [0.0, 0.0, 0.0, 0.0], [0.0, 0.0, 1629968.8818489593, 0.0], [0.0, 0.0, 0.0, 0.0]], ""R"": [[45.77615163509782, 0.0], [0.0, 45.77615163509782]], ""P"": [[2501000.0, 0.0, 0.0, 0.0], [0.0, 250100000.0, 0.0, 0.0], [0.0, 0.0, 2501000.0, 0.0], [0.0, 0.0, 0.0, 250100000.0]]}","[-0.8013761175602248, 0.43712178944126473, 0.0]",False
3,P21,09ce0dcc-884e-4c47-9efa-46e431e4bea2,24,1,haply,mpc,seeded_random,2698308921,persist_session,10.0,63.71934038162231,1629.789560759,0,1786366631.2113457,1269.0,True,normal,adaptive,-0.064,-0.048,0.0,0.064,0.048,0.0,0.067498851,0.0450079799999999,0.0,0.057714313,-0.07119534,0.22355287,0.00203772,-0.005852732,0.0010852534,"[-1.3537627482057857, 4.292982895507529, 0.0, 0.0, 0.0, 0.0, -1.606050557751109, 6.404489509073888]","[0.023938414264326136, -0.015847789279866447, 0.0]","{""Controller Type"": ""MPC Controller"", ""weight_comfort"": 45.77615163509782, ""weight_trajectory"": 1629968.8818489593, ""weight_goal"": 2501000.0, ""Q"": [[1629968.8818489593, 0.0, 0.0, 0.0], [0.0, 0.0, 0.0, 0.0], [0.0, 0.0, 1629968.8818489593, 0.0], [0.0, 0.0, 0.0, 0.0]], ""R"": [[45.77615163509782, 0.0], [0.0, 45.77615163509782]], ""P"": [[2501000.0, 0.0, 0.0, 0.0], [0.0, 250100000.0, 0.0, 0.0], [0.0, 0.0, 2501000.0, 0.0], [0.0, 0.0, 0.0, 250100000.0]]}","[-0.6632167228632293, 0.5566315288047666, 0.0]",False
3,P21,09ce0dcc-884e-4c47-9efa-46e431e4bea2,24,1,haply,mpc,seeded_random,2698308921,persist_session,10.0,63.72937899589538,1629.799595207,0,1786366631.2213323,1270.0,True,normal,adaptive,-0.064,-0.048,0.0,0.064,0.048,0.0,0.067590171,0.0449730199999999,0.0,0.057744753,-0.071286514,0.22353539,0.0023123997,-0.006672055,0.0010368533,"[-1.4006497031648542, 4.4121512663823275, 0.0, 0.0, 0.0, 0.0, -1.6078684436315058, 6.415386665349386]","[0.07936567780016295, 0.012863054337514244, 0.0]","{""Controller Type"": ""MPC Controller"", ""weight_comfort"": 45.75986585105823, ""weight_trajectory"": 1630458.432517189, ""weight_goal"": 2501000.0, ""Q"": [[1630458.432517189, 0.0, 0.0, 0.0], [0.0, 0.0, 0.0, 0.0], [0.0, 0.0, 1630458.432517189, 0.0], [0.0, 0.0, 0.0, 0.0]], ""R"": [[45.75986585105823, 0.0], [0.0, 45.75986585105823]], ""P"": [[2501000.0, 0.0, 0.0, 0.0], [0.0, 250100000.0, 0.0, 0.0], [0.0, 0.0, 2501000.0, 0.0], [0.0, 0.0, 0.0, 250100000.0]]}","[-0.9230801435554516, 0.46833914696076334, 0.0]",False
3,P21,09ce0dcc-884e-4c47-9efa-46e431e4bea2,24,1,haply,mpc,seeded_random,2698308921,persist_session,10.0,63.739342746734614,1629.809559858,0,1786366631.2313356,1271.0,True,normal,adaptive,-0.064,-0.048,0.0,0.064,0.048,0.0,0.067681656,0.0449381199999999,0.0,0.057775248,-0.07137786,0.22351794,0.0026393621,-0.00761618,0.0012567751,"[-1.3807342522583326, 4.363798324456904, 0.0, 0.0, 0.0, 0.0, -1.618309299744544, 6.448472360209082]","[0.044860593373825634, -0.027472610352632085, 0.0]","{""Controller Type"": ""MPC Controller"", ""weight_comfort"": 45.75986585105823, ""weight_trajectory"": 1630458.432517189, ""weight_goal"": 2501000.0, ""Q"": [[1630458.432517189, 0.0, 0.0, 0.0], [0.0, 0.0, 0.0, 0.0], [0.0, 0.0, 1630458.432517189, 0.0], [0.0, 0.0, 0.0, 0.0]], ""R"": [[45.75986585105823, 0.0], [0.0, 45.75986585105823]], ""P"": [[2501000.0, 0.0, 0.0, 0.0], [0.0, 250100000.0, 0.0, 0.0], [0.0, 0.0, 2501000.0, 0.0], [0.0, 0.0, 0.0, 250100000.0]]}","[-0.7945105408401256, 0.5912577781649488, 0.0]",False
3,P21,09ce0dcc-884e-4c47-9efa-46e431e4bea2,24,1,haply,mpc,seeded_random,2698308921,persist_session,10.0,63.74934106826782,1629.819565659,0,1786366631.2414224,1272.0,True,normal,adaptive,-0.064,-0.048,0.0,0.064,0.048,0.0,0.067818807,0.0448852799999999,0.0,0.057820965,-0.071514815,0.22349152,0.0030100504,-0.0086738905,0.0016083913,"[-1.3796376240914943, 4.36114179281164, 0.0, 0.0, 0.0, 0.0, -1.617809229518644, 6.446890536790117]","[0.04496398193323889, -0.02744569957829758, 0.0]","{""Controller Type"": ""MPC Controller"", ""weight_comfort"": 45.75986585105823, ""weight_trajectory"": 1630458.432517189, ""weight_goal"": 2501000.0, ""Q"": [[1630458.432517189, 0.0, 0.0, 0.0], [0.0, 0.0, 0.0, 0.0], [0.0, 0.0, 1630458.432517189, 0.0], [0.0, 0.0, 0.0, 0.0]], ""R"": [[45.75986585105823, 0.0], [0.0, 45.75986585105823]], ""P"": [[2501000.0, 0.0, 0.0, 0.0], [0.0, 250100000.0, 0.0, 0.0], [0.0, 0.0, 2501000.0, 0.0], [0.0, 0.0, 0.0, 250100000.0]]}","[-0.8104271986768264, 0.5970997728607327, 0.0]",False
3,P21,09ce0dcc-884e-4c47-9efa-46e431e4bea2,24,1,haply,mpc,seeded_random,2698308921,persist_session,10.0,63.75940066337585,1629.82962499,0,1786366631.2513535,1273.0,True,normal,adaptive,-0.064,-0.048,0.0,0.064,0.048,0.0,0.067956123,0.0448321999999999,0.0,0.057866737,-0.07165197,0.22346498,0.003255584,-0.009431657,0.0012739856,"[-1.3924132237602005, 4.392999274330561, 0.0, 0.0, 0.0, 0.0, -1.6209864587787641, 6.457376705359212]","[0.06504945745368827, -0.03887616213959068, 0.0]","{""Controller Type"": ""MPC Controller"", ""weight_comfort"": 45.74982417409035, ""weight_trajectory"": 1630760.2853268438, ""weight_goal"": 2501000.0, ""Q"": [[1630760.2853268438, 0.0, 0.0, 0.0], [0.0, 0.0, 0.0, 0.0], [0.0, 0.0, 1630760.2853268438, 0.0], [0.0, 0.0, 0.0, 0.0]], ""R"": [[45.74982417409035, 0.0], [0.0, 45.74982417409035]], ""P"": [[2501000.0, 0.0, 0.0, 0.0], [0.0, 250100000.0, 0.0, 0.0], [0.0, 0.0, 2501000.0, 0.0], [0.0, 0.0, 0.0, 250100000.0]]}","[-0.9174026505721818, 0.6389607118130668, 0.0]",False
3,P21,09ce0dcc-884e-4c47-9efa-46e431e4bea2,24,1,haply,mpc,seeded_random,2698308921,persist_session,10.0,63.76939946174621,1629.83962243,0,1786366631.2615092,1274.0,True,normal,adaptive,-0.064,-0.048,0.0,0.064,0.048,0.0,0.068078958,0.0448762399999999,0.0,0.057907682,-0.07177007,0.223487,0.0033570372,-0.009787186,0.0007181753,"[-1.3909214227297628, 4.389284207097408, 0.0, 0.0, 0.0, 0.0, -1.6202894979477107, 6.455075740200149]","[0.06619132514590778, -0.03963322393614885, 0.0]","{""Controller Type"": ""MPC Controller"", ""weight_comfort"": 45.74982417409035, ""weight_trajectory"": 1630760.2853268438, ""weight_goal"": 2501000.0, ""Q"": [[1630760.2853268438, 0.0, 0.0, 0.0], [0.0, 0.0, 0.0, 0.0], [0.0, 0.0, 1630760.2853268438, 0.0], [0.0, 0.0, 0.0, 0.0]], ""R"": [[45.74982417409035, 0.0], [0.0, 45.74982417409035]], ""P"": [[2501000.0, 0.0, 0.0, 0.0], [0.0, 250100000.0, 0.0, 0.0], [0.0, 0.0, 2501000.0, 0.0], [0.0, 0.0, 0.0, 250100000.0]]}","[-0.9455464781631265, 0.6501670366013182, 0.0]",False
3,P21,09ce0dcc-884e-4c47-9efa-46e431e4bea2,24,1,haply,mpc,seeded_random,2698308921,persist_session,10.0,63.77946024894714,1629.849679403,0,1786366631.2716048,1275.0,True,normal,adaptive,-0.064,-0.048,0.0,0.064,0.048,0.0,0.06820197,0.0449203599999999,0.0,0.057948686,-0.07188835,0.22350906,0.0034961477,-0.010239055,0.00030027787,"[-1.3837812974440042, 4.371724135025723, 0.0, 0.0, 0.0, 0.0, -1.6290292974076501, 6.496829970587256]","[0.05852252470993857, 0.023085406135823626, 0.0]","{""Controller Type"": ""MPC Controller"", ""weight_comfort"": 45.74982417409035, ""weight_trajectory"": 1630760.2853268438, ""weight_goal"": 2501000.0, ""Q"": [[1630760.2853268438, 0.0, 0.0, 0.0], [0.0, 0.0, 0.0, 0.0], [0.0, 0.0, 1630760.2853268438, 0.0], [0.0, 0.0, 0.0, 0.0]], ""R"": [[45.74982417409035, 0.0], [0.0, 45.74982417409035]], ""P"": [[2501000.0, 0.0, 0.0, 0.0], [0.0, 250100000.0, 0.0, 0.0], [0.0, 0.0, 2501000.0, 0.0], [0.0, 0.0, 0.0, 250100000.0]]}","[-0.9345534093591334, 0.4616875058823377, 0.0]",False
3,P21,09ce0dcc-884e-4c47-9efa-46e431e4bea2,24,1,haply,mpc,seeded_random,2698308921,persist_session,10.0,63.78929406166076,1629.859522384,0,1786366631.2813666,1276.0,True,normal,adaptive,-0.064,-0.048,0.0,0.064,0.048,0.0,0.068339646,0.0448665999999999,0.0,0.057994578,-0.07202587,0.22348218,0.0036017427,-0.010564953,0.00015366318,"[-1.3821979510134124, 4.367837213303514, 0.0, 0.0, 0.0, 0.0, -1.6288369398918983, 6.495917933801012]","[0.05902882158151706, 0.02337237392902685, 0.0]","{""Controller Type"": ""MPC Controller"", ""weight_comfort"": 45.740023079916256, ""weight_trajectory"": 1631054.9062177169, ""weight_goal"": 2501000.0, ""Q"": [[1631054.9062177169, 0.0, 0.0, 0.0], [0.0, 0.0, 0.0, 0.0], [0.0, 0.0, 1631054.9062177169, 0.0], [0.0, 0.0, 0.0, 0.0]], ""R"": [[45.740023079916256, 0.0], [0.0, 45.740023079916256]], ""P"": [[2501000.0, 0.0, 0.0, 0.0], [0.0, 250100000.0, 0.0, 0.0], [0.0, 0.0, 2501000.0, 0.0], [0.0, 0.0, 0.0, 250100000.0]]}","[-0.9575907825503053, 0.4533944474759105, 0.0]",False
3,P21,09ce0dcc-884e-4c47-9efa-46e431e4bea2,24,1,haply,mpc,seeded_random,2698308921,persist_session,10.0,63.79945236206054,1629.869664672,0,1786366631.2915528,1277.0,True,normal,adaptive,-0.064,-0.048,0.0,0.064,0.048,0.0,0.068431488,0.0448305399999999,0.0,0.058025192,-0.07211764,0.22346415,0.003702007,-0.010871728,3.9175695e-05,"[-1.3868011637103708, 4.379239683609991, 0.0, 0.0, 0.0, 0.0, -1.652744243454037, 6.575148176729149]","[0.06778097134974932, -0.041389202052820435, 0.0]","{""Controller Type"": ""MPC Controller"", ""weight_comfort"": 45.740023079916256, ""weight_trajectory"": 1631054.9062177169, ""weight_goal"": 2501000.0, ""Q"": [[1631054.9062177169, 0.0, 0.0, 0.0], [0.0, 0.0, 0.0, 0.0], [0.0, 0.0, 1631054.9062177169, 0.0], [0.0, 0.0, 0.0, 0.0]], ""R"": [[45.740023079916256, 0.0], [0.0, 45.740023079916256]], ""P"": [[2501000.0, 0.0, 0.0, 0.0], [0.0, 250100000.0, 0.0, 0.0], [0.0, 0.0, 2501000.0, 0.0], [0.0, 0.0, 0.0, 250100000.0]]}","[-1.0173516943692684, 0.6472272951142712, 0.0]",False
3,P21,09ce0dcc-884e-4c47-9efa-46e431e4bea2,24,1,haply,mpc,seeded_random,2698308921,persist_session,10.0,63.80956440925598,1629.879777331,0,1786366631.301307,1278.0,True,normal,adaptive,-0.064,-0.048,0.0,0.064,0.048,0.0,0.068569221,0.0447762999999999,0.0,0.058071103,-0.07225523,0.22343703,0.0037772788,-0.011101854,-4.5416862e-05,"[-1.3730364466297869, 4.346540532959394, 0.0, 0.0, 0.0, 0.0, -1.6487762404059496, 6.562629134022558]","[0.04527439612506251, -0.028457996944411965, 0.0]","{""Controller Type"": ""MPC Controller"", ""weight_comfort"": 45.740023079916256, ""weight_trajectory"": 1631054.9062177169, ""weight_goal"": 2501000.0, ""Q"": [[1631054.9062177169, 0.0, 0.0, 0.0], [0.0, 0.0, 0.0, 0.0], [0.0, 0.0, 1631054.9062177169, 0.0], [0.0, 0.0, 0.0, 0.0]], ""R"": [[45.740023079916256, 0.0], [0.0, 45.740023079916256]], ""P"": [[2501000.0, 0.0, 0.0, 0.0], [0.0, 250100000.0, 0.0, 0.0], [0.0, 0.0, 2501000.0, 0.0], [0.0, 0.0, 0.0, 250100000.0]]}","[-0.9382875915141464, 0.6167503511542677, 0.0]",False
3,P21,09ce0dcc-884e-4c47-9efa-46e431e4bea2,24,1,haply,mpc,seeded_random,2698308921,persist_session,10.0,63.81945711135864,1629.889668508,0,1786366631.3112917,1279.0,True,normal,adaptive,-0.064,-0.048,0.0,0.064,0.048,0.0,0.068661222,0.0447399999999999,0.0,0.05810177,-0.07234716,0.22341888,0.0038492363,-0.0113210855,-0.000119767064,"[-1.389467040053994, 4.387083197810286, 0.0, 0.0, 0.0, 0.0, -1.6529095755606373, 6.576303018887529]","[0.06829618030624068, -0.041897283055647876, 0.0]","{""Controller Type"": ""MPC Controller"", ""weight_comfort"": 45.703750731692274, ""weight_trajectory"": 1632145.25300533, ""weight_goal"": 2501000.0, ""Q"": [[1632145.25300533, 0.0, 0.0, 0.0], [0.0, 0.0, 0.0, 0.0], [0.0, 0.0, 1632145.25300533, 0.0], [0.0, 0.0, 0.0, 0.0]], ""R"": [[45.703750731692274, 0.0], [0.0, 45.703750731692274]], ""P"": [[2501000.0, 0.0, 0.0, 0.0], [0.0, 250100000.0, 0.0, 0.0], [0.0, 0.0, 2501000.0, 0.0], [0.0, 0.0, 0.0, 250100000.0]]}","[-1.057550791752666, 0.663914653704934, 0.0]",False
3,P21,09ce0dcc-884e-4c47-9efa-46e431e4bea2,24,1,haply,mpc,seeded_random,2698308921,persist_session,10.0,63.82944184303283,1629.899652022,0,1786366631.3212123,1280.0,True,normal,adaptive,-0.064,-0.048,0.0,0.064,0.048,0.0,0.068753202,0.04470352,0.0,0.05813243,-0.07243906,0.22340064,0.003768602,-0.011137534,-0.00065184,"[-1.3754715771426336, 4.353937472660532, 0.0, 0.0, 0.0, 0.0, -1.6488188283069203, 6.563399466313957]","[0.04653024982642667, -0.029237291857416185, 0.0]","{""Controller Type"": ""MPC Controller"", ""weight_comfort"": 45.703750731692274, ""weight_trajectory"": 1632145.25300533, ""weight_goal"": 2501000.0, ""Q"": [[1632145.25300533, 0.0, 0.0, 0.0], [0.0, 0.0, 0.0, 0.0], [0.0, 0.0, 1632145.25300533, 0.0], [0.0, 0.0, 0.0, 0.0]], ""R"": [[45.703750731692274, 0.0], [0.0, 45.703750731692274]], ""P"": [[2501000.0, 0.0, 0.0, 0.0], [0.0, 250100000.0, 0.0, 0.0], [0.0, 0.0, 2501000.0, 0.0], [0.0, 0.0, 0.0, 250100000.0]]}","[-0.9819090932191398, 0.6342715200963811, 0.0]",False
3,P21,09ce0dcc-884e-4c47-9efa-46e431e4bea2,24,1,haply,mpc,seeded_random,2698308921,persist_session,10.0,63.83939915657043,1629.909618343,0,1786366631.3313098,1281.0,True,normal,adaptive,-0.064,-0.048,0.0,0.064,0.048,0.0,0.068845212,0.0446668399999999,0.0,0.0581631,-0.07253101,0.2233823,0.003689522,-0.010945001,-0.0010490995,"[-1.3743901039226734, 4.351379823642792, 0.0, 0.0, 0.0, 0.0, -1.648345405542606, 6.561906101471544]","[0.04687515217073651, -0.029562006100603715, 0.0]","{""Controller Type"": ""MPC Controller"", ""weight_comfort"": 45.703750731692274, ""weight_trajectory"": 1632145.25300533, ""weight_goal"": 2501000.0, ""Q"": [[1632145.25300533, 0.0, 0.0, 0.0], [0.0, 0.0, 0.0, 0.0], [0.0, 0.0, 1632145.25300533, 0.0], [0.0, 0.0, 0.0, 0.0]], ""R"": [[45.703750731692274, 0.0], [0.0, 45.703750731692274]], ""P"": [[2501000.0, 0.0, 0.0, 0.0], [0.0, 250100000.0, 0.0, 0.0], [0.0, 0.0, 2501000.0, 0.0], [0.0, 0.0, 0.0, 250100000.0]]}","[-0.9989495497316964, 0.6413822127541072, 0.0]",False
3,P21,09ce0dcc-884e-4c47-9efa-46e431e4bea2,24,1,haply,mpc,seeded_random,2698308921,persist_session,10.0,63.849348840713496,1629.919573797,0,1786366631.3412158,1282.0,True,normal,adaptive,-0.064,-0.048,0.0,0.064,0.048,0.0,0.068937342,0.0446300799999999,0.0,0.05819381,-0.072623074,0.22336392,0.003632925,-0.010807248,-0.0013338674,"[-1.3727724838625917, 4.347569139461058, 0.0, 0.0, 0.0, 0.0, -1.6477192868591195, 6.559936714702467]","[0.046268025040333914, -0.02932217618823912, 0.0]","{""Controller Type"": ""MPC Controller"", ""weight_comfort"": 45.72086531554316, ""weight_trajectory"": 1631630.7886147723, ""weight_goal"": 2501000.0, ""Q"": [[1631630.7886147723, 0.0, 0.0, 0.0], [0.0, 0.0, 0.0, 0.0], [0.0, 0.0, 1631630.7886147723, 0.0], [0.0, 0.0, 0.0, 0.0]], ""R"": [[45.72086531554316, 0.0], [0.0, 45.72086531554316]], ""P"": [[2501000.0, 0.0, 0.0, 0.0], [0.0, 250100000.0, 0.0, 0.0], [0.0, 0.0, 2501000.0, 0.0], [0.0, 0.0, 0.0, 250100000.0]]}","[-1.0119683569144455, 0.6469262116157565, 0.0]",False
3,P21,09ce0dcc-884e-4c47-9efa-46e431e4bea2,24,1,haply,mpc,seeded_random,2698308921,persist_session,10.0,63.85940223693847,1629.929622093,0,1786366631.3513262,1283.0,True,normal,adaptive,-0.064,-0.048,0.0,0.064,0.048,0.0,0.068983353,0.04461166,0.0,0.058209147,-0.07266906,0.22335471,0.003588207,-0.010697375,-0.0015485567,"[-1.3720212404678824, 4.3457991047185045, 0.0, 0.0, 0.0, 0.0, -1.647303089588625, 6.558625938424371]","[0.047191693863356324, -0.029889436942069292, 0.0]","{""Controller Type"": ""MPC Controller"", ""weight_comfort"": 45.72086531554316, ""weight_trajectory"": 1631630.7886147723, ""weight_goal"": 2501000.0, ""Q"": [[1631630.7886147723, 0.0, 0.0, 0.0], [0.0, 0.0, 0.0, 0.0], [0.0, 0.0, 1631630.7886147723, 0.0], [0.0, 0.0, 0.0, 0.0]], ""R"": [[45.72086531554316, 0.0], [0.0, 45.72086531554316]], ""P"": [[2501000.0, 0.0, 0.0, 0.0], [0.0, 250100000.0, 0.0, 0.0], [0.0, 0.0, 2501000.0, 0.0], [0.0, 0.0, 0.0, 250100000.0]]}","[-1.0314806549109188, 0.6547697326727888, 0.0]",False
3,P21,09ce0dcc-884e-4c47-9efa-46e431e4bea2,24,1,haply,mpc,seeded_random,2698308921,persist_session,10.0,63.86934166908264,1629.939568528,0,1786366631.3611834,1284.0,True,normal,adaptive,-0.064,-0.048,0.0,0.064,0.048,0.0,0.069075498,0.0445746799999999,0.0,0.058239862,-0.07276115,0.22333622,0.003523452,-0.010520621,-0.0016832729,"[-1.363681017143141, 4.327905149398368, 0.0, 0.0, 0.0, 0.0, -1.6447670955476357, 6.551413041461303]","[0.02649143025949348, -0.017508985953050782, 0.0]","{""Controller Type"": ""MPC Controller"", ""weight_comfort"": 45.72086531554316, ""weight_trajectory"": 1631630.7886147723, ""weight_goal"": 2501000.0, ""Q"": [[1631630.7886147723, 0.0, 0.0, 0.0], [0.0, 0.0, 0.0, 0.0], [0.0, 0.0, 1631630.7886147723, 0.0], [0.0, 0.0, 0.0, 0.0]], ""R"": [[45.72086531554316, 0.0], [0.0, 45.72086531554316]], ""P"": [[2501000.0, 0.0, 0.0, 0.0], [0.0, 250100000.0, 0.0, 0.0], [0.0, 0.0, 2501000.0, 0.0], [0.0, 0.0, 0.0, 250100000.0]]}","[-0.9507618558060799, 0.6226872125121167, 0.0]",False
3,P21,09ce0dcc-884e-4c47-9efa-46e431e4bea2,24,1,haply,mpc,seeded_random,2698308921,persist_session,10.0,63.879372892379756,1629.949594903,0,1786366631.3713374,1285.0,True,normal,adaptive,-0.064,-0.048,0.0,0.064,0.048,0.0,0.069075498,0.0445746799999999,0.0,0.058239862,-0.07276115,0.22333622,0.0033526965,-0.010020859,-0.0017024387,"[-1.375514431538653, 4.355718606320994, 0.0, 0.0, 0.0, 0.0, -1.6479436517058839, 6.561410764855078]","[0.047698723588390564, -0.03026039784047898, 0.0]","{""Controller Type"": ""MPC Controller"", ""weight_comfort"": 45.71731593972775, ""weight_trajectory"": 1631737.4828517837, ""weight_goal"": 2501000.0, ""Q"": [[1631737.4828517837, 0.0, 0.0, 0.0], [0.0, 0.0, 0.0, 0.0], [0.0, 0.0, 1631737.4828517837, 0.0], [0.0, 0.0, 0.0, 0.0]], ""R"": [[45.71731593972775, 0.0], [0.0, 45.71731593972775]], ""P"": [[2501000.0, 0.0, 0.0, 0.0], [0.0, 250100000.0, 0.0, 0.0], [0.0, 0.0, 2501000.0, 0.0], [0.0, 0.0, 0.0, 250100000.0]]}","[-1.056372315804376, 0.6651549476589493, 0.0]",False
3,P21,09ce0dcc-884e-4c47-9efa-46e431e4bea2,24,1,haply,mpc,seeded_random,2698308921,persist_session,10.0,63.88937622070312,1629.959601595,0,1786366631.3812127,1286.0,True,normal,adaptive,-0.064,-0.048,0.0,0.064,0.048,0.0,0.069121644,0.0445561199999999,0.0,0.058255244,-0.072807275,0.22332694,0.003159948,-0.009452033,-0.0016772379,"[-1.368586660284195, 4.345899945886481, 0.0, 0.0, 0.0, 0.0, -1.6456321368861104, 6.556943263294289]","[0.006946258857099127, -0.00563681667111877, 0.0]","{""Controller Type"": ""MPC Controller"", ""weight_comfort"": 45.71731593972775, ""weight_trajectory"": 1631737.4828517837, ""weight_goal"": 2501000.0, ""Q"": [[1631737.4828517837, 0.0, 0.0, 0.0], [0.0, 0.0, 0.0, 0.0], [0.0, 0.0, 1631737.4828517837, 0.0], [0.0, 0.0, 0.0, 0.0]], ""R"": [[45.71731593972775, 0.0], [0.0, 45.71731593972775]], ""P"": [[2501000.0, 0.0, 0.0, 0.0], [0.0, 250100000.0, 0.0, 0.0], [0.0, 0.0, 2501000.0, 0.0], [0.0, 0.0, 0.0, 250100000.0]]}","[-0.8817691209047198, 0.5950827686780796, 0.0]",False
3,P21,09ce0dcc-884e-4c47-9efa-46e431e4bea2,24,1,haply,mpc,seeded_random,2698308921,persist_session,10.0,63.89939313888549,1629.969614423,0,1786366631.391275,1287.0,True,normal,adaptive,-0.064,-0.048,0.0,0.064,0.048,0.0,0.069121644,0.0445561199999999,0.0,0.058255244,-0.072807275,0.22332694,0.002990402,-0.00895015,-0.0016397549,"[-1.3762977349952625, 4.362440961256181, 0.0, 0.0, 0.0, 0.0, -1.6478278581324908, 6.563202775988009]","[0.027434034639391657, -0.01801004780913383, 0.0]","{""Controller Type"": ""MPC Controller"", ""weight_comfort"": 45.71731593972775, ""weight_trajectory"": 1631737.4828517837, ""weight_goal"": 2501000.0, ""Q"": [[1631737.4828517837, 0.0, 0.0, 0.0], [0.0, 0.0, 0.0, 0.0], [0.0, 0.0, 1631737.4828517837, 0.0], [0.0, 0.0, 0.0, 0.0]], ""R"": [[45.71731593972775, 0.0], [0.0, 45.71731593972775]], ""P"": [[2501000.0, 0.0, 0.0, 0.0], [0.0, 250100000.0, 0.0, 0.0], [0.0, 0.0, 2501000.0, 0.0], [0.0, 0.0, 0.0, 250100000.0]]}","[-0.9770670719152552, 0.6334117673790768, 0.0]",False
3,P21,09ce0dcc-884e-4c47-9efa-46e431e4bea2,24,1,haply,mpc,seeded_random,2698308921,persist_session,10.0,63.90933161735534,1629.979555389,0,1786366631.4014122,1288.0,True,normal,adaptive,-0.064,-0.048,0.0,0.064,0.048,0.0,0.069121644,0.0445561199999999,0.0,0.058255244,-0.072807275,0.22332694,0.0028390624,-0.0085010175,-0.001594945,"[-1.3727384869713866, 4.35739700113724, 0.0, 0.0, 0.0, 0.0, -1.646633223845227, 6.5608939861423945]","[0.007030677835366092, -0.00567080722693614, 0.0]","{""Controller Type"": ""MPC Controller"", ""weight_comfort"": 45.71355419074467, ""weight_trajectory"": 1631850.561026215, ""weight_goal"": 2501000.0, ""Q"": [[1631850.561026215, 0.0, 0.0, 0.0], [0.0, 0.0, 0.0, 0.0], [0.0, 0.0, 1631850.561026215, 0.0], [0.0, 0.0, 0.0, 0.0]], ""R"": [[45.71355419074467, 0.0], [0.0, 45.71355419074467]], ""P"": [[2501000.0, 0.0, 0.0, 0.0], [0.0, 250100000.0, 0.0, 0.0], [0.0, 0.0, 2501000.0, 0.0], [0.0, 0.0, 0.0, 250100000.0]]}","[-0.8897860916133773, 0.5983072080571208, 0.0]",False
3,P21,09ce0dcc-884e-4c47-9efa-46e431e4bea2,24,1,haply,mpc,seeded_random,2698308921,persist_session,10.0,63.919520673751826,1629.989738695,0,1786366631.411376,1289.0,True,normal,adaptive,-0.064,-0.048,0.0,0.064,0.048,0.0,0.069153306,0.0446360999999999,0.0,0.058265798,-0.0728343,0.22336693,0.0026594668,-0.0079659,-0.0015204597,"[-1.3726853568830217, 4.3573217082537345, 0.0, 0.0, 0.0, 0.0, -1.6465979889921554, 6.560825890096726]","[0.007030405721967799, -0.005670685882330344, 0.0]","{""Controller Type"": ""MPC Controller"", ""weight_comfort"": 45.71355419074467, ""weight_trajectory"": 1631850.561026215, ""weight_goal"": 2501000.0, ""Q"": [[1631850.561026215, 0.0, 0.0, 0.0], [0.0, 0.0, 0.0, 0.0], [0.0, 0.0, 1631850.561026215, 0.0], [0.0, 0.0, 0.0, 0.0]], ""R"": [[45.71355419074467, 0.0], [0.0, 45.71355419074467]], ""P"": [[2501000.0, 0.0, 0.0, 0.0], [0.0, 250100000.0, 0.0, 0.0], [0.0, 0.0, 2501000.0, 0.0], [0.0, 0.0, 0.0, 250100000.0]]}","[-0.8897871612552012, 0.5983079273241211, 0.0]",False
3,P21,09ce0dcc-884e-4c47-9efa-46e431e4bea2,24,1,haply,mpc,seeded_random,2698308921,persist_session,10.0,63.929456768035884,1629.999661397,0,1786366631.4214327,1290.0,True,normal,adaptive,-0.064,-0.048,0.0,0.064,0.048,0.0,0.069153306,0.0446360999999999,0.0,0.058265798,-0.0728343,0.22336693,0.0020328918,-0.0060755457,-0.0010261422,"[-1.3769349561153579, 4.365902594612038, 0.0, 0.0, 0.0, 0.0, -1.663229879823383, 6.63095656833338]","[0.020969378643287802, 0.04763239626406901, 0.0]","{""Controller Type"": ""MPC Controller"", ""weight_comfort"": 45.71355419074467, ""weight_trajectory"": 1631850.561026215, ""weight_goal"": 2501000.0, ""Q"": [[1631850.561026215, 0.0, 0.0, 0.0], [0.0, 0.0, 0.0, 0.0], [0.0, 0.0, 1631850.561026215, 0.0], [0.0, 0.0, 0.0, 0.0]], ""R"": [[45.71355419074467, 0.0], [0.0, 45.71355419074467]], ""P"": [[2501000.0, 0.0, 0.0, 0.0], [0.0, 250100000.0, 0.0, 0.0], [0.0, 0.0, 2501000.0, 0.0], [0.0, 0.0, 0.0, 250100000.0]]}","[-0.9546420309064085, 0.43448086342822434, 0.0]",False
3,P21,09ce0dcc-884e-4c47-9efa-46e431e4bea2,24,1,haply,mpc,seeded_random,2698308921,persist_session,10.0,63.93932896614074,1630.009549237,0,1786366631.431283,1291.0,True,normal,adaptive,-0.064,-0.048,0.0,0.064,0.048,0.0,0.069153306,0.0446360999999999,0.0,0.058265798,-0.0728343,0.22336693,0.0014819609,-0.0044152453,-0.00060996757,"[-1.3744739347559338, 4.362415181771181, 0.0, 0.0, 0.0, 0.0, -1.6680484001507039, 6.640266067818964]","[0.007083084774821376, -0.005611148013267027, 0.0]","{""Controller Type"": ""MPC Controller"", ""weight_comfort"": 45.680283001425884, ""weight_trajectory"": 1632850.6929771376, ""weight_goal"": 2501000.0, ""Q"": [[1632850.6929771376, 0.0, 0.0, 0.0], [0.0, 0.0, 0.0, 0.0], [0.0, 0.0, 1632850.6929771376, 0.0], [0.0, 0.0, 0.0, 0.0]], ""R"": [[45.680283001425884, 0.0], [0.0, 45.680283001425884]], ""P"": [[2501000.0, 0.0, 0.0, 0.0], [0.0, 250100000.0, 0.0, 0.0], [0.0, 0.0, 2501000.0, 0.0], [0.0, 0.0, 0.0, 250100000.0]]}","[-0.8952878247184481, 0.5844129401128311, 0.0]",False
3,P21,09ce0dcc-884e-4c47-9efa-46e431e4bea2,24,1,haply,mpc,seeded_random,2698308921,persist_session,10.0,63.94933420181274,1630.019557966,0,1786366631.441185,1292.0,True,normal,adaptive,-0.064,-0.048,0.0,0.064,0.048,0.0,0.069153306,0.0446360999999999,0.0,0.058265798,-0.0728343,0.22336693,0.001090307,-0.0032396456,-0.00036121378,"[-1.3744199275216797, 4.362338650325602, 0.0, 0.0, 0.0, 0.0, -1.6680142537901783, 6.640200096212713]","[0.0070828064590170514, -0.0056110331483248555, 0.0]","{""Controller Type"": ""MPC Controller"", ""weight_comfort"": 45.680283001425884, ""weight_trajectory"": 1632850.6929771376, ""weight_goal"": 2501000.0, ""Q"": [[1632850.6929771376, 0.0, 0.0, 0.0], [0.0, 0.0, 0.0, 0.0], [0.0, 0.0, 1632850.6929771376, 0.0], [0.0, 0.0, 0.0, 0.0]], ""R"": [[45.680283001425884, 0.0], [0.0, 45.680283001425884]], ""P"": [[2501000.0, 0.0, 0.0, 0.0], [0.0, 250100000.0, 0.0, 0.0], [0.0, 0.0, 2501000.0, 0.0], [0.0, 0.0, 0.0, 250100000.0]]}","[-0.8952973357398714, 0.584419148592987, 0.0]",False
3,P21,09ce0dcc-884e-4c47-9efa-46e431e4bea2,24,1,haply,mpc,seeded_random,2698308921,persist_session,10.0,63.9594014263153,1630.029612506,0,1786366631.4513223,1293.0,True,normal,adaptive,-0.064,-0.048,0.0,0.064,0.048,0.0,0.069357402,0.0446293399999999,0.0,0.05833383,-0.07279022,0.22336355,0.0008148968,-0.002385226,-0.00018184056,"[-1.3743658704765527, 4.36226204829507, 0.0, 0.0, 0.0, 0.0, -1.6679800746491924, 6.640134061273808]","[0.007082527886522056, -0.0056109181731124926, 0.0]","{""Controller Type"": ""MPC Controller"", ""weight_comfort"": 45.680283001425884, ""weight_trajectory"": 1632850.6929771376, ""weight_goal"": 2501000.0, ""Q"": [[1632850.6929771376, 0.0, 0.0, 0.0], [0.0, 0.0, 0.0, 0.0], [0.0, 0.0, 1632850.6929771376, 0.0], [0.0, 0.0, 0.0, 0.0]], ""R"": [[45.680283001425884, 0.0], [0.0, 45.680283001425884]], ""P"": [[2501000.0, 0.0, 0.0, 0.0], [0.0, 250100000.0, 0.0, 0.0], [0.0, 0.0, 2501000.0, 0.0], [0.0, 0.0, 0.0, 250100000.0]]}","[-0.895297335739826, 0.5844191485929537, 0.0]",False
3,P21,09ce0dcc-884e-4c47-9efa-46e431e4bea2,24,1,haply,mpc,seeded_random,2698308921,persist_session,10.0,63.969580707550044,1630.039791136,0,1786366631.4611857,1294.0,True,normal,adaptive,-0.064,-0.048,0.0,0.064,0.048,0.0,0.069663312,0.0446191399999999,0.0,0.0584358,-0.07272399,0.22335845,0.000657931,-0.0016847621,-0.00012105764,"[-1.4690929219409479, 4.5994896408444745, 0.0, 0.0, 0.0, 0.0, -1.6684507067807937, 6.64127618443228]","[0.10047265664014615, -0.010052468207073381, 0.0]","{""Controller Type"": ""MPC Controller"", ""weight_comfort"": 45.608698226375246, ""weight_trajectory"": 1635002.53131516, ""weight_goal"": 2501000.0, ""Q"": [[1635002.53131516, 0.0, 0.0, 0.0], [0.0, 0.0, 0.0, 0.0], [0.0, 0.0, 1635002.53131516, 0.0], [0.0, 0.0, 0.0, 0.0]], ""R"": [[45.608698226375246, 0.0], [0.0, 45.608698226375246]], ""P"": [[2501000.0, 0.0, 0.0, 0.0], [0.0, 250100000.0, 0.0, 0.0], [0.0, 0.0, 2501000.0, 0.0], [0.0, 0.0, 0.0, 250100000.0]]}","[-1.3068090842285152, 0.598049103261532, 0.0]",False
3,P21,09ce0dcc-884e-4c47-9efa-46e431e4bea2,24,1,haply,mpc,seeded_random,2698308921,persist_session,10.0,63.979518470764155,1630.049732726,0,1786366631.47136,1295.0,True,normal,adaptive,-0.064,-0.048,0.0,0.064,0.048,0.0,0.069867132,0.0446123399999999,0.0,0.05850374,-0.07267977,0.22335505,0.0005932777,-0.0011237393,-9.265429e-05,"[-1.5385692198976433, 4.777435304278691, 0.0, 0.0, 0.0, 0.0, -1.668692022851565, 6.6419027908715575]","[0.15688428165789559, -0.01251019584606788, 0.0]","{""Controller Type"": ""MPC Controller"", ""weight_comfort"": 45.608698226375246, ""weight_trajectory"": 1635002.53131516, ""weight_goal"": 2501000.0, ""Q"": [[1635002.53131516, 0.0, 0.0, 0.0], [0.0, 0.0, 0.0, 0.0], [0.0, 0.0, 1635002.53131516, 0.0], [0.0, 0.0, 0.0, 0.0]], ""R"": [[45.608698226375246, 0.0], [0.0, 45.608698226375246]], ""P"": [[2501000.0, 0.0, 0.0, 0.0], [0.0, 250100000.0, 0.0, 0.0], [0.0, 0.0, 2501000.0, 0.0], [0.0, 0.0, 0.0, 250100000.0]]}","[-1.5632352595612145, 0.6066950935391243, 0.0]",False
3,P21,09ce0dcc-884e-4c47-9efa-46e431e4bea2,24,1,haply,mpc,seeded_random,2698308921,persist_session,10.0,63.98958188056945,1630.059785839,0,1786366631.4812634,1296.0,True,normal,adaptive,-0.064,-0.048,0.0,0.064,0.048,0.0,0.070117437,0.0445870399999999,0.0,0.058587175,-0.07268157,0.2233424,0.0006235763,-0.00076359755,-8.856455e-05,"[-1.4790138456424233, 4.6293327100457295, 0.0, 0.0, 0.0, 0.0, -1.6683007954857842, 6.640953757546372]","[0.10141642746147313, -0.01009013276980045, 0.0]","{""Controller Type"": ""MPC Controller"", ""weight_comfort"": 45.608698226375246, ""weight_trajectory"": 1635002.53131516, ""weight_goal"": 2501000.0, ""Q"": [[1635002.53131516, 0.0, 0.0, 0.0], [0.0, 0.0, 0.0, 0.0], [0.0, 0.0, 1635002.53131516, 0.0], [0.0, 0.0, 0.0, 0.0]], ""R"": [[45.608698226375246, 0.0], [0.0, 45.608698226375246]], ""P"": [[2501000.0, 0.0, 0.0, 0.0], [0.0, 250100000.0, 0.0, 0.0], [0.0, 0.0, 2501000.0, 0.0], [0.0, 0.0, 0.0, 250100000.0]]}","[-1.3935209150999108, 0.6010443249695282, 0.0]",False
3,P21,09ce0dcc-884e-4c47-9efa-46e431e4bea2,24,1,haply,mpc,seeded_random,2698308921,persist_session,10.0,63.99939566612243,1630.069615063,0,1786366631.4913564,1297.0,True,normal,adaptive,-0.064,-0.048,0.0,0.064,0.048,0.0,0.070219338,0.0445836399999999,0.0,0.058621142,-0.072659396,0.2233407,0.00072258856,-0.00064268505,-0.00011893697,"[-1.5037551851769402, 4.69168040383954, 0.0, 0.0, 0.0, 0.0, -1.6708471105424094, 6.648566870588803]","[0.12777935205314017, -0.02268743008061118, 0.0]","{""Controller Type"": ""MPC Controller"", ""weight_comfort"": 45.5768033571325, ""weight_trajectory"": 1635961.2910845971, ""weight_goal"": 2501000.0, ""Q"": [[1635961.2910845971, 0.0, 0.0, 0.0], [0.0, 0.0, 0.0, 0.0], [0.0, 0.0, 1635961.2910845971, 0.0], [0.0, 0.0, 0.0, 0.0]], ""R"": [[45.5768033571325, 0.0], [0.0, 45.5768033571325]], ""P"": [[2501000.0, 0.0, 0.0, 0.0], [0.0, 250100000.0, 0.0, 0.0], [0.0, 0.0, 2501000.0, 0.0], [0.0, 0.0, 0.0, 250100000.0]]}","[-1.5349154239022127, 0.6406735766255777, 0.0]",False
3,P21,09ce0dcc-884e-4c47-9efa-46e431e4bea2,24,1,haply,mpc,seeded_random,2698308921,persist_session,10.0,64.00946646690369,1630.079667619,0,1786366631.5012765,1298.0,True,normal,adaptive,-0.064,-0.048,0.0,0.064,0.048,0.0,0.070219338,0.0445836399999999,0.0,0.058621142,-0.072659396,0.2233407,0.0013541612,-0.0001894024,-0.00016898813,"[-1.4568223059559122, 4.5830752822616505, 0.0, 0.0, 0.0, 0.0, -1.6691623247370317, 6.644829701945148]","[0.0553322597712949, -0.007940889979037712, 0.0]","{""Controller Type"": ""MPC Controller"", ""weight_comfort"": 45.5768033571325, ""weight_trajectory"": 1635961.2910845971, ""weight_goal"": 2501000.0, ""Q"": [[1635961.2910845971, 0.0, 0.0, 0.0], [0.0, 0.0, 0.0, 0.0], [0.0, 0.0, 1635961.2910845971, 0.0], [0.0, 0.0, 0.0, 0.0]], ""R"": [[45.5768033571325, 0.0], [0.0, 45.5768033571325]], ""P"": [[2501000.0, 0.0, 0.0, 0.0], [0.0, 250100000.0, 0.0, 0.0], [0.0, 0.0, 2501000.0, 0.0], [0.0, 0.0, 0.0, 250100000.0]]}","[-1.269121617127027, 0.5998449691434145, 0.0]",False
3,P21,09ce0dcc-884e-4c47-9efa-46e431e4bea2,24,1,haply,mpc,seeded_random,2698308921,persist_session,10.0,64.01929670333863,1630.089518096,0,1786366631.5113783,1299.0,True,normal,adaptive,-0.064,-0.048,0.0,0.064,0.048,0.0,0.070219338,0.0445836399999999,0.0,0.058621142,-0.072659396,0.2233407,0.003098936,0.000978446,-0.00026916046,"[-1.4474046794469044, 4.569836057072727, 0.0, 0.0, 0.0, 0.0, -1.6689155675386176, 6.6443530144401235]","[0.009001898924261979, -0.005701616388316267, 0.0]","{""Controller Type"": ""MPC Controller"", ""weight_comfort"": 45.5768033571325, ""weight_trajectory"": 1635961.2910845971, ""weight_goal"": 2501000.0, ""Q"": [[1635961.2910845971, 0.0, 0.0, 0.0], [0.0, 0.0, 0.0, 0.0], [0.0, 0.0, 1635961.2910845971, 0.0], [0.0, 0.0, 0.0, 0.0]], ""R"": [[45.5768033571325, 0.0], [0.0, 45.5768033571325]], ""P"": [[2501000.0, 0.0, 0.0, 0.0], [0.0, 250100000.0, 0.0, 0.0], [0.0, 0.0, 2501000.0, 0.0], [0.0, 0.0, 0.0, 250100000.0]]}","[-1.0805374787576956, 0.5935527250075332, 0.0]",False
3,P21,09ce0dcc-884e-4c47-9efa-46e431e4bea2,24,1,haply,mpc,seeded_random,2698308921,persist_session,10.0,64.02941041946411,1630.099630783,0,1786366631.5212166,1300.0,True,normal,adaptive,-0.064,-0.048,0.0,0.064,0.048,0.0,0.070219338,0.0445836399999999,0.0,0.058621142,-0.072659396,0.2233407,0.004332768,0.001875318,-0.00032942576,"[-1.4473220387871533, 4.569719881483989, 0.0, 0.0, 0.0, 0.0, -1.6688800588423929, 6.644284418460274]","[0.009001384954066443, -0.005701495077826833, 0.0]","{""Controller Type"": ""MPC Controller"", ""weight_comfort"": 45.60874899325559, ""weight_trajectory"": 1635001.0052627367, ""weight_goal"": 2501000.0, ""Q"": [[1635001.0052627367, 0.0, 0.0, 0.0], [0.0, 0.0, 0.0, 0.0], [0.0, 0.0, 1635001.0052627367, 0.0], [0.0, 0.0, 0.0, 0.0]], ""R"": [[45.60874899325559, 0.0], [0.0, 45.60874899325559]], ""P"": [[2501000.0, 0.0, 0.0, 0.0], [0.0, 250100000.0, 0.0, 0.0], [0.0, 0.0, 2501000.0, 0.0], [0.0, 0.0, 0.0, 250100000.0]]}","[-1.0805374794644373, 0.5935527254171923, 0.0]",False
3,P21,09ce0dcc-884e-4c47-9efa-46e431e4bea2,24,1,haply,mpc,seeded_random,2698308921,persist_session,10.0,64.03931957244873,1630.109545562,0,1786366631.531417,1301.0,True,normal,adaptive,-0.064,-0.048,0.0,0.064,0.048,0.0,0.070321152,0.0445802399999999,0.0,0.05865508,-0.07263724,0.223339,0.0046896343,0.0023837136,-0.00031482134,"[-1.4472393248545143, 4.569603602888802, 0.0, 0.0, 0.0, 0.0, -1.6688445161151673, 6.644215756739069]","[0.009000870528162053, -0.0057013736510752476, 0.0]","{""Controller Type"": ""MPC Controller"", ""weight_comfort"": 45.60874899325559, ""weight_trajectory"": 1635001.0052627367, ""weight_goal"": 2501000.0, ""Q"": [[1635001.0052627367, 0.0, 0.0, 0.0], [0.0, 0.0, 0.0, 0.0], [0.0, 0.0, 1635001.0052627367, 0.0], [0.0, 0.0, 0.0, 0.0]], ""R"": [[45.60874899325559, 0.0], [0.0, 45.60874899325559]], ""P"": [[2501000.0, 0.0, 0.0, 0.0], [0.0, 250100000.0, 0.0, 0.0], [0.0, 0.0, 2501000.0, 0.0], [0.0, 0.0, 0.0, 250100000.0]]}","[-1.080526497462976, 0.5935466928664628, 0.0]",False
3,P21,09ce0dcc-884e-4c47-9efa-46e431e4bea2,24,1,haply,mpc,seeded_random,2698308921,persist_session,10.0,64.04941087722779,1630.119632548,0,1786366631.5412235,1302.0,True,normal,adaptive,-0.064,-0.048,0.0,0.064,0.048,0.0,0.070469823,0.0445582599999999,0.0,0.058704637,-0.07266112,0.22332801,0.003788227,0.0019842777,-0.0002474175,"[-1.47502427526407, 4.633690025531516, 0.0, 0.0, 0.0, 0.0, -1.6690282768314548, 6.644622867199299]","[0.05557614895553717, -0.007922545293334665, 0.0]","{""Controller Type"": ""MPC Controller"", ""weight_comfort"": 45.60874899325559, ""weight_trajectory"": 1635001.0052627367, ""weight_goal"": 2501000.0, ""Q"": [[1635001.0052627367, 0.0, 0.0, 0.0], [0.0, 0.0, 0.0, 0.0], [0.0, 0.0, 1635001.0052627367, 0.0], [0.0, 0.0, 0.0, 0.0]], ""R"": [[45.60874899325559, 0.0], [0.0, 45.60874899325559]], ""P"": [[2501000.0, 0.0, 0.0, 0.0], [0.0, 250100000.0, 0.0, 0.0], [0.0, 0.0, 2501000.0, 0.0], [0.0, 0.0, 0.0, 250100000.0]]}","[-1.2846599460113033, 0.6003635714580869, 0.0]",False
3,P21,09ce0dcc-884e-4c47-9efa-46e431e4bea2,24,1,haply,mpc,seeded_random,2698308921,persist_session,10.0,64.05950361251831,1630.129721607,0,1786366631.5513203,1303.0,True,normal,adaptive,-0.064,-0.048,0.0,0.064,0.048,0.0,0.070516548,0.0445395399999999,0.0,0.058720212,-0.07270711,0.22331865,0.0032359809,0.0015934149,-0.00022912367,"[-1.4934099470813973, 4.677964645538637, 0.0, 0.0, 0.0, 0.0, -1.6714990558988516, 6.651859896390468]","[0.08057948364521914, -0.020661583175591955, 0.0]","{""Controller Type"": ""MPC Controller"", ""weight_comfort"": 45.575787027077716, ""weight_trajectory"": 1635991.841966044, ""weight_goal"": 2501000.0, ""Q"": [[1635991.841966044, 0.0, 0.0, 0.0], [0.0, 0.0, 0.0, 0.0], [0.0, 0.0, 1635991.841966044, 0.0], [0.0, 0.0, 0.0, 0.0]], ""R"": [[45.575787027077716, 0.0], [0.0, 45.575787027077716]], ""P"": [[2501000.0, 0.0, 0.0, 0.0], [0.0, 250100000.0, 0.0, 0.0], [0.0, 0.0, 2501000.0, 0.0], [0.0, 0.0, 0.0, 250100000.0]]}","[-1.407209755067886, 0.6398201308859958, 0.0]",False
3,P21,09ce0dcc-884e-4c47-9efa-46e431e4bea2,24,1,haply,mpc,seeded_random,2698308921,persist_session,10.0,64.06934410095215,1630.139568641,0,1786366631.5612576,1304.0,True,normal,adaptive,-0.064,-0.048,0.0,0.064,0.048,0.0,0.070712217,0.0444987799999999,0.0,0.058785435,-0.07277704,0.22329827,0.0029696377,0.0010188218,-0.00028038444,"[-1.472729435316978, 4.635409563321118, 0.0, 0.0, 0.0, 0.0, -1.670771456061047, 6.649791928885724]","[0.031048439263384794, -0.01811071708997609, 0.0]","{""Controller Type"": ""MPC Controller"", ""weight_comfort"": 45.575787027077716, ""weight_trajectory"": 1635991.841966044, ""weight_goal"": 2501000.0, ""Q"": [[1635991.841966044, 0.0, 0.0, 0.0], [0.0, 0.0, 0.0, 0.0], [0.0, 0.0, 1635991.841966044, 0.0], [0.0, 0.0, 0.0, 0.0]], ""R"": [[45.575787027077716, 0.0], [0.0, 45.575787027077716]], ""P"": [[2501000.0, 0.0, 0.0, 0.0], [0.0, 250100000.0, 0.0, 0.0], [0.0, 0.0, 2501000.0, 0.0], [0.0, 0.0, 0.0, 250100000.0]]}","[-1.2186140653246138, 0.635846058051275, 0.0]",False
3,P21,09ce0dcc-884e-4c47-9efa-46e431e4bea2,24,1,haply,mpc,seeded_random,2698308921,persist_session,10.0,64.07946139335633,1630.149679742,0,1786366631.5712788,1305.0,True,normal,adaptive,-0.064,-0.048,0.0,0.064,0.048,0.0,0.070759122,0.0444800599999999,0.0,0.05880107,-0.072823115,0.22328891,0.0028446182,0.0004744081,-0.00034730663,"[-1.5444793465619655, 4.811746271064514, 0.0, 0.0, 0.0, 0.0, -1.6748097835435285, 6.662606765793813]","[0.10511201973199348, -0.03319204754313271, 0.0]","{""Controller Type"": ""MPC Controller"", ""weight_comfort"": 45.575787027077716, ""weight_trajectory"": 1635991.841966044, ""weight_goal"": 2501000.0, ""Q"": [[1635991.841966044, 0.0, 0.0, 0.0], [0.0, 0.0, 0.0, 0.0], [0.0, 0.0, 1635991.841966044, 0.0], [0.0, 0.0, 0.0, 0.0]], ""R"": [[45.575787027077716, 0.0], [0.0, 45.575787027077716]], ""P"": [[2501000.0, 0.0, 0.0, 0.0], [0.0, 250100000.0, 0.0, 0.0], [0.0, 0.0, 2501000.0, 0.0], [0.0, 0.0, 0.0, 250100000.0]]}","[-1.5339600357725984, 0.6849110915382925, 0.0]",False
3,P21,09ce0dcc-884e-4c47-9efa-46e431e4bea2,24,1,haply,mpc,seeded_random,2698308921,persist_session,10.0,64.08935385704041,1630.159573367,0,1786366631.5812848,1306.0,True,normal,adaptive,-0.064,-0.048,0.0,0.064,0.048,0.0,0.07080606,0.0444611999999999,0.0,0.058816716,-0.07286925,0.22327948,0.0027872424,-1.2025977e-05,-0.0004150441,"[-1.5143215447180827, 4.749967554182142, 0.0, 0.0, 0.0, 0.0, -1.6716583366331565, 6.653663569241159]","[0.0324680522334302, -0.018313433062199437, 0.0]","{""Controller Type"": ""MPC Controller"", ""weight_comfort"": 45.54730623695944, ""weight_trajectory"": 1636847.974516999, ""weight_goal"": 2501000.0, ""Q"": [[1636847.974516999, 0.0, 0.0, 0.0], [0.0, 0.0, 0.0, 0.0], [0.0, 0.0, 1636847.974516999, 0.0], [0.0, 0.0, 0.0, 0.0]], ""R"": [[45.54730623695944, 0.0], [0.0, 45.54730623695944]], ""P"": [[2501000.0, 0.0, 0.0, 0.0], [0.0, 250100000.0, 0.0, 0.0], [0.0, 0.0, 2501000.0, 0.0], [0.0, 0.0, 0.0, 250100000.0]]}","[-1.2617459024505655, 0.6464412022701226, 0.0]",False
3,P21,09ce0dcc-884e-4c47-9efa-46e431e4bea2,24,1,haply,mpc,seeded_random,2698308921,persist_session,10.0,64.09932881355286,1630.169550474,0,1786366631.5916338,1307.0,True,normal,adaptive,-0.064,-0.048,0.0,0.064,0.048,0.0,0.07080606,0.0444611999999999,0.0,0.058816716,-0.07286925,0.22327948,0.0027717275,-0.00045898225,-0.00048268092,"[-1.5136967637666978, 4.748688642875256, 0.0, 0.0, 0.0, 0.0, -1.6714374317687257, 6.653036324885026]","[0.032578449378956334, -0.01845504673133958, 0.0]","{""Controller Type"": ""MPC Controller"", ""weight_comfort"": 45.54730623695944, ""weight_trajectory"": 1636847.974516999, ""weight_goal"": 2501000.0, ""Q"": [[1636847.974516999, 0.0, 0.0, 0.0], [0.0, 0.0, 0.0, 0.0], [0.0, 0.0, 1636847.974516999, 0.0], [0.0, 0.0, 0.0, 0.0]], ""R"": [[45.54730623695944, 0.0], [0.0, 45.54730623695944]], ""P"": [[2501000.0, 0.0, 0.0, 0.0], [0.0, 250100000.0, 0.0, 0.0], [0.0, 0.0, 2501000.0, 0.0], [0.0, 0.0, 0.0, 250100000.0]]}","[-1.270106878949072, 0.650038195844875, 0.0]",False
3,P21,09ce0dcc-884e-4c47-9efa-46e431e4bea2,24,1,haply,mpc,seeded_random,2698308921,persist_session,10.0,64.10939317703247,1630.179610193,0,1786366631.6013122,1308.0,True,normal,adaptive,-0.064,-0.048,0.0,0.064,0.048,0.0,0.070852932,0.0444423799999999,0.0,0.05883234,-0.0729153,0.22327007,0.0023910746,-0.0010064279,-0.0005105567,"[-1.5090226095094037, 4.742136634246164, 0.0, 0.0, 0.0, 0.0, -1.6702154530308653, 6.650676513441801]","[0.010270498421677576, -0.005910558445185663, 0.0]","{""Controller Type"": ""MPC Controller"", ""weight_comfort"": 45.54730623695944, ""weight_trajectory"": 1636847.974516999, ""weight_goal"": 2501000.0, ""Q"": [[1636847.974516999, 0.0, 0.0, 0.0], [0.0, 0.0, 0.0, 0.0], [0.0, 0.0, 1636847.974516999, 0.0], [0.0, 0.0, 0.0, 0.0]], ""R"": [[45.54730623695944, 0.0], [0.0, 45.54730623695944]], ""P"": [[2501000.0, 0.0, 0.0, 0.0], [0.0, 250100000.0, 0.0, 0.0], [0.0, 0.0, 2501000.0, 0.0], [0.0, 0.0, 0.0, 250100000.0]]}","[-1.1824846713768493, 0.6148310111809057, 0.0]",False
3,P21,09ce0dcc-884e-4c47-9efa-46e431e4bea2,24,1,haply,mpc,seeded_random,2698308921,persist_session,10.0,64.11954551696778,1630.189749407,0,1786366631.6115024,1309.0,True,normal,adaptive,-0.064,-0.048,0.0,0.064,0.048,0.0,0.070852932,0.0444423799999999,0.0,0.05883234,-0.0729153,0.22327007,0.0019698073,-0.0014991753,-0.0005237367,"[-1.5184681518208567, 4.761549409298134, 0.0, 0.0, 0.0, 0.0, -1.6726621561017603, 6.657652135222976]","[0.03346598736978714, -0.018896790924958957, 0.0]","{""Controller Type"": ""MPC Controller"", ""weight_comfort"": 45.54182680422928, ""weight_trajectory"": 1637012.6862648672, ""weight_goal"": 2501000.0, ""Q"": [[1637012.6862648672, 0.0, 0.0, 0.0], [0.0, 0.0, 0.0, 0.0], [0.0, 0.0, 1637012.6862648672, 0.0], [0.0, 0.0, 0.0, 0.0]], ""R"": [[45.54182680422928, 0.0], [0.0, 45.54182680422928]], ""P"": [[2501000.0, 0.0, 0.0, 0.0], [0.0, 250100000.0, 0.0, 0.0], [0.0, 0.0, 2501000.0, 0.0], [0.0, 0.0, 0.0, 250100000.0]]}","[-1.2810888234945617, 0.6544224547594139, 0.0]",False
3,P21,09ce0dcc-884e-4c47-9efa-46e431e4bea2,24,1,haply,mpc,seeded_random,2698308921,persist_session,10.0,64.12948852539063,1630.199705177,0,1786366631.6215763,1310.0,True,normal,adaptive,-0.064,-0.048,0.0,0.064,0.048,0.0,0.070444086,0.0444559999999999,0.0,0.058696058,-0.073004216,0.22327688,0.0016441338,-0.0019929917,-0.0005512271,"[-1.5135294905466758, 4.754627517775456, 0.0, 0.0, 0.0, 0.0, -1.6713742353247238, 6.655165096957132]","[0.010372114678711021, -0.005946114407076032, 0.0]","{""Controller Type"": ""MPC Controller"", ""weight_comfort"": 45.54182680422928, ""weight_trajectory"": 1637012.6862648672, ""weight_goal"": 2501000.0, ""Q"": [[1637012.6862648672, 0.0, 0.0, 0.0], [0.0, 0.0, 0.0, 0.0], [0.0, 0.0, 1637012.6862648672, 0.0], [0.0, 0.0, 0.0, 0.0]], ""R"": [[45.54182680422928, 0.0], [0.0, 45.54182680422928]], ""P"": [[2501000.0, 0.0, 0.0, 0.0], [0.0, 250100000.0, 0.0, 0.0], [0.0, 0.0, 2501000.0, 0.0], [0.0, 0.0, 0.0, 250100000.0]]}","[-1.190630283385742, 0.6181018731396056, 0.0]",False
3,P21,09ce0dcc-884e-4c47-9efa-46e431e4bea2,24,1,haply,mpc,seeded_random,2698308921,persist_session,10.0,64.1394370174408,1630.209628242,0,1786366631.6313488,1311.0,True,normal,adaptive,-0.064,-0.048,0.0,0.064,0.048,0.0,0.070137174,0.0444662399999999,0.0,0.058593754,-0.07307076,0.223282,0.0010613671,-0.0032329476,-0.0006548641,"[-1.7992426550153495, 5.578367198100431, 0.0, 0.0, 0.0, 0.0, -1.6711488675477009, 6.655859435491926]","[-0.21479640591540675, 0.003076014815858347, 0.0]","{""Controller Type"": ""MPC Controller"", ""weight_comfort"": 45.54182680422928, ""weight_trajectory"": 1637012.6862648672, ""weight_goal"": 2501000.0, ""Q"": [[1637012.6862648672, 0.0, 0.0, 0.0], [0.0, 0.0, 0.0, 0.0], [0.0, 0.0, 1637012.6862648672, 0.0], [0.0, 0.0, 0.0, 0.0]], ""R"": [[45.54182680422928, 0.0], [0.0, 45.54182680422928]], ""P"": [[2501000.0, 0.0, 0.0, 0.0], [0.0, 250100000.0, 0.0, 0.0], [0.0, 0.0, 2501000.0, 0.0], [0.0, 0.0, 0.0, 250100000.0]]}","[-0.36154316477048837, 0.5904822665660808, 0.0]",False
3,P21,09ce0dcc-884e-4c47-9efa-46e431e4bea2,24,1,haply,mpc,seeded_random,2698308921,persist_session,10.0,64.1493898010254,1630.219604523,0,1786366631.6411874,1312.0,True,normal,adaptive,-0.064,-0.048,0.0,0.064,0.048,0.0,0.069830022,0.0444764199999999,0.0,0.05849137,-0.07313717,0.22328709,0.00015752333,-0.0040077968,-0.0006392857,"[-1.737914999204446, 5.398771114371806, 0.0, 0.0, 0.0, 0.0, -1.6712384851565083, 6.6558173735161]","[-0.15888964451325377, 0.0010686070181709865, 0.0]","{""Controller Type"": ""MPC Controller"", ""weight_comfort"": 45.32411202053796, ""weight_trajectory"": 1643557.1926626286, ""weight_goal"": 2501000.0, ""Q"": [[1643557.1926626286, 0.0, 0.0, 0.0], [0.0, 0.0, 0.0, 0.0], [0.0, 0.0, 1643557.1926626286, 0.0], [0.0, 0.0, 0.0, 0.0]], ""R"": [[45.32411202053796, 0.0], [0.0, 45.32411202053796]], ""P"": [[2501000.0, 0.0, 0.0, 0.0], [0.0, 250100000.0, 0.0, 0.0], [0.0, 0.0, 2501000.0, 0.0], [0.0, 0.0, 0.0, 250100000.0]]}","[-0.4796427404477353, 0.5943836988059357, 0.0]",False
3,P21,09ce0dcc-884e-4c47-9efa-46e431e4bea2,24,1,haply,mpc,seeded_random,2698308921,persist_session,10.0,64.15939169883728,1630.22960421,0,1786366631.6513872,1313.0,True,normal,adaptive,-0.064,-0.048,0.0,0.064,0.048,0.0,0.069384054,0.0445429599999999,0.0,0.058342714,-0.073064946,0.22332036,-0.0010583042,-0.0037879574,-0.00042419584,"[-1.7280764275994625, 5.3700677488131765, 0.0, 0.0, 0.0, 0.0, -1.6712450591571428, 6.6558146417102355]","[-0.15757415127244598, 0.0009980193764876528, 0.0]","{""Controller Type"": ""MPC Controller"", ""weight_comfort"": 45.32411202053796, ""weight_trajectory"": 1643557.1926626286, ""weight_goal"": 2501000.0, ""Q"": [[1643557.1926626286, 0.0, 0.0, 0.0], [0.0, 0.0, 0.0, 0.0], [0.0, 0.0, 1643557.1926626286, 0.0], [0.0, 0.0, 0.0, 0.0]], ""R"": [[45.32411202053796, 0.0], [0.0, 45.32411202053796]], ""P"": [[2501000.0, 0.0, 0.0, 0.0], [0.0, 250100000.0, 0.0, 0.0], [0.0, 0.0, 2501000.0, 0.0], [0.0, 0.0, 0.0, 250100000.0]]}","[-0.4298233100319775, 0.5929022725373265, 0.0]",False
3,P21,09ce0dcc-884e-4c47-9efa-46e431e4bea2,24,1,haply,mpc,seeded_random,2698308921,persist_session,10.0,64.16941076278687,1630.23961838,0,1786366631.66127,1314.0,True,normal,adaptive,-0.064,-0.048,0.0,0.064,0.048,0.0,0.069087177,0.04458708,0.0,0.058243755,-0.073016696,0.22334242,-0.0022504644,-0.0031967156,-0.00015620746,"[-1.8091674206546282, 5.600422806105127, 0.0, 0.0, 0.0, 0.0, -1.6796918729468722, 6.692982745009807]","[-0.23512816332846798, 0.03785602714471684, 0.0]","{""Controller Type"": ""MPC Controller"", ""weight_comfort"": 45.32411202053796, ""weight_trajectory"": 1643557.1926626286, ""weight_goal"": 2501000.0, ""Q"": [[1643557.1926626286, 0.0, 0.0, 0.0], [0.0, 0.0, 0.0, 0.0], [0.0, 0.0, 1643557.1926626286, 0.0], [0.0, 0.0, 0.0, 0.0]], ""R"": [[45.32411202053796, 0.0], [0.0, 45.32411202053796]], ""P"": [[2501000.0, 0.0, 0.0, 0.0], [0.0, 250100000.0, 0.0, 0.0], [0.0, 0.0, 2501000.0, 0.0], [0.0, 0.0, 0.0, 250100000.0]]}","[-0.11876503283684467, 0.4788099903683863, 0.0]",False
3,P21,09ce0dcc-884e-4c47-9efa-46e431e4bea2,24,1,haply,mpc,seeded_random,2698308921,persist_session,10.0,64.1793699836731,1630.249593565,0,1786366631.6714478,1315.0,True,normal,adaptive,-0.064,-0.048,0.0,0.064,0.048,0.0,0.068836704,0.0446125199999999,0.0,0.058160264,-0.073014624,0.22335514,-0.0035499749,-0.002532684,0.00013811802,"[-1.7266382444790964, 5.361401994405745, 0.0, 0.0, 0.0, 0.0, -1.677454289804935, 6.682025323630957]","[-0.15226947862247095, 0.02410531121432103, 0.0]","{""Controller Type"": ""MPC Controller"", ""weight_comfort"": 45.327013009891, ""weight_trajectory"": 1643469.9889226765, ""weight_goal"": 2501000.0, ""Q"": [[1643469.9889226765, 0.0, 0.0, 0.0], [0.0, 0.0, 0.0, 0.0], [0.0, 0.0, 1643469.9889226765, 0.0], [0.0, 0.0, 0.0, 0.0]], ""R"": [[45.327013009891, 0.0], [0.0, 45.327013009891]], ""P"": [[2501000.0, 0.0, 0.0, 0.0], [0.0, 250100000.0, 0.0, 0.0], [0.0, 0.0, 2501000.0, 0.0], [0.0, 0.0, 0.0, 250100000.0]]}","[-0.32278950489796054, 0.509612530348593, 0.0]",False
3,P21,09ce0dcc-884e-4c47-9efa-46e431e4bea2,24,1,haply,mpc,seeded_random,2698308921,persist_session,10.0,64.18940526008606,1630.259625895,0,1786366631.6812465,1316.0,True,normal,adaptive,-0.064,-0.048,0.0,0.064,0.048,0.0,0.068713302,0.0445696399999999,0.0,0.05811913,-0.07289525,0.2233337,-0.005552434,-0.0025487144,0.00043204386,"[-1.698557968674372, 5.279098217988781, 0.0, 0.0, 0.0, 0.0, -1.6769112839037823, 6.677712408004755]","[-0.12170420228265201, 0.011011132929568079, 0.0]","{""Controller Type"": ""MPC Controller"", ""weight_comfort"": 45.327013009891, ""weight_trajectory"": 1643469.9889226765, ""weight_goal"": 2501000.0, ""Q"": [[1643469.9889226765, 0.0, 0.0, 0.0], [0.0, 0.0, 0.0, 0.0], [0.0, 0.0, 1643469.9889226765, 0.0], [0.0, 0.0, 0.0, 0.0]], ""R"": [[45.327013009891, 0.0], [0.0, 45.327013009891]], ""P"": [[2501000.0, 0.0, 0.0, 0.0], [0.0, 250100000.0, 0.0, 0.0], [0.0, 0.0, 2501000.0, 0.0], [0.0, 0.0, 0.0, 250100000.0]]}","[-0.3806829122701878, 0.5418905234346066, 0.0]",False
3,P21,09ce0dcc-884e-4c47-9efa-46e431e4bea2,24,1,haply,mpc,seeded_random,2698308921,persist_session,10.0,64.19939762115479,1630.269619379,0,1786366631.6914642,1317.0,True,normal,adaptive,-0.064,-0.048,0.0,0.064,0.048,0.0,0.068635818,0.0445081399999999,0.0,0.058093302,-0.07282205,0.22330295,-0.006822141,-0.0023765936,0.0006403538,"[-1.674677530024406, 5.202539154118764, 0.0, 0.0, 0.0, 0.0, -1.6915748288419694, 6.72470603047922]","[-0.057625579916573154, -0.03523043843196047, 0.0]","{""Controller Type"": ""MPC Controller"", ""weight_comfort"": 45.327013009891, ""weight_trajectory"": 1643469.9889226765, ""weight_goal"": 2501000.0, ""Q"": [[1643469.9889226765, 0.0, 0.0, 0.0], [0.0, 0.0, 0.0, 0.0], [0.0, 0.0, 1643469.9889226765, 0.0], [0.0, 0.0, 0.0, 0.0]], ""R"": [[45.327013009891, 0.0], [0.0, 45.327013009891]], ""P"": [[2501000.0, 0.0, 0.0, 0.0], [0.0, 250100000.0, 0.0, 0.0], [0.0, 0.0, 2501000.0, 0.0], [0.0, 0.0, 0.0, 250100000.0]]}","[-0.5837042019337374, 0.6777745595688066, 0.0]",False
3,P21,09ce0dcc-884e-4c47-9efa-46e431e4bea2,24,1,haply,mpc,seeded_random,2698308921,persist_session,10.0,64.20936351776123,1630.279581678,0,1786366631.701355,1318.0,True,normal,adaptive,-0.064,-0.048,0.0,0.064,0.048,0.0,0.06848112,0.0443852799999999,0.0,0.058041736,-0.07267586,0.22324152,-0.0076972283,-0.0017789169,0.0007790289,"[-1.6702114677979594, 5.1856958315323896, 0.0, 0.0, 0.0, 0.0, -1.694777129097643, 6.735300026809651]","[-0.03158207792400943, -0.04645760605981621, 0.0]","{""Controller Type"": ""MPC Controller"", ""weight_comfort"": 45.37114393266647, ""weight_trajectory"": 1642143.4133840455, ""weight_goal"": 2501000.0, ""Q"": [[1642143.4133840455, 0.0, 0.0, 0.0], [0.0, 0.0, 0.0, 0.0], [0.0, 0.0, 1642143.4133840455, 0.0], [0.0, 0.0, 0.0, 0.0]], ""R"": [[45.37114393266647, 0.0], [0.0, 45.37114393266647]], ""P"": [[2501000.0, 0.0, 0.0, 0.0], [0.0, 250100000.0, 0.0, 0.0], [0.0, 0.0, 2501000.0, 0.0], [0.0, 0.0, 0.0, 250100000.0]]}","[-0.6638306101016465, 0.7191492258907299, 0.0]",False
3,P21,09ce0dcc-884e-4c47-9efa-46e431e4bea2,24,1,haply,mpc,seeded_random,2698308921,persist_session,10.0,64.21936708450318,1630.289593566,0,1786366631.7114594,1319.0,True,normal,adaptive,-0.064,-0.048,0.0,0.064,0.048,0.0,0.068312412,0.0443609399999999,0.0,0.0579855,-0.07251096,0.22322935,-0.008289509,-0.000106648906,0.0010104678,"[-1.6888263523967793, 5.242634978371247, 0.0, 0.0, 0.0, 0.0, -1.7232328597744244, 6.834546619526107]","[-0.07443014195248995, -0.0911253567557733, 0.0]","{""Controller Type"": ""MPC Controller"", ""weight_comfort"": 45.37114393266647, ""weight_trajectory"": 1642143.4133840455, ""weight_goal"": 2501000.0, ""Q"": [[1642143.4133840455, 0.0, 0.0, 0.0], [0.0, 0.0, 0.0, 0.0], [0.0, 0.0, 1642143.4133840455, 0.0], [0.0, 0.0, 0.0, 0.0]], ""R"": [[45.37114393266647, 0.0], [0.0, 45.37114393266647]], ""P"": [[2501000.0, 0.0, 0.0, 0.0], [0.0, 250100000.0, 0.0, 0.0], [0.0, 0.0, 2501000.0, 0.0], [0.0, 0.0, 0.0, 250100000.0]]}","[-0.4864375811565312, 0.8600841299431226, 0.0]",False
3,P21,09ce0dcc-884e-4c47-9efa-46e431e4bea2,24,1,haply,mpc,seeded_random,2698308921,persist_session,10.0,64.22946864128113,1630.299688847,0,1786366631.721372,1320.0,True,normal,adaptive,-0.064,-0.048,0.0,0.064,0.048,0.0,0.068220936,0.0443976199999999,0.0,0.057955008,-0.072419055,0.22324769,-0.006799061,0.0026793485,0.0010892872,"[-1.6894931562457052, 5.244646300202311, 0.0, 0.0, 0.0, 0.0, -1.7076711989805493, 6.788885465919309]","[-0.08028123264109546, -0.022567706688513517, 0.0]","{""Controller Type"": ""MPC Controller"", ""weight_comfort"": 45.37114393266647, ""weight_trajectory"": 1642143.4133840455, ""weight_goal"": 2501000.0, ""Q"": [[1642143.4133840455, 0.0, 0.0, 0.0], [0.0, 0.0, 0.0, 0.0], [0.0, 0.0, 1642143.4133840455, 0.0], [0.0, 0.0, 0.0, 0.0]], ""R"": [[45.37114393266647, 0.0], [0.0, 45.37114393266647]], ""P"": [[2501000.0, 0.0, 0.0, 0.0], [0.0, 250100000.0, 0.0, 0.0], [0.0, 0.0, 2501000.0, 0.0], [0.0, 0.0, 0.0, 250100000.0]]}","[-0.43740197873635883, 0.6772810388350905, 0.0]",False
3,P21,09ce0dcc-884e-4c47-9efa-46e431e4bea2,24,1,haply,mpc,seeded_random,2698308921,persist_session,10.0,64.2393429851532,1630.309562966,0,1786366631.7313137,1321.0,True,normal,adaptive,-0.064,-0.048,0.0,0.064,0.048,0.0,0.068083941,0.0444525199999999,0.0,0.057909343,-0.07228143,0.22327514,-0.0058155907,0.0047076666,0.0011643469,"[-1.6795582981069925, 5.211146980087759, 0.0, 0.0, 0.0, 0.0, -1.7115824031129265, 6.810619914898268]","[-0.040999857723181814, 0.019035517121700696, 0.0]","{""Controller Type"": ""MPC Controller"", ""weight_comfort"": 45.33029538892332, ""weight_trajectory"": 1643371.320608965, ""weight_goal"": 2501000.0, ""Q"": [[1643371.320608965, 0.0, 0.0, 0.0], [0.0, 0.0, 0.0, 0.0], [0.0, 0.0, 1643371.320608965, 0.0], [0.0, 0.0, 0.0, 0.0]], ""R"": [[45.33029538892332, 0.0], [0.0, 45.33029538892332]], ""P"": [[2501000.0, 0.0, 0.0, 0.0], [0.0, 250100000.0, 0.0, 0.0], [0.0, 0.0, 2501000.0, 0.0], [0.0, 0.0, 0.0, 250100000.0]]}","[-0.561011128064787, 0.5567934440139699, 0.0]",False
3,P21,09ce0dcc-884e-4c47-9efa-46e431e4bea2,24,1,haply,mpc,seeded_random,2698308921,persist_session,10.0,64.24938398361206,1630.319605552,0,1786366631.741444,1322.0,True,normal,adaptive,-0.064,-0.048,0.0,0.064,0.048,0.0,0.067845642,0.0445103999999999,0.0,0.05782991,-0.07216558,0.22330408,-0.005585897,0.006805953,0.00027066722,"[-1.6881807896700938, 5.237653655491972, 0.0, 0.0, 0.0, 0.0, -1.713581359985788, 6.81985797547433]","[-0.06528046633440436, 0.03158214836729475, 0.0]","{""Controller Type"": ""MPC Controller"", ""weight_comfort"": 45.33029538892332, ""weight_trajectory"": 1643371.320608965, ""weight_goal"": 2501000.0, ""Q"": [[1643371.320608965, 0.0, 0.0, 0.0], [0.0, 0.0, 0.0, 0.0], [0.0, 0.0, 1643371.320608965, 0.0], [0.0, 0.0, 0.0, 0.0]], ""R"": [[45.33029538892332, 0.0], [0.0, 45.33029538892332]], ""P"": [[2501000.0, 0.0, 0.0, 0.0], [0.0, 250100000.0, 0.0, 0.0], [0.0, 0.0, 2501000.0, 0.0], [0.0, 0.0, 0.0, 250100000.0]]}","[-0.4521899493440109, 0.513228726564642, 0.0]",False
3,P21,09ce0dcc-884e-4c47-9efa-46e431e4bea2,24,1,haply,mpc,seeded_random,2698308921,persist_session,10.0,64.25931840896607,1630.329545253,0,1786366631.7512665,1323.0,True,normal,adaptive,-0.064,-0.048,0.0,0.064,0.048,0.0,0.067632237,0.0445029799999999,0.0,0.057758775,-0.07195555,0.22330037,-0.005734453,0.009003067,-0.0007937627,"[-1.7236766425467673, 5.340159953538641, 0.0, 0.0, 0.0, 0.0, -1.7133841793582596, 6.818959485508722]","[-0.11898871586217677, 0.03298105152642655, 0.0]","{""Controller Type"": ""MPC Controller"", ""weight_comfort"": 45.33029538892332, ""weight_trajectory"": 1643371.320608965, ""weight_goal"": 2501000.0, ""Q"": [[1643371.320608965, 0.0, 0.0, 0.0], [0.0, 0.0, 0.0, 0.0], [0.0, 0.0, 1643371.320608965, 0.0], [0.0, 0.0, 0.0, 0.0]], ""R"": [[45.33029538892332, 0.0], [0.0, 45.33029538892332]], ""P"": [[2501000.0, 0.0, 0.0, 0.0], [0.0, 250100000.0, 0.0, 0.0], [0.0, 0.0, 2501000.0, 0.0], [0.0, 0.0, 0.0, 250100000.0]]}","[-0.22878879736395555, 0.4995998861390342, 0.0]",False
3,P21,09ce0dcc-884e-4c47-9efa-46e431e4bea2,24,1,haply,mpc,seeded_random,2698308921,persist_session,10.0,64.26945262908936,1630.339668786,0,1786366631.7615218,1324.0,True,normal,adaptive,-0.064,-0.048,0.0,0.064,0.048,0.0,0.067495746,0.0445568399999999,0.0,0.057713278,-0.071818285,0.2233273,-0.0056650448,0.010119473,-0.00029973118,"[-1.7123710837170927, 5.307458848140365, 0.0, 0.0, 0.0, 0.0, -1.7193503036845748, 6.833603750690042]","[-0.109092393212513, -0.011174833809988346, 0.0]","{""Controller Type"": ""MPC Controller"", ""weight_comfort"": 45.289153481253, ""weight_trajectory"": 1644608.0463535346, ""weight_goal"": 2501000.0, ""Q"": [[1644608.0463535346, 0.0, 0.0, 0.0], [0.0, 0.0, 0.0, 0.0], [0.0, 0.0, 1644608.0463535346, 0.0], [0.0, 0.0, 0.0, 0.0]], ""R"": [[45.289153481253, 0.0], [0.0, 45.289153481253]], ""P"": [[2501000.0, 0.0, 0.0, 0.0], [0.0, 250100000.0, 0.0, 0.0], [0.0, 0.0, 2501000.0, 0.0], [0.0, 0.0, 0.0, 250100000.0]]}","[-0.22527089073542242, 0.6217246723280537, 0.0]",False
3,P21,09ce0dcc-884e-4c47-9efa-46e431e4bea2,24,1,haply,mpc,seeded_random,2698308921,persist_session,10.0,64.27931314468384,1630.349539142,0,1786366631.771443,1325.0,True,normal,adaptive,-0.064,-0.048,0.0,0.064,0.048,0.0,0.067258704,0.0446137599999999,0.0,0.057634264,-0.07170291,0.22335576,-0.005655264,0.011038332,7.414047e-05,"[-1.6930765106124601, 5.249124542143862, 0.0, 0.0, 0.0, 0.0, -1.7262589006927433, 6.865725980586186]","[-0.06394342686206086, 0.030114318580394914, 0.0]","{""Controller Type"": ""MPC Controller"", ""weight_comfort"": 45.289153481253, ""weight_trajectory"": 1644608.0463535346, ""weight_goal"": 2501000.0, ""Q"": [[1644608.0463535346, 0.0, 0.0, 0.0], [0.0, 0.0, 0.0, 0.0], [0.0, 0.0, 1644608.0463535346, 0.0], [0.0, 0.0, 0.0, 0.0]], ""R"": [[45.289153481253, 0.0], [0.0, 45.289153481253]], ""P"": [[2501000.0, 0.0, 0.0, 0.0], [0.0, 250100000.0, 0.0, 0.0], [0.0, 0.0, 2501000.0, 0.0], [0.0, 0.0, 0.0, 250100000.0]]}","[-0.3587892996824928, 0.5001602376764819, 0.0]",False
3,P21,09ce0dcc-884e-4c47-9efa-46e431e4bea2,24,1,haply,mpc,seeded_random,2698308921,persist_session,10.0,64.28946429252625,1630.359682425,0,1786366631.7814,1326.0,True,normal,adaptive,-0.064,-0.048,0.0,0.064,0.048,0.0,0.067021956,0.0446703199999999,0.0,0.057555348,-0.071587555,0.22338404,-0.0057114386,0.011868587,0.0003758938,"[-1.7342615015863314, 5.366685385103803, 0.0, 0.0, 0.0, 0.0, -1.7264786247715331, 6.8667183305586565]","[-0.12257356866350073, 0.03355002933954075, 0.0]","{""Controller Type"": ""MPC Controller"", ""weight_comfort"": 45.289153481253, ""weight_trajectory"": 1644608.0463535346, ""weight_goal"": 2501000.0, ""Q"": [[1644608.0463535346, 0.0, 0.0, 0.0], [0.0, 0.0, 0.0, 0.0], [0.0, 0.0, 1644608.0463535346, 0.0], [0.0, 0.0, 0.0, 0.0]], ""R"": [[45.289153481253, 0.0], [0.0, 45.289153481253]], ""P"": [[2501000.0, 0.0, 0.0, 0.0], [0.0, 250100000.0, 0.0, 0.0], [0.0, 0.0, 2501000.0, 0.0], [0.0, 0.0, 0.0, 250100000.0]]}","[-0.11990703863477772, 0.48120342558028995, 0.0]",False
3,P21,09ce0dcc-884e-4c47-9efa-46e431e4bea2,24,1,haply,mpc,seeded_random,2698308921,persist_session,10.0,64.29928928375244,1630.369517868,0,1786366631.7913227,1327.0,True,normal,adaptive,-0.064,-0.048,0.0,0.064,0.048,0.0,0.066539712,0.04475076,0.0,0.0573946,-0.07147005,0.22342426,-0.006009757,0.012349132,0.00065393664,"[-1.72842807116765, 5.350098889201743, 0.0, 0.0, 0.0, 0.0, -1.7259253146163365, 6.864223716848302]","[-0.1219853288420168, 0.03324464054528351, 0.0]","{""Controller Type"": ""MPC Controller"", ""weight_comfort"": 45.26217147570795, ""weight_trajectory"": 1645419.1254402187, ""weight_goal"": 2501000.0, ""Q"": [[1645419.1254402187, 0.0, 0.0, 0.0], [0.0, 0.0, 0.0, 0.0], [0.0, 0.0, 1645419.1254402187, 0.0], [0.0, 0.0, 0.0, 0.0]], ""R"": [[45.26217147570795, 0.0], [0.0, 45.26217147570795]], ""P"": [[2501000.0, 0.0, 0.0, 0.0], [0.0, 250100000.0, 0.0, 0.0], [0.0, 0.0, 2501000.0, 0.0], [0.0, 0.0, 0.0, 250100000.0]]}","[-0.08093631895104504, 0.4724387409781618, 0.0]",False
3,P21,09ce0dcc-884e-4c47-9efa-46e431e4bea2,24,1,haply,mpc,seeded_random,2698308921,persist_session,10.0,64.3094204044342,1630.3796435,0,1786366631.801682,1328.0,True,normal,adaptive,-0.064,-0.048,0.0,0.064,0.048,0.0,0.066103542,0.0448132199999999,0.0,0.05724921,-0.07139807,0.22345549,-0.0065494855,0.012205278,0.0012703512,"[-1.9379412250657886, 5.928226458956682, 0.0, 0.0, 0.0, 0.0, -1.7304123230354846, 6.883045017026833]","[-0.28318921533638114, 0.05017577094751496, 0.0]","{""Controller Type"": ""MPC Controller"", ""weight_comfort"": 45.26217147570795, ""weight_trajectory"": 1645419.1254402187, ""weight_goal"": 2501000.0, ""Q"": [[1645419.1254402187, 0.0, 0.0, 0.0], [0.0, 0.0, 0.0, 0.0], [0.0, 0.0, 1645419.1254402187, 0.0], [0.0, 0.0, 0.0, 0.0]], ""R"": [[45.26217147570795, 0.0], [0.0, 45.26217147570795]], ""P"": [[2501000.0, 0.0, 0.0, 0.0], [0.0, 250100000.0, 0.0, 0.0], [0.0, 0.0, 2501000.0, 0.0], [0.0, 0.0, 0.0, 250100000.0]]}","[0.4665384633595169, 0.4131448862785587, 0.0]",False
3,P21,09ce0dcc-884e-4c47-9efa-46e431e4bea2,24,1,haply,mpc,seeded_random,2698308921,persist_session,10.0,64.31933480262757,1630.389563038,0,1786366631.8112092,1329.0,True,normal,adaptive,-0.064,-0.048,0.0,0.064,0.048,0.0,0.065537721,0.0447994199999999,0.0,0.057060603,-0.07132119,0.22344859,-0.007432578,0.012011,0.0015541475,"[-1.8678777545087737, 5.7350664539743095, 0.0, 0.0, 0.0, 0.0, -1.7266915168789152, 6.866665411066455]","[-0.23754150097769147, 0.0358990964527244, 0.0]","{""Controller Type"": ""MPC Controller"", ""weight_comfort"": 45.26217147570795, ""weight_trajectory"": 1645419.1254402187, ""weight_goal"": 2501000.0, ""Q"": [[1645419.1254402187, 0.0, 0.0, 0.0], [0.0, 0.0, 0.0, 0.0], [0.0, 0.0, 1645419.1254402187, 0.0], [0.0, 0.0, 0.0, 0.0]], ""R"": [[45.26217147570795, 0.0], [0.0, 45.26217147570795]], ""P"": [[2501000.0, 0.0, 0.0, 0.0], [0.0, 250100000.0, 0.0, 0.0], [0.0, 0.0, 2501000.0, 0.0], [0.0, 0.0, 0.0, 250100000.0]]}","[0.3938211560716729, 0.42071814647443645, 0.0]",False
3,P21,09ce0dcc-884e-4c47-9efa-46e431e4bea2,24,1,haply,mpc,seeded_random,2698308921,persist_session,10.0,64.32941132545471,1630.399622568,0,1786366631.821324,1330.0,True,normal,adaptive,-0.064,-0.048,0.0,0.064,0.048,0.0,0.064842684,0.04470942,0.0,0.056828924,-0.07123891,0.22340359,-0.009478028,0.0110739535,0.0016470659,"[-2.035276791829758, 6.192311631223741, 0.0, 0.0, 0.0, 0.0, -1.7353099601690611, 6.890465549014327]","[-0.3646318368373745, -0.015534723065899557, 0.0]","{""Controller Type"": ""MPC Controller"", ""weight_comfort"": 61.30846159250586, ""weight_trajectory"": 1587364.2655518048, ""weight_goal"": 2400147.679331121, ""Q"": [[1587364.2655518048, 0.0, 0.0, 0.0], [0.0, 0.0, 0.0, 0.0], [0.0, 0.0, 1587364.2655518048, 0.0], [0.0, 0.0, 0.0, 0.0]], ""R"": [[61.30846159250586, 0.0], [0.0, 61.30846159250586]], ""P"": [[2400147.679331121, 0.0, 0.0, 0.0], [0.0, 240014767.9331121, 0.0, 0.0], [0.0, 0.0, 2400147.679331121, 0.0], [0.0, 0.0, 0.0, 240014767.9331121]]}","[0.7604130771722287, 0.5218386358389191, 0.0]",False
3,P21,09ce0dcc-884e-4c47-9efa-46e431e4bea2,24,1,haply,mpc,seeded_random,2698308921,persist_session,10.0,64.3395250415802,1630.409732056,0,1786366631.8312285,1331.0,True,normal,adaptive,-0.064,-0.048,0.0,0.064,0.048,0.0,0.064079673,0.0447017599999999,0.0,0.056574587,-0.071204275,0.22339976,-0.011427988,0.010087265,0.0016589634,"[-2.099777989369632, 6.367574175266299, 0.0, 0.0, 0.0, 0.0, -1.7608694160833378, 6.978195597280294]","[-0.43578310945840854, -0.0678860371418863, 0.0]","{""Controller Type"": ""MPC Controller"", ""weight_comfort"": 61.30846159250586, ""weight_trajectory"": 1587364.2655518048, ""weight_goal"": 2400147.679331121, ""Q"": [[1587364.2655518048, 0.0, 0.0, 0.0], [0.0, 0.0, 0.0, 0.0], [0.0, 0.0, 1587364.2655518048, 0.0], [0.0, 0.0, 0.0, 0.0]], ""R"": [[61.30846159250586, 0.0], [0.0, 61.30846159250586]], ""P"": [[2400147.679331121, 0.0, 0.0, 0.0], [0.0, 240014767.9331121, 0.0, 0.0], [0.0, 0.0, 2400147.679331121, 0.0], [0.0, 0.0, 0.0, 240014767.9331121]]}","[0.9823635070559436, 0.6210613467317928, 0.0]",False
3,P21,09ce0dcc-884e-4c47-9efa-46e431e4bea2,24,1,haply,mpc,seeded_random,2698308921,persist_session,10.0,64.34940033912659,1630.419621036,0,1786366631.8413334,1332.0,True,normal,adaptive,-0.064,-0.048,0.0,0.064,0.048,0.0,0.063461916,0.0446735999999999,0.0,0.056368668,-0.07119332,0.22338568,-0.013735449,0.008879781,0.0015320434,"[-2.1495253169454873, 6.502159376175291, 0.0, 0.0, 0.0, 0.0, -1.7534172846297138, 6.9596933577181535]","[-0.5007401373477472, -0.011165781988670263, 0.0]","{""Controller Type"": ""MPC Controller"", ""weight_comfort"": 61.30846159250586, ""weight_trajectory"": 1587364.2655518048, ""weight_goal"": 2400147.679331121, ""Q"": [[1587364.2655518048, 0.0, 0.0, 0.0], [0.0, 0.0, 0.0, 0.0], [0.0, 0.0, 1587364.2655518048, 0.0], [0.0, 0.0, 0.0, 0.0]], ""R"": [[61.30846159250586, 0.0], [0.0, 61.30846159250586]], ""P"": [[2400147.679331121, 0.0, 0.0, 0.0], [0.0, 240014767.9331121, 0.0, 0.0], [0.0, 0.0, 2400147.679331121, 0.0], [0.0, 0.0, 0.0, 240014767.9331121]]}","[1.1972770599142932, 0.4165145172052818, 0.0]",False
3,P21,09ce0dcc-884e-4c47-9efa-46e431e4bea2,24,1,haply,mpc,seeded_random,2698308921,persist_session,10.0,64.35938340187073,1630.429603375,0,1786366631.8512468,1333.0,True,normal,adaptive,-0.064,-0.048,0.0,0.064,0.048,0.0,0.06294513,0.0446419799999999,0.0,0.056196406,-0.07116085,0.22336987,-0.015708804,0.007832079,0.0013458328,"[-1.9291834088177757, 5.90836589304295, 0.0, 0.0, 0.0, 0.0, -1.7562502266198006, 6.968287608238611]","[-0.36223413689183814, -0.025260535561513094, 0.0]","{""Controller Type"": ""MPC Controller"", ""weight_comfort"": 103.76935740945547, ""weight_trajectory"": 1413247.5242360597, ""weight_goal"": 2138767.823932554, ""Q"": [[1413247.5242360597, 0.0, 0.0, 0.0], [0.0, 0.0, 0.0, 0.0], [0.0, 0.0, 1413247.5242360597, 0.0], [0.0, 0.0, 0.0, 0.0]], ""R"": [[103.76935740945547, 0.0], [0.0, 103.76935740945547]], ""P"": [[2138767.823932554, 0.0, 0.0, 0.0], [0.0, 213876782.3932554, 0.0, 0.0], [0.0, 0.0, 2138767.823932554, 0.0], [0.0, 0.0, 0.0, 213876782.3932554]]}","[0.9474428726903893, 0.41377313822345596, 0.0]",False
3,P21,09ce0dcc-884e-4c47-9efa-46e431e4bea2,24,1,haply,mpc,seeded_random,2698308921,persist_session,10.0,64.36947208404541,1630.439691171,0,1786366631.8614206,1334.0,True,normal,adaptive,-0.064,-0.048,0.0,0.064,0.048,0.0,0.062686002,0.0444908399999999,0.0,0.05611003,-0.07115036,0.2232943,-0.016835349,0.0072532343,0.001110921,"[-1.8135751377959737, 5.598230963001605, 0.0, 0.0, 0.0, 0.0, -1.7564731316410835, 6.9689755446118555]","[-0.29374781417585855, -0.02812657068676991, 0.0]","{""Controller Type"": ""MPC Controller"", ""weight_comfort"": 103.76935740945547, ""weight_trajectory"": 1413247.5242360597, ""weight_goal"": 2138767.823932554, ""Q"": [[1413247.5242360597, 0.0, 0.0, 0.0], [0.0, 0.0, 0.0, 0.0], [0.0, 0.0, 1413247.5242360597, 0.0], [0.0, 0.0, 0.0, 0.0]], ""R"": [[103.76935740945547, 0.0], [0.0, 103.76935740945547]], ""P"": [[2138767.823932554, 0.0, 0.0, 0.0], [0.0, 213876782.3932554, 0.0, 0.0], [0.0, 0.0, 2138767.823932554, 0.0], [0.0, 0.0, 0.0, 213876782.3932554]]}","[0.8174054926125707, 0.38714932802076535, 0.0]",False
3,P21,09ce0dcc-884e-4c47-9efa-46e431e4bea2,24,1,haply,mpc,seeded_random,2698308921,persist_session,10.0,64.37932759284973,1630.449554023,0,1786366631.8713117,1335.0,True,normal,adaptive,-0.064,-0.048,0.0,0.064,0.048,0.0,0.062642832,0.0445078999999999,0.0,0.05609564,-0.07110492,0.22330283,-0.017262902,0.0066832807,0.00016926037,"[-1.682561882004378, 5.251083412367381, 0.0, 0.0, 0.0, 0.0, -1.8187289638202977, 7.188488973901258]","[-0.1359566871190547, -0.11317303432221297, 0.0]","{""Controller Type"": ""MPC Controller"", ""weight_comfort"": 103.76935740945547, ""weight_trajectory"": 1413247.5242360597, ""weight_goal"": 2138767.823932554, ""Q"": [[1413247.5242360597, 0.0, 0.0, 0.0], [0.0, 0.0, 0.0, 0.0], [0.0, 0.0, 1413247.5242360597, 0.0], [0.0, 0.0, 0.0, 0.0]], ""R"": [[103.76935740945547, 0.0], [0.0, 103.76935740945547]], ""P"": [[2138767.823932554, 0.0, 0.0, 0.0], [0.0, 213876782.3932554, 0.0, 0.0], [0.0, 0.0, 2138767.823932554, 0.0], [0.0, 0.0, 0.0, 213876782.3932554]]}","[0.33254857095260026, 0.6037260458589043, 0.0]",False
3,P21,09ce0dcc-884e-4c47-9efa-46e431e4bea2,24,1,haply,mpc,seeded_random,2698308921,persist_session,10.0,64.38932305335999,1630.459544586,0,1786366631.8813949,1336.0,True,normal,adaptive,-0.064,-0.048,0.0,0.064,0.048,0.0,0.062642832,0.0445078999999999,0.0,0.05609564,-0.07110492,0.22330283,-0.016756114,0.0056409584,-0.0007056107,"[-1.6616016971182406, 5.200225531111955, 0.0, 0.0, 0.0, 0.0, -1.8181644104534411, 7.206118318047048]","[-0.024951764924808897, 0.00607986158376002, 0.0]","{""Controller Type"": ""MPC Controller"", ""weight_comfort"": 121.67932685448996, ""weight_trajectory"": 1338671.8822696018, ""weight_goal"": 2030431.6912975153, ""Q"": [[1338671.8822696018, 0.0, 0.0, 0.0], [0.0, 0.0, 0.0, 0.0], [0.0, 0.0, 1338671.8822696018, 0.0], [0.0, 0.0, 0.0, 0.0]], ""R"": [[121.67932685448996, 0.0], [0.0, 121.67932685448996]], ""P"": [[2030431.6912975153, 0.0, 0.0, 0.0], [0.0, 203043169.12975153, 0.0, 0.0], [0.0, 0.0, 2030431.6912975153, 0.0], [0.0, 0.0, 0.0, 203043169.12975153]]}","[-0.054581726505947406, 0.29094679155247377, 0.0]",False
3,P21,09ce0dcc-884e-4c47-9efa-46e431e4bea2,24,1,haply,mpc,seeded_random,2698308921,persist_session,10.0,64.39938503265381,1630.469608189,0,1786366631.891242,1337.0,True,normal,adaptive,-0.064,-0.048,0.0,0.064,0.048,0.0,0.062642832,0.0445078999999999,0.0,0.05609564,-0.07110492,0.22330283,-0.015634608,0.00507127,-0.0014249906,"[-1.6607751985394712, 5.1991677145567206, 0.0, 0.0, 0.0, 0.0, -1.8192444398485288, 7.208192172126885]","[-0.0022539509546514037, -0.006352983508395069, 0.0]","{""Controller Type"": ""MPC Controller"", ""weight_comfort"": 121.67932685448996, ""weight_trajectory"": 1338671.8822696018, ""weight_goal"": 2030431.6912975153, ""Q"": [[1338671.8822696018, 0.0, 0.0, 0.0], [0.0, 0.0, 0.0, 0.0], [0.0, 0.0, 1338671.8822696018, 0.0], [0.0, 0.0, 0.0, 0.0]], ""R"": [[121.67932685448996, 0.0], [0.0, 121.67932685448996]], ""P"": [[2030431.6912975153, 0.0, 0.0, 0.0], [0.0, 203043169.12975153, 0.0, 0.0], [0.0, 0.0, 2030431.6912975153, 0.0], [0.0, 0.0, 0.0, 203043169.12975153]]}","[-0.13359272133035222, 0.32254259270142044, 0.0]",False
3,P21,09ce0dcc-884e-4c47-9efa-46e431e4bea2,24,1,haply,mpc,seeded_random,2698308921,persist_session,10.0,64.40943127632141,1630.479652209,0,1786366631.9013295,1338.0,True,normal,adaptive,-0.064,-0.048,0.0,0.064,0.048,0.0,0.062499783,0.0445282199999999,0.0,0.056047957,-0.07108064,0.22331299,-0.014498098,0.003971865,-0.0020340509,"[-1.6607709128451464, 5.19916222939495, 0.0, 0.0, 0.0, 0.0, -1.8192027408526583, 7.208112102424056]","[-0.0022539451382442084, -0.006352837891331589, 0.0]","{""Controller Type"": ""MPC Controller"", ""weight_comfort"": 121.67932685448996, ""weight_trajectory"": 1338671.8822696018, ""weight_goal"": 2030431.6912975153, ""Q"": [[1338671.8822696018, 0.0, 0.0, 0.0], [0.0, 0.0, 0.0, 0.0], [0.0, 0.0, 1338671.8822696018, 0.0], [0.0, 0.0, 0.0, 0.0]], ""R"": [[121.67932685448996, 0.0], [0.0, 121.67932685448996]], ""P"": [[2030431.6912975153, 0.0, 0.0, 0.0], [0.0, 203043169.12975153, 0.0, 0.0], [0.0, 0.0, 2030431.6912975153, 0.0], [0.0, 0.0, 0.0, 203043169.12975153]]}","[-0.13359272129660552, 0.3225425926901412, 0.0]",False
3,P21,09ce0dcc-884e-4c47-9efa-46e431e4bea2,24,1,haply,mpc,seeded_random,2698308921,persist_session,10.0,64.4193168258667,1630.489541796,0,1786366631.9115157,1339.0,True,normal,adaptive,-0.064,-0.048,0.0,0.064,0.048,0.0,0.062299848,0.0445347799999999,0.0,0.055981312,-0.07112288,0.22331627,-0.011191743,0.0033021492,-0.0012874842,"[-1.6973716420818012, 5.294183727731931, 0.0, 0.0, 0.0, 0.0, -1.8193454746796107, 7.210899202277192]","[-0.07762235468370632, 0.008209096545527126, 0.0]","{""Controller Type"": ""MPC Controller"", ""weight_comfort"": 123.95751388837837, ""weight_trajectory"": 1329866.2235254876, ""weight_goal"": 2015887.9298620997, ""Q"": [[1329866.2235254876, 0.0, 0.0, 0.0], [0.0, 0.0, 0.0, 0.0], [0.0, 0.0, 1329866.2235254876, 0.0], [0.0, 0.0, 0.0, 0.0]], ""R"": [[123.95751388837837, 0.0], [0.0, 123.95751388837837]], ""P"": [[2015887.9298620997, 0.0, 0.0, 0.0], [0.0, 201588792.98620996, 0.0, 0.0], [0.0, 0.0, 2015887.9298620997, 0.0], [0.0, 0.0, 0.0, 201588792.98620996]]}","[0.14168329810773114, 0.2729607256892907, 0.0]",False
3,P21,09ce0dcc-884e-4c47-9efa-46e431e4bea2,24,1,haply,mpc,seeded_random,2698308921,persist_session,10.0,64.42937427520752,1630.49958809,0,1786366631.9215848,1340.0,True,normal,adaptive,-0.064,-0.048,0.0,0.064,0.048,0.0,0.062156874,0.0445549599999999,0.0,0.055933654,-0.07109852,0.22332636,-0.009013555,0.0026992352,-0.0007424889,"[-1.7134364969353928, 5.336187741732076, 0.0, 0.0, 0.0, 0.0, -1.8199031606386582, 7.211412012176949]","[-0.10765198261063953, -0.0016621516510570283, 0.0]","{""Controller Type"": ""MPC Controller"", ""weight_comfort"": 123.95751388837837, ""weight_trajectory"": 1329866.2235254876, ""weight_goal"": 2015887.9298620997, ""Q"": [[1329866.2235254876, 0.0, 0.0, 0.0], [0.0, 0.0, 0.0, 0.0], [0.0, 0.0, 1329866.2235254876, 0.0], [0.0, 0.0, 0.0, 0.0]], ""R"": [[123.95751388837837, 0.0], [0.0, 123.95751388837837]], ""P"": [[2015887.9298620997, 0.0, 0.0, 0.0], [0.0, 201588792.98620996, 0.0, 0.0], [0.0, 0.0, 2015887.9298620997, 0.0], [0.0, 0.0, 0.0, 201588792.98620996]]}","[0.2589298151918477, 0.2837472062341638, 0.0]",False
