schema_version,participant_id,session_id,trial_id,attempt_id,input_source,controller_family,order_strategy,order_seed,estimator_state_policy,max_control_amplitude,timestamp,monotonic_timestamp,missed_cycle_count,cursor_timestamp,cursor_sample_sequence,study_running,study_phase,study_controller_mode,start_x,start_y,start_z,end_x,end_y,end_z,cursor_x,cursor_y,cursor_z,haply_pos_x,haply_pos_y,haply_pos_z,haply_vel_x,haply_vel_y,haply_vel_z,K_h,u_h,K_a,u_a,endpoint_reached
3,P01,c0150e75-d12d-467e-96b2-81d06399c7ad,27,1,haply,mpc,seeded_random,3975743691,persist_session,10.0,22.739220228195194,4215.216121708,0,1785827204.0135703,243,True,normal,adaptive,-0.08,-0.08,0.0,0.08,-0.08,0.0,-0.0798843495,-0.0804697199999999,0.0,0.0051949243,-0.1605946,0.15269503,0.00014866318,0.0031183527,-0.0017727703,,,"{""Controller Type"": ""MPC Controller"", ""weight_comfort"": 500.0, ""weight_trajectory"": 3000.0, ""weight_goal"": 1000.0, ""Q"": [[3000.0, 0.0, 0.0, 0.0], [0.0, 0.0, 0.0, 0.0], [0.0, 0.0, 3000.0, 0.0], [0.0, 0.0, 0.0, 0.0]], ""R"": [[500.0, 0.0], [0.0, 500.0]], ""P"": [[1000.0, 0.0, 0.0, 0.0], [0.0, 100000.0, 0.0, 0.0], [0.0, 0.0, 1000.0, 0.0], [0.0, 0.0, 0.0, 100000.0]]}","[0.010921252385537452, 4.0437973240509e-05, 0.0]",
3,P01,c0150e75-d12d-467e-96b2-81d06399c7ad,27,1,haply,mpc,seeded_random,3975743691,persist_session,10.0,22.74924453735352,4215.226145449,0,1785827204.0237489,244,True,normal,adaptive,-0.08,-0.08,0.0,0.08,-0.08,0.0,-0.0798410571,-0.0806043999999999,0.0,0.0052165813,-0.16041997,0.1525942,0.000121796795,0.003714405,-0.0021238972,,,"{""Controller Type"": ""MPC Controller"", ""weight_comfort"": 500.0, ""weight_trajectory"": 3000.0, ""weight_goal"": 1000.0, ""Q"": [[3000.0, 0.0, 0.0, 0.0], [0.0, 0.0, 0.0, 0.0], [0.0, 0.0, 3000.0, 0.0], [0.0, 0.0, 0.0, 0.0]], ""R"": [[500.0, 0.0], [0.0, 500.0]], ""P"": [[1000.0, 0.0, 0.0, 0.0], [0.0, 100000.0, 0.0, 0.0], [0.0, 0.0, 1000.0, 0.0], [0.0, 0.0, 0.0, 100000.0]]}","[0.01095196218796876, 0.00030584693305601307, 0.0]",
3,P01,c0150e75-d12d-467e-96b2-81d06399c7ad,27,1,haply,mpc,seeded_random,3975743691,persist_session,10.0,22.759106960296634,4215.23599966,0,1785827204.0333798,245,True,normal,adaptive,-0.08,-0.08,0.0,0.08,-0.08,0.0,-0.0797760861,-0.0808060599999999,0.0,0.005231012,-0.16030364,0.15252715,0.00021515694,0.0050892783,-0.0029200544,"[1.3524796190215111, 2.247801480003476, 0.0, 0.0, 0.0, 0.0, 2.210528464543348, -0.41481905664929936]","[0.2283786534022537, 0.008824921671614392, 0.0]","{""Controller Type"": ""MPC Controller"", ""weight_comfort"": 500.0, ""weight_trajectory"": 3000.0, ""weight_goal"": 1000.0, ""Q"": [[3000.0, 0.0, 0.0, 0.0], [0.0, 0.0, 0.0, 0.0], [0.0, 0.0, 3000.0, 0.0], [0.0, 0.0, 0.0, 0.0]], ""R"": [[500.0, 0.0], [0.0, 500.0]], ""P"": [[1000.0, 0.0, 0.0, 0.0], [0.0, 100000.0, 0.0, 0.0], [0.0, 0.0, 1000.0, 0.0], [0.0, 0.0, 0.0, 100000.0]]}","[0.011072623357378684, 0.00047837883305885763, 0.0]",
3,P01,c0150e75-d12d-467e-96b2-81d06399c7ad,27,1,haply,mpc,seeded_random,3975743691,persist_session,10.0,22.769075956344608,4215.245987441,0,1785827204.0433426,246,True,normal,adaptive,-0.08,-0.08,0.0,0.08,-0.08,0.0,-0.079732794,-0.0809401599999999,0.0,0.0051775207,-0.16018838,0.15246117,0.00028883733,0.006434974,-0.0036949255,"[1.1901466205213076, 2.2916648172844534, 0.0, 0.0, 0.0, 0.0, 2.2120377757068237, -0.4164909257750665]","[0.20006359033314863, 0.007685668656302991, 0.0]","{""Controller Type"": ""MPC Controller"", ""weight_comfort"": 510.7468374068198, ""weight_trajectory"": 2935.5189755590814, ""weight_goal"": 1000.0, ""Q"": [[2935.5189755590814, 0.0, 0.0, 0.0], [0.0, 0.0, 0.0, 0.0], [0.0, 0.0, 2935.5189755590814, 0.0], [0.0, 0.0, 0.0, 0.0]], ""R"": [[510.7468374068198, 0.0], [0.0, 510.7468374068198]], ""P"": [[1000.0, 0.0, 0.0, 0.0], [0.0, 100000.0, 0.0, 0.0], [0.0, 0.0, 1000.0, 0.0], [0.0, 0.0, 0.0, 100000.0]]}","[0.011116872932103814, 0.00034540151454805397, 0.0]",
3,P01,c0150e75-d12d-467e-96b2-81d06399c7ad,27,1,haply,mpc,seeded_random,3975743691,persist_session,10.0,22.779067363739017,4215.255972804,0,1785827204.053523,247,True,normal,adaptive,-0.08,-0.08,0.0,0.08,-0.08,0.0,-0.0798932679,-0.0810721199999999,0.0,0.0051847636,-0.16013019,0.15242776,0.0003303554,0.007377192,-0.0042347275,"[0.21036787955043013, 2.587626125400305, 0.0, 0.0, 0.0, 0.0, 2.2122153058047203, -0.4166847708866991]","[-0.007152113863969724, 0.007772857118236699, 0.0]","{""Controller Type"": ""MPC Controller"", ""weight_comfort"": 510.7468374068198, ""weight_trajectory"": 2935.5189755590814, ""weight_goal"": 1000.0, ""Q"": [[2935.5189755590814, 0.0, 0.0, 0.0], [0.0, 0.0, 0.0, 0.0], [0.0, 0.0, 2935.5189755590814, 0.0], [0.0, 0.0, 0.0, 0.0]], ""R"": [[510.7468374068198, 0.0], [0.0, 510.7468374068198]], ""P"": [[1000.0, 0.0, 0.0, 0.0], [0.0, 100000.0, 0.0, 0.0], [0.0, 0.0, 1000.0, 0.0], [0.0, 0.0, 0.0, 100000.0]]}","[0.011081395911455539, 0.0003340568271184032, 0.0]",
3,P01,c0150e75-d12d-467e-96b2-81d06399c7ad,27,1,haply,mpc,seeded_random,3975743691,persist_session,10.0,22.789072599411014,4215.265973127,0,1785827204.0634098,248,True,normal,adaptive,-0.08,-0.08,0.0,0.08,-0.08,0.0,-0.0798715392,-0.0811389399999999,0.0,0.0051847636,-0.16013019,0.15242776,0.00020700785,0.008170988,-0.004688473,"[0.9515077405246152, 2.3864775394146815, 0.0, 0.0, 0.0, 0.0, 2.2138412469834114, -0.4183160098363954]","[0.15736391546305825, 0.0053486404230556825, 0.0]","{""Controller Type"": ""MPC Controller"", ""weight_comfort"": 506.91135611080375, ""weight_trajectory"": 2958.5318633351776, ""weight_goal"": 1000.0, ""Q"": [[2958.5318633351776, 0.0, 0.0, 0.0], [0.0, 0.0, 0.0, 0.0], [0.0, 0.0, 2958.5318633351776, 0.0], [0.0, 0.0, 0.0, 0.0]], ""R"": [[506.91135611080375, 0.0], [0.0, 506.91135611080375]], ""P"": [[1000.0, 0.0, 0.0, 0.0], [0.0, 100000.0, 0.0, 0.0], [0.0, 0.0, 1000.0, 0.0], [0.0, 0.0, 0.0, 100000.0]]}","[0.01079947368415509, 0.000224444657919835, 0.0]",
3,P01,c0150e75-d12d-467e-96b2-81d06399c7ad,27,1,haply,mpc,seeded_random,3975743691,persist_session,10.0,22.799073543548587,4215.275978926,0,1785827204.0733094,249,True,normal,adaptive,-0.08,-0.08,0.0,0.08,-0.08,0.0,-0.0798715392,-0.0811389399999999,0.0,0.0051240837,-0.16007319,0.15239538,-0.00032583426,0.008442253,-0.004839756,"[0.8045905390829674, 2.4269581064419117, 0.0, 0.0, 0.0, 0.0, 2.2143249450349987, -0.41853437138462823]","[0.1286311279089518, 0.0025219832528981414, 0.0]","{""Controller Type"": ""MPC Controller"", ""weight_comfort"": 506.91135611080375, ""weight_trajectory"": 2958.5318633351776, ""weight_goal"": 1000.0, ""Q"": [[2958.5318633351776, 0.0, 0.0, 0.0], [0.0, 0.0, 0.0, 0.0], [0.0, 0.0, 2958.5318633351776, 0.0], [0.0, 0.0, 0.0, 0.0]], ""R"": [[506.91135611080375, 0.0], [0.0, 506.91135611080375]], ""P"": [[1000.0, 0.0, 0.0, 0.0], [0.0, 100000.0, 0.0, 0.0], [0.0, 0.0, 1000.0, 0.0], [0.0, 0.0, 0.0, 100000.0]]}","[0.010881314324676913, 9.742404596414497e-05, 0.0]",
3,P01,c0150e75-d12d-467e-96b2-81d06399c7ad,27,1,haply,mpc,seeded_random,3975743691,persist_session,10.0,22.809089031219486,4215.285997265,0,1785827204.0834632,250,True,normal,adaptive,-0.08,-0.08,0.0,0.08,-0.08,0.0,-0.0800535789,-0.0812036999999999,0.0,0.0051240837,-0.16007319,0.15239538,-0.0006388951,0.008430769,-0.0048303828,"[0.10096762222547606, 2.645238154462038, 0.0, 0.0, 0.0, 0.0, 2.21270845803446, -0.416940777797869]","[-0.0312643567382877, 0.005322654740578718, 0.0]","{""Controller Type"": ""MPC Controller"", ""weight_comfort"": 506.91135611080375, ""weight_trajectory"": 2958.5318633351776, ""weight_goal"": 1000.0, ""Q"": [[2958.5318633351776, 0.0, 0.0, 0.0], [0.0, 0.0, 0.0, 0.0], [0.0, 0.0, 2958.5318633351776, 0.0], [0.0, 0.0, 0.0, 0.0]], ""R"": [[506.91135611080375, 0.0], [0.0, 506.91135611080375]], ""P"": [[1000.0, 0.0, 0.0, 0.0], [0.0, 100000.0, 0.0, 0.0], [0.0, 0.0, 1000.0, 0.0], [0.0, 0.0, 0.0, 100000.0]]}","[0.010889646742120937, 0.0002167600021378821, 0.0]",False
3,P01,c0150e75-d12d-467e-96b2-81d06399c7ad,27,1,haply,mpc,seeded_random,3975743691,persist_session,10.0,22.819152679443363,4215.296053448,0,1785827204.0934052,251,True,normal,adaptive,-0.08,-0.08,0.0,0.08,-0.08,0.0,-0.0800535789,-0.0812036999999999,0.0,0.0051184497,-0.1601141,0.15234208,-0.0008908705,0.008151491,-0.004668018,"[0.723995500525018, 2.4750195742831926, 0.0, 0.0, 0.0, 0.0, 2.213189545844319, -0.41715795829507984]","[0.11587807096652596, 0.0026640162563327805, 0.0]","{""Controller Type"": ""MPC Controller"", ""weight_comfort"": 506.91135611080375, ""weight_trajectory"": 2958.5318633351776, ""weight_goal"": 1000.0, ""Q"": [[2958.5318633351776, 0.0, 0.0, 0.0], [0.0, 0.0, 0.0, 0.0], [0.0, 0.0, 2958.5318633351776, 0.0], [0.0, 0.0, 0.0, 0.0]], ""R"": [[506.91135611080375, 0.0], [0.0, 506.91135611080375]], ""P"": [[1000.0, 0.0, 0.0, 0.0], [0.0, 100000.0, 0.0, 0.0], [0.0, 0.0, 1000.0, 0.0], [0.0, 0.0, 0.0, 100000.0]]}","[0.010889646742120937, 0.0002167600021378821, 0.0]",False
3,P01,c0150e75-d12d-467e-96b2-81d06399c7ad,27,1,haply,mpc,seeded_random,3975743691,persist_session,10.0,22.829048480987552,4215.30596337,0,1785827204.1034825,252,True,normal,adaptive,-0.08,-0.08,0.0,0.08,-0.08,0.0,-0.0800704809,-0.0813103,0.0,0.0050448696,-0.16015628,0.15228967,-0.0011368548,0.007503138,-0.0043550995,"[0.6318110254692001, 2.5005528294557866, 0.0, 0.0, 0.0, 0.0, 2.2091612143587422, -0.41294396565601255]","[0.09694025425665241, 0.007262907140026609, 0.0]","{""Controller Type"": ""MPC Controller"", ""weight_comfort"": 504.6758226523004, ""weight_trajectory"": 2971.945064086198, ""weight_goal"": 1000.0, ""Q"": [[2971.945064086198, 0.0, 0.0, 0.0], [0.0, 0.0, 0.0, 0.0], [0.0, 0.0, 2971.945064086198, 0.0], [0.0, 0.0, 0.0, 0.0]], ""R"": [[504.6758226523004, 0.0], [0.0, 504.6758226523004]], ""P"": [[1000.0, 0.0, 0.0, 0.0], [0.0, 100000.0, 0.0, 0.0], [0.0, 0.0, 1000.0, 0.0], [0.0, 0.0, 0.0, 100000.0]]}","[0.010615989963636364, 0.000303232518774458, 0.0]",False
3,P01,c0150e75-d12d-467e-96b2-81d06399c7ad,27,1,haply,mpc,seeded_random,3975743691,persist_session,10.0,22.839224901199344,4215.316127372,0,1785827204.1134076,253,True,normal,adaptive,-0.08,-0.08,0.0,0.08,-0.08,0.0,-0.0802912212,-0.08141512,0.0,0.0049712313,-0.16019846,0.15223728,-0.0014573839,0.005713616,-0.003446185,"[-0.056499840069617946, 2.723512742164144, 0.0, 0.0, 0.0, 0.0, 2.209138921946199, -0.41292087513668757]","[-0.0696288540831775, 0.00748708454737332, 0.0]","{""Controller Type"": ""MPC Controller"", ""weight_comfort"": 504.6758226523004, ""weight_trajectory"": 2971.945064086198, ""weight_goal"": 1000.0, ""Q"": [[2971.945064086198, 0.0, 0.0, 0.0], [0.0, 0.0, 0.0, 0.0], [0.0, 0.0, 2971.945064086198, 0.0], [0.0, 0.0, 0.0, 0.0]], ""R"": [[504.6758226523004, 0.0], [0.0, 504.6758226523004]], ""P"": [[1000.0, 0.0, 0.0, 0.0], [0.0, 100000.0, 0.0, 0.0], [0.0, 0.0, 1000.0, 0.0], [0.0, 0.0, 0.0, 100000.0]]}","[0.010615989963636364, 0.000303232518774458, 0.0]",False
3,P01,c0150e75-d12d-467e-96b2-81d06399c7ad,27,1,haply,mpc,seeded_random,3975743691,persist_session,10.0,22.849070634841922,4215.325985252,0,1785827204.123499,254,True,normal,adaptive,-0.08,-0.08,0.0,0.08,-0.08,0.0,-0.0805121361,-0.0815198999999999,0.0,0.004959892,-0.16028027,0.15213038,-0.0018030358,0.004001913,-0.0026163736,"[-0.02462732645293836, 2.7132166606387336, 0.0, 0.0, 0.0, 0.0, 2.2091777028584167, -0.4129605749944308]","[-0.06335106678693865, 0.0076456812763313845, 0.0]","{""Controller Type"": ""MPC Controller"", ""weight_comfort"": 497.9964743060362, ""weight_trajectory"": 3012.0211541637827, ""weight_goal"": 1000.0, ""Q"": [[3012.0211541637827, 0.0, 0.0, 0.0], [0.0, 0.0, 0.0, 0.0], [0.0, 0.0, 3012.0211541637827, 0.0], [0.0, 0.0, 0.0, 0.0]], ""R"": [[497.9964743060362, 0.0], [0.0, 497.9964743060362]], ""P"": [[1000.0, 0.0, 0.0, 0.0], [0.0, 100000.0, 0.0, 0.0], [0.0, 0.0, 1000.0, 0.0], [0.0, 0.0, 0.0, 100000.0]]}","[0.011023929883730995, 0.0003170877910506347, 0.0]",False
3,P01,c0150e75-d12d-467e-96b2-81d06399c7ad,27,1,haply,mpc,seeded_random,3975743691,persist_session,10.0,22.859132137298587,4215.336032247,0,1785827204.133367,255,True,normal,adaptive,-0.08,-0.08,0.0,0.08,-0.08,0.0,-0.080546154,-0.0817336999999999,0.0,0.00488623,-0.16032232,0.15207782,-0.0020936208,0.0027282722,-0.0020609354,"[0.513990235044254, 2.5644094572616956, 0.0, 0.0, 0.0, 0.0, 2.20081994648888, -0.40380753211496145]","[0.0736792248279981, 0.01256411201807149, 0.0]","{""Controller Type"": ""MPC Controller"", ""weight_comfort"": 497.9964743060362, ""weight_trajectory"": 3012.0211541637827, ""weight_goal"": 1000.0, ""Q"": [[3012.0211541637827, 0.0, 0.0, 0.0], [0.0, 0.0, 0.0, 0.0], [0.0, 0.0, 3012.0211541637827, 0.0], [0.0, 0.0, 0.0, 0.0]], ""R"": [[497.9964743060362, 0.0], [0.0, 497.9964743060362]], ""P"": [[1000.0, 0.0, 0.0, 0.0], [0.0, 100000.0, 0.0, 0.0], [0.0, 0.0, 1000.0, 0.0], [0.0, 0.0, 0.0, 100000.0]]}","[0.010757280330609917, 0.0005450727101452804, 0.0]",False
3,P01,c0150e75-d12d-467e-96b2-81d06399c7ad,27,1,haply,mpc,seeded_random,3975743691,persist_session,10.0,22.869058218002323,4215.345969844,0,1785827204.143527,256,True,normal,adaptive,-0.08,-0.08,0.0,0.08,-0.08,0.0,-0.08076714,-0.0818388199999999,0.0,0.0048805475,-0.16036323,0.1520244,-0.0024606888,0.0010275469,-0.002666372,"[-0.0007239340958278273, 2.7316161443648164, 0.0, 0.0, 0.0, 0.0, 2.2053444035683203, -0.408310105344978]","[-0.05953082846861025, 0.008279806971199377, 0.0]","{""Controller Type"": ""MPC Controller"", ""weight_comfort"": 497.9964743060362, ""weight_trajectory"": 3012.0211541637827, ""weight_goal"": 1000.0, ""Q"": [[3012.0211541637827, 0.0, 0.0, 0.0], [0.0, 0.0, 0.0, 0.0], [0.0, 0.0, 3012.0211541637827, 0.0], [0.0, 0.0, 0.0, 0.0]], ""R"": [[497.9964743060362, 0.0], [0.0, 497.9964743060362]], ""P"": [[1000.0, 0.0, 0.0, 0.0], [0.0, 100000.0, 0.0, 0.0], [0.0, 0.0, 1000.0, 0.0], [0.0, 0.0, 0.0, 100000.0]]}","[0.011113377061488362, 0.0003451620768516801, 0.0]",False
3,P01,c0150e75-d12d-467e-96b2-81d06399c7ad,27,1,haply,mpc,seeded_random,3975743691,persist_session,10.0,22.879085865020755,4215.355989026,0,1785827204.1534348,257,True,normal,adaptive,-0.08,-0.08,0.0,0.08,-0.08,0.0,-0.0807841875,-0.0819456599999999,0.0,0.0048675104,-0.1604624,0.15200421,-0.002756772,-0.00040719984,-0.003600046,"[0.5289483285897201, 2.5891861639817924, 0.0, 0.0, 0.0, 0.0, 2.2051180532401564, -0.4080853769258059]","[0.08059150225999542, 0.008691001730782836, 0.0]","{""Controller Type"": ""MPC Controller"", ""weight_comfort"": 502.5218686182785, ""weight_trajectory"": 2984.868788290329, ""weight_goal"": 1000.0, ""Q"": [[2984.868788290329, 0.0, 0.0, 0.0], [0.0, 0.0, 0.0, 0.0], [0.0, 0.0, 2984.868788290329, 0.0], [0.0, 0.0, 0.0, 0.0]], ""R"": [[502.5218686182785, 0.0], [0.0, 502.5218686182785]], ""P"": [[1000.0, 0.0, 0.0, 0.0], [0.0, 100000.0, 0.0, 0.0], [0.0, 0.0, 1000.0, 0.0], [0.0, 0.0, 0.0, 100000.0]]}","[0.010745421446340001, 0.000362189893530175, 0.0]",False
3,P01,c0150e75-d12d-467e-96b2-81d06399c7ad,27,1,haply,mpc,seeded_random,3975743691,persist_session,10.0,22.889068450927738,4215.365980402,0,1785827204.163447,258,True,normal,adaptive,-0.08,-0.08,0.0,0.08,-0.08,0.0,-0.0808232988,-0.0819860399999999,0.0,0.004771609,-0.16067927,0.15205199,-0.0029505687,-0.0015370636,-0.004118301,"[0.4550645019940436, 2.609538101476134, 0.0, 0.0, 0.0, 0.0, 2.2067200497576898, -0.4093890965429925]","[0.0629908742151652, 0.00603378071419297, 0.0]","{""Controller Type"": ""MPC Controller"", ""weight_comfort"": 502.5218686182785, ""weight_trajectory"": 2984.868788290329, ""weight_goal"": 1000.0, ""Q"": [[2984.868788290329, 0.0, 0.0, 0.0], [0.0, 0.0, 0.0, 0.0], [0.0, 0.0, 2984.868788290329, 0.0], [0.0, 0.0, 0.0, 0.0]], ""R"": [[502.5218686182785, 0.0], [0.0, 502.5218686182785]], ""P"": [[1000.0, 0.0, 0.0, 0.0], [0.0, 100000.0, 0.0, 0.0], [0.0, 0.0, 1000.0, 0.0], [0.0, 0.0, 0.0, 100000.0]]}","[0.010741910923152638, 0.00023984193401962718, 0.0]",False
3,P01,c0150e75-d12d-467e-96b2-81d06399c7ad,27,1,haply,mpc,seeded_random,3975743691,persist_session,10.0,22.89910134315491,4215.375994633,0,1785827204.173513,259,True,normal,adaptive,-0.08,-0.08,0.0,0.08,-0.08,0.0,-0.081111003,-0.0818904799999999,0.0,0.0047642314,-0.16073753,0.15208548,-0.0030935046,-0.002772253,-0.0042125704,"[-0.16095083621003048, 2.8246778537398427, 0.0, 0.0, 0.0, 0.0, 2.2046924145872606, -0.40572317893002463]","[-0.10666310023043146, 0.00031636086529617316, 0.0]","{""Controller Type"": ""MPC Controller"", ""weight_comfort"": 502.5218686182785, ""weight_trajectory"": 2984.868788290329, ""weight_goal"": 1000.0, ""Q"": [[2984.868788290329, 0.0, 0.0, 0.0], [0.0, 0.0, 0.0, 0.0], [0.0, 0.0, 2984.868788290329, 0.0], [0.0, 0.0, 0.0, 0.0]], ""R"": [[502.5218686182785, 0.0], [0.0, 502.5218686182785]], ""P"": [[1000.0, 0.0, 0.0, 0.0], [0.0, 100000.0, 0.0, 0.0], [0.0, 0.0, 1000.0, 0.0], [0.0, 0.0, 0.0, 100000.0]]}","[0.011219634153813357, -1.685507867227781e-05, 0.0]",False
3,P01,c0150e75-d12d-467e-96b2-81d06399c7ad,27,1,haply,mpc,seeded_random,3975743691,persist_session,10.0,22.909019556045536,4215.38593443,0,1785827204.183383,260,True,normal,adaptive,-0.08,-0.08,0.0,0.08,-0.08,0.0,-0.0811331358,-0.0818235,0.0,0.0047420943,-0.16091242,0.15218619,-0.0032322851,-0.003939768,-0.0041125016,"[0.46683008204082443, 2.6572219469723364, 0.0, 0.0, 0.0, 0.0, 2.2049078851025334, -0.40622411383882]","[0.06926318811053099, 0.00126393758673098, 0.0]","{""Controller Type"": ""MPC Controller"", ""weight_comfort"": 501.6573583887083, ""weight_trajectory"": 2990.0558496677504, ""weight_goal"": 1000.0, ""Q"": [[2990.0558496677504, 0.0, 0.0, 0.0], [0.0, 0.0, 0.0, 0.0], [0.0, 0.0, 2990.0558496677504, 0.0], [0.0, 0.0, 0.0, 0.0]], ""R"": [[501.6573583887083, 0.0], [0.0, 501.6573583887083]], ""P"": [[1000.0, 0.0, 0.0, 0.0], [0.0, 100000.0, 0.0, 0.0], [0.0, 0.0, 1000.0, 0.0], [0.0, 0.0, 0.0, 100000.0]]}","[0.010737158810365355, 2.7332684536206272e-05, 0.0]",False
3,P01,c0150e75-d12d-467e-96b2-81d06399c7ad,27,1,haply,mpc,seeded_random,3975743691,persist_session,10.0,22.919148292541507,4215.396047832,0,1785827204.1934311,261,True,normal,adaptive,-0.08,-0.08,0.0,0.08,-0.08,0.0,-0.0811995471,-0.0816220799999999,0.0,0.0047199777,-0.16108714,0.15228711,-0.0034188933,-0.005401225,-0.0036676626,"[0.3556869389409914, 2.688502275237881, 0.0, 0.0, 0.0, 0.0, 2.1986977083954926, -0.39768553627616166]","[0.039567440532363586, -0.004405333479880718, 0.0]","{""Controller Type"": ""MPC Controller"", ""weight_comfort"": 501.6573583887083, ""weight_trajectory"": 2990.0558496677504, ""weight_goal"": 1000.0, ""Q"": [[2990.0558496677504, 0.0, 0.0, 0.0], [0.0, 0.0, 0.0, 0.0], [0.0, 0.0, 2990.0558496677504, 0.0], [0.0, 0.0, 0.0, 0.0]], ""R"": [[501.6573583887083, 0.0], [0.0, 501.6573583887083]], ""P"": [[1000.0, 0.0, 0.0, 0.0], [0.0, 100000.0, 0.0, 0.0], [0.0, 0.0, 1000.0, 0.0], [0.0, 0.0, 0.0, 100000.0]]}","[0.010832050950507092, -0.0002333286014465832, 0.0]",False
3,P01,c0150e75-d12d-467e-96b2-81d06399c7ad,27,1,haply,mpc,seeded_random,3975743691,persist_session,10.0,22.92907461166382,4215.405990883,0,1785827204.203399,262,True,normal,adaptive,-0.08,-0.08,0.0,0.08,-0.08,0.0,-0.0812658969,-0.0814202399999999,0.0,0.004699528,-0.1612446,0.15230094,-0.003275608,-0.008369743,-0.0017640691,"[0.3460508029485598, 2.691215770786208, 0.0, 0.0, 0.0, 0.0, 2.1985739198113383, -0.39751856982065065]","[0.03789235482138467, -0.004926928172940529, 0.0]","{""Controller Type"": ""MPC Controller"", ""weight_comfort"": 501.6573583887083, ""weight_trajectory"": 2990.0558496677504, ""weight_goal"": 1000.0, ""Q"": [[2990.0558496677504, 0.0, 0.0, 0.0], [0.0, 0.0, 0.0, 0.0], [0.0, 0.0, 2990.0558496677504, 0.0], [0.0, 0.0, 0.0, 0.0]], ""R"": [[501.6573583887083, 0.0], [0.0, 501.6573583887083]], ""P"": [[1000.0, 0.0, 0.0, 0.0], [0.0, 100000.0, 0.0, 0.0], [0.0, 0.0, 1000.0, 0.0], [0.0, 0.0, 0.0, 100000.0]]}","[0.01083845920820097, -0.0002539344925803336, 0.0]",False
3,P01,c0150e75-d12d-467e-96b2-81d06399c7ad,27,1,haply,mpc,seeded_random,3975743691,persist_session,10.0,22.939004507064823,4215.415906424,0,1785827204.21346,263,True,normal,adaptive,-0.08,-0.08,0.0,0.08,-0.08,0.0,-0.0813272459999999,-0.0813925799999999,0.0,0.0046847863,-0.16136107,0.15236846,-0.0029114124,-0.010377156,-0.00016229556,"[0.3494458680062667, 2.6902665925624465, 0.0, 0.0, 0.0, 0.0, 2.198406338940058, -0.39847950887142364]","[0.03997070516701123, 0.0019659477889374865, 0.0]","{""Controller Type"": ""MPC Controller"", ""weight_comfort"": 500.5764149434942, ""weight_trajectory"": 2996.5415103390346, ""weight_goal"": 1000.0, ""Q"": [[2996.5415103390346, 0.0, 0.0, 0.0], [0.0, 0.0, 0.0, 0.0], [0.0, 0.0, 2996.5415103390346, 0.0], [0.0, 0.0, 0.0, 0.0]], ""R"": [[500.5764149434942, 0.0], [0.0, 500.5764149434942]], ""P"": [[1000.0, 0.0, 0.0, 0.0], [0.0, 100000.0, 0.0, 0.0], [0.0, 0.0, 1000.0, 0.0], [0.0, 0.0, 0.0, 100000.0]]}","[0.010833303680808997, 6.572793290724476e-05, 0.0]",False
3,P01,c0150e75-d12d-467e-96b2-81d06399c7ad,27,1,haply,mpc,seeded_random,3975743691,persist_session,10.0,22.949193801879886,4215.42610011,0,1785827204.2234533,264,True,normal,adaptive,-0.08,-0.08,0.0,0.08,-0.08,0.0,-0.0813714711,-0.0812575399999999,0.0,0.004662682,-0.16153575,0.15247001,-0.0026543194,-0.011815187,0.0010213992,"[0.3744371606982701, 2.6834360529986845, 0.0, 0.0, 0.0, 0.0, 2.1950953028040527, -0.3938233769737341]","[0.0485480136262522, -0.002561328461257665, 0.0]","{""Controller Type"": ""MPC Controller"", ""weight_comfort"": 500.5764149434942, ""weight_trajectory"": 2996.5415103390346, ""weight_goal"": 1000.0, ""Q"": [[2996.5415103390346, 0.0, 0.0, 0.0], [0.0, 0.0, 0.0, 0.0], [0.0, 0.0, 2996.5415103390346, 0.0], [0.0, 0.0, 0.0, 0.0]], ""R"": [[500.5764149434942, 0.0], [0.0, 500.5764149434942]], ""P"": [[1000.0, 0.0, 0.0, 0.0], [0.0, 100000.0, 0.0, 0.0], [0.0, 0.0, 1000.0, 0.0], [0.0, 0.0, 0.0, 100000.0]]}","[0.0108175506591824, -0.00014360393981421263, 0.0]",False
3,P01,c0150e75-d12d-467e-96b2-81d06399c7ad,27,1,haply,mpc,seeded_random,3975743691,persist_session,10.0,22.95914372444153,4215.436038715,0,1785827204.2334833,265,True,normal,adaptive,-0.08,-0.08,0.0,0.08,-0.08,0.0,-0.081437784,-0.08105444,0.0,0.0046553155,-0.16159397,0.15250391,-0.0024674044,-0.012837137,0.00186962,"[0.32287708419841216, 2.6979632571506182, 0.0, 0.0, 0.0, 0.0, 2.191623967878162, -0.389282261529912]","[0.03428715209675684, -0.005571714207231668, 0.0]","{""Controller Type"": ""MPC Controller"", ""weight_comfort"": 500.5764149434942, ""weight_trajectory"": 2996.5415103390346, ""weight_goal"": 1000.0, ""Q"": [[2996.5415103390346, 0.0, 0.0, 0.0], [0.0, 0.0, 0.0, 0.0], [0.0, 0.0, 2996.5415103390346, 0.0], [0.0, 0.0, 0.0, 0.0]], ""R"": [[500.5764149434942, 0.0], [0.0, 500.5764149434942]], ""P"": [[1000.0, 0.0, 0.0, 0.0], [0.0, 100000.0, 0.0, 0.0], [0.0, 0.0, 1000.0, 0.0], [0.0, 0.0, 0.0, 100000.0]]}","[0.010863343676279327, -0.00028461296776211736, 0.0]",False
3,P01,c0150e75-d12d-467e-96b2-81d06399c7ad,27,1,haply,mpc,seeded_random,3975743691,persist_session,10.0,22.969057884216312,4215.445945621,0,1785827204.243426,266,True,normal,adaptive,-0.08,-0.08,0.0,0.08,-0.08,0.0,-0.0814598835,-0.08098664,0.0,0.00464795,-0.16165219,0.15253782,-0.0022513089,-0.012953772,0.0030415042,"[0.39821695349105, 2.6780604365787593, 0.0, 0.0, 0.0, 0.0, 2.1934155266417794, -0.3920898823756537]","[0.05834361741349196, -0.0005095593242588391, 0.0]","{""Controller Type"": ""MPC Controller"", ""weight_comfort"": 501.01634168726974, ""weight_trajectory"": 2993.901949876382, ""weight_goal"": 1000.0, ""Q"": [[2993.901949876382, 0.0, 0.0, 0.0], [0.0, 0.0, 0.0, 0.0], [0.0, 0.0, 2993.901949876382, 0.0], [0.0, 0.0, 0.0, 0.0]], ""R"": [[501.01634168726974, 0.0], [0.0, 501.01634168726974]], ""P"": [[1000.0, 0.0, 0.0, 0.0], [0.0, 100000.0, 0.0, 0.0], [0.0, 0.0, 1000.0, 0.0], [0.0, 0.0, 0.0, 100000.0]]}","[0.010784389780311765, -4.3018714156633e-05, 0.0]",False
3,P01,c0150e75-d12d-467e-96b2-81d06399c7ad,27,1,haply,mpc,seeded_random,3975743691,persist_session,10.0,22.979191865921024,4215.456088275,0,1785827204.2533948,267,True,normal,adaptive,-0.08,-0.08,0.0,0.08,-0.08,0.0,-0.08148198,-0.08091882,0.0,0.0047091707,-0.16170934,0.15257078,-0.0020305677,-0.012603669,0.00413222,"[0.3875263360886136, 2.6808843331213628, 0.0, 0.0, 0.0, 0.0, 2.19341679746913, -0.3920918307215579]","[0.05663613857861726, -0.0006521454786504095, 0.0]","{""Controller Type"": ""MPC Controller"", ""weight_comfort"": 501.01634168726974, ""weight_trajectory"": 2993.901949876382, ""weight_goal"": 1000.0, ""Q"": [[2993.901949876382, 0.0, 0.0, 0.0], [0.0, 0.0, 0.0, 0.0], [0.0, 0.0, 2993.901949876382, 0.0], [0.0, 0.0, 0.0, 0.0]], ""R"": [[501.01634168726974, 0.0], [0.0, 501.01634168726974]], ""P"": [[1000.0, 0.0, 0.0, 0.0], [0.0, 100000.0, 0.0, 0.0], [0.0, 0.0, 1000.0, 0.0], [0.0, 0.0, 0.0, 100000.0]]}","[0.01078152373804132, -4.841245452486117e-05, 0.0]",False
3,P01,c0150e75-d12d-467e-96b2-81d06399c7ad,27,1,haply,mpc,seeded_random,3975743691,persist_session,10.0,22.989153947830204,4215.466054645,0,1785827204.263368,268,True,normal,adaptive,-0.08,-0.08,0.0,0.08,-0.08,0.0,-0.0812983179,-0.0808529,0.0,0.004783428,-0.1616672,0.15262339,-0.0017962722,-0.012220426,0.004665169,"[0.7282961010634998, 2.6220698675225447, 0.0, 0.0, 0.0, 0.0, 2.193442093110991, -0.3921301007826509]","[0.16576056104338566, -0.0007211202693225528, 0.0]","{""Controller Type"": ""MPC Controller"", ""weight_comfort"": 501.01634168726974, ""weight_trajectory"": 2993.901949876382, ""weight_goal"": 1000.0, ""Q"": [[2993.901949876382, 0.0, 0.0, 0.0], [0.0, 0.0, 0.0, 0.0], [0.0, 0.0, 2993.901949876382, 0.0], [0.0, 0.0, 0.0, 0.0]], ""R"": [[501.01634168726974, 0.0], [0.0, 501.01634168726974]], ""P"": [[1000.0, 0.0, 0.0, 0.0], [0.0, 100000.0, 0.0, 0.0], [0.0, 0.0, 1000.0, 0.0], [0.0, 0.0, 0.0, 100000.0]]}","[0.010386410031006283, -5.036253030500702e-05, 0.0]",False
3,P01,c0150e75-d12d-467e-96b2-81d06399c7ad,27,1,haply,mpc,seeded_random,3975743691,persist_session,10.0,22.99915155410767,4215.476047212,0,1785827204.2736158,269,True,normal,adaptive,-0.08,-0.08,0.0,0.08,-0.08,0.0,-0.081075546,-0.0807476799999999,0.0,0.0048576794,-0.16162503,0.15267596,-0.0012773718,-0.011725062,0.0049910415,"[0.7535537896577651, 2.618112156993692, 0.0, 0.0, 0.0, 0.0, 2.1925533518773, -0.390925712389171]","[0.17829213505891728, -0.002374471579468145, 0.0]","{""Controller Type"": ""MPC Controller"", ""weight_comfort"": 504.04157634521584, ""weight_trajectory"": 2975.7505419287054, ""weight_goal"": 1000.0, ""Q"": [[2975.7505419287054, 0.0, 0.0, 0.0], [0.0, 0.0, 0.0, 0.0], [0.0, 0.0, 2975.7505419287054, 0.0], [0.0, 0.0, 0.0, 0.0]], ""R"": [[504.04157634521584, 0.0], [0.0, 504.04157634521584]], ""P"": [[1000.0, 0.0, 0.0, 0.0], [0.0, 100000.0, 0.0, 0.0], [0.0, 0.0, 1000.0, 0.0], [0.0, 0.0, 0.0, 100000.0]]}","[0.010306636141806809, -0.00012648036094228455, 0.0]",False
3,P01,c0150e75-d12d-467e-96b2-81d06399c7ad,27,1,haply,mpc,seeded_random,3975743691,persist_session,10.0,23.009106006622318,4215.48600812,0,1785827204.2834623,270,True,normal,adaptive,-0.08,-0.08,0.0,0.08,-0.08,0.0,-0.0808527917999999,-0.0806425399999999,0.0,0.004931875,-0.16158281,0.15272859,-0.0007336128,-0.011089879,0.00521762,"[0.7387087198498186, 2.620371472248443, 0.0, 0.0, 0.0, 0.0, 2.1924350450156895, -0.39076884655186034]","[0.1781034879113891, -0.0027638873958440256, 0.0]","{""Controller Type"": ""MPC Controller"", ""weight_comfort"": 504.04157634521584, ""weight_trajectory"": 2975.7505419287054, ""weight_goal"": 1000.0, ""Q"": [[2975.7505419287054, 0.0, 0.0, 0.0], [0.0, 0.0, 0.0, 0.0], [0.0, 0.0, 2975.7505419287054, 0.0], [0.0, 0.0, 0.0, 0.0]], ""R"": [[504.04157634521584, 0.0], [0.0, 504.04157634521584]], ""P"": [[1000.0, 0.0, 0.0, 0.0], [0.0, 100000.0, 0.0, 0.0], [0.0, 0.0, 1000.0, 0.0], [0.0, 0.0, 0.0, 100000.0]]}","[0.010241225422460691, -0.00014266913421736083, 0.0]",False
3,P01,c0150e75-d12d-467e-96b2-81d06399c7ad,27,1,haply,mpc,seeded_random,3975743691,persist_session,10.0,23.019167032241825,4215.49606931,0,1785827204.2934935,271,True,normal,adaptive,-0.08,-0.08,0.0,0.08,-0.08,0.0,-0.080630205,-0.0805372799999999,0.0,0.005000418,-0.16158167,0.15272757,0.00011152467,-0.008468647,0.0045602364,"[0.7035552732873989, 2.6257931278364683, 0.0, 0.0, 0.0, 0.0, 2.1924765270639894, -0.39082303456858264]","[0.17127699494201454, -0.002923024803655148, 0.0]","{""Controller Type"": ""MPC Controller"", ""weight_comfort"": 504.04157634521584, ""weight_trajectory"": 2975.7505419287054, ""weight_goal"": 1000.0, ""Q"": [[2975.7505419287054, 0.0, 0.0, 0.0], [0.0, 0.0, 0.0, 0.0], [0.0, 0.0, 2975.7505419287054, 0.0], [0.0, 0.0, 0.0, 0.0]], ""R"": [[504.04157634521584, 0.0], [0.0, 504.04157634521584]], ""P"": [[1000.0, 0.0, 0.0, 0.0], [0.0, 100000.0, 0.0, 0.0], [0.0, 0.0, 1000.0, 0.0], [0.0, 0.0, 0.0, 100000.0]]}","[0.010230657425983737, -0.0001480382537483927, 0.0]",False
3,P01,c0150e75-d12d-467e-96b2-81d06399c7ad,27,1,haply,mpc,seeded_random,3975743691,persist_session,10.0,23.02911719322205,4215.506013756,0,1785827204.3034377,272,True,normal,adaptive,-0.08,-0.08,0.0,0.08,-0.08,0.0,-0.080424576,-0.0805393199999999,0.0,0.0050745592,-0.16153939,0.15278007,0.0015099831,-0.0057214918,0.0036654836,"[0.6537106272027359, 2.6338634408425814, 0.0, 0.0, 0.0, 0.0, 2.1920418554878967, -0.3905786668426261]","[0.159336331637556, 0.0012623390767955219, 0.0]","{""Controller Type"": ""MPC Controller"", ""weight_comfort"": 503.19649097406847, ""weight_trajectory"": 2980.821054155589, ""weight_goal"": 1000.0, ""Q"": [[2980.821054155589, 0.0, 0.0, 0.0], [0.0, 0.0, 0.0, 0.0], [0.0, 0.0, 2980.821054155589, 0.0], [0.0, 0.0, 0.0, 0.0]], ""R"": [[503.19649097406847, 0.0], [0.0, 503.19649097406847]], ""P"": [[1000.0, 0.0, 0.0, 0.0], [0.0, 100000.0, 0.0, 0.0], [0.0, 0.0, 1000.0, 0.0], [0.0, 0.0, 0.0, 100000.0]]}","[0.010241290105174288, 4.8665513613076246e-05, 0.0]",False
3,P01,c0150e75-d12d-467e-96b2-81d06399c7ad,27,1,haply,mpc,seeded_random,3975743691,persist_session,10.0,23.039101448059085,4215.515992061,0,1785827204.3134873,273,True,normal,adaptive,-0.08,-0.08,0.0,0.08,-0.08,0.0,-0.0802021524,-0.08043432,0.0,0.0051487098,-0.16149701,0.15283261,0.0027032406,-0.0033915779,0.0035944225,"[0.6537106272027359, 2.6338634408425814, 0.0, 0.0, 0.0, 0.0, 2.1920418554878967, -0.3905786668426261]","[0.159336331637556, 0.0012623390767955219, 0.0]","{""Controller Type"": ""MPC Controller"", ""weight_comfort"": 503.19649097406847, ""weight_trajectory"": 2980.821054155589, ""weight_goal"": 1000.0, ""Q"": [[2980.821054155589, 0.0, 0.0, 0.0], [0.0, 0.0, 0.0, 0.0], [0.0, 0.0, 2980.821054155589, 0.0], [0.0, 0.0, 0.0, 0.0]], ""R"": [[503.19649097406847, 0.0], [0.0, 503.19649097406847]], ""P"": [[1000.0, 0.0, 0.0, 0.0], [0.0, 100000.0, 0.0, 0.0], [0.0, 0.0, 1000.0, 0.0], [0.0, 0.0, 0.0, 100000.0]]}","[0.010204533866092179, -0.00015583906544629333, 0.0]",False
3,P01,c0150e75-d12d-467e-96b2-81d06399c7ad,27,1,haply,mpc,seeded_random,3975743691,persist_session,10.0,23.04916342735291,4215.526068823,0,1785827204.3236325,274,True,normal,adaptive,-0.08,-0.08,0.0,0.08,-0.08,0.0,-0.0799797006,-0.0803292399999999,0.0,0.005222796,-0.16145465,0.15288505,0.0039929603,-0.0014317167,0.0037966454,"[0.6391712096170338, 2.636108496631453, 0.0, 0.0, 0.0, 0.0, 2.1905672195341253, -0.38871112547821496]","[0.1603251984723076, -0.003322372777350173, 0.0]","{""Controller Type"": ""MPC Controller"", ""weight_comfort"": 503.19649097406847, ""weight_trajectory"": 2980.821054155589, ""weight_goal"": 1000.0, ""Q"": [[2980.821054155589, 0.0, 0.0, 0.0], [0.0, 0.0, 0.0, 0.0], [0.0, 0.0, 2980.821054155589, 0.0], [0.0, 0.0, 0.0, 0.0]], ""R"": [[503.19649097406847, 0.0], [0.0, 503.19649097406847]], ""P"": [[1000.0, 0.0, 0.0, 0.0], [0.0, 100000.0, 0.0, 0.0], [0.0, 0.0, 1000.0, 0.0], [0.0, 0.0, 0.0, 100000.0]]}","[0.01024033785679466, -0.0001637396502007661, 0.0]",False
3,P01,c0150e75-d12d-467e-96b2-81d06399c7ad,27,1,haply,mpc,seeded_random,3975743691,persist_session,10.0,23.059134569168094,4215.536025489,0,1785827204.3335178,275,True,normal,adaptive,-0.08,-0.08,0.0,0.08,-0.08,0.0,-0.079757442,-0.08022436,0.0,0.0052912864,-0.16145337,0.15288402,0.004896938,-9.519596e-05,0.0038806512,"[0.6220769983692644, 2.638702559018965, 0.0, 0.0, 0.0, 0.0, 2.190495452708723, -0.38862166616792604]","[0.15870928816584773, -0.0036316924407330054, 0.0]","{""Controller Type"": ""MPC Controller"", ""weight_comfort"": 503.19649097406847, ""weight_trajectory"": 2980.821054155589, ""weight_goal"": 1000.0, ""Q"": [[2980.821054155589, 0.0, 0.0, 0.0], [0.0, 0.0, 0.0, 0.0], [0.0, 0.0, 2980.821054155589, 0.0], [0.0, 0.0, 0.0, 0.0]], ""R"": [[503.19649097406847, 0.0], [0.0, 503.19649097406847]], ""P"": [[1000.0, 0.0, 0.0, 0.0], [0.0, 100000.0, 0.0, 0.0], [0.0, 0.0, 1000.0, 0.0], [0.0, 0.0, 0.0, 100000.0]]}","[0.010780197664510494, -0.00018697823861204847, 0.0]",False
3,P01,c0150e75-d12d-467e-96b2-81d06399c7ad,27,1,haply,mpc,seeded_random,3975743691,persist_session,10.0,23.0692172908783,4215.54611692,0,1785827204.3435771,276,True,normal,adaptive,-0.08,-0.08,0.0,0.08,-0.08,0.0,-0.0795519708,-0.0802264199999999,0.0,0.0052968822,-0.16141221,0.15293756,0.005502525,0.0008744225,0.0039407993,"[0.5701089944666313, 2.647179624305747, 0.0, 0.0, 0.0, 0.0, 2.1902757948749776, -0.3884743161599823]","[0.14503298366250517, 0.0005754757513291332, 0.0]","{""Controller Type"": ""MPC Controller"", ""weight_comfort"": 502.4889622772677, ""weight_trajectory"": 2985.066226336394, ""weight_goal"": 1000.0, ""Q"": [[2985.066226336394, 0.0, 0.0, 0.0], [0.0, 0.0, 0.0, 0.0], [0.0, 0.0, 2985.066226336394, 0.0], [0.0, 0.0, 0.0, 0.0]], ""R"": [[502.4889622772677, 0.0], [0.0, 502.4889622772677]], ""P"": [[1000.0, 0.0, 0.0, 0.0], [0.0, 100000.0, 0.0, 0.0], [0.0, 0.0, 1000.0, 0.0], [0.0, 0.0, 0.0, 100000.0]]}","[0.011357149353076332, 2.5228854657354754e-05, 0.0]",False
3,P01,c0150e75-d12d-467e-96b2-81d06399c7ad,27,1,haply,mpc,seeded_random,3975743691,persist_session,10.0,23.079316225051883,4215.556220166,0,1785827204.3535368,277,True,normal,adaptive,-0.08,-0.08,0.0,0.08,-0.08,0.0,-0.0795351834,-0.0801193399999999,0.0,0.0053709173,-0.16136968,0.15299001,0.0058899624,0.0015929819,0.003991898,"[0.27992652640823185, 2.7245752526297893, 0.0, 0.0, 0.0, 0.0, 2.186927156321642, -0.3843609596480223]","[0.0492504914519023, -0.0038714037481488803, 0.0]","{""Controller Type"": ""MPC Controller"", ""weight_comfort"": 502.4889622772677, ""weight_trajectory"": 2985.066226336394, ""weight_goal"": 1000.0, ""Q"": [[2985.066226336394, 0.0, 0.0, 0.0], [0.0, 0.0, 0.0, 0.0], [0.0, 0.0, 2985.066226336394, 0.0], [0.0, 0.0, 0.0, 0.0]], ""R"": [[502.4889622772677, 0.0], [0.0, 502.4889622772677]], ""P"": [[1000.0, 0.0, 0.0, 0.0], [0.0, 100000.0, 0.0, 0.0], [0.0, 0.0, 1000.0, 0.0], [0.0, 0.0, 0.0, 100000.0]]}","[0.011795738200139091, -0.0002101161774348955, 0.0]",False
3,P01,c0150e75-d12d-467e-96b2-81d06399c7ad,27,1,haply,mpc,seeded_random,3975743691,persist_session,10.0,23.089185085296634,4215.566082791,0,1785827204.36367,278,True,normal,adaptive,-0.08,-0.08,0.0,0.08,-0.08,0.0,-0.0793130781,-0.0800144399999999,0.0,0.0054449225,-0.16132714,0.15304245,0.006113861,0.00209107,0.004029003,"[0.5420264415304905, 2.6848166097901602, 0.0, 0.0, 0.0, 0.0, 2.187033097801091, -0.384489317656774]","[0.14519886803261361, -0.003948668811670749, 0.0]","{""Controller Type"": ""MPC Controller"", ""weight_comfort"": 502.4889622772677, ""weight_trajectory"": 2985.066226336394, ""weight_goal"": 1000.0, ""Q"": [[2985.066226336394, 0.0, 0.0, 0.0], [0.0, 0.0, 0.0, 0.0], [0.0, 0.0, 2985.066226336394, 0.0], [0.0, 0.0, 0.0, 0.0]], ""R"": [[502.4889622772677, 0.0], [0.0, 502.4889622772677]], ""P"": [[1000.0, 0.0, 0.0, 0.0], [0.0, 100000.0, 0.0, 0.0], [0.0, 0.0, 1000.0, 0.0], [0.0, 0.0, 0.0, 100000.0]]}","[0.011990688164341056, -0.00022338912779389696, 0.0]",False
3,P01,c0150e75-d12d-467e-96b2-81d06399c7ad,27,1,haply,mpc,seeded_random,3975743691,persist_session,10.0,23.099141683578495,4215.576045063,0,1785827204.373371,279,True,normal,adaptive,-0.08,-0.08,0.0,0.08,-0.08,0.0,-0.0790910625,-0.0799095599999999,0.0,0.0055873143,-0.16128322,0.15309373,0.0062952484,0.0024339238,0.0040335744,"[0.5355466797853876, 2.6857604588392663, 0.0, 0.0, 0.0, 0.0, 2.18686804659191, -0.3842920089615226]","[0.14666801747477737, -0.004352556154382593, 0.0]","{""Controller Type"": ""MPC Controller"", ""weight_comfort"": 501.997795641025, ""weight_trajectory"": 2988.01322615385, ""weight_goal"": 1000.0, ""Q"": [[2988.01322615385, 0.0, 0.0, 0.0], [0.0, 0.0, 0.0, 0.0], [0.0, 0.0, 2988.01322615385, 0.0], [0.0, 0.0, 0.0, 0.0]], ""R"": [[501.997795641025, 0.0], [0.0, 501.997795641025]], ""P"": [[1000.0, 0.0, 0.0, 0.0], [0.0, 100000.0, 0.0, 0.0], [0.0, 0.0, 1000.0, 0.0], [0.0, 0.0, 0.0, 100000.0]]}","[0.01261230518617695, -0.00025715756567557517, 0.0]",False
3,P01,c0150e75-d12d-467e-96b2-81d06399c7ad,27,1,haply,mpc,seeded_random,3975743691,persist_session,10.0,23.109138097763065,4215.586044579,0,1785827204.3835623,280,True,normal,adaptive,-0.08,-0.08,0.0,0.08,-0.08,0.0,-0.0786638871,-0.0798069999999999,0.0,0.005729662,-0.16123909,0.1531451,0.0065737814,0.0027146998,0.0040658223,"[0.74869923013849, 2.68085812823463, 0.0, 0.0, 0.0, 0.0, 2.1870784063780375, -0.3845398809299637]","[0.2311600058082729, -0.004291864276022476, 0.0]","{""Controller Type"": ""MPC Controller"", ""weight_comfort"": 501.997795641025, ""weight_trajectory"": 2988.01322615385, ""weight_goal"": 1000.0, ""Q"": [[2988.01322615385, 0.0, 0.0, 0.0], [0.0, 0.0, 0.0, 0.0], [0.0, 0.0, 2988.01322615385, 0.0], [0.0, 0.0, 0.0, 0.0]], ""R"": [[501.997795641025, 0.0], [0.0, 501.997795641025]], ""P"": [[1000.0, 0.0, 0.0, 0.0], [0.0, 100000.0, 0.0, 0.0], [0.0, 0.0, 1000.0, 0.0], [0.0, 0.0, 0.0, 100000.0]]}","[0.01261230518617695, -0.00025715756567557517, 0.0]",False
3,P01,c0150e75-d12d-467e-96b2-81d06399c7ad,27,1,haply,mpc,seeded_random,3975743691,persist_session,10.0,23.11922654151917,4215.596116211,0,1785827204.3938808,281,True,normal,adaptive,-0.08,-0.08,0.0,0.08,-0.08,0.0,-0.078236844,-0.0797042599999999,0.0,0.0059457943,-0.16115205,0.15324873,0.0073641036,0.0029625706,0.004117631,"[0.74869923013849, 2.68085812823463, 0.0, 0.0, 0.0, 0.0, 2.1870784063780375, -0.3845398809299637]","[0.2311600058082729, -0.004291864276022476, 0.0]","{""Controller Type"": ""MPC Controller"", ""weight_comfort"": 501.997795641025, ""weight_trajectory"": 2988.01322615385, ""weight_goal"": 1000.0, ""Q"": [[2988.01322615385, 0.0, 0.0, 0.0], [0.0, 0.0, 0.0, 0.0], [0.0, 0.0, 2988.01322615385, 0.0], [0.0, 0.0, 0.0, 0.0]], ""R"": [[501.997795641025, 0.0], [0.0, 501.997795641025]], ""P"": [[1000.0, 0.0, 0.0, 0.0], [0.0, 100000.0, 0.0, 0.0], [0.0, 0.0, 1000.0, 0.0], [0.0, 0.0, 0.0, 100000.0]]}","[0.014908028882384475, -0.000318491708295185, 0.0]",False
3,P01,c0150e75-d12d-467e-96b2-81d06399c7ad,27,1,haply,mpc,seeded_random,3975743691,persist_session,10.0,23.129157867431644,4215.606063084,0,1785827204.403361,282,True,normal,adaptive,-0.08,-0.08,0.0,0.08,-0.08,0.0,-0.0775884471,-0.0794969999999999,0.0,0.0062246593,-0.16110437,0.15329792,0.009083105,0.0032223014,0.004206266,"[0.7927310371468641, 2.683766483190469, 0.0, 0.0, 0.0, 0.0, 2.185667715868378, -0.3829051177278039]","[0.2707035978889642, -0.007094746762202766, 0.0]","{""Controller Type"": ""MPC Controller"", ""weight_comfort"": 501.997795641025, ""weight_trajectory"": 2988.01322615385, ""weight_goal"": 1000.0, ""Q"": [[2988.01322615385, 0.0, 0.0, 0.0], [0.0, 0.0, 0.0, 0.0], [0.0, 0.0, 2988.01322615385, 0.0], [0.0, 0.0, 0.0, 0.0]], ""R"": [[501.997795641025, 0.0], [0.0, 501.997795641025]], ""P"": [[1000.0, 0.0, 0.0, 0.0], [0.0, 100000.0, 0.0, 0.0], [0.0, 0.0, 1000.0, 0.0], [0.0, 0.0, 0.0, 100000.0]]}","[0.016471838746403854, -0.000796157517812031, 0.0]",False
3,P01,c0150e75-d12d-467e-96b2-81d06399c7ad,27,1,haply,mpc,seeded_random,3975743691,persist_session,10.0,23.13897785186768,4215.615877634,0,1785827204.413531,283,True,normal,adaptive,-0.08,-0.08,0.0,0.08,-0.08,0.0,-0.0767518521,-0.0793986199999999,0.0,0.0065087182,-0.16101477,0.15340036,0.011728973,0.0036451148,0.0044919415,"[1.060502071941161, 2.760722355840447, 0.0, 0.0, 0.0, 0.0, 2.187533879893244, -0.38499038447558565]","[0.3933359982879797, -0.005039768984200382, 0.0]","{""Controller Type"": ""MPC Controller"", ""weight_comfort"": 505.48599319686184, ""weight_trajectory"": 2967.084040818829, ""weight_goal"": 1000.0, ""Q"": [[2967.084040818829, 0.0, 0.0, 0.0], [0.0, 0.0, 0.0, 0.0], [0.0, 0.0, 2967.084040818829, 0.0], [0.0, 0.0, 0.0, 0.0]], ""R"": [[505.48599319686184, 0.0], [0.0, 505.48599319686184]], ""P"": [[1000.0, 0.0, 0.0, 0.0], [0.0, 100000.0, 0.0, 0.0], [0.0, 0.0, 1000.0, 0.0], [0.0, 0.0, 0.0, 100000.0]]}","[0.019482143656272526, -0.0005006297925578881, 0.0]",False
3,P01,c0150e75-d12d-467e-96b2-81d06399c7ad,27,1,haply,mpc,seeded_random,3975743691,persist_session,10.0,23.149108495712284,4215.626013345,0,1785827204.4233828,284,True,normal,adaptive,-0.08,-0.08,0.0,0.08,-0.08,0.0,-0.0758996754,-0.0791937399999999,0.0,0.006866111,-0.16088142,0.15355478,0.014870277,0.004201666,0.004949189,"[1.0633185803638903, 2.7616458320107875, 0.0, 0.0, 0.0, 0.0, 2.1800530892529486, -0.3763931626219865]","[0.40465483238260014, -0.009585321107521872, 0.0]","{""Controller Type"": ""MPC Controller"", ""weight_comfort"": 505.48599319686184, ""weight_trajectory"": 2967.084040818829, ""weight_goal"": 1000.0, ""Q"": [[2967.084040818829, 0.0, 0.0, 0.0], [0.0, 0.0, 0.0, 0.0], [0.0, 0.0, 2967.084040818829, 0.0], [0.0, 0.0, 0.0, 0.0]], ""R"": [[505.48599319686184, 0.0], [0.0, 505.48599319686184]], ""P"": [[1000.0, 0.0, 0.0, 0.0], [0.0, 100000.0, 0.0, 0.0], [0.0, 0.0, 1000.0, 0.0], [0.0, 0.0, 0.0, 100000.0]]}","[0.023487259251432052, -0.001209529114038752, 0.0]",False
3,P01,c0150e75-d12d-467e-96b2-81d06399c7ad,27,1,haply,mpc,seeded_random,3975743691,persist_session,10.0,23.159060325622562,4215.635972831,0,1785827204.433438,285,True,normal,adaptive,-0.08,-0.08,0.0,0.08,-0.08,0.0,-0.0748274969999999,-0.0788848999999999,0.0,0.0072860466,-0.16078654,0.15365478,0.017899144,0.0050677555,0.0058151404,"[1.2167523641771123, 2.8419827032419485, 0.0, 0.0, 0.0, 0.0, 2.170390910025108, -0.36525489752751694]","[0.4914220759784812, -0.013638692900278332, 0.0]","{""Controller Type"": ""MPC Controller"", ""weight_comfort"": 505.48599319686184, ""weight_trajectory"": 2967.084040818829, ""weight_goal"": 1000.0, ""Q"": [[2967.084040818829, 0.0, 0.0, 0.0], [0.0, 0.0, 0.0, 0.0], [0.0, 0.0, 2967.084040818829, 0.0], [0.0, 0.0, 0.0, 0.0]], ""R"": [[505.48599319686184, 0.0], [0.0, 505.48599319686184]], ""P"": [[1000.0, 0.0, 0.0, 0.0], [0.0, 100000.0, 0.0, 0.0], [0.0, 0.0, 1000.0, 0.0], [0.0, 0.0, 0.0, 100000.0]]}","[0.028881745195394055, -0.002291588101061091, 0.0]",False
3,P01,c0150e75-d12d-467e-96b2-81d06399c7ad,27,1,haply,mpc,seeded_random,3975743691,persist_session,10.0,23.169096555709842,4215.646004496,0,1785827204.4432876,286,True,normal,adaptive,-0.08,-0.08,0.0,0.08,-0.08,0.0,-0.0735676902,-0.0786849,0.0,0.007642501,-0.16065127,0.15380885,0.021133116,0.0060648476,0.0068351026,"[1.3628937497822995, 2.9537254565981237, 0.0, 0.0, 0.0, 0.0, 2.177469920382143, -0.3731411457307158]","[0.5870927955089895, -0.010440408082412447, 0.0]","{""Controller Type"": ""MPC Controller"", ""weight_comfort"": 506.59152791226023, ""weight_trajectory"": 2960.4508325264383, ""weight_goal"": 1000.0, ""Q"": [[2960.4508325264383, 0.0, 0.0, 0.0], [0.0, 0.0, 0.0, 0.0], [0.0, 0.0, 2960.4508325264383, 0.0], [0.0, 0.0, 0.0, 0.0]], ""R"": [[506.59152791226023, 0.0], [0.0, 506.59152791226023]], ""P"": [[1000.0, 0.0, 0.0, 0.0], [0.0, 100000.0, 0.0, 0.0], [0.0, 0.0, 1000.0, 0.0], [0.0, 0.0, 0.0, 100000.0]]}","[0.036873092885633604, -0.0022786928422060923, 0.0]",False
3,P01,c0150e75-d12d-467e-96b2-81d06399c7ad,27,1,haply,mpc,seeded_random,3975743691,persist_session,10.0,23.17909368515015,4215.655989089,0,1785827204.453474,287,True,normal,adaptive,-0.08,-0.08,0.0,0.08,-0.08,0.0,-0.072498327,-0.0783767599999999,0.0,0.008071636,-0.16047113,0.15401451,0.024834761,0.007357432,0.00818399,"[1.101725992994185, 2.8183888970933, 0.0, 0.0, 0.0, 0.0, 2.1676912248364055, -0.3621046162824943]","[0.46388345231327555, -0.014472361175875186, 0.0]","{""Controller Type"": ""MPC Controller"", ""weight_comfort"": 506.59152791226023, ""weight_trajectory"": 2960.4508325264383, ""weight_goal"": 1000.0, ""Q"": [[2960.4508325264383, 0.0, 0.0, 0.0], [0.0, 0.0, 0.0, 0.0], [0.0, 0.0, 2960.4508325264383, 0.0], [0.0, 0.0, 0.0, 0.0]], ""R"": [[506.59152791226023, 0.0], [0.0, 506.59152791226023]], ""P"": [[1000.0, 0.0, 0.0, 0.0], [0.0, 100000.0, 0.0, 0.0], [0.0, 0.0, 1000.0, 0.0], [0.0, 0.0, 0.0, 100000.0]]}","[0.049747776496374956, -0.004214019735709367, 0.0]",False
3,P01,c0150e75-d12d-467e-96b2-81d06399c7ad,27,1,haply,mpc,seeded_random,3975743691,persist_session,10.0,23.1891222858429,4215.666029359,0,1785827204.4633412,288,True,normal,adaptive,-0.08,-0.08,0.0,0.08,-0.08,0.0,-0.071210922,-0.07796544,0.0,0.008563124,-0.16032873,0.15416585,0.028583972,0.008687563,0.009556977,"[1.2748180263580953, 2.961503415332893, 0.0, 0.0, 0.0, 0.0, 2.1518169343070257, -0.34408386625769355]","[0.5791635289378979, -0.01872135039080877, 0.0]","{""Controller Type"": ""MPC Controller"", ""weight_comfort"": 506.59152791226023, ""weight_trajectory"": 2960.4508325264383, ""weight_goal"": 1000.0, ""Q"": [[2960.4508325264383, 0.0, 0.0, 0.0], [0.0, 0.0, 0.0, 0.0], [0.0, 0.0, 2960.4508325264383, 0.0], [0.0, 0.0, 0.0, 0.0]], ""R"": [[506.59152791226023, 0.0], [0.0, 506.59152791226023]], ""P"": [[1000.0, 0.0, 0.0, 0.0], [0.0, 100000.0, 0.0, 0.0], [0.0, 0.0, 1000.0, 0.0], [0.0, 0.0, 0.0, 100000.0]]}","[0.06309429005512357, -0.007761824690542928, 0.0]",False
3,P01,c0150e75-d12d-467e-96b2-81d06399c7ad,27,1,haply,mpc,seeded_random,3975743691,persist_session,10.0,23.19911297798157,4215.67602191,0,1785827204.473407,289,True,normal,adaptive,-0.08,-0.08,0.0,0.08,-0.08,0.0,-0.069736458,-0.07766276,0.0,0.009058724,-0.16014308,0.15436968,0.032045692,0.010008268,0.010901163,"[1.3491655974206191, 3.040843558753349, 0.0, 0.0, 0.0, 0.0, 2.1635286223863184, -0.3569402183170295]","[0.6474500467106354, -0.01578993384173489, 0.0]","{""Controller Type"": ""MPC Controller"", ""weight_comfort"": 505.95850398612976, ""weight_trajectory"": 2964.2489760832214, ""weight_goal"": 1000.0, ""Q"": [[2964.2489760832214, 0.0, 0.0, 0.0], [0.0, 0.0, 0.0, 0.0], [0.0, 0.0, 2964.2489760832214, 0.0], [0.0, 0.0, 0.0, 0.0]], ""R"": [[505.95850398612976, 0.0], [0.0, 505.95850398612976]], ""P"": [[1000.0, 0.0, 0.0, 0.0], [0.0, 100000.0, 0.0, 0.0], [0.0, 0.0, 1000.0, 0.0], [0.0, 0.0, 0.0, 100000.0]]}","[0.08498134235906794, -0.00880295263677666, 0.0]",False
3,P01,c0150e75-d12d-467e-96b2-81d06399c7ad,27,1,haply,mpc,seeded_random,3975743691,persist_session,10.0,23.209105577468875,4215.686011427,0,1785827204.4835055,290,True,normal,adaptive,-0.08,-0.08,0.0,0.08,-0.08,0.0,-0.068249658,-0.0772550999999999,0.0,0.009616646,-0.1599945,0.15451923,0.03551442,0.0112902,0.012161707,"[1.3067589162153563, 2.9941505403117277, 0.0, 0.0, 0.0, 0.0, 2.149424783817648, -0.3412865775421027]","[0.6345565699154421, -0.019677197658363177, 0.0]","{""Controller Type"": ""MPC Controller"", ""weight_comfort"": 505.95850398612976, ""weight_trajectory"": 2964.2489760832214, ""weight_goal"": 1000.0, ""Q"": [[2964.2489760832214, 0.0, 0.0, 0.0], [0.0, 0.0, 0.0, 0.0], [0.0, 0.0, 2964.2489760832214, 0.0], [0.0, 0.0, 0.0, 0.0]], ""R"": [[505.95850398612976, 0.0], [0.0, 505.95850398612976]], ""P"": [[1000.0, 0.0, 0.0, 0.0], [0.0, 100000.0, 0.0, 0.0], [0.0, 0.0, 1000.0, 0.0], [0.0, 0.0, 0.0, 100000.0]]}","[0.1188756984992719, -0.016242533962612347, 0.0]",False
3,P01,c0150e75-d12d-467e-96b2-81d06399c7ad,27,1,haply,mpc,seeded_random,3975743691,persist_session,10.0,23.21907123565674,4215.695983903,0,1785827204.4934337,291,True,normal,adaptive,-0.08,-0.08,0.0,0.08,-0.08,0.0,-0.066575892,-0.0769559999999999,0.0,0.0102461595,-0.15979886,0.15472002,0.03910783,0.012443092,0.013205815,"[1.4008160113015544, 3.1361070938502853, 0.0, 0.0, 0.0, 0.0, 2.1603550821294335, -0.35298582134749185]","[0.7340442027761869, -0.017210507072738242, 0.0]","{""Controller Type"": ""MPC Controller"", ""weight_comfort"": 505.95850398612976, ""weight_trajectory"": 2964.2489760832214, ""weight_goal"": 1000.0, ""Q"": [[2964.2489760832214, 0.0, 0.0, 0.0], [0.0, 0.0, 0.0, 0.0], [0.0, 0.0, 2964.2489760832214, 0.0], [0.0, 0.0, 0.0, 0.0]], ""R"": [[505.95850398612976, 0.0], [0.0, 505.95850398612976]], ""P"": [[1000.0, 0.0, 0.0, 0.0], [0.0, 100000.0, 0.0, 0.0], [0.0, 0.0, 1000.0, 0.0], [0.0, 0.0, 0.0, 100000.0]]}","[0.16305713691900192, -0.019941565523282336, 0.0]",False
3,P01,c0150e75-d12d-467e-96b2-81d06399c7ad,27,1,haply,mpc,seeded_random,3975743691,persist_session,10.0,23.22906240463257,4215.705973851,0,1785827204.5033906,292,True,normal,adaptive,-0.08,-0.08,0.0,0.08,-0.08,0.0,-0.0646873515,-0.0765544199999999,0.0,0.010933437,-0.15968092,0.15481408,0.04302644,0.013494066,0.01404428,"[1.4736036951203293, 3.2846222015959867, 0.0, 0.0, 0.0, 0.0, 2.145687383411072, -0.33702117160722544]","[0.8362001914867712, -0.0209855791377435, 0.0]","{""Controller Type"": ""MPC Controller"", ""weight_comfort"": 505.41482284976627, ""weight_trajectory"": 2967.5110629014025, ""weight_goal"": 1000.0, ""Q"": [[2967.5110629014025, 0.0, 0.0, 0.0], [0.0, 0.0, 0.0, 0.0], [0.0, 0.0, 2967.5110629014025, 0.0], [0.0, 0.0, 0.0, 0.0]], ""R"": [[505.41482284976627, 0.0], [0.0, 505.41482284976627]], ""P"": [[1000.0, 0.0, 0.0, 0.0], [0.0, 100000.0, 0.0, 0.0], [0.0, 0.0, 1000.0, 0.0], [0.0, 0.0, 0.0, 100000.0]]}","[0.23118473955060875, -0.03904755044742808, 0.0]",False
3,P01,c0150e75-d12d-467e-96b2-81d06399c7ad,27,1,haply,mpc,seeded_random,3975743691,persist_session,10.0,23.2390592956543,4215.715971238,0,1785827204.5134623,293,True,normal,adaptive,-0.08,-0.08,0.0,0.08,-0.08,0.0,-0.062625519,-0.0763663,0.0,0.011628416,-0.15947619,0.15501295,0.04698451,0.014293811,0.014516252,"[1.502580340268412, 3.3590896993725363, 0.0, 0.0, 0.0, 0.0, 2.1623901201612843, -0.3533954141730451]","[0.9019601096613368, -0.014458188465152459, 0.0]","{""Controller Type"": ""MPC Controller"", ""weight_comfort"": 505.41482284976627, ""weight_trajectory"": 2967.5110629014025, ""weight_goal"": 1000.0, ""Q"": [[2967.5110629014025, 0.0, 0.0, 0.0], [0.0, 0.0, 0.0, 0.0], [0.0, 0.0, 2967.5110629014025, 0.0], [0.0, 0.0, 0.0, 0.0]], ""R"": [[505.41482284976627, 0.0], [0.0, 505.41482284976627]], ""P"": [[1000.0, 0.0, 0.0, 0.0], [0.0, 100000.0, 0.0, 0.0], [0.0, 0.0, 1000.0, 0.0], [0.0, 0.0, 0.0, 100000.0]]}","[0.33891300132782404, -0.03856297369072865, 0.0]",False
3,P01,c0150e75-d12d-467e-96b2-81d06399c7ad,27,1,haply,mpc,seeded_random,3975743691,persist_session,10.0,23.249081697463993,4215.725985347,0,1785827204.5234282,294,True,normal,adaptive,-0.08,-0.08,0.0,0.08,-0.08,0.0,-0.0605405819999999,-0.0759685599999999,0.0,0.012317915,-0.15931046,0.15515879,0.05129384,0.014986494,0.014767192,"[1.4826715547175102, 3.302468431780614, 0.0, 0.0, 0.0, 0.0, 2.131620062094707, -0.32045963286376955]","[0.899275589376311, -0.021383076622666003, 0.0]","{""Controller Type"": ""MPC Controller"", ""weight_comfort"": 505.41482284976627, ""weight_trajectory"": 2967.5110629014025, ""weight_goal"": 1000.0, ""Q"": [[2967.5110629014025, 0.0, 0.0, 0.0], [0.0, 0.0, 0.0, 0.0], [0.0, 0.0, 2967.5110629014025, 0.0], [0.0, 0.0, 0.0, 0.0]], ""R"": [[505.41482284976627, 0.0], [0.0, 505.41482284976627]], ""P"": [[1000.0, 0.0, 0.0, 0.0], [0.0, 100000.0, 0.0, 0.0], [0.0, 0.0, 1000.0, 0.0], [0.0, 0.0, 0.0, 100000.0]]}","[0.5008312375714647, -0.09816726974448838, 0.0]",False
3,P01,c0150e75-d12d-467e-96b2-81d06399c7ad,27,1,haply,mpc,seeded_random,3975743691,persist_session,10.0,23.259139385223392,4215.736039706,0,1785827204.5333695,295,True,normal,adaptive,-0.08,-0.08,0.0,0.08,-0.08,0.0,-0.058472085,-0.07567688,0.0,0.013073905,-0.15913734,0.15530325,0.05550522,0.015626047,0.014913506,"[1.441882905054013, 3.183214051975853, 0.0, 0.0, 0.0, 0.0, 2.1435244211575144, -0.3326285071346998]","[0.8619926778356661, -0.019026070475914546, 0.0]","{""Controller Type"": ""MPC Controller"", ""weight_comfort"": 505.79549959192315, ""weight_trajectory"": 2965.227002448461, ""weight_goal"": 1000.0, ""Q"": [[2965.227002448461, 0.0, 0.0, 0.0], [0.0, 0.0, 0.0, 0.0], [0.0, 0.0, 2965.227002448461, 0.0], [0.0, 0.0, 0.0, 0.0]], ""R"": [[505.79549959192315, 0.0], [0.0, 505.79549959192315]], ""P"": [[1000.0, 0.0, 0.0, 0.0], [0.0, 100000.0, 0.0, 0.0], [0.0, 0.0, 1000.0, 0.0], [0.0, 0.0, 0.0, 100000.0]]}","[0.7230930996073767, -0.12178156968866519, 0.0]",False
3,P01,c0150e75-d12d-467e-96b2-81d06399c7ad,27,1,haply,mpc,seeded_random,3975743691,persist_session,10.0,23.26918920516968,4215.746081841,0,1785827204.543443,296,True,normal,adaptive,-0.08,-0.08,0.0,0.08,-0.08,0.0,-0.056204115,-0.0753879599999999,0.0,0.013963697,-0.15895115,0.1554449,0.05996083,0.016312726,0.014998015,"[1.4669802292833236, 3.283547028412104, 0.0, 0.0, 0.0, 0.0, 2.1440483235803365, -0.33315743675906684]","[0.9390793839264334, -0.019443862124050033, 0.0]","{""Controller Type"": ""MPC Controller"", ""weight_comfort"": 505.79549959192315, ""weight_trajectory"": 2965.227002448461, ""weight_goal"": 1000.0, ""Q"": [[2965.227002448461, 0.0, 0.0, 0.0], [0.0, 0.0, 0.0, 0.0], [0.0, 0.0, 2965.227002448461, 0.0], [0.0, 0.0, 0.0, 0.0]], ""R"": [[505.79549959192315, 0.0], [0.0, 505.79549959192315]], ""P"": [[1000.0, 0.0, 0.0, 0.0], [0.0, 100000.0, 0.0, 0.0], [0.0, 0.0, 1000.0, 0.0], [0.0, 0.0, 0.0, 100000.0]]}","[0.9543125662074657, -0.1783764735172494, 0.0]",False
3,P01,c0150e75-d12d-467e-96b2-81d06399c7ad,27,1,haply,mpc,seeded_random,3975743691,persist_session,10.0,23.279181327819828,4215.756079439,0,1785827204.553404,297,True,normal,adaptive,-0.08,-0.08,0.0,0.08,-0.08,0.0,-0.053534739,-0.0751046599999999,0.0,0.014926398,-0.15867054,0.15568924,0.06466504,0.017114624,0.015121234,"[1.5159050249633301, 3.78420890884061, 0.0, 0.0, 0.0, 0.0, 2.1440968054969267, -0.33320588925371136]","[1.2165155711159237, -0.01997264275946639, 0.0]","{""Controller Type"": ""MPC Controller"", ""weight_comfort"": 505.79549959192315, ""weight_trajectory"": 2965.227002448461, ""weight_goal"": 1000.0, ""Q"": [[2965.227002448461, 0.0, 0.0, 0.0], [0.0, 0.0, 0.0, 0.0], [0.0, 0.0, 2965.227002448461, 0.0], [0.0, 0.0, 0.0, 0.0]], ""R"": [[505.79549959192315, 0.0], [0.0, 505.79549959192315]], ""P"": [[1000.0, 0.0, 0.0, 0.0], [0.0, 100000.0, 0.0, 0.0], [0.0, 0.0, 1000.0, 0.0], [0.0, 0.0, 0.0, 100000.0]]}","[1.077888478745351, -0.2564350541752423, 0.0]",False
3,P01,c0150e75-d12d-467e-96b2-81d06399c7ad,27,1,haply,mpc,seeded_random,3975743691,persist_session,10.0,23.28905018806458,4215.765955627,0,1785827204.563423,298,True,normal,adaptive,-0.08,-0.08,0.0,0.08,-0.08,0.0,-0.050646636,-0.0746159799999999,0.0,0.015950512,-0.15842076,0.15587948,0.06982085,0.01810462,0.015333075,"[1.5202209353488851, 3.904552280655102, 0.0, 0.0, 0.0, 0.0, 2.1074835641372913, -0.29439349275132354]","[1.3241945333500065, -0.025706464270030222, 0.0]","{""Controller Type"": ""MPC Controller"", ""weight_comfort"": 502.01410910570775, ""weight_trajectory"": 2987.9153453657536, ""weight_goal"": 1000.0, ""Q"": [[2987.9153453657536, 0.0, 0.0, 0.0], [0.0, 0.0, 0.0, 0.0], [0.0, 0.0, 2987.9153453657536, 0.0], [0.0, 0.0, 0.0, 0.0]], ""R"": [[502.01410910570775, 0.0], [0.0, 502.01410910570775]], ""P"": [[1000.0, 0.0, 0.0, 0.0], [0.0, 100000.0, 0.0, 0.0], [0.0, 0.0, 1000.0, 0.0], [0.0, 0.0, 0.0, 100000.0]]}","[1.1910006016848593, -0.47870264407199825, 0.0]",False
3,P01,c0150e75-d12d-467e-96b2-81d06399c7ad,27,1,haply,mpc,seeded_random,3975743691,persist_session,10.0,23.29910429954529,4215.776015266,0,1785827204.5737145,299,True,normal,adaptive,-0.08,-0.08,0.0,0.08,-0.08,0.0,-0.047574294,-0.0742355,0.0,0.016972207,-0.15816455,0.15606901,0.07505814,0.019225232,0.015595633,"[1.520214119618439, 3.8450774184067806, 0.0, 0.0, 0.0, 0.0, 2.1238861656375567, -0.3110268278701629]","[1.3417837546754876, -0.023741549975772255, 0.0]","{""Controller Type"": ""MPC Controller"", ""weight_comfort"": 502.01410910570775, ""weight_trajectory"": 2987.9153453657536, ""weight_goal"": 1000.0, ""Q"": [[2987.9153453657536, 0.0, 0.0, 0.0], [0.0, 0.0, 0.0, 0.0], [0.0, 0.0, 2987.9153453657536, 0.0], [0.0, 0.0, 0.0, 0.0]], ""R"": [[502.01410910570775, 0.0], [0.0, 502.01410910570775]], ""P"": [[1000.0, 0.0, 0.0, 0.0], [0.0, 100000.0, 0.0, 0.0], [0.0, 0.0, 1000.0, 0.0], [0.0, 0.0, 0.0, 100000.0]]}","[1.2455994343775316, -0.4876814088667269, 0.0]",False
3,P01,c0150e75-d12d-467e-96b2-81d06399c7ad,27,1,haply,mpc,seeded_random,3975743691,persist_session,10.0,23.30905636787415,4215.785967985,0,1785827204.5833666,300,True,normal,adaptive,-0.08,-0.08,0.0,0.08,-0.08,0.0,-0.044509209,-0.0738564399999999,0.0,0.018055933,-0.15795323,0.1562907,0.080756545,0.020727063,0.016171006,"[1.5155473701664681, 3.939702875304054, 0.0, 0.0, 0.0, 0.0, 2.1197923069713, -0.30687732480795415]","[1.4397721119668025, -0.025074797141286014, 0.0]","{""Controller Type"": ""MPC Controller"", ""weight_comfort"": 502.01410910570775, ""weight_trajectory"": 2987.9153453657536, ""weight_goal"": 1000.0, ""Q"": [[2987.9153453657536, 0.0, 0.0, 0.0], [0.0, 0.0, 0.0, 0.0], [0.0, 0.0, 2987.9153453657536, 0.0], [0.0, 0.0, 0.0, 0.0]], ""R"": [[502.01410910570775, 0.0], [0.0, 502.01410910570775]], ""P"": [[1000.0, 0.0, 0.0, 0.0], [0.0, 100000.0, 0.0, 0.0], [0.0, 0.0, 1000.0, 0.0], [0.0, 0.0, 0.0, 100000.0]]}","[1.1062544988959402, -0.5663802992506697, 0.0]",False
3,P01,c0150e75-d12d-467e-96b2-81d06399c7ad,27,1,haply,mpc,seeded_random,3975743691,persist_session,10.0,23.319104757308963,4215.795994584,0,1785827204.5938709,301,True,normal,adaptive,-0.08,-0.08,0.0,0.08,-0.08,0.0,-0.041258031,-0.0734130599999999,0.0,0.019139957,-0.15767689,0.1564775,0.08640944,0.022302203,0.016785992,"[1.5324565256126632, 3.5999746527121483, 0.0, 0.0, 0.0, 0.0, 2.1146824186461575, -0.30169615629243807]","[1.3000538642552497, -0.02666375995186341, 0.0]","{""Controller Type"": ""MPC Controller"", ""weight_comfort"": 503.9435172279136, ""weight_trajectory"": 2976.3388966325183, ""weight_goal"": 1000.0, ""Q"": [[2976.3388966325183, 0.0, 0.0, 0.0], [0.0, 0.0, 0.0, 0.0], [0.0, 0.0, 2976.3388966325183, 0.0], [0.0, 0.0, 0.0, 0.0]], ""R"": [[503.9435172279136, 0.0], [0.0, 503.9435172279136]], ""P"": [[1000.0, 0.0, 0.0, 0.0], [0.0, 100000.0, 0.0, 0.0], [0.0, 0.0, 1000.0, 0.0], [0.0, 0.0, 0.0, 100000.0]]}","[1.126385376729327, -0.6370301456932201, 0.0]",False
3,P01,c0150e75-d12d-467e-96b2-81d06399c7ad,27,1,haply,mpc,seeded_random,3975743691,persist_session,10.0,23.3292795085907,4215.806182854,0,1785827204.603479,302,True,normal,adaptive,-0.08,-0.08,0.0,0.08,-0.08,0.0,-0.038005959,-0.07303946,0.0,0.02028858,-0.15740098,0.15674818,0.09144807,0.023771426,0.017306674,"[1.5018580757482065, 3.8694948694981326, 0.0, 0.0, 0.0, 0.0, 2.119777275995401, -0.3067567030089555]","[1.4869855379506771, -0.026683061226409278, 0.0]","{""Controller Type"": ""MPC Controller"", ""weight_comfort"": 503.9435172279136, ""weight_trajectory"": 2976.3388966325183, ""weight_goal"": 1000.0, ""Q"": [[2976.3388966325183, 0.0, 0.0, 0.0], [0.0, 0.0, 0.0, 0.0], [0.0, 0.0, 2976.3388966325183, 0.0], [0.0, 0.0, 0.0, 0.0]], ""R"": [[503.9435172279136, 0.0], [0.0, 503.9435172279136]], ""P"": [[1000.0, 0.0, 0.0, 0.0], [0.0, 100000.0, 0.0, 0.0], [0.0, 0.0, 1000.0, 0.0], [0.0, 0.0, 0.0, 100000.0]]}","[0.780409418994336, -0.6351918850127644, 0.0]",False
3,P01,c0150e75-d12d-467e-96b2-81d06399c7ad,27,1,haply,mpc,seeded_random,3975743691,persist_session,10.0,23.33914360046387,4215.816056381,0,1785827204.6135716,303,True,normal,adaptive,-0.08,-0.08,0.0,0.08,-0.08,0.0,-0.03456009,-0.0724981,0.0,0.02143047,-0.15720227,0.15691458,0.09626712,0.02516238,0.017665822,"[1.527652062626568, 3.6759020352018092, 0.0, 0.0, 0.0, 0.0, 2.0889817535257764, -0.2750515217882118]","[1.430007449034238, -0.030424357056314237, 0.0]","{""Controller Type"": ""MPC Controller"", ""weight_comfort"": 503.9435172279136, ""weight_trajectory"": 2976.3388966325183, ""weight_goal"": 1000.0, ""Q"": [[2976.3388966325183, 0.0, 0.0, 0.0], [0.0, 0.0, 0.0, 0.0], [0.0, 0.0, 2976.3388966325183, 0.0], [0.0, 0.0, 0.0, 0.0]], ""R"": [[503.9435172279136, 0.0], [0.0, 503.9435172279136]], ""P"": [[1000.0, 0.0, 0.0, 0.0], [0.0, 100000.0, 0.0, 0.0], [0.0, 0.0, 1000.0, 0.0], [0.0, 0.0, 0.0, 100000.0]]}","[0.6488080885562308, -0.7986790596270356, 0.0]",False
3,P01,c0150e75-d12d-467e-96b2-81d06399c7ad,27,1,haply,mpc,seeded_random,3975743691,persist_session,10.0,23.3490823173523,4215.825983027,0,1785827204.623655,304,True,normal,adaptive,-0.08,-0.08,0.0,0.08,-0.08,0.0,-0.03113442,-0.0721652999999999,0.0,0.02270417,-0.15697894,0.15707783,0.100721315,0.026453154,0.017825807,"[1.5632280495954645, 3.4329569112944736, 0.0, 0.0, 0.0, 0.0, 2.1188779503476463, -0.30335597502127953]","[1.340015051246629, -0.02661292159679686, 0.0]","{""Controller Type"": ""MPC Controller"", ""weight_comfort"": 503.9435172279136, ""weight_trajectory"": 2976.3388966325183, ""weight_goal"": 1000.0, ""Q"": [[2976.3388966325183, 0.0, 0.0, 0.0], [0.0, 0.0, 0.0, 0.0], [0.0, 0.0, 2976.3388966325183, 0.0], [0.0, 0.0, 0.0, 0.0]], ""R"": [[503.9435172279136, 0.0], [0.0, 503.9435172279136]], ""P"": [[1000.0, 0.0, 0.0, 0.0], [0.0, 100000.0, 0.0, 0.0], [0.0, 0.0, 1000.0, 0.0], [0.0, 0.0, 0.0, 100000.0]]}","[0.5541934448922269, -0.6272328146797433, 0.0]",False
3,P01,c0150e75-d12d-467e-96b2-81d06399c7ad,27,1,haply,mpc,seeded_random,3975743691,persist_session,10.0,23.359106626510624,4215.835986123,0,1785827204.6340375,305,True,normal,adaptive,-0.08,-0.08,0.0,0.08,-0.08,0.0,-0.02731332,-0.0718387999999999,0.0,0.023840955,-0.15680625,0.15719151,0.1042086,0.027406776,0.017707558,"[1.5632280495954645, 3.4329569112944736, 0.0, 0.0, 0.0, 0.0, 2.1188779503476463, -0.30335597502127953]","[1.340015051246629, -0.02661292159679686, 0.0]","{""Controller Type"": ""MPC Controller"", ""weight_comfort"": 505.19791768167875, ""weight_trajectory"": 2968.812493909927, ""weight_goal"": 1000.0, ""Q"": [[2968.812493909927, 0.0, 0.0, 0.0], [0.0, 0.0, 0.0, 0.0], [0.0, 0.0, 2968.812493909927, 0.0], [0.0, 0.0, 0.0, 0.0]], ""R"": [[505.19791768167875, 0.0], [0.0, 505.19791768167875]], ""P"": [[1000.0, 0.0, 0.0, 0.0], [0.0, 100000.0, 0.0, 0.0], [0.0, 0.0, 1000.0, 0.0], [0.0, 0.0, 0.0, 100000.0]]}","[0.16807158995270083, -0.627917028902934, 0.0]",False
3,P01,c0150e75-d12d-467e-96b2-81d06399c7ad,27,1,haply,mpc,seeded_random,3975743691,persist_session,10.0,23.369081344604496,4215.845990874,0,1785827204.6434922,306,True,normal,adaptive,-0.08,-0.08,0.0,0.08,-0.08,0.0,-0.023902965,-0.0716114399999999,0.0,0.025044275,-0.15651572,0.15732066,0.10703303,0.027493674,0.0174645,"[1.5688120188733632, 3.4067916142481884, 0.0, 0.0, 0.0, 0.0, 2.1220239744948053, -0.3062021475162306]","[1.4049200894593432, -0.026349997784148815, 0.0]","{""Controller Type"": ""MPC Controller"", ""weight_comfort"": 505.19791768167875, ""weight_trajectory"": 2968.812493909927, ""weight_goal"": 1000.0, ""Q"": [[2968.812493909927, 0.0, 0.0, 0.0], [0.0, 0.0, 0.0, 0.0], [0.0, 0.0, 2968.812493909927, 0.0], [0.0, 0.0, 0.0, 0.0]], ""R"": [[505.19791768167875, 0.0], [0.0, 505.19791768167875]], ""P"": [[1000.0, 0.0, 0.0, 0.0], [0.0, 100000.0, 0.0, 0.0], [0.0, 0.0, 1000.0, 0.0], [0.0, 0.0, 0.0, 100000.0]]}","[0.122669271870055, -0.5694321968495493, 0.0]",False
3,P01,c0150e75-d12d-467e-96b2-81d06399c7ad,27,1,haply,mpc,seeded_random,3975743691,persist_session,10.0,23.379141893386844,4215.856043983,0,1785827204.6535988,307,True,normal,adaptive,-0.08,-0.08,0.0,0.08,-0.08,0.0,-0.020293005,-0.0713531399999999,0.0,0.02617763,-0.15632674,0.15743344,0.10919416,0.02680751,0.017046254,"[1.6381579577192757, 3.0920384016993827, 0.0, 0.0, 0.0, 0.0, 2.1247559497023323, -0.30861353622454996]","[1.2687399282275178, -0.026259903536327796, 0.0]","{""Controller Type"": ""MPC Controller"", ""weight_comfort"": 505.19791768167875, ""weight_trajectory"": 2968.812493909927, ""weight_goal"": 1000.0, ""Q"": [[2968.812493909927, 0.0, 0.0, 0.0], [0.0, 0.0, 0.0, 0.0], [0.0, 0.0, 2968.812493909927, 0.0], [0.0, 0.0, 0.0, 0.0]], ""R"": [[505.19791768167875, 0.0], [0.0, 505.19791768167875]], ""P"": [[1000.0, 0.0, 0.0, 0.0], [0.0, 100000.0, 0.0, 0.0], [0.0, 0.0, 1000.0, 0.0], [0.0, 0.0, 0.0, 100000.0]]}","[0.03561927375147958, -0.5940344851317545, 0.0]",False
3,P01,c0150e75-d12d-467e-96b2-81d06399c7ad,27,1,haply,mpc,seeded_random,3975743691,persist_session,10.0,23.389085617065433,4215.865986336,0,1785827204.6636534,308,True,normal,adaptive,-0.08,-0.08,0.0,0.08,-0.08,0.0,-0.01689294,-0.0711275799999999,0.0,0.027308298,-0.15611532,0.15746,0.11070677,0.026003674,0.015975064,"[1.6381579577192757, 3.0920384016993827, 0.0, 0.0, 0.0, 0.0, 2.1247559497023323, -0.30861353622454996]","[1.2687399282275178, -0.026259903536327796, 0.0]","{""Controller Type"": ""MPC Controller"", ""weight_comfort"": 505.19791768167875, ""weight_trajectory"": 2968.812493909927, ""weight_goal"": 1000.0, ""Q"": [[2968.812493909927, 0.0, 0.0, 0.0], [0.0, 0.0, 0.0, 0.0], [0.0, 0.0, 2968.812493909927, 0.0], [0.0, 0.0, 0.0, 0.0]], ""R"": [[505.19791768167875, 0.0], [0.0, 505.19791768167875]], ""P"": [[1000.0, 0.0, 0.0, 0.0], [0.0, 100000.0, 0.0, 0.0], [0.0, 0.0, 1000.0, 0.0], [0.0, 0.0, 0.0, 100000.0]]}","[0.09793800134177935, -0.5747300109754595, 0.0]",False
3,P01,c0150e75-d12d-467e-96b2-81d06399c7ad,27,1,haply,mpc,seeded_random,3975743691,persist_session,10.0,23.39906128883362,4215.875970299,0,1785827204.6733625,309,True,normal,adaptive,-0.08,-0.08,0.0,0.08,-0.08,0.0,-0.0135009359999999,-0.07107446,0.0,0.028437506,-0.15585306,0.1575376,0.11177035,0.02536892,0.014849571,"[1.7001210533415105, 2.8285048351435846, 0.0, 0.0, 0.0, 0.0, 2.1303147859275935, -0.3128602817648866]","[1.1310290653186346, -0.02342577848418244, 0.0]","{""Controller Type"": ""MPC Controller"", ""weight_comfort"": 509.8800780930675, ""weight_trajectory"": 2940.7195314415953, ""weight_goal"": 1000.0, ""Q"": [[2940.7195314415953, 0.0, 0.0, 0.0], [0.0, 0.0, 0.0, 0.0], [0.0, 0.0, 2940.7195314415953, 0.0], [0.0, 0.0, 0.0, 0.0]], ""R"": [[509.8800780930675, 0.0], [0.0, 509.8800780930675]], ""P"": [[1000.0, 0.0, 0.0, 0.0], [0.0, 100000.0, 0.0, 0.0], [0.0, 0.0, 1000.0, 0.0], [0.0, 0.0, 0.0, 100000.0]]}","[-0.11708466168644145, -0.4212209586773117, 0.0]",False
3,P01,c0150e75-d12d-467e-96b2-81d06399c7ad,27,1,haply,mpc,seeded_random,3975743691,persist_session,10.0,23.409128274917606,4215.886029803,0,1785827204.6833494,310,True,normal,adaptive,-0.08,-0.08,0.0,0.08,-0.08,0.0,-0.010113312,-0.0709192599999999,0.0,0.029564358,-0.15562607,0.15756343,0.112384655,0.024806902,0.013662282,"[1.7508371049122782, 2.6226602068875433, 0.0, 0.0, 0.0, 0.0, 2.12854352659843, -0.3114806719943573]","[1.0473785757044525, -0.024169166833454863, 0.0]","{""Controller Type"": ""MPC Controller"", ""weight_comfort"": 509.8800780930675, ""weight_trajectory"": 2940.7195314415953, ""weight_goal"": 1000.0, ""Q"": [[2940.7195314415953, 0.0, 0.0, 0.0], [0.0, 0.0, 0.0, 0.0], [0.0, 0.0, 2940.7195314415953, 0.0], [0.0, 0.0, 0.0, 0.0]], ""R"": [[509.8800780930675, 0.0], [0.0, 509.8800780930675]], ""P"": [[1000.0, 0.0, 0.0, 0.0], [0.0, 100000.0, 0.0, 0.0], [0.0, 0.0, 1000.0, 0.0], [0.0, 0.0, 0.0, 100000.0]]}","[-0.1398467954874395, -0.5172540238858082, 0.0]",False
3,P01,c0150e75-d12d-467e-96b2-81d06399c7ad,27,1,haply,mpc,seeded_random,3975743691,persist_session,10.0,23.419143762588504,4215.896047368,0,1785827204.6933675,311,True,normal,adaptive,-0.08,-0.08,0.0,0.08,-0.08,0.0,-0.006732756,-0.0708675999999999,0.0,0.03069293,-0.15546319,0.1577086,0.11274223,0.024666639,0.012610115,"[1.7911719950880283, 2.4687350761659657, 0.0, 0.0, 0.0, 0.0, 2.1361745835646953, -0.3160710057266071]","[0.9884143045777987, -0.021138271841149605, 0.0]","{""Controller Type"": ""MPC Controller"", ""weight_comfort"": 509.8800780930675, ""weight_trajectory"": 2940.7195314415953, ""weight_goal"": 1000.0, ""Q"": [[2940.7195314415953, 0.0, 0.0, 0.0], [0.0, 0.0, 0.0, 0.0], [0.0, 0.0, 2940.7195314415953, 0.0], [0.0, 0.0, 0.0, 0.0]], ""R"": [[509.8800780930675, 0.0], [0.0, 509.8800780930675]], ""P"": [[1000.0, 0.0, 0.0, 0.0], [0.0, 100000.0, 0.0, 0.0], [0.0, 0.0, 1000.0, 0.0], [0.0, 0.0, 0.0, 100000.0]]}","[-0.23500621893291151, -0.4243507127454183, 0.0]",False
3,P01,c0150e75-d12d-467e-96b2-81d06399c7ad,27,1,haply,mpc,seeded_random,3975743691,persist_session,10.0,23.42921265602112,4215.906109345,0,1785827204.703454,312,True,normal,adaptive,-0.08,-0.08,0.0,0.08,-0.08,0.0,-0.00334704,-0.0705772599999999,0.0,0.031752788,-0.1552902,0.15776932,0.11282178,0.024684768,0.011649626,"[1.830508689912271, 2.327388906455252, 0.0, 0.0, 0.0, 0.0, 2.1014113306270166, -0.2851698424039027]","[0.9337948062646236, -0.028009639642612986, 0.0]","{""Controller Type"": ""MPC Controller"", ""weight_comfort"": 509.8800780930675, ""weight_trajectory"": 2940.7195314415953, ""weight_goal"": 1000.0, ""Q"": [[2940.7195314415953, 0.0, 0.0, 0.0], [0.0, 0.0, 0.0, 0.0], [0.0, 0.0, 2940.7195314415953, 0.0], [0.0, 0.0, 0.0, 0.0]], ""R"": [[509.8800780930675, 0.0], [0.0, 509.8800780930675]], ""P"": [[1000.0, 0.0, 0.0, 0.0], [0.0, 100000.0, 0.0, 0.0], [0.0, 0.0, 1000.0, 0.0], [0.0, 0.0, 0.0, 100000.0]]}","[-0.23500621893291151, -0.4243507127454183, 0.0]",False
3,P01,c0150e75-d12d-467e-96b2-81d06399c7ad,27,1,haply,mpc,seeded_random,3975743691,persist_session,10.0,23.4391542339325,4215.916059988,0,1785827204.713379,313,True,normal,adaptive,-0.08,-0.08,0.0,0.08,-0.08,0.0,-0.000167466,-0.07045582,0.0,0.032880396,-0.15515539,0.15786253,0.11270344,0.024702253,0.010902909,"[1.905936517059772, 2.0526873819383358, 0.0, 0.0, 0.0, 0.0, 2.117652739316891, -0.2969606836408375]","[0.8104164153995017, -0.023844929098589908, 0.0]","{""Controller Type"": ""MPC Controller"", ""weight_comfort"": 513.8140476608896, ""weight_trajectory"": 2917.115714034662, ""weight_goal"": 1000.0, ""Q"": [[2917.115714034662, 0.0, 0.0, 0.0], [0.0, 0.0, 0.0, 0.0], [0.0, 0.0, 2917.115714034662, 0.0], [0.0, 0.0, 0.0, 0.0]], ""R"": [[513.8140476608896, 0.0], [0.0, 513.8140476608896]], ""P"": [[1000.0, 0.0, 0.0, 0.0], [0.0, 100000.0, 0.0, 0.0], [0.0, 0.0, 1000.0, 0.0], [0.0, 0.0, 0.0, 100000.0]]}","[-0.2974401921232711, -0.5037445814626426, 0.0]",False
3,P01,c0150e75-d12d-467e-96b2-81d06399c7ad,27,1,haply,mpc,seeded_random,3975743691,persist_session,10.0,23.44906767845154,4215.92597837,0,1785827204.7234917,314,True,normal,adaptive,-0.08,-0.08,0.0,0.08,-0.08,0.0,0.0032153579999999,-0.0702693999999999,0.0,0.034004506,-0.15495533,0.157921,0.1123624,0.024698745,0.010350386,"[1.8853559876797295, 2.1179816856192226, 0.0, 0.0, 0.0, 0.0, 2.1100917440161253, -0.2909264295981877]","[0.8532365379710176, -0.025895308555368167, 0.0]","{""Controller Type"": ""MPC Controller"", ""weight_comfort"": 513.8140476608896, ""weight_trajectory"": 2917.115714034662, ""weight_goal"": 1000.0, ""Q"": [[2917.115714034662, 0.0, 0.0, 0.0], [0.0, 0.0, 0.0, 0.0], [0.0, 0.0, 2917.115714034662, 0.0], [0.0, 0.0, 0.0, 0.0]], ""R"": [[513.8140476608896, 0.0], [0.0, 513.8140476608896]], ""P"": [[1000.0, 0.0, 0.0, 0.0], [0.0, 100000.0, 0.0, 0.0], [0.0, 0.0, 1000.0, 0.0], [0.0, 0.0, 0.0, 100000.0]]}","[-0.5373280283013363, -0.5679841383838319, 0.0]",False
3,P01,c0150e75-d12d-467e-96b2-81d06399c7ad,27,1,haply,mpc,seeded_random,3975743691,persist_session,10.0,23.459153022766117,4215.936061238,0,1785827204.7333589,315,True,normal,adaptive,-0.08,-0.08,0.0,0.08,-0.08,0.0,0.0065876879999999,-0.0701524599999999,0.0,0.03499692,-0.1548172,0.15793112,0.11186508,0.024333954,0.00948956,"[1.8903454880350148, 2.1034929137574263, 0.0, 0.0, 0.0, 0.0, 2.116508598642414, -0.295513465079758]","[0.8576896746970382, -0.02434465043269711, 0.0]","{""Controller Type"": ""MPC Controller"", ""weight_comfort"": 515.6573673770575, ""weight_trajectory"": 2906.0557957376545, ""weight_goal"": 1000.0, ""Q"": [[2906.0557957376545, 0.0, 0.0, 0.0], [0.0, 0.0, 0.0, 0.0], [0.0, 0.0, 2906.0557957376545, 0.0], [0.0, 0.0, 0.0, 0.0]], ""R"": [[515.6573673770575, 0.0], [0.0, 515.6573673770575]], ""P"": [[1000.0, 0.0, 0.0, 0.0], [0.0, 100000.0, 0.0, 0.0], [0.0, 0.0, 1000.0, 0.0], [0.0, 0.0, 0.0, 100000.0]]}","[-0.7142267872622009, -0.5126919795225207, 0.0]",False
3,P01,c0150e75-d12d-467e-96b2-81d06399c7ad,27,1,haply,mpc,seeded_random,3975743691,persist_session,10.0,23.469064321517948,4215.945978899,0,1785827204.7434835,316,True,normal,adaptive,-0.08,-0.08,0.0,0.08,-0.08,0.0,0.00956493,-0.0701322199999999,0.0,0.036058538,-0.1547167,0.1579737,0.11107625,0.023969281,0.0086578615,"[2.0422182663667914, 1.5854300052521648, 0.0, 0.0, 0.0, 0.0, 2.1232641108388672, -0.2989628559749672]","[0.6100518270828821, -0.021549552256792014, 0.0]","{""Controller Type"": ""MPC Controller"", ""weight_comfort"": 515.6573673770575, ""weight_trajectory"": 2906.0557957376545, ""weight_goal"": 1000.0, ""Q"": [[2906.0557957376545, 0.0, 0.0, 0.0], [0.0, 0.0, 0.0, 0.0], [0.0, 0.0, 2906.0557957376545, 0.0], [0.0, 0.0, 0.0, 0.0]], ""R"": [[515.6573673770575, 0.0], [0.0, 515.6573673770575]], ""P"": [[1000.0, 0.0, 0.0, 0.0], [0.0, 100000.0, 0.0, 0.0], [0.0, 0.0, 1000.0, 0.0], [0.0, 0.0, 0.0, 100000.0]]}","[-0.37715911086488413, -0.42252425817861966, 0.0]",False
3,P01,c0150e75-d12d-467e-96b2-81d06399c7ad,27,1,haply,mpc,seeded_random,3975743691,persist_session,10.0,23.479196872711185,4215.956101392,0,1785827204.7534068,317,True,normal,adaptive,-0.08,-0.08,0.0,0.08,-0.08,0.0,0.012749784,-0.07004706,0.0,0.037046008,-0.15450872,0.15794876,0.11006053,0.023255484,0.008258454,"[1.9663774873314213, 1.7980974694452976, 0.0, 0.0, 0.0, 0.0, 2.117008928788017, -0.29483416818121655]","[0.7093380853690862, -0.02360069784903076, 0.0]","{""Controller Type"": ""MPC Controller"", ""weight_comfort"": 515.6573673770575, ""weight_trajectory"": 2906.0557957376545, ""weight_goal"": 1000.0, ""Q"": [[2906.0557957376545, 0.0, 0.0, 0.0], [0.0, 0.0, 0.0, 0.0], [0.0, 0.0, 2906.0557957376545, 0.0], [0.0, 0.0, 0.0, 0.0]], ""R"": [[515.6573673770575, 0.0], [0.0, 515.6573673770575]], ""P"": [[1000.0, 0.0, 0.0, 0.0], [0.0, 100000.0, 0.0, 0.0], [0.0, 0.0, 1000.0, 0.0], [0.0, 0.0, 0.0, 100000.0]]}","[-0.7265876816174716, -0.486043032529686, 0.0]",False
3,P01,c0150e75-d12d-467e-96b2-81d06399c7ad,27,1,haply,mpc,seeded_random,3975743691,persist_session,10.0,23.489045467376712,4215.965944823,0,1785827204.7635202,318,True,normal,adaptive,-0.08,-0.08,0.0,0.08,-0.08,0.0,0.0157121939999999,-0.07009694,0.0,0.038097907,-0.15428033,0.15792182,0.10907158,0.022375474,0.008220524,"[2.070904072849522, 1.486350576224662, 0.0, 0.0, 0.0, 0.0, 2.1237080307968688, -0.29635947680600766]","[0.5685112972284455, -0.01956955350181358, 0.0]","{""Controller Type"": ""MPC Controller"", ""weight_comfort"": 515.6573673770575, ""weight_trajectory"": 2906.0557957376545, ""weight_goal"": 1000.0, ""Q"": [[2906.0557957376545, 0.0, 0.0, 0.0], [0.0, 0.0, 0.0, 0.0], [0.0, 0.0, 2906.0557957376545, 0.0], [0.0, 0.0, 0.0, 0.0]], ""R"": [[515.6573673770575, 0.0], [0.0, 515.6573673770575]], ""P"": [[1000.0, 0.0, 0.0, 0.0], [0.0, 100000.0, 0.0, 0.0], [0.0, 0.0, 1000.0, 0.0], [0.0, 0.0, 0.0, 100000.0]]}","[-0.5678741917528864, -0.36076394218470204, 0.0]",False
3,P01,c0150e75-d12d-467e-96b2-81d06399c7ad,27,1,haply,mpc,seeded_random,3975743691,persist_session,10.0,23.499116268157962,4215.975997836,0,1785827204.7733457,319,True,normal,adaptive,-0.08,-0.08,0.0,0.08,-0.08,0.0,0.0188678909999999,-0.07015082,0.0,0.038951453,-0.15408975,0.15789968,0.10788121,0.020708986,0.0068717776,"[1.9808548910582122, 1.7124229151110222, 0.0, 0.0, 0.0, 0.0, 2.12388846890762, -0.29639434548907045]","[0.6710950127928107, -0.019293180280574036, 0.0]","{""Controller Type"": ""MPC Controller"", ""weight_comfort"": 520.7633304591639, ""weight_trajectory"": 2875.4200172450164, ""weight_goal"": 1000.0, ""Q"": [[2875.4200172450164, 0.0, 0.0, 0.0], [0.0, 0.0, 0.0, 0.0], [0.0, 0.0, 2875.4200172450164, 0.0], [0.0, 0.0, 0.0, 0.0]], ""R"": [[520.7633304591639, 0.0], [0.0, 520.7633304591639]], ""P"": [[1000.0, 0.0, 0.0, 0.0], [0.0, 100000.0, 0.0, 0.0], [0.0, 0.0, 1000.0, 0.0], [0.0, 0.0, 0.0, 100000.0]]}","[-0.9292796344701074, -0.350859562356875, 0.0]",False
3,P01,c0150e75-d12d-467e-96b2-81d06399c7ad,27,1,haply,mpc,seeded_random,3975743691,persist_session,10.0,23.50912961006165,4215.986028477,0,1785827204.7834628,320,True,normal,adaptive,-0.08,-0.08,0.0,0.08,-0.08,0.0,0.0214285289999999,-0.0701951,0.0,0.03986951,-0.1538795,0.15787557,0.10601456,0.019122226,0.0055577666,"[2.1462121339402924, 1.1715407430177271, 0.0, 0.0, 0.0, 0.0, 2.1232182752360953, -0.2962227031316384]","[0.4222181236934455, -0.019521475316981268, 0.0]","{""Controller Type"": ""MPC Controller"", ""weight_comfort"": 520.7633304591639, ""weight_trajectory"": 2875.4200172450164, ""weight_goal"": 1000.0, ""Q"": [[2875.4200172450164, 0.0, 0.0, 0.0], [0.0, 0.0, 0.0, 0.0], [0.0, 0.0, 2875.4200172450164, 0.0], [0.0, 0.0, 0.0, 0.0]], ""R"": [[520.7633304591639, 0.0], [0.0, 520.7633304591639]], ""P"": [[1000.0, 0.0, 0.0, 0.0], [0.0, 100000.0, 0.0, 0.0], [0.0, 0.0, 1000.0, 0.0], [0.0, 0.0, 0.0, 100000.0]]}","[-0.3937519323250897, -0.3591218104270486, 0.0]",False
3,P01,c0150e75-d12d-467e-96b2-81d06399c7ad,27,1,haply,mpc,seeded_random,3975743691,persist_session,10.0,23.519151773452762,4215.996049681,0,1785827204.7935476,321,True,normal,adaptive,-0.08,-0.08,0.0,0.08,-0.08,0.0,0.0241826999999999,-0.07024332,0.0,0.040723667,-0.15372266,0.15780164,0.10330849,0.019695893,0.0034369167,"[2.1003684046894397, 1.2959489111185927, 0.0, 0.0, 0.0, 0.0, 2.1233234950937026, -0.29624713310788164]","[0.4711597303657761, -0.019300105530628643, 0.0]","{""Controller Type"": ""MPC Controller"", ""weight_comfort"": 522.1245129830147, ""weight_trajectory"": 2867.2529221019117, ""weight_goal"": 1000.0, ""Q"": [[2867.2529221019117, 0.0, 0.0, 0.0], [0.0, 0.0, 0.0, 0.0], [0.0, 0.0, 2867.2529221019117, 0.0], [0.0, 0.0, 0.0, 0.0]], ""R"": [[522.1245129830147, 0.0], [0.0, 522.1245129830147]], ""P"": [[1000.0, 0.0, 0.0, 0.0], [0.0, 100000.0, 0.0, 0.0], [0.0, 0.0, 1000.0, 0.0], [0.0, 0.0, 0.0, 100000.0]]}","[-0.6652421068336298, -0.35348096732268497, 0.0]",False
3,P01,c0150e75-d12d-467e-96b2-81d06399c7ad,27,1,haply,mpc,seeded_random,3975743691,persist_session,10.0,23.529240455627445,4216.006130204,0,1785827204.803445,322,True,normal,adaptive,-0.08,-0.08,0.0,0.08,-0.08,0.0,0.0267451709999999,-0.07039118,0.0,0.04150884,-0.15353419,0.15778056,0.0998807,0.020417849,0.0019329059,"[2.1519676477913707, 1.154754584617402, 0.0, 0.0, 0.0, 0.0, 2.125287747018223, -0.2936973735477856]","[0.41356328384509133, -0.016034017928352386, 0.0]","{""Controller Type"": ""MPC Controller"", ""weight_comfort"": 522.1245129830147, ""weight_trajectory"": 2867.2529221019117, ""weight_goal"": 1000.0, ""Q"": [[2867.2529221019117, 0.0, 0.0, 0.0], [0.0, 0.0, 0.0, 0.0], [0.0, 0.0, 2867.2529221019117, 0.0], [0.0, 0.0, 0.0, 0.0]], ""R"": [[522.1245129830147, 0.0], [0.0, 522.1245129830147]], ""P"": [[1000.0, 0.0, 0.0, 0.0], [0.0, 100000.0, 0.0, 0.0], [0.0, 0.0, 1000.0, 0.0], [0.0, 0.0, 0.0, 100000.0]]}","[-0.6198135407256496, -0.25452461776283086, 0.0]",False
3,P01,c0150e75-d12d-467e-96b2-81d06399c7ad,27,1,haply,mpc,seeded_random,3975743691,persist_session,10.0,23.539144840240482,4216.016048025,0,1785827204.8134432,323,True,normal,adaptive,-0.08,-0.08,0.0,0.08,-0.08,0.0,0.0291006899999999,-0.07043334,0.0,0.042236995,-0.15345836,0.15774418,0.095963694,0.020560311,0.00092744007,"[2.2135938730495184, 0.9739316618307258, 0.0, 0.0, 0.0, 0.0, 2.1197197272293358, -0.29225469435932366]","[0.34213130997334973, -0.019046226512157094, 0.0]","{""Controller Type"": ""MPC Controller"", ""weight_comfort"": 522.1245129830147, ""weight_trajectory"": 2867.2529221019117, ""weight_goal"": 1000.0, ""Q"": [[2867.2529221019117, 0.0, 0.0, 0.0], [0.0, 0.0, 0.0, 0.0], [0.0, 0.0, 2867.2529221019117, 0.0], [0.0, 0.0, 0.0, 0.0]], ""R"": [[522.1245129830147, 0.0], [0.0, 522.1245129830147]], ""P"": [[1000.0, 0.0, 0.0, 0.0], [0.0, 100000.0, 0.0, 0.0], [0.0, 0.0, 1000.0, 0.0], [0.0, 0.0, 0.0, 100000.0]]}","[-0.48485799252158734, -0.3501855938104875, 0.0]",False
3,P01,c0150e75-d12d-467e-96b2-81d06399c7ad,27,1,haply,mpc,seeded_random,3975743691,persist_session,10.0,23.549063291549686,4216.02597695,0,1785827204.8235304,324,True,normal,adaptive,-0.08,-0.08,0.0,0.08,-0.08,0.0,0.0312851549999999,-0.0705060999999999,0.0,0.042899903,-0.15339555,0.15770946,0.09188815,0.019968443,0.000226281,"[2.2558943872858994, 0.8412719551155632, 0.0, 0.0, 0.0, 0.0, 2.120882460297836, -0.2923164942624393]","[0.2920788796639373, -0.01802694817171966, 0.0]","{""Controller Type"": ""MPC Controller"", ""weight_comfort"": 526.02429566061, ""weight_trajectory"": 2843.85422603634, ""weight_goal"": 1000.0, ""Q"": [[2843.85422603634, 0.0, 0.0, 0.0], [0.0, 0.0, 0.0, 0.0], [0.0, 0.0, 2843.85422603634, 0.0], [0.0, 0.0, 0.0, 0.0]], ""R"": [[526.02429566061, 0.0], [0.0, 526.02429566061]], ""P"": [[1000.0, 0.0, 0.0, 0.0], [0.0, 100000.0, 0.0, 0.0], [0.0, 0.0, 1000.0, 0.0], [0.0, 0.0, 0.0, 100000.0]]}","[-0.38291129603588137, -0.3200207965644911, 0.0]",False
3,P01,c0150e75-d12d-467e-96b2-81d06399c7ad,27,1,haply,mpc,seeded_random,3975743691,persist_session,10.0,23.559118833541874,4216.036022825,0,1785827204.8334117,325,True,normal,adaptive,-0.08,-0.08,0.0,0.08,-0.08,0.0,0.033273879,-0.0705755399999999,0.0,0.04355635,-0.15327303,0.15764004,0.08755424,0.018984318,-0.00045692027,"[2.286005099301413, 0.7411110365840269, 0.0, 0.0, 0.0, 0.0, 2.1207290318363445, -0.29230665941300915]","[0.2559774081086014, -0.01793250731152291, 0.0]","{""Controller Type"": ""MPC Controller"", ""weight_comfort"": 526.02429566061, ""weight_trajectory"": 2843.85422603634, ""weight_goal"": 1000.0, ""Q"": [[2843.85422603634, 0.0, 0.0, 0.0], [0.0, 0.0, 0.0, 0.0], [0.0, 0.0, 2843.85422603634, 0.0], [0.0, 0.0, 0.0, 0.0]], ""R"": [[526.02429566061, 0.0], [0.0, 526.02429566061]], ""P"": [[1000.0, 0.0, 0.0, 0.0], [0.0, 100000.0, 0.0, 0.0], [0.0, 0.0, 1000.0, 0.0], [0.0, 0.0, 0.0, 100000.0]]}","[-0.3099461457386838, -0.3169929633244932, 0.0]",False
3,P01,c0150e75-d12d-467e-96b2-81d06399c7ad,27,1,haply,mpc,seeded_random,3975743691,persist_session,10.0,23.56908449172974,4216.045995758,0,1785827204.8436542,326,True,normal,adaptive,-0.08,-0.08,0.0,0.08,-0.08,0.0,0.03524322,-0.0707143799999999,0.0,0.044229716,-0.15330505,0.15758798,0.08316992,0.017606337,-0.0012450842,"[2.3034873708859, 0.6826450778611816, 0.0, 0.0, 0.0, 0.0, 2.122064308305791, -0.29098251410771825]","[0.23434731107223264, -0.015760409301501986, 0.0]","{""Controller Type"": ""MPC Controller"", ""weight_comfort"": 526.02429566061, ""weight_trajectory"": 2843.85422603634, ""weight_goal"": 1000.0, ""Q"": [[2843.85422603634, 0.0, 0.0, 0.0], [0.0, 0.0, 0.0, 0.0], [0.0, 0.0, 2843.85422603634, 0.0], [0.0, 0.0, 0.0, 0.0]], ""R"": [[526.02429566061, 0.0], [0.0, 526.02429566061]], ""P"": [[1000.0, 0.0, 0.0, 0.0], [0.0, 100000.0, 0.0, 0.0], [0.0, 0.0, 1000.0, 0.0], [0.0, 0.0, 0.0, 100000.0]]}","[-0.2922027117305731, -0.2522520246140513, 0.0]",False
3,P01,c0150e75-d12d-467e-96b2-81d06399c7ad,27,1,haply,mpc,seeded_random,3975743691,persist_session,10.0,23.579169359207157,4216.056074535,0,1785827204.8535435,327,True,normal,adaptive,-0.08,-0.08,0.0,0.08,-0.08,0.0,0.037263318,-0.0708185,0.0,0.044958413,-0.15321685,0.15755099,0.079748526,0.015962249,-0.002386386,"[2.2838674226654536, 0.737302414936515, 0.0, 0.0, 0.0, 0.0, 2.121102392197377, -0.29132735554615735]","[0.24821349861755204, -0.016407666601121303, 0.0]","{""Controller Type"": ""MPC Controller"", ""weight_comfort"": 526.8654949885752, ""weight_trajectory"": 2838.8070300685486, ""weight_goal"": 1000.0, ""Q"": [[2838.8070300685486, 0.0, 0.0, 0.0], [0.0, 0.0, 0.0, 0.0], [0.0, 0.0, 2838.8070300685486, 0.0], [0.0, 0.0, 0.0, 0.0]], ""R"": [[526.8654949885752, 0.0], [0.0, 526.8654949885752]], ""P"": [[1000.0, 0.0, 0.0, 0.0], [0.0, 100000.0, 0.0, 0.0], [0.0, 0.0, 1000.0, 0.0], [0.0, 0.0, 0.0, 100000.0]]}","[-0.4663587664990056, -0.2754646105393532, 0.0]",False
3,P01,c0150e75-d12d-467e-96b2-81d06399c7ad,27,1,haply,mpc,seeded_random,3975743691,persist_session,10.0,23.589171495437625,4216.066079807,0,1785827204.8638456,328,True,normal,adaptive,-0.08,-0.08,0.0,0.08,-0.08,0.0,0.039449409,-0.0708924799999999,0.0,0.045621935,-0.15314305,0.15751548,0.07678602,0.014314679,-0.0030953037,"[2.2838674226654536, 0.737302414936515, 0.0, 0.0, 0.0, 0.0, 2.121102392197377, -0.29132735554615735]","[0.24821349861755204, -0.016407666601121303, 0.0]","{""Controller Type"": ""MPC Controller"", ""weight_comfort"": 526.8654949885752, ""weight_trajectory"": 2838.8070300685486, ""weight_goal"": 1000.0, ""Q"": [[2838.8070300685486, 0.0, 0.0, 0.0], [0.0, 0.0, 0.0, 0.0], [0.0, 0.0, 2838.8070300685486, 0.0], [0.0, 0.0, 0.0, 0.0]], ""R"": [[526.8654949885752, 0.0], [0.0, 526.8654949885752]], ""P"": [[1000.0, 0.0, 0.0, 0.0], [0.0, 100000.0, 0.0, 0.0], [0.0, 0.0, 1000.0, 0.0], [0.0, 0.0, 0.0, 100000.0]]}","[-0.6090476406936672, -0.3024100315115762, 0.0]",False
3,P01,c0150e75-d12d-467e-96b2-81d06399c7ad,27,1,haply,mpc,seeded_random,3975743691,persist_session,10.0,23.59910830497742,4216.075993623,0,1785827204.8737726,329,True,normal,adaptive,-0.08,-0.08,0.0,0.08,-0.08,0.0,0.041439975,-0.0709634999999999,0.0,0.04628551,-0.15306638,0.15747994,0.074476115,0.012590962,-0.0032377974,"[2.2715544494772844, 0.7678005890142675, 0.0, 0.0, 0.0, 0.0, 2.119755924465326, -0.29128671610279494]","[0.25503959580409125, -0.017213965301117014, 0.0]","{""Controller Type"": ""MPC Controller"", ""weight_comfort"": 526.8654949885752, ""weight_trajectory"": 2838.8070300685486, ""weight_goal"": 1000.0, ""Q"": [[2838.8070300685486, 0.0, 0.0, 0.0], [0.0, 0.0, 0.0, 0.0], [0.0, 0.0, 2838.8070300685486, 0.0], [0.0, 0.0, 0.0, 0.0]], ""R"": [[526.8654949885752, 0.0], [0.0, 526.8654949885752]], ""P"": [[1000.0, 0.0, 0.0, 0.0], [0.0, 100000.0, 0.0, 0.0], [0.0, 0.0, 1000.0, 0.0], [0.0, 0.0, 0.0, 100000.0]]}","[-0.5677145522288929, -0.2997882301164876, 0.0]",False
3,P01,c0150e75-d12d-467e-96b2-81d06399c7ad,27,1,haply,mpc,seeded_random,3975743691,persist_session,10.0,23.609073963165287,4216.08598383,0,1785827204.88341,330,True,normal,adaptive,-0.08,-0.08,0.0,0.08,-0.08,0.0,0.0434307,-0.0710345799999999,0.0,0.04688401,-0.15300508,0.15744613,0.072660655,0.011255912,-0.003359783,"[2.302690649791373, 0.6901092428749115, 0.0, 0.0, 0.0, 0.0, 2.119678791508613, -0.2912845914622463]","[0.22717231047386116, -0.017070568862656295, 0.0]","{""Controller Type"": ""MPC Controller"", ""weight_comfort"": 526.8654949885752, ""weight_trajectory"": 2838.8070300685486, ""weight_goal"": 1000.0, ""Q"": [[2838.8070300685486, 0.0, 0.0, 0.0], [0.0, 0.0, 0.0, 0.0], [0.0, 0.0, 2838.8070300685486, 0.0], [0.0, 0.0, 0.0, 0.0]], ""R"": [[526.8654949885752, 0.0], [0.0, 526.8654949885752]], ""P"": [[1000.0, 0.0, 0.0, 0.0], [0.0, 100000.0, 0.0, 0.0], [0.0, 0.0, 1000.0, 0.0], [0.0, 0.0, 0.0, 100000.0]]}","[-0.6868595976371424, -0.29491718171653575, 0.0]",False
3,P01,c0150e75-d12d-467e-96b2-81d06399c7ad,27,1,haply,mpc,seeded_random,3975743691,persist_session,10.0,23.619100179672245,4216.095987716,0,1785827204.8936183,331,True,normal,adaptive,-0.08,-0.08,0.0,0.08,-0.08,0.0,0.0452261999999999,-0.0711022,0.0,0.047474667,-0.15288454,0.15737757,0.070863135,0.010321109,-0.0035428726,"[2.318287973551599, 0.6534514046421112, 0.0, 0.0, 0.0, 0.0, 2.119581695623061, -0.2912814224268497]","[0.2052830429886462, -0.01682387406677239, 0.0]","{""Controller Type"": ""MPC Controller"", ""weight_comfort"": 527.6156255563961, ""weight_trajectory"": 2834.306246661623, ""weight_goal"": 1000.0, ""Q"": [[2834.306246661623, 0.0, 0.0, 0.0], [0.0, 0.0, 0.0, 0.0], [0.0, 0.0, 2834.306246661623, 0.0], [0.0, 0.0, 0.0, 0.0]], ""R"": [[527.6156255563961, 0.0], [0.0, 527.6156255563961]], ""P"": [[1000.0, 0.0, 0.0, 0.0], [0.0, 100000.0, 0.0, 0.0], [0.0, 0.0, 1000.0, 0.0], [0.0, 0.0, 0.0, 100000.0]]}","[-0.4671922594566875, -0.2989934151745557, 0.0]",False
3,P01,c0150e75-d12d-467e-96b2-81d06399c7ad,27,1,haply,mpc,seeded_random,3975743691,persist_session,10.0,23.629082765579227,4216.105993203,0,1785827204.9038718,332,True,normal,adaptive,-0.08,-0.08,0.0,0.08,-0.08,0.0,0.0469981709999999,-0.07123932,0.0,0.04800809,-0.15283734,0.15734538,0.06914983,0.009663617,-0.0036844425,"[2.318287973551599, 0.6534514046421112, 0.0, 0.0, 0.0, 0.0, 2.119581695623061, -0.2912814224268497]","[0.2052830429886462, -0.01682387406677239, 0.0]","{""Controller Type"": ""MPC Controller"", ""weight_comfort"": 527.6156255563961, ""weight_trajectory"": 2834.306246661623, ""weight_goal"": 1000.0, ""Q"": [[2834.306246661623, 0.0, 0.0, 0.0], [0.0, 0.0, 0.0, 0.0], [0.0, 0.0, 2834.306246661623, 0.0], [0.0, 0.0, 0.0, 0.0]], ""R"": [[527.6156255563961, 0.0], [0.0, 527.6156255563961]], ""P"": [[1000.0, 0.0, 0.0, 0.0], [0.0, 100000.0, 0.0, 0.0], [0.0, 0.0, 1000.0, 0.0], [0.0, 0.0, 0.0, 100000.0]]}","[-0.49679600520366657, -0.23204513046463388, 0.0]",False
3,P01,c0150e75-d12d-467e-96b2-81d06399c7ad,27,1,haply,mpc,seeded_random,3975743691,persist_session,10.0,23.639289464950565,4216.116194113,0,1785827204.913502,333,True,normal,adaptive,-0.08,-0.08,0.0,0.08,-0.08,0.0,0.04859844,-0.0713036999999999,0.0,0.048611455,-0.15281247,0.1572595,0.067292415,0.00914451,-0.0038175557,"[2.3423164680994626, 0.5960168529722117, 0.0, 0.0, 0.0, 0.0, 2.1199794967808216, -0.29112793105185114]","[0.17463612699892986, -0.015485697982357844, 0.0]","{""Controller Type"": ""MPC Controller"", ""weight_comfort"": 527.6156255563961, ""weight_trajectory"": 2834.306246661623, ""weight_goal"": 1000.0, ""Q"": [[2834.306246661623, 0.0, 0.0, 0.0], [0.0, 0.0, 0.0, 0.0], [0.0, 0.0, 2834.306246661623, 0.0], [0.0, 0.0, 0.0, 0.0]], ""R"": [[527.6156255563961, 0.0], [0.0, 527.6156255563961]], ""P"": [[1000.0, 0.0, 0.0, 0.0], [0.0, 100000.0, 0.0, 0.0], [0.0, 0.0, 1000.0, 0.0], [0.0, 0.0, 0.0, 100000.0]]}","[-0.48840314283508995, -0.28997612083666247, 0.0]",False
3,P01,c0150e75-d12d-467e-96b2-81d06399c7ad,27,1,haply,mpc,seeded_random,3975743691,persist_session,10.0,23.649100151062015,4216.126006647,0,1785827204.9235473,334,True,normal,adaptive,-0.08,-0.08,0.0,0.08,-0.08,0.0,0.0504085349999999,-0.0714754599999999,0.0,0.049136695,-0.15270449,0.15719242,0.06539608,0.008662762,-0.003953753,"[2.3219215422200383, 0.639451279482296, 0.0, 0.0, 0.0, 0.0, 2.120380231114241, -0.28863941762709844]","[0.18393396291508152, -0.013139947512726135, 0.0]","{""Controller Type"": ""MPC Controller"", ""weight_comfort"": 527.6156255563961, ""weight_trajectory"": 2834.306246661623, ""weight_goal"": 1000.0, ""Q"": [[2834.306246661623, 0.0, 0.0, 0.0], [0.0, 0.0, 0.0, 0.0], [0.0, 0.0, 2834.306246661623, 0.0], [0.0, 0.0, 0.0, 0.0]], ""R"": [[527.6156255563961, 0.0], [0.0, 527.6156255563961]], ""P"": [[1000.0, 0.0, 0.0, 0.0], [0.0, 100000.0, 0.0, 0.0], [0.0, 0.0, 1000.0, 0.0], [0.0, 0.0, 0.0, 100000.0]]}","[-0.6738335962049676, -0.1888124626819497, 0.0]",False
3,P01,c0150e75-d12d-467e-96b2-81d06399c7ad,27,1,haply,mpc,seeded_random,3975743691,persist_session,10.0,23.65915664672852,4216.136062885,0,1785827204.9336395,335,True,normal,adaptive,-0.08,-0.08,0.0,0.08,-0.08,0.0,0.051984255,-0.0716096199999999,0.0,0.049605493,-0.1526709,0.15716189,0.06339142,0.008232472,-0.004026126,"[2.3219215422200383, 0.639451279482296, 0.0, 0.0, 0.0, 0.0, 2.120380231114241, -0.28863941762709844]","[0.18393396291508152, -0.013139947512726135, 0.0]","{""Controller Type"": ""MPC Controller"", ""weight_comfort"": 527.6156255563961, ""weight_trajectory"": 2834.306246661623, ""weight_goal"": 1000.0, ""Q"": [[2834.306246661623, 0.0, 0.0, 0.0], [0.0, 0.0, 0.0, 0.0], [0.0, 0.0, 2834.306246661623, 0.0], [0.0, 0.0, 0.0, 0.0]], ""R"": [[527.6156255563961, 0.0], [0.0, 527.6156255563961]], ""P"": [[1000.0, 0.0, 0.0, 0.0], [0.0, 100000.0, 0.0, 0.0], [0.0, 0.0, 1000.0, 0.0], [0.0, 0.0, 0.0, 100000.0]]}","[-0.5070279847677784, -0.2178428760477462, 0.0]",False
3,P01,c0150e75-d12d-467e-96b2-81d06399c7ad,27,1,haply,mpc,seeded_random,3975743691,persist_session,10.0,23.669153776168827,4216.146051978,0,1785827204.9433775,336,True,normal,adaptive,-0.08,-0.08,0.0,0.08,-0.08,0.0,0.053390649,-0.0716706799999999,0.0,0.05013946,-0.1526167,0.15712923,0.06125146,0.00779174,-0.004061535,"[2.3514954553722762, 0.5719948686947892, 0.0, 0.0, 0.0, 0.0, 2.1193776624977043, -0.2890514091302939]","[0.14858860510201694, -0.01480742296120339, 0.0]","{""Controller Type"": ""MPC Controller"", ""weight_comfort"": 513.5386251859959, ""weight_trajectory"": 46945.50723514905, ""weight_goal"": 78948.2088580943, ""Q"": [[46945.50723514905, 0.0, 0.0, 0.0], [0.0, 0.0, 0.0, 0.0], [0.0, 0.0, 46945.50723514905, 0.0], [0.0, 0.0, 0.0, 0.0]], ""R"": [[513.5386251859959, 0.0], [0.0, 513.5386251859959]], ""P"": [[78948.2088580943, 0.0, 0.0, 0.0], [0.0, 7894820.885809429, 0.0, 0.0], [0.0, 0.0, 78948.2088580943, 0.0], [0.0, 0.0, 0.0, 7894820.885809429]]}","[-0.44651965447611475, -0.27894251527907693, 0.0]",False
3,P01,c0150e75-d12d-467e-96b2-81d06399c7ad,27,1,haply,mpc,seeded_random,3975743691,persist_session,10.0,23.679148759841922,4216.156054638,0,1785827204.953462,337,True,normal,adaptive,-0.08,-0.08,0.0,0.08,-0.08,0.0,0.0549925499999999,-0.0717359999999999,0.0,0.050608594,-0.15258014,0.1570985,0.05939693,0.007434532,-0.0040782946,"[2.3369162806461303, 0.60198448985051, 0.0, 0.0, 0.0, 0.0, 2.118118145984982, -0.28900853790290276]","[0.15406528742253525, -0.015632122565581368, 0.0]","{""Controller Type"": ""MPC Controller"", ""weight_comfort"": 513.5386251859959, ""weight_trajectory"": 46945.50723514905, ""weight_goal"": 78948.2088580943, ""Q"": [[46945.50723514905, 0.0, 0.0, 0.0], [0.0, 0.0, 0.0, 0.0], [0.0, 0.0, 46945.50723514905, 0.0], [0.0, 0.0, 0.0, 0.0]], ""R"": [[513.5386251859959, 0.0], [0.0, 513.5386251859959]], ""P"": [[78948.2088580943, 0.0, 0.0, 0.0], [0.0, 7894820.885809429, 0.0, 0.0], [0.0, 0.0, 78948.2088580943, 0.0], [0.0, 0.0, 0.0, 7894820.885809429]]}","[-0.9368741468959029, -0.6918644452051005, 0.0]",False
3,P01,c0150e75-d12d-467e-96b2-81d06399c7ad,27,1,haply,mpc,seeded_random,3975743691,persist_session,10.0,23.689128961563114,4216.166035295,0,1785827204.9633667,338,True,normal,adaptive,-0.08,-0.08,0.0,0.08,-0.08,0.0,0.0563999519999999,-0.0717974599999999,0.0,0.051133532,-0.1524657,0.15703088,0.057830546,0.0071589956,-0.0040758676,"[2.369635317593676, 0.5316291510105915, 0.0, 0.0, 0.0, 0.0, 2.1179610969066527, -0.28899977666317384]","[0.13146559783542575, -0.015579364069649805, 0.0]","{""Controller Type"": ""MPC Controller"", ""weight_comfort"": 513.5386251859959, ""weight_trajectory"": 46945.50723514905, ""weight_goal"": 78948.2088580943, ""Q"": [[46945.50723514905, 0.0, 0.0, 0.0], [0.0, 0.0, 0.0, 0.0], [0.0, 0.0, 46945.50723514905, 0.0], [0.0, 0.0, 0.0, 0.0]], ""R"": [[513.5386251859959, 0.0], [0.0, 513.5386251859959]], ""P"": [[78948.2088580943, 0.0, 0.0, 0.0], [0.0, 7894820.885809429, 0.0, 0.0], [0.0, 0.0, 78948.2088580943, 0.0], [0.0, 0.0, 0.0, 7894820.885809429]]}","[-0.7767154070878434, -0.6897983918828677, 0.0]",False
3,P01,c0150e75-d12d-467e-96b2-81d06399c7ad,27,1,haply,mpc,seeded_random,3975743691,persist_session,10.0,23.69922503471375,4216.176123052,0,1785827204.9733915,339,True,normal,adaptive,-0.08,-0.08,0.0,0.08,-0.08,0.0,0.057974766,-0.0719326999999999,0.0,0.051533774,-0.1524319,0.15691538,0.05628097,0.0067977365,-0.0041535916,"[2.3385993128362315, 0.5904766167361032, 0.0, 0.0, 0.0, 0.0, 2.118937761982212, -0.28721994191253203]","[0.14426736852791072, -0.013219348087531523, 0.0]","{""Controller Type"": ""MPC Controller"", ""weight_comfort"": 479.7705368804437, ""weight_trajectory"": 146942.1227276797, ""weight_goal"": 255522.62854106489, ""Q"": [[146942.1227276797, 0.0, 0.0, 0.0], [0.0, 0.0, 0.0, 0.0], [0.0, 0.0, 146942.1227276797, 0.0], [0.0, 0.0, 0.0, 0.0]], ""R"": [[479.7705368804437, 0.0], [0.0, 479.7705368804437]], ""P"": [[255522.62854106489, 0.0, 0.0, 0.0], [0.0, 25552262.85410649, 0.0, 0.0], [0.0, 0.0, 255522.62854106489, 0.0], [0.0, 0.0, 0.0, 25552262.85410649]]}","[-1.061426661689563, -0.5768562295169458, 0.0]",False
3,P01,c0150e75-d12d-467e-96b2-81d06399c7ad,27,1,haply,mpc,seeded_random,3975743691,persist_session,10.0,23.709073629379276,4216.185981453,0,1785827204.9833443,340,True,normal,adaptive,-0.08,-0.08,0.0,0.08,-0.08,0.0,0.0591754919999999,-0.0721637,0.0,0.05186374,-0.15237454,0.15685366,0.054459017,0.006307484,-0.004281303,"[2.393103356321634, 0.46890780076911415, 0.0, 0.0, 0.0, 0.0, 2.1172835684894133, -0.2813100585645948]","[0.10640528243842198, -0.010062578850563629, 0.0]","{""Controller Type"": ""MPC Controller"", ""weight_comfort"": 479.7705368804437, ""weight_trajectory"": 146942.1227276797, ""weight_goal"": 255522.62854106489, ""Q"": [[146942.1227276797, 0.0, 0.0, 0.0], [0.0, 0.0, 0.0, 0.0], [0.0, 0.0, 146942.1227276797, 0.0], [0.0, 0.0, 0.0, 0.0]], ""R"": [[479.7705368804437, 0.0], [0.0, 479.7705368804437]], ""P"": [[255522.62854106489, 0.0, 0.0, 0.0], [0.0, 25552262.85410649, 0.0, 0.0], [0.0, 0.0, 255522.62854106489, 0.0], [0.0, 0.0, 0.0, 25552262.85410649]]}","[-0.8898994915900184, -0.5916055324620625, 0.0]",False
3,P01,c0150e75-d12d-467e-96b2-81d06399c7ad,27,1,haply,mpc,seeded_random,3975743691,persist_session,10.0,23.71909579277039,4216.19598371,0,1785827204.993433,341,True,normal,adaptive,-0.08,-0.08,0.0,0.08,-0.08,0.0,0.0601653899999999,-0.0722871399999999,0.0,0.05225854,-0.15229629,0.1567898,0.051932003,0.005838609,-0.0045281793,"[2.415031315075433, 0.40990165965334263, 0.0, 0.0, 0.0, 0.0, 2.1156205980344023, -0.2836731398834519]","[0.08812061311698144, -0.012846604772010953, 0.0]","{""Controller Type"": ""MPC Controller"", ""weight_comfort"": 479.7705368804437, ""weight_trajectory"": 146942.1227276797, ""weight_goal"": 255522.62854106489, ""Q"": [[146942.1227276797, 0.0, 0.0, 0.0], [0.0, 0.0, 0.0, 0.0], [0.0, 0.0, 146942.1227276797, 0.0], [0.0, 0.0, 0.0, 0.0]], ""R"": [[479.7705368804437, 0.0], [0.0, 479.7705368804437]], ""P"": [[255522.62854106489, 0.0, 0.0, 0.0], [0.0, 25552262.85410649, 0.0, 0.0], [0.0, 0.0, 255522.62854106489, 0.0], [0.0, 0.0, 0.0, 25552262.85410649]]}","[-0.5856803025324746, -0.7477963997774423, 0.0]",False
3,P01,c0150e75-d12d-467e-96b2-81d06399c7ad,27,1,haply,mpc,seeded_random,3975743691,persist_session,10.0,23.729064550399784,4216.205969822,0,1785827205.003368,342,True,normal,adaptive,-0.08,-0.08,0.0,0.08,-0.08,0.0,0.0613497899999999,-0.0724148599999999,0.0,0.052593995,-0.15227994,0.15667598,0.049065594,0.0063808253,-0.005368204,"[2.3831541112906733, 0.47511653527737135, 0.0, 0.0, 0.0, 0.0, 2.1156825842178946, -0.28355235650938426]","[0.10108785100173813, -0.01240248805210616, 0.0]","{""Controller Type"": ""MPC Controller"", ""weight_comfort"": 443.75446490344, ""weight_trajectory"": 256191.17851658113, ""weight_goal"": 449457.4755235725, ""Q"": [[256191.17851658113, 0.0, 0.0, 0.0], [0.0, 0.0, 0.0, 0.0], [0.0, 0.0, 256191.17851658113, 0.0], [0.0, 0.0, 0.0, 0.0]], ""R"": [[443.75446490344, 0.0], [0.0, 443.75446490344]], ""P"": [[449457.4755235725, 0.0, 0.0, 0.0], [0.0, 44945747.55235725, 0.0, 0.0], [0.0, 0.0, 449457.4755235725, 0.0], [0.0, 0.0, 0.0, 44945747.55235725]]}","[-0.971258134928633, -0.7225762239233499, 0.0]",False
3,P01,c0150e75-d12d-467e-96b2-81d06399c7ad,27,1,haply,mpc,seeded_random,3975743691,persist_session,10.0,23.739163484573368,4216.216059326,0,1785827205.013463,343,True,normal,adaptive,-0.08,-0.08,0.0,0.08,-0.08,0.0,0.0623561549999999,-0.0726425,0.0,0.05279985,-0.15230374,0.15656595,0.04573338,0.006331877,-0.005947333,"[2.406433168856132, 0.42187208141290616, 0.0, 0.0, 0.0, 0.0, 2.1139321185543802, -0.2778130998723387]","[0.08451443195710043, -0.009288706222030488, 0.0]","{""Controller Type"": ""MPC Controller"", ""weight_comfort"": 443.75446490344, ""weight_trajectory"": 256191.17851658113, ""weight_goal"": 449457.4755235725, ""Q"": [[256191.17851658113, 0.0, 0.0, 0.0], [0.0, 0.0, 0.0, 0.0], [0.0, 0.0, 256191.17851658113, 0.0], [0.0, 0.0, 0.0, 0.0]], ""R"": [[443.75446490344, 0.0], [0.0, 443.75446490344]], ""P"": [[449457.4755235725, 0.0, 0.0, 0.0], [0.0, 44945747.55235725, 0.0, 0.0], [0.0, 0.0, 449457.4755235725, 0.0], [0.0, 0.0, 0.0, 44945747.55235725]]}","[-0.8658239488045659, -0.6237398451090751, 0.0]",False
3,P01,c0150e75-d12d-467e-96b2-81d06399c7ad,27,1,haply,mpc,seeded_random,3975743691,persist_session,10.0,23.749142017364505,4216.226042101,0,1785827205.0233667,344,True,normal,adaptive,-0.08,-0.08,0.0,0.08,-0.08,0.0,0.06297372,-0.0728625599999999,0.0,0.05306497,-0.15226428,0.1565059,0.04209982,0.0059173102,-0.0063899993,"[2.4159118085290867, 0.3645852788117106, 0.0, 0.0, 0.0, 0.0, 2.1140118970715727, -0.27806558248220764]","[0.06386850471087605, -0.008910002723256559, 0.0]","{""Controller Type"": ""MPC Controller"", ""weight_comfort"": 443.75446490344, ""weight_trajectory"": 256191.17851658113, ""weight_goal"": 449457.4755235725, ""Q"": [[256191.17851658113, 0.0, 0.0, 0.0], [0.0, 0.0, 0.0, 0.0], [0.0, 0.0, 256191.17851658113, 0.0], [0.0, 0.0, 0.0, 0.0]], ""R"": [[443.75446490344, 0.0], [0.0, 443.75446490344]], ""P"": [[449457.4755235725, 0.0, 0.0, 0.0], [0.0, 44945747.55235725, 0.0, 0.0], [0.0, 0.0, 449457.4755235725, 0.0], [0.0, 0.0, 0.0, 44945747.55235725]]}","[-0.2790928390948515, -0.5994118095176221, 0.0]",False
3,P01,c0150e75-d12d-467e-96b2-81d06399c7ad,27,1,haply,mpc,seeded_random,3975743691,persist_session,10.0,23.75912436485291,4216.236027102,0,1785827205.033622,345,True,normal,adaptive,-0.08,-0.08,0.0,0.08,-0.08,0.0,0.06376908,-0.0729826599999999,0.0,0.053330068,-0.15222424,0.15644583,0.038772635,0.0054133157,-0.006685927,"[2.406046049642893, 0.3926271309665551, 0.0, 0.0, 0.0, 0.0, 2.112762983356637, -0.2803172368550285]","[0.06950281977180517, -0.011543187833838214, 0.0]","{""Controller Type"": ""MPC Controller"", ""weight_comfort"": 443.75446490344, ""weight_trajectory"": 256191.17851658113, ""weight_goal"": 449457.4755235725, ""Q"": [[256191.17851658113, 0.0, 0.0, 0.0], [0.0, 0.0, 0.0, 0.0], [0.0, 0.0, 256191.17851658113, 0.0], [0.0, 0.0, 0.0, 0.0]], ""R"": [[443.75446490344, 0.0], [0.0, 443.75446490344]], ""P"": [[449457.4755235725, 0.0, 0.0, 0.0], [0.0, 44945747.55235725, 0.0, 0.0], [0.0, 0.0, 449457.4755235725, 0.0], [0.0, 0.0, 0.0, 44945747.55235725]]}","[-0.2790928390948515, -0.5994118095176221, 0.0]",False
3,P01,c0150e75-d12d-467e-96b2-81d06399c7ad,27,1,haply,mpc,seeded_random,3975743691,persist_session,10.0,23.76912077903748,4216.24602117,0,1785827205.0433462,346,True,normal,adaptive,-0.08,-0.08,0.0,0.08,-0.08,0.0,0.064564374,-0.0731027999999999,0.0,0.053536143,-0.15224698,0.15633564,0.036059644,0.004940808,-0.006882874,"[2.402872258029001, 0.4004250712311582, 0.0, 0.0, 0.0, 0.0, 2.1128142248376376, -0.2801823674869735]","[0.06983881593200632, -0.01111089959501773, 0.0]","{""Controller Type"": ""MPC Controller"", ""weight_comfort"": 411.5253395116963, ""weight_trajectory"": 352801.5579156147, ""weight_goal"": 621339.6264620223, ""Q"": [[352801.5579156147, 0.0, 0.0, 0.0], [0.0, 0.0, 0.0, 0.0], [0.0, 0.0, 352801.5579156147, 0.0], [0.0, 0.0, 0.0, 0.0]], ""R"": [[411.5253395116963, 0.0], [0.0, 411.5253395116963]], ""P"": [[621339.6264620223, 0.0, 0.0, 0.0], [0.0, 62133962.64620223, 0.0, 0.0], [0.0, 0.0, 621339.6264620223, 0.0], [0.0, 0.0, 0.0, 62133962.64620223]]}","[-0.7518417003979665, -0.7769036816900994, 0.0]",False
3,P01,c0150e75-d12d-467e-96b2-81d06399c7ad,27,1,haply,mpc,seeded_random,3975743691,persist_session,10.0,23.77910598754883,4216.256009316,0,1785827205.0535123,347,True,normal,adaptive,-0.08,-0.08,0.0,0.08,-0.08,0.0,0.065182599,-0.0733231799999999,0.0,0.053742316,-0.15226935,0.15622531,0.033395752,0.004299521,-0.007124532,"[2.410962466315356, 0.3685738144356014, 0.0, 0.0, 0.0, 0.0, 2.110955458667286, -0.27478008063597076]","[0.05813790768831233, -0.008137846352890731, 0.0]","{""Controller Type"": ""MPC Controller"", ""weight_comfort"": 411.5253395116963, ""weight_trajectory"": 352801.5579156147, ""weight_goal"": 621339.6264620223, ""Q"": [[352801.5579156147, 0.0, 0.0, 0.0], [0.0, 0.0, 0.0, 0.0], [0.0, 0.0, 352801.5579156147, 0.0], [0.0, 0.0, 0.0, 0.0]], ""R"": [[411.5253395116963, 0.0], [0.0, 411.5253395116963]], ""P"": [[621339.6264620223, 0.0, 0.0, 0.0], [0.0, 62133962.64620223, 0.0, 0.0], [0.0, 0.0, 621339.6264620223, 0.0], [0.0, 0.0, 0.0, 62133962.64620223]]}","[-0.4224876990811583, -0.587769402741635, 0.0]",False
3,P01,c0150e75-d12d-467e-96b2-81d06399c7ad,27,1,haply,mpc,seeded_random,3975743691,persist_session,10.0,23.789148654937748,4216.266056498,0,1785827205.0633795,348,True,normal,adaptive,-0.08,-0.08,0.0,0.08,-0.08,0.0,0.0658011179999999,-0.0735438399999999,0.0,0.054013465,-0.15227053,0.1561128,0.030893873,0.003593753,-0.0073609916,"[2.4103295498796458, 0.37065825802717306, 0.0, 0.0, 0.0, 0.0, 2.1108064916487486, -0.274391766490067]","[0.057458476599689015, -0.007491481347602768, 0.0]","{""Controller Type"": ""MPC Controller"", ""weight_comfort"": 380.0394346134617, ""weight_trajectory"": 446144.3810490932, ""weight_goal"": 787100.468505338, ""Q"": [[446144.3810490932, 0.0, 0.0, 0.0], [0.0, 0.0, 0.0, 0.0], [0.0, 0.0, 446144.3810490932, 0.0], [0.0, 0.0, 0.0, 0.0]], ""R"": [[380.0394346134617, 0.0], [0.0, 380.0394346134617]], ""P"": [[787100.468505338, 0.0, 0.0, 0.0], [0.0, 78710046.8505338, 0.0, 0.0], [0.0, 0.0, 787100.468505338, 0.0], [0.0, 0.0, 0.0, 78710046.8505338]]}","[-0.47943255515454675, -0.5446450464949051, 0.0]",False
3,P01,c0150e75-d12d-467e-96b2-81d06399c7ad,27,1,haply,mpc,seeded_random,3975743691,persist_session,10.0,23.799073543548587,4216.275979445,0,1785827205.0735648,349,True,normal,adaptive,-0.08,-0.08,0.0,0.08,-0.08,0.0,0.0666145649999999,-0.0737688599999999,0.0,0.054149073,-0.15227087,0.15605651,0.028921762,0.002854824,-0.007727385,"[2.3943830963417874, 0.4051831874878141, 0.0, 0.0, 0.0, 0.0, 2.110889782981507, -0.27460163197567466]","[0.06440992085354327, -0.007086544518414397, 0.0]","{""Controller Type"": ""MPC Controller"", ""weight_comfort"": 380.0394346134617, ""weight_trajectory"": 446144.3810490932, ""weight_goal"": 787100.468505338, ""Q"": [[446144.3810490932, 0.0, 0.0, 0.0], [0.0, 0.0, 0.0, 0.0], [0.0, 0.0, 446144.3810490932, 0.0], [0.0, 0.0, 0.0, 0.0]], ""R"": [[380.0394346134617, 0.0], [0.0, 380.0394346134617]], ""P"": [[787100.468505338, 0.0, 0.0, 0.0], [0.0, 78710046.8505338, 0.0, 0.0], [0.0, 0.0, 787100.468505338, 0.0], [0.0, 0.0, 0.0, 78710046.8505338]]}","[-0.8622424801954994, -0.5448981914059406, 0.0]",False
3,P01,c0150e75-d12d-467e-96b2-81d06399c7ad,27,1,haply,mpc,seeded_random,3975743691,persist_session,10.0,23.809102382659916,4216.286006149,0,1785827205.0833652,350,True,normal,adaptive,-0.08,-0.08,0.0,0.08,-0.08,0.0,0.0670213889999999,-0.0738814399999999,0.0,0.054420374,-0.15227121,0.15594387,0.027313149,0.002247586,-0.008029284,"[2.3956659275932894, 0.3675162972137781, 0.0, 0.0, 0.0, 0.0, 2.110160033608249, -0.2771930063218279]","[0.04634831690709977, -0.009726956453057439, 0.0]","{""Controller Type"": ""MPC Controller"", ""weight_comfort"": 380.0394346134617, ""weight_trajectory"": 446144.3810490932, ""weight_goal"": 787100.468505338, ""Q"": [[446144.3810490932, 0.0, 0.0, 0.0], [0.0, 0.0, 0.0, 0.0], [0.0, 0.0, 446144.3810490932, 0.0], [0.0, 0.0, 0.0, 0.0]], ""R"": [[380.0394346134617, 0.0], [0.0, 380.0394346134617]], ""P"": [[787100.468505338, 0.0, 0.0, 0.0], [0.0, 78710046.8505338, 0.0, 0.0], [0.0, 0.0, 787100.468505338, 0.0], [0.0, 0.0, 0.0, 78710046.8505338]]}","[-0.21660859810998928, -0.7110234681027366, 0.0]",False
3,P01,c0150e75-d12d-467e-96b2-81d06399c7ad,27,1,haply,mpc,seeded_random,3975743691,persist_session,10.0,23.81906589508057,4216.295968196,0,1785827205.093537,351,True,normal,adaptive,-0.08,-0.08,0.0,0.08,-0.08,0.0,0.0678352919999999,-0.0741067199999999,0.0,0.05463295,-0.1523344,0.15578075,0.025957674,0.0017663353,-0.0082230745,"[2.3553310461027928, 0.44803129351145143, 0.0, 0.0, 0.0, 0.0, 2.1073182584809858, -0.270551800070906]","[0.06450026292602856, -0.006427162584094168, 0.0]","{""Controller Type"": ""MPC Controller"", ""weight_comfort"": 380.0394346134617, ""weight_trajectory"": 446144.3810490932, ""weight_goal"": 787100.468505338, ""Q"": [[446144.3810490932, 0.0, 0.0, 0.0], [0.0, 0.0, 0.0, 0.0], [0.0, 0.0, 446144.3810490932, 0.0], [0.0, 0.0, 0.0, 0.0]], ""R"": [[380.0394346134617, 0.0], [0.0, 380.0394346134617]], ""P"": [[787100.468505338, 0.0, 0.0, 0.0], [0.0, 78710046.8505338, 0.0, 0.0], [0.0, 0.0, 787100.468505338, 0.0], [0.0, 0.0, 0.0, 78710046.8505338]]}","[-0.9117338787352928, -0.4937682144381117, 0.0]",False
3,P01,c0150e75-d12d-467e-96b2-81d06399c7ad,27,1,haply,mpc,seeded_random,3975743691,persist_session,10.0,23.829090919494632,4216.306002259,0,1785827205.1034122,352,True,normal,adaptive,-0.08,-0.08,0.0,0.08,-0.08,0.0,0.06847302,-0.0744329599999999,0.0,0.054839663,-0.15235506,0.15566988,0.025058346,0.0010679651,-0.00882809,"[2.3672751390732314, 0.42050941301186906, 0.0, 0.0, 0.0, 0.0, 2.100421782332125, -0.25900122680995913]","[0.05444454542997786, -0.0031363630275482463, 0.0]","{""Controller Type"": ""MPC Controller"", ""weight_comfort"": 344.0048431448033, ""weight_trajectory"": 551986.3436000966, ""weight_goal"": 972949.7672953082, ""Q"": [[551986.3436000966, 0.0, 0.0, 0.0], [0.0, 0.0, 0.0, 0.0], [0.0, 0.0, 551986.3436000966, 0.0], [0.0, 0.0, 0.0, 0.0]], ""R"": [[344.0048431448033, 0.0], [0.0, 344.0048431448033]], ""P"": [[972949.7672953082, 0.0, 0.0, 0.0], [0.0, 97294976.72953081, 0.0, 0.0], [0.0, 0.0, 972949.7672953082, 0.0], [0.0, 0.0, 0.0, 97294976.72953081]]}","[-0.7160354871688491, -0.27590791664613024, 0.0]",False
3,P01,c0150e75-d12d-467e-96b2-81d06399c7ad,27,1,haply,mpc,seeded_random,3975743691,persist_session,10.0,23.83910640716553,4216.315987021,0,1785827205.1134949,353,True,normal,adaptive,-0.08,-0.08,0.0,0.08,-0.08,0.0,0.0690931589999999,-0.0746546999999999,0.0,0.055046454,-0.15237536,0.15555885,0.024421178,0.0004033275,-0.009476094,"[2.3698024664039954, 0.4147258792577961, 0.0, 0.0, 0.0, 0.0, 2.103789419870667, -0.26615303656497125]","[0.05135482331495567, -0.005392127306757264, 0.0]","{""Controller Type"": ""MPC Controller"", ""weight_comfort"": 344.0048431448033, ""weight_trajectory"": 551986.3436000966, ""weight_goal"": 972949.7672953082, ""Q"": [[551986.3436000966, 0.0, 0.0, 0.0], [0.0, 0.0, 0.0, 0.0], [0.0, 0.0, 551986.3436000966, 0.0], [0.0, 0.0, 0.0, 0.0]], ""R"": [[344.0048431448033, 0.0], [0.0, 344.0048431448033]], ""P"": [[972949.7672953082, 0.0, 0.0, 0.0], [0.0, 97294976.72953081, 0.0, 0.0], [0.0, 0.0, 972949.7672953082, 0.0], [0.0, 0.0, 0.0, 97294976.72953081]]}","[-0.6844978742169311, -0.43552161004110207, 0.0]",False
3,P01,c0150e75-d12d-467e-96b2-81d06399c7ad,27,1,haply,mpc,seeded_random,3975743691,persist_session,10.0,23.849138345718387,4216.326034032,0,1785827205.1234465,354,True,normal,adaptive,-0.08,-0.08,0.0,0.08,-0.08,0.0,0.069713532,-0.0748767599999999,0.0,0.055259496,-0.15243727,0.15539527,0.02394814,-0.00012546654,-0.010009847,"[2.369540881572735, 0.41528410318347275, 0.0, 0.0, 0.0, 0.0, 2.1036983258909703, -0.26596903789162396]","[0.05026263295835201, -0.004842913289668958, 0.0]","{""Controller Type"": ""MPC Controller"", ""weight_comfort"": 308.286489613423, ""weight_trajectory"": 658025.8717600347, ""weight_goal"": 1161377.9953319216, ""Q"": [[658025.8717600347, 0.0, 0.0, 0.0], [0.0, 0.0, 0.0, 0.0], [0.0, 0.0, 658025.8717600347, 0.0], [0.0, 0.0, 0.0, 0.0]], ""R"": [[308.286489613423, 0.0], [0.0, 308.286489613423]], ""P"": [[1161377.9953319216, 0.0, 0.0, 0.0], [0.0, 116137799.53319216, 0.0, 0.0], [0.0, 0.0, 1161377.9953319216, 0.0], [0.0, 0.0, 0.0, 116137799.53319216]]}","[-0.7215297266207867, -0.39576378758993036, 0.0]",False
3,P01,c0150e75-d12d-467e-96b2-81d06399c7ad,27,1,haply,mpc,seeded_random,3975743691,persist_session,10.0,23.859237041473392,4216.336135999,0,1785827205.1333888,355,True,normal,adaptive,-0.08,-0.08,0.0,0.08,-0.08,0.0,0.0703526579999999,-0.0752039199999999,0.0,0.05547272,-0.15249889,0.15523139,0.023565229,-0.0005409215,-0.010431819,"[2.3682558979494326, 0.4178238076070162, 0.0, 0.0, 0.0, 0.0, 2.096493931649277, -0.25457160658984224]","[0.049706576424262516, -0.0016780474679653802, 0.0]","{""Controller Type"": ""MPC Controller"", ""weight_comfort"": 308.286489613423, ""weight_trajectory"": 658025.8717600347, ""weight_goal"": 1161377.9953319216, ""Q"": [[658025.8717600347, 0.0, 0.0, 0.0], [0.0, 0.0, 0.0, 0.0], [0.0, 0.0, 658025.8717600347, 0.0], [0.0, 0.0, 0.0, 0.0]], ""R"": [[308.286489613423, 0.0], [0.0, 308.286489613423]], ""P"": [[1161377.9953319216, 0.0, 0.0, 0.0], [0.0, 116137799.53319216, 0.0, 0.0], [0.0, 0.0, 1161377.9953319216, 0.0], [0.0, 0.0, 0.0, 116137799.53319216]]}","[-0.8126479403124461, -0.17149590730698677, 0.0]",False
3,P01,c0150e75-d12d-467e-96b2-81d06399c7ad,27,1,haply,mpc,seeded_random,3975743691,persist_session,10.0,23.86916264533997,4216.346066425,0,1785827205.1434853,356,True,normal,adaptive,-0.08,-0.08,0.0,0.08,-0.08,0.0,0.07099233,-0.0755316799999999,0.0,0.055679884,-0.15251811,0.15511996,0.023226354,-0.0010018088,-0.010917654,"[2.369523456609869, 0.415410837518661, 0.0, 0.0, 0.0, 0.0, 2.0968029063052525, -0.25505121380258694]","[0.047662447791918514, -0.0010895674888245273, 0.0]","{""Controller Type"": ""MPC Controller"", ""weight_comfort"": 308.286489613423, ""weight_trajectory"": 658025.8717600347, ""weight_goal"": 1161377.9953319216, ""Q"": [[658025.8717600347, 0.0, 0.0, 0.0], [0.0, 0.0, 0.0, 0.0], [0.0, 0.0, 658025.8717600347, 0.0], [0.0, 0.0, 0.0, 0.0]], ""R"": [[308.286489613423, 0.0], [0.0, 308.286489613423]], ""P"": [[1161377.9953319216, 0.0, 0.0, 0.0], [0.0, 116137799.53319216, 0.0, 0.0], [0.0, 0.0, 1161377.9953319216, 0.0], [0.0, 0.0, 0.0, 116137799.53319216]]}","[-0.8180064724192457, -0.12769836123502373, 0.0]",False
3,P01,c0150e75-d12d-467e-96b2-81d06399c7ad,27,1,haply,mpc,seeded_random,3975743691,persist_session,10.0,23.879178609848026,4216.356070193,0,1785827205.1534257,357,True,normal,adaptive,-0.08,-0.08,0.0,0.08,-0.08,0.0,0.071613822,-0.0757545399999999,0.0,0.055887148,-0.1525369,0.15500845,0.022831118,-0.0014202052,-0.011319764,"[2.370735387313695, 0.41318611580600617, 0.0, 0.0, 0.0, 0.0, 2.100807344808604, -0.2621563577004517]","[0.04571521755893524, -0.003041298024928805, 0.0]","{""Controller Type"": ""MPC Controller"", ""weight_comfort"": 268.6821008100478, ""weight_trajectory"": 775345.3663694432, ""weight_goal"": 1369219.713552315, ""Q"": [[775345.3663694432, 0.0, 0.0, 0.0], [0.0, 0.0, 0.0, 0.0], [0.0, 0.0, 775345.3663694432, 0.0], [0.0, 0.0, 0.0, 0.0]], ""R"": [[268.6821008100478, 0.0], [0.0, 268.6821008100478]], ""P"": [[1369219.713552315, 0.0, 0.0, 0.0], [0.0, 136921971.3552315, 0.0, 0.0], [0.0, 0.0, 1369219.713552315, 0.0], [0.0, 0.0, 0.0, 136921971.3552315]]}","[-0.8244492612779035, -0.27098751615220423, 0.0]",False
3,P01,c0150e75-d12d-467e-96b2-81d06399c7ad,27,1,haply,mpc,seeded_random,3975743691,persist_session,10.0,23.889066305160526,4216.365972538,0,1785827205.1633797,358,True,normal,adaptive,-0.08,-0.08,0.0,0.08,-0.08,0.0,0.0722356139999999,-0.07597756,0.0,0.05603589,-0.15261918,0.15484604,0.022460593,-0.0017350244,-0.01160073,"[2.371227860840139, 0.41231929142830015, 0.0, 0.0, 0.0, 0.0, 2.1008243502229784, -0.2621857009085639]","[0.0441667364707506, -0.002576279021083272, 0.0]","{""Controller Type"": ""MPC Controller"", ""weight_comfort"": 268.6821008100478, ""weight_trajectory"": 775345.3663694432, ""weight_goal"": 1369219.713552315, ""Q"": [[775345.3663694432, 0.0, 0.0, 0.0], [0.0, 0.0, 0.0, 0.0], [0.0, 0.0, 775345.3663694432, 0.0], [0.0, 0.0, 0.0, 0.0]], ""R"": [[268.6821008100478, 0.0], [0.0, 268.6821008100478]], ""P"": [[1369219.713552315, 0.0, 0.0, 0.0], [0.0, 136921971.3552315, 0.0, 0.0], [0.0, 0.0, 1369219.713552315, 0.0], [0.0, 0.0, 0.0, 136921971.3552315]]}","[-0.8720278971308875, -0.24611562274931462, 0.0]",False
3,P01,c0150e75-d12d-467e-96b2-81d06399c7ad,27,1,haply,mpc,seeded_random,3975743691,persist_session,10.0,23.899352636337284,4216.376246196,0,1785827205.173492,359,True,normal,adaptive,-0.08,-0.08,0.0,0.08,-0.08,0.0,0.07268184,-0.07630238,0.0,0.05624338,-0.15263748,0.15473418,0.022098847,-0.0019811725,-0.011799314,"[2.381370265366422, 0.3905637697346061, 0.0, 0.0, 0.0, 0.0, 2.0938002211344715, -0.2518103814181068]","[0.034661701381515454, 0.0003464052099717537, 0.0]","{""Controller Type"": ""MPC Controller"", ""weight_comfort"": 268.6821008100478, ""weight_trajectory"": 775345.3663694432, ""weight_goal"": 1369219.713552315, ""Q"": [[775345.3663694432, 0.0, 0.0, 0.0], [0.0, 0.0, 0.0, 0.0], [0.0, 0.0, 775345.3663694432, 0.0], [0.0, 0.0, 0.0, 0.0]], ""R"": [[268.6821008100478, 0.0], [0.0, 268.6821008100478]], ""P"": [[1369219.713552315, 0.0, 0.0, 0.0], [0.0, 136921971.3552315, 0.0, 0.0], [0.0, 0.0, 1369219.713552315, 0.0], [0.0, 0.0, 0.0, 136921971.3552315]]}","[-0.5567972247667534, -0.01904908957341975, 0.0]",False
3,P01,c0150e75-d12d-467e-96b2-81d06399c7ad,27,1,haply,mpc,seeded_random,3975743691,persist_session,10.0,23.909081544876102,4216.385981229,0,1785827205.183367,360,True,normal,adaptive,-0.08,-0.08,0.0,0.08,-0.08,0.0,0.07330431,-0.0765260999999999,0.0,0.056450944,-0.15265532,0.15462229,0.021811463,-0.002145752,-0.011927552,"[2.3610472232482693, 0.42387217220372264, 0.0, 0.0, 0.0, 0.0, 2.098180629425776, -0.2588689008537459]","[0.042527435848780916, -0.0014241807029628933, 0.0]","{""Controller Type"": ""MPC Controller"", ""weight_comfort"": 230.51895866228972, ""weight_trajectory"": 888470.0810504638, ""weight_goal"": 1569118.483561061, ""Q"": [[888470.0810504638, 0.0, 0.0, 0.0], [0.0, 0.0, 0.0, 0.0], [0.0, 0.0, 888470.0810504638, 0.0], [0.0, 0.0, 0.0, 0.0]], ""R"": [[230.51895866228972, 0.0], [0.0, 230.51895866228972]], ""P"": [[1569118.483561061, 0.0, 0.0, 0.0], [0.0, 156911848.3561061, 0.0, 0.0], [0.0, 0.0, 1569118.483561061, 0.0], [0.0, 0.0, 0.0, 156911848.3561061]]}","[-0.9167917604421698, -0.15312759439643434, 0.0]",False
3,P01,c0150e75-d12d-467e-96b2-81d06399c7ad,27,1,haply,mpc,seeded_random,3975743691,persist_session,10.0,23.919210281372074,4216.396114262,0,1785827205.1936538,361,True,normal,adaptive,-0.08,-0.08,0.0,0.08,-0.08,0.0,0.073927002,-0.0767498799999999,0.0,0.056587264,-0.15265319,0.15456524,0.021485554,-0.0022869753,-0.012008796,"[2.3640772042535207, 0.41901296057234905, 0.0, 0.0, 0.0, 0.0, 2.0985750764836055, -0.25949842212451313]","[0.03972117417218559, -0.0011754725148616215, 0.0]","{""Controller Type"": ""MPC Controller"", ""weight_comfort"": 230.51895866228972, ""weight_trajectory"": 888470.0810504638, ""weight_goal"": 1569118.483561061, ""Q"": [[888470.0810504638, 0.0, 0.0, 0.0], [0.0, 0.0, 0.0, 0.0], [0.0, 0.0, 888470.0810504638, 0.0], [0.0, 0.0, 0.0, 0.0]], ""R"": [[230.51895866228972, 0.0], [0.0, 230.51895866228972]], ""P"": [[1569118.483561061, 0.0, 0.0, 0.0], [0.0, 156911848.3561061, 0.0, 0.0], [0.0, 0.0, 1569118.483561061, 0.0], [0.0, 0.0, 0.0, 156911848.3561061]]}","[-0.9112104420926266, -0.13910574885986365, 0.0]",False
3,P01,c0150e75-d12d-467e-96b2-81d06399c7ad,27,1,haply,mpc,seeded_random,3975743691,persist_session,10.0,23.92910179138184,4216.406000265,0,1785827205.2035637,362,True,normal,adaptive,-0.08,-0.08,0.0,0.08,-0.08,0.0,0.0743359619999999,-0.07686398,0.0,0.056795005,-0.15267055,0.15445317,0.02112534,-0.0024353354,-0.012079208,"[2.3760758614335016, 0.39667280206184297, 0.0, 0.0, 0.0, 0.0, 2.1000060756394427, -0.26294307395523153]","[0.02982845329884234, -0.003558120642850361, 0.0]","{""Controller Type"": ""MPC Controller"", ""weight_comfort"": 230.51895866228972, ""weight_trajectory"": 888470.0810504638, ""weight_goal"": 1569118.483561061, ""Q"": [[888470.0810504638, 0.0, 0.0, 0.0], [0.0, 0.0, 0.0, 0.0], [0.0, 0.0, 888470.0810504638, 0.0], [0.0, 0.0, 0.0, 0.0]], ""R"": [[230.51895866228972, 0.0], [0.0, 230.51895866228972]], ""P"": [[1569118.483561061, 0.0, 0.0, 0.0], [0.0, 156911848.3561061, 0.0, 0.0], [0.0, 0.0, 1569118.483561061, 0.0], [0.0, 0.0, 0.0, 156911848.3561061]]}","[-0.5743066116998651, -0.3061454439449646, 0.0]",False
3,P01,c0150e75-d12d-467e-96b2-81d06399c7ad,27,1,haply,mpc,seeded_random,3975743691,persist_session,10.0,23.93915614128113,4216.416064215,0,1785827205.213632,363,True,normal,adaptive,-0.08,-0.08,0.0,0.08,-0.08,0.0,0.074959185,-0.0770881199999999,0.0,0.056872852,-0.15273179,0.15434514,0.020651191,-0.0024769872,-0.01196511,"[2.3521549050179886, 0.43260951886016213, 0.0, 0.0, 0.0, 0.0, 2.094840389414456, -0.25504866637949114]","[0.03863479188859259, -0.00042210870298370513, 0.0]","{""Controller Type"": ""MPC Controller"", ""weight_comfort"": 190.47705634908306, ""weight_trajectory"": 1007273.325731606, ""weight_goal"": 1779011.2908202177, ""Q"": [[1007273.325731606, 0.0, 0.0, 0.0], [0.0, 0.0, 0.0, 0.0], [0.0, 0.0, 1007273.325731606, 0.0], [0.0, 0.0, 0.0, 0.0]], ""R"": [[190.47705634908306, 0.0], [0.0, 190.47705634908306]], ""P"": [[1779011.2908202177, 0.0, 0.0, 0.0], [0.0, 177901129.08202177, 0.0, 0.0], [0.0, 0.0, 1779011.2908202177, 0.0], [0.0, 0.0, 0.0, 177901129.08202177]]}","[-0.9677736812314615, -0.07434616339308862, 0.0]",False
3,P01,c0150e75-d12d-467e-96b2-81d06399c7ad,27,1,haply,mpc,seeded_random,3975743691,persist_session,10.0,23.949450340271,4216.426347221,0,1785827205.2238138,364,True,normal,adaptive,-0.08,-0.08,0.0,0.08,-0.08,0.0,0.075192726,-0.07730418,0.0,0.056944314,-0.15275133,0.15429012,0.019863477,-0.0025810197,-0.011783392,"[2.3521549050179886, 0.43260951886016213, 0.0, 0.0, 0.0, 0.0, 2.094840389414456, -0.25504866637949114]","[0.03863479188859259, -0.00042210870298370513, 0.0]","{""Controller Type"": ""MPC Controller"", ""weight_comfort"": 190.47705634908306, ""weight_trajectory"": 1007273.325731606, ""weight_goal"": 1779011.2908202177, ""Q"": [[1007273.325731606, 0.0, 0.0, 0.0], [0.0, 0.0, 0.0, 0.0], [0.0, 0.0, 1007273.325731606, 0.0], [0.0, 0.0, 0.0, 0.0]], ""R"": [[190.47705634908306, 0.0], [0.0, 190.47705634908306]], ""P"": [[1779011.2908202177, 0.0, 0.0, 0.0], [0.0, 177901129.08202177, 0.0, 0.0], [0.0, 0.0, 1779011.2908202177, 0.0], [0.0, 0.0, 0.0, 177901129.08202177]]}","[-0.2780515176481417, -0.061628087053583955, 0.0]",False
3,P01,c0150e75-d12d-467e-96b2-81d06399c7ad,27,1,haply,mpc,seeded_random,3975743691,persist_session,10.0,23.959098424911502,4216.435980231,0,1785827205.2335448,365,True,normal,adaptive,-0.08,-0.08,0.0,0.08,-0.08,0.0,0.075407112,-0.0774142199999999,0.0,0.056957215,-0.15283455,0.15418401,0.019125683,-0.0026803052,-0.011610308,"[2.35635981772833, 0.4210458636523361, 0.0, 0.0, 0.0, 0.0, 2.0958074046227537, -0.256624689342175]","[0.020293606406625107, -0.001216741399834782, 0.0]","{""Controller Type"": ""MPC Controller"", ""weight_comfort"": 190.47705634908306, ""weight_trajectory"": 1007273.325731606, ""weight_goal"": 1779011.2908202177, ""Q"": [[1007273.325731606, 0.0, 0.0, 0.0], [0.0, 0.0, 0.0, 0.0], [0.0, 0.0, 1007273.325731606, 0.0], [0.0, 0.0, 0.0, 0.0]], ""R"": [[190.47705634908306, 0.0], [0.0, 190.47705634908306]], ""P"": [[1779011.2908202177, 0.0, 0.0, 0.0], [0.0, 177901129.08202177, 0.0, 0.0], [0.0, 0.0, 1779011.2908202177, 0.0], [0.0, 0.0, 0.0, 177901129.08202177]]}","[-0.2677943439755968, -0.224550926142316, 0.0]",False
3,P01,c0150e75-d12d-467e-96b2-81d06399c7ad,27,1,haply,mpc,seeded_random,3975743691,persist_session,10.0,23.9691778087616,4216.446084513,0,1785827205.2436953,366,True,normal,adaptive,-0.08,-0.08,0.0,0.08,-0.08,0.0,0.075445815,-0.0776264399999999,0.0,0.057028703,-0.15285407,0.15412883,0.018521383,-0.0026198544,-0.01129726,"[2.35635981772833, 0.4210458636523361, 0.0, 0.0, 0.0, 0.0, 2.0958074046227537, -0.256624689342175]","[0.020293606406625107, -0.001216741399834782, 0.0]","{""Controller Type"": ""MPC Controller"", ""weight_comfort"": 190.47705634908306, ""weight_trajectory"": 1007273.325731606, ""weight_goal"": 1779011.2908202177, ""Q"": [[1007273.325731606, 0.0, 0.0, 0.0], [0.0, 0.0, 0.0, 0.0], [0.0, 0.0, 1007273.325731606, 0.0], [0.0, 0.0, 0.0, 0.0]], ""R"": [[190.47705634908306, 0.0], [0.0, 190.47705634908306]], ""P"": [[1779011.2908202177, 0.0, 0.0, 0.0], [0.0, 177901129.08202177, 0.0, 0.0], [0.0, 0.0, 1779011.2908202177, 0.0], [0.0, 0.0, 0.0, 177901129.08202177]]}","[0.06426233824172495, -0.013583416733651203, 0.0]",False
3,P01,c0150e75-d12d-467e-96b2-81d06399c7ad,27,1,haply,mpc,seeded_random,3975743691,persist_session,10.0,23.979132499694828,4216.456033993,0,1785827205.253364,367,True,normal,adaptive,-0.08,-0.08,0.0,0.08,-0.08,0.0,0.075660279,-0.0777368,0.0,0.057035152,-0.1528956,0.15407579,0.015125,-0.0033886568,-0.010743715,"[2.3562593620236894, 0.41960822617548404, 0.0, 0.0, 0.0, 0.0, 2.0958268140729244, -0.2566549147177352]","[0.015585494314357093, -0.0005659374500189118, 0.0]","{""Controller Type"": ""MPC Controller"", ""weight_comfort"": 190.47705634908306, ""weight_trajectory"": 1007273.325731606, ""weight_goal"": 1779011.2908202177, ""Q"": [[1007273.325731606, 0.0, 0.0, 0.0], [0.0, 0.0, 0.0, 0.0], [0.0, 0.0, 1007273.325731606, 0.0], [0.0, 0.0, 0.0, 0.0]], ""R"": [[190.47705634908306, 0.0], [0.0, 190.47705634908306]], ""P"": [[1779011.2908202177, 0.0, 0.0, 0.0], [0.0, 177901129.08202177, 0.0, 0.0], [0.0, 0.0, 1779011.2908202177, 0.0], [0.0, 0.0, 0.0, 177901129.08202177]]}","[-0.27798451197428725, -0.168800855467567, 0.0]",False
3,P01,c0150e75-d12d-467e-96b2-81d06399c7ad,27,1,haply,mpc,seeded_random,3975743691,persist_session,10.0,23.989092912673954,4216.465999044,0,1785827205.263463,368,True,normal,adaptive,-0.08,-0.08,0.0,0.08,-0.08,0.0,0.075679626,-0.07784288,0.0,0.057048067,-0.15297873,0.15396957,0.0124228345,-0.0038741473,-0.010151112,"[2.353015149279152, 0.4201741901182904, 0.0, 0.0, 0.0, 0.0, 2.096829910353221, -0.2585233626569316]","[0.010970852798328313, -0.0018075639723278852, 0.0]","{""Controller Type"": ""MPC Controller"", ""weight_comfort"": 172.49326515287802, ""weight_trajectory"": 1060501.5874536755, ""weight_goal"": 1873532.2408015311, ""Q"": [[1060501.5874536755, 0.0, 0.0, 0.0], [0.0, 0.0, 0.0, 0.0], [0.0, 0.0, 1060501.5874536755, 0.0], [0.0, 0.0, 0.0, 0.0]], ""R"": [[172.49326515287802, 0.0], [0.0, 172.49326515287802]], ""P"": [[1873532.2408015311, 0.0, 0.0, 0.0], [0.0, 187353224.0801531, 0.0, 0.0], [0.0, 0.0, 1873532.2408015311, 0.0], [0.0, 0.0, 0.0, 187353224.0801531]]}","[0.09208059768088604, -0.1677460113092056, 0.0]",False
3,P01,c0150e75-d12d-467e-96b2-81d06399c7ad,27,1,haply,mpc,seeded_random,3975743691,persist_session,10.0,23.999155607223514,4216.476058131,0,1785827205.273366,369,True,normal,adaptive,-0.08,-0.08,0.0,0.08,-0.08,0.0,0.075718371,-0.0780553199999999,0.0,0.057048067,-0.15297873,0.15396957,0.010358978,-0.004203458,-0.009649385,"[2.353479002062907, 0.42019483648256234, 0.0, 0.0, 0.0, 0.0, 2.0909882419391606, -0.25030897918430645]","[0.011720723178327539, 0.0013033714275091889, 0.0]","{""Controller Type"": ""MPC Controller"", ""weight_comfort"": 172.49326515287802, ""weight_trajectory"": 1060501.5874536755, ""weight_goal"": 1873532.2408015311, ""Q"": [[1060501.5874536755, 0.0, 0.0, 0.0], [0.0, 0.0, 0.0, 0.0], [0.0, 0.0, 1060501.5874536755, 0.0], [0.0, 0.0, 0.0, 0.0]], ""R"": [[172.49326515287802, 0.0], [0.0, 172.49326515287802]], ""P"": [[1873532.2408015311, 0.0, 0.0, 0.0], [0.0, 187353224.0801531, 0.0, 0.0], [0.0, 0.0, 1873532.2408015311, 0.0], [0.0, 0.0, 0.0, 187353224.0801531]]}","[0.05182617348416542, 0.06716924822646987, 0.0]",False
3,P01,c0150e75-d12d-467e-96b2-81d06399c7ad,27,1,haply,mpc,seeded_random,3975743691,persist_session,10.0,24.00895937919617,4216.485871411,0,1785827205.2835004,370,True,normal,adaptive,-0.08,-0.08,0.0,0.08,-0.08,0.0,0.075718371,-0.0780553199999999,0.0,0.057119604,-0.15299802,0.15391429,0.008714392,-0.004477978,-0.009264904,"[2.352109495293345, 0.42063367797364437, 0.0, 0.0, 0.0, 0.0, 2.088134044554561, -0.24903469226367222]","[0.010070860226223338, -0.004060752513764402, 0.0]","{""Controller Type"": ""MPC Controller"", ""weight_comfort"": 172.49326515287802, ""weight_trajectory"": 1060501.5874536755, ""weight_goal"": 1873532.2408015311, ""Q"": [[1060501.5874536755, 0.0, 0.0, 0.0], [0.0, 0.0, 0.0, 0.0], [0.0, 0.0, 1060501.5874536755, 0.0], [0.0, 0.0, 0.0, 0.0]], ""R"": [[172.49326515287802, 0.0], [0.0, 172.49326515287802]], ""P"": [[1873532.2408015311, 0.0, 0.0, 0.0], [0.0, 187353224.0801531, 0.0, 0.0], [0.0, 0.0, 1873532.2408015311, 0.0], [0.0, 0.0, 0.0, 187353224.0801531]]}","[0.1236106258943894, -0.3264270620242085, 0.0]",False
3,P01,c0150e75-d12d-467e-96b2-81d06399c7ad,27,1,haply,mpc,seeded_random,3975743691,persist_session,10.0,24.019113864898685,4216.495999725,0,1785827205.293321,371,True,normal,adaptive,-0.08,-0.08,0.0,0.08,-0.08,0.0,0.0759329819999999,-0.0781658799999999,0.0,0.05718468,-0.1529758,0.15391219,0.0074791643,-0.0043772506,-0.008604478,"[2.3468745193564575, 0.43331799790886977, 0.0, 0.0, 0.0, 0.0, 2.085601343007427, -0.24485380447326693]","[0.01901427590632819, -0.0010686479133347063, 0.0]","{""Controller Type"": ""MPC Controller"", ""weight_comfort"": 166.00330934579566, ""weight_trajectory"": 1079912.940472421, ""weight_goal"": 1907382.2919945642, ""Q"": [[1079912.940472421, 0.0, 0.0, 0.0], [0.0, 0.0, 0.0, 0.0], [0.0, 0.0, 1079912.940472421, 0.0], [0.0, 0.0, 0.0, 0.0]], ""R"": [[166.00330934579566, 0.0], [0.0, 166.00330934579566]], ""P"": [[1907382.2919945642, 0.0, 0.0, 0.0], [0.0, 190738229.19945642, 0.0, 0.0], [0.0, 0.0, 1907382.2919945642, 0.0], [0.0, 0.0, 0.0, 190738229.19945642]]}","[-0.28354427483257777, -0.10130913462039641, 0.0]",False
3,P01,c0150e75-d12d-467e-96b2-81d06399c7ad,27,1,haply,mpc,seeded_random,3975743691,persist_session,10.0,24.029080476760868,4216.505992752,0,1785827205.3034706,372,True,normal,adaptive,-0.08,-0.08,0.0,0.08,-0.08,0.0,0.07612821,-0.0781700799999999,0.0,0.05719117,-0.15301739,0.15385897,0.0065925578,-0.0040032086,-0.007766725,"[2.3473850926782647, 0.43194403343658405, 0.0, 0.0, 0.0, 0.0, 2.0843782348207496, -0.24441279509762737]","[0.017396948460781627, -0.003713106273815912, 0.0]","{""Controller Type"": ""MPC Controller"", ""weight_comfort"": 166.00330934579566, ""weight_trajectory"": 1079912.940472421, ""weight_goal"": 1907382.2919945642, ""Q"": [[1079912.940472421, 0.0, 0.0, 0.0], [0.0, 0.0, 0.0, 0.0], [0.0, 0.0, 1079912.940472421, 0.0], [0.0, 0.0, 0.0, 0.0]], ""R"": [[166.00330934579566, 0.0], [0.0, 166.00330934579566]], ""P"": [[1907382.2919945642, 0.0, 0.0, 0.0], [0.0, 190738229.19945642, 0.0, 0.0], [0.0, 0.0, 1907382.2919945642, 0.0], [0.0, 0.0, 0.0, 190738229.19945642]]}","[-0.24226593935551535, -0.3002165935830698, 0.0]",False
3,P01,c0150e75-d12d-467e-96b2-81d06399c7ad,27,1,haply,mpc,seeded_random,3975743691,persist_session,10.0,24.039123382568363,4216.516029664,0,1785827205.3132997,373,True,normal,adaptive,-0.08,-0.08,0.0,0.08,-0.08,0.0,0.07614768,-0.0782765199999999,0.0,0.057262763,-0.15303662,0.15380366,0.0059862095,-0.0037217382,-0.007163922,"[2.3427850272239126, 0.432618237173359, 0.0, 0.0, 0.0, 0.0, 2.0820920081397407, -0.24067483726488148]","[0.009882115503805501, -0.0009821448081487076, 0.0]","{""Controller Type"": ""MPC Controller"", ""weight_comfort"": 166.00330934579566, ""weight_trajectory"": 1079912.940472421, ""weight_goal"": 1907382.2919945642, ""Q"": [[1079912.940472421, 0.0, 0.0, 0.0], [0.0, 0.0, 0.0, 0.0], [0.0, 0.0, 1079912.940472421, 0.0], [0.0, 0.0, 0.0, 0.0]], ""R"": [[166.00330934579566, 0.0], [0.0, 166.00330934579566]], ""P"": [[1907382.2919945642, 0.0, 0.0, 0.0], [0.0, 190738229.19945642, 0.0, 0.0], [0.0, 0.0, 1907382.2919945642, 0.0], [0.0, 0.0, 0.0, 190738229.19945642]]}","[0.07409250869219157, -0.09100556605897145, 0.0]",False
3,P01,c0150e75-d12d-467e-96b2-81d06399c7ad,27,1,haply,mpc,seeded_random,3975743691,persist_session,10.0,24.0489958190918,4216.525908153,0,1785827205.3234491,374,True,normal,adaptive,-0.08,-0.08,0.0,0.08,-0.08,0.0,0.076362459,-0.0783871399999999,0.0,0.057269238,-0.15307805,0.15375042,0.005511676,-0.0034786311,-0.006665545,"[2.3380155508922336, 0.4432150380044308, 0.0, 0.0, 0.0, 0.0, 2.0820780923632913, -0.24065270415420364]","[0.017883757473910186, -0.0007352069852576645, 0.0]","{""Controller Type"": ""MPC Controller"", ""weight_comfort"": 154.78209849283436, ""weight_trajectory"": 1113382.7537255778, ""weight_goal"": 1966090.302746867, ""Q"": [[1113382.7537255778, 0.0, 0.0, 0.0], [0.0, 0.0, 0.0, 0.0], [0.0, 0.0, 1113382.7537255778, 0.0], [0.0, 0.0, 0.0, 0.0]], ""R"": [[154.78209849283436, 0.0], [0.0, 154.78209849283436]], ""P"": [[1966090.302746867, 0.0, 0.0, 0.0], [0.0, 196609030.2746867, 0.0, 0.0], [0.0, 0.0, 1966090.302746867, 0.0], [0.0, 0.0, 0.0, 196609030.2746867]]}","[-0.28437450292055233, -0.0711129322835594, 0.0]",False
3,P01,c0150e75-d12d-467e-96b2-81d06399c7ad,27,1,haply,mpc,seeded_random,3975743691,persist_session,10.0,24.059100236892704,4216.535996264,0,1785827205.3335483,375,True,normal,adaptive,-0.08,-0.08,0.0,0.08,-0.08,0.0,0.076381884,-0.0784936199999999,0.0,0.057269238,-0.15307805,0.15375042,0.0050542997,-0.0033289064,-0.006286069,"[2.3333526508910984, 0.4438653871267496, 0.0, 0.0, 0.0, 0.0, 2.08215781194542, -0.24077796397962478]","[0.00929608229622181, -0.0005978933516028119, 0.0]","{""Controller Type"": ""MPC Controller"", ""weight_comfort"": 154.78209849283436, ""weight_trajectory"": 1113382.7537255778, ""weight_goal"": 1966090.302746867, ""Q"": [[1113382.7537255778, 0.0, 0.0, 0.0], [0.0, 0.0, 0.0, 0.0], [0.0, 0.0, 1113382.7537255778, 0.0], [0.0, 0.0, 0.0, 0.0]], ""R"": [[154.78209849283436, 0.0], [0.0, 154.78209849283436]], ""P"": [[1966090.302746867, 0.0, 0.0, 0.0], [0.0, 196609030.2746867, 0.0, 0.0], [0.0, 0.0, 1966090.302746867, 0.0], [0.0, 0.0, 0.0, 196609030.2746867]]}","[0.0672027243176897, -0.060277592422872846, 0.0]",False
3,P01,c0150e75-d12d-467e-96b2-81d06399c7ad,27,1,haply,mpc,seeded_random,3975743691,persist_session,10.0,24.06908401489258,4216.545998531,0,1785827205.343461,376,True,normal,adaptive,-0.08,-0.08,0.0,0.08,-0.08,0.0,0.076381884,-0.0784936199999999,0.0,0.057340845,-0.15309727,0.15369508,0.004721245,-0.0031801388,-0.005962496,"[2.3327575886062664, 0.4440560453583747, 0.0, 0.0, 0.0, 0.0, 2.081039077409757, -0.24027852963039142]","[0.008440187555457761, -0.0031348356454285417, 0.0]","{""Controller Type"": ""MPC Controller"", ""weight_comfort"": 154.78209849283436, ""weight_trajectory"": 1113382.7537255778, ""weight_goal"": 1966090.302746867, ""Q"": [[1113382.7537255778, 0.0, 0.0, 0.0], [0.0, 0.0, 0.0, 0.0], [0.0, 0.0, 1113382.7537255778, 0.0], [0.0, 0.0, 0.0, 0.0]], ""R"": [[154.78209849283436, 0.0], [0.0, 154.78209849283436]], ""P"": [[1966090.302746867, 0.0, 0.0, 0.0], [0.0, 196609030.2746867, 0.0, 0.0], [0.0, 0.0, 1966090.302746867, 0.0], [0.0, 0.0, 0.0, 196609030.2746867]]}","[0.10259654146062548, -0.2542921936713177, 0.0]",False
3,P01,c0150e75-d12d-467e-96b2-81d06399c7ad,27,1,haply,mpc,seeded_random,3975743691,persist_session,10.0,24.079275455474857,4216.556179231,0,1785827205.353546,377,True,normal,adaptive,-0.08,-0.08,0.0,0.08,-0.08,0.0,0.076596705,-0.0786042999999999,0.0,0.05734733,-0.1531387,0.15364179,0.0043963566,-0.0030151245,-0.0056222356,"[2.326930284054644, 0.4561668961116673, 0.0, 0.0, 0.0, 0.0, 2.078382623192474, -0.23625151175252979]","[0.017636187712813417, -0.00030797156433374356, 0.0]","{""Controller Type"": ""MPC Controller"", ""weight_comfort"": 148.58653055646514, ""weight_trajectory"": 1132021.3146319902, ""weight_goal"": 1998381.0938770638, ""Q"": [[1132021.3146319902, 0.0, 0.0, 0.0], [0.0, 0.0, 0.0, 0.0], [0.0, 0.0, 1132021.3146319902, 0.0], [0.0, 0.0, 0.0, 0.0]], ""R"": [[148.58653055646514, 0.0], [0.0, 148.58653055646514]], ""P"": [[1998381.0938770638, 0.0, 0.0, 0.0], [0.0, 199838109.38770637, 0.0, 0.0], [0.0, 0.0, 1998381.0938770638, 0.0], [0.0, 0.0, 0.0, 199838109.38770637]]}","[-0.29547082221940024, -0.033654910975618214, 0.0]",False
3,P01,c0150e75-d12d-467e-96b2-81d06399c7ad,27,1,haply,mpc,seeded_random,3975743691,persist_session,10.0,24.089259710311893,4216.566149211,0,1785827205.3634896,378,True,normal,adaptive,-0.08,-0.08,0.0,0.08,-0.08,0.0,0.07661616,-0.0787108799999999,0.0,0.057418954,-0.15315777,0.15358637,0.004216103,-0.0028920646,-0.0053977584,"[2.3225452877273995, 0.4566931694683821, 0.0, 0.0, 0.0, 0.0, 2.078445891863308, -0.2363459915376341]","[0.00875264663758343, -0.00014613449432187772, 0.0]","{""Controller Type"": ""MPC Controller"", ""weight_comfort"": 148.58653055646514, ""weight_trajectory"": 1132021.3146319902, ""weight_goal"": 1998381.0938770638, ""Q"": [[1132021.3146319902, 0.0, 0.0, 0.0], [0.0, 0.0, 0.0, 0.0], [0.0, 0.0, 1132021.3146319902, 0.0], [0.0, 0.0, 0.0, 0.0]], ""R"": [[148.58653055646514, 0.0], [0.0, 148.58653055646514]], ""P"": [[1998381.0938770638, 0.0, 0.0, 0.0], [0.0, 199838109.38770637, 0.0, 0.0], [0.0, 0.0, 1998381.0938770638, 0.0], [0.0, 0.0, 0.0, 199838109.38770637]]}","[0.05933037219310422, -0.02060266776656804, 0.0]",False
3,P01,c0150e75-d12d-467e-96b2-81d06399c7ad,27,1,haply,mpc,seeded_random,3975743691,persist_session,10.0,24.099149074554447,4216.576053675,0,1785827205.3733976,379,True,normal,adaptive,-0.08,-0.08,0.0,0.08,-0.08,0.0,0.076831032,-0.0788217199999999,0.0,0.057490632,-0.15317687,0.15353088,0.004111145,-0.0028355727,-0.0052877553,"[2.3164680103194786, 0.46848699791409737, 0.0, 0.0, 0.0, 0.0, 2.078319353217794, -0.2361628350603696]","[0.017500798419134215, 0.00019310296332723364, 0.0]","{""Controller Type"": ""MPC Controller"", ""weight_comfort"": 148.58653055646514, ""weight_trajectory"": 1132021.3146319902, ""weight_goal"": 1998381.0938770638, ""Q"": [[1132021.3146319902, 0.0, 0.0, 0.0], [0.0, 0.0, 0.0, 0.0], [0.0, 0.0, 1132021.3146319902, 0.0], [0.0, 0.0, 0.0, 0.0]], ""R"": [[148.58653055646514, 0.0], [0.0, 148.58653055646514]], ""P"": [[1998381.0938770638, 0.0, 0.0, 0.0], [0.0, 199838109.38770637, 0.0, 0.0], [0.0, 0.0, 1998381.0938770638, 0.0], [0.0, 0.0, 0.0, 199838109.38770637]]}","[-0.3101479900534563, 0.006775887002200391, 0.0]",False
3,P01,c0150e75-d12d-467e-96b2-81d06399c7ad,27,1,haply,mpc,seeded_random,3975743691,persist_session,10.0,24.109027233123783,4216.585935703,0,1785827205.3837812,380,True,normal,adaptive,-0.08,-0.08,0.0,0.08,-0.08,0.0,0.077046066,-0.0789326999999999,0.0,0.057562288,-0.1531958,0.15347554,0.0039510084,-0.0028289654,-0.005212568,"[2.3168002797823473, 0.467852735376061, 0.0, 0.0, 0.0, 0.0, 2.078442956611016, -0.23633979113873596]","[0.016532433099728704, 0.00030767796464743454, 0.0]","{""Controller Type"": ""MPC Controller"", ""weight_comfort"": 136.57571235273656, ""weight_trajectory"": 1167934.340197764, ""weight_goal"": 2061265.2481246083, ""Q"": [[1167934.340197764, 0.0, 0.0, 0.0], [0.0, 0.0, 0.0, 0.0], [0.0, 0.0, 1167934.340197764, 0.0], [0.0, 0.0, 0.0, 0.0]], ""R"": [[136.57571235273656, 0.0], [0.0, 136.57571235273656]], ""P"": [[2061265.2481246083, 0.0, 0.0, 0.0], [0.0, 206126524.81246084, 0.0, 0.0], [0.0, 0.0, 2061265.2481246083, 0.0], [0.0, 0.0, 0.0, 206126524.81246084]]}","[-0.2981981387949044, 0.01635529087678877, 0.0]",False
3,P01,c0150e75-d12d-467e-96b2-81d06399c7ad,27,1,haply,mpc,seeded_random,3975743691,persist_session,10.0,24.119110193252567,4216.595988512,0,1785827205.3933687,381,True,normal,adaptive,-0.08,-0.08,0.0,0.08,-0.08,0.0,0.077261034,-0.07904338,0.0,0.057699155,-0.15319242,0.15341783,0.004008597,-0.0026975526,-0.005084047,"[2.316213437030781, 0.46887660391801955, 0.0, 0.0, 0.0, 0.0, 2.0781785982973586, -0.23597349973859533]","[0.01685700915650999, 0.0007360901554987571, 0.0]","{""Controller Type"": ""MPC Controller"", ""weight_comfort"": 136.57571235273656, ""weight_trajectory"": 1167934.340197764, ""weight_goal"": 2061265.2481246083, ""Q"": [[1167934.340197764, 0.0, 0.0, 0.0], [0.0, 0.0, 0.0, 0.0], [0.0, 0.0, 1167934.340197764, 0.0], [0.0, 0.0, 0.0, 0.0]], ""R"": [[136.57571235273656, 0.0], [0.0, 136.57571235273656]], ""P"": [[2061265.2481246083, 0.0, 0.0, 0.0], [0.0, 206126524.81246084, 0.0, 0.0], [0.0, 0.0, 2061265.2481246083, 0.0], [0.0, 0.0, 0.0, 206126524.81246084]]}","[-0.33744780501155297, 0.05066172718387296, 0.0]",False
3,P01,c0150e75-d12d-467e-96b2-81d06399c7ad,27,1,haply,mpc,seeded_random,3975743691,persist_session,10.0,24.129160013198856,4216.606065889,0,1785827205.403835,382,True,normal,adaptive,-0.08,-0.08,0.0,0.08,-0.08,0.0,0.077671635,-0.0791587999999999,0.0,0.057770886,-0.15321128,0.15336235,0.004765977,-0.0023315996,-0.0049864193,"[2.316213437030781, 0.46887660391801955, 0.0, 0.0, 0.0, 0.0, 2.0781785982973586, -0.23597349973859533]","[0.01685700915650999, 0.0007360901554987571, 0.0]","{""Controller Type"": ""MPC Controller"", ""weight_comfort"": 136.57571235273656, ""weight_trajectory"": 1167934.340197764, ""weight_goal"": 2061265.2481246083, ""Q"": [[1167934.340197764, 0.0, 0.0, 0.0], [0.0, 0.0, 0.0, 0.0], [0.0, 0.0, 1167934.340197764, 0.0], [0.0, 0.0, 0.0, 0.0]], ""R"": [[136.57571235273656, 0.0], [0.0, 136.57571235273656]], ""P"": [[2061265.2481246083, 0.0, 0.0, 0.0], [0.0, 206126524.81246084, 0.0, 0.0], [0.0, 0.0, 2061265.2481246083, 0.0], [0.0, 0.0, 0.0, 206126524.81246084]]}","[-0.6590683335009964, 0.06072195113995656, 0.0]",False
3,P01,c0150e75-d12d-467e-96b2-81d06399c7ad,27,1,haply,mpc,seeded_random,3975743691,persist_session,10.0,24.139145698547367,4216.616050817,0,1785827205.4138062,383,True,normal,adaptive,-0.08,-0.08,0.0,0.08,-0.08,0.0,0.0778868279999999,-0.0792697599999999,0.0,0.057836033,-0.15318884,0.15336023,0.0054742917,-0.0020038558,-0.0049135066,"[2.302982694309373, 0.48742495654171186, 0.0, 0.0, 0.0, 0.0, 2.0783171877875484, -0.23616321130581344]","[0.024484172316564703, 0.0008560650482159243, 0.0]","{""Controller Type"": ""MPC Controller"", ""weight_comfort"": 136.57571235273656, ""weight_trajectory"": 1167934.340197764, ""weight_goal"": 2061265.2481246083, ""Q"": [[1167934.340197764, 0.0, 0.0, 0.0], [0.0, 0.0, 0.0, 0.0], [0.0, 0.0, 1167934.340197764, 0.0], [0.0, 0.0, 0.0, 0.0]], ""R"": [[136.57571235273656, 0.0], [0.0, 136.57571235273656]], ""P"": [[2061265.2481246083, 0.0, 0.0, 0.0], [0.0, 206126524.81246084, 0.0, 0.0], [0.0, 0.0, 2061265.2481246083, 0.0], [0.0, 0.0, 0.0, 206126524.81246084]]}","[-0.33938191861519196, 0.0814073074097727, 0.0]",False
3,P01,c0150e75-d12d-467e-96b2-81d06399c7ad,27,1,haply,mpc,seeded_random,3975743691,persist_session,10.0,24.149148311614994,4216.626053743,0,1785827205.4234772,384,True,normal,adaptive,-0.08,-0.08,0.0,0.08,-0.08,0.0,0.078082269,-0.079274,0.0,0.057907794,-0.15320767,0.15330467,0.0060152463,-0.0017083655,-0.0048039868,"[2.3066842468691378, 0.48166830088029455, 0.0, 0.0, 0.0, 0.0, 2.0786659581036777, -0.23668801627933156]","[0.014493258103769616, -0.00012094834856246671, 0.0]","{""Controller Type"": ""MPC Controller"", ""weight_comfort"": 108.12202294122592, ""weight_trajectory"": 1252795.7481625942, ""weight_goal"": 2210578.1503373124, ""Q"": [[1252795.7481625942, 0.0, 0.0, 0.0], [0.0, 0.0, 0.0, 0.0], [0.0, 0.0, 1252795.7481625942, 0.0], [0.0, 0.0, 0.0, 0.0]], ""R"": [[108.12202294122592, 0.0], [0.0, 108.12202294122592]], ""P"": [[2210578.1503373124, 0.0, 0.0, 0.0], [0.0, 221057815.03373122, 0.0, 0.0], [0.0, 0.0, 2210578.1503373124, 0.0], [0.0, 0.0, 0.0, 221057815.03373122]]}","[-0.31949931342000887, -0.11513240394060083, 0.0]",False
3,P01,c0150e75-d12d-467e-96b2-81d06399c7ad,27,1,haply,mpc,seeded_random,3975743691,persist_session,10.0,24.159197177886966,4216.636103108,0,1785827205.4334764,385,True,normal,adaptive,-0.08,-0.08,0.0,0.08,-0.08,0.0,0.0782975519999999,-0.0793851199999999,0.0,0.05797294,-0.15318516,0.15330254,0.006388043,-0.0014620855,-0.0046779355,"[2.306479778076233, 0.4819730351537792, 0.0, 0.0, 0.0, 0.0, 2.077061514905801, -0.23457103439320606]","[0.01430347408147173, 0.0013295986846106438, 0.0]","{""Controller Type"": ""MPC Controller"", ""weight_comfort"": 108.12202294122592, ""weight_trajectory"": 1252795.7481625942, ""weight_goal"": 2210578.1503373124, ""Q"": [[1252795.7481625942, 0.0, 0.0, 0.0], [0.0, 0.0, 0.0, 0.0], [0.0, 0.0, 1252795.7481625942, 0.0], [0.0, 0.0, 0.0, 0.0]], ""R"": [[108.12202294122592, 0.0], [0.0, 108.12202294122592]], ""P"": [[2210578.1503373124, 0.0, 0.0, 0.0], [0.0, 221057815.03373122, 0.0, 0.0], [0.0, 0.0, 2210578.1503373124, 0.0], [0.0, 0.0, 0.0, 221057815.03373122]]}","[-0.3526947036949154, 0.10071918269988514, 0.0]",False
3,P01,c0150e75-d12d-467e-96b2-81d06399c7ad,27,1,haply,mpc,seeded_random,3975743691,persist_session,10.0,24.16909750938416,4216.646000705,0,1785827205.4435413,386,True,normal,adaptive,-0.08,-0.08,0.0,0.08,-0.08,0.0,0.07849299,-0.07938938,0.0,0.058044717,-0.15320387,0.15324701,0.0066633606,-0.0012665428,-0.0045696786,"[2.307339185716894, 0.4806982706571705, 0.0, 0.0, 0.0, 0.0, 2.076746570340436, -0.23453837702919655]","[0.012811331177342254, -0.0011688333099213195, 0.0]","{""Controller Type"": ""MPC Controller"", ""weight_comfort"": 108.12202294122592, ""weight_trajectory"": 1252795.7481625942, ""weight_goal"": 2210578.1503373124, ""Q"": [[1252795.7481625942, 0.0, 0.0, 0.0], [0.0, 0.0, 0.0, 0.0], [0.0, 0.0, 1252795.7481625942, 0.0], [0.0, 0.0, 0.0, 0.0]], ""R"": [[108.12202294122592, 0.0], [0.0, 108.12202294122592]], ""P"": [[2210578.1503373124, 0.0, 0.0, 0.0], [0.0, 221057815.03373122, 0.0, 0.0], [0.0, 0.0, 2210578.1503373124, 0.0], [0.0, 0.0, 0.0, 221057815.03373122]]}","[-0.31886994838333754, -0.09660344437980285, 0.0]",False
3,P01,c0150e75-d12d-467e-96b2-81d06399c7ad,27,1,haply,mpc,seeded_random,3975743691,persist_session,10.0,24.179124917984012,4216.656027662,0,1785827205.4533951,387,True,normal,adaptive,-0.08,-0.08,0.0,0.08,-0.08,0.0,0.078708321,-0.07950044,0.0,0.058109865,-0.1531813,0.1532449,0.0068186824,-0.0011274893,-0.00447542,"[2.306246286188742, 0.4822292878846116, 0.0, 0.0, 0.0, 0.0, 2.073234331243796, -0.2299881123876091]","[0.013516843655642562, 0.0015564297062788804, 0.0]","{""Controller Type"": ""MPC Controller"", ""weight_comfort"": 90.46423353168926, ""weight_trajectory"": 1305306.3215716116, ""weight_goal"": 2303366.372803659, ""Q"": [[1305306.3215716116, 0.0, 0.0, 0.0], [0.0, 0.0, 0.0, 0.0], [0.0, 0.0, 1305306.3215716116, 0.0], [0.0, 0.0, 0.0, 0.0]], ""R"": [[90.46423353168926, 0.0], [0.0, 90.46423353168926]], ""P"": [[2303366.372803659, 0.0, 0.0, 0.0], [0.0, 230336637.2803659, 0.0, 0.0], [0.0, 0.0, 2303366.372803659, 0.0], [0.0, 0.0, 0.0, 230336637.2803659]]}","[-0.3698219974150007, 0.12337045545066797, 0.0]",False
3,P01,c0150e75-d12d-467e-96b2-81d06399c7ad,27,1,haply,mpc,seeded_random,3975743691,persist_session,10.0,24.1890846157074,4216.665991037,0,1785827205.4634535,388,True,normal,adaptive,-0.08,-0.08,0.0,0.08,-0.08,0.0,0.0789037649999999,-0.07950466,0.0,0.058109865,-0.1531813,0.1532449,0.006885828,-0.0010479059,-0.004412755,"[2.3073091732674396, 0.4807520400390245, 0.0, 0.0, 0.0, 0.0, 2.0730002065276314, -0.22999246266469248]","[0.01187080633923593, -0.0009303466528445759, 0.0]","{""Controller Type"": ""MPC Controller"", ""weight_comfort"": 90.46423353168926, ""weight_trajectory"": 1305306.3215716116, ""weight_goal"": 2303366.372803659, ""Q"": [[1305306.3215716116, 0.0, 0.0, 0.0], [0.0, 0.0, 0.0, 0.0], [0.0, 0.0, 1305306.3215716116, 0.0], [0.0, 0.0, 0.0, 0.0]], ""R"": [[90.46423353168926, 0.0], [0.0, 90.46423353168926]], ""P"": [[2303366.372803659, 0.0, 0.0, 0.0], [0.0, 230336637.2803659, 0.0, 0.0], [0.0, 0.0, 2303366.372803659, 0.0], [0.0, 0.0, 0.0, 230336637.2803659]]}","[-0.3315422377680719, -0.07731060854253367, 0.0]",False
3,P01,c0150e75-d12d-467e-96b2-81d06399c7ad,27,1,haply,mpc,seeded_random,3975743691,persist_session,10.0,24.199140872955326,4216.67604451,0,1785827205.4734294,389,True,normal,adaptive,-0.08,-0.08,0.0,0.08,-0.08,0.0,0.0789037649999999,-0.07950466,0.0,0.058109865,-0.1531813,0.1532449,0.0069307946,-0.0009814106,-0.0043547642,"[2.3055519941089346, 0.48131453257935847, 0.0, 0.0, 0.0, 0.0, 2.072985171309637, -0.22998575182300915]","[0.002527426790262042, -0.0010268324747565092, 0.0]","{""Controller Type"": ""MPC Controller"", ""weight_comfort"": 90.46423353168926, ""weight_trajectory"": 1305306.3215716116, ""weight_goal"": 2303366.372803659, ""Q"": [[1305306.3215716116, 0.0, 0.0, 0.0], [0.0, 0.0, 0.0, 0.0], [0.0, 0.0, 1305306.3215716116, 0.0], [0.0, 0.0, 0.0, 0.0]], ""R"": [[90.46423353168926, 0.0], [0.0, 90.46423353168926]], ""P"": [[2303366.372803659, 0.0, 0.0, 0.0], [0.0, 230336637.2803659, 0.0, 0.0], [0.0, 0.0, 2303366.372803659, 0.0], [0.0, 0.0, 0.0, 230336637.2803659]]}","[0.02929226840631683, -0.08510169785936246, 0.0]",False
3,P01,c0150e75-d12d-467e-96b2-81d06399c7ad,27,1,haply,mpc,seeded_random,3975743691,persist_session,10.0,24.209092702865604,4216.685996499,0,1785827205.4833615,390,True,normal,adaptive,-0.08,-0.08,0.0,0.08,-0.08,0.0,0.0789037649999999,-0.07950466,0.0,0.058116496,-0.15322255,0.15319143,0.0070562162,-0.0006977798,-0.004067956,"[2.305549714689057, 0.481315262246946, 0.0, 0.0, 0.0, 0.0, 2.0729848126053363, -0.22998559171839508]","[0.0025274242914821925, -0.0010268322970759208, 0.0]","{""Controller Type"": ""MPC Controller"", ""weight_comfort"": 84.87007206174505, ""weight_trajectory"": 1321941.2353207266, ""weight_goal"": 2332763.695923012, ""Q"": [[1321941.2353207266, 0.0, 0.0, 0.0], [0.0, 0.0, 0.0, 0.0], [0.0, 0.0, 1321941.2353207266, 0.0], [0.0, 0.0, 0.0, 0.0]], ""R"": [[84.87007206174505, 0.0], [0.0, 84.87007206174505]], ""P"": [[2332763.695923012, 0.0, 0.0, 0.0], [0.0, 233276369.59230122, 0.0, 0.0], [0.0, 0.0, 2332763.695923012, 0.0], [0.0, 0.0, 0.0, 233276369.59230122]]}","[0.029292268408651647, -0.0851016978906545, 0.0]",False
3,P01,c0150e75-d12d-467e-96b2-81d06399c7ad,27,1,haply,mpc,seeded_random,3975743691,persist_session,10.0,24.219272460937503,4216.696167767,0,1785827205.4935226,391,True,normal,adaptive,-0.08,-0.08,0.0,0.08,-0.08,0.0,0.0789236579999999,-0.0796116,0.0,0.058116496,-0.15322255,0.15319143,0.0064430954,-0.00068548514,-0.0037751687,"[2.3056197911831324, 0.48137889692281105, 0.0, 0.0, 0.0, 0.0, 2.0698293378593235, -0.2259460849586848]","[0.0034240543001331507, 0.0015740224315436192, 0.0]","{""Controller Type"": ""MPC Controller"", ""weight_comfort"": 84.87007206174505, ""weight_trajectory"": 1321941.2353207266, ""weight_goal"": 2332763.695923012, ""Q"": [[1321941.2353207266, 0.0, 0.0, 0.0], [0.0, 0.0, 0.0, 0.0], [0.0, 0.0, 1321941.2353207266, 0.0], [0.0, 0.0, 0.0, 0.0]], ""R"": [[84.87007206174505, 0.0], [0.0, 84.87007206174505]], ""P"": [[2332763.695923012, 0.0, 0.0, 0.0], [0.0, 233276369.59230122, 0.0, 0.0], [0.0, 0.0, 2332763.695923012, 0.0], [0.0, 0.0, 0.0, 233276369.59230122]]}","[-0.007756791084961671, 0.12875713978718661, 0.0]",False
3,P01,c0150e75-d12d-467e-96b2-81d06399c7ad,27,1,haply,mpc,seeded_random,3975743691,persist_session,10.0,24.229111757278446,4216.70601707,0,1785827205.5034275,392,True,normal,adaptive,-0.08,-0.08,0.0,0.08,-0.08,0.0,0.0789236579999999,-0.0796116,0.0,0.05818167,-0.15319996,0.15318932,0.0053994884,-0.0008259771,-0.0034723277,"[2.305442217791523, 0.4814357401715297, 0.0, 0.0, 0.0, 0.0, 2.0695374993924114, -0.22581582853054896]","[0.0024814442875822134, -0.0008038083647640066, 0.0]","{""Controller Type"": ""MPC Controller"", ""weight_comfort"": 84.87007206174505, ""weight_trajectory"": 1321941.2353207266, ""weight_goal"": 2332763.695923012, ""Q"": [[1321941.2353207266, 0.0, 0.0, 0.0], [0.0, 0.0, 0.0, 0.0], [0.0, 0.0, 1321941.2353207266, 0.0], [0.0, 0.0, 0.0, 0.0]], ""R"": [[84.87007206174505, 0.0], [0.0, 84.87007206174505]], ""P"": [[2332763.695923012, 0.0, 0.0, 0.0], [0.0, 233276369.59230122, 0.0, 0.0], [0.0, 0.0, 2332763.695923012, 0.0], [0.0, 0.0, 0.0, 233276369.59230122]]}","[0.028624229704271493, -0.06681850808759777, 0.0]",False
3,P01,c0150e75-d12d-467e-96b2-81d06399c7ad,27,1,haply,mpc,seeded_random,3975743691,persist_session,10.0,24.23911198616028,4216.715996031,0,1785827205.513482,393,True,normal,adaptive,-0.08,-0.08,0.0,0.08,-0.08,0.0,0.0791191799999999,-0.07961582,0.0,0.058246814,-0.15317732,0.15318719,0.004799514,-0.00086333463,-0.0032458012,"[2.296963383953941, 0.492852891678856, 0.0, 0.0, 0.0, 0.0, 2.069543214543205, -0.2258142190283437]","[0.011607706473897618, -0.000700296384286108, 0.0]","{""Controller Type"": ""MPC Controller"", ""weight_comfort"": 78.65193094078744, ""weight_trajectory"": 1340750.2896638599, ""weight_goal"": 2365336.497269833, ""Q"": [[1340750.2896638599, 0.0, 0.0, 0.0], [0.0, 0.0, 0.0, 0.0], [0.0, 0.0, 1340750.2896638599, 0.0], [0.0, 0.0, 0.0, 0.0]], ""R"": [[78.65193094078744, 0.0], [0.0, 78.65193094078744]], ""P"": [[2365336.497269833, 0.0, 0.0, 0.0], [0.0, 236533649.7269833, 0.0, 0.0], [0.0, 0.0, 2365336.497269833, 0.0], [0.0, 0.0, 0.0, 236533649.7269833]]}","[-0.33796193258581253, -0.0582926609035825, 0.0]",False
3,P01,c0150e75-d12d-467e-96b2-81d06399c7ad,27,1,haply,mpc,seeded_random,3975743691,persist_session,10.0,24.249112930297855,4216.726019796,0,1785827205.5233798,394,True,normal,adaptive,-0.08,-0.08,0.0,0.08,-0.08,0.0,0.079314612,-0.0796200799999999,0.0,0.05837709,-0.15313199,0.15318292,0.004535096,-0.00034608954,-0.0024946958,"[2.2968760160027344, 0.4929672116802069, 0.0, 0.0, 0.0, 0.0, 2.06954326617875, -0.2258142016808993]","[0.011307740949402565, -0.000689072191094289, 0.0]","{""Controller Type"": ""MPC Controller"", ""weight_comfort"": 78.65193094078744, ""weight_trajectory"": 1340750.2896638599, ""weight_goal"": 2365336.497269833, ""Q"": [[1340750.2896638599, 0.0, 0.0, 0.0], [0.0, 0.0, 0.0, 0.0], [0.0, 0.0, 1340750.2896638599, 0.0], [0.0, 0.0, 0.0, 0.0]], ""R"": [[78.65193094078744, 0.0], [0.0, 78.65193094078744]], ""P"": [[2365336.497269833, 0.0, 0.0, 0.0], [0.0, 236533649.7269833, 0.0, 0.0], [0.0, 0.0, 2365336.497269833, 0.0], [0.0, 0.0, 0.0, 236533649.7269833]]}","[-0.34906859280336544, -0.05745135146893137, 0.0]",False
3,P01,c0150e75-d12d-467e-96b2-81d06399c7ad,27,1,haply,mpc,seeded_random,3975743691,persist_session,10.0,24.25914772987366,4216.73605266,0,1785827205.5333722,395,True,normal,adaptive,-0.08,-0.08,0.0,0.08,-0.08,0.0,0.0797054399999999,-0.0796286199999999,0.0,0.05844221,-0.15310928,0.1531808,0.004485969,0.00018246015,-0.0018289954,"[2.2774977626243724, 0.5166575761533305, 0.0, 0.0, 0.0, 0.0, 2.069542967021339, -0.22580540695305604]","[0.02087872110465914, -0.0005756016294577564, 0.0]","{""Controller Type"": ""MPC Controller"", ""weight_comfort"": 78.65193094078744, ""weight_trajectory"": 1340750.2896638599, ""weight_goal"": 2365336.497269833, ""Q"": [[1340750.2896638599, 0.0, 0.0, 0.0], [0.0, 0.0, 0.0, 0.0], [0.0, 0.0, 1340750.2896638599, 0.0], [0.0, 0.0, 0.0, 0.0]], ""R"": [[78.65193094078744, 0.0], [0.0, 78.65193094078744]], ""P"": [[2365336.497269833, 0.0, 0.0, 0.0], [0.0, 236533649.7269833, 0.0, 0.0], [0.0, 0.0, 2365336.497269833, 0.0], [0.0, 0.0, 0.0, 236533649.7269833]]}","[-0.7196028406107879, -0.04808992848155521, 0.0]",False
3,P01,c0150e75-d12d-467e-96b2-81d06399c7ad,27,1,haply,mpc,seeded_random,3975743691,persist_session,10.0,24.269126977920536,4216.7460184,0,1785827205.5433547,396,True,normal,adaptive,-0.08,-0.08,0.0,0.08,-0.08,0.0,0.0799008,-0.0796328599999999,0.0,0.058572426,-0.15306379,0.15317652,0.0049144165,0.0007260103,-0.0013648361,"[2.287532039731325, 0.504461254982465, 0.0, 0.0, 0.0, 0.0, 2.069537457985254, -0.22580744684044524]","[0.010099270052355667, -0.0006639006073870317, 0.0]","{""Controller Type"": ""MPC Controller"", ""weight_comfort"": 55.76047924011769, ""weight_trajectory"": 1409218.0695906356, ""weight_goal"": 2485589.678320137, ""Q"": [[1409218.0695906356, 0.0, 0.0, 0.0], [0.0, 0.0, 0.0, 0.0], [0.0, 0.0, 1409218.0695906356, 0.0], [0.0, 0.0, 0.0, 0.0]], ""R"": [[55.76047924011769, 0.0], [0.0, 55.76047924011769]], ""P"": [[2485589.678320137, 0.0, 0.0, 0.0], [0.0, 248558967.8320137, 0.0, 0.0], [0.0, 0.0, 2485589.678320137, 0.0], [0.0, 0.0, 0.0, 248558967.8320137]]}","[-0.3613338942729656, -0.0553546402523949, 0.0]",False
3,P01,c0150e75-d12d-467e-96b2-81d06399c7ad,27,1,haply,mpc,seeded_random,3975743691,persist_session,10.0,24.279121007919315,4216.756030558,0,1785827205.55346,397,True,normal,adaptive,-0.08,-0.08,0.0,0.08,-0.08,0.0,0.0802914479999999,-0.0796414199999999,0.0,0.058637533,-0.15304098,0.15317437,0.0054509207,0.0011908767,-0.0010470564,"[2.2679336870283477, 0.5276066109169483, 0.0, 0.0, 0.0, 0.0, 2.069536886981438, -0.22579872195871672]","[0.019734947054790574, -0.0005508262530608751, 0.0]","{""Controller Type"": ""MPC Controller"", ""weight_comfort"": 55.76047924011769, ""weight_trajectory"": 1409218.0695906356, ""weight_goal"": 2485589.678320137, ""Q"": [[1409218.0695906356, 0.0, 0.0, 0.0], [0.0, 0.0, 0.0, 0.0], [0.0, 0.0, 1409218.0695906356, 0.0], [0.0, 0.0, 0.0, 0.0]], ""R"": [[55.76047924011769, 0.0], [0.0, 55.76047924011769]], ""P"": [[2485589.678320137, 0.0, 0.0, 0.0], [0.0, 248558967.8320137, 0.0, 0.0], [0.0, 0.0, 2485589.678320137, 0.0], [0.0, 0.0, 0.0, 248558967.8320137]]}","[-0.7713152218596726, -0.04630077693478818, 0.0]",False
3,P01,c0150e75-d12d-467e-96b2-81d06399c7ad,27,1,haply,mpc,seeded_random,3975743691,persist_session,10.0,24.289074268341068,4216.765984904,0,1785827205.5633247,398,True,normal,adaptive,-0.08,-0.08,0.0,0.08,-0.08,0.0,0.0804867689999999,-0.0796457199999999,0.0,0.058767702,-0.15299535,0.15317011,0.006343882,0.0017138183,-0.00082381634,"[2.278791797413084, 0.5152461388905893, 0.0, 0.0, 0.0, 0.0, 2.0695320821377043, -0.22580105406581133]","[0.009092760990614457, -0.0006347663569024953, 0.0]","{""Controller Type"": ""MPC Controller"", ""weight_comfort"": 55.76047924011769, ""weight_trajectory"": 1409218.0695906356, ""weight_goal"": 2485589.678320137, ""Q"": [[1409218.0695906356, 0.0, 0.0, 0.0], [0.0, 0.0, 0.0, 0.0], [0.0, 0.0, 1409218.0695906356, 0.0], [0.0, 0.0, 0.0, 0.0]], ""R"": [[55.76047924011769, 0.0], [0.0, 55.76047924011769]], ""P"": [[2485589.678320137, 0.0, 0.0, 0.0], [0.0, 248558967.8320137, 0.0, 0.0], [0.0, 0.0, 2485589.678320137, 0.0], [0.0, 0.0, 0.0, 248558967.8320137]]}","[-0.4535097304288559, -0.053223224259001396, 0.0]",False
3,P01,c0150e75-d12d-467e-96b2-81d06399c7ad,27,1,haply,mpc,seeded_random,3975743691,persist_session,10.0,24.299044933319095,4216.775958827,0,1785827205.5735197,399,True,normal,adaptive,-0.08,-0.08,0.0,0.08,-0.08,0.0,0.080877276,-0.0796542399999999,0.0,0.058832765,-0.15297247,0.15316796,0.006941128,0.0020636786,-0.0006763327,"[2.259223778607932, 0.5376002420447124, 0.0, 0.0, 0.0, 0.0, 2.069531331917127, -0.2257928639216798]","[0.018610604160695012, -0.0005268611034415178, 0.0]","{""Controller Type"": ""MPC Controller"", ""weight_comfort"": 52.78853046931395, ""weight_trajectory"": 1419176.7740924223, ""weight_goal"": 2501000.0, ""Q"": [[1419176.7740924223, 0.0, 0.0, 0.0], [0.0, 0.0, 0.0, 0.0], [0.0, 0.0, 1419176.7740924223, 0.0], [0.0, 0.0, 0.0, 0.0]], ""R"": [[52.78853046931395, 0.0], [0.0, 52.78853046931395]], ""P"": [[2501000.0, 0.0, 0.0, 0.0], [0.0, 250100000.0, 0.0, 0.0], [0.0, 0.0, 2501000.0, 0.0], [0.0, 0.0, 0.0, 250100000.0]]}","[-0.8661848213173734, -0.04429239348149211, 0.0]",False
3,P01,c0150e75-d12d-467e-96b2-81d06399c7ad,27,1,haply,mpc,seeded_random,3975743691,persist_session,10.0,24.309126462936405,4216.786031795,0,1785827205.5835395,400,True,normal,adaptive,-0.08,-0.08,0.0,0.08,-0.08,0.0,0.081072465,-0.07965854,0.0,0.058962874,-0.15292667,0.15316367,0.007467079,0.0023582364,-0.0005646941,"[2.270660613028608, 0.5253424056733672, 0.0, 0.0, 0.0, 0.0, 2.0695269335404682, -0.22579519893060415]","[0.007798416570904257, -0.000609762697895973, 0.0]","{""Controller Type"": ""MPC Controller"", ""weight_comfort"": 52.78853046931395, ""weight_trajectory"": 1419176.7740924223, ""weight_goal"": 2501000.0, ""Q"": [[1419176.7740924223, 0.0, 0.0, 0.0], [0.0, 0.0, 0.0, 0.0], [0.0, 0.0, 1419176.7740924223, 0.0], [0.0, 0.0, 0.0, 0.0]], ""R"": [[52.78853046931395, 0.0], [0.0, 52.78853046931395]], ""P"": [[2501000.0, 0.0, 0.0, 0.0], [0.0, 250100000.0, 0.0, 0.0], [0.0, 0.0, 2501000.0, 0.0], [0.0, 0.0, 0.0, 250100000.0]]}","[-0.5492043798874641, -0.05116469575169283, 0.0]",False
3,P01,c0150e75-d12d-467e-96b2-81d06399c7ad,27,1,haply,mpc,seeded_random,3975743691,persist_session,10.0,24.3190632724762,4216.795977846,0,1785827205.5934117,401,True,normal,adaptive,-0.08,-0.08,0.0,0.08,-0.08,0.0,0.0814627919999999,-0.0796671199999999,0.0,0.058962874,-0.15292667,0.15316367,0.00783417,0.0025648936,-0.00048710167,"[2.2470613331433427, 0.5515345854700755, 0.0, 0.0, 0.0, 0.0, 2.0695252042065624, -0.22578510291061674]","[0.018519592849016886, -0.0004926720559977685, 0.0]","{""Controller Type"": ""MPC Controller"", ""weight_comfort"": 52.78853046931395, ""weight_trajectory"": 1419176.7740924223, ""weight_goal"": 2501000.0, ""Q"": [[1419176.7740924223, 0.0, 0.0, 0.0], [0.0, 0.0, 0.0, 0.0], [0.0, 0.0, 1419176.7740924223, 0.0], [0.0, 0.0, 0.0, 0.0]], ""R"": [[52.78853046931395, 0.0], [0.0, 52.78853046931395]], ""P"": [[2501000.0, 0.0, 0.0, 0.0], [0.0, 250100000.0, 0.0, 0.0], [0.0, 0.0, 2501000.0, 0.0], [0.0, 0.0, 0.0, 250100000.0]]}","[-0.9909902805636538, -0.041471120766950344, 0.0]",False
3,P01,c0150e75-d12d-467e-96b2-81d06399c7ad,27,1,haply,mpc,seeded_random,3975743691,persist_session,10.0,24.328984823226932,4216.80588248,0,1785827205.6034555,402,True,normal,adaptive,-0.08,-0.08,0.0,0.08,-0.08,0.0,0.0814627919999999,-0.0796671199999999,0.0,0.059027925,-0.15290372,0.15316154,0.008011277,0.0026843534,-0.00042783926,"[2.251848433876755, 0.5500051336923574, 0.0, 0.0, 0.0, 0.0, 2.0695044815094166, -0.22577585373608]","[-0.0032939858742874247, -0.000688896651804899, 0.0]","{""Controller Type"": ""MPC Controller"", ""weight_comfort"": 52.775546094082564, ""weight_trajectory"": 1419567.0844118781, ""weight_goal"": 2501000.0, ""Q"": [[1419567.0844118781, 0.0, 0.0, 0.0], [0.0, 0.0, 0.0, 0.0], [0.0, 0.0, 1419567.0844118781, 0.0], [0.0, 0.0, 0.0, 0.0]], ""R"": [[52.775546094082564, 0.0], [0.0, 52.775546094082564]], ""P"": [[2501000.0, 0.0, 0.0, 0.0], [0.0, 250100000.0, 0.0, 0.0], [0.0, 0.0, 2501000.0, 0.0], [0.0, 0.0, 0.0, 250100000.0]]}","[-0.2534784922144438, -0.05768278741650292, 0.0]",False
3,P01,c0150e75-d12d-467e-96b2-81d06399c7ad,27,1,haply,mpc,seeded_random,3975743691,persist_session,10.0,24.33915194511414,4216.816051334,0,1785827205.61348,403,True,normal,adaptive,-0.08,-0.08,0.0,0.08,-0.08,0.0,0.081657945,-0.0796713799999999,0.0,0.059027925,-0.15290372,0.15316154,0.008110776,0.0027589302,-0.00038621377,"[2.2391536890440906, 0.5629004056004004, 0.0, 0.0, 0.0, 0.0, 2.0695086319285925, -0.22577337250594434]","[0.007246137355877346, -0.0005841357071214845, 0.0]","{""Controller Type"": ""MPC Controller"", ""weight_comfort"": 52.775546094082564, ""weight_trajectory"": 1419567.0844118781, ""weight_goal"": 2501000.0, ""Q"": [[1419567.0844118781, 0.0, 0.0, 0.0], [0.0, 0.0, 0.0, 0.0], [0.0, 0.0, 1419567.0844118781, 0.0], [0.0, 0.0, 0.0, 0.0]], ""R"": [[52.775546094082564, 0.0], [0.0, 52.775546094082564]], ""P"": [[2501000.0, 0.0, 0.0, 0.0], [0.0, 250100000.0, 0.0, 0.0], [0.0, 0.0, 2501000.0, 0.0], [0.0, 0.0, 0.0, 250100000.0]]}","[-0.6504387286598933, -0.04901787238472089, 0.0]",False
3,P01,c0150e75-d12d-467e-96b2-81d06399c7ad,27,1,haply,mpc,seeded_random,3975743691,persist_session,10.0,24.349260892868045,4216.826159181,0,1785827205.6236985,404,True,normal,adaptive,-0.08,-0.08,0.0,0.08,-0.08,0.0,0.081657945,-0.0796713799999999,0.0,0.059027925,-0.15290372,0.15316154,0.008185964,0.0028152873,-0.00035475774,"[2.241781752174792, 0.5620608487781399, 0.0, 0.0, 0.0, 0.0, 2.0694986981984806, -0.22576893877775137]","[-0.003716750847109453, -0.0006800786622020744, 0.0]","{""Controller Type"": ""MPC Controller"", ""weight_comfort"": 52.775546094082564, ""weight_trajectory"": 1419567.0844118781, ""weight_goal"": 2501000.0, ""Q"": [[1419567.0844118781, 0.0, 0.0, 0.0], [0.0, 0.0, 0.0, 0.0], [0.0, 0.0, 1419567.0844118781, 0.0], [0.0, 0.0, 0.0, 0.0]], ""R"": [[52.775546094082564, 0.0], [0.0, 52.775546094082564]], ""P"": [[2501000.0, 0.0, 0.0, 0.0], [0.0, 250100000.0, 0.0, 0.0], [0.0, 0.0, 2501000.0, 0.0], [0.0, 0.0, 0.0, 250100000.0]]}","[-0.28729693738231665, -0.05694490415835047, 0.0]",False
3,P01,c0150e75-d12d-467e-96b2-81d06399c7ad,27,1,haply,mpc,seeded_random,3975743691,persist_session,10.0,24.359169807434085,4216.83607394,0,1785827205.6333177,405,True,normal,adaptive,-0.08,-0.08,0.0,0.08,-0.08,0.0,0.081657945,-0.0796713799999999,0.0,0.059092943,-0.15288073,0.1531594,0.007308717,0.002526957,-0.0003021102,"[2.241776609946684, 0.5620624915060634, 0.0, 0.0, 0.0, 0.0, 2.069498538206391, -0.2257688673683784]","[-0.0037167423215780726, -0.0006800786096254738, 0.0]","{""Controller Type"": ""MPC Controller"", ""weight_comfort"": 52.76075754579013, ""weight_trajectory"": 1420011.6281735485, ""weight_goal"": 2501000.0, ""Q"": [[1420011.6281735485, 0.0, 0.0, 0.0], [0.0, 0.0, 0.0, 0.0], [0.0, 0.0, 1420011.6281735485, 0.0], [0.0, 0.0, 0.0, 0.0]], ""R"": [[52.76075754579013, 0.0], [0.0, 52.76075754579013]], ""P"": [[2501000.0, 0.0, 0.0, 0.0], [0.0, 250100000.0, 0.0, 0.0], [0.0, 0.0, 2501000.0, 0.0], [0.0, 0.0, 0.0, 250100000.0]]}","[-0.28729693762573344, -0.056944904298864646, 0.0]",False
3,P01,c0150e75-d12d-467e-96b2-81d06399c7ad,27,1,haply,mpc,seeded_random,3975743691,persist_session,10.0,24.36909088134766,4216.845995709,0,1785827205.6436317,406,True,normal,adaptive,-0.08,-0.08,0.0,0.08,-0.08,0.0,0.081852999,-0.0796756599999999,0.0,0.059092943,-0.15288073,0.1531594,0.0063584745,0.0022069057,-0.00025367358,"[2.2297287771093326, 0.5740430797213061, 0.0, 0.0, 0.0, 0.0, 2.069502491931047, -0.22576660588623568]","[0.006724638289095589, -0.0005775338053371441, 0.0]","{""Controller Type"": ""MPC Controller"", ""weight_comfort"": 52.76075754579013, ""weight_trajectory"": 1420011.6281735485, ""weight_goal"": 2501000.0, ""Q"": [[1420011.6281735485, 0.0, 0.0, 0.0], [0.0, 0.0, 0.0, 0.0], [0.0, 0.0, 1420011.6281735485, 0.0], [0.0, 0.0, 0.0, 0.0]], ""R"": [[52.76075754579013, 0.0], [0.0, 52.76075754579013]], ""P"": [[2501000.0, 0.0, 0.0, 0.0], [0.0, 250100000.0, 0.0, 0.0], [0.0, 0.0, 2501000.0, 0.0], [0.0, 0.0, 0.0, 250100000.0]]}","[-0.673871657976213, -0.048462821247876035, 0.0]",False
3,P01,c0150e75-d12d-467e-96b2-81d06399c7ad,27,1,haply,mpc,seeded_random,3975743691,persist_session,10.0,24.379073467254642,4216.855981604,0,1785827205.653708,407,True,normal,adaptive,-0.08,-0.08,0.0,0.08,-0.08,0.0,0.081852999,-0.0796756599999999,0.0,0.059092943,-0.15288073,0.1531594,0.005661224,0.0019720644,-0.00021813264,"[2.2297287771093326, 0.5740430797213061, 0.0, 0.0, 0.0, 0.0, 2.069502491931047, -0.22576660588623568]","[0.006724638289095589, -0.0005775338053371441, 0.0]","{""Controller Type"": ""MPC Controller"", ""weight_comfort"": 52.76075754579013, ""weight_trajectory"": 1420011.6281735485, ""weight_goal"": 2501000.0, ""Q"": [[1420011.6281735485, 0.0, 0.0, 0.0], [0.0, 0.0, 0.0, 0.0], [0.0, 0.0, 1420011.6281735485, 0.0], [0.0, 0.0, 0.0, 0.0]], ""R"": [[52.76075754579013, 0.0], [0.0, 52.76075754579013]], ""P"": [[2501000.0, 0.0, 0.0, 0.0], [0.0, 250100000.0, 0.0, 0.0], [0.0, 0.0, 2501000.0, 0.0], [0.0, 0.0, 0.0, 250100000.0]]}","[-0.3210988303023477, -0.05620358894896011, 0.0]",False
3,P01,c0150e75-d12d-467e-96b2-81d06399c7ad,27,1,haply,mpc,seeded_random,3975743691,persist_session,10.0,24.389095392227176,4216.86600112,0,1785827205.6637487,408,True,normal,adaptive,-0.08,-0.08,0.0,0.08,-0.08,0.0,0.081852999,-0.0796756599999999,0.0,0.059092943,-0.15288073,0.1531594,0.0051747425,0.0018082121,-0.0001933352,"[2.231178864455168, 0.5735798880998744, 0.0, 0.0, 0.0, 0.0, 2.069497536523869, -0.22576439413607122]","[-0.00413437220465658, -0.0006712208309961934, 0.0]","{""Controller Type"": ""MPC Controller"", ""weight_comfort"": 52.76075754579013, ""weight_trajectory"": 1420011.6281735485, ""weight_goal"": 2501000.0, ""Q"": [[1420011.6281735485, 0.0, 0.0, 0.0], [0.0, 0.0, 0.0, 0.0], [0.0, 0.0, 1420011.6281735485, 0.0], [0.0, 0.0, 0.0, 0.0]], ""R"": [[52.76075754579013, 0.0], [0.0, 52.76075754579013]], ""P"": [[2501000.0, 0.0, 0.0, 0.0], [0.0, 250100000.0, 0.0, 0.0], [0.0, 0.0, 2501000.0, 0.0], [0.0, 0.0, 0.0, 250100000.0]]}","[-0.32109883058733346, -0.05620358908478725, 0.0]",False
3,P01,c0150e75-d12d-467e-96b2-81d06399c7ad,27,1,haply,mpc,seeded_random,3975743691,persist_session,10.0,24.399103488922123,4216.87598795,0,1785827205.67342,409,True,normal,adaptive,-0.08,-0.08,0.0,0.08,-0.08,0.0,0.081852999,-0.0796756599999999,0.0,0.059092943,-0.15288073,0.1531594,0.0039772955,0.0013908796,-0.0001474197,"[2.2311724526405134, 0.5735819361825879, 0.0, 0.0, 0.0, 0.0, 2.0694973802037877, -0.22576432436562582]","[-0.004134360323570436, -0.0006712207802953383, 0.0]","{""Controller Type"": ""MPC Controller"", ""weight_comfort"": 52.74589461830429, ""weight_trajectory"": 1420458.4077737727, ""weight_goal"": 2501000.0, ""Q"": [[1420458.4077737727, 0.0, 0.0, 0.0], [0.0, 0.0, 0.0, 0.0], [0.0, 0.0, 1420458.4077737727, 0.0], [0.0, 0.0, 0.0, 0.0]], ""R"": [[52.74589461830429, 0.0], [0.0, 52.74589461830429]], ""P"": [[2501000.0, 0.0, 0.0, 0.0], [0.0, 250100000.0, 0.0, 0.0], [0.0, 0.0, 2501000.0, 0.0], [0.0, 0.0, 0.0, 250100000.0]]}","[-0.3210988305873348, -0.05620358908478858, 0.0]",False
3,P01,c0150e75-d12d-467e-96b2-81d06399c7ad,27,1,haply,mpc,seeded_random,3975743691,persist_session,10.0,24.40910037994385,4216.886000682,0,1785827205.6835418,410,True,normal,adaptive,-0.08,-0.08,0.0,0.08,-0.08,0.0,0.081852999,-0.0796756599999999,0.0,0.059092943,-0.15288073,0.1531594,0.0028765474,0.0010059425,-0.00010662012,"[2.231166034444533, 0.5735839863036454, 0.0, 0.0, 0.0, 0.0, 2.0694972237272533, -0.2257642545253507]","[-0.004134348430659703, -0.000671220729543739, 0.0]","{""Controller Type"": ""MPC Controller"", ""weight_comfort"": 52.74589461830429, ""weight_trajectory"": 1420458.4077737727, ""weight_goal"": 2501000.0, ""Q"": [[1420458.4077737727, 0.0, 0.0, 0.0], [0.0, 0.0, 0.0, 0.0], [0.0, 0.0, 1420458.4077737727, 0.0], [0.0, 0.0, 0.0, 0.0]], ""R"": [[52.74589461830429, 0.0], [0.0, 52.74589461830429]], ""P"": [[2501000.0, 0.0, 0.0, 0.0], [0.0, 250100000.0, 0.0, 0.0], [0.0, 0.0, 2501000.0, 0.0], [0.0, 0.0, 0.0, 250100000.0]]}","[-0.3211008072625244, -0.05620393507252368, 0.0]",False
3,P01,c0150e75-d12d-467e-96b2-81d06399c7ad,27,1,haply,mpc,seeded_random,3975743691,persist_session,10.0,24.419137802124027,4216.896048895,0,1785827205.6935298,411,True,normal,adaptive,-0.08,-0.08,0.0,0.08,-0.08,0.0,0.081852999,-0.0796756599999999,0.0,0.059027925,-0.15290372,0.15316154,0.0020503895,0.00071703125,-7.599832e-05,"[2.2311596098609123, 0.5735860384650636, 0.0, 0.0, 0.0, 0.0, 2.0694970670941095, -0.22576418461517597]","[-0.004134336525912679, -0.0006712206787413452, 0.0]","{""Controller Type"": ""MPC Controller"", ""weight_comfort"": 52.74589461830429, ""weight_trajectory"": 1420458.4077737727, ""weight_goal"": 2501000.0, ""Q"": [[1420458.4077737727, 0.0, 0.0, 0.0], [0.0, 0.0, 0.0, 0.0], [0.0, 0.0, 1420458.4077737727, 0.0], [0.0, 0.0, 0.0, 0.0]], ""R"": [[52.74589461830429, 0.0], [0.0, 52.74589461830429]], ""P"": [[2501000.0, 0.0, 0.0, 0.0], [0.0, 250100000.0, 0.0, 0.0], [0.0, 0.0, 2501000.0, 0.0], [0.0, 0.0, 0.0, 250100000.0]]}","[-0.32110080726252177, -0.056203935072521756, 0.0]",False
3,P01,c0150e75-d12d-467e-96b2-81d06399c7ad,27,1,haply,mpc,seeded_random,3975743691,persist_session,10.0,24.42918356895447,4216.906090197,0,1785827205.7034302,412,True,normal,adaptive,-0.08,-0.08,0.0,0.08,-0.08,0.0,0.081657945,-0.0796713799999999,0.0,0.058962874,-0.15292667,0.15316367,0.0014739548,0.0005154491,-5.4632575e-05,"[2.223475513398402, 0.5852425883118297, 0.0, 0.0, 0.0, 0.0, 2.069480372422771, -0.2257520092868934]","[-0.015216711782246085, -0.0007776672104328359, 0.0]","{""Controller Type"": ""MPC Controller"", ""weight_comfort"": 52.73312015580664, ""weight_trajectory"": 1420842.4081164522, ""weight_goal"": 2501000.0, ""Q"": [[1420842.4081164522, 0.0, 0.0, 0.0], [0.0, 0.0, 0.0, 0.0], [0.0, 0.0, 1420842.4081164522, 0.0], [0.0, 0.0, 0.0, 0.0]], ""R"": [[52.73312015580664, 0.0], [0.0, 52.73312015580664]], ""P"": [[2501000.0, 0.0, 0.0, 0.0], [0.0, 250100000.0, 0.0, 0.0], [0.0, 0.0, 2501000.0, 0.0], [0.0, 0.0, 0.0, 250100000.0]]}","[0.0802046177172758, -0.0650096363376835, 0.0]",False
3,P01,c0150e75-d12d-467e-96b2-81d06399c7ad,27,1,haply,mpc,seeded_random,3975743691,persist_session,10.0,24.439176883697513,4216.916076928,0,1785827205.7135415,413,True,normal,adaptive,-0.08,-0.08,0.0,0.08,-0.08,0.0,0.0814627919999999,-0.0796671199999999,0.0,0.058962874,-0.15292667,0.15316367,0.0007494873,0.00026115947,-2.9132432e-05,"[2.2236899496374756, 0.5849261071870981, 0.0, 0.0, 0.0, 0.0, 2.069480486878393, -0.22575209197356927]","[-0.014541851925514618, -0.0007839979182998756, 0.0]","{""Controller Type"": ""MPC Controller"", ""weight_comfort"": 52.73312015580664, ""weight_trajectory"": 1420842.4081164522, ""weight_goal"": 2501000.0, ""Q"": [[1420842.4081164522, 0.0, 0.0, 0.0], [0.0, 0.0, 0.0, 0.0], [0.0, 0.0, 1420842.4081164522, 0.0], [0.0, 0.0, 0.0, 0.0]], ""R"": [[52.73312015580664, 0.0], [0.0, 52.73312015580664]], ""P"": [[2501000.0, 0.0, 0.0, 0.0], [0.0, 250100000.0, 0.0, 0.0], [0.0, 0.0, 2501000.0, 0.0], [0.0, 0.0, 0.0, 250100000.0]]}","[0.10652691703047293, -0.06554280674399439, 0.0]",False
3,P01,c0150e75-d12d-467e-96b2-81d06399c7ad,27,1,haply,mpc,seeded_random,3975743691,persist_session,10.0,24.449073877334598,4216.925982073,0,1785827205.7234547,414,True,normal,adaptive,-0.08,-0.08,0.0,0.08,-0.08,0.0,0.0814627919999999,-0.0796671199999999,0.0,0.058962874,-0.15292667,0.15316367,4.0433682e-05,1.2070371e-05,-4.476583e-06,"[2.221290508662455, 0.5856924410760502, 0.0, 0.0, 0.0, 0.0, 2.0694905306974567, -0.22575657483687792]","[-0.003249285985747349, -0.0006888920078586139, 0.0]","{""Controller Type"": ""MPC Controller"", ""weight_comfort"": 52.73312015580664, ""weight_trajectory"": 1420842.4081164522, ""weight_goal"": 2501000.0, ""Q"": [[1420842.4081164522, 0.0, 0.0, 0.0], [0.0, 0.0, 0.0, 0.0], [0.0, 0.0, 1420842.4081164522, 0.0], [0.0, 0.0, 0.0, 0.0]], ""R"": [[52.73312015580664, 0.0], [0.0, 52.73312015580664]], ""P"": [[2501000.0, 0.0, 0.0, 0.0], [0.0, 250100000.0, 0.0, 0.0], [0.0, 0.0, 2501000.0, 0.0], [0.0, 0.0, 0.0, 250100000.0]]}","[-0.2534843119253985, -0.05768411206917833, 0.0]",False
3,P01,c0150e75-d12d-467e-96b2-81d06399c7ad,27,1,haply,mpc,seeded_random,3975743691,persist_session,10.0,24.459107961654666,4216.93601396,0,1785827205.7335174,415,True,normal,adaptive,-0.08,-0.08,0.0,0.08,-0.08,0.0,0.0814627919999999,-0.0796671199999999,0.0,0.058962874,-0.15292667,0.15316367,-0.00043914185,-0.00015640352,1.2199646e-05,"[2.221286506876783, 0.5856937191670759, 0.0, 0.0, 0.0, 0.0, 2.0694903650463092, -0.22575650090170976]","[-0.003249280131967282, -0.0006888919527166599, 0.0]","{""Controller Type"": ""MPC Controller"", ""weight_comfort"": 52.731212521901035, ""weight_trajectory"": 1420899.7515916545, ""weight_goal"": 2501000.0, ""Q"": [[1420899.7515916545, 0.0, 0.0, 0.0], [0.0, 0.0, 0.0, 0.0], [0.0, 0.0, 1420899.7515916545, 0.0], [0.0, 0.0, 0.0, 0.0]], ""R"": [[52.731212521901035, 0.0], [0.0, 52.731212521901035]], ""P"": [[2501000.0, 0.0, 0.0, 0.0], [0.0, 250100000.0, 0.0, 0.0], [0.0, 0.0, 2501000.0, 0.0], [0.0, 0.0, 0.0, 250100000.0]]}","[-0.2534843117357326, -0.05768411193010255, 0.0]",False
3,P01,c0150e75-d12d-467e-96b2-81d06399c7ad,27,1,haply,mpc,seeded_random,3975743691,persist_session,10.0,24.469076480865482,4216.945987915,0,1785827205.743533,416,True,normal,adaptive,-0.08,-0.08,0.0,0.08,-0.08,0.0,0.0814627919999999,-0.0796671199999999,0.0,0.058962874,-0.15292667,0.15316367,-0.0007969105,-0.0002820869,2.46403e-05,"[2.22128250109976, 0.58569499853286, 0.0, 0.0, 0.0, 0.0, 2.0694901992293713, -0.2257564268925443]","[-0.003249274272348699, -0.0006888918975195175, 0.0]","{""Controller Type"": ""MPC Controller"", ""weight_comfort"": 52.731212521901035, ""weight_trajectory"": 1420899.7515916545, ""weight_goal"": 2501000.0, ""Q"": [[1420899.7515916545, 0.0, 0.0, 0.0], [0.0, 0.0, 0.0, 0.0], [0.0, 0.0, 1420899.7515916545, 0.0], [0.0, 0.0, 0.0, 0.0]], ""R"": [[52.731212521901035, 0.0], [0.0, 52.731212521901035]], ""P"": [[2501000.0, 0.0, 0.0, 0.0], [0.0, 250100000.0, 0.0, 0.0], [0.0, 0.0, 2501000.0, 0.0], [0.0, 0.0, 0.0, 250100000.0]]}","[-0.25348451184787285, -0.057684157468591186, 0.0]",False
3,P01,c0150e75-d12d-467e-96b2-81d06399c7ad,27,1,haply,mpc,seeded_random,3975743691,persist_session,10.0,24.47911628723145,4216.956023153,0,1785827205.7536154,417,True,normal,adaptive,-0.08,-0.08,0.0,0.08,-0.08,0.0,0.0814627919999999,-0.0796671199999999,0.0,0.05896969,-0.15296784,0.15311016,-0.00071085704,-0.00025950422,1.2394268e-05,"[2.2212784913274195, 0.5856962791746693, 0.0, 0.0, 0.0, 0.0, 2.069490033246477, -0.22575635280930745]","[-0.0032492684068857977, -0.0006888918422671318, 0.0]","{""Controller Type"": ""MPC Controller"", ""weight_comfort"": 52.731212521901035, ""weight_trajectory"": 1420899.7515916545, ""weight_goal"": 2501000.0, ""Q"": [[1420899.7515916545, 0.0, 0.0, 0.0], [0.0, 0.0, 0.0, 0.0], [0.0, 0.0, 1420899.7515916545, 0.0], [0.0, 0.0, 0.0, 0.0]], ""R"": [[52.731212521901035, 0.0], [0.0, 52.731212521901035]], ""P"": [[2501000.0, 0.0, 0.0, 0.0], [0.0, 250100000.0, 0.0, 0.0], [0.0, 0.0, 2501000.0, 0.0], [0.0, 0.0, 0.0, 250100000.0]]}","[-0.2534845118478716, -0.05768415746859249, 0.0]",False
3,P01,c0150e75-d12d-467e-96b2-81d06399c7ad,27,1,haply,mpc,seeded_random,3975743691,persist_session,10.0,24.489079561233524,4216.965979432,0,1785827205.7634404,418,True,normal,adaptive,-0.08,-0.08,0.0,0.08,-0.08,0.0,0.0814832399999999,-0.07977414,0.0,0.058904637,-0.15299074,0.1531123,-0.00058165635,-0.00025715373,-4.4659664e-05,"[2.2208904955290283, 0.5859261045574524, 0.0, 0.0, 0.0, 0.0, 2.06575968493087, -0.2210990916729397]","[-0.0020746705972001407, 0.001941778247458443, 0.0]","{""Controller Type"": ""MPC Controller"", ""weight_comfort"": 52.731212521901035, ""weight_trajectory"": 1420899.7515916545, ""weight_goal"": 2501000.0, ""Q"": [[1420899.7515916545, 0.0, 0.0, 0.0], [0.0, 0.0, 0.0, 0.0], [0.0, 0.0, 1420899.7515916545, 0.0], [0.0, 0.0, 0.0, 0.0]], ""R"": [[52.731212521901035, 0.0], [0.0, 52.731212521901035]], ""P"": [[2501000.0, 0.0, 0.0, 0.0], [0.0, 250100000.0, 0.0, 0.0], [0.0, 0.0, 2501000.0, 0.0], [0.0, 0.0, 0.0, 250100000.0]]}","[-0.2958499400825009, 0.16404648282978593, 0.0]",False
3,P01,c0150e75-d12d-467e-96b2-81d06399c7ad,27,1,haply,mpc,seeded_random,3975743691,persist_session,10.0,24.499120321273807,4216.976028723,0,1785827205.7734058,419,True,normal,adaptive,-0.08,-0.08,0.0,0.08,-0.08,0.0,0.081288081,-0.0797698599999999,0.0,0.058904637,-0.15299074,0.1531123,-0.0008074038,-0.00036548075,-7.253744e-05,"[2.211824652288524, 0.5988920838199359, 0.0, 0.0, 0.0, 0.0, 2.0654119317842876, -0.22082300981695716]","[-0.014577484666939854, -0.0005701741098098281, 0.0]","{""Controller Type"": ""MPC Controller"", ""weight_comfort"": 52.73077251760667, ""weight_trajectory"": 1420912.9781207428, ""weight_goal"": 2501000.0, ""Q"": [[1420912.9781207428, 0.0, 0.0, 0.0], [0.0, 0.0, 0.0, 0.0], [0.0, 0.0, 1420912.9781207428, 0.0], [0.0, 0.0, 0.0, 0.0]], ""R"": [[52.73077251760667, 0.0], [0.0, 52.73077251760667]], ""P"": [[2501000.0, 0.0, 0.0, 0.0], [0.0, 250100000.0, 0.0, 0.0], [0.0, 0.0, 2501000.0, 0.0], [0.0, 0.0, 0.0, 250100000.0]]}","[0.1420932800376364, -0.0478919297903117, 0.0]",False
3,P01,c0150e75-d12d-467e-96b2-81d06399c7ad,27,1,haply,mpc,seeded_random,3975743691,persist_session,10.0,24.509180631637577,4216.986073931,0,1785827205.783506,420,True,normal,adaptive,-0.08,-0.08,0.0,0.08,-0.08,0.0,0.081288081,-0.0797698599999999,0.0,0.058904637,-0.15299074,0.1531123,-0.000984303,-0.00045036743,-9.438287e-05,"[2.2097082902136025, 0.599567956654656, 0.0, 0.0, 0.0, 0.0, 2.0654189568873726, -0.22082614524703792]","[-0.00284628326416665, -0.00047533551873812484, 0.0]","{""Controller Type"": ""MPC Controller"", ""weight_comfort"": 52.73077251760667, ""weight_trajectory"": 1420912.9781207428, ""weight_goal"": 2501000.0, ""Q"": [[1420912.9781207428, 0.0, 0.0, 0.0], [0.0, 0.0, 0.0, 0.0], [0.0, 0.0, 1420912.9781207428, 0.0], [0.0, 0.0, 0.0, 0.0]], ""R"": [[52.73077251760667, 0.0], [0.0, 52.73077251760667]], ""P"": [[2501000.0, 0.0, 0.0, 0.0], [0.0, 250100000.0, 0.0, 0.0], [0.0, 0.0, 2501000.0, 0.0], [0.0, 0.0, 0.0, 250100000.0]]}","[-0.22320920764128335, -0.03988054089459787, 0.0]",False
3,P01,c0150e75-d12d-467e-96b2-81d06399c7ad,27,1,haply,mpc,seeded_random,3975743691,persist_session,10.0,24.51912817001343,4216.99602672,0,1785827205.7934525,421,True,normal,adaptive,-0.08,-0.08,0.0,0.08,-0.08,0.0,0.081288081,-0.0797698599999999,0.0,0.058839552,-0.15301365,0.15311444,-0.0011474994,-0.00051579985,-9.904709e-05,"[2.209705184952371, 0.5995689483383269, 0.0, 0.0, 0.0, 0.0, 2.0654188773908513, -0.2208261097663081]","[-0.0028462792643386575, -0.00047533550044279545, 0.0]","{""Controller Type"": ""MPC Controller"", ""weight_comfort"": 52.71410601189463, ""weight_trajectory"": 1421413.9732824473, ""weight_goal"": 2501000.0, ""Q"": [[1421413.9732824473, 0.0, 0.0, 0.0], [0.0, 0.0, 0.0, 0.0], [0.0, 0.0, 1421413.9732824473, 0.0], [0.0, 0.0, 0.0, 0.0]], ""R"": [[52.71410601189463, 0.0], [0.0, 52.71410601189463]], ""P"": [[2501000.0, 0.0, 0.0, 0.0], [0.0, 250100000.0, 0.0, 0.0], [0.0, 0.0, 2501000.0, 0.0], [0.0, 0.0, 0.0, 250100000.0]]}","[-0.2232092074902274, -0.039880540777695504, 0.0]",False
3,P01,c0150e75-d12d-467e-96b2-81d06399c7ad,27,1,haply,mpc,seeded_random,3975743691,persist_session,10.0,24.529215898513797,4217.006092941,0,1785827205.8035762,422,True,normal,adaptive,-0.08,-0.08,0.0,0.08,-0.08,0.0,0.081092826,-0.07976558,0.0,0.058839552,-0.15301365,0.15311444,-0.0012894772,-0.00053368614,-5.5356337e-05,"[2.2015825244254565, 0.6108730422189449, 0.0, 0.0, 0.0, 0.0, 2.065405846603819, -0.22081584894136633]","[-0.014187772030535919, -0.000577526554180869, 0.0]","{""Controller Type"": ""MPC Controller"", ""weight_comfort"": 52.71410601189463, ""weight_trajectory"": 1421413.9732824473, ""weight_goal"": 2501000.0, ""Q"": [[1421413.9732824473, 0.0, 0.0, 0.0], [0.0, 0.0, 0.0, 0.0], [0.0, 0.0, 1421413.9732824473, 0.0], [0.0, 0.0, 0.0, 0.0]], ""R"": [[52.71410601189463, 0.0], [0.0, 52.71410601189463]], ""P"": [[2501000.0, 0.0, 0.0, 0.0], [0.0, 250100000.0, 0.0, 0.0], [0.0, 0.0, 2501000.0, 0.0], [0.0, 0.0, 0.0, 250100000.0]]}","[0.17039311078503022, -0.048508633389377914, 0.0]",False
3,P01,c0150e75-d12d-467e-96b2-81d06399c7ad,27,1,haply,mpc,seeded_random,3975743691,persist_session,10.0,24.53925665855408,4217.016156786,0,1785827205.8133385,423,True,normal,adaptive,-0.08,-0.08,0.0,0.08,-0.08,0.0,0.081092826,-0.07976558,0.0,0.058774475,-0.1530365,0.15311658,-0.0014239998,-0.00055818015,-2.3429382e-05,"[2.1997479463454583, 0.6114588828452815, 0.0, 0.0, 0.0, 0.0, 2.0654131562928932, -0.22081911138697685]","[-0.002403941749212933, -0.0004841741520981781, 0.0]","{""Controller Type"": ""MPC Controller"", ""weight_comfort"": 52.71410601189463, ""weight_trajectory"": 1421413.9732824473, ""weight_goal"": 2501000.0, ""Q"": [[1421413.9732824473, 0.0, 0.0, 0.0], [0.0, 0.0, 0.0, 0.0], [0.0, 0.0, 1421413.9732824473, 0.0], [0.0, 0.0, 0.0, 0.0]], ""R"": [[52.71410601189463, 0.0], [0.0, 52.71410601189463]], ""P"": [[2501000.0, 0.0, 0.0, 0.0], [0.0, 250100000.0, 0.0, 0.0], [0.0, 0.0, 2501000.0, 0.0], [0.0, 0.0, 0.0, 250100000.0]]}","[-0.18937513041761064, -0.04062249437976355, 0.0]",False
3,P01,c0150e75-d12d-467e-96b2-81d06399c7ad,27,1,haply,mpc,seeded_random,3975743691,persist_session,10.0,24.549127426147464,4217.026025317,0,1785827205.823432,424,True,normal,adaptive,-0.08,-0.08,0.0,0.08,-0.08,0.0,0.0808975949999999,-0.0797612999999999,0.0,0.05870937,-0.15305935,0.15311873,-0.0015392464,-0.0005825232,-2.1215789e-07,"[2.1912174451196056, 0.6229868558363073, 0.0, 0.0, 0.0, 0.0, 2.0653998695053764, -0.22080868691862132]","[-0.014016567723300424, -0.0005866398672086236, 0.0]","{""Controller Type"": ""MPC Controller"", ""weight_comfort"": 52.686185660315765, ""weight_trajectory"": 1422253.2590509076, ""weight_goal"": 2501000.0, ""Q"": [[1422253.2590509076, 0.0, 0.0, 0.0], [0.0, 0.0, 0.0, 0.0], [0.0, 0.0, 1422253.2590509076, 0.0], [0.0, 0.0, 0.0, 0.0]], ""R"": [[52.686185660315765, 0.0], [0.0, 52.686185660315765]], ""P"": [[2501000.0, 0.0, 0.0, 0.0], [0.0, 250100000.0, 0.0, 0.0], [0.0, 0.0, 2501000.0, 0.0], [0.0, 0.0, 0.0, 250100000.0]]}","[0.2052509538752535, -0.049273782549445304, 0.0]",False
3,P01,c0150e75-d12d-467e-96b2-81d06399c7ad,27,1,haply,mpc,seeded_random,3975743691,persist_session,10.0,24.559115734100345,4217.036022925,0,1785827205.8332326,425,True,normal,adaptive,-0.08,-0.08,0.0,0.08,-0.08,0.0,0.0807022799999999,-0.0797569999999999,0.0,0.058721434,-0.15311658,0.15315326,-0.0016646641,-0.0006168637,1.9558469e-05,"[2.1909963982714338, 0.6232766063029813, 0.0, 0.0, 0.0, 0.0, 2.065399196985631, -0.2208081572111103]","[-0.013959806907138068, -0.0005987705683533956, 0.0]","{""Controller Type"": ""MPC Controller"", ""weight_comfort"": 52.686185660315765, ""weight_trajectory"": 1422253.2590509076, ""weight_goal"": 2501000.0, ""Q"": [[1422253.2590509076, 0.0, 0.0, 0.0], [0.0, 0.0, 0.0, 0.0], [0.0, 0.0, 1422253.2590509076, 0.0], [0.0, 0.0, 0.0, 0.0]], ""R"": [[52.686185660315765, 0.0], [0.0, 52.686185660315765]], ""P"": [[2501000.0, 0.0, 0.0, 0.0], [0.0, 250100000.0, 0.0, 0.0], [0.0, 0.0, 2501000.0, 0.0], [0.0, 0.0, 0.0, 250100000.0]]}","[0.250044558948551, -0.050294005848693264, 0.0]",False
3,P01,c0150e75-d12d-467e-96b2-81d06399c7ad,27,1,haply,mpc,seeded_random,3975743691,persist_session,10.0,24.569062318801883,4217.045973291,0,1785827205.8434014,426,True,normal,adaptive,-0.08,-0.08,0.0,0.08,-0.08,0.0,0.080738472,-0.0796879399999999,0.0,0.058721434,-0.15311658,0.15315326,-0.0018362245,-0.0006872161,4.599155e-05,"[2.187311387435328, 0.6264233444380239, 0.0, 0.0, 0.0, 0.0, 2.0638686395045407, -0.21906360448709983]","[0.0006142509176410439, -0.0021317923891653852, 0.0]","{""Controller Type"": ""MPC Controller"", ""weight_comfort"": 52.686185660315765, ""weight_trajectory"": 1422253.2590509076, ""weight_goal"": 2501000.0, ""Q"": [[1422253.2590509076, 0.0, 0.0, 0.0], [0.0, 0.0, 0.0, 0.0], [0.0, 0.0, 1422253.2590509076, 0.0], [0.0, 0.0, 0.0, 0.0]], ""R"": [[52.686185660315765, 0.0], [0.0, 52.686185660315765]], ""P"": [[2501000.0, 0.0, 0.0, 0.0], [0.0, 250100000.0, 0.0, 0.0], [0.0, 0.0, 2501000.0, 0.0], [0.0, 0.0, 0.0, 250100000.0]]}","[-0.19436149929358076, -0.18076110114524735, 0.0]",False
3,P01,c0150e75-d12d-467e-96b2-81d06399c7ad,27,1,haply,mpc,seeded_random,3975743691,persist_session,10.0,24.579220380783084,4217.056123797,0,1785827205.8533037,427,True,normal,adaptive,-0.08,-0.08,0.0,0.08,-0.08,0.0,0.080738472,-0.0796879399999999,0.0,0.058656316,-0.15313941,0.1531554,-0.0020144386,-0.000757304,6.75761e-05,"[2.1875365199341044, 0.6263514642298471, 0.0, 0.0, 0.0, 0.0, 2.0640249589461344, -0.21913337176394385]","[-0.0016154344689487865, -0.0006440996286888225, 0.0]","{""Controller Type"": ""MPC Controller"", ""weight_comfort"": 52.68138020756389, ""weight_trajectory"": 1422397.710960629, ""weight_goal"": 2501000.0, ""Q"": [[1422397.710960629, 0.0, 0.0, 0.0], [0.0, 0.0, 0.0, 0.0], [0.0, 0.0, 1422397.710960629, 0.0], [0.0, 0.0, 0.0, 0.0]], ""R"": [[52.68138020756389, 0.0], [0.0, 52.68138020756389]], ""P"": [[2501000.0, 0.0, 0.0, 0.0], [0.0, 250100000.0, 0.0, 0.0], [0.0, 0.0, 2501000.0, 0.0], [0.0, 0.0, 0.0, 250100000.0]]}","[-0.12797082530581394, -0.05407730509875842, 0.0]",False
3,P01,c0150e75-d12d-467e-96b2-81d06399c7ad,27,1,haply,mpc,seeded_random,3975743691,persist_session,10.0,24.58913620948792,4217.06603181,0,1785827205.863568,428,True,normal,adaptive,-0.08,-0.08,0.0,0.08,-0.08,0.0,0.080543118,-0.0796836599999999,0.0,0.058656316,-0.15313941,0.1531554,-0.0021202436,-0.0007993385,8.1656945e-05,"[2.178848761340581, 0.6375409135561542, 0.0, 0.0, 0.0, 0.0, 2.0640097485414484, -0.2191222738386849]","[-0.013317175035124577, -0.0007442974222907545, 0.0]","{""Controller Type"": ""MPC Controller"", ""weight_comfort"": 52.68138020756389, ""weight_trajectory"": 1422397.710960629, ""weight_goal"": 2501000.0, ""Q"": [[1422397.710960629, 0.0, 0.0, 0.0], [0.0, 0.0, 0.0, 0.0], [0.0, 0.0, 1422397.710960629, 0.0], [0.0, 0.0, 0.0, 0.0]], ""R"": [[52.68138020756389, 0.0], [0.0, 52.68138020756389]], ""P"": [[2501000.0, 0.0, 0.0, 0.0], [0.0, 250100000.0, 0.0, 0.0], [0.0, 0.0, 2501000.0, 0.0], [0.0, 0.0, 0.0, 250100000.0]]}","[0.26090241016557797, -0.06259722032932472, 0.0]",False
3,P01,c0150e75-d12d-467e-96b2-81d06399c7ad,27,1,haply,mpc,seeded_random,3975743691,persist_session,10.0,24.599212970733646,4217.076114917,0,1785827205.8732953,429,True,normal,adaptive,-0.08,-0.08,0.0,0.08,-0.08,0.0,0.080543118,-0.0796836599999999,0.0,0.05866834,-0.1531966,0.15318991,-0.0021364882,-0.00082049274,9.6795404e-05,"[2.177941015980431, 0.6378307151468183, 0.0, 0.0, 0.0, 0.0, 2.064019530749854, -0.21912663975731272]","[-0.0011828789687172493, -0.0006529319383574339, 0.0]","{""Controller Type"": ""MPC Controller"", ""weight_comfort"": 52.68138020756389, ""weight_trajectory"": 1422397.710960629, ""weight_goal"": 2501000.0, ""Q"": [[1422397.710960629, 0.0, 0.0, 0.0], [0.0, 0.0, 0.0, 0.0], [0.0, 0.0, 1422397.710960629, 0.0], [0.0, 0.0, 0.0, 0.0]], ""R"": [[52.68138020756389, 0.0], [0.0, 52.68138020756389]], ""P"": [[2501000.0, 0.0, 0.0, 0.0], [0.0, 250100000.0, 0.0, 0.0], [0.0, 0.0, 2501000.0, 0.0], [0.0, 0.0, 0.0, 250100000.0]]}","[-0.09411784965692509, -0.05481910106063314, 0.0]",False
3,P01,c0150e75-d12d-467e-96b2-81d06399c7ad,27,1,haply,mpc,seeded_random,3975743691,persist_session,10.0,24.609140243530277,4217.086051358,0,1785827205.8834386,430,True,normal,adaptive,-0.08,-0.08,0.0,0.08,-0.08,0.0,0.08057919,-0.0796146399999999,0.0,0.05866834,-0.1531966,0.15318991,-0.0021465013,-0.0008410673,0.00011085393,"[2.17742880214959, 0.6382934388181646, 0.0, 0.0, 0.0, 0.0, 2.062330386364064, -0.21722621034991732]","[0.0010087835616789636, -0.002272856479091116, 0.0]","{""Controller Type"": ""MPC Controller"", ""weight_comfort"": 52.68138020756389, ""weight_trajectory"": 1422397.710960629, ""weight_goal"": 2501000.0, ""Q"": [[1422397.710960629, 0.0, 0.0, 0.0], [0.0, 0.0, 0.0, 0.0], [0.0, 0.0, 1422397.710960629, 0.0], [0.0, 0.0, 0.0, 0.0]], ""R"": [[52.68138020756389, 0.0], [0.0, 52.68138020756389]], ""P"": [[2501000.0, 0.0, 0.0, 0.0], [0.0, 250100000.0, 0.0, 0.0], [0.0, 0.0, 2501000.0, 0.0], [0.0, 0.0, 0.0, 250100000.0]]}","[-0.16670586443763552, -0.19370867683005422, 0.0]",False
3,P01,c0150e75-d12d-467e-96b2-81d06399c7ad,27,1,haply,mpc,seeded_random,3975743691,persist_session,10.0,24.619105901718143,4217.095991516,0,1785827205.8933797,431,True,normal,adaptive,-0.08,-0.08,0.0,0.08,-0.08,0.0,0.08057919,-0.0796146399999999,0.0,0.05866834,-0.1531966,0.15318991,-0.002101911,-0.00083793025,0.0001194257,"[2.1776054142282, 0.6382370549154636, 0.0, 0.0, 0.0, 0.0, 2.0625237689430764, -0.21731251822045927]","[-0.0012612472798668166, -0.0007948141595999924, 0.0]","{""Controller Type"": ""MPC Controller"", ""weight_comfort"": 52.66650760188438, ""weight_trajectory"": 1422844.781487355, ""weight_goal"": 2501000.0, ""Q"": [[1422844.781487355, 0.0, 0.0, 0.0], [0.0, 0.0, 0.0, 0.0], [0.0, 0.0, 1422844.781487355, 0.0], [0.0, 0.0, 0.0, 0.0]], ""R"": [[52.66650760188438, 0.0], [0.0, 52.66650760188438]], ""P"": [[2501000.0, 0.0, 0.0, 0.0], [0.0, 250100000.0, 0.0, 0.0], [0.0, 0.0, 2501000.0, 0.0], [0.0, 0.0, 0.0, 250100000.0]]}","[-0.1003694447343702, -0.06678010522380157, 0.0]",False
3,P01,c0150e75-d12d-467e-96b2-81d06399c7ad,27,1,haply,mpc,seeded_random,3975743691,persist_session,10.0,24.62905820846558,4217.10597108,0,1785827205.9034674,432,True,normal,adaptive,-0.08,-0.08,0.0,0.08,-0.08,0.0,0.08057919,-0.0796146399999999,0.0,0.05866834,-0.1531966,0.15318991,-0.0014962433,-0.0006350223,0.00010691288,"[2.177604788722202, 0.6382372546100122, 0.0, 0.0, 0.0, 0.0, 2.062523543902982, -0.21731241778363886]","[-0.0012612469175799976, -0.0007948140728785416, 0.0]","{""Controller Type"": ""MPC Controller"", ""weight_comfort"": 52.66650760188438, ""weight_trajectory"": 1422844.781487355, ""weight_goal"": 2501000.0, ""Q"": [[1422844.781487355, 0.0, 0.0, 0.0], [0.0, 0.0, 0.0, 0.0], [0.0, 0.0, 1422844.781487355, 0.0], [0.0, 0.0, 0.0, 0.0]], ""R"": [[52.66650760188438, 0.0], [0.0, 52.66650760188438]], ""P"": [[2501000.0, 0.0, 0.0, 0.0], [0.0, 250100000.0, 0.0, 0.0], [0.0, 0.0, 2501000.0, 0.0], [0.0, 0.0, 0.0, 250100000.0]]}","[-0.10036944473169422, -0.06678010525170781, 0.0]",False
3,P01,c0150e75-d12d-467e-96b2-81d06399c7ad,27,1,haply,mpc,seeded_random,3975743691,persist_session,10.0,24.639117803573612,4217.115998398,0,1785827205.913416,433,True,normal,adaptive,-0.08,-0.08,0.0,0.08,-0.08,0.0,0.08057919,-0.0796146399999999,0.0,0.05860317,-0.1532194,0.15319204,-0.0011110428,-0.00048376014,8.6503875e-05,"[2.1776041625904314, 0.6382374545043404, 0.0, 0.0, 0.0, 0.0, 2.062523318637671, -0.21731231724630304]","[-0.0012612465549307374, -0.0007948139860703014, 0.0]","{""Controller Type"": ""MPC Controller"", ""weight_comfort"": 52.666765747870684, ""weight_trajectory"": 1422837.021619007, ""weight_goal"": 2501000.0, ""Q"": [[1422837.021619007, 0.0, 0.0, 0.0], [0.0, 0.0, 0.0, 0.0], [0.0, 0.0, 1422837.021619007, 0.0], [0.0, 0.0, 0.0, 0.0]], ""R"": [[52.666765747870684, 0.0], [0.0, 52.666765747870684]], ""P"": [[2501000.0, 0.0, 0.0, 0.0], [0.0, 250100000.0, 0.0, 0.0], [0.0, 0.0, 2501000.0, 0.0], [0.0, 0.0, 0.0, 250100000.0]]}","[-0.10036944473169365, -0.06678010525170741, 0.0]",False
3,P01,c0150e75-d12d-467e-96b2-81d06399c7ad,27,1,haply,mpc,seeded_random,3975743691,persist_session,10.0,24.649068918228153,4217.125972358,0,1785827205.9235168,434,True,normal,adaptive,-0.08,-0.08,0.0,0.08,-0.08,0.0,0.08038368,-0.0796103799999999,0.0,0.05860317,-0.1532194,0.15319204,-0.0013839881,-0.00055237394,8.135416e-05,"[2.1681420335110313, 0.6501575371439587, 0.0, 0.0, 0.0, 0.0, 2.0625051752531975, -0.21729969909981195]","[-0.013416200467658486, -0.0008952387709794485, 0.0]","{""Controller Type"": ""MPC Controller"", ""weight_comfort"": 52.666765747870684, ""weight_trajectory"": 1422837.021619007, ""weight_goal"": 2501000.0, ""Q"": [[1422837.021619007, 0.0, 0.0, 0.0], [0.0, 0.0, 0.0, 0.0], [0.0, 0.0, 1422837.021619007, 0.0], [0.0, 0.0, 0.0, 0.0]], ""R"": [[52.666765747870684, 0.0], [0.0, 52.666765747870684]], ""P"": [[2501000.0, 0.0, 0.0, 0.0], [0.0, 250100000.0, 0.0, 0.0], [0.0, 0.0, 2501000.0, 0.0], [0.0, 0.0, 0.0, 250100000.0]]}","[0.2945690884573456, -0.0753854794851697, 0.0]",False
3,P01,c0150e75-d12d-467e-96b2-81d06399c7ad,27,1,haply,mpc,seeded_random,3975743691,persist_session,10.0,24.65922030448914,4217.136124429,0,1785827205.9333498,435,True,normal,adaptive,-0.08,-0.08,0.0,0.08,-0.08,0.0,0.08038368,-0.0796103799999999,0.0,0.058615178,-0.15327664,0.15322663,-0.0016120751,-0.00061482517,7.9829646e-05,"[2.1674931380228095, 0.6503646812660501, 0.0, 0.0, 0.0, 0.0, 2.062517259507489, -0.21730509237834397]","[-0.0008316237671966159, -0.0008035979746493513, 0.0]","{""Controller Type"": ""MPC Controller"", ""weight_comfort"": 52.666765747870684, ""weight_trajectory"": 1422837.021619007, ""weight_goal"": 2501000.0, ""Q"": [[1422837.021619007, 0.0, 0.0, 0.0], [0.0, 0.0, 0.0, 0.0], [0.0, 0.0, 1422837.021619007, 0.0], [0.0, 0.0, 0.0, 0.0]], ""R"": [[52.666765747870684, 0.0], [0.0, 52.666765747870684]], ""P"": [[2501000.0, 0.0, 0.0, 0.0], [0.0, 250100000.0, 0.0, 0.0], [0.0, 0.0, 2501000.0, 0.0], [0.0, 0.0, 0.0, 250100000.0]]}","[-0.06648896643134299, -0.06751832530890793, 0.0]",False
3,P01,c0150e75-d12d-467e-96b2-81d06399c7ad,27,1,haply,mpc,seeded_random,3975743691,persist_session,10.0,24.66902002334595,4217.145931882,0,1785827205.9436166,436,True,normal,adaptive,-0.08,-0.08,0.0,0.08,-0.08,0.0,0.0804197039999999,-0.0795411999999999,0.0,0.058615178,-0.15327664,0.15322663,-0.0017319908,-0.0008553509,0.00019747505,"[2.1670425560059545, 0.6507976542782895, 0.0, 0.0, 0.0, 0.0, 2.060833018995607, -0.2154356399503894]","[0.0013739972676024455, -0.002397166534445648, 0.0]","{""Controller Type"": ""MPC Controller"", ""weight_comfort"": 52.65116670471396, ""weight_trajectory"": 1423305.9288562983, ""weight_goal"": 2501000.0, ""Q"": [[1423305.9288562983, 0.0, 0.0, 0.0], [0.0, 0.0, 0.0, 0.0], [0.0, 0.0, 1423305.9288562983, 0.0], [0.0, 0.0, 0.0, 0.0]], ""R"": [[52.65116670471396, 0.0], [0.0, 52.65116670471396]], ""P"": [[2501000.0, 0.0, 0.0, 0.0], [0.0, 250100000.0, 0.0, 0.0], [0.0, 0.0, 2501000.0, 0.0], [0.0, 0.0, 0.0, 250100000.0]]}","[-0.13818371607306226, -0.20519994803948638, 0.0]",False
3,P01,c0150e75-d12d-467e-96b2-81d06399c7ad,27,1,haply,mpc,seeded_random,3975743691,persist_session,10.0,24.679086294174198,4217.155982197,0,1785827205.953577,437,True,normal,adaptive,-0.08,-0.08,0.0,0.08,-0.08,0.0,0.0804197039999999,-0.0795411999999999,0.0,0.058615178,-0.15327664,0.15322663,-0.0017635685,-0.0011371999,0.00035318977,"[2.1671694583860273, 0.6507571439420587, 0.0, 0.0, 0.0, 0.0, 2.061061884862957, -0.21553778287727607]","[-0.0009095696903624039, -0.0009456151927751724, 0.0]","{""Controller Type"": ""MPC Controller"", ""weight_comfort"": 52.65116670471396, ""weight_trajectory"": 1423305.9288562983, ""weight_goal"": 2501000.0, ""Q"": [[1423305.9288562983, 0.0, 0.0, 0.0], [0.0, 0.0, 0.0, 0.0], [0.0, 0.0, 1423305.9288562983, 0.0], [0.0, 0.0, 0.0, 0.0]], ""R"": [[52.65116670471396, 0.0], [0.0, 52.65116670471396]], ""P"": [[2501000.0, 0.0, 0.0, 0.0], [0.0, 250100000.0, 0.0, 0.0], [0.0, 0.0, 2501000.0, 0.0], [0.0, 0.0, 0.0, 250100000.0]]}","[-0.07273213300946796, -0.07950723019771802, 0.0]",False
3,P01,c0150e75-d12d-467e-96b2-81d06399c7ad,27,1,haply,mpc,seeded_random,3975743691,persist_session,10.0,24.689035501480106,4217.16594999,0,1785827205.963492,438,True,normal,adaptive,-0.08,-0.08,0.0,0.08,-0.08,0.0,0.0804197039999999,-0.0795411999999999,0.0,0.05862717,-0.15333377,0.15326117,-0.0011978969,-0.0011673082,0.00046489932,"[2.1671691295475504, 0.6507572489153245, 0.0, 0.0, 0.0, 0.0, 2.0610615641855174, -0.2155376397588082]","[-0.0009095695523475797, -0.0009456150456483629, 0.0]","{""Controller Type"": ""MPC Controller"", ""weight_comfort"": 52.65116670471396, ""weight_trajectory"": 1423305.9288562983, ""weight_goal"": 2501000.0, ""Q"": [[1423305.9288562983, 0.0, 0.0, 0.0], [0.0, 0.0, 0.0, 0.0], [0.0, 0.0, 1423305.9288562983, 0.0], [0.0, 0.0, 0.0, 0.0]], ""R"": [[52.65116670471396, 0.0], [0.0, 52.65116670471396]], ""P"": [[2501000.0, 0.0, 0.0, 0.0], [0.0, 250100000.0, 0.0, 0.0], [0.0, 0.0, 2501000.0, 0.0], [0.0, 0.0, 0.0, 250100000.0]]}","[-0.07273213299142518, -0.07950723025645545, 0.0]",False
3,P01,c0150e75-d12d-467e-96b2-81d06399c7ad,27,1,haply,mpc,seeded_random,3975743691,persist_session,10.0,24.699133005142215,4217.176036019,0,1785827205.9734235,439,True,normal,adaptive,-0.08,-0.08,0.0,0.08,-0.08,0.0,0.08045568,-0.0794721199999999,0.0,0.05862717,-0.15333377,0.15326117,-0.00078333745,-0.0012191589,0.0005637773,"[2.166664057032962, 0.6512380818576762, 0.0, 0.0, 0.0, 0.0, 2.059172530154966, -0.21345960817770257]","[0.00137173288260798, -0.002571735885268337, 0.0]","{""Controller Type"": ""MPC Controller"", ""weight_comfort"": 52.6505588263697, ""weight_trajectory"": 1423324.2016793261, ""weight_goal"": 2501000.0, ""Q"": [[1423324.2016793261, 0.0, 0.0, 0.0], [0.0, 0.0, 0.0, 0.0], [0.0, 0.0, 1423324.2016793261, 0.0], [0.0, 0.0, 0.0, 0.0]], ""R"": [[52.6505588263697, 0.0], [0.0, 52.6505588263697]], ""P"": [[2501000.0, 0.0, 0.0, 0.0], [0.0, 250100000.0, 0.0, 0.0], [0.0, 0.0, 2501000.0, 0.0], [0.0, 0.0, 0.0, 250100000.0]]}","[-0.14653785569091046, -0.2212266910010537, 0.0]",False
3,P01,c0150e75-d12d-467e-96b2-81d06399c7ad,27,1,haply,mpc,seeded_random,3975743691,persist_session,10.0,24.709093179702762,4217.185996164,0,1785827205.983344,440,True,normal,adaptive,-0.08,-0.08,0.0,0.08,-0.08,0.0,0.08045568,-0.0794721199999999,0.0,0.058639176,-0.15339096,0.15329579,-0.0004845877,-0.0012844173,0.00065112056,"[2.1668072801082063, 0.6511923617603833, 0.0, 0.0, 0.0, 0.0, 2.0594462167235923, -0.21358175285479994]","[-0.0009873707413997075, -0.0010871404688840957, 0.0]","{""Controller Type"": ""MPC Controller"", ""weight_comfort"": 52.6505588263697, ""weight_trajectory"": 1423324.2016793261, ""weight_goal"": 2501000.0, ""Q"": [[1423324.2016793261, 0.0, 0.0, 0.0], [0.0, 0.0, 0.0, 0.0], [0.0, 0.0, 1423324.2016793261, 0.0], [0.0, 0.0, 0.0, 0.0]], ""R"": [[52.6505588263697, 0.0], [0.0, 52.6505588263697]], ""P"": [[2501000.0, 0.0, 0.0, 0.0], [0.0, 250100000.0, 0.0, 0.0], [0.0, 0.0, 2501000.0, 0.0], [0.0, 0.0, 0.0, 250100000.0]]}","[-0.07896657329294832, -0.09147839406514621, 0.0]",False
3,P01,c0150e75-d12d-467e-96b2-81d06399c7ad,27,1,haply,mpc,seeded_random,3975743691,persist_session,10.0,24.71910342216492,4217.195996628,0,1785827205.9934564,441,True,normal,adaptive,-0.08,-0.08,0.0,0.08,-0.08,0.0,0.080491698,-0.07940288,0.0,0.058639176,-0.15339096,0.15329579,-0.0002475072,-0.0013662602,0.0007376131,"[2.1663134028819155, 0.6516541632299439, 0.0, 0.0, 0.0, 0.0, 2.05760525216803, -0.21158212504012752]","[0.0012558937684181474, -0.0026773647561743512, 0.0]","{""Controller Type"": ""MPC Controller"", ""weight_comfort"": 52.6505588263697, ""weight_trajectory"": 1423324.2016793261, ""weight_goal"": 2501000.0, ""Q"": [[1423324.2016793261, 0.0, 0.0, 0.0], [0.0, 0.0, 0.0, 0.0], [0.0, 0.0, 1423324.2016793261, 0.0], [0.0, 0.0, 0.0, 0.0]], ""R"": [[52.6505588263697, 0.0], [0.0, 52.6505588263697]], ""P"": [[2501000.0, 0.0, 0.0, 0.0], [0.0, 250100000.0, 0.0, 0.0], [0.0, 0.0, 2501000.0, 0.0], [0.0, 0.0, 0.0, 250100000.0]]}","[-0.15164946285919415, -0.2312019565274422, 0.0]",False
3,P01,c0150e75-d12d-467e-96b2-81d06399c7ad,27,1,haply,mpc,seeded_random,3975743691,persist_session,10.0,24.729053583145145,4217.205962891,0,1785827206.0036426,442,True,normal,adaptive,-0.08,-0.08,0.0,0.08,-0.08,0.0,0.080491698,-0.07940288,0.0,0.058639176,-0.15339096,0.15329579,-8.464203e-05,-0.0014224831,0.0007970302,"[2.1664616448526486, 0.6516068411950922, 0.0, 0.0, 0.0, 0.0, 2.057902571181776, -0.21171481485391308]","[-0.001065244857850755, -0.001228814783304047, 0.0]","{""Controller Type"": ""MPC Controller"", ""weight_comfort"": 52.6502801683964, ""weight_trajectory"": 1423332.5781380038, ""weight_goal"": 2501000.0, ""Q"": [[1423332.5781380038, 0.0, 0.0, 0.0], [0.0, 0.0, 0.0, 0.0], [0.0, 0.0, 1423332.5781380038, 0.0], [0.0, 0.0, 0.0, 0.0]], ""R"": [[52.6502801683964, 0.0], [0.0, 52.6502801683964]], ""P"": [[2501000.0, 0.0, 0.0, 0.0], [0.0, 250100000.0, 0.0, 0.0], [0.0, 0.0, 2501000.0, 0.0], [0.0, 0.0, 0.0, 250100000.0]]}","[-0.08520827368106061, -0.10347726502332658, 0.0]",False
3,P01,c0150e75-d12d-467e-96b2-81d06399c7ad,27,1,haply,mpc,seeded_random,3975743691,persist_session,10.0,24.739314880371097,4217.216202843,0,1785827206.0135517,443,True,normal,adaptive,-0.08,-0.08,0.0,0.08,-0.08,0.0,0.080491698,-0.07940288,0.0,0.058639176,-0.15339096,0.15329579,3.4206227e-05,-0.001463511,0.0008403886,"[2.166461191410633, 0.6516069859435649, 0.0, 0.0, 0.0, 0.0, 2.0579020261242933, -0.2117145716014719]","[-0.0010652446348942228, -0.0012288144578393228, 0.0]","{""Controller Type"": ""MPC Controller"", ""weight_comfort"": 52.6502801683964, ""weight_trajectory"": 1423332.5781380038, ""weight_goal"": 2501000.0, ""Q"": [[1423332.5781380038, 0.0, 0.0, 0.0], [0.0, 0.0, 0.0, 0.0], [0.0, 0.0, 1423332.5781380038, 0.0], [0.0, 0.0, 0.0, 0.0]], ""R"": [[52.6502801683964, 0.0], [0.0, 52.6502801683964]], ""P"": [[2501000.0, 0.0, 0.0, 0.0], [0.0, 250100000.0, 0.0, 0.0], [0.0, 0.0, 2501000.0, 0.0], [0.0, 0.0, 0.0, 250100000.0]]}","[-0.08520828346319234, -0.10347727698901905, 0.0]",False
3,P01,c0150e75-d12d-467e-96b2-81d06399c7ad,27,1,haply,mpc,seeded_random,3975743691,persist_session,10.0,24.749245967864994,4217.226150198,0,1785827206.0232549,444,True,normal,adaptive,-0.08,-0.08,0.0,0.08,-0.08,0.0,0.080491698,-0.07940288,0.0,0.05864593,-0.1534323,0.15324223,6.712217e-05,-0.0012594374,0.0007295329,"[2.1664607375149116, 0.6516071308368704, 0.0, 0.0, 0.0, 0.0, 2.0579014805214966, -0.21171432810566382]","[-0.0010652444117146044, -0.0012288141320489809, 0.0]","{""Controller Type"": ""MPC Controller"", ""weight_comfort"": 52.6502801683964, ""weight_trajectory"": 1423332.5781380038, ""weight_goal"": 2501000.0, ""Q"": [[1423332.5781380038, 0.0, 0.0, 0.0], [0.0, 0.0, 0.0, 0.0], [0.0, 0.0, 1423332.5781380038, 0.0], [0.0, 0.0, 0.0, 0.0]], ""R"": [[52.6502801683964, 0.0], [0.0, 52.6502801683964]], ""P"": [[2501000.0, 0.0, 0.0, 0.0], [0.0, 250100000.0, 0.0, 0.0], [0.0, 0.0, 2501000.0, 0.0], [0.0, 0.0, 0.0, 250100000.0]]}","[-0.08520828346319136, -0.10347727698901947, 0.0]",False
3,P01,c0150e75-d12d-467e-96b2-81d06399c7ad,27,1,haply,mpc,seeded_random,3975743691,persist_session,10.0,24.759144392013553,4217.236051654,0,1785827206.0335195,445,True,normal,adaptive,-0.08,-0.08,0.0,0.08,-0.08,0.0,0.08051196,-0.0795099999999999,0.0,0.05864593,-0.1534323,0.15324223,5.4838245e-05,-0.0009420705,0.000466756,"[2.1662703941076162, 0.6517605349566149, 0.0, 0.0, 0.0, 0.0, 2.0547442577128394, -0.20760625476957006]","[0.00017750676329656595, 0.0011597191630105914, 0.0]","{""Controller Type"": ""MPC Controller"", ""weight_comfort"": 52.650140915029624, ""weight_trajectory"": 1423336.7640942093, ""weight_goal"": 2501000.0, ""Q"": [[1423336.7640942093, 0.0, 0.0, 0.0], [0.0, 0.0, 0.0, 0.0], [0.0, 0.0, 1423336.7640942093, 0.0], [0.0, 0.0, 0.0, 0.0]], ""R"": [[52.650140915029624, 0.0], [0.0, 52.650140915029624]], ""P"": [[2501000.0, 0.0, 0.0, 0.0], [0.0, 250100000.0, 0.0, 0.0], [0.0, 0.0, 2501000.0, 0.0], [0.0, 0.0, 0.0, 250100000.0]]}","[-0.12554144482479876, 0.10975380804989411, 0.0]",False
3,P01,c0150e75-d12d-467e-96b2-81d06399c7ad,27,1,haply,mpc,seeded_random,3975743691,persist_session,10.0,24.769190874099735,4217.246099166,0,1785827206.0437806,446,True,normal,adaptive,-0.08,-0.08,0.0,0.08,-0.08,0.0,0.08051196,-0.0795099999999999,0.0,0.05864593,-0.1534323,0.15324223,4.6672845e-05,-0.00072800193,0.00028745853,"[2.1663554194533483, 0.6517333930789612, 0.0, 0.0, 0.0, 0.0, 2.054372591856872, -0.20744038898292402]","[-0.0011090873205433186, -0.001006642570009933, 0.0]","{""Controller Type"": ""MPC Controller"", ""weight_comfort"": 52.650140915029624, ""weight_trajectory"": 1423336.7640942093, ""weight_goal"": 2501000.0, ""Q"": [[1423336.7640942093, 0.0, 0.0, 0.0], [0.0, 0.0, 0.0, 0.0], [0.0, 0.0, 1423336.7640942093, 0.0], [0.0, 0.0, 0.0, 0.0]], ""R"": [[52.650140915029624, 0.0], [0.0, 52.650140915029624]], ""P"": [[2501000.0, 0.0, 0.0, 0.0], [0.0, 250100000.0, 0.0, 0.0], [0.0, 0.0, 2501000.0, 0.0], [0.0, 0.0, 0.0, 250100000.0]]}","[-0.08871957035750849, -0.08491403508851694, 0.0]",False
3,P01,c0150e75-d12d-467e-96b2-81d06399c7ad,27,1,haply,mpc,seeded_random,3975743691,persist_session,10.0,24.77910336494446,4217.255995495,0,1785827206.0535228,447,True,normal,adaptive,-0.08,-0.08,0.0,0.08,-0.08,0.0,0.08051196,-0.0795099999999999,0.0,0.05864593,-0.1534323,0.15324223,4.029377e-05,-0.0005607647,0.00014738571,"[2.1663549259240855, 0.6517335506238762, 0.0, 0.0, 0.0, 0.0, 2.0543722239839717, -0.20744022480984495]","[-0.0011090870678760773, -0.001006642389752212, 0.0]","{""Controller Type"": ""MPC Controller"", ""weight_comfort"": 52.650140915029624, ""weight_trajectory"": 1423336.7640942093, ""weight_goal"": 2501000.0, ""Q"": [[1423336.7640942093, 0.0, 0.0, 0.0], [0.0, 0.0, 0.0, 0.0], [0.0, 0.0, 1423336.7640942093, 0.0], [0.0, 0.0, 0.0, 0.0]], ""R"": [[52.650140915029624, 0.0], [0.0, 52.650140915029624]], ""P"": [[2501000.0, 0.0, 0.0, 0.0], [0.0, 250100000.0, 0.0, 0.0], [0.0, 0.0, 2501000.0, 0.0], [0.0, 0.0, 0.0, 250100000.0]]}","[-0.08871957035439347, -0.08491403510640858, 0.0]",False
3,P01,c0150e75-d12d-467e-96b2-81d06399c7ad,27,1,haply,mpc,seeded_random,3975743691,persist_session,10.0,24.789136495590213,4217.266042486,0,1785827206.0635316,448,True,normal,adaptive,-0.08,-0.08,0.0,0.08,-0.08,0.0,0.08051196,-0.0795099999999999,0.0,0.05864593,-0.1534323,0.15324223,3.602863e-05,-0.0004489475,5.3730942e-05,"[2.166354431901025, 0.651733708326422, 0.0, 0.0, 0.0, 0.0, 2.0543718557429624, -0.20744006047248734]","[-0.001109086814956031, -0.0010066422093141176, 0.0]","{""Controller Type"": ""MPC Controller"", ""weight_comfort"": 52.650040454453645, ""weight_trajectory"": 1423339.7839391236, ""weight_goal"": 2501000.0, ""Q"": [[1423339.7839391236, 0.0, 0.0, 0.0], [0.0, 0.0, 0.0, 0.0], [0.0, 0.0, 1423339.7839391236, 0.0], [0.0, 0.0, 0.0, 0.0]], ""R"": [[52.650040454453645, 0.0], [0.0, 52.650040454453645]], ""P"": [[2501000.0, 0.0, 0.0, 0.0], [0.0, 250100000.0, 0.0, 0.0], [0.0, 0.0, 2501000.0, 0.0], [0.0, 0.0, 0.0, 250100000.0]]}","[-0.08871957035439307, -0.08491403510640841, 0.0]",False
3,P01,c0150e75-d12d-467e-96b2-81d06399c7ad,27,1,haply,mpc,seeded_random,3975743691,persist_session,10.0,24.79909976959229,4217.275994936,0,1785827206.0736077,449,True,normal,adaptive,-0.08,-0.08,0.0,0.08,-0.08,0.0,0.08051196,-0.0795099999999999,0.0,0.05864593,-0.1534323,0.15324223,2.62425e-05,-0.0003240647,3.476314e-05,"[2.166353937383672, 0.6517338661867561, 0.0, 0.0, 0.0, 0.0, 2.0543714871334755, -0.20743989597068688]","[-0.001109086561782927, -0.0010066420286954688, 0.0]","{""Controller Type"": ""MPC Controller"", ""weight_comfort"": 52.650040454453645, ""weight_trajectory"": 1423339.7839391236, ""weight_goal"": 2501000.0, ""Q"": [[1423339.7839391236, 0.0, 0.0, 0.0], [0.0, 0.0, 0.0, 0.0], [0.0, 0.0, 1423339.7839391236, 0.0], [0.0, 0.0, 0.0, 0.0]], ""R"": [[52.650040454453645, 0.0], [0.0, 52.650040454453645]], ""P"": [[2501000.0, 0.0, 0.0, 0.0], [0.0, 250100000.0, 0.0, 0.0], [0.0, 0.0, 2501000.0, 0.0], [0.0, 0.0, 0.0, 250100000.0]]}","[-0.08871957403087981, -0.08491403862519553, 0.0]",False
3,P01,c0150e75-d12d-467e-96b2-81d06399c7ad,27,1,haply,mpc,seeded_random,3975743691,persist_session,10.0,24.80907687187195,4217.285981999,0,1785827206.0832682,450,True,normal,adaptive,-0.08,-0.08,0.0,0.08,-0.08,0.0,0.08051196,-0.0795099999999999,0.0,0.05864593,-0.1534323,0.15324223,1.8907886e-05,-0.00023349063,2.5047053e-05,"[2.166353442371533, 0.6517340242050365, 0.0, 0.0, 0.0, 0.0, 2.0543711181551427, -0.20743973130427906]","[-0.0011090863083565124, -0.0010066418478960858, 0.0]","{""Controller Type"": ""MPC Controller"", ""weight_comfort"": 52.650040454453645, ""weight_trajectory"": 1423339.7839391236, ""weight_goal"": 2501000.0, ""Q"": [[1423339.7839391236, 0.0, 0.0, 0.0], [0.0, 0.0, 0.0, 0.0], [0.0, 0.0, 1423339.7839391236, 0.0], [0.0, 0.0, 0.0, 0.0]], ""R"": [[52.650040454453645, 0.0], [0.0, 52.650040454453645]], ""P"": [[2501000.0, 0.0, 0.0, 0.0], [0.0, 250100000.0, 0.0, 0.0], [0.0, 0.0, 2501000.0, 0.0], [0.0, 0.0, 0.0, 250100000.0]]}","[-0.08871957403087849, -0.08491403862519557, 0.0]",False
3,P01,c0150e75-d12d-467e-96b2-81d06399c7ad,27,1,haply,mpc,seeded_random,3975743691,persist_session,10.0,24.81908186912537,4217.295989123,0,1785827206.0936952,451,True,normal,adaptive,-0.08,-0.08,0.0,0.08,-0.08,0.0,0.08051196,-0.0795099999999999,0.0,0.05864593,-0.1534323,0.15324223,1.3445265e-05,-0.00016603355,1.7810786e-05,"[2.166352946864113, 0.6517341823814209, 0.0, 0.0, 0.0, 0.0, 2.054370748807595, -0.20743956647309925]","[-0.0011090860546765337, -0.0010066416669157875, 0.0]","{""Controller Type"": ""MPC Controller"", ""weight_comfort"": 52.65003852244106, ""weight_trajectory"": 1423339.8420154215, ""weight_goal"": 2501000.0, ""Q"": [[1423339.8420154215, 0.0, 0.0, 0.0], [0.0, 0.0, 0.0, 0.0], [0.0, 0.0, 1423339.8420154215, 0.0], [0.0, 0.0, 0.0, 0.0]], ""R"": [[52.65003852244106, 0.0], [0.0, 52.65003852244106]], ""P"": [[2501000.0, 0.0, 0.0, 0.0], [0.0, 250100000.0, 0.0, 0.0], [0.0, 0.0, 2501000.0, 0.0], [0.0, 0.0, 0.0, 250100000.0]]}","[-0.08871957403087927, -0.08491403862519518, 0.0]",False
3,P01,c0150e75-d12d-467e-96b2-81d06399c7ad,27,1,haply,mpc,seeded_random,3975743691,persist_session,10.0,24.829162206649784,4217.30606079,0,1785827206.1035802,452,True,normal,adaptive,-0.08,-0.08,0.0,0.08,-0.08,0.0,0.08051196,-0.0795099999999999,0.0,0.05864593,-0.1534323,0.15324223,9.6422245e-06,-0.0001190704,1.2772945e-05,"[2.1663524508609164, 0.6517343407160676, 0.0, 0.0, 0.0, 0.0, 2.054370379090463, -0.20743940147698262]","[-0.0011090858007427372, -0.0010066414857543928, 0.0]","{""Controller Type"": ""MPC Controller"", ""weight_comfort"": 52.65003852244106, ""weight_trajectory"": 1423339.8420154215, ""weight_goal"": 2501000.0, ""Q"": [[1423339.8420154215, 0.0, 0.0, 0.0], [0.0, 0.0, 0.0, 0.0], [0.0, 0.0, 1423339.8420154215, 0.0], [0.0, 0.0, 0.0, 0.0]], ""R"": [[52.65003852244106, 0.0], [0.0, 52.65003852244106]], ""P"": [[2501000.0, 0.0, 0.0, 0.0], [0.0, 250100000.0, 0.0, 0.0], [0.0, 0.0, 2501000.0, 0.0], [0.0, 0.0, 0.0, 250100000.0]]}","[-0.08871957410158238, -0.08491403869286708, 0.0]",False
3,P01,c0150e75-d12d-467e-96b2-81d06399c7ad,27,1,haply,mpc,seeded_random,3975743691,persist_session,10.0,24.83910426139832,4217.315996934,0,1785827206.1136122,453,True,normal,adaptive,-0.08,-0.08,0.0,0.08,-0.08,0.0,0.08051196,-0.0795099999999999,0.0,0.05864593,-0.1534323,0.15324223,7.0744363e-06,-8.736115e-05,9.371424e-06,"[2.166351954361448, 0.6517344992091348, 0.0, 0.0, 0.0, 0.0, 2.054370009003377, -0.2074392363157642]","[-0.0011090855465548692, -0.0010066413044117206, 0.0]","{""Controller Type"": ""MPC Controller"", ""weight_comfort"": 52.65003852244106, ""weight_trajectory"": 1423339.8420154215, ""weight_goal"": 2501000.0, ""Q"": [[1423339.8420154215, 0.0, 0.0, 0.0], [0.0, 0.0, 0.0, 0.0], [0.0, 0.0, 1423339.8420154215, 0.0], [0.0, 0.0, 0.0, 0.0]], ""R"": [[52.65003852244106, 0.0], [0.0, 52.65003852244106]], ""P"": [[2501000.0, 0.0, 0.0, 0.0], [0.0, 250100000.0, 0.0, 0.0], [0.0, 0.0, 2501000.0, 0.0], [0.0, 0.0, 0.0, 250100000.0]]}","[-0.08871957410158182, -0.08491403869286675, 0.0]",False
3,P01,c0150e75-d12d-467e-96b2-81d06399c7ad,27,1,haply,mpc,seeded_random,3975743691,persist_session,10.0,24.849083747863773,4217.325991884,0,1785827206.123631,454,True,normal,adaptive,-0.08,-0.08,0.0,0.08,-0.08,0.0,0.08051196,-0.0795099999999999,0.0,0.05864593,-0.1534323,0.15324223,5.0196813e-06,-6.198728e-05,6.6495118e-06,"[2.1663514573652103, 0.651734657860781, 0.0, 0.0, 0.0, 0.0, 2.0543696385459675, -0.2074390709892788]","[-0.0011090852921126755, -0.00100664112288759, 0.0]","{""Controller Type"": ""MPC Controller"", ""weight_comfort"": 52.650036584623344, ""weight_trajectory"": 1423339.900266222, ""weight_goal"": 2501000.0, ""Q"": [[1423339.900266222, 0.0, 0.0, 0.0], [0.0, 0.0, 0.0, 0.0], [0.0, 0.0, 1423339.900266222, 0.0], [0.0, 0.0, 0.0, 0.0]], ""R"": [[52.650036584623344, 0.0], [0.0, 52.650036584623344]], ""P"": [[2501000.0, 0.0, 0.0, 0.0], [0.0, 250100000.0, 0.0, 0.0], [0.0, 0.0, 2501000.0, 0.0], [0.0, 0.0, 0.0, 250100000.0]]}","[-0.0887195741015833, -0.08491403869286844, 0.0]",False
3,P01,c0150e75-d12d-467e-96b2-81d06399c7ad,27,1,haply,mpc,seeded_random,3975743691,persist_session,10.0,24.85912379264832,4217.336025338,0,1785827206.1336386,455,True,normal,adaptive,-0.08,-0.08,0.0,0.08,-0.08,0.0,0.08051196,-0.0795099999999999,0.0,0.05864593,-0.1534323,0.15324223,3.5906994e-06,-4.434101e-05,4.7565572e-06,"[2.1663509598717074, 0.6517348166711647, 0.0, 0.0, 0.0, 0.0, 2.0543692677178633, -0.20743890549736116]","[-0.0011090850374159016, -0.001006640941181819, 0.0]","{""Controller Type"": ""MPC Controller"", ""weight_comfort"": 52.650036584623344, ""weight_trajectory"": 1423339.900266222, ""weight_goal"": 2501000.0, ""Q"": [[1423339.900266222, 0.0, 0.0, 0.0], [0.0, 0.0, 0.0, 0.0], [0.0, 0.0, 1423339.900266222, 0.0], [0.0, 0.0, 0.0, 0.0]], ""R"": [[52.650036584623344, 0.0], [0.0, 52.650036584623344]], ""P"": [[2501000.0, 0.0, 0.0, 0.0], [0.0, 250100000.0, 0.0, 0.0], [0.0, 0.0, 2501000.0, 0.0], [0.0, 0.0, 0.0, 250100000.0]]}","[-0.08871957417249879, -0.08491403876074255, 0.0]",False
3,P01,c0150e75-d12d-467e-96b2-81d06399c7ad,27,1,haply,mpc,seeded_random,3975743691,persist_session,10.0,24.869071092605594,4217.345978955,0,1785827206.143818,456,True,normal,adaptive,-0.08,-0.08,0.0,0.08,-0.08,0.0,0.08051196,-0.0795099999999999,0.0,0.05864593,-0.1534323,0.15324223,2.5949887e-06,-3.2045133e-05,3.4375507e-06,"[2.1663504618804423, 0.6517349756404448, 0.0, 0.0, 0.0, 0.0, 2.0543688965186937, -0.2074387398398458]","[-0.0011090847824642936, -0.0010066407592942259, 0.0]","{""Controller Type"": ""MPC Controller"", ""weight_comfort"": 52.650036584623344, ""weight_trajectory"": 1423339.900266222, ""weight_goal"": 2501000.0, ""Q"": [[1423339.900266222, 0.0, 0.0, 0.0], [0.0, 0.0, 0.0, 0.0], [0.0, 0.0, 1423339.900266222, 0.0], [0.0, 0.0, 0.0, 0.0]], ""R"": [[52.650036584623344, 0.0], [0.0, 52.650036584623344]], ""P"": [[2501000.0, 0.0, 0.0, 0.0], [0.0, 250100000.0, 0.0, 0.0], [0.0, 0.0, 2501000.0, 0.0], [0.0, 0.0, 0.0, 250100000.0]]}","[-0.08871957417249961, -0.08491403876074334, 0.0]",False
3,P01,c0150e75-d12d-467e-96b2-81d06399c7ad,27,1,haply,mpc,seeded_random,3975743691,persist_session,10.0,24.879171695709232,4217.35607395,0,1785827206.1537364,457,True,normal,adaptive,-0.08,-0.08,0.0,0.08,-0.08,0.0,0.08051196,-0.0795099999999999,0.0,0.05864593,-0.1534323,0.15324223,1.8406072e-06,-2.2729384e-05,2.4382305e-06,"[2.1663504618804423, 0.6517349756404448, 0.0, 0.0, 0.0, 0.0, 2.0543688965186937, -0.2074387398398458]","[-0.0011090847824642936, -0.0010066407592942259, 0.0]","{""Controller Type"": ""MPC Controller"", ""weight_comfort"": 52.650036584623344, ""weight_trajectory"": 1423339.900266222, ""weight_goal"": 2501000.0, ""Q"": [[1423339.900266222, 0.0, 0.0, 0.0], [0.0, 0.0, 0.0, 0.0], [0.0, 0.0, 1423339.900266222, 0.0], [0.0, 0.0, 0.0, 0.0]], ""R"": [[52.650036584623344, 0.0], [0.0, 52.650036584623344]], ""P"": [[2501000.0, 0.0, 0.0, 0.0], [0.0, 250100000.0, 0.0, 0.0], [0.0, 0.0, 2501000.0, 0.0], [0.0, 0.0, 0.0, 250100000.0]]}","[-0.08871957417250131, -0.08491403876074252, 0.0]",False
3,P01,c0150e75-d12d-467e-96b2-81d06399c7ad,27,1,haply,mpc,seeded_random,3975743691,persist_session,10.0,24.889088001251224,4217.365994548,0,1785827206.1635034,458,True,normal,adaptive,-0.08,-0.08,0.0,0.08,-0.08,0.0,0.08051196,-0.0795099999999999,0.0,0.05864593,-0.1534323,0.15324223,1.3229509e-06,-1.6336924e-05,1.7524977e-06,"[2.1663499633909167, 0.6517351347687801, 0.0, 0.0, 0.0, 0.0, 2.054368524948088, -0.207438574016567]","[-0.001109084527257596, -0.001006640577224629, 0.0]","{""Controller Type"": ""MPC Controller"", ""weight_comfort"": 52.65003464098303, ""weight_trajectory"": 1423339.9586920496, ""weight_goal"": 2501000.0, ""Q"": [[1423339.9586920496, 0.0, 0.0, 0.0], [0.0, 0.0, 0.0, 0.0], [0.0, 0.0, 1423339.9586920496, 0.0], [0.0, 0.0, 0.0, 0.0]], ""R"": [[52.65003464098303, 0.0], [0.0, 52.65003464098303]], ""P"": [[2501000.0, 0.0, 0.0, 0.0], [0.0, 250100000.0, 0.0, 0.0], [0.0, 0.0, 2501000.0, 0.0], [0.0, 0.0, 0.0, 250100000.0]]}","[-0.08871957417250054, -0.08491403876074195, 0.0]",False
3,P01,c0150e75-d12d-467e-96b2-81d06399c7ad,27,1,haply,mpc,seeded_random,3975743691,persist_session,10.0,24.899110164642337,4217.376021502,0,1785827206.1734498,459,True,normal,adaptive,-0.08,-0.08,0.0,0.08,-0.08,0.0,0.08051196,-0.0795099999999999,0.0,0.05864593,-0.1534323,0.15324223,9.49008e-07,-1.1719159e-05,1.2571398e-06,"[2.166349464402632, 0.6517352940563296, 0.0, 0.0, 0.0, 0.0, 2.054368153005674, -0.20743840802735905]","[-0.001109084271795554, -0.0010066403949728461, 0.0]","{""Controller Type"": ""MPC Controller"", ""weight_comfort"": 52.65003464098303, ""weight_trajectory"": 1423339.9586920496, ""weight_goal"": 2501000.0, ""Q"": [[1423339.9586920496, 0.0, 0.0, 0.0], [0.0, 0.0, 0.0, 0.0], [0.0, 0.0, 1423339.9586920496, 0.0], [0.0, 0.0, 0.0, 0.0]], ""R"": [[52.65003464098303, 0.0], [0.0, 52.65003464098303]], ""P"": [[2501000.0, 0.0, 0.0, 0.0], [0.0, 250100000.0, 0.0, 0.0], [0.0, 0.0, 2501000.0, 0.0], [0.0, 0.0, 0.0, 250100000.0]]}","[-0.08871957424362974, -0.08491403882882075, 0.0]",False
3,P01,c0150e75-d12d-467e-96b2-81d06399c7ad,27,1,haply,mpc,seeded_random,3975743691,persist_session,10.0,24.909110631942752,4217.386016949,0,1785827206.183544,460,True,normal,adaptive,-0.08,-0.08,0.0,0.08,-0.08,0.0,0.08051196,-0.0795099999999999,0.0,0.05864593,-0.1534323,0.15324223,6.8891893e-07,-8.507359e-06,9.1260307e-07,"[2.16634896491509, 0.6517354535032526, 0.0, 0.0, 0.0, 0.0, 2.0543677806910803, -0.20743824187205592]","[-0.001109084016077912, -0.0010066402125386952, 0.0]","{""Controller Type"": ""MPC Controller"", ""weight_comfort"": 52.65003464098303, ""weight_trajectory"": 1423339.9586920496, ""weight_goal"": 2501000.0, ""Q"": [[1423339.9586920496, 0.0, 0.0, 0.0], [0.0, 0.0, 0.0, 0.0], [0.0, 0.0, 1423339.9586920496, 0.0], [0.0, 0.0, 0.0, 0.0]], ""R"": [[52.65003464098303, 0.0], [0.0, 52.65003464098303]], ""P"": [[2501000.0, 0.0, 0.0, 0.0], [0.0, 250100000.0, 0.0, 0.0], [0.0, 0.0, 2501000.0, 0.0], [0.0, 0.0, 0.0, 250100000.0]]}","[-0.088719574243629, -0.08491403882882184, 0.0]",False
3,P01,c0150e75-d12d-467e-96b2-81d06399c7ad,27,1,haply,mpc,seeded_random,3975743691,persist_session,10.0,24.919135417938236,4217.396046854,0,1785827206.193529,461,True,normal,adaptive,-0.08,-0.08,0.0,0.08,-0.08,0.0,0.08051196,-0.0795099999999999,0.0,0.05864593,-0.1534323,0.15324223,4.888019e-07,-6.0361444e-06,6.4751043e-07,"[2.166348464927791, 0.6517356131097085, 0.0, 0.0, 0.0, 0.0, 2.0543674080039342, -0.20743807555049149]","[-0.0011090837601044144, -0.0010066400299219938, 0.0]","{""Controller Type"": ""MPC Controller"", ""weight_comfort"": 52.650032691502666, ""weight_trajectory"": 1423340.0172934297, ""weight_goal"": 2501000.0, ""Q"": [[1423340.0172934297, 0.0, 0.0, 0.0], [0.0, 0.0, 0.0, 0.0], [0.0, 0.0, 1423340.0172934297, 0.0], [0.0, 0.0, 0.0, 0.0]], ""R"": [[52.650032691502666, 0.0], [0.0, 52.650032691502666]], ""P"": [[2501000.0, 0.0, 0.0, 0.0], [0.0, 250100000.0, 0.0, 0.0], [0.0, 0.0, 2501000.0, 0.0], [0.0, 0.0, 0.0, 250100000.0]]}","[-0.08871957424363083, -0.08491403882882059, 0.0]",False
3,P01,c0150e75-d12d-467e-96b2-81d06399c7ad,27,1,haply,mpc,seeded_random,3975743691,persist_session,10.0,24.92907818794251,4217.405986718,0,1785827206.2035267,462,True,normal,adaptive,-0.08,-0.08,0.0,0.08,-0.08,0.0,0.08051196,-0.0795099999999999,0.0,0.05864593,-0.1534323,0.15324223,3.5591185e-07,-4.3951045e-06,4.7147265e-07,"[2.1663479644402357, 0.6517357728758569, 0.0, 0.0, 0.0, 0.0, 2.054367034943864, -0.20743790906249943]","[-0.0011090835038748055, -0.001006639847122559, 0.0]","{""Controller Type"": ""MPC Controller"", ""weight_comfort"": 52.650032691502666, ""weight_trajectory"": 1423340.0172934297, ""weight_goal"": 2501000.0, ""Q"": [[1423340.0172934297, 0.0, 0.0, 0.0], [0.0, 0.0, 0.0, 0.0], [0.0, 0.0, 1423340.0172934297, 0.0], [0.0, 0.0, 0.0, 0.0]], ""R"": [[52.650032691502666, 0.0], [0.0, 52.650032691502666]], ""P"": [[2501000.0, 0.0, 0.0, 0.0], [0.0, 250100000.0, 0.0, 0.0], [0.0, 0.0, 2501000.0, 0.0], [0.0, 0.0, 0.0, 250100000.0]]}","[-0.08871957431497403, -0.08491403889710589, 0.0]",False
3,P01,c0150e75-d12d-467e-96b2-81d06399c7ad,27,1,haply,mpc,seeded_random,3975743691,persist_session,10.0,24.93907150268555,4217.415975188,0,1785827206.213464,463,True,normal,adaptive,-0.08,-0.08,0.0,0.08,-0.08,0.0,0.08051196,-0.0795099999999999,0.0,0.05864593,-0.1534323,0.15324223,2.5496286e-07,-3.1485001e-06,3.3774668e-07,"[2.166347463451923, 0.6517359328018575, 0.0, 0.0, 0.0, 0.0, 2.0543666615104956, -0.20743774240791327]","[-0.001109083247388829, -0.0010066396641402087, 0.0]","{""Controller Type"": ""MPC Controller"", ""weight_comfort"": 52.650032691502666, ""weight_trajectory"": 1423340.0172934297, ""weight_goal"": 2501000.0, ""Q"": [[1423340.0172934297, 0.0, 0.0, 0.0], [0.0, 0.0, 0.0, 0.0], [0.0, 0.0, 1423340.0172934297, 0.0], [0.0, 0.0, 0.0, 0.0]], ""R"": [[52.650032691502666, 0.0], [0.0, 52.650032691502666]], ""P"": [[2501000.0, 0.0, 0.0, 0.0], [0.0, 250100000.0, 0.0, 0.0], [0.0, 0.0, 2501000.0, 0.0], [0.0, 0.0, 0.0, 250100000.0]]}","[-0.08871957431497293, -0.08491403889710557, 0.0]",False
3,P01,c0150e75-d12d-467e-96b2-81d06399c7ad,27,1,haply,mpc,seeded_random,3975743691,persist_session,10.0,24.949140634536747,4217.426035408,0,1785827206.223385,464,True,normal,adaptive,-0.08,-0.08,0.0,0.08,-0.08,0.0,0.08051196,-0.0795099999999999,0.0,0.05864593,-0.1534323,0.15324223,1.816265e-07,-2.242879e-06,2.4059875e-07,"[2.1663469619623528, 0.65173609288787, 0.0, 0.0, 0.0, 0.0, 2.054366287703456, -0.2074375755865664]","[-0.0011090829906462284, -0.0010066394809747593, 0.0]","{""Controller Type"": ""MPC Controller"", ""weight_comfort"": 52.65003073616468, ""weight_trajectory"": 1423340.0760708894, ""weight_goal"": 2501000.0, ""Q"": [[1423340.0760708894, 0.0, 0.0, 0.0], [0.0, 0.0, 0.0, 0.0], [0.0, 0.0, 1423340.0760708894, 0.0], [0.0, 0.0, 0.0, 0.0]], ""R"": [[52.65003073616468, 0.0], [0.0, 52.65003073616468]], ""P"": [[2501000.0, 0.0, 0.0, 0.0], [0.0, 250100000.0, 0.0, 0.0], [0.0, 0.0, 2501000.0, 0.0], [0.0, 0.0, 0.0, 250100000.0]]}","[-0.08871957431497272, -0.08491403889710626, 0.0]",False
3,P01,c0150e75-d12d-467e-96b2-81d06399c7ad,27,1,haply,mpc,seeded_random,3975743691,persist_session,10.0,24.95911749839783,4217.436024418,0,1785827206.233544,465,True,normal,adaptive,-0.08,-0.08,0.0,0.08,-0.08,0.0,0.08051196,-0.0795099999999999,0.0,0.05864593,-0.1534323,0.15324223,1.3224067e-07,-1.6330209e-06,1.7517786e-07,"[2.1663464599710234, 0.6517362531340546, 0.0, 0.0, 0.0, 0.0, 2.0543659135223713, -0.207437408598292]","[-0.0011090827336467475, -0.001006639297626028, 0.0]","{""Controller Type"": ""MPC Controller"", ""weight_comfort"": 52.65003073616468, ""weight_trajectory"": 1423340.0760708894, ""weight_goal"": 2501000.0, ""Q"": [[1423340.0760708894, 0.0, 0.0, 0.0], [0.0, 0.0, 0.0, 0.0], [0.0, 0.0, 1423340.0760708894, 0.0], [0.0, 0.0, 0.0, 0.0]], ""R"": [[52.65003073616468, 0.0], [0.0, 52.65003073616468]], ""P"": [[2501000.0, 0.0, 0.0, 0.0], [0.0, 250100000.0, 0.0, 0.0], [0.0, 0.0, 2501000.0, 0.0], [0.0, 0.0, 0.0, 250100000.0]]}","[-0.0887195743865323, -0.08491403896559306, 0.0]",False
3,P01,c0150e75-d12d-467e-96b2-81d06399c7ad,27,1,haply,mpc,seeded_random,3975743691,persist_session,10.0,24.96913298606873,4217.446036796,0,1785827206.243368,466,True,normal,adaptive,-0.08,-0.08,0.0,0.08,-0.08,0.0,0.08051196,-0.0795099999999999,0.0,0.05865793,-0.15348946,0.15327686,1.11197405e-05,-5.369103e-05,3.1955435e-05,"[2.166345957477433, 0.6517364135405713, 0.0, 0.0, 0.0, 0.0, 2.0543655389668674, -0.20743724144292308]","[-0.0011090824763901291, -0.0010066391140938309, 0.0]","{""Controller Type"": ""MPC Controller"", ""weight_comfort"": 52.65003073616468, ""weight_trajectory"": 1423340.0760708894, ""weight_goal"": 2501000.0, ""Q"": [[1423340.0760708894, 0.0, 0.0, 0.0], [0.0, 0.0, 0.0, 0.0], [0.0, 0.0, 1423340.0760708894, 0.0], [0.0, 0.0, 0.0, 0.0]], ""R"": [[52.65003073616468, 0.0], [0.0, 52.65003073616468]], ""P"": [[2501000.0, 0.0, 0.0, 0.0], [0.0, 250100000.0, 0.0, 0.0], [0.0, 0.0, 2501000.0, 0.0], [0.0, 0.0, 0.0, 250100000.0]]}","[-0.08871957438653179, -0.08491403896559317, 0.0]",False
3,P01,c0150e75-d12d-467e-96b2-81d06399c7ad,27,1,haply,mpc,seeded_random,3975743691,persist_session,10.0,24.97920092582703,4217.456097073,0,1785827206.2534702,467,True,normal,adaptive,-0.08,-0.08,0.0,0.08,-0.08,0.0,0.0805479599999999,-0.07944074,0.0,0.05865793,-0.15348946,0.15327686,2.0887373e-05,-0.000100026824,6.019553e-05,"[2.165820922120945, 0.6522166072718532, 0.0, 0.0, 0.0, 0.0, 2.0524915756606092, -0.20538897606757342]","[0.0011374812430018344, -0.002556032560867419, 0.0]","{""Controller Type"": ""MPC Controller"", ""weight_comfort"": 52.6491710233325, ""weight_trajectory"": 1423365.9190386247, ""weight_goal"": 2501000.0, ""Q"": [[1423365.9190386247, 0.0, 0.0, 0.0], [0.0, 0.0, 0.0, 0.0], [0.0, 0.0, 1423365.9190386247, 0.0], [0.0, 0.0, 0.0, 0.0]], ""R"": [[52.6491710233325, 0.0], [0.0, 52.6491710233325]], ""P"": [[2501000.0, 0.0, 0.0, 0.0], [0.0, 250100000.0, 0.0, 0.0], [0.0, 0.0, 2501000.0, 0.0], [0.0, 0.0, 0.0, 250100000.0]]}","[-0.1614335433895083, -0.22480763589955055, 0.0]",False
3,P01,c0150e75-d12d-467e-96b2-81d06399c7ad,27,1,haply,mpc,seeded_random,3975743691,persist_session,10.0,24.989132966995243,4217.46603401,0,1785827206.2632227,468,True,normal,adaptive,-0.08,-0.08,0.0,0.08,-0.08,0.0,0.0805479599999999,-0.07944074,0.0,0.05865118,-0.15344816,0.15333045,2.7963299e-05,-0.0001335928,8.0660015e-05,"[2.165997896993983, 0.6521601134374191, 0.0, 0.0, 0.0, 0.0, 2.052790232221221, -0.2055222575889134]","[-0.0011868802076367931, -0.0011480434652720234, 0.0]","{""Controller Type"": ""MPC Controller"", ""weight_comfort"": 52.6491710233325, ""weight_trajectory"": 1423365.9190386247, ""weight_goal"": 2501000.0, ""Q"": [[1423365.9190386247, 0.0, 0.0, 0.0], [0.0, 0.0, 0.0, 0.0], [0.0, 0.0, 1423365.9190386247, 0.0], [0.0, 0.0, 0.0, 0.0]], ""R"": [[52.6491710233325, 0.0], [0.0, 52.6491710233325]], ""P"": [[2501000.0, 0.0, 0.0, 0.0], [0.0, 250100000.0, 0.0, 0.0], [0.0, 0.0, 2501000.0, 0.0], [0.0, 0.0, 0.0, 250100000.0]]}","[-0.0949581905266617, -0.0969164127274967, 0.0]",False
3,P01,c0150e75-d12d-467e-96b2-81d06399c7ad,27,1,haply,mpc,seeded_random,3975743691,persist_session,10.0,24.99919160842896,4217.476086949,0,1785827206.273357,469,True,normal,adaptive,-0.08,-0.08,0.0,0.08,-0.08,0.0,0.0805277099999999,-0.0793335599999999,0.0,0.05865118,-0.15344816,0.15333045,3.321233e-05,-0.00015849234,9.5842515e-05,"[2.1659788585028883, 0.6522634489806334, 0.0, 0.0, 0.0, 0.0, 2.048494756599241, -0.20072601876324728]","[-0.0024463487415455508, -0.003488086885251684, 0.0]","{""Controller Type"": ""MPC Controller"", ""weight_comfort"": 52.6491710233325, ""weight_trajectory"": 1423365.9190386247, ""weight_goal"": 2501000.0, ""Q"": [[1423365.9190386247, 0.0, 0.0, 0.0], [0.0, 0.0, 0.0, 0.0], [0.0, 0.0, 1423365.9190386247, 0.0], [0.0, 0.0, 0.0, 0.0]], ""R"": [[52.6491710233325, 0.0], [0.0, 52.6491710233325]], ""P"": [[2501000.0, 0.0, 0.0, 0.0], [0.0, 250100000.0, 0.0, 0.0], [0.0, 0.0, 2501000.0, 0.0], [0.0, 0.0, 0.0, 250100000.0]]}","[-0.05417533397414221, -0.31277352704159633, 0.0]",False
