schema_version,participant_id,session_id,trial_id,attempt_id,input_source,controller_family,order_strategy,order_seed,estimator_state_policy,max_control_amplitude,timestamp,monotonic_timestamp,missed_cycle_count,cursor_timestamp,cursor_sample_sequence,study_running,study_phase,study_controller_mode,start_x,start_y,start_z,end_x,end_y,end_z,cursor_x,cursor_y,cursor_z,haply_pos_x,haply_pos_y,haply_pos_z,haply_vel_x,haply_vel_y,haply_vel_z,K_h,u_h,K_a,u_a,endpoint_reached
3,P01,c0150e75-d12d-467e-96b2-81d06399c7ad,32,1,haply,mpc,seeded_random,3975743691,persist_session,10.0,35.178777589797974,4244.576129738,0,1785827233.37349,219.0,True,aggressive,adaptive,0.0,-0.15,0.0,0.096,-0.022,0.0,0.0006612779999999,-0.1517616919999999,0.0,0.03201632,-0.17711344,0.116958775,-0.0005259709,0.01200254,-0.009056232,,,"{""Controller Type"": ""MPC Controller"", ""weight_comfort"": 500.0, ""weight_trajectory"": 3000.0, ""weight_goal"": 1000.0, ""Q"": [[3000.0, 0.0, 0.0, 0.0], [0.0, 0.0, 0.0, 0.0], [0.0, 0.0, 3000.0, 0.0], [0.0, 0.0, 0.0, 0.0]], ""R"": [[500.0, 0.0], [0.0, 500.0]], ""P"": [[1000.0, 0.0, 0.0, 0.0], [0.0, 100000.0, 0.0, 0.0], [0.0, 0.0, 1000.0, 0.0], [0.0, 0.0, 0.0, 100000.0]]}","[0.006321007738666106, 0.008649293272753869, 0.0]",
3,P01,c0150e75-d12d-467e-96b2-81d06399c7ad,32,1,haply,mpc,seeded_random,3975743691,persist_session,10.0,35.18870629310608,4244.586070408,0,1785827233.3837576,220.0,True,aggressive,adaptive,0.0,-0.15,0.0,0.096,-0.022,0.0,0.0006231299999999,-0.1520769099999999,0.0,0.0320036,-0.17679301,0.116801865,-0.00063842733,0.014970385,-0.01016722,"[5.628007042379372, -0.25772278692621375, 0.0, 0.0, 0.0, 0.0, 0.4437242354650013, 0.8198034827430163]","[0.5377392429211795, 0.03254984187739154, 0.0]","{""Controller Type"": ""MPC Controller"", ""weight_comfort"": 500.0, ""weight_trajectory"": 3000.0, ""weight_goal"": 1000.0, ""Q"": [[3000.0, 0.0, 0.0, 0.0], [0.0, 0.0, 0.0, 0.0], [0.0, 0.0, 3000.0, 0.0], [0.0, 0.0, 0.0, 0.0]], ""R"": [[500.0, 0.0], [0.0, 500.0]], ""P"": [[1000.0, 0.0, 0.0, 0.0], [0.0, 100000.0, 0.0, 0.0], [0.0, 0.0, 1000.0, 0.0], [0.0, 0.0, 0.0, 100000.0]]}","[0.006321007738666106, 0.008649293272753869, 0.0]",False
3,P01,c0150e75-d12d-467e-96b2-81d06399c7ad,32,1,haply,mpc,seeded_random,3975743691,persist_session,10.0,35.19865526199341,4244.596023661,0,1785827233.3934574,221.0,True,aggressive,adaptive,0.0,-0.15,0.0,0.096,-0.022,0.0,0.0005849699999999,-0.1523907299999999,0.0,0.03199089,-0.17647247,0.116645776,-0.0007689251,0.018575285,-0.011124851,"[5.528293612373834, -0.23258406678518895, 0.0, 0.0, 0.0, 0.0, 0.4138677013706685, 0.8375969107969939]","[0.5283973082283859, 0.0268655941322248, 0.0]","{""Controller Type"": ""MPC Controller"", ""weight_comfort"": 539.0728269658174, ""weight_trajectory"": 2765.5630382050954, ""weight_goal"": 1000.0, ""Q"": [[2765.5630382050954, 0.0, 0.0, 0.0], [0.0, 0.0, 0.0, 0.0], [0.0, 0.0, 2765.5630382050954, 0.0], [0.0, 0.0, 0.0, 0.0]], ""R"": [[539.0728269658174, 0.0], [0.0, 539.0728269658174]], ""P"": [[1000.0, 0.0, 0.0, 0.0], [0.0, 100000.0, 0.0, 0.0], [0.0, 0.0, 1000.0, 0.0], [0.0, 0.0, 0.0, 100000.0]]}","[0.006162803796750845, 0.008955594937773412, 0.0]",False
3,P01,c0150e75-d12d-467e-96b2-81d06399c7ad,32,1,haply,mpc,seeded_random,3975743691,persist_session,10.0,35.20861162185669,4244.605975107,0,1785827233.403522,222.0,True,aggressive,adaptive,0.0,-0.15,0.0,0.096,-0.022,0.0,0.0005468399999999,-0.1527029079999999,0.0,0.031978182,-0.17615163,0.11649041,-0.00087166106,0.021405786,-0.011894173,"[5.438293210801357, -0.20991154921345043, 0.0, 0.0, 0.0, 0.0, 0.42899991565786383, 0.8286553458498634]","[0.5198975272148983, 0.03036878431064179, 0.0]","{""Controller Type"": ""MPC Controller"", ""weight_comfort"": 539.0728269658174, ""weight_trajectory"": 2765.5630382050954, ""weight_goal"": 1000.0, ""Q"": [[2765.5630382050954, 0.0, 0.0, 0.0], [0.0, 0.0, 0.0, 0.0], [0.0, 0.0, 2765.5630382050954, 0.0], [0.0, 0.0, 0.0, 0.0]], ""R"": [[539.0728269658174, 0.0], [0.0, 539.0728269658174]], ""P"": [[1000.0, 0.0, 0.0, 0.0], [0.0, 100000.0, 0.0, 0.0], [0.0, 0.0, 1000.0, 0.0], [0.0, 0.0, 0.0, 100000.0]]}","[0.006163213262007108, 0.008956360985876257, 0.0]",False
3,P01,c0150e75-d12d-467e-96b2-81d06399c7ad,32,1,haply,mpc,seeded_random,3975743691,persist_session,10.0,35.21861876487732,4244.615981305,0,1785827233.4133668,223.0,True,aggressive,adaptive,0.0,-0.15,0.0,0.096,-0.022,0.0,0.0005087159999999,-0.1530136399999999,0.0,0.03197056,-0.17595905,0.11639756,-0.0009447383,0.023429587,-0.012419921,"[5.347139666608402, -0.18693846088134647, 0.0, 0.0, 0.0, 0.0, 0.4168383687413599, 0.8358626075534034]","[0.5113291533823943, 0.028229077775983373, 0.0]","{""Controller Type"": ""MPC Controller"", ""weight_comfort"": 537.0930288545147, ""weight_trajectory"": 2777.441826872912, ""weight_goal"": 1000.0, ""Q"": [[2777.441826872912, 0.0, 0.0, 0.0], [0.0, 0.0, 0.0, 0.0], [0.0, 0.0, 2777.441826872912, 0.0], [0.0, 0.0, 0.0, 0.0]], ""R"": [[537.0930288545147, 0.0], [0.0, 537.0930288545147]], ""P"": [[1000.0, 0.0, 0.0, 0.0], [0.0, 100000.0, 0.0, 0.0], [0.0, 0.0, 1000.0, 0.0], [0.0, 0.0, 0.0, 100000.0]]}","[0.006167746283019649, 0.00899081379166867, 0.0]",False
3,P01,c0150e75-d12d-467e-96b2-81d06399c7ad,32,1,haply,mpc,seeded_random,3975743691,persist_session,10.0,35.22874773979187,4244.626102629,0,1785827233.4233491,224.0,True,aggressive,adaptive,0.0,-0.15,0.0,0.096,-0.022,0.0,0.00048585,-0.15319934,0.0,0.031962942,-0.17576644,0.116304986,-0.0009939906,0.0248048,-0.012751182,"[5.287483449880668, -0.17203269182054462, 0.0, 0.0, 0.0, 0.0, 0.5857640698569422, 0.7443140942244264]","[0.5054235529322546, 0.063005504336933, 0.0]","{""Controller Type"": ""MPC Controller"", ""weight_comfort"": 537.0930288545147, ""weight_trajectory"": 2777.441826872912, ""weight_goal"": 1000.0, ""Q"": [[2777.441826872912, 0.0, 0.0, 0.0], [0.0, 0.0, 0.0, 0.0], [0.0, 0.0, 2777.441826872912, 0.0], [0.0, 0.0, 0.0, 0.0]], ""R"": [[537.0930288545147, 0.0], [0.0, 537.0930288545147]], ""P"": [[1000.0, 0.0, 0.0, 0.0], [0.0, 100000.0, 0.0, 0.0], [0.0, 0.0, 1000.0, 0.0], [0.0, 0.0, 0.0, 100000.0]]}","[0.006153006356489975, 0.008789710617675053, 0.0]",False
3,P01,c0150e75-d12d-467e-96b2-81d06399c7ad,32,1,haply,mpc,seeded_random,3975743691,persist_session,10.0,35.238859786987305,4244.636212021,0,1785827233.4334507,225.0,True,aggressive,adaptive,0.0,-0.15,0.0,0.096,-0.022,0.0,0.000462996,-0.1533844879999999,0.0,0.031884447,-0.17565021,0.11624511,-0.0010261686,0.025741506,-0.012961008,"[5.203709843456937, -0.15110428904726067, 0.0, 0.0, 0.0, 0.0, 0.5809945210255355, 0.7468929955387164]","[0.49748871003203754, 0.06264411987853859, 0.0]","{""Controller Type"": ""MPC Controller"", ""weight_comfort"": 537.0930288545147, ""weight_trajectory"": 2777.441826872912, ""weight_goal"": 1000.0, ""Q"": [[2777.441826872912, 0.0, 0.0, 0.0], [0.0, 0.0, 0.0, 0.0], [0.0, 0.0, 2777.441826872912, 0.0], [0.0, 0.0, 0.0, 0.0]], ""R"": [[537.0930288545147, 0.0], [0.0, 537.0930288545147]], ""P"": [[1000.0, 0.0, 0.0, 0.0], [0.0, 100000.0, 0.0, 0.0], [0.0, 0.0, 1000.0, 0.0], [0.0, 0.0, 0.0, 100000.0]]}","[0.006154316590772235, 0.008799505750145311, 0.0]",False
3,P01,c0150e75-d12d-467e-96b2-81d06399c7ad,32,1,haply,mpc,seeded_random,3975743691,persist_session,10.0,35.24863518714905,4244.64599652,0,1785827233.443427,226.0,True,aggressive,adaptive,0.0,-0.15,0.0,0.096,-0.022,0.0,0.000227511,-0.15350424,0.0,0.03188182,-0.17561443,0.11614906,-0.0010348567,0.024794217,-0.012481736,"[4.746215684946642, -0.023713183246475672, 0.0, 0.0, 0.0, 0.0, 0.6529991315908619, 0.7099279477550059]","[0.45511662106672013, 0.07735050320569951, 0.0]","{""Controller Type"": ""MPC Controller"", ""weight_comfort"": 536.0922643380223, ""weight_trajectory"": 2783.4464139718657, ""weight_goal"": 1000.0, ""Q"": [[2783.4464139718657, 0.0, 0.0, 0.0], [0.0, 0.0, 0.0, 0.0], [0.0, 0.0, 2783.4464139718657, 0.0], [0.0, 0.0, 0.0, 0.0]], ""R"": [[536.0922643380223, 0.0], [0.0, 536.0922643380223]], ""P"": [[1000.0, 0.0, 0.0, 0.0], [0.0, 100000.0, 0.0, 0.0], [0.0, 0.0, 1000.0, 0.0], [0.0, 0.0, 0.0, 100000.0]]}","[0.006556947703251378, 0.008695253862167155, 0.0]",False
3,P01,c0150e75-d12d-467e-96b2-81d06399c7ad,32,1,haply,mpc,seeded_random,3975743691,persist_session,10.0,35.2586580657959,4244.656024194,0,1785827233.4534678,227.0,True,aggressive,adaptive,0.0,-0.15,0.0,0.096,-0.022,0.0,0.0002196299999999,-0.15369634,0.0,0.03188182,-0.17561443,0.11614906,-0.0009863881,0.0224932,-0.011556229,"[5.039440309507963, -0.09618747985030562, 0.0, 0.0, 0.0, 0.0, 0.5528181384711243, 0.7644705248337316]","[0.4827549550618368, 0.05817826181957404, 0.0]","{""Controller Type"": ""MPC Controller"", ""weight_comfort"": 536.0922643380223, ""weight_trajectory"": 2783.4464139718657, ""weight_goal"": 1000.0, ""Q"": [[2783.4464139718657, 0.0, 0.0, 0.0], [0.0, 0.0, 0.0, 0.0], [0.0, 0.0, 2783.4464139718657, 0.0], [0.0, 0.0, 0.0, 0.0]], ""R"": [[536.0922643380223, 0.0], [0.0, 536.0922643380223]], ""P"": [[1000.0, 0.0, 0.0, 0.0], [0.0, 100000.0, 0.0, 0.0], [0.0, 0.0, 1000.0, 0.0], [0.0, 0.0, 0.0, 100000.0]]}","[0.006153111398090123, 0.008847426505216563, 0.0]",False
3,P01,c0150e75-d12d-467e-96b2-81d06399c7ad,32,1,haply,mpc,seeded_random,3975743691,persist_session,10.0,35.268740549087525,4244.666101088,0,1785827233.463365,228.0,True,aggressive,adaptive,0.0,-0.15,0.0,0.096,-0.022,0.0,0.0002196299999999,-0.15369634,0.0,0.03188182,-0.17561443,0.11614906,-0.00094827596,0.020763997,-0.010853613,"[4.975435867435625, -0.08044215290500922, 0.0, 0.0, 0.0, 0.0, 0.7729677470899696, 0.6641346213382164]","[0.47654908829425513, 0.10179702322979464, 0.0]","{""Controller Type"": ""MPC Controller"", ""weight_comfort"": 536.0922643380223, ""weight_trajectory"": 2783.4464139718657, ""weight_goal"": 1000.0, ""Q"": [[2783.4464139718657, 0.0, 0.0, 0.0], [0.0, 0.0, 0.0, 0.0], [0.0, 0.0, 2783.4464139718657, 0.0], [0.0, 0.0, 0.0, 0.0]], ""R"": [[536.0922643380223, 0.0], [0.0, 536.0922643380223]], ""P"": [[1000.0, 0.0, 0.0, 0.0], [0.0, 100000.0, 0.0, 0.0], [0.0, 0.0, 1000.0, 0.0], [0.0, 0.0, 0.0, 100000.0]]}","[0.006138983516492665, 0.008503058270259265, 0.0]",False
3,P01,c0150e75-d12d-467e-96b2-81d06399c7ad,32,1,haply,mpc,seeded_random,3975743691,persist_session,10.0,35.278630628585816,4244.675982348,0,1785827233.4734814,229.0,True,aggressive,adaptive,0.0,-0.15,0.0,0.096,-0.022,0.0,0.0002196299999999,-0.15369634,0.0,0.03188182,-0.17561443,0.11614906,-0.0009129463,0.019320926,-0.0102524385,"[4.90087914311551, -0.06210092591542376, 0.0, 0.0, 0.0, 0.0, 0.7610939408042606, 0.669546255222472]","[0.46940801765288653, 0.10023328640009778, 0.0]","{""Controller Type"": ""MPC Controller"", ""weight_comfort"": 536.0922643380223, ""weight_trajectory"": 2783.4464139718657, ""weight_goal"": 1000.0, ""Q"": [[2783.4464139718657, 0.0, 0.0, 0.0], [0.0, 0.0, 0.0, 0.0], [0.0, 0.0, 2783.4464139718657, 0.0], [0.0, 0.0, 0.0, 0.0]], ""R"": [[536.0922643380223, 0.0], [0.0, 536.0922643380223]], ""P"": [[1000.0, 0.0, 0.0, 0.0], [0.0, 100000.0, 0.0, 0.0], [0.0, 0.0, 1000.0, 0.0], [0.0, 0.0, 0.0, 100000.0]]}","[0.006138983516488503, 0.008503058270256972, 0.0]",False
3,P01,c0150e75-d12d-467e-96b2-81d06399c7ad,32,1,haply,mpc,seeded_random,3975743691,persist_session,10.0,35.288653745651246,4244.686013276,0,1785827233.4833088,230.0,True,aggressive,adaptive,0.0,-0.15,0.0,0.096,-0.022,0.0,0.0002196299999999,-0.15369634,0.0,0.03188433,-0.17567867,0.11617978,-0.0007639135,0.016392518,-0.008788036,"[4.828452532083476, -0.044283714588898626, 0.0, 0.0, 0.0, 0.0, 0.7495680587781473, 0.6747993183277308]","[0.4624709700503922, 0.09871536992198686, 0.0]","{""Controller Type"": ""MPC Controller"", ""weight_comfort"": 538.0749150425709, ""weight_trajectory"": 2771.550509744575, ""weight_goal"": 1000.0, ""Q"": [[2771.550509744575, 0.0, 0.0, 0.0], [0.0, 0.0, 0.0, 0.0], [0.0, 0.0, 2771.550509744575, 0.0], [0.0, 0.0, 0.0, 0.0]], ""R"": [[538.0749150425709, 0.0], [0.0, 538.0749150425709]], ""P"": [[1000.0, 0.0, 0.0, 0.0], [0.0, 100000.0, 0.0, 0.0], [0.0, 0.0, 1000.0, 0.0], [0.0, 0.0, 0.0, 100000.0]]}","[0.006127088301521157, 0.008486330311546374, 0.0]",False
3,P01,c0150e75-d12d-467e-96b2-81d06399c7ad,32,1,haply,mpc,seeded_random,3975743691,persist_session,10.0,35.29875172615051,4244.696107427,0,1785827233.4935153,231.0,True,aggressive,adaptive,0.0,-0.15,0.0,0.096,-0.022,0.0,0.00022716,-0.1536349,0.0,0.03188936,-0.17580718,0.11624135,-0.0005467075,0.011758964,-0.006294228,"[4.7691917850385845, -0.029773198370742146, 0.0, 0.0, 0.0, 0.0, 0.803651237094127, 0.6518723423668018]","[0.45673707604562813, 0.10971263683533364, 0.0]","{""Controller Type"": ""MPC Controller"", ""weight_comfort"": 538.0749150425709, ""weight_trajectory"": 2771.550509744575, ""weight_goal"": 1000.0, ""Q"": [[2771.550509744575, 0.0, 0.0, 0.0], [0.0, 0.0, 0.0, 0.0], [0.0, 0.0, 2771.550509744575, 0.0], [0.0, 0.0, 0.0, 0.0]], ""R"": [[538.0749150425709, 0.0], [0.0, 538.0749150425709]], ""P"": [[1000.0, 0.0, 0.0, 0.0], [0.0, 100000.0, 0.0, 0.0], [0.0, 0.0, 1000.0, 0.0], [0.0, 0.0, 0.0, 100000.0]]}","[0.006113227318217165, 0.008373233523405839, 0.0]",False
3,P01,c0150e75-d12d-467e-96b2-81d06399c7ad,32,1,haply,mpc,seeded_random,3975743691,persist_session,10.0,35.30866636276245,4244.706024303,0,1785827233.5033798,232.0,True,aggressive,adaptive,0.0,-0.15,0.0,0.096,-0.022,0.0,0.0002422499999999,-0.15351176,0.0,0.031894386,-0.17593561,0.116303034,-0.0003612468,0.0076573556,-0.0041379123,"[4.712904026328817, -0.016061135476691225, 0.0, 0.0, 0.0, 0.0, 0.8615954113236775, 0.6294131586819325]","[0.45127251653269296, 0.12116693097886795, 0.0]","{""Controller Type"": ""MPC Controller"", ""weight_comfort"": 537.935900017442, ""weight_trajectory"": 2772.3845998953484, ""weight_goal"": 1000.0, ""Q"": [[2772.3845998953484, 0.0, 0.0, 0.0], [0.0, 0.0, 0.0, 0.0], [0.0, 0.0, 2772.3845998953484, 0.0], [0.0, 0.0, 0.0, 0.0]], ""R"": [[537.935900017442, 0.0], [0.0, 537.935900017442]], ""P"": [[1000.0, 0.0, 0.0, 0.0], [0.0, 100000.0, 0.0, 0.0], [0.0, 0.0, 1000.0, 0.0], [0.0, 0.0, 0.0, 100000.0]]}","[0.006097791794142395, 0.00824726054234357, 0.0]",False
3,P01,c0150e75-d12d-467e-96b2-81d06399c7ad,32,1,haply,mpc,seeded_random,3975743691,persist_session,10.0,35.31871689796448,4244.716070487,0,1785827233.513507,233.0,True,aggressive,adaptive,0.0,-0.15,0.0,0.096,-0.022,0.0,0.0002573279999999,-0.1533883919999999,0.0,0.031896897,-0.17599982,0.11633391,-0.00021869838,0.004443462,-0.0024680954,"[4.645714615767942, 0.00031102459579381014, 0.0, 0.0, 0.0, 0.0, 0.8456748579919826, 0.6356108019695612]","[0.44479359374173394, 0.11885487448456915, 0.0]","{""Controller Type"": ""MPC Controller"", ""weight_comfort"": 537.935900017442, ""weight_trajectory"": 2772.3845998953484, ""weight_goal"": 1000.0, ""Q"": [[2772.3845998953484, 0.0, 0.0, 0.0], [0.0, 0.0, 0.0, 0.0], [0.0, 0.0, 2772.3845998953484, 0.0], [0.0, 0.0, 0.0, 0.0]], ""R"": [[537.935900017442, 0.0], [0.0, 537.935900017442]], ""P"": [[1000.0, 0.0, 0.0, 0.0], [0.0, 100000.0, 0.0, 0.0], [0.0, 0.0, 1000.0, 0.0], [0.0, 0.0, 0.0, 100000.0]]}","[0.006098158869674109, 0.008244021153560691, 0.0]",False
3,P01,c0150e75-d12d-467e-96b2-81d06399c7ad,32,1,haply,mpc,seeded_random,3975743691,persist_session,10.0,35.32864059448242,4244.725994958,0,1785827233.5233245,234.0,True,aggressive,adaptive,0.0,-0.15,0.0,0.096,-0.022,0.0,0.0002648609999999,-0.15332664,0.0,0.03190444,-0.17619245,0.116426766,-9.540858e-05,0.0016277346,-0.0010154778,"[4.570079942153182, 0.01882985063116376, 0.0, 0.0, 0.0, 0.0, 0.7694633433765542, 0.6678701452455168]","[0.43753168656185665, 0.10525189070372525, 0.0]","{""Controller Type"": ""MPC Controller"", ""weight_comfort"": 537.935900017442, ""weight_trajectory"": 2772.3845998953484, ""weight_goal"": 1000.0, ""Q"": [[2772.3845998953484, 0.0, 0.0, 0.0], [0.0, 0.0, 0.0, 0.0], [0.0, 0.0, 2772.3845998953484, 0.0], [0.0, 0.0, 0.0, 0.0]], ""R"": [[537.935900017442, 0.0], [0.0, 537.935900017442]], ""P"": [[1000.0, 0.0, 0.0, 0.0], [0.0, 100000.0, 0.0, 0.0], [0.0, 0.0, 1000.0, 0.0], [0.0, 0.0, 0.0, 100000.0]]}","[0.0061105334476535406, 0.008345046061270296, 0.0]",False
3,P01,c0150e75-d12d-467e-96b2-81d06399c7ad,32,1,haply,mpc,seeded_random,3975743691,persist_session,10.0,35.33858145713806,4244.735939931,0,1785827233.5334904,235.0,True,aggressive,adaptive,0.0,-0.15,0.0,0.096,-0.022,0.0,0.0002874899999999,-0.1531409279999999,0.0,0.031980827,-0.17618728,0.116586804,2.8630337e-05,-0.0013331594,0.00037404662,"[4.52789072682044, 0.02905791369423216, 0.0, 0.0, 0.0, 0.0, 0.8766913780604835, 0.6301925253781265]","[0.43344046835737565, 0.12648252719471034, 0.0]","{""Controller Type"": ""MPC Controller"", ""weight_comfort"": 536.5788631521727, ""weight_trajectory"": 2780.526821086963, ""weight_goal"": 1000.0, ""Q"": [[2780.526821086963, 0.0, 0.0, 0.0], [0.0, 0.0, 0.0, 0.0], [0.0, 0.0, 2780.526821086963, 0.0], [0.0, 0.0, 0.0, 0.0]], ""R"": [[536.5788631521727, 0.0], [0.0, 536.5788631521727]], ""P"": [[1000.0, 0.0, 0.0, 0.0], [0.0, 100000.0, 0.0, 0.0], [0.0, 0.0, 1000.0, 0.0], [0.0, 0.0, 0.0, 100000.0]]}","[0.006082510799613896, 0.008114941330162207, 0.0]",False
3,P01,c0150e75-d12d-467e-96b2-81d06399c7ad,32,1,haply,mpc,seeded_random,3975743691,persist_session,10.0,35.34870494842529,4244.746061937,0,1785827233.5433104,236.0,True,aggressive,adaptive,0.0,-0.15,0.0,0.096,-0.022,0.0,0.000516651,-0.1528208519999999,0.0,0.03205719,-0.17618194,0.11674678,0.00048148466,-0.0033728748,0.0016146026,"[4.757627592203882, -0.017980059737711312, 0.0, 0.0, 0.0, 0.0, 1.001118449184531, 0.5984979618171381]","[0.4538546297495555, 0.15047481992564485, 0.0]","{""Controller Type"": ""MPC Controller"", ""weight_comfort"": 536.5788631521727, ""weight_trajectory"": 2780.526821086963, ""weight_goal"": 1000.0, ""Q"": [[2780.526821086963, 0.0, 0.0, 0.0], [0.0, 0.0, 0.0, 0.0], [0.0, 0.0, 2780.526821086963, 0.0], [0.0, 0.0, 0.0, 0.0]], ""R"": [[536.5788631521727, 0.0], [0.0, 536.5788631521727]], ""P"": [[1000.0, 0.0, 0.0, 0.0], [0.0, 100000.0, 0.0, 0.0], [0.0, 0.0, 1000.0, 0.0], [0.0, 0.0, 0.0, 100000.0]]}","[0.0056925083631206045, 0.007842759553872869, 0.0]",False
3,P01,c0150e75-d12d-467e-96b2-81d06399c7ad,32,1,haply,mpc,seeded_random,3975743691,persist_session,10.0,35.35865105628967,4244.756014362,0,1785827233.553486,237.0,True,aggressive,adaptive,0.0,-0.15,0.0,0.096,-0.022,0.0,0.0007457399999999,-0.1525009,0.0,0.032133628,-0.17614762,0.116971955,0.0008677896,-0.0052437163,0.0032905992,"[4.6870190961654, -0.0034196464771765606, 0.0, 0.0, 0.0, 0.0, 0.9766418926650311, 0.6049210833796143]","[0.4463815479827095, 0.146473019625713, 0.0]","{""Controller Type"": ""MPC Controller"", ""weight_comfort"": 536.5788631521727, ""weight_trajectory"": 2780.526821086963, ""weight_goal"": 1000.0, ""Q"": [[2780.526821086963, 0.0, 0.0, 0.0], [0.0, 0.0, 0.0, 0.0], [0.0, 0.0, 2780.526821086963, 0.0], [0.0, 0.0, 0.0, 0.0]], ""R"": [[536.5788631521727, 0.0], [0.0, 536.5788631521727]], ""P"": [[1000.0, 0.0, 0.0, 0.0], [0.0, 100000.0, 0.0, 0.0], [0.0, 0.0, 1000.0, 0.0], [0.0, 0.0, 0.0, 100000.0]]}","[0.005689079694640858, 0.007838013937504629, 0.0]",False
3,P01,c0150e75-d12d-467e-96b2-81d06399c7ad,32,1,haply,mpc,seeded_random,3975743691,persist_session,10.0,35.368705167770386,4244.766053415,0,1785827233.5634408,238.0,True,aggressive,adaptive,0.0,-0.15,0.0,0.096,-0.022,0.0,0.0009750539999999,-0.1520505499999999,0.0,0.032210067,-0.17611304,0.11719707,0.0013046736,-0.006388106,0.005007592,"[4.635809151830204, 0.00708327600282887, 0.0, 0.0, 0.0, 0.0, 1.0835858413914603, 0.5882864049825778]","[0.44068068305662517, 0.16753499873425337, 0.0]","{""Controller Type"": ""MPC Controller"", ""weight_comfort"": 539.3232443632501, ""weight_trajectory"": 2764.0605338205, ""weight_goal"": 1000.0, ""Q"": [[2764.0605338205, 0.0, 0.0, 0.0], [0.0, 0.0, 0.0, 0.0], [0.0, 0.0, 2764.0605338205, 0.0], [0.0, 0.0, 0.0, 0.0]], ""R"": [[539.3232443632501, 0.0], [0.0, 539.3232443632501]], ""P"": [[1000.0, 0.0, 0.0, 0.0], [0.0, 100000.0, 0.0, 0.0], [0.0, 0.0, 1000.0, 0.0], [0.0, 0.0, 0.0, 100000.0]]}","[0.005661425726355278, 0.0075538986703824655, 0.0]",False
3,P01,c0150e75-d12d-467e-96b2-81d06399c7ad,32,1,haply,mpc,seeded_random,3975743691,persist_session,10.0,35.378757848739625,4244.776112541,0,1785827233.5733185,239.0,True,aggressive,adaptive,0.0,-0.15,0.0,0.096,-0.022,0.0,0.001204371,-0.1516003199999999,0.0,0.03236011,-0.17603686,0.11748557,0.0018073387,-0.0048515433,0.0091075795,"[4.581621334187934, 0.018171795242405107, 0.0, 0.0, 0.0, 0.0, 1.0722306385620006, 0.5900059428779246]","[0.43473954661681447, 0.1658542193310659, 0.0]","{""Controller Type"": ""MPC Controller"", ""weight_comfort"": 539.3232443632501, ""weight_trajectory"": 2764.0605338205, ""weight_goal"": 1000.0, ""Q"": [[2764.0605338205, 0.0, 0.0, 0.0], [0.0, 0.0, 0.0, 0.0], [0.0, 0.0, 2764.0605338205, 0.0], [0.0, 0.0, 0.0, 0.0]], ""R"": [[539.3232443632501, 0.0], [0.0, 539.3232443632501]], ""P"": [[1000.0, 0.0, 0.0, 0.0], [0.0, 100000.0, 0.0, 0.0], [0.0, 0.0, 1000.0, 0.0], [0.0, 0.0, 0.0, 100000.0]]}","[0.005624499683681983, 0.0074908450652124555, 0.0]",False
3,P01,c0150e75-d12d-467e-96b2-81d06399c7ad,32,1,haply,mpc,seeded_random,3975743691,persist_session,10.0,35.388709440231324,4244.786063622,0,1785827233.583481,240.0,True,aggressive,adaptive,0.0,-0.15,0.0,0.096,-0.022,0.0,0.0016544999999999,-0.15102332,0.0,0.032436494,-0.1759435,0.117840454,0.0028089748,-0.0029630691,0.013009709,"[4.777302721874448, -0.013034076214987547, 0.0, 0.0, 0.0, 0.0, 1.1467769765214793, 0.5862454202483284]","[0.45013969905188594, 0.18124614352993068, 0.0]","{""Controller Type"": ""MPC Controller"", ""weight_comfort"": 539.3232443632501, ""weight_trajectory"": 2764.0605338205, ""weight_goal"": 1000.0, ""Q"": [[2764.0605338205, 0.0, 0.0, 0.0], [0.0, 0.0, 0.0, 0.0], [0.0, 0.0, 2764.0605338205, 0.0], [0.0, 0.0, 0.0, 0.0]], ""R"": [[539.3232443632501, 0.0], [0.0, 539.3232443632501]], ""P"": [[1000.0, 0.0, 0.0, 0.0], [0.0, 100000.0, 0.0, 0.0], [0.0, 0.0, 1000.0, 0.0], [0.0, 0.0, 0.0, 100000.0]]}","[0.0054361921696784495, 0.00755808057988795, 0.0]",False
3,P01,c0150e75-d12d-467e-96b2-81d06399c7ad,32,1,haply,mpc,seeded_random,3975743691,persist_session,10.0,35.39856900215149,4244.795937475,0,1785827233.593433,241.0,True,aggressive,adaptive,0.0,-0.15,0.0,0.096,-0.022,0.0,0.001883652,-0.150313552,0.0,0.03251554,-0.17591332,0.118226394,0.0044388203,-0.0009401765,0.016865475,"[4.453470067265621, 0.0533973298121609, 0.0, 0.0, 0.0, 0.0, 1.2403617778935496, 0.5956730976111336]","[0.4203739012797024, 0.20163985756755717, 0.0]","{""Controller Type"": ""MPC Controller"", ""weight_comfort"": 538.809316274154, ""weight_trajectory"": 2767.144102355076, ""weight_goal"": 1000.0, ""Q"": [[2767.144102355076, 0.0, 0.0, 0.0], [0.0, 0.0, 0.0, 0.0], [0.0, 0.0, 2767.144102355076, 0.0], [0.0, 0.0, 0.0, 0.0]], ""R"": [[538.809316274154, 0.0], [0.0, 538.809316274154]], ""P"": [[1000.0, 0.0, 0.0, 0.0], [0.0, 100000.0, 0.0, 0.0], [0.0, 0.0, 1000.0, 0.0], [0.0, 0.0, 0.0, 100000.0]]}","[0.00690678028488599, 0.008583435580818335, 0.0]",False
3,P01,c0150e75-d12d-467e-96b2-81d06399c7ad,32,1,haply,mpc,seeded_random,3975743691,persist_session,10.0,35.40865792274475,4244.806020321,0,1785827233.6034331,242.0,True,aggressive,adaptive,0.0,-0.15,0.0,0.096,-0.022,0.0,0.00212079,-0.149541672,0.0,0.032670863,-0.1759336,0.11864165,0.005752793,0.00078317383,0.020789368,"[4.410191256388867, 0.06220918925226707, 0.0, 0.0, 0.0, 0.0, 1.2671496937231173, 0.6003061943498577]","[0.4155004184370883, 0.20794865993888254, 0.0]","{""Controller Type"": ""MPC Controller"", ""weight_comfort"": 538.809316274154, ""weight_trajectory"": 2767.144102355076, ""weight_goal"": 1000.0, ""Q"": [[2767.144102355076, 0.0, 0.0, 0.0], [0.0, 0.0, 0.0, 0.0], [0.0, 0.0, 2767.144102355076, 0.0], [0.0, 0.0, 0.0, 0.0]], ""R"": [[538.809316274154, 0.0], [0.0, 538.809316274154]], ""P"": [[1000.0, 0.0, 0.0, 0.0], [0.0, 100000.0, 0.0, 0.0], [0.0, 0.0, 1000.0, 0.0], [0.0, 0.0, 0.0, 100000.0]]}","[0.008269526260787587, 0.010088033076500023, 0.0]",False
3,P01,c0150e75-d12d-467e-96b2-81d06399c7ad,32,1,haply,mpc,seeded_random,3975743691,persist_session,10.0,35.41861261367798,4244.815981875,0,1785827233.6133034,243.0,True,aggressive,adaptive,0.0,-0.15,0.0,0.096,-0.022,0.0,0.002586759,-0.1487111599999999,0.0,0.0328233,-0.1758299,0.11915492,0.0067713233,0.0020512512,0.024394175,"[4.633258333493186, 0.028653121238714947, 0.0, 0.0, 0.0, 0.0, 1.2998837924447793, 0.6090348761919874]","[0.4341603696163636, 0.21595556568466873, 0.0]","{""Controller Type"": ""MPC Controller"", ""weight_comfort"": 538.809316274154, ""weight_trajectory"": 2767.144102355076, ""weight_goal"": 1000.0, ""Q"": [[2767.144102355076, 0.0, 0.0, 0.0], [0.0, 0.0, 0.0, 0.0], [0.0, 0.0, 2767.144102355076, 0.0], [0.0, 0.0, 0.0, 0.0]], ""R"": [[538.809316274154, 0.0], [0.0, 538.809316274154]], ""P"": [[1000.0, 0.0, 0.0, 0.0], [0.0, 100000.0, 0.0, 0.0], [0.0, 0.0, 1000.0, 0.0], [0.0, 0.0, 0.0, 100000.0]]}","[0.009548960900501087, 0.012340564128178372, 0.0]",False
3,P01,c0150e75-d12d-467e-96b2-81d06399c7ad,32,1,haply,mpc,seeded_random,3975743691,persist_session,10.0,35.428641929626465,4244.826007405,0,1785827233.6234035,244.0,True,aggressive,adaptive,0.0,-0.15,0.0,0.096,-0.022,0.0,0.0030440699999999,-0.14768462,0.0,0.032978453,-0.17578839,0.11969906,0.007883901,0.0027064353,0.028546594,"[4.563123200917349, 0.0394943072098785, 0.0, 0.0, 0.0, 0.0, 1.387808171668658, 0.6562354086905116]","[0.4259575742451605, 0.24112351643110758, 0.0]","{""Controller Type"": ""MPC Controller"", ""weight_comfort"": 540.4576069989927, ""weight_trajectory"": 2757.2543580060437, ""weight_goal"": 1000.0, ""Q"": [[2757.2543580060437, 0.0, 0.0, 0.0], [0.0, 0.0, 0.0, 0.0], [0.0, 0.0, 2757.2543580060437, 0.0], [0.0, 0.0, 0.0, 0.0]], ""R"": [[540.4576069989927, 0.0], [0.0, 540.4576069989927]], ""P"": [[1000.0, 0.0, 0.0, 0.0], [0.0, 100000.0, 0.0, 0.0], [0.0, 0.0, 1000.0, 0.0], [0.0, 0.0, 0.0, 100000.0]]}","[0.012464155137504134, 0.015150265348450983, 0.0]",False
3,P01,c0150e75-d12d-467e-96b2-81d06399c7ad,32,1,haply,mpc,seeded_random,3975743691,persist_session,10.0,35.43865384101868,4244.835996087,0,1785827233.6337333,245.0,True,aggressive,adaptive,0.0,-0.15,0.0,0.096,-0.022,0.0,0.0035095289999999,-0.14659634,0.0,0.033204097,-0.17566875,0.12020931,0.009202312,0.00325824,0.032921813,"[4.513732592745954, 0.04712778431422954, 0.0, 0.0, 0.0, 0.0, 1.3943586644465507, 0.6602769909061739]","[0.41960083903082884, 0.2432949569722737, 0.0]","{""Controller Type"": ""MPC Controller"", ""weight_comfort"": 540.4576069989927, ""weight_trajectory"": 2757.2543580060437, ""weight_goal"": 1000.0, ""Q"": [[2757.2543580060437, 0.0, 0.0, 0.0], [0.0, 0.0, 0.0, 0.0], [0.0, 0.0, 2757.2543580060437, 0.0], [0.0, 0.0, 0.0, 0.0]], ""R"": [[540.4576069989927, 0.0], [0.0, 540.4576069989927]], ""P"": [[1000.0, 0.0, 0.0, 0.0], [0.0, 100000.0, 0.0, 0.0], [0.0, 0.0, 1000.0, 0.0], [0.0, 0.0, 0.0, 100000.0]]}","[0.01635068697190455, 0.019513892924709505, 0.0]",False
3,P01,c0150e75-d12d-467e-96b2-81d06399c7ad,32,1,haply,mpc,seeded_random,3975743691,persist_session,10.0,35.44862355232239,4244.845990644,0,1785827233.6435127,246.0,True,aggressive,adaptive,0.0,-0.15,0.0,0.096,-0.022,0.0,0.004186461,-0.1455758399999999,0.0,0.03349972,-0.17544073,0.120749824,0.011060534,0.0044897804,0.03716299,"[4.720966611648371, 0.028860805154154935, 0.0, 0.0, 0.0, 0.0, 1.375568600253453, 0.6487318217335877]","[0.43544639186716594, 0.23768314290761855, 0.0]","{""Controller Type"": ""MPC Controller"", ""weight_comfort"": 540.4576069989927, ""weight_trajectory"": 2757.2543580060437, ""weight_goal"": 1000.0, ""Q"": [[2757.2543580060437, 0.0, 0.0, 0.0], [0.0, 0.0, 0.0, 0.0], [0.0, 0.0, 2757.2543580060437, 0.0], [0.0, 0.0, 0.0, 0.0]], ""R"": [[540.4576069989927, 0.0], [0.0, 540.4576069989927]], ""P"": [[1000.0, 0.0, 0.0, 0.0], [0.0, 100000.0, 0.0, 0.0], [0.0, 0.0, 1000.0, 0.0], [0.0, 0.0, 0.0, 100000.0]]}","[0.019896072077260334, 0.025989786617134313, 0.0]",False
3,P01,c0150e75-d12d-467e-96b2-81d06399c7ad,32,1,haply,mpc,seeded_random,3975743691,persist_session,10.0,35.458658113479615,4244.855998276,0,1785827233.6536455,247.0,True,aggressive,adaptive,0.0,-0.15,0.0,0.096,-0.022,0.0,0.0050733299999999,-0.1444948119999999,0.0,0.03386778,-0.1751672,0.12135174,0.013371325,0.006391688,0.041384455,"[4.848471559801402, 0.025367712064205176, 0.0, 0.0, 0.0, 0.0, 1.37518557862263, 0.6484727627090134]","[0.4430756739819017, 0.23763614135611394, 0.0]","{""Controller Type"": ""MPC Controller"", ""weight_comfort"": 542.634385689541, ""weight_trajectory"": 2744.1936858627546, ""weight_goal"": 1000.0, ""Q"": [[2744.1936858627546, 0.0, 0.0, 0.0], [0.0, 0.0, 0.0, 0.0], [0.0, 0.0, 2744.1936858627546, 0.0], [0.0, 0.0, 0.0, 0.0]], ""R"": [[542.634385689541, 0.0], [0.0, 542.634385689541]], ""P"": [[1000.0, 0.0, 0.0, 0.0], [0.0, 100000.0, 0.0, 0.0], [0.0, 0.0, 1000.0, 0.0], [0.0, 0.0, 0.0, 100000.0]]}","[0.02549983056188243, 0.035685955648668846, 0.0]",False
3,P01,c0150e75-d12d-467e-96b2-81d06399c7ad,32,1,haply,mpc,seeded_random,3975743691,persist_session,10.0,35.46870101928711,4244.866055463,0,1785827233.6640146,248.0,True,aggressive,adaptive,0.0,-0.15,0.0,0.096,-0.022,0.0,0.0061775099999999,-0.1432909799999999,0.0,0.03423125,-0.17479683,0.121984415,0.016751198,0.009007267,0.045330957,"[4.848471559801402, 0.025367712064205176, 0.0, 0.0, 0.0, 0.0, 1.37518557862263, 0.6484727627090134]","[0.4430756739819017, 0.23763614135611394, 0.0]","{""Controller Type"": ""MPC Controller"", ""weight_comfort"": 542.634385689541, ""weight_trajectory"": 2744.1936858627546, ""weight_goal"": 1000.0, ""Q"": [[2744.1936858627546, 0.0, 0.0, 0.0], [0.0, 0.0, 0.0, 0.0], [0.0, 0.0, 2744.1936858627546, 0.0], [0.0, 0.0, 0.0, 0.0]], ""R"": [[542.634385689541, 0.0], [0.0, 542.634385689541]], ""P"": [[1000.0, 0.0, 0.0, 0.0], [0.0, 100000.0, 0.0, 0.0], [0.0, 0.0, 1000.0, 0.0], [0.0, 0.0, 0.0, 100000.0]]}","[0.03385371594395355, 0.050341500983307065, 0.0]",False
3,P01,c0150e75-d12d-467e-96b2-81d06399c7ad,32,1,haply,mpc,seeded_random,3975743691,persist_session,10.0,35.47864641189575,4244.875995471,0,1785827233.6735325,249.0,True,aggressive,adaptive,0.0,-0.15,0.0,0.096,-0.022,0.0,0.0072679199999999,-0.1420256299999999,0.0,0.034666404,-0.17440988,0.12261357,0.020561252,0.012382713,0.049225964,"[4.906616612152797, 0.029449144531438882, 0.0, 0.0, 0.0, 0.0, 1.4026599756610665, 0.6797730022159001]","[0.438624103858407, 0.2527563012396111, 0.0]","{""Controller Type"": ""MPC Controller"", ""weight_comfort"": 542.634385689541, ""weight_trajectory"": 2744.1936858627546, ""weight_goal"": 1000.0, ""Q"": [[2744.1936858627546, 0.0, 0.0, 0.0], [0.0, 0.0, 0.0, 0.0], [0.0, 0.0, 2744.1936858627546, 0.0], [0.0, 0.0, 0.0, 0.0]], ""R"": [[542.634385689541, 0.0], [0.0, 542.634385689541]], ""P"": [[1000.0, 0.0, 0.0, 0.0], [0.0, 100000.0, 0.0, 0.0], [0.0, 0.0, 1000.0, 0.0], [0.0, 0.0, 0.0, 100000.0]]}","[0.04743215417572918, 0.06972770685200173, 0.0]",False
3,P01,c0150e75-d12d-467e-96b2-81d06399c7ad,32,1,haply,mpc,seeded_random,3975743691,persist_session,10.0,35.48862732887268,4244.88599181,0,1785827233.6834345,250.0,True,aggressive,adaptive,0.0,-0.15,0.0,0.096,-0.022,0.0,0.0085733819999999,-0.1407673199999999,0.0,0.035099417,-0.1739884,0.123304404,0.024617258,0.015727904,0.052966584,"[5.031029410211672, 0.05231182077496596, 0.0, 0.0, 0.0, 0.0, 1.4043550145067318, 0.6819140769907305]","[0.44674258314409276, 0.25344662836124504, 0.0]","{""Controller Type"": ""MPC Controller"", ""weight_comfort"": 542.634385689541, ""weight_trajectory"": 2744.1936858627546, ""weight_goal"": 1000.0, ""Q"": [[2744.1936858627546, 0.0, 0.0, 0.0], [0.0, 0.0, 0.0, 0.0], [0.0, 0.0, 2744.1936858627546, 0.0], [0.0, 0.0, 0.0, 0.0]], ""R"": [[542.634385689541, 0.0], [0.0, 542.634385689541]], ""P"": [[1000.0, 0.0, 0.0, 0.0], [0.0, 100000.0, 0.0, 0.0], [0.0, 0.0, 1000.0, 0.0], [0.0, 0.0, 0.0, 100000.0]]}","[0.06422250755097947, 0.10669120876827694, 0.0]",False
3,P01,c0150e75-d12d-467e-96b2-81d06399c7ad,32,1,haply,mpc,seeded_random,3975743691,persist_session,10.0,35.49864567756653,4244.89599041,0,1785827233.6934464,251.0,True,aggressive,adaptive,0.0,-0.15,0.0,0.096,-0.022,0.0,0.009872421,-0.1393856519999999,0.0,0.035603296,-0.17354925,0.12399125,0.02877892,0.020315163,0.056242015,"[4.985530128940869, 0.043983666457909715, 0.0, 0.0, 0.0, 0.0, 1.433621767072331, 0.73177084317542]","[0.4350984921909868, 0.2692727730233313, 0.0]","{""Controller Type"": ""MPC Controller"", ""weight_comfort"": 543.489112162299, ""weight_trajectory"": 2739.065327026206, ""weight_goal"": 1000.0, ""Q"": [[2739.065327026206, 0.0, 0.0, 0.0], [0.0, 0.0, 0.0, 0.0], [0.0, 0.0, 2739.065327026206, 0.0], [0.0, 0.0, 0.0, 0.0]], ""R"": [[543.489112162299, 0.0], [0.0, 543.489112162299]], ""P"": [[1000.0, 0.0, 0.0, 0.0], [0.0, 100000.0, 0.0, 0.0], [0.0, 0.0, 1000.0, 0.0], [0.0, 0.0, 0.0, 100000.0]]}","[0.09766791358127702, 0.15596460588213032, 0.0]",False
3,P01,c0150e75-d12d-467e-96b2-81d06399c7ad,32,1,haply,mpc,seeded_random,3975743691,persist_session,10.0,35.508704319000245,4244.906064982,0,1785827233.7034194,252.0,True,aggressive,adaptive,0.0,-0.15,0.0,0.096,-0.022,0.0,0.0113840579999999,-0.13801196,0.0,0.03610432,-0.17307408,0.12473896,0.032355726,0.02593804,0.058440667,"[5.091218508256652, 0.07993348469557227, 0.0, 0.0, 0.0, 0.0, 1.4236942371562, 0.7142954507188567]","[0.44291394411316387, 0.26355291567558176, 0.0]","{""Controller Type"": ""MPC Controller"", ""weight_comfort"": 543.489112162299, ""weight_trajectory"": 2739.065327026206, ""weight_goal"": 1000.0, ""Q"": [[2739.065327026206, 0.0, 0.0, 0.0], [0.0, 0.0, 0.0, 0.0], [0.0, 0.0, 2739.065327026206, 0.0], [0.0, 0.0, 0.0, 0.0]], ""R"": [[543.489112162299, 0.0], [0.0, 543.489112162299]], ""P"": [[1000.0, 0.0, 0.0, 0.0], [0.0, 100000.0, 0.0, 0.0], [0.0, 0.0, 1000.0, 0.0], [0.0, 0.0, 0.0, 100000.0]]}","[0.12886510396365158, 0.2401594833980013, 0.0]",False
3,P01,c0150e75-d12d-467e-96b2-81d06399c7ad,32,1,haply,mpc,seeded_random,3975743691,persist_session,10.0,35.518652811050416,4244.91601269,0,1785827233.7133453,253.0,True,aggressive,adaptive,0.0,-0.15,0.0,0.096,-0.022,0.0,0.01288713,-0.13651654,0.0,0.036602892,-0.17259413,0.12548386,0.03605389,0.03081101,0.060800534,"[5.065280086714757, 0.07059858976956554, 0.0, 0.0, 0.0, 0.0, 1.4517926978649056, 0.7855881144497914]","[0.4316807219205674, 0.28461039630563995, 0.0]","{""Controller Type"": ""MPC Controller"", ""weight_comfort"": 543.489112162299, ""weight_trajectory"": 2739.065327026206, ""weight_goal"": 1000.0, ""Q"": [[2739.065327026206, 0.0, 0.0, 0.0], [0.0, 0.0, 0.0, 0.0], [0.0, 0.0, 2739.065327026206, 0.0], [0.0, 0.0, 0.0, 0.0]], ""R"": [[543.489112162299, 0.0], [0.0, 543.489112162299]], ""P"": [[1000.0, 0.0, 0.0, 0.0], [0.0, 100000.0, 0.0, 0.0], [0.0, 0.0, 1000.0, 0.0], [0.0, 0.0, 0.0, 100000.0]]}","[0.1940494784455817, 0.35073719978403795, 0.0]",False
3,P01,c0150e75-d12d-467e-96b2-81d06399c7ad,32,1,haply,mpc,seeded_random,3975743691,persist_session,10.0,35.52868236541748,4244.926036004,0,1785827233.72346,254.0,True,aggressive,adaptive,0.0,-0.15,0.0,0.096,-0.022,0.0,0.0143828459999999,-0.1350267399999999,0.0,0.03717032,-0.1720628,0.126287,0.0390899,0.034971252,0.06331223,"[5.021419302603022, 0.055105490111397995, 0.0, 0.0, 0.0, 0.0, 1.4351639121061635, 0.7449043611285171]","[0.41798272700991806, 0.2719296191638699, 0.0]","{""Controller Type"": ""MPC Controller"", ""weight_comfort"": 543.6243150028795, ""weight_trajectory"": 2738.2541099827235, ""weight_goal"": 1000.0, ""Q"": [[2738.2541099827235, 0.0, 0.0, 0.0], [0.0, 0.0, 0.0, 0.0], [0.0, 0.0, 2738.2541099827235, 0.0], [0.0, 0.0, 0.0, 0.0]], ""R"": [[543.6243150028795, 0.0], [0.0, 543.6243150028795]], ""P"": [[1000.0, 0.0, 0.0, 0.0], [0.0, 100000.0, 0.0, 0.0], [0.0, 0.0, 1000.0, 0.0], [0.0, 0.0, 0.0, 100000.0]]}","[0.28874889316637986, 0.5255654924078305, 0.0]",False
3,P01,c0150e75-d12d-467e-96b2-81d06399c7ad,32,1,haply,mpc,seeded_random,3975743691,persist_session,10.0,35.53871048927307,4244.936069999,0,1785827233.7333505,255.0,True,aggressive,adaptive,0.0,-0.15,0.0,0.096,-0.022,0.0,0.0160851299999999,-0.1334204599999999,0.0,0.03773362,-0.17149307,0.12714927,0.041530978,0.038702693,0.066116884,"[5.114027192309535, 0.11299850195083808, 0.0, 0.0, 0.0, 0.0, 1.4596265201105798, 0.8414711289485672]","[0.4281356917352096, 0.2992950285322207, 0.0]","{""Controller Type"": ""MPC Controller"", ""weight_comfort"": 543.6243150028795, ""weight_trajectory"": 2738.2541099827235, ""weight_goal"": 1000.0, ""Q"": [[2738.2541099827235, 0.0, 0.0, 0.0], [0.0, 0.0, 0.0, 0.0], [0.0, 0.0, 2738.2541099827235, 0.0], [0.0, 0.0, 0.0, 0.0]], ""R"": [[543.6243150028795, 0.0], [0.0, 543.6243150028795]], ""P"": [[1000.0, 0.0, 0.0, 0.0], [0.0, 100000.0, 0.0, 0.0], [0.0, 0.0, 1000.0, 0.0], [0.0, 0.0, 0.0, 100000.0]]}","[0.3372799573746305, 0.721333865467933, 0.0]",False
3,P01,c0150e75-d12d-467e-96b2-81d06399c7ad,32,1,haply,mpc,seeded_random,3975743691,persist_session,10.0,35.54871238708496,4244.946052431,0,1785827233.7434895,256.0,True,aggressive,adaptive,0.0,-0.15,0.0,0.096,-0.022,0.0,0.01777503,-0.1316959199999999,0.0,0.038364153,-0.17086928,0.12806807,0.04425779,0.042642467,0.069429435,"[5.071234553925494, 0.08719372486020852, 0.0, 0.0, 0.0, 0.0, 1.4664308158741932, 0.8789725243309627]","[0.411229706400887, 0.31036235066127144, 0.0]","{""Controller Type"": ""MPC Controller"", ""weight_comfort"": 543.6243150028795, ""weight_trajectory"": 2738.2541099827235, ""weight_goal"": 1000.0, ""Q"": [[2738.2541099827235, 0.0, 0.0, 0.0], [0.0, 0.0, 0.0, 0.0], [0.0, 0.0, 2738.2541099827235, 0.0], [0.0, 0.0, 0.0, 0.0]], ""R"": [[543.6243150028795, 0.0], [0.0, 543.6243150028795]], ""P"": [[1000.0, 0.0, 0.0, 0.0], [0.0, 100000.0, 0.0, 0.0], [0.0, 0.0, 1000.0, 0.0], [0.0, 0.0, 0.0, 100000.0]]}","[0.4714639309601721, 0.9565045742881023, 0.0]",False
3,P01,c0150e75-d12d-467e-96b2-81d06399c7ad,32,1,haply,mpc,seeded_random,3975743691,persist_session,10.0,35.55863965988159,4244.955988528,0,1785827233.753389,257.0,True,aggressive,adaptive,0.0,-0.15,0.0,0.096,-0.022,0.0,0.0196666289999999,-0.1298583199999999,0.0,0.03906076,-0.17018974,0.12904248,0.047112714,0.046591036,0.07316105,"[5.139810298195557, 0.16022080813105552, 0.0, 0.0, 0.0, 0.0, 1.4754305021560015, 0.9955039056797237]","[0.42295445733635234, 0.34393068263281923, 0.0]","{""Controller Type"": ""MPC Controller"", ""weight_comfort"": 542.6799577197721, ""weight_trajectory"": 2743.9202536813677, ""weight_goal"": 1000.0, ""Q"": [[2743.9202536813677, 0.0, 0.0, 0.0], [0.0, 0.0, 0.0, 0.0], [0.0, 0.0, 2743.9202536813677, 0.0], [0.0, 0.0, 0.0, 0.0]], ""R"": [[542.6799577197721, 0.0], [0.0, 542.6799577197721]], ""P"": [[1000.0, 0.0, 0.0, 0.0], [0.0, 100000.0, 0.0, 0.0], [0.0, 0.0, 1000.0, 0.0], [0.0, 0.0, 0.0, 100000.0]]}","[0.4432583977288028, 1.1381259126073848, 0.0]",False
3,P01,c0150e75-d12d-467e-96b2-81d06399c7ad,32,1,haply,mpc,seeded_random,3975743691,persist_session,10.0,35.56879104614258,4244.966144435,0,1785827233.7634227,258.0,True,aggressive,adaptive,0.0,-0.15,0.0,0.096,-0.022,0.0,0.0217564499999999,-0.1279095,0.0,0.039822124,-0.16945265,0.13007137,0.050422072,0.05084773,0.07734505,"[5.171078742867788, 0.21400156934854303, 0.0, 0.0, 0.0, 0.0, 1.4765511139625742, 1.04551211256748]","[0.42849088382999845, 0.3594449926264731, 0.0]","{""Controller Type"": ""MPC Controller"", ""weight_comfort"": 542.6799577197721, ""weight_trajectory"": 2743.9202536813677, ""weight_goal"": 1000.0, ""Q"": [[2743.9202536813677, 0.0, 0.0, 0.0], [0.0, 0.0, 0.0, 0.0], [0.0, 0.0, 2743.9202536813677, 0.0], [0.0, 0.0, 0.0, 0.0]], ""R"": [[542.6799577197721, 0.0], [0.0, 542.6799577197721]], ""P"": [[1000.0, 0.0, 0.0, 0.0], [0.0, 100000.0, 0.0, 0.0], [0.0, 0.0, 1000.0, 0.0], [0.0, 0.0, 0.0, 100000.0]]}","[0.36754807907045867, 1.282938056497945, 0.0]",False
3,P01,c0150e75-d12d-467e-96b2-81d06399c7ad,32,1,haply,mpc,seeded_random,3975743691,persist_session,10.0,35.57876361846924,4244.976117657,0,1785827233.7733622,259.0,True,aggressive,adaptive,0.0,-0.15,0.0,0.096,-0.022,0.0,0.0240405419999999,-0.12585172,0.0,0.040648468,-0.16869004,0.1310927,0.054865222,0.05527031,0.08137411,"[5.194002134246016, 0.2989843614521219, 0.0, 0.0, 0.0, 0.0, 1.4724660487786838, 1.1433765101666575]","[0.4424645003370625, 0.3896335981402217, 0.0]","{""Controller Type"": ""MPC Controller"", ""weight_comfort"": 542.6799577197721, ""weight_trajectory"": 2743.9202536813677, ""weight_goal"": 1000.0, ""Q"": [[2743.9202536813677, 0.0, 0.0, 0.0], [0.0, 0.0, 0.0, 0.0], [0.0, 0.0, 2743.9202536813677, 0.0], [0.0, 0.0, 0.0, 0.0]], ""R"": [[542.6799577197721, 0.0], [0.0, 542.6799577197721]], ""P"": [[1000.0, 0.0, 0.0, 0.0], [0.0, 100000.0, 0.0, 0.0], [0.0, 0.0, 1000.0, 0.0], [0.0, 0.0, 0.0, 100000.0]]}","[0.17929714657557339, 1.2954700822743932, 0.0]",False
3,P01,c0150e75-d12d-467e-96b2-81d06399c7ad,32,1,haply,mpc,seeded_random,3975743691,persist_session,10.0,35.5886346244812,4244.985994448,0,1785827233.7834814,260.0,True,aggressive,adaptive,0.0,-0.15,0.0,0.096,-0.022,0.0,0.0265195739999999,-0.1238090599999999,0.0,0.041607566,-0.1678507,0.1321652,0.060248703,0.060138237,0.08554196,"[5.198591546812961, 0.3564173063388784, 0.0, 0.0, 0.0, 0.0, 1.4758899172562108, 1.0527204260700007]","[0.4485165392942033, 0.3627609374340839, 0.0]","{""Controller Type"": ""MPC Controller"", ""weight_comfort"": 541.6037845860656, ""weight_trajectory"": 2750.377292483607, ""weight_goal"": 1000.0, ""Q"": [[2750.377292483607, 0.0, 0.0, 0.0], [0.0, 0.0, 0.0, 0.0], [0.0, 0.0, 2750.377292483607, 0.0], [0.0, 0.0, 0.0, 0.0]], ""R"": [[541.6037845860656, 0.0], [0.0, 541.6037845860656]], ""P"": [[1000.0, 0.0, 0.0, 0.0], [0.0, 100000.0, 0.0, 0.0], [0.0, 0.0, 1000.0, 0.0], [0.0, 0.0, 0.0, 100000.0]]}","[-0.014601437389916599, 1.3706894913195071, 0.0]",False
3,P01,c0150e75-d12d-467e-96b2-81d06399c7ad,32,1,haply,mpc,seeded_random,3975743691,persist_session,10.0,35.598741664886475,4244.996101504,0,1785827233.793336,261.0,True,aggressive,adaptive,0.0,-0.15,0.0,0.096,-0.022,0.0,0.0293968679999999,-0.1216640599999999,0.0,0.04248801,-0.16701546,0.13323265,0.065429844,0.06496334,0.08959848,"[5.12855923398432, 0.6534865918037376, 0.0, 0.0, 0.0, 0.0, 1.4616386491969477, 1.1892316875937075]","[0.5323805360380541, 0.4045279538290254, 0.0]","{""Controller Type"": ""MPC Controller"", ""weight_comfort"": 541.6037845860656, ""weight_trajectory"": 2750.377292483607, ""weight_goal"": 1000.0, ""Q"": [[2750.377292483607, 0.0, 0.0, 0.0], [0.0, 0.0, 0.0, 0.0], [0.0, 0.0, 2750.377292483607, 0.0], [0.0, 0.0, 0.0, 0.0]], ""R"": [[541.6037845860656, 0.0], [0.0, 541.6037845860656]], ""P"": [[1000.0, 0.0, 0.0, 0.0], [0.0, 100000.0, 0.0, 0.0], [0.0, 0.0, 1000.0, 0.0], [0.0, 0.0, 0.0, 100000.0]]}","[-0.5196862824559995, 1.2220358007743657, 0.0]",False
3,P01,c0150e75-d12d-467e-96b2-81d06399c7ad,32,1,haply,mpc,seeded_random,3975743691,persist_session,10.0,35.608616247177125,4245.005984458,0,1785827233.8035305,262.0,True,aggressive,adaptive,0.0,-0.15,0.0,0.096,-0.022,0.0,0.0320381999999999,-0.1195291599999999,0.0,0.043428265,-0.16611679,0.13435166,0.0705651,0.06975512,0.09328364,"[5.157548421008505, 0.43576123295071784, 0.0, 0.0, 0.0, 0.0, 1.473304682183856, 1.064103314499355]","[0.44278868201333543, 0.3665304493280339, 0.0]","{""Controller Type"": ""MPC Controller"", ""weight_comfort"": 541.6037845860656, ""weight_trajectory"": 2750.377292483607, ""weight_goal"": 1000.0, ""Q"": [[2750.377292483607, 0.0, 0.0, 0.0], [0.0, 0.0, 0.0, 0.0], [0.0, 0.0, 2750.377292483607, 0.0], [0.0, 0.0, 0.0, 0.0]], ""R"": [[541.6037845860656, 0.0], [0.0, 541.6037845860656]], ""P"": [[1000.0, 0.0, 0.0, 0.0], [0.0, 100000.0, 0.0, 0.0], [0.0, 0.0, 1000.0, 0.0], [0.0, 0.0, 0.0, 100000.0]]}","[-0.324585212537472, 1.2503396204961912, 0.0]",False
3,P01,c0150e75-d12d-467e-96b2-81d06399c7ad,32,1,haply,mpc,seeded_random,3975743691,persist_session,10.0,35.61869110107422,4245.01605124,0,1785827233.8134117,263.0,True,aggressive,adaptive,0.0,-0.15,0.0,0.096,-0.022,0.0,0.034858965,-0.1172911399999999,0.0,0.044225138,-0.16531087,0.13534732,0.07477757,0.073570736,0.095734276,"[5.1113544600552405, 0.5844227882870972, 0.0, 0.0, 0.0, 0.0, 1.4492093294139108, 1.217825037573537]","[0.47935046962360367, 0.4139303670764865, 0.0]","{""Controller Type"": ""MPC Controller"", ""weight_comfort"": 538.3907414658548, ""weight_trajectory"": 2769.6555512048712, ""weight_goal"": 1000.0, ""Q"": [[2769.6555512048712, 0.0, 0.0, 0.0], [0.0, 0.0, 0.0, 0.0], [0.0, 0.0, 2769.6555512048712, 0.0], [0.0, 0.0, 0.0, 0.0]], ""R"": [[538.3907414658548, 0.0], [0.0, 538.3907414658548]], ""P"": [[1000.0, 0.0, 0.0, 0.0], [0.0, 100000.0, 0.0, 0.0], [0.0, 0.0, 1000.0, 0.0], [0.0, 0.0, 0.0, 100000.0]]}","[-0.6573149643700993, 1.0401026831085258, 0.0]",False
3,P01,c0150e75-d12d-467e-96b2-81d06399c7ad,32,1,haply,mpc,seeded_random,3975743691,persist_session,10.0,35.62889183998108,4245.026219126,0,1785827233.8234963,264.0,True,aggressive,adaptive,0.0,-0.15,0.0,0.096,-0.022,0.0,0.0372495839999999,-0.11529982,0.0,0.045078848,-0.1644059,0.13645364,0.07793598,0.07745661,0.098281726,"[5.145123915908751, 0.31237676504950096, 0.0, 0.0, 0.0, 0.0, 1.474045108429075, 0.9125925772032168]","[0.376327118655656, 0.3177252410593715, 0.0]","{""Controller Type"": ""MPC Controller"", ""weight_comfort"": 538.3907414658548, ""weight_trajectory"": 2769.6555512048712, ""weight_goal"": 1000.0, ""Q"": [[2769.6555512048712, 0.0, 0.0, 0.0], [0.0, 0.0, 0.0, 0.0], [0.0, 0.0, 2769.6555512048712, 0.0], [0.0, 0.0, 0.0, 0.0]], ""R"": [[538.3907414658548, 0.0], [0.0, 538.3907414658548]], ""P"": [[1000.0, 0.0, 0.0, 0.0], [0.0, 100000.0, 0.0, 0.0], [0.0, 0.0, 1000.0, 0.0], [0.0, 0.0, 0.0, 100000.0]]}","[-0.3053290620125949, 1.2489577356019381, 0.0]",False
3,P01,c0150e75-d12d-467e-96b2-81d06399c7ad,32,1,haply,mpc,seeded_random,3975743691,persist_session,10.0,35.638727798461915,4245.036078824,0,1785827233.8333125,265.0,True,aggressive,adaptive,0.0,-0.15,0.0,0.096,-0.022,0.0,0.0398107139999999,-0.11308718,0.0,0.045851953,-0.16347049,0.13761307,0.07960713,0.08059565,0.10021048,"[5.107628397848418, 0.43468388229886645, 0.0, 0.0, 0.0, 0.0, 1.4237072966804587, 1.1902024993079963]","[0.40040706137746823, 0.39796226116390354, 0.0]","{""Controller Type"": ""MPC Controller"", ""weight_comfort"": 538.3907414658548, ""weight_trajectory"": 2769.6555512048712, ""weight_goal"": 1000.0, ""Q"": [[2769.6555512048712, 0.0, 0.0, 0.0], [0.0, 0.0, 0.0, 0.0], [0.0, 0.0, 2769.6555512048712, 0.0], [0.0, 0.0, 0.0, 0.0]], ""R"": [[538.3907414658548, 0.0], [0.0, 538.3907414658548]], ""P"": [[1000.0, 0.0, 0.0, 0.0], [0.0, 100000.0, 0.0, 0.0], [0.0, 0.0, 1000.0, 0.0], [0.0, 0.0, 0.0, 100000.0]]}","[-0.606984876643178, 0.9335122779630121, 0.0]",False
3,P01,c0150e75-d12d-467e-96b2-81d06399c7ad,32,1,haply,mpc,seeded_random,3975743691,persist_session,10.0,35.64895380973816,4245.046260495,0,1785827233.843344,266.0,True,aggressive,adaptive,0.0,-0.15,0.0,0.096,-0.022,0.0,0.042130029,-0.1107683199999999,0.0,0.046619635,-0.16256037,0.13870531,0.08041644,0.08351319,0.1019307,"[5.142837627270122, 0.2657348302488951, 0.0, 0.0, 0.0, 0.0, 1.419654194999274, 1.2095700598539683]","[0.3384834940478094, 0.4056230027523192, 0.0]","{""Controller Type"": ""MPC Controller"", ""weight_comfort"": 538.3907414658548, ""weight_trajectory"": 2769.6555512048712, ""weight_goal"": 1000.0, ""Q"": [[2769.6555512048712, 0.0, 0.0, 0.0], [0.0, 0.0, 0.0, 0.0], [0.0, 0.0, 2769.6555512048712, 0.0], [0.0, 0.0, 0.0, 0.0]], ""R"": [[538.3907414658548, 0.0], [0.0, 538.3907414658548]], ""P"": [[1000.0, 0.0, 0.0, 0.0], [0.0, 100000.0, 0.0, 0.0], [0.0, 0.0, 1000.0, 0.0], [0.0, 0.0, 0.0, 100000.0]]}","[-0.4170598649177442, 0.809764610918494, 0.0]",False
3,P01,c0150e75-d12d-467e-96b2-81d06399c7ad,32,1,haply,mpc,seeded_random,3975743691,persist_session,10.0,35.659232988357545,4245.056586133,0,1785827233.853299,267.0,True,aggressive,adaptive,0.0,-0.15,0.0,0.096,-0.022,0.0,0.0444330749999999,-0.1085838399999999,0.0,0.047307402,-0.16162065,0.13984984,0.08015465,0.085825175,0.10316928,"[5.147071174548404, 0.24981429211500658, 0.0, 0.0, 0.0, 0.0, 1.4512912344740692, 1.0467733008898363]","[0.3232124945264628, 0.3553591785137503, 0.0]","{""Controller Type"": ""MPC Controller"", ""weight_comfort"": 540.3668593264033, ""weight_trajectory"": 2757.79884404158, ""weight_goal"": 1000.0, ""Q"": [[2757.79884404158, 0.0, 0.0, 0.0], [0.0, 0.0, 0.0, 0.0], [0.0, 0.0, 2757.79884404158, 0.0], [0.0, 0.0, 0.0, 0.0]], ""R"": [[540.3668593264033, 0.0], [0.0, 540.3668593264033]], ""P"": [[1000.0, 0.0, 0.0, 0.0], [0.0, 100000.0, 0.0, 0.0], [0.0, 0.0, 1000.0, 0.0], [0.0, 0.0, 0.0, 100000.0]]}","[-0.49551926518411826, 0.8444909119979592, 0.0]",False
3,P01,c0150e75-d12d-467e-96b2-81d06399c7ad,32,1,haply,mpc,seeded_random,3975743691,persist_session,10.0,35.66860236167908,4245.065969805,0,1785827233.8632743,268.0,True,aggressive,adaptive,0.0,-0.15,0.0,0.096,-0.022,0.0,0.0464963759999999,-0.1062947799999999,0.0,0.04805496,-0.1606517,0.14098364,0.07907924,0.088068314,0.10451662,"[5.167779412306173, 0.12817441532475135, 0.0, 0.0, 0.0, 0.0, 1.434981465914079, 1.1167286612474867]","[0.282335178427697, 0.3772168716476907, 0.0]","{""Controller Type"": ""MPC Controller"", ""weight_comfort"": 540.3668593264033, ""weight_trajectory"": 2757.79884404158, ""weight_goal"": 1000.0, ""Q"": [[2757.79884404158, 0.0, 0.0, 0.0], [0.0, 0.0, 0.0, 0.0], [0.0, 0.0, 2757.79884404158, 0.0], [0.0, 0.0, 0.0, 0.0]], ""R"": [[540.3668593264033, 0.0], [0.0, 540.3668593264033]], ""P"": [[1000.0, 0.0, 0.0, 0.0], [0.0, 100000.0, 0.0, 0.0], [0.0, 0.0, 1000.0, 0.0], [0.0, 0.0, 0.0, 100000.0]]}","[-0.3430919577434478, 0.6825937490978636, 0.0]",False
3,P01,c0150e75-d12d-467e-96b2-81d06399c7ad,32,1,haply,mpc,seeded_random,3975743691,persist_session,10.0,35.67865361213684,4245.075992202,0,1785827233.873253,269.0,True,aggressive,adaptive,0.0,-0.15,0.0,0.096,-0.022,0.0,0.04873905,-0.10402718,0.0,0.048793595,-0.15967175,0.14210868,0.078000784,0.090494275,0.10596358,"[5.142287796625985, 0.20375009556974655, 0.0, 0.0, 0.0, 0.0, 1.4502610124207238, 1.053637810714063]","[0.2888200268394, 0.3583862940375479, 0.0]","{""Controller Type"": ""MPC Controller"", ""weight_comfort"": 541.8997886301474, ""weight_trajectory"": 2748.601268219115, ""weight_goal"": 1000.0, ""Q"": [[2748.601268219115, 0.0, 0.0, 0.0], [0.0, 0.0, 0.0, 0.0], [0.0, 0.0, 2748.601268219115, 0.0], [0.0, 0.0, 0.0, 0.0]], ""R"": [[541.8997886301474, 0.0], [0.0, 541.8997886301474]], ""P"": [[1000.0, 0.0, 0.0, 0.0], [0.0, 100000.0, 0.0, 0.0], [0.0, 0.0, 1000.0, 0.0], [0.0, 0.0, 0.0, 100000.0]]}","[-0.5780741904042263, 0.6322102828457568, 0.0]",False
3,P01,c0150e75-d12d-467e-96b2-81d06399c7ad,32,1,haply,mpc,seeded_random,3975743691,persist_session,10.0,35.68862928390503,4245.085995275,0,1785827233.883704,270.0,True,aggressive,adaptive,0.0,-0.15,0.0,0.096,-0.022,0.0,0.050954955,-0.1017771,0.0,0.049536843,-0.15876202,0.14334683,0.07706983,0.092714556,0.107100174,"[5.1647586188522485, 0.13468444163954754, 0.0, 0.0, 0.0, 0.0, 1.483399779526159, 0.9084749390095758]","[0.2612047506983202, 0.31394167914918186, 0.0]","{""Controller Type"": ""MPC Controller"", ""weight_comfort"": 541.8997886301474, ""weight_trajectory"": 2748.601268219115, ""weight_goal"": 1000.0, ""Q"": [[2748.601268219115, 0.0, 0.0, 0.0], [0.0, 0.0, 0.0, 0.0], [0.0, 0.0, 2748.601268219115, 0.0], [0.0, 0.0, 0.0, 0.0]], ""R"": [[541.8997886301474, 0.0], [0.0, 541.8997886301474]], ""P"": [[1000.0, 0.0, 0.0, 0.0], [0.0, 100000.0, 0.0, 0.0], [0.0, 0.0, 1000.0, 0.0], [0.0, 0.0, 0.0, 100000.0]]}","[-0.5373752422402478, 0.6671893829943569, 0.0]",False
3,P01,c0150e75-d12d-467e-96b2-81d06399c7ad,32,1,haply,mpc,seeded_random,3975743691,persist_session,10.0,35.69871152877808,4245.096069414,0,1785827233.8933697,271.0,True,aggressive,adaptive,0.0,-0.15,0.0,0.096,-0.022,0.0,0.0531846989999999,-0.0993007999999999,0.0,0.05034265,-0.15785901,0.14451718,0.076113835,0.09457117,0.10775981,"[5.1236706243611305, 0.2220758146020907, 0.0, 0.0, 0.0, 0.0, 1.3318501782907994, 1.3741306561598723]","[0.27060118853725124, 0.45499691161368483, 0.0]","{""Controller Type"": ""MPC Controller"", ""weight_comfort"": 541.8997886301474, ""weight_trajectory"": 2748.601268219115, ""weight_goal"": 1000.0, ""Q"": [[2748.601268219115, 0.0, 0.0, 0.0], [0.0, 0.0, 0.0, 0.0], [0.0, 0.0, 2748.601268219115, 0.0], [0.0, 0.0, 0.0, 0.0]], ""R"": [[541.8997886301474, 0.0], [0.0, 541.8997886301474]], ""P"": [[1000.0, 0.0, 0.0, 0.0], [0.0, 100000.0, 0.0, 0.0], [0.0, 0.0, 1000.0, 0.0], [0.0, 0.0, 0.0, 100000.0]]}","[-0.7775555531798749, 0.22288647664040845, 0.0]",False
3,P01,c0150e75-d12d-467e-96b2-81d06399c7ad,32,1,haply,mpc,seeded_random,3975743691,persist_session,10.0,35.70862545013428,4245.105991369,0,1785827233.9036596,272.0,True,aggressive,adaptive,0.0,-0.15,0.0,0.096,-0.022,0.0,0.05560212,-0.0969601,0.0,0.051077604,-0.157003,0.14562486,0.075268835,0.09607246,0.10818151,"[5.1236706243611305, 0.2220758146020907, 0.0, 0.0, 0.0, 0.0, 1.3318501782907994, 1.3741306561598723]","[0.27060118853725124, 0.45499691161368483, 0.0]","{""Controller Type"": ""MPC Controller"", ""weight_comfort"": 541.8997886301474, ""weight_trajectory"": 2748.601268219115, ""weight_goal"": 1000.0, ""Q"": [[2748.601268219115, 0.0, 0.0, 0.0], [0.0, 0.0, 0.0, 0.0], [0.0, 0.0, 2748.601268219115, 0.0], [0.0, 0.0, 0.0, 0.0]], ""R"": [[541.8997886301474, 0.0], [0.0, 541.8997886301474]], ""P"": [[1000.0, 0.0, 0.0, 0.0], [0.0, 100000.0, 0.0, 0.0], [0.0, 0.0, 1000.0, 0.0], [0.0, 0.0, 0.0, 100000.0]]}","[-0.8959532127330682, 0.4082282556883394, 0.0]",False
3,P01,c0150e75-d12d-467e-96b2-81d06399c7ad,32,1,haply,mpc,seeded_random,3975743691,persist_session,10.0,35.718744411468506,4245.116094622,0,1785827233.9136257,273.0,True,aggressive,adaptive,0.0,-0.15,0.0,0.096,-0.022,0.0,0.0578069819999999,-0.09474474,0.0,0.05181451,-0.15617533,0.14690153,0.07430077,0.09733699,0.10837538,"[5.13458184808064, 0.20268718643873357, 0.0, 0.0, 0.0, 0.0, 1.3901938176866342, 1.1764639270246742]","[0.24235747743900687, 0.36574678821280804, 0.0]","{""Controller Type"": ""MPC Controller"", ""weight_comfort"": 540.6609108124742, ""weight_trajectory"": 2756.0345351251553, ""weight_goal"": 1000.0, ""Q"": [[2756.0345351251553, 0.0, 0.0, 0.0], [0.0, 0.0, 0.0, 0.0], [0.0, 0.0, 2756.0345351251553, 0.0], [0.0, 0.0, 0.0, 0.0]], ""R"": [[540.6609108124742, 0.0], [0.0, 540.6609108124742]], ""P"": [[1000.0, 0.0, 0.0, 0.0], [0.0, 100000.0, 0.0, 0.0], [0.0, 0.0, 1000.0, 0.0], [0.0, 0.0, 0.0, 100000.0]]}","[-0.8461329800792501, 0.38603910123231794, 0.0]",False
3,P01,c0150e75-d12d-467e-96b2-81d06399c7ad,32,1,haply,mpc,seeded_random,3975743691,persist_session,10.0,35.72869814872742,4245.126061828,0,1785827233.9236574,274.0,True,aggressive,adaptive,0.0,-0.15,0.0,0.096,-0.022,0.0,0.0600177,-0.0921913999999999,0.0,0.052421656,-0.15545528,0.14806299,0.073634535,0.09585491,0.109860376,"[5.13458184808064, 0.20268718643873357, 0.0, 0.0, 0.0, 0.0, 1.3901938176866342, 1.1764639270246742]","[0.24235747743900687, 0.36574678821280804, 0.0]","{""Controller Type"": ""MPC Controller"", ""weight_comfort"": 540.6609108124742, ""weight_trajectory"": 2756.0345351251553, ""weight_goal"": 1000.0, ""Q"": [[2756.0345351251553, 0.0, 0.0, 0.0], [0.0, 0.0, 0.0, 0.0], [0.0, 0.0, 2756.0345351251553, 0.0], [0.0, 0.0, 0.0, 0.0]], ""R"": [[540.6609108124742, 0.0], [0.0, 540.6609108124742]], ""P"": [[1000.0, 0.0, 0.0, 0.0], [0.0, 100000.0, 0.0, 0.0], [0.0, 0.0, 1000.0, 0.0], [0.0, 0.0, 0.0, 100000.0]]}","[-0.9107098112737193, 0.0178325351699986, 0.0]",False
3,P01,c0150e75-d12d-467e-96b2-81d06399c7ad,32,1,haply,mpc,seeded_random,3975743691,persist_session,10.0,35.7387331867218,4245.136085221,0,1785827233.9337275,275.0,True,aggressive,adaptive,0.0,-0.15,0.0,0.096,-0.022,0.0,0.0618391379999999,-0.0898684799999999,0.0,0.05315914,-0.15470198,0.1493008,0.072857864,0.09310392,0.11160632,"[5.164343485036023, 0.15164131467330033, 0.0, 0.0, 0.0, 0.0, 1.2828254821914287, 1.4733471490961094]","[0.21924184626107218, 0.46504124839128475, 0.0]","{""Controller Type"": ""MPC Controller"", ""weight_comfort"": 540.6609108124742, ""weight_trajectory"": 2756.0345351251553, ""weight_goal"": 1000.0, ""Q"": [[2756.0345351251553, 0.0, 0.0, 0.0], [0.0, 0.0, 0.0, 0.0], [0.0, 0.0, 2756.0345351251553, 0.0], [0.0, 0.0, 0.0, 0.0]], ""R"": [[540.6609108124742, 0.0], [0.0, 540.6609108124742]], ""P"": [[1000.0, 0.0, 0.0, 0.0], [0.0, 100000.0, 0.0, 0.0], [0.0, 0.0, 1000.0, 0.0], [0.0, 0.0, 0.0, 100000.0]]}","[-0.614754554346083, 0.15803509535005789, 0.0]",False
3,P01,c0150e75-d12d-467e-96b2-81d06399c7ad,32,1,haply,mpc,seeded_random,3975743691,persist_session,10.0,35.74854649543762,4245.145912098,0,1785827233.9434516,276.0,True,aggressive,adaptive,0.0,-0.15,0.0,0.096,-0.022,0.0,0.0640515899999999,-0.0873928599999999,0.0,0.053683434,-0.15396394,0.15036118,0.07158342,0.09072728,0.11285259,"[5.194132147494873, 0.10321579008723353, 0.0, 0.0, 0.0, 0.0, 1.3251694819299367, 1.3588797040147536]","[0.18697873834113046, 0.4160778746519773, 0.0]","{""Controller Type"": ""MPC Controller"", ""weight_comfort"": 540.6609108124742, ""weight_trajectory"": 2756.0345351251553, ""weight_goal"": 1000.0, ""Q"": [[2756.0345351251553, 0.0, 0.0, 0.0], [0.0, 0.0, 0.0, 0.0], [0.0, 0.0, 2756.0345351251553, 0.0], [0.0, 0.0, 0.0, 0.0]], ""R"": [[540.6609108124742, 0.0], [0.0, 540.6609108124742]], ""P"": [[1000.0, 0.0, 0.0, 0.0], [0.0, 100000.0, 0.0, 0.0], [0.0, 0.0, 1000.0, 0.0], [0.0, 0.0, 0.0, 100000.0]]}","[-1.1058924523871112, -0.13440588990756058, 0.0]",False
3,P01,c0150e75-d12d-467e-96b2-81d06399c7ad,32,1,haply,mpc,seeded_random,3975743691,persist_session,10.0,35.75866760253906,4245.156030022,0,1785827233.9537532,277.0,True,aggressive,adaptive,0.0,-0.15,0.0,0.096,-0.022,0.0,0.065624472,-0.0852720999999999,0.0,0.05420138,-0.15319373,0.1515556,0.069256246,0.08841626,0.113595024,"[5.194132147494873, 0.10321579008723353, 0.0, 0.0, 0.0, 0.0, 1.3251694819299367, 1.3588797040147536]","[0.18697873834113046, 0.4160778746519773, 0.0]","{""Controller Type"": ""MPC Controller"", ""weight_comfort"": 540.6609108124742, ""weight_trajectory"": 2756.0345351251553, ""weight_goal"": 1000.0, ""Q"": [[2756.0345351251553, 0.0, 0.0, 0.0], [0.0, 0.0, 0.0, 0.0], [0.0, 0.0, 2756.0345351251553, 0.0], [0.0, 0.0, 0.0, 0.0]], ""R"": [[540.6609108124742, 0.0], [0.0, 540.6609108124742]], ""P"": [[1000.0, 0.0, 0.0, 0.0], [0.0, 100000.0, 0.0, 0.0], [0.0, 0.0, 1000.0, 0.0], [0.0, 0.0, 0.0, 100000.0]]}","[-0.48426312288401574, 0.235140471498182, 0.0]",False
3,P01,c0150e75-d12d-467e-96b2-81d06399c7ad,32,1,haply,mpc,seeded_random,3975743691,persist_session,10.0,35.76856721878052,4245.165934104,0,1785827233.963716,278.0,True,aggressive,adaptive,0.0,-0.15,0.0,0.096,-0.022,0.0,0.0671783099999999,-0.0828832599999999,0.0,0.054714248,-0.15243828,0.15260124,0.06663158,0.08661382,0.11368017,"[5.260178135477826, -0.0647850708046179, 0.0, 0.0, 0.0, 0.0, 1.4339793231514424, 1.01418496113341]","[0.1498890819846841, 0.2995183523783392, 0.0]","{""Controller Type"": ""MPC Controller"", ""weight_comfort"": 543.7323607480914, ""weight_trajectory"": 2737.605835511452, ""weight_goal"": 1000.0, ""Q"": [[2737.605835511452, 0.0, 0.0, 0.0], [0.0, 0.0, 0.0, 0.0], [0.0, 0.0, 2737.605835511452, 0.0], [0.0, 0.0, 0.0, 0.0]], ""R"": [[543.7323607480914, 0.0], [0.0, 543.7323607480914]], ""P"": [[1000.0, 0.0, 0.0, 0.0], [0.0, 100000.0, 0.0, 0.0], [0.0, 0.0, 1000.0, 0.0], [0.0, 0.0, 0.0, 100000.0]]}","[-0.5621540440730851, -0.14635297076780276, 0.0]",False
3,P01,c0150e75-d12d-467e-96b2-81d06399c7ad,32,1,haply,mpc,seeded_random,3975743691,persist_session,10.0,35.77864755630493,4245.175987942,0,1785827233.9735544,279.0,True,aggressive,adaptive,0.0,-0.15,0.0,0.096,-0.022,0.0,0.0687169139999999,-0.0807919799999999,0.0,0.055262882,-0.15151325,0.15370941,0.06359375,0.085254446,0.11331015,"[5.257162946762434, -0.05838755970522098, 0.0, 0.0, 0.0, 0.0, 1.307121334334057, 1.3369773862424268]","[0.1424139615936297, 0.4001569443777959, 0.0]","{""Controller Type"": ""MPC Controller"", ""weight_comfort"": 543.7323607480914, ""weight_trajectory"": 2737.605835511452, ""weight_goal"": 1000.0, ""Q"": [[2737.605835511452, 0.0, 0.0, 0.0], [0.0, 0.0, 0.0, 0.0], [0.0, 0.0, 2737.605835511452, 0.0], [0.0, 0.0, 0.0, 0.0]], ""R"": [[543.7323607480914, 0.0], [0.0, 543.7323607480914]], ""P"": [[1000.0, 0.0, 0.0, 0.0], [0.0, 100000.0, 0.0, 0.0], [0.0, 0.0, 1000.0, 0.0], [0.0, 0.0, 0.0, 100000.0]]}","[-0.6140706817669584, 0.02848639538633495, 0.0]",False
3,P01,c0150e75-d12d-467e-96b2-81d06399c7ad,32,1,haply,mpc,seeded_random,3975743691,persist_session,10.0,35.78862561225891,4245.185992787,0,1785827233.9835386,280.0,True,aggressive,adaptive,0.0,-0.15,0.0,0.096,-0.022,0.0,0.070362816,-0.07857564,0.0,0.055757094,-0.15069959,0.15479212,0.06086318,0.08443088,0.11253982,"[5.254729639030376, -0.054350694540344135, 0.0, 0.0, 0.0, 0.0, 1.360625791749939, 1.1975886273583858]","[0.12598501588933275, 0.3372245278641446, 0.0]","{""Controller Type"": ""MPC Controller"", ""weight_comfort"": 543.7323607480914, ""weight_trajectory"": 2737.605835511452, ""weight_goal"": 1000.0, ""Q"": [[2737.605835511452, 0.0, 0.0, 0.0], [0.0, 0.0, 0.0, 0.0], [0.0, 0.0, 2737.605835511452, 0.0], [0.0, 0.0, 0.0, 0.0]], ""R"": [[543.7323607480914, 0.0], [0.0, 543.7323607480914]], ""P"": [[1000.0, 0.0, 0.0, 0.0], [0.0, 100000.0, 0.0, 0.0], [0.0, 0.0, 1000.0, 0.0], [0.0, 0.0, 0.0, 100000.0]]}","[-0.7421797248817366, -0.1265018097347946, 0.0]",False
3,P01,c0150e75-d12d-467e-96b2-81d06399c7ad,32,1,haply,mpc,seeded_random,3975743691,persist_session,10.0,35.79865468978882,4245.195990851,0,1785827233.9934983,281.0,True,aggressive,adaptive,0.0,-0.15,0.0,0.096,-0.022,0.0,0.071845452,-0.0764102199999999,0.0,0.056286354,-0.14974229,0.15579654,0.058737468,0.08419284,0.11153979,"[5.280388768384457, -0.09789700822693663, 0.0, 0.0, 0.0, 0.0, 1.3725181307313783, 1.167740850775569]","[0.11297210739268988, 0.32856717986686895, 0.0]","{""Controller Type"": ""MPC Controller"", ""weight_comfort"": 542.3029745893538, ""weight_trajectory"": 2746.1821524638776, ""weight_goal"": 1000.0, ""Q"": [[2746.1821524638776, 0.0, 0.0, 0.0], [0.0, 0.0, 0.0, 0.0], [0.0, 0.0, 2746.1821524638776, 0.0], [0.0, 0.0, 0.0, 0.0]], ""R"": [[542.3029745893538, 0.0], [0.0, 542.3029745893538]], ""P"": [[1000.0, 0.0, 0.0, 0.0], [0.0, 100000.0, 0.0, 0.0], [0.0, 0.0, 1000.0, 0.0], [0.0, 0.0, 0.0, 100000.0]]}","[-0.6454824736911181, -0.1550498577975666, 0.0]",False
3,P01,c0150e75-d12d-467e-96b2-81d06399c7ad,32,1,haply,mpc,seeded_random,3975743691,persist_session,10.0,35.80864013671875,4245.206006276,0,1785827234.0034106,282.0,True,aggressive,adaptive,0.0,-0.15,0.0,0.096,-0.022,0.0,0.0734332319999999,-0.0744013799999999,0.0,0.056882832,-0.1488119,0.15682441,0.05707214,0.08505515,0.11019103,"[5.253673386114474, -0.05944523866422925, 0.0, 0.0, 0.0, 0.0, 1.4309617943919384, 1.016419658034752]","[0.10903627778570645, 0.2809743312476536, 0.0]","{""Controller Type"": ""MPC Controller"", ""weight_comfort"": 542.3029745893538, ""weight_trajectory"": 2746.1821524638776, ""weight_goal"": 1000.0, ""Q"": [[2746.1821524638776, 0.0, 0.0, 0.0], [0.0, 0.0, 0.0, 0.0], [0.0, 0.0, 2746.1821524638776, 0.0], [0.0, 0.0, 0.0, 0.0]], ""R"": [[542.3029745893538, 0.0], [0.0, 542.3029745893538]], ""P"": [[1000.0, 0.0, 0.0, 0.0], [0.0, 100000.0, 0.0, 0.0], [0.0, 0.0, 1000.0, 0.0], [0.0, 0.0, 0.0, 100000.0]]}","[-0.798468715020471, -0.08554875936702178, 0.0]",False
3,P01,c0150e75-d12d-467e-96b2-81d06399c7ad,32,1,haply,mpc,seeded_random,3975743691,persist_session,10.0,35.81865037918091,4245.216012809,0,1785827234.0134258,283.0,True,aggressive,adaptive,0.0,-0.15,0.0,0.096,-0.022,0.0,0.075222666,-0.0723456399999999,0.0,0.057396363,-0.14783914,0.15781184,0.055569917,0.0864066,0.10861031,"[5.193496441683427, 0.014974126405383939, 0.0, 0.0, 0.0, 0.0, 1.4316932575088175, 1.0146178936658967]","[0.1105824514398191, 0.280340989026312, 0.0]","{""Controller Type"": ""MPC Controller"", ""weight_comfort"": 542.3029745893538, ""weight_trajectory"": 2746.1821524638776, ""weight_goal"": 1000.0, ""Q"": [[2746.1821524638776, 0.0, 0.0, 0.0], [0.0, 0.0, 0.0, 0.0], [0.0, 0.0, 2746.1821524638776, 0.0], [0.0, 0.0, 0.0, 0.0]], ""R"": [[542.3029745893538, 0.0], [0.0, 542.3029745893538]], ""P"": [[1000.0, 0.0, 0.0, 0.0], [0.0, 100000.0, 0.0, 0.0], [0.0, 0.0, 1000.0, 0.0], [0.0, 0.0, 0.0, 100000.0]]}","[-1.0224781928350732, -0.17347346414147077, 0.0]",False
3,P01,c0150e75-d12d-467e-96b2-81d06399c7ad,32,1,haply,mpc,seeded_random,3975743691,persist_session,10.0,35.82875360488892,4245.226114701,0,1785827234.023362,284.0,True,aggressive,adaptive,0.0,-0.15,0.0,0.096,-0.022,0.0,0.076763259,-0.0703707799999999,0.0,0.057913944,-0.14691533,0.15882497,0.054198887,0.08825556,0.1069226,"[5.263259415062588, -0.07524531310462552, 0.0, 0.0, 0.0, 0.0, 1.462458526768419, 0.9393631514950282]","[0.08958116041175604, 0.2574444776657167, 0.0]","{""Controller Type"": ""MPC Controller"", ""weight_comfort"": 544.3552337761346, ""weight_trajectory"": 2733.868597343192, ""weight_goal"": 1000.0, ""Q"": [[2733.868597343192, 0.0, 0.0, 0.0], [0.0, 0.0, 0.0, 0.0], [0.0, 0.0, 2733.868597343192, 0.0], [0.0, 0.0, 0.0, 0.0]], ""R"": [[544.3552337761346, 0.0], [0.0, 544.3552337761346]], ""P"": [[1000.0, 0.0, 0.0, 0.0], [0.0, 100000.0, 0.0, 0.0], [0.0, 0.0, 1000.0, 0.0], [0.0, 0.0, 0.0, 100000.0]]}","[-0.860088311317379, -0.17788426328777932, 0.0]",False
3,P01,c0150e75-d12d-467e-96b2-81d06399c7ad,32,1,haply,mpc,seeded_random,3975743691,persist_session,10.0,35.838646068573,4245.235999151,0,1785827234.0334313,285.0,True,aggressive,adaptive,0.0,-0.15,0.0,0.096,-0.022,0.0,0.078316002,-0.0683445199999999,0.0,0.058431465,-0.14602707,0.15977931,0.053029817,0.0899089,0.10533059,"[5.268193220943609, -0.08129126448160204, 0.0, 0.0, 0.0, 0.0, 1.4628494874492854, 0.9384503643826801]","[0.08062723319322132, 0.25663948199302966, 0.0]","{""Controller Type"": ""MPC Controller"", ""weight_comfort"": 544.3552337761346, ""weight_trajectory"": 2733.868597343192, ""weight_goal"": 1000.0, ""Q"": [[2733.868597343192, 0.0, 0.0, 0.0], [0.0, 0.0, 0.0, 0.0], [0.0, 0.0, 2733.868597343192, 0.0], [0.0, 0.0, 0.0, 0.0]], ""R"": [[544.3552337761346, 0.0], [0.0, 544.3552337761346]], ""P"": [[1000.0, 0.0, 0.0, 0.0], [0.0, 100000.0, 0.0, 0.0], [0.0, 0.0, 1000.0, 0.0], [0.0, 0.0, 0.0, 100000.0]]}","[-0.9009845997604515, -0.2655571843335429, 0.0]",False
3,P01,c0150e75-d12d-467e-96b2-81d06399c7ad,32,1,haply,mpc,seeded_random,3975743691,persist_session,10.0,35.84865201950073,4245.246016217,0,1785827234.043433,286.0,True,aggressive,adaptive,0.0,-0.15,0.0,0.096,-0.022,0.0,0.079868565,-0.0664358399999999,0.0,0.058867477,-0.14509916,0.1606938,0.051865913,0.091007285,0.10377077,"[5.267221961533882, -0.08016699710850408, 0.0, 0.0, 0.0, 0.0, 1.504648046126459, 0.8399844409194854]","[0.07252348235970564, 0.22715985010326784, 0.0]","{""Controller Type"": ""MPC Controller"", ""weight_comfort"": 544.3552337761346, ""weight_trajectory"": 2733.868597343192, ""weight_goal"": 1000.0, ""Q"": [[2733.868597343192, 0.0, 0.0, 0.0], [0.0, 0.0, 0.0, 0.0], [0.0, 0.0, 2733.868597343192, 0.0], [0.0, 0.0, 0.0, 0.0]], ""R"": [[544.3552337761346, 0.0], [0.0, 544.3552337761346]], ""P"": [[1000.0, 0.0, 0.0, 0.0], [0.0, 100000.0, 0.0, 0.0], [0.0, 0.0, 1000.0, 0.0], [0.0, 0.0, 0.0, 100000.0]]}","[-0.9601487889429671, -0.23276572593652894, 0.0]",False
3,P01,c0150e75-d12d-467e-96b2-81d06399c7ad,32,1,haply,mpc,seeded_random,3975743691,persist_session,10.0,35.85868467330933,4245.256042589,0,1785827234.053444,287.0,True,aggressive,adaptive,0.0,-0.15,0.0,0.096,-0.022,0.0,0.081176601,-0.0646068599999999,0.0,0.059259806,-0.14429902,0.16167149,0.050672017,0.0916979,0.10200948,"[5.331035321976907, -0.15785961397858037, 0.0, 0.0, 0.0, 0.0, 1.536389865119933, 0.765110627573163]","[0.058398550463809755, 0.20524145106752786, 0.0]","{""Controller Type"": ""MPC Controller"", ""weight_comfort"": 545.9678674539158, ""weight_trajectory"": 2724.192795276505, ""weight_goal"": 1000.0, ""Q"": [[2724.192795276505, 0.0, 0.0, 0.0], [0.0, 0.0, 0.0, 0.0], [0.0, 0.0, 2724.192795276505, 0.0], [0.0, 0.0, 0.0, 0.0]], ""R"": [[545.9678674539158, 0.0], [0.0, 545.9678674539158]], ""P"": [[1000.0, 0.0, 0.0, 0.0], [0.0, 100000.0, 0.0, 0.0], [0.0, 0.0, 1000.0, 0.0], [0.0, 0.0, 0.0, 100000.0]]}","[-0.7814095893145541, -0.2182654860542319, 0.0]",False
3,P01,c0150e75-d12d-467e-96b2-81d06399c7ad,32,1,haply,mpc,seeded_random,3975743691,persist_session,10.0,35.86865891456604,4245.266019632,0,1785827234.063617,288.0,True,aggressive,adaptive,0.0,-0.15,0.0,0.096,-0.022,0.0,0.0823535879999999,-0.0626514799999999,0.0,0.059650086,-0.1435251,0.16250929,0.049418624,0.09149615,0.09984751,"[5.364063461452632, -0.19910340736788854, 0.0, 0.0, 0.0, 0.0, 1.5108664689317648, 0.8209755163605995]","[0.050164171891989705, 0.21922331597399708, 0.0]","{""Controller Type"": ""MPC Controller"", ""weight_comfort"": 545.9678674539158, ""weight_trajectory"": 2724.192795276505, ""weight_goal"": 1000.0, ""Q"": [[2724.192795276505, 0.0, 0.0, 0.0], [0.0, 0.0, 0.0, 0.0], [0.0, 0.0, 2724.192795276505, 0.0], [0.0, 0.0, 0.0, 0.0]], ""R"": [[545.9678674539158, 0.0], [0.0, 545.9678674539158]], ""P"": [[1000.0, 0.0, 0.0, 0.0], [0.0, 100000.0, 0.0, 0.0], [0.0, 0.0, 1000.0, 0.0], [0.0, 0.0, 0.0, 100000.0]]}","[-0.6827336023692874, -0.3673837774424155, 0.0]",False
3,P01,c0150e75-d12d-467e-96b2-81d06399c7ad,32,1,haply,mpc,seeded_random,3975743691,persist_session,10.0,35.878749980926514,4245.27611377,0,1785827234.0735264,289.0,True,aggressive,adaptive,0.0,-0.15,0.0,0.096,-0.022,0.0,0.0835244279999999,-0.0609758799999999,0.0,0.0600964,-0.14272285,0.16333899,0.047753062,0.09052898,0.0973235,"[5.359146752826344, -0.19336517029658307, 0.0, 0.0, 0.0, 0.0, 1.5822536338533246, 0.654077271421514]","[0.044011440286514186, 0.17226904021285533, 0.0]","{""Controller Type"": ""MPC Controller"", ""weight_comfort"": 545.9678674539158, ""weight_trajectory"": 2724.192795276505, ""weight_goal"": 1000.0, ""Q"": [[2724.192795276505, 0.0, 0.0, 0.0], [0.0, 0.0, 0.0, 0.0], [0.0, 0.0, 2724.192795276505, 0.0], [0.0, 0.0, 0.0, 0.0]], ""R"": [[545.9678674539158, 0.0], [0.0, 545.9678674539158]], ""P"": [[1000.0, 0.0, 0.0, 0.0], [0.0, 100000.0, 0.0, 0.0], [0.0, 0.0, 1000.0, 0.0], [0.0, 0.0, 0.0, 100000.0]]}","[-0.7414748558622198, -0.2140646486817292, 0.0]",False
3,P01,c0150e75-d12d-467e-96b2-81d06399c7ad,32,1,haply,mpc,seeded_random,3975743691,persist_session,10.0,35.888658418655396,4245.286024477,0,1785827234.083332,290.0,True,aggressive,adaptive,0.0,-0.15,0.0,0.096,-0.022,0.0,0.08486337,-0.05931648,0.0,0.06048452,-0.14198317,0.16411649,0.04613203,0.08886051,0.0943887,"[5.299914309509388, -0.13169509588535988, 0.0, 0.0, 0.0, 0.0, 1.5868105297479667, 0.6437983159972497]","[0.04104053512218358, 0.1681631802551441, 0.0]","{""Controller Type"": ""MPC Controller"", ""weight_comfort"": 546.9974758231346, ""weight_trajectory"": 2718.015145061193, ""weight_goal"": 1000.0, ""Q"": [[2718.015145061193, 0.0, 0.0, 0.0], [0.0, 0.0, 0.0, 0.0], [0.0, 0.0, 2718.015145061193, 0.0], [0.0, 0.0, 0.0, 0.0]], ""R"": [[546.9974758231346, 0.0], [0.0, 546.9974758231346]], ""P"": [[1000.0, 0.0, 0.0, 0.0], [0.0, 100000.0, 0.0, 0.0], [0.0, 0.0, 1000.0, 0.0], [0.0, 0.0, 0.0, 100000.0]]}","[-0.9489907030241606, -0.2676487865093552, 0.0]",False
3,P01,c0150e75-d12d-467e-96b2-81d06399c7ad,32,1,haply,mpc,seeded_random,3975743691,persist_session,10.0,35.898705854415894,4245.296065699,0,1785827234.093468,291.0,True,aggressive,adaptive,0.0,-0.15,0.0,0.096,-0.022,0.0,0.08602773,-0.0577614799999999,0.0,0.060846202,-0.14114052,0.16490173,0.044673253,0.08739788,0.09177979,"[5.356870202634962, -0.19239402782600803, 0.0, 0.0, 0.0, 0.0, 1.6294671379063526, 0.5430557220054056]","[0.031318896909448016, 0.14158518833154635, 0.0]","{""Controller Type"": ""MPC Controller"", ""weight_comfort"": 546.9974758231346, ""weight_trajectory"": 2718.015145061193, ""weight_goal"": 1000.0, ""Q"": [[2718.015145061193, 0.0, 0.0, 0.0], [0.0, 0.0, 0.0, 0.0], [0.0, 0.0, 2718.015145061193, 0.0], [0.0, 0.0, 0.0, 0.0]], ""R"": [[546.9974758231346, 0.0], [0.0, 546.9974758231346]], ""P"": [[1000.0, 0.0, 0.0, 0.0], [0.0, 100000.0, 0.0, 0.0], [0.0, 0.0, 1000.0, 0.0], [0.0, 0.0, 0.0, 100000.0]]}","[-0.7914891532831473, -0.17603736429675312, 0.0]",False
3,P01,c0150e75-d12d-467e-96b2-81d06399c7ad,32,1,haply,mpc,seeded_random,3975743691,persist_session,10.0,35.90865792274475,4245.306022166,0,1785827234.1033192,292.0,True,aggressive,adaptive,0.0,-0.15,0.0,0.096,-0.022,0.0,0.087112776,-0.0561909999999999,0.0,0.061177194,-0.14047004,0.16570507,0.042901263,0.085503966,0.08885384,"[5.370029082217121, -0.20604164994005963, 0.0, 0.0, 0.0, 0.0, 1.6164432453015327, 0.5718093026482738]","[0.0250305352755558, 0.14642558866552408, 0.0]","{""Controller Type"": ""MPC Controller"", ""weight_comfort"": 546.9974758231346, ""weight_trajectory"": 2718.015145061193, ""weight_goal"": 1000.0, ""Q"": [[2718.015145061193, 0.0, 0.0, 0.0], [0.0, 0.0, 0.0, 0.0], [0.0, 0.0, 2718.015145061193, 0.0], [0.0, 0.0, 0.0, 0.0]], ""R"": [[546.9974758231346, 0.0], [0.0, 546.9974758231346]], ""P"": [[1000.0, 0.0, 0.0, 0.0], [0.0, 100000.0, 0.0, 0.0], [0.0, 0.0, 1000.0, 0.0], [0.0, 0.0, 0.0, 100000.0]]}","[-0.7831725426995685, -0.27988201683016434, 0.0]",False
3,P01,c0150e75-d12d-467e-96b2-81d06399c7ad,32,1,haply,mpc,seeded_random,3975743691,persist_session,10.0,35.91870321273804,4245.31606724,0,1785827234.1134417,293.0,True,aggressive,adaptive,0.0,-0.15,0.0,0.096,-0.022,0.0,0.0881057519999999,-0.0545843199999999,0.0,0.06149089,-0.13974135,0.1664683,0.041183323,0.08366852,0.08625273,"[5.3980703515746375, -0.23509751486825428, 0.0, 0.0, 0.0, 0.0, 1.6225215513512443, 0.5588013163884634]","[0.019551683602692754, 0.14156340830703806, 0.0]","{""Controller Type"": ""MPC Controller"", ""weight_comfort"": 546.2032564705536, ""weight_trajectory"": 7355.090644783175, ""weight_goal"": 9557.002473880757, ""Q"": [[7355.090644783175, 0.0, 0.0, 0.0], [0.0, 0.0, 0.0, 0.0], [0.0, 0.0, 7355.090644783175, 0.0], [0.0, 0.0, 0.0, 0.0]], ""R"": [[546.2032564705536, 0.0], [0.0, 546.2032564705536]], ""P"": [[9557.002473880757, 0.0, 0.0, 0.0], [0.0, 955700.2473880757, 0.0, 0.0], [0.0, 0.0, 9557.002473880757, 0.0], [0.0, 0.0, 0.0, 955700.2473880757]]}","[-0.7059581742517634, -0.32539640103954337, 0.0]",False
3,P01,c0150e75-d12d-467e-96b2-81d06399c7ad,32,1,haply,mpc,seeded_random,3975743691,persist_session,10.0,35.92869080543518,4245.32605196,0,1785827234.1233432,294.0,True,aggressive,adaptive,0.0,-0.15,0.0,0.096,-0.022,0.0,0.0890468399999999,-0.0530578599999999,0.0,0.06170736,-0.13916399,0.1673004,0.039281532,0.08171665,0.083819434,"[5.405613419940543, -0.2426743897812341, 0.0, 0.0, 0.0, 0.0, 1.6392696336453314, 0.523410891464742]","[0.014521164236231898, 0.1316034036605264, 0.0]","{""Controller Type"": ""MPC Controller"", ""weight_comfort"": 546.2032564705536, ""weight_trajectory"": 7355.090644783175, ""weight_goal"": 9557.002473880757, ""Q"": [[7355.090644783175, 0.0, 0.0, 0.0], [0.0, 0.0, 0.0, 0.0], [0.0, 0.0, 7355.090644783175, 0.0], [0.0, 0.0, 0.0, 0.0]], ""R"": [[546.2032564705536, 0.0], [0.0, 546.2032564705536]], ""P"": [[9557.002473880757, 0.0, 0.0, 0.0], [0.0, 955700.2473880757, 0.0, 0.0], [0.0, 0.0, 9557.002473880757, 0.0], [0.0, 0.0, 0.0, 955700.2473880757]]}","[-0.8791571451228534, -0.26040491711489594, 0.0]",False
3,P01,c0150e75-d12d-467e-96b2-81d06399c7ad,32,1,haply,mpc,seeded_random,3975743691,persist_session,10.0,35.9386752986908,4245.336041658,0,1785827234.1335142,295.0,True,aggressive,adaptive,0.0,-0.15,0.0,0.096,-0.022,0.0,0.08969625,-0.05139366,0.0,0.061934233,-0.1386358,0.16816266,0.03668574,0.07921102,0.082169145,"[5.447123491248669, -0.28952170462474225, 0.0, 0.0, 0.0, 0.0, 1.6136206622878095, 0.5740275817898075]","[0.01585146629585082, 0.14135437972218842, 0.0]","{""Controller Type"": ""MPC Controller"", ""weight_comfort"": 546.2032564705536, ""weight_trajectory"": 7355.090644783175, ""weight_goal"": 9557.002473880757, ""Q"": [[7355.090644783175, 0.0, 0.0, 0.0], [0.0, 0.0, 0.0, 0.0], [0.0, 0.0, 7355.090644783175, 0.0], [0.0, 0.0, 0.0, 0.0]], ""R"": [[546.2032564705536, 0.0], [0.0, 546.2032564705536]], ""P"": [[9557.002473880757, 0.0, 0.0, 0.0], [0.0, 955700.2473880757, 0.0, 0.0], [0.0, 0.0, 9557.002473880757, 0.0], [0.0, 0.0, 0.0, 955700.2473880757]]}","[-0.5716359552766213, -0.4305447521089291, 0.0]",False
3,P01,c0150e75-d12d-467e-96b2-81d06399c7ad,32,1,haply,mpc,seeded_random,3975743691,persist_session,10.0,35.94877661705017,4245.346125989,0,1785827234.143374,296.0,True,aggressive,adaptive,0.0,-0.15,0.0,0.096,-0.022,0.0,0.090376869,-0.04966914,0.0,0.06211765,-0.13821757,0.16893043,0.034154076,0.07522323,0.08166873,"[5.4388018386766115, -0.2808617030060657, 0.0, 0.0, 0.0, 0.0, 1.5767388579346246, 0.6424847874158719]","[0.011195297815201087, 0.15600026400279066, 0.0]","{""Controller Type"": ""MPC Controller"", ""weight_comfort"": 546.2032564705536, ""weight_trajectory"": 7355.090644783175, ""weight_goal"": 9557.002473880757, ""Q"": [[7355.090644783175, 0.0, 0.0, 0.0], [0.0, 0.0, 0.0, 0.0], [0.0, 0.0, 7355.090644783175, 0.0], [0.0, 0.0, 0.0, 0.0]], ""R"": [[546.2032564705536, 0.0], [0.0, 546.2032564705536]], ""P"": [[9557.002473880757, 0.0, 0.0, 0.0], [0.0, 955700.2473880757, 0.0, 0.0], [0.0, 0.0, 9557.002473880757, 0.0], [0.0, 0.0, 0.0, 955700.2473880757]]}","[-0.6472699823325885, -0.6223324417051284, 0.0]",False
3,P01,c0150e75-d12d-467e-96b2-81d06399c7ad,32,1,haply,mpc,seeded_random,3975743691,persist_session,10.0,35.95868386268616,4245.356027299,0,1785827234.153471,297.0,True,aggressive,adaptive,0.0,-0.15,0.0,0.096,-0.022,0.0,0.09092712,-0.0481336,0.0,0.06229349,-0.13775769,0.16982155,0.030798709,0.0706902,0.08136119,"[5.4560813353642645, -0.29983175710821974, 0.0, 0.0, 0.0, 0.0, 1.6494567646991412, 0.5021806005641793]","[0.011338312709539122, 0.11947708125249212, 0.0]","{""Controller Type"": ""MPC Controller"", ""weight_comfort"": 523.2844553153101, ""weight_trajectory"": 68375.43018104018, ""weight_goal"": 121803.85466211759, ""Q"": [[68375.43018104018, 0.0, 0.0, 0.0], [0.0, 0.0, 0.0, 0.0], [0.0, 0.0, 68375.43018104018, 0.0], [0.0, 0.0, 0.0, 0.0]], ""R"": [[523.2844553153101, 0.0], [0.0, 523.2844553153101]], ""P"": [[121803.85466211759, 0.0, 0.0, 0.0], [0.0, 12180385.466211759, 0.0, 0.0], [0.0, 0.0, 121803.85466211759, 0.0], [0.0, 0.0, 0.0, 12180385.466211759]]}","[-1.0163110362819199, -0.5056272565115152, 0.0]",False
3,P01,c0150e75-d12d-467e-96b2-81d06399c7ad,32,1,haply,mpc,seeded_random,3975743691,persist_session,10.0,35.968773021698,4245.366125607,0,1785827234.163346,298.0,True,aggressive,adaptive,0.0,-0.15,0.0,0.096,-0.022,0.0,0.09145464,-0.04635136,0.0,0.062367894,-0.1374327,0.17062198,0.027672043,0.065839,0.081391826,"[5.457525506881324, -0.30135915421246756, 0.0, 0.0, 0.0, 0.0, 1.5380613826986402, 0.6965773939961335]","[0.008707984804784123, 0.16317142175101973, 0.0]","{""Controller Type"": ""MPC Controller"", ""weight_comfort"": 523.2844553153101, ""weight_trajectory"": 68375.43018104018, ""weight_goal"": 121803.85466211759, ""Q"": [[68375.43018104018, 0.0, 0.0, 0.0], [0.0, 0.0, 0.0, 0.0], [0.0, 0.0, 68375.43018104018, 0.0], [0.0, 0.0, 0.0, 0.0]], ""R"": [[523.2844553153101, 0.0], [0.0, 523.2844553153101]], ""P"": [[121803.85466211759, 0.0, 0.0, 0.0], [0.0, 12180385.466211759, 0.0, 0.0], [0.0, 0.0, 121803.85466211759, 0.0], [0.0, 0.0, 0.0, 12180385.466211759]]}","[-0.9999966081127353, -1.02191888934655, 0.0]",False
3,P01,c0150e75-d12d-467e-96b2-81d06399c7ad,32,1,haply,mpc,seeded_random,3975743691,persist_session,10.0,35.97863139152527,4245.375991013,0,1785827234.1734974,299.0,True,aggressive,adaptive,0.0,-0.15,0.0,0.096,-0.022,0.0,0.091677852,-0.0447504999999999,0.0,0.06248647,-0.1370272,0.17138124,0.024304206,0.060705412,0.081518,"[5.462811042116335, -0.31534417939366305, 0.0, 0.0, 0.0, 0.0, 1.61945301886042, 0.5510636660269517]","[0.01667718690495172, 0.12374536704273822, 0.0]","{""Controller Type"": ""MPC Controller"", ""weight_comfort"": 483.3534707973459, ""weight_trajectory"": 180285.53058216406, ""weight_goal"": 328324.9308949944, ""Q"": [[180285.53058216406, 0.0, 0.0, 0.0], [0.0, 0.0, 0.0, 0.0], [0.0, 0.0, 180285.53058216406, 0.0], [0.0, 0.0, 0.0, 0.0]], ""R"": [[483.3534707973459, 0.0], [0.0, 483.3534707973459]], ""P"": [[328324.9308949944, 0.0, 0.0, 0.0], [0.0, 32832493.08949944, 0.0, 0.0], [0.0, 0.0, 328324.9308949944, 0.0], [0.0, 0.0, 0.0, 32832493.08949944]]}","[-0.5280234448944963, -0.8002951437095674, 0.0]",False
3,P01,c0150e75-d12d-467e-96b2-81d06399c7ad,32,1,haply,mpc,seeded_random,3975743691,persist_session,10.0,35.98868121147156,4245.386039471,0,1785827234.1833415,300.0,True,aggressive,adaptive,0.0,-0.15,0.0,0.096,-0.022,0.0,0.09203358,-0.04323198,0.0,0.06253092,-0.13659003,0.17210324,0.021645755,0.05700392,0.08094261,"[5.452702000655705, -0.3032523509894524, 0.0, 0.0, 0.0, 0.0, 1.6353262454469948, 0.5231748780575366]","[0.01066929066947749, 0.11542481971318393, 0.0]","{""Controller Type"": ""MPC Controller"", ""weight_comfort"": 483.3534707973459, ""weight_trajectory"": 180285.53058216406, ""weight_goal"": 328324.9308949944, ""Q"": [[180285.53058216406, 0.0, 0.0, 0.0], [0.0, 0.0, 0.0, 0.0], [0.0, 0.0, 180285.53058216406, 0.0], [0.0, 0.0, 0.0, 0.0]], ""R"": [[483.3534707973459, 0.0], [0.0, 483.3534707973459]], ""P"": [[328324.9308949944, 0.0, 0.0, 0.0], [0.0, 32832493.08949944, 0.0, 0.0], [0.0, 0.0, 328324.9308949944, 0.0], [0.0, 0.0, 0.0, 32832493.08949944]]}","[-0.996064685594316, -1.0032069271246051, 0.0]",False
3,P01,c0150e75-d12d-467e-96b2-81d06399c7ad,32,1,haply,mpc,seeded_random,3975743691,persist_session,10.0,35.99883140563965,4245.396176533,0,1785827234.193416,301.0,True,aggressive,adaptive,0.0,-0.15,0.0,0.096,-0.022,0.0,0.09216693,-0.04178798,0.0,0.062629096,-0.1361198,0.17273885,0.019235719,0.054106936,0.07998612,"[5.451182768002359, -0.30847796364177654, 0.0, 0.0, 0.0, 0.0, 1.6725158561336695, 0.45776287363330626]","[0.016811581010402008, 0.09870865943851738, 0.0]","{""Controller Type"": ""MPC Controller"", ""weight_comfort"": 483.3534707973459, ""weight_trajectory"": 180285.53058216406, ""weight_goal"": 328324.9308949944, ""Q"": [[180285.53058216406, 0.0, 0.0, 0.0], [0.0, 0.0, 0.0, 0.0], [0.0, 0.0, 180285.53058216406, 0.0], [0.0, 0.0, 0.0, 0.0]], ""R"": [[483.3534707973459, 0.0], [0.0, 483.3534707973459]], ""P"": [[328324.9308949944, 0.0, 0.0, 0.0], [0.0, 32832493.08949944, 0.0, 0.0], [0.0, 0.0, 328324.9308949944, 0.0], [0.0, 0.0, 0.0, 32832493.08949944]]}","[-0.59053605005072, -0.933311886678606, 0.0]",False
3,P01,c0150e75-d12d-467e-96b2-81d06399c7ad,32,1,haply,mpc,seeded_random,3975743691,persist_session,10.0,36.00876893043518,4245.406119556,0,1785827234.2034135,302.0,True,aggressive,adaptive,0.0,-0.15,0.0,0.096,-0.022,0.0,0.0924614579999999,-0.0405167599999999,0.0,0.06277407,-0.13557647,0.17341308,0.01693901,0.051376116,0.078644335,"[5.44252684062518, -0.29748868217991964, 0.0, 0.0, 0.0, 0.0, 1.7183369723675754, 0.37551719986462473]","[0.010494637301322936, 0.07956596032653293, 0.0]","{""Controller Type"": ""MPC Controller"", ""weight_comfort"": 436.53608015086405, ""weight_trajectory"": 311658.37830742495, ""weight_goal"": 572720.2217902532, ""Q"": [[311658.37830742495, 0.0, 0.0, 0.0], [0.0, 0.0, 0.0, 0.0], [0.0, 0.0, 311658.37830742495, 0.0], [0.0, 0.0, 0.0, 0.0]], ""R"": [[436.53608015086405, 0.0], [0.0, 436.53608015086405]], ""P"": [[572720.2217902532, 0.0, 0.0, 0.0], [0.0, 57272022.17902532, 0.0, 0.0], [0.0, 0.0, 572720.2217902532, 0.0], [0.0, 0.0, 0.0, 57272022.17902532]]}","[-0.8283292294971913, -0.7608189798586801, 0.0]",False
3,P01,c0150e75-d12d-467e-96b2-81d06399c7ad,32,1,haply,mpc,seeded_random,3975743691,persist_session,10.0,36.0186461353302,4245.415994482,0,1785827234.21338,303.0,True,aggressive,adaptive,0.0,-0.15,0.0,0.096,-0.022,0.0,0.09289638,-0.0391682999999999,0.0,0.06277306,-0.13497551,0.17401521,0.01496235,0.05064913,0.076096825,"[5.427076540207544, -0.28210494829306215, 0.0, 0.0, 0.0, 0.0, 1.6959943052151238, 0.4136916167224102]","[0.004532821607360642, 0.08509021629016023, 0.0]","{""Controller Type"": ""MPC Controller"", ""weight_comfort"": 436.53608015086405, ""weight_trajectory"": 311658.37830742495, ""weight_goal"": 572720.2217902532, ""Q"": [[311658.37830742495, 0.0, 0.0, 0.0], [0.0, 0.0, 0.0, 0.0], [0.0, 0.0, 311658.37830742495, 0.0], [0.0, 0.0, 0.0, 0.0]], ""R"": [[436.53608015086405, 0.0], [0.0, 436.53608015086405]], ""P"": [[572720.2217902532, 0.0, 0.0, 0.0], [0.0, 57272022.17902532, 0.0, 0.0], [0.0, 0.0, 572720.2217902532, 0.0], [0.0, 0.0, 0.0, 57272022.17902532]]}","[-1.2050765640015348, -1.077898382518006, 0.0]",False
3,P01,c0150e75-d12d-467e-96b2-81d06399c7ad,32,1,haply,mpc,seeded_random,3975743691,persist_session,10.0,36.02867449760437,4245.426036797,0,1785827234.2234745,304.0,True,aggressive,adaptive,0.0,-0.15,0.0,0.096,-0.022,0.0,0.09289335,-0.0379640399999999,0.0,0.06284913,-0.13444185,0.17452411,0.013249122,0.05086565,0.07344947,"[5.40796780116298, -0.277028720011828, 0.0, 0.0, 0.0, 0.0, 1.7391796984395078, 0.33857473471845884]","[0.016883817856306417, 0.0681562188382641, 0.0]","{""Controller Type"": ""MPC Controller"", ""weight_comfort"": 436.53608015086405, ""weight_trajectory"": 311658.37830742495, ""weight_goal"": 572720.2217902532, ""Q"": [[311658.37830742495, 0.0, 0.0, 0.0], [0.0, 0.0, 0.0, 0.0], [0.0, 0.0, 311658.37830742495, 0.0], [0.0, 0.0, 0.0, 0.0]], ""R"": [[436.53608015086405, 0.0], [0.0, 436.53608015086405]], ""P"": [[572720.2217902532, 0.0, 0.0, 0.0], [0.0, 57272022.17902532, 0.0, 0.0], [0.0, 0.0, 572720.2217902532, 0.0], [0.0, 0.0, 0.0, 57272022.17902532]]}","[-0.41488582031709104, -0.9038642649189038, 0.0]",False
3,P01,c0150e75-d12d-467e-96b2-81d06399c7ad,32,1,haply,mpc,seeded_random,3975743691,persist_session,10.0,36.03860010147095,4245.435964348,0,1785827234.2335982,305.0,True,aggressive,adaptive,0.0,-0.15,0.0,0.096,-0.022,0.0,0.09312156,-0.0369462399999999,0.0,0.06286574,-0.13393116,0.1750323,0.011911997,0.051000576,0.070603915,"[5.399245736913865, -0.2654170591741982, 0.0, 0.0, 0.0, 0.0, 1.7788313122049013, 0.26676029026126213]","[0.009558491249894163, 0.05340523938387218, 0.0]","{""Controller Type"": ""MPC Controller"", ""weight_comfort"": 385.5845893394703, ""weight_trajectory"": 451686.8672700721, ""weight_goal"": 833653.1698281069, ""Q"": [[451686.8672700721, 0.0, 0.0, 0.0], [0.0, 0.0, 0.0, 0.0], [0.0, 0.0, 451686.8672700721, 0.0], [0.0, 0.0, 0.0, 0.0]], ""R"": [[385.5845893394703, 0.0], [0.0, 385.5845893394703]], ""P"": [[833653.1698281069, 0.0, 0.0, 0.0], [0.0, 83365316.98281069, 0.0, 0.0], [0.0, 0.0, 833653.1698281069, 0.0], [0.0, 0.0, 0.0, 83365316.98281069]]}","[-0.7726886044945477, -0.6584757926592568, 0.0]",False
3,P01,c0150e75-d12d-467e-96b2-81d06399c7ad,32,1,haply,mpc,seeded_random,3975743691,persist_session,10.0,36.048658742904664,4245.446020183,0,1785827234.2436392,306.0,True,aggressive,adaptive,0.0,-0.15,0.0,0.096,-0.022,0.0,0.09317139,-0.0359298599999999,0.0,0.062928475,-0.133348,0.17557795,0.010253325,0.052488063,0.06670642,"[5.395422777303328, -0.2660781766121788, 0.0, 0.0, 0.0, 0.0, 1.7784660611103411, 0.2674019865372029]","[0.013941092925525297, 0.051841014875438726, 0.0]","{""Controller Type"": ""MPC Controller"", ""weight_comfort"": 385.5845893394703, ""weight_trajectory"": 451686.8672700721, ""weight_goal"": 833653.1698281069, ""Q"": [[451686.8672700721, 0.0, 0.0, 0.0], [0.0, 0.0, 0.0, 0.0], [0.0, 0.0, 451686.8672700721, 0.0], [0.0, 0.0, 0.0, 0.0]], ""R"": [[385.5845893394703, 0.0], [0.0, 385.5845893394703]], ""P"": [[833653.1698281069, 0.0, 0.0, 0.0], [0.0, 83365316.98281069, 0.0, 0.0], [0.0, 0.0, 833653.1698281069, 0.0], [0.0, 0.0, 0.0, 83365316.98281069]]}","[-0.5134285376910027, -0.806566738067883, 0.0]",False
3,P01,c0150e75-d12d-467e-96b2-81d06399c7ad,32,1,haply,mpc,seeded_random,3975743691,persist_session,10.0,36.05860914230347,4245.455975916,0,1785827234.253581,307.0,True,aggressive,adaptive,0.0,-0.15,0.0,0.096,-0.022,0.0,0.0933595949999999,-0.0348385599999999,0.0,0.06294252,-0.13283464,0.17607975,0.008926493,0.05350697,0.06359657,"[5.391292770168865, -0.26011729357341756, 0.0, 0.0, 0.0, 0.0, 1.758186182478313, 0.3011826805324741]","[0.009311008128634887, 0.05563300239927904, 0.0]","{""Controller Type"": ""MPC Controller"", ""weight_comfort"": 385.5845893394703, ""weight_trajectory"": 451686.8672700721, ""weight_goal"": 833653.1698281069, ""Q"": [[451686.8672700721, 0.0, 0.0, 0.0], [0.0, 0.0, 0.0, 0.0], [0.0, 0.0, 451686.8672700721, 0.0], [0.0, 0.0, 0.0, 0.0]], ""R"": [[385.5845893394703, 0.0], [0.0, 385.5845893394703]], ""P"": [[833653.1698281069, 0.0, 0.0, 0.0], [0.0, 83365316.98281069, 0.0, 0.0], [0.0, 0.0, 833653.1698281069, 0.0], [0.0, 0.0, 0.0, 83365316.98281069]]}","[-0.7170661402774025, -1.0291698234907538, 0.0]",False
3,P01,c0150e75-d12d-467e-96b2-81d06399c7ad,32,1,haply,mpc,seeded_random,3975743691,persist_session,10.0,36.068688287734986,4245.466048187,0,1785827234.2635648,308.0,True,aggressive,adaptive,0.0,-0.15,0.0,0.096,-0.022,0.0,0.09340173,-0.0338349599999999,0.0,0.06286503,-0.132467,0.17657682,0.0077288332,0.053837888,0.06111565,"[5.388153687917784, -0.260491765659045, 0.0, 0.0, 0.0, 0.0, 1.7805476636517719, 0.2638629938226951]","[0.012900512637462731, 0.047597028186130715, 0.0]","{""Controller Type"": ""MPC Controller"", ""weight_comfort"": 336.0259289734371, ""weight_trajectory"": 586488.0825619969, ""weight_goal"": 1083585.3939219082, ""Q"": [[586488.0825619969, 0.0, 0.0, 0.0], [0.0, 0.0, 0.0, 0.0], [0.0, 0.0, 586488.0825619969, 0.0], [0.0, 0.0, 0.0, 0.0]], ""R"": [[336.0259289734371, 0.0], [0.0, 336.0259289734371]], ""P"": [[1083585.3939219082, 0.0, 0.0, 0.0], [0.0, 108358539.39219083, 0.0, 0.0], [0.0, 0.0, 1083585.3939219082, 0.0], [0.0, 0.0, 0.0, 108358539.39219083]]}","[-0.4150401418661641, -0.9459356061747282, 0.0]",False
3,P01,c0150e75-d12d-467e-96b2-81d06399c7ad,32,1,haply,mpc,seeded_random,3975743691,persist_session,10.0,36.07866014480591,4245.476020427,0,1785827234.2738314,309.0,True,aggressive,adaptive,0.0,-0.15,0.0,0.096,-0.022,0.0,0.09316926,-0.0328408199999999,0.0,0.06283375,-0.1320265,0.17711134,0.0061650937,0.05298726,0.058713768,"[5.388153687917784, -0.260491765659045, 0.0, 0.0, 0.0, 0.0, 1.7805476636517719, 0.2638629938226951]","[0.012900512637462731, 0.047597028186130715, 0.0]","{""Controller Type"": ""MPC Controller"", ""weight_comfort"": 336.0259289734371, ""weight_trajectory"": 586488.0825619969, ""weight_goal"": 1083585.3939219082, ""Q"": [[586488.0825619969, 0.0, 0.0, 0.0], [0.0, 0.0, 0.0, 0.0], [0.0, 0.0, 586488.0825619969, 0.0], [0.0, 0.0, 0.0, 0.0]], ""R"": [[336.0259289734371, 0.0], [0.0, 336.0259289734371]], ""P"": [[1083585.3939219082, 0.0, 0.0, 0.0], [0.0, 108358539.39219083, 0.0, 0.0], [0.0, 0.0, 1083585.3939219082, 0.0], [0.0, 0.0, 0.0, 108358539.39219083]]}","[0.09442000312551584, -1.016203576888946, 0.0]",False
3,P01,c0150e75-d12d-467e-96b2-81d06399c7ad,32,1,haply,mpc,seeded_random,3975743691,persist_session,10.0,36.088673725128174,4245.486032597,0,1785827234.283573,310.0,True,aggressive,adaptive,0.0,-0.15,0.0,0.096,-0.022,0.0,0.0930754199999999,-0.0317717799999999,0.0,0.06282585,-0.13168234,0.17763767,0.0046275416,0.05168053,0.056742013,"[5.377972640641319, -0.2547367195991473, 0.0, 0.0, 0.0, 0.0, 1.7784045162345095, 0.2672492710967257]","[0.019882788278328185, 0.04493620193562254, 0.0]","{""Controller Type"": ""MPC Controller"", ""weight_comfort"": 336.0259289734371, ""weight_trajectory"": 586488.0825619969, ""weight_goal"": 1083585.3939219082, ""Q"": [[586488.0825619969, 0.0, 0.0, 0.0], [0.0, 0.0, 0.0, 0.0], [0.0, 0.0, 586488.0825619969, 0.0], [0.0, 0.0, 0.0, 0.0]], ""R"": [[336.0259289734371, 0.0], [0.0, 336.0259289734371]], ""P"": [[1083585.3939219082, 0.0, 0.0, 0.0], [0.0, 108358539.39219083, 0.0, 0.0], [0.0, 0.0, 1083585.3939219082, 0.0], [0.0, 0.0, 0.0, 108358539.39219083]]}","[-0.06290926720409089, -1.33273863706628, 0.0]",False
3,P01,c0150e75-d12d-467e-96b2-81d06399c7ad,32,1,haply,mpc,seeded_random,3975743691,persist_session,10.0,36.098643436431885,4245.495993455,0,1785827234.2937548,311.0,True,aggressive,adaptive,0.0,-0.15,0.0,0.096,-0.022,0.0,0.09305172,-0.0307191199999999,0.0,0.06275746,-0.13135782,0.17808576,0.002984097,0.049767163,0.054916102,"[5.377972640641319, -0.2547367195991473, 0.0, 0.0, 0.0, 0.0, 1.7784045162345095, 0.2672492710967257]","[0.019882788278328185, 0.04493620193562254, 0.0]","{""Controller Type"": ""MPC Controller"", ""weight_comfort"": 336.0259289734371, ""weight_trajectory"": 586488.0825619969, ""weight_goal"": 1083585.3939219082, ""Q"": [[586488.0825619969, 0.0, 0.0, 0.0], [0.0, 0.0, 0.0, 0.0], [0.0, 0.0, 586488.0825619969, 0.0], [0.0, 0.0, 0.0, 0.0]], ""R"": [[336.0259289734371, 0.0], [0.0, 336.0259289734371]], ""P"": [[1083585.3939219082, 0.0, 0.0, 0.0], [0.0, 108358539.39219083, 0.0, 0.0], [0.0, 0.0, 1083585.3939219082, 0.0], [0.0, 0.0, 0.0, 108358539.39219083]]}","[-0.12857698616590302, -1.3048278058252087, 0.0]",False
3,P01,c0150e75-d12d-467e-96b2-81d06399c7ad,32,1,haply,mpc,seeded_random,3975743691,persist_session,10.0,36.10869993209839,4245.506058726,0,1785827234.3037927,312.0,True,aggressive,adaptive,0.0,-0.15,0.0,0.096,-0.022,0.0,0.09284655,-0.0298229399999999,0.0,0.062731944,-0.13095745,0.17849308,0.0017658224,0.047838233,0.053303424,"[5.38460487814871, -0.25700316419160446, 0.0, 0.0, 0.0, 0.0, 1.778841581078469, 0.26657461710380365]","[0.01647353859557451, 0.04306985135871171, 0.0]","{""Controller Type"": ""MPC Controller"", ""weight_comfort"": 336.0259289734371, ""weight_trajectory"": 586488.0825619969, ""weight_goal"": 1083585.3939219082, ""Q"": [[586488.0825619969, 0.0, 0.0, 0.0], [0.0, 0.0, 0.0, 0.0], [0.0, 0.0, 586488.0825619969, 0.0], [0.0, 0.0, 0.0, 0.0]], ""R"": [[336.0259289734371, 0.0], [0.0, 336.0259289734371]], ""P"": [[1083585.3939219082, 0.0, 0.0, 0.0], [0.0, 108358539.39219083, 0.0, 0.0], [0.0, 0.0, 1083585.3939219082, 0.0], [0.0, 0.0, 0.0, 108358539.39219083]]}","[0.26460871624819204, -1.1385651895220468, 0.0]",False
3,P01,c0150e75-d12d-467e-96b2-81d06399c7ad,32,1,haply,mpc,seeded_random,3975743691,persist_session,10.0,36.11866344451904,4245.516025993,0,1785827234.3137767,313.0,True,aggressive,adaptive,0.0,-0.15,0.0,0.096,-0.022,0.0,0.0927700019999999,-0.0290082999999999,0.0,0.06266278,-0.13063084,0.17893715,0.0005723635,0.045607004,0.051417775,"[5.363577451041854, -0.2447128534855808, 0.0, 0.0, 0.0, 0.0, 1.8108635725544535, 0.2167840923921479]","[0.021915590532202472, 0.033520682573336916, 0.0]","{""Controller Type"": ""MPC Controller"", ""weight_comfort"": 336.0259289734371, ""weight_trajectory"": 586488.0825619969, ""weight_goal"": 1083585.3939219082, ""Q"": [[586488.0825619969, 0.0, 0.0, 0.0], [0.0, 0.0, 0.0, 0.0], [0.0, 0.0, 586488.0825619969, 0.0], [0.0, 0.0, 0.0, 0.0]], ""R"": [[336.0259289734371, 0.0], [0.0, 336.0259289734371]], ""P"": [[1083585.3939219082, 0.0, 0.0, 0.0], [0.0, 108358539.39219083, 0.0, 0.0], [0.0, 0.0, 1083585.3939219082, 0.0], [0.0, 0.0, 0.0, 108358539.39219083]]}","[0.09496151393898151, -1.0715781512087945, 0.0]",False
3,P01,c0150e75-d12d-467e-96b2-81d06399c7ad,32,1,haply,mpc,seeded_random,3975743691,persist_session,10.0,36.12866438865662,4245.526022723,0,1785827234.323758,314.0,True,aggressive,adaptive,0.0,-0.15,0.0,0.096,-0.022,0.0,0.09256251,-0.02812016,0.0,0.062590554,-0.13030063,0.17930166,-0.00025085703,0.04347495,0.04949551,"[5.372595944796927, -0.2487994386847368, 0.0, 0.0, 0.0, 0.0, 1.8271538431746595, 0.19155213420088352]","[0.01926103306207794, 0.028434827013870352, 0.0]","{""Controller Type"": ""MPC Controller"", ""weight_comfort"": 261.1853114691496, ""weight_trajectory"": 789891.3836759805, ""weight_goal"": 1462148.0567282042, ""Q"": [[789891.3836759805, 0.0, 0.0, 0.0], [0.0, 0.0, 0.0, 0.0], [0.0, 0.0, 789891.3836759805, 0.0], [0.0, 0.0, 0.0, 0.0]], ""R"": [[261.1853114691496, 0.0], [0.0, 261.1853114691496]], ""P"": [[1462148.0567282042, 0.0, 0.0, 0.0], [0.0, 146214805.67282042, 0.0, 0.0], [0.0, 0.0, 1462148.0567282042, 0.0], [0.0, 0.0, 0.0, 146214805.67282042]]}","[0.388728772408389, -1.3342036348868973, 0.0]",False
3,P01,c0150e75-d12d-467e-96b2-81d06399c7ad,32,1,haply,mpc,seeded_random,3975743691,persist_session,10.0,36.13864625930786,4245.535986367,0,1785827234.3337698,315.0,True,aggressive,adaptive,0.0,-0.15,0.0,0.096,-0.022,0.0,0.092345832,-0.0273911399999999,0.0,0.06252884,-0.1300173,0.17962392,-0.00072133064,0.041501243,0.04768422,"[5.356472646141425, -0.23951703410819736, 0.0, 0.0, 0.0, 0.0, 1.810557769976971, 0.21632659652651381]","[0.023391991049235273, 0.0303300077615586, 0.0]","{""Controller Type"": ""MPC Controller"", ""weight_comfort"": 261.1853114691496, ""weight_trajectory"": 789891.3836759805, ""weight_goal"": 1462148.0567282042, ""Q"": [[789891.3836759805, 0.0, 0.0, 0.0], [0.0, 0.0, 0.0, 0.0], [0.0, 0.0, 789891.3836759805, 0.0], [0.0, 0.0, 0.0, 0.0]], ""R"": [[261.1853114691496, 0.0], [0.0, 261.1853114691496]], ""P"": [[1462148.0567282042, 0.0, 0.0, 0.0], [0.0, 146214805.67282042, 0.0, 0.0], [0.0, 0.0, 1462148.0567282042, 0.0], [0.0, 0.0, 0.0, 146214805.67282042]]}","[0.47445048060433803, -1.114042972926399, 0.0]",False
3,P01,c0150e75-d12d-467e-96b2-81d06399c7ad,32,1,haply,mpc,seeded_random,3975743691,persist_session,10.0,36.148753538131714,4245.546112487,0,1785827234.3434498,316.0,True,aggressive,adaptive,0.0,-0.15,0.0,0.096,-0.022,0.0,0.09216069,-0.02674662,0.0,0.06244277,-0.12963583,0.17994867,-0.0016304092,0.03942238,0.04543234,"[5.3563977719625, -0.23947517794986312, 0.0, 0.0, 0.0, 0.0, 1.8288601985362594, 0.1890465462199177]","[0.02545143404529163, 0.021867159215417098, 0.0]","{""Controller Type"": ""MPC Controller"", ""weight_comfort"": 226.29061924592438, ""weight_trajectory"": 884420.9191955271, ""weight_goal"": 1638628.7052623234, ""Q"": [[884420.9191955271, 0.0, 0.0, 0.0], [0.0, 0.0, 0.0, 0.0], [0.0, 0.0, 884420.9191955271, 0.0], [0.0, 0.0, 0.0, 0.0]], ""R"": [[226.29061924592438, 0.0], [0.0, 226.29061924592438]], ""P"": [[1638628.7052623234, 0.0, 0.0, 0.0], [0.0, 163862870.52623233, 0.0, 0.0], [0.0, 0.0, 1638628.7052623234, 0.0], [0.0, 0.0, 0.0, 163862870.52623233]]}","[0.4906102240145375, -1.0641183296618222, 0.0]",False
3,P01,c0150e75-d12d-467e-96b2-81d06399c7ad,32,1,haply,mpc,seeded_random,3975743691,persist_session,10.0,36.15901578903198,4245.556375848,0,1785827234.3536408,317.0,True,aggressive,adaptive,0.0,-0.15,0.0,0.096,-0.022,0.0,0.09190248,-0.0260971199999999,0.0,0.062391557,-0.1293994,0.1802279,-0.003109597,0.03723965,0.04318139,"[5.3563977719625, -0.23947517794986312, 0.0, 0.0, 0.0, 0.0, 1.8288601985362594, 0.1890465462199177]","[0.02545143404529163, 0.021867159215417098, 0.0]","{""Controller Type"": ""MPC Controller"", ""weight_comfort"": 226.29061924592438, ""weight_trajectory"": 884420.9191955271, ""weight_goal"": 1638628.7052623234, ""Q"": [[884420.9191955271, 0.0, 0.0, 0.0], [0.0, 0.0, 0.0, 0.0], [0.0, 0.0, 884420.9191955271, 0.0], [0.0, 0.0, 0.0, 0.0]], ""R"": [[226.29061924592438, 0.0], [0.0, 226.29061924592438]], ""P"": [[1638628.7052623234, 0.0, 0.0, 0.0], [0.0, 163862870.52623233, 0.0, 0.0], [0.0, 0.0, 1638628.7052623234, 0.0], [0.0, 0.0, 0.0, 163862870.52623233]]}","[0.4906102240145375, -1.0641183296618222, 0.0]",False
3,P01,c0150e75-d12d-467e-96b2-81d06399c7ad,32,1,haply,mpc,seeded_random,3975743691,persist_session,10.0,36.16876806259155,4245.566118272,0,1785827234.3634062,318.0,True,aggressive,adaptive,0.0,-0.15,0.0,0.096,-0.022,0.0,0.091748841,-0.0255386599999999,0.0,0.06234018,-0.12916242,0.18050633,-0.0040949094,0.035309073,0.040623818,"[5.35588057894536, -0.23919221603268065, 0.0, 0.0, 0.0, 0.0, 1.836690478117241, 0.17760321877742918]","[0.027705027128675706, 0.01724976478015114, 0.0]","{""Controller Type"": ""MPC Controller"", ""weight_comfort"": 226.29061924592438, ""weight_trajectory"": 884420.9191955271, ""weight_goal"": 1638628.7052623234, ""Q"": [[884420.9191955271, 0.0, 0.0, 0.0], [0.0, 0.0, 0.0, 0.0], [0.0, 0.0, 884420.9191955271, 0.0], [0.0, 0.0, 0.0, 0.0]], ""R"": [[226.29061924592438, 0.0], [0.0, 226.29061924592438]], ""P"": [[1638628.7052623234, 0.0, 0.0, 0.0], [0.0, 163862870.52623233, 0.0, 0.0], [0.0, 0.0, 1638628.7052623234, 0.0], [0.0, 0.0, 0.0, 163862870.52623233]]}","[0.5527714669678184, -1.0316407264468008, 0.0]",False
3,P01,c0150e75-d12d-467e-96b2-81d06399c7ad,32,1,haply,mpc,seeded_random,3975743691,persist_session,10.0,36.17871440887451,4245.576076174,0,1785827234.3736594,319.0,True,aggressive,adaptive,0.0,-0.15,0.0,0.096,-0.022,0.0,0.09159471,-0.0249818,0.0,0.062302075,-0.12897481,0.18082067,-0.0047513386,0.033570487,0.038392268,"[5.361803111682103, -0.24215439029940605, 0.0, 0.0, 0.0, 0.0, 1.845880551540709, 0.1642683845911359]","[0.02726048129094116, 0.014425609944297644, 0.0]","{""Controller Type"": ""MPC Controller"", ""weight_comfort"": 226.29061924592438, ""weight_trajectory"": 884420.9191955271, ""weight_goal"": 1638628.7052623234, ""Q"": [[884420.9191955271, 0.0, 0.0, 0.0], [0.0, 0.0, 0.0, 0.0], [0.0, 0.0, 884420.9191955271, 0.0], [0.0, 0.0, 0.0, 0.0]], ""R"": [[226.29061924592438, 0.0], [0.0, 226.29061924592438]], ""P"": [[1638628.7052623234, 0.0, 0.0, 0.0], [0.0, 163862870.52623233, 0.0, 0.0], [0.0, 0.0, 1638628.7052623234, 0.0], [0.0, 0.0, 0.0, 163862870.52623233]]}","[0.593693296079789, -1.0332148913130774, 0.0]",False
3,P01,c0150e75-d12d-467e-96b2-81d06399c7ad,32,1,haply,mpc,seeded_random,3975743691,persist_session,10.0,36.18867172241211,4245.586026409,0,1785827234.3834796,320.0,True,aggressive,adaptive,0.0,-0.15,0.0,0.096,-0.022,0.0,0.0914803949999999,-0.02435312,0.0,0.062306352,-0.12871292,0.18109512,-0.0050086747,0.03151821,0.036360357,"[5.3651067851945475, -0.24368530918569922, 0.0, 0.0, 0.0, 0.0, 1.8280641037873278, 0.1892274954810941]","[0.027084849190296214, 0.01641579291748274, 0.0]","{""Controller Type"": ""MPC Controller"", ""weight_comfort"": 226.29061924592438, ""weight_trajectory"": 884420.9191955271, ""weight_goal"": 1638628.7052623234, ""Q"": [[884420.9191955271, 0.0, 0.0, 0.0], [0.0, 0.0, 0.0, 0.0], [0.0, 0.0, 884420.9191955271, 0.0], [0.0, 0.0, 0.0, 0.0]], ""R"": [[226.29061924592438, 0.0], [0.0, 226.29061924592438]], ""P"": [[1638628.7052623234, 0.0, 0.0, 0.0], [0.0, 163862870.52623233, 0.0, 0.0], [0.0, 0.0, 1638628.7052623234, 0.0], [0.0, 0.0, 0.0, 163862870.52623233]]}","[0.593693296079789, -1.0332148913130774, 0.0]",False
3,P01,c0150e75-d12d-467e-96b2-81d06399c7ad,32,1,haply,mpc,seeded_random,3975743691,persist_session,10.0,36.198515548706055,4245.595869163,0,1785827234.3936794,321.0,True,aggressive,adaptive,0.0,-0.15,0.0,0.096,-0.022,0.0,0.091493226,-0.0238042199999999,0.0,0.062334597,-0.12854823,0.18136601,-0.004804932,0.029536556,0.034551635,"[5.372343149469893, -0.24522037942958105, 0.0, 0.0, 0.0, 0.0, 1.8437908701593844, 0.16732839300393915]","[0.023903457117287245, 0.012331358172379847, 0.0]","{""Controller Type"": ""MPC Controller"", ""weight_comfort"": 186.97582668662324, ""weight_trajectory"": 991030.7932604667, ""weight_goal"": 1836769.8568877527, ""Q"": [[991030.7932604667, 0.0, 0.0, 0.0], [0.0, 0.0, 0.0, 0.0], [0.0, 0.0, 991030.7932604667, 0.0], [0.0, 0.0, 0.0, 0.0]], ""R"": [[186.97582668662324, 0.0], [0.0, 186.97582668662324]], ""P"": [[1836769.8568877527, 0.0, 0.0, 0.0], [0.0, 183676985.68877527, 0.0, 0.0], [0.0, 0.0, 1836769.8568877527, 0.0], [0.0, 0.0, 0.0, 183676985.68877527]]}","[0.3869226192094235, -1.1392206695266465, 0.0]",False
3,P01,c0150e75-d12d-467e-96b2-81d06399c7ad,32,1,haply,mpc,seeded_random,3975743691,persist_session,10.0,36.20884741783142,4245.606190338,0,1785827234.4034808,322.0,True,aggressive,adaptive,0.0,-0.15,0.0,0.096,-0.022,0.0,0.0915779609999999,-0.0232624399999999,0.0,0.062415875,-0.12835738,0.18155761,-0.004327865,0.02762474,0.032763604,"[5.374625950842431, -0.244605979826081, 0.0, 0.0, 0.0, 0.0, 1.8415391039702427, 0.17040329258596887]","[0.021652136892471214, 0.011744018752379248, 0.0]","{""Controller Type"": ""MPC Controller"", ""weight_comfort"": 186.97582668662324, ""weight_trajectory"": 991030.7932604667, ""weight_goal"": 1836769.8568877527, ""Q"": [[991030.7932604667, 0.0, 0.0, 0.0], [0.0, 0.0, 0.0, 0.0], [0.0, 0.0, 991030.7932604667, 0.0], [0.0, 0.0, 0.0, 0.0]], ""R"": [[186.97582668662324, 0.0], [0.0, 186.97582668662324]], ""P"": [[1836769.8568877527, 0.0, 0.0, 0.0], [0.0, 183676985.68877527, 0.0, 0.0], [0.0, 0.0, 1836769.8568877527, 0.0], [0.0, 0.0, 0.0, 183676985.68877527]]}","[0.2776013223360647, -1.2030935144980819, 0.0]",False
3,P01,c0150e75-d12d-467e-96b2-81d06399c7ad,32,1,haply,mpc,seeded_random,3975743691,persist_session,10.0,36.218598499298096,4245.615952337,0,1785827234.4135149,323.0,True,aggressive,adaptive,0.0,-0.15,0.0,0.096,-0.022,0.0,0.091821795,-0.0228792399999999,0.0,0.062485866,-0.12811828,0.18178834,-0.0036219768,0.02586155,0.030950766,"[5.370400080471042, -0.23647089121432854, 0.0, 0.0, 0.0, 0.0, 1.860898707376808, 0.14395804329639625]","[0.016692254278732832, 0.007133910147533801, 0.0]","{""Controller Type"": ""MPC Controller"", ""weight_comfort"": 149.16108784146073, ""weight_trajectory"": 1092575.4238024761, ""weight_goal"": 2028103.3902839439, ""Q"": [[1092575.4238024761, 0.0, 0.0, 0.0], [0.0, 0.0, 0.0, 0.0], [0.0, 0.0, 1092575.4238024761, 0.0], [0.0, 0.0, 0.0, 0.0]], ""R"": [[149.16108784146073, 0.0], [0.0, 149.16108784146073]], ""P"": [[2028103.3902839439, 0.0, 0.0, 0.0], [0.0, 202810339.02839437, 0.0, 0.0], [0.0, 0.0, 2028103.3902839439, 0.0], [0.0, 0.0, 0.0, 202810339.02839437]]}","[-0.01207732156215119, -0.9047367178504242, 0.0]",False
3,P01,c0150e75-d12d-467e-96b2-81d06399c7ad,32,1,haply,mpc,seeded_random,3975743691,persist_session,10.0,36.228852882385254,4245.62620182,0,1785827234.423463,324.0,True,aggressive,adaptive,0.0,-0.15,0.0,0.096,-0.022,0.0,0.092031768,-0.0224177799999999,0.0,0.06254196,-0.12782954,0.18198147,-0.0029468716,0.024615612,0.029557863,"[5.371043201007706, -0.2379762006260559, 0.0, 0.0, 0.0, 0.0, 1.8492716617757237, 0.15945418667144837]","[0.01629069640623078, 0.008169035539225373, 0.0]","{""Controller Type"": ""MPC Controller"", ""weight_comfort"": 149.16108784146073, ""weight_trajectory"": 1092575.4238024761, ""weight_goal"": 2028103.3902839439, ""Q"": [[1092575.4238024761, 0.0, 0.0, 0.0], [0.0, 0.0, 0.0, 0.0], [0.0, 0.0, 1092575.4238024761, 0.0], [0.0, 0.0, 0.0, 0.0]], ""R"": [[149.16108784146073, 0.0], [0.0, 149.16108784146073]], ""P"": [[2028103.3902839439, 0.0, 0.0, 0.0], [0.0, 202810339.02839437, 0.0, 0.0], [0.0, 0.0, 2028103.3902839439, 0.0], [0.0, 0.0, 0.0, 202810339.02839437]]}","[0.05270142671966336, -1.0886828625242029, 0.0]",False
3,P01,c0150e75-d12d-467e-96b2-81d06399c7ad,32,1,haply,mpc,seeded_random,3975743691,persist_session,10.0,36.23888792037964,4245.636239438,0,1785827234.4333954,325.0,True,aggressive,adaptive,0.0,-0.15,0.0,0.096,-0.022,0.0,0.0922000499999999,-0.0220315199999999,0.0,0.06260868,-0.12758869,0.1821347,-0.0015518769,0.023520432,0.028256387,"[5.371336183231738, -0.23944316515509884, 0.0, 0.0, 0.0, 0.0, 1.8585468891334576, 0.14726312324614746]","[0.016353938161132724, 0.0057855500649071235, 0.0]","{""Controller Type"": ""MPC Controller"", ""weight_comfort"": 149.16108784146073, ""weight_trajectory"": 1092575.4238024761, ""weight_goal"": 2028103.3902839439, ""Q"": [[1092575.4238024761, 0.0, 0.0, 0.0], [0.0, 0.0, 0.0, 0.0], [0.0, 0.0, 1092575.4238024761, 0.0], [0.0, 0.0, 0.0, 0.0]], ""R"": [[149.16108784146073, 0.0], [0.0, 149.16108784146073]], ""P"": [[2028103.3902839439, 0.0, 0.0, 0.0], [0.0, 202810339.02839437, 0.0, 0.0], [0.0, 0.0, 2028103.3902839439, 0.0], [0.0, 0.0, 0.0, 202810339.02839437]]}","[0.13550304530197477, -0.9698184736740454, 0.0]",False
3,P01,c0150e75-d12d-467e-96b2-81d06399c7ad,32,1,haply,mpc,seeded_random,3975743691,persist_session,10.0,36.248691930770875,4245.646037603,0,1785827234.443529,326.0,True,aggressive,adaptive,0.0,-0.15,0.0,0.096,-0.022,0.0,0.09240021,-0.0217250599999999,0.0,0.0626997,-0.12744509,0.18228531,0.000586892,0.023246048,0.026302535,"[5.370824964120742, -0.23833395882665434, 0.0, 0.0, 0.0, 0.0, 1.8668729457394708, 0.13649683130918283]","[0.014626198805798532, 0.0036146934162437014, 0.0]","{""Controller Type"": ""MPC Controller"", ""weight_comfort"": 149.16108784146073, ""weight_trajectory"": 1092575.4238024761, ""weight_goal"": 2028103.3902839439, ""Q"": [[1092575.4238024761, 0.0, 0.0, 0.0], [0.0, 0.0, 0.0, 0.0], [0.0, 0.0, 1092575.4238024761, 0.0], [0.0, 0.0, 0.0, 0.0]], ""R"": [[149.16108784146073, 0.0], [0.0, 149.16108784146073]], ""P"": [[2028103.3902839439, 0.0, 0.0, 0.0], [0.0, 202810339.02839437, 0.0, 0.0], [0.0, 0.0, 2028103.3902839439, 0.0], [0.0, 0.0, 0.0, 202810339.02839437]]}","[0.08079635598240127, -0.8213282899707356, 0.0]",False
3,P01,c0150e75-d12d-467e-96b2-81d06399c7ad,32,1,haply,mpc,seeded_random,3975743691,persist_session,10.0,36.25870050430298,4245.656061362,0,1785827234.4534595,327.0,True,aggressive,adaptive,0.0,-0.15,0.0,0.096,-0.022,0.0,0.0926732699999999,-0.0214238399999999,0.0,0.06284346,-0.12727597,0.18235742,0.0023236382,0.022719124,0.02424374,"[5.3669282262569356, -0.23335413558946258, 0.0, 0.0, 0.0, 0.0, 1.8668136102572936, 0.136572351609711]","[0.011437983543958825, 0.003066894663874911, 0.0]","{""Controller Type"": ""MPC Controller"", ""weight_comfort"": 112.759953307739, ""weight_trajectory"": 1190899.1799434454, ""weight_goal"": 2211381.1416880023, ""Q"": [[1190899.1799434454, 0.0, 0.0, 0.0], [0.0, 0.0, 0.0, 0.0], [0.0, 0.0, 1190899.1799434454, 0.0], [0.0, 0.0, 0.0, 0.0]], ""R"": [[112.759953307739, 0.0], [0.0, 112.759953307739]], ""P"": [[2211381.1416880023, 0.0, 0.0, 0.0], [0.0, 221138114.16880023, 0.0, 0.0], [0.0, 0.0, 2211381.1416880023, 0.0], [0.0, 0.0, 0.0, 221138114.16880023]]}","[-0.07308732674865456, -0.8357128424029987, 0.0]",False
3,P01,c0150e75-d12d-467e-96b2-81d06399c7ad,32,1,haply,mpc,seeded_random,3975743691,persist_session,10.0,36.268658294677735,4245.666013732,0,1785827234.4634032,328.0,True,aggressive,adaptive,0.0,-0.15,0.0,0.096,-0.022,0.0,0.09310455,-0.02127962,0.0,0.062920384,-0.1270829,0.18247062,0.003846422,0.02201822,0.022256752,"[5.348946871973553, -0.21575330179056082, 0.0, 0.0, 0.0, 0.0, 1.874959958471741, 0.1266715272363634]","[0.006129713924533035, 0.00048655622432593843, 0.0]","{""Controller Type"": ""MPC Controller"", ""weight_comfort"": 112.759953307739, ""weight_trajectory"": 1190899.1799434454, ""weight_goal"": 2211381.1416880023, ""Q"": [[1190899.1799434454, 0.0, 0.0, 0.0], [0.0, 0.0, 0.0, 0.0], [0.0, 0.0, 1190899.1799434454, 0.0], [0.0, 0.0, 0.0, 0.0]], ""R"": [[112.759953307739, 0.0], [0.0, 112.759953307739]], ""P"": [[2211381.1416880023, 0.0, 0.0, 0.0], [0.0, 221138114.16880023, 0.0, 0.0], [0.0, 0.0, 2211381.1416880023, 0.0], [0.0, 0.0, 0.0, 221138114.16880023]]}","[-0.4083533980231779, -0.5245053498922441, 0.0]",False
3,P01,c0150e75-d12d-467e-96b2-81d06399c7ad,32,1,haply,mpc,seeded_random,3975743691,persist_session,10.0,36.27853740692139,4245.675903778,0,1785827234.4735546,329.0,True,aggressive,adaptive,0.0,-0.15,0.0,0.096,-0.022,0.0,0.0933353219999999,-0.0210532199999999,0.0,0.06300831,-0.12693785,0.1825446,0.005253081,0.020885376,0.02023376,"[5.357767137214671, -0.22677459141872675, 0.0, 0.0, 0.0, 0.0, 1.8690151283412086, 0.13397282092048995]","[0.009121445456205449, 0.0012183656430808133, 0.0]","{""Controller Type"": ""MPC Controller"", ""weight_comfort"": 80.29426606522568, ""weight_trajectory"": 1278710.5928647972, ""weight_goal"": 2374747.1105566085, ""Q"": [[1278710.5928647972, 0.0, 0.0, 0.0], [0.0, 0.0, 0.0, 0.0], [0.0, 0.0, 1278710.5928647972, 0.0], [0.0, 0.0, 0.0, 0.0]], ""R"": [[80.29426606522568, 0.0], [0.0, 80.29426606522568]], ""P"": [[2374747.1105566085, 0.0, 0.0, 0.0], [0.0, 237474711.05566084, 0.0, 0.0], [0.0, 0.0, 2374747.1105566085, 0.0], [0.0, 0.0, 0.0, 237474711.05566084]]}","[-0.03827599031064334, -0.6708251419763921, 0.0]",False
3,P01,c0150e75-d12d-467e-96b2-81d06399c7ad,32,1,haply,mpc,seeded_random,3975743691,persist_session,10.0,36.28858984947205,4245.685953904,0,1785827234.4834464,330.0,True,aggressive,adaptive,0.0,-0.15,0.0,0.096,-0.022,0.0,0.0935990999999999,-0.0209052599999999,0.0,0.06304091,-0.1268172,0.18262057,0.00589732,0.020311136,0.017902665,"[5.355387898277513, -0.22419830322181428, 0.0, 0.0, 0.0, 0.0, 1.8731391289091899, 0.12912188905838315]","[0.006879173766178855, -0.00011920520368329185, 0.0]","{""Controller Type"": ""MPC Controller"", ""weight_comfort"": 80.29426606522568, ""weight_trajectory"": 1278710.5928647972, ""weight_goal"": 2374747.1105566085, ""Q"": [[1278710.5928647972, 0.0, 0.0, 0.0], [0.0, 0.0, 0.0, 0.0], [0.0, 0.0, 1278710.5928647972, 0.0], [0.0, 0.0, 0.0, 0.0]], ""R"": [[80.29426606522568, 0.0], [0.0, 80.29426606522568]], ""P"": [[2374747.1105566085, 0.0, 0.0, 0.0], [0.0, 237474711.05566084, 0.0, 0.0], [0.0, 0.0, 2374747.1105566085, 0.0], [0.0, 0.0, 0.0, 237474711.05566084]]}","[-0.13176826049007942, -0.5321713594397243, 0.0]",False
3,P01,c0150e75-d12d-467e-96b2-81d06399c7ad,32,1,haply,mpc,seeded_random,3975743691,persist_session,10.0,36.29871858596802,4245.696083241,0,1785827234.4936178,331.0,True,aggressive,adaptive,0.0,-0.15,0.0,0.096,-0.022,0.0,0.0936969,-0.0207533199999999,0.0,0.06307339,-0.12669653,0.1826964,0.0063194106,0.019605432,0.015733743,"[5.355684924289745, -0.22735006161891652, 0.0, 0.0, 0.0, 0.0, 1.8731479614791773, 0.12911164007200798]","[0.010148665533290809, -0.0004065537034298769, 0.0]","{""Controller Type"": ""MPC Controller"", ""weight_comfort"": 80.29426606522568, ""weight_trajectory"": 1278710.5928647972, ""weight_goal"": 2374747.1105566085, ""Q"": [[1278710.5928647972, 0.0, 0.0, 0.0], [0.0, 0.0, 0.0, 0.0], [0.0, 0.0, 1278710.5928647972, 0.0], [0.0, 0.0, 0.0, 0.0]], ""R"": [[80.29426606522568, 0.0], [0.0, 80.29426606522568]], ""P"": [[2374747.1105566085, 0.0, 0.0, 0.0], [0.0, 237474711.05566084, 0.0, 0.0], [0.0, 0.0, 2374747.1105566085, 0.0], [0.0, 0.0, 0.0, 237474711.05566084]]}","[0.18406181267343377, -0.5369656455739117, 0.0]",False
3,P01,c0150e75-d12d-467e-96b2-81d06399c7ad,32,1,haply,mpc,seeded_random,3975743691,persist_session,10.0,36.308636083602906,4245.70600264,0,1785827234.5033927,332.0,True,aggressive,adaptive,0.0,-0.15,0.0,0.096,-0.022,0.0,0.0937943399999999,-0.0206016599999999,0.0,0.06316086,-0.1265514,0.18277003,0.0066483538,0.018683137,0.013862077,"[5.355673254255091, -0.2272967857801877, 0.0, 0.0, 0.0, 0.0, 1.8727914865300295, 0.12952172198203396]","[0.009547017028463967, -0.0006092423736783164, 0.0]","{""Controller Type"": ""MPC Controller"", ""weight_comfort"": 60.88983203383316, ""weight_trajectory"": 1331101.2033940963, ""weight_goal"": 2472407.872577299, ""Q"": [[1331101.2033940963, 0.0, 0.0, 0.0], [0.0, 0.0, 0.0, 0.0], [0.0, 0.0, 1331101.2033940963, 0.0], [0.0, 0.0, 0.0, 0.0]], ""R"": [[60.88983203383316, 0.0], [0.0, 60.88983203383316]], ""P"": [[2472407.872577299, 0.0, 0.0, 0.0], [0.0, 247240787.2577299, 0.0, 0.0], [0.0, 0.0, 2472407.872577299, 0.0], [0.0, 0.0, 0.0, 247240787.2577299]]}","[0.17642692880750036, -0.5528636920605839, 0.0]",False
3,P01,c0150e75-d12d-467e-96b2-81d06399c7ad,32,1,haply,mpc,seeded_random,3975743691,persist_session,10.0,36.31868542671204,4245.716047372,0,1785827234.5136347,333.0,True,aggressive,adaptive,0.0,-0.15,0.0,0.096,-0.022,0.0,0.09405675,-0.0204543999999999,0.0,0.0631817,-0.12638246,0.18288448,0.0067830742,0.017914165,0.012493613,"[5.345955513942231, -0.2174222933956686, 0.0, 0.0, 0.0, 0.0, 1.8734221108603122, 0.12881189917616373]","[0.004817949475995512, -0.0010434944835279617, 0.0]","{""Controller Type"": ""MPC Controller"", ""weight_comfort"": 60.88983203383316, ""weight_trajectory"": 1331101.2033940963, ""weight_goal"": 2472407.872577299, ""Q"": [[1331101.2033940963, 0.0, 0.0, 0.0], [0.0, 0.0, 0.0, 0.0], [0.0, 0.0, 1331101.2033940963, 0.0], [0.0, 0.0, 0.0, 0.0]], ""R"": [[60.88983203383316, 0.0], [0.0, 60.88983203383316]], ""P"": [[2472407.872577299, 0.0, 0.0, 0.0], [0.0, 247240787.2577299, 0.0, 0.0], [0.0, 0.0, 2472407.872577299, 0.0], [0.0, 0.0, 0.0, 247240787.2577299]]}","[-0.1413850618960333, -0.5350751103996465, 0.0]",False
3,P01,c0150e75-d12d-467e-96b2-81d06399c7ad,32,1,haply,mpc,seeded_random,3975743691,persist_session,10.0,36.32863940238953,4245.726006343,0,1785827234.5234697,334.0,True,aggressive,adaptive,0.0,-0.15,0.0,0.096,-0.022,0.0,0.0941192699999999,-0.0202255,0.0,0.06326876,-0.12623711,0.18295789,0.0068530887,0.017338574,0.01148273,"[5.345191345741855, -0.2196089198694803, 0.0, 0.0, 0.0, 0.0, 1.8655253355303238, 0.13806276436995352]","[0.008656832948940265, -9.710055237060816e-05, 0.0]","{""Controller Type"": ""MPC Controller"", ""weight_comfort"": 60.88983203383316, ""weight_trajectory"": 1331101.2033940963, ""weight_goal"": 2472407.872577299, ""Q"": [[1331101.2033940963, 0.0, 0.0, 0.0], [0.0, 0.0, 0.0, 0.0], [0.0, 0.0, 1331101.2033940963, 0.0], [0.0, 0.0, 0.0, 0.0]], ""R"": [[60.88983203383316, 0.0], [0.0, 60.88983203383316]], ""P"": [[2472407.872577299, 0.0, 0.0, 0.0], [0.0, 247240787.2577299, 0.0, 0.0], [0.0, 0.0, 2472407.872577299, 0.0], [0.0, 0.0, 0.0, 247240787.2577299]]}","[0.20670819500903412, -0.7403837971054201, 0.0]",False
3,P01,c0150e75-d12d-467e-96b2-81d06399c7ad,32,1,haply,mpc,seeded_random,3975743691,persist_session,10.0,36.33857478141785,4245.735935511,0,1785827234.5337112,335.0,True,aggressive,adaptive,0.0,-0.15,0.0,0.096,-0.022,0.0,0.0943804499999999,-0.0200786799999999,0.0,0.06341053,-0.12606722,0.1830291,0.006988481,0.01694747,0.010731911,"[5.332492866313322, -0.20733867444398907, 0.0, 0.0, 0.0, 0.0, 1.8707686809918227, 0.13234356438192305]","[0.0033486666757492935, -0.0016970972202072607, 0.0]","{""Controller Type"": ""MPC Controller"", ""weight_comfort"": 55.19863681718329, ""weight_trajectory"": 1346728.9772754696, ""weight_goal"": 2501000.0, ""Q"": [[1346728.9772754696, 0.0, 0.0, 0.0], [0.0, 0.0, 0.0, 0.0], [0.0, 0.0, 1346728.9772754696, 0.0], [0.0, 0.0, 0.0, 0.0]], ""R"": [[55.19863681718329, 0.0], [0.0, 55.19863681718329]], ""P"": [[2501000.0, 0.0, 0.0, 0.0], [0.0, 250100000.0, 0.0, 0.0], [0.0, 0.0, 2501000.0, 0.0], [0.0, 0.0, 0.0, 250100000.0]]}","[-0.1951310251456449, -0.599241647122465, 0.0]",False
3,P01,c0150e75-d12d-467e-96b2-81d06399c7ad,32,1,haply,mpc,seeded_random,3975743691,persist_session,10.0,36.348617210388184,4245.74598,0,1785827234.5434375,336.0,True,aggressive,adaptive,0.0,-0.15,0.0,0.096,-0.022,0.0,0.09480576,-0.0199362599999999,0.0,0.06349715,-0.12592173,0.18310232,0.0072122663,0.016618712,0.010108237,"[5.306393644367631, -0.1851138007764404, 0.0, 0.0, 0.0, 0.0, 1.8705599994337787, 0.13256940460666883]","[-0.0017575291056794277, -0.0019191630289092617, 0.0]","{""Controller Type"": ""MPC Controller"", ""weight_comfort"": 55.19863681718329, ""weight_trajectory"": 1346728.9772754696, ""weight_goal"": 2501000.0, ""Q"": [[1346728.9772754696, 0.0, 0.0, 0.0], [0.0, 0.0, 0.0, 0.0], [0.0, 0.0, 1346728.9772754696, 0.0], [0.0, 0.0, 0.0, 0.0]], ""R"": [[55.19863681718329, 0.0], [0.0, 55.19863681718329]], ""P"": [[2501000.0, 0.0, 0.0, 0.0], [0.0, 250100000.0, 0.0, 0.0], [0.0, 0.0, 2501000.0, 0.0], [0.0, 0.0, 0.0, 250100000.0]]}","[-0.6084958743698193, -0.6302243462912303, 0.0]",False
3,P01,c0150e75-d12d-467e-96b2-81d06399c7ad,32,1,haply,mpc,seeded_random,3975743691,persist_session,10.0,36.358653202056885,4245.755991177,0,1785827234.5533628,337.0,True,aggressive,adaptive,0.0,-0.15,0.0,0.096,-0.022,0.0,0.09506562,-0.0197898199999999,0.0,0.06358356,-0.12577616,0.1831754,0.007329974,0.016324844,0.009625872,"[5.3205794984820365, -0.19752234293193582, 0.0, 0.0, 0.0, 0.0, 1.8704744715732629, 0.13266105636775766]","[-0.00019996913496425107, -0.00217678856185541, 0.0]","{""Controller Type"": ""MPC Controller"", ""weight_comfort"": 55.19863681718329, ""weight_trajectory"": 1346728.9772754696, ""weight_goal"": 2501000.0, ""Q"": [[1346728.9772754696, 0.0, 0.0, 0.0], [0.0, 0.0, 0.0, 0.0], [0.0, 0.0, 1346728.9772754696, 0.0], [0.0, 0.0, 0.0, 0.0]], ""R"": [[55.19863681718329, 0.0], [0.0, 55.19863681718329]], ""P"": [[2501000.0, 0.0, 0.0, 0.0], [0.0, 250100000.0, 0.0, 0.0], [0.0, 0.0, 2501000.0, 0.0], [0.0, 0.0, 0.0, 250100000.0]]}","[-0.3263580620042522, -0.6576488314325885, 0.0]",False
3,P01,c0150e75-d12d-467e-96b2-81d06399c7ad,32,1,haply,mpc,seeded_random,3975743691,persist_session,10.0,36.368618144989014,4245.765983714,0,1785827234.563477,338.0,True,aggressive,adaptive,0.0,-0.15,0.0,0.096,-0.022,0.0,0.0953248499999999,-0.01964366,0.0,0.06373615,-0.12565415,0.18320766,0.0075191716,0.01608672,0.009221501,"[5.321014258078859, -0.1978914456573744, 0.0, 0.0, 0.0, 0.0, 1.87065056571814, 0.13247504433979665]","[-0.0014795382585755619, -0.002493494540644364, 0.0]","{""Controller Type"": ""MPC Controller"", ""weight_comfort"": 55.19552872384944, ""weight_trajectory"": 1346822.4065610857, ""weight_goal"": 2501000.0, ""Q"": [[1346822.4065610857, 0.0, 0.0, 0.0], [0.0, 0.0, 0.0, 0.0], [0.0, 0.0, 1346822.4065610857, 0.0], [0.0, 0.0, 0.0, 0.0]], ""R"": [[55.19552872384944, 0.0], [0.0, 55.19552872384944]], ""P"": [[2501000.0, 0.0, 0.0, 0.0], [0.0, 250100000.0, 0.0, 0.0], [0.0, 0.0, 2501000.0, 0.0], [0.0, 0.0, 0.0, 250100000.0]]}","[-0.3609574610127977, -0.677298056735949, 0.0]",False
3,P01,c0150e75-d12d-467e-96b2-81d06399c7ad,32,1,haply,mpc,seeded_random,3975743691,persist_session,10.0,36.37880434036255,4245.776156469,0,1785827234.5734203,339.0,True,aggressive,adaptive,0.0,-0.15,0.0,0.096,-0.022,0.0,0.09578262,-0.0195791399999999,0.0,0.0638595,-0.12565345,0.18324049,0.007919593,0.015855506,0.008990469,"[5.2877474205975, -0.1713812437219052, 0.0, 0.0, 0.0, 0.0, 1.8737869021791669, 0.1297050116248762]","[-0.006740647457815993, -0.003694542490364666, 0.0]","{""Controller Type"": ""MPC Controller"", ""weight_comfort"": 55.19552872384944, ""weight_trajectory"": 1346822.4065610857, ""weight_goal"": 2501000.0, ""Q"": [[1346822.4065610857, 0.0, 0.0, 0.0], [0.0, 0.0, 0.0, 0.0], [0.0, 0.0, 1346822.4065610857, 0.0], [0.0, 0.0, 0.0, 0.0]], ""R"": [[55.19552872384944, 0.0], [0.0, 55.19552872384944]], ""P"": [[2501000.0, 0.0, 0.0, 0.0], [0.0, 250100000.0, 0.0, 0.0], [0.0, 0.0, 2501000.0, 0.0], [0.0, 0.0, 0.0, 250100000.0]]}","[-0.3609574610127977, -0.677298056735949, 0.0]",False
3,P01,c0150e75-d12d-467e-96b2-81d06399c7ad,32,1,haply,mpc,seeded_random,3975743691,persist_session,10.0,36.38859070777893,4245.785960652,0,1785827234.5835164,340.0,True,aggressive,adaptive,0.0,-0.15,0.0,0.096,-0.022,0.0,0.09615267,-0.0195134799999999,0.0,0.0640118,-0.12553093,0.18327276,0.008343085,0.01520572,0.008493985,"[5.300039130497337, -0.18094445347922938, 0.0, 0.0, 0.0, 0.0, 1.8737658496599605, 0.12972348918425985]","[-0.007441289488443095, -0.0038154971295891933, 0.0]","{""Controller Type"": ""MPC Controller"", ""weight_comfort"": 55.19552872384944, ""weight_trajectory"": 1346822.4065610857, ""weight_goal"": 2501000.0, ""Q"": [[1346822.4065610857, 0.0, 0.0, 0.0], [0.0, 0.0, 0.0, 0.0], [0.0, 0.0, 1346822.4065610857, 0.0], [0.0, 0.0, 0.0, 0.0]], ""R"": [[55.19552872384944, 0.0], [0.0, 55.19552872384944]], ""P"": [[2501000.0, 0.0, 0.0, 0.0], [0.0, 250100000.0, 0.0, 0.0], [0.0, 0.0, 2501000.0, 0.0], [0.0, 0.0, 0.0, 250100000.0]]}","[-0.7097493639041825, -0.5516682586884551, 0.0]",False
3,P01,c0150e75-d12d-467e-96b2-81d06399c7ad,32,1,haply,mpc,seeded_random,3975743691,persist_session,10.0,36.398652687072754,4245.795995701,0,1785827234.593382,341.0,True,aggressive,adaptive,0.0,-0.15,0.0,0.096,-0.022,0.0,0.0966095699999999,-0.0194489399999999,0.0,0.064066455,-0.12550612,0.18327065,0.008854386,0.013880277,0.0074175857,"[5.282769815570665, -0.167816430958506, 0.0, 0.0, 0.0, 0.0, 1.873734125955523, 0.12975119147331934]","[-0.010992079572514319, -0.0039311996520996016, 0.0]","{""Controller Type"": ""MPC Controller"", ""weight_comfort"": 55.18883738268553, ""weight_trajectory"": 1347023.5482764726, ""weight_goal"": 2501000.0, ""Q"": [[1347023.5482764726, 0.0, 0.0, 0.0], [0.0, 0.0, 0.0, 0.0], [0.0, 0.0, 1347023.5482764726, 0.0], [0.0, 0.0, 0.0, 0.0]], ""R"": [[55.18883738268553, 0.0], [0.0, 55.18883738268553]], ""P"": [[2501000.0, 0.0, 0.0, 0.0], [0.0, 250100000.0, 0.0, 0.0], [0.0, 0.0, 2501000.0, 0.0], [0.0, 0.0, 0.0, 250100000.0]]}","[-0.9689099051166058, -0.5635542863003847, 0.0]",False
3,P01,c0150e75-d12d-467e-96b2-81d06399c7ad,32,1,haply,mpc,seeded_random,3975743691,persist_session,10.0,36.40863121986389,4245.805996893,0,1785827234.6035204,342.0,True,aggressive,adaptive,0.0,-0.15,0.0,0.096,-0.022,0.0,0.0967735349999999,-0.0194531599999999,0.0,0.06418983,-0.12550516,0.18330352,0.009274764,0.012622775,0.0064057857,"[5.3032045040273, -0.18215064186186194, 0.0, 0.0, 0.0, 0.0, 1.8749909530087872, 0.12931689858932205]","[-0.007048113394262628, -0.004829129400493365, 0.0]","{""Controller Type"": ""MPC Controller"", ""weight_comfort"": 55.18883738268553, ""weight_trajectory"": 1347023.5482764726, ""weight_goal"": 2501000.0, ""Q"": [[1347023.5482764726, 0.0, 0.0, 0.0], [0.0, 0.0, 0.0, 0.0], [0.0, 0.0, 1347023.5482764726, 0.0], [0.0, 0.0, 0.0, 0.0]], ""R"": [[55.18883738268553, 0.0], [0.0, 55.18883738268553]], ""P"": [[2501000.0, 0.0, 0.0, 0.0], [0.0, 250100000.0, 0.0, 0.0], [0.0, 0.0, 2501000.0, 0.0], [0.0, 0.0, 0.0, 250100000.0]]}","[-0.43541364735861415, -0.43310552814610276, 0.0]",False
3,P01,c0150e75-d12d-467e-96b2-81d06399c7ad,32,1,haply,mpc,seeded_random,3975743691,persist_session,10.0,36.418690814971924,4245.816051603,0,1785827234.613387,343.0,True,aggressive,adaptive,0.0,-0.15,0.0,0.096,-0.022,0.0,0.09714366,-0.0193874199999999,0.0,0.06424445,-0.12548028,0.18330142,0.009594553,0.011376605,0.0054525496,"[5.270427756011984, -0.1582549387159992, 0.0, 0.0, 0.0, 0.0, 1.8719934434837306, 0.13193071900738995]","[-0.011964113761624609, -0.004011703903507861, 0.0]","{""Controller Type"": ""MPC Controller"", ""weight_comfort"": 55.18883738268553, ""weight_trajectory"": 1347023.5482764726, ""weight_goal"": 2501000.0, ""Q"": [[1347023.5482764726, 0.0, 0.0, 0.0], [0.0, 0.0, 0.0, 0.0], [0.0, 0.0, 1347023.5482764726, 0.0], [0.0, 0.0, 0.0, 0.0]], ""R"": [[55.18883738268553, 0.0], [0.0, 55.18883738268553]], ""P"": [[2501000.0, 0.0, 0.0, 0.0], [0.0, 250100000.0, 0.0, 0.0], [0.0, 0.0, 2501000.0, 0.0], [0.0, 0.0, 0.0, 250100000.0]]}","[-0.8973198931772384, -0.5764607330734881, 0.0]",False
3,P01,c0150e75-d12d-467e-96b2-81d06399c7ad,32,1,haply,mpc,seeded_random,3975743691,persist_session,10.0,36.42859567642212,4245.825963887,0,1785827234.6234367,344.0,True,aggressive,adaptive,0.0,-0.15,0.0,0.096,-0.022,0.0,0.0973075199999999,-0.01939162,0.0,0.06429909,-0.12545536,0.18329932,0.009890653,0.010198558,0.0045416807,"[5.286619170544838, -0.16890352958874127, 0.0, 0.0, 0.0, 0.0, 1.8733194086401694, 0.13147074057975552]","[-0.009666358788463895, -0.004941274163040692, 0.0]","{""Controller Type"": ""MPC Controller"", ""weight_comfort"": 55.18972937228764, ""weight_trajectory"": 1346996.7350690332, ""weight_goal"": 2501000.0, ""Q"": [[1346996.7350690332, 0.0, 0.0, 0.0], [0.0, 0.0, 0.0, 0.0], [0.0, 0.0, 1346996.7350690332, 0.0], [0.0, 0.0, 0.0, 0.0]], ""R"": [[55.18972937228764, 0.0], [0.0, 55.18972937228764]], ""P"": [[2501000.0, 0.0, 0.0, 0.0], [0.0, 250100000.0, 0.0, 0.0], [0.0, 0.0, 2501000.0, 0.0], [0.0, 0.0, 0.0, 250100000.0]]}","[-0.5303142313884497, -0.44372690217483374, 0.0]",False
3,P01,c0150e75-d12d-467e-96b2-81d06399c7ad,32,1,haply,mpc,seeded_random,3975743691,persist_session,10.0,36.43873180389404,4245.836091229,0,1785827234.6333904,345.0,True,aggressive,adaptive,0.0,-0.15,0.0,0.096,-0.022,0.0,0.09747144,-0.01939582,0.0,0.0643537,-0.12543043,0.1832972,0.010088783,0.008511099,0.0032922302,"[5.286403489287341, -0.1687640307608782, 0.0, 0.0, 0.0, 0.0, 1.87331083611731, 0.13147370782753115]","[-0.010557863057029675, -0.0049339142158317814, 0.0]","{""Controller Type"": ""MPC Controller"", ""weight_comfort"": 55.18972937228764, ""weight_trajectory"": 1346996.7350690332, ""weight_goal"": 2501000.0, ""Q"": [[1346996.7350690332, 0.0, 0.0, 0.0], [0.0, 0.0, 0.0, 0.0], [0.0, 0.0, 1346996.7350690332, 0.0], [0.0, 0.0, 0.0, 0.0]], ""R"": [[55.18972937228764, 0.0], [0.0, 55.18972937228764]], ""P"": [[2501000.0, 0.0, 0.0, 0.0], [0.0, 250100000.0, 0.0, 0.0], [0.0, 0.0, 2501000.0, 0.0], [0.0, 0.0, 0.0, 250100000.0]]}","[-0.5617284848865589, -0.4429246642167918, 0.0]",False
3,P01,c0150e75-d12d-467e-96b2-81d06399c7ad,32,1,haply,mpc,seeded_random,3975743691,persist_session,10.0,36.44862069129944,4245.845987874,0,1785827234.643498,346.0,True,aggressive,adaptive,0.0,-0.15,0.0,0.096,-0.022,0.0,0.09763527,-0.0194000599999999,0.0,0.0643537,-0.12543043,0.1832972,0.009478273,0.0070867836,0.0023222873,"[5.286520004579854, -0.1688378866154144, 0.0, 0.0, 0.0, 0.0, 1.8733010563592951, 0.1314770957791425]","[-0.011381534985919997, -0.004925623644055766, 0.0]","{""Controller Type"": ""MPC Controller"", ""weight_comfort"": 55.18972937228764, ""weight_trajectory"": 1346996.7350690332, ""weight_goal"": 2501000.0, ""Q"": [[1346996.7350690332, 0.0, 0.0, 0.0], [0.0, 0.0, 0.0, 0.0], [0.0, 0.0, 1346996.7350690332, 0.0], [0.0, 0.0, 0.0, 0.0]], ""R"": [[55.18972937228764, 0.0], [0.0, 55.18972937228764]], ""P"": [[2501000.0, 0.0, 0.0, 0.0], [0.0, 250100000.0, 0.0, 0.0], [0.0, 0.0, 2501000.0, 0.0], [0.0, 0.0, 0.0, 250100000.0]]}","[-0.5852508339557921, -0.4422366126894339, 0.0]",False
3,P01,c0150e75-d12d-467e-96b2-81d06399c7ad,32,1,haply,mpc,seeded_random,3975743691,persist_session,10.0,36.45858515739441,4245.85594896,0,1785827234.6534798,347.0,True,aggressive,adaptive,0.0,-0.15,0.0,0.096,-0.022,0.0,0.09763527,-0.0194000599999999,0.0,0.064365566,-0.1254786,0.18325862,0.008981701,0.006119959,0.0016119336,"[5.290289442167652, -0.16978759838672808, 0.0, 0.0, 0.0, 0.0, 1.8732059475868008, 0.1315161314022533]","[-0.008651051616093466, -0.004870223071368831, 0.0]","{""Controller Type"": ""MPC Controller"", ""weight_comfort"": 55.18972937228764, ""weight_trajectory"": 1346996.7350690332, ""weight_goal"": 2501000.0, ""Q"": [[1346996.7350690332, 0.0, 0.0, 0.0], [0.0, 0.0, 0.0, 0.0], [0.0, 0.0, 1346996.7350690332, 0.0], [0.0, 0.0, 0.0, 0.0]], ""R"": [[55.18972937228764, 0.0], [0.0, 55.18972937228764]], ""P"": [[2501000.0, 0.0, 0.0, 0.0], [0.0, 250100000.0, 0.0, 0.0], [0.0, 0.0, 2501000.0, 0.0], [0.0, 0.0, 0.0, 250100000.0]]}","[-0.28307000876044647, -0.4500571997119729, 0.0]",False
3,P01,c0150e75-d12d-467e-96b2-81d06399c7ad,32,1,haply,mpc,seeded_random,3975743691,persist_session,10.0,36.468606605529786,4245.865973649,0,1785827234.663488,348.0,True,aggressive,adaptive,0.0,-0.15,0.0,0.096,-0.022,0.0,0.097670868,-0.0194772199999999,0.0,0.0643774,-0.12552662,0.18322009,0.008601984,0.0055466983,0.0011982098,"[5.288951561722042, -0.1692007112060378, 0.0, 0.0, 0.0, 0.0, 1.8728229912788203, 0.13337827044933842]","[-0.009438958986756603, -0.005753010029633362, 0.0]","{""Controller Type"": ""MPC Controller"", ""weight_comfort"": 55.19183930444243, ""weight_trajectory"": 1346933.31050846, ""weight_goal"": 2501000.0, ""Q"": [[1346933.31050846, 0.0, 0.0, 0.0], [0.0, 0.0, 0.0, 0.0], [0.0, 0.0, 1346933.31050846, 0.0], [0.0, 0.0, 0.0, 0.0]], ""R"": [[55.19183930444243, 0.0], [0.0, 55.19183930444243]], ""P"": [[2501000.0, 0.0, 0.0, 0.0], [0.0, 250100000.0, 0.0, 0.0], [0.0, 0.0, 2501000.0, 0.0], [0.0, 0.0, 0.0, 250100000.0]]}","[-0.3555422256779201, -0.29296992591593307, 0.0]",False
3,P01,c0150e75-d12d-467e-96b2-81d06399c7ad,32,1,haply,mpc,seeded_random,3975743691,persist_session,10.0,36.478645935058594,4245.875995651,0,1785827234.6734366,349.0,True,aggressive,adaptive,0.0,-0.15,0.0,0.096,-0.022,0.0,0.09770637,-0.0195542799999999,0.0,0.06438926,-0.12557481,0.18318136,0.007877631,0.0047962745,0.0008175663,"[5.288911288700635, -0.1691831312043937, 0.0, 0.0, 0.0, 0.0, 1.8728241162084376, 0.13337340781717238]","[-0.00962858326818729, -0.005613500147690478, 0.0]","{""Controller Type"": ""MPC Controller"", ""weight_comfort"": 55.19183930444243, ""weight_trajectory"": 1346933.31050846, ""weight_goal"": 2501000.0, ""Q"": [[1346933.31050846, 0.0, 0.0, 0.0], [0.0, 0.0, 0.0, 0.0], [0.0, 0.0, 1346933.31050846, 0.0], [0.0, 0.0, 0.0, 0.0]], ""R"": [[55.19183930444243, 0.0], [0.0, 55.19183930444243]], ""P"": [[2501000.0, 0.0, 0.0, 0.0], [0.0, 250100000.0, 0.0, 0.0], [0.0, 0.0, 2501000.0, 0.0], [0.0, 0.0, 0.0, 250100000.0]]}","[-0.3619066954886133, -0.27895344508440256, 0.0]",False
3,P01,c0150e75-d12d-467e-96b2-81d06399c7ad,32,1,haply,mpc,seeded_random,3975743691,persist_session,10.0,36.48850072860718,4245.885867381,0,1785827234.6835816,350.0,True,aggressive,adaptive,0.0,-0.15,0.0,0.096,-0.022,0.0,0.09774195,-0.01963174,0.0,0.06438926,-0.12557481,0.18318136,0.0057352455,0.00326101,0.00042881884,"[5.288897186284463, -0.16917703959738398, 0.0, 0.0, 0.0, 0.0, 1.8728339100707272, 0.13333320242630287]","[-0.00980632608035182, -0.005453400200822086, 0.0]","{""Controller Type"": ""MPC Controller"", ""weight_comfort"": 55.19183930444243, ""weight_trajectory"": 1346933.31050846, ""weight_goal"": 2501000.0, ""Q"": [[1346933.31050846, 0.0, 0.0, 0.0], [0.0, 0.0, 0.0, 0.0], [0.0, 0.0, 1346933.31050846, 0.0], [0.0, 0.0, 0.0, 0.0]], ""R"": [[55.19183930444243, 0.0], [0.0, 55.19183930444243]], ""P"": [[2501000.0, 0.0, 0.0, 0.0], [0.0, 250100000.0, 0.0, 0.0], [0.0, 0.0, 2501000.0, 0.0], [0.0, 0.0, 0.0, 250100000.0]]}","[-0.36692068896485486, -0.2676062865846799, 0.0]",False
3,P01,c0150e75-d12d-467e-96b2-81d06399c7ad,32,1,haply,mpc,seeded_random,3975743691,persist_session,10.0,36.49863947868347,4245.89598462,0,1785827234.693456,351.0,True,aggressive,adaptive,0.0,-0.15,0.0,0.096,-0.022,0.0,0.09774195,-0.01963174,0.0,0.06441295,-0.12567097,0.18310408,0.004193169,0.0019752665,1.8534949e-05,"[5.2897606848251, -0.16939459390752548, 0.0, 0.0, 0.0, 0.0, 1.8713914852080156, 0.13392521194929727]","[-0.009214498624931115, -0.004431941598758716, 0.0]","{""Controller Type"": ""MPC Controller"", ""weight_comfort"": 55.18979217705216, ""weight_trajectory"": 1346994.8471578115, ""weight_goal"": 2501000.0, ""Q"": [[1346994.8471578115, 0.0, 0.0, 0.0], [0.0, 0.0, 0.0, 0.0], [0.0, 0.0, 1346994.8471578115, 0.0], [0.0, 0.0, 0.0, 0.0]], ""R"": [[55.18979217705216, 0.0], [0.0, 55.18979217705216]], ""P"": [[2501000.0, 0.0, 0.0, 0.0], [0.0, 250100000.0, 0.0, 0.0], [0.0, 0.0, 2501000.0, 0.0], [0.0, 0.0, 0.0, 250100000.0]]}","[-0.30153661950705385, -0.40995270436403997, 0.0]",False
3,P01,c0150e75-d12d-467e-96b2-81d06399c7ad,32,1,haply,mpc,seeded_random,3975743691,persist_session,10.0,36.508643522262574,4245.906005334,0,1785827234.7035296,352.0,True,aggressive,adaptive,0.0,-0.15,0.0,0.096,-0.022,0.0,0.0978130199999999,-0.0197862999999999,0.0,0.06443897,-0.12576781,0.18310246,0.003175179,0.00077841623,-0.00046081794,"[5.286098686023522, -0.1675022960652976, 0.0, 0.0, 0.0, 0.0, 1.8665359145610614, 0.1426759872713856]","[-0.010765536592366561, -0.006321025492381593, 0.0]","{""Controller Type"": ""MPC Controller"", ""weight_comfort"": 55.18979217705216, ""weight_trajectory"": 1346994.8471578115, ""weight_goal"": 2501000.0, ""Q"": [[1346994.8471578115, 0.0, 0.0, 0.0], [0.0, 0.0, 0.0, 0.0], [0.0, 0.0, 1346994.8471578115, 0.0], [0.0, 0.0, 0.0, 0.0]], ""R"": [[55.18979217705216, 0.0], [0.0, 55.18979217705216]], ""P"": [[2501000.0, 0.0, 0.0, 0.0], [0.0, 250100000.0, 0.0, 0.0], [0.0, 0.0, 2501000.0, 0.0], [0.0, 0.0, 0.0, 250100000.0]]}","[-0.4453666464906776, -0.09715730571940093, 0.0]",False
3,P01,c0150e75-d12d-467e-96b2-81d06399c7ad,32,1,haply,mpc,seeded_random,3975743691,persist_session,10.0,36.51879729270935,4245.916148442,0,1785827234.713545,353.0,True,aggressive,adaptive,0.0,-0.15,0.0,0.096,-0.022,0.0,0.0978910799999999,-0.0197895399999999,0.0,0.06446266,-0.12586403,0.183025,0.0027095885,-0.0011076562,-0.0014360172,"[5.285627998282439, -0.16725545910368525, 0.0, 0.0, 0.0, 0.0, 1.8640841219719373, 0.1435408291169435]","[-0.01129909154042323, -0.004166917594040706, 0.0]","{""Controller Type"": ""MPC Controller"", ""weight_comfort"": 55.175806317258385, ""weight_trajectory"": 1347415.2621032123, ""weight_goal"": 2501000.0, ""Q"": [[1347415.2621032123, 0.0, 0.0, 0.0], [0.0, 0.0, 0.0, 0.0], [0.0, 0.0, 1347415.2621032123, 0.0], [0.0, 0.0, 0.0, 0.0]], ""R"": [[55.175806317258385, 0.0], [0.0, 55.175806317258385]], ""P"": [[2501000.0, 0.0, 0.0, 0.0], [0.0, 250100000.0, 0.0, 0.0], [0.0, 0.0, 2501000.0, 0.0], [0.0, 0.0, 0.0, 250100000.0]]}","[-0.4726509381868499, -0.3766061865695834, 0.0]",False
3,P01,c0150e75-d12d-467e-96b2-81d06399c7ad,32,1,haply,mpc,seeded_random,3975743691,persist_session,10.0,36.52871002197266,4245.926077253,0,1785827234.7236898,354.0,True,aggressive,adaptive,0.0,-0.15,0.0,0.096,-0.022,0.0,0.09796215,-0.0199444599999999,0.0,0.06450053,-0.12600902,0.18298444,0.00241977,-0.0026893553,-0.0022548882,"[5.285627998282439, -0.16725545910368525, 0.0, 0.0, 0.0, 0.0, 1.8640841219719373, 0.1435408291169435]","[-0.01129909154042323, -0.004166917594040706, 0.0]","{""Controller Type"": ""MPC Controller"", ""weight_comfort"": 55.175806317258385, ""weight_trajectory"": 1347415.2621032123, ""weight_goal"": 2501000.0, ""Q"": [[1347415.2621032123, 0.0, 0.0, 0.0], [0.0, 0.0, 0.0, 0.0], [0.0, 0.0, 1347415.2621032123, 0.0], [0.0, 0.0, 0.0, 0.0]], ""R"": [[55.175806317258385, 0.0], [0.0, 55.175806317258385]], ""P"": [[2501000.0, 0.0, 0.0, 0.0], [0.0, 250100000.0, 0.0, 0.0], [0.0, 0.0, 2501000.0, 0.0], [0.0, 0.0, 0.0, 250100000.0]]}","[-0.47026600248544154, -0.07111570086963401, 0.0]",False
3,P01,c0150e75-d12d-467e-96b2-81d06399c7ad,32,1,haply,mpc,seeded_random,3975743691,persist_session,10.0,36.53861989021301,4245.935987871,0,1785827234.7334871,355.0,True,aggressive,adaptive,0.0,-0.15,0.0,0.096,-0.022,0.0,0.09807576,-0.0200255799999999,0.0,0.06452421,-0.12610519,0.18290676,0.0022736916,-0.004056988,-0.002909812,"[5.285082532626005, -0.16696363175239437, 0.0, 0.0, 0.0, 0.0, 1.862788760313274, 0.1460420806642539]","[-0.012516804130255996, -0.005406545712328648, 0.0]","{""Controller Type"": ""MPC Controller"", ""weight_comfort"": 55.175806317258385, ""weight_trajectory"": 1347415.2621032123, ""weight_goal"": 2501000.0, ""Q"": [[1347415.2621032123, 0.0, 0.0, 0.0], [0.0, 0.0, 0.0, 0.0], [0.0, 0.0, 1347415.2621032123, 0.0], [0.0, 0.0, 0.0, 0.0]], ""R"": [[55.175806317258385, 0.0], [0.0, 55.175806317258385]], ""P"": [[2501000.0, 0.0, 0.0, 0.0], [0.0, 250100000.0, 0.0, 0.0], [0.0, 0.0, 2501000.0, 0.0], [0.0, 0.0, 0.0, 250100000.0]]}","[-0.5755086245257655, -0.1874183925064822, 0.0]",False
3,P01,c0150e75-d12d-467e-96b2-81d06399c7ad,32,1,haply,mpc,seeded_random,3975743691,persist_session,10.0,36.548754110336304,4245.946099494,0,1785827234.7433894,356.0,True,aggressive,adaptive,0.0,-0.15,0.0,0.096,-0.022,0.0,0.0981467999999999,-0.0201809399999999,0.0,0.064547874,-0.12620135,0.18282896,0.002227635,-0.005228624,-0.00354724,"[5.2862098296296915, -0.16752326080733485, 0.0, 0.0, 0.0, 0.0, 1.8613960852628935, 0.14836542757770574]","[-0.012550269779982257, -0.005713752913241632, 0.0]","{""Controller Type"": ""MPC Controller"", ""weight_comfort"": 55.175806317258385, ""weight_trajectory"": 1347415.2621032123, ""weight_goal"": 2501000.0, ""Q"": [[1347415.2621032123, 0.0, 0.0, 0.0], [0.0, 0.0, 0.0, 0.0], [0.0, 0.0, 1347415.2621032123, 0.0], [0.0, 0.0, 0.0, 0.0]], ""R"": [[55.175806317258385, 0.0], [0.0, 55.175806317258385]], ""P"": [[2501000.0, 0.0, 0.0, 0.0], [0.0, 250100000.0, 0.0, 0.0], [0.0, 0.0, 2501000.0, 0.0], [0.0, 0.0, 0.0, 250100000.0]]}","[-0.5053682205744299, -0.02238703824748724, 0.0]",False
3,P01,c0150e75-d12d-467e-96b2-81d06399c7ad,32,1,haply,mpc,seeded_random,3975743691,persist_session,10.0,36.55872191429138,4245.956064269,0,1785827234.753501,357.0,True,aggressive,adaptive,0.0,-0.15,0.0,0.096,-0.022,0.0,0.098217792,-0.0203365399999999,0.0,0.06458336,-0.12634553,0.18271208,0.0022986666,-0.0065999753,-0.004424929,"[5.286222788770389, -0.16752960128764996, 0.0, 0.0, 0.0, 0.0, 1.861524777878417, 0.1481549348651871]","[-0.012899945815324798, -0.005376426376628066, 0.0]","{""Controller Type"": ""MPC Controller"", ""weight_comfort"": 55.17139995329488, ""weight_trajectory"": 1347547.7174039553, ""weight_goal"": 2501000.0, ""Q"": [[1347547.7174039553, 0.0, 0.0, 0.0], [0.0, 0.0, 0.0, 0.0], [0.0, 0.0, 1347547.7174039553, 0.0], [0.0, 0.0, 0.0, 0.0]], ""R"": [[55.17139995329488, 0.0], [0.0, 55.17139995329488]], ""P"": [[2501000.0, 0.0, 0.0, 0.0], [0.0, 250100000.0, 0.0, 0.0], [0.0, 0.0, 2501000.0, 0.0], [0.0, 0.0, 0.0, 250100000.0]]}","[-0.5147998361864872, -0.0010649315800523018, 0.0]",False
3,P01,c0150e75-d12d-467e-96b2-81d06399c7ad,32,1,haply,mpc,seeded_random,3975743691,persist_session,10.0,36.56877769470215,4245.966128132,0,1785827234.763583,358.0,True,aggressive,adaptive,0.0,-0.15,0.0,0.096,-0.022,0.0,0.09832425,-0.0205702999999999,0.0,0.064618826,-0.12648968,0.1825949,0.0023312594,-0.007482367,-0.0052877287,"[5.283600782408886, -0.16612047502746546, 0.0, 0.0, 0.0, 0.0, 1.856638317202796, 0.15535001558306377]","[-0.014034509714495753, -0.006256359665842188, 0.0]","{""Controller Type"": ""MPC Controller"", ""weight_comfort"": 55.17139995329488, ""weight_trajectory"": 1347547.7174039553, ""weight_goal"": 2501000.0, ""Q"": [[1347547.7174039553, 0.0, 0.0, 0.0], [0.0, 0.0, 0.0, 0.0], [0.0, 0.0, 1347547.7174039553, 0.0], [0.0, 0.0, 0.0, 0.0]], ""R"": [[55.17139995329488, 0.0], [0.0, 55.17139995329488]], ""P"": [[2501000.0, 0.0, 0.0, 0.0], [0.0, 250100000.0, 0.0, 0.0], [0.0, 0.0, 2501000.0, 0.0], [0.0, 0.0, 0.0, 250100000.0]]}","[-0.5991949751982986, 0.18477072852291046, 0.0]",False
3,P01,c0150e75-d12d-467e-96b2-81d06399c7ad,32,1,haply,mpc,seeded_random,3975743691,persist_session,10.0,36.5787903213501,4245.976150051,0,1785827234.7734406,359.0,True,aggressive,adaptive,0.0,-0.15,0.0,0.096,-0.022,0.0,0.098430648,-0.0208046599999999,0.0,0.06464246,-0.12658572,0.18251677,0.0023766353,-0.008230065,-0.0061237104,"[5.283315541910572, -0.1659680475501253, 0.0, 0.0, 0.0, 0.0, 1.8562753025620478, 0.15587234520568477]","[-0.014633246465284066, -0.005924654405245934, 0.0]","{""Controller Type"": ""MPC Controller"", ""weight_comfort"": 55.17139995329488, ""weight_trajectory"": 1347547.7174039553, ""weight_goal"": 2501000.0, ""Q"": [[1347547.7174039553, 0.0, 0.0, 0.0], [0.0, 0.0, 0.0, 0.0], [0.0, 0.0, 1347547.7174039553, 0.0], [0.0, 0.0, 0.0, 0.0]], ""R"": [[55.17139995329488, 0.0], [0.0, 55.17139995329488]], ""P"": [[2501000.0, 0.0, 0.0, 0.0], [0.0, 250100000.0, 0.0, 0.0], [0.0, 0.0, 2501000.0, 0.0], [0.0, 0.0, 0.0, 250100000.0]]}","[-0.6219797614486469, 0.2363120387488212, 0.0]",False
3,P01,c0150e75-d12d-467e-96b2-81d06399c7ad,32,1,haply,mpc,seeded_random,3975743691,persist_session,10.0,36.58877076148987,4245.986116803,0,1785827234.7835867,360.0,True,aggressive,adaptive,0.0,-0.15,0.0,0.096,-0.022,0.0,0.09850155,-0.0209609199999999,0.0,0.06466609,-0.1266818,0.1824384,0.0024223747,-0.008820288,-0.006770855,"[5.285535199920137, -0.16701768082677107, 0.0, 0.0, 0.0, 0.0, 1.8597319680294462, 0.15072034975923665]","[-0.014389162747639612, -0.004253643728998571, 0.0]","{""Controller Type"": ""MPC Controller"", ""weight_comfort"": 55.16830755761057, ""weight_trajectory"": 1347640.674818226, ""weight_goal"": 2501000.0, ""Q"": [[1347640.674818226, 0.0, 0.0, 0.0], [0.0, 0.0, 0.0, 0.0], [0.0, 0.0, 1347640.674818226, 0.0], [0.0, 0.0, 0.0, 0.0]], ""R"": [[55.16830755761057, 0.0], [0.0, 55.16830755761057]], ""P"": [[2501000.0, 0.0, 0.0, 0.0], [0.0, 250100000.0, 0.0, 0.0], [0.0, 0.0, 2501000.0, 0.0], [0.0, 0.0, 0.0, 250100000.0]]}","[-0.5633091409753284, 0.10725291814250247, 0.0]",False
3,P01,c0150e75-d12d-467e-96b2-81d06399c7ad,32,1,haply,mpc,seeded_random,3975743691,persist_session,10.0,36.59872521400452,4245.996088154,0,1785827234.793526,361.0,True,aggressive,adaptive,0.0,-0.15,0.0,0.096,-0.022,0.0,0.0985724399999999,-0.0211176599999999,0.0,0.064689696,-0.12677778,0.18236,0.0024510361,-0.009229641,-0.007228472,"[5.2853501338853945, -0.1669303467566068, 0.0, 0.0, 0.0, 0.0, 1.8595858547353112, 0.15093299319527925]","[-0.014786854975579956, -0.004020983808542754, 0.0]","{""Controller Type"": ""MPC Controller"", ""weight_comfort"": 55.16830755761057, ""weight_trajectory"": 1347640.674818226, ""weight_goal"": 2501000.0, ""Q"": [[1347640.674818226, 0.0, 0.0, 0.0], [0.0, 0.0, 0.0, 0.0], [0.0, 0.0, 1347640.674818226, 0.0], [0.0, 0.0, 0.0, 0.0]], ""R"": [[55.16830755761057, 0.0], [0.0, 55.16830755761057]], ""P"": [[2501000.0, 0.0, 0.0, 0.0], [0.0, 250100000.0, 0.0, 0.0], [0.0, 0.0, 2501000.0, 0.0], [0.0, 0.0, 0.0, 250100000.0]]}","[-0.5782713301555898, 0.14126391298785687, 0.0]",False
3,P01,c0150e75-d12d-467e-96b2-81d06399c7ad,32,1,haply,mpc,seeded_random,3975743691,persist_session,10.0,36.60866750717163,4246.006034005,0,1785827234.8037505,362.0,True,aggressive,adaptive,0.0,-0.15,0.0,0.096,-0.022,0.0,0.098643258,-0.0212744599999999,0.0,0.06471329,-0.12687375,0.18228151,0.0024689229,-0.009506653,-0.0075438423,"[5.2853501338853945, -0.1669303467566068, 0.0, 0.0, 0.0, 0.0, 1.8595858547353112, 0.15093299319527925]","[-0.014786854975579956, -0.004020983808542754, 0.0]","{""Controller Type"": ""MPC Controller"", ""weight_comfort"": 55.16830755761057, ""weight_trajectory"": 1347640.674818226, ""weight_goal"": 2501000.0, ""Q"": [[1347640.674818226, 0.0, 0.0, 0.0], [0.0, 0.0, 0.0, 0.0], [0.0, 0.0, 1347640.674818226, 0.0], [0.0, 0.0, 0.0, 0.0]], ""R"": [[55.16830755761057, 0.0], [0.0, 55.16830755761057]], ""P"": [[2501000.0, 0.0, 0.0, 0.0], [0.0, 250100000.0, 0.0, 0.0], [0.0, 0.0, 2501000.0, 0.0], [0.0, 0.0, 0.0, 250100000.0]]}","[-0.5866875274945247, 0.1603100034095265, 0.0]",False
3,P01,c0150e75-d12d-467e-96b2-81d06399c7ad,32,1,haply,mpc,seeded_random,3975743691,persist_session,10.0,36.618654861450196,4246.016013424,0,1785827234.8136342,363.0,True,aggressive,adaptive,0.0,-0.15,0.0,0.096,-0.022,0.0,0.09871404,-0.0214314399999999,0.0,0.0647251,-0.12692176,0.18224218,0.0024615955,-0.009629449,-0.0077132,"[5.285278575659201, -0.16689718914637017, 0.0, 0.0, 0.0, 0.0, 1.8596395159123609, 0.15085782668333117]","[-0.015519729990979173, -0.003411386863469595, 0.0]","{""Controller Type"": ""MPC Controller"", ""weight_comfort"": 55.16830755761057, ""weight_trajectory"": 1347640.674818226, ""weight_goal"": 2501000.0, ""Q"": [[1347640.674818226, 0.0, 0.0, 0.0], [0.0, 0.0, 0.0, 0.0], [0.0, 0.0, 1347640.674818226, 0.0], [0.0, 0.0, 0.0, 0.0]], ""R"": [[55.16830755761057, 0.0], [0.0, 55.16830755761057]], ""P"": [[2501000.0, 0.0, 0.0, 0.0], [0.0, 250100000.0, 0.0, 0.0], [0.0, 0.0, 2501000.0, 0.0], [0.0, 0.0, 0.0, 250100000.0]]}","[-0.6033265917504032, 0.19768583059269362, 0.0]",False
3,P01,c0150e75-d12d-467e-96b2-81d06399c7ad,32,1,haply,mpc,seeded_random,3975743691,persist_session,10.0,36.628662004470826,4246.026021546,0,1785827234.823783,364.0,True,aggressive,adaptive,0.0,-0.15,0.0,0.096,-0.022,0.0,0.0987494699999999,-0.0215100999999999,0.0,0.06475116,-0.12701882,0.18224004,0.0024634476,-0.009741421,-0.007835455,"[5.285278575659201, -0.16689718914637017, 0.0, 0.0, 0.0, 0.0, 1.8596395159123609, 0.15085782668333117]","[-0.015519729990979173, -0.003411386863469595, 0.0]","{""Controller Type"": ""MPC Controller"", ""weight_comfort"": 55.16830755761057, ""weight_trajectory"": 1347640.674818226, ""weight_goal"": 2501000.0, ""Q"": [[1347640.674818226, 0.0, 0.0, 0.0], [0.0, 0.0, 0.0, 0.0], [0.0, 0.0, 1347640.674818226, 0.0], [0.0, 0.0, 0.0, 0.0]], ""R"": [[55.16830755761057, 0.0], [0.0, 55.16830755761057]], ""P"": [[2501000.0, 0.0, 0.0, 0.0], [0.0, 250100000.0, 0.0, 0.0], [0.0, 0.0, 2501000.0, 0.0], [0.0, 0.0, 0.0, 250100000.0]]}","[-0.5410305318380344, 0.05969376497953532, 0.0]",False
3,P01,c0150e75-d12d-467e-96b2-81d06399c7ad,32,1,haply,mpc,seeded_random,3975743691,persist_session,10.0,36.63861001968384,4246.035976052,0,1785827234.8336213,365.0,True,aggressive,adaptive,0.0,-0.15,0.0,0.096,-0.022,0.0,0.09882765,-0.02151438,0.0,0.06477476,-0.1271148,0.1821613,0.0024450154,-0.009711412,-0.007562104,"[5.285599567755099, -0.1670357748331142, 0.0, 0.0, 0.0, 0.0, 1.8601928929181053, 0.14993197317750864]","[-0.015895284437457902, -0.0015255158677218053, 0.0]","{""Controller Type"": ""MPC Controller"", ""weight_comfort"": 55.169163696698526, ""weight_trajectory"": 1347614.9392772422, ""weight_goal"": 2501000.0, ""Q"": [[1347614.9392772422, 0.0, 0.0, 0.0], [0.0, 0.0, 0.0, 0.0], [0.0, 0.0, 1347614.9392772422, 0.0], [0.0, 0.0, 0.0, 0.0]], ""R"": [[55.169163696698526, 0.0], [0.0, 55.169163696698526]], ""P"": [[2501000.0, 0.0, 0.0, 0.0], [0.0, 250100000.0, 0.0, 0.0], [0.0, 0.0, 2501000.0, 0.0], [0.0, 0.0, 0.0, 250100000.0]]}","[-0.637626611066645, -0.07595266696733856, 0.0]",False
3,P01,c0150e75-d12d-467e-96b2-81d06399c7ad,32,1,haply,mpc,seeded_random,3975743691,persist_session,10.0,36.64860071182251,4246.04596844,0,1785827234.8434758,366.0,True,aggressive,adaptive,0.0,-0.15,0.0,0.096,-0.022,0.0,0.09889845,-0.0216718599999999,0.0,0.06473128,-0.12718797,0.18212399,0.002342424,-0.009535513,-0.007221187,"[5.28444774321819, -0.16650875597876738, 0.0, 0.0, 0.0, 0.0, 1.854284729495254, 0.15796903654301878]","[-0.016512988851330512, -0.0031328776659460267, 0.0]","{""Controller Type"": ""MPC Controller"", ""weight_comfort"": 55.169163696698526, ""weight_trajectory"": 1347614.9392772422, ""weight_goal"": 2501000.0, ""Q"": [[1347614.9392772422, 0.0, 0.0, 0.0], [0.0, 0.0, 0.0, 0.0], [0.0, 0.0, 1347614.9392772422, 0.0], [0.0, 0.0, 0.0, 0.0]], ""R"": [[55.169163696698526, 0.0], [0.0, 55.169163696698526]], ""P"": [[2501000.0, 0.0, 0.0, 0.0], [0.0, 250100000.0, 0.0, 0.0], [0.0, 0.0, 2501000.0, 0.0], [0.0, 0.0, 0.0, 250100000.0]]}","[-0.6356767266882496, 0.2411235182484518, 0.0]",False
3,P01,c0150e75-d12d-467e-96b2-81d06399c7ad,32,1,haply,mpc,seeded_random,3975743691,persist_session,10.0,36.65880359649658,4246.056169541,0,1785827234.8536978,367.0,True,aggressive,adaptive,0.0,-0.15,0.0,0.096,-0.022,0.0,0.09876801,-0.0217464799999999,0.0,0.06468771,-0.12726095,0.18208674,0.0021871645,-0.009408376,-0.0069482788,"[5.283193111374483, -0.16135418533900914, 0.0, 0.0, 0.0, 0.0, 1.8561341810001688, 0.1553867192874186]","[-0.012564928616859967, -0.001604885710513571, 0.0]","{""Controller Type"": ""MPC Controller"", ""weight_comfort"": 55.169163696698526, ""weight_trajectory"": 1347614.9392772422, ""weight_goal"": 2501000.0, ""Q"": [[1347614.9392772422, 0.0, 0.0, 0.0], [0.0, 0.0, 0.0, 0.0], [0.0, 0.0, 1347614.9392772422, 0.0], [0.0, 0.0, 0.0, 0.0]], ""R"": [[55.169163696698526, 0.0], [0.0, 55.169163696698526]], ""P"": [[2501000.0, 0.0, 0.0, 0.0], [0.0, 250100000.0, 0.0, 0.0], [0.0, 0.0, 2501000.0, 0.0], [0.0, 0.0, 0.0, 250100000.0]]}","[-0.2412538325287084, 0.09220924205194599, 0.0]",False
3,P01,c0150e75-d12d-467e-96b2-81d06399c7ad,32,1,haply,mpc,seeded_random,3975743691,persist_session,10.0,36.66872085571289,4246.066052334,0,1785827234.863916,368.0,True,aggressive,adaptive,0.0,-0.15,0.0,0.096,-0.022,0.0,0.0986372999999999,-0.0218209799999999,0.0,0.06464413,-0.12733403,0.18204936,0.0019886484,-0.009237521,-0.006640205,"[5.283193111374483, -0.16135418533900914, 0.0, 0.0, 0.0, 0.0, 1.8561341810001688, 0.1553867192874186]","[-0.012564928616859967, -0.001604885710513571, 0.0]","{""Controller Type"": ""MPC Controller"", ""weight_comfort"": 55.169163696698526, ""weight_trajectory"": 1347614.9392772422, ""weight_goal"": 2501000.0, ""Q"": [[1347614.9392772422, 0.0, 0.0, 0.0], [0.0, 0.0, 0.0, 0.0], [0.0, 0.0, 1347614.9392772422, 0.0], [0.0, 0.0, 0.0, 0.0]], ""R"": [[55.169163696698526, 0.0], [0.0, 55.169163696698526]], ""P"": [[2501000.0, 0.0, 0.0, 0.0], [0.0, 250100000.0, 0.0, 0.0], [0.0, 0.0, 2501000.0, 0.0], [0.0, 0.0, 0.0, 250100000.0]]}","[-0.21804590328853707, 0.10493739624517037, 0.0]",False
3,P01,c0150e75-d12d-467e-96b2-81d06399c7ad,32,1,haply,mpc,seeded_random,3975743691,persist_session,10.0,36.6786598110199,4246.076025483,0,1785827234.8735228,369.0,True,aggressive,adaptive,0.0,-0.15,0.0,0.096,-0.022,0.0,0.0985065599999999,-0.0218957399999999,0.0,0.06460046,-0.12740703,0.18201207,0.0016925667,-0.008829701,-0.006479839,"[5.283200597492912, -0.16137815152075558, 0.0, 0.0, 0.0, 0.0, 1.8561394214654348, 0.1553795386050654]","[-0.011869043378871284, -0.0014651509355371717, 0.0]","{""Controller Type"": ""MPC Controller"", ""weight_comfort"": 55.169163696698526, ""weight_trajectory"": 1347614.9392772422, ""weight_goal"": 2501000.0, ""Q"": [[1347614.9392772422, 0.0, 0.0, 0.0], [0.0, 0.0, 0.0, 0.0], [0.0, 0.0, 1347614.9392772422, 0.0], [0.0, 0.0, 0.0, 0.0]], ""R"": [[55.169163696698526, 0.0], [0.0, 55.169163696698526]], ""P"": [[2501000.0, 0.0, 0.0, 0.0], [0.0, 250100000.0, 0.0, 0.0], [0.0, 0.0, 2501000.0, 0.0], [0.0, 0.0, 0.0, 250100000.0]]}","[-0.18018079236962203, 0.12703257297706042, 0.0]",False
3,P01,c0150e75-d12d-467e-96b2-81d06399c7ad,32,1,haply,mpc,seeded_random,3975743691,persist_session,10.0,36.68873037338257,4246.086092906,0,1785827234.8836606,370.0,True,aggressive,adaptive,0.0,-0.15,0.0,0.096,-0.022,0.0,0.0983755499999999,-0.0219703199999999,0.0,0.06455677,-0.12748003,0.18197465,0.0013638556,-0.008296877,-0.0061429697,"[5.283182206840136, -0.16133941029124807, 0.0, 0.0, 0.0, 0.0, 1.8561087107893086, 0.15542012203619388]","[-0.010411624691007777, -0.0012306208603904843, 0.0]","{""Controller Type"": ""MPC Controller"", ""weight_comfort"": 55.16445040014327, ""weight_trajectory"": 1347756.6209716932, ""weight_goal"": 2501000.0, ""Q"": [[1347756.6209716932, 0.0, 0.0, 0.0], [0.0, 0.0, 0.0, 0.0], [0.0, 0.0, 1347756.6209716932, 0.0], [0.0, 0.0, 0.0, 0.0]], ""R"": [[55.16445040014327, 0.0], [0.0, 55.16445040014327]], ""P"": [[2501000.0, 0.0, 0.0, 0.0], [0.0, 250100000.0, 0.0, 0.0], [0.0, 0.0, 2501000.0, 0.0], [0.0, 0.0, 0.0, 250100000.0]]}","[-0.17029461713468108, 0.13201337532993906, 0.0]",False
3,P01,c0150e75-d12d-467e-96b2-81d06399c7ad,32,1,haply,mpc,seeded_random,3975743691,persist_session,10.0,36.69867624282837,4246.096034206,0,1785827234.8934908,371.0,True,aggressive,adaptive,0.0,-0.15,0.0,0.096,-0.022,0.0,0.09824448,-0.02204516,0.0,0.06456847,-0.12752803,0.18193509,0.00029978622,-0.008198183,-0.0058034714,"[5.283185312289843, -0.16134520328818155, 0.0, 0.0, 0.0, 0.0, 1.8560987482441647, 0.15543307221907032]","[-0.009706731423945875, -0.0010995286659388462, 0.0]","{""Controller Type"": ""MPC Controller"", ""weight_comfort"": 55.16445040014327, ""weight_trajectory"": 1347756.6209716932, ""weight_goal"": 2501000.0, ""Q"": [[1347756.6209716932, 0.0, 0.0, 0.0], [0.0, 0.0, 0.0, 0.0], [0.0, 0.0, 1347756.6209716932, 0.0], [0.0, 0.0, 0.0, 0.0]], ""R"": [[55.16445040014327, 0.0], [0.0, 55.16445040014327]], ""P"": [[2501000.0, 0.0, 0.0, 0.0], [0.0, 250100000.0, 0.0, 0.0], [0.0, 0.0, 2501000.0, 0.0], [0.0, 0.0, 0.0, 250100000.0]]}","[-0.13995411790938744, 0.14975270803992938, 0.0]",False
3,P01,c0150e75-d12d-467e-96b2-81d06399c7ad,32,1,haply,mpc,seeded_random,3975743691,persist_session,10.0,36.70874394416809,4246.106105099,0,1785827234.903458,372.0,True,aggressive,adaptive,0.0,-0.15,0.0,0.096,-0.022,0.0,0.09827958,-0.0221242799999999,0.0,0.06452469,-0.12760095,0.18189771,-0.0009677341,-0.00832737,-0.0055183917,"[5.275326096274443, -0.1581878842052445, 0.0, 0.0, 0.0, 0.0, 1.856013773335739, 0.15554180306001456]","[-0.012582587410197082, -0.0010040154120915348, 0.0]","{""Controller Type"": ""MPC Controller"", ""weight_comfort"": 55.16026708984847, ""weight_trajectory"": 1347882.3712791547, ""weight_goal"": 2501000.0, ""Q"": [[1347882.3712791547, 0.0, 0.0, 0.0], [0.0, 0.0, 0.0, 0.0], [0.0, 0.0, 1347882.3712791547, 0.0], [0.0, 0.0, 0.0, 0.0]], ""R"": [[55.16026708984847, 0.0], [0.0, 55.16026708984847]], ""P"": [[2501000.0, 0.0, 0.0, 0.0], [0.0, 250100000.0, 0.0, 0.0], [0.0, 0.0, 2501000.0, 0.0], [0.0, 0.0, 0.0, 250100000.0]]}","[-0.4602586630383579, 0.16950203796082253, 0.0]",False
3,P01,c0150e75-d12d-467e-96b2-81d06399c7ad,32,1,haply,mpc,seeded_random,3975743691,persist_session,10.0,36.71873773574829,4246.116098427,0,1785827234.9135232,373.0,True,aggressive,adaptive,0.0,-0.15,0.0,0.096,-0.022,0.0,0.0981482399999999,-0.02219904,0.0,0.06452469,-0.12760095,0.18189771,-0.0016229409,-0.008088455,-0.0051712734,"[5.272608728848819, -0.15330506500979585, 0.0, 0.0, 0.0, 0.0, 1.8561469527321806, 0.15537434417567988]","[-0.009326339186380121, -0.0007846205785480354, 0.0]","{""Controller Type"": ""MPC Controller"", ""weight_comfort"": 55.16026708984847, ""weight_trajectory"": 1347882.3712791547, ""weight_goal"": 2501000.0, ""Q"": [[1347882.3712791547, 0.0, 0.0, 0.0], [0.0, 0.0, 0.0, 0.0], [0.0, 0.0, 1347882.3712791547, 0.0], [0.0, 0.0, 0.0, 0.0]], ""R"": [[55.16026708984847, 0.0], [0.0, 55.16026708984847]], ""P"": [[2501000.0, 0.0, 0.0, 0.0], [0.0, 250100000.0, 0.0, 0.0], [0.0, 0.0, 2501000.0, 0.0], [0.0, 0.0, 0.0, 250100000.0]]}","[-0.12859473804073238, 0.17293042599713598, 0.0]",False
3,P01,c0150e75-d12d-467e-96b2-81d06399c7ad,32,1,haply,mpc,seeded_random,3975743691,persist_session,10.0,36.72867311477661,4246.126036275,0,1785827234.9234293,374.0,True,aggressive,adaptive,0.0,-0.15,0.0,0.096,-0.022,0.0,0.0981482399999999,-0.02219904,0.0,0.064469226,-0.12762597,0.18189983,-0.002054209,-0.00785953,-0.0048927697,"[5.268442208555373, -0.15225571788479347, 0.0, 0.0, 0.0, 0.0, 1.8562659827179624, 0.15532553058718065]","[-0.011317878290106899, 0.0003694711812001916, 0.0]","{""Controller Type"": ""MPC Controller"", ""weight_comfort"": 55.16026708984847, ""weight_trajectory"": 1347882.3712791547, ""weight_goal"": 2501000.0, ""Q"": [[1347882.3712791547, 0.0, 0.0, 0.0], [0.0, 0.0, 0.0, 0.0], [0.0, 0.0, 1347882.3712791547, 0.0], [0.0, 0.0, 0.0, 0.0]], ""R"": [[55.16026708984847, 0.0], [0.0, 55.16026708984847]], ""P"": [[2501000.0, 0.0, 0.0, 0.0], [0.0, 250100000.0, 0.0, 0.0], [0.0, 0.0, 2501000.0, 0.0], [0.0, 0.0, 0.0, 250100000.0]]}","[-0.3718716199796145, 0.03445486874657013, 0.0]",False
3,P01,c0150e75-d12d-467e-96b2-81d06399c7ad,32,1,haply,mpc,seeded_random,3975743691,persist_session,10.0,36.738615407943726,4246.135981836,0,1785827234.9335203,375.0,True,aggressive,adaptive,0.0,-0.15,0.0,0.096,-0.022,0.0,0.097981848,-0.0221947999999999,0.0,0.064480886,-0.127674,0.18186022,-0.002350741,-0.0076344605,-0.0046543092,"[5.263284021631849, -0.14567674654690732, 0.0, 0.0, 0.0, 0.0, 1.8562667230023737, 0.15533034698778153]","[-0.008028959165499224, 0.00042686647364229837, 0.0]","{""Controller Type"": ""MPC Controller"", ""weight_comfort"": 55.15905880235484, ""weight_trajectory"": 1347918.692401213, ""weight_goal"": 2501000.0, ""Q"": [[1347918.692401213, 0.0, 0.0, 0.0], [0.0, 0.0, 0.0, 0.0], [0.0, 0.0, 1347918.692401213, 0.0], [0.0, 0.0, 0.0, 0.0]], ""R"": [[55.15905880235484, 0.0], [0.0, 55.15905880235484]], ""P"": [[2501000.0, 0.0, 0.0, 0.0], [0.0, 250100000.0, 0.0, 0.0], [0.0, 0.0, 2501000.0, 0.0], [0.0, 0.0, 0.0, 250100000.0]]}","[-0.03565942806885357, 0.025887511588580315, 0.0]",False
3,P01,c0150e75-d12d-467e-96b2-81d06399c7ad,32,1,haply,mpc,seeded_random,3975743691,persist_session,10.0,36.74863542556763,4246.145994703,0,1785827234.9434755,376.0,True,aggressive,adaptive,0.0,-0.15,0.0,0.096,-0.022,0.0,0.098016828,-0.02227402,0.0,0.06449253,-0.12772194,0.18182063,-0.0026081216,-0.006911805,-0.004053476,"[5.254708948490195, -0.14211788225295025, 0.0, 0.0, 0.0, 0.0, 1.8538887845608971, 0.15828573012154695]","[-0.011097199306282435, -0.0007515537912694419, 0.0]","{""Controller Type"": ""MPC Controller"", ""weight_comfort"": 55.15905880235484, ""weight_trajectory"": 1347918.692401213, ""weight_goal"": 2501000.0, ""Q"": [[1347918.692401213, 0.0, 0.0, 0.0], [0.0, 0.0, 0.0, 0.0], [0.0, 0.0, 1347918.692401213, 0.0], [0.0, 0.0, 0.0, 0.0]], ""R"": [[55.15905880235484, 0.0], [0.0, 55.15905880235484]], ""P"": [[2501000.0, 0.0, 0.0, 0.0], [0.0, 250100000.0, 0.0, 0.0], [0.0, 0.0, 2501000.0, 0.0], [0.0, 0.0, 0.0, 250100000.0]]}","[-0.41462983697677097, 0.19578754881216504, 0.0]",False
3,P01,c0150e75-d12d-467e-96b2-81d06399c7ad,32,1,haply,mpc,seeded_random,3975743691,persist_session,10.0,36.758638277053834,4246.155990997,0,1785827234.9535172,377.0,True,aggressive,adaptive,0.0,-0.15,0.0,0.096,-0.022,0.0,0.09805176,-0.0223531999999999,0.0,0.06449253,-0.12772194,0.18182063,-0.0027771902,-0.006465482,-0.003682259,"[5.254675509327574, -0.14210410661946457, 0.0, 0.0, 0.0, 0.0, 1.8539111253719993, 0.1582583877821304]","[-0.011275680766362118, -0.0005931127440841669, 0.0]","{""Controller Type"": ""MPC Controller"", ""weight_comfort"": 55.15905880235484, ""weight_trajectory"": 1347918.692401213, ""weight_goal"": 2501000.0, ""Q"": [[1347918.692401213, 0.0, 0.0, 0.0], [0.0, 0.0, 0.0, 0.0], [0.0, 0.0, 1347918.692401213, 0.0], [0.0, 0.0, 0.0, 0.0]], ""R"": [[55.15905880235484, 0.0], [0.0, 55.15905880235484]], ""P"": [[2501000.0, 0.0, 0.0, 0.0], [0.0, 250100000.0, 0.0, 0.0], [0.0, 0.0, 2501000.0, 0.0], [0.0, 0.0, 0.0, 250100000.0]]}","[-0.4200261579263183, 0.2081481759028514, 0.0]",False
3,P01,c0150e75-d12d-467e-96b2-81d06399c7ad,32,1,haply,mpc,seeded_random,3975743691,persist_session,10.0,36.76875556945801,4246.166108529,0,1785827234.9634216,378.0,True,aggressive,adaptive,0.0,-0.15,0.0,0.096,-0.022,0.0,0.09805176,-0.0223531999999999,0.0,0.06450667,-0.12777117,0.18185775,-0.0022865545,-0.0058743358,-0.0034425457,"[5.2556992736298636, -0.14236193253621474, 0.0, 0.0, 0.0, 0.0, 1.8541362181859, 0.15816608213094818]","[-0.01078343354166288, 0.0006548809122631918, 0.0]","{""Controller Type"": ""MPC Controller"", ""weight_comfort"": 55.152059810061516, ""weight_trajectory"": 1348129.0821095505, ""weight_goal"": 2501000.0, ""Q"": [[1348129.0821095505, 0.0, 0.0, 0.0], [0.0, 0.0, 0.0, 0.0], [0.0, 0.0, 1348129.0821095505, 0.0], [0.0, 0.0, 0.0, 0.0]], ""R"": [[55.152059810061516, 0.0], [0.0, 55.152059810061516]], ""P"": [[2501000.0, 0.0, 0.0, 0.0], [0.0, 250100000.0, 0.0, 0.0], [0.0, 0.0, 2501000.0, 0.0], [0.0, 0.0, 0.0, 250100000.0]]}","[-0.3551706213543502, 0.061140807587398614, 0.0]",False
3,P01,c0150e75-d12d-467e-96b2-81d06399c7ad,32,1,haply,mpc,seeded_random,3975743691,persist_session,10.0,36.77864374160767,4246.175984105,0,1785827234.9734895,379.0,True,aggressive,adaptive,0.0,-0.15,0.0,0.096,-0.022,0.0,0.09809418,-0.0222789599999999,0.0,0.06450667,-0.12777117,0.18185775,-0.0013656649,-0.00531316,-0.0032028372,"[5.253708374498247, -0.14150226976033237, 0.0, 0.0, 0.0, 0.0, 1.8525277254555688, 0.16042521324573136]","[-0.011598413049739308, 0.0016997409172559677, 0.0]","{""Controller Type"": ""MPC Controller"", ""weight_comfort"": 55.152059810061516, ""weight_trajectory"": 1348129.0821095505, ""weight_goal"": 2501000.0, ""Q"": [[1348129.0821095505, 0.0, 0.0, 0.0], [0.0, 0.0, 0.0, 0.0], [0.0, 0.0, 1348129.0821095505, 0.0], [0.0, 0.0, 0.0, 0.0]], ""R"": [[55.152059810061516, 0.0], [0.0, 55.152059810061516]], ""P"": [[2501000.0, 0.0, 0.0, 0.0], [0.0, 250100000.0, 0.0, 0.0], [0.0, 0.0, 2501000.0, 0.0], [0.0, 0.0, 0.0, 250100000.0]]}","[-0.441065942942833, -0.08918394757274699, 0.0]",False
3,P01,c0150e75-d12d-467e-96b2-81d06399c7ad,32,1,haply,mpc,seeded_random,3975743691,persist_session,10.0,36.78863061904907,4246.185993744,0,1785827234.9833224,380.0,True,aggressive,adaptive,0.0,-0.15,0.0,0.096,-0.022,0.0,0.09809418,-0.0222789599999999,0.0,0.06451833,-0.12781917,0.18181816,-0.00073917606,-0.00478539,-0.0029333145,"[5.254992307062771, -0.14182561336090022, 0.0, 0.0, 0.0, 0.0, 1.8523596776592814, 0.16049412497026924]","[-0.01100489978960472, 0.0005167342556797592, 0.0]","{""Controller Type"": ""MPC Controller"", ""weight_comfort"": 55.152059810061516, ""weight_trajectory"": 1348129.0821095505, ""weight_goal"": 2501000.0, ""Q"": [[1348129.0821095505, 0.0, 0.0, 0.0], [0.0, 0.0, 0.0, 0.0], [0.0, 0.0, 1348129.0821095505, 0.0], [0.0, 0.0, 0.0, 0.0]], ""R"": [[55.152059810061516, 0.0], [0.0, 55.152059810061516]], ""P"": [[2501000.0, 0.0, 0.0, 0.0], [0.0, 250100000.0, 0.0, 0.0], [0.0, 0.0, 2501000.0, 0.0], [0.0, 0.0, 0.0, 250100000.0]]}","[-0.36251490864994834, 0.048289621172835265, 0.0]",False
3,P01,c0150e75-d12d-467e-96b2-81d06399c7ad,32,1,haply,mpc,seeded_random,3975743691,persist_session,10.0,36.79866446495056,4246.196022967,0,1785827234.9934642,381.0,True,aggressive,adaptive,0.0,-0.15,0.0,0.096,-0.022,0.0,0.0981291599999999,-0.0223581399999999,0.0,0.06446277,-0.12784417,0.18182029,-0.0003331794,-0.004256305,-0.0026262936,"[5.253442246254721, -0.1411949045996253, 0.0, 0.0, 0.0, 0.0, 1.8501595114825273, 0.16318260088257044]","[-0.011672410913828715, -0.0006113919630128158, 0.0]","{""Controller Type"": ""MPC Controller"", ""weight_comfort"": 55.14507481501361, ""weight_trajectory"": 1348339.0510606905, ""weight_goal"": 2501000.0, ""Q"": [[1348339.0510606905, 0.0, 0.0, 0.0], [0.0, 0.0, 0.0, 0.0], [0.0, 0.0, 1348339.0510606905, 0.0], [0.0, 0.0, 0.0, 0.0]], ""R"": [[55.14507481501361, 0.0], [0.0, 55.14507481501361]], ""P"": [[2501000.0, 0.0, 0.0, 0.0], [0.0, 250100000.0, 0.0, 0.0], [0.0, 0.0, 2501000.0, 0.0], [0.0, 0.0, 0.0, 250100000.0]]}","[-0.4328721549627333, 0.20754881966539918, 0.0]",False
3,P01,c0150e75-d12d-467e-96b2-81d06399c7ad,32,1,haply,mpc,seeded_random,3975743691,persist_session,10.0,36.808750762939454,4246.20611213,0,1785827235.003359,382.0,True,aggressive,adaptive,0.0,-0.15,0.0,0.096,-0.022,0.0,0.09796248,-0.0223538799999999,0.0,0.06442133,-0.12791839,0.18185958,-0.00035473288,-0.0040022405,-0.0023371622,"[5.246589334381237, -0.1326449297530738, 0.0, 0.0, 0.0, 0.0, 1.8502781591968678, 0.16324057233926906]","[-0.008061905533954503, 0.0007250559225752719, 0.0]","{""Controller Type"": ""MPC Controller"", ""weight_comfort"": 55.14507481501361, ""weight_trajectory"": 1348339.0510606905, ""weight_goal"": 2501000.0, ""Q"": [[1348339.0510606905, 0.0, 0.0, 0.0], [0.0, 0.0, 0.0, 0.0], [0.0, 0.0, 1348339.0510606905, 0.0], [0.0, 0.0, 0.0, 0.0]], ""R"": [[55.14507481501361, 0.0], [0.0, 55.14507481501361]], ""P"": [[2501000.0, 0.0, 0.0, 0.0], [0.0, 250100000.0, 0.0, 0.0], [0.0, 0.0, 2501000.0, 0.0], [0.0, 0.0, 0.0, 250100000.0]]}","[-0.025669286706714076, 0.05323246881337741, 0.0]",False
3,P01,c0150e75-d12d-467e-96b2-81d06399c7ad,32,1,haply,mpc,seeded_random,3975743691,persist_session,10.0,36.818728342056275,4246.216088365,0,1785827235.013482,383.0,True,aggressive,adaptive,0.0,-0.15,0.0,0.096,-0.022,0.0,0.09783816,-0.0222752999999999,0.0,0.06437983,-0.12799256,0.18189888,-0.0005437874,-0.0039287596,-0.002100929,"[5.2474372494151975, -0.1339769966983286, 0.0, 0.0, 0.0, 0.0, 1.8485865183965657, 0.16560586890920712]","[-0.008000228805168572, 0.001794463344661177, 0.0]","{""Controller Type"": ""MPC Controller"", ""weight_comfort"": 55.14507481501361, ""weight_trajectory"": 1348339.0510606905, ""weight_goal"": 2501000.0, ""Q"": [[1348339.0510606905, 0.0, 0.0, 0.0], [0.0, 0.0, 0.0, 0.0], [0.0, 0.0, 1348339.0510606905, 0.0], [0.0, 0.0, 0.0, 0.0]], ""R"": [[55.14507481501361, 0.0], [0.0, 55.14507481501361]], ""P"": [[2501000.0, 0.0, 0.0, 0.0], [0.0, 250100000.0, 0.0, 0.0], [0.0, 0.0, 2501000.0, 0.0], [0.0, 0.0, 0.0, 250100000.0]]}","[-0.08923506918800951, -0.09706593222318895, 0.0]",False
3,P01,c0150e75-d12d-467e-96b2-81d06399c7ad,32,1,haply,mpc,seeded_random,3975743691,persist_session,10.0,36.82866419792175,4246.226024604,0,1785827235.0233886,384.0,True,aggressive,adaptive,0.0,-0.15,0.0,0.096,-0.022,0.0,0.09771366,-0.0221966999999999,0.0,0.06426858,-0.12804243,0.18190312,-0.00087749044,-0.003844476,-0.0014779322,"[5.247391135312589, -0.13391156536654997, 0.0, 0.0, 0.0, 0.0, 1.8485480607121836, 0.16565858872653422]","[-0.007309355530045861, 0.0016779395689388668, 0.0]","{""Controller Type"": ""MPC Controller"", ""weight_comfort"": 55.142212304562726, ""weight_trajectory"": 1348425.0981248443, ""weight_goal"": 2501000.0, ""Q"": [[1348425.0981248443, 0.0, 0.0, 0.0], [0.0, 0.0, 0.0, 0.0], [0.0, 0.0, 1348425.0981248443, 0.0], [0.0, 0.0, 0.0, 0.0]], ""R"": [[55.142212304562726, 0.0], [0.0, 55.142212304562726]], ""P"": [[2501000.0, 0.0, 0.0, 0.0], [0.0, 250100000.0, 0.0, 0.0], [0.0, 0.0, 2501000.0, 0.0], [0.0, 0.0, 0.0, 250100000.0]]}","[-0.062352284183902165, -0.1138652588188769, 0.0]",False
3,P01,c0150e75-d12d-467e-96b2-81d06399c7ad,32,1,haply,mpc,seeded_random,3975743691,persist_session,10.0,36.838607206344605,4246.235955584,0,1785827235.0334992,385.0,True,aggressive,adaptive,0.0,-0.15,0.0,0.096,-0.022,0.0,0.09737991,-0.0221882199999999,0.0,0.064157285,-0.12809221,0.18190736,-0.0012638799,-0.0036569035,-0.00061798876,"[5.226738877127593, -0.11545989428912917, 0.0, 0.0, 0.0, 0.0, 1.8486362691757534, 0.16544653298803408]","[-0.0034011147689133187, 0.00048671402050169405, 0.0]","{""Controller Type"": ""MPC Controller"", ""weight_comfort"": 55.142212304562726, ""weight_trajectory"": 1348425.0981248443, ""weight_goal"": 2501000.0, ""Q"": [[1348425.0981248443, 0.0, 0.0, 0.0], [0.0, 0.0, 0.0, 0.0], [0.0, 0.0, 1348425.0981248443, 0.0], [0.0, 0.0, 0.0, 0.0]], ""R"": [[55.142212304562726, 0.0], [0.0, 55.142212304562726]], ""P"": [[2501000.0, 0.0, 0.0, 0.0], [0.0, 250100000.0, 0.0, 0.0], [0.0, 0.0, 2501000.0, 0.0], [0.0, 0.0, 0.0, 250100000.0]]}","[0.37654112690275265, 0.016945583633242604, 0.0]",False
3,P01,c0150e75-d12d-467e-96b2-81d06399c7ad,32,1,haply,mpc,seeded_random,3975743691,persist_session,10.0,36.848738803863526,4246.246094765,0,1785827235.0433898,386.0,True,aggressive,adaptive,0.0,-0.15,0.0,0.096,-0.022,0.0,0.0970460249999999,-0.02217974,0.0,0.06411562,-0.12816638,0.18194672,-0.0029539654,-0.004161698,3.149853e-05,"[5.225923617376482, -0.11475713294621362, 0.0, 0.0, 0.0, 0.0, 1.8486360731549898, 0.1654469754122776]","[-0.0015924801079048186, 0.0004741253578463995, 0.0]","{""Controller Type"": ""MPC Controller"", ""weight_comfort"": 55.142212304562726, ""weight_trajectory"": 1348425.0981248443, ""weight_goal"": 2501000.0, ""Q"": [[1348425.0981248443, 0.0, 0.0, 0.0], [0.0, 0.0, 0.0, 0.0], [0.0, 0.0, 1348425.0981248443, 0.0], [0.0, 0.0, 0.0, 0.0]], ""R"": [[55.142212304562726, 0.0], [0.0, 55.142212304562726]], ""P"": [[2501000.0, 0.0, 0.0, 0.0], [0.0, 250100000.0, 0.0, 0.0], [0.0, 0.0, 2501000.0, 0.0], [0.0, 0.0, 0.0, 250100000.0]]}","[0.44828597043968027, 0.015129732810518045, 0.0]",False
3,P01,c0150e75-d12d-467e-96b2-81d06399c7ad,32,1,haply,mpc,seeded_random,3975743691,persist_session,10.0,36.858674659729004,4246.256022428,0,1785827235.0534022,387.0,True,aggressive,adaptive,0.0,-0.15,0.0,0.096,-0.022,0.0,0.0969210299999999,-0.0221010199999999,0.0,0.06400422,-0.12821607,0.18195097,-0.004289962,-0.004528482,0.0005008893,"[5.232913579863806, -0.12180832962659276, 0.0, 0.0, 0.0, 0.0, 1.8468737321243607, 0.16781197025470587]","[-0.003299011006024224, 0.0015059525343857315, 0.0]","{""Controller Type"": ""MPC Controller"", ""weight_comfort"": 55.136068304062334, ""weight_trajectory"": 1348609.7867798859, ""weight_goal"": 2501000.0, ""Q"": [[1348609.7867798859, 0.0, 0.0, 0.0], [0.0, 0.0, 0.0, 0.0], [0.0, 0.0, 1348609.7867798859, 0.0], [0.0, 0.0, 0.0, 0.0]], ""R"": [[55.136068304062334, 0.0], [0.0, 55.136068304062334]], ""P"": [[2501000.0, 0.0, 0.0, 0.0], [0.0, 250100000.0, 0.0, 0.0], [0.0, 0.0, 2501000.0, 0.0], [0.0, 0.0, 0.0, 250100000.0]]}","[0.07330720113619253, -0.12909126336500773, 0.0]",False
3,P01,c0150e75-d12d-467e-96b2-81d06399c7ad,32,1,haply,mpc,seeded_random,3975743691,persist_session,10.0,36.86867250442505,4246.266023384,0,1785827235.06328,388.0,True,aggressive,adaptive,0.0,-0.15,0.0,0.096,-0.022,0.0,0.09658683,-0.02209252,0.0,0.06394852,-0.12824082,0.18195309,-0.00522228,-0.0047897785,0.0008093809,"[5.2075443352982544, -0.10084103681272863, 0.0, 0.0, 0.0, 0.0, 1.8470231092909584, 0.16756794927664104]","[0.0003558148999642306, 0.0003150796417032051, 0.0]","{""Controller Type"": ""MPC Controller"", ""weight_comfort"": 55.136068304062334, ""weight_trajectory"": 1348609.7867798859, ""weight_goal"": 2501000.0, ""Q"": [[1348609.7867798859, 0.0, 0.0, 0.0], [0.0, 0.0, 0.0, 0.0], [0.0, 0.0, 1348609.7867798859, 0.0], [0.0, 0.0, 0.0, 0.0]], ""R"": [[55.136068304062334, 0.0], [0.0, 55.136068304062334]], ""P"": [[2501000.0, 0.0, 0.0, 0.0], [0.0, 250100000.0, 0.0, 0.0], [0.0, 0.0, 2501000.0, 0.0], [0.0, 0.0, 0.0, 250100000.0]]}","[0.529175947218326, -2.680524387164855e-05, 0.0]",False
3,P01,c0150e75-d12d-467e-96b2-81d06399c7ad,32,1,haply,mpc,seeded_random,3975743691,persist_session,10.0,36.87873710632324,4246.276096069,0,1785827235.0733984,389.0,True,aggressive,adaptive,0.0,-0.15,0.0,0.096,-0.022,0.0,0.0964197299999999,-0.0220882799999999,0.0,0.063906685,-0.1283149,0.18199247,-0.0059820865,-0.0049994076,0.0010724961,"[5.217020384195407, -0.10886714587582667, 0.0, 0.0, 0.0, 0.0, 1.8470260775342477, 0.16756122137796858]","[-0.0003918295439597759, 0.0002332711470505455, 0.0]","{""Controller Type"": ""MPC Controller"", ""weight_comfort"": 55.136068304062334, ""weight_trajectory"": 1348609.7867798859, ""weight_goal"": 2501000.0, ""Q"": [[1348609.7867798859, 0.0, 0.0, 0.0], [0.0, 0.0, 0.0, 0.0], [0.0, 0.0, 1348609.7867798859, 0.0], [0.0, 0.0, 0.0, 0.0]], ""R"": [[55.136068304062334, 0.0], [0.0, 55.136068304062334]], ""P"": [[2501000.0, 0.0, 0.0, 0.0], [0.0, 250100000.0, 0.0, 0.0], [0.0, 0.0, 2501000.0, 0.0], [0.0, 0.0, 0.0, 250100000.0]]}","[0.2352311141626463, 0.007469506519055121, 0.0]",False
3,P01,c0150e75-d12d-467e-96b2-81d06399c7ad,32,1,haply,mpc,seeded_random,3975743691,persist_session,10.0,36.88860143661499,4246.285971756,0,1785827235.0833764,390.0,True,aggressive,adaptive,0.0,-0.15,0.0,0.096,-0.022,0.0,0.096294225,-0.02200952,0.0,0.063864835,-0.12838897,0.1820319,-0.006455546,-0.005158239,0.0012718143,"[5.218700663023528, -0.110281455169046, 0.0, 0.0, 0.0, 0.0, 1.8450697202659283, 0.17013465920653298]","[-0.00014834087210412032, 0.0013604925659378901, 0.0]","{""Controller Type"": ""MPC Controller"", ""weight_comfort"": 55.12957811884173, ""weight_trajectory"": 1348804.8817476174, ""weight_goal"": 2501000.0, ""Q"": [[1348804.8817476174, 0.0, 0.0, 0.0], [0.0, 0.0, 0.0, 0.0], [0.0, 0.0, 1348804.8817476174, 0.0], [0.0, 0.0, 0.0, 0.0]], ""R"": [[55.12957811884173, 0.0], [0.0, 55.12957811884173]], ""P"": [[2501000.0, 0.0, 0.0, 0.0], [0.0, 250100000.0, 0.0, 0.0], [0.0, 0.0, 2501000.0, 0.0], [0.0, 0.0, 0.0, 250100000.0]]}","[0.18356524909072344, -0.14550981554179007, 0.0]",False
3,P01,c0150e75-d12d-467e-96b2-81d06399c7ad,32,1,haply,mpc,seeded_random,3975743691,persist_session,10.0,36.89860905647278,4246.295978178,0,1785827235.0934076,391.0,True,aggressive,adaptive,0.0,-0.15,0.0,0.096,-0.022,0.0,0.0961686749999999,-0.0219306599999999,0.0,0.063809045,-0.12841372,0.18203402,-0.0067251534,-0.005279303,0.0014336512,"[5.2187258760098905, -0.11030205788234244, 0.0, 0.0, 0.0, 0.0, 1.8450814421091548, 0.17011949406565177]","[0.0005002632739292305, 0.0012094486211873257, 0.0]","{""Controller Type"": ""MPC Controller"", ""weight_comfort"": 55.12957811884173, ""weight_trajectory"": 1348804.8817476174, ""weight_goal"": 2501000.0, ""Q"": [[1348804.8817476174, 0.0, 0.0, 0.0], [0.0, 0.0, 0.0, 0.0], [0.0, 0.0, 1348804.8817476174, 0.0], [0.0, 0.0, 0.0, 0.0]], ""R"": [[55.12957811884173, 0.0], [0.0, 55.12957811884173]], ""P"": [[2501000.0, 0.0, 0.0, 0.0], [0.0, 250100000.0, 0.0, 0.0], [0.0, 0.0, 2501000.0, 0.0], [0.0, 0.0, 0.0, 250100000.0]]}","[0.20413987872764677, -0.15856719700123487, 0.0]",False
3,P01,c0150e75-d12d-467e-96b2-81d06399c7ad,32,1,haply,mpc,seeded_random,3975743691,persist_session,10.0,36.90867246627808,4246.306032045,0,1785827235.103424,392.0,True,aggressive,adaptive,0.0,-0.15,0.0,0.096,-0.022,0.0,0.0960013049999999,-0.02192642,0.0,0.06382291,-0.12846301,0.18207133,-0.0068821646,-0.0053498475,0.0015496135,"[5.216099865262692, -0.10823531690624418, 0.0, 0.0, 0.0, 0.0, 1.8452305273321248, 0.16996384908894735]","[0.0018017539711918296, -6.382567971870529e-05, 0.0]","{""Controller Type"": ""MPC Controller"", ""weight_comfort"": 55.12957811884173, ""weight_trajectory"": 1348804.8817476174, ""weight_goal"": 2501000.0, ""Q"": [[1348804.8817476174, 0.0, 0.0, 0.0], [0.0, 0.0, 0.0, 0.0], [0.0, 0.0, 1348804.8817476174, 0.0], [0.0, 0.0, 0.0, 0.0]], ""R"": [[55.12957811884173, 0.0], [0.0, 55.12957811884173]], ""P"": [[2501000.0, 0.0, 0.0, 0.0], [0.0, 250100000.0, 0.0, 0.0], [0.0, 0.0, 2501000.0, 0.0], [0.0, 0.0, 0.0, 250100000.0]]}","[0.3112958157806495, -0.020629071765213974, 0.0]",False
3,P01,c0150e75-d12d-467e-96b2-81d06399c7ad,32,1,haply,mpc,seeded_random,3975743691,persist_session,10.0,36.91861762046814,4246.315984361,0,1785827235.1135836,393.0,True,aggressive,adaptive,0.0,-0.15,0.0,0.096,-0.022,0.0,0.0960428999999999,-0.0218517999999999,0.0,0.06382291,-0.12846301,0.18207133,-0.0069962842,-0.005408836,0.0016404309,"[5.212830805852599, -0.10573297135007541, 0.0, 0.0, 0.0, 0.0, 1.8434824598637984, 0.17218463034131282]","[-0.0006565224336146492, 0.0009914670555453446, 0.0]","{""Controller Type"": ""MPC Controller"", ""weight_comfort"": 55.12548438827245, ""weight_trajectory"": 1348927.9392885298, ""weight_goal"": 2501000.0, ""Q"": [[1348927.9392885298, 0.0, 0.0, 0.0], [0.0, 0.0, 0.0, 0.0], [0.0, 0.0, 1348927.9392885298, 0.0], [0.0, 0.0, 0.0, 0.0]], ""R"": [[55.12548438827245, 0.0], [0.0, 55.12548438827245]], ""P"": [[2501000.0, 0.0, 0.0, 0.0], [0.0, 250100000.0, 0.0, 0.0], [0.0, 0.0, 2501000.0, 0.0], [0.0, 0.0, 0.0, 250100000.0]]}","[-0.0837559718889843, -0.1625873298078913, 0.0]",False
3,P01,c0150e75-d12d-467e-96b2-81d06399c7ad,32,1,haply,mpc,seeded_random,3975743691,persist_session,10.0,36.928652420043946,4246.326013191,0,1785827235.1236494,394.0,True,aggressive,adaptive,0.0,-0.15,0.0,0.096,-0.022,0.0,0.0960428999999999,-0.0218517999999999,0.0,0.06382291,-0.12846301,0.18207133,-0.0070752176,-0.005450262,0.0017037824,"[5.21285676818688, -0.1057395041387995, 0.0, 0.0, 0.0, 0.0, 1.8435704538363171, 0.1721485510510003]","[-0.00022363155535513695, -0.0002732171412585826, 0.0]","{""Controller Type"": ""MPC Controller"", ""weight_comfort"": 55.12548438827245, ""weight_trajectory"": 1348927.9392885298, ""weight_goal"": 2501000.0, ""Q"": [[1348927.9392885298, 0.0, 0.0, 0.0], [0.0, 0.0, 0.0, 0.0], [0.0, 0.0, 1348927.9392885298, 0.0], [0.0, 0.0, 0.0, 0.0]], ""R"": [[55.12548438827245, 0.0], [0.0, 55.12548438827245]], ""P"": [[2501000.0, 0.0, 0.0, 0.0], [0.0, 250100000.0, 0.0, 0.0], [0.0, 0.0, 2501000.0, 0.0], [0.0, 0.0, 0.0, 250100000.0]]}","[-0.007426333186352397, -0.02565460516846366, 0.0]",False
3,P01,c0150e75-d12d-467e-96b2-81d06399c7ad,32,1,haply,mpc,seeded_random,3975743691,persist_session,10.0,36.93866027832031,4246.33602426,0,1785827235.1338098,395.0,True,aggressive,adaptive,0.0,-0.15,0.0,0.096,-0.022,0.0,0.0960428999999999,-0.0218517999999999,0.0,0.06382291,-0.12846301,0.18207133,-0.0062577818,-0.005092653,0.0017162621,"[5.21285676818688, -0.1057395041387995, 0.0, 0.0, 0.0, 0.0, 1.8435704538363171, 0.1721485510510003]","[-0.00022363155535513695, -0.0002732171412585826, 0.0]","{""Controller Type"": ""MPC Controller"", ""weight_comfort"": 55.12548438827245, ""weight_trajectory"": 1348927.9392885298, ""weight_goal"": 2501000.0, ""Q"": [[1348927.9392885298, 0.0, 0.0, 0.0], [0.0, 0.0, 0.0, 0.0], [0.0, 0.0, 1348927.9392885298, 0.0], [0.0, 0.0, 0.0, 0.0]], ""R"": [[55.12548438827245, 0.0], [0.0, 55.12548438827245]], ""P"": [[2501000.0, 0.0, 0.0, 0.0], [0.0, 250100000.0, 0.0, 0.0], [0.0, 0.0, 2501000.0, 0.0], [0.0, 0.0, 0.0, 250100000.0]]}","[-0.007426333114908292, -0.0256546051885084, 0.0]",False
3,P01,c0150e75-d12d-467e-96b2-81d06399c7ad,32,1,haply,mpc,seeded_random,3975743691,persist_session,10.0,36.94862236022949,4246.345983617,0,1785827235.1433578,396.0,True,aggressive,adaptive,0.0,-0.15,0.0,0.096,-0.022,0.0,0.0960428999999999,-0.0218517999999999,0.0,0.06382291,-0.12846301,0.18207133,-0.0042786766,-0.0042190985,0.0016739925,"[5.2128567538904, -0.1057395005414389, 0.0, 0.0, 0.0, 0.0, 1.8435704208432406, 0.1721485645788222]","[-0.00022363155474181798, -0.00027321713636900867, 0.0]","{""Controller Type"": ""MPC Controller"", ""weight_comfort"": 55.12548438827245, ""weight_trajectory"": 1348927.9392885298, ""weight_goal"": 2501000.0, ""Q"": [[1348927.9392885298, 0.0, 0.0, 0.0], [0.0, 0.0, 0.0, 0.0], [0.0, 0.0, 1348927.9392885298, 0.0], [0.0, 0.0, 0.0, 0.0]], ""R"": [[55.12548438827245, 0.0], [0.0, 55.12548438827245]], ""P"": [[2501000.0, 0.0, 0.0, 0.0], [0.0, 250100000.0, 0.0, 0.0], [0.0, 0.0, 2501000.0, 0.0], [0.0, 0.0, 0.0, 250100000.0]]}","[-0.007426333114907151, -0.025654605188508397, 0.0]",False
3,P01,c0150e75-d12d-467e-96b2-81d06399c7ad,32,1,haply,mpc,seeded_random,3975743691,persist_session,10.0,36.95859827041626,4246.355967952,0,1785827235.1535373,397.0,True,aggressive,adaptive,0.0,-0.15,0.0,0.096,-0.022,0.0,0.0960428999999999,-0.0218517999999999,0.0,0.06382291,-0.12846301,0.18207133,-0.003070043,-0.003079457,0.0012365481,"[5.2128567538904, -0.1057395005414389, 0.0, 0.0, 0.0, 0.0, 1.8435704208432406, 0.1721485645788222]","[-0.00022363155474181798, -0.00027321713636900867, 0.0]","{""Controller Type"": ""MPC Controller"", ""weight_comfort"": 55.12548438827245, ""weight_trajectory"": 1348927.9392885298, ""weight_goal"": 2501000.0, ""Q"": [[1348927.9392885298, 0.0, 0.0, 0.0], [0.0, 0.0, 0.0, 0.0], [0.0, 0.0, 1348927.9392885298, 0.0], [0.0, 0.0, 0.0, 0.0]], ""R"": [[55.12548438827245, 0.0], [0.0, 55.12548438827245]], ""P"": [[2501000.0, 0.0, 0.0, 0.0], [0.0, 250100000.0, 0.0, 0.0], [0.0, 0.0, 2501000.0, 0.0], [0.0, 0.0, 0.0, 250100000.0]]}","[-0.007426333114908285, -0.025654605188507967, 0.0]",False
3,P01,c0150e75-d12d-467e-96b2-81d06399c7ad,32,1,haply,mpc,seeded_random,3975743691,persist_session,10.0,36.96862854003906,4246.365988879,0,1785827235.1633627,398.0,True,aggressive,adaptive,0.0,-0.15,0.0,0.096,-0.022,0.0,0.0960428999999999,-0.0218517999999999,0.0,0.063767105,-0.12848774,0.18207344,-0.0023722777,-0.0022929232,0.00089909,"[5.21285673957961, -0.10573949694047735, 0.0, 0.0, 0.0, 0.0, 1.8435703878171392, 0.17214857812018494]","[-0.00022363155412788508, -0.0002732171314745405, 0.0]","{""Controller Type"": ""MPC Controller"", ""weight_comfort"": 55.12558750051115, ""weight_trajectory"": 1348924.8397346344, ""weight_goal"": 2501000.0, ""Q"": [[1348924.8397346344, 0.0, 0.0, 0.0], [0.0, 0.0, 0.0, 0.0], [0.0, 0.0, 1348924.8397346344, 0.0], [0.0, 0.0, 0.0, 0.0]], ""R"": [[55.12558750051115, 0.0], [0.0, 55.12558750051115]], ""P"": [[2501000.0, 0.0, 0.0, 0.0], [0.0, 250100000.0, 0.0, 0.0], [0.0, 0.0, 2501000.0, 0.0], [0.0, 0.0, 0.0, 250100000.0]]}","[-0.007426333114908476, -0.02565460518850834, 0.0]",False
3,P01,c0150e75-d12d-467e-96b2-81d06399c7ad,32,1,haply,mpc,seeded_random,3975743691,persist_session,10.0,36.97865571022034,4246.375998975,0,1785827235.173447,399.0,True,aggressive,adaptive,0.0,-0.15,0.0,0.096,-0.022,0.0,0.095875485,-0.0218475799999999,0.0,0.063767105,-0.12848774,0.18207344,-0.0020759765,-0.0018045004,0.00065522676,"[5.202266967689372, -0.09757087485090861, 0.0, 0.0, 0.0, 0.0, 1.8435593546126694, 0.17215837658793895]","[0.0022676116634555024, -0.00020895075292129222, 0.0]","{""Controller Type"": ""MPC Controller"", ""weight_comfort"": 55.12558750051115, ""weight_trajectory"": 1348924.8397346344, ""weight_goal"": 2501000.0, ""Q"": [[1348924.8397346344, 0.0, 0.0, 0.0], [0.0, 0.0, 0.0, 0.0], [0.0, 0.0, 1348924.8397346344, 0.0], [0.0, 0.0, 0.0, 0.0]], ""R"": [[55.12558750051115, 0.0], [0.0, 55.12558750051115]], ""P"": [[2501000.0, 0.0, 0.0, 0.0], [0.0, 250100000.0, 0.0, 0.0], [0.0, 0.0, 2501000.0, 0.0], [0.0, 0.0, 0.0, 250100000.0]]}","[0.33106801241460354, -0.034186970435186925, 0.0]",False
3,P01,c0150e75-d12d-467e-96b2-81d06399c7ad,32,1,haply,mpc,seeded_random,3975743691,persist_session,10.0,36.9886328125,4246.385996354,0,1785827235.1834972,400.0,True,aggressive,adaptive,0.0,-0.15,0.0,0.096,-0.022,0.0,0.095875485,-0.0218475799999999,0.0,0.063767105,-0.12848774,0.18207344,-0.0018739058,-0.0014714063,0.00048891705,"[5.202574264229313, -0.09764819412314218, 0.0, 0.0, 0.0, 0.0, 1.843564506490129, 0.1721562642152546]","[0.0006477985345104698, -0.00028099610207926447, 0.0]","{""Controller Type"": ""MPC Controller"", ""weight_comfort"": 55.12558750051115, ""weight_trajectory"": 1348924.8397346344, ""weight_goal"": 2501000.0, ""Q"": [[1348924.8397346344, 0.0, 0.0, 0.0], [0.0, 0.0, 0.0, 0.0], [0.0, 0.0, 1348924.8397346344, 0.0], [0.0, 0.0, 0.0, 0.0]], ""R"": [[55.12558750051115, 0.0], [0.0, 55.12558750051115]], ""P"": [[2501000.0, 0.0, 0.0, 0.0], [0.0, 250100000.0, 0.0, 0.0], [0.0, 0.0, 2501000.0, 0.0], [0.0, 0.0, 0.0, 250100000.0]]}","[0.021554541039410246, -0.02638511965120891, 0.0]",False
3,P01,c0150e75-d12d-467e-96b2-81d06399c7ad,32,1,haply,mpc,seeded_random,3975743691,persist_session,10.0,36.998779191970826,4246.396138855,0,1785827235.1936717,401.0,True,aggressive,adaptive,0.0,-0.15,0.0,0.096,-0.022,0.0,0.095875485,-0.0218475799999999,0.0,0.063767105,-0.12848774,0.18207344,-0.0017223908,-0.001221649,0.00036421628,"[5.202574264229313, -0.09764819412314218, 0.0, 0.0, 0.0, 0.0, 1.843564506490129, 0.1721562642152546]","[0.0006477985345104698, -0.00028099610207926447, 0.0]","{""Controller Type"": ""MPC Controller"", ""weight_comfort"": 55.12558750051115, ""weight_trajectory"": 1348924.8397346344, ""weight_goal"": 2501000.0, ""Q"": [[1348924.8397346344, 0.0, 0.0, 0.0], [0.0, 0.0, 0.0, 0.0], [0.0, 0.0, 1348924.8397346344, 0.0], [0.0, 0.0, 0.0, 0.0]], ""R"": [[55.12558750051115, 0.0], [0.0, 55.12558750051115]], ""P"": [[2501000.0, 0.0, 0.0, 0.0], [0.0, 250100000.0, 0.0, 0.0], [0.0, 0.0, 2501000.0, 0.0], [0.0, 0.0, 0.0, 250100000.0]]}","[0.021554541039410246, -0.02638511965120891, 0.0]",False
3,P01,c0150e75-d12d-467e-96b2-81d06399c7ad,32,1,haply,mpc,seeded_random,3975743691,persist_session,10.0,37.00872100830078,4246.406085625,0,1785827235.203538,402.0,True,aggressive,adaptive,0.0,-0.15,0.0,0.096,-0.022,0.0,0.095875485,-0.0218475799999999,0.0,0.063767105,-0.12848774,0.18207344,-0.0014637047,-0.000977632,0.00027009228,"[5.202574143551792, -0.09764816375931792, 0.0, 0.0, 0.0, 0.0, 1.843564471451516, 0.17215627858178595]","[0.0006477985194843083, -0.00028099609673867907, 0.0]","{""Controller Type"": ""MPC Controller"", ""weight_comfort"": 55.1227212958478, ""weight_trajectory"": 1349010.9978468146, ""weight_goal"": 2501000.0, ""Q"": [[1349010.9978468146, 0.0, 0.0, 0.0], [0.0, 0.0, 0.0, 0.0], [0.0, 0.0, 1349010.9978468146, 0.0], [0.0, 0.0, 0.0, 0.0]], ""R"": [[55.1227212958478, 0.0], [0.0, 55.1227212958478]], ""P"": [[2501000.0, 0.0, 0.0, 0.0], [0.0, 250100000.0, 0.0, 0.0], [0.0, 0.0, 2501000.0, 0.0], [0.0, 0.0, 0.0, 250100000.0]]}","[0.021554541228724685, -0.026385119695798296, 0.0]",False
3,P01,c0150e75-d12d-467e-96b2-81d06399c7ad,32,1,haply,mpc,seeded_random,3975743691,persist_session,10.0,37.018605127334595,4246.415970834,0,1785827235.2134874,403.0,True,aggressive,adaptive,0.0,-0.15,0.0,0.096,-0.022,0.0,0.095875485,-0.0218475799999999,0.0,0.06378094,-0.128537,0.18211076,-0.0010282007,-0.0007849109,0.0002566592,"[5.202574022753478, -0.09764813336510085, 0.0, 0.0, 0.0, 0.0, 1.8435644363778307, 0.17215629296269766]","[0.0006477985044431062, -0.00028099609139274796, 0.0]","{""Controller Type"": ""MPC Controller"", ""weight_comfort"": 55.1227212958478, ""weight_trajectory"": 1349010.9978468146, ""weight_goal"": 2501000.0, ""Q"": [[1349010.9978468146, 0.0, 0.0, 0.0], [0.0, 0.0, 0.0, 0.0], [0.0, 0.0, 1349010.9978468146, 0.0], [0.0, 0.0, 0.0, 0.0]], ""R"": [[55.1227212958478, 0.0], [0.0, 55.1227212958478]], ""P"": [[2501000.0, 0.0, 0.0, 0.0], [0.0, 250100000.0, 0.0, 0.0], [0.0, 0.0, 2501000.0, 0.0], [0.0, 0.0, 0.0, 250100000.0]]}","[0.02155456940347047, -0.026385154184769843, 0.0]",False
3,P01,c0150e75-d12d-467e-96b2-81d06399c7ad,32,1,haply,mpc,seeded_random,3975743691,persist_session,10.0,37.02861441612244,4246.42597405,0,1785827235.22348,404.0,True,aggressive,adaptive,0.0,-0.15,0.0,0.096,-0.022,0.0,0.0959169899999999,-0.0217729399999999,0.0,0.06378094,-0.128537,0.18211076,-0.00068325107,-0.0007776453,0.00034514736,"[5.201974567152923, -0.09714876002550772, 0.0, 0.0, 0.0, 0.0, 1.8415510306899976, 0.17467396341060126]","[2.830135887894864e-05, 0.0008865894544647523, 0.0]","{""Controller Type"": ""MPC Controller"", ""weight_comfort"": 55.1227212958478, ""weight_trajectory"": 1349010.9978468146, ""weight_goal"": 2501000.0, ""Q"": [[1349010.9978468146, 0.0, 0.0, 0.0], [0.0, 0.0, 0.0, 0.0], [0.0, 0.0, 1349010.9978468146, 0.0], [0.0, 0.0, 0.0, 0.0]], ""R"": [[55.1227212958478, 0.0], [0.0, 55.1227212958478]], ""P"": [[2501000.0, 0.0, 0.0, 0.0], [0.0, 250100000.0, 0.0, 0.0], [0.0, 0.0, 2501000.0, 0.0], [0.0, 0.0, 0.0, 250100000.0]]}","[-0.06306698317537188, -0.1785632694764349, 0.0]",False
3,P01,c0150e75-d12d-467e-96b2-81d06399c7ad,32,1,haply,mpc,seeded_random,3975743691,persist_session,10.0,37.03877915382385,4246.436130171,0,1785827235.2335317,405.0,True,aggressive,adaptive,0.0,-0.15,0.0,0.096,-0.022,0.0,0.0959169899999999,-0.0217729399999999,0.0,0.0637948,-0.12858634,0.18214817,-0.00042244268,-0.000797604,0.00042952652,"[5.201923039161733, -0.09713579504385035, 0.0, 0.0, 0.0, 0.0, 1.8416894074822832, 0.1746172271929156]","[0.0004318116314809311, -0.00041817399686299323, 0.0]","{""Controller Type"": ""MPC Controller"", ""weight_comfort"": 55.11965752164094, ""weight_trajectory"": 1349103.094899473, ""weight_goal"": 2501000.0, ""Q"": [[1349103.094899473, 0.0, 0.0, 0.0], [0.0, 0.0, 0.0, 0.0], [0.0, 0.0, 1349103.094899473, 0.0], [0.0, 0.0, 0.0, 0.0]], ""R"": [[55.11965752164094, 0.0], [0.0, 55.11965752164094]], ""P"": [[2501000.0, 0.0, 0.0, 0.0], [0.0, 250100000.0, 0.0, 0.0], [0.0, 0.0, 2501000.0, 0.0], [0.0, 0.0, 0.0, 250100000.0]]}","[0.014369712821463964, -0.03930595134668276, 0.0]",False
3,P01,c0150e75-d12d-467e-96b2-81d06399c7ad,32,1,haply,mpc,seeded_random,3975743691,persist_session,10.0,37.04863847732544,4246.446002351,0,1785827235.2435677,406.0,True,aggressive,adaptive,0.0,-0.15,0.0,0.096,-0.022,0.0,0.0959585699999999,-0.0216981199999999,0.0,0.063808635,-0.12863562,0.18218556,-0.00022260367,-0.00085794844,0.00052500813,"[5.201302025960325, -0.0966333860898897, 0.0, 0.0, 0.0, 0.0, 1.8396422767526877, 0.1771385179475891]","[-0.0001848707116223235, 0.0007652461305785082, 0.0]","{""Controller Type"": ""MPC Controller"", ""weight_comfort"": 55.11965752164094, ""weight_trajectory"": 1349103.094899473, ""weight_goal"": 2501000.0, ""Q"": [[1349103.094899473, 0.0, 0.0, 0.0], [0.0, 0.0, 0.0, 0.0], [0.0, 0.0, 1349103.094899473, 0.0], [0.0, 0.0, 0.0, 0.0]], ""R"": [[55.11965752164094, 0.0], [0.0, 55.11965752164094]], ""P"": [[2501000.0, 0.0, 0.0, 0.0], [0.0, 250100000.0, 0.0, 0.0], [0.0, 0.0, 2501000.0, 0.0], [0.0, 0.0, 0.0, 250100000.0]]}","[-0.0700693831905393, -0.19124767686599906, 0.0]",False
3,P01,c0150e75-d12d-467e-96b2-81d06399c7ad,32,1,haply,mpc,seeded_random,3975743691,persist_session,10.0,37.058710470199586,4246.456074515,0,1785827235.2534125,407.0,True,aggressive,adaptive,0.0,-0.15,0.0,0.096,-0.022,0.0,0.096000075,-0.0216233399999999,0.0,0.063808635,-0.12863562,0.18218556,-6.294844e-05,-0.0009538411,0.0006339645,"[5.20128958893005, -0.09662360033614427, 0.0, 0.0, 0.0, 0.0, 1.8396031745508923, 0.17718604124952703]","[-0.0004077395169409986, 0.000652950570417692, 0.0]","{""Controller Type"": ""MPC Controller"", ""weight_comfort"": 55.11965752164094, ""weight_trajectory"": 1349103.094899473, ""weight_goal"": 2501000.0, ""Q"": [[1349103.094899473, 0.0, 0.0, 0.0], [0.0, 0.0, 0.0, 0.0], [0.0, 0.0, 1349103.094899473, 0.0], [0.0, 0.0, 0.0, 0.0]], ""R"": [[55.11965752164094, 0.0], [0.0, 55.11965752164094]], ""P"": [[2501000.0, 0.0, 0.0, 0.0], [0.0, 250100000.0, 0.0, 0.0], [0.0, 0.0, 2501000.0, 0.0], [0.0, 0.0, 0.0, 250100000.0]]}","[-0.07861054615972303, -0.2068130963110045, 0.0]",False
3,P01,c0150e75-d12d-467e-96b2-81d06399c7ad,32,1,haply,mpc,seeded_random,3975743691,persist_session,10.0,37.06866659164429,4246.466028368,0,1785827235.2634623,408.0,True,aggressive,adaptive,0.0,-0.15,0.0,0.096,-0.022,0.0,0.096000075,-0.0216233399999999,0.0,0.063808635,-0.12863562,0.18218556,4.4945384e-05,-0.0010128535,0.00070364313,"[5.201289636282883, -0.09662361225053005, 0.0, 0.0, 0.0, 0.0, 1.8398372473367066, 0.17709007214673794]","[-3.9009672273243373e-07, -0.0006929930975818583, 0.0]","{""Controller Type"": ""MPC Controller"", ""weight_comfort"": 55.11965752164094, ""weight_trajectory"": 1349103.094899473, ""weight_goal"": 2501000.0, ""Q"": [[1349103.094899473, 0.0, 0.0, 0.0], [0.0, 0.0, 0.0, 0.0], [0.0, 0.0, 1349103.094899473, 0.0], [0.0, 0.0, 0.0, 0.0]], ""R"": [[55.11965752164094, 0.0], [0.0, 55.11965752164094]], ""P"": [[2501000.0, 0.0, 0.0, 0.0], [0.0, 250100000.0, 0.0, 0.0], [0.0, 0.0, 2501000.0, 0.0], [0.0, 0.0, 0.0, 250100000.0]]}","[-1.2983296654887401e-05, -0.0652030314238373, 0.0]",False
3,P01,c0150e75-d12d-467e-96b2-81d06399c7ad,32,1,haply,mpc,seeded_random,3975743691,persist_session,10.0,37.078743591308594,4246.47609896,0,1785827235.2734978,409.0,True,aggressive,adaptive,0.0,-0.15,0.0,0.096,-0.022,0.0,0.096000075,-0.0216233399999999,0.0,0.063808635,-0.12863562,0.18218556,0.0002492251,-0.0015046003,0.0010949768,"[5.201289636282839, -0.09662361225051896, 0.0, 0.0, 0.0, 0.0, 1.839837032300153, 0.17709016031104569]","[-3.900967227324304e-07, -0.00069299301658619, 0.0]","{""Controller Type"": ""MPC Controller"", ""weight_comfort"": 55.11661695207632, ""weight_trajectory"": 1349194.4944205855, ""weight_goal"": 2501000.0, ""Q"": [[1349194.4944205855, 0.0, 0.0, 0.0], [0.0, 0.0, 0.0, 0.0], [0.0, 0.0, 1349194.4944205855, 0.0], [0.0, 0.0, 0.0, 0.0]], ""R"": [[55.11661695207632, 0.0], [0.0, 55.11661695207632]], ""P"": [[2501000.0, 0.0, 0.0, 0.0], [0.0, 250100000.0, 0.0, 0.0], [0.0, 0.0, 2501000.0, 0.0], [0.0, 0.0, 0.0, 250100000.0]]}","[-1.2983236681302962e-05, -0.06520312185790508, 0.0]",False
3,P01,c0150e75-d12d-467e-96b2-81d06399c7ad,32,1,haply,mpc,seeded_random,3975743691,persist_session,10.0,37.088566198349,4246.485917606,0,1785827235.283508,410.0,True,aggressive,adaptive,0.0,-0.15,0.0,0.096,-0.022,0.0,0.096000075,-0.0216233399999999,0.0,0.063808635,-0.12863562,0.18218556,0.00043338345,-0.001983548,0.0014720913,"[5.2012896362827945, -0.09662361225050786, 0.0, 0.0, 0.0, 0.0, 1.8398368170483979, 0.17709024856358535]","[-3.9009672273242706e-07, -0.000692992935509464, 0.0]","{""Controller Type"": ""MPC Controller"", ""weight_comfort"": 55.11661695207632, ""weight_trajectory"": 1349194.4944205855, ""weight_goal"": 2501000.0, ""Q"": [[1349194.4944205855, 0.0, 0.0, 0.0], [0.0, 0.0, 0.0, 0.0], [0.0, 0.0, 1349194.4944205855, 0.0], [0.0, 0.0, 0.0, 0.0]], ""R"": [[55.11661695207632, 0.0], [0.0, 55.11661695207632]], ""P"": [[2501000.0, 0.0, 0.0, 0.0], [0.0, 250100000.0, 0.0, 0.0], [0.0, 0.0, 2501000.0, 0.0], [0.0, 0.0, 0.0, 250100000.0]]}","[-1.2983236682238889e-05, -0.06520312185790482, 0.0]",False
3,P01,c0150e75-d12d-467e-96b2-81d06399c7ad,32,1,haply,mpc,seeded_random,3975743691,persist_session,10.0,37.098678007125855,4246.496047498,0,1785827235.2933705,411.0,True,aggressive,adaptive,0.0,-0.15,0.0,0.096,-0.022,0.0,0.096000075,-0.0216233399999999,0.0,0.063808635,-0.12863562,0.18218556,0.00035661104,-0.001588787,0.0011817021,"[5.20128963628275, -0.09662361225049675, 0.0, 0.0, 0.0, 0.0, 1.839836601581226, 0.17709033690444523]","[-3.900967227324237e-07, -0.0006929928543515989, 0.0]","{""Controller Type"": ""MPC Controller"", ""weight_comfort"": 55.11661630890501, ""weight_trajectory"": 1349194.5137543152, ""weight_goal"": 2501000.0, ""Q"": [[1349194.5137543152, 0.0, 0.0, 0.0], [0.0, 0.0, 0.0, 0.0], [0.0, 0.0, 1349194.5137543152, 0.0], [0.0, 0.0, 0.0, 0.0]], ""R"": [[55.11661630890501, 0.0], [0.0, 55.11661630890501]], ""P"": [[2501000.0, 0.0, 0.0, 0.0], [0.0, 250100000.0, 0.0, 0.0], [0.0, 0.0, 2501000.0, 0.0], [0.0, 0.0, 0.0, 250100000.0]]}","[-1.2983236681361966e-05, -0.06520312185790487, 0.0]",False
3,P01,c0150e75-d12d-467e-96b2-81d06399c7ad,32,1,haply,mpc,seeded_random,3975743691,persist_session,10.0,37.10877956390381,4246.506120942,0,1785827235.303416,412.0,True,aggressive,adaptive,0.0,-0.15,0.0,0.096,-0.022,0.0,0.096000075,-0.0216233399999999,0.0,0.063808635,-0.12863562,0.18218556,0.00025354623,-0.0011296086,0.0008401763,"[5.201289636282706, -0.09662361225048562, 0.0, 0.0, 0.0, 0.0, 1.8398363858984217, 0.17709042533371366]","[-3.9009672273242044e-07, -0.0006929927731125139, 0.0]","{""Controller Type"": ""MPC Controller"", ""weight_comfort"": 55.11661630890501, ""weight_trajectory"": 1349194.5137543152, ""weight_goal"": 2501000.0, ""Q"": [[1349194.5137543152, 0.0, 0.0, 0.0], [0.0, 0.0, 0.0, 0.0], [0.0, 0.0, 1349194.5137543152, 0.0], [0.0, 0.0, 0.0, 0.0]], ""R"": [[55.11661630890501, 0.0], [0.0, 55.11661630890501]], ""P"": [[2501000.0, 0.0, 0.0, 0.0], [0.0, 250100000.0, 0.0, 0.0], [0.0, 0.0, 2501000.0, 0.0], [0.0, 0.0, 0.0, 250100000.0]]}","[-1.2983236685116902e-05, -0.06520312187702412, 0.0]",False
3,P01,c0150e75-d12d-467e-96b2-81d06399c7ad,32,1,haply,mpc,seeded_random,3975743691,persist_session,10.0,37.118758335113526,4246.516115095,0,1785827235.3133552,413.0,True,aggressive,adaptive,0.0,-0.15,0.0,0.096,-0.022,0.0,0.096000075,-0.0216233399999999,0.0,0.063808635,-0.12863562,0.18218556,0.00018663816,-0.0008315172,0.00061846303,"[5.201289636282661, -0.09662361225047449, 0.0, 0.0, 0.0, 0.0, 1.8398361699997694, 0.17709051385147911]","[-3.900967227324171e-07, -0.0006929926917921275, 0.0]","{""Controller Type"": ""MPC Controller"", ""weight_comfort"": 55.11661630890501, ""weight_trajectory"": 1349194.5137543152, ""weight_goal"": 2501000.0, ""Q"": [[1349194.5137543152, 0.0, 0.0, 0.0], [0.0, 0.0, 0.0, 0.0], [0.0, 0.0, 1349194.5137543152, 0.0], [0.0, 0.0, 0.0, 0.0]], ""R"": [[55.11661630890501, 0.0], [0.0, 55.11661630890501]], ""P"": [[2501000.0, 0.0, 0.0, 0.0], [0.0, 250100000.0, 0.0, 0.0], [0.0, 0.0, 2501000.0, 0.0], [0.0, 0.0, 0.0, 250100000.0]]}","[-1.298323668677008e-05, -0.06520312187702407, 0.0]",False
3,P01,c0150e75-d12d-467e-96b2-81d06399c7ad,32,1,haply,mpc,seeded_random,3975743691,persist_session,10.0,37.12849725723267,4246.52586349,0,1785827235.3235831,414.0,True,aggressive,adaptive,0.0,-0.15,0.0,0.096,-0.022,0.0,0.096000075,-0.0216233399999999,0.0,0.063808635,-0.12863562,0.18218556,0.00013053598,-0.0005815687,0.00043255708,"[5.201289636282617, -0.09662361225046334, 0.0, 0.0, 0.0, 0.0, 1.839835953885053, 0.17709060245783012]","[-3.9009672273241377e-07, -0.0006929926103903585, 0.0]","{""Controller Type"": ""MPC Controller"", ""weight_comfort"": 55.11661566380076, ""weight_trajectory"": 1349194.5331461485, ""weight_goal"": 2501000.0, ""Q"": [[1349194.5331461485, 0.0, 0.0, 0.0], [0.0, 0.0, 0.0, 0.0], [0.0, 0.0, 1349194.5331461485, 0.0], [0.0, 0.0, 0.0, 0.0]], ""R"": [[55.11661566380076, 0.0], [0.0, 55.11661566380076]], ""P"": [[2501000.0, 0.0, 0.0, 0.0], [0.0, 250100000.0, 0.0, 0.0], [0.0, 0.0, 2501000.0, 0.0], [0.0, 0.0, 0.0, 250100000.0]]}","[-1.2983236686978504e-05, -0.06520312187702405, 0.0]",False
3,P01,c0150e75-d12d-467e-96b2-81d06399c7ad,32,1,haply,mpc,seeded_random,3975743691,persist_session,10.0,37.13870300292969,4246.536069366,0,1785827235.3332696,415.0,True,aggressive,adaptive,0.0,-0.15,0.0,0.096,-0.022,0.0,0.096000075,-0.0216233399999999,0.0,0.063808635,-0.12863562,0.18218556,9.5419804e-05,-0.00042511776,0.0003161926,"[5.2012896362825725, -0.09662361225045218, 0.0, 0.0, 0.0, 0.0, 1.8398357375540566, 0.17709069115285533]","[-3.9009672273241044e-07, -0.0006929925289071254, 0.0]","{""Controller Type"": ""MPC Controller"", ""weight_comfort"": 55.11661566380076, ""weight_trajectory"": 1349194.5331461485, ""weight_goal"": 2501000.0, ""Q"": [[1349194.5331461485, 0.0, 0.0, 0.0], [0.0, 0.0, 0.0, 0.0], [0.0, 0.0, 1349194.5331461485, 0.0], [0.0, 0.0, 0.0, 0.0]], ""R"": [[55.11661566380076, 0.0], [0.0, 55.11661566380076]], ""P"": [[2501000.0, 0.0, 0.0, 0.0], [0.0, 250100000.0, 0.0, 0.0], [0.0, 0.0, 2501000.0, 0.0], [0.0, 0.0, 0.0, 250100000.0]]}","[-1.298323668986668e-05, -0.06520312189620071, 0.0]",False
3,P01,c0150e75-d12d-467e-96b2-81d06399c7ad,32,1,haply,mpc,seeded_random,3975743691,persist_session,10.0,37.148668661117554,4246.546034027,0,1785827235.3434262,416.0,True,aggressive,adaptive,0.0,-0.15,0.0,0.096,-0.022,0.0,0.096000075,-0.0216233399999999,0.0,0.063808635,-0.12863562,0.18218556,6.733926e-05,-0.00030001218,0.00022314207,"[5.201289636282528, -0.09662361225044101, 0.0, 0.0, 0.0, 0.0, 1.8398355210065636, 0.17709077993664346]","[-3.900967227324071e-07, -0.0006929924473423467, 0.0]","{""Controller Type"": ""MPC Controller"", ""weight_comfort"": 55.11661566380076, ""weight_trajectory"": 1349194.5331461485, ""weight_goal"": 2501000.0, ""Q"": [[1349194.5331461485, 0.0, 0.0, 0.0], [0.0, 0.0, 0.0, 0.0], [0.0, 0.0, 1349194.5331461485, 0.0], [0.0, 0.0, 0.0, 0.0]], ""R"": [[55.11661566380076, 0.0], [0.0, 55.11661566380076]], ""P"": [[2501000.0, 0.0, 0.0, 0.0], [0.0, 250100000.0, 0.0, 0.0], [0.0, 0.0, 2501000.0, 0.0], [0.0, 0.0, 0.0, 250100000.0]]}","[-1.2983236689834215e-05, -0.06520312189620102, 0.0]",False
3,P01,c0150e75-d12d-467e-96b2-81d06399c7ad,32,1,haply,mpc,seeded_random,3975743691,persist_session,10.0,37.15882195472717,4246.556183596,0,1785827235.3532598,417.0,True,aggressive,adaptive,0.0,-0.15,0.0,0.096,-0.022,0.0,0.096000075,-0.0216233399999999,0.0,0.063808635,-0.12863562,0.18218556,4.8415717e-05,-0.00021570336,0.00016043513,"[5.201289636282484, -0.09662361225042983, 0.0, 0.0, 0.0, 0.0, 1.8398353042423572, 0.17709086880928332]","[-3.9009672273240377e-07, -0.0006929923656959407, 0.0]","{""Controller Type"": ""MPC Controller"", ""weight_comfort"": 55.116615016757784, ""weight_trajectory"": 1349194.5525962603, ""weight_goal"": 2501000.0, ""Q"": [[1349194.5525962603, 0.0, 0.0, 0.0], [0.0, 0.0, 0.0, 0.0], [0.0, 0.0, 1349194.5525962603, 0.0], [0.0, 0.0, 0.0, 0.0]], ""R"": [[55.116615016757784, 0.0], [0.0, 55.116615016757784]], ""P"": [[2501000.0, 0.0, 0.0, 0.0], [0.0, 250100000.0, 0.0, 0.0], [0.0, 0.0, 2501000.0, 0.0], [0.0, 0.0, 0.0, 250100000.0]]}","[-1.2983236690136994e-05, -0.06520312189620064, 0.0]",False
3,P01,c0150e75-d12d-467e-96b2-81d06399c7ad,32,1,haply,mpc,seeded_random,3975743691,persist_session,10.0,37.16869272232056,4246.566060951,0,1785827235.3634791,418.0,True,aggressive,adaptive,0.0,-0.15,0.0,0.096,-0.022,0.0,0.096000075,-0.0216233399999999,0.0,0.06382246,-0.12868486,0.18222296,5.2417607e-05,-0.00021782849,0.00016301422,"[5.201289636282439, -0.09662361225041864, 0.0, 0.0, 0.0, 0.0, 1.8398350872612208, 0.1770909577708638]","[-3.9009672273240043e-07, -0.0006929922839678258, 0.0]","{""Controller Type"": ""MPC Controller"", ""weight_comfort"": 55.116615016757784, ""weight_trajectory"": 1349194.5525962603, ""weight_goal"": 2501000.0, ""Q"": [[1349194.5525962603, 0.0, 0.0, 0.0], [0.0, 0.0, 0.0, 0.0], [0.0, 0.0, 1349194.5525962603, 0.0], [0.0, 0.0, 0.0, 0.0]], ""R"": [[55.116615016757784, 0.0], [0.0, 55.116615016757784]], ""P"": [[2501000.0, 0.0, 0.0, 0.0], [0.0, 250100000.0, 0.0, 0.0], [0.0, 0.0, 2501000.0, 0.0], [0.0, 0.0, 0.0, 250100000.0]]}","[-1.2983236693627462e-05, -0.0652031219154352, 0.0]",False
3,P01,c0150e75-d12d-467e-96b2-81d06399c7ad,32,1,haply,mpc,seeded_random,3975743691,persist_session,10.0,37.1786598110199,4246.576000017,0,1785827235.3732834,419.0,True,aggressive,adaptive,0.0,-0.15,0.0,0.096,-0.022,0.0,0.0960415499999999,-0.02154854,0.0,0.06382246,-0.12868486,0.18222296,9.585545e-05,-0.00036373598,0.0002745645,"[5.200562422799729, -0.09606601962896925, 0.0, 0.0, 0.0, 0.0, 1.8375189359887296, 0.17986780958082957]","[-0.0006224722967125818, 0.0005427073365619389, 0.0]","{""Controller Type"": ""MPC Controller"", ""weight_comfort"": 55.116615016757784, ""weight_trajectory"": 1349194.5525962603, ""weight_goal"": 2501000.0, ""Q"": [[1349194.5525962603, 0.0, 0.0, 0.0], [0.0, 0.0, 0.0, 0.0], [0.0, 0.0, 1349194.5525962603, 0.0], [0.0, 0.0, 0.0, 0.0]], ""R"": [[55.116615016757784, 0.0], [0.0, 55.116615016757784]], ""P"": [[2501000.0, 0.0, 0.0, 0.0], [0.0, 250100000.0, 0.0, 0.0], [0.0, 0.0, 2501000.0, 0.0], [0.0, 0.0, 0.0, 250100000.0]]}","[-0.08606007616546338, -0.22038871664804197, 0.0]",False
3,P01,c0150e75-d12d-467e-96b2-81d06399c7ad,32,1,haply,mpc,seeded_random,3975743691,persist_session,10.0,37.188641204833985,4246.586005035,0,1785827235.3835733,420.0,True,aggressive,adaptive,0.0,-0.15,0.0,0.096,-0.022,0.0,0.0960415499999999,-0.02154854,0.0,0.06382246,-0.12868486,0.18222296,0.00012660676,-0.0004670294,0.00035353503,"[5.200588429571491, -0.09607256313451434, 0.0, 0.0, 0.0, 0.0, 1.8377974308862208, 0.17975362989493018]","[-0.0002160844492486301, -0.0008296920281478818, 0.0]","{""Controller Type"": ""MPC Controller"", ""weight_comfort"": 55.11329367952561, ""weight_trajectory"": 1349294.39199346, ""weight_goal"": 2501000.0, ""Q"": [[1349294.39199346, 0.0, 0.0, 0.0], [0.0, 0.0, 0.0, 0.0], [0.0, 0.0, 1349294.39199346, 0.0], [0.0, 0.0, 0.0, 0.0]], ""R"": [[55.11329367952561, 0.0], [0.0, 55.11329367952561]], ""P"": [[2501000.0, 0.0, 0.0, 0.0], [0.0, 250100000.0, 0.0, 0.0], [0.0, 0.0, 2501000.0, 0.0], [0.0, 0.0, 0.0, 250100000.0]]}","[-0.007192666547228098, -0.07815165241240492, 0.0]",False
3,P01,c0150e75-d12d-467e-96b2-81d06399c7ad,32,1,haply,mpc,seeded_random,3975743691,persist_session,10.0,37.198746337890626,4246.596109344,0,1785827235.3933475,421.0,True,aggressive,adaptive,0.0,-0.15,0.0,0.096,-0.022,0.0,0.0960415499999999,-0.02154854,0.0,0.06382246,-0.12868486,0.18222296,0.00015028793,-0.0005465743,0.00041434928,"[5.2005884158812155, -0.09607255968993475, 0.0, 0.0, 0.0, 0.0, 1.8377971185811908, 0.1797537579363793]","[-0.00021608444867979914, -0.000829691887154653, 0.0]","{""Controller Type"": ""MPC Controller"", ""weight_comfort"": 55.11329367952561, ""weight_trajectory"": 1349294.39199346, ""weight_goal"": 2501000.0, ""Q"": [[1349294.39199346, 0.0, 0.0, 0.0], [0.0, 0.0, 0.0, 0.0], [0.0, 0.0, 1349294.39199346, 0.0], [0.0, 0.0, 0.0, 0.0]], ""R"": [[55.11329367952561, 0.0], [0.0, 55.11329367952561]], ""P"": [[2501000.0, 0.0, 0.0, 0.0], [0.0, 250100000.0, 0.0, 0.0], [0.0, 0.0, 2501000.0, 0.0], [0.0, 0.0, 0.0, 250100000.0]]}","[-0.007192677363432852, -0.07815177079339464, 0.0]",False
3,P01,c0150e75-d12d-467e-96b2-81d06399c7ad,32,1,haply,mpc,seeded_random,3975743691,persist_session,10.0,37.208670988082886,4246.606037693,0,1785827235.4037893,422.0,True,aggressive,adaptive,0.0,-0.15,0.0,0.096,-0.022,0.0,0.0960415499999999,-0.02154854,0.0,0.06382246,-0.12868486,0.18222296,0.00015004023,-0.0005424861,0.00041149821,"[5.200588402177236, -0.09607255624190714, 0.0, 0.0, 0.0, 0.0, 1.8377968059636494, 0.17975388610595444]","[-0.0002160844481103988, -0.0008296917460203378, 0.0]","{""Controller Type"": ""MPC Controller"", ""weight_comfort"": 55.11329367952561, ""weight_trajectory"": 1349294.39199346, ""weight_goal"": 2501000.0, ""Q"": [[1349294.39199346, 0.0, 0.0, 0.0], [0.0, 0.0, 0.0, 0.0], [0.0, 0.0, 1349294.39199346, 0.0], [0.0, 0.0, 0.0, 0.0]], ""R"": [[55.11329367952561, 0.0], [0.0, 55.11329367952561]], ""P"": [[2501000.0, 0.0, 0.0, 0.0], [0.0, 250100000.0, 0.0, 0.0], [0.0, 0.0, 2501000.0, 0.0], [0.0, 0.0, 0.0, 250100000.0]]}","[-0.007192677363433202, -0.07815177079339491, 0.0]",False
3,P01,c0150e75-d12d-467e-96b2-81d06399c7ad,32,1,haply,mpc,seeded_random,3975743691,persist_session,10.0,37.21866978645325,4246.616030722,0,1785827235.4135375,423.0,True,aggressive,adaptive,0.0,-0.15,0.0,0.096,-0.022,0.0,0.0960415499999999,-0.02154854,0.0,0.06382246,-0.12868486,0.18222296,0.00010838896,-0.00039189152,0.00029726606,"[5.200588388459539, -0.09607255279042806, 0.0, 0.0, 0.0, 0.0, 1.837796493033284, 0.1797540144037838]","[-0.00021608444754042848, -0.000829691604744795, 0.0]","{""Controller Type"": ""MPC Controller"", ""weight_comfort"": 55.113292720803074, ""weight_trajectory"": 1349294.4208126592, ""weight_goal"": 2501000.0, ""Q"": [[1349294.4208126592, 0.0, 0.0, 0.0], [0.0, 0.0, 0.0, 0.0], [0.0, 0.0, 1349294.4208126592, 0.0], [0.0, 0.0, 0.0, 0.0]], ""R"": [[55.113292720803074, 0.0], [0.0, 55.113292720803074]], ""P"": [[2501000.0, 0.0, 0.0, 0.0], [0.0, 250100000.0, 0.0, 0.0], [0.0, 0.0, 2501000.0, 0.0], [0.0, 0.0, 0.0, 250100000.0]]}","[-0.007192677363433992, -0.07815177079339442, 0.0]",False
3,P01,c0150e75-d12d-467e-96b2-81d06399c7ad,32,1,haply,mpc,seeded_random,3975743691,persist_session,10.0,37.22863425254822,4246.626001051,0,1785827235.423524,424.0,True,aggressive,adaptive,0.0,-0.15,0.0,0.096,-0.022,0.0,0.0960415499999999,-0.02154854,0.0,0.06382246,-0.12868486,0.18222296,7.7309225e-05,-0.00027951956,0.0002120272,"[5.2005883747281105, -0.09607254933549407, 0.0, 0.0, 0.0, 0.0, 1.8377961797897817, 0.17975414282999566]","[-0.00021608444696988763, -0.0008296914633278835, 0.0]","{""Controller Type"": ""MPC Controller"", ""weight_comfort"": 55.113292720803074, ""weight_trajectory"": 1349294.4208126592, ""weight_goal"": 2501000.0, ""Q"": [[1349294.4208126592, 0.0, 0.0, 0.0], [0.0, 0.0, 0.0, 0.0], [0.0, 0.0, 1349294.4208126592, 0.0], [0.0, 0.0, 0.0, 0.0]], ""R"": [[55.113292720803074, 0.0], [0.0, 55.113292720803074]], ""P"": [[2501000.0, 0.0, 0.0, 0.0], [0.0, 250100000.0, 0.0, 0.0], [0.0, 0.0, 2501000.0, 0.0], [0.0, 0.0, 0.0, 250100000.0]]}","[-0.00719267736657839, -0.0781517708275491, 0.0]",False
3,P01,c0150e75-d12d-467e-96b2-81d06399c7ad,32,1,haply,mpc,seeded_random,3975743691,persist_session,10.0,37.23867072105408,4246.6360312,0,1785827235.4338434,425.0,True,aggressive,adaptive,0.0,-0.15,0.0,0.096,-0.022,0.0,0.0960415499999999,-0.02154854,0.0,0.06383386,-0.12873302,0.18218333,5.5633536e-05,-0.00020114887,0.0001525798,"[5.2005883747281105, -0.09607254933549407, 0.0, 0.0, 0.0, 0.0, 1.8377961797897817, 0.17975414282999566]","[-0.00021608444696988763, -0.0008296914633278835, 0.0]","{""Controller Type"": ""MPC Controller"", ""weight_comfort"": 55.113292720803074, ""weight_trajectory"": 1349294.4208126592, ""weight_goal"": 2501000.0, ""Q"": [[1349294.4208126592, 0.0, 0.0, 0.0], [0.0, 0.0, 0.0, 0.0], [0.0, 0.0, 1349294.4208126592, 0.0], [0.0, 0.0, 0.0, 0.0]], ""R"": [[55.113292720803074, 0.0], [0.0, 55.113292720803074]], ""P"": [[2501000.0, 0.0, 0.0, 0.0], [0.0, 250100000.0, 0.0, 0.0], [0.0, 0.0, 2501000.0, 0.0], [0.0, 0.0, 0.0, 250100000.0]]}","[-0.007192677366577238, -0.0781517708275493, 0.0]",False
3,P01,c0150e75-d12d-467e-96b2-81d06399c7ad,32,1,haply,mpc,seeded_random,3975743691,persist_session,10.0,37.24861873626709,4246.645985418,0,1785827235.443329,426.0,True,aggressive,adaptive,0.0,-0.15,0.0,0.096,-0.022,0.0,0.09607575,-0.0216277999999999,0.0,0.06383386,-0.12873302,0.18218333,4.5636465e-05,-0.00016830517,9.1474496e-05,"[5.20051983064864, -0.09602406145966266, 0.0, 0.0, 0.0, 0.0, 1.83758309130307, 0.18009032265827113]","[-0.000559755631052538, -0.0014046664227069816, 0.0]","{""Controller Type"": ""MPC Controller"", ""weight_comfort"": 55.113292720803074, ""weight_trajectory"": 1349294.4208126592, ""weight_goal"": 2501000.0, ""Q"": [[1349294.4208126592, 0.0, 0.0, 0.0], [0.0, 0.0, 0.0, 0.0], [0.0, 0.0, 1349294.4208126592, 0.0], [0.0, 0.0, 0.0, 0.0]], ""R"": [[55.113292720803074, 0.0], [0.0, 55.113292720803074]], ""P"": [[2501000.0, 0.0, 0.0, 0.0], [0.0, 250100000.0, 0.0, 0.0], [0.0, 0.0, 2501000.0, 0.0], [0.0, 0.0, 0.0, 250100000.0]]}","[-0.08033038380368865, 0.09134807170596576, 0.0]",False
3,P01,c0150e75-d12d-467e-96b2-81d06399c7ad,32,1,haply,mpc,seeded_random,3975743691,persist_session,10.0,37.25874270439148,4246.656099109,0,1785827235.4537582,427.0,True,aggressive,adaptive,0.0,-0.15,0.0,0.096,-0.022,0.0,0.09607575,-0.0216277999999999,0.0,0.06383386,-0.12873302,0.18218333,3.9709506e-05,-0.00015031487,4.01287e-05,"[5.20051983064864, -0.09602406145966266, 0.0, 0.0, 0.0, 0.0, 1.83758309130307, 0.18009032265827113]","[-0.000559755631052538, -0.0014046664227069816, 0.0]","{""Controller Type"": ""MPC Controller"", ""weight_comfort"": 55.113292720803074, ""weight_trajectory"": 1349294.4208126592, ""weight_goal"": 2501000.0, ""Q"": [[1349294.4208126592, 0.0, 0.0, 0.0], [0.0, 0.0, 0.0, 0.0], [0.0, 0.0, 1349294.4208126592, 0.0], [0.0, 0.0, 0.0, 0.0]], ""R"": [[55.113292720803074, 0.0], [0.0, 55.113292720803074]], ""P"": [[2501000.0, 0.0, 0.0, 0.0], [0.0, 250100000.0, 0.0, 0.0], [0.0, 0.0, 2501000.0, 0.0], [0.0, 0.0, 0.0, 250100000.0]]}","[-0.013113003737120068, -0.06443115472643834, 0.0]",False
3,P01,c0150e75-d12d-467e-96b2-81d06399c7ad,32,1,haply,mpc,seeded_random,3975743691,persist_session,10.0,37.26859320640564,4246.665959737,0,1785827235.4638228,428.0,True,aggressive,adaptive,0.0,-0.15,0.0,0.096,-0.022,0.0,0.09607575,-0.0216277999999999,0.0,0.06383386,-0.12873302,0.18218333,3.562648e-05,-0.00013792151,4.757063e-06,"[5.200539005699929, -0.09602888604785062, 0.0, 0.0, 0.0, 0.0, 1.8374631992028314, 0.18013947684367865]","[-0.00039394082968183887, -0.0006839038027433378, 0.0]","{""Controller Type"": ""MPC Controller"", ""weight_comfort"": 55.11280063594214, ""weight_trajectory"": 1349309.2128835788, ""weight_goal"": 2501000.0, ""Q"": [[1349309.2128835788, 0.0, 0.0, 0.0], [0.0, 0.0, 0.0, 0.0], [0.0, 0.0, 1349309.2128835788, 0.0], [0.0, 0.0, 0.0, 0.0]], ""R"": [[55.11280063594214, 0.0], [0.0, 55.11280063594214]], ""P"": [[2501000.0, 0.0, 0.0, 0.0], [0.0, 250100000.0, 0.0, 0.0], [0.0, 0.0, 2501000.0, 0.0], [0.0, 0.0, 0.0, 250100000.0]]}","[-0.013113003763861467, -0.06443115471059739, 0.0]",False
3,P01,c0150e75-d12d-467e-96b2-81d06399c7ad,32,1,haply,mpc,seeded_random,3975743691,persist_session,10.0,37.27870167732239,4246.676061859,0,1785827235.4733613,429.0,True,aggressive,adaptive,0.0,-0.15,0.0,0.096,-0.022,0.0,0.09607575,-0.0216277999999999,0.0,0.06383386,-0.12873302,0.18218333,3.2638516e-05,-0.00012885207,-2.1127955e-05,"[5.200538959923894, -0.09602887453025334, 0.0, 0.0, 0.0, 0.0, 1.837462985691792, 0.18013956438039874]","[-0.0003939408262143042, -0.0006839037232745288, 0.0]","{""Controller Type"": ""MPC Controller"", ""weight_comfort"": 55.11280063594214, ""weight_trajectory"": 1349309.2128835788, ""weight_goal"": 2501000.0, ""Q"": [[1349309.2128835788, 0.0, 0.0, 0.0], [0.0, 0.0, 0.0, 0.0], [0.0, 0.0, 1349309.2128835788, 0.0], [0.0, 0.0, 0.0, 0.0]], ""R"": [[55.11280063594214, 0.0], [0.0, 55.11280063594214]], ""P"": [[2501000.0, 0.0, 0.0, 0.0], [0.0, 250100000.0, 0.0, 0.0], [0.0, 0.0, 2501000.0, 0.0], [0.0, 0.0, 0.0, 250100000.0]]}","[-0.013113006705266342, -0.06443116916328487, 0.0]",False
