schema_version,participant_id,session_id,trial_id,attempt_id,input_source,controller_family,order_strategy,order_seed,estimator_state_policy,max_control_amplitude,timestamp,monotonic_timestamp,missed_cycle_count,cursor_timestamp,cursor_sample_sequence,study_running,study_phase,study_controller_mode,start_x,start_y,start_z,end_x,end_y,end_z,cursor_x,cursor_y,cursor_z,haply_pos_x,haply_pos_y,haply_pos_z,haply_vel_x,haply_vel_y,haply_vel_z,K_h,u_h,K_a,u_a,endpoint_reached
3,P13,97e72a24-ca34-4b21-9460-041fe7448ae7,9,1,haply,mpc,seeded_random,3675826489,persist_session,10.0,22.65977486610413,901.442646025,0,1785998349.9629276,199,True,normal,fixed,0.0,-0.15,0.0,0.096,-0.022,0.0,-0.001316784,-0.15193326,0.0,-0.028912071,-0.20142627,0.13265532,-0.00088982296,-3.5272544e-05,-0.0003176168,,,"{""Controller Type"": ""MPC Controller"", ""weight_comfort"": 500.0, ""weight_trajectory"": 3000.0, ""weight_goal"": 1000.0, ""Q"": [[3000.0, 0.0, 0.0, 0.0], [0.0, 0.0, 0.0, 0.0], [0.0, 0.0, 3000.0, 0.0], [0.0, 0.0, 0.0, 0.0]], ""R"": [[500.0, 0.0], [0.0, 500.0]], ""P"": [[1000.0, 0.0, 0.0, 0.0], [0.0, 100000.0, 0.0, 0.0], [0.0, 0.0, 1000.0, 0.0], [0.0, 0.0, 0.0, 100000.0]]}",,
3,P13,97e72a24-ca34-4b21-9460-041fe7448ae7,9,1,haply,mpc,seeded_random,3675826489,persist_session,10.0,22.66964158058167,901.452522606,0,1785998349.9734056,200,True,normal,fixed,0.0,-0.15,0.0,0.096,-0.022,0.0,-0.001316784,-0.15193326,0.0,-0.028912071,-0.20142627,0.13265532,-0.0009883658,-6.3696076e-05,-0.00041198466,,,"{""Controller Type"": ""MPC Controller"", ""weight_comfort"": 500.0, ""weight_trajectory"": 3000.0, ""weight_goal"": 1000.0, ""Q"": [[3000.0, 0.0, 0.0, 0.0], [0.0, 0.0, 0.0, 0.0], [0.0, 0.0, 3000.0, 0.0], [0.0, 0.0, 0.0, 0.0]], ""R"": [[500.0, 0.0], [0.0, 500.0]], ""P"": [[1000.0, 0.0, 0.0, 0.0], [0.0, 100000.0, 0.0, 0.0], [0.0, 0.0, 1000.0, 0.0], [0.0, 0.0, 0.0, 100000.0]]}","[0.006486594507772198, 0.008663655507507395, 0.0]",False
3,P13,97e72a24-ca34-4b21-9460-041fe7448ae7,9,1,haply,mpc,seeded_random,3675826489,persist_session,10.0,22.679675903320316,901.462551868,0,1785998349.983035,201,True,normal,fixed,0.0,-0.15,0.0,0.096,-0.022,0.0,-0.001316784,-0.15193326,0.0,-0.028920533,-0.20145696,0.1325894,-0.0008738391,-0.0005696573,-0.0014283713,"[1.6430774099400665, 1.0797971288913568, 0.0, 0.0, 0.0, 0.0, 1.871536091718583, 0.8020963403412101]","[0.15989900939841692, 0.24317478560465455, 0.0]","{""Controller Type"": ""MPC Controller"", ""weight_comfort"": 500.0, ""weight_trajectory"": 3000.0, ""weight_goal"": 1000.0, ""Q"": [[3000.0, 0.0, 0.0, 0.0], [0.0, 0.0, 0.0, 0.0], [0.0, 0.0, 3000.0, 0.0], [0.0, 0.0, 0.0, 0.0]], ""R"": [[500.0, 0.0], [0.0, 500.0]], ""P"": [[1000.0, 0.0, 0.0, 0.0], [0.0, 100000.0, 0.0, 0.0], [0.0, 0.0, 1000.0, 0.0], [0.0, 0.0, 0.0, 100000.0]]}","[0.00648659450737042, 0.008663655507273387, 0.0]",False
3,P13,97e72a24-ca34-4b21-9460-041fe7448ae7,9,1,haply,mpc,seeded_random,3675826489,persist_session,10.0,22.68975337982178,901.472630358,0,1785998349.9929545,202,True,normal,fixed,0.0,-0.15,0.0,0.096,-0.022,0.0,-0.0013421699999999,-0.1520651,0.0,-0.028920533,-0.20145696,0.1325894,-0.00073257624,-0.0007902203,-0.0018459705,"[1.6318918372146924, 1.0836390360812853, 0.0, 0.0, 0.0, 0.0, 1.8032322521944077, 0.8263193051966425]","[0.1588104654335854, 0.2342998450647616, 0.0]","{""Controller Type"": ""MPC Controller"", ""weight_comfort"": 500.0, ""weight_trajectory"": 3000.0, ""weight_goal"": 1000.0, ""Q"": [[3000.0, 0.0, 0.0, 0.0], [0.0, 0.0, 0.0, 0.0], [0.0, 0.0, 3000.0, 0.0], [0.0, 0.0, 0.0, 0.0]], ""R"": [[500.0, 0.0], [0.0, 500.0]], ""P"": [[1000.0, 0.0, 0.0, 0.0], [0.0, 100000.0, 0.0, 0.0], [0.0, 0.0, 1000.0, 0.0], [0.0, 0.0, 0.0, 100000.0]]}","[0.006486594507370419, 0.00866365550727339, 0.0]",False
3,P13,97e72a24-ca34-4b21-9460-041fe7448ae7,9,1,haply,mpc,seeded_random,3675826489,persist_session,10.0,22.699737396240238,901.48261031,0,1785998350.002939,203,True,normal,fixed,0.0,-0.15,0.0,0.096,-0.022,0.0,-0.0013421699999999,-0.1520651,0.0,-0.028920533,-0.20145696,0.1325894,-0.00063574937,-0.000966129,-0.002183497,"[1.6028276991145671, 1.0938076025407069, 0.0, 0.0, 0.0, 0.0, 1.364514907223145, 0.9925006520712849]","[0.15322335813306842, 0.16428400571772253, 0.0]","{""Controller Type"": ""MPC Controller"", ""weight_comfort"": 500.0, ""weight_trajectory"": 3000.0, ""weight_goal"": 1000.0, ""Q"": [[3000.0, 0.0, 0.0, 0.0], [0.0, 0.0, 0.0, 0.0], [0.0, 0.0, 3000.0, 0.0], [0.0, 0.0, 0.0, 0.0]], ""R"": [[500.0, 0.0], [0.0, 500.0]], ""P"": [[1000.0, 0.0, 0.0, 0.0], [0.0, 100000.0, 0.0, 0.0], [0.0, 0.0, 1000.0, 0.0], [0.0, 0.0, 0.0, 100000.0]]}","[0.0065358565505874685, 0.008919493677124983, 0.0]",False
3,P13,97e72a24-ca34-4b21-9460-041fe7448ae7,9,1,haply,mpc,seeded_random,3675826489,persist_session,10.0,22.709644880294803,901.492521239,0,1785998350.0129414,204,True,normal,fixed,0.0,-0.15,0.0,0.096,-0.022,0.0,-0.0013421699999999,-0.1520651,0.0,-0.028928986,-0.2014876,0.13252343,-0.0005670477,-0.0010909188,-0.002422978,"[1.6097647182626107, 1.0914252535154423, 0.0, 0.0, 0.0, 0.0, 1.666614297565403, 0.8856522871364302]","[0.15669799086512115, 0.21676835527427393, 0.0]","{""Controller Type"": ""MPC Controller"", ""weight_comfort"": 500.0, ""weight_trajectory"": 3000.0, ""weight_goal"": 1000.0, ""Q"": [[3000.0, 0.0, 0.0, 0.0], [0.0, 0.0, 0.0, 0.0], [0.0, 0.0, 3000.0, 0.0], [0.0, 0.0, 0.0, 0.0]], ""R"": [[500.0, 0.0], [0.0, 500.0]], ""P"": [[1000.0, 0.0, 0.0, 0.0], [0.0, 100000.0, 0.0, 0.0], [0.0, 0.0, 1000.0, 0.0], [0.0, 0.0, 0.0, 100000.0]]}","[0.006488719610488581, 0.008674692046896191, 0.0]",False
3,P13,97e72a24-ca34-4b21-9460-041fe7448ae7,9,1,haply,mpc,seeded_random,3675826489,persist_session,10.0,22.71972187995911,901.50259828,0,1785998350.0230742,205,True,normal,fixed,0.0,-0.15,0.0,0.096,-0.022,0.0,-0.001367529,-0.15219704,0.0,-0.028928986,-0.2014876,0.13252343,-0.00047171084,-0.001020655,-0.0022508886,"[1.598989208600964, 1.095125837929483, 0.0, 0.0, 0.0, 0.0, 1.6116707908117054, 0.9050850435341465]","[0.1556490793718005, 0.20962212257400356, 0.0]","{""Controller Type"": ""MPC Controller"", ""weight_comfort"": 500.0, ""weight_trajectory"": 3000.0, ""weight_goal"": 1000.0, ""Q"": [[3000.0, 0.0, 0.0, 0.0], [0.0, 0.0, 0.0, 0.0], [0.0, 0.0, 3000.0, 0.0], [0.0, 0.0, 0.0, 0.0]], ""R"": [[500.0, 0.0], [0.0, 500.0]], ""P"": [[1000.0, 0.0, 0.0, 0.0], [0.0, 100000.0, 0.0, 0.0], [0.0, 0.0, 1000.0, 0.0], [0.0, 0.0, 0.0, 100000.0]]}","[0.006488719610485754, 0.00867469204689454, 0.0]",False
3,P13,97e72a24-ca34-4b21-9460-041fe7448ae7,9,1,haply,mpc,seeded_random,3675826489,persist_session,10.0,22.729636754989627,901.512521515,0,1785998350.0333908,206,True,normal,fixed,0.0,-0.15,0.0,0.096,-0.022,0.0,-0.001367529,-0.15219704,0.0,-0.028928986,-0.2014876,0.13252343,-0.00043014062,-0.0010623457,-0.0023262498,"[1.571397690317399, 1.104777598775125, 0.0, 0.0, 0.0, 0.0, 1.2350582124267762, 1.0482002417637708]","[0.15023821954522193, 0.14715221022933664, 0.0]","{""Controller Type"": ""MPC Controller"", ""weight_comfort"": 500.0, ""weight_trajectory"": 3000.0, ""weight_goal"": 1000.0, ""Q"": [[3000.0, 0.0, 0.0, 0.0], [0.0, 0.0, 0.0, 0.0], [0.0, 0.0, 3000.0, 0.0], [0.0, 0.0, 0.0, 0.0]], ""R"": [[500.0, 0.0], [0.0, 500.0]], ""P"": [[1000.0, 0.0, 0.0, 0.0], [0.0, 100000.0, 0.0, 0.0], [0.0, 0.0, 1000.0, 0.0], [0.0, 0.0, 0.0, 100000.0]]}","[0.006536936558991429, 0.008925559359797686, 0.0]",False
3,P13,97e72a24-ca34-4b21-9460-041fe7448ae7,9,1,haply,mpc,seeded_random,3675826489,persist_session,10.0,22.739681806564334,901.52256106,0,1785998350.043335,207,True,normal,fixed,0.0,-0.15,0.0,0.096,-0.022,0.0,-0.001367529,-0.15219704,0.0,-0.028928986,-0.2014876,0.13252343,-0.0004003115,-0.0010922614,-0.0023803255,"[1.5774894722960238, 1.1026857910397394, 0.0, 0.0, 0.0, 0.0, 1.4970945113199257, 0.9557660937488326]","[0.1535962519409778, 0.19491727397410083, 0.0]","{""Controller Type"": ""MPC Controller"", ""weight_comfort"": 500.0, ""weight_trajectory"": 3000.0, ""weight_goal"": 1000.0, ""Q"": [[3000.0, 0.0, 0.0, 0.0], [0.0, 0.0, 0.0, 0.0], [0.0, 0.0, 3000.0, 0.0], [0.0, 0.0, 0.0, 0.0]], ""R"": [[500.0, 0.0], [0.0, 500.0]], ""P"": [[1000.0, 0.0, 0.0, 0.0], [0.0, 100000.0, 0.0, 0.0], [0.0, 0.0, 1000.0, 0.0], [0.0, 0.0, 0.0, 100000.0]]}","[0.006490842453390193, 0.008685736957679034, 0.0]",False
3,P13,97e72a24-ca34-4b21-9460-041fe7448ae7,9,1,haply,mpc,seeded_random,3675826489,persist_session,10.0,22.749713029861454,901.532580256,0,1785998350.0532775,208,True,normal,fixed,0.0,-0.15,0.0,0.096,-0.022,0.0,-0.001367529,-0.15219704,0.0,-0.028928986,-0.2014876,0.13252343,-0.00037818786,-0.001114449,-0.002420433,"[1.5671030830290378, 1.1062522892315065, 0.0, 0.0, 0.0, 0.0, 1.4520688680940432, 0.9716490343490054]","[0.15258495488281926, 0.18905506850199488, 0.0]","{""Controller Type"": ""MPC Controller"", ""weight_comfort"": 500.0, ""weight_trajectory"": 3000.0, ""weight_goal"": 1000.0, ""Q"": [[3000.0, 0.0, 0.0, 0.0], [0.0, 0.0, 0.0, 0.0], [0.0, 0.0, 3000.0, 0.0], [0.0, 0.0, 0.0, 0.0]], ""R"": [[500.0, 0.0], [0.0, 500.0]], ""P"": [[1000.0, 0.0, 0.0, 0.0], [0.0, 100000.0, 0.0, 0.0], [0.0, 0.0, 1000.0, 0.0], [0.0, 0.0, 0.0, 100000.0]]}","[0.006490842453387423, 0.008685736957677413, 0.0]",False
3,P13,97e72a24-ca34-4b21-9460-041fe7448ae7,9,1,haply,mpc,seeded_random,3675826489,persist_session,10.0,22.759788599014286,901.542655907,0,1785998350.063055,209,True,normal,fixed,0.0,-0.15,0.0,0.096,-0.022,0.0,-0.001367529,-0.15219704,0.0,-0.02893743,-0.20151821,0.13245746,-0.00028128334,-0.0008345955,-0.0018121018,"[1.5568423761354278, 1.1097756303697626, 0.0, 0.0, 0.0, 0.0, 1.4096312748304778, 0.9866190319931933]","[0.1515858952067952, 0.18352981947435473, 0.0]","{""Controller Type"": ""MPC Controller"", ""weight_comfort"": 500.0, ""weight_trajectory"": 3000.0, ""weight_goal"": 1000.0, ""Q"": [[3000.0, 0.0, 0.0, 0.0], [0.0, 0.0, 0.0, 0.0], [0.0, 0.0, 3000.0, 0.0], [0.0, 0.0, 0.0, 0.0]], ""R"": [[500.0, 0.0], [0.0, 500.0]], ""P"": [[1000.0, 0.0, 0.0, 0.0], [0.0, 100000.0, 0.0, 0.0], [0.0, 0.0, 1000.0, 0.0], [0.0, 0.0, 0.0, 100000.0]]}","[0.006490842453387424, 0.00868573695767741, 0.0]",False
3,P13,97e72a24-ca34-4b21-9460-041fe7448ae7,9,1,haply,mpc,seeded_random,3675826489,persist_session,10.0,22.76961978912354,901.55250423,0,1785998350.073161,210,True,normal,fixed,0.0,-0.15,0.0,0.096,-0.022,0.0,-0.001392861,-0.15232898,0.0,-0.02893743,-0.20151821,0.13245746,-0.00027039732,-0.0008475228,-0.0018366254,"[1.5467050891145275, 1.1132565913563093, 0.0, 0.0, 0.0, 0.0, 1.3695648452390472, 1.0007525940184858]","[0.15059885261880634, 0.17831328893818205, 0.0]","{""Controller Type"": ""MPC Controller"", ""weight_comfort"": 500.0, ""weight_trajectory"": 3000.0, ""weight_goal"": 1000.0, ""Q"": [[3000.0, 0.0, 0.0, 0.0], [0.0, 0.0, 0.0, 0.0], [0.0, 0.0, 3000.0, 0.0], [0.0, 0.0, 0.0, 0.0]], ""R"": [[500.0, 0.0], [0.0, 500.0]], ""P"": [[1000.0, 0.0, 0.0, 0.0], [0.0, 100000.0, 0.0, 0.0], [0.0, 0.0, 1000.0, 0.0], [0.0, 0.0, 0.0, 100000.0]]}","[0.006490842453387424, 0.008685736957677413, 0.0]",False
3,P13,97e72a24-ca34-4b21-9460-041fe7448ae7,9,1,haply,mpc,seeded_random,3675826489,persist_session,10.0,22.77976998329163,901.562635806,0,1785998350.083096,211,True,normal,fixed,0.0,-0.15,0.0,0.096,-0.022,0.0,-0.001392861,-0.15232898,0.0,-0.02893743,-0.20151821,0.13245746,-0.0002700361,-0.0008830598,-0.0019109161,"[1.520138761823418, 1.1225545227078346, 0.0, 0.0, 0.0, 0.0, 1.0493231710671487, 1.1235798496070835]","[0.14523679236127907, 0.12208797748120162, 0.0]","{""Controller Type"": ""MPC Controller"", ""weight_comfort"": 500.0, ""weight_trajectory"": 3000.0, ""weight_goal"": 1000.0, ""Q"": [[3000.0, 0.0, 0.0, 0.0], [0.0, 0.0, 0.0, 0.0], [0.0, 0.0, 3000.0, 0.0], [0.0, 0.0, 0.0, 0.0]], ""R"": [[500.0, 0.0], [0.0, 500.0]], ""P"": [[1000.0, 0.0, 0.0, 0.0], [0.0, 100000.0, 0.0, 0.0], [0.0, 0.0, 1000.0, 0.0], [0.0, 0.0, 0.0, 100000.0]]}","[0.00653913081677109, 0.008937243615932544, 0.0]",False
3,P13,97e72a24-ca34-4b21-9460-041fe7448ae7,9,1,haply,mpc,seeded_random,3675826489,persist_session,10.0,22.789704647064212,901.572581299,0,1785998350.0930653,212,True,normal,fixed,0.0,-0.15,0.0,0.096,-0.022,0.0,-0.001392861,-0.15232898,0.0,-0.02893743,-0.20151821,0.13245746,-0.00026976634,-0.00090960215,-0.0019664033,"[1.5270356188973064, 1.120186569204925, 0.0, 0.0, 0.0, 0.0, 1.292740923416037, 1.037942491970911]","[0.14872236777331432, 0.16848160595307024, 0.0]","{""Controller Type"": ""MPC Controller"", ""weight_comfort"": 500.0, ""weight_trajectory"": 3000.0, ""weight_goal"": 1000.0, ""Q"": [[3000.0, 0.0, 0.0, 0.0], [0.0, 0.0, 0.0, 0.0], [0.0, 0.0, 3000.0, 0.0], [0.0, 0.0, 0.0, 0.0]], ""R"": [[500.0, 0.0], [0.0, 500.0]], ""P"": [[1000.0, 0.0, 0.0, 0.0], [0.0, 100000.0, 0.0, 0.0], [0.0, 0.0, 1000.0, 0.0], [0.0, 0.0, 0.0, 100000.0]]}","[0.006492963036078202, 0.008696781868461912, 0.0]",False
3,P13,97e72a24-ca34-4b21-9460-041fe7448ae7,9,1,haply,mpc,seeded_random,3675826489,persist_session,10.0,22.79970153808594,901.582583096,0,1785998350.1030202,213,True,normal,fixed,0.0,-0.15,0.0,0.096,-0.022,0.0,-0.001392861,-0.15232898,0.0,-0.02893743,-0.20151821,0.13245746,-0.00026353425,-0.0009062992,-0.0019580417,"[1.5172501062610213, 1.1235463080941919, 0.0, 0.0, 0.0, 0.0, 1.2587880889124818, 1.0498875165349997]","[0.14776932870131487, 0.16405656766411308, 0.0]","{""Controller Type"": ""MPC Controller"", ""weight_comfort"": 500.0, ""weight_trajectory"": 3000.0, ""weight_goal"": 1000.0, ""Q"": [[3000.0, 0.0, 0.0, 0.0], [0.0, 0.0, 0.0, 0.0], [0.0, 0.0, 3000.0, 0.0], [0.0, 0.0, 0.0, 0.0]], ""R"": [[500.0, 0.0], [0.0, 500.0]], ""P"": [[1000.0, 0.0, 0.0, 0.0], [0.0, 100000.0, 0.0, 0.0], [0.0, 0.0, 1000.0, 0.0], [0.0, 0.0, 0.0, 100000.0]]}","[0.006492963036075425, 0.00869678186846028, 0.0]",False
3,P13,97e72a24-ca34-4b21-9460-041fe7448ae7,9,1,haply,mpc,seeded_random,3675826489,persist_session,10.0,22.809671249389652,901.592553539,0,1785998350.1130824,214,True,normal,fixed,0.0,-0.15,0.0,0.096,-0.022,0.0,-0.001392861,-0.15232898,0.0,-0.02893743,-0.20151821,0.13245746,-0.00019634105,-0.0006762639,-0.0014609846,"[1.5075796007033375, 1.126866560676621, 0.0, 0.0, 0.0, 0.0, 1.2265416796296864, 1.0612321997291618]","[0.14682749049773564, 0.15985392603362383, 0.0]","{""Controller Type"": ""MPC Controller"", ""weight_comfort"": 500.0, ""weight_trajectory"": 3000.0, ""weight_goal"": 1000.0, ""Q"": [[3000.0, 0.0, 0.0, 0.0], [0.0, 0.0, 0.0, 0.0], [0.0, 0.0, 3000.0, 0.0], [0.0, 0.0, 0.0, 0.0]], ""R"": [[500.0, 0.0], [0.0, 500.0]], ""P"": [[1000.0, 0.0, 0.0, 0.0], [0.0, 100000.0, 0.0, 0.0], [0.0, 0.0, 1000.0, 0.0], [0.0, 0.0, 0.0, 100000.0]]}","[0.006492963036075425, 0.00869678186846028, 0.0]",False
3,P13,97e72a24-ca34-4b21-9460-041fe7448ae7,9,1,haply,mpc,seeded_random,3675826489,persist_session,10.0,22.819666709899906,901.602546213,0,1785998350.1229603,215,True,normal,fixed,0.0,-0.15,0.0,0.096,-0.022,0.0,-0.001392861,-0.15232898,0.0,-0.02893743,-0.20151821,0.13245746,-0.00014019708,-0.0004828853,-0.0010432143,"[1.4980220913433964, 1.1301480173641385, 0.0, 0.0, 0.0, 0.0, 1.1958762199735387, 1.0720206854098906]","[0.1458966573171367, 0.15585732795540694, 0.0]","{""Controller Type"": ""MPC Controller"", ""weight_comfort"": 500.0, ""weight_trajectory"": 3000.0, ""weight_goal"": 1000.0, ""Q"": [[3000.0, 0.0, 0.0, 0.0], [0.0, 0.0, 0.0, 0.0], [0.0, 0.0, 3000.0, 0.0], [0.0, 0.0, 0.0, 0.0]], ""R"": [[500.0, 0.0], [0.0, 500.0]], ""P"": [[1000.0, 0.0, 0.0, 0.0], [0.0, 100000.0, 0.0, 0.0], [0.0, 0.0, 1000.0, 0.0], [0.0, 0.0, 0.0, 100000.0]]}","[0.006492963036075424, 0.00869678186846028, 0.0]",False
3,P13,97e72a24-ca34-4b21-9460-041fe7448ae7,9,1,haply,mpc,seeded_random,3675826489,persist_session,10.0,22.829653348922733,901.612534716,0,1785998350.133084,216,True,normal,fixed,0.0,-0.15,0.0,0.096,-0.022,0.0,-0.001392861,-0.15232898,0.0,-0.028928986,-0.2014876,0.13252343,-0.00010049365,-0.00034613343,-0.00074777874,"[1.4885756139083444, 1.133391352566368, 0.0, 0.0, 0.0, 0.0, 1.166678241877986, 1.082292893037698]","[0.14497663785336504, 0.15205198525215122, 0.0]","{""Controller Type"": ""MPC Controller"", ""weight_comfort"": 500.0, ""weight_trajectory"": 3000.0, ""weight_goal"": 1000.0, ""Q"": [[3000.0, 0.0, 0.0, 0.0], [0.0, 0.0, 0.0, 0.0], [0.0, 0.0, 3000.0, 0.0], [0.0, 0.0, 0.0, 0.0]], ""R"": [[500.0, 0.0], [0.0, 500.0]], ""P"": [[1000.0, 0.0, 0.0, 0.0], [0.0, 100000.0, 0.0, 0.0], [0.0, 0.0, 1000.0, 0.0], [0.0, 0.0, 0.0, 100000.0]]}","[0.006492963036075424, 0.00869678186846028, 0.0]",False
3,P13,97e72a24-ca34-4b21-9460-041fe7448ae7,9,1,haply,mpc,seeded_random,3675826489,persist_session,10.0,22.839769449234012,901.622641546,0,1785998350.1429806,217,True,normal,fixed,0.0,-0.15,0.0,0.096,-0.022,0.0,-0.001367529,-0.15219704,0.0,-0.02893599,-0.20151432,0.13263227,-0.000100513535,-0.00035133187,-0.0007582846,"[1.4792382493907663, 1.1365972251515855, 0.0, 0.0, 0.0, 0.0, 1.1388448820228623, 1.092085011193128]","[0.14406724520879824, 0.14842449185225998, 0.0]","{""Controller Type"": ""MPC Controller"", ""weight_comfort"": 500.0, ""weight_trajectory"": 3000.0, ""weight_goal"": 1000.0, ""Q"": [[3000.0, 0.0, 0.0, 0.0], [0.0, 0.0, 0.0, 0.0], [0.0, 0.0, 3000.0, 0.0], [0.0, 0.0, 0.0, 0.0]], ""R"": [[500.0, 0.0], [0.0, 500.0]], ""P"": [[1000.0, 0.0, 0.0, 0.0], [0.0, 100000.0, 0.0, 0.0], [0.0, 0.0, 1000.0, 0.0], [0.0, 0.0, 0.0, 100000.0]]}","[0.006492963036075425, 0.00869678186846028, 0.0]",False
3,P13,97e72a24-ca34-4b21-9460-041fe7448ae7,9,1,haply,mpc,seeded_random,3675826489,persist_session,10.0,22.849686231613163,901.63256647,0,1785998350.1529222,218,True,normal,fixed,0.0,-0.15,0.0,0.096,-0.022,0.0,-0.001388541,-0.15197936,0.0,-0.028927526,-0.20148365,0.13269822,-8.439428e-05,-0.00029735494,-0.00054449204,"[1.4863294354920467, 1.1342135081886642, 0.0, 0.0, 0.0, 0.0, 1.3432741733989388, 1.0284718409845282]","[0.14762345765945056, 0.1886018702514391, 0.0]","{""Controller Type"": ""MPC Controller"", ""weight_comfort"": 500.0, ""weight_trajectory"": 3000.0, ""weight_goal"": 1000.0, ""Q"": [[3000.0, 0.0, 0.0, 0.0], [0.0, 0.0, 0.0, 0.0], [0.0, 0.0, 3000.0, 0.0], [0.0, 0.0, 0.0, 0.0]], ""R"": [[500.0, 0.0], [0.0, 500.0]], ""P"": [[1000.0, 0.0, 0.0, 0.0], [0.0, 100000.0, 0.0, 0.0], [0.0, 0.0, 1000.0, 0.0], [0.0, 0.0, 0.0, 100000.0]]}","[0.006443698129979177, 0.008440188953866236, 0.0]",False
3,P13,97e72a24-ca34-4b21-9460-041fe7448ae7,9,1,haply,mpc,seeded_random,3675826489,persist_session,10.0,22.859658565521244,901.642537408,0,1785998350.163002,219,True,normal,fixed,0.0,-0.15,0.0,0.096,-0.022,0.0,-0.0013631489999999,-0.15184746,0.0,-0.028919056,-0.20145293,0.13276413,-2.6451526e-05,-9.054781e-05,-1.9990171e-05,"[1.4470070792661784, 1.147946978151833, 0.0, 0.0, 0.0, 0.0, 1.4528149761903217, 0.9975062831816636]","[0.13849566747043104, 0.21067727911936007, 0.0]","{""Controller Type"": ""MPC Controller"", ""weight_comfort"": 500.0, ""weight_trajectory"": 3000.0, ""weight_goal"": 1000.0, ""Q"": [[3000.0, 0.0, 0.0, 0.0], [0.0, 0.0, 0.0, 0.0], [0.0, 0.0, 3000.0, 0.0], [0.0, 0.0, 0.0, 0.0]], ""R"": [[500.0, 0.0], [0.0, 500.0]], ""P"": [[1000.0, 0.0, 0.0, 0.0], [0.0, 100000.0, 0.0, 0.0], [0.0, 0.0, 1000.0, 0.0], [0.0, 0.0, 0.0, 100000.0]]}","[0.006531528709455397, 0.008264235710122433, 0.0]",False
3,P13,97e72a24-ca34-4b21-9460-041fe7448ae7,9,1,haply,mpc,seeded_random,3675826489,persist_session,10.0,22.86970409393311,901.652584697,0,1785998350.1731608,220,True,normal,fixed,0.0,-0.15,0.0,0.096,-0.022,0.0,-0.0013377389999999,-0.1517156399999999,0.0,-0.028919056,-0.20145293,0.13276413,3.573966e-05,0.00013264857,0.0005150379,"[1.4668498050174024, 1.1412761480098235, 0.0, 0.0, 0.0, 0.0, 1.274697713675722, 1.053161069483914]","[0.14569208482395635, 0.17929739778473225, 0.0]","{""Controller Type"": ""MPC Controller"", ""weight_comfort"": 500.0, ""weight_trajectory"": 3000.0, ""weight_goal"": 1000.0, ""Q"": [[3000.0, 0.0, 0.0, 0.0], [0.0, 0.0, 0.0, 0.0], [0.0, 0.0, 3000.0, 0.0], [0.0, 0.0, 0.0, 0.0]], ""R"": [[500.0, 0.0], [0.0, 500.0]], ""P"": [[1000.0, 0.0, 0.0, 0.0], [0.0, 100000.0, 0.0, 0.0], [0.0, 0.0, 1000.0, 0.0], [0.0, 0.0, 0.0, 100000.0]]}","[0.006444079354854363, 0.008415464439320824, 0.0]",False
3,P13,97e72a24-ca34-4b21-9460-041fe7448ae7,9,1,haply,mpc,seeded_random,3675826489,persist_session,10.0,22.879643764495853,901.662520022,0,1785998350.183059,221,True,normal,fixed,0.0,-0.15,0.0,0.096,-0.022,0.0,-0.0013377389999999,-0.1517156399999999,0.0,-0.02891754,-0.2014488,0.13293883,9.3706774e-05,0.00034030253,0.0010875663,"[1.457637986291973, 1.1443734804981953, 0.0, 0.0, 0.0, 0.0, 1.2439052977365581, 1.0627925210516493]","[0.14474559041164653, 0.1751447368507147, 0.0]","{""Controller Type"": ""MPC Controller"", ""weight_comfort"": 500.0, ""weight_trajectory"": 3000.0, ""weight_goal"": 1000.0, ""Q"": [[3000.0, 0.0, 0.0, 0.0], [0.0, 0.0, 0.0, 0.0], [0.0, 0.0, 3000.0, 0.0], [0.0, 0.0, 0.0, 0.0]], ""R"": [[500.0, 0.0], [0.0, 500.0]], ""P"": [[1000.0, 0.0, 0.0, 0.0], [0.0, 100000.0, 0.0, 0.0], [0.0, 0.0, 1000.0, 0.0], [0.0, 0.0, 0.0, 100000.0]]}","[0.006442280030460514, 0.008406446845005034, 0.0]",False
3,P13,97e72a24-ca34-4b21-9460-041fe7448ae7,9,1,haply,mpc,seeded_random,3675826489,persist_session,10.0,22.889647569656375,901.672527864,0,1785998350.1928778,222,True,normal,fixed,0.0,-0.15,0.0,0.096,-0.022,0.0,-0.0013331909999999,-0.1513662399999999,0.0,-0.028909046,-0.20141798,0.1330047,0.0002644876,0.0009577197,0.002506622,"[1.4328835997996126, 1.1528749338898698, 0.0, 0.0, 0.0, 0.0, 1.0012734624751316, 1.1491478348025694]","[0.13947364985467514, 0.12988082799997766, 0.0]","{""Controller Type"": ""MPC Controller"", ""weight_comfort"": 500.0, ""weight_trajectory"": 3000.0, ""weight_goal"": 1000.0, ""Q"": [[3000.0, 0.0, 0.0, 0.0], [0.0, 0.0, 0.0, 0.0], [0.0, 0.0, 3000.0, 0.0], [0.0, 0.0, 0.0, 0.0]], ""R"": [[500.0, 0.0], [0.0, 500.0]], ""P"": [[1000.0, 0.0, 0.0, 0.0], [0.0, 100000.0, 0.0, 0.0], [0.0, 0.0, 1000.0, 0.0], [0.0, 0.0, 0.0, 100000.0]]}","[0.006488348684309275, 0.008645438185121023, 0.0]",False
3,P13,97e72a24-ca34-4b21-9460-041fe7448ae7,9,1,haply,mpc,seeded_random,3675826489,persist_session,10.0,22.89972218513489,901.682599021,0,1785998350.2030642,223,True,normal,fixed,0.0,-0.15,0.0,0.096,-0.022,0.0,-0.001307709,-0.1512345,0.0,-0.028724432,-0.20138127,0.13313507,0.0005024982,0.0015257141,0.0038176319,"[1.427099279849785, 1.154853754059667, 0.0, 0.0, 0.0, 0.0, 1.5047840396115548, 1.0351679190167808]","[0.13943904744085522, 0.23150452169688407, 0.0]","{""Controller Type"": ""MPC Controller"", ""weight_comfort"": 500.0, ""weight_trajectory"": 3000.0, ""weight_goal"": 1000.0, ""Q"": [[3000.0, 0.0, 0.0, 0.0], [0.0, 0.0, 0.0, 0.0], [0.0, 0.0, 3000.0, 0.0], [0.0, 0.0, 0.0, 0.0]], ""R"": [[500.0, 0.0], [0.0, 500.0]], ""P"": [[1000.0, 0.0, 0.0, 0.0], [0.0, 100000.0, 0.0, 0.0], [0.0, 0.0, 1000.0, 0.0], [0.0, 0.0, 0.0, 100000.0]]}","[0.006479436870954207, 0.007960788315763521, 0.0]",False
3,P13,97e72a24-ca34-4b21-9460-041fe7448ae7,9,1,haply,mpc,seeded_random,3675826489,persist_session,10.0,22.90963443756104,901.692517818,0,1785998350.2128303,224,True,normal,fixed,0.0,-0.15,0.0,0.096,-0.022,0.0,-0.000753867,-0.15097376,0.0,-0.028623663,-0.20133185,0.13326602,0.00077407074,0.0019992527,0.004914479,"[1.430690229973873, 1.153646651434955, 0.0, 0.0, 0.0, 0.0, 1.1329073581896605, 1.1516865359032589]","[0.1421031076802332, 0.16130534813058867, 0.0]","{""Controller Type"": ""MPC Controller"", ""weight_comfort"": 500.0, ""weight_trajectory"": 3000.0, ""weight_goal"": 1000.0, ""Q"": [[3000.0, 0.0, 0.0, 0.0], [0.0, 0.0, 0.0, 0.0], [0.0, 0.0, 3000.0, 0.0], [0.0, 0.0, 0.0, 0.0]], ""R"": [[500.0, 0.0], [0.0, 500.0]], ""P"": [[1000.0, 0.0, 0.0, 0.0], [0.0, 100000.0, 0.0, 0.0], [0.0, 0.0, 1000.0, 0.0], [0.0, 0.0, 0.0, 100000.0]]}","[0.0064397610662345695, 0.008366963355273687, 0.0]",False
3,P13,97e72a24-ca34-4b21-9460-041fe7448ae7,9,1,haply,mpc,seeded_random,3675826489,persist_session,10.0,22.919789161682132,901.702662698,0,1785998350.2230604,225,True,normal,fixed,0.0,-0.15,0.0,0.096,-0.022,0.0,-0.00045156,-0.1507118599999999,0.0,-0.02850589,-0.20122033,0.13352837,0.0011622894,0.0026218107,0.006159477,"[1.6934417102691264, 1.1179099429165653, 0.0, 0.0, 0.0, 0.0, 1.3105538214908368, 1.1053963848655377]","[0.22724443544052075, 0.1985394488722557, 0.0]","{""Controller Type"": ""MPC Controller"", ""weight_comfort"": 500.0, ""weight_trajectory"": 3000.0, ""weight_goal"": 1000.0, ""Q"": [[3000.0, 0.0, 0.0, 0.0], [0.0, 0.0, 0.0, 0.0], [0.0, 0.0, 3000.0, 0.0], [0.0, 0.0, 0.0, 0.0]], ""R"": [[500.0, 0.0], [0.0, 500.0]], ""P"": [[1000.0, 0.0, 0.0, 0.0], [0.0, 100000.0, 0.0, 0.0], [0.0, 0.0, 1000.0, 0.0], [0.0, 0.0, 0.0, 100000.0]]}","[0.005394975450502386, 0.008091601943815026, 0.0]",False
3,P13,97e72a24-ca34-4b21-9460-041fe7448ae7,9,1,haply,mpc,seeded_random,3675826489,persist_session,10.0,22.929717864990238,901.712593099,0,1785998350.2328963,226,True,normal,fixed,0.0,-0.15,0.0,0.096,-0.022,0.0,-9.824099999999893e-05,-0.15018716,0.0,-0.028304385,-0.2011206,0.13378982,0.001707191,0.0035741252,0.008117832,"[1.537519019551539, 1.1564435379152507, 0.0, 0.0, 0.0, 0.0, 1.26737219367087, 1.1168308792468113]","[0.18246998637099796, 0.19171783296338316, 0.0]","{""Controller Type"": ""MPC Controller"", ""weight_comfort"": 500.0, ""weight_trajectory"": 3000.0, ""weight_goal"": 1000.0, ""Q"": [[3000.0, 0.0, 0.0, 0.0], [0.0, 0.0, 0.0, 0.0], [0.0, 0.0, 3000.0, 0.0], [0.0, 0.0, 0.0, 0.0]], ""R"": [[500.0, 0.0], [0.0, 500.0]], ""P"": [[1000.0, 0.0, 0.0, 0.0], [0.0, 100000.0, 0.0, 0.0], [0.0, 0.0, 1000.0, 0.0], [0.0, 0.0, 0.0, 100000.0]]}","[0.005869898047160832, 0.008089890890390016, 0.0]",False
3,P13,97e72a24-ca34-4b21-9460-041fe7448ae7,9,1,haply,mpc,seeded_random,3675826489,persist_session,10.0,22.93974598884583,901.722621244,0,1785998350.2430394,227,True,normal,fixed,0.0,-0.15,0.0,0.096,-0.022,0.0,0.0005062739999999,-0.14966426,0.0,-0.028102932,-0.20102023,0.13405094,0.0031999168,0.0045875474,0.010490194,"[1.5617548425894574, 1.1510515681456892, 0.0, 0.0, 0.0, 0.0, 1.5986670377117556, 1.070694085873766]","[0.1914289963065574, 0.2620448498831772, 0.0]","{""Controller Type"": ""MPC Controller"", ""weight_comfort"": 500.0, ""weight_trajectory"": 3000.0, ""weight_goal"": 1000.0, ""Q"": [[3000.0, 0.0, 0.0, 0.0], [0.0, 0.0, 0.0, 0.0], [0.0, 0.0, 3000.0, 0.0], [0.0, 0.0, 0.0, 0.0]], ""R"": [[500.0, 0.0], [0.0, 500.0]], ""P"": [[1000.0, 0.0, 0.0, 0.0], [0.0, 100000.0, 0.0, 0.0], [0.0, 0.0, 1000.0, 0.0], [0.0, 0.0, 0.0, 100000.0]]}","[0.005722992714533767, 0.007534977348226866, 0.0]",False
3,P13,97e72a24-ca34-4b21-9460-041fe7448ae7,9,1,haply,mpc,seeded_random,3675826489,persist_session,10.0,22.949788179397586,901.732663803,0,1785998350.2529185,228,True,normal,fixed,0.0,-0.15,0.0,0.096,-0.022,0.0,0.0011106329999999,-0.14914202,0.0,-0.027809372,-0.20090002,0.1343765,0.0068051536,0.005675552,0.013608934,"[1.6616135804651762, 1.1393025615508763, 0.0, 0.0, 0.0, 0.0, 1.5437993056003068, 1.07876685347748]","[0.2265749499531734, 0.2527012142735221, 0.0]","{""Controller Type"": ""MPC Controller"", ""weight_comfort"": 500.0, ""weight_trajectory"": 3000.0, ""weight_goal"": 1000.0, ""Q"": [[3000.0, 0.0, 0.0, 0.0], [0.0, 0.0, 0.0, 0.0], [0.0, 0.0, 3000.0, 0.0], [0.0, 0.0, 0.0, 0.0]], ""R"": [[500.0, 0.0], [0.0, 500.0]], ""P"": [[1000.0, 0.0, 0.0, 0.0], [0.0, 100000.0, 0.0, 0.0], [0.0, 0.0, 1000.0, 0.0], [0.0, 0.0, 0.0, 100000.0]]}","[0.006021596121022656, 0.008651948015351844, 0.0]",False
3,P13,97e72a24-ca34-4b21-9460-041fe7448ae7,9,1,haply,mpc,seeded_random,3675826489,persist_session,10.0,22.9597202205658,901.742588471,0,1785998350.2630858,229,True,normal,fixed,0.0,-0.15,0.0,0.096,-0.022,0.0,0.001991313,-0.1484908999999999,0.0,-0.027423816,-0.20075908,0.13476638,0.01034816,0.006992722,0.017136479,"[1.6584741357916615, 1.1396414848980052, 0.0, 0.0, 0.0, 0.0, 1.52896281095442, 1.0808347947437194]","[0.22708962579208436, 0.25153164359447, 0.0]","{""Controller Type"": ""MPC Controller"", ""weight_comfort"": 500.0, ""weight_trajectory"": 3000.0, ""weight_goal"": 1000.0, ""Q"": [[3000.0, 0.0, 0.0, 0.0], [0.0, 0.0, 0.0, 0.0], [0.0, 0.0, 3000.0, 0.0], [0.0, 0.0, 0.0, 0.0]], ""R"": [[500.0, 0.0], [0.0, 500.0]], ""P"": [[1000.0, 0.0, 0.0, 0.0], [0.0, 100000.0, 0.0, 0.0], [0.0, 0.0, 1000.0, 0.0], [0.0, 0.0, 0.0, 100000.0]]}","[0.0071744755033929025, 0.010371862637431721, 0.0]",False
3,P13,97e72a24-ca34-4b21-9460-041fe7448ae7,9,1,haply,mpc,seeded_random,3675826489,persist_session,10.0,22.969720926284793,901.752600021,0,1785998350.2728696,230,True,normal,fixed,0.0,-0.15,0.0,0.096,-0.022,0.0,0.0031479809999999,-0.14771114,0.0,-0.027029982,-0.2005848,0.13522074,0.014641135,0.008367314,0.020934364,"[1.748587899881955, 1.1434953000023504, 0.0, 0.0, 0.0, 0.0, 1.6259590780838566, 1.0733558062316342]","[0.26343013166653073, 0.2744069700903906, 0.0]","{""Controller Type"": ""MPC Controller"", ""weight_comfort"": 500.0, ""weight_trajectory"": 3000.0, ""weight_goal"": 1000.0, ""Q"": [[3000.0, 0.0, 0.0, 0.0], [0.0, 0.0, 0.0, 0.0], [0.0, 0.0, 3000.0, 0.0], [0.0, 0.0, 0.0, 0.0]], ""R"": [[500.0, 0.0], [0.0, 500.0]], ""P"": [[1000.0, 0.0, 0.0, 0.0], [0.0, 100000.0, 0.0, 0.0], [0.0, 0.0, 1000.0, 0.0], [0.0, 0.0, 0.0, 100000.0]]}","[0.008297249601732212, 0.012929384975196632, 0.0]",False
3,P13,97e72a24-ca34-4b21-9460-041fe7448ae7,9,1,haply,mpc,seeded_random,3675826489,persist_session,10.0,22.979846563339237,901.762713472,0,1785998350.2830305,231,True,normal,fixed,0.0,-0.15,0.0,0.096,-0.022,0.0,0.0043294829999999,-0.14680242,0.0,-0.02655292,-0.2004201,0.13567345,0.019001905,0.010053209,0.025288878,"[1.8434910365553177, 1.1729716245086756, 0.0, 0.0, 0.0, 0.0, 1.7662270631996948, 1.0763791707904065]","[0.3098446090898344, 0.30782134668250594, 0.0]","{""Controller Type"": ""MPC Controller"", ""weight_comfort"": 500.0, ""weight_trajectory"": 3000.0, ""weight_goal"": 1000.0, ""Q"": [[3000.0, 0.0, 0.0, 0.0], [0.0, 0.0, 0.0, 0.0], [0.0, 0.0, 3000.0, 0.0], [0.0, 0.0, 0.0, 0.0]], ""R"": [[500.0, 0.0], [0.0, 500.0]], ""P"": [[1000.0, 0.0, 0.0, 0.0], [0.0, 100000.0, 0.0, 0.0], [0.0, 0.0, 1000.0, 0.0], [0.0, 0.0, 0.0, 100000.0]]}","[0.009772884618907435, 0.0169532086750011, 0.0]",False
3,P13,97e72a24-ca34-4b21-9460-041fe7448ae7,9,1,haply,mpc,seeded_random,3675826489,persist_session,10.0,22.989731636047367,901.772607606,0,1785998350.2928402,232,True,normal,fixed,0.0,-0.15,0.0,0.096,-0.022,0.0,0.0057606689999999,-0.145897,0.0,-0.026082383,-0.20027803,0.13623324,0.023631742,0.011640958,0.029500695,"[1.8276222188213227, 1.1681136859811032, 0.0, 0.0, 0.0, 0.0, 1.8307370054454146, 1.0823967069920049]","[0.30336616888096657, 0.32528219873438163, 0.0]","{""Controller Type"": ""MPC Controller"", ""weight_comfort"": 500.0, ""weight_trajectory"": 3000.0, ""weight_goal"": 1000.0, ""Q"": [[3000.0, 0.0, 0.0, 0.0], [0.0, 0.0, 0.0, 0.0], [0.0, 0.0, 3000.0, 0.0], [0.0, 0.0, 0.0, 0.0]], ""R"": [[500.0, 0.0], [0.0, 500.0]], ""P"": [[1000.0, 0.0, 0.0, 0.0], [0.0, 100000.0, 0.0, 0.0], [0.0, 0.0, 1000.0, 0.0], [0.0, 0.0, 0.0, 100000.0]]}","[0.013651250951488603, 0.02315298789756521, 0.0]",False
3,P13,97e72a24-ca34-4b21-9460-041fe7448ae7,9,1,haply,mpc,seeded_random,3675826489,persist_session,10.0,22.999744739532474,901.782613356,0,1785998350.3029523,233,True,normal,fixed,0.0,-0.15,0.0,0.096,-0.022,0.0,0.0071722799999999,-0.14477742,0.0,-0.02552011,-0.20011194,0.13685597,0.028447863,0.013214067,0.03395247,"[1.8932548500054116, 1.2154549165802742, 0.0, 0.0, 0.0, 0.0, 1.8273708572978713, 1.0819937324797058]","[0.3481742372827652, 0.32627176972596794, 0.0]","{""Controller Type"": ""MPC Controller"", ""weight_comfort"": 500.0, ""weight_trajectory"": 3000.0, ""weight_goal"": 1000.0, ""Q"": [[3000.0, 0.0, 0.0, 0.0], [0.0, 0.0, 0.0, 0.0], [0.0, 0.0, 3000.0, 0.0], [0.0, 0.0, 0.0, 0.0]], ""R"": [[500.0, 0.0], [0.0, 500.0]], ""P"": [[1000.0, 0.0, 0.0, 0.0], [0.0, 100000.0, 0.0, 0.0], [0.0, 0.0, 1000.0, 0.0], [0.0, 0.0, 0.0, 100000.0]]}","[0.01667834039668629, 0.03334499559802724, 0.0]",False
3,P13,97e72a24-ca34-4b21-9460-041fe7448ae7,9,1,haply,mpc,seeded_random,3675826489,persist_session,10.0,23.009709444046024,901.792589774,0,1785998350.312984,234,True,normal,fixed,0.0,-0.15,0.0,0.096,-0.022,0.0,0.008859099,-0.14353196,0.0,-0.024969772,-0.19999082,0.13769256,0.03368945,0.014811828,0.038972717,"[1.8693634640321144, 1.1998201404163344, 0.0, 0.0, 0.0, 0.0, 1.9558541982445392, 1.118499428995668]","[0.3335425328315532, 0.3639721281393931, 0.0]","{""Controller Type"": ""MPC Controller"", ""weight_comfort"": 500.0, ""weight_trajectory"": 3000.0, ""weight_goal"": 1000.0, ""Q"": [[3000.0, 0.0, 0.0, 0.0], [0.0, 0.0, 0.0, 0.0], [0.0, 0.0, 3000.0, 0.0], [0.0, 0.0, 0.0, 0.0]], ""R"": [[500.0, 0.0], [0.0, 500.0]], ""P"": [[1000.0, 0.0, 0.0, 0.0], [0.0, 100000.0, 0.0, 0.0], [0.0, 0.0, 1000.0, 0.0], [0.0, 0.0, 0.0, 100000.0]]}","[0.025445085152765588, 0.04746728356957772, 0.0]",False
3,P13,97e72a24-ca34-4b21-9460-041fe7448ae7,9,1,haply,mpc,seeded_random,3675826489,persist_session,10.0,23.019682970047,901.802564758,0,1785998350.323148,235,True,normal,fixed,0.0,-0.15,0.0,0.096,-0.022,0.0,0.0105101129999999,-0.14185878,0.0,-0.024404904,-0.19980763,0.13848402,0.038390934,0.016607378,0.04429931,"[1.9126211821213464, 1.2590738565023063, 0.0, 0.0, 0.0, 0.0, 2.0317049679061054, 1.151440049939232]","[0.3783793740581707, 0.3898711729786488, 0.0]","{""Controller Type"": ""MPC Controller"", ""weight_comfort"": 500.0, ""weight_trajectory"": 3000.0, ""weight_goal"": 1000.0, ""Q"": [[3000.0, 0.0, 0.0, 0.0], [0.0, 0.0, 0.0, 0.0], [0.0, 0.0, 3000.0, 0.0], [0.0, 0.0, 0.0, 0.0]], ""R"": [[500.0, 0.0], [0.0, 500.0]], ""P"": [[1000.0, 0.0, 0.0, 0.0], [0.0, 100000.0, 0.0, 0.0], [0.0, 0.0, 1000.0, 0.0], [0.0, 0.0, 0.0, 100000.0]]}","[0.03297729293202947, 0.07250360534491161, 0.0]",False
3,P13,97e72a24-ca34-4b21-9460-041fe7448ae7,9,1,haply,mpc,seeded_random,3675826489,persist_session,10.0,23.029775943756107,901.812648154,0,1785998350.3330154,236,True,normal,fixed,0.0,-0.15,0.0,0.096,-0.022,0.0,0.0122047169999999,-0.1402758599999999,0.0,-0.023770822,-0.19968694,0.1393158,0.043099612,0.01847039,0.04984905,"[1.8962656279314392, 1.237980123453393, 0.0, 0.0, 0.0, 0.0, 2.2390587612184105, 1.3723273571513694]","[0.36320539512112726, 0.4942804949885371, 0.0]","{""Controller Type"": ""MPC Controller"", ""weight_comfort"": 500.0, ""weight_trajectory"": 3000.0, ""weight_goal"": 1000.0, ""Q"": [[3000.0, 0.0, 0.0, 0.0], [0.0, 0.0, 0.0, 0.0], [0.0, 0.0, 3000.0, 0.0], [0.0, 0.0, 0.0, 0.0]], ""R"": [[500.0, 0.0], [0.0, 500.0]], ""P"": [[1000.0, 0.0, 0.0, 0.0], [0.0, 100000.0, 0.0, 0.0], [0.0, 0.0, 1000.0, 0.0], [0.0, 0.0, 0.0, 100000.0]]}","[0.05676793164258647, 0.10686750733362387, 0.0]",False
3,P13,97e72a24-ca34-4b21-9460-041fe7448ae7,9,1,haply,mpc,seeded_random,3675826489,persist_session,10.0,23.039731111526493,901.82260082,0,1785998350.3430068,237,True,normal,fixed,0.0,-0.15,0.0,0.096,-0.022,0.0,0.0141069629999999,-0.1386123,0.0,-0.023128048,-0.19952703,0.14020942,0.04697395,0.01857656,0.056737322,"[1.9044839879652364, 1.2524416331402743, 0.0, 0.0, 0.0, 0.0, 2.1865589845808358, 1.3185141137348437]","[0.37467749832870617, 0.47013143097279664, 0.0]","{""Controller Type"": ""MPC Controller"", ""weight_comfort"": 500.0, ""weight_trajectory"": 3000.0, ""weight_goal"": 1000.0, ""Q"": [[3000.0, 0.0, 0.0, 0.0], [0.0, 0.0, 0.0, 0.0], [0.0, 0.0, 3000.0, 0.0], [0.0, 0.0, 0.0, 0.0]], ""R"": [[500.0, 0.0], [0.0, 500.0]], ""P"": [[1000.0, 0.0, 0.0, 0.0], [0.0, 100000.0, 0.0, 0.0], [0.0, 0.0, 1000.0, 0.0], [0.0, 0.0, 0.0, 100000.0]]}","[0.08523827949954124, 0.1793870104020311, 0.0]",False
3,P13,97e72a24-ca34-4b21-9460-041fe7448ae7,9,1,haply,mpc,seeded_random,3675826489,persist_session,10.0,23.04970964431763,901.832588623,0,1785998350.352965,238,True,normal,fixed,0.0,-0.15,0.0,0.096,-0.022,0.0,0.016035285,-0.13682506,0.0,-0.022498658,-0.19941758,0.14114414,0.050287653,0.01810452,0.06345315,"[1.9177309836088865, 1.2971371447834756, 0.0, 0.0, 0.0, 0.0, 2.1935742051632463, 1.326966925280827]","[0.40400841154982853, 0.4767364870638642, 0.0]","{""Controller Type"": ""MPC Controller"", ""weight_comfort"": 500.0, ""weight_trajectory"": 3000.0, ""weight_goal"": 1000.0, ""Q"": [[3000.0, 0.0, 0.0, 0.0], [0.0, 0.0, 0.0, 0.0], [0.0, 0.0, 3000.0, 0.0], [0.0, 0.0, 0.0, 0.0]], ""R"": [[500.0, 0.0], [0.0, 500.0]], ""P"": [[1000.0, 0.0, 0.0, 0.0], [0.0, 100000.0, 0.0, 0.0], [0.0, 0.0, 1000.0, 0.0], [0.0, 0.0, 0.0, 100000.0]]}","[0.11678719029682909, 0.29490406291810484, 0.0]",False
3,P13,97e72a24-ca34-4b21-9460-041fe7448ae7,9,1,haply,mpc,seeded_random,3675826489,persist_session,10.0,23.05966648101807,901.842542553,0,1785998350.3629606,239,True,normal,fixed,0.0,-0.15,0.0,0.096,-0.022,0.0,0.0179234549999999,-0.13495562,0.0,-0.021777172,-0.19927701,0.14213927,0.0529878,0.017570758,0.069286585,"[1.9171837275796684, 1.2946863085416476, 0.0, 0.0, 0.0, 0.0, 2.2292202887448926, 1.3851522107269116]","[0.4040105150207437, 0.5045677634213881, 0.0]","{""Controller Type"": ""MPC Controller"", ""weight_comfort"": 500.0, ""weight_trajectory"": 3000.0, ""weight_goal"": 1000.0, ""Q"": [[3000.0, 0.0, 0.0, 0.0], [0.0, 0.0, 0.0, 0.0], [0.0, 0.0, 3000.0, 0.0], [0.0, 0.0, 0.0, 0.0]], ""R"": [[500.0, 0.0], [0.0, 500.0]], ""P"": [[1000.0, 0.0, 0.0, 0.0], [0.0, 100000.0, 0.0, 0.0], [0.0, 0.0, 1000.0, 0.0], [0.0, 0.0, 0.0, 100000.0]]}","[0.17678360643887953, 0.4609864660251196, 0.0]",False
3,P13,97e72a24-ca34-4b21-9460-041fe7448ae7,9,1,haply,mpc,seeded_random,3675826489,persist_session,10.0,23.069679584503177,901.852553141,0,1785998350.3729537,240,True,normal,fixed,0.0,-0.15,0.0,0.096,-0.022,0.0,0.0200879129999999,-0.1329653599999999,0.0,-0.021229977,-0.19914491,0.14306986,0.05518232,0.01692052,0.074291274,"[1.9112321113521535, 1.268211705946158, 0.0, 0.0, 0.0, 0.0, 2.2384738518320177, 1.4038389079919802]","[0.3887910815864446, 0.5154066507418043, 0.0]","{""Controller Type"": ""MPC Controller"", ""weight_comfort"": 500.0, ""weight_trajectory"": 3000.0, ""weight_goal"": 1000.0, ""Q"": [[3000.0, 0.0, 0.0, 0.0], [0.0, 0.0, 0.0, 0.0], [0.0, 0.0, 3000.0, 0.0], [0.0, 0.0, 0.0, 0.0]], ""R"": [[500.0, 0.0], [0.0, 500.0]], ""P"": [[1000.0, 0.0, 0.0, 0.0], [0.0, 100000.0, 0.0, 0.0], [0.0, 0.0, 1000.0, 0.0], [0.0, 0.0, 0.0, 100000.0]]}","[0.27426775279971405, 0.6907088426337432, 0.0]",False
3,P13,97e72a24-ca34-4b21-9460-041fe7448ae7,9,1,haply,mpc,seeded_random,3675826489,persist_session,10.0,23.079641904830936,901.862524454,0,1785998350.3833215,241,True,normal,fixed,0.0,-0.15,0.0,0.096,-0.022,0.0,0.0217294979999999,-0.13110418,0.0,-0.020529099,-0.19908173,0.1440406,0.056847636,0.016364295,0.078936785,"[1.9095753666581579, 1.3569550792800757, 0.0, 0.0, 0.0, 0.0, 2.2587459228997733, 1.461352692984166]","[0.438870573313214, 0.541691248229075, 0.0]","{""Controller Type"": ""MPC Controller"", ""weight_comfort"": 500.0, ""weight_trajectory"": 3000.0, ""weight_goal"": 1000.0, ""Q"": [[3000.0, 0.0, 0.0, 0.0], [0.0, 0.0, 0.0, 0.0], [0.0, 0.0, 3000.0, 0.0], [0.0, 0.0, 0.0, 0.0]], ""R"": [[500.0, 0.0], [0.0, 500.0]], ""P"": [[1000.0, 0.0, 0.0, 0.0], [0.0, 100000.0, 0.0, 0.0], [0.0, 0.0, 1000.0, 0.0], [0.0, 0.0, 0.0, 100000.0]]}","[0.2454048211928599, 0.9500826428811664, 0.0]",False
3,P13,97e72a24-ca34-4b21-9460-041fe7448ae7,9,1,haply,mpc,seeded_random,3675826489,persist_session,10.0,23.089790668487552,901.872663973,0,1785998350.3931513,242,True,normal,fixed,0.0,-0.15,0.0,0.096,-0.022,0.0,0.023832132,-0.1291627,0.0,-0.019981107,-0.19894312,0.1452432,0.058124352,0.015907655,0.083326794,"[1.8421653453620617, 1.217729872468773, 0.0, 0.0, 0.0, 0.0, 2.1724266261887935, 1.2924039569564816]","[0.3296264243978016, 0.469025694535062, 0.0]","{""Controller Type"": ""MPC Controller"", ""weight_comfort"": 500.0, ""weight_trajectory"": 3000.0, ""weight_goal"": 1000.0, ""Q"": [[3000.0, 0.0, 0.0, 0.0], [0.0, 0.0, 0.0, 0.0], [0.0, 0.0, 3000.0, 0.0], [0.0, 0.0, 0.0, 0.0]], ""R"": [[500.0, 0.0], [0.0, 500.0]], ""P"": [[1000.0, 0.0, 0.0, 0.0], [0.0, 100000.0, 0.0, 0.0], [0.0, 0.0, 1000.0, 0.0], [0.0, 0.0, 0.0, 100000.0]]}","[0.6286205379096806, 1.3016835045663746, 0.0]",False
3,P13,97e72a24-ca34-4b21-9460-041fe7448ae7,9,1,haply,mpc,seeded_random,3675826489,persist_session,10.0,23.09965237617493,901.882538578,0,1785998350.402975,243,True,normal,fixed,0.0,-0.15,0.0,0.096,-0.022,0.0,0.0254761079999999,-0.1267575,0.0,-0.019253429,-0.19875732,0.1463965,0.059363704,0.015661724,0.08821911,"[1.8289521433366263, 1.415198144977117, 0.0, 0.0, 0.0, 0.0, 2.2061151455164856, 1.4021655515357467]","[0.4347094314273635, 0.5133555701070156, 0.0]","{""Controller Type"": ""MPC Controller"", ""weight_comfort"": 500.0, ""weight_trajectory"": 3000.0, ""weight_goal"": 1000.0, ""Q"": [[3000.0, 0.0, 0.0, 0.0], [0.0, 0.0, 0.0, 0.0], [0.0, 0.0, 3000.0, 0.0], [0.0, 0.0, 0.0, 0.0]], ""R"": [[500.0, 0.0], [0.0, 500.0]], ""P"": [[1000.0, 0.0, 0.0, 0.0], [0.0, 100000.0, 0.0, 0.0], [0.0, 0.0, 1000.0, 0.0], [0.0, 0.0, 0.0, 100000.0]]}","[0.30002164779740853, 1.3952977264017126, 0.0]",False
3,P13,97e72a24-ca34-4b21-9460-041fe7448ae7,9,1,haply,mpc,seeded_random,3675826489,persist_session,10.0,23.109769191741947,901.892647739,0,1785998350.413043,244,True,normal,fixed,0.0,-0.15,0.0,0.096,-0.022,0.0,0.027659142,-0.1244508999999999,0.0,-0.018632846,-0.19866548,0.1476359,0.0606373,0.015670579,0.093177035,"[1.7937882846718889, 1.2819098160324998, 0.0, 0.0, 0.0, 0.0, 2.208802324119346, 1.8742919006180203]","[0.3410277388944596, 0.6902789856050902, 0.0]","{""Controller Type"": ""MPC Controller"", ""weight_comfort"": 500.0, ""weight_trajectory"": 3000.0, ""weight_goal"": 1000.0, ""Q"": [[3000.0, 0.0, 0.0, 0.0], [0.0, 0.0, 0.0, 0.0], [0.0, 0.0, 3000.0, 0.0], [0.0, 0.0, 0.0, 0.0]], ""R"": [[500.0, 0.0], [0.0, 500.0]], ""P"": [[1000.0, 0.0, 0.0, 0.0], [0.0, 100000.0, 0.0, 0.0], [0.0, 0.0, 1000.0, 0.0], [0.0, 0.0, 0.0, 100000.0]]}","[0.6672057038163051, 1.1092507927942263, 0.0]",False
3,P13,97e72a24-ca34-4b21-9460-041fe7448ae7,9,1,haply,mpc,seeded_random,3675826489,persist_session,10.0,23.119871463775638,901.902737437,0,1785998350.4231634,245,True,normal,fixed,0.0,-0.15,0.0,0.096,-0.022,0.0,0.0295208909999999,-0.1219721,0.0,-0.018027725,-0.19863792,0.14874855,0.061380167,0.015119563,0.09751559,"[1.7685329861488643, 1.4568075660176505, 0.0, 0.0, 0.0, 0.0, 2.1971043547581672, 1.652934666300045]","[0.43674302564169654, 0.6037883970452795, 0.0]","{""Controller Type"": ""MPC Controller"", ""weight_comfort"": 500.0, ""weight_trajectory"": 3000.0, ""weight_goal"": 1000.0, ""Q"": [[3000.0, 0.0, 0.0, 0.0], [0.0, 0.0, 0.0, 0.0], [0.0, 0.0, 3000.0, 0.0], [0.0, 0.0, 0.0, 0.0]], ""R"": [[500.0, 0.0], [0.0, 500.0]], ""P"": [[1000.0, 0.0, 0.0, 0.0], [0.0, 100000.0, 0.0, 0.0], [0.0, 0.0, 1000.0, 0.0], [0.0, 0.0, 0.0, 100000.0]]}","[0.21259872715309408, 1.250182317225942, 0.0]",False
3,P13,97e72a24-ca34-4b21-9460-041fe7448ae7,9,1,haply,mpc,seeded_random,3675826489,persist_session,10.0,23.129865970611576,901.912719511,0,1785998350.432986,246,True,normal,fixed,0.0,-0.15,0.0,0.096,-0.022,0.0,0.0313362539999999,-0.1197467999999999,0.0,-0.017504372,-0.19859464,0.1498601,0.061801914,0.014396384,0.10086081,"[1.7662565387894469, 1.344863366009888, 0.0, 0.0, 0.0, 0.0, 2.192758233061245, 1.75469837760944]","[0.3648204538171089, 0.6489950732965022, 0.0]","{""Controller Type"": ""MPC Controller"", ""weight_comfort"": 500.0, ""weight_trajectory"": 3000.0, ""weight_goal"": 1000.0, ""Q"": [[3000.0, 0.0, 0.0, 0.0], [0.0, 0.0, 0.0, 0.0], [0.0, 0.0, 3000.0, 0.0], [0.0, 0.0, 0.0, 0.0]], ""R"": [[500.0, 0.0], [0.0, 500.0]], ""P"": [[1000.0, 0.0, 0.0, 0.0], [0.0, 100000.0, 0.0, 0.0], [0.0, 0.0, 1000.0, 0.0], [0.0, 0.0, 0.0, 100000.0]]}","[0.45343445423361445, 1.0686159753333186, 0.0]",False
3,P13,97e72a24-ca34-4b21-9460-041fe7448ae7,9,1,haply,mpc,seeded_random,3675826489,persist_session,10.0,23.13973649978638,901.922612704,0,1785998350.4428875,247,True,normal,fixed,0.0,-0.15,0.0,0.096,-0.022,0.0,0.0329063129999999,-0.1175237,0.0,-0.016885046,-0.19849633,0.15092364,0.06168239,0.01335488,0.10372216,"[1.766452939432599, 1.336237051431569, 0.0, 0.0, 0.0, 0.0, 2.1892060084194322, 1.517012801069586]","[0.3611818264350454, 0.5576653365694154, 0.0]","{""Controller Type"": ""MPC Controller"", ""weight_comfort"": 500.0, ""weight_trajectory"": 3000.0, ""weight_goal"": 1000.0, ""Q"": [[3000.0, 0.0, 0.0, 0.0], [0.0, 0.0, 0.0, 0.0], [0.0, 0.0, 3000.0, 0.0], [0.0, 0.0, 0.0, 0.0]], ""R"": [[500.0, 0.0], [0.0, 500.0]], ""P"": [[1000.0, 0.0, 0.0, 0.0], [0.0, 100000.0, 0.0, 0.0], [0.0, 0.0, 1000.0, 0.0], [0.0, 0.0, 0.0, 100000.0]]}","[0.3920339681426625, 1.1787589426878693, 0.0]",False
3,P13,97e72a24-ca34-4b21-9460-041fe7448ae7,9,1,haply,mpc,seeded_random,3675826489,persist_session,10.0,23.149827327728275,901.932702895,0,1785998350.4529684,248,True,normal,fixed,0.0,-0.15,0.0,0.096,-0.022,0.0,0.0347642909999999,-0.11539662,0.0,-0.016268099,-0.19840786,0.15209112,0.06155096,0.0126902815,0.10586494,"[1.7539585668675926, 1.2617627167570806, 0.0, 0.0, 0.0, 0.0, 2.189243035937116, 1.4464124967625642]","[0.31073816513765246, 0.5338745783956906, 0.0]","{""Controller Type"": ""MPC Controller"", ""weight_comfort"": 500.0, ""weight_trajectory"": 3000.0, ""weight_goal"": 1000.0, ""Q"": [[3000.0, 0.0, 0.0, 0.0], [0.0, 0.0, 0.0, 0.0], [0.0, 0.0, 3000.0, 0.0], [0.0, 0.0, 0.0, 0.0]], ""R"": [[500.0, 0.0], [0.0, 500.0]], ""P"": [[1000.0, 0.0, 0.0, 0.0], [0.0, 100000.0, 0.0, 0.0], [0.0, 0.0, 1000.0, 0.0], [0.0, 0.0, 0.0, 100000.0]]}","[0.5835043090125289, 1.1318850562142637, 0.0]",False
3,P13,97e72a24-ca34-4b21-9460-041fe7448ae7,9,1,haply,mpc,seeded_random,3675826489,persist_session,10.0,23.159699048995975,901.94256915,0,1785998350.4628866,249,True,normal,fixed,0.0,-0.15,0.0,0.096,-0.022,0.0,0.0366151319999999,-0.11306166,0.0,-0.01564715,-0.19829412,0.15314955,0.0615478,0.012505569,0.107323945,"[1.7478027869800903, 1.3319094287240283, 0.0, 0.0, 0.0, 0.0, 2.182143713182987, 1.2895405017134434]","[0.35250993744206255, 0.4759014965037818, 0.0]","{""Controller Type"": ""MPC Controller"", ""weight_comfort"": 500.0, ""weight_trajectory"": 3000.0, ""weight_goal"": 1000.0, ""Q"": [[3000.0, 0.0, 0.0, 0.0], [0.0, 0.0, 0.0, 0.0], [0.0, 0.0, 3000.0, 0.0], [0.0, 0.0, 0.0, 0.0]], ""R"": [[500.0, 0.0], [0.0, 500.0]], ""P"": [[1000.0, 0.0, 0.0, 0.0], [0.0, 100000.0, 0.0, 0.0], [0.0, 0.0, 1000.0, 0.0], [0.0, 0.0, 0.0, 100000.0]]}","[0.2865613978479653, 1.1908494828437666, 0.0]",False
3,P13,97e72a24-ca34-4b21-9460-041fe7448ae7,9,1,haply,mpc,seeded_random,3675826489,persist_session,10.0,23.169777240753177,901.952623947,0,1785998350.4730942,250,True,normal,fixed,0.0,-0.15,0.0,0.096,-0.022,0.0,0.038477979,-0.1109448,0.0,-0.01504494,-0.19826663,0.1541908,0.061743885,0.012630335,0.10852838,"[1.748338510971453, 1.3279990979478042, 0.0, 0.0, 0.0, 0.0, 2.162854741663424, 1.482642110936606]","[0.3516432042080626, 0.5459988897154066, 0.0]","{""Controller Type"": ""MPC Controller"", ""weight_comfort"": 500.0, ""weight_trajectory"": 3000.0, ""weight_goal"": 1000.0, ""Q"": [[3000.0, 0.0, 0.0, 0.0], [0.0, 0.0, 0.0, 0.0], [0.0, 0.0, 3000.0, 0.0], [0.0, 0.0, 0.0, 0.0]], ""R"": [[500.0, 0.0], [0.0, 500.0]], ""P"": [[1000.0, 0.0, 0.0, 0.0], [0.0, 100000.0, 0.0, 0.0], [0.0, 0.0, 1000.0, 0.0], [0.0, 0.0, 0.0, 100000.0]]}","[0.20442262903318112, 0.8933374138074612, 0.0]",False
3,P13,97e72a24-ca34-4b21-9460-041fe7448ae7,9,1,haply,mpc,seeded_random,3675826489,persist_session,10.0,23.179907169342044,901.962775221,0,1785998350.482945,251,True,normal,fixed,0.0,-0.15,0.0,0.096,-0.022,0.0,0.040284609,-0.1088623,0.0,-0.014513702,-0.1981705,0.15518536,0.0616161,0.012319968,0.10835079,"[1.7518356998733706, 1.3042862614453308, 0.0, 0.0, 0.0, 0.0, 2.1601037602297253, 1.2182563531141803]","[0.33879502464562594, 0.44477163082454096, 0.0]","{""Controller Type"": ""MPC Controller"", ""weight_comfort"": 500.0, ""weight_trajectory"": 3000.0, ""weight_goal"": 1000.0, ""Q"": [[3000.0, 0.0, 0.0, 0.0], [0.0, 0.0, 0.0, 0.0], [0.0, 0.0, 3000.0, 0.0], [0.0, 0.0, 0.0, 0.0]], ""R"": [[500.0, 0.0], [0.0, 500.0]], ""P"": [[1000.0, 0.0, 0.0, 0.0], [0.0, 100000.0, 0.0, 0.0], [0.0, 0.0, 1000.0, 0.0], [0.0, 0.0, 0.0, 100000.0]]}","[0.1789262231570565, 1.082450983825136, 0.0]",False
3,P13,97e72a24-ca34-4b21-9460-041fe7448ae7,9,1,haply,mpc,seeded_random,3675826489,persist_session,10.0,23.189653720855716,901.972528976,0,1785998350.4930334,252,True,normal,fixed,0.0,-0.15,0.0,0.096,-0.022,0.0,0.0418783229999999,-0.10687318,0.0,-0.013971101,-0.19801354,0.15613171,0.061131988,0.011864129,0.10769718,"[1.7533086263984055, 1.2963840133665716, 0.0, 0.0, 0.0, 0.0, 2.1602222320184787, 1.215212276811829]","[0.33544365705627854, 0.4445443434075769, 0.0]","{""Controller Type"": ""MPC Controller"", ""weight_comfort"": 500.0, ""weight_trajectory"": 3000.0, ""weight_goal"": 1000.0, ""Q"": [[3000.0, 0.0, 0.0, 0.0], [0.0, 0.0, 0.0, 0.0], [0.0, 0.0, 3000.0, 0.0], [0.0, 0.0, 0.0, 0.0]], ""R"": [[500.0, 0.0], [0.0, 500.0]], ""P"": [[1000.0, 0.0, 0.0, 0.0], [0.0, 100000.0, 0.0, 0.0], [0.0, 0.0, 1000.0, 0.0], [0.0, 0.0, 0.0, 100000.0]]}","[0.10922301153024444, 0.9772130692751297, 0.0]",False
3,P13,97e72a24-ca34-4b21-9460-041fe7448ae7,9,1,haply,mpc,seeded_random,3675826489,persist_session,10.0,23.19986995697022,901.982730403,0,1785998350.5029416,253,True,normal,fixed,0.0,-0.15,0.0,0.096,-0.022,0.0,0.043506126,-0.1049804799999999,0.0,-0.013438791,-0.19790514,0.15712205,0.060476,0.011562265,0.10650796,"[1.7568952351487652, 1.222150435010833, 0.0, 0.0, 0.0, 0.0, 2.1580576030099605, 1.0777890847420255]","[0.2881543740887599, 0.39566691356546424, 0.0]","{""Controller Type"": ""MPC Controller"", ""weight_comfort"": 500.0, ""weight_trajectory"": 3000.0, ""weight_goal"": 1000.0, ""Q"": [[3000.0, 0.0, 0.0, 0.0], [0.0, 0.0, 0.0, 0.0], [0.0, 0.0, 3000.0, 0.0], [0.0, 0.0, 0.0, 0.0]], ""R"": [[500.0, 0.0], [0.0, 500.0]], ""P"": [[1000.0, 0.0, 0.0, 0.0], [0.0, 100000.0, 0.0, 0.0], [0.0, 0.0, 1000.0, 0.0], [0.0, 0.0, 0.0, 100000.0]]}","[0.2899165489250784, 1.0427002164704282, 0.0]",False
3,P13,97e72a24-ca34-4b21-9460-041fe7448ae7,9,1,haply,mpc,seeded_random,3675826489,persist_session,10.0,23.209816064834598,901.992682416,0,1785998350.5130596,254,True,normal,fixed,0.0,-0.15,0.0,0.096,-0.022,0.0,0.0451030559999999,-0.1029997999999999,0.0,-0.012895561,-0.1977361,0.15806392,0.05984535,0.011790339,0.1053732,"[1.7556122247119983, 1.2318372546271998, 0.0, 0.0, 0.0, 0.0, 2.1561056456140815, 1.0061110966817286]","[0.2945355565614848, 0.37110565506630067, 0.0]","{""Controller Type"": ""MPC Controller"", ""weight_comfort"": 500.0, ""weight_trajectory"": 3000.0, ""weight_goal"": 1000.0, ""Q"": [[3000.0, 0.0, 0.0, 0.0], [0.0, 0.0, 0.0, 0.0], [0.0, 0.0, 3000.0, 0.0], [0.0, 0.0, 0.0, 0.0]], ""R"": [[500.0, 0.0], [0.0, 500.0]], ""P"": [[1000.0, 0.0, 0.0, 0.0], [0.0, 100000.0, 0.0, 0.0], [0.0, 0.0, 1000.0, 0.0], [0.0, 0.0, 0.0, 100000.0]]}","[0.17653442967027505, 1.0372917237741528, 0.0]",False
3,P13,97e72a24-ca34-4b21-9460-041fe7448ae7,9,1,haply,mpc,seeded_random,3675826489,persist_session,10.0,23.219900217056278,902.002758686,0,1785998350.522908,255,True,normal,fixed,0.0,-0.15,0.0,0.096,-0.022,0.0,0.046732746,-0.10111606,0.0,-0.012372556,-0.19766952,0.15909643,0.059083384,0.012224028,0.1041331,"[1.758629607025418, 1.207086667105459, 0.0, 0.0, 0.0, 0.0, 2.1558742099923407, 1.0132347053183102]","[0.2800239400273772, 0.3729740847956204, 0.0]","{""Controller Type"": ""MPC Controller"", ""weight_comfort"": 500.0, ""weight_trajectory"": 3000.0, ""weight_goal"": 1000.0, ""Q"": [[3000.0, 0.0, 0.0, 0.0], [0.0, 0.0, 0.0, 0.0], [0.0, 0.0, 3000.0, 0.0], [0.0, 0.0, 0.0, 0.0]], ""R"": [[500.0, 0.0], [0.0, 500.0]], ""P"": [[1000.0, 0.0, 0.0, 0.0], [0.0, 100000.0, 0.0, 0.0], [0.0, 0.0, 1000.0, 0.0], [0.0, 0.0, 0.0, 100000.0]]}","[0.18235633011008712, 0.9283560545973802, 0.0]",False
3,P13,97e72a24-ca34-4b21-9460-041fe7448ae7,9,1,haply,mpc,seeded_random,3675826489,persist_session,10.0,23.229894485473636,902.01276448,0,1785998350.5330598,256,True,normal,fixed,0.0,-0.15,0.0,0.096,-0.022,0.0,0.048301761,-0.0990510399999999,0.0,-0.011911384,-0.19748262,0.16003467,0.0579538,0.012710375,0.10279913,"[1.7556756175960313, 1.221287460114283, 0.0, 0.0, 0.0, 0.0, 2.157800069988527, 0.9547287008354896]","[0.28859398236881384, 0.35333195121508876, 0.0]","{""Controller Type"": ""MPC Controller"", ""weight_comfort"": 500.0, ""weight_trajectory"": 3000.0, ""weight_goal"": 1000.0, ""Q"": [[3000.0, 0.0, 0.0, 0.0], [0.0, 0.0, 0.0, 0.0], [0.0, 0.0, 3000.0, 0.0], [0.0, 0.0, 0.0, 0.0]], ""R"": [[500.0, 0.0], [0.0, 500.0]], ""P"": [[1000.0, 0.0, 0.0, 0.0], [0.0, 100000.0, 0.0, 0.0], [0.0, 0.0, 1000.0, 0.0], [0.0, 0.0, 0.0, 100000.0]]}","[0.05658009152366831, 0.9079798413495876, 0.0]",False
3,P13,97e72a24-ca34-4b21-9460-041fe7448ae7,9,1,haply,mpc,seeded_random,3675826489,persist_session,10.0,23.23986038208008,902.022717207,0,1785998350.5428655,257,True,normal,fixed,0.0,-0.15,0.0,0.096,-0.022,0.0,0.049685277,-0.09717456,0.0,-0.011466298,-0.19737223,0.16085285,0.05657397,0.012847518,0.10115651,"[1.7617967598798758, 1.185416901325321, 0.0, 0.0, 0.0, 0.0, 2.149333971613637, 1.0199591923583908]","[0.2672459880099921, 0.3730812837405963, 0.0]","{""Controller Type"": ""MPC Controller"", ""weight_comfort"": 500.0, ""weight_trajectory"": 3000.0, ""weight_goal"": 1000.0, ""Q"": [[3000.0, 0.0, 0.0, 0.0], [0.0, 0.0, 0.0, 0.0], [0.0, 0.0, 3000.0, 0.0], [0.0, 0.0, 0.0, 0.0]], ""R"": [[500.0, 0.0], [0.0, 500.0]], ""P"": [[1000.0, 0.0, 0.0, 0.0], [0.0, 100000.0, 0.0, 0.0], [0.0, 0.0, 1000.0, 0.0], [0.0, 0.0, 0.0, 100000.0]]}","[0.10496900812527675, 0.7276671733255349, 0.0]",False
3,P13,97e72a24-ca34-4b21-9460-041fe7448ae7,9,1,haply,mpc,seeded_random,3675826489,persist_session,10.0,23.249643173217777,902.032514852,0,1785998350.5530732,258,True,normal,fixed,0.0,-0.15,0.0,0.096,-0.022,0.0,0.051020535,-0.0955382,0.0,-0.011022613,-0.19727013,0.16177529,0.05498123,0.012976446,0.099311806,"[1.7656320379870833, 1.1471442210561411, 0.0, 0.0, 0.0, 0.0, 2.1596421740797695, 0.9068615172142147]","[0.24362916294045184, 0.3358932005083669, 0.0]","{""Controller Type"": ""MPC Controller"", ""weight_comfort"": 500.0, ""weight_trajectory"": 3000.0, ""weight_goal"": 1000.0, ""Q"": [[3000.0, 0.0, 0.0, 0.0], [0.0, 0.0, 0.0, 0.0], [0.0, 0.0, 3000.0, 0.0], [0.0, 0.0, 0.0, 0.0]], ""R"": [[500.0, 0.0], [0.0, 500.0]], ""P"": [[1000.0, 0.0, 0.0, 0.0], [0.0, 100000.0, 0.0, 0.0], [0.0, 0.0, 1000.0, 0.0], [0.0, 0.0, 0.0, 100000.0]]}","[0.18313197002676104, 0.7761932254180814, 0.0]",False
3,P13,97e72a24-ca34-4b21-9460-041fe7448ae7,9,1,haply,mpc,seeded_random,3675826489,persist_session,10.0,23.259774770736698,902.042647979,0,1785998350.56296,259,True,normal,fixed,0.0,-0.15,0.0,0.096,-0.022,0.0,0.0523515899999999,-0.09369332,0.0,-0.010586481,-0.19720437,0.1626376,0.0532131,0.012762562,0.0971866,"[1.766725364442476, 1.1206983452021084, 0.0, 0.0, 0.0, 0.0, 2.1391319609725206, 0.7248216243558085]","[0.22606435286108695, 0.27350201930944523, 0.0]","{""Controller Type"": ""MPC Controller"", ""weight_comfort"": 500.0, ""weight_trajectory"": 3000.0, ""weight_goal"": 1000.0, ""Q"": [[3000.0, 0.0, 0.0, 0.0], [0.0, 0.0, 0.0, 0.0], [0.0, 0.0, 3000.0, 0.0], [0.0, 0.0, 0.0, 0.0]], ""R"": [[500.0, 0.0], [0.0, 500.0]], ""P"": [[1000.0, 0.0, 0.0, 0.0], [0.0, 100000.0, 0.0, 0.0], [0.0, 0.0, 1000.0, 0.0], [0.0, 0.0, 0.0, 100000.0]]}","[0.23290364657661253, 1.0083689970982677, 0.0]",False
3,P13,97e72a24-ca34-4b21-9460-041fe7448ae7,9,1,haply,mpc,seeded_random,3675826489,persist_session,10.0,23.26970967292786,902.052578082,0,1785998350.573068,260,True,normal,fixed,0.0,-0.15,0.0,0.096,-0.022,0.0,0.0536599859999999,-0.0919687,0.0,-0.010234002,-0.19714047,0.16360527,0.051480673,0.012621312,0.095575765,"[1.766313231900269, 1.1242735960338752, 0.0, 0.0, 0.0, 0.0, 2.119945013959624, 0.8884557716704544]","[0.22845805647255804, 0.3177730022758205, 0.0]","{""Controller Type"": ""MPC Controller"", ""weight_comfort"": 500.0, ""weight_trajectory"": 3000.0, ""weight_goal"": 1000.0, ""Q"": [[3000.0, 0.0, 0.0, 0.0], [0.0, 0.0, 0.0, 0.0], [0.0, 0.0, 3000.0, 0.0], [0.0, 0.0, 0.0, 0.0]], ""R"": [[500.0, 0.0], [0.0, 500.0]], ""P"": [[1000.0, 0.0, 0.0, 0.0], [0.0, 100000.0, 0.0, 0.0], [0.0, 0.0, 1000.0, 0.0], [0.0, 0.0, 0.0, 100000.0]]}","[0.15378902981916934, 0.7046794330308397, 0.0]",False
3,P13,97e72a24-ca34-4b21-9460-041fe7448ae7,9,1,haply,mpc,seeded_random,3675826489,persist_session,10.0,23.279728736877445,902.062607538,0,1785998350.582974,261,True,normal,fixed,0.0,-0.15,0.0,0.096,-0.022,0.0,0.054717423,-0.09003336,0.0,-0.009888765,-0.19711342,0.1645138,0.04958475,0.012453629,0.09428716,"[1.7679688880778082, 1.1084485337882746, 0.0, 0.0, 0.0, 0.0, 2.1246623236563065, 0.77468107812246]","[0.21833529692981757, 0.28083549027462784, 0.0]","{""Controller Type"": ""MPC Controller"", ""weight_comfort"": 500.0, ""weight_trajectory"": 3000.0, ""weight_goal"": 1000.0, ""Q"": [[3000.0, 0.0, 0.0, 0.0], [0.0, 0.0, 0.0, 0.0], [0.0, 0.0, 3000.0, 0.0], [0.0, 0.0, 0.0, 0.0]], ""R"": [[500.0, 0.0], [0.0, 500.0]], ""P"": [[1000.0, 0.0, 0.0, 0.0], [0.0, 100000.0, 0.0, 0.0], [0.0, 0.0, 1000.0, 0.0], [0.0, 0.0, 0.0, 100000.0]]}","[0.1580368457552507, 0.7946620030423168, 0.0]",False
3,P13,97e72a24-ca34-4b21-9460-041fe7448ae7,9,1,haply,mpc,seeded_random,3675826489,persist_session,10.0,23.289714899063114,902.072593976,0,1785998350.5930762,262,True,normal,fixed,0.0,-0.15,0.0,0.096,-0.022,0.0,0.0557531339999999,-0.0882163,0.0,-0.009533573,-0.1970289,0.16537356,0.047510777,0.012015808,0.09304785,"[1.7624390729322943, 1.0679212467571937, 0.0, 0.0, 0.0, 0.0, 2.0894029317723137, 0.9376250953862995]","[0.18675493120419445, 0.3253323790385741, 0.0]","{""Controller Type"": ""MPC Controller"", ""weight_comfort"": 500.0, ""weight_trajectory"": 3000.0, ""weight_goal"": 1000.0, ""Q"": [[3000.0, 0.0, 0.0, 0.0], [0.0, 0.0, 0.0, 0.0], [0.0, 0.0, 3000.0, 0.0], [0.0, 0.0, 0.0, 0.0]], ""R"": [[500.0, 0.0], [0.0, 500.0]], ""P"": [[1000.0, 0.0, 0.0, 0.0], [0.0, 100000.0, 0.0, 0.0], [0.0, 0.0, 1000.0, 0.0], [0.0, 0.0, 0.0, 100000.0]]}","[0.33413328014966553, 0.5007739095439906, 0.0]",False
3,P13,97e72a24-ca34-4b21-9460-041fe7448ae7,9,1,haply,mpc,seeded_random,3675826489,persist_session,10.0,23.299767580032352,902.082642503,0,1785998350.6029055,263,True,normal,fixed,0.0,-0.15,0.0,0.096,-0.022,0.0,0.0568187099999999,-0.08649678,0.0,-0.009204149,-0.19708855,0.16627067,0.045452528,0.010788782,0.092398115,"[1.760929385612568, 1.0586240672420077, 0.0, 0.0, 0.0, 0.0, 2.109058404063613, 0.8165134292692945]","[0.17940476040107023, 0.28651743144889186, 0.0]","{""Controller Type"": ""MPC Controller"", ""weight_comfort"": 500.0, ""weight_trajectory"": 3000.0, ""weight_goal"": 1000.0, ""Q"": [[3000.0, 0.0, 0.0, 0.0], [0.0, 0.0, 0.0, 0.0], [0.0, 0.0, 3000.0, 0.0], [0.0, 0.0, 0.0, 0.0]], ""R"": [[500.0, 0.0], [0.0, 500.0]], ""P"": [[1000.0, 0.0, 0.0, 0.0], [0.0, 100000.0, 0.0, 0.0], [0.0, 0.0, 1000.0, 0.0], [0.0, 0.0, 0.0, 100000.0]]}","[0.34044658750573487, 0.5818539299570727, 0.0]",False
3,P13,97e72a24-ca34-4b21-9460-041fe7448ae7,9,1,haply,mpc,seeded_random,3675826489,persist_session,10.0,23.30972727775574,902.092605806,0,1785998350.6132264,264,True,normal,fixed,0.0,-0.15,0.0,0.096,-0.022,0.0,0.0578069819999999,-0.0847025599999999,0.0,-0.00884777,-0.19699556,0.16712849,0.043629546,0.009715348,0.0918006,"[1.761133986330876, 1.0657543783186751, 0.0, 0.0, 0.0, 0.0, 2.117000346554251, 0.7671130859105729]","[0.1845401397848379, 0.2707373195789166, 0.0]","{""Controller Type"": ""MPC Controller"", ""weight_comfort"": 500.0, ""weight_trajectory"": 3000.0, ""weight_goal"": 1000.0, ""Q"": [[3000.0, 0.0, 0.0, 0.0], [0.0, 0.0, 0.0, 0.0], [0.0, 0.0, 3000.0, 0.0], [0.0, 0.0, 0.0, 0.0]], ""R"": [[500.0, 0.0], [0.0, 500.0]], ""P"": [[1000.0, 0.0, 0.0, 0.0], [0.0, 100000.0, 0.0, 0.0], [0.0, 0.0, 1000.0, 0.0], [0.0, 0.0, 0.0, 100000.0]]}","[0.25207952100451514, 0.5691976127600733, 0.0]",False
3,P13,97e72a24-ca34-4b21-9460-041fe7448ae7,9,1,haply,mpc,seeded_random,3675826489,persist_session,10.0,23.319667186737064,902.102546056,0,1785998350.6228154,265,True,normal,fixed,0.0,-0.15,0.0,0.096,-0.022,0.0,0.058876119,-0.08298692,0.0,-0.00858251,-0.19694617,0.1680345,0.041980762,0.008855283,0.091316484,"[1.757304164967547, 1.0457324377122266, 0.0, 0.0, 0.0, 0.0, 2.1212979665017073, 0.7436711100110951]","[0.16725025543789626, 0.26229307882797426, 0.0]","{""Controller Type"": ""MPC Controller"", ""weight_comfort"": 500.0, ""weight_trajectory"": 3000.0, ""weight_goal"": 1000.0, ""Q"": [[3000.0, 0.0, 0.0, 0.0], [0.0, 0.0, 0.0, 0.0], [0.0, 0.0, 3000.0, 0.0], [0.0, 0.0, 0.0, 0.0]], ""R"": [[500.0, 0.0], [0.0, 500.0]], ""P"": [[1000.0, 0.0, 0.0, 0.0], [0.0, 100000.0, 0.0, 0.0], [0.0, 0.0, 1000.0, 0.0], [0.0, 0.0, 0.0, 100000.0]]}","[0.33778253959519783, 0.5182035303299979, 0.0]",False
3,P13,97e72a24-ca34-4b21-9460-041fe7448ae7,9,1,haply,mpc,seeded_random,3675826489,persist_session,10.0,23.32962783813477,902.112511383,0,1785998350.6329658,266,True,normal,fixed,0.0,-0.15,0.0,0.096,-0.022,0.0,0.0596718989999999,-0.0811749,0.0,-0.00824982,-0.19698401,0.16882491,0.0405348,0.008120372,0.09064348,"[1.7550515394560096, 1.0725501908430304, 0.0, 0.0, 0.0, 0.0, 2.1171208466807365, 0.7612328494962125]","[0.18474012651875119, 0.2653151785290231, 0.0]","{""Controller Type"": ""MPC Controller"", ""weight_comfort"": 500.0, ""weight_trajectory"": 3000.0, ""weight_goal"": 1000.0, ""Q"": [[3000.0, 0.0, 0.0, 0.0], [0.0, 0.0, 0.0, 0.0], [0.0, 0.0, 3000.0, 0.0], [0.0, 0.0, 0.0, 0.0]], ""R"": [[500.0, 0.0], [0.0, 500.0]], ""P"": [[1000.0, 0.0, 0.0, 0.0], [0.0, 100000.0, 0.0, 0.0], [0.0, 0.0, 1000.0, 0.0], [0.0, 0.0, 0.0, 100000.0]]}","[0.1584749996848686, 0.4135680187243621, 0.0]",False
3,P13,97e72a24-ca34-4b21-9460-041fe7448ae7,9,1,haply,mpc,seeded_random,3675826489,persist_session,10.0,23.339777078628543,902.122644418,0,1785998350.6430097,267,True,normal,fixed,0.0,-0.15,0.0,0.096,-0.022,0.0,0.060669969,-0.07959408,0.0,-0.007899792,-0.19692223,0.16962309,0.03877826,0.007435593,0.08958291,"[1.7362444984710825, 1.0364990995370218, 0.0, 0.0, 0.0, 0.0, 2.1223257742683215, 0.7414423880245751]","[0.1443345740124643, 0.2579481375185596, 0.0]","{""Controller Type"": ""MPC Controller"", ""weight_comfort"": 500.0, ""weight_trajectory"": 3000.0, ""weight_goal"": 1000.0, ""Q"": [[3000.0, 0.0, 0.0, 0.0], [0.0, 0.0, 0.0, 0.0], [0.0, 0.0, 3000.0, 0.0], [0.0, 0.0, 0.0, 0.0]], ""R"": [[500.0, 0.0], [0.0, 500.0]], ""P"": [[1000.0, 0.0, 0.0, 0.0], [0.0, 100000.0, 0.0, 0.0], [0.0, 0.0, 1000.0, 0.0], [0.0, 0.0, 0.0, 100000.0]]}","[0.44001788134159603, 0.3547417120140609, 0.0]",False
3,P13,97e72a24-ca34-4b21-9460-041fe7448ae7,9,1,haply,mpc,seeded_random,3675826489,persist_session,10.0,23.349710311889652,902.132590157,0,1785998350.653209,268,True,normal,fixed,0.0,-0.15,0.0,0.096,-0.022,0.0,0.061720053,-0.0779977199999999,0.0,-0.0075487103,-0.19684878,0.17031495,0.037458006,0.0065040346,0.0881927,"[1.7363727899766634, 1.0669948864271444, 0.0, 0.0, 0.0, 0.0, 2.143824560711409, 0.6123879751353706]","[0.1673746275193688, 0.21985638050246958, 0.0]","{""Controller Type"": ""MPC Controller"", ""weight_comfort"": 500.0, ""weight_trajectory"": 3000.0, ""weight_goal"": 1000.0, ""Q"": [[3000.0, 0.0, 0.0, 0.0], [0.0, 0.0, 0.0, 0.0], [0.0, 0.0, 3000.0, 0.0], [0.0, 0.0, 0.0, 0.0]], ""R"": [[500.0, 0.0], [0.0, 500.0]], ""P"": [[1000.0, 0.0, 0.0, 0.0], [0.0, 100000.0, 0.0, 0.0], [0.0, 0.0, 1000.0, 0.0], [0.0, 0.0, 0.0, 100000.0]]}","[0.2147298787582665, 0.49602994647557697, 0.0]",False
3,P13,97e72a24-ca34-4b21-9460-041fe7448ae7,9,1,haply,mpc,seeded_random,3675826489,persist_session,10.0,23.359648075103763,902.142527561,0,1785998350.663045,269,True,normal,fixed,0.0,-0.15,0.0,0.096,-0.022,0.0,0.0627732981,-0.076614,0.0,-0.0072885347,-0.19682032,0.17105612,0.03656888,0.006105714,0.08649561,"[1.736111583099046, 1.0700813577103596, 0.0, 0.0, 0.0, 0.0, 2.1469835571694684, 0.595794976580406]","[0.1696855294956399, 0.21347792546609157, 0.0]","{""Controller Type"": ""MPC Controller"", ""weight_comfort"": 500.0, ""weight_trajectory"": 3000.0, ""weight_goal"": 1000.0, ""Q"": [[3000.0, 0.0, 0.0, 0.0], [0.0, 0.0, 0.0, 0.0], [0.0, 0.0, 3000.0, 0.0], [0.0, 0.0, 0.0, 0.0]], ""R"": [[500.0, 0.0], [0.0, 500.0]], ""P"": [[1000.0, 0.0, 0.0, 0.0], [0.0, 100000.0, 0.0, 0.0], [0.0, 0.0, 1000.0, 0.0], [0.0, 0.0, 0.0, 100000.0]]}","[0.1476414015215152, 0.4504544864562513, 0.0]",False
3,P13,97e72a24-ca34-4b21-9460-041fe7448ae7,9,1,haply,mpc,seeded_random,3675826489,persist_session,10.0,23.36966403961182,902.152541302,0,1785998350.6728258,270,True,normal,fixed,0.0,-0.15,0.0,0.096,-0.022,0.0,0.0635538249,-0.0751316599999999,0.0,-0.0070278607,-0.19678888,0.17179683,0.035833526,0.0059322314,0.084890604,"[1.7353553763825704, 1.0745698159859822, 0.0, 0.0, 0.0, 0.0, 2.1553651452546974, 0.510330512156643]","[0.1727262369145645, 0.18950627156646765, 0.0]","{""Controller Type"": ""MPC Controller"", ""weight_comfort"": 500.0, ""weight_trajectory"": 3000.0, ""weight_goal"": 1000.0, ""Q"": [[3000.0, 0.0, 0.0, 0.0], [0.0, 0.0, 0.0, 0.0], [0.0, 0.0, 3000.0, 0.0], [0.0, 0.0, 0.0, 0.0]], ""R"": [[500.0, 0.0], [0.0, 500.0]], ""P"": [[1000.0, 0.0, 0.0, 0.0], [0.0, 100000.0, 0.0, 0.0], [0.0, 0.0, 1000.0, 0.0], [0.0, 0.0, 0.0, 100000.0]]}","[0.07457896082183453, 0.5504249949717265, 0.0]",False
3,P13,97e72a24-ca34-4b21-9460-041fe7448ae7,9,1,haply,mpc,seeded_random,3675826489,persist_session,10.0,23.379770603179935,902.162646417,0,1785998350.6830275,271,True,normal,fixed,0.0,-0.15,0.0,0.096,-0.022,0.0,0.0643358469,-0.0736502399999999,0.0,-0.006758521,-0.19670278,0.17248756,0.034940954,0.005862964,0.08315821,"[1.7274387502824202, 1.0400630454739808, 0.0, 0.0, 0.0, 0.0, 2.1450089736547926, 0.5592202444688938]","[0.13904711632777916, 0.19872040628240467, 0.0]","{""Controller Type"": ""MPC Controller"", ""weight_comfort"": 500.0, ""weight_trajectory"": 3000.0, ""weight_goal"": 1000.0, ""Q"": [[3000.0, 0.0, 0.0, 0.0], [0.0, 0.0, 0.0, 0.0], [0.0, 0.0, 3000.0, 0.0], [0.0, 0.0, 0.0, 0.0]], ""R"": [[500.0, 0.0], [0.0, 500.0]], ""P"": [[1000.0, 0.0, 0.0, 0.0], [0.0, 100000.0, 0.0, 0.0], [0.0, 0.0, 1000.0, 0.0], [0.0, 0.0, 0.0, 100000.0]]}","[0.30175403089884756, 0.3996438334490251, 0.0]",False
3,P13,97e72a24-ca34-4b21-9460-041fe7448ae7,9,1,haply,mpc,seeded_random,3675826489,persist_session,10.0,23.38980778694153,902.172676689,0,1785998350.6929274,272,True,normal,fixed,0.0,-0.15,0.0,0.096,-0.022,0.0,0.065143866,-0.0722687799999999,0.0,-0.0064140805,-0.19666243,0.17312077,0.033985578,0.005714763,0.08086766,"[1.7261473622057988, 1.0351068895919997, 0.0, 0.0, 0.0, 0.0, 2.1530655205240166, 0.5183119256584297]","[0.1340042549709038, 0.1864720625945156, 0.0]","{""Controller Type"": ""MPC Controller"", ""weight_comfort"": 500.0, ""weight_trajectory"": 3000.0, ""weight_goal"": 1000.0, ""Q"": [[3000.0, 0.0, 0.0, 0.0], [0.0, 0.0, 0.0, 0.0], [0.0, 0.0, 3000.0, 0.0], [0.0, 0.0, 0.0, 0.0]], ""R"": [[500.0, 0.0], [0.0, 500.0]], ""P"": [[1000.0, 0.0, 0.0, 0.0], [0.0, 100000.0, 0.0, 0.0], [0.0, 0.0, 1000.0, 0.0], [0.0, 0.0, 0.0, 100000.0]]}","[0.30656816775779505, 0.40748181849916215, 0.0]",False
3,P13,97e72a24-ca34-4b21-9460-041fe7448ae7,9,1,haply,mpc,seeded_random,3675826489,persist_session,10.0,23.399665203094486,902.182540511,0,1785998350.7031636,273,True,normal,fixed,0.0,-0.15,0.0,0.096,-0.022,0.0,0.0661771875,-0.0710023599999999,0.0,-0.0061520496,-0.19661604,0.17375447,0.033158816,0.0056112246,0.07837451,"[1.72660151031153, 1.0396797512104503, 0.0, 0.0, 0.0, 0.0, 2.1596653550277285, 0.4823286355004914]","[0.13813416979998813, 0.17586955058756537, 0.0]","{""Controller Type"": ""MPC Controller"", ""weight_comfort"": 500.0, ""weight_trajectory"": 3000.0, ""weight_goal"": 1000.0, ""Q"": [[3000.0, 0.0, 0.0, 0.0], [0.0, 0.0, 0.0, 0.0], [0.0, 0.0, 3000.0, 0.0], [0.0, 0.0, 0.0, 0.0]], ""R"": [[500.0, 0.0], [0.0, 500.0]], ""P"": [[1000.0, 0.0, 0.0, 0.0], [0.0, 100000.0, 0.0, 0.0], [0.0, 0.0, 1000.0, 0.0], [0.0, 0.0, 0.0, 100000.0]]}","[0.23527589072133187, 0.41286996945178206, 0.0]",False
3,P13,97e72a24-ca34-4b21-9460-041fe7448ae7,9,1,haply,mpc,seeded_random,3675826489,persist_session,10.0,23.409743633270267,902.192615856,0,1785998350.713133,274,True,normal,fixed,0.0,-0.15,0.0,0.096,-0.022,0.0,0.0669632802,-0.06973496,0.0,-0.0058974917,-0.19661255,0.17433242,0.032445233,0.0054531777,0.07576229,"[1.7198896200801432, 1.069926887308198, 0.0, 0.0, 0.0, 0.0, 2.1644779388715545, 0.413634760295763]","[0.15929800474325134, 0.1572389957314588, 0.0]","{""Controller Type"": ""MPC Controller"", ""weight_comfort"": 500.0, ""weight_trajectory"": 3000.0, ""weight_goal"": 1000.0, ""Q"": [[3000.0, 0.0, 0.0, 0.0], [0.0, 0.0, 0.0, 0.0], [0.0, 0.0, 3000.0, 0.0], [0.0, 0.0, 0.0, 0.0]], ""R"": [[500.0, 0.0], [0.0, 500.0]], ""P"": [[1000.0, 0.0, 0.0, 0.0], [0.0, 100000.0, 0.0, 0.0], [0.0, 0.0, 1000.0, 0.0], [0.0, 0.0, 0.0, 100000.0]]}","[0.022465702177347408, 0.5169061859958853, 0.0]",False
3,P13,97e72a24-ca34-4b21-9460-041fe7448ae7,9,1,haply,mpc,seeded_random,3675826489,persist_session,10.0,23.419711675643924,902.202589772,0,1785998350.7229698,275,True,normal,fixed,0.0,-0.15,0.0,0.096,-0.022,0.0,0.0677269539,-0.06857906,0.0,-0.00571757,-0.19655845,0.17496641,0.031419814,0.00526686,0.07336272,"[1.718220564016197, 1.0409686104428384, 0.0, 0.0, 0.0, 0.0, 2.163401097270179, 0.421502236367163]","[0.13197183925962253, 0.1568546371292004, 0.0]","{""Controller Type"": ""MPC Controller"", ""weight_comfort"": 500.0, ""weight_trajectory"": 3000.0, ""weight_goal"": 1000.0, ""Q"": [[3000.0, 0.0, 0.0, 0.0], [0.0, 0.0, 0.0, 0.0], [0.0, 0.0, 3000.0, 0.0], [0.0, 0.0, 0.0, 0.0]], ""R"": [[500.0, 0.0], [0.0, 500.0]], ""P"": [[1000.0, 0.0, 0.0, 0.0], [0.0, 100000.0, 0.0, 0.0], [0.0, 0.0, 1000.0, 0.0], [0.0, 0.0, 0.0, 100000.0]]}","[0.20079655343501837, 0.44272421834443, 0.0]",False
3,P13,97e72a24-ca34-4b21-9460-041fe7448ae7,9,1,haply,mpc,seeded_random,3675826489,persist_session,10.0,23.42963012695313,902.212515815,0,1785998350.7333834,276,True,normal,fixed,0.0,-0.15,0.0,0.096,-0.022,0.0,0.068266719,-0.06731108,0.0,-0.0055374056,-0.19650221,0.17559986,0.030096069,0.0049808463,0.071287535,"[1.7180959113726906, 1.0378829625887016, 0.0, 0.0, 0.0, 0.0, 2.1663309801322623, 0.3788364408342684]","[0.12915222163361276, 0.14542244083535, 0.0]","{""Controller Type"": ""MPC Controller"", ""weight_comfort"": 500.0, ""weight_trajectory"": 3000.0, ""weight_goal"": 1000.0, ""Q"": [[3000.0, 0.0, 0.0, 0.0], [0.0, 0.0, 0.0, 0.0], [0.0, 0.0, 3000.0, 0.0], [0.0, 0.0, 0.0, 0.0]], ""R"": [[500.0, 0.0], [0.0, 500.0]], ""P"": [[1000.0, 0.0, 0.0, 0.0], [0.0, 100000.0, 0.0, 0.0], [0.0, 0.0, 1000.0, 0.0], [0.0, 0.0, 0.0, 100000.0]]}","[0.1871888470531126, 0.49249762205197534, 0.0]",False
3,P13,97e72a24-ca34-4b21-9460-041fe7448ae7,9,1,haply,mpc,seeded_random,3675826489,persist_session,10.0,23.439739313125614,902.222607411,0,1785998350.7431626,277,True,normal,fixed,0.0,-0.15,0.0,0.096,-0.022,0.0,0.0688072122,-0.06604418,0.0,-0.0052820044,-0.19649279,0.1761769,0.028854238,0.0048217,0.069123656,"[1.7023401247882513, 1.0221431780569596, 0.0, 0.0, 0.0, 0.0, 2.1647539438386376, 0.389507312537776]","[0.10019168951512528, 0.14551428729430702, 0.0]","{""Controller Type"": ""MPC Controller"", ""weight_comfort"": 500.0, ""weight_trajectory"": 3000.0, ""weight_goal"": 1000.0, ""Q"": [[3000.0, 0.0, 0.0, 0.0], [0.0, 0.0, 0.0, 0.0], [0.0, 0.0, 3000.0, 0.0], [0.0, 0.0, 0.0, 0.0]], ""R"": [[500.0, 0.0], [0.0, 500.0]], ""P"": [[1000.0, 0.0, 0.0, 0.0], [0.0, 100000.0, 0.0, 0.0], [0.0, 0.0, 1000.0, 0.0], [0.0, 0.0, 0.0, 100000.0]]}","[0.40920007922990964, 0.40950713958998086, 0.0]",False
3,P13,97e72a24-ca34-4b21-9460-041fe7448ae7,9,1,haply,mpc,seeded_random,3675826489,persist_session,10.0,23.449615564346317,902.232500873,0,1785998350.7535982,278,True,normal,fixed,0.0,-0.15,0.0,0.096,-0.022,0.0,0.0695734158,-0.0648901,0.0,-0.0050110063,-0.19637993,0.17665319,0.027875923,0.0046516275,0.06694921,"[1.70357429779094, 1.0238992060135963, 0.0, 0.0, 0.0, 0.0, 2.1576154537699166, 0.4186216253217162]","[0.10291542414097066, 0.149262951199488, 0.0]","{""Controller Type"": ""MPC Controller"", ""weight_comfort"": 500.0, ""weight_trajectory"": 3000.0, ""weight_goal"": 1000.0, ""Q"": [[3000.0, 0.0, 0.0, 0.0], [0.0, 0.0, 0.0, 0.0], [0.0, 0.0, 3000.0, 0.0], [0.0, 0.0, 0.0, 0.0]], ""R"": [[500.0, 0.0], [0.0, 500.0]], ""P"": [[1000.0, 0.0, 0.0, 0.0], [0.0, 100000.0, 0.0, 0.0], [0.0, 0.0, 1000.0, 0.0], [0.0, 0.0, 0.0, 100000.0]]}","[0.36185548267556794, 0.29398268807093264, 0.0]",False
3,P13,97e72a24-ca34-4b21-9460-041fe7448ae7,9,1,haply,mpc,seeded_random,3675826489,persist_session,10.0,23.459729042053226,902.242604553,0,1785998350.7633646,279,True,normal,fixed,0.0,-0.15,0.0,0.096,-0.022,0.0,0.0703864101,-0.06393752,0.0,-0.00474762,-0.19631624,0.17717911,0.027091075,0.004670351,0.06496111,"[1.7039892132007821, 1.0427297767255603, 0.0, 0.0, 0.0, 0.0, 2.164314912551901, 0.3489369344223334]","[0.12159015555817088, 0.13141692202764826, 0.0]","{""Controller Type"": ""MPC Controller"", ""weight_comfort"": 500.0, ""weight_trajectory"": 3000.0, ""weight_goal"": 1000.0, ""Q"": [[3000.0, 0.0, 0.0, 0.0], [0.0, 0.0, 0.0, 0.0], [0.0, 0.0, 3000.0, 0.0], [0.0, 0.0, 0.0, 0.0]], ""R"": [[500.0, 0.0], [0.0, 500.0]], ""P"": [[1000.0, 0.0, 0.0, 0.0], [0.0, 100000.0, 0.0, 0.0], [0.0, 0.0, 1000.0, 0.0], [0.0, 0.0, 0.0, 100000.0]]}","[0.16975471363872685, 0.42986651603141834, 0.0]",False
3,P13,97e72a24-ca34-4b21-9460-041fe7448ae7,9,1,haply,mpc,seeded_random,3675826489,persist_session,10.0,23.4696079158783,902.252491459,0,1785998350.7733133,280,True,normal,fixed,0.0,-0.15,0.0,0.096,-0.022,0.0,0.071176569,-0.06288568,0.0,-0.0045743748,-0.1962941,0.17765127,0.026528075,0.005103116,0.06273454,"[1.701754319231662, 1.0551512562471639, 0.0, 0.0, 0.0, 0.0, 2.1619970858946096, 0.30589240469680484]","[0.13142359636826093, 0.12050463824238362, 0.0]","{""Controller Type"": ""MPC Controller"", ""weight_comfort"": 500.0, ""weight_trajectory"": 3000.0, ""weight_goal"": 1000.0, ""Q"": [[3000.0, 0.0, 0.0, 0.0], [0.0, 0.0, 0.0, 0.0], [0.0, 0.0, 3000.0, 0.0], [0.0, 0.0, 0.0, 0.0]], ""R"": [[500.0, 0.0], [0.0, 500.0]], ""P"": [[1000.0, 0.0, 0.0, 0.0], [0.0, 100000.0, 0.0, 0.0], [0.0, 0.0, 1000.0, 0.0], [0.0, 0.0, 0.0, 100000.0]]}","[0.05173333582042612, 0.5188699344330099, 0.0]",False
3,P13,97e72a24-ca34-4b21-9460-041fe7448ae7,9,1,haply,mpc,seeded_random,3675826489,persist_session,10.0,23.479818429946903,902.262678557,0,1785998350.7835124,281,True,normal,fixed,0.0,-0.15,0.0,0.096,-0.022,0.0,0.0716963046,-0.06194136,0.0,-0.0043933764,-0.19622448,0.1781776,0.025843913,0.0053877877,0.060744107,"[1.7028682984792958, 1.048289506595034, 0.0, 0.0, 0.0, 0.0, 2.159603959765586, 0.3297571218487929]","[0.12552942391449923, 0.12316079520760148, 0.0]","{""Controller Type"": ""MPC Controller"", ""weight_comfort"": 500.0, ""weight_trajectory"": 3000.0, ""weight_goal"": 1000.0, ""Q"": [[3000.0, 0.0, 0.0, 0.0], [0.0, 0.0, 0.0, 0.0], [0.0, 0.0, 3000.0, 0.0], [0.0, 0.0, 0.0, 0.0]], ""R"": [[500.0, 0.0], [0.0, 500.0]], ""P"": [[1000.0, 0.0, 0.0, 0.0], [0.0, 100000.0, 0.0, 0.0], [0.0, 0.0, 1000.0, 0.0], [0.0, 0.0, 0.0, 100000.0]]}","[0.060678170498579403, 0.40850952334730417, 0.0]",False
3,P13,97e72a24-ca34-4b21-9460-041fe7448ae7,9,1,haply,mpc,seeded_random,3675826489,persist_session,10.0,23.489734735488895,902.272611641,0,1785998350.7928965,282,True,normal,fixed,0.0,-0.15,0.0,0.096,-0.022,0.0,0.0722392998,-0.0608887,0.0,-0.004212209,-0.19615327,0.17870349,0.025032345,0.005711062,0.05910608,"[1.691062750146529, 1.0289918146174708, 0.0, 0.0, 0.0, 0.0, 2.1572686252800977, 0.2907324351899636]","[0.09353558823084088, 0.11308282004370125, 0.0]","{""Controller Type"": ""MPC Controller"", ""weight_comfort"": 500.0, ""weight_trajectory"": 3000.0, ""weight_goal"": 1000.0, ""Q"": [[3000.0, 0.0, 0.0, 0.0], [0.0, 0.0, 0.0, 0.0], [0.0, 0.0, 3000.0, 0.0], [0.0, 0.0, 0.0, 0.0]], ""R"": [[500.0, 0.0], [0.0, 500.0]], ""P"": [[1000.0, 0.0, 0.0, 0.0], [0.0, 100000.0, 0.0, 0.0], [0.0, 0.0, 1000.0, 0.0], [0.0, 0.0, 0.0, 100000.0]]}","[0.30663285554565917, 0.49736395206761347, 0.0]",False
3,P13,97e72a24-ca34-4b21-9460-041fe7448ae7,9,1,haply,mpc,seeded_random,3675826489,persist_session,10.0,23.49969824790955,902.282564232,0,1785998350.803294,283,True,normal,fixed,0.0,-0.15,0.0,0.096,-0.022,0.0,0.072782802,-0.05983692,0.0,-0.003948599,-0.19607957,0.17912291,0.024612231,0.0060331835,0.05748502,"[1.6924174441316298, 1.0343909075583957, 0.0, 0.0, 0.0, 0.0, 2.1402216196099677, 0.36558132945055827]","[0.10006596512260016, 0.12423922536082416, 0.0]","{""Controller Type"": ""MPC Controller"", ""weight_comfort"": 500.0, ""weight_trajectory"": 3000.0, ""weight_goal"": 1000.0, ""Q"": [[3000.0, 0.0, 0.0, 0.0], [0.0, 0.0, 0.0, 0.0], [0.0, 0.0, 3000.0, 0.0], [0.0, 0.0, 0.0, 0.0]], ""R"": [[500.0, 0.0], [0.0, 500.0]], ""P"": [[1000.0, 0.0, 0.0, 0.0], [0.0, 100000.0, 0.0, 0.0], [0.0, 0.0, 1000.0, 0.0], [0.0, 0.0, 0.0, 100000.0]]}","[0.22637059171763407, 0.2809786009107239, 0.0]",False
3,P13,97e72a24-ca34-4b21-9460-041fe7448ae7,9,1,haply,mpc,seeded_random,3675826489,persist_session,10.0,23.509790983200077,902.292659122,0,1785998350.8129892,284,True,normal,fixed,0.0,-0.15,0.0,0.096,-0.022,0.0,0.073573632,-0.05899808,0.0,-0.0036771882,-0.19596149,0.17970064,0.024394779,0.0064097787,0.056043368,"[1.690476079598787, 1.0298063150645735, 0.0, 0.0, 0.0, 0.0, 2.145725958924488, 0.32685507853071266]","[0.09307889813930482, 0.11425155266941087, 0.0]","{""Controller Type"": ""MPC Controller"", ""weight_comfort"": 500.0, ""weight_trajectory"": 3000.0, ""weight_goal"": 1000.0, ""Q"": [[3000.0, 0.0, 0.0, 0.0], [0.0, 0.0, 0.0, 0.0], [0.0, 0.0, 3000.0, 0.0], [0.0, 0.0, 0.0, 0.0]], ""R"": [[500.0, 0.0], [0.0, 500.0]], ""P"": [[1000.0, 0.0, 0.0, 0.0], [0.0, 100000.0, 0.0, 0.0], [0.0, 0.0, 1000.0, 0.0], [0.0, 0.0, 0.0, 100000.0]]}","[0.26116562301824076, 0.34649458853447906, 0.0]",False
3,P13,97e72a24-ca34-4b21-9460-041fe7448ae7,9,1,haply,mpc,seeded_random,3675826489,persist_session,10.0,23.5199590587616,902.302803338,0,1785998350.8231287,285,True,normal,fixed,0.0,-0.15,0.0,0.096,-0.022,0.0,0.0743878644,-0.05784262,0.0,-0.0035108132,-0.19597949,0.18011744,0.024122562,0.006698927,0.05477017,"[1.678089448660243, 1.0720066978369565, 0.0, 0.0, 0.0, 0.0, 2.1437424896885435, 0.2849206899044505]","[0.1250753871340617, 0.10396579348751345, 0.0]","{""Controller Type"": ""MPC Controller"", ""weight_comfort"": 500.0, ""weight_trajectory"": 3000.0, ""weight_goal"": 1000.0, ""Q"": [[3000.0, 0.0, 0.0, 0.0], [0.0, 0.0, 0.0, 0.0], [0.0, 0.0, 3000.0, 0.0], [0.0, 0.0, 0.0, 0.0]], ""R"": [[500.0, 0.0], [0.0, 500.0]], ""P"": [[1000.0, 0.0, 0.0, 0.0], [0.0, 100000.0, 0.0, 0.0], [0.0, 0.0, 1000.0, 0.0], [0.0, 0.0, 0.0, 100000.0]]}","[-0.03583454379237055, 0.45412322088209095, 0.0]",False
3,P13,97e72a24-ca34-4b21-9460-041fe7448ae7,9,1,haply,mpc,seeded_random,3675826489,persist_session,10.0,23.529844608306888,902.312710796,0,1785998350.8328743,286,True,normal,fixed,0.0,-0.15,0.0,0.096,-0.022,0.0,0.0748869893999999,-0.05700902,0.0,-0.0034188665,-0.19594996,0.18069379,0.02372974,0.006616974,0.053736802,"[1.6792044916363904, 1.068439289958503, 0.0, 0.0, 0.0, 0.0, 2.1102797075243647, 0.3889400175374939]","[0.1220903826876272, 0.11996027420168753, 0.0]","{""Controller Type"": ""MPC Controller"", ""weight_comfort"": 500.0, ""weight_trajectory"": 3000.0, ""weight_goal"": 1000.0, ""Q"": [[3000.0, 0.0, 0.0, 0.0], [0.0, 0.0, 0.0, 0.0], [0.0, 0.0, 3000.0, 0.0], [0.0, 0.0, 0.0, 0.0]], ""R"": [[500.0, 0.0], [0.0, 500.0]], ""P"": [[1000.0, 0.0, 0.0, 0.0], [0.0, 100000.0, 0.0, 0.0], [0.0, 0.0, 1000.0, 0.0], [0.0, 0.0, 0.0, 100000.0]]}","[-0.05093761413518445, 0.16281520509094077, 0.0]",False
3,P13,97e72a24-ca34-4b21-9460-041fe7448ae7,9,1,haply,mpc,seeded_random,3675826489,persist_session,10.0,23.539701786041263,902.322570351,0,1785998350.8430438,287,True,normal,fixed,0.0,-0.15,0.0,0.096,-0.022,0.0,0.0751628295,-0.05585632,0.0,-0.0032446035,-0.19591857,0.18116412,0.023029843,0.0064122314,0.0530114,"[1.6732066416471778, 1.0453779388598632, 0.0, 0.0, 0.0, 0.0, 2.1118474289365854, 0.30960300140494323]","[0.08886591193397429, 0.10041592846181985, 0.0]","{""Controller Type"": ""MPC Controller"", ""weight_comfort"": 500.0, ""weight_trajectory"": 3000.0, ""weight_goal"": 1000.0, ""Q"": [[3000.0, 0.0, 0.0, 0.0], [0.0, 0.0, 0.0, 0.0], [0.0, 0.0, 3000.0, 0.0], [0.0, 0.0, 0.0, 0.0]], ""R"": [[500.0, 0.0], [0.0, 500.0]], ""P"": [[1000.0, 0.0, 0.0, 0.0], [0.0, 100000.0, 0.0, 0.0], [0.0, 0.0, 1000.0, 0.0], [0.0, 0.0, 0.0, 100000.0]]}","[0.20110264823377486, 0.3963787518434663, 0.0]",False
3,P13,97e72a24-ca34-4b21-9460-041fe7448ae7,9,1,haply,mpc,seeded_random,3675826489,persist_session,10.0,23.549779262542728,902.332647278,0,1785998350.8529153,288,True,normal,fixed,0.0,-0.15,0.0,0.096,-0.022,0.0,0.0756856185,-0.0549156599999999,0.0,-0.003069742,-0.19588836,0.18173894,0.021865219,0.006322349,0.052512944,"[1.6551977733945427, 1.0412017485739962, 0.0, 0.0, 0.0, 0.0, 2.0729141854473423, 0.41611266248862794]","[0.0627314419358235, 0.11734706335211499, 0.0]","{""Controller Type"": ""MPC Controller"", ""weight_comfort"": 500.0, ""weight_trajectory"": 3000.0, ""weight_goal"": 1000.0, ""Q"": [[3000.0, 0.0, 0.0, 0.0], [0.0, 0.0, 0.0, 0.0], [0.0, 0.0, 3000.0, 0.0], [0.0, 0.0, 0.0, 0.0]], ""R"": [[500.0, 0.0], [0.0, 500.0]], ""P"": [[1000.0, 0.0, 0.0, 0.0], [0.0, 100000.0, 0.0, 0.0], [0.0, 0.0, 1000.0, 0.0], [0.0, 0.0, 0.0, 100000.0]]}","[0.41709673636162187, 0.09947062140508718, 0.0]",False
3,P13,97e72a24-ca34-4b21-9460-041fe7448ae7,9,1,haply,mpc,seeded_random,3675826489,persist_session,10.0,23.559786882400516,902.34264947,0,1785998350.8631146,289,True,normal,fixed,0.0,-0.15,0.0,0.096,-0.022,0.0,0.076210203,-0.05376602,0.0,-0.0028946274,-0.19585638,0.18231338,0.021269908,0.0060695526,0.052383382,"[1.657767411683556, 1.0617376505637535, 0.0, 0.0, 0.0, 0.0, 2.0872523603781747, 0.3542705250556287]","[0.08990563669126092, 0.10246195702107805, 0.0]","{""Controller Type"": ""MPC Controller"", ""weight_comfort"": 500.0, ""weight_trajectory"": 3000.0, ""weight_goal"": 1000.0, ""Q"": [[3000.0, 0.0, 0.0, 0.0], [0.0, 0.0, 0.0, 0.0], [0.0, 0.0, 3000.0, 0.0], [0.0, 0.0, 0.0, 0.0]], ""R"": [[500.0, 0.0], [0.0, 500.0]], ""P"": [[1000.0, 0.0, 0.0, 0.0], [0.0, 100000.0, 0.0, 0.0], [0.0, 0.0, 1000.0, 0.0], [0.0, 0.0, 0.0, 100000.0]]}","[0.16277949865705607, 0.2337951328851443, 0.0]",False
3,P13,97e72a24-ca34-4b21-9460-041fe7448ae7,9,1,haply,mpc,seeded_random,3675826489,persist_session,10.0,23.56971606254578,902.352571725,0,1785998350.8728902,290,True,normal,fixed,0.0,-0.15,0.0,0.096,-0.022,0.0,0.0767355468,-0.05261714,0.0,-0.0027267472,-0.19587022,0.18283457,0.020734644,0.0056609716,0.05252124,"[1.6575237716014335, 1.0598700842594826, 0.0, 0.0, 0.0, 0.0, 2.060297000957941, 0.4199621427982069]","[0.08731471772958496, 0.11278449616738262, 0.0]","{""Controller Type"": ""MPC Controller"", ""weight_comfort"": 500.0, ""weight_trajectory"": 3000.0, ""weight_goal"": 1000.0, ""Q"": [[3000.0, 0.0, 0.0, 0.0], [0.0, 0.0, 0.0, 0.0], [0.0, 0.0, 3000.0, 0.0], [0.0, 0.0, 0.0, 0.0]], ""R"": [[500.0, 0.0], [0.0, 500.0]], ""P"": [[1000.0, 0.0, 0.0, 0.0], [0.0, 100000.0, 0.0, 0.0], [0.0, 0.0, 1000.0, 0.0], [0.0, 0.0, 0.0, 100000.0]]}","[0.16128047235420434, 0.033692090465632756, 0.0]",False
3,P13,97e72a24-ca34-4b21-9460-041fe7448ae7,9,1,haply,mpc,seeded_random,3675826489,persist_session,10.0,23.5796936416626,902.3625734,0,1785998350.8830974,291,True,normal,fixed,0.0,-0.15,0.0,0.096,-0.022,0.0,0.0772391873999999,-0.05157476,0.0,-0.0026274638,-0.19578198,0.18325353,0.020092461,0.005267217,0.052604023,"[1.657544330855051, 1.0611302005534502, 0.0, 0.0, 0.0, 0.0, 2.05259461770253, 0.4365628804156585]","[0.08895692883625686, 0.11415154336502434, 0.0]","{""Controller Type"": ""MPC Controller"", ""weight_comfort"": 500.0, ""weight_trajectory"": 3000.0, ""weight_goal"": 1000.0, ""Q"": [[3000.0, 0.0, 0.0, 0.0], [0.0, 0.0, 0.0, 0.0], [0.0, 0.0, 3000.0, 0.0], [0.0, 0.0, 0.0, 0.0]], ""R"": [[500.0, 0.0], [0.0, 500.0]], ""P"": [[1000.0, 0.0, 0.0, 0.0], [0.0, 100000.0, 0.0, 0.0], [0.0, 0.0, 1000.0, 0.0], [0.0, 0.0, 0.0, 100000.0]]}","[0.12444450172531234, -0.050145304908912544, 0.0]",False
3,P13,97e72a24-ca34-4b21-9460-041fe7448ae7,9,1,haply,mpc,seeded_random,3675826489,persist_session,10.0,23.589899148941043,902.372766308,0,1785998350.8928485,292,True,normal,fixed,0.0,-0.15,0.0,0.096,-0.022,0.0,0.0775370376,-0.05073684,0.0,-0.0024524392,-0.19574416,0.18372267,0.019378267,0.005264973,0.05228811,"[1.6571127710957678, 1.0572112553483977, 0.0, 0.0, 0.0, 0.0, 2.07558605068249, 0.3775576785077502]","[0.08325350431716709, 0.09994200631951443, 0.0]","{""Controller Type"": ""MPC Controller"", ""weight_comfort"": 500.0, ""weight_trajectory"": 3000.0, ""weight_goal"": 1000.0, ""Q"": [[3000.0, 0.0, 0.0, 0.0], [0.0, 0.0, 0.0, 0.0], [0.0, 0.0, 3000.0, 0.0], [0.0, 0.0, 0.0, 0.0]], ""R"": [[500.0, 0.0], [0.0, 500.0]], ""P"": [[1000.0, 0.0, 0.0, 0.0], [0.0, 100000.0, 0.0, 0.0], [0.0, 0.0, 1000.0, 0.0], [0.0, 0.0, 0.0, 100000.0]]}","[0.14976619376025205, 0.05594514968839355, 0.0]",False
3,P13,97e72a24-ca34-4b21-9460-041fe7448ae7,9,1,haply,mpc,seeded_random,3675826489,persist_session,10.0,23.599793996810916,902.382672933,0,1785998350.9030452,293,True,normal,fixed,0.0,-0.15,0.0,0.096,-0.022,0.0,0.0780621114,-0.0497985599999999,0.0,-0.0022631069,-0.19560787,0.18419251,0.018544948,0.0051981737,0.05198438,"[1.6470393088619906, 1.0510196510700482, 0.0, 0.0, 0.0, 0.0, 2.0889126002778213, 0.3268820835870915]","[0.06251377330229703, 0.08811873222159188, 0.0]","{""Controller Type"": ""MPC Controller"", ""weight_comfort"": 500.0, ""weight_trajectory"": 3000.0, ""weight_goal"": 1000.0, ""Q"": [[3000.0, 0.0, 0.0, 0.0], [0.0, 0.0, 0.0, 0.0], [0.0, 0.0, 3000.0, 0.0], [0.0, 0.0, 0.0, 0.0]], ""R"": [[500.0, 0.0], [0.0, 500.0]], ""P"": [[1000.0, 0.0, 0.0, 0.0], [0.0, 100000.0, 0.0, 0.0], [0.0, 0.0, 1000.0, 0.0], [0.0, 0.0, 0.0, 100000.0]]}","[0.3148253612309258, 0.17585508944208894, 0.0]",False
3,P13,97e72a24-ca34-4b21-9460-041fe7448ae7,9,1,haply,mpc,seeded_random,3675826489,persist_session,10.0,23.60976037025452,902.392632129,0,1785998350.9131677,294,True,normal,fixed,0.0,-0.15,0.0,0.096,-0.022,0.0,0.0786301083,-0.0488588799999999,0.0,-0.0020047016,-0.19557019,0.1847644,0.01814754,0.005469642,0.051475387,"[1.6466192802529123, 1.0674725831522829, 0.0, 0.0, 0.0, 0.0, 2.0830655553095454, 0.3433052978166297]","[0.0845046138903918, 0.08949579711192099, 0.0]","{""Controller Type"": ""MPC Controller"", ""weight_comfort"": 500.0, ""weight_trajectory"": 3000.0, ""weight_goal"": 1000.0, ""Q"": [[3000.0, 0.0, 0.0, 0.0], [0.0, 0.0, 0.0, 0.0], [0.0, 0.0, 3000.0, 0.0], [0.0, 0.0, 0.0, 0.0]], ""R"": [[500.0, 0.0], [0.0, 500.0]], ""P"": [[1000.0, 0.0, 0.0, 0.0], [0.0, 100000.0, 0.0, 0.0], [0.0, 0.0, 1000.0, 0.0], [0.0, 0.0, 0.0, 100000.0]]}","[0.10543225935144043, 0.08791885302168995, 0.0]",False
3,P13,97e72a24-ca34-4b21-9460-041fe7448ae7,9,1,haply,mpc,seeded_random,3675826489,persist_session,10.0,23.619818773269657,902.402693172,0,1785998350.9230604,295,True,normal,fixed,0.0,-0.15,0.0,0.096,-0.022,0.0,0.0794053242,-0.0477151,0.0,-0.0018293519,-0.19552836,0.1852327,0.018209537,0.0057372283,0.05105805,"[1.646002078904518, 1.07100889588113, 0.0, 0.0, 0.0, 0.0, 2.083160639163072, 0.34306195055714495]","[0.0886874421682246, 0.08779796630628543, 0.0]","{""Controller Type"": ""MPC Controller"", ""weight_comfort"": 500.0, ""weight_trajectory"": 3000.0, ""weight_goal"": 1000.0, ""Q"": [[3000.0, 0.0, 0.0, 0.0], [0.0, 0.0, 0.0, 0.0], [0.0, 0.0, 3000.0, 0.0], [0.0, 0.0, 0.0, 0.0]], ""R"": [[500.0, 0.0], [0.0, 500.0]], ""P"": [[1000.0, 0.0, 0.0, 0.0], [0.0, 100000.0, 0.0, 0.0], [0.0, 0.0, 1000.0, 0.0], [0.0, 0.0, 0.0, 100000.0]]}","[0.04477985387093266, 0.04863602781454837, 0.0]",False
3,P13,97e72a24-ca34-4b21-9460-041fe7448ae7,9,1,haply,mpc,seeded_random,3675826489,persist_session,10.0,23.629730787277225,902.412607703,0,1785998350.933083,296,True,normal,fixed,0.0,-0.15,0.0,0.096,-0.022,0.0,0.0799313733,-0.0467785,0.0,-0.001647332,-0.19543642,0.18564856,0.018338049,0.005974033,0.05073237,"[1.630106951730791, 1.1035741545723223, 0.0, 0.0, 0.0, 0.0, 2.028302221064932, 0.44181257071216323]","[0.1135298180283578, 0.10323972892806849, 0.0]","{""Controller Type"": ""MPC Controller"", ""weight_comfort"": 500.0, ""weight_trajectory"": 3000.0, ""weight_goal"": 1000.0, ""Q"": [[3000.0, 0.0, 0.0, 0.0], [0.0, 0.0, 0.0, 0.0], [0.0, 0.0, 3000.0, 0.0], [0.0, 0.0, 0.0, 0.0]], ""R"": [[500.0, 0.0], [0.0, 500.0]], ""P"": [[1000.0, 0.0, 0.0, 0.0], [0.0, 100000.0, 0.0, 0.0], [0.0, 0.0, 1000.0, 0.0], [0.0, 0.0, 0.0, 100000.0]]}","[-0.18545555050302487, -0.19959545959566838, 0.0]",False
3,P13,97e72a24-ca34-4b21-9460-041fe7448ae7,9,1,haply,mpc,seeded_random,3675826489,persist_session,10.0,23.63981136322022,902.422684833,0,1785998350.9429114,297,True,normal,fixed,0.0,-0.15,0.0,0.096,-0.022,0.0,0.0804774329999999,-0.04594678,0.0,-0.0015542055,-0.19539037,0.18611743,0.018318888,0.006088647,0.050257437,"[1.634601892937715, 1.0794753738730651, 0.0, 0.0, 0.0, 0.0, 2.063971498371038, 0.3630781148780264]","[0.08292323879303623, 0.08507119780017602, 0.0]","{""Controller Type"": ""MPC Controller"", ""weight_comfort"": 500.0, ""weight_trajectory"": 3000.0, ""weight_goal"": 1000.0, ""Q"": [[3000.0, 0.0, 0.0, 0.0], [0.0, 0.0, 0.0, 0.0], [0.0, 0.0, 3000.0, 0.0], [0.0, 0.0, 0.0, 0.0]], ""R"": [[500.0, 0.0], [0.0, 500.0]], ""P"": [[1000.0, 0.0, 0.0, 0.0], [0.0, 100000.0, 0.0, 0.0], [0.0, 0.0, 1000.0, 0.0], [0.0, 0.0, 0.0, 100000.0]]}","[0.036388169151426814, -0.02723418957810283, 0.0]",False
3,P13,97e72a24-ca34-4b21-9460-041fe7448ae7,9,1,haply,mpc,seeded_random,3675826489,persist_session,10.0,23.649810638427738,902.432687971,0,1785998350.953049,298,True,normal,fixed,0.0,-0.15,0.0,0.096,-0.022,0.0,0.0807568125,-0.04500904,0.0,-0.0013034586,-0.19539537,0.18653163,0.01818216,0.0060634776,0.0497286,"[1.6339706170035768, 1.0817321547003895, 0.0, 0.0, 0.0, 0.0, 2.0759889199450408, 0.33353621602520817]","[0.08546420770787791, 0.07793867251577061, 0.0]","{""Controller Type"": ""MPC Controller"", ""weight_comfort"": 500.0, ""weight_trajectory"": 3000.0, ""weight_goal"": 1000.0, ""Q"": [[3000.0, 0.0, 0.0, 0.0], [0.0, 0.0, 0.0, 0.0], [0.0, 0.0, 3000.0, 0.0], [0.0, 0.0, 0.0, 0.0]], ""R"": [[500.0, 0.0], [0.0, 500.0]], ""P"": [[1000.0, 0.0, 0.0, 0.0], [0.0, 100000.0, 0.0, 0.0], [0.0, 0.0, 1000.0, 0.0], [0.0, 0.0, 0.0, 100000.0]]}","[-0.009631005070514993, 0.02608908187852665, 0.0]",False
3,P13,97e72a24-ca34-4b21-9460-041fe7448ae7,9,1,haply,mpc,seeded_random,3675826489,persist_session,10.0,23.659780588150028,902.442644954,0,1785998350.9632626,299,True,normal,fixed,0.0,-0.15,0.0,0.096,-0.022,0.0,0.0815090531999999,-0.0441806399999999,0.0,-0.0011276822,-0.19534886,0.18699896,0.018032279,0.0061172755,0.049189925,"[1.623680358011574, 1.0728756295438837, 0.0, 0.0, 0.0, 0.0, 2.0641073260499745, 0.3575883395142632]","[0.05431728904830867, 0.08057060981002372, 0.0]","{""Controller Type"": ""MPC Controller"", ""weight_comfort"": 500.0, ""weight_trajectory"": 3000.0, ""weight_goal"": 1000.0, ""Q"": [[3000.0, 0.0, 0.0, 0.0], [0.0, 0.0, 0.0, 0.0], [0.0, 0.0, 3000.0, 0.0], [0.0, 0.0, 0.0, 0.0]], ""R"": [[500.0, 0.0], [0.0, 500.0]], ""P"": [[1000.0, 0.0, 0.0, 0.0], [0.0, 100000.0, 0.0, 0.0], [0.0, 0.0, 1000.0, 0.0], [0.0, 0.0, 0.0, 100000.0]]}","[0.24134526117982483, -0.0793706059813978, 0.0]",False
3,P13,97e72a24-ca34-4b21-9460-041fe7448ae7,9,1,haply,mpc,seeded_random,3675826489,persist_session,10.0,23.66965445518494,902.452527493,0,1785998350.9730358,300,True,normal,fixed,0.0,-0.15,0.0,0.096,-0.022,0.0,0.0820363824,-0.04324598,0.0,-0.00094549695,-0.19525278,0.1874135,0.017810473,0.006096334,0.048661508,"[1.5895234138483019, 1.1372997818289372, 0.0, 0.0, 0.0, 0.0, 2.0791233601092625, 0.3227966353114099]","[0.10679672620550819, 0.07229749407607558, 0.0]","{""Controller Type"": ""MPC Controller"", ""weight_comfort"": 500.0, ""weight_trajectory"": 3000.0, ""weight_goal"": 1000.0, ""Q"": [[3000.0, 0.0, 0.0, 0.0], [0.0, 0.0, 0.0, 0.0], [0.0, 0.0, 3000.0, 0.0], [0.0, 0.0, 0.0, 0.0]], ""R"": [[500.0, 0.0], [0.0, 500.0]], ""P"": [[1000.0, 0.0, 0.0, 0.0], [0.0, 100000.0, 0.0, 0.0], [0.0, 0.0, 1000.0, 0.0], [0.0, 0.0, 0.0, 100000.0]]}","[-0.20890891602884265, -0.0013949737049540804, 0.0]",False
3,P13,97e72a24-ca34-4b21-9460-041fe7448ae7,9,1,haply,mpc,seeded_random,3675826489,persist_session,10.0,23.679683294296268,902.462562823,0,1785998350.9828837,301,True,normal,fixed,0.0,-0.15,0.0,0.096,-0.022,0.0,0.08258293815,-0.0424168999999999,0.0,-0.00094886124,-0.195299,0.18777916,0.01761759,0.0060095484,0.048056792,"[1.5967442115763286, 1.1164912731551737, 0.0, 0.0, 0.0, 0.0, 2.050279245274755, 0.3745689668267507]","[0.08253812693585533, 0.07938189629962358, 0.0]","{""Controller Type"": ""MPC Controller"", ""weight_comfort"": 500.0, ""weight_trajectory"": 3000.0, ""weight_goal"": 1000.0, ""Q"": [[3000.0, 0.0, 0.0, 0.0], [0.0, 0.0, 0.0, 0.0], [0.0, 0.0, 3000.0, 0.0], [0.0, 0.0, 0.0, 0.0]], ""R"": [[500.0, 0.0], [0.0, 500.0]], ""P"": [[1000.0, 0.0, 0.0, 0.0], [0.0, 100000.0, 0.0, 0.0], [0.0, 0.0, 1000.0, 0.0], [0.0, 0.0, 0.0, 100000.0]]}","[-0.04406286284846558, -0.16696738308631875, 0.0]",False
3,P13,97e72a24-ca34-4b21-9460-041fe7448ae7,9,1,haply,mpc,seeded_random,3675826489,persist_session,10.0,23.689776744842533,902.472650464,0,1785998350.9929297,302,True,normal,fixed,0.0,-0.15,0.0,0.096,-0.022,0.0,0.08257284528,-0.04168558,0.0,-0.000856193,-0.19524886,0.18814279,0.017200306,0.005430725,0.046870112,"[1.59643752580794, 1.117257540624618, 0.0, 0.0, 0.0, 0.0, 2.0700618087580955, 0.33571298194125077]","[0.08342861910604685, 0.0705281631055908, 0.0]","{""Controller Type"": ""MPC Controller"", ""weight_comfort"": 500.0, ""weight_trajectory"": 3000.0, ""weight_goal"": 1000.0, ""Q"": [[3000.0, 0.0, 0.0, 0.0], [0.0, 0.0, 0.0, 0.0], [0.0, 0.0, 3000.0, 0.0], [0.0, 0.0, 0.0, 0.0]], ""R"": [[500.0, 0.0], [0.0, 500.0]], ""P"": [[1000.0, 0.0, 0.0, 0.0], [0.0, 100000.0, 0.0, 0.0], [0.0, 0.0, 1000.0, 0.0], [0.0, 0.0, 0.0, 100000.0]]}","[-0.07603022226326829, -0.08941317975162197, 0.0]",False
3,P13,97e72a24-ca34-4b21-9460-041fe7448ae7,9,1,haply,mpc,seeded_random,3675826489,persist_session,10.0,23.69979819297791,902.482662502,0,1785998351.003059,303,True,normal,fixed,0.0,-0.15,0.0,0.096,-0.022,0.0,0.0828508499999999,-0.0409583199999999,0.0,-0.0007706938,-0.19524716,0.1884546,0.016296832,0.004805978,0.045464147,"[1.5443430279646526, 1.1366222745695922, 0.0, 0.0, 0.0, 0.0, 2.0838700347165604, 0.304259138592449]","[0.019594208144310867, 0.06317137174067251, 0.0]","{""Controller Type"": ""MPC Controller"", ""weight_comfort"": 500.0, ""weight_trajectory"": 3000.0, ""weight_goal"": 1000.0, ""Q"": [[3000.0, 0.0, 0.0, 0.0], [0.0, 0.0, 0.0, 0.0], [0.0, 0.0, 3000.0, 0.0], [0.0, 0.0, 0.0, 0.0]], ""R"": [[500.0, 0.0], [0.0, 500.0]], ""P"": [[1000.0, 0.0, 0.0, 0.0], [0.0, 100000.0, 0.0, 0.0], [0.0, 0.0, 1000.0, 0.0], [0.0, 0.0, 0.0, 100000.0]]}","[0.44785923746397904, -0.011079517662645009, 0.0]",False
3,P13,97e72a24-ca34-4b21-9460-041fe7448ae7,9,1,haply,mpc,seeded_random,3675826489,persist_session,10.0,23.709853258132938,902.492714294,0,1785998351.0131457,304,True,normal,fixed,0.0,-0.15,0.0,0.096,-0.022,0.0,0.0831073475999999,-0.0403347,0.0,-0.0005893435,-0.19514903,0.188764,0.015408044,0.0044236984,0.043917816,"[1.5506792593437169, 1.1466040459308107, 0.0, 0.0, 0.0, 0.0, 2.085768921315939, 0.3000900600757596]","[0.05185961988461875, 0.06108862199828324, 0.0]","{""Controller Type"": ""MPC Controller"", ""weight_comfort"": 500.0, ""weight_trajectory"": 3000.0, ""weight_goal"": 1000.0, ""Q"": [[3000.0, 0.0, 0.0, 0.0], [0.0, 0.0, 0.0, 0.0], [0.0, 0.0, 3000.0, 0.0], [0.0, 0.0, 0.0, 0.0]], ""R"": [[500.0, 0.0], [0.0, 500.0]], ""P"": [[1000.0, 0.0, 0.0, 0.0], [0.0, 100000.0, 0.0, 0.0], [0.0, 0.0, 1000.0, 0.0], [0.0, 0.0, 0.0, 100000.0]]}","[0.1780536690822548, -0.027146774248493, 0.0]",False
3,P13,97e72a24-ca34-4b21-9460-041fe7448ae7,9,1,haply,mpc,seeded_random,3675826489,persist_session,10.0,23.71968492507935,902.502568211,0,1785998351.0230746,305,True,normal,fixed,0.0,-0.15,0.0,0.096,-0.022,0.0,0.0836513985,-0.0397159,0.0,-0.0005726879,-0.19504762,0.18907537,0.014777365,0.0045453347,0.042154692,"[1.5500296777597011, 1.1458096845465635, 0.0, 0.0, 0.0, 0.0, 2.09404711391842, 0.27761146035045264]","[0.04912021355799074, 0.05555679011696531, 0.0]","{""Controller Type"": ""MPC Controller"", ""weight_comfort"": 500.0, ""weight_trajectory"": 3000.0, ""weight_goal"": 1000.0, ""Q"": [[3000.0, 0.0, 0.0, 0.0], [0.0, 0.0, 0.0, 0.0], [0.0, 0.0, 3000.0, 0.0], [0.0, 0.0, 0.0, 0.0]], ""R"": [[500.0, 0.0], [0.0, 500.0]], ""P"": [[1000.0, 0.0, 0.0, 0.0], [0.0, 100000.0, 0.0, 0.0], [0.0, 0.0, 1000.0, 0.0], [0.0, 0.0, 0.0, 100000.0]]}","[0.18928384527906444, 0.043132303188230456, 0.0]",False
3,P13,97e72a24-ca34-4b21-9460-041fe7448ae7,9,1,haply,mpc,seeded_random,3675826489,persist_session,10.0,23.72972878456116,902.512606615,0,1785998351.0331063,306,True,normal,fixed,0.0,-0.15,0.0,0.096,-0.022,0.0,0.0837013653,-0.03909316,0.0,-0.00048090745,-0.19499649,0.18933392,0.014071927,0.004715377,0.040124584,"[1.5364054008862715, 1.1761270318530734, 0.0, 0.0, 0.0, 0.0, 2.094083981339486, 0.2775197931013475]","[0.08341769176056628, 0.05439440835487912, 0.0]","{""Controller Type"": ""MPC Controller"", ""weight_comfort"": 500.0, ""weight_trajectory"": 3000.0, ""weight_goal"": 1000.0, ""Q"": [[3000.0, 0.0, 0.0, 0.0], [0.0, 0.0, 0.0, 0.0], [0.0, 0.0, 3000.0, 0.0], [0.0, 0.0, 0.0, 0.0]], ""R"": [[500.0, 0.0], [0.0, 500.0]], ""P"": [[1000.0, 0.0, 0.0, 0.0], [0.0, 100000.0, 0.0, 0.0], [0.0, 0.0, 1000.0, 0.0], [0.0, 0.0, 0.0, 100000.0]]}","[-0.09971345378523544, 0.018315286525660945, 0.0]",False
3,P13,97e72a24-ca34-4b21-9460-041fe7448ae7,9,1,haply,mpc,seeded_random,3675826489,persist_session,10.0,23.739706125259403,902.522584388,0,1785998351.042931,307,True,normal,fixed,0.0,-0.15,0.0,0.096,-0.022,0.0,0.08397670665,-0.03857606,0.0,-0.00047255223,-0.19494541,0.18948942,0.01325994,0.0046296897,0.03810771,"[1.501068815491406, 1.184615277515346, 0.0, 0.0, 0.0, 0.0, 2.094816924349224, 0.2757996348581893]","[0.02436153601530478, 0.05292791392226207, 0.0]","{""Controller Type"": ""MPC Controller"", ""weight_comfort"": 500.0, ""weight_trajectory"": 3000.0, ""weight_goal"": 1000.0, ""Q"": [[3000.0, 0.0, 0.0, 0.0], [0.0, 0.0, 0.0, 0.0], [0.0, 0.0, 3000.0, 0.0], [0.0, 0.0, 0.0, 0.0]], ""R"": [[500.0, 0.0], [0.0, 500.0]], ""P"": [[1000.0, 0.0, 0.0, 0.0], [0.0, 100000.0, 0.0, 0.0], [0.0, 0.0, 1000.0, 0.0], [0.0, 0.0, 0.0, 100000.0]]}","[0.3597567467339449, -0.001838711281614794, 0.0]",False
3,P13,97e72a24-ca34-4b21-9460-041fe7448ae7,9,1,haply,mpc,seeded_random,3675826489,persist_session,10.0,23.749715652465824,902.532589488,0,1785998351.05327,308,True,normal,fixed,0.0,-0.15,0.0,0.096,-0.022,0.0,0.08400177231,-0.03826506,0.0,-0.0003746691,-0.19484587,0.18969479,0.012354534,0.0048663993,0.035645146,"[1.504308179260574, 1.1938900596399316, 0.0, 0.0, 0.0, 0.0, 2.1005005229037197, 0.2577684138372878]","[0.05154582978559458, 0.048384984575026345, 0.0]","{""Controller Type"": ""MPC Controller"", ""weight_comfort"": 500.0, ""weight_trajectory"": 3000.0, ""weight_goal"": 1000.0, ""Q"": [[3000.0, 0.0, 0.0, 0.0], [0.0, 0.0, 0.0, 0.0], [0.0, 0.0, 3000.0, 0.0], [0.0, 0.0, 0.0, 0.0]], ""R"": [[500.0, 0.0], [0.0, 500.0]], ""P"": [[1000.0, 0.0, 0.0, 0.0], [0.0, 100000.0, 0.0, 0.0], [0.0, 0.0, 1000.0, 0.0], [0.0, 0.0, 0.0, 100000.0]]}","[0.13897666085993804, 0.06751246309306541, 0.0]",False
3,P13,97e72a24-ca34-4b21-9460-041fe7448ae7,9,1,haply,mpc,seeded_random,3675826489,persist_session,10.0,23.75966009140015,902.542542509,0,1785998351.063481,309,True,normal,fixed,0.0,-0.15,0.0,0.096,-0.022,0.0,0.0842954217,-0.03785432,0.0,-0.00027681014,-0.19474609,0.18990004,0.011510283,0.0054971077,0.033396117,"[1.485575325924291, 1.1995419008371564, 0.0, 0.0, 0.0, 0.0, 2.0902718749975033, 0.24216983972972]","[0.020732409746526986, 0.0412829184233535, 0.0]","{""Controller Type"": ""MPC Controller"", ""weight_comfort"": 500.0, ""weight_trajectory"": 3000.0, ""weight_goal"": 1000.0, ""Q"": [[3000.0, 0.0, 0.0, 0.0], [0.0, 0.0, 0.0, 0.0], [0.0, 0.0, 3000.0, 0.0], [0.0, 0.0, 0.0, 0.0]], ""R"": [[500.0, 0.0], [0.0, 500.0]], ""P"": [[1000.0, 0.0, 0.0, 0.0], [0.0, 100000.0, 0.0, 0.0], [0.0, 0.0, 1000.0, 0.0], [0.0, 0.0, 0.0, 100000.0]]}","[0.37510038505414894, 0.26404085320073284, 0.0]",False
3,P13,97e72a24-ca34-4b21-9460-041fe7448ae7,9,1,haply,mpc,seeded_random,3675826489,persist_session,10.0,23.769771423339847,902.552646696,0,1785998351.0730138,310,True,normal,fixed,0.0,-0.15,0.0,0.096,-0.022,0.0,0.0845889985799999,-0.03744382,0.0,-0.00018507817,-0.19469382,0.19015795,0.010870681,0.006191113,0.031100376,"[1.4881645538279276, 1.2104265276984516, 0.0, 0.0, 0.0, 0.0, 2.089666679560282, 0.2537280614459498]","[0.0522279877518399, 0.04333652733525668, 0.0]","{""Controller Type"": ""MPC Controller"", ""weight_comfort"": 500.0, ""weight_trajectory"": 3000.0, ""weight_goal"": 1000.0, ""Q"": [[3000.0, 0.0, 0.0, 0.0], [0.0, 0.0, 0.0, 0.0], [0.0, 0.0, 3000.0, 0.0], [0.0, 0.0, 0.0, 0.0]], ""R"": [[500.0, 0.0], [0.0, 500.0]], ""P"": [[1000.0, 0.0, 0.0, 0.0], [0.0, 100000.0, 0.0, 0.0], [0.0, 0.0, 1000.0, 0.0], [0.0, 0.0, 0.0, 100000.0]]}","[0.1228713170346265, 0.15689367685078204, 0.0]",False
3,P13,97e72a24-ca34-4b21-9460-041fe7448ae7,9,1,haply,mpc,seeded_random,3675826489,persist_session,10.0,23.779877271652225,902.562732844,0,1785998351.0836208,311,True,normal,fixed,0.0,-0.15,0.0,0.096,-0.022,0.0,0.08486419449,-0.036928,0.0,-0.0001694517,-0.19459224,0.19036396,0.010298089,0.0065853763,0.029288795,"[1.4882188619918097, 1.2112061683887543, 0.0, 0.0, 0.0, 0.0, 2.0890447767535885, 0.2572238085245329]","[0.05428340915761652, 0.04333949222268412, 0.0]","{""Controller Type"": ""MPC Controller"", ""weight_comfort"": 500.0, ""weight_trajectory"": 3000.0, ""weight_goal"": 1000.0, ""Q"": [[3000.0, 0.0, 0.0, 0.0], [0.0, 0.0, 0.0, 0.0], [0.0, 0.0, 3000.0, 0.0], [0.0, 0.0, 0.0, 0.0]], ""R"": [[500.0, 0.0], [0.0, 500.0]], ""P"": [[1000.0, 0.0, 0.0, 0.0], [0.0, 100000.0, 0.0, 0.0], [0.0, 0.0, 1000.0, 0.0], [0.0, 0.0, 0.0, 100000.0]]}","[0.09442089941379674, 0.11706732940400306, 0.0]",False
3,P13,97e72a24-ca34-4b21-9460-041fe7448ae7,9,1,haply,mpc,seeded_random,3675826489,persist_session,10.0,23.789709653854374,902.572586874,0,1785998351.0933523,312,True,normal,fixed,0.0,-0.15,0.0,0.096,-0.022,0.0,0.0849110739,-0.03651598,0.0,-8.6083295e-05,-0.1945913,0.19046678,0.009754742,0.0067806076,0.02774762,"[1.487554063758526, 1.2093083936449416, 0.0, 0.0, 0.0, 0.0, 2.0863206885993284, 0.26526196787956735]","[0.047940298292726696, 0.04404431943436791, 0.0]","{""Controller Type"": ""MPC Controller"", ""weight_comfort"": 500.0, ""weight_trajectory"": 3000.0, ""weight_goal"": 1000.0, ""Q"": [[3000.0, 0.0, 0.0, 0.0], [0.0, 0.0, 0.0, 0.0], [0.0, 0.0, 3000.0, 0.0], [0.0, 0.0, 0.0, 0.0]], ""R"": [[500.0, 0.0], [0.0, 500.0]], ""P"": [[1000.0, 0.0, 0.0, 0.0], [0.0, 100000.0, 0.0, 0.0], [0.0, 0.0, 1000.0, 0.0], [0.0, 0.0, 0.0, 100000.0]]}","[0.13058962470351926, 0.04818637812651174, 0.0]",False
3,P13,97e72a24-ca34-4b21-9460-041fe7448ae7,9,1,haply,mpc,seeded_random,3675826489,persist_session,10.0,23.79974159240723,902.582614788,0,1785998351.1036155,313,True,normal,fixed,0.0,-0.15,0.0,0.096,-0.022,0.0,0.085161179115,-0.0363103399999999,0.0,-7.045221e-05,-0.1944894,0.19067247,0.009260012,0.006726175,0.026156565,"[1.4736401173762017, 1.2125157398433353, 0.0, 0.0, 0.0, 0.0, 2.088505457879945, 0.2557441856223269]","[0.022182101680108042, 0.0411445698846557, 0.0]","{""Controller Type"": ""MPC Controller"", ""weight_comfort"": 500.0, ""weight_trajectory"": 3000.0, ""weight_goal"": 1000.0, ""Q"": [[3000.0, 0.0, 0.0, 0.0], [0.0, 0.0, 0.0, 0.0], [0.0, 0.0, 3000.0, 0.0], [0.0, 0.0, 0.0, 0.0]], ""R"": [[500.0, 0.0], [0.0, 500.0]], ""P"": [[1000.0, 0.0, 0.0, 0.0], [0.0, 100000.0, 0.0, 0.0], [0.0, 0.0, 1000.0, 0.0], [0.0, 0.0, 0.0, 100000.0]]}","[0.3250835708098682, 0.091361741894443, 0.0]",False
3,P13,97e72a24-ca34-4b21-9460-041fe7448ae7,9,1,haply,mpc,seeded_random,3675826489,persist_session,10.0,23.809696521759037,902.592578544,0,1785998351.1134305,314,True,normal,fixed,0.0,-0.15,0.0,0.096,-0.022,0.0,0.08520807237,-0.0358989599999999,0.0,2.0073048e-05,-0.19443841,0.19082606,0.008909702,0.006779316,0.024641652,"[1.4764186686674636, 1.2189171728997035, 0.0, 0.0, 0.0, 0.0, 2.0728194241743774, 0.24902667364153264]","[0.045706570554206516, 0.03465240524559232, 0.0]","{""Controller Type"": ""MPC Controller"", ""weight_comfort"": 500.0, ""weight_trajectory"": 3000.0, ""weight_goal"": 1000.0, ""Q"": [[3000.0, 0.0, 0.0, 0.0], [0.0, 0.0, 0.0, 0.0], [0.0, 0.0, 3000.0, 0.0], [0.0, 0.0, 0.0, 0.0]], ""R"": [[500.0, 0.0], [0.0, 500.0]], ""P"": [[1000.0, 0.0, 0.0, 0.0], [0.0, 100000.0, 0.0, 0.0], [0.0, 0.0, 1000.0, 0.0], [0.0, 0.0, 0.0, 100000.0]]}","[0.13615759413697592, 0.2903481151109832, 0.0]",False
3,P13,97e72a24-ca34-4b21-9460-041fe7448ae7,9,1,haply,mpc,seeded_random,3675826489,persist_session,10.0,23.81965216636658,902.602530575,0,1785998351.1233451,315,True,normal,fixed,0.0,-0.15,0.0,0.096,-0.022,0.0,0.085479648144,-0.03559178,0.0,2.9738078e-05,-0.19438359,0.19108462,0.008331226,0.0067918627,0.023534425,"[1.46398024615436, 1.2217498276452716, 0.0, 0.0, 0.0, 0.0, 2.0647278633216635, 0.2795432314410193]","[0.02163635243412742, 0.04041420334695374, 0.0]","{""Controller Type"": ""MPC Controller"", ""weight_comfort"": 500.0, ""weight_trajectory"": 3000.0, ""weight_goal"": 1000.0, ""Q"": [[3000.0, 0.0, 0.0, 0.0], [0.0, 0.0, 0.0, 0.0], [0.0, 0.0, 3000.0, 0.0], [0.0, 0.0, 0.0, 0.0]], ""R"": [[500.0, 0.0], [0.0, 500.0]], ""P"": [[1000.0, 0.0, 0.0, 0.0], [0.0, 100000.0, 0.0, 0.0], [0.0, 0.0, 1000.0, 0.0], [0.0, 0.0, 0.0, 100000.0]]}","[0.3164999103995728, 0.07409448071647547, 0.0]",False
3,P13,97e72a24-ca34-4b21-9460-041fe7448ae7,9,1,haply,mpc,seeded_random,3675826489,persist_session,10.0,23.829713191986087,902.612590824,0,1785998351.1333108,316,True,normal,fixed,0.0,-0.15,0.0,0.096,-0.022,0.0,0.085508643234,-0.0350746599999999,0.0,3.220996e-05,-0.19437861,0.19129235,0.00783893,0.0067613185,0.022729954,"[1.4652193194323764, 1.2312938763670735, 0.0, 0.0, 0.0, 0.0, 2.0634614094643657, 0.269584654347986]","[0.0491414854628953, 0.03639851384726292, 0.0]","{""Controller Type"": ""MPC Controller"", ""weight_comfort"": 500.0, ""weight_trajectory"": 3000.0, ""weight_goal"": 1000.0, ""Q"": [[3000.0, 0.0, 0.0, 0.0], [0.0, 0.0, 0.0, 0.0], [0.0, 0.0, 3000.0, 0.0], [0.0, 0.0, 0.0, 0.0]], ""R"": [[500.0, 0.0], [0.0, 500.0]], ""P"": [[1000.0, 0.0, 0.0, 0.0], [0.0, 100000.0, 0.0, 0.0], [0.0, 0.0, 1000.0, 0.0], [0.0, 0.0, 0.0, 100000.0]]}","[0.0989615516225117, 0.16474512779292527, 0.0]",False
3,P13,97e72a24-ca34-4b21-9460-041fe7448ae7,9,1,haply,mpc,seeded_random,3675826489,persist_session,10.0,23.83961876869202,902.622502035,0,1785998351.143543,317,True,normal,fixed,0.0,-0.15,0.0,0.096,-0.022,0.0,0.08551605888,-0.0346592,0.0,4.0691575e-05,-0.19432586,0.19144689,0.0074830344,0.006625398,0.022159752,"[1.44932282538027, 1.2357469757777533, 0.0, 0.0, 0.0, 0.0, 2.044182336744074, 0.30912652011460895]","[0.018800769586498636, 0.042767626093553134, 0.0]","{""Controller Type"": ""MPC Controller"", ""weight_comfort"": 500.0, ""weight_trajectory"": 3000.0, ""weight_goal"": 1000.0, ""Q"": [[3000.0, 0.0, 0.0, 0.0], [0.0, 0.0, 0.0, 0.0], [0.0, 0.0, 3000.0, 0.0], [0.0, 0.0, 0.0, 0.0]], ""R"": [[500.0, 0.0], [0.0, 500.0]], ""P"": [[1000.0, 0.0, 0.0, 0.0], [0.0, 100000.0, 0.0, 0.0], [0.0, 0.0, 1000.0, 0.0], [0.0, 0.0, 0.0, 100000.0]]}","[0.32548171464709197, -0.04649773329105463, 0.0]",False
3,P13,97e72a24-ca34-4b21-9460-041fe7448ae7,9,1,haply,mpc,seeded_random,3675826489,persist_session,10.0,23.84962829589844,902.632505623,0,1785998351.153386,318,True,normal,fixed,0.0,-0.15,0.0,0.096,-0.022,0.0,0.085541503725,-0.0343501199999999,0.0,5.6415603e-05,-0.19422294,0.19165182,0.007211095,0.0064106896,0.021639308,"[1.4477275153326055, 1.2362847953379446, 0.0, 0.0, 0.0, 0.0, 2.049339572299853, 0.29325963744767775]","[0.016073869514378326, 0.03785026559568335, 0.0]","{""Controller Type"": ""MPC Controller"", ""weight_comfort"": 500.0, ""weight_trajectory"": 3000.0, ""weight_goal"": 1000.0, ""Q"": [[3000.0, 0.0, 0.0, 0.0], [0.0, 0.0, 0.0, 0.0], [0.0, 0.0, 3000.0, 0.0], [0.0, 0.0, 0.0, 0.0]], ""R"": [[500.0, 0.0], [0.0, 500.0]], ""P"": [[1000.0, 0.0, 0.0, 0.0], [0.0, 100000.0, 0.0, 0.0], [0.0, 0.0, 1000.0, 0.0], [0.0, 0.0, 0.0, 100000.0]]}","[0.34704218158699107, 0.04240201061434022, 0.0]",False
3,P13,97e72a24-ca34-4b21-9460-041fe7448ae7,9,1,haply,mpc,seeded_random,3675826489,persist_session,10.0,23.85963043212891,902.642514416,0,1785998351.1633136,319,True,normal,fixed,0.0,-0.15,0.0,0.096,-0.022,0.0,0.085588675809,-0.03394026,0.0,0.00014103523,-0.19421838,0.19185826,0.006045081,0.006338085,0.021213317,"[1.4488349399598588, 1.2359648024910552, 0.0, 0.0, 0.0, 0.0, 2.0498442891956112, 0.2840070941335396]","[0.018347654436150652, 0.034233827871656665, 0.0]","{""Controller Type"": ""MPC Controller"", ""weight_comfort"": 500.0, ""weight_trajectory"": 3000.0, ""weight_goal"": 1000.0, ""Q"": [[3000.0, 0.0, 0.0, 0.0], [0.0, 0.0, 0.0, 0.0], [0.0, 0.0, 3000.0, 0.0], [0.0, 0.0, 0.0, 0.0]], ""R"": [[500.0, 0.0], [0.0, 500.0]], ""P"": [[1000.0, 0.0, 0.0, 0.0], [0.0, 100000.0, 0.0, 0.0], [0.0, 0.0, 1000.0, 0.0], [0.0, 0.0, 0.0, 100000.0]]}","[0.33020420128854255, 0.1160411507475286, 0.0]",False
3,P13,97e72a24-ca34-4b21-9460-041fe7448ae7,9,1,haply,mpc,seeded_random,3675826489,persist_session,10.0,23.869628038406375,902.652505399,0,1785998351.1733418,320,True,normal,fixed,0.0,-0.15,0.0,0.096,-0.022,0.0,0.08584253469,-0.0335273799999999,0.0,0.00014955588,-0.19416524,0.19201247,0.00551816,0.006281234,0.020878853,"[1.4500069803846782, 1.2357033472680292, 0.0, 0.0, 0.0, 0.0, 2.044390596352825, 0.29800784952105364]","[0.020968125715465864, 0.0367138903635145, 0.0]","{""Controller Type"": ""MPC Controller"", ""weight_comfort"": 500.0, ""weight_trajectory"": 3000.0, ""weight_goal"": 1000.0, ""Q"": [[3000.0, 0.0, 0.0, 0.0], [0.0, 0.0, 0.0, 0.0], [0.0, 0.0, 3000.0, 0.0], [0.0, 0.0, 0.0, 0.0]], ""R"": [[500.0, 0.0], [0.0, 500.0]], ""P"": [[1000.0, 0.0, 0.0, 0.0], [0.0, 100000.0, 0.0, 0.0], [0.0, 0.0, 1000.0, 0.0], [0.0, 0.0, 0.0, 100000.0]]}","[0.31012125792620493, 0.010301725037067742, 0.0]",False
3,P13,97e72a24-ca34-4b21-9460-041fe7448ae7,9,1,haply,mpc,seeded_random,3675826489,persist_session,10.0,23.87961515426636,902.662501791,0,1785998351.1829844,321,True,normal,fixed,0.0,-0.15,0.0,0.096,-0.022,0.0,0.08586809664,-0.03321896,0.0,0.00024727883,-0.19406281,0.19221574,0.0052045947,0.006248866,0.020598888,"[1.4516332948753883, 1.2434538108279358, 0.0, 0.0, 0.0, 0.0, 2.0446786201641003, 0.297313473210025]","[0.04622256684079977, 0.035810839556182285, 0.0]","{""Controller Type"": ""MPC Controller"", ""weight_comfort"": 500.0, ""weight_trajectory"": 3000.0, ""weight_goal"": 1000.0, ""Q"": [[3000.0, 0.0, 0.0, 0.0], [0.0, 0.0, 0.0, 0.0], [0.0, 0.0, 3000.0, 0.0], [0.0, 0.0, 0.0, 0.0]], ""R"": [[500.0, 0.0], [0.0, 500.0]], ""P"": [[1000.0, 0.0, 0.0, 0.0], [0.0, 100000.0, 0.0, 0.0], [0.0, 0.0, 1000.0, 0.0], [0.0, 0.0, 0.0, 100000.0]]}","[0.1125961138035527, -0.002602975000025198, 0.0]",False
3,P13,97e72a24-ca34-4b21-9460-041fe7448ae7,9,1,haply,mpc,seeded_random,3675826489,persist_session,10.0,23.889749374389652,902.672615886,0,1785998351.1930375,322,True,normal,fixed,0.0,-0.15,0.0,0.096,-0.022,0.0,0.08616126549,-0.03281242,0.0,0.0003449999,-0.19396007,0.19241893,0.0050605666,0.0063091014,0.020338193,"[1.43678535781561, 1.2476818739317763, 0.0, 0.0, 0.0, 0.0, 2.046761121265241, 0.28708407166688327]","[0.017864899310533536, 0.032144957059055235, 0.0]","{""Controller Type"": ""MPC Controller"", ""weight_comfort"": 500.0, ""weight_trajectory"": 3000.0, ""weight_goal"": 1000.0, ""Q"": [[3000.0, 0.0, 0.0, 0.0], [0.0, 0.0, 0.0, 0.0], [0.0, 0.0, 3000.0, 0.0], [0.0, 0.0, 0.0, 0.0]], ""R"": [[500.0, 0.0], [0.0, 500.0]], ""P"": [[1000.0, 0.0, 0.0, 0.0], [0.0, 100000.0, 0.0, 0.0], [0.0, 0.0, 1000.0, 0.0], [0.0, 0.0, 0.0, 100000.0]]}","[0.3216365383219692, 0.07091832116743921, 0.0]",False
3,P13,97e72a24-ca34-4b21-9460-041fe7448ae7,9,1,haply,mpc,seeded_random,3675826489,persist_session,10.0,23.89966138839722,902.682544397,0,1785998351.2029064,323,True,normal,fixed,0.0,-0.15,0.0,0.096,-0.022,0.0,0.0864544287,-0.03240604,0.0,0.0005115691,-0.19395562,0.19262385,0.0051536625,0.0063930093,0.020047825,"[1.4359194523463636, 1.260387713609922, 0.0, 0.0, 0.0, 0.0, 2.0414287628251553, 0.2989768246903952]","[0.0508820173724357, 0.034162832724862535, 0.0]","{""Controller Type"": ""MPC Controller"", ""weight_comfort"": 500.0, ""weight_trajectory"": 3000.0, ""weight_goal"": 1000.0, ""Q"": [[3000.0, 0.0, 0.0, 0.0], [0.0, 0.0, 0.0, 0.0], [0.0, 0.0, 3000.0, 0.0], [0.0, 0.0, 0.0, 0.0]], ""R"": [[500.0, 0.0], [0.0, 500.0]], ""P"": [[1000.0, 0.0, 0.0, 0.0], [0.0, 100000.0, 0.0, 0.0], [0.0, 0.0, 1000.0, 0.0], [0.0, 0.0, 0.0, 100000.0]]}","[0.06778348447797168, -0.020492360684022114, 0.0]",False
3,P13,97e72a24-ca34-4b21-9460-041fe7448ae7,9,1,haply,mpc,seeded_random,3675826489,persist_session,10.0,23.909710493087772,902.692579379,0,1785998351.2130744,324,True,normal,fixed,0.0,-0.15,0.0,0.096,-0.022,0.0,0.0869541363,-0.0319961999999999,0.0,0.0006091701,-0.19385229,0.19282667,0.005571596,0.006428157,0.01981116,"[1.435916702677275, 1.2604088259566424, 0.0, 0.0, 0.0, 0.0, 2.0411199431222307, 0.29961214989655843]","[0.05114910722684621, 0.03357770515597663, 0.0]","{""Controller Type"": ""MPC Controller"", ""weight_comfort"": 500.0, ""weight_trajectory"": 3000.0, ""weight_goal"": 1000.0, ""Q"": [[3000.0, 0.0, 0.0, 0.0], [0.0, 0.0, 0.0, 0.0], [0.0, 0.0, 3000.0, 0.0], [0.0, 0.0, 0.0, 0.0]], ""R"": [[500.0, 0.0], [0.0, 500.0]], ""P"": [[1000.0, 0.0, 0.0, 0.0], [0.0, 100000.0, 0.0, 0.0], [0.0, 0.0, 1000.0, 0.0], [0.0, 0.0, 0.0, 100000.0]]}","[0.053086104885996334, -0.040863693893202484, 0.0]",False
3,P13,97e72a24-ca34-4b21-9460-041fe7448ae7,9,1,haply,mpc,seeded_random,3675826489,persist_session,10.0,23.919828262329105,902.702697317,0,1785998351.2229335,325,True,normal,fixed,0.0,-0.15,0.0,0.096,-0.022,0.0,0.0872469392999999,-0.0315905599999999,0.0,0.0006924175,-0.1938499,0.192929,0.006580404,0.006357877,0.019550562,"[1.4254163759922123, 1.2789883701833618, 0.0, 0.0, 0.0, 0.0, 2.0420075749564965, 0.29782925363826046]","[0.07574969458080914, 0.03241678447593376, 0.0]","{""Controller Type"": ""MPC Controller"", ""weight_comfort"": 500.0, ""weight_trajectory"": 3000.0, ""weight_goal"": 1000.0, ""Q"": [[3000.0, 0.0, 0.0, 0.0], [0.0, 0.0, 0.0, 0.0], [0.0, 0.0, 3000.0, 0.0], [0.0, 0.0, 0.0, 0.0]], ""R"": [[500.0, 0.0], [0.0, 500.0]], ""P"": [[1000.0, 0.0, 0.0, 0.0], [0.0, 100000.0, 0.0, 0.0], [0.0, 0.0, 1000.0, 0.0], [0.0, 0.0, 0.0, 100000.0]]}","[-0.14361744959093678, -0.04564291472245325, 0.0]",False
3,P13,97e72a24-ca34-4b21-9460-041fe7448ae7,9,1,haply,mpc,seeded_random,3675826489,persist_session,10.0,23.929673995971683,902.712538938,0,1785998351.2330515,326,True,normal,fixed,0.0,-0.15,0.0,0.096,-0.022,0.0,0.0874966815,-0.0313859,0.0,0.00070808746,-0.19374526,0.1931328,0.0072112563,0.006242132,0.01927289,"[1.4278596426074062, 1.2682240820086395, 0.0, 0.0, 0.0, 0.0, 2.041562693057454, 0.2986618488715664]","[0.05016287599598676, 0.031867806068091926, 0.0]","{""Controller Type"": ""MPC Controller"", ""weight_comfort"": 500.0, ""weight_trajectory"": 3000.0, ""weight_goal"": 1000.0, ""Q"": [[3000.0, 0.0, 0.0, 0.0], [0.0, 0.0, 0.0, 0.0], [0.0, 0.0, 3000.0, 0.0], [0.0, 0.0, 0.0, 0.0]], ""R"": [[500.0, 0.0], [0.0, 500.0]], ""P"": [[1000.0, 0.0, 0.0, 0.0], [0.0, 100000.0, 0.0, 0.0], [0.0, 0.0, 1000.0, 0.0], [0.0, 0.0, 0.0, 100000.0]]}","[0.025832249855018176, -0.0668759072668325, 0.0]",False
3,P13,97e72a24-ca34-4b21-9460-041fe7448ae7,9,1,haply,mpc,seeded_random,3675826489,persist_session,10.0,23.939938392639164,902.722804825,0,1785998351.243,327,True,normal,fixed,0.0,-0.15,0.0,0.096,-0.022,0.0,0.08754369138,-0.0309783,0.0,0.0007927479,-0.193739,0.19333862,0.007607225,0.006121863,0.019044425,"[1.427947437406773, 1.2659980984959989, 0.0, 0.0, 0.0, 0.0, 2.0387407968329443, 0.28717430288080503]","[0.04339084997113685, 0.02494417869320293, 0.0]","{""Controller Type"": ""MPC Controller"", ""weight_comfort"": 500.0, ""weight_trajectory"": 3000.0, ""weight_goal"": 1000.0, ""Q"": [[3000.0, 0.0, 0.0, 0.0], [0.0, 0.0, 0.0, 0.0], [0.0, 0.0, 3000.0, 0.0], [0.0, 0.0, 0.0, 0.0]], ""R"": [[500.0, 0.0], [0.0, 500.0]], ""P"": [[1000.0, 0.0, 0.0, 0.0], [0.0, 100000.0, 0.0, 0.0], [0.0, 0.0, 1000.0, 0.0], [0.0, 0.0, 0.0, 100000.0]]}","[0.06320395030941492, 0.11938248029299169, 0.0]",False
3,P13,97e72a24-ca34-4b21-9460-041fe7448ae7,9,1,haply,mpc,seeded_random,3675826489,persist_session,10.0,23.949669208526615,902.73254271,0,1785998351.253265,328,True,normal,fixed,0.0,-0.15,0.0,0.096,-0.022,0.0,0.0877976727,-0.03056666,0.0,0.00088453724,-0.19368172,0.19359446,0.007858272,0.006072001,0.01897251,"[1.418528709239487, 1.2677545494505102, 0.0, 0.0, 0.0, 0.0, 2.0201865720850845, 0.3198767150676532]","[0.01798607159643987, 0.031243520674910638, 0.0]","{""Controller Type"": ""MPC Controller"", ""weight_comfort"": 500.0, ""weight_trajectory"": 3000.0, ""weight_goal"": 1000.0, ""Q"": [[3000.0, 0.0, 0.0, 0.0], [0.0, 0.0, 0.0, 0.0], [0.0, 0.0, 3000.0, 0.0], [0.0, 0.0, 0.0, 0.0]], ""R"": [[500.0, 0.0], [0.0, 500.0]], ""P"": [[1000.0, 0.0, 0.0, 0.0], [0.0, 100000.0, 0.0, 0.0], [0.0, 0.0, 1000.0, 0.0], [0.0, 0.0, 0.0, 100000.0]]}","[0.2468992660131738, -0.08629628415748478, 0.0]",False
3,P13,97e72a24-ca34-4b21-9460-041fe7448ae7,9,1,haply,mpc,seeded_random,3675826489,persist_session,10.0,23.959771718978885,902.74264984,0,1785998351.2630312,329,True,normal,fixed,0.0,-0.15,0.0,0.096,-0.022,0.0,0.08807304072,-0.03005498,0.0,0.0010567515,-0.19362882,0.19374546,0.008094772,0.0060279034,0.019038314,"[1.417795244194593, 1.2758118266254028, 0.0, 0.0, 0.0, 0.0, 2.0212306835481533, 0.31807682807840226]","[0.0431970619761183, 0.030070948630294157, 0.0]","{""Controller Type"": ""MPC Controller"", ""weight_comfort"": 500.0, ""weight_trajectory"": 3000.0, ""weight_goal"": 1000.0, ""Q"": [[3000.0, 0.0, 0.0, 0.0], [0.0, 0.0, 0.0, 0.0], [0.0, 0.0, 3000.0, 0.0], [0.0, 0.0, 0.0, 0.0]], ""R"": [[500.0, 0.0], [0.0, 500.0]], ""P"": [[1000.0, 0.0, 0.0, 0.0], [0.0, 100000.0, 0.0, 0.0], [0.0, 0.0, 1000.0, 0.0], [0.0, 0.0, 0.0, 100000.0]]}","[0.05438439544014782, -0.09219918400586066, 0.0]",False
3,P13,97e72a24-ca34-4b21-9460-041fe7448ae7,9,1,haply,mpc,seeded_random,3675826489,persist_session,10.0,23.96982535362244,902.752693646,0,1785998351.273111,330,True,normal,fixed,0.0,-0.15,0.0,0.096,-0.022,0.0,0.0885896835,-0.0297529799999999,0.0,0.0010596036,-0.19362107,0.19395244,0.0083043175,0.005945589,0.019124664,"[1.417362198943775, 1.2773929434201994, 0.0, 0.0, 0.0, 0.0, 2.002151806063848, 0.3450246072673735]","[0.047251379404437084, 0.03420344786845462, 0.0]","{""Controller Type"": ""MPC Controller"", ""weight_comfort"": 500.0, ""weight_trajectory"": 3000.0, ""weight_goal"": 1000.0, ""Q"": [[3000.0, 0.0, 0.0, 0.0], [0.0, 0.0, 0.0, 0.0], [0.0, 0.0, 3000.0, 0.0], [0.0, 0.0, 0.0, 0.0]], ""R"": [[500.0, 0.0], [0.0, 500.0]], ""P"": [[1000.0, 0.0, 0.0, 0.0], [0.0, 100000.0, 0.0, 0.0], [0.0, 0.0, 1000.0, 0.0], [0.0, 0.0, 0.0, 100000.0]]}","[0.014045575707265159, -0.2228290441383855, 0.0]",False
3,P13,97e72a24-ca34-4b21-9460-041fe7448ae7,9,1,haply,mpc,seeded_random,3675826489,persist_session,10.0,23.979705896377567,902.762585185,0,1785998351.2831144,331,True,normal,fixed,0.0,-0.15,0.0,0.096,-0.022,0.0,0.0885982398,-0.0293390199999999,0.0,0.0011499892,-0.1935669,0.1941045,0.008422911,0.0058223247,0.019095283,"[1.4010276553164103, 1.3019326022000455, 0.0, 0.0, 0.0, 0.0, 2.013883292192167, 0.32007876164953736]","[0.07711097360396618, 0.02520316391409295, 0.0]","{""Controller Type"": ""MPC Controller"", ""weight_comfort"": 500.0, ""weight_trajectory"": 3000.0, ""weight_goal"": 1000.0, ""Q"": [[3000.0, 0.0, 0.0, 0.0], [0.0, 0.0, 0.0, 0.0], [0.0, 0.0, 3000.0, 0.0], [0.0, 0.0, 0.0, 0.0]], ""R"": [[500.0, 0.0], [0.0, 500.0]], ""P"": [[1000.0, 0.0, 0.0, 0.0], [0.0, 100000.0, 0.0, 0.0], [0.0, 0.0, 1000.0, 0.0], [0.0, 0.0, 0.0, 100000.0]]}","[-0.2171108693763569, -0.025050199815984588, 0.0]",False
3,P13,97e72a24-ca34-4b21-9460-041fe7448ae7,9,1,haply,mpc,seeded_random,3675826489,persist_session,10.0,23.989800300598148,902.772664482,0,1785998351.2930453,332,True,normal,fixed,0.0,-0.15,0.0,0.096,-0.022,0.0,0.0888693966,-0.0290348999999999,0.0,0.0012346904,-0.19355948,0.1943102,0.008414315,0.0057150233,0.019040482,"[1.3763397541171165, 1.3099574159443526, 0.0, 0.0, 0.0, 0.0, 2.0014451729990026, 0.33893211563303716]","[0.011307829455949124, 0.028714746080959752, 0.0]","{""Controller Type"": ""MPC Controller"", ""weight_comfort"": 500.0, ""weight_trajectory"": 3000.0, ""weight_goal"": 1000.0, ""Q"": [[3000.0, 0.0, 0.0, 0.0], [0.0, 0.0, 0.0, 0.0], [0.0, 0.0, 3000.0, 0.0], [0.0, 0.0, 0.0, 0.0]], ""R"": [[500.0, 0.0], [0.0, 500.0]], ""P"": [[1000.0, 0.0, 0.0, 0.0], [0.0, 100000.0, 0.0, 0.0], [0.0, 0.0, 1000.0, 0.0], [0.0, 0.0, 0.0, 100000.0]]}","[0.248484048396463, -0.14527019040130837, 0.0]",False
3,P13,97e72a24-ca34-4b21-9460-041fe7448ae7,9,1,haply,mpc,seeded_random,3675826489,persist_session,10.0,23.999733772277835,902.782609194,0,1785998351.3029797,333,True,normal,fixed,0.0,-0.15,0.0,0.096,-0.022,0.0,0.0891235002,-0.0286235,0.0,0.001413867,-0.19345476,0.19451046,0.008445949,0.0056358324,0.018997567,"[1.3717638152670688, 1.3234270450746228, 0.0, 0.0, 0.0, 0.0, 2.008512609586545, 0.3258977549604869]","[0.04591700833851706, 0.02410990200199143, 0.0]","{""Controller Type"": ""MPC Controller"", ""weight_comfort"": 500.0, ""weight_trajectory"": 3000.0, ""weight_goal"": 1000.0, ""Q"": [[3000.0, 0.0, 0.0, 0.0], [0.0, 0.0, 0.0, 0.0], [0.0, 0.0, 3000.0, 0.0], [0.0, 0.0, 0.0, 0.0]], ""R"": [[500.0, 0.0], [0.0, 500.0]], ""P"": [[1000.0, 0.0, 0.0, 0.0], [0.0, 100000.0, 0.0, 0.0], [0.0, 0.0, 1000.0, 0.0], [0.0, 0.0, 0.0, 100000.0]]}","[-0.004378273098499798, -0.05609040309847075, 0.0]",False
3,P13,97e72a24-ca34-4b21-9460-041fe7448ae7,9,1,haply,mpc,seeded_random,3675826489,persist_session,10.0,24.00969728469849,902.792578514,0,1785998351.3131454,334,True,normal,fixed,0.0,-0.15,0.0,0.096,-0.022,0.0,0.08966103,-0.02822298,0.0,0.001498626,-0.19344677,0.1947161,0.0086020855,0.005585564,0.019013574,"[1.3720901101030516, 1.3223902639375742, 0.0, 0.0, 0.0, 0.0, 1.9957660958529642, 0.34421986314692193]","[0.04325939111913899, 0.02747363646343704, 0.0]","{""Controller Type"": ""MPC Controller"", ""weight_comfort"": 500.0, ""weight_trajectory"": 3000.0, ""weight_goal"": 1000.0, ""Q"": [[3000.0, 0.0, 0.0, 0.0], [0.0, 0.0, 0.0, 0.0], [0.0, 0.0, 3000.0, 0.0], [0.0, 0.0, 0.0, 0.0]], ""R"": [[500.0, 0.0], [0.0, 500.0]], ""P"": [[1000.0, 0.0, 0.0, 0.0], [0.0, 100000.0, 0.0, 0.0], [0.0, 0.0, 1000.0, 0.0], [0.0, 0.0, 0.0, 100000.0]]}","[0.0033841134277926084, -0.1693456596656103, 0.0]",False
3,P13,97e72a24-ca34-4b21-9460-041fe7448ae7,9,1,haply,mpc,seeded_random,3675826489,persist_session,10.0,24.01967796325684,902.802553905,0,1785998351.322998,335,True,normal,fixed,0.0,-0.15,0.0,0.096,-0.022,0.0,0.089915307,-0.0278116999999999,0.0,0.0015833877,-0.19343854,0.19492163,0.008721436,0.005433359,0.019065775,"[1.3498112447045416, 1.3531587306032986, 0.0, 0.0, 0.0, 0.0, 1.9983521362355166, 0.3405240588225158]","[0.08010719246020659, 0.025852077269092846, 0.0]","{""Controller Type"": ""MPC Controller"", ""weight_comfort"": 500.0, ""weight_trajectory"": 3000.0, ""weight_goal"": 1000.0, ""Q"": [[3000.0, 0.0, 0.0, 0.0], [0.0, 0.0, 0.0, 0.0], [0.0, 0.0, 3000.0, 0.0], [0.0, 0.0, 0.0, 0.0]], ""R"": [[500.0, 0.0], [0.0, 500.0]], ""P"": [[1000.0, 0.0, 0.0, 0.0], [0.0, 100000.0, 0.0, 0.0], [0.0, 0.0, 1000.0, 0.0], [0.0, 0.0, 0.0, 100000.0]]}","[-0.267226134076135, -0.1631298539316107, 0.0]",False
3,P13,97e72a24-ca34-4b21-9460-041fe7448ae7,9,1,haply,mpc,seeded_random,3675826489,persist_session,10.0,24.029659357070926,902.812537755,0,1785998351.3331146,336,True,normal,fixed,0.0,-0.15,0.0,0.096,-0.022,0.0,0.0901695921,-0.0274006399999999,0.0,0.0016736811,-0.1933835,0.19507328,0.008804043,0.005219547,0.019081803,"[1.3556924684130534, 1.3391103719812227, 0.0, 0.0, 0.0, 0.0, 1.9955609540876633, 0.34431289218233]","[0.04280871474828379, 0.02597028693374963, 0.0]","{""Controller Type"": ""MPC Controller"", ""weight_comfort"": 500.0, ""weight_trajectory"": 3000.0, ""weight_goal"": 1000.0, ""Q"": [[3000.0, 0.0, 0.0, 0.0], [0.0, 0.0, 0.0, 0.0], [0.0, 0.0, 3000.0, 0.0], [0.0, 0.0, 0.0, 0.0]], ""R"": [[500.0, 0.0], [0.0, 500.0]], ""P"": [[1000.0, 0.0, 0.0, 0.0], [0.0, 100000.0, 0.0, 0.0], [0.0, 0.0, 1000.0, 0.0], [0.0, 0.0, 0.0, 100000.0]]}","[-0.026047140690660074, -0.19860528271374905, 0.0]",False
3,P13,97e72a24-ca34-4b21-9460-041fe7448ae7,9,1,haply,mpc,seeded_random,3675826489,persist_session,10.0,24.039799299240116,902.822665748,0,1785998351.3430588,337,True,normal,fixed,0.0,-0.15,0.0,0.096,-0.022,0.0,0.0904404723,-0.02709734,0.0,0.0018402454,-0.19337532,0.19527766,0.008903606,0.0049660904,0.019017518,"[1.3559215890561311, 1.3385776389889767, 0.0, 0.0, 0.0, 0.0, 1.997326330424016, 0.34195530630429904]","[0.04155137766131847, 0.02468127790459604, 0.0]","{""Controller Type"": ""MPC Controller"", ""weight_comfort"": 500.0, ""weight_trajectory"": 3000.0, ""weight_goal"": 1000.0, ""Q"": [[3000.0, 0.0, 0.0, 0.0], [0.0, 0.0, 0.0, 0.0], [0.0, 0.0, 3000.0, 0.0], [0.0, 0.0, 0.0, 0.0]], ""R"": [[500.0, 0.0], [0.0, 500.0]], ""P"": [[1000.0, 0.0, 0.0, 0.0], [0.0, 100000.0, 0.0, 0.0], [0.0, 0.0, 1000.0, 0.0], [0.0, 0.0, 0.0, 100000.0]]}","[-0.028000502130989386, -0.202252410474033, 0.0]",False
3,P13,97e72a24-ca34-4b21-9460-041fe7448ae7,9,1,haply,mpc,seeded_random,3675826489,persist_session,10.0,24.04970749855042,902.832574216,0,1785998351.3530478,338,True,normal,fixed,0.0,-0.15,0.0,0.096,-0.022,0.0,0.0909401651999999,-0.02668858,0.0,0.0020122102,-0.1933202,0.1954279,0.009080974,0.004750584,0.018924078,"[1.3554478521563722, 1.3395054018361956, 0.0, 0.0, 0.0, 0.0, 2.0062866617941095, 0.3287964642571268]","[0.04402380099638013, 0.02025507971423298, 0.0]","{""Controller Type"": ""MPC Controller"", ""weight_comfort"": 500.0, ""weight_trajectory"": 3000.0, ""weight_goal"": 1000.0, ""Q"": [[3000.0, 0.0, 0.0, 0.0], [0.0, 0.0, 0.0, 0.0], [0.0, 0.0, 3000.0, 0.0], [0.0, 0.0, 0.0, 0.0]], ""R"": [[500.0, 0.0], [0.0, 500.0]], ""P"": [[1000.0, 0.0, 0.0, 0.0], [0.0, 100000.0, 0.0, 0.0], [0.0, 0.0, 1000.0, 0.0], [0.0, 0.0, 0.0, 100000.0]]}","[-0.056622814932184184, -0.11882205236473892, 0.0]",False
3,P13,97e72a24-ca34-4b21-9460-041fe7448ae7,9,1,haply,mpc,seeded_random,3675826489,persist_session,10.0,24.05977758407593,902.842652299,0,1785998351.3630834,339,True,normal,fixed,0.0,-0.15,0.0,0.096,-0.022,0.0,0.0914560596,-0.0263881,0.0,0.002097037,-0.19331115,0.19563326,0.009523193,0.0045927824,0.018875327,"[1.3361109510157618, 1.364735248070448, 0.0, 0.0, 0.0, 0.0, 1.991885154903, 0.3471859661346798]","[0.0750302903945937, 0.02354628136373236, 0.0]","{""Controller Type"": ""MPC Controller"", ""weight_comfort"": 500.0, ""weight_trajectory"": 3000.0, ""weight_goal"": 1000.0, ""Q"": [[3000.0, 0.0, 0.0, 0.0], [0.0, 0.0, 0.0, 0.0], [0.0, 0.0, 3000.0, 0.0], [0.0, 0.0, 0.0, 0.0]], ""R"": [[500.0, 0.0], [0.0, 500.0]], ""P"": [[1000.0, 0.0, 0.0, 0.0], [0.0, 100000.0, 0.0, 0.0], [0.0, 0.0, 1000.0, 0.0], [0.0, 0.0, 0.0, 100000.0]]}","[-0.28414979429964304, -0.22758112724055335, 0.0]",False
3,P13,97e72a24-ca34-4b21-9460-041fe7448ae7,9,1,haply,mpc,seeded_random,3675826489,persist_session,10.0,24.069619503021244,902.852503281,0,1785998351.372927,340,True,normal,fixed,0.0,-0.15,0.0,0.096,-0.022,0.0,0.09171054,-0.0259773799999999,0.0,0.0021749823,-0.19335306,0.1957894,0.010205773,0.004348329,0.018800987,"[1.3355285499095668, 1.3654685120387375, 0.0, 0.0, 0.0, 0.0, 2.0021256012632485, 0.3330093517234]","[0.07626302355971944, 0.01875638103260325, 0.0]","{""Controller Type"": ""MPC Controller"", ""weight_comfort"": 500.0, ""weight_trajectory"": 3000.0, ""weight_goal"": 1000.0, ""Q"": [[3000.0, 0.0, 0.0, 0.0], [0.0, 0.0, 0.0, 0.0], [0.0, 0.0, 3000.0, 0.0], [0.0, 0.0, 0.0, 0.0]], ""R"": [[500.0, 0.0], [0.0, 500.0]], ""P"": [[1000.0, 0.0, 0.0, 0.0], [0.0, 100000.0, 0.0, 0.0], [0.0, 0.0, 1000.0, 0.0], [0.0, 0.0, 0.0, 100000.0]]}","[-0.3156294273639776, -0.13522866497942743, 0.0]",False
3,P13,97e72a24-ca34-4b21-9460-041fe7448ae7,9,1,haply,mpc,seeded_random,3675826489,persist_session,10.0,24.07980045318604,902.862675714,0,1785998351.383011,341,True,normal,fixed,0.0,-0.15,0.0,0.096,-0.022,0.0,0.0919443759,-0.0256650999999999,0.0,0.0023469396,-0.19329737,0.19593953,0.010676832,0.0040494585,0.018753152,"[1.3444171015316657, 1.3509536426506983, 0.0, 0.0, 0.0, 0.0, 1.9840776151293855, 0.35507930004020155]","[0.040692221285660975, 0.02270698080423294, 0.0]","{""Controller Type"": ""MPC Controller"", ""weight_comfort"": 500.0, ""weight_trajectory"": 3000.0, ""weight_goal"": 1000.0, ""Q"": [[3000.0, 0.0, 0.0, 0.0], [0.0, 0.0, 0.0, 0.0], [0.0, 0.0, 3000.0, 0.0], [0.0, 0.0, 0.0, 0.0]], ""R"": [[500.0, 0.0], [0.0, 500.0]], ""P"": [[1000.0, 0.0, 0.0, 0.0], [0.0, 100000.0, 0.0, 0.0], [0.0, 0.0, 1000.0, 0.0], [0.0, 0.0, 0.0, 100000.0]]}","[-0.08840947328728332, -0.25762396587431063, 0.0]",False
3,P13,97e72a24-ca34-4b21-9460-041fe7448ae7,9,1,haply,mpc,seeded_random,3675826489,persist_session,10.0,24.089675273895267,902.872559592,0,1785998351.3928912,342,True,normal,fixed,0.0,-0.15,0.0,0.096,-0.022,0.0,0.0924602478,-0.02536484,0.0,0.0025135821,-0.19328773,0.19614376,0.0110416245,0.0037447072,0.018635716,"[1.3452843166649242, 1.3494817343032135, 0.0, 0.0, 0.0, 0.0, 1.9955341641089839, 0.34031879554274447]","[0.03674762280086119, 0.017852372198842566, 0.0]","{""Controller Type"": ""MPC Controller"", ""weight_comfort"": 500.0, ""weight_trajectory"": 3000.0, ""weight_goal"": 1000.0, ""Q"": [[3000.0, 0.0, 0.0, 0.0], [0.0, 0.0, 0.0, 0.0], [0.0, 0.0, 3000.0, 0.0], [0.0, 0.0, 0.0, 0.0]], ""R"": [[500.0, 0.0], [0.0, 500.0]], ""P"": [[1000.0, 0.0, 0.0, 0.0], [0.0, 100000.0, 0.0, 0.0], [0.0, 0.0, 1000.0, 0.0], [0.0, 0.0, 0.0, 100000.0]]}","[-0.07163255772168214, -0.16890929102444377, 0.0]",False
3,P13,97e72a24-ca34-4b21-9460-041fe7448ae7,9,1,haply,mpc,seeded_random,3675826489,persist_session,10.0,24.09969243049622,902.882568721,0,1785998351.4030197,343,True,normal,fixed,0.0,-0.15,0.0,0.096,-0.022,0.0,0.0929601753,-0.02495638,0.0,0.0025969222,-0.19328281,0.19624586,0.011391228,0.0035124265,0.018474383,"[1.315567270909607, 1.3849553915902832, 0.0, 0.0, 0.0, 0.0, 1.9963357283543384, 0.3393044088939838]","[0.07697176631694012, 0.01702922486879109, 0.0]","{""Controller Type"": ""MPC Controller"", ""weight_comfort"": 500.0, ""weight_trajectory"": 3000.0, ""weight_goal"": 1000.0, ""Q"": [[3000.0, 0.0, 0.0, 0.0], [0.0, 0.0, 0.0, 0.0], [0.0, 0.0, 3000.0, 0.0], [0.0, 0.0, 0.0, 0.0]], ""R"": [[500.0, 0.0], [0.0, 500.0]], ""P"": [[1000.0, 0.0, 0.0, 0.0], [0.0, 100000.0, 0.0, 0.0], [0.0, 0.0, 1000.0, 0.0], [0.0, 0.0, 0.0, 100000.0]]}","[-0.357735842996729, -0.1723760640001265, 0.0]",False
3,P13,97e72a24-ca34-4b21-9460-041fe7448ae7,9,1,haply,mpc,seeded_random,3675826489,persist_session,10.0,24.1097126865387,902.892589539,0,1785998351.412908,344,True,normal,fixed,0.0,-0.15,0.0,0.096,-0.022,0.0,0.0932101956,-0.02475218,0.0,0.0026802476,-0.19327776,0.1963479,0.011619203,0.0032396282,0.018183077,"[1.3191215570959463, 1.3807760851336288, 0.0, 0.0, 0.0, 0.0, 1.9810265111738146, 0.3571950312814043]","[0.07216293845863374, 0.020261555360899984, 0.0]","{""Controller Type"": ""MPC Controller"", ""weight_comfort"": 500.0, ""weight_trajectory"": 3000.0, ""weight_goal"": 1000.0, ""Q"": [[3000.0, 0.0, 0.0, 0.0], [0.0, 0.0, 0.0, 0.0], [0.0, 0.0, 3000.0, 0.0], [0.0, 0.0, 0.0, 0.0]], ""R"": [[500.0, 0.0], [0.0, 500.0]], ""P"": [[1000.0, 0.0, 0.0, 0.0], [0.0, 100000.0, 0.0, 0.0], [0.0, 0.0, 1000.0, 0.0], [0.0, 0.0, 0.0, 100000.0]]}","[-0.3491056034722542, -0.2766638507376022, 0.0]",False
3,P13,97e72a24-ca34-4b21-9460-041fe7448ae7,9,1,haply,mpc,seeded_random,3675826489,persist_session,10.0,24.11969336509705,902.9025728,0,1785998351.423005,345,True,normal,fixed,0.0,-0.15,0.0,0.096,-0.022,0.0,0.0934601718,-0.0245481,0.0,0.002763602,-0.1932727,0.19644988,0.011674103,0.0028029967,0.017694619,"[1.3297149816567708, 1.3665718407793224, 0.0, 0.0, 0.0, 0.0, 1.9944170930123786, 0.33929256240166605]","[0.03826228582573063, 0.012495534537692539, 0.0]","{""Controller Type"": ""MPC Controller"", ""weight_comfort"": 500.0, ""weight_trajectory"": 3000.0, ""weight_goal"": 1000.0, ""Q"": [[3000.0, 0.0, 0.0, 0.0], [0.0, 0.0, 0.0, 0.0], [0.0, 0.0, 3000.0, 0.0], [0.0, 0.0, 0.0, 0.0]], ""R"": [[500.0, 0.0], [0.0, 500.0]], ""P"": [[1000.0, 0.0, 0.0, 0.0], [0.0, 100000.0, 0.0, 0.0], [0.0, 0.0, 1000.0, 0.0], [0.0, 0.0, 0.0, 100000.0]]}","[-0.1362032415462544, -0.10180082336390057, 0.0]",False
3,P13,97e72a24-ca34-4b21-9460-041fe7448ae7,9,1,haply,mpc,seeded_random,3675826489,persist_session,10.0,24.12981685638428,902.912690508,0,1785998351.4330685,346,True,normal,fixed,0.0,-0.15,0.0,0.096,-0.022,0.0,0.093710235,-0.02434414,0.0,0.0029287029,-0.19326743,0.19655082,0.011642903,0.0023785362,0.017145792,"[1.3301023710968236, 1.3660642278248, 0.0, 0.0, 0.0, 0.0, 1.9947896671746115, 0.33880340890998156]","[0.037197640666995775, 0.01193061924107012, 0.0]","{""Controller Type"": ""MPC Controller"", ""weight_comfort"": 500.0, ""weight_trajectory"": 3000.0, ""weight_goal"": 1000.0, ""Q"": [[3000.0, 0.0, 0.0, 0.0], [0.0, 0.0, 0.0, 0.0], [0.0, 0.0, 3000.0, 0.0], [0.0, 0.0, 0.0, 0.0]], ""R"": [[500.0, 0.0], [0.0, 500.0]], ""P"": [[1000.0, 0.0, 0.0, 0.0], [0.0, 100000.0, 0.0, 0.0], [0.0, 0.0, 1000.0, 0.0], [0.0, 0.0, 0.0, 100000.0]]}","[-0.1401856466878129, -0.1041336601943775, 0.0]",False
3,P13,97e72a24-ca34-4b21-9460-041fe7448ae7,9,1,haply,mpc,seeded_random,3675826489,persist_session,10.0,24.139637317657474,902.922519845,0,1785998351.4432528,347,True,normal,fixed,0.0,-0.15,0.0,0.096,-0.022,0.0,0.0942055377,-0.02414226,0.0,0.0030187645,-0.19321066,0.1967019,0.011618992,0.0022330857,0.016385898,"[1.3302281098602629, 1.3659042810068838, 0.0, 0.0, 0.0, 0.0, 1.9948307924484912, 0.3387507587824977]","[0.036988538272377545, 0.011542113662331398, 0.0]","{""Controller Type"": ""MPC Controller"", ""weight_comfort"": 500.0, ""weight_trajectory"": 3000.0, ""weight_goal"": 1000.0, ""Q"": [[3000.0, 0.0, 0.0, 0.0], [0.0, 0.0, 0.0, 0.0], [0.0, 0.0, 3000.0, 0.0], [0.0, 0.0, 0.0, 0.0]], ""R"": [[500.0, 0.0], [0.0, 500.0]], ""P"": [[1000.0, 0.0, 0.0, 0.0], [0.0, 100000.0, 0.0, 0.0], [0.0, 0.0, 1000.0, 0.0], [0.0, 0.0, 0.0, 100000.0]]}","[-0.1498868624457076, -0.11103083207384432, 0.0]",False
3,P13,97e72a24-ca34-4b21-9460-041fe7448ae7,9,1,haply,mpc,seeded_random,3675826489,persist_session,10.0,24.149880733489994,902.932761203,0,1785998351.4529872,348,True,normal,fixed,0.0,-0.15,0.0,0.096,-0.022,0.0,0.0944757225,-0.0238400999999999,0.0,0.0031771432,-0.19325675,0.1967537,0.011676639,0.0020853507,0.015840765,"[1.3058585605640651, 1.3929938603068261, 0.0, 0.0, 0.0, 0.0, 1.9952160694118968, 0.3382661173843639]","[0.07008859636288692, 0.010979459506461075, 0.0]","{""Controller Type"": ""MPC Controller"", ""weight_comfort"": 500.0, ""weight_trajectory"": 3000.0, ""weight_goal"": 1000.0, ""Q"": [[3000.0, 0.0, 0.0, 0.0], [0.0, 0.0, 0.0, 0.0], [0.0, 0.0, 3000.0, 0.0], [0.0, 0.0, 0.0, 0.0]], ""R"": [[500.0, 0.0], [0.0, 500.0]], ""P"": [[1000.0, 0.0, 0.0, 0.0], [0.0, 100000.0, 0.0, 0.0], [0.0, 0.0, 1000.0, 0.0], [0.0, 0.0, 0.0, 100000.0]]}","[-0.38730167889536576, -0.11219921607595344, 0.0]",False
3,P13,97e72a24-ca34-4b21-9460-041fe7448ae7,9,1,haply,mpc,seeded_random,3675826489,persist_session,10.0,24.15974530220032,902.942620445,0,1785998351.4631882,349,True,normal,fixed,0.0,-0.15,0.0,0.096,-0.022,0.0,0.0949508586,-0.0237364999999999,0.0,0.0031854524,-0.19319972,0.19690594,0.011668121,0.0017790196,0.015127041,"[1.318515607239063, 1.3783440322099352, 0.0, 0.0, 0.0, 0.0, 1.9806177454667397, 0.3548727762743121]","[0.040266677408418244, 0.014659948541948619, 0.0]","{""Controller Type"": ""MPC Controller"", ""weight_comfort"": 500.0, ""weight_trajectory"": 3000.0, ""weight_goal"": 1000.0, ""Q"": [[3000.0, 0.0, 0.0, 0.0], [0.0, 0.0, 0.0, 0.0], [0.0, 0.0, 3000.0, 0.0], [0.0, 0.0, 0.0, 0.0]], ""R"": [[500.0, 0.0], [0.0, 500.0]], ""P"": [[1000.0, 0.0, 0.0, 0.0], [0.0, 100000.0, 0.0, 0.0], [0.0, 0.0, 1000.0, 0.0], [0.0, 0.0, 0.0, 100000.0]]}","[-0.20422240472253905, -0.22538378471562087, 0.0]",False
3,P13,97e72a24-ca34-4b21-9460-041fe7448ae7,9,1,haply,mpc,seeded_random,3675826489,persist_session,10.0,24.169732179641727,902.95261228,0,1785998351.473112,350,True,normal,fixed,0.0,-0.15,0.0,0.096,-0.022,0.0,0.0949757862,-0.0234320199999999,0.0,0.0033438795,-0.19324562,0.19695778,0.01160456,0.0015944866,0.014501089,"[1.2993319162825177, 1.3990361149041197, 0.0, 0.0, 0.0, 0.0, 1.9864583478796594, 0.34618616297740934]","[0.06652679833077475, 0.006965313389313651, 0.0]","{""Controller Type"": ""MPC Controller"", ""weight_comfort"": 500.0, ""weight_trajectory"": 3000.0, ""weight_goal"": 1000.0, ""Q"": [[3000.0, 0.0, 0.0, 0.0], [0.0, 0.0, 0.0, 0.0], [0.0, 0.0, 3000.0, 0.0], [0.0, 0.0, 0.0, 0.0]], ""R"": [[500.0, 0.0], [0.0, 500.0]], ""P"": [[1000.0, 0.0, 0.0, 0.0], [0.0, 100000.0, 0.0, 0.0], [0.0, 0.0, 1000.0, 0.0], [0.0, 0.0, 0.0, 100000.0]]}","[-0.3955679140587594, -0.034812258341306704, 0.0]",False
3,P13,97e72a24-ca34-4b21-9460-041fe7448ae7,9,1,haply,mpc,seeded_random,3675826489,persist_session,10.0,24.179726209640506,902.962597108,0,1785998351.4831955,351,True,normal,fixed,0.0,-0.15,0.0,0.096,-0.022,0.0,0.0954510675,-0.02332834,0.0,0.003338853,-0.19329178,0.19701213,0.0115959775,0.0014522683,0.013946148,"[1.2989032719575373, 1.3973101881777912, 0.0, 0.0, 0.0, 0.0, 1.9594160122515023, 0.37625144076952605]","[0.00484029567282576, 0.01435011297631196, 0.0]","{""Controller Type"": ""MPC Controller"", ""weight_comfort"": 500.0, ""weight_trajectory"": 3000.0, ""weight_goal"": 1000.0, ""Q"": [[3000.0, 0.0, 0.0, 0.0], [0.0, 0.0, 0.0, 0.0], [0.0, 0.0, 3000.0, 0.0], [0.0, 0.0, 0.0, 0.0]], ""R"": [[500.0, 0.0], [0.0, 500.0]], ""P"": [[1000.0, 0.0, 0.0, 0.0], [0.0, 100000.0, 0.0, 0.0], [0.0, 0.0, 1000.0, 0.0], [0.0, 0.0, 0.0, 100000.0]]}","[0.010608225291742287, -0.23483296877747237, 0.0]",False
3,P13,97e72a24-ca34-4b21-9460-041fe7448ae7,9,1,haply,mpc,seeded_random,3675826489,persist_session,10.0,24.18977769851685,902.972652936,0,1785998351.493136,352,True,normal,fixed,0.0,-0.15,0.0,0.096,-0.022,0.0,0.095435988,-0.0232196399999999,0.0,0.0034222433,-0.19328605,0.19711415,0.011521137,0.0012745066,0.013454877,"[1.249719145056533, 1.4492241355650393, 0.0, 0.0, 0.0, 0.0, 1.9663110716353223, 0.3671266786791149]","[0.06899336020165989, 0.006386713405211434, 0.0]","{""Controller Type"": ""MPC Controller"", ""weight_comfort"": 500.0, ""weight_trajectory"": 3000.0, ""weight_goal"": 1000.0, ""Q"": [[3000.0, 0.0, 0.0, 0.0], [0.0, 0.0, 0.0, 0.0], [0.0, 0.0, 3000.0, 0.0], [0.0, 0.0, 0.0, 0.0]], ""R"": [[500.0, 0.0], [0.0, 500.0]], ""P"": [[1000.0, 0.0, 0.0, 0.0], [0.0, 100000.0, 0.0, 0.0], [0.0, 0.0, 1000.0, 0.0], [0.0, 0.0, 0.0, 100000.0]]}","[-0.4183806197914797, -0.04872562497398178, 0.0]",False
3,P13,97e72a24-ca34-4b21-9460-041fe7448ae7,9,1,haply,mpc,seeded_random,3675826489,persist_session,10.0,24.19980319976807,902.982677304,0,1785998351.5034978,353,True,normal,fixed,0.0,-0.15,0.0,0.096,-0.022,0.0,0.0956861589,-0.0230156,0.0,0.0034222433,-0.19328605,0.19711415,0.01094756,0.00054706377,0.012424349,"[1.2459414572499823, 1.4518069636790378, 0.0, 0.0, 0.0, 0.0, 1.9660828653611893, 0.36741606386360065]","[-0.0014996556955120936, 0.0064156774924586345, 0.0]","{""Controller Type"": ""MPC Controller"", ""weight_comfort"": 500.0, ""weight_trajectory"": 3000.0, ""weight_goal"": 1000.0, ""Q"": [[3000.0, 0.0, 0.0, 0.0], [0.0, 0.0, 0.0, 0.0], [0.0, 0.0, 3000.0, 0.0], [0.0, 0.0, 0.0, 0.0]], ""R"": [[500.0, 0.0], [0.0, 500.0]], ""P"": [[1000.0, 0.0, 0.0, 0.0], [0.0, 100000.0, 0.0, 0.0], [0.0, 0.0, 1000.0, 0.0], [0.0, 0.0, 0.0, 100000.0]]}","[0.030766005267612712, -0.05875395176092463, 0.0]",False
3,P13,97e72a24-ca34-4b21-9460-041fe7448ae7,9,1,haply,mpc,seeded_random,3675826489,persist_session,10.0,24.209771242141727,902.99264667,0,1785998351.5133348,354,True,normal,fixed,0.0,-0.15,0.0,0.096,-0.022,0.0,0.0956861589,-0.0230156,0.0,0.0035040255,-0.19328582,0.19711292,0.010371966,-6.0972692e-05,0.011597779,"[1.2318619828098014, 1.4667072654234303, 0.0, 0.0, 0.0, 0.0, 1.9591013983378551, 0.3752463574387472]","[0.03579779096636781, 0.009378770963548002, 0.0]","{""Controller Type"": ""MPC Controller"", ""weight_comfort"": 500.0, ""weight_trajectory"": 3000.0, ""weight_goal"": 1000.0, ""Q"": [[3000.0, 0.0, 0.0, 0.0], [0.0, 0.0, 0.0, 0.0], [0.0, 0.0, 3000.0, 0.0], [0.0, 0.0, 0.0, 0.0]], ""R"": [[500.0, 0.0], [0.0, 500.0]], ""P"": [[1000.0, 0.0, 0.0, 0.0], [0.0, 100000.0, 0.0, 0.0], [0.0, 0.0, 1000.0, 0.0], [0.0, 0.0, 0.0, 100000.0]]}","[-0.2144328978390247, -0.14577934219664554, 0.0]",False
3,P13,97e72a24-ca34-4b21-9460-041fe7448ae7,9,1,haply,mpc,seeded_random,3675826489,persist_session,10.0,24.21971138954163,903.002586638,0,1785998351.5232987,355,True,normal,fixed,0.0,-0.15,0.0,0.096,-0.022,0.0,0.0959315055,-0.02301806,0.0,0.0034990406,-0.19333196,0.19716734,0.009466227,-0.0004102236,0.010925042,"[1.231319828168443, 1.466898550751172, 0.0, 0.0, 0.0, 0.0, 1.9566551435481623, 0.3762366425954893]","[0.0003864387693241824, 0.001987178963787565, 0.0]","{""Controller Type"": ""MPC Controller"", ""weight_comfort"": 500.0, ""weight_trajectory"": 3000.0, ""weight_goal"": 1000.0, ""Q"": [[3000.0, 0.0, 0.0, 0.0], [0.0, 0.0, 0.0, 0.0], [0.0, 0.0, 3000.0, 0.0], [0.0, 0.0, 0.0, 0.0]], ""R"": [[500.0, 0.0], [0.0, 500.0]], ""P"": [[1000.0, 0.0, 0.0, 0.0], [0.0, 100000.0, 0.0, 0.0], [0.0, 0.0, 1000.0, 0.0], [0.0, 0.0, 0.0, 100000.0]]}","[0.007945871575730052, 0.035593327884834415, 0.0]",False
3,P13,97e72a24-ca34-4b21-9460-041fe7448ae7,9,1,haply,mpc,seeded_random,3675826489,persist_session,10.0,24.229778614044193,903.012652846,0,1785998351.532977,356,True,normal,fixed,0.0,-0.15,0.0,0.096,-0.022,0.0,0.0959165508,-0.02290922,0.0,0.0034990406,-0.19333196,0.19716734,0.008775718,-0.00016776843,0.00965929,"[1.21653740185968, 1.4822383853340642, 0.0, 0.0, 0.0, 0.0, 1.9566192555495905, 0.37625317724127155]","[0.03658097167463813, 0.0018990630038533515, 0.0]","{""Controller Type"": ""MPC Controller"", ""weight_comfort"": 500.0, ""weight_trajectory"": 3000.0, ""weight_goal"": 1000.0, ""Q"": [[3000.0, 0.0, 0.0, 0.0], [0.0, 0.0, 0.0, 0.0], [0.0, 0.0, 3000.0, 0.0], [0.0, 0.0, 0.0, 0.0]], ""R"": [[500.0, 0.0], [0.0, 500.0]], ""P"": [[1000.0, 0.0, 0.0, 0.0], [0.0, 100000.0, 0.0, 0.0], [0.0, 0.0, 1000.0, 0.0], [0.0, 0.0, 0.0, 100000.0]]}","[-0.2283717850757968, 0.03897509429986778, 0.0]",False
3,P13,97e72a24-ca34-4b21-9460-041fe7448ae7,9,1,haply,mpc,seeded_random,3675826489,persist_session,10.0,24.2397118473053,903.022592869,0,1785998351.5430665,357,True,normal,fixed,0.0,-0.15,0.0,0.096,-0.022,0.0,0.0959165508,-0.02290922,0.0,0.0034990406,-0.19333196,0.19716734,0.008080109,-0.0008275613,0.007725699,"[1.2153400861320014, 1.4833663662422567, 0.0, 0.0, 0.0, 0.0, 1.951435557965248, 0.38240290266883153]","[-0.002190574923063106, 0.006074567583305525, 0.0]","{""Controller Type"": ""MPC Controller"", ""weight_comfort"": 500.0, ""weight_trajectory"": 3000.0, ""weight_goal"": 1000.0, ""Q"": [[3000.0, 0.0, 0.0, 0.0], [0.0, 0.0, 0.0, 0.0], [0.0, 0.0, 3000.0, 0.0], [0.0, 0.0, 0.0, 0.0]], ""R"": [[500.0, 0.0], [0.0, 500.0]], ""P"": [[1000.0, 0.0, 0.0, 0.0], [0.0, 100000.0, 0.0, 0.0], [0.0, 0.0, 1000.0, 0.0], [0.0, 0.0, 0.0, 100000.0]]}","[0.01369137883600018, -0.07089426379052245, 0.0]",False
3,P13,97e72a24-ca34-4b21-9460-041fe7448ae7,9,1,haply,mpc,seeded_random,3675826489,persist_session,10.0,24.249654378890995,903.032529159,0,1785998351.553142,358,True,normal,fixed,0.0,-0.15,0.0,0.096,-0.022,0.0,0.0959165508,-0.02290922,0.0,0.0035808145,-0.19333176,0.19716612,0.007493722,-0.0012876923,0.0063787,"[1.2153491004325518, 1.483363186102581, 0.0, 0.0, 0.0, 0.0, 1.95021176760268, 0.38289829823547966]","[0.00010141991015181853, 0.0017731715433397265, 0.0]","{""Controller Type"": ""MPC Controller"", ""weight_comfort"": 500.0, ""weight_trajectory"": 3000.0, ""weight_goal"": 1000.0, ""Q"": [[3000.0, 0.0, 0.0, 0.0], [0.0, 0.0, 0.0, 0.0], [0.0, 0.0, 3000.0, 0.0], [0.0, 0.0, 0.0, 0.0]], ""R"": [[500.0, 0.0], [0.0, 500.0]], ""P"": [[1000.0, 0.0, 0.0, 0.0], [0.0, 100000.0, 0.0, 0.0], [0.0, 0.0, 1000.0, 0.0], [0.0, 0.0, 0.0, 100000.0]]}","[-0.0005404727457620908, 0.03268486024128905, 0.0]",False
3,P13,97e72a24-ca34-4b21-9460-041fe7448ae7,9,1,haply,mpc,seeded_random,3675826489,persist_session,10.0,24.259696331024173,903.04257785,0,1785998351.563182,359,True,normal,fixed,0.0,-0.15,0.0,0.096,-0.022,0.0,0.0961618725,-0.02291166,0.0,0.0035758603,-0.1933778,0.19722049,0.0063717347,-0.001609724,0.00536654,"[1.2153490944530174, 1.4833631882120908, 0.0, 0.0, 0.0, 0.0, 1.950209821883532, 0.38289908587090266]","[0.00010141990965283117, 0.001773169774252963, 0.0]","{""Controller Type"": ""MPC Controller"", ""weight_comfort"": 500.0, ""weight_trajectory"": 3000.0, ""weight_goal"": 1000.0, ""Q"": [[3000.0, 0.0, 0.0, 0.0], [0.0, 0.0, 0.0, 0.0], [0.0, 0.0, 3000.0, 0.0], [0.0, 0.0, 0.0, 0.0]], ""R"": [[500.0, 0.0], [0.0, 500.0]], ""P"": [[1000.0, 0.0, 0.0, 0.0], [0.0, 100000.0, 0.0, 0.0], [0.0, 0.0, 1000.0, 0.0], [0.0, 0.0, 0.0, 100000.0]]}","[-0.000540472745761995, 0.032684860241289054, 0.0]",False
3,P13,97e72a24-ca34-4b21-9460-041fe7448ae7,9,1,haply,mpc,seeded_random,3675826489,persist_session,10.0,24.269780244827274,903.052655889,0,1785998351.5730746,360,True,normal,fixed,0.0,-0.15,0.0,0.096,-0.022,0.0,0.0961470099,-0.02280292,0.0,0.0035758603,-0.1933778,0.19722049,0.0055834246,-0.0017366599,0.004524379,"[1.2004589937458778, 1.4985478491894129, 0.0, 0.0, 0.0, 0.0, 1.950178228585003, 0.38291379966509964]","[0.03642255082973375, 0.0016848389568932091, 0.0]","{""Controller Type"": ""MPC Controller"", ""weight_comfort"": 500.0, ""weight_trajectory"": 3000.0, ""weight_goal"": 1000.0, ""Q"": [[3000.0, 0.0, 0.0, 0.0], [0.0, 0.0, 0.0, 0.0], [0.0, 0.0, 3000.0, 0.0], [0.0, 0.0, 0.0, 0.0]], ""R"": [[500.0, 0.0], [0.0, 500.0]], ""P"": [[1000.0, 0.0, 0.0, 0.0], [0.0, 100000.0, 0.0, 0.0], [0.0, 0.0, 1000.0, 0.0], [0.0, 0.0, 0.0, 100000.0]]}","[-0.23512152292674202, 0.036030275433624165, 0.0]",False
3,P13,97e72a24-ca34-4b21-9460-041fe7448ae7,9,1,haply,mpc,seeded_random,3675826489,persist_session,10.0,24.27971419334412,903.062593376,0,1785998351.5833488,361,True,normal,fixed,0.0,-0.15,0.0,0.096,-0.022,0.0,0.0961470099,-0.02280292,0.0,0.0035775078,-0.19337215,0.19732383,0.0050384835,-0.0018328261,0.003953694,"[1.1997488847798372, 1.4994661462578898, 0.0, 0.0, 0.0, 0.0, 1.9451957577241679, 0.3887331840432053]","[-0.002429143248126, 0.0058347688862949295, 0.0]","{""Controller Type"": ""MPC Controller"", ""weight_comfort"": 500.0, ""weight_trajectory"": 3000.0, ""weight_goal"": 1000.0, ""Q"": [[3000.0, 0.0, 0.0, 0.0], [0.0, 0.0, 0.0, 0.0], [0.0, 0.0, 3000.0, 0.0], [0.0, 0.0, 0.0, 0.0]], ""R"": [[500.0, 0.0], [0.0, 500.0]], ""P"": [[1000.0, 0.0, 0.0, 0.0], [0.0, 100000.0, 0.0, 0.0], [0.0, 0.0, 1000.0, 0.0], [0.0, 0.0, 0.0, 100000.0]]}","[0.004808338389642397, -0.07146475872676235, 0.0]",False
3,P13,97e72a24-ca34-4b21-9460-041fe7448ae7,9,1,haply,mpc,seeded_random,3675826489,persist_session,10.0,24.2898302936554,903.072702704,0,1785998351.5930777,362,True,normal,fixed,0.0,-0.15,0.0,0.096,-0.022,0.0,0.0961519523999999,-0.0225962399999999,0.0,0.003659327,-0.19337188,0.19732258,0.00451416,-0.0016483543,0.0037478392,"[1.199733633549069, 1.4994715261572074, 0.0, 0.0, 0.0, 0.0, 1.9441544250689446, 0.38915470709280486]","[-0.00017637272149467891, 0.0015610004709763678, 0.0]","{""Controller Type"": ""MPC Controller"", ""weight_comfort"": 500.0, ""weight_trajectory"": 3000.0, ""weight_goal"": 1000.0, ""Q"": [[3000.0, 0.0, 0.0, 0.0], [0.0, 0.0, 0.0, 0.0], [0.0, 0.0, 3000.0, 0.0], [0.0, 0.0, 0.0, 0.0]], ""R"": [[500.0, 0.0], [0.0, 500.0]], ""P"": [[1000.0, 0.0, 0.0, 0.0], [0.0, 100000.0, 0.0, 0.0], [0.0, 0.0, 1000.0, 0.0], [0.0, 0.0, 0.0, 100000.0]]}","[-0.009029753182043247, 0.029779577897028855, 0.0]",False
3,P13,97e72a24-ca34-4b21-9460-041fe7448ae7,9,1,haply,mpc,seeded_random,3675826489,persist_session,10.0,24.299626674652103,903.082512172,0,1785998351.6035993,363,True,normal,fixed,0.0,-0.15,0.0,0.096,-0.022,0.0,0.0963974099999999,-0.02259874,0.0,0.0036543834,-0.193418,0.19737713,0.004054597,-0.0014684291,0.0035447795,"[1.199721504026081, 1.4994802653950918, 0.0, 0.0, 0.0, 0.0, 1.9230755465109228, 0.41185351570681455]","[0.0005794684672200607, 0.009895991154931118, 0.0]","{""Controller Type"": ""MPC Controller"", ""weight_comfort"": 500.0, ""weight_trajectory"": 3000.0, ""weight_goal"": 1000.0, ""Q"": [[3000.0, 0.0, 0.0, 0.0], [0.0, 0.0, 0.0, 0.0], [0.0, 0.0, 3000.0, 0.0], [0.0, 0.0, 0.0, 0.0]], ""R"": [[500.0, 0.0], [0.0, 500.0]], ""P"": [[1000.0, 0.0, 0.0, 0.0], [0.0, 100000.0, 0.0, 0.0], [0.0, 0.0, 1000.0, 0.0], [0.0, 0.0, 0.0, 100000.0]]}","[-0.013042695791840413, -0.1733814204149583, 0.0]",False
3,P13,97e72a24-ca34-4b21-9460-041fe7448ae7,9,1,haply,mpc,seeded_random,3675826489,persist_session,10.0,24.309763994216922,903.092641626,0,1785998351.6132393,364,True,normal,fixed,0.0,-0.15,0.0,0.096,-0.022,0.0,0.0963825792,-0.0224896399999999,0.0,0.0036543834,-0.193418,0.19737713,0.0037073933,-0.0014293026,0.0035062162,"[1.1866497428354241, 1.5125651442046446, 0.0, 0.0, 0.0, 0.0, 1.92135398059758, 0.41269932661002035]","[0.03481476110887628, 0.0010523319303042463, 0.0]","{""Controller Type"": ""MPC Controller"", ""weight_comfort"": 500.0, ""weight_trajectory"": 3000.0, ""weight_goal"": 1000.0, ""Q"": [[3000.0, 0.0, 0.0, 0.0], [0.0, 0.0, 0.0, 0.0], [0.0, 0.0, 3000.0, 0.0], [0.0, 0.0, 0.0, 0.0]], ""R"": [[500.0, 0.0], [0.0, 500.0]], ""P"": [[1000.0, 0.0, 0.0, 0.0], [0.0, 100000.0, 0.0, 0.0], [0.0, 0.0, 1000.0, 0.0], [0.0, 0.0, 0.0, 100000.0]]}","[-0.2327620167011185, 0.0255896459560805, 0.0]",False
3,P13,97e72a24-ca34-4b21-9460-041fe7448ae7,9,1,haply,mpc,seeded_random,3675826489,persist_session,10.0,24.319608774185184,903.102493984,0,1785998351.622953,365,True,normal,fixed,0.0,-0.15,0.0,0.096,-0.022,0.0,0.0963825792,-0.0224896399999999,0.0,0.0036543834,-0.193418,0.19737713,0.0034724344,-0.0013016427,0.0033606093,"[1.1863566105548027, 1.5133438925230194, 0.0, 0.0, 0.0, 0.0, 1.915429018639659, 0.41924705718663496]","[-0.002782106781079689, 0.005682679418330322, 0.0]","{""Controller Type"": ""MPC Controller"", ""weight_comfort"": 500.0, ""weight_trajectory"": 3000.0, ""weight_goal"": 1000.0, ""Q"": [[3000.0, 0.0, 0.0, 0.0], [0.0, 0.0, 0.0, 0.0], [0.0, 0.0, 3000.0, 0.0], [0.0, 0.0, 0.0, 0.0]], ""R"": [[500.0, 0.0], [0.0, 500.0]], ""P"": [[1000.0, 0.0, 0.0, 0.0], [0.0, 100000.0, 0.0, 0.0], [0.0, 0.0, 1000.0, 0.0], [0.0, 0.0, 0.0, 100000.0]]}","[-0.0026874612829571533, -0.08486656006296961, 0.0]",False
3,P13,97e72a24-ca34-4b21-9460-041fe7448ae7,9,1,haply,mpc,seeded_random,3675826489,persist_session,10.0,24.32968553543091,903.112564887,0,1785998351.6333475,366,True,normal,fixed,0.0,-0.15,0.0,0.096,-0.022,0.0,0.0963825792,-0.0224896399999999,0.0,0.0036543834,-0.193418,0.19737713,0.002841772,-0.0014573076,0.0030294328,"[1.1863133803802322, 1.5133591405618236, 0.0, 0.0, 0.0, 0.0, 1.9147352034068226, 0.4195278618995068]","[-0.00045385882401517745, 0.0009375309449960759, 0.0]","{""Controller Type"": ""MPC Controller"", ""weight_comfort"": 500.0, ""weight_trajectory"": 3000.0, ""weight_goal"": 1000.0, ""Q"": [[3000.0, 0.0, 0.0, 0.0], [0.0, 0.0, 0.0, 0.0], [0.0, 0.0, 3000.0, 0.0], [0.0, 0.0, 0.0, 0.0]], ""R"": [[500.0, 0.0], [0.0, 500.0]], ""P"": [[1000.0, 0.0, 0.0, 0.0], [0.0, 100000.0, 0.0, 0.0], [0.0, 0.0, 1000.0, 0.0], [0.0, 0.0, 0.0, 100000.0]]}","[-0.01685795099114772, 0.019375991058078454, 0.0]",False
3,P13,97e72a24-ca34-4b21-9460-041fe7448ae7,9,1,haply,mpc,seeded_random,3675826489,persist_session,10.0,24.3396612071991,903.122542644,0,1785998351.643293,367,True,normal,fixed,0.0,-0.15,0.0,0.096,-0.022,0.0,0.0963825792,-0.0224896399999999,0.0,0.0036543834,-0.193418,0.19737713,0.0019797909,-0.0015717305,0.0027950401,"[1.1863132567304417, 1.5133591841752678, 0.0, 0.0, 0.0, 0.0, 1.9147346450033293, 0.4195280878996365]","[-0.00045385877670933955, 0.0009375306715793894, 0.0]","{""Controller Type"": ""MPC Controller"", ""weight_comfort"": 500.0, ""weight_trajectory"": 3000.0, ""weight_goal"": 1000.0, ""Q"": [[3000.0, 0.0, 0.0, 0.0], [0.0, 0.0, 0.0, 0.0], [0.0, 0.0, 3000.0, 0.0], [0.0, 0.0, 0.0, 0.0]], ""R"": [[500.0, 0.0], [0.0, 500.0]], ""P"": [[1000.0, 0.0, 0.0, 0.0], [0.0, 100000.0, 0.0, 0.0], [0.0, 0.0, 1000.0, 0.0], [0.0, 0.0, 0.0, 100000.0]]}","[-0.01685795099114775, 0.01937599105807846, 0.0]",False
3,P13,97e72a24-ca34-4b21-9460-041fe7448ae7,9,1,haply,mpc,seeded_random,3675826489,persist_session,10.0,24.34967335700989,903.132550146,0,1785998351.6535528,368,True,normal,fixed,0.0,-0.15,0.0,0.096,-0.022,0.0,0.0963825792,-0.0224896399999999,0.0,0.0036543834,-0.193418,0.19737713,0.0014196512,-0.0011427948,0.0020236196,"[1.1863131329569034, 1.51335922783236, 0.0, 0.0, 0.0, 0.0, 1.9147340860411997, 0.41952831412586056]","[-0.0004538587293561583, 0.0009375303978891722, 0.0]","{""Controller Type"": ""MPC Controller"", ""weight_comfort"": 500.0, ""weight_trajectory"": 3000.0, ""weight_goal"": 1000.0, ""Q"": [[3000.0, 0.0, 0.0, 0.0], [0.0, 0.0, 0.0, 0.0], [0.0, 0.0, 3000.0, 0.0], [0.0, 0.0, 0.0, 0.0]], ""R"": [[500.0, 0.0], [0.0, 500.0]], ""P"": [[1000.0, 0.0, 0.0, 0.0], [0.0, 100000.0, 0.0, 0.0], [0.0, 0.0, 1000.0, 0.0], [0.0, 0.0, 0.0, 100000.0]]}","[-0.01685795099114779, 0.019375991058078478, 0.0]",False
3,P13,97e72a24-ca34-4b21-9460-041fe7448ae7,9,1,haply,mpc,seeded_random,3675826489,persist_session,10.0,24.35962780952454,903.142507187,0,1785998351.663159,369,True,normal,fixed,0.0,-0.15,0.0,0.096,-0.022,0.0,0.0963825792,-0.0224896399999999,0.0,0.0036543834,-0.193418,0.19737713,0.001020035,-0.00082111073,0.0014539928,"[1.1863130090594936, 1.5133592715331439, 0.0, 0.0, 0.0, 0.0, 1.9147335265198753, 0.419528540578405]","[-0.0004538586819555863, 0.000937530123925151, 0.0]","{""Controller Type"": ""MPC Controller"", ""weight_comfort"": 500.0, ""weight_trajectory"": 3000.0, ""weight_goal"": 1000.0, ""Q"": [[3000.0, 0.0, 0.0, 0.0], [0.0, 0.0, 0.0, 0.0], [0.0, 0.0, 3000.0, 0.0], [0.0, 0.0, 0.0, 0.0]], ""R"": [[500.0, 0.0], [0.0, 500.0]], ""P"": [[1000.0, 0.0, 0.0, 0.0], [0.0, 100000.0, 0.0, 0.0], [0.0, 0.0, 1000.0, 0.0], [0.0, 0.0, 0.0, 100000.0]]}","[-0.016857950991147647, 0.01937599105807845, 0.0]",False
3,P13,97e72a24-ca34-4b21-9460-041fe7448ae7,9,1,haply,mpc,seeded_random,3675826489,persist_session,10.0,24.36969861030579,903.152570547,0,1785998351.673427,370,True,normal,fixed,0.0,-0.15,0.0,0.096,-0.022,0.0,0.0963825792,-0.0224896399999999,0.0,0.0037312866,-0.19346368,0.19743033,0.00070642395,-0.0007802558,0.0012674301,"[1.1863128850380882, 1.513359315277663, 0.0, 0.0, 0.0, 0.0, 1.9147329664387969, 0.4195287672574961]","[-0.00045385863450757627, 0.0009375298496870517, 0.0]","{""Controller Type"": ""MPC Controller"", ""weight_comfort"": 500.0, ""weight_trajectory"": 3000.0, ""weight_goal"": 1000.0, ""Q"": [[3000.0, 0.0, 0.0, 0.0], [0.0, 0.0, 0.0, 0.0], [0.0, 0.0, 3000.0, 0.0], [0.0, 0.0, 0.0, 0.0]], ""R"": [[500.0, 0.0], [0.0, 500.0]], ""P"": [[1000.0, 0.0, 0.0, 0.0], [0.0, 100000.0, 0.0, 0.0], [0.0, 0.0, 1000.0, 0.0], [0.0, 0.0, 0.0, 100000.0]]}","[-0.016857950991147765, 0.01937599105807847, 0.0]",False
3,P13,97e72a24-ca34-4b21-9460-041fe7448ae7,9,1,haply,mpc,seeded_random,3675826489,persist_session,10.0,24.379638042449955,903.162518874,0,1785998351.6830504,371,True,normal,fixed,0.0,-0.15,0.0,0.096,-0.022,0.0,0.0966132888,-0.02238324,0.0,0.0037312866,-0.19346368,0.19743033,0.0008780661,-0.00091887,0.0013318891,"[1.1863127608925632, 1.5133593590659613, 0.0, 0.0, 0.0, 0.0, 1.914732405797405, 0.4195289941633604]","[-0.0004538585870120806, 0.0009375295751746005, 0.0]","{""Controller Type"": ""MPC Controller"", ""weight_comfort"": 500.0, ""weight_trajectory"": 3000.0, ""weight_goal"": 1000.0, ""Q"": [[3000.0, 0.0, 0.0, 0.0], [0.0, 0.0, 0.0, 0.0], [0.0, 0.0, 3000.0, 0.0], [0.0, 0.0, 0.0, 0.0]], ""R"": [[500.0, 0.0], [0.0, 500.0]], ""P"": [[1000.0, 0.0, 0.0, 0.0], [0.0, 100000.0, 0.0, 0.0], [0.0, 0.0, 1000.0, 0.0], [0.0, 0.0, 0.0, 100000.0]]}","[-0.016857950991147775, 0.019375991058078443, 0.0]",False
3,P13,97e72a24-ca34-4b21-9460-041fe7448ae7,9,1,haply,mpc,seeded_random,3675826489,persist_session,10.0,24.389634695053104,903.172509585,0,1785998351.6932783,372,True,normal,fixed,0.0,-0.15,0.0,0.096,-0.022,0.0,0.0966132888,-0.02238324,0.0,0.003726381,-0.19350968,0.19748482,0.0010156648,-0.0010178785,0.0013767303,"[1.1703745347538785, 1.5290801767432955, 0.0, 0.0, 0.0, 0.0, 1.9090121007215561, 0.4257574242836602]","[0.035941436549217644, 0.005439117988439274, 0.0]","{""Controller Type"": ""MPC Controller"", ""weight_comfort"": 500.0, ""weight_trajectory"": 3000.0, ""weight_goal"": 1000.0, ""Q"": [[3000.0, 0.0, 0.0, 0.0], [0.0, 0.0, 0.0, 0.0], [0.0, 0.0, 3000.0, 0.0], [0.0, 0.0, 0.0, 0.0]], ""R"": [[500.0, 0.0], [0.0, 500.0]], ""P"": [[1000.0, 0.0, 0.0, 0.0], [0.0, 100000.0, 0.0, 0.0], [0.0, 0.0, 1000.0, 0.0], [0.0, 0.0, 0.0, 100000.0]]}","[-0.2465001728664394, -0.08579767135979849, 0.0]",False
3,P13,97e72a24-ca34-4b21-9460-041fe7448ae7,9,1,haply,mpc,seeded_random,3675826489,persist_session,10.0,24.39969858169556,903.182576426,0,1785998351.70323,373,True,normal,fixed,0.0,-0.15,0.0,0.096,-0.022,0.0,0.096598572,-0.0222742599999999,0.0,0.003726381,-0.19350968,0.19748482,0.0011141277,-0.0011183867,0.0014426573,"[1.1714040436646027, 1.528717089340902, 0.0, 0.0, 0.0, 0.0, 1.9085047719882937, 0.4259627460524925]","[-0.0007184089802542121, 0.0007314153688168465, 0.0]","{""Controller Type"": ""MPC Controller"", ""weight_comfort"": 500.0, ""weight_trajectory"": 3000.0, ""weight_goal"": 1000.0, ""Q"": [[3000.0, 0.0, 0.0, 0.0], [0.0, 0.0, 0.0, 0.0], [0.0, 0.0, 3000.0, 0.0], [0.0, 0.0, 0.0, 0.0]], ""R"": [[500.0, 0.0], [0.0, 500.0]], ""P"": [[1000.0, 0.0, 0.0, 0.0], [0.0, 100000.0, 0.0, 0.0], [0.0, 0.0, 1000.0, 0.0], [0.0, 0.0, 0.0, 100000.0]]}","[-0.02567466665262851, 0.01604392456831035, 0.0]",False
3,P13,97e72a24-ca34-4b21-9460-041fe7448ae7,9,1,haply,mpc,seeded_random,3675826489,persist_session,10.0,24.40969237327576,903.192570528,0,1785998351.713388,374,True,normal,fixed,0.0,-0.15,0.0,0.096,-0.022,0.0,0.096598572,-0.0222742599999999,0.0,0.003726381,-0.19350968,0.19748482,0.0011595506,-0.0011897888,0.0014906162,"[1.1714120868092626, 1.5287512724169088, 0.0, 0.0, 0.0, 0.0, 1.9029270213386604, 0.4319393061065253]","[-0.0029619512312515136, 0.0052520693828670365, 0.0]","{""Controller Type"": ""MPC Controller"", ""weight_comfort"": 500.0, ""weight_trajectory"": 3000.0, ""weight_goal"": 1000.0, ""Q"": [[3000.0, 0.0, 0.0, 0.0], [0.0, 0.0, 0.0, 0.0], [0.0, 0.0, 3000.0, 0.0], [0.0, 0.0, 0.0, 0.0]], ""R"": [[500.0, 0.0], [0.0, 500.0]], ""P"": [[1000.0, 0.0, 0.0, 0.0], [0.0, 100000.0, 0.0, 0.0], [0.0, 0.0, 1000.0, 0.0], [0.0, 0.0, 0.0, 100000.0]]}","[-0.011437306792589988, -0.08938575291226716, 0.0]",False
3,P13,97e72a24-ca34-4b21-9460-041fe7448ae7,9,1,haply,mpc,seeded_random,3675826489,persist_session,10.0,24.419706192016605,903.202583555,0,1785998351.7230785,375,True,normal,fixed,0.0,-0.15,0.0,0.096,-0.022,0.0,0.096598572,-0.0222742599999999,0.0,0.003719817,-0.19356139,0.1974359,0.0008210769,-0.0012074527,0.0015520814,"[1.1713492354845674, 1.5287734388355279, 0.0, 0.0, 0.0, 0.0, 1.9025643117136812, 0.4320860937390952]","[-0.0007011368545824587, 0.0005217972881305779, 0.0]","{""Controller Type"": ""MPC Controller"", ""weight_comfort"": 500.0, ""weight_trajectory"": 3000.0, ""weight_goal"": 1000.0, ""Q"": [[3000.0, 0.0, 0.0, 0.0], [0.0, 0.0, 0.0, 0.0], [0.0, 0.0, 3000.0, 0.0], [0.0, 0.0, 0.0, 0.0]], ""R"": [[500.0, 0.0], [0.0, 500.0]], ""P"": [[1000.0, 0.0, 0.0, 0.0], [0.0, 100000.0, 0.0, 0.0], [0.0, 0.0, 1000.0, 0.0], [0.0, 0.0, 0.0, 100000.0]]}","[-0.025058563873485085, 0.011481595742003648, 0.0]",False
3,P13,97e72a24-ca34-4b21-9460-041fe7448ae7,9,1,haply,mpc,seeded_random,3675826489,persist_session,10.0,24.429657068252567,903.21253705,0,1785998351.732978,376,True,normal,fixed,0.0,-0.15,0.0,0.096,-0.022,0.0,0.09657888,-0.0223721,0.0,0.003719817,-0.19356139,0.1974359,0.00055230036,-0.0011849016,0.001630307,"[1.1713489339376049, 1.528773545185175, 0.0, 0.0, 0.0, 0.0, 1.902564136066263, 0.432086164823144]","[-0.0007011366740848902, 0.000521797239957517, 0.0]","{""Controller Type"": ""MPC Controller"", ""weight_comfort"": 500.0, ""weight_trajectory"": 3000.0, ""weight_goal"": 1000.0, ""Q"": [[3000.0, 0.0, 0.0, 0.0], [0.0, 0.0, 0.0, 0.0], [0.0, 0.0, 3000.0, 0.0], [0.0, 0.0, 0.0, 0.0]], ""R"": [[500.0, 0.0], [0.0, 500.0]], ""P"": [[1000.0, 0.0, 0.0, 0.0], [0.0, 100000.0, 0.0, 0.0], [0.0, 0.0, 1000.0, 0.0], [0.0, 0.0, 0.0, 100000.0]]}","[-0.02505856387348509, 0.011481595742003643, 0.0]",False
3,P13,97e72a24-ca34-4b21-9460-041fe7448ae7,9,1,haply,mpc,seeded_random,3675826489,persist_session,10.0,24.439755287170414,903.222622874,0,1785998351.7429595,377,True,normal,fixed,0.0,-0.15,0.0,0.096,-0.022,0.0,0.09657888,-0.0223721,0.0,0.0037132537,-0.19361314,0.19738698,0.00039498231,-0.0008854537,0.0011954273,"[1.171331532140273, 1.5288473177733481, 0.0, 0.0, 0.0, 0.0, 1.8972208601833622, 0.4373065197444206]","[-0.0037192678267461902, -0.003616140986774302, 0.0]","{""Controller Type"": ""MPC Controller"", ""weight_comfort"": 500.0, ""weight_trajectory"": 3000.0, ""weight_goal"": 1000.0, ""Q"": [[3000.0, 0.0, 0.0, 0.0], [0.0, 0.0, 0.0, 0.0], [0.0, 0.0, 3000.0, 0.0], [0.0, 0.0, 0.0, 0.0]], ""R"": [[500.0, 0.0], [0.0, 500.0]], ""P"": [[1000.0, 0.0, 0.0, 0.0], [0.0, 100000.0, 0.0, 0.0], [0.0, 0.0, 1000.0, 0.0], [0.0, 0.0, 0.0, 100000.0]]}","[-0.005911952370674515, 0.10661182474236575, 0.0]",False
3,P13,97e72a24-ca34-4b21-9460-041fe7448ae7,9,1,haply,mpc,seeded_random,3675826489,persist_session,10.0,24.449880924224857,903.232733153,0,1785998351.7529137,378,True,normal,fixed,0.0,-0.15,0.0,0.096,-0.022,0.0,0.0965591901,-0.02246994,0.0,0.0037066885,-0.19366485,0.19733806,0.00027054647,-0.00072667625,0.0007661974,"[1.171248193054667, 1.5288767098163556, 0.0, 0.0, 0.0, 0.0, 1.8976736463327268, 0.4371232844639496]","[-0.0006780121539954902, 0.0007061243638004212, 0.0]","{""Controller Type"": ""MPC Controller"", ""weight_comfort"": 500.0, ""weight_trajectory"": 3000.0, ""weight_goal"": 1000.0, ""Q"": [[3000.0, 0.0, 0.0, 0.0], [0.0, 0.0, 0.0, 0.0], [0.0, 0.0, 3000.0, 0.0], [0.0, 0.0, 0.0, 0.0]], ""R"": [[500.0, 0.0], [0.0, 500.0]], ""P"": [[1000.0, 0.0, 0.0, 0.0], [0.0, 100000.0, 0.0, 0.0], [0.0, 0.0, 1000.0, 0.0], [0.0, 0.0, 0.0, 100000.0]]}","[-0.02423417977321368, 0.015577560619648809, 0.0]",False
3,P13,97e72a24-ca34-4b21-9460-041fe7448ae7,9,1,haply,mpc,seeded_random,3675826489,persist_session,10.0,24.45978363990784,903.242647918,0,1785998351.7630124,379,True,normal,fixed,0.0,-0.15,0.0,0.096,-0.022,0.0,0.0965394944999999,-0.0225677799999999,0.0,0.0037001334,-0.19371654,0.19728906,0.00017331672,-0.00068594277,0.00039420562,"[1.1712287360776834, 1.5289502141465823, 0.0, 0.0, 0.0, 0.0, 1.892286320419969, 0.442317429217702]","[-0.0036792743867976835, -0.0034582782958549755, 0.0]","{""Controller Type"": ""MPC Controller"", ""weight_comfort"": 500.0, ""weight_trajectory"": 3000.0, ""weight_goal"": 1000.0, ""Q"": [[3000.0, 0.0, 0.0, 0.0], [0.0, 0.0, 0.0, 0.0], [0.0, 0.0, 3000.0, 0.0], [0.0, 0.0, 0.0, 0.0]], ""R"": [[500.0, 0.0], [0.0, 500.0]], ""P"": [[1000.0, 0.0, 0.0, 0.0], [0.0, 100000.0, 0.0, 0.0], [0.0, 0.0, 1000.0, 0.0], [0.0, 0.0, 0.0, 100000.0]]}","[-0.005400664141366449, 0.10992612165007469, 0.0]",False
3,P13,97e72a24-ca34-4b21-9460-041fe7448ae7,9,1,haply,mpc,seeded_random,3675826489,persist_session,10.0,24.469623174667362,903.252503299,0,1785998351.773275,380,True,normal,fixed,0.0,-0.15,0.0,0.096,-0.022,0.0,0.0965198291999999,-0.02266578,0.0,0.0037001334,-0.19371654,0.19728906,5.5079854e-05,-0.0010417076,-0.00023624288,"[1.1712294167048596, 1.5289478291832845, 0.0, 0.0, 0.0, 0.0, 1.89238108929071, 0.44222729380144205]","[-0.0036137959893561373, -0.003210009847184863, 0.0]","{""Controller Type"": ""MPC Controller"", ""weight_comfort"": 500.0, ""weight_trajectory"": 3000.0, ""weight_goal"": 1000.0, ""Q"": [[3000.0, 0.0, 0.0, 0.0], [0.0, 0.0, 0.0, 0.0], [0.0, 0.0, 3000.0, 0.0], [0.0, 0.0, 0.0, 0.0]], ""R"": [[500.0, 0.0], [0.0, 500.0]], ""P"": [[1000.0, 0.0, 0.0, 0.0], [0.0, 100000.0, 0.0, 0.0], [0.0, 0.0, 1000.0, 0.0], [0.0, 0.0, 0.0, 100000.0]]}","[-0.005299009031786696, 0.11210361762534805, 0.0]",False
3,P13,97e72a24-ca34-4b21-9460-041fe7448ae7,9,1,haply,mpc,seeded_random,3675826489,persist_session,10.0,24.479635324478153,903.262519361,0,1785998351.783003,381,True,normal,fixed,0.0,-0.15,0.0,0.096,-0.022,0.0,0.0965198291999999,-0.02266578,0.0,0.0036935683,-0.19376831,0.19724001,-8.020656e-05,-0.0016933894,-0.0010652741,"[1.1712301889739907, 1.5289452830104895, 0.0, 0.0, 0.0, 0.0, 1.8924732247166238, 0.4421408426690959]","[-0.0035387200425427037, -0.002962280513185197, 0.0]","{""Controller Type"": ""MPC Controller"", ""weight_comfort"": 500.0, ""weight_trajectory"": 3000.0, ""weight_goal"": 1000.0, ""Q"": [[3000.0, 0.0, 0.0, 0.0], [0.0, 0.0, 0.0, 0.0], [0.0, 0.0, 3000.0, 0.0], [0.0, 0.0, 0.0, 0.0]], ""R"": [[500.0, 0.0], [0.0, 500.0]], ""P"": [[1000.0, 0.0, 0.0, 0.0], [0.0, 100000.0, 0.0, 0.0], [0.0, 0.0, 1000.0, 0.0], [0.0, 0.0, 0.0, 100000.0]]}","[-0.005257223254878228, 0.11430367987633036, 0.0]",False
3,P13,97e72a24-ca34-4b21-9460-041fe7448ae7,9,1,haply,mpc,seeded_random,3675826489,persist_session,10.0,24.489678230285648,903.272559107,0,1785998351.7931094,382,True,normal,fixed,0.0,-0.15,0.0,0.096,-0.022,0.0,0.0965001338999999,-0.02276388,0.0,0.0036935683,-0.19376831,0.19724001,-0.0001738458,-0.0021360074,-0.0016358068,"[1.1711559454283158, 1.5289714672258463, 0.0, 0.0, 0.0, 0.0, 1.8932790766385075, 0.4418147601366201]","[-0.0006088010581872313, 0.0012605073436444338, 0.0]","{""Controller Type"": ""MPC Controller"", ""weight_comfort"": 500.0, ""weight_trajectory"": 3000.0, ""weight_goal"": 1000.0, ""Q"": [[3000.0, 0.0, 0.0, 0.0], [0.0, 0.0, 0.0, 0.0], [0.0, 0.0, 3000.0, 0.0], [0.0, 0.0, 0.0, 0.0]], ""R"": [[500.0, 0.0], [0.0, 500.0]], ""P"": [[1000.0, 0.0, 0.0, 0.0], [0.0, 100000.0, 0.0, 0.0], [0.0, 0.0, 1000.0, 0.0], [0.0, 0.0, 0.0, 100000.0]]}","[-0.022907612588516178, 0.026344779950580224, 0.0]",False
3,P13,97e72a24-ca34-4b21-9460-041fe7448ae7,9,1,haply,mpc,seeded_random,3675826489,persist_session,10.0,24.49972447395325,903.282602401,0,1785998351.803228,383,True,normal,fixed,0.0,-0.15,0.0,0.096,-0.022,0.0,0.0965001338999999,-0.02276388,0.0,0.0036935683,-0.19376831,0.19724001,-0.00024194464,-0.0024568276,-0.0020502545,"[1.1711303130427178, 1.5290444773656617, 0.0, 0.0, 0.0, 0.0, 1.8877267604483055, 0.4469694950992191]","[-0.003565538001867236, -0.0028966433735027877, 0.0]","{""Controller Type"": ""MPC Controller"", ""weight_comfort"": 500.0, ""weight_trajectory"": 3000.0, ""weight_goal"": 1000.0, ""Q"": [[3000.0, 0.0, 0.0, 0.0], [0.0, 0.0, 0.0, 0.0], [0.0, 0.0, 3000.0, 0.0], [0.0, 0.0, 0.0, 0.0]], ""R"": [[500.0, 0.0], [0.0, 500.0]], ""P"": [[1000.0, 0.0, 0.0, 0.0], [0.0, 100000.0, 0.0, 0.0], [0.0, 0.0, 1000.0, 0.0], [0.0, 0.0, 0.0, 100000.0]]}","[-0.004601533027772385, 0.1192340870988814, 0.0]",False
3,P13,97e72a24-ca34-4b21-9460-041fe7448ae7,9,1,haply,mpc,seeded_random,3675826489,persist_session,10.0,24.509675111770633,903.292557989,0,1785998351.8129065,384,True,normal,fixed,0.0,-0.15,0.0,0.096,-0.022,0.0,0.0965001338999999,-0.02276388,0.0,0.0036935683,-0.19376831,0.19724001,-0.0002905809,-0.0026859583,-0.0023462537,"[1.1710603336031227, 1.5290691577115634, 0.0, 0.0, 0.0, 0.0, 1.8886319315832767, 0.44660323661511775]","[-0.0005856869717802203, 0.0014426881598978624, 0.0]","{""Controller Type"": ""MPC Controller"", ""weight_comfort"": 500.0, ""weight_trajectory"": 3000.0, ""weight_goal"": 1000.0, ""Q"": [[3000.0, 0.0, 0.0, 0.0], [0.0, 0.0, 0.0, 0.0], [0.0, 0.0, 3000.0, 0.0], [0.0, 0.0, 0.0, 0.0]], ""R"": [[500.0, 0.0], [0.0, 500.0]], ""P"": [[1000.0, 0.0, 0.0, 0.0], [0.0, 100000.0, 0.0, 0.0], [0.0, 0.0, 1000.0, 0.0], [0.0, 0.0, 0.0, 100000.0]]}","[-0.02255158356446687, 0.02982697180845588, 0.0]",False
3,P13,97e72a24-ca34-4b21-9460-041fe7448ae7,9,1,haply,mpc,seeded_random,3675826489,persist_session,10.0,24.51974925041199,903.302624175,0,1785998351.8230982,385,True,normal,fixed,0.0,-0.15,0.0,0.096,-0.022,0.0,0.0965001338999999,-0.02276388,0.0,0.0036935683,-0.19376831,0.19724001,-0.0003267325,-0.0028562723,-0.0025662717,"[1.1710601212308358, 1.529069232611013, 0.0, 0.0, 0.0, 0.0, 1.8886305669046333, 0.44660378880366186]","[-0.0005856868655656402, 0.0014426871174471403, 0.0]","{""Controller Type"": ""MPC Controller"", ""weight_comfort"": 500.0, ""weight_trajectory"": 3000.0, ""weight_goal"": 1000.0, ""Q"": [[3000.0, 0.0, 0.0, 0.0], [0.0, 0.0, 0.0, 0.0], [0.0, 0.0, 3000.0, 0.0], [0.0, 0.0, 0.0, 0.0]], ""R"": [[500.0, 0.0], [0.0, 500.0]], ""P"": [[1000.0, 0.0, 0.0, 0.0], [0.0, 100000.0, 0.0, 0.0], [0.0, 0.0, 1000.0, 0.0], [0.0, 0.0, 0.0, 100000.0]]}","[-0.02255158356446692, 0.02982697180845586, 0.0]",False
3,P13,97e72a24-ca34-4b21-9460-041fe7448ae7,9,1,haply,mpc,seeded_random,3675826489,persist_session,10.0,24.52978261947632,903.312665615,0,1785998351.8330078,386,True,normal,fixed,0.0,-0.15,0.0,0.096,-0.022,0.0,0.0965001338999999,-0.02276388,0.0,0.0036935683,-0.19376831,0.19724001,-0.00024819284,-0.0021591086,-0.0019447537,"[1.1710599086460411, 1.5290693075854096, 0.0, 0.0, 0.0, 0.0, 1.8886292008619203, 0.4466043415441481]","[-0.0005856867592447778, 0.0014426860739544327, 0.0]","{""Controller Type"": ""MPC Controller"", ""weight_comfort"": 500.0, ""weight_trajectory"": 3000.0, ""weight_goal"": 1000.0, ""Q"": [[3000.0, 0.0, 0.0, 0.0], [0.0, 0.0, 0.0, 0.0], [0.0, 0.0, 3000.0, 0.0], [0.0, 0.0, 0.0, 0.0]], ""R"": [[500.0, 0.0], [0.0, 500.0]], ""P"": [[1000.0, 0.0, 0.0, 0.0], [0.0, 100000.0, 0.0, 0.0], [0.0, 0.0, 1000.0, 0.0], [0.0, 0.0, 0.0, 100000.0]]}","[-0.02255158356446691, 0.02982697180845586, 0.0]",False
3,P13,97e72a24-ca34-4b21-9460-041fe7448ae7,9,1,haply,mpc,seeded_random,3675826489,persist_session,10.0,24.53977927207947,903.322653863,0,1785998351.8430998,387,True,normal,fixed,0.0,-0.15,0.0,0.096,-0.022,0.0,0.0965001338999999,-0.02276388,0.0,0.0036935683,-0.19376831,0.19724001,-0.00017864363,-0.0015540778,-0.0013997904,"[1.1710596958485262, 1.5290693826348285, 0.0, 0.0, 0.0, 0.0, 1.8886278334537763, 0.4466048948371273]","[-0.0005856866528175267, 0.0014426850294186997, 0.0]","{""Controller Type"": ""MPC Controller"", ""weight_comfort"": 500.0, ""weight_trajectory"": 3000.0, ""weight_goal"": 1000.0, ""Q"": [[3000.0, 0.0, 0.0, 0.0], [0.0, 0.0, 0.0, 0.0], [0.0, 0.0, 3000.0, 0.0], [0.0, 0.0, 0.0, 0.0]], ""R"": [[500.0, 0.0], [0.0, 500.0]], ""P"": [[1000.0, 0.0, 0.0, 0.0], [0.0, 100000.0, 0.0, 0.0], [0.0, 0.0, 1000.0, 0.0], [0.0, 0.0, 0.0, 100000.0]]}","[-0.02255158356446695, 0.02982697180845585, 0.0]",False
3,P13,97e72a24-ca34-4b21-9460-041fe7448ae7,9,1,haply,mpc,seeded_random,3675826489,persist_session,10.0,24.549660768508915,903.332543225,0,1785998351.853049,388,True,normal,fixed,0.0,-0.15,0.0,0.096,-0.022,0.0,0.0965001338999999,-0.02276388,0.0,0.0036935683,-0.19376831,0.19724001,-0.00012848793,-0.0011177573,-0.0010067874,"[1.171059482838078, 1.5290694577593447, 0.0, 0.0, 0.0, 0.0, 1.8886264646788384, 0.44660544868315094]","[-0.0005856865462837806, 0.0014426839838389, 0.0]","{""Controller Type"": ""MPC Controller"", ""weight_comfort"": 500.0, ""weight_trajectory"": 3000.0, ""weight_goal"": 1000.0, ""Q"": [[3000.0, 0.0, 0.0, 0.0], [0.0, 0.0, 0.0, 0.0], [0.0, 0.0, 3000.0, 0.0], [0.0, 0.0, 0.0, 0.0]], ""R"": [[500.0, 0.0], [0.0, 500.0]], ""P"": [[1000.0, 0.0, 0.0, 0.0], [0.0, 100000.0, 0.0, 0.0], [0.0, 0.0, 1000.0, 0.0], [0.0, 0.0, 0.0, 100000.0]]}","[-0.022551583564466883, 0.029826971808455855, 0.0]",False
3,P13,97e72a24-ca34-4b21-9460-041fe7448ae7,9,1,haply,mpc,seeded_random,3675826489,persist_session,10.0,24.559768285751346,903.342641814,0,1785998351.863021,389,True,normal,fixed,0.0,-0.15,0.0,0.096,-0.022,0.0,0.0965001338999999,-0.02276388,0.0,0.0036870237,-0.19381984,0.19719104,-9.236297e-05,-0.000803495,-0.00072372454,"[1.171059269614484, 1.5290695329590331, 0.0, 0.0, 0.0, 0.0, 1.8886250945357426, 0.446606003082771]","[-0.0005856864396434329, 0.001442682937213992, 0.0]","{""Controller Type"": ""MPC Controller"", ""weight_comfort"": 500.0, ""weight_trajectory"": 3000.0, ""weight_goal"": 1000.0, ""Q"": [[3000.0, 0.0, 0.0, 0.0], [0.0, 0.0, 0.0, 0.0], [0.0, 0.0, 3000.0, 0.0], [0.0, 0.0, 0.0, 0.0]], ""R"": [[500.0, 0.0], [0.0, 500.0]], ""P"": [[1000.0, 0.0, 0.0, 0.0], [0.0, 100000.0, 0.0, 0.0], [0.0, 0.0, 1000.0, 0.0], [0.0, 0.0, 0.0, 100000.0]]}","[-0.022551583564466876, 0.02982697180845586, 0.0]",False
3,P13,97e72a24-ca34-4b21-9460-041fe7448ae7,9,1,haply,mpc,seeded_random,3675826489,persist_session,10.0,24.569613780975345,903.352498368,0,1785998351.872972,390,True,normal,fixed,0.0,-0.15,0.0,0.096,-0.022,0.0,0.0964805001,-0.0228618199999999,0.0,0.0036870237,-0.19381984,0.19719104,-9.840056e-05,-0.0008294475,-0.00075957854,"[1.1710590561775305, 1.5290696082339692, 0.0, 0.0, 0.0, 0.0, 1.888623723023123, 0.44660655803654004]","[-0.0005856863328963769, 0.0014426818895429323, 0.0]","{""Controller Type"": ""MPC Controller"", ""weight_comfort"": 500.0, ""weight_trajectory"": 3000.0, ""weight_goal"": 1000.0, ""Q"": [[3000.0, 0.0, 0.0, 0.0], [0.0, 0.0, 0.0, 0.0], [0.0, 0.0, 3000.0, 0.0], [0.0, 0.0, 0.0, 0.0]], ""R"": [[500.0, 0.0], [0.0, 500.0]], ""P"": [[1000.0, 0.0, 0.0, 0.0], [0.0, 100000.0, 0.0, 0.0], [0.0, 0.0, 1000.0, 0.0], [0.0, 0.0, 0.0, 100000.0]]}","[-0.022551583564466876, 0.02982697180845585, 0.0]",False
3,P13,97e72a24-ca34-4b21-9460-041fe7448ae7,9,1,haply,mpc,seeded_random,3675826489,persist_session,10.0,24.579764928817752,903.362638122,0,1785998351.883054,391,True,normal,fixed,0.0,-0.15,0.0,0.096,-0.022,0.0,0.0964805001,-0.0228618199999999,0.0,0.0036870237,-0.19381984,0.19719104,-0.000108069085,-0.00089059316,-0.00082543807,"[1.1710284761129954, 1.5291475506072296, 0.0, 0.0, 0.0, 0.0, 1.8826720903242498, 0.4520758598208877]","[-0.003579725954582648, -0.0028268574674655293, 0.0]","{""Controller Type"": ""MPC Controller"", ""weight_comfort"": 500.0, ""weight_trajectory"": 3000.0, ""weight_goal"": 1000.0, ""Q"": [[3000.0, 0.0, 0.0, 0.0], [0.0, 0.0, 0.0, 0.0], [0.0, 0.0, 3000.0, 0.0], [0.0, 0.0, 0.0, 0.0]], ""R"": [[500.0, 0.0], [0.0, 500.0]], ""P"": [[1000.0, 0.0, 0.0, 0.0], [0.0, 100000.0, 0.0, 0.0], [0.0, 0.0, 1000.0, 0.0], [0.0, 0.0, 0.0, 100000.0]]}","[-0.00402417536467474, 0.12395713441374093, 0.0]",False
3,P13,97e72a24-ca34-4b21-9460-041fe7448ae7,9,1,haply,mpc,seeded_random,3675826489,persist_session,10.0,24.589686479568485,903.372567532,0,1785998351.892897,392,True,normal,fixed,0.0,-0.15,0.0,0.096,-0.022,0.0,0.0964805001,-0.0228618199999999,0.0,0.0036804567,-0.19387157,0.19714189,-0.000117265045,-0.0009519908,-0.00088957074,"[1.170959624654667, 1.5291718331316297, 0.0, 0.0, 0.0, 0.0, 1.8837194485225488, 0.45165208407609037]","[-0.0005626462167425335, 0.0016234270951256623, 0.0]","{""Controller Type"": ""MPC Controller"", ""weight_comfort"": 500.0, ""weight_trajectory"": 3000.0, ""weight_goal"": 1000.0, ""Q"": [[3000.0, 0.0, 0.0, 0.0], [0.0, 0.0, 0.0, 0.0], [0.0, 0.0, 3000.0, 0.0], [0.0, 0.0, 0.0, 0.0]], ""R"": [[500.0, 0.0], [0.0, 500.0]], ""P"": [[1000.0, 0.0, 0.0, 0.0], [0.0, 100000.0, 0.0, 0.0], [0.0, 0.0, 1000.0, 0.0], [0.0, 0.0, 0.0, 100000.0]]}","[-0.02219727361218695, 0.03330360618571939, 0.0]",False
3,P13,97e72a24-ca34-4b21-9460-041fe7448ae7,9,1,haply,mpc,seeded_random,3675826489,persist_session,10.0,24.59977945327759,903.382652357,0,1785998351.90313,393,True,normal,fixed,0.0,-0.15,0.0,0.096,-0.022,0.0,0.0964607991,-0.02296012,0.0,0.0036804567,-0.19387157,0.19714189,-0.00012785141,-0.0010274192,-0.00096558646,"[1.1709594270712869, 1.5291719028153135, 0.0, 0.0, 0.0, 0.0, 1.883717702124785, 0.45165279069299974]","[-0.0005626461218036997, 0.0016234255900451416, 0.0]","{""Controller Type"": ""MPC Controller"", ""weight_comfort"": 500.0, ""weight_trajectory"": 3000.0, ""weight_goal"": 1000.0, ""Q"": [[3000.0, 0.0, 0.0, 0.0], [0.0, 0.0, 0.0, 0.0], [0.0, 0.0, 3000.0, 0.0], [0.0, 0.0, 0.0, 0.0]], ""R"": [[500.0, 0.0], [0.0, 500.0]], ""P"": [[1000.0, 0.0, 0.0, 0.0], [0.0, 100000.0, 0.0, 0.0], [0.0, 0.0, 1000.0, 0.0], [0.0, 0.0, 0.0, 100000.0]]}","[-0.022197273612186978, 0.033303606185719384, 0.0]",False
3,P13,97e72a24-ca34-4b21-9460-041fe7448ae7,9,1,haply,mpc,seeded_random,3675826489,persist_session,10.0,24.609747972488407,903.392625,0,1785998351.912891,394,True,normal,fixed,0.0,-0.15,0.0,0.096,-0.022,0.0,0.0964607991,-0.02296012,0.0,0.0036804567,-0.19387157,0.19714189,-0.00013523556,-0.0010800315,-0.0010186085,"[1.1709299571880687, 1.529244628846596, 0.0, 0.0, 0.0, 0.0, 1.878048841640411, 0.45679065741885266]","[-0.0034836135224553333, -0.0025846867578335443, 0.0]","{""Controller Type"": ""MPC Controller"", ""weight_comfort"": 500.0, ""weight_trajectory"": 3000.0, ""weight_goal"": 1000.0, ""Q"": [[3000.0, 0.0, 0.0, 0.0], [0.0, 0.0, 0.0, 0.0], [0.0, 0.0, 3000.0, 0.0], [0.0, 0.0, 0.0, 0.0]], ""R"": [[500.0, 0.0], [0.0, 500.0]], ""P"": [[1000.0, 0.0, 0.0, 0.0], [0.0, 100000.0, 0.0, 0.0], [0.0, 0.0, 1000.0, 0.0], [0.0, 0.0, 0.0, 100000.0]]}","[-0.004109574379308997, 0.1252699232957159, 0.0]",False
3,P13,97e72a24-ca34-4b21-9460-041fe7448ae7,9,1,haply,mpc,seeded_random,3675826489,persist_session,10.0,24.619764175415042,903.402636005,0,1785998351.9230945,395,True,normal,fixed,0.0,-0.15,0.0,0.096,-0.022,0.0,0.0964607991,-0.02296012,0.0,0.0036804567,-0.19387157,0.19714189,-0.0001407419,-0.0011192643,-0.0010581467,"[1.170863219856083, 1.5292681657562457, 0.0, 0.0, 0.0, 0.0, 1.879228412864711, 0.45631340380855795]","[-0.0005395327179327762, 0.0018042847837597218, 0.0]","{""Controller Type"": ""MPC Controller"", ""weight_comfort"": 500.0, ""weight_trajectory"": 3000.0, ""weight_goal"": 1000.0, ""Q"": [[3000.0, 0.0, 0.0, 0.0], [0.0, 0.0, 0.0, 0.0], [0.0, 0.0, 3000.0, 0.0], [0.0, 0.0, 0.0, 0.0]], ""R"": [[500.0, 0.0], [0.0, 500.0]], ""P"": [[1000.0, 0.0, 0.0, 0.0], [0.0, 100000.0, 0.0, 0.0], [0.0, 0.0, 1000.0, 0.0], [0.0, 0.0, 0.0, 100000.0]]}","[-0.021841853843746057, 0.036793040318919085, 0.0]",False
3,P13,97e72a24-ca34-4b21-9460-041fe7448ae7,9,1,haply,mpc,seeded_random,3675826489,persist_session,10.0,24.62974008560181,903.412611876,0,1785998351.932941,396,True,normal,fixed,0.0,-0.15,0.0,0.096,-0.022,0.0,0.0964607991,-0.02296012,0.0,0.0036755502,-0.1939176,0.19719641,-0.0001304015,-0.0010349334,-0.0009795473,"[1.17086303761163, 1.529268230030185, 0.0, 0.0, 0.0, 0.0, 1.8792262440912118, 0.456314281292648]","[-0.0005395326339546961, 0.0018042827014769097, 0.0]","{""Controller Type"": ""MPC Controller"", ""weight_comfort"": 500.0, ""weight_trajectory"": 3000.0, ""weight_goal"": 1000.0, ""Q"": [[3000.0, 0.0, 0.0, 0.0], [0.0, 0.0, 0.0, 0.0], [0.0, 0.0, 3000.0, 0.0], [0.0, 0.0, 0.0, 0.0]], ""R"": [[500.0, 0.0], [0.0, 500.0]], ""P"": [[1000.0, 0.0, 0.0, 0.0], [0.0, 100000.0, 0.0, 0.0], [0.0, 0.0, 1000.0, 0.0], [0.0, 0.0, 0.0, 100000.0]]}","[-0.021841853843746064, 0.0367930403189191, 0.0]",False
3,P13,97e72a24-ca34-4b21-9460-041fe7448ae7,9,1,haply,mpc,seeded_random,3675826489,persist_session,10.0,24.63978656768799,903.422656791,0,1785998351.9430213,397,True,normal,fixed,0.0,-0.15,0.0,0.096,-0.022,0.0,0.0964460796,-0.02285108,0.0,0.0037575844,-0.1939173,0.19719517,-9.7568794e-05,-0.00078125397,-0.00064399175,"[1.1708628551848068, 1.5292682943684426, 0.0, 0.0, 0.0, 0.0, 1.8792240731517815, 0.4563151596530721]","[-0.0005395325498925803, 0.001804280617114544, 0.0]","{""Controller Type"": ""MPC Controller"", ""weight_comfort"": 500.0, ""weight_trajectory"": 3000.0, ""weight_goal"": 1000.0, ""Q"": [[3000.0, 0.0, 0.0, 0.0], [0.0, 0.0, 0.0, 0.0], [0.0, 0.0, 3000.0, 0.0], [0.0, 0.0, 0.0, 0.0]], ""R"": [[500.0, 0.0], [0.0, 500.0]], ""P"": [[1000.0, 0.0, 0.0, 0.0], [0.0, 100000.0, 0.0, 0.0], [0.0, 0.0, 1000.0, 0.0], [0.0, 0.0, 0.0, 100000.0]]}","[-0.021841853843746067, 0.0367930403189191, 0.0]",False
3,P13,97e72a24-ca34-4b21-9460-041fe7448ae7,9,1,haply,mpc,seeded_random,3675826489,persist_session,10.0,24.64991125106812,903.432790392,0,1785998351.9529738,398,True,normal,fixed,0.0,-0.15,0.0,0.096,-0.022,0.0,0.0966921822,-0.0228535599999999,0.0,0.0037526889,-0.19396338,0.1972498,-1.2060487e-05,-0.0006561217,-0.00036008251,"[1.1708556626917621, 1.52930736309468, 0.0, 0.0, 0.0, 0.0, 1.8745074220234557, 0.4618870580393408]","[-0.002755418436515206, 0.006591633400042772, 0.0]","{""Controller Type"": ""MPC Controller"", ""weight_comfort"": 500.0, ""weight_trajectory"": 3000.0, ""weight_goal"": 1000.0, ""Q"": [[3000.0, 0.0, 0.0, 0.0], [0.0, 0.0, 0.0, 0.0], [0.0, 0.0, 3000.0, 0.0], [0.0, 0.0, 0.0, 0.0]], ""R"": [[500.0, 0.0], [0.0, 500.0]], ""P"": [[1000.0, 0.0, 0.0, 0.0], [0.0, 100000.0, 0.0, 0.0], [0.0, 0.0, 1000.0, 0.0], [0.0, 0.0, 0.0, 100000.0]]}","[-0.007369116435739053, -0.06686333840256127, 0.0]",False
3,P13,97e72a24-ca34-4b21-9460-041fe7448ae7,9,1,haply,mpc,seeded_random,3675826489,persist_session,10.0,24.659770574569706,903.442638135,0,1785998351.9632463,399,True,normal,fixed,0.0,-0.15,0.0,0.096,-0.022,0.0,0.0966774957,-0.0227442999999999,0.0,0.0037478092,-0.19400935,0.19730434,6.474221e-05,-0.0005852055,-0.00012369038,"[1.1529041761788048, 1.5469418967272028, 0.0, 0.0, 0.0, 0.0, 1.873173145043732, 0.462515078141028]","[0.03745414755920739, 0.0014836150102147006, 0.0]","{""Controller Type"": ""MPC Controller"", ""weight_comfort"": 500.0, ""weight_trajectory"": 3000.0, ""weight_goal"": 1000.0, ""Q"": [[3000.0, 0.0, 0.0, 0.0], [0.0, 0.0, 0.0, 0.0], [0.0, 0.0, 3000.0, 0.0], [0.0, 0.0, 0.0, 0.0]], ""R"": [[500.0, 0.0], [0.0, 500.0]], ""P"": [[1000.0, 0.0, 0.0, 0.0], [0.0, 100000.0, 0.0, 0.0], [0.0, 0.0, 1000.0, 0.0], [0.0, 0.0, 0.0, 100000.0]]}","[-0.2581263499977093, 0.03617731223992997, 0.0]",False
3,P13,97e72a24-ca34-4b21-9460-041fe7448ae7,9,1,haply,mpc,seeded_random,3675826489,persist_session,10.0,24.669708576202396,903.452575145,0,1785998351.9730127,400,True,normal,fixed,0.0,-0.15,0.0,0.096,-0.022,0.0,0.0966628566,-0.02263522,0.0,0.0038298592,-0.194009,0.19730309,0.00013757207,-0.00056468364,7.946491e-05,"[1.1532286035324286, 1.5474688833988235, 0.0, 0.0, 0.0, 0.0, 1.8684613742077034, 0.46798604909557767]","[-0.002993709010850633, 0.0063682710058212254, 0.0]","{""Controller Type"": ""MPC Controller"", ""weight_comfort"": 500.0, ""weight_trajectory"": 3000.0, ""weight_goal"": 1000.0, ""Q"": [[3000.0, 0.0, 0.0, 0.0], [0.0, 0.0, 0.0, 0.0], [0.0, 0.0, 3000.0, 0.0], [0.0, 0.0, 0.0, 0.0]], ""R"": [[500.0, 0.0], [0.0, 500.0]], ""P"": [[1000.0, 0.0, 0.0, 0.0], [0.0, 100000.0, 0.0, 0.0], [0.0, 0.0, 1000.0, 0.0], [0.0, 0.0, 0.0, 100000.0]]}","[-0.01617467989069222, -0.06811551986336983, 0.0]",False
3,P13,97e72a24-ca34-4b21-9460-041fe7448ae7,9,1,haply,mpc,seeded_random,3675826489,persist_session,10.0,24.67967185020447,903.462546548,0,1785998351.9834282,401,True,normal,fixed,0.0,-0.15,0.0,0.096,-0.022,0.0,0.0969090066,-0.02263772,0.0,0.0038249907,-0.194055,0.19735771,0.0002406289,-0.0005594672,0.00024213422,"[1.1532289997894376, 1.5474698039126094, 0.0, 0.0, 0.0, 0.0, 1.8682261611028699, 0.46825245484890465]","[-0.0030839806416678565, 0.006416634096928716, 0.0]","{""Controller Type"": ""MPC Controller"", ""weight_comfort"": 500.0, ""weight_trajectory"": 3000.0, ""weight_goal"": 1000.0, ""Q"": [[3000.0, 0.0, 0.0, 0.0], [0.0, 0.0, 0.0, 0.0], [0.0, 0.0, 3000.0, 0.0], [0.0, 0.0, 0.0, 0.0]], ""R"": [[500.0, 0.0], [0.0, 500.0]], ""P"": [[1000.0, 0.0, 0.0, 0.0], [0.0, 100000.0, 0.0, 0.0], [0.0, 0.0, 1000.0, 0.0], [0.0, 0.0, 0.0, 100000.0]]}","[-0.014516858678267849, -0.07704674001993701, 0.0]",False
3,P13,97e72a24-ca34-4b21-9460-041fe7448ae7,9,1,haply,mpc,seeded_random,3675826489,persist_session,10.0,24.689667787551883,903.472540501,0,1785998351.9933183,402,True,normal,fixed,0.0,-0.15,0.0,0.096,-0.022,0.0,0.0968944011,-0.02252848,0.0,0.0038249907,-0.194055,0.19735771,0.0003087461,-0.0005790584,0.0003810897,"[1.137027979422775, 1.5631116275372994, 0.0, 0.0, 0.0, 0.0, 1.8672114458758502, 0.46874687082669164]","[0.03590733277934663, 0.0010782468167650798, 0.0]","{""Controller Type"": ""MPC Controller"", ""weight_comfort"": 500.0, ""weight_trajectory"": 3000.0, ""weight_goal"": 1000.0, ""Q"": [[3000.0, 0.0, 0.0, 0.0], [0.0, 0.0, 0.0, 0.0], [0.0, 0.0, 3000.0, 0.0], [0.0, 0.0, 0.0, 0.0]], ""R"": [[500.0, 0.0], [0.0, 500.0]], ""P"": [[1000.0, 0.0, 0.0, 0.0], [0.0, 100000.0, 0.0, 0.0], [0.0, 0.0, 1000.0, 0.0], [0.0, 0.0, 0.0, 100000.0]]}","[-0.014516858678267849, -0.07704674001993701, 0.0]",False
3,P13,97e72a24-ca34-4b21-9460-041fe7448ae7,9,1,haply,mpc,seeded_random,3675826489,persist_session,10.0,24.699724760055545,903.482602379,0,1785998352.0032246,403,True,normal,fixed,0.0,-0.15,0.0,0.096,-0.022,0.0,0.0968944011,-0.02252848,0.0,0.003820126,-0.194101,0.19741239,0.0003095108,-0.0010554742,0.001031885,"[1.137727324156951, 1.5635274463154372, 0.0, 0.0, 0.0, 0.0, 1.8615744723249132, 0.47502752953752775]","[-0.0033265751219306037, 0.006230679519107741, 0.0]","{""Controller Type"": ""MPC Controller"", ""weight_comfort"": 500.0, ""weight_trajectory"": 3000.0, ""weight_goal"": 1000.0, ""Q"": [[3000.0, 0.0, 0.0, 0.0], [0.0, 0.0, 0.0, 0.0], [0.0, 0.0, 3000.0, 0.0], [0.0, 0.0, 0.0, 0.0]], ""R"": [[500.0, 0.0], [0.0, 500.0]], ""P"": [[1000.0, 0.0, 0.0, 0.0], [0.0, 100000.0, 0.0, 0.0], [0.0, 0.0, 1000.0, 0.0], [0.0, 0.0, 0.0, 100000.0]]}","[-0.2557322022169075, 0.02890827518468942, 0.0]",False
3,P13,97e72a24-ca34-4b21-9460-041fe7448ae7,9,1,haply,mpc,seeded_random,3675826489,persist_session,10.0,24.70970901489258,903.492585272,0,1785998352.0131564,404,True,normal,fixed,0.0,-0.15,0.0,0.096,-0.022,0.0,0.096879807,-0.02241912,0.0,0.0038136167,-0.19415258,0.19736333,0.0002449409,-0.0015800131,0.0015999605,"[1.1376281411581401, 1.5635624182755872, 0.0, 0.0, 0.0, 0.0, 1.860830237157497, 0.4753286078230585]","[-0.0010174958608427929, 0.0009834115637330288, 0.0]","{""Controller Type"": ""MPC Controller"", ""weight_comfort"": 500.0, ""weight_trajectory"": 3000.0, ""weight_goal"": 1000.0, ""Q"": [[3000.0, 0.0, 0.0, 0.0], [0.0, 0.0, 0.0, 0.0], [0.0, 0.0, 3000.0, 0.0], [0.0, 0.0, 0.0, 0.0]], ""R"": [[500.0, 0.0], [0.0, 500.0]], ""P"": [[1000.0, 0.0, 0.0, 0.0], [0.0, 100000.0, 0.0, 0.0], [0.0, 0.0, 1000.0, 0.0], [0.0, 0.0, 0.0, 100000.0]]}","[-0.03744312645919585, 0.022124238742769184, 0.0]",False
3,P13,97e72a24-ca34-4b21-9460-041fe7448ae7,9,1,haply,mpc,seeded_random,3675826489,persist_session,10.0,24.719920244216922,903.502791545,0,1785998352.0231428,405,True,normal,fixed,0.0,-0.15,0.0,0.096,-0.022,0.0,0.0968602791,-0.0225172399999999,0.0,0.0038136167,-0.19415258,0.19736333,7.312744e-05,-0.002084279,0.0018740981,"[1.1376668347727283, 1.5635864525363017, 0.0, 0.0, 0.0, 0.0, 1.855209905708287, 0.4814842610095492]","[-0.0032985098310837502, 0.006079223370678447, 0.0]","{""Controller Type"": ""MPC Controller"", ""weight_comfort"": 500.0, ""weight_trajectory"": 3000.0, ""weight_goal"": 1000.0, ""Q"": [[3000.0, 0.0, 0.0, 0.0], [0.0, 0.0, 0.0, 0.0], [0.0, 0.0, 3000.0, 0.0], [0.0, 0.0, 0.0, 0.0]], ""R"": [[500.0, 0.0], [0.0, 500.0]], ""P"": [[1000.0, 0.0, 0.0, 0.0], [0.0, 100000.0, 0.0, 0.0], [0.0, 0.0, 1000.0, 0.0], [0.0, 0.0, 0.0, 100000.0]]}","[-0.023297555745438257, -0.08387473435293366, 0.0]",False
3,P13,97e72a24-ca34-4b21-9460-041fe7448ae7,9,1,haply,mpc,seeded_random,3675826489,persist_session,10.0,24.729872789382938,903.512729831,0,1785998352.033563,406,True,normal,fixed,0.0,-0.15,0.0,0.096,-0.022,0.0,0.0968602791,-0.0225172399999999,0.0,0.0038087557,-0.19419856,0.19741802,-4.912498e-05,-0.0024307275,0.0020423073,"[1.1376724778002376, 1.563599948474164, 0.0, 0.0, 0.0, 0.0, 1.843381534849943, 0.49281826650888594]","[-0.004036256268888275, -0.0038886471535477126, 0.0]","{""Controller Type"": ""MPC Controller"", ""weight_comfort"": 500.0, ""weight_trajectory"": 3000.0, ""weight_goal"": 1000.0, ""Q"": [[3000.0, 0.0, 0.0, 0.0], [0.0, 0.0, 0.0, 0.0], [0.0, 0.0, 3000.0, 0.0], [0.0, 0.0, 0.0, 0.0]], ""R"": [[500.0, 0.0], [0.0, 500.0]], ""P"": [[1000.0, 0.0, 0.0, 0.0], [0.0, 100000.0, 0.0, 0.0], [0.0, 0.0, 1000.0, 0.0], [0.0, 0.0, 0.0, 100000.0]]}","[-0.018003435707304748, 0.11215292122930384, 0.0]",False
3,P13,97e72a24-ca34-4b21-9460-041fe7448ae7,9,1,haply,mpc,seeded_random,3675826489,persist_session,10.0,24.739755716323856,903.522618332,0,1785998352.043062,407,True,normal,fixed,0.0,-0.15,0.0,0.096,-0.022,0.0,0.0968456960999999,-0.02240786,0.0,0.003890911,-0.19419822,0.19741677,-7.778181e-05,-0.0026157817,0.0020787846,"[1.1375522148325299, 1.5636423532571928, 0.0, 0.0, 0.0, 0.0, 1.8439982025563992, 0.49256881275961173]","[-0.0009786123955791352, 0.0009537896302902631, 0.0]","{""Controller Type"": ""MPC Controller"", ""weight_comfort"": 500.0, ""weight_trajectory"": 3000.0, ""weight_goal"": 1000.0, ""Q"": [[3000.0, 0.0, 0.0, 0.0], [0.0, 0.0, 0.0, 0.0], [0.0, 0.0, 3000.0, 0.0], [0.0, 0.0, 0.0, 0.0]], ""R"": [[500.0, 0.0], [0.0, 500.0]], ""P"": [[1000.0, 0.0, 0.0, 0.0], [0.0, 100000.0, 0.0, 0.0], [0.0, 0.0, 1000.0, 0.0], [0.0, 0.0, 0.0, 100000.0]]}","[-0.03601464614894385, 0.021653688403185954, 0.0]",False
3,P13,97e72a24-ca34-4b21-9460-041fe7448ae7,9,1,haply,mpc,seeded_random,3675826489,persist_session,10.0,24.749703969955448,903.532585236,0,1785998352.0530431,408,True,normal,fixed,0.0,-0.15,0.0,0.096,-0.022,0.0,0.0970921619999999,-0.02241036,0.0,0.003890911,-0.19419822,0.19741677,4.9552007e-05,-0.0026550884,0.0021844467,"[1.1375879465124994, 1.5636729453309142, 0.0, 0.0, 0.0, 0.0, 1.8375066251681194, 0.49964665715972756]","[-0.0033625479454522794, 0.006502636266466971, 0.0]","{""Controller Type"": ""MPC Controller"", ""weight_comfort"": 500.0, ""weight_trajectory"": 3000.0, ""weight_goal"": 1000.0, ""Q"": [[3000.0, 0.0, 0.0, 0.0], [0.0, 0.0, 0.0, 0.0], [0.0, 0.0, 3000.0, 0.0], [0.0, 0.0, 0.0, 0.0]], ""R"": [[500.0, 0.0], [0.0, 500.0]], ""P"": [[1000.0, 0.0, 0.0, 0.0], [0.0, 100000.0, 0.0, 0.0], [0.0, 0.0, 1000.0, 0.0], [0.0, 0.0, 0.0, 100000.0]]}","[-0.021264090016135762, -0.08898306876643501, 0.0]",False
3,P13,97e72a24-ca34-4b21-9460-041fe7448ae7,9,1,haply,mpc,seeded_random,3675826489,persist_session,10.0,24.759737815856937,903.542600482,0,1785998352.0629845,409,True,normal,fixed,0.0,-0.15,0.0,0.096,-0.022,0.0,0.0970921619999999,-0.02241036,0.0,0.003890911,-0.19419822,0.19741677,0.00038489557,-0.0025753991,0.0023588205,"[1.1187432855036767, 1.5816993406461266, 0.0, 0.0, 0.0, 0.0, 1.8367413665667152, 0.5000510261796576]","[0.03783524780199608, 0.0006284764042608873, 0.0]","{""Controller Type"": ""MPC Controller"", ""weight_comfort"": 500.0, ""weight_trajectory"": 3000.0, ""weight_goal"": 1000.0, ""Q"": [[3000.0, 0.0, 0.0, 0.0], [0.0, 0.0, 0.0, 0.0], [0.0, 0.0, 3000.0, 0.0], [0.0, 0.0, 0.0, 0.0]], ""R"": [[500.0, 0.0], [0.0, 500.0]], ""P"": [[1000.0, 0.0, 0.0, 0.0], [0.0, 100000.0, 0.0, 0.0], [0.0, 0.0, 1000.0, 0.0], [0.0, 0.0, 0.0, 100000.0]]}","[-0.2731650609833118, 0.019486315959634286, 0.0]",False
3,P13,97e72a24-ca34-4b21-9460-041fe7448ae7,9,1,haply,mpc,seeded_random,3675826489,persist_session,10.0,24.769625511169437,903.552505211,0,1785998352.0729089,410,True,normal,fixed,0.0,-0.15,0.0,0.096,-0.022,0.0,0.0970921619999999,-0.02241036,0.0,0.003890911,-0.19419822,0.19741677,0.00071845244,-0.0023457261,0.0022810115,"[1.1207585166833676, 1.5809888557204888, 0.0, 0.0, 0.0, 0.0, 1.8367540984705926, 0.5000458760840819]","[-0.0012240498630979176, 0.0007537304118484278, 0.0]","{""Controller Type"": ""MPC Controller"", ""weight_comfort"": 500.0, ""weight_trajectory"": 3000.0, ""weight_goal"": 1000.0, ""Q"": [[3000.0, 0.0, 0.0, 0.0], [0.0, 0.0, 0.0, 0.0], [0.0, 0.0, 3000.0, 0.0], [0.0, 0.0, 0.0, 0.0]], ""R"": [[500.0, 0.0], [0.0, 500.0]], ""P"": [[1000.0, 0.0, 0.0, 0.0], [0.0, 100000.0, 0.0, 0.0], [0.0, 0.0, 1000.0, 0.0], [0.0, 0.0, 0.0, 100000.0]]}","[-0.04572217082317557, 0.017179273786234385, 0.0]",False
3,P13,97e72a24-ca34-4b21-9460-041fe7448ae7,9,1,haply,mpc,seeded_random,3675826489,persist_session,10.0,24.77980145454407,903.562667509,0,1785998352.0830324,411,True,normal,fixed,0.0,-0.15,0.0,0.096,-0.022,0.0,0.0970921619999999,-0.02241036,0.0,0.003890911,-0.19419822,0.19741677,0.0008861584,-0.0016861861,0.0016356524,"[1.120757522101177, 1.5809892063679285, 0.0, 0.0, 0.0, 0.0, 1.8367537054457221, 0.5000460350638909]","[-0.001224048776853043, 0.000753730250566742, 0.0]","{""Controller Type"": ""MPC Controller"", ""weight_comfort"": 500.0, ""weight_trajectory"": 3000.0, ""weight_goal"": 1000.0, ""Q"": [[3000.0, 0.0, 0.0, 0.0], [0.0, 0.0, 0.0, 0.0], [0.0, 0.0, 3000.0, 0.0], [0.0, 0.0, 0.0, 0.0]], ""R"": [[500.0, 0.0], [0.0, 500.0]], ""P"": [[1000.0, 0.0, 0.0, 0.0], [0.0, 100000.0, 0.0, 0.0], [0.0, 0.0, 1000.0, 0.0], [0.0, 0.0, 0.0, 100000.0]]}","[-0.04572217082317549, 0.017179273786234364, 0.0]",False
3,P13,97e72a24-ca34-4b21-9460-041fe7448ae7,9,1,haply,mpc,seeded_random,3675826489,persist_session,10.0,24.789679374694828,903.572545916,0,1785998352.0929134,412,True,normal,fixed,0.0,-0.15,0.0,0.096,-0.022,0.0,0.0970921619999999,-0.02241036,0.0,0.003890911,-0.19419822,0.19741677,0.00063851563,-0.00121497,0.0011785583,"[1.1207565265251764, 1.5809895573657433, 0.0, 0.0, 0.0, 0.0, 1.836753312027602, 0.5000461942027706]","[-0.0012240476895227673, 0.0007537300891236823, 0.0]","{""Controller Type"": ""MPC Controller"", ""weight_comfort"": 500.0, ""weight_trajectory"": 3000.0, ""weight_goal"": 1000.0, ""Q"": [[3000.0, 0.0, 0.0, 0.0], [0.0, 0.0, 0.0, 0.0], [0.0, 0.0, 3000.0, 0.0], [0.0, 0.0, 0.0, 0.0]], ""R"": [[500.0, 0.0], [0.0, 500.0]], ""P"": [[1000.0, 0.0, 0.0, 0.0], [0.0, 100000.0, 0.0, 0.0], [0.0, 0.0, 1000.0, 0.0], [0.0, 0.0, 0.0, 100000.0]]}","[-0.04572217082317566, 0.01717927378623437, 0.0]",False
3,P13,97e72a24-ca34-4b21-9460-041fe7448ae7,9,1,haply,mpc,seeded_random,3675826489,persist_session,10.0,24.799732294082645,903.582597353,0,1785998352.103016,413,True,normal,fixed,0.0,-0.15,0.0,0.096,-0.022,0.0,0.0970921619999999,-0.02241036,0.0,0.003890911,-0.19419822,0.19741677,0.00045787907,-0.00087125396,0.00084514305,"[1.1207555299543748, 1.580989908714283, 0.0, 0.0, 0.0, 0.0, 1.8367529182158389, 0.5000463535008802]","[-0.0012240466011060073, 0.0007537299275190871, 0.0]","{""Controller Type"": ""MPC Controller"", ""weight_comfort"": 500.0, ""weight_trajectory"": 3000.0, ""weight_goal"": 1000.0, ""Q"": [[3000.0, 0.0, 0.0, 0.0], [0.0, 0.0, 0.0, 0.0], [0.0, 0.0, 3000.0, 0.0], [0.0, 0.0, 0.0, 0.0]], ""R"": [[500.0, 0.0], [0.0, 500.0]], ""P"": [[1000.0, 0.0, 0.0, 0.0], [0.0, 100000.0, 0.0, 0.0], [0.0, 0.0, 1000.0, 0.0], [0.0, 0.0, 0.0, 100000.0]]}","[-0.04572217082317548, 0.017179273786234364, 0.0]",False
3,P13,97e72a24-ca34-4b21-9460-041fe7448ae7,9,1,haply,mpc,seeded_random,3675826489,persist_session,10.0,24.809803094863895,903.592678021,0,1785998352.1129277,414,True,normal,fixed,0.0,-0.15,0.0,0.096,-0.022,0.0,0.0970921619999999,-0.02241036,0.0,0.003890911,-0.19419822,0.19741677,0.0003294167,-0.0006268152,0.00060803,"[1.1207545323877797, 1.580990260413897, 0.0, 0.0, 0.0, 0.0, 1.8367525240100386, 0.500046512958379]","[-0.0012240455116016796, 0.0007537297657527949, 0.0]","{""Controller Type"": ""MPC Controller"", ""weight_comfort"": 500.0, ""weight_trajectory"": 3000.0, ""weight_goal"": 1000.0, ""Q"": [[3000.0, 0.0, 0.0, 0.0], [0.0, 0.0, 0.0, 0.0], [0.0, 0.0, 3000.0, 0.0], [0.0, 0.0, 0.0, 0.0]], ""R"": [[500.0, 0.0], [0.0, 500.0]], ""P"": [[1000.0, 0.0, 0.0, 0.0], [0.0, 100000.0, 0.0, 0.0], [0.0, 0.0, 1000.0, 0.0], [0.0, 0.0, 0.0, 100000.0]]}","[-0.04572217082317563, 0.017179273786234375, 0.0]",False
3,P13,97e72a24-ca34-4b21-9460-041fe7448ae7,9,1,haply,mpc,seeded_random,3675826489,persist_session,10.0,24.81971558570862,903.60257829,0,1785998352.123052,415,True,normal,fixed,0.0,-0.15,0.0,0.096,-0.022,0.0,0.0970921619999999,-0.02241036,0.0,0.003890911,-0.19419822,0.19741677,0.00023493462,-0.00044703428,0.00043363686,"[1.120753533824398, 1.5809906124649358, 0.0, 0.0, 0.0, 0.0, 1.8367521294098075, 0.5000466725754263]","[-0.0012240444210086996, 0.0007537296038246441, 0.0]","{""Controller Type"": ""MPC Controller"", ""weight_comfort"": 500.0, ""weight_trajectory"": 3000.0, ""weight_goal"": 1000.0, ""Q"": [[3000.0, 0.0, 0.0, 0.0], [0.0, 0.0, 0.0, 0.0], [0.0, 0.0, 3000.0, 0.0], [0.0, 0.0, 0.0, 0.0]], ""R"": [[500.0, 0.0], [0.0, 500.0]], ""P"": [[1000.0, 0.0, 0.0, 0.0], [0.0, 100000.0, 0.0, 0.0], [0.0, 0.0, 1000.0, 0.0], [0.0, 0.0, 0.0, 100000.0]]}","[-0.04572217082317565, 0.017179273786234333, 0.0]",False
3,P13,97e72a24-ca34-4b21-9460-041fe7448ae7,9,1,haply,mpc,seeded_random,3675826489,persist_session,10.0,24.829660501480106,903.612543343,0,1785998352.1330664,416,True,normal,fixed,0.0,-0.15,0.0,0.096,-0.022,0.0,0.0970921619999999,-0.02241036,0.0,0.003890911,-0.19419822,0.19741677,0.00017011653,-0.0003236981,0.00031399706,"[1.1207525342632354, 1.5809909648677496, 0.0, 0.0, 0.0, 0.0, 1.836751734414751, 0.5000468323521818]","[-0.0012240433293259812, 0.0007537294417344728, 0.0]","{""Controller Type"": ""MPC Controller"", ""weight_comfort"": 500.0, ""weight_trajectory"": 3000.0, ""weight_goal"": 1000.0, ""Q"": [[3000.0, 0.0, 0.0, 0.0], [0.0, 0.0, 0.0, 0.0], [0.0, 0.0, 3000.0, 0.0], [0.0, 0.0, 0.0, 0.0]], ""R"": [[500.0, 0.0], [0.0, 500.0]], ""P"": [[1000.0, 0.0, 0.0, 0.0], [0.0, 100000.0, 0.0, 0.0], [0.0, 0.0, 1000.0, 0.0], [0.0, 0.0, 0.0, 100000.0]]}","[-0.04572217082317568, 0.017179273786234357, 0.0]",False
3,P13,97e72a24-ca34-4b21-9460-041fe7448ae7,9,1,haply,mpc,seeded_random,3675826489,persist_session,10.0,24.839840974807743,903.622702988,0,1785998352.1431243,417,True,normal,fixed,0.0,-0.15,0.0,0.096,-0.022,0.0,0.0970921619999999,-0.02241036,0.0,0.003890911,-0.19419822,0.19741677,0.00012135414,-0.0002309129,0.00022399257,"[1.1207515337032967, 1.5809913176226895, 0.0, 0.0, 0.0, 0.0, 1.8367513390244743, 0.5000469922888052]","[-0.0012240422365524374, 0.0007537292794821187, 0.0]","{""Controller Type"": ""MPC Controller"", ""weight_comfort"": 500.0, ""weight_trajectory"": 3000.0, ""weight_goal"": 1000.0, ""Q"": [[3000.0, 0.0, 0.0, 0.0], [0.0, 0.0, 0.0, 0.0], [0.0, 0.0, 3000.0, 0.0], [0.0, 0.0, 0.0, 0.0]], ""R"": [[500.0, 0.0], [0.0, 500.0]], ""P"": [[1000.0, 0.0, 0.0, 0.0], [0.0, 100000.0, 0.0, 0.0], [0.0, 0.0, 1000.0, 0.0], [0.0, 0.0, 0.0, 100000.0]]}","[-0.04572217082317566, 0.017179273786234336, 0.0]",False
3,P13,97e72a24-ca34-4b21-9460-041fe7448ae7,9,1,haply,mpc,seeded_random,3675826489,persist_session,10.0,24.849869098663333,903.632734888,0,1785998352.152985,418,True,normal,fixed,0.0,-0.15,0.0,0.096,-0.022,0.0,0.0970921619999999,-0.02241036,0.0,0.003890911,-0.19419822,0.19741677,8.739221e-05,-0.0001662901,0.00016130647,"[1.1207505321435858, 1.5809916707301066, 0.0, 0.0, 0.0, 0.0, 1.836750943238582, 0.5000471523854564]","[-0.0012240411426869804, 0.00075372911706742, 0.0]","{""Controller Type"": ""MPC Controller"", ""weight_comfort"": 500.0, ""weight_trajectory"": 3000.0, ""weight_goal"": 1000.0, ""Q"": [[3000.0, 0.0, 0.0, 0.0], [0.0, 0.0, 0.0, 0.0], [0.0, 0.0, 3000.0, 0.0], [0.0, 0.0, 0.0, 0.0]], ""R"": [[500.0, 0.0], [0.0, 500.0]], ""P"": [[1000.0, 0.0, 0.0, 0.0], [0.0, 100000.0, 0.0, 0.0], [0.0, 0.0, 1000.0, 0.0], [0.0, 0.0, 0.0, 100000.0]]}","[-0.04572217082317567, 0.017179273786234357, 0.0]",False
3,P13,97e72a24-ca34-4b21-9460-041fe7448ae7,9,1,haply,mpc,seeded_random,3675826489,persist_session,10.0,24.8598187828064,903.642687312,0,1785998352.1630745,419,True,normal,fixed,0.0,-0.15,0.0,0.096,-0.022,0.0,0.0970921619999999,-0.02241036,0.0,0.003890911,-0.19419822,0.19741677,6.283827e-05,-0.000119568795,0.00011598537,"[1.1207495295831054, 1.5809920241903526, 0.0, 0.0, 0.0, 0.0, 1.8367505470566783, 0.5000473126422953]","[-0.001224040047728521, 0.000753728954490214, 0.0]","{""Controller Type"": ""MPC Controller"", ""weight_comfort"": 500.0, ""weight_trajectory"": 3000.0, ""weight_goal"": 1000.0, ""Q"": [[3000.0, 0.0, 0.0, 0.0], [0.0, 0.0, 0.0, 0.0], [0.0, 0.0, 3000.0, 0.0], [0.0, 0.0, 0.0, 0.0]], ""R"": [[500.0, 0.0], [0.0, 500.0]], ""P"": [[1000.0, 0.0, 0.0, 0.0], [0.0, 100000.0, 0.0, 0.0], [0.0, 0.0, 1000.0, 0.0], [0.0, 0.0, 0.0, 100000.0]]}","[-0.04572217082317568, 0.017179273786234326, 0.0]",False
3,P13,97e72a24-ca34-4b21-9460-041fe7448ae7,9,1,haply,mpc,seeded_random,3675826489,persist_session,10.0,24.86968239784241,903.652548548,0,1785998352.17302,420,True,normal,fixed,0.0,-0.15,0.0,0.096,-0.022,0.0,0.0970921619999999,-0.02241036,0.0,0.003890911,-0.19419822,0.19741677,4.503147e-05,-8.5685955e-05,8.3117986e-05,"[1.1207485260208572, 1.5809923780037793, 0.0, 0.0, 0.0, 0.0, 1.8367501504783674, 0.5000474730594823]","[-0.001224038951675969, 0.0007537287917503383, 0.0]","{""Controller Type"": ""MPC Controller"", ""weight_comfort"": 500.0, ""weight_trajectory"": 3000.0, ""weight_goal"": 1000.0, ""Q"": [[3000.0, 0.0, 0.0, 0.0], [0.0, 0.0, 0.0, 0.0], [0.0, 0.0, 3000.0, 0.0], [0.0, 0.0, 0.0, 0.0]], ""R"": [[500.0, 0.0], [0.0, 500.0]], ""P"": [[1000.0, 0.0, 0.0, 0.0], [0.0, 100000.0, 0.0, 0.0], [0.0, 0.0, 1000.0, 0.0], [0.0, 0.0, 0.0, 100000.0]]}","[-0.045722170823175486, 0.017179273786234357, 0.0]",False
3,P13,97e72a24-ca34-4b21-9460-041fe7448ae7,9,1,haply,mpc,seeded_random,3675826489,persist_session,10.0,24.879741516113285,903.662608081,0,1785998352.1831696,421,True,normal,fixed,0.0,-0.15,0.0,0.096,-0.022,0.0,0.0970921619999999,-0.02241036,0.0,0.003890911,-0.19419822,0.19741677,3.2354277e-05,-6.1563755e-05,5.9718695e-05,"[1.1207475214558422, 1.580992732170739, 0.0, 0.0, 0.0, 0.0, 1.8367497535032526, 0.5000476336371776]","[-0.001224037854528233, 0.0007537286288476303, 0.0]","{""Controller Type"": ""MPC Controller"", ""weight_comfort"": 500.0, ""weight_trajectory"": 3000.0, ""weight_goal"": 1000.0, ""Q"": [[3000.0, 0.0, 0.0, 0.0], [0.0, 0.0, 0.0, 0.0], [0.0, 0.0, 3000.0, 0.0], [0.0, 0.0, 0.0, 0.0]], ""R"": [[500.0, 0.0], [0.0, 500.0]], ""P"": [[1000.0, 0.0, 0.0, 0.0], [0.0, 100000.0, 0.0, 0.0], [0.0, 0.0, 1000.0, 0.0], [0.0, 0.0, 0.0, 100000.0]]}","[-0.045722170823175645, 0.017179273786234336, 0.0]",False
3,P13,97e72a24-ca34-4b21-9460-041fe7448ae7,9,1,haply,mpc,seeded_random,3675826489,persist_session,10.0,24.889912691116336,903.672770054,0,1785998352.193016,422,True,normal,fixed,0.0,-0.15,0.0,0.096,-0.022,0.0,0.0970921619999999,-0.02241036,0.0,0.003890911,-0.19419822,0.19741677,2.3342856e-05,-4.441681e-05,4.308564e-05,"[1.1207465158870602, 1.5809930866915844, 0.0, 0.0, 0.0, 0.0, 1.8367493561309374, 0.5000477943755419]","[-0.001224036756284221, 0.000753728465781927, 0.0]","{""Controller Type"": ""MPC Controller"", ""weight_comfort"": 500.0, ""weight_trajectory"": 3000.0, ""weight_goal"": 1000.0, ""Q"": [[3000.0, 0.0, 0.0, 0.0], [0.0, 0.0, 0.0, 0.0], [0.0, 0.0, 3000.0, 0.0], [0.0, 0.0, 0.0, 0.0]], ""R"": [[500.0, 0.0], [0.0, 500.0]], ""P"": [[1000.0, 0.0, 0.0, 0.0], [0.0, 100000.0, 0.0, 0.0], [0.0, 0.0, 1000.0, 0.0], [0.0, 0.0, 0.0, 100000.0]]}","[-0.04572217082317549, 0.017179273786234354, 0.0]",False
3,P13,97e72a24-ca34-4b21-9460-041fe7448ae7,9,1,haply,mpc,seeded_random,3675826489,persist_session,10.0,24.89978345870972,903.682654359,0,1785998352.202891,423,True,normal,fixed,0.0,-0.15,0.0,0.096,-0.022,0.0,0.0970921619999999,-0.02241036,0.0,0.003890911,-0.19419822,0.19741677,1.6665872e-05,-3.171183e-05,3.0761432e-05,"[1.12074550931351, 1.5809934415666684, 0.0, 0.0, 0.0, 0.0, 1.8367489583610241, 0.5000479552747358]","[-0.0012240356569428392, 0.0007537283025530653, 0.0]","{""Controller Type"": ""MPC Controller"", ""weight_comfort"": 500.0, ""weight_trajectory"": 3000.0, ""weight_goal"": 1000.0, ""Q"": [[3000.0, 0.0, 0.0, 0.0], [0.0, 0.0, 0.0, 0.0], [0.0, 0.0, 3000.0, 0.0], [0.0, 0.0, 0.0, 0.0]], ""R"": [[500.0, 0.0], [0.0, 500.0]], ""P"": [[1000.0, 0.0, 0.0, 0.0], [0.0, 100000.0, 0.0, 0.0], [0.0, 0.0, 1000.0, 0.0], [0.0, 0.0, 0.0, 100000.0]]}","[-0.04572217082317563, 0.017179273786234333, 0.0]",False
3,P13,97e72a24-ca34-4b21-9460-041fe7448ae7,9,1,haply,mpc,seeded_random,3675826489,persist_session,10.0,24.90973743438721,903.692597849,0,1785998352.2129898,424,True,normal,fixed,0.0,-0.15,0.0,0.096,-0.022,0.0,0.0970921619999999,-0.02241036,0.0,0.003890911,-0.19419822,0.19741677,1.1977176e-05,-2.2790175e-05,2.2107159e-05,"[1.1207445017341893, 1.5809937967963443, 0.0, 0.0, 0.0, 0.0, 1.8367485601931153, 0.5000481163349201]","[-0.0012240345565029931, 0.0007537281391608823, 0.0]","{""Controller Type"": ""MPC Controller"", ""weight_comfort"": 500.0, ""weight_trajectory"": 3000.0, ""weight_goal"": 1000.0, ""Q"": [[3000.0, 0.0, 0.0, 0.0], [0.0, 0.0, 0.0, 0.0], [0.0, 0.0, 3000.0, 0.0], [0.0, 0.0, 0.0, 0.0]], ""R"": [[500.0, 0.0], [0.0, 500.0]], ""P"": [[1000.0, 0.0, 0.0, 0.0], [0.0, 100000.0, 0.0, 0.0], [0.0, 0.0, 1000.0, 0.0], [0.0, 0.0, 0.0, 100000.0]]}","[-0.045722170823175694, 0.017179273786234378, 0.0]",False
3,P13,97e72a24-ca34-4b21-9460-041fe7448ae7,9,1,haply,mpc,seeded_random,3675826489,persist_session,10.0,24.919688310623172,903.702558312,0,1785998352.2229965,425,True,normal,fixed,0.0,-0.15,0.0,0.096,-0.022,0.0,0.0970921619999999,-0.02241036,0.0,0.003890911,-0.19419822,0.19741677,8.600155e-06,-1.6364384e-05,1.5873942e-05,"[1.120743493148095, 1.5809941523809656, 0.0, 0.0, 0.0, 0.0, 1.8367481616268129, 0.5000482775562559]","[-0.0012240334549635872, 0.0007537279756052144, 0.0]","{""Controller Type"": ""MPC Controller"", ""weight_comfort"": 500.0, ""weight_trajectory"": 3000.0, ""weight_goal"": 1000.0, ""Q"": [[3000.0, 0.0, 0.0, 0.0], [0.0, 0.0, 0.0, 0.0], [0.0, 0.0, 3000.0, 0.0], [0.0, 0.0, 0.0, 0.0]], ""R"": [[500.0, 0.0], [0.0, 500.0]], ""P"": [[1000.0, 0.0, 0.0, 0.0], [0.0, 100000.0, 0.0, 0.0], [0.0, 0.0, 1000.0, 0.0], [0.0, 0.0, 0.0, 100000.0]]}","[-0.04572217082317565, 0.017179273786234333, 0.0]",False
3,P13,97e72a24-ca34-4b21-9460-041fe7448ae7,9,1,haply,mpc,seeded_random,3675826489,persist_session,10.0,24.929761495590213,903.712637891,0,1785998352.2329865,426,True,normal,fixed,0.0,-0.15,0.0,0.096,-0.022,0.0,0.0970921619999999,-0.02241036,0.0,0.003890911,-0.19419822,0.19741677,6.188601e-06,-1.1775678e-05,1.1422759e-05,"[1.1207424835542232, 1.5809945083208867, 0.0, 0.0, 0.0, 0.0, 1.8367477626617184, 0.5000484389389044]","[-0.001224032352323525, 0.0007537278118858982, 0.0]","{""Controller Type"": ""MPC Controller"", ""weight_comfort"": 500.0, ""weight_trajectory"": 3000.0, ""weight_goal"": 1000.0, ""Q"": [[3000.0, 0.0, 0.0, 0.0], [0.0, 0.0, 0.0, 0.0], [0.0, 0.0, 3000.0, 0.0], [0.0, 0.0, 0.0, 0.0]], ""R"": [[500.0, 0.0], [0.0, 500.0]], ""P"": [[1000.0, 0.0, 0.0, 0.0], [0.0, 100000.0, 0.0, 0.0], [0.0, 0.0, 1000.0, 0.0], [0.0, 0.0, 0.0, 100000.0]]}","[-0.04572217082317568, 0.017179273786234323, 0.0]",False
3,P13,97e72a24-ca34-4b21-9460-041fe7448ae7,9,1,haply,mpc,seeded_random,3675826489,persist_session,10.0,24.939794864654544,903.722660544,0,1785998352.2428825,427,True,normal,fixed,0.0,-0.15,0.0,0.096,-0.022,0.0,0.0970921619999999,-0.02241036,0.0,0.003890911,-0.19419822,0.19741677,4.4415033e-06,-8.4512985e-06,8.1980115e-06,"[1.1207414729515686, 1.5809948646164618, 0.0, 0.0, 0.0, 0.0, 1.8367473632974332, 0.5000486004830268]","[-0.0012240312485817084, 0.0007537276480027702, 0.0]","{""Controller Type"": ""MPC Controller"", ""weight_comfort"": 500.0, ""weight_trajectory"": 3000.0, ""weight_goal"": 1000.0, ""Q"": [[3000.0, 0.0, 0.0, 0.0], [0.0, 0.0, 0.0, 0.0], [0.0, 0.0, 3000.0, 0.0], [0.0, 0.0, 0.0, 0.0]], ""R"": [[500.0, 0.0], [0.0, 500.0]], ""P"": [[1000.0, 0.0, 0.0, 0.0], [0.0, 100000.0, 0.0, 0.0], [0.0, 0.0, 1000.0, 0.0], [0.0, 0.0, 0.0, 100000.0]]}","[-0.04572217082317566, 0.01717927378623437, 0.0]",False
3,P13,97e72a24-ca34-4b21-9460-041fe7448ae7,9,1,haply,mpc,seeded_random,3675826489,persist_session,10.0,24.949791040420536,903.732648328,0,1785998352.2530372,428,True,normal,fixed,0.0,-0.15,0.0,0.096,-0.022,0.0,0.0970921619999999,-0.02241036,0.0,0.003890911,-0.19419822,0.19741677,3.1938973e-06,-6.077353e-06,5.895213e-06,"[1.120740461339125, 1.5809952212680454, 0.0, 0.0, 0.0, 0.0, 1.8367469635335578, 0.5000487621887847]","[-0.0012240301437370388, 0.0007537274839556663, 0.0]","{""Controller Type"": ""MPC Controller"", ""weight_comfort"": 500.0, ""weight_trajectory"": 3000.0, ""weight_goal"": 1000.0, ""Q"": [[3000.0, 0.0, 0.0, 0.0], [0.0, 0.0, 0.0, 0.0], [0.0, 0.0, 3000.0, 0.0], [0.0, 0.0, 0.0, 0.0]], ""R"": [[500.0, 0.0], [0.0, 500.0]], ""P"": [[1000.0, 0.0, 0.0, 0.0], [0.0, 100000.0, 0.0, 0.0], [0.0, 0.0, 1000.0, 0.0], [0.0, 0.0, 0.0, 100000.0]]}","[-0.04572217082317567, 0.017179273786234375, 0.0]",False
3,P13,97e72a24-ca34-4b21-9460-041fe7448ae7,9,1,haply,mpc,seeded_random,3675826489,persist_session,10.0,24.95992716789246,903.742786277,0,1785998352.2629292,429,True,normal,fixed,0.0,-0.15,0.0,0.096,-0.022,0.0,0.0970921619999999,-0.02241036,0.0,0.003890911,-0.19419822,0.19741677,2.2895742e-06,-4.356606e-06,4.226037e-06,"[1.1207394487158853, 1.5809955782759928, 0.0, 0.0, 0.0, 0.0, 1.8367465633696927, 0.5000489240563397]","[-0.001224029037788416, 0.0007537273197444226, 0.0]","{""Controller Type"": ""MPC Controller"", ""weight_comfort"": 500.0, ""weight_trajectory"": 3000.0, ""weight_goal"": 1000.0, ""Q"": [[3000.0, 0.0, 0.0, 0.0], [0.0, 0.0, 0.0, 0.0], [0.0, 0.0, 3000.0, 0.0], [0.0, 0.0, 0.0, 0.0]], ""R"": [[500.0, 0.0], [0.0, 500.0]], ""P"": [[1000.0, 0.0, 0.0, 0.0], [0.0, 100000.0, 0.0, 0.0], [0.0, 0.0, 1000.0, 0.0], [0.0, 0.0, 0.0, 100000.0]]}","[-0.04572217082317568, 0.017179273786234333, 0.0]",False
3,P13,97e72a24-ca34-4b21-9460-041fe7448ae7,9,1,haply,mpc,seeded_random,3675826489,persist_session,10.0,24.969829406738285,903.752686417,0,1785998352.2730222,430,True,normal,fixed,0.0,-0.15,0.0,0.096,-0.022,0.0,0.0970921619999999,-0.02241036,0.0,0.003890911,-0.19419822,0.19741677,1.6476179e-06,-3.1350908e-06,3.041131e-06,"[1.1207384350808414, 1.5809959356406595, 0.0, 0.0, 0.0, 0.0, 1.8367461628054378, 0.5000490860858537]","[-0.0012240279307347392, 0.0007537271553688749, 0.0]","{""Controller Type"": ""MPC Controller"", ""weight_comfort"": 500.0, ""weight_trajectory"": 3000.0, ""weight_goal"": 1000.0, ""Q"": [[3000.0, 0.0, 0.0, 0.0], [0.0, 0.0, 0.0, 0.0], [0.0, 0.0, 3000.0, 0.0], [0.0, 0.0, 0.0, 0.0]], ""R"": [[500.0, 0.0], [0.0, 500.0]], ""P"": [[1000.0, 0.0, 0.0, 0.0], [0.0, 100000.0, 0.0, 0.0], [0.0, 0.0, 1000.0, 0.0], [0.0, 0.0, 0.0, 100000.0]]}","[-0.045722170823175486, 0.017179273786234357, 0.0]",False
3,P13,97e72a24-ca34-4b21-9460-041fe7448ae7,9,1,haply,mpc,seeded_random,3675826489,persist_session,10.0,24.979818191528324,903.762687039,0,1785998352.282875,431,True,normal,fixed,0.0,-0.15,0.0,0.096,-0.022,0.0,0.0970921619999999,-0.02241036,0.0,0.0038844182,-0.19424987,0.19736764,5.0490615e-07,-7.804278e-06,-3.037946e-06,"[1.120737420432984, 1.580996293362401, 0.0, 0.0, 0.0, 0.0, 1.8367457618403926, 0.5000492482774886]","[-0.0012240268225749062, 0.000753726990828859, 0.0]","{""Controller Type"": ""MPC Controller"", ""weight_comfort"": 500.0, ""weight_trajectory"": 3000.0, ""weight_goal"": 1000.0, ""Q"": [[3000.0, 0.0, 0.0, 0.0], [0.0, 0.0, 0.0, 0.0], [0.0, 0.0, 3000.0, 0.0], [0.0, 0.0, 0.0, 0.0]], ""R"": [[500.0, 0.0], [0.0, 500.0]], ""P"": [[1000.0, 0.0, 0.0, 0.0], [0.0, 100000.0, 0.0, 0.0], [0.0, 0.0, 1000.0, 0.0], [0.0, 0.0, 0.0, 100000.0]]}","[-0.045722170823175645, 0.017179273786234336, 0.0]",False
3,P13,97e72a24-ca34-4b21-9460-041fe7448ae7,9,1,haply,mpc,seeded_random,3675826489,persist_session,10.0,24.989962186813358,903.772813702,0,1785998352.2930388,432,True,normal,fixed,0.0,-0.15,0.0,0.096,-0.022,0.0,0.0970726835999999,-0.0225086199999999,0.0,0.0038844182,-0.19424987,0.19736764,-6.591892e-06,-6.0829538e-05,-5.473006e-05,"[1.1207364047713033, 1.5809966514415739, 0.0, 0.0, 0.0, 0.0, 1.8367453604741564, 0.5000494106314066]","[-0.0012240257133078135, 0.0007537268261242103, 0.0]","{""Controller Type"": ""MPC Controller"", ""weight_comfort"": 500.0, ""weight_trajectory"": 3000.0, ""weight_goal"": 1000.0, ""Q"": [[3000.0, 0.0, 0.0, 0.0], [0.0, 0.0, 0.0, 0.0], [0.0, 0.0, 3000.0, 0.0], [0.0, 0.0, 0.0, 0.0]], ""R"": [[500.0, 0.0], [0.0, 500.0]], ""P"": [[1000.0, 0.0, 0.0, 0.0], [0.0, 100000.0, 0.0, 0.0], [0.0, 0.0, 1000.0, 0.0], [0.0, 0.0, 0.0, 100000.0]]}","[-0.04572217082317549, 0.017179273786234354, 0.0]",False
3,P13,97e72a24-ca34-4b21-9460-041fe7448ae7,9,1,haply,mpc,seeded_random,3675826489,persist_session,10.0,24.9997752571106,903.782648732,0,1785998352.3028896,433,True,normal,fixed,0.0,-0.15,0.0,0.096,-0.022,0.0,0.0970726835999999,-0.0225086199999999,0.0,0.0038844182,-0.19424987,0.19736764,-1.1571558e-05,-9.803616e-05,-9.1001275e-05,"[1.1207920599969958, 1.581041417797254, 0.0, 0.0, 0.0, 0.0, 1.8313078646653043, 0.5052598394706634]","[-0.004232244591560152, -0.003953240121546069, 0.0]","{""Controller Type"": ""MPC Controller"", ""weight_comfort"": 500.0, ""weight_trajectory"": 3000.0, ""weight_goal"": 1000.0, ""Q"": [[3000.0, 0.0, 0.0, 0.0], [0.0, 0.0, 0.0, 0.0], [0.0, 0.0, 3000.0, 0.0], [0.0, 0.0, 0.0, 0.0]], ""R"": [[500.0, 0.0], [0.0, 500.0]], ""P"": [[1000.0, 0.0, 0.0, 0.0], [0.0, 100000.0, 0.0, 0.0], [0.0, 0.0, 1000.0, 0.0], [0.0, 0.0, 0.0, 100000.0]]}","[-0.027254717670810585, 0.11033948955424219, 0.0]",False
3,P13,97e72a24-ca34-4b21-9460-041fe7448ae7,9,1,haply,mpc,seeded_random,3675826489,persist_session,10.0,25.009873952865604,903.792731417,0,1785998352.3130257,434,True,normal,fixed,0.0,-0.15,0.0,0.096,-0.022,0.0,0.0970726835999999,-0.0225086199999999,0.0,0.0038844182,-0.19424987,0.19736764,-1.5072612e-05,-0.00012419504,-0.00011650248,"[1.1206322088222251, 1.5810977745546528, 0.0, 0.0, 0.0, 0.0, 1.8319562797688562, 0.5049975626090203]","[-0.0012020837920353594, 0.0009317696030159999, 0.0]","{""Controller Type"": ""MPC Controller"", ""weight_comfort"": 500.0, ""weight_trajectory"": 3000.0, ""weight_goal"": 1000.0, ""Q"": [[3000.0, 0.0, 0.0, 0.0], [0.0, 0.0, 0.0, 0.0], [0.0, 0.0, 3000.0, 0.0], [0.0, 0.0, 0.0, 0.0]], ""R"": [[500.0, 0.0], [0.0, 500.0]], ""P"": [[1000.0, 0.0, 0.0, 0.0], [0.0, 100000.0, 0.0, 0.0], [0.0, 0.0, 1000.0, 0.0], [0.0, 0.0, 0.0, 100000.0]]}","[-0.044906728853912094, 0.021292821505747715, 0.0]",False
3,P13,97e72a24-ca34-4b21-9460-041fe7448ae7,9,1,haply,mpc,seeded_random,3675826489,persist_session,10.0,25.019712772369388,903.802581334,0,1785998352.3229103,435,True,normal,fixed,0.0,-0.15,0.0,0.096,-0.022,0.0,0.0970726835999999,-0.0225086199999999,0.0,0.0038844182,-0.19424987,0.19736764,-1.704549e-05,-0.00013867709,-0.00013072256,"[1.1206312262144975, 1.581098120980542, 0.0, 0.0, 0.0, 0.0, 1.831955662952409, 0.504997812104569]","[-0.001202082738008165, 0.0009317692892908184, 0.0]","{""Controller Type"": ""MPC Controller"", ""weight_comfort"": 500.0, ""weight_trajectory"": 3000.0, ""weight_goal"": 1000.0, ""Q"": [[3000.0, 0.0, 0.0, 0.0], [0.0, 0.0, 0.0, 0.0], [0.0, 0.0, 3000.0, 0.0], [0.0, 0.0, 0.0, 0.0]], ""R"": [[500.0, 0.0], [0.0, 500.0]], ""P"": [[1000.0, 0.0, 0.0, 0.0], [0.0, 100000.0, 0.0, 0.0], [0.0, 0.0, 1000.0, 0.0], [0.0, 0.0, 0.0, 100000.0]]}","[-0.04490672885391212, 0.021292821505747735, 0.0]",False
3,P13,97e72a24-ca34-4b21-9460-041fe7448ae7,9,1,haply,mpc,seeded_random,3675826489,persist_session,10.0,25.029662694931034,903.812541123,0,1785998352.3330014,436,True,normal,fixed,0.0,-0.15,0.0,0.096,-0.022,0.0,0.0970726835999999,-0.0225086199999999,0.0,0.0038844182,-0.19424987,0.19736764,-1.2208532e-05,-9.9325e-05,-9.3627714e-05,"[1.1206302426249042, 1.5810984677525952, 0.0, 0.0, 0.0, 0.0, 1.8319550455189437, 0.5049980618496946]","[-0.001202081682927739, 0.0009317689752518094, 0.0]","{""Controller Type"": ""MPC Controller"", ""weight_comfort"": 500.0, ""weight_trajectory"": 3000.0, ""weight_goal"": 1000.0, ""Q"": [[3000.0, 0.0, 0.0, 0.0], [0.0, 0.0, 0.0, 0.0], [0.0, 0.0, 3000.0, 0.0], [0.0, 0.0, 0.0, 0.0]], ""R"": [[500.0, 0.0], [0.0, 500.0]], ""P"": [[1000.0, 0.0, 0.0, 0.0], [0.0, 100000.0, 0.0, 0.0], [0.0, 0.0, 1000.0, 0.0], [0.0, 0.0, 0.0, 100000.0]]}","[-0.04490672885391215, 0.02129282150574773, 0.0]",False
3,P13,97e72a24-ca34-4b21-9460-041fe7448ae7,9,1,haply,mpc,seeded_random,3675826489,persist_session,10.0,25.039797391891483,903.822671467,0,1785998352.3429265,437,True,normal,fixed,0.0,-0.15,0.0,0.096,-0.022,0.0,0.0970726835999999,-0.0225086199999999,0.0,0.0038844182,-0.19424987,0.19736764,-8.7385115e-06,-7.109394e-05,-6.701599e-05,"[1.120629258052466, 1.581098814871158, 0.0, 0.0, 0.0, 0.0, 1.8319544274678439, 0.5049983118446468]","[-0.0012020806267930314, 0.000931768660898659, 0.0]","{""Controller Type"": ""MPC Controller"", ""weight_comfort"": 500.0, ""weight_trajectory"": 3000.0, ""weight_goal"": 1000.0, ""Q"": [[3000.0, 0.0, 0.0, 0.0], [0.0, 0.0, 0.0, 0.0], [0.0, 0.0, 3000.0, 0.0], [0.0, 0.0, 0.0, 0.0]], ""R"": [[500.0, 0.0], [0.0, 500.0]], ""P"": [[1000.0, 0.0, 0.0, 0.0], [0.0, 100000.0, 0.0, 0.0], [0.0, 0.0, 1000.0, 0.0], [0.0, 0.0, 0.0, 100000.0]]}","[-0.04490672885391215, 0.02129282150574774, 0.0]",False
3,P13,97e72a24-ca34-4b21-9460-041fe7448ae7,9,1,haply,mpc,seeded_random,3675826489,persist_session,10.0,25.04981335639954,903.832683772,0,1785998352.3530395,438,True,normal,fixed,0.0,-0.15,0.0,0.096,-0.022,0.0,0.0970726835999999,-0.0225086199999999,0.0,0.0038844182,-0.19424987,0.19736764,-6.281699e-06,-5.1106035e-05,-4.8174585e-05,"[1.1206282724962024, 1.581099162336576, 0.0, 0.0, 0.0, 0.0, 1.831953808798492, 0.5049985620896753]","[-0.0012020795696029906, 0.0009317683462310532, 0.0]","{""Controller Type"": ""MPC Controller"", ""weight_comfort"": 500.0, ""weight_trajectory"": 3000.0, ""weight_goal"": 1000.0, ""Q"": [[3000.0, 0.0, 0.0, 0.0], [0.0, 0.0, 0.0, 0.0], [0.0, 0.0, 3000.0, 0.0], [0.0, 0.0, 0.0, 0.0]], ""R"": [[500.0, 0.0], [0.0, 500.0]], ""P"": [[1000.0, 0.0, 0.0, 0.0], [0.0, 100000.0, 0.0, 0.0], [0.0, 0.0, 1000.0, 0.0], [0.0, 0.0, 0.0, 100000.0]]}","[-0.04490672885391213, 0.02129282150574776, 0.0]",False
3,P13,97e72a24-ca34-4b21-9460-041fe7448ae7,9,1,haply,mpc,seeded_random,3675826489,persist_session,10.0,25.059717979431156,903.842591461,0,1785998352.362997,439,True,normal,fixed,0.0,-0.15,0.0,0.096,-0.022,0.0,0.0970726835999999,-0.0225086199999999,0.0,0.0038844182,-0.19424987,0.19736764,-4.5321053e-06,-3.6871865e-05,-3.475689e-05,"[1.1206272859551323, 1.5810995101491951, 0.0, 0.0, 0.0, 0.0, 1.8319531895102699, 0.50499881258503]","[-0.001202078511356564, 0.0009317680312486777, 0.0]","{""Controller Type"": ""MPC Controller"", ""weight_comfort"": 500.0, ""weight_trajectory"": 3000.0, ""weight_goal"": 1000.0, ""Q"": [[3000.0, 0.0, 0.0, 0.0], [0.0, 0.0, 0.0, 0.0], [0.0, 0.0, 3000.0, 0.0], [0.0, 0.0, 0.0, 0.0]], ""R"": [[500.0, 0.0], [0.0, 500.0]], ""P"": [[1000.0, 0.0, 0.0, 0.0], [0.0, 100000.0, 0.0, 0.0], [0.0, 0.0, 1000.0, 0.0], [0.0, 0.0, 0.0, 100000.0]]}","[-0.044906728853912115, 0.02129282150574774, 0.0]",False
3,P13,97e72a24-ca34-4b21-9460-041fe7448ae7,9,1,haply,mpc,seeded_random,3675826489,persist_session,10.0,25.069640722274784,903.852518894,0,1785998352.3729942,440,True,normal,fixed,0.0,-0.15,0.0,0.096,-0.022,0.0,0.0970726835999999,-0.0225086199999999,0.0,0.0038844182,-0.19424987,0.19736764,-3.2639348e-06,-2.6554399e-05,-2.5031237e-05,"[1.120626298428273, 1.5810998583093616, 0.0, 0.0, 0.0, 0.0, 1.831952569602559, 0.5049990633309611]","[-0.0012020774520526975, 0.0009317677159512177, 0.0]","{""Controller Type"": ""MPC Controller"", ""weight_comfort"": 500.0, ""weight_trajectory"": 3000.0, ""weight_goal"": 1000.0, ""Q"": [[3000.0, 0.0, 0.0, 0.0], [0.0, 0.0, 0.0, 0.0], [0.0, 0.0, 3000.0, 0.0], [0.0, 0.0, 0.0, 0.0]], ""R"": [[500.0, 0.0], [0.0, 500.0]], ""P"": [[1000.0, 0.0, 0.0, 0.0], [0.0, 100000.0, 0.0, 0.0], [0.0, 0.0, 1000.0, 0.0], [0.0, 0.0, 0.0, 100000.0]]}","[-0.04490672885391215, 0.02129282150574776, 0.0]",False
3,P13,97e72a24-ca34-4b21-9460-041fe7448ae7,9,1,haply,mpc,seeded_random,3675826489,persist_session,10.0,25.079728927612308,903.862605156,0,1785998352.382993,441,True,normal,fixed,0.0,-0.15,0.0,0.096,-0.022,0.0,0.0970726835999999,-0.0225086199999999,0.0,0.0038844182,-0.19424987,0.19736764,-2.320373e-06,-1.8877856e-05,-1.7795024e-05,"[1.1206253099146415, 1.5811002068174222, 0.0, 0.0, 0.0, 0.0, 1.83195194907474, 0.5049993143277193]","[-0.0012020763916903367, 0.0009317674003383585, 0.0]","{""Controller Type"": ""MPC Controller"", ""weight_comfort"": 500.0, ""weight_trajectory"": 3000.0, ""weight_goal"": 1000.0, ""Q"": [[3000.0, 0.0, 0.0, 0.0], [0.0, 0.0, 0.0, 0.0], [0.0, 0.0, 3000.0, 0.0], [0.0, 0.0, 0.0, 0.0]], ""R"": [[500.0, 0.0], [0.0, 500.0]], ""P"": [[1000.0, 0.0, 0.0, 0.0], [0.0, 100000.0, 0.0, 0.0], [0.0, 0.0, 1000.0, 0.0], [0.0, 0.0, 0.0, 100000.0]]}","[-0.044906728853912135, 0.021292821505747735, 0.0]",False
3,P13,97e72a24-ca34-4b21-9460-041fe7448ae7,9,1,haply,mpc,seeded_random,3675826489,persist_session,10.0,25.089691724777225,903.872571188,0,1785998352.3929937,442,True,normal,fixed,0.0,-0.15,0.0,0.096,-0.022,0.0,0.0970726835999999,-0.0225086199999999,0.0,0.0038844182,-0.19424987,0.19736764,-1.6795035e-06,-1.3663929e-05,-1.288017e-05,"[1.1206243204132533, 1.581100555673724, 0.0, 0.0, 0.0, 0.0, 1.831951327926193, 0.5049995655755551]","[-0.0012020753302684254, 0.0009317670844097845, 0.0]","{""Controller Type"": ""MPC Controller"", ""weight_comfort"": 500.0, ""weight_trajectory"": 3000.0, ""weight_goal"": 1000.0, ""Q"": [[3000.0, 0.0, 0.0, 0.0], [0.0, 0.0, 0.0, 0.0], [0.0, 0.0, 3000.0, 0.0], [0.0, 0.0, 0.0, 0.0]], ""R"": [[500.0, 0.0], [0.0, 500.0]], ""P"": [[1000.0, 0.0, 0.0, 0.0], [0.0, 100000.0, 0.0, 0.0], [0.0, 0.0, 1000.0, 0.0], [0.0, 0.0, 0.0, 100000.0]]}","[-0.044906728853912115, 0.02129282150574776, 0.0]",False
3,P13,97e72a24-ca34-4b21-9460-041fe7448ae7,9,1,haply,mpc,seeded_random,3675826489,persist_session,10.0,25.09964665412903,903.882523598,0,1785998352.4030287,443,True,normal,fixed,0.0,-0.15,0.0,0.096,-0.022,0.0,0.0970726835999999,-0.0225086199999999,0.0,0.0038844182,-0.19424987,0.19736764,-1.2014438e-06,-9.77458e-06,-9.213913e-06,"[1.1206233299231234, 1.5811009048786144, 0.0, 0.0, 0.0, 0.0, 1.8319507061562976, 0.5049998170747197]","[-0.001202074267785907, 0.0009317667681651803, 0.0]","{""Controller Type"": ""MPC Controller"", ""weight_comfort"": 500.0, ""weight_trajectory"": 3000.0, ""weight_goal"": 1000.0, ""Q"": [[3000.0, 0.0, 0.0, 0.0], [0.0, 0.0, 0.0, 0.0], [0.0, 0.0, 3000.0, 0.0], [0.0, 0.0, 0.0, 0.0]], ""R"": [[500.0, 0.0], [0.0, 500.0]], ""P"": [[1000.0, 0.0, 0.0, 0.0], [0.0, 100000.0, 0.0, 0.0], [0.0, 0.0, 1000.0, 0.0], [0.0, 0.0, 0.0, 100000.0]]}","[-0.04490672885391215, 0.021292821505747735, 0.0]",False
3,P13,97e72a24-ca34-4b21-9460-041fe7448ae7,9,1,haply,mpc,seeded_random,3675826489,persist_session,10.0,25.109734621047977,903.892611577,0,1785998352.4130712,444,True,normal,fixed,0.0,-0.15,0.0,0.096,-0.022,0.0,0.0970726835999999,-0.0225086199999999,0.0,0.0038844182,-0.19424987,0.19736764,-8.6879726e-07,-7.06827e-06,-6.662836e-06,"[1.1206223384432654, 1.581101254432441, 0.0, 0.0, 0.0, 0.0, 1.8319500837644327, 0.5050000688254642]","[-0.0012020732042417237, 0.00093176645160423, 0.0]","{""Controller Type"": ""MPC Controller"", ""weight_comfort"": 500.0, ""weight_trajectory"": 3000.0, ""weight_goal"": 1000.0, ""Q"": [[3000.0, 0.0, 0.0, 0.0], [0.0, 0.0, 0.0, 0.0], [0.0, 0.0, 3000.0, 0.0], [0.0, 0.0, 0.0, 0.0]], ""R"": [[500.0, 0.0], [0.0, 500.0]], ""P"": [[1000.0, 0.0, 0.0, 0.0], [0.0, 100000.0, 0.0, 0.0], [0.0, 0.0, 1000.0, 0.0], [0.0, 0.0, 0.0, 100000.0]]}","[-0.044906728853912135, 0.021292821505747742, 0.0]",False
3,P13,97e72a24-ca34-4b21-9460-041fe7448ae7,9,1,haply,mpc,seeded_random,3675826489,persist_session,10.0,25.11977585792542,903.90264987,0,1785998352.4230292,445,True,normal,fixed,0.0,-0.15,0.0,0.096,-0.022,0.0,0.0970726835999999,-0.0225086199999999,0.0,0.0038844182,-0.19424987,0.19736764,-6.216971e-07,-5.057936e-06,-4.767814e-06,"[1.1206213459726921, 1.5811016043355517, 0.0, 0.0, 0.0, 0.0, 1.8319494607499764, 0.5050003208280401]","[-0.0012020721396348163, 0.0009317661347266172, 0.0]","{""Controller Type"": ""MPC Controller"", ""weight_comfort"": 500.0, ""weight_trajectory"": 3000.0, ""weight_goal"": 1000.0, ""Q"": [[3000.0, 0.0, 0.0, 0.0], [0.0, 0.0, 0.0, 0.0], [0.0, 0.0, 3000.0, 0.0], [0.0, 0.0, 0.0, 0.0]], ""R"": [[500.0, 0.0], [0.0, 500.0]], ""P"": [[1000.0, 0.0, 0.0, 0.0], [0.0, 100000.0, 0.0, 0.0], [0.0, 0.0, 1000.0, 0.0], [0.0, 0.0, 0.0, 100000.0]]}","[-0.044906728853912115, 0.021292821505747742, 0.0]",False
3,P13,97e72a24-ca34-4b21-9460-041fe7448ae7,9,1,haply,mpc,seeded_random,3675826489,persist_session,10.0,25.12971862792969,903.912594425,0,1785998352.433018,446,True,normal,fixed,0.0,-0.15,0.0,0.096,-0.022,0.0,0.0970726835999999,-0.0225086199999999,0.0,0.0038844182,-0.19424987,0.19736764,-4.48197e-07,-3.646394e-06,-3.4372374e-06,"[1.1206203525104155, 1.5811019545882952, 0.0, 0.0, 0.0, 0.0, 1.8319488371123065, 0.5050005730826993]","[-0.0012020710739641248, 0.0009317658175320256, 0.0]","{""Controller Type"": ""MPC Controller"", ""weight_comfort"": 500.0, ""weight_trajectory"": 3000.0, ""weight_goal"": 1000.0, ""Q"": [[3000.0, 0.0, 0.0, 0.0], [0.0, 0.0, 0.0, 0.0], [0.0, 0.0, 3000.0, 0.0], [0.0, 0.0, 0.0, 0.0]], ""R"": [[500.0, 0.0], [0.0, 500.0]], ""P"": [[1000.0, 0.0, 0.0, 0.0], [0.0, 100000.0, 0.0, 0.0], [0.0, 0.0, 1000.0, 0.0], [0.0, 0.0, 0.0, 100000.0]]}","[-0.04490672885391215, 0.02129282150574773, 0.0]",False
3,P13,97e72a24-ca34-4b21-9460-041fe7448ae7,9,1,haply,mpc,seeded_random,3675826489,persist_session,10.0,25.139648523330692,903.922528186,0,1785998352.44302,447,True,normal,fixed,0.0,-0.15,0.0,0.096,-0.022,0.0,0.0970726835999999,-0.0225086199999999,0.0,0.0038844182,-0.19424987,0.19736764,-3.2019128e-07,-2.6049781e-06,-2.4555573e-06,"[1.1206193580554462, 1.58110230519102, 0.0, 0.0, 0.0, 0.0, 1.8319482128507998, 0.5050008255896936]","[-0.0012020700072285883, 0.000931765500020138, 0.0]","{""Controller Type"": ""MPC Controller"", ""weight_comfort"": 500.0, ""weight_trajectory"": 3000.0, ""weight_goal"": 1000.0, ""Q"": [[3000.0, 0.0, 0.0, 0.0], [0.0, 0.0, 0.0, 0.0], [0.0, 0.0, 3000.0, 0.0], [0.0, 0.0, 0.0, 0.0]], ""R"": [[500.0, 0.0], [0.0, 500.0]], ""P"": [[1000.0, 0.0, 0.0, 0.0], [0.0, 100000.0, 0.0, 0.0], [0.0, 0.0, 1000.0, 0.0], [0.0, 0.0, 0.0, 100000.0]]}","[-0.044906728853912135, 0.021292821505747732, 0.0]",False
3,P13,97e72a24-ca34-4b21-9460-041fe7448ae7,9,1,haply,mpc,seeded_random,3675826489,persist_session,10.0,25.149759140014652,903.932642029,0,1785998352.4529085,448,True,normal,fixed,0.0,-0.15,0.0,0.096,-0.022,0.0,0.0970726835999999,-0.0225086199999999,0.0,0.0038844182,-0.19424987,0.19736764,-2.3074944e-07,-1.8773069e-06,-1.7696253e-06,"[1.1206183626067943, 1.5811026561440753, 0.0, 0.0, 0.0, 0.0, 1.8319475879648328, 0.5050010783492753]","[-0.0012020689394271447, 0.0009317651821906374, 0.0]","{""Controller Type"": ""MPC Controller"", ""weight_comfort"": 500.0, ""weight_trajectory"": 3000.0, ""weight_goal"": 1000.0, ""Q"": [[3000.0, 0.0, 0.0, 0.0], [0.0, 0.0, 0.0, 0.0], [0.0, 0.0, 3000.0, 0.0], [0.0, 0.0, 0.0, 0.0]], ""R"": [[500.0, 0.0], [0.0, 500.0]], ""P"": [[1000.0, 0.0, 0.0, 0.0], [0.0, 100000.0, 0.0, 0.0], [0.0, 0.0, 1000.0, 0.0], [0.0, 0.0, 0.0, 100000.0]]}","[-0.044906728853912115, 0.02129282150574776, 0.0]",False
3,P13,97e72a24-ca34-4b21-9460-041fe7448ae7,9,1,haply,mpc,seeded_random,3675826489,persist_session,10.0,25.159800376892093,903.942672951,0,1785998352.4630356,449,True,normal,fixed,0.0,-0.15,0.0,0.096,-0.022,0.0,0.0970726835999999,-0.0225086199999999,0.0,0.0038844182,-0.19424987,0.19736764,-1.6484364e-07,-1.3411175e-06,-1.2641915e-06,"[1.1206173661634682, 1.5811030074478105, 0.0, 0.0, 0.0, 0.0, 1.8319469624537812, 0.5050013313616969]","[-0.0012020678705587306, 0.0009317648640432064, 0.0]","{""Controller Type"": ""MPC Controller"", ""weight_comfort"": 500.0, ""weight_trajectory"": 3000.0, ""weight_goal"": 1000.0, ""Q"": [[3000.0, 0.0, 0.0, 0.0], [0.0, 0.0, 0.0, 0.0], [0.0, 0.0, 3000.0, 0.0], [0.0, 0.0, 0.0, 0.0]], ""R"": [[500.0, 0.0], [0.0, 500.0]], ""P"": [[1000.0, 0.0, 0.0, 0.0], [0.0, 100000.0, 0.0, 0.0], [0.0, 0.0, 1000.0, 0.0], [0.0, 0.0, 0.0, 100000.0]]}","[-0.04490672885391215, 0.02129282150574774, 0.0]",False
