schema_version,participant_id,session_id,trial_id,attempt_id,input_source,controller_family,order_strategy,order_seed,estimator_state_policy,max_control_amplitude,timestamp,monotonic_timestamp,missed_cycle_count,cursor_timestamp,cursor_sample_sequence,study_running,study_phase,study_controller_mode,start_x,start_y,start_z,end_x,end_y,end_z,cursor_x,cursor_y,cursor_z,haply_pos_x,haply_pos_y,haply_pos_z,haply_vel_x,haply_vel_y,haply_vel_z,K_h,u_h,K_a,u_a,endpoint_reached
3,P05,2e6a0a77-88d8-4501-ab04-4d78b67d0190,24,1,haply,mpc,seeded_random,756517391,persist_session,10.0,22.338367042541506,10719.301450667,0,1785938061.1434472,1033.0,True,normal,adaptive,-0.08,0.08,0.0,-0.08,-0.08,0.0,-0.0800898441,0.07843808,0.0,-0.024202866,-0.13059467,0.2668301,-2.8668775e-05,9.782172e-06,7.9780517e-07,,,"{""Controller Type"": ""MPC Controller"", ""weight_comfort"": 500.0, ""weight_trajectory"": 3000.0, ""weight_goal"": 1000.0, ""Q"": [[3000.0, 0.0, 0.0, 0.0], [0.0, 0.0, 0.0, 0.0], [0.0, 0.0, 3000.0, 0.0], [0.0, 0.0, 0.0, 0.0]], ""R"": [[500.0, 0.0], [0.0, 500.0]], ""P"": [[1000.0, 0.0, 0.0, 0.0], [0.0, 100000.0, 0.0, 0.0], [0.0, 0.0, 1000.0, 0.0], [0.0, 0.0, 0.0, 100000.0]]}","[1.0977368152728634e-05, -0.015359758393944569, 0.0]",
3,P05,2e6a0a77-88d8-4501-ab04-4d78b67d0190,24,1,haply,mpc,seeded_random,756517391,persist_session,10.0,22.34826975822449,10719.311337791,0,1785938061.1533017,1034.0,True,normal,adaptive,-0.08,0.08,0.0,-0.08,-0.08,0.0,-0.0800898441,0.07843808,0.0,-0.024202866,-0.13059467,0.2668301,-3.4337147e-05,9.566749e-06,5.738791e-07,"[0.11313617084479619, 0.1131370849898476, 0.0, 0.0, 0.0, 0.0, 0.004330149830304983, 0.1131370849898476]",,"{""Controller Type"": ""MPC Controller"", ""weight_comfort"": 500.0, ""weight_trajectory"": 3000.0, ""weight_goal"": 1000.0, ""Q"": [[3000.0, 0.0, 0.0, 0.0], [0.0, 0.0, 0.0, 0.0], [0.0, 0.0, 3000.0, 0.0], [0.0, 0.0, 0.0, 0.0]], ""R"": [[500.0, 0.0], [0.0, 500.0]], ""P"": [[1000.0, 0.0, 0.0, 0.0], [0.0, 100000.0, 0.0, 0.0], [0.0, 0.0, 1000.0, 0.0], [0.0, 0.0, 0.0, 100000.0]]}","[1.0977368611151265e-05, -0.015359758393083003, 0.0]",
3,P05,2e6a0a77-88d8-4501-ab04-4d78b67d0190,24,1,haply,mpc,seeded_random,756517391,persist_session,10.0,22.358033237457278,10719.321120719,0,1785938061.163157,1035.0,True,normal,adaptive,-0.08,0.08,0.0,-0.08,-0.08,0.0,-0.0800898441,0.07843808,0.0,-0.024262095,-0.13058366,0.26683012,-3.7517624e-05,9.293582e-06,4.2002372e-07,"[0.11313525579947926, 0.1131370849898476, 0.0, 0.0, 0.0, 0.0, 0.00220623306403436, 0.1131370849898476]","[1.0164535235573993e-05, -0.00034955133069812115, 0.0]","{""Controller Type"": ""MPC Controller"", ""weight_comfort"": 499.5233523851851, ""weight_trajectory"": 3002.8598856888893, ""weight_goal"": 1000.0, ""Q"": [[3002.8598856888893, 0.0, 0.0, 0.0], [0.0, 0.0, 0.0, 0.0], [0.0, 0.0, 3002.8598856888893, 0.0], [0.0, 0.0, 0.0, 0.0]], ""R"": [[499.5233523851851, 0.0], [0.0, 499.5233523851851]], ""P"": [[1000.0, 0.0, 0.0, 0.0], [0.0, 100000.0, 0.0, 0.0], [0.0, 0.0, 1000.0, 0.0], [0.0, 0.0, 0.0, 100000.0]]}","[1.0984575461075046e-05, -0.01536683436851436, 0.0]",
3,P05,2e6a0a77-88d8-4501-ab04-4d78b67d0190,24,1,haply,mpc,seeded_random,756517391,persist_session,10.0,22.367993173599245,10719.331083945,0,1785938061.1732454,1036.0,True,normal,adaptive,-0.08,0.08,0.0,-0.08,-0.08,0.0,-0.0802675311,0.07843812,0.0,-0.024239931,-0.13052239,0.2668417,-4.2830558e-05,4.1574516e-05,5.9577264e-06,"[-0.2437382277779736, 23.608302366548823, 0.0, 0.0, 0.0, 0.0, 0.000663786288411142, 0.11313906441879155]","[-0.41587645892654596, -0.00010472046284777741, 0.0]","{""Controller Type"": ""MPC Controller"", ""weight_comfort"": 499.5233523851851, ""weight_trajectory"": 3002.8598856888893, ""weight_goal"": 1000.0, ""Q"": [[3002.8598856888893, 0.0, 0.0, 0.0], [0.0, 0.0, 0.0, 0.0], [0.0, 0.0, 3002.8598856888893, 0.0], [0.0, 0.0, 0.0, 0.0]], ""R"": [[499.5233523851851, 0.0], [0.0, 499.5233523851851]], ""P"": [[1000.0, 0.0, 0.0, 0.0], [0.0, 100000.0, 0.0, 0.0], [0.0, 0.0, 1000.0, 0.0], [0.0, 0.0, 0.0, 100000.0]]}","[0.000506323287312775, -0.015366796128318674, 0.0]",
3,P05,2e6a0a77-88d8-4501-ab04-4d78b67d0190,24,1,haply,mpc,seeded_random,756517391,persist_session,10.0,22.378204164505007,10719.341284758,0,1785938061.1834133,1037.0,True,normal,adaptive,-0.08,0.08,0.0,-0.08,-0.08,0.0,-0.0802010391,0.07846128,0.0,-0.024239931,-0.13052239,0.2668417,-4.2830558e-05,4.1574516e-05,5.9577264e-06,"[0.24119125892948962, 34.37884711499951, 0.0, 0.0, 0.0, 0.0, -0.3476729956129262, 0.49575957426579464]","[-0.41587645892654596, -0.00010472046284777741, 0.0]","{""Controller Type"": ""MPC Controller"", ""weight_comfort"": 499.5233523851851, ""weight_trajectory"": 3002.8598856888893, ""weight_goal"": 1000.0, ""Q"": [[3002.8598856888893, 0.0, 0.0, 0.0], [0.0, 0.0, 0.0, 0.0], [0.0, 0.0, 3002.8598856888893, 0.0], [0.0, 0.0, 0.0, 0.0]], ""R"": [[499.5233523851851, 0.0], [0.0, 499.5233523851851]], ""P"": [[1000.0, 0.0, 0.0, 0.0], [0.0, 100000.0, 0.0, 0.0], [0.0, 0.0, 1000.0, 0.0], [0.0, 0.0, 0.0, 100000.0]]}","[-0.00015042205755663867, -0.015343952122488142, 0.0]",
3,P05,2e6a0a77-88d8-4501-ab04-4d78b67d0190,24,1,haply,mpc,seeded_random,756517391,persist_session,10.0,22.38802510261536,10719.35112334,0,1785938061.1932306,1038.0,True,normal,adaptive,-0.08,0.08,0.0,-0.08,-0.08,0.0,-0.0802010391,0.07846128,0.0,-0.024276974,-0.13045013,0.26685327,-0.00043827013,0.0002452574,2.8989574e-05,"[0.10661731387791878, 34.37850859257619, 0.0, 0.0, 0.0, 0.0, 0.012996047465109017, 0.626009688106343]","[2.1434248826433713e-05, -0.0020593703162619307, 0.0]","{""Controller Type"": ""MPC Controller"", ""weight_comfort"": 295.16884177347623, ""weight_trajectory"": 4228.986949359142, ""weight_goal"": 1000.0, ""Q"": [[4228.986949359142, 0.0, 0.0, 0.0], [0.0, 0.0, 0.0, 0.0], [0.0, 0.0, 4228.986949359142, 0.0], [0.0, 0.0, 0.0, 0.0]], ""R"": [[295.16884177347623, 0.0], [0.0, 295.16884177347623]], ""P"": [[1000.0, 0.0, 0.0, 0.0], [0.0, 100000.0, 0.0, 0.0], [0.0, 0.0, 1000.0, 0.0], [0.0, 0.0, 0.0, 100000.0]]}","[3.2774507396801436e-05, -0.018574160806113852, 0.0]",
3,P05,2e6a0a77-88d8-4501-ab04-4d78b67d0190,24,1,haply,mpc,seeded_random,756517391,persist_session,10.0,22.39821725845337,10719.361299729,0,1785938061.2031069,1039.0,True,normal,adaptive,-0.08,0.08,0.0,-0.08,-0.08,0.0,-0.0803121681,0.0784844199999999,0.0,-0.024336139,-0.1304391,0.2668533,-0.00079358136,0.00039477242,4.3714062e-05,"[0.10661731387791878, 34.37850859257619, 0.0, 0.0, 0.0, 0.0, 0.012996047465109017, 0.626009688106343]","[2.1434248826433713e-05, -0.0020593703162619307, 0.0]","{""Controller Type"": ""MPC Controller"", ""weight_comfort"": 295.16884177347623, ""weight_trajectory"": 4228.986949359142, ""weight_goal"": 1000.0, ""Q"": [[4228.986949359142, 0.0, 0.0, 0.0], [0.0, 0.0, 0.0, 0.0], [0.0, 0.0, 4228.986949359142, 0.0], [0.0, 0.0, 0.0, 0.0]], ""R"": [[295.16884177347623, 0.0], [0.0, 295.16884177347623]], ""P"": [[1000.0, 0.0, 0.0, 0.0], [0.0, 100000.0, 0.0, 0.0], [0.0, 0.0, 1000.0, 0.0], [0.0, 0.0, 0.0, 100000.0]]}","[0.0003950005561087756, -0.018544853817122807, 0.0]",
3,P05,2e6a0a77-88d8-4501-ab04-4d78b67d0190,24,1,haply,mpc,seeded_random,756517391,persist_session,10.0,22.4080658531189,10719.37116005,0,1785938061.21338,1040.0,True,normal,adaptive,-0.08,0.08,0.0,-0.08,-0.08,0.0,-0.0804896631,0.07848448,0.0,-0.024313925,-0.13037784,0.2668648,-0.001088416,0.00052860775,5.7605022e-05,"[-0.05321376801103207, 39.08479566165728, 0.0, 0.0, 0.0, 0.0, 0.004345793415286625, 1.173018734490615]","[-0.6753116101242252, -0.0006818898771066352, 0.0]","{""Controller Type"": ""MPC Controller"", ""weight_comfort"": 295.16884177347623, ""weight_trajectory"": 4228.986949359142, ""weight_goal"": 1000.0, ""Q"": [[4228.986949359142, 0.0, 0.0, 0.0], [0.0, 0.0, 0.0, 0.0], [0.0, 0.0, 4228.986949359142, 0.0], [0.0, 0.0, 0.0, 0.0]], ""R"": [[295.16884177347623, 0.0], [0.0, 295.16884177347623]], ""P"": [[1000.0, 0.0, 0.0, 0.0], [0.0, 100000.0, 0.0, 0.0], [0.0, 0.0, 1000.0, 0.0], [0.0, 0.0, 0.0, 100000.0]]}","[0.0003950005561087756, -0.018544853817122807, 0.0]",
3,P05,2e6a0a77-88d8-4501-ab04-4d78b67d0190,24,1,haply,mpc,seeded_random,756517391,persist_session,10.0,22.41825610160828,10719.381347094,0,1785938061.2231517,1041.0,True,normal,adaptive,-0.08,0.08,0.0,-0.08,-0.08,0.0,-0.0804230210999999,0.07850748,0.0,-0.024313925,-0.13037784,0.2668648,-0.0012864993,0.0006478662,7.208912e-05,"[-0.05321376801103207, 39.08479566165728, 0.0, 0.0, 0.0, 0.0, 0.004345793415286625, 1.173018734490615]","[-0.6753116101242252, -0.0006818898771066352, 0.0]","{""Controller Type"": ""MPC Controller"", ""weight_comfort"": 258.88481033381, ""weight_trajectory"": 4446.691137997141, ""weight_goal"": 1000.0, ""Q"": [[4446.691137997141, 0.0, 0.0, 0.0], [0.0, 0.0, 0.0, 0.0], [0.0, 0.0, 4446.691137997141, 0.0], [0.0, 0.0, 0.0, 0.0]], ""R"": [[258.88481033381, 0.0], [0.0, 258.88481033381]], ""P"": [[1000.0, 0.0, 0.0, 0.0], [0.0, 100000.0, 0.0, 0.0], [0.0, 0.0, 1000.0, 0.0], [0.0, 0.0, 0.0, 100000.0]]}","[-0.00014134374362045906, -0.019097842010211478, 0.0]",False
3,P05,2e6a0a77-88d8-4501-ab04-4d78b67d0190,24,1,haply,mpc,seeded_random,756517391,persist_session,10.0,22.428149995803835,10719.391239138,0,1785938061.2333262,1042.0,True,normal,adaptive,-0.08,0.08,0.0,-0.08,-0.08,0.0,-0.0804230210999999,0.07850748,0.0,-0.024313925,-0.13037784,0.2668648,-0.0012864993,0.0006478662,7.208912e-05,"[0.7017874411866709, 47.35774462018143, 0.0, 0.0, 0.0, 0.0, 0.0019156245969527697, 1.7264742030944416]","[0.32341006011043666, 0.03234451509615421, 0.0]","{""Controller Type"": ""MPC Controller"", ""weight_comfort"": 258.88481033381, ""weight_trajectory"": 4446.691137997141, ""weight_goal"": 1000.0, ""Q"": [[4446.691137997141, 0.0, 0.0, 0.0], [0.0, 0.0, 0.0, 0.0], [0.0, 0.0, 4446.691137997141, 0.0], [0.0, 0.0, 0.0, 0.0]], ""R"": [[258.88481033381, 0.0], [0.0, 258.88481033381]], ""P"": [[1000.0, 0.0, 0.0, 0.0], [0.0, 100000.0, 0.0, 0.0], [0.0, 0.0, 1000.0, 0.0], [0.0, 0.0, 0.0, 100000.0]]}","[7.227734430415901e-05, -0.019024115455979332, 0.0]",False
3,P05,2e6a0a77-88d8-4501-ab04-4d78b67d0190,24,1,haply,mpc,seeded_random,756517391,persist_session,10.0,22.438218889236452,10719.401306029,0,1785938061.2431436,1043.0,True,normal,adaptive,-0.08,0.08,0.0,-0.08,-0.08,0.0,-0.0804230210999999,0.07850748,0.0,-0.024313925,-0.13037784,0.2668648,-0.0009680346,0.0016839139,0.00026493438,"[0.7017874411866709, 47.35774462018143, 0.0, 0.0, 0.0, 0.0, 0.0019156245969527697, 1.7264742030944416]","[0.0002968708953369638, -0.00030364082748899924, 0.0]","{""Controller Type"": ""MPC Controller"", ""weight_comfort"": 258.88481033381, ""weight_trajectory"": 4446.691137997141, ""weight_goal"": 1000.0, ""Q"": [[4446.691137997141, 0.0, 0.0, 0.0], [0.0, 0.0, 0.0, 0.0], [0.0, 0.0, 4446.691137997141, 0.0], [0.0, 0.0, 0.0, 0.0]], ""R"": [[258.88481033381, 0.0], [0.0, 258.88481033381]], ""P"": [[1000.0, 0.0, 0.0, 0.0], [0.0, 100000.0, 0.0, 0.0], [0.0, 0.0, 1000.0, 0.0], [0.0, 0.0, 0.0, 100000.0]]}","[7.227734430411202e-05, -0.019024115455979533, 0.0]",False
3,P05,2e6a0a77-88d8-4501-ab04-4d78b67d0190,24,1,haply,mpc,seeded_random,756517391,persist_session,10.0,22.447996435165408,10719.411076016,0,1785938061.2532022,1044.0,True,normal,adaptive,-0.08,0.08,0.0,-0.08,-0.08,0.0,-0.0804230210999999,0.07850748,0.0,-0.024313925,-0.13037784,0.2668648,-0.0005268215,0.0017002645,0.00028224324,"[0.7015339137092866, 47.35774288032711, 0.0, 0.0, 0.0, 0.0, 0.0015653430007830313, 1.72609039224326]","[0.0002967636478646005, -0.0002481185743897564, 0.0]","{""Controller Type"": ""MPC Controller"", ""weight_comfort"": 210.77133649017026, ""weight_trajectory"": 4735.371981058979, ""weight_goal"": 1000.0, ""Q"": [[4735.371981058979, 0.0, 0.0, 0.0], [0.0, 0.0, 0.0, 0.0], [0.0, 0.0, 4735.371981058979, 0.0], [0.0, 0.0, 0.0, 0.0]], ""R"": [[210.77133649017026, 0.0], [0.0, 210.77133649017026]], ""P"": [[1000.0, 0.0, 0.0, 0.0], [0.0, 100000.0, 0.0, 0.0], [0.0, 0.0, 1000.0, 0.0], [0.0, 0.0, 0.0, 100000.0]]}","[7.854692188330052e-05, -0.019928115290141536, 0.0]",False
3,P05,2e6a0a77-88d8-4501-ab04-4d78b67d0190,24,1,haply,mpc,seeded_random,756517391,persist_session,10.0,22.458458480834963,10719.421543135,0,1785938061.2630637,1045.0,True,normal,adaptive,-0.08,0.08,0.0,-0.08,-0.08,0.0,-0.0804230210999999,0.07850748,0.0,-0.024313925,-0.13037784,0.2668648,-0.00037816027,0.0012204752,0.00020259838,"[0.7014070284199925, 47.3577420095658, 0.0, 0.0, 0.0, 0.0, 0.0014340357769600267, 1.7259465161792793]","[0.0002967636478646005, -0.0002481185743897564, 0.0]","{""Controller Type"": ""MPC Controller"", ""weight_comfort"": 210.77133649017026, ""weight_trajectory"": 4735.371981058979, ""weight_goal"": 1000.0, ""Q"": [[4735.371981058979, 0.0, 0.0, 0.0], [0.0, 0.0, 0.0, 0.0], [0.0, 0.0, 4735.371981058979, 0.0], [0.0, 0.0, 0.0, 0.0]], ""R"": [[210.77133649017026, 0.0], [0.0, 210.77133649017026]], ""P"": [[1000.0, 0.0, 0.0, 0.0], [0.0, 100000.0, 0.0, 0.0], [0.0, 0.0, 1000.0, 0.0], [0.0, 0.0, 0.0, 100000.0]]}","[7.854692193172962e-05, -0.01992811528989458, 0.0]",False
3,P05,2e6a0a77-88d8-4501-ab04-4d78b67d0190,24,1,haply,mpc,seeded_random,756517391,persist_session,10.0,22.46806865692139,10719.431146579,0,1785938061.273185,1046.0,True,normal,adaptive,-0.08,0.08,0.0,-0.08,-0.08,0.0,-0.0804230210999999,0.07850748,0.0,-0.024313925,-0.13037784,0.2668648,-0.00027046876,0.0008729113,0.0001449029,"[0.7012800620780849, 47.35774113824826, 0.0, 0.0, 0.0, 0.0, 0.0013229503329336685, 1.7258247975412127]","[0.00029665626326833277, -0.00020969752343847684, 0.0]","{""Controller Type"": ""MPC Controller"", ""weight_comfort"": 210.77133649017026, ""weight_trajectory"": 4735.371981058979, ""weight_goal"": 1000.0, ""Q"": [[4735.371981058979, 0.0, 0.0, 0.0], [0.0, 0.0, 0.0, 0.0], [0.0, 0.0, 4735.371981058979, 0.0], [0.0, 0.0, 0.0, 0.0]], ""R"": [[210.77133649017026, 0.0], [0.0, 210.77133649017026]], ""P"": [[1000.0, 0.0, 0.0, 0.0], [0.0, 100000.0, 0.0, 0.0], [0.0, 0.0, 1000.0, 0.0], [0.0, 0.0, 0.0, 100000.0]]}","[7.854692193173037e-05, -0.01992811528989458, 0.0]",False
3,P05,2e6a0a77-88d8-4501-ab04-4d78b67d0190,24,1,haply,mpc,seeded_random,756517391,persist_session,10.0,22.478257951736452,10719.44133401,0,1785938061.2831492,1047.0,True,normal,adaptive,-0.08,0.08,0.0,-0.08,-0.08,0.0,-0.0804230210999999,0.07850748,0.0,-0.024313925,-0.13037784,0.2668648,-0.00019455039,0.0006278921,0.000104229825,"[0.7011530146694838, 47.35774026637439, 0.0, 0.0, 0.0, 0.0, 0.0012277493579130605, 1.7257204838471576]","[0.00029665626326833277, -0.00020969752343847684, 0.0]","{""Controller Type"": ""MPC Controller"", ""weight_comfort"": 210.7681269783458, ""weight_trajectory"": 4735.391238129925, ""weight_goal"": 1000.0, ""Q"": [[4735.391238129925, 0.0, 0.0, 0.0], [0.0, 0.0, 0.0, 0.0], [0.0, 0.0, 4735.391238129925, 0.0], [0.0, 0.0, 0.0, 0.0]], ""R"": [[210.7681269783458, 0.0], [0.0, 210.7681269783458]], ""P"": [[1000.0, 0.0, 0.0, 0.0], [0.0, 100000.0, 0.0, 0.0], [0.0, 0.0, 1000.0, 0.0], [0.0, 0.0, 0.0, 100000.0]]}","[7.854738145123271e-05, -0.019928177107211266, 0.0]",False
3,P05,2e6a0a77-88d8-4501-ab04-4d78b67d0190,24,1,haply,mpc,seeded_random,756517391,persist_session,10.0,22.48800045013428,10719.451095256,0,1785938061.2936697,1048.0,True,normal,adaptive,-0.08,0.08,0.0,-0.08,-0.08,0.0,-0.0804230210999999,0.07850748,0.0,-0.024336139,-0.1304391,0.2668533,-8.106789e-05,0.00060821424,0.000104545354,"[0.7010258861801721, 47.3577393939441, 0.0, 0.0, 0.0, 0.0, 0.001145253171748013, 1.7256300910552511]","[0.00029654874150040426, -0.00018153119421578478, 0.0]","{""Controller Type"": ""MPC Controller"", ""weight_comfort"": 210.7681269783458, ""weight_trajectory"": 4735.391238129925, ""weight_goal"": 1000.0, ""Q"": [[4735.391238129925, 0.0, 0.0, 0.0], [0.0, 0.0, 0.0, 0.0], [0.0, 0.0, 4735.391238129925, 0.0], [0.0, 0.0, 0.0, 0.0]], ""R"": [[210.7681269783458, 0.0], [0.0, 210.7681269783458]], ""P"": [[1000.0, 0.0, 0.0, 0.0], [0.0, 100000.0, 0.0, 0.0], [0.0, 0.0, 1000.0, 0.0], [0.0, 0.0, 0.0, 100000.0]]}","[7.854738145123557e-05, -0.01992817710721125, 0.0]",False
3,P05,2e6a0a77-88d8-4501-ab04-4d78b67d0190,24,1,haply,mpc,seeded_random,756517391,persist_session,10.0,22.498180685043337,10719.461271295,0,1785938061.3034751,1049.0,True,normal,adaptive,-0.08,0.08,0.0,-0.08,-0.08,0.0,-0.0804896631,0.07848448,0.0,-0.024358328,-0.13050029,0.26684174,-6.420851e-08,0.0006123056,0.00010799337,"[0.5382712322115765, 48.72431045247156, 0.0, 0.0, 0.0, 0.0, 0.09539355476373224, 2.3415424969621004]","[0.00029654874150040426, -0.00018153119421578478, 0.0]","{""Controller Type"": ""MPC Controller"", ""weight_comfort"": 210.7681269783458, ""weight_trajectory"": 4735.391238129925, ""weight_goal"": 1000.0, ""Q"": [[4735.391238129925, 0.0, 0.0, 0.0], [0.0, 0.0, 0.0, 0.0], [0.0, 0.0, 4735.391238129925, 0.0], [0.0, 0.0, 0.0, 0.0]], ""R"": [[210.7681269783458, 0.0], [0.0, 210.7681269783458]], ""P"": [[1000.0, 0.0, 0.0, 0.0], [0.0, 100000.0, 0.0, 0.0], [0.0, 0.0, 1000.0, 0.0], [0.0, 0.0, 0.0, 100000.0]]}","[0.0003145403694926072, -0.019959491877907857, 0.0]",False
3,P05,2e6a0a77-88d8-4501-ab04-4d78b67d0190,24,1,haply,mpc,seeded_random,756517391,persist_session,10.0,22.507941780090334,10719.471035217,0,1785938061.3134809,1050.0,True,normal,adaptive,-0.08,0.08,0.0,-0.08,-0.08,0.0,-0.0805562300999999,0.0784613599999999,0.0,-0.024358328,-0.13050029,0.26684174,1.11735535e-05,0.00046079818,8.165843e-05,"[0.7057539709962097, 47.53465272617473, 0.0, 0.0, 0.0, 0.0, 0.08638171344745763, 2.2834142767667354]","[-0.31585070694372924, -0.0189644035431206, 0.0]","{""Controller Type"": ""MPC Controller"", ""weight_comfort"": 198.35736820571282, ""weight_trajectory"": 4809.855790765723, ""weight_goal"": 1000.0, ""Q"": [[4809.855790765723, 0.0, 0.0, 0.0], [0.0, 0.0, 0.0, 0.0], [0.0, 0.0, 4809.855790765723, 0.0], [0.0, 0.0, 0.0, 0.0]], ""R"": [[198.35736820571282, 0.0], [0.0, 198.35736820571282]], ""P"": [[1000.0, 0.0, 0.0, 0.0], [0.0, 100000.0, 0.0, 0.0], [0.0, 0.0, 1000.0, 0.0], [0.0, 0.0, 0.0, 100000.0]]}","[0.00032903563612619944, -0.020311881788256055, 0.0]",False
3,P05,2e6a0a77-88d8-4501-ab04-4d78b67d0190,24,1,haply,mpc,seeded_random,756517391,persist_session,10.0,22.518115100860598,10719.481203703,0,1785938061.3233252,1051.0,True,normal,adaptive,-0.08,0.08,0.0,-0.08,-0.08,0.0,-0.0805562300999999,0.0784613599999999,0.0,-0.024358328,-0.13050029,0.26684174,1.11735535e-05,0.00046079818,8.165843e-05,"[0.7057539709962097, 47.53465272617473, 0.0, 0.0, 0.0, 0.0, 0.08638171344745763, 2.2834142767667354]","[-0.31585070694372924, -0.0189644035431206, 0.0]","{""Controller Type"": ""MPC Controller"", ""weight_comfort"": 198.35736820571282, ""weight_trajectory"": 4809.855790765723, ""weight_goal"": 1000.0, ""Q"": [[4809.855790765723, 0.0, 0.0, 0.0], [0.0, 0.0, 0.0, 0.0], [0.0, 0.0, 4809.855790765723, 0.0], [0.0, 0.0, 0.0, 0.0]], ""R"": [[198.35736820571282, 0.0], [0.0, 198.35736820571282]], ""P"": [[1000.0, 0.0, 0.0, 0.0], [0.0, 100000.0, 0.0, 0.0], [0.0, 0.0, 1000.0, 0.0], [0.0, 0.0, 0.0, 100000.0]]}","[0.00010686970267189584, -0.020389044291764916, 0.0]",False
3,P05,2e6a0a77-88d8-4501-ab04-4d78b67d0190,24,1,haply,mpc,seeded_random,756517391,persist_session,10.0,22.527969655990603,10719.491065224,0,1785938061.3332703,1052.0,True,normal,adaptive,-0.08,0.08,0.0,-0.08,-0.08,0.0,-0.0806228841,0.07843812,0.0,-0.024380546,-0.13056155,0.26683012,-8.44629e-05,-6.3579473e-06,-4.1414287e-06,"[0.8914796390463011, 48.77246558896457, 0.0, 0.0, 0.0, 0.0, 0.07558165550995889, 2.781454630315282]","[-0.3263176716097602, -0.018474608548977735, 0.0]","{""Controller Type"": ""MPC Controller"", ""weight_comfort"": 198.35736820571282, ""weight_trajectory"": 4809.855790765723, ""weight_goal"": 1000.0, ""Q"": [[4809.855790765723, 0.0, 0.0, 0.0], [0.0, 0.0, 0.0, 0.0], [0.0, 0.0, 4809.855790765723, 0.0], [0.0, 0.0, 0.0, 0.0]], ""R"": [[198.35736820571282, 0.0], [0.0, 198.35736820571282]], ""P"": [[1000.0, 0.0, 0.0, 0.0], [0.0, 100000.0, 0.0, 0.0], [0.0, 0.0, 1000.0, 0.0], [0.0, 0.0, 0.0, 100000.0]]}","[0.00034541865639205335, -0.02042254738244027, 0.0]",False
3,P05,2e6a0a77-88d8-4501-ab04-4d78b67d0190,24,1,haply,mpc,seeded_random,756517391,persist_session,10.0,22.538037834167483,10719.501123474,0,1785938061.3435433,1053.0,True,normal,adaptive,-0.08,0.08,0.0,-0.08,-0.08,0.0,-0.0806228841,0.07843812,0.0,-0.024380546,-0.13056155,0.26683012,-0.00016985345,-0.00030644945,-6.0114096e-05,"[1.3043388159132205, 48.77749366898357, 0.0, 0.0, 0.0, 0.0, -0.0005157744271105658, 2.782479359726225]","[0.0008124519094451701, 8.171833057547508e-05, 0.0]","{""Controller Type"": ""MPC Controller"", ""weight_comfort"": 197.9294383934928, ""weight_trajectory"": 4812.423369639043, ""weight_goal"": 1000.0, ""Q"": [[4812.423369639043, 0.0, 0.0, 0.0], [0.0, 0.0, 0.0, 0.0], [0.0, 0.0, 4812.423369639043, 0.0], [0.0, 0.0, 0.0, 0.0]], ""R"": [[197.9294383934928, 0.0], [0.0, 197.9294383934928]], ""P"": [[1000.0, 0.0, 0.0, 0.0], [0.0, 100000.0, 0.0, 0.0], [0.0, 0.0, 1000.0, 0.0], [0.0, 0.0, 0.0, 100000.0]]}","[0.00012044806837444423, -0.020509498119542762, 0.0]",False
3,P05,2e6a0a77-88d8-4501-ab04-4d78b67d0190,24,1,haply,mpc,seeded_random,756517391,persist_session,10.0,22.548139152526858,10719.511233486,0,1785938061.3534665,1054.0,True,normal,adaptive,-0.08,0.08,0.0,-0.08,-0.08,0.0,-0.0806228841,0.07843812,0.0,-0.024402723,-0.1306227,0.26681855,-0.00041397355,-0.001027146,-0.00019625857,"[1.3038239258444633, 48.777487398301915, 0.0, 0.0, 0.0, 0.0, -0.0004910253630212315, 2.7824790264548667]","[0.0008124519094451701, 8.171833057547508e-05, 0.0]","{""Controller Type"": ""MPC Controller"", ""weight_comfort"": 197.9294383934928, ""weight_trajectory"": 4812.423369639043, ""weight_goal"": 1000.0, ""Q"": [[4812.423369639043, 0.0, 0.0, 0.0], [0.0, 0.0, 0.0, 0.0], [0.0, 0.0, 4812.423369639043, 0.0], [0.0, 0.0, 0.0, 0.0]], ""R"": [[197.9294383934928, 0.0], [0.0, 197.9294383934928]], ""P"": [[1000.0, 0.0, 0.0, 0.0], [0.0, 100000.0, 0.0, 0.0], [0.0, 0.0, 1000.0, 0.0], [0.0, 0.0, 0.0, 100000.0]]}","[0.00012044806837519384, -0.020509498119538706, 0.0]",False
3,P05,2e6a0a77-88d8-4501-ab04-4d78b67d0190,24,1,haply,mpc,seeded_random,756517391,persist_session,10.0,22.558131513595583,10719.52122088,0,1785938061.363194,1055.0,True,normal,adaptive,-0.08,0.08,0.0,-0.08,-0.08,0.0,-0.0806894151,0.0784149799999999,0.0,-0.024402723,-0.1306227,0.26681855,-0.00041397355,-0.001027146,-0.00019625857,"[1.080684445329498, 50.059827832815316, 0.0, 0.0, 0.0, 0.0, 0.067968676434935, 3.31339009219596]","[-0.3416387098764775, -0.01864924263183631, 0.0]","{""Controller Type"": ""MPC Controller"", ""weight_comfort"": 197.9294383934928, ""weight_trajectory"": 4812.423369639043, ""weight_goal"": 1000.0, ""Q"": [[4812.423369639043, 0.0, 0.0, 0.0], [0.0, 0.0, 0.0, 0.0], [0.0, 0.0, 4812.423369639043, 0.0], [0.0, 0.0, 0.0, 0.0]], ""R"": [[197.9294383934928, 0.0], [0.0, 197.9294383934928]], ""P"": [[1000.0, 0.0, 0.0, 0.0], [0.0, 100000.0, 0.0, 0.0], [0.0, 0.0, 1000.0, 0.0], [0.0, 0.0, 0.0, 100000.0]]}","[0.0003651295912729007, -0.020541280740285894, 0.0]",False
3,P05,2e6a0a77-88d8-4501-ab04-4d78b67d0190,24,1,haply,mpc,seeded_random,756517391,persist_session,10.0,22.568018255233767,10719.531113849,0,1785938061.3731272,1056.0,True,normal,adaptive,-0.08,0.08,0.0,-0.08,-0.08,0.0,-0.0806894151,0.0784149799999999,0.0,-0.024424942,-0.13068397,0.26680693,-0.00073903654,-0.001977748,-0.00037634137,"[1.563691503698662, 50.06672629792883, 0.0, 0.0, 0.0, 0.0, -0.0013239180397561223, 3.3400172363281797]","[0.0010780325343915527, 0.0002097284497896053, 0.0]","{""Controller Type"": ""MPC Controller"", ""weight_comfort"": 188.37559086316557, ""weight_trajectory"": 4869.746454821006, ""weight_goal"": 1000.0, ""Q"": [[4869.746454821006, 0.0, 0.0, 0.0], [0.0, 0.0, 0.0, 0.0], [0.0, 0.0, 4869.746454821006, 0.0], [0.0, 0.0, 0.0, 0.0]], ""R"": [[188.37559086316557, 0.0], [0.0, 188.37559086316557]], ""P"": [[1000.0, 0.0, 0.0, 0.0], [0.0, 100000.0, 0.0, 0.0], [0.0, 0.0, 1000.0, 0.0], [0.0, 0.0, 0.0, 100000.0]]}","[0.0001365319411533741, -0.0208127608084089, 0.0]",False
3,P05,2e6a0a77-88d8-4501-ab04-4d78b67d0190,24,1,haply,mpc,seeded_random,756517391,persist_session,10.0,22.578051624298098,10719.541133255,0,1785938061.383227,1057.0,True,normal,adaptive,-0.08,0.08,0.0,-0.08,-0.08,0.0,-0.0807560721,0.0783917399999999,0.0,-0.024455814,-0.13076717,0.26685703,-0.000853565,-0.002311303,-0.0004398128,"[1.3497508124130668, 51.12757841948253, 0.0, 0.0, 0.0, 0.0, 0.056585059396816184, 3.794584747771963]","[-0.33641006911391497, -0.017694004905257372, 0.0]","{""Controller Type"": ""MPC Controller"", ""weight_comfort"": 188.37559086316557, ""weight_trajectory"": 4869.746454821006, ""weight_goal"": 1000.0, ""Q"": [[4869.746454821006, 0.0, 0.0, 0.0], [0.0, 0.0, 0.0, 0.0], [0.0, 0.0, 4869.746454821006, 0.0], [0.0, 0.0, 0.0, 0.0]], ""R"": [[188.37559086316557, 0.0], [0.0, 188.37559086316557]], ""P"": [[1000.0, 0.0, 0.0, 0.0], [0.0, 100000.0, 0.0, 0.0], [0.0, 0.0, 1000.0, 0.0], [0.0, 0.0, 0.0, 100000.0]]}","[0.00037685949524838885, -0.020848166187943072, 0.0]",False
3,P05,2e6a0a77-88d8-4501-ab04-4d78b67d0190,24,1,haply,mpc,seeded_random,756517391,persist_session,10.0,22.58787804603577,10719.550977141,0,1785938061.3931978,1058.0,True,normal,adaptive,-0.08,0.08,0.0,-0.08,-0.08,0.0,-0.0808486881,0.0784919399999999,0.0,-0.024455814,-0.13076717,0.26685703,-0.00092958636,-0.0025316784,-0.00048192163,"[1.4885884816228157, 50.22527162959839, 0.0, 0.0, 0.0, 0.0, -0.23758581316123967, 14.433361819467766]","[-0.46527160971608333, 0.18270321986684007, 0.0]","{""Controller Type"": ""MPC Controller"", ""weight_comfort"": 188.37559086316557, ""weight_trajectory"": 4869.746454821006, ""weight_goal"": 1000.0, ""Q"": [[4869.746454821006, 0.0, 0.0, 0.0], [0.0, 0.0, 0.0, 0.0], [0.0, 0.0, 4869.746454821006, 0.0], [0.0, 0.0, 0.0, 0.0]], ""R"": [[188.37559086316557, 0.0], [0.0, 188.37559086316557]], ""P"": [[1000.0, 0.0, 0.0, 0.0], [0.0, 100000.0, 0.0, 0.0], [0.0, 0.0, 1000.0, 0.0], [0.0, 0.0, 0.0, 100000.0]]}","[0.0004758251352487551, -0.020774984090900728, 0.0]",False
3,P05,2e6a0a77-88d8-4501-ab04-4d78b67d0190,24,1,haply,mpc,seeded_random,756517391,persist_session,10.0,22.597984371185305,10719.561080344,0,1785938061.403257,1059.0,True,normal,adaptive,-0.08,0.08,0.0,-0.08,-0.08,0.0,-0.0808486881,0.0784919399999999,0.0,-0.02450025,-0.13088971,0.26683366,-0.0010147699,-0.0027763413,-0.0005292068,"[1.4885884816228157, 50.22527162959839, 0.0, 0.0, 0.0, 0.0, -0.23758581316123967, 14.433361819467766]","[-0.46527160971608333, 0.18270321986684007, 0.0]","{""Controller Type"": ""MPC Controller"", ""weight_comfort"": 124.99450651648347, ""weight_trajectory"": 5250.0329609011, ""weight_goal"": 1000.0, ""Q"": [[5250.0329609011, 0.0, 0.0, 0.0], [0.0, 0.0, 0.0, 0.0], [0.0, 0.0, 5250.0329609011, 0.0], [0.0, 0.0, 0.0, 0.0]], ""R"": [[124.99450651648347, 0.0], [0.0, 124.99450651648347]], ""P"": [[1000.0, 0.0, 0.0, 0.0], [0.0, 100000.0, 0.0, 0.0], [0.0, 0.0, 1000.0, 0.0], [0.0, 0.0, 0.0, 100000.0]]}","[0.000189399733402351, -0.02170473785916777, 0.0]",False
3,P05,2e6a0a77-88d8-4501-ab04-4d78b67d0190,24,1,haply,mpc,seeded_random,756517391,persist_session,10.0,22.608038959503176,10719.571132686,0,1785938061.413471,1060.0,True,normal,adaptive,-0.08,0.08,0.0,-0.08,-0.08,0.0,-0.0809819961,0.0784451999999999,0.0,-0.02452243,-0.13095087,0.26682192,-0.0010976897,-0.0030111184,-0.00057478447,"[1.8586497962621995, 53.83466658330104, 0.0, 0.0, 0.0, 0.0, 0.10679365432701088, 16.154617391306317]","[-0.7007752382367191, -0.09084325577569387, 0.0]","{""Controller Type"": ""MPC Controller"", ""weight_comfort"": 124.99450651648347, ""weight_trajectory"": 5250.0329609011, ""weight_goal"": 1000.0, ""Q"": [[5250.0329609011, 0.0, 0.0, 0.0], [0.0, 0.0, 0.0, 0.0], [0.0, 0.0, 5250.0329609011, 0.0], [0.0, 0.0, 0.0, 0.0]], ""R"": [[124.99450651648347, 0.0], [0.0, 124.99450651648347]], ""P"": [[1000.0, 0.0, 0.0, 0.0], [0.0, 100000.0, 0.0, 0.0], [0.0, 0.0, 1000.0, 0.0], [0.0, 0.0, 0.0, 100000.0]]}","[0.0006949837421148186, -0.02177918465099601, 0.0]",False
3,P05,2e6a0a77-88d8-4501-ab04-4d78b67d0190,24,1,haply,mpc,seeded_random,756517391,persist_session,10.0,22.6187592124939,10719.581841098,0,1785938061.4231155,1061.0,True,normal,adaptive,-0.08,0.08,0.0,-0.08,-0.08,0.0,-0.0810485361,0.0784217199999999,0.0,-0.024544654,-0.13101217,0.26681012,-0.001177245,-0.0032351238,-0.0006186992,"[2.7495934724465636, 50.84440290672857, 0.0, 0.0, 0.0, 0.0, 0.043559965034870876, 15.576904660950914]","[-0.7007752382367191, -0.09084325577569387, 0.0]","{""Controller Type"": ""MPC Controller"", ""weight_comfort"": 124.99450651648347, ""weight_trajectory"": 5250.0329609011, ""weight_goal"": 1000.0, ""Q"": [[5250.0329609011, 0.0, 0.0, 0.0], [0.0, 0.0, 0.0, 0.0], [0.0, 0.0, 5250.0329609011, 0.0], [0.0, 0.0, 0.0, 0.0]], ""R"": [[124.99450651648347, 0.0], [0.0, 124.99450651648347]], ""P"": [[1000.0, 0.0, 0.0, 0.0], [0.0, 100000.0, 0.0, 0.0], [0.0, 0.0, 1000.0, 0.0], [0.0, 0.0, 0.0, 100000.0]]}","[0.0004896601555578507, -0.021978114854111747, 0.0]",False
3,P05,2e6a0a77-88d8-4501-ab04-4d78b67d0190,24,1,haply,mpc,seeded_random,756517391,persist_session,10.0,22.628141222000124,10719.591236356,0,1785938061.4336045,1062.0,True,normal,adaptive,-0.08,0.08,0.0,-0.08,-0.08,0.0,-0.0811152081,0.0783981199999999,0.0,-0.024566859,-0.13107342,0.26679832,-0.0013100643,-0.0036047539,-0.0006909672,"[3.1030861727723993, 49.84624397083115, 0.0, 0.0, 0.0, 0.0, 0.030539733088774505, 15.467218551526958]","[-0.3133811432432921, -0.03963835262910863, 0.0]","{""Controller Type"": ""MPC Controller"", ""weight_comfort"": 122.42080537503391, ""weight_trajectory"": 5265.475167749796, ""weight_goal"": 1000.0, ""Q"": [[5265.475167749796, 0.0, 0.0, 0.0], [0.0, 0.0, 0.0, 0.0], [0.0, 0.0, 5265.475167749796, 0.0], [0.0, 0.0, 0.0, 0.0]], ""R"": [[122.42080537503391, 0.0], [0.0, 122.42080537503391]], ""P"": [[1000.0, 0.0, 0.0, 0.0], [0.0, 100000.0, 0.0, 0.0], [0.0, 0.0, 1000.0, 0.0], [0.0, 0.0, 0.0, 100000.0]]}","[0.0004896601555578507, -0.021978114854111747, 0.0]",False
3,P05,2e6a0a77-88d8-4501-ab04-4d78b67d0190,24,1,haply,mpc,seeded_random,756517391,persist_session,10.0,22.63800841331482,10719.601093862,0,1785938061.443262,1063.0,True,normal,adaptive,-0.08,0.08,0.0,-0.08,-0.08,0.0,-0.0811818231,0.0783745199999999,0.0,-0.024589095,-0.13113476,0.26678655,-0.001454415,-0.004005053,-0.0007694642,"[3.1030861727723993, 49.84624397083115, 0.0, 0.0, 0.0, 0.0, 0.030539733088774505, 15.467218551526958]","[-0.3133811432432921, -0.03963835262910863, 0.0]","{""Controller Type"": ""MPC Controller"", ""weight_comfort"": 122.42080537503391, ""weight_trajectory"": 5265.475167749796, ""weight_goal"": 1000.0, ""Q"": [[5265.475167749796, 0.0, 0.0, 0.0], [0.0, 0.0, 0.0, 0.0], [0.0, 0.0, 5265.475167749796, 0.0], [0.0, 0.0, 0.0, 0.0]], ""R"": [[122.42080537503391, 0.0], [0.0, 122.42080537503391]], ""P"": [[1000.0, 0.0, 0.0, 0.0], [0.0, 100000.0, 0.0, 0.0], [0.0, 0.0, 1000.0, 0.0], [0.0, 0.0, 0.0, 100000.0]]}","[0.000528421137358797, -0.022275629375540833, 0.0]",False
3,P05,2e6a0a77-88d8-4501-ab04-4d78b67d0190,24,1,haply,mpc,seeded_random,756517391,persist_session,10.0,22.648084220886233,10719.611179488,0,1785938061.453378,1064.0,True,normal,adaptive,-0.08,0.08,0.0,-0.08,-0.08,0.0,-0.0812485311,0.07835098,0.0,-0.024611283,-0.13119593,0.26677468,-0.0016040535,-0.004419631,-0.00085132977,"[3.7458828963829873, 48.100271815689105, 0.0, 0.0, 0.0, 0.0, 0.015330531105942739, 15.332309287338951]","[-0.3125079169029391, -0.03810563761325754, 0.0]","{""Controller Type"": ""MPC Controller"", ""weight_comfort"": 147.61361408799866, ""weight_trajectory"": 5114.318315472008, ""weight_goal"": 1000.0, ""Q"": [[5114.318315472008, 0.0, 0.0, 0.0], [0.0, 0.0, 0.0, 0.0], [0.0, 0.0, 5114.318315472008, 0.0], [0.0, 0.0, 0.0, 0.0]], ""R"": [[147.61361408799866, 0.0], [0.0, 147.61361408799866]], ""P"": [[1000.0, 0.0, 0.0, 0.0], [0.0, 100000.0, 0.0, 0.0], [0.0, 0.0, 1000.0, 0.0], [0.0, 0.0, 0.0, 100000.0]]}","[0.0005356419322003342, -0.022403873183048872, 0.0]",False
3,P05,2e6a0a77-88d8-4501-ab04-4d78b67d0190,24,1,haply,mpc,seeded_random,756517391,persist_session,10.0,22.658427772521975,10719.621509608,0,1785938061.4635887,1065.0,True,normal,adaptive,-0.08,0.08,0.0,-0.08,-0.08,0.0,-0.0813150951,0.0783272399999999,0.0,-0.024611283,-0.13119593,0.26677468,-0.0016040535,-0.004419631,-0.00085132977,"[4.091212689699771, 47.2793583286894, 0.0, 0.0, 0.0, 0.0, 0.007825389340776909, 15.2669307514126]","[-0.30283428722200256, -0.03673458699205848, 0.0]","{""Controller Type"": ""MPC Controller"", ""weight_comfort"": 147.61361408799866, ""weight_trajectory"": 5114.318315472008, ""weight_goal"": 1000.0, ""Q"": [[5114.318315472008, 0.0, 0.0, 0.0], [0.0, 0.0, 0.0, 0.0], [0.0, 0.0, 5114.318315472008, 0.0], [0.0, 0.0, 0.0, 0.0]], ""R"": [[147.61361408799866, 0.0], [0.0, 147.61361408799866]], ""P"": [[1000.0, 0.0, 0.0, 0.0], [0.0, 100000.0, 0.0, 0.0], [0.0, 0.0, 1000.0, 0.0], [0.0, 0.0, 0.0, 100000.0]]}","[0.0005356419322003342, -0.022403873183048872, 0.0]",False
3,P05,2e6a0a77-88d8-4501-ab04-4d78b67d0190,24,1,haply,mpc,seeded_random,756517391,persist_session,10.0,22.668047485351565,10719.631144048,0,1785938061.473193,1066.0,True,normal,adaptive,-0.08,0.08,0.0,-0.08,-0.08,0.0,-0.0813816860999999,0.07830352,0.0,-0.024655713,-0.13131846,0.26675093,-0.0017765498,-0.004897468,-0.0009470744,"[4.40445442132844, 46.52324259310582, 0.0, 0.0, 0.0, 0.0, 0.0033068862992288077, 15.224617635955843]","[-0.3164841573271517, -0.03812447286669874, 0.0]","{""Controller Type"": ""MPC Controller"", ""weight_comfort"": 147.61361408799866, ""weight_trajectory"": 5114.318315472008, ""weight_goal"": 1000.0, ""Q"": [[5114.318315472008, 0.0, 0.0, 0.0], [0.0, 0.0, 0.0, 0.0], [0.0, 0.0, 5114.318315472008, 0.0], [0.0, 0.0, 0.0, 0.0]], ""R"": [[147.61361408799866, 0.0], [0.0, 147.61361408799866]], ""P"": [[1000.0, 0.0, 0.0, 0.0], [0.0, 100000.0, 0.0, 0.0], [0.0, 0.0, 1000.0, 0.0], [0.0, 0.0, 0.0, 100000.0]]}","[0.0005593106114914802, -0.02212703114068213, 0.0]",False
3,P05,2e6a0a77-88d8-4501-ab04-4d78b67d0190,24,1,haply,mpc,seeded_random,756517391,persist_session,10.0,22.678008852005007,10719.641097542,0,1785938061.4832485,1067.0,True,normal,adaptive,-0.08,0.08,0.0,-0.08,-0.08,0.0,-0.0814483850999999,0.0782797399999999,0.0,-0.024655713,-0.13131846,0.26675093,-0.0018319491,-0.0050509074,-0.0009783804,"[4.40445442132844, 46.52324259310582, 0.0, 0.0, 0.0, 0.0, 0.0033068862992288077, 15.224617635955843]","[-0.3164841573271517, -0.03812447286669874, 0.0]","{""Controller Type"": ""MPC Controller"", ""weight_comfort"": 147.61361408799866, ""weight_trajectory"": 5114.318315472008, ""weight_goal"": 1000.0, ""Q"": [[5114.318315472008, 0.0, 0.0, 0.0], [0.0, 0.0, 0.0, 0.0], [0.0, 0.0, 5114.318315472008, 0.0], [0.0, 0.0, 0.0, 0.0]], ""R"": [[147.61361408799866, 0.0], [0.0, 147.61361408799866]], ""P"": [[1000.0, 0.0, 0.0, 0.0], [0.0, 100000.0, 0.0, 0.0], [0.0, 0.0, 1000.0, 0.0], [0.0, 0.0, 0.0, 100000.0]]}","[0.0005663493167241239, -0.022255207594817143, 0.0]",False
3,P05,2e6a0a77-88d8-4501-ab04-4d78b67d0190,24,1,haply,mpc,seeded_random,756517391,persist_session,10.0,22.687989768981936,10719.651087718,0,1785938061.4931903,1068.0,True,normal,adaptive,-0.08,0.08,0.0,-0.08,-0.08,0.0,-0.0814483850999999,0.0782797399999999,0.0,-0.024677929,-0.13137974,0.26673898,-0.0018619477,-0.0051341583,-0.0009963193,"[5.771228080587625, 45.72160778988116, 0.0, 0.0, 0.0, 0.0, -0.04896157430887623, 15.241898104165973]","[0.008358960760624663, 0.00774962525159961, 0.0]","{""Controller Type"": ""MPC Controller"", ""weight_comfort"": 171.0538206600275, ""weight_trajectory"": 4973.677076039835, ""weight_goal"": 1000.0, ""Q"": [[4973.677076039835, 0.0, 0.0, 0.0], [0.0, 0.0, 0.0, 0.0], [0.0, 0.0, 4973.677076039835, 0.0], [0.0, 0.0, 0.0, 0.0]], ""R"": [[171.0538206600275, 0.0], [0.0, 171.0538206600275]], ""P"": [[1000.0, 0.0, 0.0, 0.0], [0.0, 100000.0, 0.0, 0.0], [0.0, 0.0, 1000.0, 0.0], [0.0, 0.0, 0.0, 100000.0]]}","[0.00030678096995833965, -0.021848123513706855, 0.0]",False
3,P05,2e6a0a77-88d8-4501-ab04-4d78b67d0190,24,1,haply,mpc,seeded_random,756517391,persist_session,10.0,22.697978553771975,10719.661067922,0,1785938061.5032482,1069.0,True,normal,adaptive,-0.08,0.08,0.0,-0.08,-0.08,0.0,-0.0815150331,0.07825584,0.0,-0.024700161,-0.13144106,0.266727,-0.0018822692,-0.0051905797,-0.0010091558,"[5.3238061793581055, 46.63119885703461, 0.0, 0.0, 0.0, 0.0, -0.013050321963610743, 15.57465937069084]","[-0.30093196593681565, -0.03494376691147152, 0.0]","{""Controller Type"": ""MPC Controller"", ""weight_comfort"": 171.0538206600275, ""weight_trajectory"": 4973.677076039835, ""weight_goal"": 1000.0, ""Q"": [[4973.677076039835, 0.0, 0.0, 0.0], [0.0, 0.0, 0.0, 0.0], [0.0, 0.0, 4973.677076039835, 0.0], [0.0, 0.0, 0.0, 0.0]], ""R"": [[171.0538206600275, 0.0], [0.0, 171.0538206600275]], ""P"": [[1000.0, 0.0, 0.0, 0.0], [0.0, 100000.0, 0.0, 0.0], [0.0, 0.0, 1000.0, 0.0], [0.0, 0.0, 0.0, 100000.0]]}","[0.0005616365892498977, -0.02188584835269384, 0.0]",False
3,P05,2e6a0a77-88d8-4501-ab04-4d78b67d0190,24,1,haply,mpc,seeded_random,756517391,persist_session,10.0,22.70814329147339,10719.671235107,0,1785938061.5134168,1070.0,True,normal,adaptive,-0.08,0.08,0.0,-0.08,-0.08,0.0,-0.0815817291,0.0782318799999999,0.0,-0.024744598,-0.13156365,0.26670304,-0.0018992696,-0.0052377535,-0.0010203609,"[5.711878835481494, 45.89423096098403, 0.0, 0.0, 0.0, 0.0, -0.019191347950235135, 15.518371560593598]","[-0.2919877137851522, -0.03352901163816919, 0.0]","{""Controller Type"": ""MPC Controller"", ""weight_comfort"": 171.0538206600275, ""weight_trajectory"": 4973.677076039835, ""weight_goal"": 1000.0, ""Q"": [[4973.677076039835, 0.0, 0.0, 0.0], [0.0, 0.0, 0.0, 0.0], [0.0, 0.0, 4973.677076039835, 0.0], [0.0, 0.0, 0.0, 0.0]], ""R"": [[171.0538206600275, 0.0], [0.0, 171.0538206600275]], ""P"": [[1000.0, 0.0, 0.0, 0.0], [0.0, 100000.0, 0.0, 0.0], [0.0, 0.0, 1000.0, 0.0], [0.0, 0.0, 0.0, 100000.0]]}","[0.0005767504355292718, -0.022010466748292334, 0.0]",False
3,P05,2e6a0a77-88d8-4501-ab04-4d78b67d0190,24,1,haply,mpc,seeded_random,756517391,persist_session,10.0,22.71863132476807,10719.681711959,0,1785938061.5232408,1071.0,True,normal,adaptive,-0.08,0.08,0.0,-0.08,-0.08,0.0,-0.0817150401,0.07818396,0.0,-0.024766818,-0.1316249,0.266691,-0.001928444,-0.005318442,-0.0010384049,"[5.711878835481494, 45.89423096098403, 0.0, 0.0, 0.0, 0.0, -0.019191347950235135, 15.518371560593598]","[-0.2919877137851522, -0.03352901163816919, 0.0]","{""Controller Type"": ""MPC Controller"", ""weight_comfort"": 174.5074112462721, ""weight_trajectory"": 4952.955532522367, ""weight_goal"": 1000.0, ""Q"": [[4952.955532522367, 0.0, 0.0, 0.0], [0.0, 0.0, 0.0, 0.0], [0.0, 0.0, 4952.955532522367, 0.0], [0.0, 0.0, 0.0, 0.0]], ""R"": [[174.5074112462721, 0.0], [0.0, 174.5074112462721]], ""P"": [[1000.0, 0.0, 0.0, 0.0], [0.0, 100000.0, 0.0, 0.0], [0.0, 0.0, 1000.0, 0.0], [0.0, 0.0, 0.0, 100000.0]]}","[0.0008651892918651496, -0.022094461085688816, 0.0]",False
3,P05,2e6a0a77-88d8-4501-ab04-4d78b67d0190,24,1,haply,mpc,seeded_random,756517391,persist_session,10.0,22.728202161788943,10719.69128705,0,1785938061.5331657,1072.0,True,normal,adaptive,-0.08,0.08,0.0,-0.08,-0.08,0.0,-0.0817817001,0.07815988,0.0,-0.024789035,-0.1316862,0.2666789,-0.001995562,-0.005503783,-0.0010776474,"[5.612557707349641, 46.373429181816164, 0.0, 0.0, 0.0, 0.0, 0.009062454213898431, 16.171833312126093]","[-0.6196560571716793, -0.08031701312103817, 0.0]","{""Controller Type"": ""MPC Controller"", ""weight_comfort"": 174.5074112462721, ""weight_trajectory"": 4952.955532522367, ""weight_goal"": 1000.0, ""Q"": [[4952.955532522367, 0.0, 0.0, 0.0], [0.0, 0.0, 0.0, 0.0], [0.0, 0.0, 4952.955532522367, 0.0], [0.0, 0.0, 0.0, 0.0]], ""R"": [[174.5074112462721, 0.0], [0.0, 174.5074112462721]], ""P"": [[1000.0, 0.0, 0.0, 0.0], [0.0, 100000.0, 0.0, 0.0], [0.0, 0.0, 1000.0, 0.0], [0.0, 0.0, 0.0, 100000.0]]}","[0.000632701042793508, -0.022310279477869614, 0.0]",False
3,P05,2e6a0a77-88d8-4501-ab04-4d78b67d0190,24,1,haply,mpc,seeded_random,756517391,persist_session,10.0,22.738570270538332,10719.701660842,0,1785938061.5432825,1073.0,True,normal,adaptive,-0.08,0.08,0.0,-0.08,-0.08,0.0,-0.0818483511,0.0781356799999999,0.0,-0.024802467,-0.13172519,0.266605,-0.002062832,-0.005689491,-0.0011168681,"[7.440231116436425, 43.492676851478144, 0.0, 0.0, 0.0, 0.0, -0.04181018879872313, 15.709889339593687]","[-0.2727836962697764, -0.03096726891194556, 0.0]","{""Controller Type"": ""MPC Controller"", ""weight_comfort"": 174.5074112462721, ""weight_trajectory"": 4952.955532522367, ""weight_goal"": 1000.0, ""Q"": [[4952.955532522367, 0.0, 0.0, 0.0], [0.0, 0.0, 0.0, 0.0], [0.0, 0.0, 4952.955532522367, 0.0], [0.0, 0.0, 0.0, 0.0]], ""R"": [[174.5074112462721, 0.0], [0.0, 174.5074112462721]], ""P"": [[1000.0, 0.0, 0.0, 0.0], [0.0, 100000.0, 0.0, 0.0], [0.0, 0.0, 1000.0, 0.0], [0.0, 0.0, 0.0, 100000.0]]}","[0.0006461865751926174, -0.02243909755066953, 0.0]",False
3,P05,2e6a0a77-88d8-4501-ab04-4d78b67d0190,24,1,haply,mpc,seeded_random,756517391,persist_session,10.0,22.74823027610779,10719.71131151,0,1785938061.553171,1074.0,True,normal,adaptive,-0.08,0.08,0.0,-0.08,-0.08,0.0,-0.0818886471,0.0779878799999999,0.0,-0.024802467,-0.13172519,0.266605,-0.002062832,-0.005689491,-0.0011168681,"[8.129099789559245, 42.95323312019965, 0.0, 0.0, 0.0, 0.0, 0.047504340192132025, 26.14163606777698]","[-0.2727836962697764, -0.03096726891194556, 0.0]","{""Controller Type"": ""MPC Controller"", ""weight_comfort"": 200.89991264283265, ""weight_trajectory"": 4794.600524143005, ""weight_goal"": 1000.0, ""Q"": [[4794.600524143005, 0.0, 0.0, 0.0], [0.0, 0.0, 0.0, 0.0], [0.0, 0.0, 4794.600524143005, 0.0], [0.0, 0.0, 0.0, 0.0]], ""R"": [[200.89991264283265, 0.0], [0.0, 200.89991264283265]], ""P"": [[1000.0, 0.0, 0.0, 0.0], [0.0, 100000.0, 0.0, 0.0], [0.0, 0.0, 1000.0, 0.0], [0.0, 0.0, 0.0, 100000.0]]}","[0.0005572117855440864, -0.02218110934896326, 0.0]",False
3,P05,2e6a0a77-88d8-4501-ab04-4d78b67d0190,24,1,haply,mpc,seeded_random,756517391,persist_session,10.0,22.757983264923098,10719.721057919,0,1785938061.5632815,1075.0,True,normal,adaptive,-0.08,0.08,0.0,-0.08,-0.08,0.0,-0.0819957231,0.0778154799999999,0.0,-0.024873817,-0.13192593,0.26643255,-0.0022214844,-0.006131764,-0.0013590801,"[8.129099789559245, 42.95323312019965, 0.0, 0.0, 0.0, 0.0, 0.047504340192132025, 26.14163606777698]","[-0.1596845818761949, -0.39823866461258783, 0.0]","{""Controller Type"": ""MPC Controller"", ""weight_comfort"": 200.89991264283265, ""weight_trajectory"": 4794.600524143005, ""weight_goal"": 1000.0, ""Q"": [[4794.600524143005, 0.0, 0.0, 0.0], [0.0, 0.0, 0.0, 0.0], [0.0, 0.0, 4794.600524143005, 0.0], [0.0, 0.0, 0.0, 0.0]], ""R"": [[200.89991264283265, 0.0], [0.0, 200.89991264283265]], ""P"": [[1000.0, 0.0, 0.0, 0.0], [0.0, 100000.0, 0.0, 0.0], [0.0, 0.0, 1000.0, 0.0], [0.0, 0.0, 0.0, 100000.0]]}","[0.0008586413864112742, -0.02301778289259689, 0.0]",False
3,P05,2e6a0a77-88d8-4501-ab04-4d78b67d0190,24,1,haply,mpc,seeded_random,756517391,persist_session,10.0,22.768050251007082,10719.731126529,0,1785938061.573116,1076.0,True,normal,adaptive,-0.08,0.08,0.0,-0.08,-0.08,0.0,-0.0821026971,0.0776429799999999,0.0,-0.024873817,-0.13192593,0.26643255,-0.0022214844,-0.006131764,-0.0013590801,"[8.431875019463476, 42.210232977002455, 0.0, 0.0, 0.0, 0.0, 0.013722147214590273, 20.687348044558473]","[-0.44663751749812747, -0.4109092061587061, 0.0]","{""Controller Type"": ""MPC Controller"", ""weight_comfort"": 200.89991264283265, ""weight_trajectory"": 4794.600524143005, ""weight_goal"": 1000.0, ""Q"": [[4794.600524143005, 0.0, 0.0, 0.0], [0.0, 0.0, 0.0, 0.0], [0.0, 0.0, 4794.600524143005, 0.0], [0.0, 0.0, 0.0, 0.0]], ""R"": [[200.89991264283265, 0.0], [0.0, 200.89991264283265]], ""P"": [[1000.0, 0.0, 0.0, 0.0], [0.0, 100000.0, 0.0, 0.0], [0.0, 0.0, 1000.0, 0.0], [0.0, 0.0, 0.0, 100000.0]]}","[0.0009318059113290622, -0.02395152358267736, 0.0]",False
3,P05,2e6a0a77-88d8-4501-ab04-4d78b67d0190,24,1,haply,mpc,seeded_random,756517391,persist_session,10.0,22.778208551406863,10719.741285679,0,1785938061.5830996,1077.0,True,normal,adaptive,-0.08,0.08,0.0,-0.08,-0.08,0.0,-0.0821430710999999,0.0774948,0.0,-0.024914088,-0.13204288,0.2662102,-0.0024557598,-0.0067924703,-0.0019800924,"[9.984961327850367, 41.253789292287344, 0.0, 0.0, 0.0, 0.0, -0.02109584544217879, 17.086962557769525]","[-0.4414075032892351, -0.3650242900862905, 0.0]","{""Controller Type"": ""MPC Controller"", ""weight_comfort"": 185.95649262071996, ""weight_trajectory"": 4884.2610442756795, ""weight_goal"": 1000.0, ""Q"": [[4884.2610442756795, 0.0, 0.0, 0.0], [0.0, 0.0, 0.0, 0.0], [0.0, 0.0, 4884.2610442756795, 0.0], [0.0, 0.0, 0.0, 0.0]], ""R"": [[185.95649262071996, 0.0], [0.0, 185.95649262071996]], ""P"": [[1000.0, 0.0, 0.0, 0.0], [0.0, 100000.0, 0.0, 0.0], [0.0, 0.0, 1000.0, 0.0], [0.0, 0.0, 0.0, 100000.0]]}","[0.0007053775880453333, -0.025277030332070554, 0.0]",False
3,P05,2e6a0a77-88d8-4501-ab04-4d78b67d0190,24,1,haply,mpc,seeded_random,756517391,persist_session,10.0,22.788071689605715,10719.751164315,0,1785938061.5936663,1078.0,True,normal,adaptive,-0.08,0.08,0.0,-0.08,-0.08,0.0,-0.0822235101,0.07719828,0.0,-0.024954211,-0.13215941,0.26598766,-0.0024001568,-0.00669668,-0.003914974,"[9.91013624906446, 41.35669425229874, 0.0, 0.0, 0.0, 0.0, -0.03804492929558194, 24.371347602153918]","[-0.2927921918532913, -0.6779211104532415, 0.0]","{""Controller Type"": ""MPC Controller"", ""weight_comfort"": 185.95649262071996, ""weight_trajectory"": 4884.2610442756795, ""weight_goal"": 1000.0, ""Q"": [[4884.2610442756795, 0.0, 0.0, 0.0], [0.0, 0.0, 0.0, 0.0], [0.0, 0.0, 4884.2610442756795, 0.0], [0.0, 0.0, 0.0, 0.0]], ""R"": [[185.95649262071996, 0.0], [0.0, 185.95649262071996]], ""P"": [[1000.0, 0.0, 0.0, 0.0], [0.0, 100000.0, 0.0, 0.0], [0.0, 0.0, 1000.0, 0.0], [0.0, 0.0, 0.0, 100000.0]]}","[0.000942956559254224, -0.026496887879731174, 0.0]",False
3,P05,2e6a0a77-88d8-4501-ab04-4d78b67d0190,24,1,haply,mpc,seeded_random,756517391,persist_session,10.0,22.79806977272034,10719.761157393,0,1785938061.6033318,1079.0,True,normal,adaptive,-0.08,0.08,0.0,-0.08,-0.08,0.0,-0.0823438791,0.0767532,0.0,-0.024954211,-0.13215941,0.26598766,-0.0024001568,-0.00669668,-0.003914974,"[9.89836643332999, 41.389236673065646, 0.0, 0.0, 0.0, 0.0, -0.09829550526534903, 31.342867574589633]","[-0.2927921918532913, -0.6779211104532415, 0.0]","{""Controller Type"": ""MPC Controller"", ""weight_comfort"": 185.95649262071996, ""weight_trajectory"": 4884.2610442756795, ""weight_goal"": 1000.0, ""Q"": [[4884.2610442756795, 0.0, 0.0, 0.0], [0.0, 0.0, 0.0, 0.0], [0.0, 0.0, 4884.2610442756795, 0.0], [0.0, 0.0, 0.0, 0.0]], ""R"": [[185.95649262071996, 0.0], [0.0, 185.95649262071996]], ""P"": [[1000.0, 0.0, 0.0, 0.0], [0.0, 100000.0, 0.0, 0.0], [0.0, 0.0, 1000.0, 0.0], [0.0, 0.0, 0.0, 100000.0]]}","[0.0013330965435951634, -0.028499709058366136, 0.0]",False
3,P05,2e6a0a77-88d8-4501-ab04-4d78b67d0190,24,1,haply,mpc,seeded_random,756517391,persist_session,10.0,22.807945547103884,10719.771041622,0,1785938061.613573,1080.0,True,normal,adaptive,-0.08,0.08,0.0,-0.08,-0.08,0.0,-0.0823973361,0.07633258,0.0,-0.025011912,-0.13233034,0.26555458,-0.0023579646,-0.00671336,-0.008434005,"[11.649894878135857, 40.15603058877154, 0.0, 0.0, 0.0, 0.0, -0.02491846065911965, 20.416983935282907]","[-0.18167623910417816, -0.8346519691543179, 0.0]","{""Controller Type"": ""MPC Controller"", ""weight_comfort"": 138.58233905353327, ""weight_trajectory"": 5168.505965678801, ""weight_goal"": 1000.0, ""Q"": [[5168.505965678801, 0.0, 0.0, 0.0], [0.0, 0.0, 0.0, 0.0], [0.0, 0.0, 5168.505965678801, 0.0], [0.0, 0.0, 0.0, 0.0]], ""R"": [[138.58233905353327, 0.0], [0.0, 138.58233905353327]], ""P"": [[1000.0, 0.0, 0.0, 0.0], [0.0, 100000.0, 0.0, 0.0], [0.0, 0.0, 1000.0, 0.0], [0.0, 0.0, 0.0, 100000.0]]}","[0.0011830487202612802, -0.033192329514791646, 0.0]",False
3,P05,2e6a0a77-88d8-4501-ab04-4d78b67d0190,24,1,haply,mpc,seeded_random,756517391,persist_session,10.0,22.81790596008301,10719.78099696,0,1785938061.623551,1081.0,True,normal,adaptive,-0.08,0.08,0.0,-0.08,-0.08,0.0,-0.0825169821,0.0758870399999999,0.0,-0.025051717,-0.13244604,0.2653315,-0.0023875423,-0.006869247,-0.010986722,"[11.330044155139198, 40.8970899494371, 0.0, 0.0, 0.0, 0.0, 0.00033309487579629565, 17.523281570445242]","[-0.46188764359272766, -0.7825199191215867, 0.0]","{""Controller Type"": ""MPC Controller"", ""weight_comfort"": 138.58233905353327, ""weight_trajectory"": 5168.505965678801, ""weight_goal"": 1000.0, ""Q"": [[5168.505965678801, 0.0, 0.0, 0.0], [0.0, 0.0, 0.0, 0.0], [0.0, 0.0, 5168.505965678801, 0.0], [0.0, 0.0, 0.0, 0.0]], ""R"": [[138.58233905353327, 0.0], [0.0, 138.58233905353327]], ""P"": [[1000.0, 0.0, 0.0, 0.0], [0.0, 100000.0, 0.0, 0.0], [0.0, 0.0, 1000.0, 0.0], [0.0, 0.0, 0.0, 100000.0]]}","[0.0018142611021960298, -0.03661178209376824, 0.0]",False
3,P05,2e6a0a77-88d8-4501-ab04-4d78b67d0190,24,1,haply,mpc,seeded_random,756517391,persist_session,10.0,22.828054246902468,10719.791143407,0,1785938061.6334858,1082.0,True,normal,adaptive,-0.08,0.08,0.0,-0.08,-0.08,0.0,-0.0826363971,0.0754408799999999,0.0,-0.02508237,-0.13253842,0.26504666,-0.0024973091,-0.0072451425,-0.013542908,"[12.00336428910677, 39.45777433192664, 0.0, 0.0, 0.0, 0.0, 0.029806605504119774, 14.237382012010116]","[-0.4426267869273856, -0.6440104065820281, 0.0]","{""Controller Type"": ""MPC Controller"", ""weight_comfort"": 138.58233905353327, ""weight_trajectory"": 5168.505965678801, ""weight_goal"": 1000.0, ""Q"": [[5168.505965678801, 0.0, 0.0, 0.0], [0.0, 0.0, 0.0, 0.0], [0.0, 0.0, 5168.505965678801, 0.0], [0.0, 0.0, 0.0, 0.0]], ""R"": [[138.58233905353327, 0.0], [0.0, 138.58233905353327]], ""P"": [[1000.0, 0.0, 0.0, 0.0], [0.0, 100000.0, 0.0, 0.0], [0.0, 0.0, 1000.0, 0.0], [0.0, 0.0, 0.0, 100000.0]]}","[0.00207649907701697, -0.040628435136707476, 0.0]",False
3,P05,2e6a0a77-88d8-4501-ab04-4d78b67d0190,24,1,haply,mpc,seeded_random,756517391,persist_session,10.0,22.83790999412537,10719.800997571,0,1785938061.643364,1083.0,True,normal,adaptive,-0.08,0.08,0.0,-0.08,-0.08,0.0,-0.0827283561,0.0748711999999999,0.0,-0.025112852,-0.13263038,0.26476178,-0.0025165502,-0.0073729088,-0.016103292,"[13.086252890828169, 38.055524735421486, 0.0, 0.0, 0.0, 0.0, -0.0037563279931833032, 16.271317187353837]","[-0.3185673341198868, -0.9377959789691309, 0.0]","{""Controller Type"": ""MPC Controller"", ""weight_comfort"": 268.0778436459611, ""weight_trajectory"": 4391.532938124234, ""weight_goal"": 1000.0, ""Q"": [[4391.532938124234, 0.0, 0.0, 0.0], [0.0, 0.0, 0.0, 0.0], [0.0, 0.0, 4391.532938124234, 0.0], [0.0, 0.0, 0.0, 0.0]], ""R"": [[268.0778436459611, 0.0], [0.0, 268.0778436459611]], ""P"": [[1000.0, 0.0, 0.0, 0.0], [0.0, 100000.0, 0.0, 0.0], [0.0, 0.0, 1000.0, 0.0], [0.0, 0.0, 0.0, 100000.0]]}","[0.0018020514632295143, -0.04003262367499458, 0.0]",False
3,P05,2e6a0a77-88d8-4501-ab04-4d78b67d0190,24,1,haply,mpc,seeded_random,756517391,persist_session,10.0,22.84803062438965,10719.811124141,0,1785938061.6531043,1084.0,True,normal,adaptive,-0.08,0.08,0.0,-0.08,-0.08,0.0,-0.0828198021,0.07430144,0.0,-0.025102861,-0.13261452,0.26436684,-0.0024815185,-0.007352132,-0.018673727,"[13.65284688112643, 37.350858667748234, 0.0, 0.0, 0.0, 0.0, 0.04892329217297529, 13.188381043861256]","[-0.31216522266982466, -0.7790006742725302, 0.0]","{""Controller Type"": ""MPC Controller"", ""weight_comfort"": 268.0778436459611, ""weight_trajectory"": 4391.532938124234, ""weight_goal"": 1000.0, ""Q"": [[4391.532938124234, 0.0, 0.0, 0.0], [0.0, 0.0, 0.0, 0.0], [0.0, 0.0, 4391.532938124234, 0.0], [0.0, 0.0, 0.0, 0.0]], ""R"": [[268.0778436459611, 0.0], [0.0, 268.0778436459611]], ""P"": [[1000.0, 0.0, 0.0, 0.0], [0.0, 100000.0, 0.0, 0.0], [0.0, 0.0, 1000.0, 0.0], [0.0, 0.0, 0.0, 100000.0]]}","[0.0021164435487697328, -0.045664098648556986, 0.0]",False
3,P05,2e6a0a77-88d8-4501-ab04-4d78b67d0190,24,1,haply,mpc,seeded_random,756517391,persist_session,10.0,22.85811453819275,10719.821205394,0,1785938061.6630726,1085.0,True,normal,adaptive,-0.08,0.08,0.0,-0.08,-0.08,0.0,-0.0827898291,0.0735115599999999,0.0,-0.025145926,-0.13274316,0.2640074,-0.0023701224,-0.0071214354,-0.021227123,"[17.006995944576506, 38.55673189603804, 0.0, 0.0, 0.0, 0.0, -0.05393165229691283, 16.942927803335774]","[-0.31216522266982466, -0.7790006742725302, 0.0]","{""Controller Type"": ""MPC Controller"", ""weight_comfort"": 268.0778436459611, ""weight_trajectory"": 4391.532938124234, ""weight_goal"": 1000.0, ""Q"": [[4391.532938124234, 0.0, 0.0, 0.0], [0.0, 0.0, 0.0, 0.0], [0.0, 0.0, 4391.532938124234, 0.0], [0.0, 0.0, 0.0, 0.0]], ""R"": [[268.0778436459611, 0.0], [0.0, 268.0778436459611]], ""P"": [[1000.0, 0.0, 0.0, 0.0], [0.0, 100000.0, 0.0, 0.0], [0.0, 0.0, 1000.0, 0.0], [0.0, 0.0, 0.0, 100000.0]]}","[0.0012557300537000015, -0.05275312669360811, 0.0]",False
3,P05,2e6a0a77-88d8-4501-ab04-4d78b67d0190,24,1,haply,mpc,seeded_random,756517391,persist_session,10.0,22.86809307098389,10719.831188224,0,1785938061.6731677,1086.0,True,normal,adaptive,-0.08,0.08,0.0,-0.08,-0.08,0.0,-0.0829190240999999,0.07279268,0.0,-0.025135271,-0.13272549,0.26361293,-0.0022218456,-0.0067906715,-0.023817033,"[15.321819928669717, 41.96458118791402, 0.0, 0.0, 0.0, 0.0, 0.06933598883740655, 11.649396379897606]","[-0.49234090913777734, -0.8401746894825498, 0.0]","{""Controller Type"": ""MPC Controller"", ""weight_comfort"": 294.95899878030775, ""weight_trajectory"": 4230.246007318154, ""weight_goal"": 1000.0, ""Q"": [[4230.246007318154, 0.0, 0.0, 0.0], [0.0, 0.0, 0.0, 0.0], [0.0, 0.0, 4230.246007318154, 0.0], [0.0, 0.0, 0.0, 0.0]], ""R"": [[294.95899878030775, 0.0], [0.0, 294.95899878030775]], ""P"": [[1000.0, 0.0, 0.0, 0.0], [0.0, 100000.0, 0.0, 0.0], [0.0, 0.0, 1000.0, 0.0], [0.0, 0.0, 0.0, 100000.0]]}","[0.0034140279347811397, -0.06169212169856906, 0.0]",False
3,P05,2e6a0a77-88d8-4501-ab04-4d78b67d0190,24,1,haply,mpc,seeded_random,756517391,persist_session,10.0,22.878028926849368,10719.841117118,0,1785938061.6832235,1087.0,True,normal,adaptive,-0.08,0.08,0.0,-0.08,-0.08,0.0,-0.0828870591,0.07200374,0.0,-0.025135271,-0.13272549,0.26361293,-0.0022218456,-0.0067906715,-0.023817033,"[19.776002018676806, 43.56010610431305, 0.0, 0.0, 0.0, 0.0, 0.08343742402247092, 11.150749910157776]","[-0.49234090913777734, -0.8401746894825498, 0.0]","{""Controller Type"": ""MPC Controller"", ""weight_comfort"": 294.95899878030775, ""weight_trajectory"": 4230.246007318154, ""weight_goal"": 1000.0, ""Q"": [[4230.246007318154, 0.0, 0.0, 0.0], [0.0, 0.0, 0.0, 0.0], [0.0, 0.0, 4230.246007318154, 0.0], [0.0, 0.0, 0.0, 0.0]], ""R"": [[294.95899878030775, 0.0], [0.0, 294.95899878030775]], ""P"": [[1000.0, 0.0, 0.0, 0.0], [0.0, 100000.0, 0.0, 0.0], [0.0, 0.0, 1000.0, 0.0], [0.0, 0.0, 0.0, 100000.0]]}","[0.0017681881945358889, -0.07303632515976535, 0.0]",False
3,P05,2e6a0a77-88d8-4501-ab04-4d78b67d0190,24,1,haply,mpc,seeded_random,756517391,persist_session,10.0,22.88794523239136,10719.851041094,0,1785938061.693258,1088.0,True,normal,adaptive,-0.08,0.08,0.0,-0.08,-0.08,0.0,-0.0828818301,0.0713383599999999,0.0,-0.025153605,-0.13279566,0.26293418,-0.0017336955,-0.0055886847,-0.02848356,"[19.776002018676806, 43.56010610431305, 0.0, 0.0, 0.0, 0.0, 0.08343742402247092, 11.150749910157776]","[0.19555542263137354, -0.8874886469802156, 0.0]","{""Controller Type"": ""MPC Controller"", ""weight_comfort"": 294.95899878030775, ""weight_trajectory"": 4230.246007318154, ""weight_goal"": 1000.0, ""Q"": [[4230.246007318154, 0.0, 0.0, 0.0], [0.0, 0.0, 0.0, 0.0], [0.0, 0.0, 4230.246007318154, 0.0], [0.0, 0.0, 0.0, 0.0]], ""R"": [[294.95899878030775, 0.0], [0.0, 294.95899878030775]], ""P"": [[1000.0, 0.0, 0.0, 0.0], [0.0, 100000.0, 0.0, 0.0], [0.0, 0.0, 1000.0, 0.0], [0.0, 0.0, 0.0, 100000.0]]}","[0.002523032628299317, -0.08727333790729412, 0.0]",False
3,P05,2e6a0a77-88d8-4501-ab04-4d78b67d0190,24,1,haply,mpc,seeded_random,756517391,persist_session,10.0,22.898340759277346,10719.861432531,0,1785938061.703173,1089.0,True,normal,adaptive,-0.08,0.08,0.0,-0.08,-0.08,0.0,-0.0829420610999999,0.07064624,0.0,-0.025153605,-0.13279566,0.26293418,-0.0017336955,-0.0055886847,-0.02848356,"[17.787706106844603, 43.98865216927546, 0.0, 0.0, 0.0, 0.0, 0.15387901056888953, 7.324974711793542]","[0.07678057992468984, -0.5306875673849296, 0.0]","{""Controller Type"": ""MPC Controller"", ""weight_comfort"": 335.5644241924137, ""weight_trajectory"": 3986.6134548455184, ""weight_goal"": 1000.0, ""Q"": [[3986.6134548455184, 0.0, 0.0, 0.0], [0.0, 0.0, 0.0, 0.0], [0.0, 0.0, 3986.6134548455184, 0.0], [0.0, 0.0, 0.0, 0.0]], ""R"": [[335.5644241924137, 0.0], [0.0, 335.5644241924137]], ""P"": [[1000.0, 0.0, 0.0, 0.0], [0.0, 100000.0, 0.0, 0.0], [0.0, 0.0, 1000.0, 0.0], [0.0, 0.0, 0.0, 100000.0]]}","[0.004146086084860417, -0.09771149544528339, 0.0]",False
3,P05,2e6a0a77-88d8-4501-ab04-4d78b67d0190,24,1,haply,mpc,seeded_random,756517391,persist_session,10.0,22.90796977043152,10719.871065003,0,1785938061.713266,1090.0,True,normal,adaptive,-0.08,0.08,0.0,-0.08,-0.08,0.0,-0.0829072821,0.06985952,0.0,-0.025152164,-0.13281514,0.26213425,-0.0012845637,-0.0044652536,-0.0321789,"[20.11057633876737, 44.86818896693788, 0.0, 0.0, 0.0, 0.0, 0.14275148451633443, 7.68409681228764]","[0.2130767301139893, -0.6203472306464878, 0.0]","{""Controller Type"": ""MPC Controller"", ""weight_comfort"": 335.5644241924137, ""weight_trajectory"": 3986.6134548455184, ""weight_goal"": 1000.0, ""Q"": [[3986.6134548455184, 0.0, 0.0, 0.0], [0.0, 0.0, 0.0, 0.0], [0.0, 0.0, 3986.6134548455184, 0.0], [0.0, 0.0, 0.0, 0.0]], ""R"": [[335.5644241924137, 0.0], [0.0, 335.5644241924137]], ""P"": [[1000.0, 0.0, 0.0, 0.0], [0.0, 100000.0, 0.0, 0.0], [0.0, 0.0, 1000.0, 0.0], [0.0, 0.0, 0.0, 100000.0]]}","[0.002709017197805725, -0.11517298418598373, 0.0]",False
3,P05,2e6a0a77-88d8-4501-ab04-4d78b67d0190,24,1,haply,mpc,seeded_random,756517391,persist_session,10.0,22.918318567276003,10719.881409299,0,1785938061.72329,1091.0,True,normal,adaptive,-0.08,0.08,0.0,-0.08,-0.08,0.0,-0.0829377381,0.06904638,0.0,-0.025152164,-0.13281514,0.26213425,-0.0012845637,-0.0044652536,-0.0321789,"[18.69547685945965, 45.14189689493392, 0.0, 0.0, 0.0, 0.0, 0.1604613932945143, 7.170144747492272]","[0.2130767301139893, -0.6203472306464878, 0.0]","{""Controller Type"": ""MPC Controller"", ""weight_comfort"": 335.5644241924137, ""weight_trajectory"": 3986.6134548455184, ""weight_goal"": 1000.0, ""Q"": [[3986.6134548455184, 0.0, 0.0, 0.0], [0.0, 0.0, 0.0, 0.0], [0.0, 0.0, 3986.6134548455184, 0.0], [0.0, 0.0, 0.0, 0.0]], ""R"": [[335.5644241924137, 0.0], [0.0, 335.5644241924137]], ""P"": [[1000.0, 0.0, 0.0, 0.0], [0.0, 100000.0, 0.0, 0.0], [0.0, 0.0, 1000.0, 0.0], [0.0, 0.0, 0.0, 100000.0]]}","[0.005183336246107817, -0.13781445536501466, 0.0]",False
3,P05,2e6a0a77-88d8-4501-ab04-4d78b67d0190,24,1,haply,mpc,seeded_random,756517391,persist_session,10.0,22.92793875694275,10719.891033566,0,1785938061.733116,1092.0,True,normal,adaptive,-0.08,0.08,0.0,-0.08,-0.08,0.0,-0.0829573221,0.0685043999999999,0.0,-0.025158692,-0.13284098,0.26186326,-0.0011672352,-0.0041658864,-0.032943226,"[19.06122205557414, 45.11272469171918, 0.0, 0.0, 0.0, 0.0, 0.1343071256138849, 4.409068271721875]","[-0.08223160664035836, -0.6055493058614414, 0.0]","{""Controller Type"": ""MPC Controller"", ""weight_comfort"": 327.547287041099, ""weight_trajectory"": 4034.716277753406, ""weight_goal"": 1000.0, ""Q"": [[4034.716277753406, 0.0, 0.0, 0.0], [0.0, 0.0, 0.0, 0.0], [0.0, 0.0, 4034.716277753406, 0.0], [0.0, 0.0, 0.0, 0.0]], ""R"": [[327.547287041099, 0.0], [0.0, 327.547287041099]], ""P"": [[1000.0, 0.0, 0.0, 0.0], [0.0, 100000.0, 0.0, 0.0], [0.0, 0.0, 1000.0, 0.0], [0.0, 0.0, 0.0, 100000.0]]}","[0.005183336246107817, -0.13781445536501466, 0.0]",False
3,P05,2e6a0a77-88d8-4501-ab04-4d78b67d0190,24,1,haply,mpc,seeded_random,756517391,persist_session,10.0,22.938162622451785,10719.901250579,0,1785938061.7432165,1093.0,True,normal,adaptive,-0.08,0.08,0.0,-0.08,-0.08,0.0,-0.0830141241,0.0678133999999999,0.0,-0.025155192,-0.13302416,0.26129386,-0.0010328345,-0.003821302,-0.033760156,"[19.06122205557414, 45.11272469171918, 0.0, 0.0, 0.0, 0.0, 0.1343071256138849, 4.409068271721875]","[-0.03354139992041968, -0.2631349243837122, 0.0]","{""Controller Type"": ""MPC Controller"", ""weight_comfort"": 327.547287041099, ""weight_trajectory"": 4034.716277753406, ""weight_goal"": 1000.0, ""Q"": [[4034.716277753406, 0.0, 0.0, 0.0], [0.0, 0.0, 0.0, 0.0], [0.0, 0.0, 4034.716277753406, 0.0], [0.0, 0.0, 0.0, 0.0]], ""R"": [[327.547287041099, 0.0], [0.0, 327.547287041099]], ""P"": [[1000.0, 0.0, 0.0, 0.0], [0.0, 100000.0, 0.0, 0.0], [0.0, 0.0, 1000.0, 0.0], [0.0, 0.0, 0.0, 100000.0]]}","[0.008146120862765715, -0.1886598335856706, 0.0]",False
3,P05,2e6a0a77-88d8-4501-ab04-4d78b67d0190,24,1,haply,mpc,seeded_random,756517391,persist_session,10.0,22.94807249069214,10719.911160255,0,1785938061.7531428,1094.0,True,normal,adaptive,-0.08,0.08,0.0,-0.08,-0.08,0.0,-0.0829468221,0.0673655999999999,0.0,-0.025161179,-0.1330485,0.26102304,-0.0010753602,-0.003989834,-0.033470638,"[18.695561855118346, 45.29659040418873, 0.0, 0.0, 0.0, 0.0, 0.11161201668944096, 5.5198132509766005]","[-0.19839230225455076, -0.39413569953016026, 0.0]","{""Controller Type"": ""MPC Controller"", ""weight_comfort"": 327.547287041099, ""weight_trajectory"": 4034.716277753406, ""weight_goal"": 1000.0, ""Q"": [[4034.716277753406, 0.0, 0.0, 0.0], [0.0, 0.0, 0.0, 0.0], [0.0, 0.0, 4034.716277753406, 0.0], [0.0, 0.0, 0.0, 0.0]], ""R"": [[327.547287041099, 0.0], [0.0, 327.547287041099]], ""P"": [[1000.0, 0.0, 0.0, 0.0], [0.0, 100000.0, 0.0, 0.0], [0.0, 0.0, 1000.0, 0.0], [0.0, 0.0, 0.0, 100000.0]]}","[0.0036013481930483354, -0.2186466024010848, 0.0]",False
3,P05,2e6a0a77-88d8-4501-ab04-4d78b67d0190,24,1,haply,mpc,seeded_random,756517391,persist_session,10.0,22.958397684097292,10719.921481822,0,1785938061.763347,1095.0,True,normal,adaptive,-0.08,0.08,0.0,-0.08,-0.08,0.0,-0.0829647831,0.0668239599999999,0.0,-0.025161179,-0.1330485,0.26102304,-0.0010753602,-0.003989834,-0.033470638,"[21.734849836583987, 47.085206700229556, 0.0, 0.0, 0.0, 0.0, 0.027267273733816905, 3.955576865786855]","[0.38328615206115335, -0.18245950661336974, 0.0]","{""Controller Type"": ""MPC Controller"", ""weight_comfort"": 356.9711769312851, ""weight_trajectory"": 3858.1729384122896, ""weight_goal"": 1000.0, ""Q"": [[3858.1729384122896, 0.0, 0.0, 0.0], [0.0, 0.0, 0.0, 0.0], [0.0, 0.0, 3858.1729384122896, 0.0], [0.0, 0.0, 0.0, 0.0]], ""R"": [[356.9711769312851, 0.0], [0.0, 356.9711769312851]], ""P"": [[1000.0, 0.0, 0.0, 0.0], [0.0, 100000.0, 0.0, 0.0], [0.0, 0.0, 1000.0, 0.0], [0.0, 0.0, 0.0, 100000.0]]}","[0.0036013481930483354, -0.2186466024010848, 0.0]",False
3,P05,2e6a0a77-88d8-4501-ab04-4d78b67d0190,24,1,haply,mpc,seeded_random,756517391,persist_session,10.0,22.968915996551516,10719.93198243,0,1785938061.7730896,1096.0,True,normal,adaptive,-0.08,0.08,0.0,-0.08,-0.08,0.0,-0.0827445501,0.06649688,0.0,-0.025074247,-0.13334931,0.26069573,-0.0013763077,-0.00506118,-0.03086072,"[25.41973576247743, 54.43882972346273, 0.0, 0.0, 0.0, 0.0, -0.09182654776493798, 3.666061747729036]","[-0.024887786064145226, -0.2371807831662924, 0.0]","{""Controller Type"": ""MPC Controller"", ""weight_comfort"": 356.9711769312851, ""weight_trajectory"": 3858.1729384122896, ""weight_goal"": 1000.0, ""Q"": [[3858.1729384122896, 0.0, 0.0, 0.0], [0.0, 0.0, 0.0, 0.0], [0.0, 0.0, 3858.1729384122896, 0.0], [0.0, 0.0, 0.0, 0.0]], ""R"": [[356.9711769312851, 0.0], [0.0, 356.9711769312851]], ""P"": [[1000.0, 0.0, 0.0, 0.0], [0.0, 100000.0, 0.0, 0.0], [0.0, 0.0, 1000.0, 0.0], [0.0, 0.0, 0.0, 100000.0]]}","[-0.004466881628663478, -0.26405958051117406, 0.0]",False
3,P05,2e6a0a77-88d8-4501-ab04-4d78b67d0190,24,1,haply,mpc,seeded_random,756517391,persist_session,10.0,22.978008565902712,10719.941094168,0,1785938061.783253,1097.0,True,normal,adaptive,-0.08,0.08,0.0,-0.08,-0.08,0.0,-0.0827039871,0.06616934,0.0,-0.02503874,-0.13343309,0.26054606,-0.0016845908,-0.0060958415,-0.02827499,"[25.41973576247743, 54.43882972346273, 0.0, 0.0, 0.0, 0.0, -0.09182654776493798, 3.666061747729036]","[1.300346735477255, -0.10962353302953705, 0.0]","{""Controller Type"": ""MPC Controller"", ""weight_comfort"": 356.9711769312851, ""weight_trajectory"": 3858.1729384122896, ""weight_goal"": 1000.0, ""Q"": [[3858.1729384122896, 0.0, 0.0, 0.0], [0.0, 0.0, 0.0, 0.0], [0.0, 0.0, 3858.1729384122896, 0.0], [0.0, 0.0, 0.0, 0.0]], ""R"": [[356.9711769312851, 0.0], [0.0, 356.9711769312851]], ""P"": [[1000.0, 0.0, 0.0, 0.0], [0.0, 100000.0, 0.0, 0.0], [0.0, 0.0, 1000.0, 0.0], [0.0, 0.0, 0.0, 100000.0]]}","[0.005324351813537234, -0.28478130531230383, 0.0]",False
3,P05,2e6a0a77-88d8-4501-ab04-4d78b67d0190,24,1,haply,mpc,seeded_random,756517391,persist_session,10.0,22.9881439781189,10719.951235724,0,1785938061.7933953,1098.0,True,normal,adaptive,-0.08,0.08,0.0,-0.08,-0.08,0.0,-0.0825974661,0.06587,0.0,-0.025094746,-0.13359067,0.26044255,-0.0019750933,-0.0070744148,-0.02583979,"[19.78156515182575, 52.2550059134828, 0.0, 0.0, 0.0, 0.0, -0.12968927088906962, 3.510574916721126]","[0.6001964170396064, -0.084693119532055, 0.0]","{""Controller Type"": ""MPC Controller"", ""weight_comfort"": 313.71192118721723, ""weight_trajectory"": 4117.728472876696, ""weight_goal"": 1000.0, ""Q"": [[4117.728472876696, 0.0, 0.0, 0.0], [0.0, 0.0, 0.0, 0.0], [0.0, 0.0, 4117.728472876696, 0.0], [0.0, 0.0, 0.0, 0.0]], ""R"": [[313.71192118721723, 0.0], [0.0, 313.71192118721723]], ""P"": [[1000.0, 0.0, 0.0, 0.0], [0.0, 100000.0, 0.0, 0.0], [0.0, 0.0, 1000.0, 0.0], [0.0, 0.0, 0.0, 100000.0]]}","[0.0018608447444142802, -0.31897818285726864, 0.0]",False
3,P05,2e6a0a77-88d8-4501-ab04-4d78b67d0190,24,1,haply,mpc,seeded_random,756517391,persist_session,10.0,22.998027858734133,10719.961119266,0,1785938061.803604,1099.0,True,normal,adaptive,-0.08,0.08,0.0,-0.08,-0.08,0.0,-0.0827654841,0.0656629799999999,0.0,-0.025094746,-0.13359067,0.26044255,-0.0019750933,-0.0070744148,-0.02583979,"[17.360186397070663, 58.103889802923135, 0.0, 0.0, 0.0, 0.0, -0.21368836120230633, 3.464609760423786]","[0.6001964170396064, -0.084693119532055, 0.0]","{""Controller Type"": ""MPC Controller"", ""weight_comfort"": 313.71192118721723, ""weight_trajectory"": 4117.728472876696, ""weight_goal"": 1000.0, ""Q"": [[4117.728472876696, 0.0, 0.0, 0.0], [0.0, 0.0, 0.0, 0.0], [0.0, 0.0, 4117.728472876696, 0.0], [0.0, 0.0, 0.0, 0.0]], ""R"": [[313.71192118721723, 0.0], [0.0, 313.71192118721723]], ""P"": [[1000.0, 0.0, 0.0, 0.0], [0.0, 100000.0, 0.0, 0.0], [0.0, 0.0, 1000.0, 0.0], [0.0, 0.0, 0.0, 100000.0]]}","[0.0018608447444142802, -0.31897818285726864, 0.0]",False
3,P05,2e6a0a77-88d8-4501-ab04-4d78b67d0190,24,1,haply,mpc,seeded_random,756517391,persist_session,10.0,23.007994947433474,10719.971089374,0,1785938061.8133063,1100.0,True,normal,adaptive,-0.08,0.08,0.0,-0.08,-0.08,0.0,-0.0827155671,0.0656054199999999,0.0,-0.025083179,-0.13391699,0.2603703,-0.0009819722,-0.009003831,-0.021533255,"[22.516329015024642, 60.41524202357127, 0.0, 0.0, 0.0, 0.0, -0.393010489614925, 3.821281467938333]","[0.37196810328236446, 0.03455460643121049, 0.0]","{""Controller Type"": ""MPC Controller"", ""weight_comfort"": 286.40090533573914, ""weight_trajectory"": 4281.594567985565, ""weight_goal"": 1000.0, ""Q"": [[4281.594567985565, 0.0, 0.0, 0.0], [0.0, 0.0, 0.0, 0.0], [0.0, 0.0, 4281.594567985565, 0.0], [0.0, 0.0, 0.0, 0.0]], ""R"": [[286.40090533573914, 0.0], [0.0, 286.40090533573914]], ""P"": [[1000.0, 0.0, 0.0, 0.0], [0.0, 100000.0, 0.0, 0.0], [0.0, 0.0, 1000.0, 0.0], [0.0, 0.0, 0.0, 100000.0]]}","[0.00583999068742974, -0.35342363447820563, 0.0]",False
3,P05,2e6a0a77-88d8-4501-ab04-4d78b67d0190,24,1,haply,mpc,seeded_random,756517391,persist_session,10.0,23.018081245422366,10719.981168005,0,1785938061.8233984,1101.0,True,normal,adaptive,-0.08,0.08,0.0,-0.08,-0.08,0.0,-0.0827307831,0.0655184799999999,0.0,-0.025066314,-0.13404982,0.26034135,-0.00022035268,-0.009735757,-0.019984113,"[21.066932727420507, 60.49456242438577, 0.0, 0.0, 0.0, 0.0, -0.36002177456487855, 3.7676002943346347]","[-0.033679994776837835, 0.019932972479346014, 0.0]","{""Controller Type"": ""MPC Controller"", ""weight_comfort"": 286.40090533573914, ""weight_trajectory"": 4281.594567985565, ""weight_goal"": 1000.0, ""Q"": [[4281.594567985565, 0.0, 0.0, 0.0], [0.0, 0.0, 0.0, 0.0], [0.0, 0.0, 4281.594567985565, 0.0], [0.0, 0.0, 0.0, 0.0]], ""R"": [[286.40090533573914, 0.0], [0.0, 286.40090533573914]], ""P"": [[1000.0, 0.0, 0.0, 0.0], [0.0, 100000.0, 0.0, 0.0], [0.0, 0.0, 1000.0, 0.0], [0.0, 0.0, 0.0, 100000.0]]}","[0.010824468657642448, -0.3680187309658124, 0.0]",False
3,P05,2e6a0a77-88d8-4501-ab04-4d78b67d0190,24,1,haply,mpc,seeded_random,756517391,persist_session,10.0,23.02810603141785,10719.99119837,0,1785938061.8333905,1102.0,True,normal,adaptive,-0.08,0.08,0.0,-0.08,-0.08,0.0,-0.0826801881,0.06546058,0.0,-0.025071092,-0.13424337,0.26029754,0.00030909645,-0.010343909,-0.018673334,"[21.85191878472958, 60.84760237502157, 0.0, 0.0, 0.0, 0.0, -0.3899468908124799, 3.8277907943943585]","[0.36666839895736575, 0.034541519945186214, 0.0]","{""Controller Type"": ""MPC Controller"", ""weight_comfort"": 286.40090533573914, ""weight_trajectory"": 4281.594567985565, ""weight_goal"": 1000.0, ""Q"": [[4281.594567985565, 0.0, 0.0, 0.0], [0.0, 0.0, 0.0, 0.0], [0.0, 0.0, 4281.594567985565, 0.0], [0.0, 0.0, 0.0, 0.0]], ""R"": [[286.40090533573914, 0.0], [0.0, 286.40090533573914]], ""P"": [[1000.0, 0.0, 0.0, 0.0], [0.0, 100000.0, 0.0, 0.0], [0.0, 0.0, 1000.0, 0.0], [0.0, 0.0, 0.0, 100000.0]]}","[0.006299704960641889, -0.3746673563069533, 0.0]",False
3,P05,2e6a0a77-88d8-4501-ab04-4d78b67d0190,24,1,haply,mpc,seeded_random,756517391,persist_session,10.0,23.038083133697512,10720.001172993,0,1785938061.8434412,1103.0,True,normal,adaptive,-0.08,0.08,0.0,-0.08,-0.08,0.0,-0.0826945221,0.0653729599999999,0.0,-0.025054008,-0.13437621,0.26026818,0.000245555,-0.012053794,-0.014627403,"[20.46105775755378, 60.92042382139326, 0.0, 0.0, 0.0, 0.0, -0.3553525116763608, 3.7722853389443474]","[-0.03174943078673269, 0.018772855393891584, 0.0]","{""Controller Type"": ""MPC Controller"", ""weight_comfort"": 286.40090533573914, ""weight_trajectory"": 4281.594567985565, ""weight_goal"": 1000.0, ""Q"": [[4281.594567985565, 0.0, 0.0, 0.0], [0.0, 0.0, 0.0, 0.0], [0.0, 0.0, 4281.594567985565, 0.0], [0.0, 0.0, 0.0, 0.0]], ""R"": [[286.40090533573914, 0.0], [0.0, 286.40090533573914]], ""P"": [[1000.0, 0.0, 0.0, 0.0], [0.0, 100000.0, 0.0, 0.0], [0.0, 0.0, 1000.0, 0.0], [0.0, 0.0, 0.0, 100000.0]]}","[0.010996802889034664, -0.3799273365528245, 0.0]",False
3,P05,2e6a0a77-88d8-4501-ab04-4d78b67d0190,24,1,haply,mpc,seeded_random,756517391,persist_session,10.0,23.04791575431824,10720.011003914,0,1785938061.8533757,1104.0,True,normal,adaptive,-0.08,0.08,0.0,-0.08,-0.08,0.0,-0.0826432701,0.06531424,0.0,-0.025036821,-0.13450907,0.2602388,0.00028112932,-0.0133815585,-0.011346382,"[21.225219234057256, 61.27426005740216, 0.0, 0.0, 0.0, 0.0, -0.3845313491248296, 3.830671426416866]","[0.372219742889753, 0.033235702858335575, 0.0]","{""Controller Type"": ""MPC Controller"", ""weight_comfort"": 267.96682205720043, ""weight_trajectory"": 4392.1990676567975, ""weight_goal"": 1000.0, ""Q"": [[4392.1990676567975, 0.0, 0.0, 0.0], [0.0, 0.0, 0.0, 0.0], [0.0, 0.0, 4392.1990676567975, 0.0], [0.0, 0.0, 0.0, 0.0]], ""R"": [[267.96682205720043, 0.0], [0.0, 267.96682205720043]], ""P"": [[1000.0, 0.0, 0.0, 0.0], [0.0, 100000.0, 0.0, 0.0], [0.0, 0.0, 1000.0, 0.0], [0.0, 0.0, 0.0, 100000.0]]}","[0.006550487705883824, -0.39376025201266146, 0.0]",False
3,P05,2e6a0a77-88d8-4501-ab04-4d78b67d0190,24,1,haply,mpc,seeded_random,756517391,persist_session,10.0,23.058085260391238,10720.021176916,0,1785938061.8632965,1105.0,True,normal,adaptive,-0.08,0.08,0.0,-0.08,-0.08,0.0,-0.0825917091,0.0652554799999999,0.0,-0.025036821,-0.13450907,0.2602388,0.00028112932,-0.0133815585,-0.011346382,"[20.292799789251088, 60.833702130328206, 0.0, 0.0, 0.0, 0.0, -0.38062736702576494, 3.822867331424612]","[0.36876061040190744, 0.03264579489347992, 0.0]","{""Controller Type"": ""MPC Controller"", ""weight_comfort"": 267.96682205720043, ""weight_trajectory"": 4392.1990676567975, ""weight_goal"": 1000.0, ""Q"": [[4392.1990676567975, 0.0, 0.0, 0.0], [0.0, 0.0, 0.0, 0.0], [0.0, 0.0, 4392.1990676567975, 0.0], [0.0, 0.0, 0.0, 0.0]], ""R"": [[267.96682205720043, 0.0], [0.0, 267.96682205720043]], ""P"": [[1000.0, 0.0, 0.0, 0.0], [0.0, 100000.0, 0.0, 0.0], [0.0, 0.0, 1000.0, 0.0], [0.0, 0.0, 0.0, 100000.0]]}","[0.00640806615554917, -0.39886510262849173, 0.0]",False
3,P05,2e6a0a77-88d8-4501-ab04-4d78b67d0190,24,1,haply,mpc,seeded_random,756517391,persist_session,10.0,23.06808143615723,10720.03117124,0,1785938061.8732576,1106.0,True,normal,adaptive,-0.08,0.08,0.0,-0.08,-0.08,0.0,-0.0822927260999999,0.06522584,0.0,-0.024910271,-0.13470061,0.26013374,0.00064239826,-0.01420249,-0.0077784914,"[22.212554962241818, 64.02845937373831, 0.0, 0.0, 0.0, 0.0, -0.4105360720954844, 3.8940605632048673]","[1.9727398158612806, 0.04803340955542983, 0.0]","{""Controller Type"": ""MPC Controller"", ""weight_comfort"": 267.96682205720043, ""weight_trajectory"": 4392.1990676567975, ""weight_goal"": 1000.0, ""Q"": [[4392.1990676567975, 0.0, 0.0, 0.0], [0.0, 0.0, 0.0, 0.0], [0.0, 0.0, 4392.1990676567975, 0.0], [0.0, 0.0, 0.0, 0.0]], ""R"": [[267.96682205720043, 0.0], [0.0, 267.96682205720043]], ""P"": [[1000.0, 0.0, 0.0, 0.0], [0.0, 100000.0, 0.0, 0.0], [0.0, 0.0, 1000.0, 0.0], [0.0, 0.0, 0.0, 100000.0]]}","[-0.01285371106395781, -0.40361993141339014, 0.0]",False
3,P05,2e6a0a77-88d8-4501-ab04-4d78b67d0190,24,1,haply,mpc,seeded_random,756517391,persist_session,10.0,23.07805877685547,10720.041148484,0,1785938061.8832767,1107.0,True,normal,adaptive,-0.08,0.08,0.0,-0.08,-0.08,0.0,-0.0822120591,0.06504536,0.0,-0.02493193,-0.13476151,0.26011893,0.0009277085,-0.014006102,-0.006933126,"[16.28122472116552, 60.10254350402734, 0.0, 0.0, 0.0, 0.0, -0.28821257752801593, 3.9288244435871604]","[0.5199217017505693, -0.028968606150468812, 0.0]","{""Controller Type"": ""MPC Controller"", ""weight_comfort"": 262.13806313587065, ""weight_trajectory"": 4427.171621184776, ""weight_goal"": 1000.0, ""Q"": [[4427.171621184776, 0.0, 0.0, 0.0], [0.0, 0.0, 0.0, 0.0], [0.0, 0.0, 4427.171621184776, 0.0], [0.0, 0.0, 0.0, 0.0]], ""R"": [[262.13806313587065, 0.0], [0.0, 262.13806313587065]], ""P"": [[1000.0, 0.0, 0.0, 0.0], [0.0, 100000.0, 0.0, 0.0], [0.0, 0.0, 1000.0, 0.0], [0.0, 0.0, 0.0, 100000.0]]}","[0.0030435193605732754, -0.41076660656567, 0.0]",False
3,P05,2e6a0a77-88d8-4501-ab04-4d78b67d0190,24,1,haply,mpc,seeded_random,756517391,persist_session,10.0,23.088011560440066,10720.051102959,0,1785938061.8933182,1108.0,True,normal,adaptive,-0.08,0.08,0.0,-0.08,-0.08,0.0,-0.0822770361,0.06501574,0.0,-0.0249144,-0.13489443,0.26008913,0.0012649888,-0.013516036,-0.0061557856,"[14.448657060319002, 61.187250532220524, 0.0, 0.0, 0.0, 0.0, -0.45862728103871064, 4.338767584560064]","[-0.36303413504316734, 0.05370982648599832, 0.0]","{""Controller Type"": ""MPC Controller"", ""weight_comfort"": 262.13806313587065, ""weight_trajectory"": 4427.171621184776, ""weight_goal"": 1000.0, ""Q"": [[4427.171621184776, 0.0, 0.0, 0.0], [0.0, 0.0, 0.0, 0.0], [0.0, 0.0, 4427.171621184776, 0.0], [0.0, 0.0, 0.0, 0.0]], ""R"": [[262.13806313587065, 0.0], [0.0, 262.13806313587065]], ""P"": [[1000.0, 0.0, 0.0, 0.0], [0.0, 100000.0, 0.0, 0.0], [0.0, 0.0, 1000.0, 0.0], [0.0, 0.0, 0.0, 100000.0]]}","[0.014508561405785846, -0.425022703630888, 0.0]",False
3,P05,2e6a0a77-88d8-4501-ab04-4d78b67d0190,24,1,haply,mpc,seeded_random,756517391,persist_session,10.0,23.09817629814148,10720.061262555,0,1785938061.9032905,1109.0,True,normal,adaptive,-0.08,0.08,0.0,-0.08,-0.08,0.0,-0.0822244461,0.06495614,0.0,-0.0249144,-0.13489443,0.26008913,0.0012649888,-0.013516036,-0.0061557856,"[16.135701489334373, 61.970305948355815, 0.0, 0.0, 0.0, 0.0, -0.4216846422164323, 4.2649825170856355]","[-0.36303413504316734, 0.05370982648599832, 0.0]","{""Controller Type"": ""MPC Controller"", ""weight_comfort"": 262.13806313587065, ""weight_trajectory"": 4427.171621184776, ""weight_goal"": 1000.0, ""Q"": [[4427.171621184776, 0.0, 0.0, 0.0], [0.0, 0.0, 0.0, 0.0], [0.0, 0.0, 4427.171621184776, 0.0], [0.0, 0.0, 0.0, 0.0]], ""R"": [[262.13806313587065, 0.0], [0.0, 262.13806313587065]], ""P"": [[1000.0, 0.0, 0.0, 0.0], [0.0, 100000.0, 0.0, 0.0], [0.0, 0.0, 1000.0, 0.0], [0.0, 0.0, 0.0, 100000.0]]}","[0.005323792355880966, -0.4282331535676738, 0.0]",False
3,P05,2e6a0a77-88d8-4501-ab04-4d78b67d0190,24,1,haply,mpc,seeded_random,756517391,persist_session,10.0,23.10791855812073,10720.071009192,0,1785938061.9132988,1110.0,True,normal,adaptive,-0.08,0.08,0.0,-0.08,-0.08,0.0,-0.0822892761,0.0649262199999999,0.0,-0.024957612,-0.13501607,0.26005927,0.0018333544,-0.012368857,-0.004927123,"[16.135701489334373, 61.970305948355815, 0.0, 0.0, 0.0, 0.0, -0.4216846422164323, 4.2649825170856355]","[0.3627067951337576, 0.035635352446285656, 0.0]","{""Controller Type"": ""MPC Controller"", ""weight_comfort"": 226.76866519398232, ""weight_trajectory"": 4639.388008836107, ""weight_goal"": 1000.0, ""Q"": [[4639.388008836107, 0.0, 0.0, 0.0], [0.0, 0.0, 0.0, 0.0], [0.0, 0.0, 4639.388008836107, 0.0], [0.0, 0.0, 0.0, 0.0]], ""R"": [[226.76866519398232, 0.0], [0.0, 226.76866519398232]], ""P"": [[1000.0, 0.0, 0.0, 0.0], [0.0, 100000.0, 0.0, 0.0], [0.0, 0.0, 1000.0, 0.0], [0.0, 0.0, 0.0, 100000.0]]}","[0.01561909962781153, -0.44842615859281115, 0.0]",False
3,P05,2e6a0a77-88d8-4501-ab04-4d78b67d0190,24,1,haply,mpc,seeded_random,756517391,persist_session,10.0,23.11822062492371,10720.08128581,0,1785938061.9233491,1111.0,True,normal,adaptive,-0.08,0.08,0.0,-0.08,-0.08,0.0,-0.0823540821,0.06489642,0.0,-0.024957612,-0.13501607,0.26005927,0.0018333544,-0.012368857,-0.004927123,"[14.780560104264813, 62.76557861596173, 0.0, 0.0, 0.0, 0.0, -0.4498451096064979, 4.332737602264687]","[-0.37272389707168996, 0.05224190523600621, 0.0]","{""Controller Type"": ""MPC Controller"", ""weight_comfort"": 226.76866519398232, ""weight_trajectory"": 4639.388008836107, ""weight_goal"": 1000.0, ""Q"": [[4639.388008836107, 0.0, 0.0, 0.0], [0.0, 0.0, 0.0, 0.0], [0.0, 0.0, 4639.388008836107, 0.0], [0.0, 0.0, 0.0, 0.0]], ""R"": [[226.76866519398232, 0.0], [0.0, 226.76866519398232]], ""P"": [[1000.0, 0.0, 0.0, 0.0], [0.0, 100000.0, 0.0, 0.0], [0.0, 0.0, 1000.0, 0.0], [0.0, 0.0, 0.0, 100000.0]]}","[0.01599623169271427, -0.4513711549820671, 0.0]",False
3,P05,2e6a0a77-88d8-4501-ab04-4d78b67d0190,24,1,haply,mpc,seeded_random,756517391,persist_session,10.0,23.128127155303957,10720.091214595,0,1785938061.9332433,1112.0,True,normal,adaptive,-0.08,0.08,0.0,-0.08,-0.08,0.0,-0.0823011380999999,0.0648363399999999,0.0,-0.024983145,-0.13527077,0.25999913,0.0012299914,-0.01150702,-0.0036988698,"[15.419231625762446, 62.40541583853949, 0.0, 0.0, 0.0, 0.0, -0.4443042530668269, 4.31938892899547]","[-0.3661024551720935, 0.05157073356355461, 0.0]","{""Controller Type"": ""MPC Controller"", ""weight_comfort"": 226.76866519398232, ""weight_trajectory"": 4639.388008836107, ""weight_goal"": 1000.0, ""Q"": [[4639.388008836107, 0.0, 0.0, 0.0], [0.0, 0.0, 0.0, 0.0], [0.0, 0.0, 4639.388008836107, 0.0], [0.0, 0.0, 0.0, 0.0]], ""R"": [[226.76866519398232, 0.0], [0.0, 226.76866519398232]], ""P"": [[1000.0, 0.0, 0.0, 0.0], [0.0, 100000.0, 0.0, 0.0], [0.0, 0.0, 1000.0, 0.0], [0.0, 0.0, 0.0, 100000.0]]}","[0.006231345439234791, -0.45475777423112135, 0.0]",False
3,P05,2e6a0a77-88d8-4501-ab04-4d78b67d0190,24,1,haply,mpc,seeded_random,756517391,persist_session,10.0,23.1384387588501,10720.101531163,0,1785938061.9433036,1113.0,True,normal,adaptive,-0.08,0.08,0.0,-0.08,-0.08,0.0,-0.0824306810999999,0.06477614,0.0,-0.024965333,-0.1354038,0.2599689,0.0008140029,-0.011267947,-0.0033543203,"[17.153328946867553, 63.19375431240997, 0.0, 0.0, 0.0, 0.0, -0.40816000180086315, 4.248218313202322]","[0.3776251284940111, 0.0333200054757842, 0.0]","{""Controller Type"": ""MPC Controller"", ""weight_comfort"": 227.05933136133933, ""weight_trajectory"": 4637.644011831963, ""weight_goal"": 1000.0, ""Q"": [[4637.644011831963, 0.0, 0.0, 0.0], [0.0, 0.0, 0.0, 0.0], [0.0, 0.0, 4637.644011831963, 0.0], [0.0, 0.0, 0.0, 0.0]], ""R"": [[227.05933136133933, 0.0], [0.0, 227.05933136133933]], ""P"": [[1000.0, 0.0, 0.0, 0.0], [0.0, 100000.0, 0.0, 0.0], [0.0, 0.0, 1000.0, 0.0], [0.0, 0.0, 0.0, 100000.0]]}","[0.022162901574606354, -0.4607019594960872, 0.0]",False
3,P05,2e6a0a77-88d8-4501-ab04-4d78b67d0190,24,1,haply,mpc,seeded_random,756517391,persist_session,10.0,23.148298559188845,10720.111373,0,1785938061.9531305,1114.0,True,normal,adaptive,-0.08,0.08,0.0,-0.08,-0.08,0.0,-0.0823772451,0.06471568,0.0,-0.025008453,-0.13552551,0.25993857,0.0005097238,-0.011259663,-0.0031564524,"[15.591823812222017, 65.22756787955838, 0.0, 0.0, 0.0, 0.0, -0.40563408097939024, 4.2432114163919215]","[-0.8020131916449657, 0.033335137806729434, 0.0]","{""Controller Type"": ""MPC Controller"", ""weight_comfort"": 227.05933136133933, ""weight_trajectory"": 4637.644011831963, ""weight_goal"": 1000.0, ""Q"": [[4637.644011831963, 0.0, 0.0, 0.0], [0.0, 0.0, 0.0, 0.0], [0.0, 0.0, 4637.644011831963, 0.0], [0.0, 0.0, 0.0, 0.0]], ""R"": [[227.05933136133933, 0.0], [0.0, 227.05933136133933]], ""P"": [[1000.0, 0.0, 0.0, 0.0], [0.0, 100000.0, 0.0, 0.0], [0.0, 0.0, 1000.0, 0.0], [0.0, 0.0, 0.0, 100000.0]]}","[0.006686244129818701, -0.46665665767289394, 0.0]",False
3,P05,2e6a0a77-88d8-4501-ab04-4d78b67d0190,24,1,haply,mpc,seeded_random,756517391,persist_session,10.0,23.158275661468508,10720.121355182,0,1785938061.9633756,1115.0,True,normal,adaptive,-0.08,0.08,0.0,-0.08,-0.08,0.0,-0.0825066050999999,0.0646550199999999,0.0,-0.024990512,-0.13565859,0.2599081,0.00021913277,-0.011319452,-0.0030298054,"[17.27907815857567, 68.43015701613496, 0.0, 0.0, 0.0, 0.0, -0.3996480383569753, 4.231468308162628]","[0.40695704982552444, 0.031936210749249634, 0.0]","{""Controller Type"": ""MPC Controller"", ""weight_comfort"": 227.05933136133933, ""weight_trajectory"": 4637.644011831963, ""weight_goal"": 1000.0, ""Q"": [[4637.644011831963, 0.0, 0.0, 0.0], [0.0, 0.0, 0.0, 0.0], [0.0, 0.0, 4637.644011831963, 0.0], [0.0, 0.0, 0.0, 0.0]], ""R"": [[227.05933136133933, 0.0], [0.0, 227.05933136133933]], ""P"": [[1000.0, 0.0, 0.0, 0.0], [0.0, 100000.0, 0.0, 0.0], [0.0, 0.0, 1000.0, 0.0], [0.0, 0.0, 0.0, 100000.0]]}","[0.02292414877960664, -0.4730453891556203, 0.0]",False
3,P05,2e6a0a77-88d8-4501-ab04-4d78b67d0190,24,1,haply,mpc,seeded_random,756517391,persist_session,10.0,23.167922315597536,10720.131011554,0,1785938061.9731598,1116.0,True,normal,adaptive,-0.08,0.08,0.0,-0.08,-0.08,0.0,-0.0824527821,0.0645940799999999,0.0,-0.024993991,-0.13585266,0.2598622,-4.4839135e-06,-0.011441238,-0.0029636219,"[20.464159821787522, 69.78493665609918, 0.0, 0.0, 0.0, 0.0, -0.39353866862978076, 4.219603268520474]","[0.4340810379671393, 0.030622004627150604, 0.0]","{""Controller Type"": ""MPC Controller"", ""weight_comfort"": 196.6206945312093, ""weight_trajectory"": 4820.275832812745, ""weight_goal"": 1000.0, ""Q"": [[4820.275832812745, 0.0, 0.0, 0.0], [0.0, 0.0, 0.0, 0.0], [0.0, 0.0, 4820.275832812745, 0.0], [0.0, 0.0, 0.0, 0.0]], ""R"": [[196.6206945312093, 0.0], [0.0, 196.6206945312093]], ""P"": [[1000.0, 0.0, 0.0, 0.0], [0.0, 100000.0, 0.0, 0.0], [0.0, 0.0, 1000.0, 0.0], [0.0, 0.0, 0.0, 100000.0]]}","[0.0077324870138529055, -0.4933836953706213, 0.0]",False
3,P05,2e6a0a77-88d8-4501-ab04-4d78b67d0190,24,1,haply,mpc,seeded_random,756517391,persist_session,10.0,23.177938518524172,10720.141027907,0,1785938061.9832602,1117.0,True,normal,adaptive,-0.08,0.08,0.0,-0.08,-0.08,0.0,-0.0824632191,0.0645022799999999,0.0,-0.025058579,-0.13603543,0.25981608,-0.00019235241,-0.011854629,-0.0029998454,"[20.464159821787522, 69.78493665609918, 0.0, 0.0, 0.0, 0.0, -0.39353866862978076, 4.219603268520474]","[0.4340810379671393, 0.030622004627150604, 0.0]","{""Controller Type"": ""MPC Controller"", ""weight_comfort"": 196.6206945312093, ""weight_trajectory"": 4820.275832812745, ""weight_goal"": 1000.0, ""Q"": [[4820.275832812745, 0.0, 0.0, 0.0], [0.0, 0.0, 0.0, 0.0], [0.0, 0.0, 4820.275832812745, 0.0], [0.0, 0.0, 0.0, 0.0]], ""R"": [[196.6206945312093, 0.0], [0.0, 196.6206945312093]], ""P"": [[1000.0, 0.0, 0.0, 0.0], [0.0, 100000.0, 0.0, 0.0], [0.0, 0.0, 1000.0, 0.0], [0.0, 0.0, 0.0, 100000.0]]}","[0.013921087675203392, -0.5006792825451452, 0.0]",False
3,P05,2e6a0a77-88d8-4501-ab04-4d78b67d0190,24,1,haply,mpc,seeded_random,756517391,persist_session,10.0,23.18799143791199,10720.151086132,0,1785938061.9933898,1118.0,True,normal,adaptive,-0.08,0.08,0.0,-0.08,-0.08,0.0,-0.0826569831,0.06441004,0.0,-0.025123185,-0.13621822,0.25976965,-0.0004563327,-0.012313673,-0.003075718,"[18.55661304247096, 71.18006986143106, 0.0, 0.0, 0.0, 0.0, -0.36493639487818424, 4.178341722151046]","[-1.3122508623451323, 0.014652895105097256, 0.0]","{""Controller Type"": ""MPC Controller"", ""weight_comfort"": 196.6206945312093, ""weight_trajectory"": 4820.275832812745, ""weight_goal"": 1000.0, ""Q"": [[4820.275832812745, 0.0, 0.0, 0.0], [0.0, 0.0, 0.0, 0.0], [0.0, 0.0, 4820.275832812745, 0.0], [0.0, 0.0, 0.0, 0.0]], ""R"": [[196.6206945312093, 0.0], [0.0, 196.6206945312093]], ""P"": [[1000.0, 0.0, 0.0, 0.0], [0.0, 100000.0, 0.0, 0.0], [0.0, 0.0, 1000.0, 0.0], [0.0, 0.0, 0.0, 100000.0]]}","[0.0321380556229742, -0.5107483027842642, 0.0]",False
3,P05,2e6a0a77-88d8-4501-ab04-4d78b67d0190,24,1,haply,mpc,seeded_random,756517391,persist_session,10.0,23.198074159622195,10720.161168446,0,1785938062.0035636,1119.0,True,normal,adaptive,-0.08,0.08,0.0,-0.08,-0.08,0.0,-0.0828508011,0.06431718,0.0,-0.025187783,-0.136401,0.25972307,-0.00086454145,-0.01325744,-0.0032907997,"[20.432273284817413, 67.84762066723036, 0.0, 0.0, 0.0, 0.0, -0.36347528717952515, 4.176247562679062]","[-1.2342965460989515, 0.014337577914574122, 0.0]","{""Controller Type"": ""MPC Controller"", ""weight_comfort"": 189.76115127862587, ""weight_trajectory"": 4861.433092328244, ""weight_goal"": 1000.0, ""Q"": [[4861.433092328244, 0.0, 0.0, 0.0], [0.0, 0.0, 0.0, 0.0], [0.0, 0.0, 4861.433092328244, 0.0], [0.0, 0.0, 0.0, 0.0]], ""R"": [[189.76115127862587, 0.0], [0.0, 189.76115127862587]], ""P"": [[1000.0, 0.0, 0.0, 0.0], [0.0, 100000.0, 0.0, 0.0], [0.0, 0.0, 1000.0, 0.0], [0.0, 0.0, 0.0, 100000.0]]}","[0.034125919010463884, -0.5245290250702838, 0.0]",False
3,P05,2e6a0a77-88d8-4501-ab04-4d78b67d0190,24,1,haply,mpc,seeded_random,756517391,persist_session,10.0,23.207935628890993,10720.171024356,0,1785938062.0132372,1120.0,True,normal,adaptive,-0.08,0.08,0.0,-0.08,-0.08,0.0,-0.0830445951,0.0642240199999999,0.0,-0.025273891,-0.13664466,0.2596605,-0.0013452052,-0.014458359,-0.0035852252,"[22.176783258873847, 64.82704743718331, 0.0, 0.0, 0.0, 0.0, -0.35796876018386276, 4.168904935218946]","[-1.231180100432278, 0.011479727276111601, 0.0]","{""Controller Type"": ""MPC Controller"", ""weight_comfort"": 189.76115127862587, ""weight_trajectory"": 4861.433092328244, ""weight_goal"": 1000.0, ""Q"": [[4861.433092328244, 0.0, 0.0, 0.0], [0.0, 0.0, 0.0, 0.0], [0.0, 0.0, 4861.433092328244, 0.0], [0.0, 0.0, 0.0, 0.0]], ""R"": [[189.76115127862587, 0.0], [0.0, 189.76115127862587]], ""P"": [[1000.0, 0.0, 0.0, 0.0], [0.0, 100000.0, 0.0, 0.0], [0.0, 0.0, 1000.0, 0.0], [0.0, 0.0, 0.0, 100000.0]]}","[0.03690292023710081, -0.5346670417672152, 0.0]",False
3,P05,2e6a0a77-88d8-4501-ab04-4d78b67d0190,24,1,haply,mpc,seeded_random,756517391,persist_session,10.0,23.2178848361969,10720.180978624,0,1785938062.0231874,1121.0,True,normal,adaptive,-0.08,0.08,0.0,-0.08,-0.08,0.0,-0.0833029191,0.06409888,0.0,-0.025360057,-0.1368885,0.25959748,-0.0027225413,-0.01548307,-0.0038920557,"[23.451355421404983, 61.748989229933485, 0.0, 0.0, 0.0, 0.0, -0.3347524770631245, 4.152836455461742]","[-1.5256564244411486, -0.003991442095208082, 0.0]","{""Controller Type"": ""MPC Controller"", ""weight_comfort"": 189.76115127862587, ""weight_trajectory"": 4861.433092328244, ""weight_goal"": 1000.0, ""Q"": [[4861.433092328244, 0.0, 0.0, 0.0], [0.0, 0.0, 0.0, 0.0], [0.0, 0.0, 4861.433092328244, 0.0], [0.0, 0.0, 0.0, 0.0]], ""R"": [[189.76115127862587, 0.0], [0.0, 189.76115127862587]], ""P"": [[1000.0, 0.0, 0.0, 0.0], [0.0, 100000.0, 0.0, 0.0], [0.0, 0.0, 1000.0, 0.0], [0.0, 0.0, 0.0, 100000.0]]}","[0.04541789060842457, -0.5462723586350423, 0.0]",False
3,P05,2e6a0a77-88d8-4501-ab04-4d78b67d0190,24,1,haply,mpc,seeded_random,756517391,persist_session,10.0,23.227992353439333,10720.191080482,0,1785938062.0331776,1122.0,True,normal,adaptive,-0.08,0.08,0.0,-0.08,-0.08,0.0,-0.0835614171,0.0639728399999999,0.0,-0.025446188,-0.13713229,0.25953403,-0.004055333,-0.017041067,-0.0043385075,"[25.522102267021463, 57.51186264084247, 0.0, 0.0, 0.0, 0.0, -0.3347702007894134, 4.152848509304525]","[-1.3972313821019895, -0.004195951778843632, 0.0]","{""Controller Type"": ""MPC Controller"", ""weight_comfort"": 282.98485512613945, ""weight_trajectory"": 4302.090869243163, ""weight_goal"": 1000.0, ""Q"": [[4302.090869243163, 0.0, 0.0, 0.0], [0.0, 0.0, 0.0, 0.0], [0.0, 0.0, 4302.090869243163, 0.0], [0.0, 0.0, 0.0, 0.0]], ""R"": [[282.98485512613945, 0.0], [0.0, 282.98485512613945]], ""P"": [[1000.0, 0.0, 0.0, 0.0], [0.0, 100000.0, 0.0, 0.0], [0.0, 0.0, 1000.0, 0.0], [0.0, 0.0, 0.0, 100000.0]]}","[0.042908954253515076, -0.5128327408362089, 0.0]",False
3,P05,2e6a0a77-88d8-4501-ab04-4d78b67d0190,24,1,haply,mpc,seeded_random,756517391,persist_session,10.0,23.237993774414065,10720.201088617,0,1785938062.0431857,1123.0,True,normal,adaptive,-0.08,0.08,0.0,-0.08,-0.08,0.0,-0.0838198101,0.06384594,0.0,-0.025544344,-0.137412,0.25939316,-0.0050941654,-0.018424114,-0.0047400375,"[27.55708705482677, 53.938940781620296, 0.0, 0.0, 0.0, 0.0, -0.3346273593116044, 4.1527539376249525]","[-1.2873872501512718, -0.004522281039163044, 0.0]","{""Controller Type"": ""MPC Controller"", ""weight_comfort"": 282.98485512613945, ""weight_trajectory"": 4302.090869243163, ""weight_goal"": 1000.0, ""Q"": [[4302.090869243163, 0.0, 0.0, 0.0], [0.0, 0.0, 0.0, 0.0], [0.0, 0.0, 4302.090869243163, 0.0], [0.0, 0.0, 0.0, 0.0]], ""R"": [[282.98485512613945, 0.0], [0.0, 282.98485512613945]], ""P"": [[1000.0, 0.0, 0.0, 0.0], [0.0, 100000.0, 0.0, 0.0], [0.0, 0.0, 1000.0, 0.0], [0.0, 0.0, 0.0, 100000.0]]}","[0.0454302647491356, -0.5268621692933083, 0.0]",False
3,P05,2e6a0a77-88d8-4501-ab04-4d78b67d0190,24,1,haply,mpc,seeded_random,756517391,persist_session,10.0,23.24809008598328,10720.211175956,0,1785938062.0532234,1124.0,True,normal,adaptive,-0.08,0.08,0.0,-0.08,-0.08,0.0,-0.0841142781,0.0635642,0.0,-0.025630474,-0.13765578,0.25932863,-0.0059948876,-0.019834008,-0.005257282,"[29.071805542534083, 50.93630846810959, 0.0, 0.0, 0.0, 0.0, -0.27127463307426525, 4.5281131948028435]","[-1.3746387413545638, -0.08814806401488955, 0.0]","{""Controller Type"": ""MPC Controller"", ""weight_comfort"": 282.98485512613945, ""weight_trajectory"": 4302.090869243163, ""weight_goal"": 1000.0, ""Q"": [[4302.090869243163, 0.0, 0.0, 0.0], [0.0, 0.0, 0.0, 0.0], [0.0, 0.0, 4302.090869243163, 0.0], [0.0, 0.0, 0.0, 0.0]], ""R"": [[282.98485512613945, 0.0], [0.0, 282.98485512613945]], ""P"": [[1000.0, 0.0, 0.0, 0.0], [0.0, 100000.0, 0.0, 0.0], [0.0, 0.0, 1000.0, 0.0], [0.0, 0.0, 0.0, 100000.0]]}","[0.05365218968915075, -0.5433027671972248, 0.0]",False
3,P05,2e6a0a77-88d8-4501-ab04-4d78b67d0190,24,1,haply,mpc,seeded_random,756517391,persist_session,10.0,23.25802522659302,10720.221118088,0,1785938062.063207,1125.0,True,normal,adaptive,-0.08,0.08,0.0,-0.08,-0.08,0.0,-0.0843726680999999,0.06343514,0.0,-0.025728548,-0.13793534,0.25918642,-0.0066454303,-0.020907974,-0.0057010776,"[31.65699042084939, 47.59588171273551, 0.0, 0.0, 0.0, 0.0, -0.3863232006210556, 4.600383162025423]","[-1.0934321647342917, -0.004058113550330374, 0.0]","{""Controller Type"": ""MPC Controller"", ""weight_comfort"": 387.286571339588, ""weight_trajectory"": 3676.280571962471, ""weight_goal"": 1000.0, ""Q"": [[3676.280571962471, 0.0, 0.0, 0.0], [0.0, 0.0, 0.0, 0.0], [0.0, 0.0, 3676.280571962471, 0.0], [0.0, 0.0, 0.0, 0.0]], ""R"": [[387.286571339588, 0.0], [0.0, 387.286571339588]], ""P"": [[1000.0, 0.0, 0.0, 0.0], [0.0, 100000.0, 0.0, 0.0], [0.0, 0.0, 1000.0, 0.0], [0.0, 0.0, 0.0, 100000.0]]}","[0.04729326902085855, -0.519911124841848, 0.0]",False
3,P05,2e6a0a77-88d8-4501-ab04-4d78b67d0190,24,1,haply,mpc,seeded_random,756517391,persist_session,10.0,23.267932472229006,10720.23102583,0,1785938062.073194,1126.0,True,normal,adaptive,-0.08,0.08,0.0,-0.08,-0.08,0.0,-0.0846668901,0.0631507199999999,0.0,-0.025816895,-0.1381893,0.25898257,-0.0072739157,-0.022084033,-0.006248743,"[33.03773005585788, 45.5257069900846, 0.0, 0.0, 0.0, 0.0, -0.3257267543193877, 4.989825697499562]","[-1.1870110146133146, -0.09547569149501302, 0.0]","{""Controller Type"": ""MPC Controller"", ""weight_comfort"": 387.286571339588, ""weight_trajectory"": 3676.280571962471, ""weight_goal"": 1000.0, ""Q"": [[3676.280571962471, 0.0, 0.0, 0.0], [0.0, 0.0, 0.0, 0.0], [0.0, 0.0, 3676.280571962471, 0.0], [0.0, 0.0, 0.0, 0.0]], ""R"": [[387.286571339588, 0.0], [0.0, 387.286571339588]], ""P"": [[1000.0, 0.0, 0.0, 0.0], [0.0, 100000.0, 0.0, 0.0], [0.0, 0.0, 1000.0, 0.0], [0.0, 0.0, 0.0, 100000.0]]}","[0.05564428759971697, -0.5354912405454448, 0.0]",False
3,P05,2e6a0a77-88d8-4501-ab04-4d78b67d0190,24,1,haply,mpc,seeded_random,756517391,persist_session,10.0,23.277885971069338,10720.240985195,0,1785938062.0833054,1127.0,True,normal,adaptive,-0.08,0.08,0.0,-0.08,-0.08,0.0,-0.0849319311,0.06274302,0.0,-0.025893323,-0.13840765,0.25885552,-0.007781638,-0.02311758,-0.006858554,"[35.58127228226521, 42.982152477329024, 0.0, 0.0, 0.0, 0.0, -0.3106793556171274, 5.488656101338179]","[-0.9511755604358276, -0.17696132779320553, 0.0]","{""Controller Type"": ""MPC Controller"", ""weight_comfort"": 478.3647858121143, ""weight_trajectory"": 3129.8112851273145, ""weight_goal"": 1000.0, ""Q"": [[3129.8112851273145, 0.0, 0.0, 0.0], [0.0, 0.0, 0.0, 0.0], [0.0, 0.0, 3129.8112851273145, 0.0], [0.0, 0.0, 0.0, 0.0]], ""R"": [[478.3647858121143, 0.0], [0.0, 478.3647858121143]], ""P"": [[1000.0, 0.0, 0.0, 0.0], [0.0, 100000.0, 0.0, 0.0], [0.0, 0.0, 1000.0, 0.0], [0.0, 0.0, 0.0, 100000.0]]}","[0.05851249467762074, -0.5692260057795786, 0.0]",False
3,P05,2e6a0a77-88d8-4501-ab04-4d78b67d0190,24,1,haply,mpc,seeded_random,756517391,persist_session,10.0,23.287984905242922,10720.251075608,0,1785938062.0932295,1128.0,True,normal,adaptive,-0.08,0.08,0.0,-0.08,-0.08,0.0,-0.0851612150999999,0.06248892,0.0,-0.025981512,-0.13866119,0.25865036,-0.008155973,-0.023881866,-0.0074075474,"[38.056586357522505, 41.27363541085157, 0.0, 0.0, 0.0, 0.0, -0.38324544991189025, 5.176930310062137]","[-0.7571507879079374, -0.07794265783804882, 0.0]","{""Controller Type"": ""MPC Controller"", ""weight_comfort"": 478.3647858121143, ""weight_trajectory"": 3129.8112851273145, ""weight_goal"": 1000.0, ""Q"": [[3129.8112851273145, 0.0, 0.0, 0.0], [0.0, 0.0, 0.0, 0.0], [0.0, 0.0, 3129.8112851273145, 0.0], [0.0, 0.0, 0.0, 0.0]], ""R"": [[478.3647858121143, 0.0], [0.0, 478.3647858121143]], ""P"": [[1000.0, 0.0, 0.0, 0.0], [0.0, 100000.0, 0.0, 0.0], [0.0, 0.0, 1000.0, 0.0], [0.0, 0.0, 0.0, 100000.0]]}","[0.053980849287393246, -0.5656235392025841, 0.0]",False
3,P05,2e6a0a77-88d8-4501-ab04-4d78b67d0190,24,1,haply,mpc,seeded_random,756517391,persist_session,10.0,23.297962245941164,10720.261056747,0,1785938062.103277,1129.0,True,normal,adaptive,-0.08,0.08,0.0,-0.08,-0.08,0.0,-0.0854257820999999,0.0620786,0.0,-0.026038365,-0.13882804,0.2584005,-0.008176201,-0.023784764,-0.009545038,"[39.19309990921444, 40.33668388385436, 0.0, 0.0, 0.0, 0.0, -0.36654757803529264, 5.842463388803656]","[-0.849483995920298, -0.18651759202452647, 0.0]","{""Controller Type"": ""MPC Controller"", ""weight_comfort"": 478.3647858121143, ""weight_trajectory"": 3129.8112851273145, ""weight_goal"": 1000.0, ""Q"": [[3129.8112851273145, 0.0, 0.0, 0.0], [0.0, 0.0, 0.0, 0.0], [0.0, 0.0, 3129.8112851273145, 0.0], [0.0, 0.0, 0.0, 0.0]], ""R"": [[478.3647858121143, 0.0], [0.0, 478.3647858121143]], ""P"": [[1000.0, 0.0, 0.0, 0.0], [0.0, 100000.0, 0.0, 0.0], [0.0, 0.0, 1000.0, 0.0], [0.0, 0.0, 0.0, 100000.0]]}","[0.06445549899461665, -0.5959173063215619, 0.0]",False
3,P05,2e6a0a77-88d8-4501-ab04-4d78b67d0190,24,1,haply,mpc,seeded_random,756517391,persist_session,10.0,23.307976303100588,10720.27106739,0,1785938062.1132343,1130.0,True,normal,adaptive,-0.08,0.08,0.0,-0.08,-0.08,0.0,-0.0855963411,0.0615788799999999,0.0,-0.026116598,-0.13905542,0.2581331,-0.008069933,-0.023392271,-0.011625463,"[43.199883010291, 39.101649603240006, 0.0, 0.0, 0.0, 0.0, -0.37227348597602883, 6.298000274824794]","[-0.849483995920298, -0.18651759202452647, 0.0]","{""Controller Type"": ""MPC Controller"", ""weight_comfort"": 478.3647858121143, ""weight_trajectory"": 3129.8112851273145, ""weight_goal"": 1000.0, ""Q"": [[3129.8112851273145, 0.0, 0.0, 0.0], [0.0, 0.0, 0.0, 0.0], [0.0, 0.0, 3129.8112851273145, 0.0], [0.0, 0.0, 0.0, 0.0]], ""R"": [[478.3647858121143, 0.0], [0.0, 478.3647858121143]], ""P"": [[1000.0, 0.0, 0.0, 0.0], [0.0, 100000.0, 0.0, 0.0], [0.0, 0.0, 1000.0, 0.0], [0.0, 0.0, 0.0, 100000.0]]}","[0.059814425918177296, -0.6457643835545805, 0.0]",False
3,P05,2e6a0a77-88d8-4501-ab04-4d78b67d0190,24,1,haply,mpc,seeded_random,756517391,persist_session,10.0,23.317960557937624,10720.281053894,0,1785938062.1232338,1131.0,True,normal,adaptive,-0.08,0.08,0.0,-0.08,-0.08,0.0,-0.0858310401,0.06104408,0.0,-0.02618295,-0.13924722,0.2579431,-0.007900171,-0.022869721,-0.0138420705,"[43.275228595509965, 39.06005751853904, 0.0, 0.0, 0.0, 0.0, -0.3729641476088406, 6.329415336377844]","[-0.6644406404751916, -0.28590921153484483, 0.0]","{""Controller Type"": ""MPC Controller"", ""weight_comfort"": 554.393274453614, ""weight_trajectory"": 2673.6403532783165, ""weight_goal"": 1000.0, ""Q"": [[2673.6403532783165, 0.0, 0.0, 0.0], [0.0, 0.0, 0.0, 0.0], [0.0, 0.0, 2673.6403532783165, 0.0], [0.0, 0.0, 0.0, 0.0]], ""R"": [[554.393274453614, 0.0], [0.0, 554.393274453614]], ""P"": [[1000.0, 0.0, 0.0, 0.0], [0.0, 100000.0, 0.0, 0.0], [0.0, 0.0, 1000.0, 0.0], [0.0, 0.0, 0.0, 100000.0]]}","[0.07237211921539491, -0.6595047769296748, 0.0]",False
3,P05,2e6a0a77-88d8-4501-ab04-4d78b67d0190,24,1,haply,mpc,seeded_random,756517391,persist_session,10.0,23.328001556396487,10720.29109327,0,1785938062.1334426,1132.0,True,normal,adaptive,-0.08,0.08,0.0,-0.08,-0.08,0.0,-0.0860300961,0.0606640799999999,0.0,-0.026229536,-0.139387,0.2576311,-0.007648834,-0.022146422,-0.016063983,"[45.76998094672332, 38.215215819520324, 0.0, 0.0, 0.0, 0.0, -0.40751458719208206, 5.647683732789702]","[-0.4691376338179147, -0.15289894131298984, 0.0]","{""Controller Type"": ""MPC Controller"", ""weight_comfort"": 554.393274453614, ""weight_trajectory"": 2673.6403532783165, ""weight_goal"": 1000.0, ""Q"": [[2673.6403532783165, 0.0, 0.0, 0.0], [0.0, 0.0, 0.0, 0.0], [0.0, 0.0, 2673.6403532783165, 0.0], [0.0, 0.0, 0.0, 0.0]], ""R"": [[554.393274453614, 0.0], [0.0, 554.393274453614]], ""P"": [[1000.0, 0.0, 0.0, 0.0], [0.0, 100000.0, 0.0, 0.0], [0.0, 0.0, 1000.0, 0.0], [0.0, 0.0, 0.0, 100000.0]]}","[0.07315395954681286, -0.7355979432505843, 0.0]",False
3,P05,2e6a0a77-88d8-4501-ab04-4d78b67d0190,24,1,haply,mpc,seeded_random,756517391,persist_session,10.0,23.338149604797366,10720.301232497,0,1785938062.1432192,1133.0,True,normal,adaptive,-0.08,0.08,0.0,-0.08,-0.08,0.0,-0.0861698541,0.0600400799999999,0.0,-0.02628579,-0.13955218,0.2573795,-0.0074405973,-0.02155926,-0.017841844,"[45.76998094672332, 38.215215819520324, 0.0, 0.0, 0.0, 0.0, -0.40751458719208206, 5.647683732789702]","[-0.4691376338179147, -0.15289894131298984, 0.0]","{""Controller Type"": ""MPC Controller"", ""weight_comfort"": 554.393274453614, ""weight_trajectory"": 2673.6403532783165, ""weight_goal"": 1000.0, ""Q"": [[2673.6403532783165, 0.0, 0.0, 0.0], [0.0, 0.0, 0.0, 0.0], [0.0, 0.0, 2673.6403532783165, 0.0], [0.0, 0.0, 0.0, 0.0]], ""R"": [[554.393274453614, 0.0], [0.0, 554.393274453614]], ""P"": [[1000.0, 0.0, 0.0, 0.0], [0.0, 100000.0, 0.0, 0.0], [0.0, 0.0, 1000.0, 0.0], [0.0, 0.0, 0.0, 100000.0]]}","[0.07440001826030107, -0.7794820451899254, 0.0]",False
3,P05,2e6a0a77-88d8-4501-ab04-4d78b67d0190,24,1,haply,mpc,seeded_random,756517391,persist_session,10.0,23.348573265075686,10720.311643779,0,1785938062.1532483,1134.0,True,normal,adaptive,-0.08,0.08,0.0,-0.08,-0.08,0.0,-0.0863386161,0.0595368799999999,0.0,-0.02636335,-0.13977773,0.25710994,-0.0072274674,-0.02097164,-0.019804794,"[48.40863962791364, 37.804615801590984, 0.0, 0.0, 0.0, 0.0, -0.49729140248462955, 7.671774435542442]","[-0.2417489792130098, -0.42001733742526853, 0.0]","{""Controller Type"": ""MPC Controller"", ""weight_comfort"": 593.9361413051863, ""weight_trajectory"": 2436.3831521688817, ""weight_goal"": 1000.0, ""Q"": [[2436.3831521688817, 0.0, 0.0, 0.0], [0.0, 0.0, 0.0, 0.0], [0.0, 0.0, 2436.3831521688817, 0.0], [0.0, 0.0, 0.0, 0.0]], ""R"": [[593.9361413051863, 0.0], [0.0, 593.9361413051863]], ""P"": [[1000.0, 0.0, 0.0, 0.0], [0.0, 100000.0, 0.0, 0.0], [0.0, 0.0, 1000.0, 0.0], [0.0, 0.0, 0.0, 100000.0]]}","[0.08463519390539422, -0.8462115297701992, 0.0]",False
3,P05,2e6a0a77-88d8-4501-ab04-4d78b67d0190,24,1,haply,mpc,seeded_random,756517391,persist_session,10.0,23.35806184768677,10720.321142976,0,1785938062.1632032,1135.0,True,normal,adaptive,-0.08,0.08,0.0,-0.08,-0.08,0.0,-0.0865712961,0.0589977599999999,0.0,-0.026430823,-0.13997671,0.25677907,-0.007022991,-0.020415721,-0.021476708,"[48.408061978111895, 37.858126212360034, 0.0, 0.0, 0.0, 0.0, -0.4856956615754331, 6.766985355178252]","[-0.5667673430115177, -0.2989628249892266, 0.0]","{""Controller Type"": ""MPC Controller"", ""weight_comfort"": 593.9361413051863, ""weight_trajectory"": 2436.3831521688817, ""weight_goal"": 1000.0, ""Q"": [[2436.3831521688817, 0.0, 0.0, 0.0], [0.0, 0.0, 0.0, 0.0], [0.0, 0.0, 2436.3831521688817, 0.0], [0.0, 0.0, 0.0, 0.0]], ""R"": [[593.9361413051863, 0.0], [0.0, 593.9361413051863]], ""P"": [[1000.0, 0.0, 0.0, 0.0], [0.0, 100000.0, 0.0, 0.0], [0.0, 0.0, 1000.0, 0.0], [0.0, 0.0, 0.0, 100000.0]]}","[0.10967735785657802, -0.9227483994897959, 0.0]",False
3,P05,2e6a0a77-88d8-4501-ab04-4d78b67d0190,24,1,haply,mpc,seeded_random,756517391,persist_session,10.0,23.367921171188357,10720.331008469,0,1785938062.1733377,1136.0,True,normal,adaptive,-0.08,0.08,0.0,-0.08,-0.08,0.0,-0.0867737151,0.0583360199999999,0.0,-0.026413755,-0.14012598,0.25646546,-0.006775912,-0.019857481,-0.023153016,"[50.63214310133645, 37.2450949800536, 0.0, 0.0, 0.0, 0.0, -0.513816619810196, 7.335581743110524]","[-0.40094128391472833, -0.4079050852511104, 0.0]","{""Controller Type"": ""MPC Controller"", ""weight_comfort"": 593.9361413051863, ""weight_trajectory"": 2436.3831521688817, ""weight_goal"": 1000.0, ""Q"": [[2436.3831521688817, 0.0, 0.0, 0.0], [0.0, 0.0, 0.0, 0.0], [0.0, 0.0, 2436.3831521688817, 0.0], [0.0, 0.0, 0.0, 0.0]], ""R"": [[593.9361413051863, 0.0], [0.0, 593.9361413051863]], ""P"": [[1000.0, 0.0, 0.0, 0.0], [0.0, 100000.0, 0.0, 0.0], [0.0, 0.0, 1000.0, 0.0], [0.0, 0.0, 0.0, 100000.0]]}","[0.11734490397954377, -1.006409557790035, 0.0]",False
3,P05,2e6a0a77-88d8-4501-ab04-4d78b67d0190,24,1,haply,mpc,seeded_random,756517391,persist_session,10.0,23.378042278289797,10720.341133708,0,1785938062.1834843,1137.0,True,normal,adaptive,-0.08,0.08,0.0,-0.08,-0.08,0.0,-0.0867225111,0.0577087999999999,0.0,-0.02644917,-0.14023624,0.25609112,-0.006494216,-0.019338118,-0.024637787,"[60.85085933001862, 39.264443095286566, 0.0, 0.0, 0.0, 0.0, -0.4915339626841406, 6.82692264083807]","[-0.40094128391472833, -0.4079050852511104, 0.0]","{""Controller Type"": ""MPC Controller"", ""weight_comfort"": 616.110637569615, ""weight_trajectory"": 2303.33617458231, ""weight_goal"": 1000.0, ""Q"": [[2303.33617458231, 0.0, 0.0, 0.0], [0.0, 0.0, 0.0, 0.0], [0.0, 0.0, 2303.33617458231, 0.0], [0.0, 0.0, 0.0, 0.0]], ""R"": [[616.110637569615, 0.0], [0.0, 616.110637569615]], ""P"": [[1000.0, 0.0, 0.0, 0.0], [0.0, 100000.0, 0.0, 0.0], [0.0, 0.0, 1000.0, 0.0], [0.0, 0.0, 0.0, 100000.0]]}","[0.06074812691099418, -1.0977224328854347, 0.0]",False
3,P05,2e6a0a77-88d8-4501-ab04-4d78b67d0190,24,1,haply,mpc,seeded_random,756517391,persist_session,10.0,23.388060150146487,10720.351148735,0,1785938062.1934254,1138.0,True,normal,adaptive,-0.08,0.08,0.0,-0.08,-0.08,0.0,-0.0868287561,0.05696012,0.0,-0.02644917,-0.14023624,0.25609112,-0.006494216,-0.019338118,-0.024637787,"[55.01809723648971, 39.451044009533895, 0.0, 0.0, 0.0, 0.0, -0.542586558253894, 7.615906657951426]","[0.6072150788540601, -0.3543222563137652, 0.0]","{""Controller Type"": ""MPC Controller"", ""weight_comfort"": 616.110637569615, ""weight_trajectory"": 2303.33617458231, ""weight_goal"": 1000.0, ""Q"": [[2303.33617458231, 0.0, 0.0, 0.0], [0.0, 0.0, 0.0, 0.0], [0.0, 0.0, 2303.33617458231, 0.0], [0.0, 0.0, 0.0, 0.0]], ""R"": [[616.110637569615, 0.0], [0.0, 616.110637569615]], ""P"": [[1000.0, 0.0, 0.0, 0.0], [0.0, 100000.0, 0.0, 0.0], [0.0, 0.0, 1000.0, 0.0], [0.0, 0.0, 0.0, 100000.0]]}","[0.11700349102058125, -1.1918915616879906, 0.0]",False
3,P05,2e6a0a77-88d8-4501-ab04-4d78b67d0190,24,1,haply,mpc,seeded_random,756517391,persist_session,10.0,23.398046073913576,10720.36113997,0,1785938062.2035816,1139.0,True,normal,adaptive,-0.08,0.08,0.0,-0.08,-0.08,0.0,-0.0869644101,0.0563318799999999,0.0,-0.026497757,-0.14058039,0.25544423,-0.0059760213,-0.018243443,-0.027481662,"[54.60983752176285, 39.486272394529934, 0.0, 0.0, 0.0, 0.0, -0.4942652580112695, 6.514163405809989]","[-0.14708600364905805, -0.3355693844477357, 0.0]","{""Controller Type"": ""MPC Controller"", ""weight_comfort"": 616.110637569615, ""weight_trajectory"": 2303.33617458231, ""weight_goal"": 1000.0, ""Q"": [[2303.33617458231, 0.0, 0.0, 0.0], [0.0, 0.0, 0.0, 0.0], [0.0, 0.0, 2303.33617458231, 0.0], [0.0, 0.0, 0.0, 0.0]], ""R"": [[616.110637569615, 0.0], [0.0, 616.110637569615]], ""P"": [[1000.0, 0.0, 0.0, 0.0], [0.0, 100000.0, 0.0, 0.0], [0.0, 0.0, 1000.0, 0.0], [0.0, 0.0, 0.0, 100000.0]]}","[0.13951029973138637, -1.3497982170108163, 0.0]",False
3,P05,2e6a0a77-88d8-4501-ab04-4d78b67d0190,24,1,haply,mpc,seeded_random,756517391,persist_session,10.0,23.40839749336243,10720.371485851,0,1785938062.213421,1140.0,True,normal,adaptive,-0.08,0.08,0.0,-0.08,-0.08,0.0,-0.0869745171,0.0556663399999999,0.0,-0.026532289,-0.14068832,0.25506914,-0.0057006236,-0.017755695,-0.028633803,"[58.75110354872268, 40.04025155353873, 0.0, 0.0, 0.0, 0.0, -0.5025215020481706, 6.663328235055686]","[-0.14708600364905805, -0.3355693844477357, 0.0]","{""Controller Type"": ""MPC Controller"", ""weight_comfort"": 637.2781560462664, ""weight_trajectory"": 2176.331063722402, ""weight_goal"": 1000.0, ""Q"": [[2176.331063722402, 0.0, 0.0, 0.0], [0.0, 0.0, 0.0, 0.0], [0.0, 0.0, 2176.331063722402, 0.0], [0.0, 0.0, 0.0, 0.0]], ""R"": [[637.2781560462664, 0.0], [0.0, 637.2781560462664]], ""P"": [[1000.0, 0.0, 0.0, 0.0], [0.0, 100000.0, 0.0, 0.0], [0.0, 0.0, 1000.0, 0.0], [0.0, 0.0, 0.0, 100000.0]]}","[0.10586763540433179, -1.423328674027193, 0.0]",False
3,P05,2e6a0a77-88d8-4501-ab04-4d78b67d0190,24,1,haply,mpc,seeded_random,756517391,persist_session,10.0,23.417990026474,10720.381086699,0,1785938062.2231724,1141.0,True,normal,adaptive,-0.08,0.08,0.0,-0.08,-0.08,0.0,-0.0870781130999999,0.05491616,0.0,-0.026534997,-0.140895,0.25473547,-0.0054141977,-0.017262284,-0.029735059,"[55.26885933225357, 40.131944043124555, 0.0, 0.0, 0.0, 0.0, -0.5302833454480054, 7.063666741401347]","[-0.03515421273419905, -0.4718720298364186, 0.0]","{""Controller Type"": ""MPC Controller"", ""weight_comfort"": 637.2781560462664, ""weight_trajectory"": 2176.331063722402, ""weight_goal"": 1000.0, ""Q"": [[2176.331063722402, 0.0, 0.0, 0.0], [0.0, 0.0, 0.0, 0.0], [0.0, 0.0, 2176.331063722402, 0.0], [0.0, 0.0, 0.0, 0.0]], ""R"": [[637.2781560462664, 0.0], [0.0, 637.2781560462664]], ""P"": [[1000.0, 0.0, 0.0, 0.0], [0.0, 100000.0, 0.0, 0.0], [0.0, 0.0, 1000.0, 0.0], [0.0, 0.0, 0.0, 100000.0]]}","[0.1567611327172507, -1.5273642842181716, 0.0]",False
3,P05,2e6a0a77-88d8-4501-ab04-4d78b67d0190,24,1,haply,mpc,seeded_random,756517391,persist_session,10.0,23.428105649948122,10720.391194893,0,1785938062.2334602,1142.0,True,normal,adaptive,-0.08,0.08,0.0,-0.08,-0.08,0.0,-0.0870862371,0.05424882,0.0,-0.026579173,-0.14102852,0.25442,-0.004720475,-0.016943077,-0.030572943,"[57.89738806740338, 40.50119265900705, 0.0, 0.0, 0.0, 0.0, -0.4827342777030823, 6.122974263031201]","[0.378291793592576, -0.3323747037359206, 0.0]","{""Controller Type"": ""MPC Controller"", ""weight_comfort"": 637.2781560462664, ""weight_trajectory"": 2176.331063722402, ""weight_goal"": 1000.0, ""Q"": [[2176.331063722402, 0.0, 0.0, 0.0], [0.0, 0.0, 0.0, 0.0], [0.0, 0.0, 2176.331063722402, 0.0], [0.0, 0.0, 0.0, 0.0]], ""R"": [[637.2781560462664, 0.0], [0.0, 637.2781560462664]], ""P"": [[1000.0, 0.0, 0.0, 0.0], [0.0, 100000.0, 0.0, 0.0], [0.0, 0.0, 1000.0, 0.0], [0.0, 0.0, 0.0, 100000.0]]}","[0.12814920998348908, -1.701188190043275, 0.0]",False
3,P05,2e6a0a77-88d8-4501-ab04-4d78b67d0190,24,1,haply,mpc,seeded_random,756517391,persist_session,10.0,23.437997875213625,10720.40109532,0,1785938062.2431366,1143.0,True,normal,adaptive,-0.08,0.08,0.0,-0.08,-0.08,0.0,-0.0872187651,0.0536178799999999,0.0,-0.02647618,-0.14113049,0.25398403,-0.003893403,-0.016559515,-0.03147605,"[54.098133819799024, 40.87898732124813, 0.0, 0.0, 0.0, 0.0, -0.4735750457555619, 5.946416688986779]","[-0.1693537318354345, -0.32444980702672155, 0.0]","{""Controller Type"": ""MPC Controller"", ""weight_comfort"": 658.1059160560688, ""weight_trajectory"": 2051.364503663587, ""weight_goal"": 1000.0, ""Q"": [[2051.364503663587, 0.0, 0.0, 0.0], [0.0, 0.0, 0.0, 0.0], [0.0, 0.0, 2051.364503663587, 0.0], [0.0, 0.0, 0.0, 0.0]], ""R"": [[658.1059160560688, 0.0], [0.0, 658.1059160560688]], ""P"": [[1000.0, 0.0, 0.0, 0.0], [0.0, 100000.0, 0.0, 0.0], [0.0, 0.0, 1000.0, 0.0], [0.0, 0.0, 0.0, 100000.0]]}","[0.19503435445331216, -1.7752580579580102, 0.0]",False
3,P05,2e6a0a77-88d8-4501-ab04-4d78b67d0190,24,1,haply,mpc,seeded_random,756517391,persist_session,10.0,23.44795042037964,10720.41103888,0,1785938062.253265,1144.0,True,normal,adaptive,-0.08,0.08,0.0,-0.08,-0.08,0.0,-0.0869097861,0.05274594,0.0,-0.02647618,-0.14113049,0.25398403,-0.003893403,-0.016559515,-0.03147605,"[71.5954034403212, 47.93676080926177, 0.0, 0.0, 0.0, 0.0, -0.5816115370018398, 7.25220933350832]","[-0.1693537318354345, -0.32444980702672155, 0.0]","{""Controller Type"": ""MPC Controller"", ""weight_comfort"": 658.1059160560688, ""weight_trajectory"": 2051.364503663587, ""weight_goal"": 1000.0, ""Q"": [[2051.364503663587, 0.0, 0.0, 0.0], [0.0, 0.0, 0.0, 0.0], [0.0, 0.0, 2051.364503663587, 0.0], [0.0, 0.0, 0.0, 0.0]], ""R"": [[658.1059160560688, 0.0], [0.0, 658.1059160560688]], ""P"": [[1000.0, 0.0, 0.0, 0.0], [0.0, 100000.0, 0.0, 0.0], [0.0, 0.0, 1000.0, 0.0], [0.0, 0.0, 0.0, 100000.0]]}","[-0.013398007558713653, -1.823938516872002, 0.0]",False
3,P05,2e6a0a77-88d8-4501-ab04-4d78b67d0190,24,1,haply,mpc,seeded_random,756517391,persist_session,10.0,23.458096799850466,10720.421190377,0,1785938062.2632494,1145.0,True,normal,adaptive,-0.08,0.08,0.0,-0.08,-0.08,0.0,-0.0868509021,0.05211402,0.0,-0.026436998,-0.14142296,0.25321272,-0.002079817,-0.015740769,-0.033293273,"[57.768516654907145, 45.0306943060717, 0.0, 0.0, 0.0, 0.0, -0.5170442919546745, 5.877736576850542]","[0.6613306645086305, -0.30368510224576967, 0.0]","{""Controller Type"": ""MPC Controller"", ""weight_comfort"": 631.6911218039302, ""weight_trajectory"": 2209.853269176419, ""weight_goal"": 1000.0, ""Q"": [[2209.853269176419, 0.0, 0.0, 0.0], [0.0, 0.0, 0.0, 0.0], [0.0, 0.0, 2209.853269176419, 0.0], [0.0, 0.0, 0.0, 0.0]], ""R"": [[631.6911218039302, 0.0], [0.0, 631.6911218039302]], ""P"": [[1000.0, 0.0, 0.0, 0.0], [0.0, 100000.0, 0.0, 0.0], [0.0, 0.0, 1000.0, 0.0], [0.0, 0.0, 0.0, 100000.0]]}","[0.11481031677184576, -2.043539046880756, 0.0]",False
3,P05,2e6a0a77-88d8-4501-ab04-4d78b67d0190,24,1,haply,mpc,seeded_random,756517391,persist_session,10.0,23.468051013946535,10720.431141771,0,1785938062.273271,1146.0,True,normal,adaptive,-0.08,0.08,0.0,-0.08,-0.08,0.0,-0.0867922401,0.05120332,0.0,-0.026342915,-0.14154945,0.25283638,-0.0009299309,-0.015423674,-0.034140717,"[55.061738314917626, 44.46158521110043, 0.0, 0.0, 0.0, 0.0, -0.6798923332371938, 7.6974032824809475]","[0.6342486922299941, -0.6102814424086657, 0.0]","{""Controller Type"": ""MPC Controller"", ""weight_comfort"": 631.6911218039302, ""weight_trajectory"": 2209.853269176419, ""weight_goal"": 1000.0, ""Q"": [[2209.853269176419, 0.0, 0.0, 0.0], [0.0, 0.0, 0.0, 0.0], [0.0, 0.0, 2209.853269176419, 0.0], [0.0, 0.0, 0.0, 0.0]], ""R"": [[631.6911218039302, 0.0], [0.0, 631.6911218039302]], ""P"": [[1000.0, 0.0, 0.0, 0.0], [0.0, 100000.0, 0.0, 0.0], [0.0, 0.0, 1000.0, 0.0], [0.0, 0.0, 0.0, 100000.0]]}","[0.12813915690971506, -2.0903709411267113, 0.0]",False
3,P05,2e6a0a77-88d8-4501-ab04-4d78b67d0190,24,1,haply,mpc,seeded_random,756517391,persist_session,10.0,23.478007850646975,10720.441102511,0,1785938062.2831287,1147.0,True,normal,adaptive,-0.08,0.08,0.0,-0.08,-0.08,0.0,-0.0865099911,0.05045064,0.0,-0.026227392,-0.14161466,0.25247917,0.0001781989,-0.015024461,-0.03500696,"[58.4882129682735, 45.89545686148672, 0.0, 0.0, 0.0, 0.0, -0.5933129778966455, 6.499652897171965]","[1.6948580432357014, -0.4188821382909899, 0.0]","{""Controller Type"": ""MPC Controller"", ""weight_comfort"": 631.6911218039302, ""weight_trajectory"": 2209.853269176419, ""weight_goal"": 1000.0, ""Q"": [[2209.853269176419, 0.0, 0.0, 0.0], [0.0, 0.0, 0.0, 0.0], [0.0, 0.0, 2209.853269176419, 0.0], [0.0, 0.0, 0.0, 0.0]], ""R"": [[631.6911218039302, 0.0], [0.0, 631.6911218039302]], ""P"": [[1000.0, 0.0, 0.0, 0.0], [0.0, 100000.0, 0.0, 0.0], [0.0, 0.0, 1000.0, 0.0], [0.0, 0.0, 0.0, 100000.0]]}","[-0.011378927903035487, -2.279569923409052, 0.0]",False
3,P05,2e6a0a77-88d8-4501-ab04-4d78b67d0190,24,1,haply,mpc,seeded_random,756517391,persist_session,10.0,23.48791843414307,10720.451000784,0,1785938062.29314,1148.0,True,normal,adaptive,-0.08,0.08,0.0,-0.08,-0.08,0.0,-0.0861634221,0.0497362199999999,0.0,-0.026122022,-0.14171115,0.25204295,0.0016481215,-0.014358173,-0.035908334,"[52.16809834908546, 42.92724487200213, 0.0, 0.0, 0.0, 0.0, -0.5628346357155447, 6.025218048861631]","[1.6948580432357014, -0.4188821382909899, 0.0]","{""Controller Type"": ""MPC Controller"", ""weight_comfort"": 631.6911218039302, ""weight_trajectory"": 2209.853269176419, ""weight_goal"": 1000.0, ""Q"": [[2209.853269176419, 0.0, 0.0, 0.0], [0.0, 0.0, 0.0, 0.0], [0.0, 0.0, 2209.853269176419, 0.0], [0.0, 0.0, 0.0, 0.0]], ""R"": [[631.6911218039302, 0.0], [0.0, 631.6911218039302]], ""P"": [[1000.0, 0.0, 0.0, 0.0], [0.0, 100000.0, 0.0, 0.0], [0.0, 0.0, 1000.0, 0.0], [0.0, 0.0, 0.0, 100000.0]]}","[-0.05939392339696482, -2.4010483582878845, 0.0]",False
3,P05,2e6a0a77-88d8-4501-ab04-4d78b67d0190,24,1,haply,mpc,seeded_random,756517391,persist_session,10.0,23.497989711761477,10720.461082487,0,1785938062.3034153,1149.0,True,normal,adaptive,-0.08,0.08,0.0,-0.08,-0.08,0.0,-0.0858473121,0.0488637799999999,0.0,-0.025952829,-0.1418182,0.2516068,0.0033215173,-0.013708003,-0.036649823,"[44.168885319400744, 39.29533131435174, 0.0, 0.0, 0.0, 0.0, -0.6120299140551119, 6.596563199977955]","[1.467145875074232, -0.48121927529208036, 0.0]","{""Controller Type"": ""MPC Controller"", ""weight_comfort"": 601.767219860825, ""weight_trajectory"": 2389.3966808350506, ""weight_goal"": 1000.0, ""Q"": [[2389.3966808350506, 0.0, 0.0, 0.0], [0.0, 0.0, 0.0, 0.0], [0.0, 0.0, 2389.3966808350506, 0.0], [0.0, 0.0, 0.0, 0.0]], ""R"": [[601.767219860825, 0.0], [0.0, 601.767219860825]], ""P"": [[1000.0, 0.0, 0.0, 0.0], [0.0, 100000.0, 0.0, 0.0], [0.0, 0.0, 1000.0, 0.0], [0.0, 0.0, 0.0, 100000.0]]}","[-0.04208537419692936, -2.4887962025765757, 0.0]",False
3,P05,2e6a0a77-88d8-4501-ab04-4d78b67d0190,24,1,haply,mpc,seeded_random,756517391,persist_session,10.0,23.507901248931887,10720.470993569,0,1785938062.3132632,1150.0,True,normal,adaptive,-0.08,0.08,0.0,-0.08,-0.08,0.0,-0.0853397331,0.04799148,0.0,-0.025783028,-0.14192374,0.2511706,0.0047769044,-0.013184612,-0.037264034,"[43.57651341826031, 38.92532808009901, 0.0, 0.0, 0.0, 0.0, -0.6040732583910728, 6.509339501950682]","[1.467145875074232, -0.48121927529208036, 0.0]","{""Controller Type"": ""MPC Controller"", ""weight_comfort"": 601.767219860825, ""weight_trajectory"": 2389.3966808350506, ""weight_goal"": 1000.0, ""Q"": [[2389.3966808350506, 0.0, 0.0, 0.0], [0.0, 0.0, 0.0, 0.0], [0.0, 0.0, 2389.3966808350506, 0.0], [0.0, 0.0, 0.0, 0.0]], ""R"": [[601.767219860825, 0.0], [0.0, 601.767219860825]], ""P"": [[1000.0, 0.0, 0.0, 0.0], [0.0, 100000.0, 0.0, 0.0], [0.0, 0.0, 1000.0, 0.0], [0.0, 0.0, 0.0, 100000.0]]}","[-0.2072103384434065, -2.543272618867773, 0.0]",False
3,P05,2e6a0a77-88d8-4501-ab04-4d78b67d0190,24,1,haply,mpc,seeded_random,756517391,persist_session,10.0,23.517906961441042,10720.480994956,0,1785938062.3233218,1151.0,True,normal,adaptive,-0.08,0.08,0.0,-0.08,-0.08,0.0,-0.0848303300999999,0.04711908,0.0,-0.025666013,-0.14198506,0.2508138,0.0063591907,-0.012736225,-0.03786799,"[36.27706386134957, 34.152734707171945, 0.0, 0.0, 0.0, 0.0, -0.5673581705118754, 6.100056541771246]","[1.9048380767091644, -0.456944362748545, 0.0]","{""Controller Type"": ""MPC Controller"", ""weight_comfort"": 601.767219860825, ""weight_trajectory"": 2389.3966808350506, ""weight_goal"": 1000.0, ""Q"": [[2389.3966808350506, 0.0, 0.0, 0.0], [0.0, 0.0, 0.0, 0.0], [0.0, 0.0, 2389.3966808350506, 0.0], [0.0, 0.0, 0.0, 0.0]], ""R"": [[601.767219860825, 0.0], [0.0, 601.767219860825]], ""P"": [[1000.0, 0.0, 0.0, 0.0], [0.0, 100000.0, 0.0, 0.0], [0.0, 0.0, 1000.0, 0.0], [0.0, 0.0, 0.0, 100000.0]]}","[-0.2235310151385068, -2.622012001619352, 0.0]",False
3,P05,2e6a0a77-88d8-4501-ab04-4d78b67d0190,24,1,haply,mpc,seeded_random,756517391,persist_session,10.0,23.528080043792727,10720.491174364,0,1785938062.3331623,1152.0,True,normal,adaptive,-0.08,0.08,0.0,-0.08,-0.08,0.0,-0.0844792851,0.0464054799999999,0.0,-0.025495246,-0.14208822,0.2503778,0.008038175,-0.012279539,-0.038461514,"[28.800227936170735, 30.05716285447585, 0.0, 0.0, 0.0, 0.0, -0.511183607209866, 5.259519523966289]","[1.2012496568100084, -0.3167867251228843, 0.0]","{""Controller Type"": ""MPC Controller"", ""weight_comfort"": 534.8164177453017, ""weight_trajectory"": 2791.10149352819, ""weight_goal"": 1000.0, ""Q"": [[2791.10149352819, 0.0, 0.0, 0.0], [0.0, 0.0, 0.0, 0.0], [0.0, 0.0, 2791.10149352819, 0.0], [0.0, 0.0, 0.0, 0.0]], ""R"": [[534.8164177453017, 0.0], [0.0, 534.8164177453017]], ""P"": [[1000.0, 0.0, 0.0, 0.0], [0.0, 100000.0, 0.0, 0.0], [0.0, 0.0, 1000.0, 0.0], [0.0, 0.0, 0.0, 100000.0]]}","[-0.12471592822308596, -2.9778886157204765, 0.0]",False
3,P05,2e6a0a77-88d8-4501-ab04-4d78b67d0190,24,1,haply,mpc,seeded_random,756517391,persist_session,10.0,23.53802257537842,10720.501111045,0,1785938062.3434374,1153.0,True,normal,adaptive,-0.08,0.08,0.0,-0.08,-0.08,0.0,-0.0839669841,0.0455334799999999,0.0,-0.025313443,-0.14216101,0.24988264,0.0092998035,-0.011753443,-0.03929759,"[28.25501346034267, 29.650931459485257, 0.0, 0.0, 0.0, 0.0, -0.5518222802585077, 5.714621284369368]","[1.5904342742843582, -0.41569998397554164, 0.0]","{""Controller Type"": ""MPC Controller"", ""weight_comfort"": 534.8164177453017, ""weight_trajectory"": 2791.10149352819, ""weight_goal"": 1000.0, ""Q"": [[2791.10149352819, 0.0, 0.0, 0.0], [0.0, 0.0, 0.0, 0.0], [0.0, 0.0, 2791.10149352819, 0.0], [0.0, 0.0, 0.0, 0.0]], ""R"": [[534.8164177453017, 0.0], [0.0, 534.8164177453017]], ""P"": [[1000.0, 0.0, 0.0, 0.0], [0.0, 100000.0, 0.0, 0.0], [0.0, 0.0, 1000.0, 0.0], [0.0, 0.0, 0.0, 100000.0]]}","[-0.26056866837071113, -2.9262532577124722, 0.0]",False
3,P05,2e6a0a77-88d8-4501-ab04-4d78b67d0190,24,1,haply,mpc,seeded_random,756517391,persist_session,10.0,23.547912178039553,10720.511010634,0,1785938062.353147,1154.0,True,normal,adaptive,-0.08,0.08,0.0,-0.08,-0.08,0.0,-0.0834215751,0.0445431599999999,0.0,-0.025194604,-0.14222094,0.2493878,0.010460863,-0.0110295,-0.040583503,"[26.073824441064502, 27.70212149437612, 0.0, 0.0, 0.0, 0.0, -0.6432771024591963, 6.54993296461306]","[1.6453015047246153, -0.5879376955679714, 0.0]","{""Controller Type"": ""MPC Controller"", ""weight_comfort"": 534.8164177453017, ""weight_trajectory"": 2791.10149352819, ""weight_goal"": 1000.0, ""Q"": [[2791.10149352819, 0.0, 0.0, 0.0], [0.0, 0.0, 0.0, 0.0], [0.0, 0.0, 2791.10149352819, 0.0], [0.0, 0.0, 0.0, 0.0]], ""R"": [[534.8164177453017, 0.0], [0.0, 534.8164177453017]], ""P"": [[1000.0, 0.0, 0.0, 0.0], [0.0, 100000.0, 0.0, 0.0], [0.0, 0.0, 1000.0, 0.0], [0.0, 0.0, 0.0, 100000.0]]}","[-0.3385545317006191, -2.8223351151845373, 0.0]",False
3,P05,2e6a0a77-88d8-4501-ab04-4d78b67d0190,24,1,haply,mpc,seeded_random,756517391,persist_session,10.0,23.55793362617493,10720.521021262,0,1785938062.363204,1155.0,True,normal,adaptive,-0.08,0.08,0.0,-0.08,-0.08,0.0,-0.0830650580999999,0.0435534799999999,0.0,-0.025128925,-0.14223723,0.24897274,0.011336124,-0.010342442,-0.041561805,"[21.206119714099177, 24.368698076340877, 0.0, 0.0, 0.0, 0.0, -0.5835382217821413, 5.990424851646462]","[1.6453015047246153, -0.5879376955679714, 0.0]","{""Controller Type"": ""MPC Controller"", ""weight_comfort"": 494.8659348224927, ""weight_trajectory"": 3030.804391065044, ""weight_goal"": 1000.0, ""Q"": [[3030.804391065044, 0.0, 0.0, 0.0], [0.0, 0.0, 0.0, 0.0], [0.0, 0.0, 3030.804391065044, 0.0], [0.0, 0.0, 0.0, 0.0]], ""R"": [[494.8659348224927, 0.0], [0.0, 494.8659348224927]], ""P"": [[1000.0, 0.0, 0.0, 0.0], [0.0, 100000.0, 0.0, 0.0], [0.0, 0.0, 1000.0, 0.0], [0.0, 0.0, 0.0, 100000.0]]}","[-0.1850618997917111, -2.9993460546997115, 0.0]",False
3,P05,2e6a0a77-88d8-4501-ab04-4d78b67d0190,24,1,haply,mpc,seeded_random,756517391,persist_session,10.0,23.568049964904787,10720.531144391,0,1785938062.3731685,1156.0,True,normal,adaptive,-0.08,0.08,0.0,-0.08,-0.08,0.0,-0.0828680211,0.0427233599999999,0.0,-0.025009139,-0.1422943,0.2484785,0.011880074,-0.009585845,-0.042265013,"[18.361581904021303, 23.11015298969469, 0.0, 0.0, 0.0, 0.0, -0.503572324745922, 5.076594963521927]","[0.5096407518667234, -0.3611210172538631, 0.0]","{""Controller Type"": ""MPC Controller"", ""weight_comfort"": 494.8659348224927, ""weight_trajectory"": 3030.804391065044, ""weight_goal"": 1000.0, ""Q"": [[3030.804391065044, 0.0, 0.0, 0.0], [0.0, 0.0, 0.0, 0.0], [0.0, 0.0, 3030.804391065044, 0.0], [0.0, 0.0, 0.0, 0.0]], ""R"": [[494.8659348224927, 0.0], [0.0, 494.8659348224927]], ""P"": [[1000.0, 0.0, 0.0, 0.0], [0.0, 100000.0, 0.0, 0.0], [0.0, 0.0, 1000.0, 0.0], [0.0, 0.0, 0.0, 100000.0]]}","[-0.05838303902990469, -3.142130936638147, 0.0]",False
3,P05,2e6a0a77-88d8-4501-ab04-4d78b67d0190,24,1,haply,mpc,seeded_random,756517391,persist_session,10.0,23.578041133880618,10720.541131568,0,1785938062.38318,1157.0,True,normal,adaptive,-0.08,0.08,0.0,-0.08,-0.08,0.0,-0.0825086630999999,0.0417348799999999,0.0,-0.02487925,-0.14231944,0.24806395,0.012265356,-0.008804842,-0.042930737,"[19.27373184776079, 23.860574853382865, 0.0, 0.0, 0.0, 0.0, -0.571568580804706, 5.698302038770034]","[0.9048004149082276, -0.49302919529749867, 0.0]","{""Controller Type"": ""MPC Controller"", ""weight_comfort"": 494.8659348224927, ""weight_trajectory"": 3030.804391065044, ""weight_goal"": 1000.0, ""Q"": [[3030.804391065044, 0.0, 0.0, 0.0], [0.0, 0.0, 0.0, 0.0], [0.0, 0.0, 3030.804391065044, 0.0], [0.0, 0.0, 0.0, 0.0]], ""R"": [[494.8659348224927, 0.0], [0.0, 494.8659348224927]], ""P"": [[1000.0, 0.0, 0.0, 0.0], [0.0, 100000.0, 0.0, 0.0], [0.0, 0.0, 1000.0, 0.0], [0.0, 0.0, 0.0, 100000.0]]}","[-0.21594504484877658, -3.012010040596168, 0.0]",False
3,P05,2e6a0a77-88d8-4501-ab04-4d78b67d0190,24,1,haply,mpc,seeded_random,756517391,persist_session,10.0,23.587985572814944,10720.551070202,0,1785938062.393216,1158.0,True,normal,adaptive,-0.08,0.08,0.0,-0.08,-0.08,0.0,-0.0821189961,0.04090578,0.0,-0.02482203,-0.14236246,0.24757044,0.012420302,-0.008027189,-0.043641873,"[18.568520092636927, 23.14800934669624, 0.0, 0.0, 0.0, 0.0, -0.49590727093699216, 4.832007178008053]","[0.9381133460505753, -0.3392269263669006, 0.0]","{""Controller Type"": ""MPC Controller"", ""weight_comfort"": 471.48649186132377, ""weight_trajectory"": 3171.0810488320567, ""weight_goal"": 1000.0, ""Q"": [[3171.0810488320567, 0.0, 0.0, 0.0], [0.0, 0.0, 0.0, 0.0], [0.0, 0.0, 3171.0810488320567, 0.0], [0.0, 0.0, 0.0, 0.0]], ""R"": [[471.48649186132377, 0.0], [0.0, 471.48649186132377]], ""P"": [[1000.0, 0.0, 0.0, 0.0], [0.0, 100000.0, 0.0, 0.0], [0.0, 0.0, 1000.0, 0.0], [0.0, 0.0, 0.0, 100000.0]]}","[-0.26207565088775003, -3.2306241467515124, 0.0]",False
3,P05,2e6a0a77-88d8-4501-ab04-4d78b67d0190,24,1,haply,mpc,seeded_random,756517391,persist_session,10.0,23.598069725036623,10720.561160847,0,1785938062.4032524,1159.0,True,normal,adaptive,-0.08,0.08,0.0,-0.08,-0.08,0.0,-0.0819473360999999,0.03991876,0.0,-0.024784392,-0.14246358,0.24705617,0.0120942965,-0.007437918,-0.044001456,"[16.277783154835348, 21.94118877689522, 0.0, 0.0, 0.0, 0.0, -0.5631308994577465, 5.435957191021003]","[0.9381133460505753, -0.3392269263669006, 0.0]","{""Controller Type"": ""MPC Controller"", ""weight_comfort"": 471.48649186132377, ""weight_trajectory"": 3171.0810488320567, ""weight_goal"": 1000.0, ""Q"": [[3171.0810488320567, 0.0, 0.0, 0.0], [0.0, 0.0, 0.0, 0.0], [0.0, 0.0, 3171.0810488320567, 0.0], [0.0, 0.0, 0.0, 0.0]], ""R"": [[471.48649186132377, 0.0], [0.0, 471.48649186132377]], ""P"": [[1000.0, 0.0, 0.0, 0.0], [0.0, 100000.0, 0.0, 0.0], [0.0, 0.0, 1000.0, 0.0], [0.0, 0.0, 0.0, 100000.0]]}","[-0.07348214098296578, -3.0798423231671492, 0.0]",False
3,P05,2e6a0a77-88d8-4501-ab04-4d78b67d0190,24,1,haply,mpc,seeded_random,756517391,persist_session,10.0,23.608103570938113,10720.571174852,0,1785938062.4132984,1160.0,True,normal,adaptive,-0.08,0.08,0.0,-0.08,-0.08,0.0,-0.0818344221,0.0388902199999999,0.0,-0.024673315,-0.14254478,0.24662139,0.011779946,-0.0069969273,-0.04433323,"[16.277783154835348, 21.94118877689522, 0.0, 0.0, 0.0, 0.0, -0.5631308994577465, 5.435957191021003]","[0.4069811084724954, -0.4670730162415162, 0.0]","{""Controller Type"": ""MPC Controller"", ""weight_comfort"": 471.48649186132377, ""weight_trajectory"": 3171.0810488320567, ""weight_goal"": 1000.0, ""Q"": [[3171.0810488320567, 0.0, 0.0, 0.0], [0.0, 0.0, 0.0, 0.0], [0.0, 0.0, 3171.0810488320567, 0.0], [0.0, 0.0, 0.0, 0.0]], ""R"": [[471.48649186132377, 0.0], [0.0, 471.48649186132377]], ""P"": [[1000.0, 0.0, 0.0, 0.0], [0.0, 100000.0, 0.0, 0.0], [0.0, 0.0, 1000.0, 0.0], [0.0, 0.0, 0.0, 100000.0]]}","[-0.02499025319062632, -3.0282968218819386, 0.0]",False
3,P05,2e6a0a77-88d8-4501-ab04-4d78b67d0190,24,1,haply,mpc,seeded_random,756517391,persist_session,10.0,23.618755159378054,10720.581842115,0,1785938062.423077,1161.0,True,normal,adaptive,-0.08,0.08,0.0,-0.08,-0.08,0.0,-0.0815011911,0.0380206599999999,0.0,-0.0244982,-0.1426358,0.24618663,0.011510845,-0.00664764,-0.04452066,"[16.71118553517291, 23.074277370795556, 0.0, 0.0, 0.0, 0.0, -0.48179050420367886, 4.62888409034226]","[0.27223260515043807, -0.4854937001558482, 0.0]","{""Controller Type"": ""MPC Controller"", ""weight_comfort"": 458.62612337651325, ""weight_trajectory"": 3248.2432597409206, ""weight_goal"": 1000.0, ""Q"": [[3248.2432597409206, 0.0, 0.0, 0.0], [0.0, 0.0, 0.0, 0.0], [0.0, 0.0, 3248.2432597409206, 0.0], [0.0, 0.0, 0.0, 0.0]], ""R"": [[458.62612337651325, 0.0], [0.0, 458.62612337651325]], ""P"": [[1000.0, 0.0, 0.0, 0.0], [0.0, 100000.0, 0.0, 0.0], [0.0, 0.0, 1000.0, 0.0], [0.0, 0.0, 0.0, 100000.0]]}","[-0.2511235104522926, -3.178360549817395, 0.0]",False
3,P05,2e6a0a77-88d8-4501-ab04-4d78b67d0190,24,1,haply,mpc,seeded_random,756517391,persist_session,10.0,23.62827282905579,10720.591333837,0,1785938062.433229,1162.0,True,normal,adaptive,-0.08,0.08,0.0,-0.08,-0.08,0.0,-0.0809758461,0.0371511399999999,0.0,-0.02446971,-0.14276306,0.24573052,0.0114195505,-0.0064942557,-0.044606097,"[16.71118553517291, 23.074277370795556, 0.0, 0.0, 0.0, 0.0, -0.48179050420367886, 4.62888409034226]","[0.8113910614714899, -0.35475552550085054, 0.0]","{""Controller Type"": ""MPC Controller"", ""weight_comfort"": 458.62612337651325, ""weight_trajectory"": 3248.2432597409206, ""weight_goal"": 1000.0, ""Q"": [[3248.2432597409206, 0.0, 0.0, 0.0], [0.0, 0.0, 0.0, 0.0], [0.0, 0.0, 3248.2432597409206, 0.0], [0.0, 0.0, 0.0, 0.0]], ""R"": [[458.62612337651325, 0.0], [0.0, 458.62612337651325]], ""P"": [[1000.0, 0.0, 0.0, 0.0], [0.0, 100000.0, 0.0, 0.0], [0.0, 0.0, 1000.0, 0.0], [0.0, 0.0, 0.0, 100000.0]]}","[-0.439616619964961, -3.19043362436231, 0.0]",False
3,P05,2e6a0a77-88d8-4501-ab04-4d78b67d0190,24,1,haply,mpc,seeded_random,756517391,persist_session,10.0,23.638435182571413,10720.601470424,0,1785938062.4432034,1163.0,True,normal,adaptive,-0.08,0.08,0.0,-0.08,-0.08,0.0,-0.0808903761,0.03623892,0.0,-0.024407718,-0.14299037,0.2453105,0.01114142,-0.0069114515,-0.04498571,"[16.979255014066293, 23.74128738027109, 0.0, 0.0, 0.0, 0.0, -0.45698277186960823, 4.368458121441825]","[1.2451482191347187, -0.32062794746306855, 0.0]","{""Controller Type"": ""MPC Controller"", ""weight_comfort"": 458.62612337651325, ""weight_trajectory"": 3248.2432597409206, ""weight_goal"": 1000.0, ""Q"": [[3248.2432597409206, 0.0, 0.0, 0.0], [0.0, 0.0, 0.0, 0.0], [0.0, 0.0, 3248.2432597409206, 0.0], [0.0, 0.0, 0.0, 0.0]], ""R"": [[458.62612337651325, 0.0], [0.0, 458.62612337651325]], ""P"": [[1000.0, 0.0, 0.0, 0.0], [0.0, 100000.0, 0.0, 0.0], [0.0, 0.0, 1000.0, 0.0], [0.0, 0.0, 0.0, 100000.0]]}","[-0.04109795823479209, -3.1145540325406817, 0.0]",False
3,P05,2e6a0a77-88d8-4501-ab04-4d78b67d0190,24,1,haply,mpc,seeded_random,756517391,persist_session,10.0,23.64801054954529,10720.611101778,0,1785938062.4530952,1164.0,True,normal,adaptive,-0.08,0.08,0.0,-0.08,-0.08,0.0,-0.0807044000999999,0.0353988799999999,0.0,-0.024314411,-0.14312615,0.24485378,0.010634433,-0.00768061,-0.045381498,"[15.197806946051886, 22.78940329897871, 0.0, 0.0, 0.0, 0.0, -0.46743985331365584, 4.466869762412822]","[0.20881115341601075, -0.3541846443939507, 0.0]","{""Controller Type"": ""MPC Controller"", ""weight_comfort"": 453.9517126268924, ""weight_trajectory"": 3276.2897242386457, ""weight_goal"": 1000.0, ""Q"": [[3276.2897242386457, 0.0, 0.0, 0.0], [0.0, 0.0, 0.0, 0.0], [0.0, 0.0, 3276.2897242386457, 0.0], [0.0, 0.0, 0.0, 0.0]], ""R"": [[453.9517126268924, 0.0], [0.0, 453.9517126268924]], ""P"": [[1000.0, 0.0, 0.0, 0.0], [0.0, 100000.0, 0.0, 0.0], [0.0, 0.0, 1000.0, 0.0], [0.0, 0.0, 0.0, 100000.0]]}","[-0.14553614684526306, -3.169183444610604, 0.0]",False
3,P05,2e6a0a77-88d8-4501-ab04-4d78b67d0190,24,1,haply,mpc,seeded_random,756517391,persist_session,10.0,23.658061561584475,10720.621151941,0,1785938062.463503,1165.0,True,normal,adaptive,-0.08,0.08,0.0,-0.08,-0.08,0.0,-0.0804244791,0.0344854399999999,0.0,-0.02428434,-0.14324977,0.24439687,0.010180488,-0.008641564,-0.04542047,"[15.39295727136924, 23.059400930879153, 0.0, 0.0, 0.0, 0.0, -0.43261276037871066, 4.10390317074056]","[0.44438548306861686, -0.29859400559728133, 0.0]","{""Controller Type"": ""MPC Controller"", ""weight_comfort"": 453.9517126268924, ""weight_trajectory"": 3276.2897242386457, ""weight_goal"": 1000.0, ""Q"": [[3276.2897242386457, 0.0, 0.0, 0.0], [0.0, 0.0, 0.0, 0.0], [0.0, 0.0, 3276.2897242386457, 0.0], [0.0, 0.0, 0.0, 0.0]], ""R"": [[453.9517126268924, 0.0], [0.0, 453.9517126268924]], ""P"": [[1000.0, 0.0, 0.0, 0.0], [0.0, 100000.0, 0.0, 0.0], [0.0, 0.0, 1000.0, 0.0], [0.0, 0.0, 0.0, 100000.0]]}","[-0.23441370410643964, -3.117172500775963, 0.0]",False
3,P05,2e6a0a77-88d8-4501-ab04-4d78b67d0190,24,1,haply,mpc,seeded_random,756517391,persist_session,10.0,23.667992410659792,10720.63108682,0,1785938062.473284,1166.0,True,normal,adaptive,-0.08,0.08,0.0,-0.08,-0.08,0.0,-0.0803342661,0.0335716199999999,0.0,-0.024264641,-0.14340316,0.24399747,0.009718517,-0.009418896,-0.045384496,"[15.112531207177078, 22.71283334508225, 0.0, 0.0, 0.0, 0.0, -0.44224690308270403, 4.187653153631361]","[0.21453603933494167, -0.3410127867148366, 0.0]","{""Controller Type"": ""MPC Controller"", ""weight_comfort"": 453.9517126268924, ""weight_trajectory"": 3276.2897242386457, ""weight_goal"": 1000.0, ""Q"": [[3276.2897242386457, 0.0, 0.0, 0.0], [0.0, 0.0, 0.0, 0.0], [0.0, 0.0, 3276.2897242386457, 0.0], [0.0, 0.0, 0.0, 0.0]], ""R"": [[453.9517126268924, 0.0], [0.0, 453.9517126268924]], ""P"": [[1000.0, 0.0, 0.0, 0.0], [0.0, 100000.0, 0.0, 0.0], [0.0, 0.0, 1000.0, 0.0], [0.0, 0.0, 0.0, 100000.0]]}","[-0.0721478733818135, -3.03717449955765, 0.0]",False
3,P05,2e6a0a77-88d8-4501-ab04-4d78b67d0190,24,1,haply,mpc,seeded_random,756517391,persist_session,10.0,23.678043661117556,10720.641130929,0,1785938062.4831152,1167.0,True,normal,adaptive,-0.08,0.08,0.0,-0.08,-0.08,0.0,-0.0802751691,0.0327728199999999,0.0,-0.024264188,-0.143615,0.24357533,0.009030918,-0.010530834,-0.045273717,"[15.054018979108301, 22.646189766672798, 0.0, 0.0, 0.0, 0.0, -0.3974027714683606, 3.696413207025346]","[0.21453603933494167, -0.3410127867148366, 0.0]","{""Controller Type"": ""MPC Controller"", ""weight_comfort"": 455.25791683466673, ""weight_trajectory"": 3268.452498992, ""weight_goal"": 1000.0, ""Q"": [[3268.452498992, 0.0, 0.0, 0.0], [0.0, 0.0, 0.0, 0.0], [0.0, 0.0, 3268.452498992, 0.0], [0.0, 0.0, 0.0, 0.0]], ""R"": [[455.25791683466673, 0.0], [0.0, 455.25791683466673]], ""P"": [[1000.0, 0.0, 0.0, 0.0], [0.0, 100000.0, 0.0, 0.0], [0.0, 0.0, 1000.0, 0.0], [0.0, 0.0, 0.0, 100000.0]]}","[-0.044504942911169104, -3.1237058663731903, 0.0]",False
3,P05,2e6a0a77-88d8-4501-ab04-4d78b67d0190,24,1,haply,mpc,seeded_random,756517391,persist_session,10.0,23.688305196762087,10720.651399644,0,1785938062.493169,1168.0,True,normal,adaptive,-0.08,0.08,0.0,-0.08,-0.08,0.0,-0.0802738101,0.03192854,0.0,-0.024252225,-0.14379437,0.24309497,0.008172826,-0.011603625,-0.045095436,"[15.054018979108301, 22.646189766672798, 0.0, 0.0, 0.0, 0.0, -0.3974027714683606, 3.696413207025346]","[0.14027260093832034, -0.25552328383513007, 0.0]","{""Controller Type"": ""MPC Controller"", ""weight_comfort"": 455.25791683466673, ""weight_trajectory"": 3268.452498992, ""weight_goal"": 1000.0, ""Q"": [[3268.452498992, 0.0, 0.0, 0.0], [0.0, 0.0, 0.0, 0.0], [0.0, 0.0, 3268.452498992, 0.0], [0.0, 0.0, 0.0, 0.0]], ""R"": [[455.25791683466673, 0.0], [0.0, 455.25791683466673]], ""P"": [[1000.0, 0.0, 0.0, 0.0], [0.0, 100000.0, 0.0, 0.0], [0.0, 0.0, 1000.0, 0.0], [0.0, 0.0, 0.0, 100000.0]]}","[0.010864961308887656, -3.0718664583753483, 0.0]",False
3,P05,2e6a0a77-88d8-4501-ab04-4d78b67d0190,24,1,haply,mpc,seeded_random,756517391,persist_session,10.0,23.69819766044617,10720.66128756,0,1785938062.503102,1169.0,True,normal,adaptive,-0.08,0.08,0.0,-0.08,-0.08,0.0,-0.0802379211,0.0309678199999999,0.0,-0.024211586,-0.14388528,0.24271688,0.007487296,-0.012455864,-0.04495966,"[15.013114471520975, 22.666828505741723, 0.0, 0.0, 0.0, 0.0, -0.44394203084722694, 4.0765251864359096]","[0.007163880313223018, -0.26604847255623093, 0.0]","{""Controller Type"": ""MPC Controller"", ""weight_comfort"": 455.25791683466673, ""weight_trajectory"": 3268.452498992, ""weight_goal"": 1000.0, ""Q"": [[3268.452498992, 0.0, 0.0, 0.0], [0.0, 0.0, 0.0, 0.0], [0.0, 0.0, 3268.452498992, 0.0], [0.0, 0.0, 0.0, 0.0]], ""R"": [[455.25791683466673, 0.0], [0.0, 455.25791683466673]], ""P"": [[1000.0, 0.0, 0.0, 0.0], [0.0, 100000.0, 0.0, 0.0], [0.0, 0.0, 1000.0, 0.0], [0.0, 0.0, 0.0, 100000.0]]}","[-0.023581312471064153, -2.9209682427641326, 0.0]",False
3,P05,2e6a0a77-88d8-4501-ab04-4d78b67d0190,24,1,haply,mpc,seeded_random,756517391,persist_session,10.0,23.70843845367432,10720.671501018,0,1785938062.5133216,1170.0,True,normal,adaptive,-0.08,0.08,0.0,-0.08,-0.08,0.0,-0.0801160041,0.0302116399999999,0.0,-0.024284814,-0.14411484,0.24235049,0.0066578574,-0.013182566,-0.044541832,"[15.013114471520975, 22.666828505741723, 0.0, 0.0, 0.0, 0.0, -0.44394203084722694, 4.0765251864359096]","[0.08546967461623402, -0.3450185398804596, 0.0]","{""Controller Type"": ""MPC Controller"", ""weight_comfort"": 455.46780161469576, ""weight_trajectory"": 3267.1931903118257, ""weight_goal"": 1000.0, ""Q"": [[3267.1931903118257, 0.0, 0.0, 0.0], [0.0, 0.0, 0.0, 0.0], [0.0, 0.0, 3267.1931903118257, 0.0], [0.0, 0.0, 0.0, 0.0]], ""R"": [[455.46780161469576, 0.0], [0.0, 455.46780161469576]], ""P"": [[1000.0, 0.0, 0.0, 0.0], [0.0, 100000.0, 0.0, 0.0], [0.0, 0.0, 1000.0, 0.0], [0.0, 0.0, 0.0, 100000.0]]}","[-0.1076232901881108, -3.1106758846814904, 0.0]",False
3,P05,2e6a0a77-88d8-4501-ab04-4d78b67d0190,24,1,haply,mpc,seeded_random,756517391,persist_session,10.0,23.71794396400452,10720.68102933,0,1785938062.5230968,1171.0,True,normal,adaptive,-0.08,0.08,0.0,-0.08,-0.08,0.0,-0.0803356881,0.0294788599999999,0.0,-0.024284814,-0.14411484,0.24235049,0.0066578574,-0.013182566,-0.044541832,"[14.712241327041083, 24.401059632781518, 0.0, 0.0, 0.0, 0.0, -0.39299332454058256, 3.395839597627199]","[0.2739787600517394, -0.20992881907651934, 0.0]","{""Controller Type"": ""MPC Controller"", ""weight_comfort"": 455.46780161469576, ""weight_trajectory"": 3267.1931903118257, ""weight_goal"": 1000.0, ""Q"": [[3267.1931903118257, 0.0, 0.0, 0.0], [0.0, 0.0, 0.0, 0.0], [0.0, 0.0, 3267.1931903118257, 0.0], [0.0, 0.0, 0.0, 0.0]], ""R"": [[455.46780161469576, 0.0], [0.0, 455.46780161469576]], ""P"": [[1000.0, 0.0, 0.0, 0.0], [0.0, 100000.0, 0.0, 0.0], [0.0, 0.0, 1000.0, 0.0], [0.0, 0.0, 0.0, 100000.0]]}","[0.22745228545294652, -3.0775828927959465, 0.0]",False
3,P05,2e6a0a77-88d8-4501-ab04-4d78b67d0190,24,1,haply,mpc,seeded_random,756517391,persist_session,10.0,23.72801476478577,10720.691108376,0,1785938062.5332491,1172.0,True,normal,adaptive,-0.08,0.08,0.0,-0.08,-0.08,0.0,-0.0802953531,0.0285149,0.0,-0.024332663,-0.14448617,0.24144337,0.004737238,-0.014535047,-0.043763764,"[15.041956045714494, 24.634853073445903, 0.0, 0.0, 0.0, 0.0, -0.46910674818591636, 4.0066419375456706]","[0.1023163613190923, -0.32952373436995724, 0.0]","{""Controller Type"": ""MPC Controller"", ""weight_comfort"": 455.46780161469576, ""weight_trajectory"": 3267.1931903118257, ""weight_goal"": 1000.0, ""Q"": [[3267.1931903118257, 0.0, 0.0, 0.0], [0.0, 0.0, 0.0, 0.0], [0.0, 0.0, 3267.1931903118257, 0.0], [0.0, 0.0, 0.0, 0.0]], ""R"": [[455.46780161469576, 0.0], [0.0, 455.46780161469576]], ""P"": [[1000.0, 0.0, 0.0, 0.0], [0.0, 100000.0, 0.0, 0.0], [0.0, 0.0, 1000.0, 0.0], [0.0, 0.0, 0.0, 100000.0]]}","[-0.024514338505977347, -2.8619709610613877, 0.0]",False
3,P05,2e6a0a77-88d8-4501-ab04-4d78b67d0190,24,1,haply,mpc,seeded_random,756517391,persist_session,10.0,23.7382705783844,10720.701359948,0,1785938062.5431757,1173.0,True,normal,adaptive,-0.08,0.08,0.0,-0.08,-0.08,0.0,-0.0804792351,0.0276646199999999,0.0,-0.024374144,-0.14462146,0.24104084,0.0039133206,-0.014950683,-0.043514017,"[14.719168790631866, 25.415861745263527, 0.0, 0.0, 0.0, 0.0, -0.4279543858483392, 3.6288693491750474]","[-0.46376705706377735, -0.26477029614179465, 0.0]","{""Controller Type"": ""MPC Controller"", ""weight_comfort"": 444.4840008883036, ""weight_trajectory"": 3333.0959946701782, ""weight_goal"": 1000.0, ""Q"": [[3333.0959946701782, 0.0, 0.0, 0.0], [0.0, 0.0, 0.0, 0.0], [0.0, 0.0, 3333.0959946701782, 0.0], [0.0, 0.0, 0.0, 0.0]], ""R"": [[444.4840008883036, 0.0], [0.0, 444.4840008883036]], ""P"": [[1000.0, 0.0, 0.0, 0.0], [0.0, 100000.0, 0.0, 0.0], [0.0, 0.0, 1000.0, 0.0], [0.0, 0.0, 0.0, 100000.0]]}","[0.1985414159497098, -2.9540657758489806, 0.0]",False
3,P05,2e6a0a77-88d8-4501-ab04-4d78b67d0190,24,1,haply,mpc,seeded_random,756517391,persist_session,10.0,23.747915563583376,10720.711011309,0,1785938062.5532787,1174.0,True,normal,adaptive,-0.08,0.08,0.0,-0.08,-0.08,0.0,-0.0806036780999999,0.02685956,0.0,-0.024415333,-0.1447559,0.24063797,0.0033141412,-0.015234148,-0.043321516,"[14.939003360691407, 25.154460665807, 0.0, 0.0, 0.0, 0.0, -0.40601901523800926, 3.401046155134673]","[-0.3008130491533533, -0.22762011814324867, 0.0]","{""Controller Type"": ""MPC Controller"", ""weight_comfort"": 444.4840008883036, ""weight_trajectory"": 3333.0959946701782, ""weight_goal"": 1000.0, ""Q"": [[3333.0959946701782, 0.0, 0.0, 0.0], [0.0, 0.0, 0.0, 0.0], [0.0, 0.0, 3333.0959946701782, 0.0], [0.0, 0.0, 0.0, 0.0]], ""R"": [[444.4840008883036, 0.0], [0.0, 444.4840008883036]], ""P"": [[1000.0, 0.0, 0.0, 0.0], [0.0, 100000.0, 0.0, 0.0], [0.0, 0.0, 1000.0, 0.0], [0.0, 0.0, 0.0, 100000.0]]}","[0.14489518920158664, -2.9829184937376456, 0.0]",False
3,P05,2e6a0a77-88d8-4501-ab04-4d78b67d0190,24,1,haply,mpc,seeded_random,756517391,persist_session,10.0,23.758210239410403,10720.721265766,0,1785938062.5632615,1175.0,True,normal,adaptive,-0.08,0.08,0.0,-0.08,-0.08,0.0,-0.0807272451,0.02605382,0.0,-0.024464304,-0.14491585,0.24015406,0.002636133,-0.015318127,-0.043217193,"[15.024770368927054, 25.070548638183293, 0.0, 0.0, 0.0, 0.0, -0.4024795753334784, 3.365831027338482]","[-0.3008130491533533, -0.22762011814324867, 0.0]","{""Controller Type"": ""MPC Controller"", ""weight_comfort"": 444.4840008883036, ""weight_trajectory"": 3333.0959946701782, ""weight_goal"": 1000.0, ""Q"": [[3333.0959946701782, 0.0, 0.0, 0.0], [0.0, 0.0, 0.0, 0.0], [0.0, 0.0, 3333.0959946701782, 0.0], [0.0, 0.0, 0.0, 0.0]], ""R"": [[444.4840008883036, 0.0], [0.0, 444.4840008883036]], ""P"": [[1000.0, 0.0, 0.0, 0.0], [0.0, 100000.0, 0.0, 0.0], [0.0, 0.0, 1000.0, 0.0], [0.0, 0.0, 0.0, 100000.0]]}","[0.15105843326187476, -2.944881508229204, 0.0]",False
3,P05,2e6a0a77-88d8-4501-ab04-4d78b67d0190,24,1,haply,mpc,seeded_random,756517391,persist_session,10.0,23.768097457885744,10720.731178749,0,1785938062.5733194,1176.0,True,normal,adaptive,-0.08,0.08,0.0,-0.08,-0.08,0.0,-0.0808741581,0.0250859999999999,0.0,-0.024504686,-0.14504789,0.23975043,0.0006186443,-0.015135059,-0.04313113,"[15.07064896304936, 25.026538959902492, 0.0, 0.0, 0.0, 0.0, -0.4599568467626374, 3.798076807437937]","[-0.3523894078176121, -0.31714208879674566, 0.0]","{""Controller Type"": ""MPC Controller"", ""weight_comfort"": 445.0860965888233, ""weight_trajectory"": 3329.4834204670606, ""weight_goal"": 1000.0, ""Q"": [[3329.4834204670606, 0.0, 0.0, 0.0], [0.0, 0.0, 0.0, 0.0], [0.0, 0.0, 3329.4834204670606, 0.0], [0.0, 0.0, 0.0, 0.0]], ""R"": [[445.0860965888233, 0.0], [0.0, 445.0860965888233]], ""P"": [[1000.0, 0.0, 0.0, 0.0], [0.0, 100000.0, 0.0, 0.0], [0.0, 0.0, 1000.0, 0.0], [0.0, 0.0, 0.0, 100000.0]]}","[0.17889759093919796, -2.7610700986124224, 0.0]",False
3,P05,2e6a0a77-88d8-4501-ab04-4d78b67d0190,24,1,haply,mpc,seeded_random,756517391,persist_session,10.0,23.778037366867068,10720.741124266,0,1785938062.5830855,1177.0,True,normal,adaptive,-0.08,0.08,0.0,-0.08,-0.08,0.0,-0.0809953041,0.0242787399999999,0.0,-0.024564197,-0.14523807,0.2393223,-0.00081806275,-0.014994424,-0.04308252,"[15.280954809123012, 24.87904094322649, 0.0, 0.0, 0.0, 0.0, -0.41126335783518486, 3.3468178662276866]","[-0.2934089542975752, -0.23375989146216508, 0.0]","{""Controller Type"": ""MPC Controller"", ""weight_comfort"": 445.0860965888233, ""weight_trajectory"": 3329.4834204670606, ""weight_goal"": 1000.0, ""Q"": [[3329.4834204670606, 0.0, 0.0, 0.0], [0.0, 0.0, 0.0, 0.0], [0.0, 0.0, 3329.4834204670606, 0.0], [0.0, 0.0, 0.0, 0.0]], ""R"": [[445.0860965888233, 0.0], [0.0, 445.0860965888233]], ""P"": [[1000.0, 0.0, 0.0, 0.0], [0.0, 100000.0, 0.0, 0.0], [0.0, 0.0, 1000.0, 0.0], [0.0, 0.0, 0.0, 100000.0]]}","[0.16334929305890722, -2.86229953082224, 0.0]",False
3,P05,2e6a0a77-88d8-4501-ab04-4d78b67d0190,24,1,haply,mpc,seeded_random,756517391,persist_session,10.0,23.78805714607239,10720.751145586,0,1785938062.593342,1178.0,True,normal,adaptive,-0.08,0.08,0.0,-0.08,-0.08,0.0,-0.0811738371,0.0234224799999999,0.0,-0.024623308,-0.14542706,0.23889345,-0.0018514321,-0.014965091,-0.043079883,"[15.24700106336267, 24.907715542843555, 0.0, 0.0, 0.0, 0.0, -0.4065111746950533, 3.3042011130162963]","[-0.4156652860246123, -0.23380680282856317, 0.0]","{""Controller Type"": ""MPC Controller"", ""weight_comfort"": 445.0860965888233, ""weight_trajectory"": 3329.4834204670606, ""weight_goal"": 1000.0, ""Q"": [[3329.4834204670606, 0.0, 0.0, 0.0], [0.0, 0.0, 0.0, 0.0], [0.0, 0.0, 3329.4834204670606, 0.0], [0.0, 0.0, 0.0, 0.0]], ""R"": [[445.0860965888233, 0.0], [0.0, 445.0860965888233]], ""P"": [[1000.0, 0.0, 0.0, 0.0], [0.0, 100000.0, 0.0, 0.0], [0.0, 0.0, 1000.0, 0.0], [0.0, 0.0, 0.0, 100000.0]]}","[0.21915441108095596, -2.824444037291728, 0.0]",False
3,P05,2e6a0a77-88d8-4501-ab04-4d78b67d0190,24,1,haply,mpc,seeded_random,756517391,persist_session,10.0,23.79806190490723,10720.761153159,0,1785938062.6035311,1179.0,True,normal,adaptive,-0.08,0.08,0.0,-0.08,-0.08,0.0,-0.0813511701,0.02256478,0.0,-0.02468201,-0.14561486,0.23846398,-0.0026281422,-0.014964274,-0.043103848,"[15.470273683964711, 24.74570258720349, 0.0, 0.0, 0.0, 0.0, -0.40126606286556293, 3.258496092601048]","[-0.4156652860246123, -0.23380680282856317, 0.0]","{""Controller Type"": ""MPC Controller"", ""weight_comfort"": 448.1298418502738, ""weight_trajectory"": 3311.220948898357, ""weight_goal"": 1000.0, ""Q"": [[3311.220948898357, 0.0, 0.0, 0.0], [0.0, 0.0, 0.0, 0.0], [0.0, 0.0, 3311.220948898357, 0.0], [0.0, 0.0, 0.0, 0.0]], ""R"": [[448.1298418502738, 0.0], [0.0, 448.1298418502738]], ""P"": [[1000.0, 0.0, 0.0, 0.0], [0.0, 100000.0, 0.0, 0.0], [0.0, 0.0, 1000.0, 0.0], [0.0, 0.0, 0.0, 100000.0]]}","[0.2265502420243118, -2.778970519146548, 0.0]",False
3,P05,2e6a0a77-88d8-4501-ab04-4d78b67d0190,24,1,haply,mpc,seeded_random,756517391,persist_session,10.0,23.80806642532349,10720.77116091,0,1785938062.6132348,1180.0,True,normal,adaptive,-0.08,0.08,0.0,-0.08,-0.08,0.0,-0.0815272761,0.0217058399999999,0.0,-0.024728827,-0.14576842,0.23797733,-0.0031721978,-0.014991406,-0.043143015,"[15.68296727377799, 24.60421720520775, 0.0, 0.0, 0.0, 0.0, -0.40845347836098095, 3.3156824132285245]","[-0.4225762966163174, -0.25195326218533926, 0.0]","{""Controller Type"": ""MPC Controller"", ""weight_comfort"": 448.1298418502738, ""weight_trajectory"": 3311.220948898357, ""weight_goal"": 1000.0, ""Q"": [[3311.220948898357, 0.0, 0.0, 0.0], [0.0, 0.0, 0.0, 0.0], [0.0, 0.0, 3311.220948898357, 0.0], [0.0, 0.0, 0.0, 0.0]], ""R"": [[448.1298418502738, 0.0], [0.0, 448.1298418502738]], ""P"": [[1000.0, 0.0, 0.0, 0.0], [0.0, 100000.0, 0.0, 0.0], [0.0, 0.0, 1000.0, 0.0], [0.0, 0.0, 0.0, 100000.0]]}","[0.24155913711558788, -2.7076538413414504, 0.0]",False
3,P05,2e6a0a77-88d8-4501-ab04-4d78b67d0190,24,1,haply,mpc,seeded_random,756517391,persist_session,10.0,23.817960796356203,10720.781045375,0,1785938062.6233158,1181.0,True,normal,adaptive,-0.08,0.08,0.0,-0.08,-0.08,0.0,-0.0816677270999999,0.0207325399999999,0.0,-0.024722068,-0.14596501,0.23754646,-0.003447398,-0.015129553,-0.04321826,"[16.180995316048854, 24.377292282419123, 0.0, 0.0, 0.0, 0.0, -0.43164589936210634, 3.4794054190195243]","[-0.3126432382234861, -0.2924469538704197, 0.0]","{""Controller Type"": ""MPC Controller"", ""weight_comfort"": 448.1298418502738, ""weight_trajectory"": 3311.220948898357, ""weight_goal"": 1000.0, ""Q"": [[3311.220948898357, 0.0, 0.0, 0.0], [0.0, 0.0, 0.0, 0.0], [0.0, 0.0, 3311.220948898357, 0.0], [0.0, 0.0, 0.0, 0.0]], ""R"": [[448.1298418502738, 0.0], [0.0, 448.1298418502738]], ""P"": [[1000.0, 0.0, 0.0, 0.0], [0.0, 100000.0, 0.0, 0.0], [0.0, 0.0, 1000.0, 0.0], [0.0, 0.0, 0.0, 100000.0]]}","[0.20771383415886227, -2.5971829312599537, 0.0]",False
3,P05,2e6a0a77-88d8-4501-ab04-4d78b67d0190,24,1,haply,mpc,seeded_random,756517391,persist_session,10.0,23.827997264862063,10720.791086652,0,1785938062.6335034,1182.0,True,normal,adaptive,-0.08,0.08,0.0,-0.08,-0.08,0.0,-0.0816474500999999,0.0198707999999999,0.0,-0.024779562,-0.14614944,0.23711494,-0.0035234941,-0.015330164,-0.043302387,"[17.240706806130042, 24.45056483815637, 0.0, 0.0, 0.0, 0.0, -0.3872976454854665, 3.110077471128381]","[0.07706852704641859, -0.22439218038437447, 0.0]","{""Controller Type"": ""MPC Controller"", ""weight_comfort"": 457.45462290695025, ""weight_trajectory"": 3255.2722625582983, ""weight_goal"": 1000.0, ""Q"": [[3255.2722625582983, 0.0, 0.0, 0.0], [0.0, 0.0, 0.0, 0.0], [0.0, 0.0, 3255.2722625582983, 0.0], [0.0, 0.0, 0.0, 0.0]], ""R"": [[457.45462290695025, 0.0], [0.0, 457.45462290695025]], ""P"": [[1000.0, 0.0, 0.0, 0.0], [0.0, 100000.0, 0.0, 0.0], [0.0, 0.0, 1000.0, 0.0], [0.0, 0.0, 0.0, 100000.0]]}","[0.054296035889780006, -2.654993871434232, 0.0]",False
3,P05,2e6a0a77-88d8-4501-ab04-4d78b67d0190,24,1,haply,mpc,seeded_random,756517391,persist_session,10.0,23.83798342704773,10720.801076134,0,1785938062.6431975,1183.0,True,normal,adaptive,-0.08,0.08,0.0,-0.08,-0.08,0.0,-0.0818199321,0.0190077599999999,0.0,-0.024824997,-0.14629905,0.23662661,-0.0036308619,-0.015636964,-0.043468315,"[17.240706806130042, 24.45056483815637, 0.0, 0.0, 0.0, 0.0, -0.3872976454854665, 3.110077471128381]","[0.07706852704641859, -0.22439218038437447, 0.0]","{""Controller Type"": ""MPC Controller"", ""weight_comfort"": 457.45462290695025, ""weight_trajectory"": 3255.2722625582983, ""weight_goal"": 1000.0, ""Q"": [[3255.2722625582983, 0.0, 0.0, 0.0], [0.0, 0.0, 0.0, 0.0], [0.0, 0.0, 3255.2722625582983, 0.0], [0.0, 0.0, 0.0, 0.0]], ""R"": [[457.45462290695025, 0.0], [0.0, 457.45462290695025]], ""P"": [[1000.0, 0.0, 0.0, 0.0], [0.0, 100000.0, 0.0, 0.0], [0.0, 0.0, 1000.0, 0.0], [0.0, 0.0, 0.0, 100000.0]]}","[0.24924692558942868, -2.583090606453685, 0.0]",False
3,P05,2e6a0a77-88d8-4501-ab04-4d78b67d0190,24,1,haply,mpc,seeded_random,756517391,persist_session,10.0,23.848063764572146,10720.811152548,0,1785938062.6533172,1184.0,True,normal,adaptive,-0.08,0.08,0.0,-0.08,-0.08,0.0,-0.0819562371,0.0180310999999999,0.0,-0.024881663,-0.14648102,0.23619391,-0.0037453882,-0.015972272,-0.043656226,"[16.63327983707008, 24.877561886007662, 0.0, 0.0, 0.0, 0.0, -0.4159879875580276, 3.3121193442564936]","[-0.3025448037951299, -0.27887615488341083, 0.0]","{""Controller Type"": ""MPC Controller"", ""weight_comfort"": 458.7314213031259, ""weight_trajectory"": 3247.611472181245, ""weight_goal"": 1000.0, ""Q"": [[3247.611472181245, 0.0, 0.0, 0.0], [0.0, 0.0, 0.0, 0.0], [0.0, 0.0, 3247.611472181245, 0.0], [0.0, 0.0, 0.0, 0.0]], ""R"": [[458.7314213031259, 0.0], [0.0, 458.7314213031259]], ""P"": [[1000.0, 0.0, 0.0, 0.0], [0.0, 100000.0, 0.0, 0.0], [0.0, 0.0, 1000.0, 0.0], [0.0, 0.0, 0.0, 100000.0]]}","[0.21436878756994143, -2.4784441888074404, 0.0]",False
3,P05,2e6a0a77-88d8-4501-ab04-4d78b67d0190,24,1,haply,mpc,seeded_random,756517391,persist_session,10.0,23.858153638839724,10720.821238301,0,1785938062.663288,1185.0,True,normal,adaptive,-0.08,0.08,0.0,-0.08,-0.08,0.0,-0.0821262351,0.0171657,0.0,-0.024892174,-0.14673154,0.23573475,-0.003810102,-0.016245352,-0.043831605,"[16.658563909243014, 24.86653634450782, 0.0, 0.0, 0.0, 0.0, -0.3755202402554159, 3.00008387043236]","[-0.3025448037951299, -0.27887615488341083, 0.0]","{""Controller Type"": ""MPC Controller"", ""weight_comfort"": 458.7314213031259, ""weight_trajectory"": 3247.611472181245, ""weight_goal"": 1000.0, ""Q"": [[3247.611472181245, 0.0, 0.0, 0.0], [0.0, 0.0, 0.0, 0.0], [0.0, 0.0, 3247.611472181245, 0.0], [0.0, 0.0, 0.0, 0.0]], ""R"": [[458.7314213031259, 0.0], [0.0, 458.7314213031259]], ""P"": [[1000.0, 0.0, 0.0, 0.0], [0.0, 100000.0, 0.0, 0.0], [0.0, 0.0, 1000.0, 0.0], [0.0, 0.0, 0.0, 100000.0]]}","[0.25550927193424106, -2.537088382234111, 0.0]",False
3,P05,2e6a0a77-88d8-4501-ab04-4d78b67d0190,24,1,haply,mpc,seeded_random,756517391,persist_session,10.0,23.867977199554446,10720.831063887,0,1785938062.6735046,1186.0,True,normal,adaptive,-0.08,0.08,0.0,-0.08,-0.08,0.0,-0.0821577681,0.0162473799999999,0.0,-0.02488298,-0.14692241,0.23530039,-0.003860992,-0.01652474,-0.04403335,"[17.943012793317205, 24.780983450006207, 0.0, 0.0, 0.0, 0.0, -0.3780446540262981, 3.018388089861622]","[-0.037769284239949054, -0.23492560643070595, 0.0]","{""Controller Type"": ""MPC Controller"", ""weight_comfort"": 458.7314213031259, ""weight_trajectory"": 3247.611472181245, ""weight_goal"": 1000.0, ""Q"": [[3247.611472181245, 0.0, 0.0, 0.0], [0.0, 0.0, 0.0, 0.0], [0.0, 0.0, 3247.611472181245, 0.0], [0.0, 0.0, 0.0, 0.0]], ""R"": [[458.7314213031259, 0.0], [0.0, 458.7314213031259]], ""P"": [[1000.0, 0.0, 0.0, 0.0], [0.0, 100000.0, 0.0, 0.0], [0.0, 0.0, 1000.0, 0.0], [0.0, 0.0, 0.0, 100000.0]]}","[0.12482321020321871, -2.4760859199075913, 0.0]",False
3,P05,2e6a0a77-88d8-4501-ab04-4d78b67d0190,24,1,haply,mpc,seeded_random,756517391,persist_session,10.0,23.877899703979494,10720.840989313,0,1785938062.6832368,1187.0,True,normal,adaptive,-0.08,0.08,0.0,-0.08,-0.08,0.0,-0.0821301861,0.0153786599999999,0.0,-0.024938392,-0.14710106,0.2348654,-0.003926003,-0.016919786,-0.04428958,"[17.943012793317205, 24.780983450006207, 0.0, 0.0, 0.0, 0.0, -0.3780446540262981, 3.018388089861622]","[-0.037769284239949054, -0.23492560643070595, 0.0]","{""Controller Type"": ""MPC Controller"", ""weight_comfort"": 458.7314213031259, ""weight_trajectory"": 3247.611472181245, ""weight_goal"": 1000.0, ""Q"": [[3247.611472181245, 0.0, 0.0, 0.0], [0.0, 0.0, 0.0, 0.0], [0.0, 0.0, 3247.611472181245, 0.0], [0.0, 0.0, 0.0, 0.0]], ""R"": [[458.7314213031259, 0.0], [0.0, 458.7314213031259]], ""P"": [[1000.0, 0.0, 0.0, 0.0], [0.0, 100000.0, 0.0, 0.0], [0.0, 0.0, 1000.0, 0.0], [0.0, 0.0, 0.0, 100000.0]]}","[0.06759469844243232, -2.451966775262063, 0.0]",False
3,P05,2e6a0a77-88d8-4501-ab04-4d78b67d0190,24,1,haply,mpc,seeded_random,756517391,persist_session,10.0,23.888052759170535,10720.851143193,0,1785938062.6935594,1188.0,True,normal,adaptive,-0.08,0.08,0.0,-0.08,-0.08,0.0,-0.0822964221,0.0145086799999999,0.0,-0.024947241,-0.14734785,0.23440355,-0.0037473268,-0.0172328,-0.04445639,"[18.403437720866666, 24.81625799715515, 0.0, 0.0, 0.0, 0.0, -0.3674431231009768, 2.941728494329379]","[0.10953409725689438, -0.22753840323790941, 0.0]","{""Controller Type"": ""MPC Controller"", ""weight_comfort"": 474.23368738085014, ""weight_trajectory"": 3154.597875714899, ""weight_goal"": 1000.0, ""Q"": [[3154.597875714899, 0.0, 0.0, 0.0], [0.0, 0.0, 0.0, 0.0], [0.0, 0.0, 3154.597875714899, 0.0], [0.0, 0.0, 0.0, 0.0]], ""R"": [[474.23368738085014, 0.0], [0.0, 474.23368738085014]], ""P"": [[1000.0, 0.0, 0.0, 0.0], [0.0, 100000.0, 0.0, 0.0], [0.0, 0.0, 1000.0, 0.0], [0.0, 0.0, 0.0, 100000.0]]}","[0.25042470496653174, -2.4288641329430756, 0.0]",False
3,P05,2e6a0a77-88d8-4501-ab04-4d78b67d0190,24,1,haply,mpc,seeded_random,756517391,persist_session,10.0,23.898301181793215,10720.86138999,0,1785938062.7032251,1189.0,True,normal,adaptive,-0.08,0.08,0.0,-0.08,-0.08,0.0,-0.0823229690999999,0.0135849799999999,0.0,-0.024917595,-0.14747724,0.2339933,-0.0034115626,-0.017515453,-0.044582486,"[18.430478549896645, 25.2566483312326, 0.0, 0.0, 0.0, 0.0, -0.38581007768960934, 3.0352297093691196]","[-0.3687671189585364, -0.20143026127558075, 0.0]","{""Controller Type"": ""MPC Controller"", ""weight_comfort"": 474.23368738085014, ""weight_trajectory"": 3154.597875714899, ""weight_goal"": 1000.0, ""Q"": [[3154.597875714899, 0.0, 0.0, 0.0], [0.0, 0.0, 0.0, 0.0], [0.0, 0.0, 3154.597875714899, 0.0], [0.0, 0.0, 0.0, 0.0]], ""R"": [[474.23368738085014, 0.0], [0.0, 474.23368738085014]], ""P"": [[1000.0, 0.0, 0.0, 0.0], [0.0, 100000.0, 0.0, 0.0], [0.0, 0.0, 1000.0, 0.0], [0.0, 0.0, 0.0, 100000.0]]}","[0.1264849537415591, -2.2917289062244977, 0.0]",False
3,P05,2e6a0a77-88d8-4501-ab04-4d78b67d0190,24,1,haply,mpc,seeded_random,756517391,persist_session,10.0,23.90864377975464,10720.871720249,0,1785938062.713086,1190.0,True,normal,adaptive,-0.08,0.08,0.0,-0.08,-0.08,0.0,-0.0822340311,0.0127644799999999,0.0,-0.025002657,-0.14774537,0.23358542,-0.0030769159,-0.01765437,-0.044671882,"[18.430478549896645, 25.2566483312326, 0.0, 0.0, 0.0, 0.0, -0.38581007768960934, 3.0352297093691196]","[-0.026554159172770216, -0.25395404716510345, 0.0]","{""Controller Type"": ""MPC Controller"", ""weight_comfort"": 474.23368738085014, ""weight_trajectory"": 3154.597875714899, ""weight_goal"": 1000.0, ""Q"": [[3154.597875714899, 0.0, 0.0, 0.0], [0.0, 0.0, 0.0, 0.0], [0.0, 0.0, 3154.597875714899, 0.0], [0.0, 0.0, 0.0, 0.0]], ""R"": [[474.23368738085014, 0.0], [0.0, 474.23368738085014]], ""P"": [[1000.0, 0.0, 0.0, 0.0], [0.0, 100000.0, 0.0, 0.0], [0.0, 0.0, 1000.0, 0.0], [0.0, 0.0, 0.0, 100000.0]]}","[0.012443922585979933, -2.3795183731563125, 0.0]",False
3,P05,2e6a0a77-88d8-4501-ab04-4d78b67d0190,24,1,haply,mpc,seeded_random,756517391,persist_session,10.0,23.918187437057497,10720.881273014,0,1785938062.7231913,1191.0,True,normal,adaptive,-0.08,0.08,0.0,-0.08,-0.08,0.0,-0.0824892171,0.0119487199999999,0.0,-0.025002657,-0.14774537,0.23358542,-0.0030769159,-0.01765437,-0.044671882,"[16.678096140295438, 26.962988240603387, 0.0, 0.0, 0.0, 0.0, -0.3317090225590172, 2.614668415500703]","[0.27273652754637717, -0.19335077172825563, 0.0]","{""Controller Type"": ""MPC Controller"", ""weight_comfort"": 478.7033089215052, ""weight_trajectory"": 3127.780146470969, ""weight_goal"": 1000.0, ""Q"": [[3127.780146470969, 0.0, 0.0, 0.0], [0.0, 0.0, 0.0, 0.0], [0.0, 0.0, 3127.780146470969, 0.0], [0.0, 0.0, 0.0, 0.0]], ""R"": [[478.7033089215052, 0.0], [0.0, 478.7033089215052]], ""P"": [[1000.0, 0.0, 0.0, 0.0], [0.0, 100000.0, 0.0, 0.0], [0.0, 0.0, 1000.0, 0.0], [0.0, 0.0, 0.0, 100000.0]]}","[0.3431195069366124, -2.3637315407108423, 0.0]",False
3,P05,2e6a0a77-88d8-4501-ab04-4d78b67d0190,24,1,haply,mpc,seeded_random,756517391,persist_session,10.0,23.928093967437746,10720.891171756,0,1785938062.7333407,1192.0,True,normal,adaptive,-0.08,0.08,0.0,-0.08,-0.08,0.0,-0.0824903211,0.0111838799999999,0.0,-0.025068434,-0.14817394,0.2328198,-0.002828933,-0.01854984,-0.043855645,"[19.25794060397924, 26.982982887591977, 0.0, 0.0, 0.0, 0.0, -0.31706150339503836, 2.4824187195146283]","[0.04502340730395864, -0.15815812781264194, 0.0]","{""Controller Type"": ""MPC Controller"", ""weight_comfort"": 478.7033089215052, ""weight_trajectory"": 3127.780146470969, ""weight_goal"": 1000.0, ""Q"": [[3127.780146470969, 0.0, 0.0, 0.0], [0.0, 0.0, 0.0, 0.0], [0.0, 0.0, 3127.780146470969, 0.0], [0.0, 0.0, 0.0, 0.0]], ""R"": [[478.7033089215052, 0.0], [0.0, 478.7033089215052]], ""P"": [[1000.0, 0.0, 0.0, 0.0], [0.0, 100000.0, 0.0, 0.0], [0.0, 0.0, 1000.0, 0.0], [0.0, 0.0, 0.0, 100000.0]]}","[0.10837519910653681, -2.3879406934710024, 0.0]",False
3,P05,2e6a0a77-88d8-4501-ab04-4d78b67d0190,24,1,haply,mpc,seeded_random,756517391,persist_session,10.0,23.937953290939333,10720.901045476,0,1785938062.7431898,1193.0,True,normal,adaptive,-0.08,0.08,0.0,-0.08,-0.08,0.0,-0.0826865481,0.0104174799999999,0.0,-0.025068434,-0.14817394,0.2328198,-0.002828933,-0.01854984,-0.043855645,"[17.66134461619122, 27.624106794101166, 0.0, 0.0, 0.0, 0.0, -0.3190882838337203, 2.4992196880990574]","[-0.5029181022268894, -0.16562422613117403, 0.0]","{""Controller Type"": ""MPC Controller"", ""weight_comfort"": 478.7033089215052, ""weight_trajectory"": 3127.780146470969, ""weight_goal"": 1000.0, ""Q"": [[3127.780146470969, 0.0, 0.0, 0.0], [0.0, 0.0, 0.0, 0.0], [0.0, 0.0, 3127.780146470969, 0.0], [0.0, 0.0, 0.0, 0.0]], ""R"": [[478.7033089215052, 0.0], [0.0, 478.7033089215052]], ""P"": [[1000.0, 0.0, 0.0, 0.0], [0.0, 100000.0, 0.0, 0.0], [0.0, 0.0, 1000.0, 0.0], [0.0, 0.0, 0.0, 100000.0]]}","[0.3018590401232512, -2.3390139509346044, 0.0]",False
3,P05,2e6a0a77-88d8-4501-ab04-4d78b67d0190,24,1,haply,mpc,seeded_random,756517391,persist_session,10.0,23.94809132575989,10720.911179387,0,1785938062.753847,1194.0,True,normal,adaptive,-0.08,0.08,0.0,-0.08,-0.08,0.0,-0.0828819201,0.0096495199999999,0.0,-0.025144871,-0.14863442,0.23210625,-0.002824276,-0.01943849,-0.0427414,"[18.342428106351637, 27.39361057827101, 0.0, 0.0, 0.0, 0.0, -0.3065851507431983, 2.378152389444328]","[-0.4493351059118142, -0.14388699058052204, 0.0]","{""Controller Type"": ""MPC Controller"", ""weight_comfort"": 454.1132878569857, ""weight_trajectory"": 3275.320272858086, ""weight_goal"": 1000.0, ""Q"": [[3275.320272858086, 0.0, 0.0, 0.0], [0.0, 0.0, 0.0, 0.0], [0.0, 0.0, 3275.320272858086, 0.0], [0.0, 0.0, 0.0, 0.0]], ""R"": [[454.1132878569857, 0.0], [0.0, 454.1132878569857]], ""P"": [[1000.0, 0.0, 0.0, 0.0], [0.0, 100000.0, 0.0, 0.0], [0.0, 0.0, 1000.0, 0.0], [0.0, 0.0, 0.0, 100000.0]]}","[0.30248164623926965, -2.4283322250324586, 0.0]",False
3,P05,2e6a0a77-88d8-4501-ab04-4d78b67d0190,24,1,haply,mpc,seeded_random,756517391,persist_session,10.0,23.958175954818728,10720.921269236,0,1785938062.7634332,1195.0,True,normal,adaptive,-0.08,0.08,0.0,-0.08,-0.08,0.0,-0.0829158590999999,0.0089903799999999,0.0,-0.025190556,-0.14878239,0.23174806,-0.0030219434,-0.0199651,-0.04185625,"[20.26710312354265, 27.2963296635475, 0.0, 0.0, 0.0, 0.0, -0.29942567359841143, 2.3002658695054135]","[-0.4493351059118142, -0.14388699058052204, 0.0]","{""Controller Type"": ""MPC Controller"", ""weight_comfort"": 454.1132878569857, ""weight_trajectory"": 3275.320272858086, ""weight_goal"": 1000.0, ""Q"": [[3275.320272858086, 0.0, 0.0, 0.0], [0.0, 0.0, 0.0, 0.0], [0.0, 0.0, 3275.320272858086, 0.0], [0.0, 0.0, 0.0, 0.0]], ""R"": [[454.1132878569857, 0.0], [0.0, 454.1132878569857]], ""P"": [[1000.0, 0.0, 0.0, 0.0], [0.0, 100000.0, 0.0, 0.0], [0.0, 0.0, 1000.0, 0.0], [0.0, 0.0, 0.0, 100000.0]]}","[0.16364390884950558, -2.436788349061902, 0.0]",False
3,P05,2e6a0a77-88d8-4501-ab04-4d78b67d0190,24,1,haply,mpc,seeded_random,756517391,persist_session,10.0,23.96835785865784,10720.931439707,0,1785938062.7731702,1196.0,True,normal,adaptive,-0.08,0.08,0.0,-0.08,-0.08,0.0,-0.0830529141,0.008274,0.0,-0.025248157,-0.1489651,0.23144464,-0.003157752,-0.020300187,-0.040967587,"[19.34953726673904, 27.513871181271192, 0.0, 0.0, 0.0, 0.0, -0.30653608561782775, 2.363141503974645]","[-0.32820367710254056, -0.14680390665729115, 0.0]","{""Controller Type"": ""MPC Controller"", ""weight_comfort"": 454.1132878569857, ""weight_trajectory"": 3275.320272858086, ""weight_goal"": 1000.0, ""Q"": [[3275.320272858086, 0.0, 0.0, 0.0], [0.0, 0.0, 0.0, 0.0], [0.0, 0.0, 3275.320272858086, 0.0], [0.0, 0.0, 0.0, 0.0]], ""R"": [[454.1132878569857, 0.0], [0.0, 454.1132878569857]], ""P"": [[1000.0, 0.0, 0.0, 0.0], [0.0, 100000.0, 0.0, 0.0], [0.0, 0.0, 1000.0, 0.0], [0.0, 0.0, 0.0, 100000.0]]}","[0.2697176627285798, -2.36623882277961, 0.0]",False
3,P05,2e6a0a77-88d8-4501-ab04-4d78b67d0190,24,1,haply,mpc,seeded_random,756517391,persist_session,10.0,23.97808342933655,10720.941170943,0,1785938062.7830975,1197.0,True,normal,adaptive,-0.08,0.08,0.0,-0.08,-0.08,0.0,-0.0832257171,0.00766716,0.0,-0.025251888,-0.14919414,0.23119567,-0.0032882097,-0.02059249,-0.039620955,"[19.450818251332944, 27.485207710734915, 0.0, 0.0, 0.0, 0.0, -0.2962872982152327, 2.1812821436040286]","[-0.41567781090027567, -0.10736079215682985, 0.0]","{""Controller Type"": ""MPC Controller"", ""weight_comfort"": 468.1584740312015, ""weight_trajectory"": 3191.049155812791, ""weight_goal"": 1000.0, ""Q"": [[3191.049155812791, 0.0, 0.0, 0.0], [0.0, 0.0, 0.0, 0.0], [0.0, 0.0, 3191.049155812791, 0.0], [0.0, 0.0, 0.0, 0.0]], ""R"": [[468.1584740312015, 0.0], [0.0, 468.1584740312015]], ""P"": [[1000.0, 0.0, 0.0, 0.0], [0.0, 100000.0, 0.0, 0.0], [0.0, 0.0, 1000.0, 0.0], [0.0, 0.0, 0.0, 100000.0]]}","[0.3047536864197223, -2.4279055942752064, 0.0]",False
3,P05,2e6a0a77-88d8-4501-ab04-4d78b67d0190,24,1,haply,mpc,seeded_random,756517391,persist_session,10.0,23.98794418334961,10720.951035669,0,1785938062.7932534,1198.0,True,normal,adaptive,-0.08,0.08,0.0,-0.08,-0.08,0.0,-0.0832369101,0.0071692199999999,0.0,-0.025261894,-0.1494449,0.2308629,-0.0033304296,-0.020807644,-0.038080912,"[21.572232257972004, 27.478704962140203, 0.0, 0.0, 0.0, 0.0, -0.3025314049568299, 2.0689176487236907]","[0.03954193902476819, -0.07506905573943667, 0.0]","{""Controller Type"": ""MPC Controller"", ""weight_comfort"": 468.1584740312015, ""weight_trajectory"": 3191.049155812791, ""weight_goal"": 1000.0, ""Q"": [[3191.049155812791, 0.0, 0.0, 0.0], [0.0, 0.0, 0.0, 0.0], [0.0, 0.0, 3191.049155812791, 0.0], [0.0, 0.0, 0.0, 0.0]], ""R"": [[468.1584740312015, 0.0], [0.0, 468.1584740312015]], ""P"": [[1000.0, 0.0, 0.0, 0.0], [0.0, 100000.0, 0.0, 0.0], [0.0, 0.0, 1000.0, 0.0], [0.0, 0.0, 0.0, 100000.0]]}","[0.15195421326067277, -2.5245783124041896, 0.0]",False
3,P05,2e6a0a77-88d8-4501-ab04-4d78b67d0190,24,1,haply,mpc,seeded_random,756517391,persist_session,10.0,23.998008546829226,10720.961098759,0,1785938062.803131,1199.0,True,normal,adaptive,-0.08,0.08,0.0,-0.08,-0.08,0.0,-0.0832669281,0.00650368,0.0,-0.025331048,-0.14966185,0.23061258,-0.003411357,-0.02104824,-0.036698267,"[21.326039798220553, 27.48701085933164, 0.0, 0.0, 0.0, 0.0, -0.3282204169282565, 2.339536491915438]","[-0.0138616226705464, -0.12924138538309127, 0.0]","{""Controller Type"": ""MPC Controller"", ""weight_comfort"": 468.1584740312015, ""weight_trajectory"": 3191.049155812791, ""weight_goal"": 1000.0, ""Q"": [[3191.049155812791, 0.0, 0.0, 0.0], [0.0, 0.0, 0.0, 0.0], [0.0, 0.0, 3191.049155812791, 0.0], [0.0, 0.0, 0.0, 0.0]], ""R"": [[468.1584740312015, 0.0], [0.0, 468.1584740312015]], ""P"": [[1000.0, 0.0, 0.0, 0.0], [0.0, 100000.0, 0.0, 0.0], [0.0, 0.0, 1000.0, 0.0], [0.0, 0.0, 0.0, 100000.0]]}","[0.1714768596078493, -2.32928553063525, 0.0]",False
3,P05,2e6a0a77-88d8-4501-ab04-4d78b67d0190,24,1,haply,mpc,seeded_random,756517391,persist_session,10.0,24.00811296463013,10720.971206567,0,1785938062.8131883,1200.0,True,normal,adaptive,-0.08,0.08,0.0,-0.08,-0.08,0.0,-0.0834743900999999,0.00600304,0.0,-0.025321744,-0.1498539,0.2303065,-0.0034170607,-0.021120878,-0.035360813,"[19.68301159640116, 28.010701810954135, 0.0, 0.0, 0.0, 0.0, -0.33456027101353836, 2.17221065249007]","[-0.0138616226705464, -0.12924138538309127, 0.0]","{""Controller Type"": ""MPC Controller"", ""weight_comfort"": 483.4476675061336, ""weight_trajectory"": 3099.3139949631986, ""weight_goal"": 1000.0, ""Q"": [[3099.3139949631986, 0.0, 0.0, 0.0], [0.0, 0.0, 0.0, 0.0], [0.0, 0.0, 3099.3139949631986, 0.0], [0.0, 0.0, 0.0, 0.0]], ""R"": [[483.4476675061336, 0.0], [0.0, 483.4476675061336]], ""P"": [[1000.0, 0.0, 0.0, 0.0], [0.0, 100000.0, 0.0, 0.0], [0.0, 0.0, 1000.0, 0.0], [0.0, 0.0, 0.0, 100000.0]]}","[0.3408389810033154, -2.439279213790386, 0.0]",False
3,P05,2e6a0a77-88d8-4501-ab04-4d78b67d0190,24,1,haply,mpc,seeded_random,756517391,persist_session,10.0,24.01821285247803,10720.981297912,0,1785938062.8231764,1201.0,True,normal,adaptive,-0.08,0.08,0.0,-0.08,-0.08,0.0,-0.0834464781,0.0053908799999999,0.0,-0.025305735,-0.15002385,0.23008311,-0.0032667485,-0.021082925,-0.034098003,"[22.863517983980287, 28.19150204950934, 0.0, 0.0, 0.0, 0.0, -0.3440070737856433, 2.311379657658581]","[-0.5094234574523185, -0.07935772672965491, 0.0]","{""Controller Type"": ""MPC Controller"", ""weight_comfort"": 483.4476675061336, ""weight_trajectory"": 3099.3139949631986, ""weight_goal"": 1000.0, ""Q"": [[3099.3139949631986, 0.0, 0.0, 0.0], [0.0, 0.0, 0.0, 0.0], [0.0, 0.0, 3099.3139949631986, 0.0], [0.0, 0.0, 0.0, 0.0]], ""R"": [[483.4476675061336, 0.0], [0.0, 483.4476675061336]], ""P"": [[1000.0, 0.0, 0.0, 0.0], [0.0, 100000.0, 0.0, 0.0], [0.0, 0.0, 1000.0, 0.0], [0.0, 0.0, 0.0, 100000.0]]}","[0.12159610223259226, -2.3114698266039957, 0.0]",False
3,P05,2e6a0a77-88d8-4501-ab04-4d78b67d0190,24,1,haply,mpc,seeded_random,756517391,persist_session,10.0,24.02790170669556,10720.990990403,0,1785938062.8332236,1202.0,True,normal,adaptive,-0.08,0.08,0.0,-0.08,-0.08,0.0,-0.0833984510999999,0.0049441,0.0,-0.02530812,-0.15025109,0.22983077,-0.0030133293,-0.020855965,-0.03285889,"[22.84226299449721, 28.189666700780684, 0.0, 0.0, 0.0, 0.0, -0.35866449322508454, 2.185640969969362]","[0.15758072526889752, -0.11228736023905359, 0.0]","{""Controller Type"": ""MPC Controller"", ""weight_comfort"": 483.4476675061336, ""weight_trajectory"": 3099.3139949631986, ""weight_goal"": 1000.0, ""Q"": [[3099.3139949631986, 0.0, 0.0, 0.0], [0.0, 0.0, 0.0, 0.0], [0.0, 0.0, 3099.3139949631986, 0.0], [0.0, 0.0, 0.0, 0.0]], ""R"": [[483.4476675061336, 0.0], [0.0, 483.4476675061336]], ""P"": [[1000.0, 0.0, 0.0, 0.0], [0.0, 100000.0, 0.0, 0.0], [0.0, 0.0, 1000.0, 0.0], [0.0, 0.0, 0.0, 100000.0]]}","[0.10105467876444323, -2.4529810768337, 0.0]",False
3,P05,2e6a0a77-88d8-4501-ab04-4d78b67d0190,24,1,haply,mpc,seeded_random,756517391,persist_session,10.0,24.038215694427493,10721.001301992,0,1785938062.8433163,1203.0,True,normal,adaptive,-0.08,0.08,0.0,-0.08,-0.08,0.0,-0.0834056061,0.0044394199999999,0.0,-0.025316458,-0.15049931,0.22949418,-0.0027533025,-0.020873817,-0.03179622,"[22.00248377067237, 28.185728759923098, 0.0, 0.0, 0.0, 0.0, -0.35762728198344973, 2.2289480246455957]","[0.05495020386366479, -0.08125910938028091, 0.0]","{""Controller Type"": ""MPC Controller"", ""weight_comfort"": 491.75511013341696, ""weight_trajectory"": 3049.469339199498, ""weight_goal"": 1000.0, ""Q"": [[3049.469339199498, 0.0, 0.0, 0.0], [0.0, 0.0, 0.0, 0.0], [0.0, 0.0, 3049.469339199498, 0.0], [0.0, 0.0, 0.0, 0.0]], ""R"": [[491.75511013341696, 0.0], [0.0, 491.75511013341696]], ""P"": [[1000.0, 0.0, 0.0, 0.0], [0.0, 100000.0, 0.0, 0.0], [0.0, 0.0, 1000.0, 0.0], [0.0, 0.0, 0.0, 100000.0]]}","[0.15076448664688527, -2.364184187369536, 0.0]",False
3,P05,2e6a0a77-88d8-4501-ab04-4d78b67d0190,24,1,haply,mpc,seeded_random,756517391,persist_session,10.0,24.04821544647217,10721.011304304,0,1785938062.8531668,1204.0,True,normal,adaptive,-0.08,0.08,0.0,-0.08,-0.08,0.0,-0.0834306200999999,0.0037662399999999,0.0,-0.02536609,-0.15065698,0.22926931,-0.0024576632,-0.020886358,-0.031015024,"[21.73894889816727, 28.19185672534065, 0.0, 0.0, 0.0, 0.0, -0.3879703052068866, 2.503949622725734]","[0.05495020386366479, -0.08125910938028091, 0.0]","{""Controller Type"": ""MPC Controller"", ""weight_comfort"": 491.75511013341696, ""weight_trajectory"": 3049.469339199498, ""weight_goal"": 1000.0, ""Q"": [[3049.469339199498, 0.0, 0.0, 0.0], [0.0, 0.0, 0.0, 0.0], [0.0, 0.0, 3049.469339199498, 0.0], [0.0, 0.0, 0.0, 0.0]], ""R"": [[491.75511013341696, 0.0], [0.0, 491.75511013341696]], ""P"": [[1000.0, 0.0, 0.0, 0.0], [0.0, 100000.0, 0.0, 0.0], [0.0, 0.0, 1000.0, 0.0], [0.0, 0.0, 0.0, 100000.0]]}","[0.16877275491286586, -2.171866358702703, 0.0]",False
3,P05,2e6a0a77-88d8-4501-ab04-4d78b67d0190,24,1,haply,mpc,seeded_random,756517391,persist_session,10.0,24.058303651809695,10721.021383282,0,1785938062.8632152,1205.0,True,normal,adaptive,-0.08,0.08,0.0,-0.08,-0.08,0.0,-0.0835795161,0.0033165,0.0,-0.025379961,-0.15091938,0.22906993,-0.002252923,-0.020863324,-0.030282693,"[21.73894889816727, 28.19185672534065, 0.0, 0.0, 0.0, 0.0, -0.3879703052068866, 2.503949622725734]","[0.0029887181640911586, -0.1386202627303096, 0.0]","{""Controller Type"": ""MPC Controller"", ""weight_comfort"": 491.75511013341696, ""weight_trajectory"": 3049.469339199498, ""weight_goal"": 1000.0, ""Q"": [[3049.469339199498, 0.0, 0.0, 0.0], [0.0, 0.0, 0.0, 0.0], [0.0, 0.0, 3049.469339199498, 0.0], [0.0, 0.0, 0.0, 0.0]], ""R"": [[491.75511013341696, 0.0], [0.0, 491.75511013341696]], ""P"": [[1000.0, 0.0, 0.0, 0.0], [0.0, 100000.0, 0.0, 0.0], [0.0, 0.0, 1000.0, 0.0], [0.0, 0.0, 0.0, 100000.0]]}","[0.2887716848786829, -2.375170401577652, 0.0]",False
3,P05,2e6a0a77-88d8-4501-ab04-4d78b67d0190,24,1,haply,mpc,seeded_random,756517391,persist_session,10.0,24.068523702621462,10721.031612548,0,1785938062.8730955,1206.0,True,normal,adaptive,-0.08,0.08,0.0,-0.08,-0.08,0.0,-0.0836211291,0.00291774,0.0,-0.025447879,-0.15113404,0.22881503,-0.002184567,-0.020952038,-0.029416298,"[22.15386088194808, 28.376566355480602, 0.0, 0.0, 0.0, 0.0, -0.4110045310741743, 2.2967485335337203]","[-0.039291945238889694, -0.05861509255227983, 0.0]","{""Controller Type"": ""MPC Controller"", ""weight_comfort"": 472.4351347069754, ""weight_trajectory"": 3165.3891917581477, ""weight_goal"": 1000.0, ""Q"": [[3165.3891917581477, 0.0, 0.0, 0.0], [0.0, 0.0, 0.0, 0.0], [0.0, 0.0, 3165.3891917581477, 0.0], [0.0, 0.0, 0.0, 0.0]], ""R"": [[472.4351347069754, 0.0], [0.0, 472.4351347069754]], ""P"": [[1000.0, 0.0, 0.0, 0.0], [0.0, 100000.0, 0.0, 0.0], [0.0, 0.0, 1000.0, 0.0], [0.0, 0.0, 0.0, 100000.0]]}","[0.1969536859094708, -2.449921091530586, 0.0]",False
3,P05,2e6a0a77-88d8-4501-ab04-4d78b67d0190,24,1,haply,mpc,seeded_random,756517391,persist_session,10.0,24.078753767013552,10721.041840918,0,1785938062.8833714,1207.0,True,normal,adaptive,-0.08,0.08,0.0,-0.08,-0.08,0.0,-0.0838248831,0.0024079399999999,0.0,-0.025515577,-0.15134805,0.2285595,-0.002175505,-0.021122128,-0.02880988,"[20.69512878755241, 28.784955740415967, 0.0, 0.0, 0.0, 0.0, -0.40990673971449126, 2.371681516769715]","[-0.4916046221364951, -0.08388313667774155, 0.0]","{""Controller Type"": ""MPC Controller"", ""weight_comfort"": 472.4351347069754, ""weight_trajectory"": 3165.3891917581477, ""weight_goal"": 1000.0, ""Q"": [[3165.3891917581477, 0.0, 0.0, 0.0], [0.0, 0.0, 0.0, 0.0], [0.0, 0.0, 3165.3891917581477, 0.0], [0.0, 0.0, 0.0, 0.0]], ""R"": [[472.4351347069754, 0.0], [0.0, 472.4351347069754]], ""P"": [[1000.0, 0.0, 0.0, 0.0], [0.0, 100000.0, 0.0, 0.0], [0.0, 0.0, 1000.0, 0.0], [0.0, 0.0, 0.0, 100000.0]]}","[0.3522318631981064, -2.345783827014442, 0.0]",False
3,P05,2e6a0a77-88d8-4501-ab04-4d78b67d0190,24,1,haply,mpc,seeded_random,756517391,persist_session,10.0,24.08841877937317,10721.051501502,0,1785938062.8931556,1208.0,True,normal,adaptive,-0.08,0.08,0.0,-0.08,-0.08,0.0,-0.0840279771,0.0018968799999999,0.0,-0.025515577,-0.15134805,0.2285595,-0.002175505,-0.021122128,-0.02880988,"[21.305430086382216, 28.61529043564418, 0.0, 0.0, 0.0, 0.0, -0.41022019930581294, 2.3896051718715654]","[-0.4916046221364951, -0.08388313667774155, 0.0]","{""Controller Type"": ""MPC Controller"", ""weight_comfort"": 472.4351347069754, ""weight_trajectory"": 3165.3891917581477, ""weight_goal"": 1000.0, ""Q"": [[3165.3891917581477, 0.0, 0.0, 0.0], [0.0, 0.0, 0.0, 0.0], [0.0, 0.0, 3165.3891917581477, 0.0], [0.0, 0.0, 0.0, 0.0]], ""R"": [[472.4351347069754, 0.0], [0.0, 472.4351347069754]], ""P"": [[1000.0, 0.0, 0.0, 0.0], [0.0, 100000.0, 0.0, 0.0], [0.0, 0.0, 1000.0, 0.0], [0.0, 0.0, 0.0, 100000.0]]}","[0.3697720613832128, -2.30377261327919, 0.0]",False
3,P05,2e6a0a77-88d8-4501-ab04-4d78b67d0190,24,1,haply,mpc,seeded_random,756517391,persist_session,10.0,24.09803086280823,10721.061123709,0,1785938062.9031396,1209.0,True,normal,adaptive,-0.08,0.08,0.0,-0.08,-0.08,0.0,-0.0840306141,0.0013842399999999,0.0,-0.025529457,-0.15183485,0.22810096,-0.0023184626,-0.021517811,-0.027757665,"[21.305430086382216, 28.61529043564418, 0.0, 0.0, 0.0, 0.0, -0.41022019930581294, 2.3896051718715654]","[-0.5081583133628713, -0.09122067582537825, 0.0]","{""Controller Type"": ""MPC Controller"", ""weight_comfort"": 476.8380034975657, ""weight_trajectory"": 3138.9719790146055, ""weight_goal"": 1000.0, ""Q"": [[3138.9719790146055, 0.0, 0.0, 0.0], [0.0, 0.0, 0.0, 0.0], [0.0, 0.0, 3138.9719790146055, 0.0], [0.0, 0.0, 0.0, 0.0]], ""R"": [[476.8380034975657, 0.0], [0.0, 476.8380034975657]], ""P"": [[1000.0, 0.0, 0.0, 0.0], [0.0, 100000.0, 0.0, 0.0], [0.0, 0.0, 1000.0, 0.0], [0.0, 0.0, 0.0, 100000.0]]}","[0.17667969456668847, -2.284265389357787, 0.0]",False
3,P05,2e6a0a77-88d8-4501-ab04-4d78b67d0190,24,1,haply,mpc,seeded_random,756517391,persist_session,10.0,24.108362970352175,10721.071447745,0,1785938062.9134114,1210.0,True,normal,adaptive,-0.08,0.08,0.0,-0.08,-0.08,0.0,-0.0840696171,0.0009797999999999,0.0,-0.025627501,-0.15214205,0.22786848,-0.0025837172,-0.021962048,-0.026908878,"[23.958879628114833, 28.68419120102686, 0.0, 0.0, 0.0, 0.0, -0.42381125499030936, 2.3044616896121237]","[-0.011413262603881869, -0.05641541728879108, 0.0]","{""Controller Type"": ""MPC Controller"", ""weight_comfort"": 476.8380034975657, ""weight_trajectory"": 3138.9719790146055, ""weight_goal"": 1000.0, ""Q"": [[3138.9719790146055, 0.0, 0.0, 0.0], [0.0, 0.0, 0.0, 0.0], [0.0, 0.0, 3138.9719790146055, 0.0], [0.0, 0.0, 0.0, 0.0]], ""R"": [[476.8380034975657, 0.0], [0.0, 476.8380034975657]], ""P"": [[1000.0, 0.0, 0.0, 0.0], [0.0, 100000.0, 0.0, 0.0], [0.0, 0.0, 1000.0, 0.0], [0.0, 0.0, 0.0, 100000.0]]}","[0.21139537709170153, -2.382456607025527, 0.0]",False
3,P05,2e6a0a77-88d8-4501-ab04-4d78b67d0190,24,1,haply,mpc,seeded_random,756517391,persist_session,10.0,24.117999372482302,10721.081093769,0,1785938062.9232683,1211.0,True,normal,adaptive,-0.08,0.08,0.0,-0.08,-0.08,0.0,-0.0843637491,0.00051484,0.0,-0.025658295,-0.15246026,0.22763483,-0.0027552438,-0.022398168,-0.026150191,"[21.192522465482, 29.78237615006131, 0.0, 0.0, 0.0, 0.0, -0.4219065021391054, 2.364243309569911]","[-0.011413262603881869, -0.05641541728879108, 0.0]","{""Controller Type"": ""MPC Controller"", ""weight_comfort"": 476.8380034975657, ""weight_trajectory"": 3138.9719790146055, ""weight_goal"": 1000.0, ""Q"": [[3138.9719790146055, 0.0, 0.0, 0.0], [0.0, 0.0, 0.0, 0.0], [0.0, 0.0, 3138.9719790146055, 0.0], [0.0, 0.0, 0.0, 0.0]], ""R"": [[476.8380034975657, 0.0], [0.0, 476.8380034975657]], ""P"": [[1000.0, 0.0, 0.0, 0.0], [0.0, 100000.0, 0.0, 0.0], [0.0, 0.0, 1000.0, 0.0], [0.0, 0.0, 0.0, 100000.0]]}","[0.46758496797800375, -2.2937697352648225, 0.0]",False
3,P05,2e6a0a77-88d8-4501-ab04-4d78b67d0190,24,1,haply,mpc,seeded_random,756517391,persist_session,10.0,24.12807088851929,10721.091159315,0,1785938062.93357,1212.0,True,normal,adaptive,-0.08,0.08,0.0,-0.08,-0.08,0.0,-0.0844561311,4.754000000001257e-05,0.0,-0.02568292,-0.1527581,0.22748493,-0.0029414017,-0.022998458,-0.025479892,"[24.875565141348194, 29.463486333438542, 0.0, 0.0, 0.0, 0.0, -0.42296922927422137, 2.344999911747805]","[-0.15336604658140285, -0.07251361304154663, 0.0]","{""Controller Type"": ""MPC Controller"", ""weight_comfort"": 469.2285004993709, ""weight_trajectory"": 3184.6289970037747, ""weight_goal"": 1000.0, ""Q"": [[3184.6289970037747, 0.0, 0.0, 0.0], [0.0, 0.0, 0.0, 0.0], [0.0, 0.0, 3184.6289970037747, 0.0], [0.0, 0.0, 0.0, 0.0]], ""R"": [[469.2285004993709, 0.0], [0.0, 469.2285004993709]], ""P"": [[1000.0, 0.0, 0.0, 0.0], [0.0, 100000.0, 0.0, 0.0], [0.0, 0.0, 1000.0, 0.0], [0.0, 0.0, 0.0, 100000.0]]}","[0.2788884020648266, -2.3126482161056163, 0.0]",False
3,P05,2e6a0a77-88d8-4501-ab04-4d78b67d0190,24,1,haply,mpc,seeded_random,756517391,persist_session,10.0,24.13800316810608,10721.101096802,0,1785938062.943416,1213.0,True,normal,adaptive,-0.08,0.08,0.0,-0.08,-0.08,0.0,-0.0845300061,-0.00025226,0.0,-0.025713108,-0.15307605,0.22724941,-0.0029967707,-0.023693284,-0.024834404,"[25.313880109935052, 29.43442023631487, 0.0, 0.0, 0.0, 0.0, -0.4538951353843457, 2.3075876159238313]","[-0.10618177947439078, -0.0340683247681282, 0.0]","{""Controller Type"": ""MPC Controller"", ""weight_comfort"": 469.2285004993709, ""weight_trajectory"": 3184.6289970037747, ""weight_goal"": 1000.0, ""Q"": [[3184.6289970037747, 0.0, 0.0, 0.0], [0.0, 0.0, 0.0, 0.0], [0.0, 0.0, 3184.6289970037747, 0.0], [0.0, 0.0, 0.0, 0.0]], ""R"": [[469.2285004993709, 0.0], [0.0, 469.2285004993709]], ""P"": [[1000.0, 0.0, 0.0, 0.0], [0.0, 100000.0, 0.0, 0.0], [0.0, 0.0, 1000.0, 0.0], [0.0, 0.0, 0.0, 100000.0]]}","[0.2683578789877197, -2.4424839115634973, 0.0]",False
3,P05,2e6a0a77-88d8-4501-ab04-4d78b67d0190,24,1,haply,mpc,seeded_random,756517391,persist_session,10.0,24.147964057922366,10721.111052233,0,1785938062.953493,1214.0,True,normal,adaptive,-0.08,0.08,0.0,-0.08,-0.08,0.0,-0.0846205700999999,-0.0007232999999999,0.0,-0.02574299,-0.15339382,0.22701287,-0.0028594495,-0.024696242,-0.024042888,"[25.314437843419608, 29.434374020397208, 0.0, 0.0, 0.0, 0.0, -0.4504527937524801, 2.435461449171545]","[-0.1475591797414376, -0.07813028142361797, 0.0]","{""Controller Type"": ""MPC Controller"", ""weight_comfort"": 469.2285004993709, ""weight_trajectory"": 3184.6289970037747, ""weight_goal"": 1000.0, ""Q"": [[3184.6289970037747, 0.0, 0.0, 0.0], [0.0, 0.0, 0.0, 0.0], [0.0, 0.0, 3184.6289970037747, 0.0], [0.0, 0.0, 0.0, 0.0]], ""R"": [[469.2285004993709, 0.0], [0.0, 469.2285004993709]], ""P"": [[1000.0, 0.0, 0.0, 0.0], [0.0, 100000.0, 0.0, 0.0], [0.0, 0.0, 1000.0, 0.0], [0.0, 0.0, 0.0, 100000.0]]}","[0.2862535832203425, -2.273288957464698, 0.0]",False
3,P05,2e6a0a77-88d8-4501-ab04-4d78b67d0190,24,1,haply,mpc,seeded_random,756517391,persist_session,10.0,24.158069190979006,10721.121166112,0,1785938062.9632287,1215.0,True,normal,adaptive,-0.08,0.08,0.0,-0.08,-0.08,0.0,-0.0847102161,-0.0011963799999999,0.0,-0.025772458,-0.15371118,0.22677529,-0.002760339,-0.025690641,-0.023418015,"[25.537764247858487, 29.41573915954431, 0.0, 0.0, 0.0, 0.0, -0.4504590624793036, 2.445063408324825]","[-0.1505739741794047, -0.08331484851162968, 0.0]","{""Controller Type"": ""MPC Controller"", ""weight_comfort"": 502.01766696137815, ""weight_trajectory"": 2987.893998231731, ""weight_goal"": 1000.0, ""Q"": [[2987.893998231731, 0.0, 0.0, 0.0], [0.0, 0.0, 0.0, 0.0], [0.0, 0.0, 2987.893998231731, 0.0], [0.0, 0.0, 0.0, 0.0]], ""R"": [[502.01766696137815, 0.0], [0.0, 502.01766696137815]], ""P"": [[1000.0, 0.0, 0.0, 0.0], [0.0, 100000.0, 0.0, 0.0], [0.0, 0.0, 1000.0, 0.0], [0.0, 0.0, 0.0, 100000.0]]}","[0.2813451219385259, -2.1654917689332605, 0.0]",False
3,P05,2e6a0a77-88d8-4501-ab04-4d78b67d0190,24,1,haply,mpc,seeded_random,756517391,persist_session,10.0,24.168110666275027,10721.131198008,0,1785938062.973485,1216.0,True,normal,adaptive,-0.08,0.08,0.0,-0.08,-0.08,0.0,-0.0847986201,-0.00167154,0.0,-0.025783455,-0.15397128,0.22656737,-0.0027315463,-0.026455387,-0.023051335,"[25.868385391802324, 29.391227050526073, 0.0, 0.0, 0.0, 0.0, -0.45106945450276326, 2.4206356340976383]","[-0.12920485404828502, -0.07681318412812496, 0.0]","{""Controller Type"": ""MPC Controller"", ""weight_comfort"": 502.01766696137815, ""weight_trajectory"": 2987.893998231731, ""weight_goal"": 1000.0, ""Q"": [[2987.893998231731, 0.0, 0.0, 0.0], [0.0, 0.0, 0.0, 0.0], [0.0, 0.0, 2987.893998231731, 0.0], [0.0, 0.0, 0.0, 0.0]], ""R"": [[502.01766696137815, 0.0], [0.0, 502.01766696137815]], ""P"": [[1000.0, 0.0, 0.0, 0.0], [0.0, 100000.0, 0.0, 0.0], [0.0, 0.0, 1000.0, 0.0], [0.0, 0.0, 0.0, 100000.0]]}","[0.2796214592467313, -2.1705677071192375, 0.0]",False
3,P05,2e6a0a77-88d8-4501-ab04-4d78b67d0190,24,1,haply,mpc,seeded_random,756517391,persist_session,10.0,24.177890357971194,10721.140982705,0,1785938062.9832768,1217.0,True,normal,adaptive,-0.08,0.08,0.0,-0.08,-0.08,0.0,-0.0848316111,-0.00208738,0.0,-0.025874386,-0.15425694,0.22641365,-0.0027564184,-0.027048122,-0.022837695,"[26.790463262025327, 29.380803413362727, 0.0, 0.0, 0.0, 0.0, -0.4537888437689488, 2.389109575868942]","[-0.12920485404828502, -0.07681318412812496, 0.0]","{""Controller Type"": ""MPC Controller"", ""weight_comfort"": 502.01766696137815, ""weight_trajectory"": 2987.893998231731, ""weight_goal"": 1000.0, ""Q"": [[2987.893998231731, 0.0, 0.0, 0.0], [0.0, 0.0, 0.0, 0.0], [0.0, 0.0, 2987.893998231731, 0.0], [0.0, 0.0, 0.0, 0.0]], ""R"": [[502.01766696137815, 0.0], [0.0, 502.01766696137815]], ""P"": [[1000.0, 0.0, 0.0, 0.0], [0.0, 100000.0, 0.0, 0.0], [0.0, 0.0, 1000.0, 0.0], [0.0, 0.0, 0.0, 100000.0]]}","[0.23270218175469212, -2.1922957353764887, 0.0]",False
3,P05,2e6a0a77-88d8-4501-ab04-4d78b67d0190,24,1,haply,mpc,seeded_random,756517391,persist_session,10.0,24.188477573394778,10721.151568769,0,1785938062.993404,1218.0,True,normal,adaptive,-0.08,0.08,0.0,-0.08,-0.08,0.0,-0.0851044041,-0.00239482,0.0,-0.025874386,-0.15425694,0.22641365,-0.0027564184,-0.027048122,-0.022837695,"[24.05743978388655, 30.213167539142734, 0.0, 0.0, 0.0, 0.0, -0.47677354651924936, 2.357942178732858]","[0.030450410261543256, -0.0661047471764025, 0.0]","{""Controller Type"": ""MPC Controller"", ""weight_comfort"": 513.7124128580671, ""weight_trajectory"": 2917.725522851598, ""weight_goal"": 1000.0, ""Q"": [[2917.725522851598, 0.0, 0.0, 0.0], [0.0, 0.0, 0.0, 0.0], [0.0, 0.0, 2917.725522851598, 0.0], [0.0, 0.0, 0.0, 0.0]], ""R"": [[513.7124128580671, 0.0], [0.0, 513.7124128580671]], ""P"": [[1000.0, 0.0, 0.0, 0.0], [0.0, 100000.0, 0.0, 0.0], [0.0, 0.0, 1000.0, 0.0], [0.0, 0.0, 0.0, 100000.0]]}","[0.4556413110833272, -2.2665934370460494, 0.0]",False
3,P05,2e6a0a77-88d8-4501-ab04-4d78b67d0190,24,1,haply,mpc,seeded_random,756517391,persist_session,10.0,24.19788199424744,10721.160980959,0,1785938063.003161,1219.0,True,normal,adaptive,-0.08,0.08,0.0,-0.08,-0.08,0.0,-0.0852449361,-0.0029375999999999,0.0,-0.025881441,-0.15495889,0.22590071,-0.0031017873,-0.028418228,-0.022744138,"[26.934055892481535, 29.838231244994898, 0.0, 0.0, 0.0, 0.0, -0.49873363936304627, 2.6466385457250357]","[-0.6910537396612483, -0.034582889857297454, 0.0]","{""Controller Type"": ""MPC Controller"", ""weight_comfort"": 513.7124128580671, ""weight_trajectory"": 2917.725522851598, ""weight_goal"": 1000.0, ""Q"": [[2917.725522851598, 0.0, 0.0, 0.0], [0.0, 0.0, 0.0, 0.0], [0.0, 0.0, 2917.725522851598, 0.0], [0.0, 0.0, 0.0, 0.0]], ""R"": [[513.7124128580671, 0.0], [0.0, 513.7124128580671]], ""P"": [[1000.0, 0.0, 0.0, 0.0], [0.0, 100000.0, 0.0, 0.0], [0.0, 0.0, 1000.0, 0.0], [0.0, 0.0, 0.0, 100000.0]]}","[0.34697447618998495, -2.018063320733039, 0.0]",False
3,P05,2e6a0a77-88d8-4501-ab04-4d78b67d0190,24,1,haply,mpc,seeded_random,756517391,persist_session,10.0,24.20828944206238,10721.171369043,0,1785938063.013128,1220.0,True,normal,adaptive,-0.08,0.08,0.0,-0.08,-0.08,0.0,-0.0851255691,-0.0034206999999999,0.0,-0.02598992,-0.15530111,0.22571306,-0.0031806298,-0.028928736,-0.02274994,"[31.319306789137343, 30.486633144687623, 0.0, 0.0, 0.0, 0.0, -0.4975785267457381, 2.5735804363969508]","[0.5256406941517778, -0.08663599185522969, 0.0]","{""Controller Type"": ""MPC Controller"", ""weight_comfort"": 513.7124128580671, ""weight_trajectory"": 2917.725522851598, ""weight_goal"": 1000.0, ""Q"": [[2917.725522851598, 0.0, 0.0, 0.0], [0.0, 0.0, 0.0, 0.0], [0.0, 0.0, 2917.725522851598, 0.0], [0.0, 0.0, 0.0, 0.0]], ""R"": [[513.7124128580671, 0.0], [0.0, 513.7124128580671]], ""P"": [[1000.0, 0.0, 0.0, 0.0], [0.0, 100000.0, 0.0, 0.0], [0.0, 0.0, 1000.0, 0.0], [0.0, 0.0, 0.0, 100000.0]]}","[0.1012162255492579, -2.067602512281693, 0.0]",False
3,P05,2e6a0a77-88d8-4501-ab04-4d78b67d0190,24,1,haply,mpc,seeded_random,756517391,persist_session,10.0,24.217926082611086,10721.181020818,0,1785938063.0232804,1221.0,True,normal,adaptive,-0.08,0.08,0.0,-0.08,-0.08,0.0,-0.0854510061,-0.003796,0.0,-0.026005007,-0.1555796,0.22541468,-0.0032094806,-0.02926423,-0.022757458,"[25.555658625377887, 32.53726676261724, 0.0, 0.0, 0.0, 0.0, -0.510269217676416, 2.514403576858059]","[-0.90369003217014, -0.0540650175812647, 0.0]","{""Controller Type"": ""MPC Controller"", ""weight_comfort"": 540.2653583826155, ""weight_trajectory"": 2758.407849704306, ""weight_goal"": 1000.0, ""Q"": [[2758.407849704306, 0.0, 0.0, 0.0], [0.0, 0.0, 0.0, 0.0], [0.0, 0.0, 2758.407849704306, 0.0], [0.0, 0.0, 0.0, 0.0]], ""R"": [[540.2653583826155, 0.0], [0.0, 540.2653583826155]], ""P"": [[1000.0, 0.0, 0.0, 0.0], [0.0, 100000.0, 0.0, 0.0], [0.0, 0.0, 1000.0, 0.0], [0.0, 0.0, 0.0, 100000.0]]}","[0.5036735950286155, -2.1021003254009285, 0.0]",False
3,P05,2e6a0a77-88d8-4501-ab04-4d78b67d0190,24,1,haply,mpc,seeded_random,756517391,persist_session,10.0,24.228151140213015,10721.191229702,0,1785938063.0331306,1222.0,True,normal,adaptive,-0.08,0.08,0.0,-0.08,-0.08,0.0,-0.0854962671,-0.0043927599999999,0.0,-0.026032245,-0.15589526,0.22517005,-0.0032413236,-0.029562293,-0.022856439,"[31.03103849509379, 32.462673308407396, 0.0, 0.0, 0.0, 0.0, -0.5446412872774439, 2.8197414180115485]","[-0.90369003217014, -0.0540650175812647, 0.0]","{""Controller Type"": ""MPC Controller"", ""weight_comfort"": 540.2653583826155, ""weight_trajectory"": 2758.407849704306, ""weight_goal"": 1000.0, ""Q"": [[2758.407849704306, 0.0, 0.0, 0.0], [0.0, 0.0, 0.0, 0.0], [0.0, 0.0, 2758.407849704306, 0.0], [0.0, 0.0, 0.0, 0.0]], ""R"": [[540.2653583826155, 0.0], [0.0, 540.2653583826155]], ""P"": [[1000.0, 0.0, 0.0, 0.0], [0.0, 100000.0, 0.0, 0.0], [0.0, 0.0, 1000.0, 0.0], [0.0, 0.0, 0.0, 100000.0]]}","[0.25893252150374096, -1.8710179730271366, 0.0]",False
3,P05,2e6a0a77-88d8-4501-ab04-4d78b67d0190,24,1,haply,mpc,seeded_random,756517391,persist_session,10.0,24.23796063423157,10721.201057793,0,1785938063.0432773,1223.0,True,normal,adaptive,-0.08,0.08,0.0,-0.08,-0.08,0.0,-0.0855779810999999,-0.0048820199999999,0.0,-0.026023224,-0.15609694,0.22498818,-0.0032161553,-0.029734945,-0.022940999,"[30.54480918678392, 32.486520454538294, 0.0, 0.0, 0.0, 0.0, -0.5419125496962346, 2.701433730773855]","[-0.09124610212746831, -0.0895531187595443, 0.0]","{""Controller Type"": ""MPC Controller"", ""weight_comfort"": 522.0226879117282, ""weight_trajectory"": 2867.8638725296305, ""weight_goal"": 1000.0, ""Q"": [[2867.8638725296305, 0.0, 0.0, 0.0], [0.0, 0.0, 0.0, 0.0], [0.0, 0.0, 2867.8638725296305, 0.0], [0.0, 0.0, 0.0, 0.0]], ""R"": [[522.0226879117282, 0.0], [0.0, 522.0226879117282]], ""P"": [[1000.0, 0.0, 0.0, 0.0], [0.0, 100000.0, 0.0, 0.0], [0.0, 0.0, 1000.0, 0.0], [0.0, 0.0, 0.0, 100000.0]]}","[0.2932177166812625, -1.9663930936656013, 0.0]",False
3,P05,2e6a0a77-88d8-4501-ab04-4d78b67d0190,24,1,haply,mpc,seeded_random,756517391,persist_session,10.0,24.247998533248904,10721.211093838,0,1785938063.0531497,1224.0,True,normal,adaptive,-0.08,0.08,0.0,-0.08,-0.08,0.0,-0.0855509181,-0.0052457599999999,0.0,-0.025981164,-0.15642352,0.2247418,-0.003132941,-0.029802501,-0.022958836,"[32.23602679902861, 32.58817678667025, 0.0, 0.0, 0.0, 0.0, -0.553907663797508, 2.640793882910086]","[0.26827248957137695, -0.05589044967041215, 0.0]","{""Controller Type"": ""MPC Controller"", ""weight_comfort"": 522.0226879117282, ""weight_trajectory"": 2867.8638725296305, ""weight_goal"": 1000.0, ""Q"": [[2867.8638725296305, 0.0, 0.0, 0.0], [0.0, 0.0, 0.0, 0.0], [0.0, 0.0, 2867.8638725296305, 0.0], [0.0, 0.0, 0.0, 0.0]], ""R"": [[522.0226879117282, 0.0], [0.0, 522.0226879117282]], ""P"": [[1000.0, 0.0, 0.0, 0.0], [0.0, 100000.0, 0.0, 0.0], [0.0, 0.0, 1000.0, 0.0], [0.0, 0.0, 0.0, 100000.0]]}","[0.20054593841093954, -2.095986150298168, 0.0]",False
3,P05,2e6a0a77-88d8-4501-ab04-4d78b67d0190,24,1,haply,mpc,seeded_random,756517391,persist_session,10.0,24.258106050491335,10721.221195655,0,1785938063.0631404,1225.0,True,normal,adaptive,-0.08,0.08,0.0,-0.08,-0.08,0.0,-0.0854247381,-0.00573852,0.0,-0.025994794,-0.15670054,0.2244398,-0.0029944414,-0.029822731,-0.023097126,"[33.07052602064156, 32.71535432246788, 0.0, 0.0, 0.0, 0.0, -0.5583779036265956, 2.7504071369253964]","[0.5925858719963244, -0.09418935865484723, 0.0]","{""Controller Type"": ""MPC Controller"", ""weight_comfort"": 522.0226879117282, ""weight_trajectory"": 2867.8638725296305, ""weight_goal"": 1000.0, ""Q"": [[2867.8638725296305, 0.0, 0.0, 0.0], [0.0, 0.0, 0.0, 0.0], [0.0, 0.0, 2867.8638725296305, 0.0], [0.0, 0.0, 0.0, 0.0]], ""R"": [[522.0226879117282, 0.0], [0.0, 522.0226879117282]], ""P"": [[1000.0, 0.0, 0.0, 0.0], [0.0, 100000.0, 0.0, 0.0], [0.0, 0.0, 1000.0, 0.0], [0.0, 0.0, 0.0, 100000.0]]}","[0.10561130698655449, -1.966636292624819, 0.0]",False
3,P05,2e6a0a77-88d8-4501-ab04-4d78b67d0190,24,1,haply,mpc,seeded_random,756517391,persist_session,10.0,24.267895994186404,10721.23098747,0,1785938063.0733633,1226.0,True,normal,adaptive,-0.08,0.08,0.0,-0.08,-0.08,0.0,-0.0854656281,-0.00634252,0.0,-0.0259161,-0.15691292,0.22425592,-0.0026993603,-0.029765174,-0.023350222,"[33.07052602064156, 32.71535432246788, 0.0, 0.0, 0.0, 0.0, -0.5583779036265956, 2.7504071369253964]","[0.5925858719963244, -0.09418935865484723, 0.0]","{""Controller Type"": ""MPC Controller"", ""weight_comfort"": 522.0226879117282, ""weight_trajectory"": 2867.8638725296305, ""weight_goal"": 1000.0, ""Q"": [[2867.8638725296305, 0.0, 0.0, 0.0], [0.0, 0.0, 0.0, 0.0], [0.0, 0.0, 2867.8638725296305, 0.0], [0.0, 0.0, 0.0, 0.0]], ""R"": [[522.0226879117282, 0.0], [0.0, 522.0226879117282]], ""P"": [[1000.0, 0.0, 0.0, 0.0], [0.0, 100000.0, 0.0, 0.0], [0.0, 0.0, 1000.0, 0.0], [0.0, 0.0, 0.0, 100000.0]]}","[0.25830662499980755, -1.8583446950202795, 0.0]",False
3,P05,2e6a0a77-88d8-4501-ab04-4d78b67d0190,24,1,haply,mpc,seeded_random,756517391,persist_session,10.0,24.277987060546877,10721.241079567,0,1785938063.083422,1227.0,True,normal,adaptive,-0.08,0.08,0.0,-0.08,-0.08,0.0,-0.0852295461,-0.00671028,0.0,-0.025860062,-0.15720071,0.22395216,-0.0021884164,-0.029636076,-0.023561945,"[33.64350791387051, 33.68544583559199, 0.0, 0.0, 0.0, 0.0, -0.5920474076787723, 2.7430718032038013]","[0.9665567297381285, -0.056900098584184, 0.0]","{""Controller Type"": ""MPC Controller"", ""weight_comfort"": 515.0732873631571, ""weight_trajectory"": 2909.5602758210575, ""weight_goal"": 1000.0, ""Q"": [[2909.5602758210575, 0.0, 0.0, 0.0], [0.0, 0.0, 0.0, 0.0], [0.0, 0.0, 2909.5602758210575, 0.0], [0.0, 0.0, 0.0, 0.0]], ""R"": [[515.0732873631571, 0.0], [0.0, 515.0732873631571]], ""P"": [[1000.0, 0.0, 0.0, 0.0], [0.0, 100000.0, 0.0, 0.0], [0.0, 0.0, 1000.0, 0.0], [0.0, 0.0, 0.0, 100000.0]]}","[0.0003217806489748533, -2.065617219138861, 0.0]",False
3,P05,2e6a0a77-88d8-4501-ab04-4d78b67d0190,24,1,haply,mpc,seeded_random,756517391,persist_session,10.0,24.288087902069094,10721.251184066,0,1785938063.0934644,1228.0,True,normal,adaptive,-0.08,0.08,0.0,-0.08,-0.08,0.0,-0.0850614321,-0.0073177999999999,0.0,-0.025798189,-0.15746923,0.22373463,-0.0011285173,-0.029215913,-0.023755107,"[33.64350791387051, 33.68544583559199, 0.0, 0.0, 0.0, 0.0, -0.5920474076787723, 2.7430718032038013]","[0.9665567297381285, -0.056900098584184, 0.0]","{""Controller Type"": ""MPC Controller"", ""weight_comfort"": 515.0732873631571, ""weight_trajectory"": 2909.5602758210575, ""weight_goal"": 1000.0, ""Q"": [[2909.5602758210575, 0.0, 0.0, 0.0], [0.0, 0.0, 0.0, 0.0], [0.0, 0.0, 2909.5602758210575, 0.0], [0.0, 0.0, 0.0, 0.0]], ""R"": [[515.0732873631571, 0.0], [0.0, 515.0732873631571]], ""P"": [[1000.0, 0.0, 0.0, 0.0], [0.0, 100000.0, 0.0, 0.0], [0.0, 0.0, 1000.0, 0.0], [0.0, 0.0, 0.0, 100000.0]]}","[0.054824865150806104, -1.827393568908726, 0.0]",False
3,P05,2e6a0a77-88d8-4501-ab04-4d78b67d0190,24,1,haply,mpc,seeded_random,756517391,persist_session,10.0,24.297889766693118,10721.260981126,0,1785938063.1030562,1229.0,True,normal,adaptive,-0.08,0.08,0.0,-0.08,-0.08,0.0,-0.0848758131,-0.00775286,0.0,-0.025718251,-0.15768091,0.2235492,6.212379e-05,-0.028757757,-0.023887947,"[30.969879584217963, 33.15337179023063, 0.0, 0.0, 0.0, 0.0, -0.6300620836104203, 3.04634821206554]","[0.7117517302226228, -0.1384955254591295, 0.0]","{""Controller Type"": ""MPC Controller"", ""weight_comfort"": 515.0732873631571, ""weight_trajectory"": 2909.5602758210575, ""weight_goal"": 1000.0, ""Q"": [[2909.5602758210575, 0.0, 0.0, 0.0], [0.0, 0.0, 0.0, 0.0], [0.0, 0.0, 2909.5602758210575, 0.0], [0.0, 0.0, 0.0, 0.0]], ""R"": [[515.0732873631571, 0.0], [0.0, 515.0732873631571]], ""P"": [[1000.0, 0.0, 0.0, 0.0], [0.0, 100000.0, 0.0, 0.0], [0.0, 0.0, 1000.0, 0.0], [0.0, 0.0, 0.0, 100000.0]]}","[0.023390812546310088, -1.9512480397210068, 0.0]",False
3,P05,2e6a0a77-88d8-4501-ab04-4d78b67d0190,24,1,haply,mpc,seeded_random,756517391,persist_session,10.0,24.308032808303835,10721.271129247,0,1785938063.1133218,1230.0,True,normal,adaptive,-0.08,0.08,0.0,-0.08,-0.08,0.0,-0.0846359991,-0.00812372,0.0,-0.025643053,-0.1579108,0.2232758,0.001084419,-0.028218953,-0.023913376,"[29.106264648943174, 32.680694629317614, 0.0, 0.0, 0.0, 0.0, -0.6372790281327213, 2.8634061072526085]","[0.8983889899588519, -0.057639652789306904, 0.0]","{""Controller Type"": ""MPC Controller"", ""weight_comfort"": 514.7626288292881, ""weight_trajectory"": 2911.424227024271, ""weight_goal"": 1000.0, ""Q"": [[2911.424227024271, 0.0, 0.0, 0.0], [0.0, 0.0, 0.0, 0.0], [0.0, 0.0, 2911.424227024271, 0.0], [0.0, 0.0, 0.0, 0.0]], ""R"": [[514.7626288292881, 0.0], [0.0, 514.7626288292881]], ""P"": [[1000.0, 0.0, 0.0, 0.0], [0.0, 100000.0, 0.0, 0.0], [0.0, 0.0, 1000.0, 0.0], [0.0, 0.0, 0.0, 100000.0]]}","[-0.022977070312672047, -2.023961681320344, 0.0]",False
3,P05,2e6a0a77-88d8-4501-ab04-4d78b67d0190,24,1,haply,mpc,seeded_random,756517391,persist_session,10.0,24.318326053619387,10721.281388482,0,1785938063.1230488,1231.0,True,normal,adaptive,-0.08,0.08,0.0,-0.08,-0.08,0.0,-0.0844104051,-0.00867052,0.0,-0.025567384,-0.15814015,0.22300173,0.0020087576,-0.027645344,-0.023956522,"[27.61702260763338, 32.251045109759666, 0.0, 0.0, 0.0, 0.0, -0.6628105666929109, 3.0968259447902695]","[0.8697863614216377, -0.12680906389781046, 0.0]","{""Controller Type"": ""MPC Controller"", ""weight_comfort"": 514.7626288292881, ""weight_trajectory"": 2911.424227024271, ""weight_goal"": 1000.0, ""Q"": [[2911.424227024271, 0.0, 0.0, 0.0], [0.0, 0.0, 0.0, 0.0], [0.0, 0.0, 2911.424227024271, 0.0], [0.0, 0.0, 0.0, 0.0]], ""R"": [[514.7626288292881, 0.0], [0.0, 514.7626288292881]], ""P"": [[1000.0, 0.0, 0.0, 0.0], [0.0, 100000.0, 0.0, 0.0], [0.0, 0.0, 1000.0, 0.0], [0.0, 0.0, 0.0, 100000.0]]}","[-0.03069472382409006, -1.822765618586356, 0.0]",False
3,P05,2e6a0a77-88d8-4501-ab04-4d78b67d0190,24,1,haply,mpc,seeded_random,756517391,persist_session,10.0,24.32814436912537,10721.291231817,0,1785938063.133305,1232.0,True,normal,adaptive,-0.08,0.08,0.0,-0.08,-0.08,0.0,-0.0841833981,-0.0092186599999999,0.0,-0.0255556,-0.15833966,0.22281483,0.0027594443,-0.0268002,-0.02390755,"[26.180601070373264, 31.83452135547244, 0.0, 0.0, 0.0, 0.0, -0.6587577340402193, 3.0540063454566457]","[0.8697863614216377, -0.12680906389781046, 0.0]","{""Controller Type"": ""MPC Controller"", ""weight_comfort"": 514.7626288292881, ""weight_trajectory"": 2911.424227024271, ""weight_goal"": 1000.0, ""Q"": [[2911.424227024271, 0.0, 0.0, 0.0], [0.0, 0.0, 0.0, 0.0], [0.0, 0.0, 2911.424227024271, 0.0], [0.0, 0.0, 0.0, 0.0]], ""R"": [[514.7626288292881, 0.0], [0.0, 514.7626288292881]], ""P"": [[1000.0, 0.0, 0.0, 0.0], [0.0, 100000.0, 0.0, 0.0], [0.0, 0.0, 1000.0, 0.0], [0.0, 0.0, 0.0, 100000.0]]}","[-0.030343216524409963, -1.830094636450644, 0.0]",False
3,P05,2e6a0a77-88d8-4501-ab04-4d78b67d0190,24,1,haply,mpc,seeded_random,756517391,persist_session,10.0,24.338037548065188,10721.301132853,0,1785938063.1431289,1233.0,True,normal,adaptive,-0.08,0.08,0.0,-0.08,-0.08,0.0,-0.0841480461,-0.00959246,0.0,-0.025543587,-0.15853895,0.22262743,0.0033662587,-0.025878178,-0.023602737,"[23.22267650410454, 31.63530334860837, 0.0, 0.0, 0.0, 0.0, -0.6684699842917403, 2.961145007293669]","[0.21017178148876875, -0.06560757959720326, 0.0]","{""Controller Type"": ""MPC Controller"", ""weight_comfort"": 491.96402482752654, ""weight_trajectory"": 3048.215851034841, ""weight_goal"": 1000.0, ""Q"": [[3048.215851034841, 0.0, 0.0, 0.0], [0.0, 0.0, 0.0, 0.0], [0.0, 0.0, 3048.215851034841, 0.0], [0.0, 0.0, 0.0, 0.0]], ""R"": [[491.96402482752654, 0.0], [0.0, 491.96402482752654]], ""P"": [[1000.0, 0.0, 0.0, 0.0], [0.0, 100000.0, 0.0, 0.0], [0.0, 0.0, 1000.0, 0.0], [0.0, 0.0, 0.0, 100000.0]]}","[0.14226873795572328, -2.004628400274799, 0.0]",False
3,P05,2e6a0a77-88d8-4501-ab04-4d78b67d0190,24,1,haply,mpc,seeded_random,756517391,persist_session,10.0,24.347889242172243,10721.310988146,0,1785938063.15334,1234.0,True,normal,adaptive,-0.08,0.08,0.0,-0.08,-0.08,0.0,-0.0841120071,-0.00996726,0.0,-0.025536327,-0.15875603,0.22235167,0.003740836,-0.025181321,-0.023499412,"[22.926920669255853, 31.615533684604223, 0.0, 0.0, 0.0, 0.0, -0.6698496366975167, 2.9510072322050407]","[0.20586054288033545, -0.06140692730337817, 0.0]","{""Controller Type"": ""MPC Controller"", ""weight_comfort"": 491.96402482752654, ""weight_trajectory"": 3048.215851034841, ""weight_goal"": 1000.0, ""Q"": [[3048.215851034841, 0.0, 0.0, 0.0], [0.0, 0.0, 0.0, 0.0], [0.0, 0.0, 3048.215851034841, 0.0], [0.0, 0.0, 0.0, 0.0]], ""R"": [[491.96402482752654, 0.0], [0.0, 491.96402482752654]], ""P"": [[1000.0, 0.0, 0.0, 0.0], [0.0, 100000.0, 0.0, 0.0], [0.0, 0.0, 1000.0, 0.0], [0.0, 0.0, 0.0, 100000.0]]}","[0.14138366707707944, -2.004533483119278, 0.0]",False
3,P05,2e6a0a77-88d8-4501-ab04-4d78b67d0190,24,1,haply,mpc,seeded_random,756517391,persist_session,10.0,24.358081159591677,10721.321173772,0,1785938063.1631,1235.0,True,normal,adaptive,-0.08,0.08,0.0,-0.08,-0.08,0.0,-0.0840902271,-0.01051878,0.0,-0.025511386,-0.15891622,0.22210877,0.0039438456,-0.024540406,-0.023482002,"[22.5223262226113, 31.59551805409976, 0.0, 0.0, 0.0, 0.0, -0.6977267772546287, 3.1829447550495114]","[0.20586054288033545, -0.06140692730337817, 0.0]","{""Controller Type"": ""MPC Controller"", ""weight_comfort"": 491.96402482752654, ""weight_trajectory"": 3048.215851034841, ""weight_goal"": 1000.0, ""Q"": [[3048.215851034841, 0.0, 0.0, 0.0], [0.0, 0.0, 0.0, 0.0], [0.0, 0.0, 3048.215851034841, 0.0], [0.0, 0.0, 0.0, 0.0]], ""R"": [[491.96402482752654, 0.0], [0.0, 491.96402482752654]], ""P"": [[1000.0, 0.0, 0.0, 0.0], [0.0, 100000.0, 0.0, 0.0], [0.0, 0.0, 1000.0, 0.0], [0.0, 0.0, 0.0, 100000.0]]}","[0.15247821934557426, -1.8027386376236725, 0.0]",False
3,P05,2e6a0a77-88d8-4501-ab04-4d78b67d0190,24,1,haply,mpc,seeded_random,756517391,persist_session,10.0,24.36798649787903,10721.331079649,0,1785938063.173455,1236.0,True,normal,adaptive,-0.08,0.08,0.0,-0.08,-0.08,0.0,-0.0840154041,-0.0110045799999999,0.0,-0.025429063,-0.15912609,0.22191988,0.00409034,-0.023909809,-0.023405159,"[22.744607024284534, 31.621825598070057, 0.0, 0.0, 0.0, 0.0, -0.6930605591280297, 3.0921015225424564]","[0.31982138443051744, -0.09724655763016221, 0.0]","{""Controller Type"": ""MPC Controller"", ""weight_comfort"": 465.4796206440989, ""weight_trajectory"": 3207.122276135407, ""weight_goal"": 1000.0, ""Q"": [[3207.122276135407, 0.0, 0.0, 0.0], [0.0, 0.0, 0.0, 0.0], [0.0, 0.0, 3207.122276135407, 0.0], [0.0, 0.0, 0.0, 0.0]], ""R"": [[465.4796206440989, 0.0], [0.0, 465.4796206440989]], ""P"": [[1000.0, 0.0, 0.0, 0.0], [0.0, 100000.0, 0.0, 0.0], [0.0, 0.0, 1000.0, 0.0], [0.0, 0.0, 0.0, 100000.0]]}","[0.10824424508314014, -1.9273252130046519, 0.0]",False
3,P05,2e6a0a77-88d8-4501-ab04-4d78b67d0190,24,1,haply,mpc,seeded_random,756517391,persist_session,10.0,24.377910671234133,10721.340995314,0,1785938063.1833005,1237.0,True,normal,adaptive,-0.08,0.08,0.0,-0.08,-0.08,0.0,-0.0837684351,-0.0113823599999999,0.0,-0.025333999,-0.159297,0.22167611,0.0042225565,-0.023393812,-0.023318648,"[22.744607024284534, 31.621825598070057, 0.0, 0.0, 0.0, 0.0, -0.6930605591280297, 3.0921015225424564]","[0.31982138443051744, -0.09724655763016221, 0.0]","{""Controller Type"": ""MPC Controller"", ""weight_comfort"": 465.4796206440989, ""weight_trajectory"": 3207.122276135407, ""weight_goal"": 1000.0, ""Q"": [[3207.122276135407, 0.0, 0.0, 0.0], [0.0, 0.0, 0.0, 0.0], [0.0, 0.0, 3207.122276135407, 0.0], [0.0, 0.0, 0.0, 0.0]], ""R"": [[465.4796206440989, 0.0], [0.0, 465.4796206440989]], ""P"": [[1000.0, 0.0, 0.0, 0.0], [0.0, 100000.0, 0.0, 0.0], [0.0, 0.0, 1000.0, 0.0], [0.0, 0.0, 0.0, 100000.0]]}","[-0.07079405394307067, -1.994818540638206, 0.0]",False
3,P05,2e6a0a77-88d8-4501-ab04-4d78b67d0190,24,1,haply,mpc,seeded_random,756517391,persist_session,10.0,24.38791376113892,10721.351008432,0,1785938063.1936097,1238.0,True,normal,adaptive,-0.08,0.08,0.0,-0.08,-0.08,0.0,-0.0834832430999999,-0.0118698999999999,0.0,-0.025255714,-0.15952384,0.22139801,0.0044900444,-0.022798784,-0.023229623,"[23.10978273729461, 31.699926059933002, 0.0, 0.0, 0.0, 0.0, -0.7014912227373326, 3.106147495164789]","[0.9574368445020698, -0.0991021749147006, 0.0]","{""Controller Type"": ""MPC Controller"", ""weight_comfort"": 465.4796206440989, ""weight_trajectory"": 3207.122276135407, ""weight_goal"": 1000.0, ""Q"": [[3207.122276135407, 0.0, 0.0, 0.0], [0.0, 0.0, 0.0, 0.0], [0.0, 0.0, 3207.122276135407, 0.0], [0.0, 0.0, 0.0, 0.0]], ""R"": [[465.4796206440989, 0.0], [0.0, 465.4796206440989]], ""P"": [[1000.0, 0.0, 0.0, 0.0], [0.0, 100000.0, 0.0, 0.0], [0.0, 0.0, 1000.0, 0.0], [0.0, 0.0, 0.0, 100000.0]]}","[-0.10760777609690449, -1.894060215386791, 0.0]",False
3,P05,2e6a0a77-88d8-4501-ab04-4d78b67d0190,24,1,haply,mpc,seeded_random,756517391,persist_session,10.0,24.397993621826174,10721.361080862,0,1785938063.2031646,1239.0,True,normal,adaptive,-0.08,0.08,0.0,-0.08,-0.08,0.0,-0.0832483880999999,-0.0124260999999999,0.0,-0.025242116,-0.15972169,0.22120781,0.0047173444,-0.02239267,-0.023259955,"[21.75526743032425, 31.155160312101646, 0.0, 0.0, 0.0, 0.0, -0.719310634394189, 3.2354838609417005]","[0.8364518758098685, -0.1397347598144742, 0.0]","{""Controller Type"": ""MPC Controller"", ""weight_comfort"": 469.74811336965286, ""weight_trajectory"": 3181.511319782083, ""weight_goal"": 1000.0, ""Q"": [[3181.511319782083, 0.0, 0.0, 0.0], [0.0, 0.0, 0.0, 0.0], [0.0, 0.0, 3181.511319782083, 0.0], [0.0, 0.0, 0.0, 0.0]], ""R"": [[469.74811336965286, 0.0], [0.0, 469.74811336965286]], ""P"": [[1000.0, 0.0, 0.0, 0.0], [0.0, 100000.0, 0.0, 0.0], [0.0, 0.0, 1000.0, 0.0], [0.0, 0.0, 0.0, 100000.0]]}","[-0.08907055197472864, -1.7641643898502741, 0.0]",False
3,P05,2e6a0a77-88d8-4501-ab04-4d78b67d0190,24,1,haply,mpc,seeded_random,756517391,persist_session,10.0,24.407987174987795,10721.371081177,0,1785938063.2131443,1240.0,True,normal,adaptive,-0.08,0.08,0.0,-0.08,-0.08,0.0,-0.0832075940999999,-0.0128064999999999,0.0,-0.025158389,-0.15993056,0.22101693,0.00492159,-0.021974247,-0.023263669,"[19.386147198656918, 30.958463408999574, 0.0, 0.0, 0.0, 0.0, -0.7273529749418847, 3.1123527151238704]","[0.18873142562754364, -0.06976103784407664, 0.0]","{""Controller Type"": ""MPC Controller"", ""weight_comfort"": 469.74811336965286, ""weight_trajectory"": 3181.511319782083, ""weight_goal"": 1000.0, ""Q"": [[3181.511319782083, 0.0, 0.0, 0.0], [0.0, 0.0, 0.0, 0.0], [0.0, 0.0, 3181.511319782083, 0.0], [0.0, 0.0, 0.0, 0.0]], ""R"": [[469.74811336965286, 0.0], [0.0, 469.74811336965286]], ""P"": [[1000.0, 0.0, 0.0, 0.0], [0.0, 100000.0, 0.0, 0.0], [0.0, 0.0, 1000.0, 0.0], [0.0, 0.0, 0.0, 100000.0]]}","[0.10161016219659764, -1.9398784348763611, 0.0]",False
3,P05,2e6a0a77-88d8-4501-ab04-4d78b67d0190,24,1,haply,mpc,seeded_random,756517391,persist_session,10.0,24.41807299613953,10721.381160822,0,1785938063.2231286,1241.0,True,normal,adaptive,-0.08,0.08,0.0,-0.08,-0.08,0.0,-0.0829564131,-0.01318826,0.0,-0.025061924,-0.16010012,0.22077134,0.0049797823,-0.021541167,-0.023208996,"[20.710527545522837, 31.551884278584165, 0.0, 0.0, 0.0, 0.0, -0.7275553707343846, 3.108860828690692]","[0.18873142562754364, -0.06976103784407664, 0.0]","{""Controller Type"": ""MPC Controller"", ""weight_comfort"": 469.74811336965286, ""weight_trajectory"": 3181.511319782083, ""weight_goal"": 1000.0, ""Q"": [[3181.511319782083, 0.0, 0.0, 0.0], [0.0, 0.0, 0.0, 0.0], [0.0, 0.0, 3181.511319782083, 0.0], [0.0, 0.0, 0.0, 0.0]], ""R"": [[469.74811336965286, 0.0], [0.0, 469.74811336965286]], ""P"": [[1000.0, 0.0, 0.0, 0.0], [0.0, 100000.0, 0.0, 0.0], [0.0, 0.0, 1000.0, 0.0], [0.0, 0.0, 0.0, 100000.0]]}","[-0.10724375118781812, -1.9257061302769045, 0.0]",False
3,P05,2e6a0a77-88d8-4501-ab04-4d78b67d0190,24,1,haply,mpc,seeded_random,756517391,persist_session,10.0,24.42799240112305,10721.391086433,0,1785938063.2332137,1242.0,True,normal,adaptive,-0.08,0.08,0.0,-0.08,-0.08,0.0,-0.0826670180999999,-0.0136794399999999,0.0,-0.024948116,-0.16021287,0.22055969,0.0053600813,-0.021107765,-0.023165107,"[20.13577399437438, 31.234696115249236, 0.0, 0.0, 0.0, 0.0, -0.7352297410968753, 3.198710421756307]","[0.9499910179647332, -0.10702755913873906, 0.0]","{""Controller Type"": ""MPC Controller"", ""weight_comfort"": 452.82115122828003, ""weight_trajectory"": 3283.07309263032, ""weight_goal"": 1000.0, ""Q"": [[3283.07309263032, 0.0, 0.0, 0.0], [0.0, 0.0, 0.0, 0.0], [0.0, 0.0, 3283.07309263032, 0.0], [0.0, 0.0, 0.0, 0.0]], ""R"": [[452.82115122828003, 0.0], [0.0, 452.82115122828003]], ""P"": [[1000.0, 0.0, 0.0, 0.0], [0.0, 100000.0, 0.0, 0.0], [0.0, 0.0, 1000.0, 0.0], [0.0, 0.0, 0.0, 100000.0]]}","[-0.1533289222884388, -1.8425740827231536, 0.0]",False
3,P05,2e6a0a77-88d8-4501-ab04-4d78b67d0190,24,1,haply,mpc,seeded_random,756517391,persist_session,10.0,24.438093481063845,10721.401182994,0,1785938063.2432578,1243.0,True,normal,adaptive,-0.08,0.08,0.0,-0.08,-0.08,0.0,-0.0823255941,-0.01410274,0.0,-0.024780903,-0.16039264,0.22031327,0.005926142,-0.020598086,-0.023116553,"[19.653423907665108, 30.885661930975484, 0.0, 0.0, 0.0, 0.0, -0.7342177542461854, 3.144151729266591]","[1.095586756395128, -0.08412467370439422, 0.0]","{""Controller Type"": ""MPC Controller"", ""weight_comfort"": 452.82115122828003, ""weight_trajectory"": 3283.07309263032, ""weight_goal"": 1000.0, ""Q"": [[3283.07309263032, 0.0, 0.0, 0.0], [0.0, 0.0, 0.0, 0.0], [0.0, 0.0, 3283.07309263032, 0.0], [0.0, 0.0, 0.0, 0.0]], ""R"": [[452.82115122828003, 0.0], [0.0, 452.82115122828003]], ""P"": [[1000.0, 0.0, 0.0, 0.0], [0.0, 100000.0, 0.0, 0.0], [0.0, 0.0, 1000.0, 0.0], [0.0, 0.0, 0.0, 100000.0]]}","[-0.21888771378959415, -1.8901505099867022, 0.0]",False
3,P05,2e6a0a77-88d8-4501-ab04-4d78b67d0190,24,1,haply,mpc,seeded_random,756517391,persist_session,10.0,24.44799595832825,10721.411083957,0,1785938063.2532318,1244.0,True,normal,adaptive,-0.08,0.08,0.0,-0.08,-0.08,0.0,-0.0818239551,-0.0145955799999999,0.0,-0.024671074,-0.16052166,0.22001247,0.0066882265,-0.02009143,-0.023060462,"[19.684084375676537, 30.923963326575485, 0.0, 0.0, 0.0, 0.0, -0.7401648887921158, 3.2057166197346603]","[1.5912128545037973, -0.10999228375590028, 0.0]","{""Controller Type"": ""MPC Controller"", ""weight_comfort"": 452.82115122828003, ""weight_trajectory"": 3283.07309263032, ""weight_goal"": 1000.0, ""Q"": [[3283.07309263032, 0.0, 0.0, 0.0], [0.0, 0.0, 0.0, 0.0], [0.0, 0.0, 3283.07309263032, 0.0], [0.0, 0.0, 0.0, 0.0]], ""R"": [[452.82115122828003, 0.0], [0.0, 452.82115122828003]], ""P"": [[1000.0, 0.0, 0.0, 0.0], [0.0, 100000.0, 0.0, 0.0], [0.0, 0.0, 1000.0, 0.0], [0.0, 0.0, 0.0, 100000.0]]}","[-0.3961102054051945, -1.8039998714208243, 0.0]",False
3,P05,2e6a0a77-88d8-4501-ab04-4d78b67d0190,24,1,haply,mpc,seeded_random,756517391,persist_session,10.0,24.458193120956423,10721.421282398,0,1785938063.263333,1245.0,True,normal,adaptive,-0.08,0.08,0.0,-0.08,-0.08,0.0,-0.0814944681,-0.01519718,0.0,-0.024585564,-0.16072889,0.21981958,0.007506132,-0.019469162,-0.02305405,"[19.684084375676537, 30.923963326575485, 0.0, 0.0, 0.0, 0.0, -0.7401648887921158, 3.2057166197346603]","[1.5912128545037973, -0.10999228375590028, 0.0]","{""Controller Type"": ""MPC Controller"", ""weight_comfort"": 448.40378980565396, ""weight_trajectory"": 3309.577261166076, ""weight_goal"": 1000.0, ""Q"": [[3309.577261166076, 0.0, 0.0, 0.0], [0.0, 0.0, 0.0, 0.0], [0.0, 0.0, 3309.577261166076, 0.0], [0.0, 0.0, 0.0, 0.0]], ""R"": [[448.40378980565396, 0.0], [0.0, 448.40378980565396]], ""P"": [[1000.0, 0.0, 0.0, 0.0], [0.0, 100000.0, 0.0, 0.0], [0.0, 0.0, 1000.0, 0.0], [0.0, 0.0, 0.0, 100000.0]]}","[-0.24345347120291255, -1.6946588422294395, 0.0]",False
3,P05,2e6a0a77-88d8-4501-ab04-4d78b67d0190,24,1,haply,mpc,seeded_random,756517391,persist_session,10.0,24.46797066688538,10721.431061542,0,1785938063.2733283,1246.0,True,normal,adaptive,-0.08,0.08,0.0,-0.08,-0.08,0.0,-0.0812379381,-0.01558296,0.0,-0.024470674,-0.1608403,0.21960694,0.008111615,-0.018778412,-0.022947952,"[17.56822997460121, 28.798343261742566, 0.0, 0.0, 0.0, 0.0, -0.7616352439618149, 3.185336272946082]","[0.7608654242759006, -0.07388035563005727, 0.0]","{""Controller Type"": ""MPC Controller"", ""weight_comfort"": 448.40378980565396, ""weight_trajectory"": 3309.577261166076, ""weight_goal"": 1000.0, ""Q"": [[3309.577261166076, 0.0, 0.0, 0.0], [0.0, 0.0, 0.0, 0.0], [0.0, 0.0, 3309.577261166076, 0.0], [0.0, 0.0, 0.0, 0.0]], ""R"": [[448.40378980565396, 0.0], [0.0, 448.40378980565396]], ""P"": [[1000.0, 0.0, 0.0, 0.0], [0.0, 100000.0, 0.0, 0.0], [0.0, 0.0, 1000.0, 0.0], [0.0, 0.0, 0.0, 100000.0]]}","[-0.18877547690596547, -1.8807989879665936, 0.0]",False
3,P05,2e6a0a77-88d8-4501-ab04-4d78b67d0190,24,1,haply,mpc,seeded_random,756517391,persist_session,10.0,24.478000698089602,10721.441092248,0,1785938063.2831657,1247.0,True,normal,adaptive,-0.08,0.08,0.0,-0.08,-0.08,0.0,-0.0808932681,-0.01600824,0.0,-0.024285281,-0.16096224,0.21939383,0.008634169,-0.01809928,-0.022900907,"[17.544639012887984, 28.757917809854018, 0.0, 0.0, 0.0, 0.0, -0.7630563388505264, 3.2153693247437567]","[1.023304479372324, -0.09018099782410696, 0.0]","{""Controller Type"": ""MPC Controller"", ""weight_comfort"": 448.40378980565396, ""weight_trajectory"": 3309.577261166076, ""weight_goal"": 1000.0, ""Q"": [[3309.577261166076, 0.0, 0.0, 0.0], [0.0, 0.0, 0.0, 0.0], [0.0, 0.0, 3309.577261166076, 0.0], [0.0, 0.0, 0.0, 0.0]], ""R"": [[448.40378980565396, 0.0], [0.0, 448.40378980565396]], ""P"": [[1000.0, 0.0, 0.0, 0.0], [0.0, 100000.0, 0.0, 0.0], [0.0, 0.0, 1000.0, 0.0], [0.0, 0.0, 0.0, 100000.0]]}","[-0.29353815228512264, -1.8217971562300612, 0.0]",False
3,P05,2e6a0a77-88d8-4501-ab04-4d78b67d0190,24,1,haply,mpc,seeded_random,756517391,persist_session,10.0,24.48801880836487,10721.451105807,0,1785938063.293289,1248.0,True,normal,adaptive,-0.08,0.08,0.0,-0.08,-0.08,0.0,-0.0803370891,-0.0164344599999999,0.0,-0.024186486,-0.161129,0.2191459,0.009113183,-0.017576037,-0.022947606,"[17.607194371185404, 29.077339955795424, 0.0, 0.0, 0.0, 0.0, -0.7625063557961689, 3.2004785757163106]","[1.6034281332814584, -0.0862776641105477, 0.0]","{""Controller Type"": ""MPC Controller"", ""weight_comfort"": 445.46799233045215, ""weight_trajectory"": 3327.192046017287, ""weight_goal"": 1000.0, ""Q"": [[3327.192046017287, 0.0, 0.0, 0.0], [0.0, 0.0, 0.0, 0.0], [0.0, 0.0, 3327.192046017287, 0.0], [0.0, 0.0, 0.0, 0.0]], ""R"": [[445.46799233045215, 0.0], [0.0, 445.46799233045215]], ""P"": [[1000.0, 0.0, 0.0, 0.0], [0.0, 100000.0, 0.0, 0.0], [0.0, 0.0, 1000.0, 0.0], [0.0, 0.0, 0.0, 100000.0]]}","[-0.5090217277278056, -1.8231459842161946, 0.0]",False
3,P05,2e6a0a77-88d8-4501-ab04-4d78b67d0190,24,1,haply,mpc,seeded_random,756517391,persist_session,10.0,24.498039779663088,10721.461133649,0,1785938063.3031435,1249.0,True,normal,adaptive,-0.08,0.08,0.0,-0.08,-0.08,0.0,-0.0800407041,-0.01693032,0.0,-0.024157802,-0.16128467,0.21889755,0.009538309,-0.017152635,-0.023038888,"[17.460187822830225, 27.533774926290274, 0.0, 0.0, 0.0, 0.0, -0.7711566073853005, 3.2749126546966902]","[0.8287948047993177, -0.11614596763491261, 0.0]","{""Controller Type"": ""MPC Controller"", ""weight_comfort"": 445.46799233045215, ""weight_trajectory"": 3327.192046017287, ""weight_goal"": 1000.0, ""Q"": [[3327.192046017287, 0.0, 0.0, 0.0], [0.0, 0.0, 0.0, 0.0], [0.0, 0.0, 3327.192046017287, 0.0], [0.0, 0.0, 0.0, 0.0]], ""R"": [[445.46799233045215, 0.0], [0.0, 445.46799233045215]], ""P"": [[1000.0, 0.0, 0.0, 0.0], [0.0, 100000.0, 0.0, 0.0], [0.0, 0.0, 1000.0, 0.0], [0.0, 0.0, 0.0, 100000.0]]}","[-0.2851434685112541, -1.7274059955416259, 0.0]",False
3,P05,2e6a0a77-88d8-4501-ab04-4d78b67d0190,24,1,haply,mpc,seeded_random,756517391,persist_session,10.0,24.507906970977785,10721.470994831,0,1785938063.3133817,1250.0,True,normal,adaptive,-0.08,0.08,0.0,-0.08,-0.08,0.0,-0.0799546521,-0.01742702,0.0,-0.024157802,-0.16128467,0.21889755,0.009538309,-0.017152635,-0.023038888,"[17.47472263545499, 27.235960638165338, 0.0, 0.0, 0.0, 0.0, -0.7681911961896096, 3.2470094756144037]","[0.8287948047993177, -0.11614596763491261, 0.0]","{""Controller Type"": ""MPC Controller"", ""weight_comfort"": 445.46799233045215, ""weight_trajectory"": 3327.192046017287, ""weight_goal"": 1000.0, ""Q"": [[3327.192046017287, 0.0, 0.0, 0.0], [0.0, 0.0, 0.0, 0.0], [0.0, 0.0, 3327.192046017287, 0.0], [0.0, 0.0, 0.0, 0.0]], ""R"": [[445.46799233045215, 0.0], [0.0, 445.46799233045215]], ""P"": [[1000.0, 0.0, 0.0, 0.0], [0.0, 100000.0, 0.0, 0.0], [0.0, 0.0, 1000.0, 0.0], [0.0, 0.0, 0.0, 100000.0]]}","[-0.08225045219130815, -1.727205833451439, 0.0]",False
3,P05,2e6a0a77-88d8-4501-ab04-4d78b67d0190,24,1,haply,mpc,seeded_random,756517391,persist_session,10.0,24.517901239395144,10721.480988268,0,1785938063.3233206,1251.0,True,normal,adaptive,-0.08,0.08,0.0,-0.08,-0.08,0.0,-0.0796070661,-0.01785426,0.0,-0.02385532,-0.16151492,0.21847005,0.009954405,-0.016395053,-0.023036262,"[17.47472263545499, 27.235960638165338, 0.0, 0.0, 0.0, 0.0, -0.7681911961896096, 3.2470094756144037]","[0.2281316061495939, -0.10946278333780303, 0.0]","{""Controller Type"": ""MPC Controller"", ""weight_comfort"": 453.92403305465604, ""weight_trajectory"": 3276.455801672064, ""weight_goal"": 1000.0, ""Q"": [[3276.455801672064, 0.0, 0.0, 0.0], [0.0, 0.0, 0.0, 0.0], [0.0, 0.0, 3276.455801672064, 0.0], [0.0, 0.0, 0.0, 0.0]], ""R"": [[453.92403305465604, 0.0], [0.0, 453.92403305465604]], ""P"": [[1000.0, 0.0, 0.0, 0.0], [0.0, 100000.0, 0.0, 0.0], [0.0, 0.0, 1000.0, 0.0], [0.0, 0.0, 0.0, 100000.0]]}","[-0.3493922535366949, -1.749781226812657, 0.0]",False
3,P05,2e6a0a77-88d8-4501-ab04-4d78b67d0190,24,1,haply,mpc,seeded_random,756517391,persist_session,10.0,24.528082427978518,10721.491175212,0,1785938063.3332262,1252.0,True,normal,adaptive,-0.08,0.08,0.0,-0.08,-0.08,0.0,-0.0790472060999999,-0.01828202,0.0,-0.023755347,-0.16168024,0.21822065,0.0101763215,-0.0159471,-0.023006417,"[17.31911012749692, 28.131823358698906, 0.0, 0.0, 0.0, 0.0, -0.7652020355362286, 3.195922495974905]","[0.9770232810669656, -0.08982718548459069, 0.0]","{""Controller Type"": ""MPC Controller"", ""weight_comfort"": 453.92403305465604, ""weight_trajectory"": 3276.455801672064, ""weight_goal"": 1000.0, ""Q"": [[3276.455801672064, 0.0, 0.0, 0.0], [0.0, 0.0, 0.0, 0.0], [0.0, 0.0, 3276.455801672064, 0.0], [0.0, 0.0, 0.0, 0.0]], ""R"": [[453.92403305465604, 0.0], [0.0, 453.92403305465604]], ""P"": [[1000.0, 0.0, 0.0, 0.0], [0.0, 100000.0, 0.0, 0.0], [0.0, 0.0, 1000.0, 0.0], [0.0, 0.0, 0.0, 100000.0]]}","[-0.5788420288079975, -1.7330567532402532, 0.0]",False
3,P05,2e6a0a77-88d8-4501-ab04-4d78b67d0190,24,1,haply,mpc,seeded_random,756517391,persist_session,10.0,24.538356361389162,10721.501432174,0,1785938063.3434129,1253.0,True,normal,adaptive,-0.08,0.08,0.0,-0.08,-0.08,0.0,-0.0787472871,-0.01878082,0.0,-0.023796307,-0.161824,0.21797122,0.010347686,-0.015698459,-0.023040958,"[18.44189430436739, 27.182811116836426, 0.0, 0.0, 0.0, 0.0, -0.7702054938256697, 3.235954836743554]","[0.777221922799274, -0.11130022788322361, 0.0]","{""Controller Type"": ""MPC Controller"", ""weight_comfort"": 453.92403305465604, ""weight_trajectory"": 3276.455801672064, ""weight_goal"": 1000.0, ""Q"": [[3276.455801672064, 0.0, 0.0, 0.0], [0.0, 0.0, 0.0, 0.0], [0.0, 0.0, 3276.455801672064, 0.0], [0.0, 0.0, 0.0, 0.0]], ""R"": [[453.92403305465604, 0.0], [0.0, 453.92403305465604]], ""P"": [[1000.0, 0.0, 0.0, 0.0], [0.0, 100000.0, 0.0, 0.0], [0.0, 0.0, 1000.0, 0.0], [0.0, 0.0, 0.0, 100000.0]]}","[-0.33527588590694185, -1.6608693099918979, 0.0]",False
3,P05,2e6a0a77-88d8-4501-ab04-4d78b67d0190,24,1,haply,mpc,seeded_random,756517391,persist_session,10.0,24.548344430923464,10721.511411613,0,1785938063.353417,1254.0,True,normal,adaptive,-0.08,0.08,0.0,-0.08,-0.08,0.0,-0.0788701671,-0.01927968,0.0,-0.02367949,-0.16193265,0.21775675,0.010291963,-0.015460843,-0.023090826,"[18.44189430436739, 27.182811116836426, 0.0, 0.0, 0.0, 0.0, -0.7702054938256697, 3.235954836743554]","[0.777221922799274, -0.11130022788322361, 0.0]","{""Controller Type"": ""MPC Controller"", ""weight_comfort"": 461.5781527649681, ""weight_trajectory"": 3230.5310834101915, ""weight_goal"": 1000.0, ""Q"": [[3230.5310834101915, 0.0, 0.0, 0.0], [0.0, 0.0, 0.0, 0.0], [0.0, 0.0, 3230.5310834101915, 0.0], [0.0, 0.0, 0.0, 0.0]], ""R"": [[461.5781527649681, 0.0], [0.0, 461.5781527649681]], ""P"": [[1000.0, 0.0, 0.0, 0.0], [0.0, 100000.0, 0.0, 0.0], [0.0, 0.0, 1000.0, 0.0], [0.0, 0.0, 0.0, 100000.0]]}","[0.06610291999714943, -1.6219888417694972, 0.0]",False
3,P05,2e6a0a77-88d8-4501-ab04-4d78b67d0190,24,1,haply,mpc,seeded_random,756517391,persist_session,10.0,24.558009443283083,10721.52109679,0,1785938063.3633587,1255.0,True,normal,adaptive,-0.08,0.08,0.0,-0.08,-0.08,0.0,-0.0785197161,-0.01970862,0.0,-0.023550296,-0.1620008,0.21748821,0.010004072,-0.015134954,-0.023096314,"[18.274271880178123, 29.697558601820884, 0.0, 0.0, 0.0, 0.0, -0.7653146108293435, 3.1715336952132405]","[1.01979372797483, -0.0906940539497301, 0.0]","{""Controller Type"": ""MPC Controller"", ""weight_comfort"": 461.5781527649681, ""weight_trajectory"": 3230.5310834101915, ""weight_goal"": 1000.0, ""Q"": [[3230.5310834101915, 0.0, 0.0, 0.0], [0.0, 0.0, 0.0, 0.0], [0.0, 0.0, 3230.5310834101915, 0.0], [0.0, 0.0, 0.0, 0.0]], ""R"": [[461.5781527649681, 0.0], [0.0, 461.5781527649681]], ""P"": [[1000.0, 0.0, 0.0, 0.0], [0.0, 100000.0, 0.0, 0.0], [0.0, 0.0, 1000.0, 0.0], [0.0, 0.0, 0.0, 100000.0]]}","[-0.39817825861891754, -1.6706628912661965, 0.0]",False
3,P05,2e6a0a77-88d8-4501-ab04-4d78b67d0190,24,1,haply,mpc,seeded_random,756517391,persist_session,10.0,24.567957220077517,10721.531050908,0,1785938063.373536,1256.0,True,normal,adaptive,-0.08,0.08,0.0,-0.08,-0.08,0.0,-0.0781321341,-0.0202457,0.0,-0.023590714,-0.16214351,0.21723798,0.009801488,-0.014729363,-0.023202887,"[18.712106574220876, 29.27851865656609, 0.0, 0.0, 0.0, 0.0, -0.7791124137724087, 3.2648711517241193]","[1.0800798130675364, -0.12574237960789988, 0.0]","{""Controller Type"": ""MPC Controller"", ""weight_comfort"": 450.9238035602084, ""weight_trajectory"": 3294.45717863875, ""weight_goal"": 1000.0, ""Q"": [[3294.45717863875, 0.0, 0.0, 0.0], [0.0, 0.0, 0.0, 0.0], [0.0, 0.0, 3294.45717863875, 0.0], [0.0, 0.0, 0.0, 0.0]], ""R"": [[450.9238035602084, 0.0], [0.0, 450.9238035602084]], ""P"": [[1000.0, 0.0, 0.0, 0.0], [0.0, 100000.0, 0.0, 0.0], [0.0, 0.0, 1000.0, 0.0], [0.0, 0.0, 0.0, 100000.0]]}","[-0.4420404226574, -1.56124190663036, 0.0]",False
3,P05,2e6a0a77-88d8-4501-ab04-4d78b67d0190,24,1,haply,mpc,seeded_random,756517391,persist_session,10.0,24.57808857917786,10721.541177516,0,1785938063.3834827,1257.0,True,normal,adaptive,-0.08,0.08,0.0,-0.08,-0.08,0.0,-0.0782533880999999,-0.02074616,0.0,-0.023548014,-0.16225594,0.21693353,0.009629775,-0.014312418,-0.02336243,"[21.44826489457867, 30.06139219471272, 0.0, 0.0, 0.0, 0.0, -0.7738694716481944, 3.226473751822567]","[-0.4039168934940609, -0.11648061629259757, 0.0]","{""Controller Type"": ""MPC Controller"", ""weight_comfort"": 450.9238035602084, ""weight_trajectory"": 3294.45717863875, ""weight_goal"": 1000.0, ""Q"": [[3294.45717863875, 0.0, 0.0, 0.0], [0.0, 0.0, 0.0, 0.0], [0.0, 0.0, 3294.45717863875, 0.0], [0.0, 0.0, 0.0, 0.0]], ""R"": [[450.9238035602084, 0.0], [0.0, 450.9238035602084]], ""P"": [[1000.0, 0.0, 0.0, 0.0], [0.0, 100000.0, 0.0, 0.0], [0.0, 0.0, 1000.0, 0.0], [0.0, 0.0, 0.0, 100000.0]]}","[0.03765724806786333, -1.5848133082420952, 0.0]",False
3,P05,2e6a0a77-88d8-4501-ab04-4d78b67d0190,24,1,haply,mpc,seeded_random,756517391,persist_session,10.0,24.588089284896853,10721.551182992,0,1785938063.3935933,1258.0,True,normal,adaptive,-0.08,0.08,0.0,-0.08,-0.08,0.0,-0.0781252881,-0.0213550599999999,0.0,-0.023559803,-0.16230185,0.21666484,0.008856252,-0.013783728,-0.023689609,"[20.212084978665168, 30.416518893039626, 0.0, 0.0, 0.0, 0.0, -0.7949872514844666, 3.3414728825945605]","[0.347480905310683, -0.15461429521514117, 0.0]","{""Controller Type"": ""MPC Controller"", ""weight_comfort"": 450.9238035602084, ""weight_trajectory"": 3294.45717863875, ""weight_goal"": 1000.0, ""Q"": [[3294.45717863875, 0.0, 0.0, 0.0], [0.0, 0.0, 0.0, 0.0], [0.0, 0.0, 3294.45717863875, 0.0], [0.0, 0.0, 0.0, 0.0]], ""R"": [[450.9238035602084, 0.0], [0.0, 450.9238035602084]], ""P"": [[1000.0, 0.0, 0.0, 0.0], [0.0, 100000.0, 0.0, 0.0], [0.0, 0.0, 1000.0, 0.0], [0.0, 0.0, 0.0, 100000.0]]}","[-0.20445115529632252, -1.4693847840865042, 0.0]",False
3,P05,2e6a0a77-88d8-4501-ab04-4d78b67d0190,24,1,haply,mpc,seeded_random,756517391,persist_session,10.0,24.598055181503298,10721.561124489,0,1785938063.403437,1259.0,True,normal,adaptive,-0.08,0.08,0.0,-0.08,-0.08,0.0,-0.0781606551,-0.02189244,0.0,-0.023516713,-0.16241331,0.21635991,0.008176281,-0.013008661,-0.024324145,"[21.1182280475975, 30.4946313341515, 0.0, 0.0, 0.0, 0.0, -0.7811265013183166, 3.256819393611592]","[0.347480905310683, -0.15461429521514117, 0.0]","{""Controller Type"": ""MPC Controller"", ""weight_comfort"": 450.9238035602084, ""weight_trajectory"": 3294.45717863875, ""weight_goal"": 1000.0, ""Q"": [[3294.45717863875, 0.0, 0.0, 0.0], [0.0, 0.0, 0.0, 0.0], [0.0, 0.0, 3294.45717863875, 0.0], [0.0, 0.0, 0.0, 0.0]], ""R"": [[450.9238035602084, 0.0], [0.0, 450.9238035602084]], ""P"": [[1000.0, 0.0, 0.0, 0.0], [0.0, 100000.0, 0.0, 0.0], [0.0, 0.0, 1000.0, 0.0], [0.0, 0.0, 0.0, 100000.0]]}","[-0.04824052724177823, -1.504221918471611, 0.0]",False
3,P05,2e6a0a77-88d8-4501-ab04-4d78b67d0190,24,1,haply,mpc,seeded_random,756517391,persist_session,10.0,24.608121452331545,10721.57121428,0,1785938063.413297,1260.0,True,normal,adaptive,-0.08,0.08,0.0,-0.08,-0.08,0.0,-0.0780313851,-0.0225023,0.0,-0.023544302,-0.16251388,0.21605492,0.006923779,-0.012041874,-0.025005503,"[20.30071407074527, 30.726005585817234, 0.0, 0.0, 0.0, 0.0, -0.7971771451380719, 3.3400347133398682]","[0.3628688892178002, -0.16075091881078193, 0.0]","{""Controller Type"": ""MPC Controller"", ""weight_comfort"": 461.7364547502901, ""weight_trajectory"": 3229.58127149826, ""weight_goal"": 1000.0, ""Q"": [[3229.58127149826, 0.0, 0.0, 0.0], [0.0, 0.0, 0.0, 0.0], [0.0, 0.0, 3229.58127149826, 0.0], [0.0, 0.0, 0.0, 0.0]], ""R"": [[461.7364547502901, 0.0], [0.0, 461.7364547502901]], ""P"": [[1000.0, 0.0, 0.0, 0.0], [0.0, 100000.0, 0.0, 0.0], [0.0, 0.0, 1000.0, 0.0], [0.0, 0.0, 0.0, 100000.0]]}","[-0.21065859024672595, -1.397504904768307, 0.0]",False
3,P05,2e6a0a77-88d8-4501-ab04-4d78b67d0190,24,1,haply,mpc,seeded_random,756517391,persist_session,10.0,24.61793595314026,10721.581030185,0,1785938063.423269,1261.0,True,normal,adaptive,-0.08,0.08,0.0,-0.08,-0.08,0.0,-0.0781141521,-0.0231122799999999,0.0,-0.023571711,-0.16261384,0.21574965,0.005923632,-0.011364662,-0.025676114,"[21.46014606724235, 30.940135717156217, 0.0, 0.0, 0.0, 0.0, -0.7909915610727498, 3.3079514132587198]","[-0.2972693771819793, -0.15734534222987656, 0.0]","{""Controller Type"": ""MPC Controller"", ""weight_comfort"": 461.7364547502901, ""weight_trajectory"": 3229.58127149826, ""weight_goal"": 1000.0, ""Q"": [[3229.58127149826, 0.0, 0.0, 0.0], [0.0, 0.0, 0.0, 0.0], [0.0, 0.0, 3229.58127149826, 0.0], [0.0, 0.0, 0.0, 0.0]], ""R"": [[461.7364547502901, 0.0], [0.0, 461.7364547502901]], ""P"": [[1000.0, 0.0, 0.0, 0.0], [0.0, 100000.0, 0.0, 0.0], [0.0, 0.0, 1000.0, 0.0], [0.0, 0.0, 0.0, 100000.0]]}","[-0.004868956264129189, -1.3829323460286138, 0.0]",False
3,P05,2e6a0a77-88d8-4501-ab04-4d78b67d0190,24,1,haply,mpc,seeded_random,756517391,persist_session,10.0,24.627955970764162,10721.591046055,0,1785938063.4333537,1262.0,True,normal,adaptive,-0.08,0.08,0.0,-0.08,-0.08,0.0,-0.0781963790999999,-0.02372282,0.0,-0.023586646,-0.16267247,0.21539077,0.0050912383,-0.01076983,-0.026377764,"[21.27747510854849, 30.905532798126423, 0.0, 0.0, 0.0, 0.0, -0.7851560595921162, 3.2776985104985097]","[-0.2972693771819793, -0.15734534222987656, 0.0]","{""Controller Type"": ""MPC Controller"", ""weight_comfort"": 461.7364547502901, ""weight_trajectory"": 3229.58127149826, ""weight_goal"": 1000.0, ""Q"": [[3229.58127149826, 0.0, 0.0, 0.0], [0.0, 0.0, 0.0, 0.0], [0.0, 0.0, 3229.58127149826, 0.0], [0.0, 0.0, 0.0, 0.0]], ""R"": [[461.7364547502901, 0.0], [0.0, 461.7364547502901]], ""P"": [[1000.0, 0.0, 0.0, 0.0], [0.0, 100000.0, 0.0, 0.0], [0.0, 0.0, 1000.0, 0.0], [0.0, 0.0, 0.0, 100000.0]]}","[-0.002619960607905526, -1.3678122683269909, 0.0]",False
3,P05,2e6a0a77-88d8-4501-ab04-4d78b67d0190,24,1,haply,mpc,seeded_random,756517391,persist_session,10.0,24.638320026397707,10721.601404121,0,1785938063.4431477,1263.0,True,normal,adaptive,-0.08,0.08,0.0,-0.08,-0.08,0.0,-0.0782411841,-0.0244405799999999,0.0,-0.023526784,-0.16272643,0.21512133,0.0044999397,-0.010108897,-0.027207317,"[20.96347927505549, 30.870233104705097, 0.0, 0.0, 0.0, 0.0, -0.8299820056812245, 3.4762697052355227]","[-0.1780942256254091, -0.20864757109513532, 0.0]","{""Controller Type"": ""MPC Controller"", ""weight_comfort"": 460.37034590930494, ""weight_trajectory"": 3237.7779245441707, ""weight_goal"": 1000.0, ""Q"": [[3237.7779245441707, 0.0, 0.0, 0.0], [0.0, 0.0, 0.0, 0.0], [0.0, 0.0, 3237.7779245441707, 0.0], [0.0, 0.0, 0.0, 0.0]], ""R"": [[460.37034590930494, 0.0], [0.0, 460.37034590930494]], ""P"": [[1000.0, 0.0, 0.0, 0.0], [0.0, 100000.0, 0.0, 0.0], [0.0, 0.0, 1000.0, 0.0], [0.0, 0.0, 0.0, 100000.0]]}","[-0.03454022463269239, -1.2246485135291467, 0.0]",False
3,P05,2e6a0a77-88d8-4501-ab04-4d78b67d0190,24,1,haply,mpc,seeded_random,756517391,persist_session,10.0,24.647915658950808,10721.611009424,0,1785938063.4532905,1264.0,True,normal,adaptive,-0.08,0.08,0.0,-0.08,-0.08,0.0,-0.0780615980999999,-0.02497946,0.0,-0.023541309,-0.16278374,0.21476232,0.0036753356,-0.0095257955,-0.02793638,"[19.959718352671388, 31.267201791785272, 0.0, 0.0, 0.0, 0.0, -0.7889538110616658, 3.233694769983573]","[-0.1780942256254091, -0.20864757109513532, 0.0]","{""Controller Type"": ""MPC Controller"", ""weight_comfort"": 460.37034590930494, ""weight_trajectory"": 3237.7779245441707, ""weight_goal"": 1000.0, ""Q"": [[3237.7779245441707, 0.0, 0.0, 0.0], [0.0, 0.0, 0.0, 0.0], [0.0, 0.0, 3237.7779245441707, 0.0], [0.0, 0.0, 0.0, 0.0]], ""R"": [[460.37034590930494, 0.0], [0.0, 460.37034590930494]], ""P"": [[1000.0, 0.0, 0.0, 0.0], [0.0, 100000.0, 0.0, 0.0], [0.0, 0.0, 1000.0, 0.0], [0.0, 0.0, 0.0, 100000.0]]}","[-0.2530201773853731, -1.396521376121535, 0.0]",False
3,P05,2e6a0a77-88d8-4501-ab04-4d78b67d0190,24,1,haply,mpc,seeded_random,756517391,persist_session,10.0,24.657920179367068,10721.621004309,0,1785938063.4631834,1265.0,True,normal,adaptive,-0.08,0.08,0.0,-0.08,-0.08,0.0,-0.0781051731,-0.0256974799999999,0.0,-0.023587592,-0.16295095,0.21432945,0.0030666827,-0.009099977,-0.02883917,"[21.23850369395961, 31.396650171862635, 0.0, 0.0, 0.0, 0.0, -0.860257250395734, 3.546720127110021]","[-0.17853473223137098, -0.21070336032585046, 0.0]","{""Controller Type"": ""MPC Controller"", ""weight_comfort"": 460.37034590930494, ""weight_trajectory"": 3237.7779245441707, ""weight_goal"": 1000.0, ""Q"": [[3237.7779245441707, 0.0, 0.0, 0.0], [0.0, 0.0, 0.0, 0.0], [0.0, 0.0, 3237.7779245441707, 0.0], [0.0, 0.0, 0.0, 0.0]], ""R"": [[460.37034590930494, 0.0], [0.0, 460.37034590930494]], ""P"": [[1000.0, 0.0, 0.0, 0.0], [0.0, 100000.0, 0.0, 0.0], [0.0, 0.0, 1000.0, 0.0], [0.0, 0.0, 0.0, 100000.0]]}","[-0.042161409835151015, -1.187955066603831, 0.0]",False
3,P05,2e6a0a77-88d8-4501-ab04-4d78b67d0190,24,1,haply,mpc,seeded_random,756517391,persist_session,10.0,24.66807037353516,10721.631160719,0,1785938063.473185,1266.0,True,normal,adaptive,-0.08,0.08,0.0,-0.08,-0.08,0.0,-0.0782440221,-0.02656322,0.0,-0.023587592,-0.16295095,0.21432945,0.0030666827,-0.009099977,-0.02883917,"[21.519366150845965, 31.486714582237187, 0.0, 0.0, 0.0, 0.0, -0.9225587041556278, 3.7958069603707085]","[-0.17853473223137098, -0.21070336032585046, 0.0]","{""Controller Type"": ""MPC Controller"", ""weight_comfort"": 456.08048528882915, ""weight_trajectory"": 3263.517088267025, ""weight_goal"": 1000.0, ""Q"": [[3263.517088267025, 0.0, 0.0, 0.0], [0.0, 0.0, 0.0, 0.0], [0.0, 0.0, 3263.517088267025, 0.0], [0.0, 0.0, 0.0, 0.0]], ""R"": [[456.08048528882915, 0.0], [0.0, 456.08048528882915]], ""P"": [[1000.0, 0.0, 0.0, 0.0], [0.0, 100000.0, 0.0, 0.0], [0.0, 0.0, 1000.0, 0.0], [0.0, 0.0, 0.0, 100000.0]]}","[0.05344471269621424, -1.031261512894871, 0.0]",False
3,P05,2e6a0a77-88d8-4501-ab04-4d78b67d0190,24,1,haply,mpc,seeded_random,756517391,persist_session,10.0,24.67794686317444,10721.641026165,0,1785938063.483326,1267.0,True,normal,adaptive,-0.08,0.08,0.0,-0.08,-0.08,0.0,-0.0782863071,-0.02728244,0.0,-0.023615576,-0.1630619,0.21361026,0.001854346,-0.008793144,-0.030810371,"[20.88736518820506, 31.420215996755527, 0.0, 0.0, 0.0, 0.0, -0.8547083097176279, 3.498622312756497]","[-0.16680897370117473, -0.20307370289540522, 0.0]","{""Controller Type"": ""MPC Controller"", ""weight_comfort"": 456.08048528882915, ""weight_trajectory"": 3263.517088267025, ""weight_goal"": 1000.0, ""Q"": [[3263.517088267025, 0.0, 0.0, 0.0], [0.0, 0.0, 0.0, 0.0], [0.0, 0.0, 3263.517088267025, 0.0], [0.0, 0.0, 0.0, 0.0]], ""R"": [[456.08048528882915, 0.0], [0.0, 456.08048528882915]], ""P"": [[1000.0, 0.0, 0.0, 0.0], [0.0, 100000.0, 0.0, 0.0], [0.0, 0.0, 1000.0, 0.0], [0.0, 0.0, 0.0, 100000.0]]}","[-0.03671312649257473, -1.1545166378186358, 0.0]",False
3,P05,2e6a0a77-88d8-4501-ab04-4d78b67d0190,24,1,haply,mpc,seeded_random,756517391,persist_session,10.0,24.688100633621218,10721.651181173,0,1785938063.4930594,1268.0,True,normal,adaptive,-0.08,0.08,0.0,-0.08,-0.08,0.0,-0.0783279741,-0.0280016,0.0,-0.023616739,-0.16307476,0.21319768,0.00080614025,-0.008281148,-0.03170238,"[20.800784183996466, 31.410660139738788, 0.0, 0.0, 0.0, 0.0, -0.8584723266902937, 3.5146066338685267]","[-0.16924251524973433, -0.21503929195994692, 0.0]","{""Controller Type"": ""MPC Controller"", ""weight_comfort"": 456.08048528882915, ""weight_trajectory"": 3263.517088267025, ""weight_goal"": 1000.0, ""Q"": [[3263.517088267025, 0.0, 0.0, 0.0], [0.0, 0.0, 0.0, 0.0], [0.0, 0.0, 3263.517088267025, 0.0], [0.0, 0.0, 0.0, 0.0]], ""R"": [[456.08048528882915, 0.0], [0.0, 456.08048528882915]], ""P"": [[1000.0, 0.0, 0.0, 0.0], [0.0, 100000.0, 0.0, 0.0], [0.0, 0.0, 1000.0, 0.0], [0.0, 0.0, 0.0, 100000.0]]}","[-0.033807364497745566, -1.1015237121458157, 0.0]",False
3,P05,2e6a0a77-88d8-4501-ab04-4d78b67d0190,24,1,haply,mpc,seeded_random,756517391,persist_session,10.0,24.698182878494265,10721.661262659,0,1785938063.503158,1269.0,True,normal,adaptive,-0.08,0.08,0.0,-0.08,-0.08,0.0,-0.0783314631,-0.02882676,0.0,-0.023630131,-0.16312818,0.21283783,0.000137069,-0.0077344757,-0.032769904,"[20.565633293620948, 31.40741937619839, 0.0, 0.0, 0.0, 0.0, -0.8849092211449998, 3.6207808873723955]","[-0.16924251524973433, -0.21503929195994692, 0.0]","{""Controller Type"": ""MPC Controller"", ""weight_comfort"": 452.89282318850684, ""weight_trajectory"": 3282.6430608689593, ""weight_goal"": 1000.0, ""Q"": [[3282.6430608689593, 0.0, 0.0, 0.0], [0.0, 0.0, 0.0, 0.0], [0.0, 0.0, 3282.6430608689593, 0.0], [0.0, 0.0, 0.0, 0.0]], ""R"": [[452.89282318850684, 0.0], [0.0, 452.89282318850684]], ""P"": [[1000.0, 0.0, 0.0, 0.0], [0.0, 100000.0, 0.0, 0.0], [0.0, 0.0, 1000.0, 0.0], [0.0, 0.0, 0.0, 100000.0]]}","[-0.07126498516464215, -1.0025701524897208, 0.0]",False
3,P05,2e6a0a77-88d8-4501-ab04-4d78b67d0190,24,1,haply,mpc,seeded_random,756517391,persist_session,10.0,24.708096561431887,10721.671186868,0,1785938063.5131783,1270.0,True,normal,adaptive,-0.08,0.08,0.0,-0.08,-0.08,0.0,-0.0783716391,-0.0295464599999999,0.0,-0.023659233,-0.16323605,0.21244045,-0.00034960287,-0.0073723895,-0.03394091,"[20.565633293620948, 31.40741937619839, 0.0, 0.0, 0.0, 0.0, -0.8849092211449998, 3.6207808873723955]","[-0.045165728514411245, -0.250575730874669, 0.0]","{""Controller Type"": ""MPC Controller"", ""weight_comfort"": 452.89282318850684, ""weight_trajectory"": 3282.6430608689593, ""weight_goal"": 1000.0, ""Q"": [[3282.6430608689593, 0.0, 0.0, 0.0], [0.0, 0.0, 0.0, 0.0], [0.0, 0.0, 3282.6430608689593, 0.0], [0.0, 0.0, 0.0, 0.0]], ""R"": [[452.89282318850684, 0.0], [0.0, 452.89282318850684]], ""P"": [[1000.0, 0.0, 0.0, 0.0], [0.0, 100000.0, 0.0, 0.0], [0.0, 0.0, 1000.0, 0.0], [0.0, 0.0, 0.0, 100000.0]]}","[-0.034678705152986815, -1.071458070527083, 0.0]",False
3,P05,2e6a0a77-88d8-4501-ab04-4d78b67d0190,24,1,haply,mpc,seeded_random,756517391,persist_session,10.0,24.71830445289612,10721.681374091,0,1785938063.523311,1271.0,True,normal,adaptive,-0.08,0.08,0.0,-0.08,-0.08,0.0,-0.0784589451,-0.03034122,0.0,-0.023662793,-0.16325901,0.21193779,-0.0006976152,-0.006952217,-0.035124503,"[20.675620740517875, 31.41913049828449, 0.0, 0.0, 0.0, 0.0, -0.8372445910003605, 3.418407580741695]","[-0.15963869964092303, -0.2032776609065526, 0.0]","{""Controller Type"": ""MPC Controller"", ""weight_comfort"": 452.89282318850684, ""weight_trajectory"": 3282.6430608689593, ""weight_goal"": 1000.0, ""Q"": [[3282.6430608689593, 0.0, 0.0, 0.0], [0.0, 0.0, 0.0, 0.0], [0.0, 0.0, 3282.6430608689593, 0.0], [0.0, 0.0, 0.0, 0.0]], ""R"": [[452.89282318850684, 0.0], [0.0, 452.89282318850684]], ""P"": [[1000.0, 0.0, 0.0, 0.0], [0.0, 100000.0, 0.0, 0.0], [0.0, 0.0, 1000.0, 0.0], [0.0, 0.0, 0.0, 100000.0]]}","[0.012970781780116687, -0.9810190744281496, 0.0]",False
3,P05,2e6a0a77-88d8-4501-ab04-4d78b67d0190,24,1,haply,mpc,seeded_random,756517391,persist_session,10.0,24.7285163974762,10721.691598947,0,1785938063.533074,1272.0,True,normal,adaptive,-0.08,0.08,0.0,-0.08,-0.08,0.0,-0.0784696251,-0.03134654,0.0,-0.02367551,-0.16331016,0.2115776,-0.00087470183,-0.0065466813,-0.036006752,"[20.337736243679075, 31.42281132037025, 0.0, 0.0, 0.0, 0.0, -1.011652749139319, 4.061724813695382]","[-0.06549690562107678, -0.36900480725016993, 0.0]","{""Controller Type"": ""MPC Controller"", ""weight_comfort"": 452.46674657463626, ""weight_trajectory"": 3285.1995205521825, ""weight_goal"": 1000.0, ""Q"": [[3285.1995205521825, 0.0, 0.0, 0.0], [0.0, 0.0, 0.0, 0.0], [0.0, 0.0, 3285.1995205521825, 0.0], [0.0, 0.0, 0.0, 0.0]], ""R"": [[452.46674657463626, 0.0], [0.0, 452.46674657463626]], ""P"": [[1000.0, 0.0, 0.0, 0.0], [0.0, 100000.0, 0.0, 0.0], [0.0, 0.0, 1000.0, 0.0], [0.0, 0.0, 0.0, 100000.0]]}","[-0.058023431107111854, -0.7135725965512467, 0.0]",False
3,P05,2e6a0a77-88d8-4501-ab04-4d78b67d0190,24,1,haply,mpc,seeded_random,756517391,persist_session,10.0,24.738109884262087,10721.701188456,0,1785938063.5430515,1273.0,True,normal,adaptive,-0.08,0.08,0.0,-0.08,-0.08,0.0,-0.0785077761,-0.03206692,0.0,-0.023672229,-0.1633059,0.21125507,-0.0009540772,-0.0060413536,-0.036814485,"[20.337736243679075, 31.42281132037025, 0.0, 0.0, 0.0, 0.0, -1.011652749139319, 4.061724813695382]","[-0.06549690562107678, -0.36900480725016993, 0.0]","{""Controller Type"": ""MPC Controller"", ""weight_comfort"": 452.46674657463626, ""weight_trajectory"": 3285.1995205521825, ""weight_goal"": 1000.0, ""Q"": [[3285.1995205521825, 0.0, 0.0, 0.0], [0.0, 0.0, 0.0, 0.0], [0.0, 0.0, 3285.1995205521825, 0.0], [0.0, 0.0, 0.0, 0.0]], ""R"": [[452.46674657463626, 0.0], [0.0, 452.46674657463626]], ""P"": [[1000.0, 0.0, 0.0, 0.0], [0.0, 100000.0, 0.0, 0.0], [0.0, 0.0, 1000.0, 0.0], [0.0, 0.0, 0.0, 100000.0]]}","[-0.030388342543918714, -0.9807518630001877, 0.0]",False
3,P05,2e6a0a77-88d8-4501-ab04-4d78b67d0190,24,1,haply,mpc,seeded_random,756517391,persist_session,10.0,24.748396453857424,10721.711444546,0,1785938063.5532205,1274.0,True,normal,adaptive,-0.08,0.08,0.0,-0.08,-0.08,0.0,-0.0784979331,-0.03271198,0.0,-0.023672229,-0.1633059,0.21125507,-0.0009540772,-0.0060413536,-0.036814485,"[20.16935249237701, 31.43453410073787, 0.0, 0.0, 0.0, 0.0, -0.8463861566397435, 3.368474080370862]","[-0.1506171341582868, -0.21152459965998224, 0.0]","{""Controller Type"": ""MPC Controller"", ""weight_comfort"": 452.46674657463626, ""weight_trajectory"": 3285.1995205521825, ""weight_goal"": 1000.0, ""Q"": [[3285.1995205521825, 0.0, 0.0, 0.0], [0.0, 0.0, 0.0, 0.0], [0.0, 0.0, 3285.1995205521825, 0.0], [0.0, 0.0, 0.0, 0.0]], ""R"": [[452.46674657463626, 0.0], [0.0, 452.46674657463626]], ""P"": [[1000.0, 0.0, 0.0, 0.0], [0.0, 100000.0, 0.0, 0.0], [0.0, 0.0, 1000.0, 0.0], [0.0, 0.0, 0.0, 100000.0]]}","[-0.07634207500998456, -1.04159032515911, 0.0]",False
3,P05,2e6a0a77-88d8-4501-ab04-4d78b67d0190,24,1,haply,mpc,seeded_random,756517391,persist_session,10.0,24.75802284240723,10721.721116337,0,1785938063.56328,1275.0,True,normal,adaptive,-0.08,0.08,0.0,-0.08,-0.08,0.0,-0.0785911611,-0.0336885399999999,0.0,-0.023702582,-0.16342886,0.21035418,-0.0010140622,-0.0053030197,-0.03797008,"[20.497423163987257, 31.523498123172622, 0.0, 0.0, 0.0, 0.0, -1.042309166562037, 4.082680686283967]","[-0.32101686297254106, -0.3480560422042161, 0.0]","{""Controller Type"": ""MPC Controller"", ""weight_comfort"": 448.79999078097325, ""weight_trajectory"": 3307.2000553141606, ""weight_goal"": 1000.0, ""Q"": [[3307.2000553141606, 0.0, 0.0, 0.0], [0.0, 0.0, 0.0, 0.0], [0.0, 0.0, 3307.2000553141606, 0.0], [0.0, 0.0, 0.0, 0.0]], ""R"": [[448.79999078097325, 0.0], [0.0, 448.79999078097325]], ""P"": [[1000.0, 0.0, 0.0, 0.0], [0.0, 100000.0, 0.0, 0.0], [0.0, 0.0, 1000.0, 0.0], [0.0, 0.0, 0.0, 100000.0]]}","[0.02493506482954909, -0.6915440199199835, 0.0]",False
3,P05,2e6a0a77-88d8-4501-ab04-4d78b67d0190,24,1,haply,mpc,seeded_random,756517391,persist_session,10.0,24.767940578460696,10721.731025754,0,1785938063.5731905,1276.0,True,normal,adaptive,-0.08,0.08,0.0,-0.08,-0.08,0.0,-0.0785889921,-0.03451376,0.0,-0.02371433,-0.1634767,0.20999365,-0.0010383269,-0.0050988547,-0.03828172,"[20.497423163987257, 31.523498123172622, 0.0, 0.0, 0.0, 0.0, -1.042309166562037, 4.082680686283967]","[-0.32101686297254106, -0.3480560422042161, 0.0]","{""Controller Type"": ""MPC Controller"", ""weight_comfort"": 448.79999078097325, ""weight_trajectory"": 3307.2000553141606, ""weight_goal"": 1000.0, ""Q"": [[3307.2000553141606, 0.0, 0.0, 0.0], [0.0, 0.0, 0.0, 0.0], [0.0, 0.0, 3307.2000553141606, 0.0], [0.0, 0.0, 0.0, 0.0]], ""R"": [[448.79999078097325, 0.0], [0.0, 448.79999078097325]], ""P"": [[1000.0, 0.0, 0.0, 0.0], [0.0, 100000.0, 0.0, 0.0], [0.0, 0.0, 1000.0, 0.0], [0.0, 0.0, 0.0, 100000.0]]}","[-0.06548298242018209, -0.7942081153129706, 0.0]",False
3,P05,2e6a0a77-88d8-4501-ab04-4d78b67d0190,24,1,haply,mpc,seeded_random,756517391,persist_session,10.0,24.778104362487795,10721.741197941,0,1785938063.5832574,1277.0,True,normal,adaptive,-0.08,0.08,0.0,-0.08,-0.08,0.0,-0.0786242361,-0.03523482,0.0,-0.023710229,-0.16346967,0.20967135,-0.0010382908,-0.0048990687,-0.03844029,"[20.154511767358077, 31.535788695981104, 0.0, 0.0, 0.0, 0.0, -0.9026892652553855, 3.5390946964101513]","[-0.13813302237490735, -0.21308287163803, 0.0]","{""Controller Type"": ""MPC Controller"", ""weight_comfort"": 448.79999078097325, ""weight_trajectory"": 3307.2000553141606, ""weight_goal"": 1000.0, ""Q"": [[3307.2000553141606, 0.0, 0.0, 0.0], [0.0, 0.0, 0.0, 0.0], [0.0, 0.0, 3307.2000553141606, 0.0], [0.0, 0.0, 0.0, 0.0]], ""R"": [[448.79999078097325, 0.0], [0.0, 448.79999078097325]], ""P"": [[1000.0, 0.0, 0.0, 0.0], [0.0, 100000.0, 0.0, 0.0], [0.0, 0.0, 1000.0, 0.0], [0.0, 0.0, 0.0, 100000.0]]}","[-0.028482161518806844, -0.8798997162907118, 0.0]",False
3,P05,2e6a0a77-88d8-4501-ab04-4d78b67d0190,24,1,haply,mpc,seeded_random,756517391,persist_session,10.0,24.788007555007937,10721.751093855,0,1785938063.593443,1278.0,True,normal,adaptive,-0.08,0.08,0.0,-0.08,-0.08,0.0,-0.0786119331,-0.0358794199999999,0.0,-0.023721626,-0.16351631,0.20931071,-0.0010437988,-0.004777422,-0.038544487,"[19.951788535095947, 31.54226706408673, 0.0, 0.0, 0.0, 0.0, -0.871010922915187, 3.403788333207772]","[0.01040625066082471, -0.17698825364881793, 0.0]","{""Controller Type"": ""MPC Controller"", ""weight_comfort"": 447.4797073902534, ""weight_trajectory"": 3315.1217556584793, ""weight_goal"": 1000.0, ""Q"": [[3315.1217556584793, 0.0, 0.0, 0.0], [0.0, 0.0, 0.0, 0.0], [0.0, 0.0, 3315.1217556584793, 0.0], [0.0, 0.0, 0.0, 0.0]], ""R"": [[447.4797073902534, 0.0], [0.0, 447.4797073902534]], ""P"": [[1000.0, 0.0, 0.0, 0.0], [0.0, 100000.0, 0.0, 0.0], [0.0, 0.0, 1000.0, 0.0], [0.0, 0.0, 0.0, 100000.0]]}","[-0.07399375067421998, -0.9382226641354928, 0.0]",False
3,P05,2e6a0a77-88d8-4501-ab04-4d78b67d0190,24,1,haply,mpc,seeded_random,756517391,persist_session,10.0,24.798065481185915,10721.761161426,0,1785938063.6031868,1279.0,True,normal,adaptive,-0.08,0.08,0.0,-0.08,-0.08,0.0,-0.0786461240999999,-0.0366006999999999,0.0,-0.023745658,-0.16360494,0.20900156,-0.0010357099,-0.0046441564,-0.038610484,"[20.105691167756962, 31.559459907301623, 0.0, 0.0, 0.0, 0.0, -0.9082520724407755, 3.549442513755181]","[-0.13795859965520413, -0.2233183264248389, 0.0]","{""Controller Type"": ""MPC Controller"", ""weight_comfort"": 447.4797073902534, ""weight_trajectory"": 3315.1217556584793, ""weight_goal"": 1000.0, ""Q"": [[3315.1217556584793, 0.0, 0.0, 0.0], [0.0, 0.0, 0.0, 0.0], [0.0, 0.0, 3315.1217556584793, 0.0], [0.0, 0.0, 0.0, 0.0]], ""R"": [[447.4797073902534, 0.0], [0.0, 447.4797073902534]], ""P"": [[1000.0, 0.0, 0.0, 0.0], [0.0, 100000.0, 0.0, 0.0], [0.0, 0.0, 1000.0, 0.0], [0.0, 0.0, 0.0, 100000.0]]}","[-0.027505978429254188, -0.8107348872811755, 0.0]",False
3,P05,2e6a0a77-88d8-4501-ab04-4d78b67d0190,24,1,haply,mpc,seeded_random,756517391,persist_session,10.0,24.808356580734255,10721.771443662,0,1785938063.6131244,1280.0,True,normal,adaptive,-0.08,0.08,0.0,-0.08,-0.08,0.0,-0.0787182201,-0.037219,0.0,-0.02376952,-0.16369303,0.2086922,-0.0010868338,-0.0047296574,-0.038331643,"[20.15779894897043, 31.57172863998652, 0.0, 0.0, 0.0, 0.0, -0.8658734480491547, 3.369763972815253]","[-0.13795859965520413, -0.2233183264248389, 0.0]","{""Controller Type"": ""MPC Controller"", ""weight_comfort"": 447.4797073902534, ""weight_trajectory"": 3315.1217556584793, ""weight_goal"": 1000.0, ""Q"": [[3315.1217556584793, 0.0, 0.0, 0.0], [0.0, 0.0, 0.0, 0.0], [0.0, 0.0, 3315.1217556584793, 0.0], [0.0, 0.0, 0.0, 0.0]], ""R"": [[447.4797073902534, 0.0], [0.0, 447.4797073902534]], ""P"": [[1000.0, 0.0, 0.0, 0.0], [0.0, 100000.0, 0.0, 0.0], [0.0, 0.0, 1000.0, 0.0], [0.0, 0.0, 0.0, 100000.0]]}","[0.011437432764334322, -0.9016117575574578, 0.0]",False
3,P05,2e6a0a77-88d8-4501-ab04-4d78b67d0190,24,1,haply,mpc,seeded_random,756517391,persist_session,10.0,24.81804376602173,10721.781137498,0,1785938063.6232302,1281.0,True,normal,adaptive,-0.08,0.08,0.0,-0.08,-0.08,0.0,-0.0787898061,-0.03783772,0.0,-0.023777654,-0.1637266,0.20842141,-0.0011587793,-0.004904465,-0.037565853,"[20.051070613991268, 31.54577865010944, 0.0, 0.0, 0.0, 0.0, -0.8577639860426656, 3.335349095500766]","[-0.24772402554928638, -0.16803797681512106, 0.0]","{""Controller Type"": ""MPC Controller"", ""weight_comfort"": 448.02858730083625, ""weight_trajectory"": 3311.828476194982, ""weight_goal"": 1000.0, ""Q"": [[3311.828476194982, 0.0, 0.0, 0.0], [0.0, 0.0, 0.0, 0.0], [0.0, 0.0, 3311.828476194982, 0.0], [0.0, 0.0, 0.0, 0.0]], ""R"": [[448.02858730083625, 0.0], [0.0, 448.02858730083625]], ""P"": [[1000.0, 0.0, 0.0, 0.0], [0.0, 100000.0, 0.0, 0.0], [0.0, 0.0, 1000.0, 0.0], [0.0, 0.0, 0.0, 100000.0]]}","[0.013044580279439362, -0.8889151081582051, 0.0]",False
3,P05,2e6a0a77-88d8-4501-ab04-4d78b67d0190,24,1,haply,mpc,seeded_random,756517391,persist_session,10.0,24.828192768096926,10721.791269348,0,1785938063.6332974,1282.0,True,normal,adaptive,-0.08,0.08,0.0,-0.08,-0.08,0.0,-0.0788142080999999,-0.0383793,0.0,-0.023801226,-0.16381368,0.20811164,-0.0012479062,-0.0051461183,-0.036514353,"[19.832274102148542, 31.52629765029475, 0.0, 0.0, 0.0, 0.0, -0.8370798570347106, 3.2401548584579953]","[-0.09993371362285405, -0.13946867682052155, 0.0]","{""Controller Type"": ""MPC Controller"", ""weight_comfort"": 448.02858730083625, ""weight_trajectory"": 3311.828476194982, ""weight_goal"": 1000.0, ""Q"": [[3311.828476194982, 0.0, 0.0, 0.0], [0.0, 0.0, 0.0, 0.0], [0.0, 0.0, 3311.828476194982, 0.0], [0.0, 0.0, 0.0, 0.0]], ""R"": [[448.02858730083625, 0.0], [0.0, 448.02858730083625]], ""P"": [[1000.0, 0.0, 0.0, 0.0], [0.0, 100000.0, 0.0, 0.0], [0.0, 0.0, 1000.0, 0.0], [0.0, 0.0, 0.0, 100000.0]]}","[-0.030246595744306628, -0.940761104140232, 0.0]",False
3,P05,2e6a0a77-88d8-4501-ab04-4d78b67d0190,24,1,haply,mpc,seeded_random,756517391,persist_session,10.0,24.837908802032473,10721.801005926,0,1785938063.643249,1283.0,True,normal,adaptive,-0.08,0.08,0.0,-0.08,-0.08,0.0,-0.0788849241,-0.03899884,0.0,-0.02382207,-0.16388951,0.20789202,-0.0013333048,-0.0053852675,-0.03539307,"[19.91572655945657, 31.54832056533177, 0.0, 0.0, 0.0, 0.0, -0.8587073124299758, 3.3295571574990497]","[-0.24638988367924938, -0.1720748133850319, 0.0]","{""Controller Type"": ""MPC Controller"", ""weight_comfort"": 448.02858730083625, ""weight_trajectory"": 3311.828476194982, ""weight_goal"": 1000.0, ""Q"": [[3311.828476194982, 0.0, 0.0, 0.0], [0.0, 0.0, 0.0, 0.0], [0.0, 0.0, 3311.828476194982, 0.0], [0.0, 0.0, 0.0, 0.0]], ""R"": [[448.02858730083625, 0.0], [0.0, 448.02858730083625]], ""P"": [[1000.0, 0.0, 0.0, 0.0], [0.0, 100000.0, 0.0, 0.0], [0.0, 0.0, 1000.0, 0.0], [0.0, 0.0, 0.0, 100000.0]]}","[0.01753615994704468, -0.838548084243412, 0.0]",False
3,P05,2e6a0a77-88d8-4501-ab04-4d78b67d0190,24,1,haply,mpc,seeded_random,756517391,persist_session,10.0,24.848218021392825,10721.811304058,0,1785938063.6532469,1284.0,True,normal,adaptive,-0.08,0.08,0.0,-0.08,-0.08,0.0,-0.0789474561,-0.0394380799999999,0.0,-0.02382207,-0.16388951,0.20789202,-0.0013333048,-0.0053852675,-0.03539307,"[19.80935517415076, 31.522070809621273, 0.0, 0.0, 0.0, 0.0, -0.8301712188475099, 3.171492988920225]","[-0.24638988367924938, -0.1720748133850319, 0.0]","{""Controller Type"": ""MPC Controller"", ""weight_comfort"": 446.54098770216416, ""weight_trajectory"": 3320.754073787015, ""weight_goal"": 1000.0, ""Q"": [[3320.754073787015, 0.0, 0.0, 0.0], [0.0, 0.0, 0.0, 0.0], [0.0, 0.0, 3320.754073787015, 0.0], [0.0, 0.0, 0.0, 0.0]], ""R"": [[446.54098770216416, 0.0], [0.0, 446.54098770216416]], ""P"": [[1000.0, 0.0, 0.0, 0.0], [0.0, 100000.0, 0.0, 0.0], [0.0, 0.0, 1000.0, 0.0], [0.0, 0.0, 0.0, 100000.0]]}","[0.01219815192360113, -0.999351411206185, 0.0]",False
3,P05,2e6a0a77-88d8-4501-ab04-4d78b67d0190,24,1,haply,mpc,seeded_random,756517391,persist_session,10.0,24.8581812953949,10721.821274415,0,1785938063.66329,1285.0,True,normal,adaptive,-0.08,0.08,0.0,-0.08,-0.08,0.0,-0.0789707601,-0.03998032,0.0,-0.023829838,-0.16392188,0.2076209,-0.0014334413,-0.0056787734,-0.034135114,"[19.645336949911066, 31.50608195824629, 0.0, 0.0, 0.0, 0.0, -0.8512515454697229, 3.2653937769894066]","[-0.2180065223149095, -0.10566135034072938, 0.0]","{""Controller Type"": ""MPC Controller"", ""weight_comfort"": 446.54098770216416, ""weight_trajectory"": 3320.754073787015, ""weight_goal"": 1000.0, ""Q"": [[3320.754073787015, 0.0, 0.0, 0.0], [0.0, 0.0, 0.0, 0.0], [0.0, 0.0, 3320.754073787015, 0.0], [0.0, 0.0, 0.0, 0.0]], ""R"": [[446.54098770216416, 0.0], [0.0, 446.54098770216416]], ""P"": [[1000.0, 0.0, 0.0, 0.0], [0.0, 100000.0, 0.0, 0.0], [0.0, 0.0, 1000.0, 0.0], [0.0, 0.0, 0.0, 100000.0]]}","[-0.02426516937674929, -0.8844886802494135, 0.0]",False
3,P05,2e6a0a77-88d8-4501-ab04-4d78b67d0190,24,1,haply,mpc,seeded_random,756517391,persist_session,10.0,24.8681910610199,10721.831280029,0,1785938063.67332,1286.0,True,normal,adaptive,-0.08,0.08,0.0,-0.08,-0.08,0.0,-0.0790326351,-0.0404200399999999,0.0,-0.023829523,-0.16393165,0.20711768,-0.0014596892,-0.005685654,-0.031520385,"[19.700344286959197, 31.520613944336592, 0.0, 0.0, 0.0, 0.0, -0.8342836810978064, 3.1740094199290967]","[-0.21350726406861223, -0.1061287443038121, 0.0]","{""Controller Type"": ""MPC Controller"", ""weight_comfort"": 446.54098770216416, ""weight_trajectory"": 3320.754073787015, ""weight_goal"": 1000.0, ""Q"": [[3320.754073787015, 0.0, 0.0, 0.0], [0.0, 0.0, 0.0, 0.0], [0.0, 0.0, 3320.754073787015, 0.0], [0.0, 0.0, 0.0, 0.0]], ""R"": [[446.54098770216416, 0.0], [0.0, 446.54098770216416]], ""P"": [[1000.0, 0.0, 0.0, 0.0], [0.0, 100000.0, 0.0, 0.0], [0.0, 0.0, 1000.0, 0.0], [0.0, 0.0, 0.0, 100000.0]]}","[0.015221444722301516, -0.9659045298163423, 0.0]",False
3,P05,2e6a0a77-88d8-4501-ab04-4d78b67d0190,24,1,haply,mpc,seeded_random,756517391,persist_session,10.0,24.87818222999573,10721.841281806,0,1785938063.6833465,1287.0,True,normal,adaptive,-0.08,0.08,0.0,-0.08,-0.08,0.0,-0.0789698151,-0.04098676,0.0,-0.023849986,-0.16400619,0.20689759,-0.0013450825,-0.0052605895,-0.030269388,"[19.700344286959197, 31.520613944336592, 0.0, 0.0, 0.0, 0.0, -0.8342836810978064, 3.1740094199290967]","[-0.21350726406861223, -0.1061287443038121, 0.0]","{""Controller Type"": ""MPC Controller"", ""weight_comfort"": 445.84196957483334, ""weight_trajectory"": 3324.9481825509997, ""weight_goal"": 1000.0, ""Q"": [[3324.9481825509997, 0.0, 0.0, 0.0], [0.0, 0.0, 0.0, 0.0], [0.0, 0.0, 3324.9481825509997, 0.0], [0.0, 0.0, 0.0, 0.0]], ""R"": [[445.84196957483334, 0.0], [0.0, 445.84196957483334]], ""P"": [[1000.0, 0.0, 0.0, 0.0], [0.0, 100000.0, 0.0, 0.0], [0.0, 0.0, 1000.0, 0.0], [0.0, 0.0, 0.0, 100000.0]]}","[-0.10624933773873638, -0.8258229258254004, 0.0]",False
3,P05,2e6a0a77-88d8-4501-ab04-4d78b67d0190,24,1,haply,mpc,seeded_random,756517391,persist_session,10.0,24.887965021133425,10721.851055456,0,1785938063.6931648,1288.0,True,normal,adaptive,-0.08,0.08,0.0,-0.08,-0.08,0.0,-0.0790312041,-0.04142694,0.0,-0.023870394,-0.16408056,0.20667738,-0.0012440855,-0.004885018,-0.02909657,"[19.69504943322845, 31.701599266249517, 0.0, 0.0, 0.0, 0.0, -0.8431465310863213, 3.193154999370366]","[0.17811378768747627, -0.15298352778698063, 0.0]","{""Controller Type"": ""MPC Controller"", ""weight_comfort"": 445.84196957483334, ""weight_trajectory"": 3324.9481825509997, ""weight_goal"": 1000.0, ""Q"": [[3324.9481825509997, 0.0, 0.0, 0.0], [0.0, 0.0, 0.0, 0.0], [0.0, 0.0, 3324.9481825509997, 0.0], [0.0, 0.0, 0.0, 0.0]], ""R"": [[445.84196957483334, 0.0], [0.0, 445.84196957483334]], ""P"": [[1000.0, 0.0, 0.0, 0.0], [0.0, 100000.0, 0.0, 0.0], [0.0, 0.0, 1000.0, 0.0], [0.0, 0.0, 0.0, 100000.0]]}","[0.015938332808875764, -0.9219406274839478, 0.0]",False
3,P05,2e6a0a77-88d8-4501-ab04-4d78b67d0190,24,1,haply,mpc,seeded_random,756517391,persist_session,10.0,24.898072299957278,10721.861168134,0,1785938063.7032974,1289.0,True,normal,adaptive,-0.08,0.08,0.0,-0.08,-0.08,0.0,-0.0790924281,-0.04186736,0.0,-0.023862176,-0.16405752,0.20644537,-0.0011955014,-0.0046943803,-0.028133871,"[19.625131649796526, 31.682355874603655, 0.0, 0.0, 0.0, 0.0, -0.839385478284752, 3.1735641276916353]","[-0.2092457855899869, -0.10593369364670305, 0.0]","{""Controller Type"": ""MPC Controller"", ""weight_comfort"": 445.84196957483334, ""weight_trajectory"": 3324.9481825509997, ""weight_goal"": 1000.0, ""Q"": [[3324.9481825509997, 0.0, 0.0, 0.0], [0.0, 0.0, 0.0, 0.0], [0.0, 0.0, 3324.9481825509997, 0.0], [0.0, 0.0, 0.0, 0.0]], ""R"": [[445.84196957483334, 0.0], [0.0, 445.84196957483334]], ""P"": [[1000.0, 0.0, 0.0, 0.0], [0.0, 100000.0, 0.0, 0.0], [0.0, 0.0, 1000.0, 0.0], [0.0, 0.0, 0.0, 100000.0]]}","[0.016695406291731694, -0.9195685973572704, 0.0]",False
3,P05,2e6a0a77-88d8-4501-ab04-4d78b67d0190,24,1,haply,mpc,seeded_random,756517391,persist_session,10.0,24.907968578338625,10721.871057399,0,1785938063.7131715,1290.0,True,normal,adaptive,-0.08,0.08,0.0,-0.08,-0.08,0.0,-0.0790677740999999,-0.04233138,0.0,-0.023895472,-0.16417475,0.20627601,-0.0011838006,-0.0046331976,-0.027273584,"[19.382890920512256, 31.708830711653803, 0.0, 0.0, 0.0, 0.0, -0.8439706211852017, 3.195322377376189]","[-0.2092457855899869, -0.10593369364670305, 0.0]","{""Controller Type"": ""MPC Controller"", ""weight_comfort"": 444.34835844683784, ""weight_trajectory"": 3333.909849318973, ""weight_goal"": 1000.0, ""Q"": [[3333.909849318973, 0.0, 0.0, 0.0], [0.0, 0.0, 0.0, 0.0], [0.0, 0.0, 3333.909849318973, 0.0], [0.0, 0.0, 0.0, 0.0]], ""R"": [[444.34835844683784, 0.0], [0.0, 444.34835844683784]], ""P"": [[1000.0, 0.0, 0.0, 0.0], [0.0, 100000.0, 0.0, 0.0], [0.0, 0.0, 1000.0, 0.0], [0.0, 0.0, 0.0, 100000.0]]}","[-0.06598853091686047, -0.871129692025598, 0.0]",False
3,P05,2e6a0a77-88d8-4501-ab04-4d78b67d0190,24,1,haply,mpc,seeded_random,756517391,persist_session,10.0,24.91789775848389,10721.880986581,0,1785938063.7231424,1291.0,True,normal,adaptive,-0.08,0.08,0.0,-0.08,-0.08,0.0,-0.0791676621,-0.0426700999999999,0.0,-0.023915652,-0.16424833,0.20605536,-0.0011998166,-0.0046690525,-0.026494307,"[19.644863474259992, 31.835820700286057, 0.0, 0.0, 0.0, 0.0, -0.834064125991538, 3.117670762151429]","[-0.3352884133415645, -0.0747769080095706, 0.0]","{""Controller Type"": ""MPC Controller"", ""weight_comfort"": 444.34835844683784, ""weight_trajectory"": 3333.909849318973, ""weight_goal"": 1000.0, ""Q"": [[3333.909849318973, 0.0, 0.0, 0.0], [0.0, 0.0, 0.0, 0.0], [0.0, 0.0, 3333.909849318973, 0.0], [0.0, 0.0, 0.0, 0.0]], ""R"": [[444.34835844683784, 0.0], [0.0, 444.34835844683784]], ""P"": [[1000.0, 0.0, 0.0, 0.0], [0.0, 100000.0, 0.0, 0.0], [0.0, 0.0, 1000.0, 0.0], [0.0, 0.0, 0.0, 100000.0]]}","[0.05803452152529329, -0.9835989984581137, 0.0]",False
3,P05,2e6a0a77-88d8-4501-ab04-4d78b67d0190,24,1,haply,mpc,seeded_random,756517391,persist_session,10.0,24.928031501770022,10721.891109301,0,1785938063.733306,1292.0,True,normal,adaptive,-0.08,0.08,0.0,-0.08,-0.08,0.0,-0.0792282020999999,-0.0431114,0.0,-0.02392263,-0.164278,0.20578365,-0.0012251941,-0.004741221,-0.025889438,"[19.644863474259992, 31.835820700286057, 0.0, 0.0, 0.0, 0.0, -0.834064125991538, 3.117670762151429]","[-0.3352884133415645, -0.0747769080095706, 0.0]","{""Controller Type"": ""MPC Controller"", ""weight_comfort"": 444.34835844683784, ""weight_trajectory"": 3333.909849318973, ""weight_goal"": 1000.0, ""Q"": [[3333.909849318973, 0.0, 0.0, 0.0], [0.0, 0.0, 0.0, 0.0], [0.0, 0.0, 3333.909849318973, 0.0], [0.0, 0.0, 0.0, 0.0]], ""R"": [[444.34835844683784, 0.0], [0.0, 444.34835844683784]], ""P"": [[1000.0, 0.0, 0.0, 0.0], [0.0, 100000.0, 0.0, 0.0], [0.0, 0.0, 1000.0, 0.0], [0.0, 0.0, 0.0, 100000.0]]}","[0.02198675304897224, -0.8779138931116021, 0.0]",False
3,P05,2e6a0a77-88d8-4501-ab04-4d78b67d0190,24,1,haply,mpc,seeded_random,756517391,persist_session,10.0,24.938154277801516,10721.901234849,0,1785938063.7430882,1293.0,True,normal,adaptive,-0.08,0.08,0.0,-0.08,-0.08,0.0,-0.0792491361,-0.0436548199999999,0.0,-0.02392263,-0.164278,0.20578365,-0.0012251941,-0.004741221,-0.025889438,"[19.37049760242518, 31.771806541482093, 0.0, 0.0, 0.0, 0.0, -0.8779784461907542, 3.3100928332452026]","[-0.08253577773643042, -0.15196958181644507, 0.0]","{""Controller Type"": ""MPC Controller"", ""weight_comfort"": 442.68858283292667, ""weight_trajectory"": 3343.86850300244, ""weight_goal"": 1000.0, ""Q"": [[3343.86850300244, 0.0, 0.0, 0.0], [0.0, 0.0, 0.0, 0.0], [0.0, 0.0, 3343.86850300244, 0.0], [0.0, 0.0, 0.0, 0.0]], ""R"": [[442.68858283292667, 0.0], [0.0, 442.68858283292667]], ""P"": [[1000.0, 0.0, 0.0, 0.0], [0.0, 100000.0, 0.0, 0.0], [0.0, 0.0, 1000.0, 0.0], [0.0, 0.0, 0.0, 100000.0]]}","[-0.01356814199309255, -0.7444677931156166, 0.0]",False
3,P05,2e6a0a77-88d8-4501-ab04-4d78b67d0190,24,1,haply,mpc,seeded_random,756517391,persist_session,10.0,24.948133287429812,10721.91120696,0,1785938063.7531416,1294.0,True,normal,adaptive,-0.08,0.08,0.0,-0.08,-0.08,0.0,-0.0793553001,-0.0441761199999999,0.0,-0.023958018,-0.16440435,0.205523,-0.0012528845,-0.0048249527,-0.025445648,"[19.479942368751708, 31.842831283910986, 0.0, 0.0, 0.0, 0.0, -0.8654442304222428, 3.2570060805305974]","[-0.08253577773643042, -0.15196958181644507, 0.0]","{""Controller Type"": ""MPC Controller"", ""weight_comfort"": 442.68858283292667, ""weight_trajectory"": 3343.86850300244, ""weight_goal"": 1000.0, ""Q"": [[3343.86850300244, 0.0, 0.0, 0.0], [0.0, 0.0, 0.0, 0.0], [0.0, 0.0, 3343.86850300244, 0.0], [0.0, 0.0, 0.0, 0.0]], ""R"": [[442.68858283292667, 0.0], [0.0, 442.68858283292667]], ""P"": [[1000.0, 0.0, 0.0, 0.0], [0.0, 100000.0, 0.0, 0.0], [0.0, 0.0, 1000.0, 0.0], [0.0, 0.0, 0.0, 100000.0]]}","[0.0717345647526314, -0.7615257565444734, 0.0]",False
3,P05,2e6a0a77-88d8-4501-ab04-4d78b67d0190,24,1,haply,mpc,seeded_random,756517391,persist_session,10.0,24.95833974838257,10721.921431539,0,1785938063.7635524,1295.0,True,normal,adaptive,-0.08,0.08,0.0,-0.08,-0.08,0.0,-0.0793755561,-0.0447199799999999,0.0,-0.02398456,-0.16450554,0.20502976,-0.001324599,-0.005056684,-0.024903582,"[19.293283255890884, 31.818177798521887, 0.0, 0.0, 0.0, 0.0, -0.8628523326528036, 3.246183049215258]","[-0.07395538956844833, -0.13913932840871068, 0.0]","{""Controller Type"": ""MPC Controller"", ""weight_comfort"": 442.68858283292667, ""weight_trajectory"": 3343.86850300244, ""weight_goal"": 1000.0, ""Q"": [[3343.86850300244, 0.0, 0.0, 0.0], [0.0, 0.0, 0.0, 0.0], [0.0, 0.0, 3343.86850300244, 0.0], [0.0, 0.0, 0.0, 0.0]], ""R"": [[442.68858283292667, 0.0], [0.0, 442.68858283292667]], ""P"": [[1000.0, 0.0, 0.0, 0.0], [0.0, 100000.0, 0.0, 0.0], [0.0, 0.0, 1000.0, 0.0], [0.0, 0.0, 0.0, 100000.0]]}","[-0.009696926019980848, -0.7387403975701622, 0.0]",False
3,P05,2e6a0a77-88d8-4501-ab04-4d78b67d0190,24,1,haply,mpc,seeded_random,756517391,persist_session,10.0,24.96804719924927,10721.931129876,0,1785938063.7734735,1296.0,True,normal,adaptive,-0.08,0.08,0.0,-0.08,-0.08,0.0,-0.0794349261,-0.0451626,0.0,-0.024035005,-0.1646841,0.20472814,-0.001358265,-0.0051681115,-0.024762623,"[19.293283255890884, 31.818177798521887, 0.0, 0.0, 0.0, 0.0, -0.8628523326528036, 3.246183049215258]","[-0.07395538956844833, -0.13913932840871068, 0.0]","{""Controller Type"": ""MPC Controller"", ""weight_comfort"": 440.78485182765473, ""weight_trajectory"": 3355.290889034072, ""weight_goal"": 1000.0, ""Q"": [[3355.290889034072, 0.0, 0.0, 0.0], [0.0, 0.0, 0.0, 0.0], [0.0, 0.0, 3355.290889034072, 0.0], [0.0, 0.0, 0.0, 0.0]], ""R"": [[440.78485182765473, 0.0], [0.0, 440.78485182765473]], ""P"": [[1000.0, 0.0, 0.0, 0.0], [0.0, 100000.0, 0.0, 0.0], [0.0, 0.0, 1000.0, 0.0], [0.0, 0.0, 0.0, 100000.0]]}","[0.0316028010692872, -0.7978051418839208, 0.0]",False
3,P05,2e6a0a77-88d8-4501-ab04-4d78b67d0190,24,1,haply,mpc,seeded_random,756517391,persist_session,10.0,24.97799831390381,10721.941093271,0,1785938063.783266,1297.0,True,normal,adaptive,-0.08,0.08,0.0,-0.08,-0.08,0.0,-0.0795862611,-0.04576584,0.0,-0.024056736,-0.16476497,0.20441559,-0.0015370533,-0.005784885,-0.025092829,"[19.404418940582367, 31.93396865241423, 0.0, 0.0, 0.0, 0.0, -0.9005910259516585, 3.3750739004174783]","[-0.5015501490654499, -0.1770848119468842, 0.0]","{""Controller Type"": ""MPC Controller"", ""weight_comfort"": 440.78485182765473, ""weight_trajectory"": 3355.290889034072, ""weight_goal"": 1000.0, ""Q"": [[3355.290889034072, 0.0, 0.0, 0.0], [0.0, 0.0, 0.0, 0.0], [0.0, 0.0, 3355.290889034072, 0.0], [0.0, 0.0, 0.0, 0.0]], ""R"": [[440.78485182765473, 0.0], [0.0, 440.78485182765473]], ""P"": [[1000.0, 0.0, 0.0, 0.0], [0.0, 100000.0, 0.0, 0.0], [0.0, 0.0, 1000.0, 0.0], [0.0, 0.0, 0.0, 100000.0]]}","[0.12912496083354655, -0.6139726019482848, 0.0]",False
3,P05,2e6a0a77-88d8-4501-ab04-4d78b67d0190,24,1,haply,mpc,seeded_random,756517391,persist_session,10.0,24.98816257476807,10721.951249065,0,1785938063.7934976,1298.0,True,normal,adaptive,-0.08,0.08,0.0,-0.08,-0.08,0.0,-0.0796514540999999,-0.0463909399999999,0.0,-0.024078296,-0.16484527,0.20410275,-0.0017353798,-0.006471089,-0.025548482,"[19.27082282973552, 31.837961762325524, 0.0, 0.0, 0.0, 0.0, -0.8928780637655908, 3.345999719867331]","[-0.5015501490654499, -0.1770848119468842, 0.0]","{""Controller Type"": ""MPC Controller"", ""weight_comfort"": 440.78485182765473, ""weight_trajectory"": 3355.290889034072, ""weight_goal"": 1000.0, ""Q"": [[3355.290889034072, 0.0, 0.0, 0.0], [0.0, 0.0, 0.0, 0.0], [0.0, 0.0, 3355.290889034072, 0.0], [0.0, 0.0, 0.0, 0.0]], ""R"": [[440.78485182765473, 0.0], [0.0, 440.78485182765473]], ""P"": [[1000.0, 0.0, 0.0, 0.0], [0.0, 100000.0, 0.0, 0.0], [0.0, 0.0, 1000.0, 0.0], [0.0, 0.0, 0.0, 100000.0]]}","[0.04515180257698728, -0.5968542985472803, 0.0]",False
3,P05,2e6a0a77-88d8-4501-ab04-4d78b67d0190,24,1,haply,mpc,seeded_random,756517391,persist_session,10.0,24.998086509704592,10721.961180433,0,1785938063.8031085,1299.0,True,normal,adaptive,-0.08,0.08,0.0,-0.08,-0.08,0.0,-0.0797161341,-0.04701662,0.0,-0.024099702,-0.16492504,0.20378967,-0.0018757195,-0.006958228,-0.025943747,"[19.25242168170368, 31.82111997887313, 0.0, 0.0, 0.0, 0.0, -0.9015669872011135, 3.3777481292528093]","[-0.21961694343469043, -0.19015853336104424, 0.0]","{""Controller Type"": ""MPC Controller"", ""weight_comfort"": 440.12398780810116, ""weight_trajectory"": 3359.256073151393, ""weight_goal"": 1000.0, ""Q"": [[3359.256073151393, 0.0, 0.0, 0.0], [0.0, 0.0, 0.0, 0.0], [0.0, 0.0, 3359.256073151393, 0.0], [0.0, 0.0, 0.0, 0.0]], ""R"": [[440.12398780810116, 0.0], [0.0, 440.12398780810116]], ""P"": [[1000.0, 0.0, 0.0, 0.0], [0.0, 100000.0, 0.0, 0.0], [0.0, 0.0, 1000.0, 0.0], [0.0, 0.0, 0.0, 100000.0]]}","[0.051534044829010944, -0.5369774513631266, 0.0]",False
3,P05,2e6a0a77-88d8-4501-ab04-4d78b67d0190,24,1,haply,mpc,seeded_random,756517391,persist_session,10.0,25.00799041748047,10721.971089354,0,1785938063.813061,1300.0,True,normal,adaptive,-0.08,0.08,0.0,-0.08,-0.08,0.0,-0.0797803521,-0.0476427799999999,0.0,-0.024134248,-0.16504855,0.20352681,-0.0020159772,-0.007445008,-0.026333489,"[19.233562875539054, 31.800115095066378, 0.0, 0.0, 0.0, 0.0, -0.8869676217846736, 3.324115989144837]","[-0.20941230560766805, -0.18043548837504428, 0.0]","{""Controller Type"": ""MPC Controller"", ""weight_comfort"": 440.12398780810116, ""weight_trajectory"": 3359.256073151393, ""weight_goal"": 1000.0, ""Q"": [[3359.256073151393, 0.0, 0.0, 0.0], [0.0, 0.0, 0.0, 0.0], [0.0, 0.0, 3359.256073151393, 0.0], [0.0, 0.0, 0.0, 0.0]], ""R"": [[440.12398780810116, 0.0], [0.0, 440.12398780810116]], ""P"": [[1000.0, 0.0, 0.0, 0.0], [0.0, 100000.0, 0.0, 0.0], [0.0, 0.0, 1000.0, 0.0], [0.0, 0.0, 0.0, 100000.0]]}","[0.051797754094387596, -0.53588701082909, 0.0]",False
3,P05,2e6a0a77-88d8-4501-ab04-4d78b67d0190,24,1,haply,mpc,seeded_random,756517391,persist_session,10.0,25.01841956138611,10721.981506713,0,1785938063.8232088,1301.0,True,normal,adaptive,-0.08,0.08,0.0,-0.08,-0.08,0.0,-0.0798839901,-0.0481685,0.0,-0.024157291,-0.16513589,0.20312211,-0.0021701176,-0.007984282,-0.026960107,"[19.2357138412845, 31.806201570907113, 0.0, 0.0, 0.0, 0.0, -0.8543714761829614, 3.1947342929921114]","[-0.32706330720367804, -0.13831128383668098, 0.0]","{""Controller Type"": ""MPC Controller"", ""weight_comfort"": 440.12398780810116, ""weight_trajectory"": 3359.256073151393, ""weight_goal"": 1000.0, ""Q"": [[3359.256073151393, 0.0, 0.0, 0.0], [0.0, 0.0, 0.0, 0.0], [0.0, 0.0, 3359.256073151393, 0.0], [0.0, 0.0, 0.0, 0.0]], ""R"": [[440.12398780810116, 0.0], [0.0, 440.12398780810116]], ""P"": [[1000.0, 0.0, 0.0, 0.0], [0.0, 100000.0, 0.0, 0.0], [0.0, 0.0, 1000.0, 0.0], [0.0, 0.0, 0.0, 100000.0]]}","[0.09251976944525067, -0.6237622519197787, 0.0]",False
3,P05,2e6a0a77-88d8-4501-ab04-4d78b67d0190,24,1,haply,mpc,seeded_random,756517391,persist_session,10.0,25.028293428421023,10721.991380906,0,1785938063.833115,1302.0,True,normal,adaptive,-0.08,0.08,0.0,-0.08,-0.08,0.0,-0.0799531191,-0.0489779,0.0,-0.024180077,-0.16522233,0.20271716,-0.0023215658,-0.008526741,-0.02816003,"[19.22304371931351, 31.75375946072448, 0.0, 0.0, 0.0, 0.0, -1.0032377380005877, 3.6958729298932353]","[-0.32706330720367804, -0.13831128383668098, 0.0]","{""Controller Type"": ""MPC Controller"", ""weight_comfort"": 440.65902130848593, ""weight_trajectory"": 3402.5341518760683, ""weight_goal"": 1069.360219842446, ""Q"": [[3402.5341518760683, 0.0, 0.0, 0.0], [0.0, 0.0, 0.0, 0.0], [0.0, 0.0, 3402.5341518760683, 0.0], [0.0, 0.0, 0.0, 0.0]], ""R"": [[440.65902130848593, 0.0], [0.0, 440.65902130848593]], ""P"": [[1069.360219842446, 0.0, 0.0, 0.0], [0.0, 106936.0219842446, 0.0, 0.0], [0.0, 0.0, 1069.360219842446, 0.0], [0.0, 0.0, 0.0, 106936.0219842446]]}","[0.06480702869338867, -0.31044355675483626, 0.0]",False
3,P05,2e6a0a77-88d8-4501-ab04-4d78b67d0190,24,1,haply,mpc,seeded_random,756517391,persist_session,10.0,25.038050231933596,10722.001139812,0,1785938063.843106,1303.0,True,normal,adaptive,-0.08,0.08,0.0,-0.08,-0.08,0.0,-0.0800214771,-0.0497877999999999,0.0,-0.02418557,-0.16524698,0.20244393,-0.0023952133,-0.008802025,-0.02927754,"[19.222963659469556, 31.732197950382282, 0.0, 0.0, 0.0, 0.0, -0.9856428998315572, 3.6368862687556933]","[-0.21670419477416933, -0.2650473982904883, 0.0]","{""Controller Type"": ""MPC Controller"", ""weight_comfort"": 440.65902130848593, ""weight_trajectory"": 3402.5341518760683, ""weight_goal"": 1069.360219842446, ""Q"": [[3402.5341518760683, 0.0, 0.0, 0.0], [0.0, 0.0, 0.0, 0.0], [0.0, 0.0, 3402.5341518760683, 0.0], [0.0, 0.0, 0.0, 0.0]], ""R"": [[440.65902130848593, 0.0], [0.0, 440.65902130848593]], ""P"": [[1069.360219842446, 0.0, 0.0, 0.0], [0.0, 106936.0219842446, 0.0, 0.0], [0.0, 0.0, 1069.360219842446, 0.0], [0.0, 0.0, 0.0, 106936.0219842446]]}","[0.06662363758201792, -0.2879975064050587, 0.0]",False
3,P05,2e6a0a77-88d8-4501-ab04-4d78b67d0190,24,1,haply,mpc,seeded_random,756517391,persist_session,10.0,25.0478945350647,10722.010989951,0,1785938063.853124,1304.0,True,normal,adaptive,-0.08,0.08,0.0,-0.08,-0.08,0.0,-0.0800379561,-0.05033426,0.0,-0.024192743,-0.16527927,0.20207953,-0.0023166344,-0.008551999,-0.030116584,"[19.229101906339512, 31.719379110743244, 0.0, 0.0, 0.0, 0.0, -0.9031180692370105, 3.3262351771487544]","[-0.051447252930185386, -0.15464951258536966, 0.0]","{""Controller Type"": ""MPC Controller"", ""weight_comfort"": 440.65902130848593, ""weight_trajectory"": 3402.5341518760683, ""weight_goal"": 1069.360219842446, ""Q"": [[3402.5341518760683, 0.0, 0.0, 0.0], [0.0, 0.0, 0.0, 0.0], [0.0, 0.0, 3402.5341518760683, 0.0], [0.0, 0.0, 0.0, 0.0]], ""R"": [[440.65902130848593, 0.0], [0.0, 440.65902130848593]], ""P"": [[1069.360219842446, 0.0, 0.0, 0.0], [0.0, 106936.0219842446, 0.0, 0.0], [0.0, 0.0, 1069.360219842446, 0.0], [0.0, 0.0, 0.0, 106936.0219842446]]}","[0.017514506906567463, -0.5231220795777706, 0.0]",False
3,P05,2e6a0a77-88d8-4501-ab04-4d78b67d0190,24,1,haply,mpc,seeded_random,756517391,persist_session,10.0,25.058010873794558,10722.021100519,0,1785938063.8631637,1305.0,True,normal,adaptive,-0.08,0.08,0.0,-0.08,-0.08,0.0,-0.0800594751,-0.0510630599999999,0.0,-0.024214875,-0.16536354,0.20167388,-0.0021564248,-0.008025867,-0.031065524,"[19.22940041540298, 31.718875058507347, 0.0, 0.0, 0.0, 0.0, -0.9750600083285592, 3.571119970313724]","[-0.06684155225994633, -0.2310160648085472, 0.0]","{""Controller Type"": ""MPC Controller"", ""weight_comfort"": 438.6073743695054, ""weight_trajectory"": 12283.661360790438, ""weight_goal"": 14302.723509901798, ""Q"": [[12283.661360790438, 0.0, 0.0, 0.0], [0.0, 0.0, 0.0, 0.0], [0.0, 0.0, 12283.661360790438, 0.0], [0.0, 0.0, 0.0, 0.0]], ""R"": [[438.6073743695054, 0.0], [0.0, 438.6073743695054]], ""P"": [[14302.723509901798, 0.0, 0.0, 0.0], [0.0, 1430272.3509901797, 0.0, 0.0], [0.0, 0.0, 14302.723509901798, 0.0], [0.0, 0.0, 0.0, 1430272.3509901797]]}","[0.029312436325858966, -0.4585254048914776, 0.0]",False
3,P05,2e6a0a77-88d8-4501-ab04-4d78b67d0190,24,1,haply,mpc,seeded_random,756517391,persist_session,10.0,25.068018493652346,10722.031108395,0,1785938063.873197,1306.0,True,normal,adaptive,-0.08,0.08,0.0,-0.08,-0.08,0.0,-0.0801258711,-0.05187436,0.0,-0.024221566,-0.1653942,0.2013092,-0.0019889588,-0.0074762357,-0.03207265,"[19.221180217970403, 31.74047365426499, 0.0, 0.0, 0.0, 0.0, -1.0047346852855379, 3.6690804091724636]","[-0.2076237634239603, -0.2684236858265675, 0.0]","{""Controller Type"": ""MPC Controller"", ""weight_comfort"": 438.6073743695054, ""weight_trajectory"": 12283.661360790438, ""weight_goal"": 14302.723509901798, ""Q"": [[12283.661360790438, 0.0, 0.0, 0.0], [0.0, 0.0, 0.0, 0.0], [0.0, 0.0, 12283.661360790438, 0.0], [0.0, 0.0, 0.0, 0.0]], ""R"": [[438.6073743695054, 0.0], [0.0, 438.6073743695054]], ""P"": [[14302.723509901798, 0.0, 0.0, 0.0], [0.0, 1430272.3509901797, 0.0, 0.0], [0.0, 0.0, 14302.723509901798, 0.0], [0.0, 0.0, 0.0, 1430272.3509901797]]}","[0.08650836707554735, -0.32451205166232383, 0.0]",False
3,P05,2e6a0a77-88d8-4501-ab04-4d78b67d0190,24,1,haply,mpc,seeded_random,756517391,persist_session,10.0,25.077919778823855,10722.041014172,0,1785938063.8832605,1307.0,True,normal,adaptive,-0.08,0.08,0.0,-0.08,-0.08,0.0,-0.0801459441,-0.05260372,0.0,-0.024197891,-0.16531953,0.20102715,-0.0017922169,-0.0068225996,-0.032887872,"[19.245216633481203, 31.726327210946295, 0.0, 0.0, 0.0, 0.0, -0.9560613161390529, 3.5054568356058087]","[-0.06047575395516088, -0.22787648707551483, 0.0]","{""Controller Type"": ""MPC Controller"", ""weight_comfort"": 438.6073743695054, ""weight_trajectory"": 12283.661360790438, ""weight_goal"": 14302.723509901798, ""Q"": [[12283.661360790438, 0.0, 0.0, 0.0], [0.0, 0.0, 0.0, 0.0], [0.0, 0.0, 12283.661360790438, 0.0], [0.0, 0.0, 0.0, 0.0]], ""R"": [[438.6073743695054, 0.0], [0.0, 438.6073743695054]], ""P"": [[14302.723509901798, 0.0, 0.0, 0.0], [0.0, 1430272.3509901797, 0.0, 0.0], [0.0, 0.0, 14302.723509901798, 0.0], [0.0, 0.0, 0.0, 1430272.3509901797]]}","[0.03354112373772728, -0.3899969078816386, 0.0]",False
3,P05,2e6a0a77-88d8-4501-ab04-4d78b67d0190,24,1,haply,mpc,seeded_random,756517391,persist_session,10.0,25.08793836593628,10722.051033974,0,1785938063.8932953,1308.0,True,normal,adaptive,-0.08,0.08,0.0,-0.08,-0.08,0.0,-0.0800749191,-0.05316782,0.0,-0.024201084,-0.16533434,0.20084491,-0.0014963994,-0.0058156117,-0.032990023,"[19.26734666284746, 31.792257599011723, 0.0, 0.0, 0.0, 0.0, -0.8996603717475791, 3.3028089585947074]","[0.22645959058942175, -0.16152108564206977, 0.0]","{""Controller Type"": ""MPC Controller"", ""weight_comfort"": 431.9201706553368, ""weight_trajectory"": 38124.91455624598, ""weight_goal"": 52745.550108315125, ""Q"": [[38124.91455624598, 0.0, 0.0, 0.0], [0.0, 0.0, 0.0, 0.0], [0.0, 0.0, 38124.91455624598, 0.0], [0.0, 0.0, 0.0, 0.0]], ""R"": [[431.9201706553368, 0.0], [0.0, 431.9201706553368]], ""P"": [[52745.550108315125, 0.0, 0.0, 0.0], [0.0, 5274555.0108315125, 0.0, 0.0], [0.0, 0.0, 52745.550108315125, 0.0], [0.0, 0.0, 0.0, 5274555.0108315125]]}","[-0.08988091205429342, -0.5672760173499771, 0.0]",False
3,P05,2e6a0a77-88d8-4501-ab04-4d78b67d0190,24,1,haply,mpc,seeded_random,756517391,persist_session,10.0,25.098183689117434,10722.06126733,0,1785938063.9032247,1309.0,True,normal,adaptive,-0.08,0.08,0.0,-0.08,-0.08,0.0,-0.0800844981,-0.0535323,0.0,-0.02420579,-0.16535628,0.20057146,-0.0012257444,-0.0048828656,-0.03255361,"[19.24623566935992, 31.802536028608383, 0.0, 0.0, 0.0, 0.0, -0.8692859561484363, 3.166748963972223]","[0.22645959058942175, -0.16152108564206977, 0.0]","{""Controller Type"": ""MPC Controller"", ""weight_comfort"": 431.9201706553368, ""weight_trajectory"": 38124.91455624598, ""weight_goal"": 52745.550108315125, ""Q"": [[38124.91455624598, 0.0, 0.0, 0.0], [0.0, 0.0, 0.0, 0.0], [0.0, 0.0, 38124.91455624598, 0.0], [0.0, 0.0, 0.0, 0.0]], ""R"": [[431.9201706553368, 0.0], [0.0, 431.9201706553368]], ""P"": [[52745.550108315125, 0.0, 0.0, 0.0], [0.0, 5274555.0108315125, 0.0, 0.0], [0.0, 0.0, 52745.550108315125, 0.0], [0.0, 0.0, 0.0, 5274555.0108315125]]}","[0.021126124889998817, -0.81617393421875, 0.0]",False
3,P05,2e6a0a77-88d8-4501-ab04-4d78b67d0190,24,1,haply,mpc,seeded_random,756517391,persist_session,10.0,25.108055171966555,10722.071147267,0,1785938063.913311,1310.0,True,normal,adaptive,-0.08,0.08,0.0,-0.08,-0.08,0.0,-0.0800986161,-0.0540791999999999,0.0,-0.024208853,-0.16537067,0.20038919,-0.0009625946,-0.0039685983,-0.031786293,"[19.246219644710315, 31.80254583486613, 0.0, 0.0, 0.0, 0.0, -0.9172054707486558, 3.338947158760252]","[-0.02905392413437946, -0.09323411991315803, 0.0]","{""Controller Type"": ""MPC Controller"", ""weight_comfort"": 431.9201706553368, ""weight_trajectory"": 38124.91455624598, ""weight_goal"": 52745.550108315125, ""Q"": [[38124.91455624598, 0.0, 0.0, 0.0], [0.0, 0.0, 0.0, 0.0], [0.0, 0.0, 38124.91455624598, 0.0], [0.0, 0.0, 0.0, 0.0]], ""R"": [[431.9201706553368, 0.0], [0.0, 431.9201706553368]], ""P"": [[52745.550108315125, 0.0, 0.0, 0.0], [0.0, 5274555.0108315125, 0.0, 0.0], [0.0, 0.0, 52745.550108315125, 0.0], [0.0, 0.0, 0.0, 5274555.0108315125]]}","[0.028404888926622247, -0.5491255799979732, 0.0]",False
3,P05,2e6a0a77-88d8-4501-ab04-4d78b67d0190,24,1,haply,mpc,seeded_random,756517391,persist_session,10.0,25.118223724365237,10722.081290775,0,1785938063.9230976,1311.0,True,normal,adaptive,-0.08,0.08,0.0,-0.08,-0.08,0.0,-0.0801078051,-0.05444374,0.0,-0.024196824,-0.16533266,0.20024835,-0.0006728068,-0.0029523624,-0.030503973,"[19.248830994794957, 31.80158696344391, 0.0, 0.0, 0.0, 0.0, -0.8884048035377419, 3.214645586245272]","[-0.042616694339958745, -0.1572699417022964, 0.0]","{""Controller Type"": ""MPC Controller"", ""weight_comfort"": 426.07248473997356, ""weight_trajectory"": 63949.71443543976, ""weight_goal"": 91227.32808213845, ""Q"": [[63949.71443543976, 0.0, 0.0, 0.0], [0.0, 0.0, 0.0, 0.0], [0.0, 0.0, 63949.71443543976, 0.0], [0.0, 0.0, 0.0, 0.0]], ""R"": [[426.07248473997356, 0.0], [0.0, 426.07248473997356]], ""P"": [[91227.32808213845, 0.0, 0.0, 0.0], [0.0, 9122732.808213845, 0.0, 0.0], [0.0, 0.0, 91227.32808213845, 0.0], [0.0, 0.0, 0.0, 9122732.808213845]]}","[0.025051874779543095, -0.7319619741956633, 0.0]",False
3,P05,2e6a0a77-88d8-4501-ab04-4d78b67d0190,24,1,haply,mpc,seeded_random,756517391,persist_session,10.0,25.12794571876526,10722.091032696,0,1785938063.933163,1312.0,True,normal,adaptive,-0.08,0.08,0.0,-0.08,-0.08,0.0,-0.0800717181,-0.05472542,0.0,-0.024196824,-0.16533266,0.20024835,-0.0006728068,-0.0029523624,-0.030503973,"[19.258138074570248, 31.818116496784747, 0.0, 0.0, 0.0, 0.0, -0.8806539148998331, 3.169581894324614]","[-0.027784543962251575, -0.09703760860568321, 0.0]","{""Controller Type"": ""MPC Controller"", ""weight_comfort"": 426.07248473997356, ""weight_trajectory"": 63949.71443543976, ""weight_goal"": 91227.32808213845, ""Q"": [[63949.71443543976, 0.0, 0.0, 0.0], [0.0, 0.0, 0.0, 0.0], [0.0, 0.0, 63949.71443543976, 0.0], [0.0, 0.0, 0.0, 0.0]], ""R"": [[426.07248473997356, 0.0], [0.0, 426.07248473997356]], ""P"": [[91227.32808213845, 0.0, 0.0, 0.0], [0.0, 9122732.808213845, 0.0, 0.0], [0.0, 0.0, 91227.32808213845, 0.0], [0.0, 0.0, 0.0, 9122732.808213845]]}","[-0.04455330673569159, -0.8526332865896361, 0.0]",False
3,P05,2e6a0a77-88d8-4501-ab04-4d78b67d0190,24,1,haply,mpc,seeded_random,756517391,persist_session,10.0,25.138108310699465,10722.101200828,0,1785938063.943126,1313.0,True,normal,adaptive,-0.08,0.08,0.0,-0.08,-0.08,0.0,-0.0800717181,-0.05472542,0.0,-0.024198322,-0.16533972,0.20015721,-0.00052256987,-0.0023305698,-0.025431894,"[19.258138074570248, 31.818116496784747, 0.0, 0.0, 0.0, 0.0, -0.8806539148998331, 3.169581894324614]","[0.11545807610615842, -0.06644325260698702, 0.0]","{""Controller Type"": ""MPC Controller"", ""weight_comfort"": 426.07248473997356, ""weight_trajectory"": 63949.71443543976, ""weight_goal"": 91227.32808213845, ""Q"": [[63949.71443543976, 0.0, 0.0, 0.0], [0.0, 0.0, 0.0, 0.0], [0.0, 0.0, 63949.71443543976, 0.0], [0.0, 0.0, 0.0, 0.0]], ""R"": [[426.07248473997356, 0.0], [0.0, 426.07248473997356]], ""P"": [[91227.32808213845, 0.0, 0.0, 0.0], [0.0, 9122732.808213845, 0.0, 0.0], [0.0, 0.0, 91227.32808213845, 0.0], [0.0, 0.0, 0.0, 9122732.808213845]]}","[0.007582709351657874, -1.2595851799334943, 0.0]",False
3,P05,2e6a0a77-88d8-4501-ab04-4d78b67d0190,24,1,haply,mpc,seeded_random,756517391,persist_session,10.0,25.148387966156008,10722.11147039,0,1785938063.9531672,1314.0,True,normal,adaptive,-0.08,0.08,0.0,-0.08,-0.08,0.0,-0.0800762121,-0.0549077,0.0,-0.024228383,-0.16544408,0.20007405,-0.0005428016,-0.0023189364,-0.021687705,"[19.249490550462724, 31.818087971604236, 0.0, 0.0, 0.0, 0.0, -0.9264478620688567, 3.2306984078747725]","[0.001380536888247002, 0.023415580605688262, 0.0]","{""Controller Type"": ""MPC Controller"", ""weight_comfort"": 423.49411823502794, ""weight_trajectory"": 77425.7512654822, ""weight_goal"": 111428.54232611202, ""Q"": [[77425.7512654822, 0.0, 0.0, 0.0], [0.0, 0.0, 0.0, 0.0], [0.0, 0.0, 77425.7512654822, 0.0], [0.0, 0.0, 0.0, 0.0]], ""R"": [[423.49411823502794, 0.0], [0.0, 423.49411823502794]], ""P"": [[111428.54232611202, 0.0, 0.0, 0.0], [0.0, 11142854.232611202, 0.0, 0.0], [0.0, 0.0, 111428.54232611202, 0.0], [0.0, 0.0, 0.0, 11142854.232611202]]}","[0.015042641463407426, -0.9721619956611337, 0.0]",False
3,P05,2e6a0a77-88d8-4501-ab04-4d78b67d0190,24,1,haply,mpc,seeded_random,756517391,persist_session,10.0,25.158161697387698,10722.121259798,0,1785938063.9631672,1315.0,True,normal,adaptive,-0.08,0.08,0.0,-0.08,-0.08,0.0,-0.0801663951,-0.05507402,0.0,-0.024228383,-0.16544408,0.20007405,-0.0005700035,-0.002352034,-0.018916136,"[19.222524458109472, 31.889548477677746, 0.0, 0.0, 0.0, 0.0, -0.9257762031780914, 3.26643482981605]","[-0.01277342922843282, -0.03613619114426171, 0.0]","{""Controller Type"": ""MPC Controller"", ""weight_comfort"": 423.49411823502794, ""weight_trajectory"": 77425.7512654822, ""weight_goal"": 111428.54232611202, ""Q"": [[77425.7512654822, 0.0, 0.0, 0.0], [0.0, 0.0, 0.0, 0.0], [0.0, 0.0, 77425.7512654822, 0.0], [0.0, 0.0, 0.0, 0.0]], ""R"": [[423.49411823502794, 0.0], [0.0, 423.49411823502794]], ""P"": [[111428.54232611202, 0.0, 0.0, 0.0], [0.0, 11142854.232611202, 0.0, 0.0], [0.0, 0.0, 111428.54232611202, 0.0], [0.0, 0.0, 0.0, 11142854.232611202]]}","[0.1522194607752487, -0.9865140429162451, 0.0]",False
3,P05,2e6a0a77-88d8-4501-ab04-4d78b67d0190,24,1,haply,mpc,seeded_random,756517391,persist_session,10.0,25.16828447341919,10722.131361247,0,1785938063.973317,1316.0,True,normal,adaptive,-0.08,0.08,0.0,-0.08,-0.08,0.0,-0.0801663951,-0.05507402,0.0,-0.024243422,-0.16549626,0.20003241,-0.0005466335,-0.0022246968,-0.01670586,"[19.222524458109472, 31.889548477677746, 0.0, 0.0, 0.0, 0.0, -0.9257762031780914, 3.26643482981605]","[-0.28439125542375737, -0.03125151677524886, 0.0]","{""Controller Type"": ""MPC Controller"", ""weight_comfort"": 423.49411823502794, ""weight_trajectory"": 77425.7512654822, ""weight_goal"": 111428.54232611202, ""Q"": [[77425.7512654822, 0.0, 0.0, 0.0], [0.0, 0.0, 0.0, 0.0], [0.0, 0.0, 77425.7512654822, 0.0], [0.0, 0.0, 0.0, 0.0]], ""R"": [[423.49411823502794, 0.0], [0.0, 423.49411823502794]], ""P"": [[111428.54232611202, 0.0, 0.0, 0.0], [0.0, 11142854.232611202, 0.0, 0.0], [0.0, 0.0, 111428.54232611202, 0.0], [0.0, 0.0, 0.0, 11142854.232611202]]}","[0.018336319035655097, -1.233428030558634, 0.0]",False
3,P05,2e6a0a77-88d8-4501-ab04-4d78b67d0190,24,1,haply,mpc,seeded_random,756517391,persist_session,10.0,25.1787961101532,10722.141865555,0,1785938063.9831944,1317.0,True,normal,adaptive,-0.08,0.08,0.0,-0.08,-0.08,0.0,-0.0802115121,-0.0551573,0.0,-0.02425845,-0.16554844,0.19999073,-0.00058555853,-0.002314614,-0.014715425,"[19.250737911852685, 31.909899423970206, 0.0, 0.0, 0.0, 0.0, -0.944497687914362, 3.3004517388648096]","[-0.14167892642756016, -0.004362658681674382, 0.0]","{""Controller Type"": ""MPC Controller"", ""weight_comfort"": 421.15588999585844, ""weight_trajectory"": 85380.96088849253, ""weight_goal"": 123175.80321159183, ""Q"": [[85380.96088849253, 0.0, 0.0, 0.0], [0.0, 0.0, 0.0, 0.0], [0.0, 0.0, 85380.96088849253, 0.0], [0.0, 0.0, 0.0, 0.0]], ""R"": [[421.15588999585844, 0.0], [0.0, 421.15588999585844]], ""P"": [[123175.80321159183, 0.0, 0.0, 0.0], [0.0, 12317580.321159184, 0.0, 0.0], [0.0, 0.0, 123175.80321159183, 0.0], [0.0, 0.0, 0.0, 12317580.321159184]]}","[0.09232275664091887, -1.0963035170201467, 0.0]",False
3,P05,2e6a0a77-88d8-4501-ab04-4d78b67d0190,24,1,haply,mpc,seeded_random,756517391,persist_session,10.0,25.188048181533816,10722.151140756,0,1785938063.9932504,1318.0,True,normal,adaptive,-0.08,0.08,0.0,-0.08,-0.08,0.0,-0.0802565961,-0.05524066,0.0,-0.024273494,-0.16560066,0.199949,-0.00084574404,-0.0031364488,-0.011661333,"[19.262611261595577, 31.900852879177002, 0.0, 0.0, 0.0, 0.0, -0.9446591065130496, 3.300478341218226]","[-0.13807790942252327, -0.003970386607330047, 0.0]","{""Controller Type"": ""MPC Controller"", ""weight_comfort"": 421.15588999585844, ""weight_trajectory"": 85380.96088849253, ""weight_goal"": 123175.80321159183, ""Q"": [[85380.96088849253, 0.0, 0.0, 0.0], [0.0, 0.0, 0.0, 0.0], [0.0, 0.0, 85380.96088849253, 0.0], [0.0, 0.0, 0.0, 0.0]], ""R"": [[421.15588999585844, 0.0], [0.0, 421.15588999585844]], ""P"": [[123175.80321159183, 0.0, 0.0, 0.0], [0.0, 12317580.321159184, 0.0, 0.0], [0.0, 0.0, 123175.80321159183, 0.0], [0.0, 0.0, 0.0, 12317580.321159184]]}","[0.09613151131552194, -1.094324167539826, 0.0]",False
3,P05,2e6a0a77-88d8-4501-ab04-4d78b67d0190,24,1,haply,mpc,seeded_random,756517391,persist_session,10.0,25.19801407814026,10722.161101658,0,1785938064.0035934,1319.0,True,normal,adaptive,-0.08,0.08,0.0,-0.08,-0.08,0.0,-0.0803017281,-0.05532412,0.0,-0.024375275,-0.16569418,0.19986568,-0.0010829675,-0.0037993153,-0.009610428,"[19.276584340478546, 31.892142542682297, 0.0, 0.0, 0.0, 0.0, -0.9448829169353385, 3.300526053309812]","[-0.13334505559230092, -0.0033166791278972305, 0.0]","{""Controller Type"": ""MPC Controller"", ""weight_comfort"": 421.15588999585844, ""weight_trajectory"": 85380.96088849253, ""weight_goal"": 123175.80321159183, ""Q"": [[85380.96088849253, 0.0, 0.0, 0.0], [0.0, 0.0, 0.0, 0.0], [0.0, 0.0, 85380.96088849253, 0.0], [0.0, 0.0, 0.0, 0.0]], ""R"": [[421.15588999585844, 0.0], [0.0, 421.15588999585844]], ""P"": [[123175.80321159183, 0.0, 0.0, 0.0], [0.0, 12317580.321159184, 0.0, 0.0], [0.0, 0.0, 123175.80321159183, 0.0], [0.0, 0.0, 0.0, 12317580.321159184]]}","[0.09941308347363657, -1.093522495498465, 0.0]",False
3,P05,2e6a0a77-88d8-4501-ab04-4d78b67d0190,24,1,haply,mpc,seeded_random,756517391,persist_session,10.0,25.207980451583865,10722.1710729,0,1785938064.013348,1320.0,True,normal,adaptive,-0.08,0.08,0.0,-0.08,-0.08,0.0,-0.0806070711,-0.05549076,0.0,-0.024477152,-0.16578773,0.19978224,-0.0013062577,-0.0043929345,-0.008227289,"[18.981205234926534, 32.65075148528125, 0.0, 0.0, 0.0, 0.0, -0.9438915970595692, 3.3184416806954227]","[-1.0105199301743248, -0.03355527556033427, 0.0]","{""Controller Type"": ""MPC Controller"", ""weight_comfort"": 419.734625318299, ""weight_trajectory"": 91293.29404724388, ""weight_goal"": 131975.7353824, ""Q"": [[91293.29404724388, 0.0, 0.0, 0.0], [0.0, 0.0, 0.0, 0.0], [0.0, 0.0, 91293.29404724388, 0.0], [0.0, 0.0, 0.0, 0.0]], ""R"": [[419.734625318299, 0.0], [0.0, 419.734625318299]], ""P"": [[131975.7353824, 0.0, 0.0, 0.0], [0.0, 13197573.538239999, 0.0, 0.0], [0.0, 0.0, 131975.7353824, 0.0], [0.0, 0.0, 0.0, 13197573.538239999]]}","[0.54214790152255, -0.9431763468650245, 0.0]",False
3,P05,2e6a0a77-88d8-4501-ab04-4d78b67d0190,24,1,haply,mpc,seeded_random,756517391,persist_session,10.0,25.21823817253113,10722.181331928,0,1785938064.023293,1321.0,True,normal,adaptive,-0.08,0.08,0.0,-0.08,-0.08,0.0,-0.0809127021,-0.05565764,0.0,-0.024478579,-0.16579452,0.19969095,-0.001426673,-0.00460178,-0.0074975486,"[19.259353081021533, 32.218578166831946, 0.0, 0.0, 0.0, 0.0, -0.943971716718774, 3.317208241160778]","[-0.9725757602550104, -0.03268569368326144, 0.0]","{""Controller Type"": ""MPC Controller"", ""weight_comfort"": 419.734625318299, ""weight_trajectory"": 91293.29404724388, ""weight_goal"": 131975.7353824, ""Q"": [[91293.29404724388, 0.0, 0.0, 0.0], [0.0, 0.0, 0.0, 0.0], [0.0, 0.0, 91293.29404724388, 0.0], [0.0, 0.0, 0.0, 0.0]], ""R"": [[419.734625318299, 0.0], [0.0, 419.734625318299]], ""P"": [[131975.7353824, 0.0, 0.0, 0.0], [0.0, 13197573.538239999, 0.0, 0.0], [0.0, 0.0, 131975.7353824, 0.0], [0.0, 0.0, 0.0, 13197573.538239999]]}","[0.5684133487778317, -0.939569827053546, 0.0]",False
3,P05,2e6a0a77-88d8-4501-ab04-4d78b67d0190,24,1,haply,mpc,seeded_random,756517391,persist_session,10.0,25.227979001998904,10722.19107376,0,1785938064.0334816,1322.0,True,normal,adaptive,-0.08,0.08,0.0,-0.08,-0.08,0.0,-0.0809169831,-0.0558402199999999,0.0,-0.024466358,-0.16575602,0.19954996,-0.0014737045,-0.0046194033,-0.007206756,"[20.174680181693567, 32.20527744855146, 0.0, 0.0, 0.0, 0.0, -0.9439602214419788, 3.3188989836327623]","[0.004967945385692224, -0.03666901164313421, 0.0]","{""Controller Type"": ""MPC Controller"", ""weight_comfort"": 421.171165044724, ""weight_trajectory"": 103310.58149312611, ""weight_goal"": 151189.4288155551, ""Q"": [[103310.58149312611, 0.0, 0.0, 0.0], [0.0, 0.0, 0.0, 0.0], [0.0, 0.0, 103310.58149312611, 0.0], [0.0, 0.0, 0.0, 0.0]], ""R"": [[421.171165044724, 0.0], [0.0, 421.171165044724]], ""P"": [[151189.4288155551, 0.0, 0.0, 0.0], [0.0, 15118942.881555509, 0.0, 0.0], [0.0, 0.0, 151189.4288155551, 0.0], [0.0, 0.0, 0.0, 15118942.881555509]]}","[0.11098176242960789, -0.913405027858137, 0.0]",False
3,P05,2e6a0a77-88d8-4501-ab04-4d78b67d0190,24,1,haply,mpc,seeded_random,756517391,persist_session,10.0,25.238170680999758,10722.20126249,0,1785938064.0436096,1323.0,True,normal,adaptive,-0.08,0.08,0.0,-0.08,-0.08,0.0,-0.0808803201,-0.0561222,0.0,-0.024540866,-0.16575857,0.19936737,-0.0014762097,-0.004505972,-0.0072491425,"[20.254376858713194, 32.2185493790212, 0.0, 0.0, 0.0, 0.0, -0.9518890435678548, 3.361542832540567]","[0.004967945385692224, -0.03666901164313421, 0.0]","{""Controller Type"": ""MPC Controller"", ""weight_comfort"": 421.171165044724, ""weight_trajectory"": 103310.58149312611, ""weight_goal"": 151189.4288155551, ""Q"": [[103310.58149312611, 0.0, 0.0, 0.0], [0.0, 0.0, 0.0, 0.0], [0.0, 0.0, 103310.58149312611, 0.0], [0.0, 0.0, 0.0, 0.0]], ""R"": [[421.171165044724, 0.0], [0.0, 421.171165044724]], ""P"": [[151189.4288155551, 0.0, 0.0, 0.0], [0.0, 15118942.881555509, 0.0, 0.0], [0.0, 0.0, 151189.4288155551, 0.0], [0.0, 0.0, 0.0, 15118942.881555509]]}","[0.047490538512732605, -0.7348920244618962, 0.0]",False
3,P05,2e6a0a77-88d8-4501-ab04-4d78b67d0190,24,1,haply,mpc,seeded_random,756517391,persist_session,10.0,25.248022375106814,10722.211115844,0,1785938064.0535057,1324.0,True,normal,adaptive,-0.08,0.08,0.0,-0.08,-0.08,0.0,-0.0811038441,-0.05648738,0.0,-0.024629043,-0.16580628,0.19923422,-0.002374972,-0.00448669,-0.0076788426,"[19.593343724173238, 32.80631064945582, 0.0, 0.0, 0.0, 0.0, -0.9656188080422202, 3.417839602596833]","[-0.7193752538449913, -0.10341962252999816, 0.0]","{""Controller Type"": ""MPC Controller"", ""weight_comfort"": 421.171165044724, ""weight_trajectory"": 103310.58149312611, ""weight_goal"": 151189.4288155551, ""Q"": [[103310.58149312611, 0.0, 0.0, 0.0], [0.0, 0.0, 0.0, 0.0], [0.0, 0.0, 103310.58149312611, 0.0], [0.0, 0.0, 0.0, 0.0]], ""R"": [[421.171165044724, 0.0], [0.0, 421.171165044724]], ""P"": [[151189.4288155551, 0.0, 0.0, 0.0], [0.0, 15118942.881555509, 0.0, 0.0], [0.0, 0.0, 151189.4288155551, 0.0], [0.0, 0.0, 0.0, 15118942.881555509]]}","[0.4741396495442089, -0.5786736523721002, 0.0]",False
3,P05,2e6a0a77-88d8-4501-ab04-4d78b67d0190,24,1,haply,mpc,seeded_random,756517391,persist_session,10.0,25.2580357170105,10722.221126392,0,1785938064.063267,1325.0,True,normal,adaptive,-0.08,0.08,0.0,-0.08,-0.08,0.0,-0.0813683751,-0.05675368,0.0,-0.024631731,-0.16581939,0.19905134,-0.0033467368,-0.004449006,-0.008676451,"[19.760953791108413, 32.66252778513865, 0.0, 0.0, 0.0, 0.0, -0.9565109582275514, 3.3692435170536497]","[-0.8581103016037658, -0.06968133903784485, 0.0]","{""Controller Type"": ""MPC Controller"", ""weight_comfort"": 421.171165044724, ""weight_trajectory"": 103310.58149312611, ""weight_goal"": 151189.4288155551, ""Q"": [[103310.58149312611, 0.0, 0.0, 0.0], [0.0, 0.0, 0.0, 0.0], [0.0, 0.0, 103310.58149312611, 0.0], [0.0, 0.0, 0.0, 0.0]], ""R"": [[421.171165044724, 0.0], [0.0, 421.171165044724]], ""P"": [[151189.4288155551, 0.0, 0.0, 0.0], [0.0, 15118942.881555509, 0.0, 0.0], [0.0, 0.0, 151189.4288155551, 0.0], [0.0, 0.0, 0.0, 15118942.881555509]]}","[0.5740057736316335, -0.7127691254523688, 0.0]",False
3,P05,2e6a0a77-88d8-4501-ab04-4d78b67d0190,24,1,haply,mpc,seeded_random,756517391,persist_session,10.0,25.26798444747925,10722.231062871,0,1785938064.073455,1326.0,True,normal,adaptive,-0.08,0.08,0.0,-0.08,-0.08,0.0,-0.0813764391,-0.05711944,0.0,-0.024619326,-0.16578038,0.19891056,-0.0036909985,-0.003325269,-0.010074965,"[20.956118892922273, 32.64080817479731, 0.0, 0.0, 0.0, 0.0, -0.9687578947549556, 3.419456350107221]","[0.00300924788748657, -0.10059514694137084, 0.0]","{""Controller Type"": ""MPC Controller"", ""weight_comfort"": 409.56553882606295, ""weight_trajectory"": 129459.64293013045, ""weight_goal"": 188370.15139970699, ""Q"": [[129459.64293013045, 0.0, 0.0, 0.0], [0.0, 0.0, 0.0, 0.0], [0.0, 0.0, 129459.64293013045, 0.0], [0.0, 0.0, 0.0, 0.0]], ""R"": [[409.56553882606295, 0.0], [0.0, 409.56553882606295]], ""P"": [[188370.15139970699, 0.0, 0.0, 0.0], [0.0, 18837015.139970697, 0.0, 0.0], [0.0, 0.0, 188370.15139970699, 0.0], [0.0, 0.0, 0.0, 18837015.139970697]]}","[0.1808539185591199, -0.5250952160063387, 0.0]",False
3,P05,2e6a0a77-88d8-4501-ab04-4d78b67d0190,24,1,haply,mpc,seeded_random,756517391,persist_session,10.0,25.278033552169802,10722.241123971,0,1785938064.0832918,1327.0,True,normal,adaptive,-0.08,0.08,0.0,-0.08,-0.08,0.0,-0.0813392241,-0.057401,0.0,-0.024692364,-0.16577591,0.19881934,-0.0037321334,-0.002352978,-0.01101702,"[21.099643407255165, 32.657314580120236, 0.0, 0.0, 0.0, 0.0, -0.9604321533060278, 3.3788537671039904]","[0.15180927788539425, -0.07500980402524961, 0.0]","{""Controller Type"": ""MPC Controller"", ""weight_comfort"": 409.56553882606295, ""weight_trajectory"": 129459.64293013045, ""weight_goal"": 188370.15139970699, ""Q"": [[129459.64293013045, 0.0, 0.0, 0.0], [0.0, 0.0, 0.0, 0.0], [0.0, 0.0, 129459.64293013045, 0.0], [0.0, 0.0, 0.0, 0.0]], ""R"": [[409.56553882606295, 0.0], [0.0, 409.56553882606295]], ""P"": [[188370.15139970699, 0.0, 0.0, 0.0], [0.0, 18837015.139970697, 0.0, 0.0], [0.0, 0.0, 188370.15139970699, 0.0], [0.0, 0.0, 0.0, 18837015.139970697]]}","[0.10472214636530604, -0.6255797013263114, 0.0]",False
3,P05,2e6a0a77-88d8-4501-ab04-4d78b67d0190,24,1,haply,mpc,seeded_random,756517391,persist_session,10.0,25.2879269695282,10722.251025203,0,1785938064.0931747,1328.0,True,normal,adaptive,-0.08,0.08,0.0,-0.08,-0.08,0.0,-0.0815583381,-0.0575834399999999,0.0,-0.024708673,-0.16583407,0.19868575,-0.003720606,-0.0016857622,-0.011709145,"[20.15429610097311, 33.22264787300852, 0.0, 0.0, 0.0, 0.0, -0.9589110724223125, 3.351863449350125]","[-0.7051708639191262, -0.04038030804815279, 0.0]","{""Controller Type"": ""MPC Controller"", ""weight_comfort"": 409.56553882606295, ""weight_trajectory"": 129459.64293013045, ""weight_goal"": 188370.15139970699, ""Q"": [[129459.64293013045, 0.0, 0.0, 0.0], [0.0, 0.0, 0.0, 0.0], [0.0, 0.0, 129459.64293013045, 0.0], [0.0, 0.0, 0.0, 0.0]], ""R"": [[409.56553882606295, 0.0], [0.0, 409.56553882606295]], ""P"": [[188370.15139970699, 0.0, 0.0, 0.0], [0.0, 18837015.139970697, 0.0, 0.0], [0.0, 0.0, 188370.15139970699, 0.0], [0.0, 0.0, 0.0, 18837015.139970697]]}","[0.5376179164158551, -0.7759290547659701, 0.0]",False
3,P05,2e6a0a77-88d8-4501-ab04-4d78b67d0190,24,1,haply,mpc,seeded_random,756517391,persist_session,10.0,25.297978458404543,10722.261067841,0,1785938064.103243,1329.0,True,normal,adaptive,-0.08,0.08,0.0,-0.08,-0.08,0.0,-0.0816072650999999,-0.05785062,0.0,-0.024724988,-0.16589223,0.19855212,-0.0037827527,-0.0014393504,-0.012328558,"[21.1418161920704, 33.10825446867158, 0.0, 0.0, 0.0, 0.0, -0.9652866753565199, 3.3850021215464103]","[-0.12690751229488206, -0.06844542688250417, 0.0]","{""Controller Type"": ""MPC Controller"", ""weight_comfort"": 403.4081911988259, ""weight_trajectory"": 154619.01910070548, ""weight_goal"": 225637.56658960806, ""Q"": [[154619.01910070548, 0.0, 0.0, 0.0], [0.0, 0.0, 0.0, 0.0], [0.0, 0.0, 154619.01910070548, 0.0], [0.0, 0.0, 0.0, 0.0]], ""R"": [[403.4081911988259, 0.0], [0.0, 403.4081911988259]], ""P"": [[225637.56658960806, 0.0, 0.0, 0.0], [0.0, 22563756.658960804, 0.0, 0.0], [0.0, 0.0, 225637.56658960806, 0.0], [0.0, 0.0, 0.0, 22563756.658960804]]}","[0.2807599329530215, -0.6070734845911647, 0.0]",False
3,P05,2e6a0a77-88d8-4501-ab04-4d78b67d0190,24,1,haply,mpc,seeded_random,756517391,persist_session,10.0,25.307929334640505,10722.271018978,0,1785938064.113181,1330.0,True,normal,adaptive,-0.08,0.08,0.0,-0.08,-0.08,0.0,-0.0816562101,-0.05811788,0.0,-0.02471121,-0.16584663,0.19850284,-0.0038316522,-0.00128398,-0.0126246335,"[21.208675953509623, 33.100644620973846, 0.0, 0.0, 0.0, 0.0, -0.9649743784728884, 3.38342791034329]","[-0.1278957904042412, -0.06987392994293085, 0.0]","{""Controller Type"": ""MPC Controller"", ""weight_comfort"": 403.4081911988259, ""weight_trajectory"": 154619.01910070548, ""weight_goal"": 225637.56658960806, ""Q"": [[154619.01910070548, 0.0, 0.0, 0.0], [0.0, 0.0, 0.0, 0.0], [0.0, 0.0, 154619.01910070548, 0.0], [0.0, 0.0, 0.0, 0.0]], ""R"": [[403.4081911988259, 0.0], [0.0, 403.4081911988259]], ""P"": [[225637.56658960806, 0.0, 0.0, 0.0], [0.0, 22563756.658960804, 0.0, 0.0], [0.0, 0.0, 225637.56658960806, 0.0], [0.0, 0.0, 0.0, 22563756.658960804]]}","[0.2879986705750005, -0.5889849778432711, 0.0]",False
3,P05,2e6a0a77-88d8-4501-ab04-4d78b67d0190,24,1,haply,mpc,seeded_random,756517391,persist_session,10.0,25.318305072784426,10722.281397192,0,1785938064.123392,1331.0,True,normal,adaptive,-0.08,0.08,0.0,-0.08,-0.08,0.0,-0.0816148761,-0.0582164399999999,0.0,-0.02471245,-0.16585283,0.19841152,-0.003158225,-0.0013145931,-0.012814551,"[21.60110994236345, 33.14095824787315, 0.0, 0.0, 0.0, 0.0, -0.9750137619902325, 3.376007765319739]","[-0.1278957904042412, -0.06987392994293085, 0.0]","{""Controller Type"": ""MPC Controller"", ""weight_comfort"": 403.4081911988259, ""weight_trajectory"": 154619.01910070548, ""weight_goal"": 225637.56658960806, ""Q"": [[154619.01910070548, 0.0, 0.0, 0.0], [0.0, 0.0, 0.0, 0.0], [0.0, 0.0, 154619.01910070548, 0.0], [0.0, 0.0, 0.0, 0.0]], ""R"": [[403.4081911988259, 0.0], [0.0, 403.4081911988259]], ""P"": [[225637.56658960806, 0.0, 0.0, 0.0], [0.0, 22563756.658960804, 0.0, 0.0], [0.0, 0.0, 225637.56658960806, 0.0], [0.0, 0.0, 0.0, 22563756.658960804]]}","[0.13999851280171977, -0.8587136139659206, 0.0]",False
3,P05,2e6a0a77-88d8-4501-ab04-4d78b67d0190,24,1,haply,mpc,seeded_random,756517391,persist_session,10.0,25.32796317100525,10722.291055776,0,1785938064.1337302,1332.0,True,normal,adaptive,-0.08,0.08,0.0,-0.08,-0.08,0.0,-0.0816185961,-0.0583990799999999,0.0,-0.024714878,-0.16586506,0.19822857,-0.00231753,-0.0012004478,-0.012684405,"[21.355732234301072, 33.14185338878002, 0.0, 0.0, 0.0, 0.0, -0.9759411336829025, 3.3937301457900912]","[0.022640701931192074, -0.03887493502242044, 0.0]","{""Controller Type"": ""MPC Controller"", ""weight_comfort"": 408.84133774759414, ""weight_trajectory"": 171725.70135481918, ""weight_goal"": 256294.16333170314, ""Q"": [[171725.70135481918, 0.0, 0.0, 0.0], [0.0, 0.0, 0.0, 0.0], [0.0, 0.0, 171725.70135481918, 0.0], [0.0, 0.0, 0.0, 0.0]], ""R"": [[408.84133774759414, 0.0], [0.0, 408.84133774759414]], ""P"": [[256294.16333170314, 0.0, 0.0, 0.0], [0.0, 25629416.333170313, 0.0, 0.0], [0.0, 0.0, 256294.16333170314, 0.0], [0.0, 0.0, 0.0, 25629416.333170313]]}","[0.21381536408715374, -0.708852649962367, 0.0]",False
3,P05,2e6a0a77-88d8-4501-ab04-4d78b67d0190,24,1,haply,mpc,seeded_random,756517391,persist_session,10.0,25.33792525291443,10722.301014272,0,1785938064.1435342,1333.0,True,normal,adaptive,-0.08,0.08,0.0,-0.08,-0.08,0.0,-0.0816258800999999,-0.05876498,0.0,-0.024714878,-0.16586506,0.19822857,-0.00231753,-0.0012004478,-0.012684405,"[21.328790176236286, 33.14220207316354, 0.0, 0.0, 0.0, 0.0, -1.0115730518579558, 3.5308069194794474]","[0.022640701931192074, -0.03887493502242044, 0.0]","{""Controller Type"": ""MPC Controller"", ""weight_comfort"": 408.84133774759414, ""weight_trajectory"": 171725.70135481918, ""weight_goal"": 256294.16333170314, ""Q"": [[171725.70135481918, 0.0, 0.0, 0.0], [0.0, 0.0, 0.0, 0.0], [0.0, 0.0, 171725.70135481918, 0.0], [0.0, 0.0, 0.0, 0.0]], ""R"": [[408.84133774759414, 0.0], [0.0, 408.84133774759414]], ""P"": [[256294.16333170314, 0.0, 0.0, 0.0], [0.0, 25629416.333170313, 0.0, 0.0], [0.0, 0.0, 256294.16333170314, 0.0], [0.0, 0.0, 0.0, 25629416.333170313]]}","[0.2208944304115572, -0.376914947851455, 0.0]",False
3,P05,2e6a0a77-88d8-4501-ab04-4d78b67d0190,24,1,haply,mpc,seeded_random,756517391,persist_session,10.0,25.348003206253054,10722.311096465,0,1785938064.1532996,1334.0,True,normal,adaptive,-0.08,0.08,0.0,-0.08,-0.08,0.0,-0.0816294741,-0.05894786,0.0,-0.024731062,-0.16592278,0.19809486,-0.0013713799,-0.0013183424,-0.012722853,"[21.33749658917141, 33.14216916121912, 0.0, 0.0, 0.0, 0.0, -1.0066216097509892, 3.4779943179707575]","[0.02257143357034146, -0.04394214465145881, 0.0]","{""Controller Type"": ""MPC Controller"", ""weight_comfort"": 400.59912387528584, ""weight_trajectory"": 197529.61954942113, ""weight_goal"": 294127.2651011929, ""Q"": [[197529.61954942113, 0.0, 0.0, 0.0], [0.0, 0.0, 0.0, 0.0], [0.0, 0.0, 197529.61954942113, 0.0], [0.0, 0.0, 0.0, 0.0]], ""R"": [[400.59912387528584, 0.0], [0.0, 400.59912387528584]], ""P"": [[294127.2651011929, 0.0, 0.0, 0.0], [0.0, 29412726.510119293, 0.0, 0.0], [0.0, 0.0, 294127.2651011929, 0.0], [0.0, 0.0, 0.0, 29412726.510119293]]}","[0.2153450312721435, -0.66664210663404, 0.0]",False
3,P05,2e6a0a77-88d8-4501-ab04-4d78b67d0190,24,1,haply,mpc,seeded_random,756517391,persist_session,10.0,25.35825305938721,10722.321338518,0,1785938064.1631892,1335.0,True,normal,adaptive,-0.08,0.08,0.0,-0.08,-0.08,0.0,-0.0816744321,-0.0590323999999999,0.0,-0.02471843,-0.16588306,0.19795418,-0.0010767941,-0.0012824221,-0.012502891,"[21.166029989152978, 33.159952812867445, 0.0, 0.0, 0.0, 0.0, -1.0132286797461354, 3.4755273488220597]","[-0.11530361715458126, -0.008465126137052324, 0.0]","{""Controller Type"": ""MPC Controller"", ""weight_comfort"": 400.59912387528584, ""weight_trajectory"": 197529.61954942113, ""weight_goal"": 294127.2651011929, ""Q"": [[197529.61954942113, 0.0, 0.0, 0.0], [0.0, 0.0, 0.0, 0.0], [0.0, 0.0, 197529.61954942113, 0.0], [0.0, 0.0, 0.0, 0.0]], ""R"": [[400.59912387528584, 0.0], [0.0, 400.59912387528584]], ""P"": [[294127.2651011929, 0.0, 0.0, 0.0], [0.0, 29412726.510119293, 0.0, 0.0], [0.0, 0.0, 294127.2651011929, 0.0], [0.0, 0.0, 0.0, 29412726.510119293]]}","[0.29472202743119263, -0.8027632432415688, 0.0]",False
3,P05,2e6a0a77-88d8-4501-ab04-4d78b67d0190,24,1,haply,mpc,seeded_random,756517391,persist_session,10.0,25.368452367782595,10722.331540337,0,1785938064.1732748,1336.0,True,normal,adaptive,-0.08,0.08,0.0,-0.08,-0.08,0.0,-0.0816365360999999,-0.0593137599999999,0.0,-0.024749547,-0.16599227,0.1977779,-0.00083454116,-0.0012235055,-0.012270313,"[21.537548397871756, 33.1952543339783, 0.0, 0.0, 0.0, 0.0, -1.0332422099569851, 3.5672847871824067]","[0.1599762441111278, -0.0781435310952843, 0.0]","{""Controller Type"": ""MPC Controller"", ""weight_comfort"": 400.59912387528584, ""weight_trajectory"": 197529.61954942113, ""weight_goal"": 294127.2651011929, ""Q"": [[197529.61954942113, 0.0, 0.0, 0.0], [0.0, 0.0, 0.0, 0.0], [0.0, 0.0, 197529.61954942113, 0.0], [0.0, 0.0, 0.0, 0.0]], ""R"": [[400.59912387528584, 0.0], [0.0, 400.59912387528584]], ""P"": [[294127.2651011929, 0.0, 0.0, 0.0], [0.0, 29412726.510119293, 0.0, 0.0], [0.0, 0.0, 294127.2651011929, 0.0], [0.0, 0.0, 0.0, 29412726.510119293]]}","[0.15485177741650719, -0.47584730980569984, 0.0]",False
3,P05,2e6a0a77-88d8-4501-ab04-4d78b67d0190,24,1,haply,mpc,seeded_random,756517391,persist_session,10.0,25.378030118942263,10722.341121386,0,1785938064.183435,1337.0,True,normal,adaptive,-0.08,0.08,0.0,-0.08,-0.08,0.0,-0.0817298871,-0.0596663199999999,0.0,-0.024765654,-0.16604975,0.19764389,-0.0007166425,-0.0013520806,-0.012161267,"[20.966183489578416, 33.31585263653258, 0.0, 0.0, 0.0, 0.0, -1.042919582466565, 3.605053257917463]","[-0.2698336813675624, -0.10388923570354759, 0.0]","{""Controller Type"": ""MPC Controller"", ""weight_comfort"": 400.59912387528584, ""weight_trajectory"": 197529.61954942113, ""weight_goal"": 294127.2651011929, ""Q"": [[197529.61954942113, 0.0, 0.0, 0.0], [0.0, 0.0, 0.0, 0.0], [0.0, 0.0, 197529.61954942113, 0.0], [0.0, 0.0, 0.0, 0.0]], ""R"": [[400.59912387528584, 0.0], [0.0, 400.59912387528584]], ""P"": [[294127.2651011929, 0.0, 0.0, 0.0], [0.0, 29412726.510119293, 0.0, 0.0], [0.0, 0.0, 294127.2651011929, 0.0], [0.0, 0.0, 0.0, 29412726.510119293]]}","[0.3774352269116715, -0.3495172248695179, 0.0]",False
3,P05,2e6a0a77-88d8-4501-ab04-4d78b67d0190,24,1,haply,mpc,seeded_random,756517391,persist_session,10.0,25.388009366989138,10722.351097891,0,1785938064.1934073,1338.0,True,normal,adaptive,-0.08,0.08,0.0,-0.08,-0.08,0.0,-0.0817782081,-0.05993434,0.0,-0.024780609,-0.1661013,0.19760133,-0.0006475827,-0.0015094589,-0.012136556,"[21.297327724996826, 33.28138131918965, 0.0, 0.0, 0.0, 0.0, -1.0340054687857245, 3.5639157738479725]","[-0.12339403956750367, -0.0750370682521806, 0.0]","{""Controller Type"": ""MPC Controller"", ""weight_comfort"": 390.3879612276764, ""weight_trajectory"": 225627.7697119781, ""weight_goal"": 333893.2901871296, ""Q"": [[225627.7697119781, 0.0, 0.0, 0.0], [0.0, 0.0, 0.0, 0.0], [0.0, 0.0, 225627.7697119781, 0.0], [0.0, 0.0, 0.0, 0.0]], ""R"": [[390.3879612276764, 0.0], [0.0, 390.3879612276764]], ""P"": [[333893.2901871296, 0.0, 0.0, 0.0], [0.0, 33389329.018712956, 0.0, 0.0], [0.0, 0.0, 333893.2901871296, 0.0], [0.0, 0.0, 0.0, 33389329.018712956]]}","[0.3200725561751652, -0.4372913751328647, 0.0]",False
3,P05,2e6a0a77-88d8-4501-ab04-4d78b67d0190,24,1,haply,mpc,seeded_random,756517391,persist_session,10.0,25.397964296340945,10722.361057027,0,1785938064.2031367,1339.0,True,normal,adaptive,-0.08,0.08,0.0,-0.08,-0.08,0.0,-0.0818230730999999,-0.06001946,0.0,-0.024796661,-0.1661586,0.19746716,-0.0006306902,-0.0017144588,-0.012071136,"[21.38154560353248, 33.27328609477553, 0.0, 0.0, 0.0, 0.0, -1.0444332626432087, 3.5569601523788905]","[-0.11445259099477932, -0.010250629062496571, 0.0]","{""Controller Type"": ""MPC Controller"", ""weight_comfort"": 390.3879612276764, ""weight_trajectory"": 225627.7697119781, ""weight_goal"": 333893.2901871296, ""Q"": [[225627.7697119781, 0.0, 0.0, 0.0], [0.0, 0.0, 0.0, 0.0], [0.0, 0.0, 225627.7697119781, 0.0], [0.0, 0.0, 0.0, 0.0]], ""R"": [[390.3879612276764, 0.0], [0.0, 390.3879612276764]], ""P"": [[333893.2901871296, 0.0, 0.0, 0.0], [0.0, 33389329.018712956, 0.0, 0.0], [0.0, 0.0, 333893.2901871296, 0.0], [0.0, 0.0, 0.0, 33389329.018712956]]}","[0.3222865535192235, -0.731639578112331, 0.0]",False
3,P05,2e6a0a77-88d8-4501-ab04-4d78b67d0190,24,1,haply,mpc,seeded_random,756517391,persist_session,10.0,25.407931385040285,10722.371019608,0,1785938064.213177,1340.0,True,normal,adaptive,-0.08,0.08,0.0,-0.08,-0.08,0.0,-0.0818712291,-0.0602878,0.0,-0.024812706,-0.16621587,0.19733289,-0.00071926677,-0.0022127272,-0.012207327,"[21.44453925676979, 33.267144195557464, 0.0, 0.0, 0.0, 0.0, -1.062404952584912, 3.6389808976175457]","[-0.11943086092076013, -0.07631429363193763, 0.0]","{""Controller Type"": ""MPC Controller"", ""weight_comfort"": 390.3879612276764, ""weight_trajectory"": 225627.7697119781, ""weight_goal"": 333893.2901871296, ""Q"": [[225627.7697119781, 0.0, 0.0, 0.0], [0.0, 0.0, 0.0, 0.0], [0.0, 0.0, 225627.7697119781, 0.0], [0.0, 0.0, 0.0, 0.0]], ""R"": [[390.3879612276764, 0.0], [0.0, 390.3879612276764]], ""P"": [[333893.2901871296, 0.0, 0.0, 0.0], [0.0, 33389329.018712956, 0.0, 0.0], [0.0, 0.0, 333893.2901871296, 0.0], [0.0, 0.0, 0.0, 33389329.018712956]]}","[0.3318386378520455, -0.4242703304412957, 0.0]",False
3,P05,2e6a0a77-88d8-4501-ab04-4d78b67d0190,24,1,haply,mpc,seeded_random,756517391,persist_session,10.0,25.41810470581055,10722.381193344,0,1785938064.2230732,1341.0,True,normal,adaptive,-0.08,0.08,0.0,-0.08,-0.08,0.0,-0.0819193641,-0.0605563399999999,0.0,-0.024843644,-0.1663245,0.19715577,-0.00082581816,-0.0027124048,-0.012342898,"[21.51721334340734, 33.260144651390895, 0.0, 0.0, 0.0, 0.0, -1.0620003172189156, 3.6371793269280146]","[-0.11943086092076013, -0.07631429363193763, 0.0]","{""Controller Type"": ""MPC Controller"", ""weight_comfort"": 387.8765852384102, ""weight_trajectory"": 248272.5286904983, ""weight_goal"": 370377.11659908184, ""Q"": [[248272.5286904983, 0.0, 0.0, 0.0], [0.0, 0.0, 0.0, 0.0], [0.0, 0.0, 248272.5286904983, 0.0], [0.0, 0.0, 0.0, 0.0]], ""R"": [[387.8765852384102, 0.0], [0.0, 387.8765852384102]], ""P"": [[370377.11659908184, 0.0, 0.0, 0.0], [0.0, 37037711.65990818, 0.0, 0.0], [0.0, 0.0, 370377.11659908184, 0.0], [0.0, 0.0, 0.0, 37037711.65990818]]}","[0.3440246927711102, -0.38809244733647064, 0.0]",False
3,P05,2e6a0a77-88d8-4501-ab04-4d78b67d0190,24,1,haply,mpc,seeded_random,756517391,persist_session,10.0,25.42801624298096,10722.391084761,0,1785938064.233106,1342.0,True,normal,adaptive,-0.08,0.08,0.0,-0.08,-0.08,0.0,-0.0820121781,-0.0609105799999999,0.0,-0.024845712,-0.16633551,0.1969724,-0.00096661196,-0.0032956519,-0.012606486,"[21.403055325856975, 33.280898953788714, 0.0, 0.0, 0.0, 0.0, -1.0750308248534988, 3.6860697084482723]","[-0.26482120488515076, -0.10962862798490802, 0.0]","{""Controller Type"": ""MPC Controller"", ""weight_comfort"": 387.8765852384102, ""weight_trajectory"": 248272.5286904983, ""weight_goal"": 370377.11659908184, ""Q"": [[248272.5286904983, 0.0, 0.0, 0.0], [0.0, 0.0, 0.0, 0.0], [0.0, 0.0, 248272.5286904983, 0.0], [0.0, 0.0, 0.0, 0.0]], ""R"": [[387.8765852384102, 0.0], [0.0, 387.8765852384102]], ""P"": [[370377.11659908184, 0.0, 0.0, 0.0], [0.0, 37037711.65990818, 0.0, 0.0], [0.0, 0.0, 370377.11659908184, 0.0], [0.0, 0.0, 0.0, 37037711.65990818]]}","[0.4294530585185864, -0.23741334726183588, 0.0]",False
3,P05,2e6a0a77-88d8-4501-ab04-4d78b67d0190,24,1,haply,mpc,seeded_random,756517391,persist_session,10.0,25.43791657447815,10722.40100511,0,1785938064.2431498,1343.0,True,normal,adaptive,-0.08,0.08,0.0,-0.08,-0.08,0.0,-0.0820183821,-0.06127732,0.0,-0.024846733,-0.16634095,0.1968807,-0.0010714843,-0.0037253788,-0.012795353,"[21.97206316131013, 33.277436450087336, 0.0, 0.0, 0.0, 0.0, -1.0751397811910184, 3.6864694273411236]","[0.023792851311507743, -0.11447770149765964, 0.0]","{""Controller Type"": ""MPC Controller"", ""weight_comfort"": 387.8765852384102, ""weight_trajectory"": 248272.5286904983, ""weight_goal"": 370377.11659908184, ""Q"": [[248272.5286904983, 0.0, 0.0, 0.0], [0.0, 0.0, 0.0, 0.0], [0.0, 0.0, 248272.5286904983, 0.0], [0.0, 0.0, 0.0, 0.0]], ""R"": [[387.8765852384102, 0.0], [0.0, 387.8765852384102]], ""P"": [[370377.11659908184, 0.0, 0.0, 0.0], [0.0, 37037711.65990818, 0.0, 0.0], [0.0, 0.0, 370377.11659908184, 0.0], [0.0, 0.0, 0.0, 37037711.65990818]]}","[0.2872615501087323, -0.20164579309908534, 0.0]",False
3,P05,2e6a0a77-88d8-4501-ab04-4d78b67d0190,24,1,haply,mpc,seeded_random,756517391,persist_session,10.0,25.447941598892214,10722.411026853,0,1785938064.2531989,1344.0,True,normal,adaptive,-0.08,0.08,0.0,-0.08,-0.08,0.0,-0.0820214450999999,-0.06146072,0.0,-0.024846733,-0.16634095,0.1968807,-0.0010714843,-0.0037253788,-0.012795353,"[21.96992637382091, 33.27743622031383, 0.0, 0.0, 0.0, 0.0, -1.0681618650929534, 3.6340907128767537]","[0.034267928540052436, -0.04652059206161498, 0.0]","{""Controller Type"": ""MPC Controller"", ""weight_comfort"": 381.0298741730819, ""weight_trajectory"": 287413.2420715561, ""weight_goal"": 432323.9230800565, ""Q"": [[287413.2420715561, 0.0, 0.0, 0.0], [0.0, 0.0, 0.0, 0.0], [0.0, 0.0, 287413.2420715561, 0.0], [0.0, 0.0, 0.0, 0.0]], ""R"": [[381.0298741730819, 0.0], [0.0, 381.0298741730819]], ""P"": [[432323.9230800565, 0.0, 0.0, 0.0], [0.0, 43232392.30800565, 0.0, 0.0], [0.0, 0.0, 432323.9230800565, 0.0], [0.0, 0.0, 0.0, 43232392.30800565]]}","[0.2890951123356442, -0.47009800864833934, 0.0]",False
3,P05,2e6a0a77-88d8-4501-ab04-4d78b67d0190,24,1,haply,mpc,seeded_random,756517391,persist_session,10.0,25.458566961288454,10722.421651219,0,1785938064.2632923,1345.0,True,normal,adaptive,-0.08,0.08,0.0,-0.08,-0.08,0.0,-0.0820244961,-0.06164422,0.0,-0.024864562,-0.16640827,0.19656268,-0.0011227807,-0.0039867936,-0.0128226625,"[21.96992637382091, 33.27743622031383, 0.0, 0.0, 0.0, 0.0, -1.0681618650929534, 3.6340907128767537]","[0.034267928540052436, -0.04652059206161498, 0.0]","{""Controller Type"": ""MPC Controller"", ""weight_comfort"": 381.0298741730819, ""weight_trajectory"": 287413.2420715561, ""weight_goal"": 432323.9230800565, ""Q"": [[287413.2420715561, 0.0, 0.0, 0.0], [0.0, 0.0, 0.0, 0.0], [0.0, 0.0, 287413.2420715561, 0.0], [0.0, 0.0, 0.0, 0.0]], ""R"": [[381.0298741730819, 0.0], [0.0, 381.0298741730819]], ""P"": [[432323.9230800565, 0.0, 0.0, 0.0], [0.0, 43232392.30800565, 0.0, 0.0], [0.0, 0.0, 432323.9230800565, 0.0], [0.0, 0.0, 0.0, 43232392.30800565]]}","[0.28948135936455693, -0.46359494532723144, 0.0]",False
3,P05,2e6a0a77-88d8-4501-ab04-4d78b67d0190,24,1,haply,mpc,seeded_random,756517391,persist_session,10.0,25.46797328948975,10722.431060752,0,1785938064.273374,1346.0,True,normal,adaptive,-0.08,0.08,0.0,-0.08,-0.08,0.0,-0.0820749321,-0.06209676,0.0,-0.02486645,-0.16641867,0.19637917,-0.0011296165,-0.00404241,-0.013048842,"[21.94662116187987, 33.27743234158107, 0.0, 0.0, 0.0, 0.0, -1.067958614923672, 3.6325897673657663]","[0.034371905716974654, -0.04643765333940402, 0.0]","{""Controller Type"": ""MPC Controller"", ""weight_comfort"": 381.0298741730819, ""weight_trajectory"": 287413.2420715561, ""weight_goal"": 432323.9230800565, ""Q"": [[287413.2420715561, 0.0, 0.0, 0.0], [0.0, 0.0, 0.0, 0.0], [0.0, 0.0, 287413.2420715561, 0.0], [0.0, 0.0, 0.0, 0.0]], ""R"": [[381.0298741730819, 0.0], [0.0, 381.0298741730819]], ""P"": [[432323.9230800565, 0.0, 0.0, 0.0], [0.0, 43232392.30800565, 0.0, 0.0], [0.0, 0.0, 432323.9230800565, 0.0], [0.0, 0.0, 0.0, 43232392.30800565]]}","[0.3753592063011712, 0.0030301407624131475, 0.0]",False
3,P05,2e6a0a77-88d8-4501-ab04-4d78b67d0190,24,1,haply,mpc,seeded_random,756517391,persist_session,10.0,25.478615341186526,10722.44169197,0,1785938064.2832506,1347.0,True,normal,adaptive,-0.08,0.08,0.0,-0.08,-0.08,0.0,-0.0820805960999999,-0.06246378,0.0,-0.024852524,-0.16637258,0.19633046,-0.0010845036,-0.003916153,-0.013407234,"[21.708769015073834, 33.29919202159947, 0.0, 0.0, 0.0, 0.0, -1.1371721356079618, 3.8664142985172374]","[-0.12154144492274196, -0.15319254953001657, 0.0]","{""Controller Type"": ""MPC Controller"", ""weight_comfort"": 369.87577616992513, ""weight_trajectory"": 325161.5158493659, ""weight_goal"": 487196.19708770793, ""Q"": [[325161.5158493659, 0.0, 0.0, 0.0], [0.0, 0.0, 0.0, 0.0], [0.0, 0.0, 325161.5158493659, 0.0], [0.0, 0.0, 0.0, 0.0]], ""R"": [[369.87577616992513, 0.0], [0.0, 369.87577616992513]], ""P"": [[487196.19708770793, 0.0, 0.0, 0.0], [0.0, 48719619.7087708, 0.0, 0.0], [0.0, 0.0, 487196.19708770793, 0.0], [0.0, 0.0, 0.0, 48719619.7087708]]}","[0.3080673055982403, -0.08411749014387243, 0.0]",False
3,P05,2e6a0a77-88d8-4501-ab04-4d78b67d0190,24,1,haply,mpc,seeded_random,756517391,persist_session,10.0,25.48849922180176,10722.451581486,0,1785938064.2931666,1348.0,True,normal,adaptive,-0.08,0.08,0.0,-0.08,-0.08,0.0,-0.0820388181,-0.0625611999999999,0.0,-0.024852524,-0.16637258,0.19633046,-0.0010845036,-0.003916153,-0.013407234,"[22.211270045341248, 33.31596419213316, 0.0, 0.0, 0.0, 0.0, -1.12642559505246, 3.775099206014959]","[0.02668645203544911, -0.12155467586314256, 0.0]","{""Controller Type"": ""MPC Controller"", ""weight_comfort"": 369.87577616992513, ""weight_trajectory"": 325161.5158493659, ""weight_goal"": 487196.19708770793, ""Q"": [[325161.5158493659, 0.0, 0.0, 0.0], [0.0, 0.0, 0.0, 0.0], [0.0, 0.0, 325161.5158493659, 0.0], [0.0, 0.0, 0.0, 0.0]], ""R"": [[369.87577616992513, 0.0], [0.0, 369.87577616992513]], ""P"": [[487196.19708770793, 0.0, 0.0, 0.0], [0.0, 48719619.7087708, 0.0, 0.0], [0.0, 0.0, 487196.19708770793, 0.0], [0.0, 0.0, 0.0, 48719619.7087708]]}","[0.22100852931393133, -0.5431321304966584, 0.0]",False
3,P05,2e6a0a77-88d8-4501-ab04-4d78b67d0190,24,1,haply,mpc,seeded_random,756517391,persist_session,10.0,25.498512563705447,10722.461587878,0,1785938064.303437,1349.0,True,normal,adaptive,-0.08,0.08,0.0,-0.08,-0.08,0.0,-0.0820861971,-0.06283074,0.0,-0.02488407,-0.1664853,0.19606085,-0.0010328366,-0.0037664738,-0.013471092,"[22.211270045341248, 33.31596419213316, 0.0, 0.0, 0.0, 0.0, -1.12642559505246, 3.775099206014959]","[0.1856503031482749, -0.01744479864682695, 0.0]","{""Controller Type"": ""MPC Controller"", ""weight_comfort"": 369.87577616992513, ""weight_trajectory"": 325161.5158493659, ""weight_goal"": 487196.19708770793, ""Q"": [[325161.5158493659, 0.0, 0.0, 0.0], [0.0, 0.0, 0.0, 0.0], [0.0, 0.0, 325161.5158493659, 0.0], [0.0, 0.0, 0.0, 0.0]], ""R"": [[369.87577616992513, 0.0], [0.0, 369.87577616992513]], ""P"": [[487196.19708770793, 0.0, 0.0, 0.0], [0.0, 48719619.7087708, 0.0, 0.0], [0.0, 0.0, 487196.19708770793, 0.0], [0.0, 0.0, 0.0, 48719619.7087708]]}","[0.37728782558807683, -0.25407199788532836, 0.0]",False
3,P05,2e6a0a77-88d8-4501-ab04-4d78b67d0190,24,1,haply,mpc,seeded_random,756517391,persist_session,10.0,25.508158979415896,10722.471245862,0,1785938064.313254,1350.0,True,normal,adaptive,-0.08,0.08,0.0,-0.08,-0.08,0.0,-0.0821334561,-0.0631004199999999,0.0,-0.024899794,-0.16654147,0.19592595,-0.0010066867,-0.0036867284,-0.013551214,"[21.75686704045262, 33.35382453902114, 0.0, 0.0, 0.0, 0.0, -1.144649253373652, 3.8509764212451114]","[-0.11414974255161073, -0.08644621984549118, 0.0]","{""Controller Type"": ""MPC Controller"", ""weight_comfort"": 361.2234261659922, ""weight_trajectory"": 359739.1885956655, ""weight_goal"": 539093.180659982, ""Q"": [[359739.1885956655, 0.0, 0.0, 0.0], [0.0, 0.0, 0.0, 0.0], [0.0, 0.0, 359739.1885956655, 0.0], [0.0, 0.0, 0.0, 0.0]], ""R"": [[361.2234261659922, 0.0], [0.0, 361.2234261659922]], ""P"": [[539093.180659982, 0.0, 0.0, 0.0], [0.0, 53909318.065998204, 0.0, 0.0], [0.0, 0.0, 539093.180659982, 0.0], [0.0, 0.0, 0.0, 53909318.065998204]]}","[0.39300100320679904, -0.20231123075209906, 0.0]",False
3,P05,2e6a0a77-88d8-4501-ab04-4d78b67d0190,24,1,haply,mpc,seeded_random,756517391,persist_session,10.0,25.517906961441042,10722.480994436,0,1785938064.3235245,1351.0,True,normal,adaptive,-0.08,0.08,0.0,-0.08,-0.08,0.0,-0.0821806281,-0.06337022,0.0,-0.024900647,-0.16654636,0.19583412,-0.001016488,-0.0037240407,-0.01350651,"[21.75686704045262, 33.35382453902114, 0.0, 0.0, 0.0, 0.0, -1.144649253373652, 3.8509764212451114]","[-0.11414974255161073, -0.08644621984549118, 0.0]","{""Controller Type"": ""MPC Controller"", ""weight_comfort"": 361.2234261659922, ""weight_trajectory"": 359739.1885956655, ""weight_goal"": 539093.180659982, ""Q"": [[359739.1885956655, 0.0, 0.0, 0.0], [0.0, 0.0, 0.0, 0.0], [0.0, 0.0, 359739.1885956655, 0.0], [0.0, 0.0, 0.0, 0.0]], ""R"": [[361.2234261659922, 0.0], [0.0, 361.2234261659922]], ""P"": [[539093.180659982, 0.0, 0.0, 0.0], [0.0, 53909318.065998204, 0.0, 0.0], [0.0, 0.0, 539093.180659982, 0.0], [0.0, 0.0, 0.0, 53909318.065998204]]}","[0.3960982501596861, -0.21211189925794124, 0.0]",False
3,P05,2e6a0a77-88d8-4501-ab04-4d78b67d0190,24,1,haply,mpc,seeded_random,756517391,persist_session,10.0,25.52808695793152,10722.491168187,0,1785938064.3331747,1352.0,True,normal,adaptive,-0.08,0.08,0.0,-0.08,-0.08,0.0,-0.0821831871,-0.06355388,0.0,-0.024915483,-0.16659757,0.19579086,-0.0010145915,-0.0037178951,-0.013352478,"[22.149207083365063, 33.347033655713126, 0.0, 0.0, 0.0, 0.0, -1.1375981746074362, 3.8156538571203624]","[-0.1055135170984656, -0.08190942186274572, 0.0]","{""Controller Type"": ""MPC Controller"", ""weight_comfort"": 361.2234261659922, ""weight_trajectory"": 359739.1885956655, ""weight_goal"": 539093.180659982, ""Q"": [[359739.1885956655, 0.0, 0.0, 0.0], [0.0, 0.0, 0.0, 0.0], [0.0, 0.0, 359739.1885956655, 0.0], [0.0, 0.0, 0.0, 0.0]], ""R"": [[361.2234261659922, 0.0], [0.0, 361.2234261659922]], ""P"": [[539093.180659982, 0.0, 0.0, 0.0], [0.0, 53909318.065998204, 0.0, 0.0], [0.0, 0.0, 539093.180659982, 0.0], [0.0, 0.0, 0.0, 53909318.065998204]]}","[0.32258972896697435, -0.3283718982589803, 0.0]",False
3,P05,2e6a0a77-88d8-4501-ab04-4d78b67d0190,24,1,haply,mpc,seeded_random,756517391,persist_session,10.0,25.53819018363953,10722.501267325,0,1785938064.343321,1353.0,True,normal,adaptive,-0.08,0.08,0.0,-0.08,-0.08,0.0,-0.0822276951,-0.0636403999999999,0.0,-0.024915483,-0.16659757,0.19579086,-0.0010145915,-0.0037178951,-0.013352478,"[21.920868501994278, 33.36386552471391, 0.0, 0.0, 0.0, 0.0, -1.1412106432229063, 3.809059367944868]","[0.039513063005997766, -0.05390918873662237, 0.0]","{""Controller Type"": ""MPC Controller"", ""weight_comfort"": 355.43116492050297, ""weight_trajectory"": 392750.4561060473, ""weight_goal"": 592894.1697637447, ""Q"": [[392750.4561060473, 0.0, 0.0, 0.0], [0.0, 0.0, 0.0, 0.0], [0.0, 0.0, 392750.4561060473, 0.0], [0.0, 0.0, 0.0, 0.0]], ""R"": [[355.43116492050297, 0.0], [0.0, 355.43116492050297]], ""P"": [[592894.1697637447, 0.0, 0.0, 0.0], [0.0, 59289416.97637447, 0.0, 0.0], [0.0, 0.0, 592894.1697637447, 0.0], [0.0, 0.0, 0.0, 59289416.97637447]]}","[0.4040181120810038, -0.4901983696749065, 0.0]",False
3,P05,2e6a0a77-88d8-4501-ab04-4d78b67d0190,24,1,haply,mpc,seeded_random,756517391,persist_session,10.0,25.547973213195803,10722.511058075,0,1785938064.3531878,1354.0,True,normal,adaptive,-0.08,0.08,0.0,-0.08,-0.08,0.0,-0.0822301971,-0.06382392,0.0,-0.024931982,-0.16665839,0.19556397,-0.000906984,-0.0033432783,-0.012680039,"[21.920868501994278, 33.36386552471391, 0.0, 0.0, 0.0, 0.0, -1.1412106432229063, 3.809059367944868]","[-0.09752056541572646, -0.013810783684580781, 0.0]","{""Controller Type"": ""MPC Controller"", ""weight_comfort"": 355.43116492050297, ""weight_trajectory"": 392750.4561060473, ""weight_goal"": 592894.1697637447, ""Q"": [[392750.4561060473, 0.0, 0.0, 0.0], [0.0, 0.0, 0.0, 0.0], [0.0, 0.0, 392750.4561060473, 0.0], [0.0, 0.0, 0.0, 0.0]], ""R"": [[355.43116492050297, 0.0], [0.0, 355.43116492050297]], ""P"": [[592894.1697637447, 0.0, 0.0, 0.0], [0.0, 59289416.97637447, 0.0, 0.0], [0.0, 0.0, 592894.1697637447, 0.0], [0.0, 0.0, 0.0, 59289416.97637447]]}","[0.33338206138739784, -0.31000623723693316, 0.0]",False
3,P05,2e6a0a77-88d8-4501-ab04-4d78b67d0190,24,1,haply,mpc,seeded_random,756517391,persist_session,10.0,25.55798130989075,10722.521076361,0,1785938064.3631527,1355.0,True,normal,adaptive,-0.08,0.08,0.0,-0.08,-0.08,0.0,-0.0822771921,-0.06409418,0.0,-0.024946779,-0.16670942,0.19552071,-0.0009252091,-0.0033998252,-0.0123821935,"[21.94716550239439, 33.38451079828502, 0.0, 0.0, 0.0, 0.0, -1.1568687308871732, 3.8790348634920617]","[0.04105862610619822, -0.052858310138826185, 0.0]","{""Controller Type"": ""MPC Controller"", ""weight_comfort"": 355.43116492050297, ""weight_trajectory"": 392750.4561060473, ""weight_goal"": 592894.1697637447, ""Q"": [[392750.4561060473, 0.0, 0.0, 0.0], [0.0, 0.0, 0.0, 0.0], [0.0, 0.0, 392750.4561060473, 0.0], [0.0, 0.0, 0.0, 0.0]], ""R"": [[355.43116492050297, 0.0], [0.0, 355.43116492050297]], ""P"": [[592894.1697637447, 0.0, 0.0, 0.0], [0.0, 59289416.97637447, 0.0, 0.0], [0.0, 0.0, 592894.1697637447, 0.0], [0.0, 0.0, 0.0, 59289416.97637447]]}","[0.4169803545972089, -0.15309411025621303, 0.0]",False
3,P05,2e6a0a77-88d8-4501-ab04-4d78b67d0190,24,1,haply,mpc,seeded_random,756517391,persist_session,10.0,25.568137702941897,10722.531229078,0,1785938064.3731806,1356.0,True,normal,adaptive,-0.08,0.08,0.0,-0.08,-0.08,0.0,-0.0823215831,-0.0641807,0.0,-0.024874743,-0.16672039,0.19552054,-0.00093922473,-0.0034554154,-0.012170462,"[22.043653928089952, 33.37763638360288, 0.0, 0.0, 0.0, 0.0, -1.162454027605404, 3.8659996855301073]","[-0.09657847096305863, -0.014966406688298399, 0.0]","{""Controller Type"": ""MPC Controller"", ""weight_comfort"": 347.0930026435255, ""weight_trajectory"": 421834.92420944193, ""weight_goal"": 634794.2099090512, ""Q"": [[421834.92420944193, 0.0, 0.0, 0.0], [0.0, 0.0, 0.0, 0.0], [0.0, 0.0, 421834.92420944193, 0.0], [0.0, 0.0, 0.0, 0.0]], ""R"": [[347.0930026435255, 0.0], [0.0, 347.0930026435255]], ""P"": [[634794.2099090512, 0.0, 0.0, 0.0], [0.0, 63479420.99090512, 0.0, 0.0], [0.0, 0.0, 634794.2099090512, 0.0], [0.0, 0.0, 0.0, 63479420.99090512]]}","[0.4227795015553888, -0.45506030776606204, 0.0]",False
3,P05,2e6a0a77-88d8-4501-ab04-4d78b67d0190,24,1,haply,mpc,seeded_random,756517391,persist_session,10.0,25.578007755279543,10722.541102862,0,1785938064.3833325,1357.0,True,normal,adaptive,-0.08,0.08,0.0,-0.08,-0.08,0.0,-0.0821054751,-0.06418104,0.0,-0.02481746,-0.16678245,0.19547701,-0.0008060351,-0.0032238355,-0.011659648,"[23.37637100868612, 33.89643894524666, 0.0, 0.0, 0.0, 0.0, -1.1712590603947997, 3.8775552571542002]","[0.7707895266625754, 0.01839823551304965, 0.0]","{""Controller Type"": ""MPC Controller"", ""weight_comfort"": 347.0930026435255, ""weight_trajectory"": 421834.92420944193, ""weight_goal"": 634794.2099090512, ""Q"": [[421834.92420944193, 0.0, 0.0, 0.0], [0.0, 0.0, 0.0, 0.0], [0.0, 0.0, 421834.92420944193, 0.0], [0.0, 0.0, 0.0, 0.0]], ""R"": [[347.0930026435255, 0.0], [0.0, 347.0930026435255]], ""P"": [[634794.2099090512, 0.0, 0.0, 0.0], [0.0, 63479420.99090512, 0.0, 0.0], [0.0, 0.0, 634794.2099090512, 0.0], [0.0, 0.0, 0.0, 63479420.99090512]]}","[-0.05368964030609203, -0.6035227121889994, 0.0]",False
3,P05,2e6a0a77-88d8-4501-ab04-4d78b67d0190,24,1,haply,mpc,seeded_random,756517391,persist_session,10.0,25.587979373931887,10722.551066832,0,1785938064.393305,1358.0,True,normal,adaptive,-0.08,0.08,0.0,-0.08,-0.08,0.0,-0.0819336260999999,-0.0642681,0.0,-0.024818247,-0.16678713,0.19538514,-0.00058596017,-0.002882046,-0.010899439,"[23.37637100868612, 33.89643894524666, 0.0, 0.0, 0.0, 0.0, -1.1712590603947997, 3.8775552571542002]","[0.7707895266625754, 0.01839823551304965, 0.0]","{""Controller Type"": ""MPC Controller"", ""weight_comfort"": 347.0930026435255, ""weight_trajectory"": 421834.92420944193, ""weight_goal"": 634794.2099090512, ""Q"": [[421834.92420944193, 0.0, 0.0, 0.0], [0.0, 0.0, 0.0, 0.0], [0.0, 0.0, 421834.92420944193, 0.0], [0.0, 0.0, 0.0, 0.0]], ""R"": [[347.0930026435255, 0.0], [0.0, 347.0930026435255]], ""P"": [[634794.2099090512, 0.0, 0.0, 0.0], [0.0, 63479420.99090512, 0.0, 0.0], [0.0, 0.0, 634794.2099090512, 0.0], [0.0, 0.0, 0.0, 63479420.99090512]]}","[-0.009264615948337673, -0.4499604145328671, 0.0]",False
3,P05,2e6a0a77-88d8-4501-ab04-4d78b67d0190,24,1,haply,mpc,seeded_random,756517391,persist_session,10.0,25.597886857986452,10722.560985495,0,1785938064.4033802,1359.0,True,normal,adaptive,-0.08,0.08,0.0,-0.08,-0.08,0.0,-0.0819359871,-0.0644518399999999,0.0,-0.024775662,-0.16690014,0.1952981,-0.00056695426,-0.0030963419,-0.009846918,"[21.52474846890511, 33.650897670666886, 0.0, 0.0, 0.0, 0.0, -1.1738962775959316, 3.9112490440583776]","[0.03378587443142619, -0.053077731860941293, 0.0]","{""Controller Type"": ""MPC Controller"", ""weight_comfort"": 347.90802430919405, ""weight_trajectory"": 427617.22029059107, ""weight_goal"": 648150.4813866654, ""Q"": [[427617.22029059107, 0.0, 0.0, 0.0], [0.0, 0.0, 0.0, 0.0], [0.0, 0.0, 427617.22029059107, 0.0], [0.0, 0.0, 0.0, 0.0]], ""R"": [[347.90802430919405, 0.0], [0.0, 347.90802430919405]], ""P"": [[648150.4813866654, 0.0, 0.0, 0.0], [0.0, 64815048.13866654, 0.0, 0.0], [0.0, 0.0, 648150.4813866654, 0.0], [0.0, 0.0, 0.0, 64815048.13866654]]}","[0.2932046368298697, -0.2771635482269198, 0.0]",False
3,P05,2e6a0a77-88d8-4501-ab04-4d78b67d0190,24,1,haply,mpc,seeded_random,756517391,persist_session,10.0,25.608150300979617,10722.571245286,0,1785938064.4131525,1360.0,True,normal,adaptive,-0.08,0.08,0.0,-0.08,-0.08,0.0,-0.0818082321,-0.06462592,0.0,-0.024775662,-0.16690014,0.1952981,-0.00052325526,-0.0033186867,-0.009195471,"[22.08042704051361, 33.80927293175097, 0.0, 0.0, 0.0, 0.0, -1.1733784316511793, 3.908411208535482]","[0.03378587443142619, -0.053077731860941293, 0.0]","{""Controller Type"": ""MPC Controller"", ""weight_comfort"": 347.90802430919405, ""weight_trajectory"": 427617.22029059107, ""weight_goal"": 648150.4813866654, ""Q"": [[427617.22029059107, 0.0, 0.0, 0.0], [0.0, 0.0, 0.0, 0.0], [0.0, 0.0, 427617.22029059107, 0.0], [0.0, 0.0, 0.0, 0.0]], ""R"": [[347.90802430919405, 0.0], [0.0, 347.90802430919405]], ""P"": [[648150.4813866654, 0.0, 0.0, 0.0], [0.0, 64815048.13866654, 0.0, 0.0], [0.0, 0.0, 648150.4813866654, 0.0], [0.0, 0.0, 0.0, 64815048.13866654]]}","[0.0440787690284966, -0.27785049771547976, 0.0]",False
3,P05,2e6a0a77-88d8-4501-ab04-4d78b67d0190,24,1,haply,mpc,seeded_random,756517391,persist_session,10.0,25.617991027832034,10722.581086935,0,1785938064.4232764,1361.0,True,normal,adaptive,-0.08,0.08,0.0,-0.08,-0.08,0.0,-0.0818082321,-0.06462592,0.0,-0.024775662,-0.16690014,0.1952981,-0.00048807435,-0.0034437971,-0.008746374,"[21.27494229803453, 33.804808659472435, 0.0, 0.0, 0.0, 0.0, -1.1914876776206236, 3.932244025465565]","[0.03847003358895383, 0.018318026874753673, 0.0]","{""Controller Type"": ""MPC Controller"", ""weight_comfort"": 347.90802430919405, ""weight_trajectory"": 427617.22029059107, ""weight_goal"": 648150.4813866654, ""Q"": [[427617.22029059107, 0.0, 0.0, 0.0], [0.0, 0.0, 0.0, 0.0], [0.0, 0.0, 427617.22029059107, 0.0], [0.0, 0.0, 0.0, 0.0]], ""R"": [[347.90802430919405, 0.0], [0.0, 347.90802430919405]], ""P"": [[648150.4813866654, 0.0, 0.0, 0.0], [0.0, 64815048.13866654, 0.0, 0.0], [0.0, 0.0, 648150.4813866654, 0.0], [0.0, 0.0, 0.0, 64815048.13866654]]}","[0.2700725058613768, -0.5857913987162916, 0.0]",False
3,P05,2e6a0a77-88d8-4501-ab04-4d78b67d0190,24,1,haply,mpc,seeded_random,756517391,persist_session,10.0,25.628034172058108,10722.591126215,0,1785938064.4331858,1362.0,True,normal,adaptive,-0.08,0.08,0.0,-0.08,-0.08,0.0,-0.0818082321,-0.06462592,0.0,-0.024805104,-0.16700219,0.19521128,-0.00030793302,-0.003233034,-0.007983172,"[21.251667603781268, 33.80467966314654, 0.0, 0.0, 0.0, 0.0, -1.1912970357292394, 3.9319931296908743]","[0.038427947539687396, 0.018315095931064184, 0.0]","{""Controller Type"": ""MPC Controller"", ""weight_comfort"": 334.5282139374075, ""weight_trajectory"": 455784.54833992524, ""weight_goal"": 676774.4330778606, ""Q"": [[455784.54833992524, 0.0, 0.0, 0.0], [0.0, 0.0, 0.0, 0.0], [0.0, 0.0, 455784.54833992524, 0.0], [0.0, 0.0, 0.0, 0.0]], ""R"": [[334.5282139374075, 0.0], [0.0, 334.5282139374075]], ""P"": [[676774.4330778606, 0.0, 0.0, 0.0], [0.0, 67677443.30778606, 0.0, 0.0], [0.0, 0.0, 676774.4330778606, 0.0], [0.0, 0.0, 0.0, 67677443.30778606]]}","[0.2731491583661559, -0.5738099107464761, 0.0]",False
3,P05,2e6a0a77-88d8-4501-ab04-4d78b67d0190,24,1,haply,mpc,seeded_random,756517391,persist_session,10.0,25.638151464462283,10722.601245936,0,1785938064.4432893,1363.0,True,normal,adaptive,-0.08,0.08,0.0,-0.08,-0.08,0.0,-0.0818965581,-0.06479956,0.0,-0.024747666,-0.1670642,0.19516753,0.00079912913,-0.0038255148,-0.0068993545,"[20.874890259777942, 33.8744035714205, 0.0, 0.0, 0.0, 0.0, -1.1995947571636485, 3.9791904378874032]","[-0.2565446786133771, -0.05015273345932736, 0.0]","{""Controller Type"": ""MPC Controller"", ""weight_comfort"": 334.5282139374075, ""weight_trajectory"": 455784.54833992524, ""weight_goal"": 676774.4330778606, ""Q"": [[455784.54833992524, 0.0, 0.0, 0.0], [0.0, 0.0, 0.0, 0.0], [0.0, 0.0, 455784.54833992524, 0.0], [0.0, 0.0, 0.0, 0.0]], ""R"": [[334.5282139374075, 0.0], [0.0, 334.5282139374075]], ""P"": [[676774.4330778606, 0.0, 0.0, 0.0], [0.0, 67677443.30778606, 0.0, 0.0], [0.0, 0.0, 676774.4330778606, 0.0], [0.0, 0.0, 0.0, 67677443.30778606]]}","[0.43848241314900854, -0.2685303689270006, 0.0]",False
3,P05,2e6a0a77-88d8-4501-ab04-4d78b67d0190,24,1,haply,mpc,seeded_random,756517391,persist_session,10.0,25.64812785148621,10722.611215157,0,1785938064.4531364,1364.0,True,normal,adaptive,-0.08,0.08,0.0,-0.08,-0.08,0.0,-0.0817242441,-0.06488706,0.0,-0.024762334,-0.16711508,0.19512409,0.00034839578,-0.0043075634,-0.0062294086,"[20.874890259777942, 33.8744035714205, 0.0, 0.0, 0.0, 0.0, -1.1995947571636485, 3.9791904378874032]","[-0.2565446786133771, -0.05015273345932736, 0.0]","{""Controller Type"": ""MPC Controller"", ""weight_comfort"": 334.5282139374075, ""weight_trajectory"": 455784.54833992524, ""weight_goal"": 676774.4330778606, ""Q"": [[455784.54833992524, 0.0, 0.0, 0.0], [0.0, 0.0, 0.0, 0.0], [0.0, 0.0, 455784.54833992524, 0.0], [0.0, 0.0, 0.0, 0.0]], ""R"": [[334.5282139374075, 0.0], [0.0, 334.5282139374075]], ""P"": [[676774.4330778606, 0.0, 0.0, 0.0], [0.0, 67677443.30778606, 0.0, 0.0], [0.0, 0.0, 676774.4330778606, 0.0], [0.0, 0.0, 0.0, 67677443.30778606]]}","[-0.04377252597536266, -0.4095747466372217, 0.0]",False
3,P05,2e6a0a77-88d8-4501-ab04-4d78b67d0190,24,1,haply,mpc,seeded_random,756517391,persist_session,10.0,25.658311662673952,10722.621395872,0,1785938064.4632244,1365.0,True,normal,adaptive,-0.08,0.08,0.0,-0.08,-0.08,0.0,-0.0817682481,-0.06497394,0.0,-0.024777066,-0.16716622,0.19508049,0.00069675286,-0.004745142,-0.0057903486,"[22.112753416045027, 34.35981105434362, 0.0, 0.0, 0.0, 0.0, -1.2015899058583015, 3.9720381972113663]","[0.6393847951986303, -0.017135208596525085, 0.0]","{""Controller Type"": ""MPC Controller"", ""weight_comfort"": 333.2295549956246, ""weight_trajectory"": 467690.34677605407, ""weight_goal"": 698068.8558474042, ""Q"": [[467690.34677605407, 0.0, 0.0, 0.0], [0.0, 0.0, 0.0, 0.0], [0.0, 0.0, 467690.34677605407, 0.0], [0.0, 0.0, 0.0, 0.0]], ""R"": [[333.2295549956246, 0.0], [0.0, 333.2295549956246]], ""P"": [[698068.8558474042, 0.0, 0.0, 0.0], [0.0, 69806885.58474042, 0.0, 0.0], [0.0, 0.0, 698068.8558474042, 0.0], [0.0, 0.0, 0.0, 69806885.58474042]]}","[0.3439133556466023, -0.40751646712765, 0.0]",False
3,P05,2e6a0a77-88d8-4501-ab04-4d78b67d0190,24,1,haply,mpc,seeded_random,756517391,persist_session,10.0,25.668634710311892,10722.631715369,0,1785938064.473052,1366.0,True,normal,adaptive,-0.08,0.08,0.0,-0.08,-0.08,0.0,-0.0818124440999999,-0.06506114,0.0,-0.02477778,-0.16717063,0.19498847,0.001019698,-0.004862338,-0.0055763656,"[20.974655027297768, 34.468004383539636, 0.0, 0.0, 0.0, 0.0, -1.2016779032724252, 3.971781903750972]","[-0.11699150693532015, -0.017289754131806227, 0.0]","{""Controller Type"": ""MPC Controller"", ""weight_comfort"": 333.2295549956246, ""weight_trajectory"": 467690.34677605407, ""weight_goal"": 698068.8558474042, ""Q"": [[467690.34677605407, 0.0, 0.0, 0.0], [0.0, 0.0, 0.0, 0.0], [0.0, 0.0, 467690.34677605407, 0.0], [0.0, 0.0, 0.0, 0.0]], ""R"": [[333.2295549956246, 0.0], [0.0, 333.2295549956246]], ""P"": [[698068.8558474042, 0.0, 0.0, 0.0], [0.0, 69806885.58474042, 0.0, 0.0], [0.0, 0.0, 698068.8558474042, 0.0], [0.0, 0.0, 0.0, 69806885.58474042]]}","[0.3529631831039871, -0.3997411260710584, 0.0]",False
3,P05,2e6a0a77-88d8-4501-ab04-4d78b67d0190,24,1,haply,mpc,seeded_random,756517391,persist_session,10.0,25.678365049362185,10722.641441212,0,1785938064.4833834,1367.0,True,normal,adaptive,-0.08,0.08,0.0,-0.08,-0.08,0.0,-0.0818145861,-0.06524518,0.0,-0.024778541,-0.16717522,0.19489619,0.0013035792,-0.0047685998,-0.0055616046,"[21.20772990684594, 34.46822373828946, 0.0, 0.0, 0.0, 0.0, -1.2064772307454275, 3.9966542982036075]","[0.03133698030634702, -0.05339372142265918, 0.0]","{""Controller Type"": ""MPC Controller"", ""weight_comfort"": 333.2295549956246, ""weight_trajectory"": 467690.34677605407, ""weight_goal"": 698068.8558474042, ""Q"": [[467690.34677605407, 0.0, 0.0, 0.0], [0.0, 0.0, 0.0, 0.0], [0.0, 0.0, 467690.34677605407, 0.0], [0.0, 0.0, 0.0, 0.0]], ""R"": [[333.2295549956246, 0.0], [0.0, 333.2295549956246]], ""P"": [[698068.8558474042, 0.0, 0.0, 0.0], [0.0, 69806885.58474042, 0.0, 0.0], [0.0, 0.0, 698068.8558474042, 0.0], [0.0, 0.0, 0.0, 69806885.58474042]]}","[0.2785863416829588, -0.23722155201520714, 0.0]",False
3,P05,2e6a0a77-88d8-4501-ab04-4d78b67d0190,24,1,haply,mpc,seeded_random,756517391,persist_session,10.0,25.68790894508362,10722.650993603,0,1785938064.4931035,1368.0,True,normal,adaptive,-0.08,0.08,0.0,-0.08,-0.08,0.0,-0.0818168691,-0.06542974,0.0,-0.024778541,-0.16717522,0.19489619,0.0013035792,-0.0047685998,-0.0055616046,"[21.18753097946282, 34.468216961291304, 0.0, 0.0, 0.0, 0.0, -1.2069194890881079, 3.998756379612398]","[0.03133698030634702, -0.05339372142265918, 0.0]","{""Controller Type"": ""MPC Controller"", ""weight_comfort"": 322.85949346047784, ""weight_trajectory"": 494273.8433746912, ""weight_goal"": 728019.7666068604, ""Q"": [[494273.8433746912, 0.0, 0.0, 0.0], [0.0, 0.0, 0.0, 0.0], [0.0, 0.0, 494273.8433746912, 0.0], [0.0, 0.0, 0.0, 0.0]], ""R"": [[322.85949346047784, 0.0], [0.0, 322.85949346047784]], ""P"": [[728019.7666068604, 0.0, 0.0, 0.0], [0.0, 72801976.66068605, 0.0, 0.0], [0.0, 0.0, 728019.7666068604, 0.0], [0.0, 0.0, 0.0, 72801976.66068605]]}","[0.28191367997833033, -0.19908512041178722, 0.0]",False
3,P05,2e6a0a77-88d8-4501-ab04-4d78b67d0190,24,1,haply,mpc,seeded_random,756517391,persist_session,10.0,25.698031959533694,10722.66112787,0,1785938064.5031848,1369.0,True,normal,adaptive,-0.08,0.08,0.0,-0.08,-0.08,0.0,-0.0816462860999999,-0.06570152,0.0,-0.024722353,-0.1672457,0.19466817,0.00096335,-0.004426392,-0.005857006,"[21.815741471037175, 34.71803741330224, 0.0, 0.0, 0.0, 0.0, -1.2170105641305486, 4.0362492315639305]","[0.623384049193799, -0.09141380292265763, 0.0]","{""Controller Type"": ""MPC Controller"", ""weight_comfort"": 322.85949346047784, ""weight_trajectory"": 494273.8433746912, ""weight_goal"": 728019.7666068604, ""Q"": [[494273.8433746912, 0.0, 0.0, 0.0], [0.0, 0.0, 0.0, 0.0], [0.0, 0.0, 494273.8433746912, 0.0], [0.0, 0.0, 0.0, 0.0]], ""R"": [[322.85949346047784, 0.0], [0.0, 322.85949346047784]], ""P"": [[728019.7666068604, 0.0, 0.0, 0.0], [0.0, 72801976.66068605, 0.0, 0.0], [0.0, 0.0, 728019.7666068604, 0.0], [0.0, 0.0, 0.0, 72801976.66068605]]}","[-0.04427990274374271, -0.049713312708820796, 0.0]",False
3,P05,2e6a0a77-88d8-4501-ab04-4d78b67d0190,24,1,haply,mpc,seeded_random,756517391,persist_session,10.0,25.708280620574953,10722.671369105,0,1785938064.51328,1370.0,True,normal,adaptive,-0.08,0.08,0.0,-0.08,-0.08,0.0,-0.0816483051,-0.06588578,0.0,-0.024722353,-0.1672457,0.19466817,0.00096335,-0.004426392,-0.005857006,"[20.865436785505118, 34.71777686541972, 0.0, 0.0, 0.0, 0.0, -1.2108180205993386, 4.006573018286117]","[0.623384049193799, -0.09141380292265763, 0.0]","{""Controller Type"": ""MPC Controller"", ""weight_comfort"": 322.85949346047784, ""weight_trajectory"": 494273.8433746912, ""weight_goal"": 728019.7666068604, ""Q"": [[494273.8433746912, 0.0, 0.0, 0.0], [0.0, 0.0, 0.0, 0.0], [0.0, 0.0, 494273.8433746912, 0.0], [0.0, 0.0, 0.0, 0.0]], ""R"": [[322.85949346047784, 0.0], [0.0, 322.85949346047784]], ""P"": [[728019.7666068604, 0.0, 0.0, 0.0], [0.0, 72801976.66068605, 0.0, 0.0], [0.0, 0.0, 728019.7666068604, 0.0], [0.0, 0.0, 0.0, 72801976.66068605]]}","[0.25552970319510704, -0.19530884456784814, 0.0]",False
3,P05,2e6a0a77-88d8-4501-ab04-4d78b67d0190,24,1,haply,mpc,seeded_random,756517391,persist_session,10.0,25.717954454422,10722.681044584,0,1785938064.5235054,1371.0,True,normal,adaptive,-0.08,0.08,0.0,-0.08,-0.08,0.0,-0.0816063951,-0.0659827399999999,0.0,-0.024708383,-0.16719909,0.19461969,0.0009728341,-0.0043285694,-0.006021072,"[20.998539286963968, 34.73195455045079, 0.0, 0.0, 0.0, 0.0, -1.2117489568996584, 3.9970902489583944]","[0.027449132671547805, -0.05603975843932761, 0.0]","{""Controller Type"": ""MPC Controller"", ""weight_comfort"": 311.2918394275974, ""weight_trajectory"": 535140.4930864547, ""weight_goal"": 782822.018619516, ""Q"": [[535140.4930864547, 0.0, 0.0, 0.0], [0.0, 0.0, 0.0, 0.0], [0.0, 0.0, 535140.4930864547, 0.0], [0.0, 0.0, 0.0, 0.0]], ""R"": [[311.2918394275974, 0.0], [0.0, 311.2918394275974]], ""P"": [[782822.018619516, 0.0, 0.0, 0.0], [0.0, 78282201.8619516, 0.0, 0.0], [0.0, 0.0, 782822.018619516, 0.0], [0.0, 0.0, 0.0, 78282201.8619516]]}","[0.25552970319510704, -0.19530884456784814, 0.0]",False
3,P05,2e6a0a77-88d8-4501-ab04-4d78b67d0190,24,1,haply,mpc,seeded_random,756517391,persist_session,10.0,25.72813683509827,10722.691222559,0,1785938064.533749,1372.0,True,normal,adaptive,-0.08,0.08,0.0,-0.08,-0.08,0.0,-0.0816523371,-0.0662543999999999,0.0,-0.024723697,-0.16725427,0.19448386,0.0010193065,-0.004122119,-0.0060637877,"[20.998539286963968, 34.73195455045079, 0.0, 0.0, 0.0, 0.0, -1.2117489568996584, 3.9970902489583944]","[0.17608306428129789, -0.020915589035856254, 0.0]","{""Controller Type"": ""MPC Controller"", ""weight_comfort"": 311.2918394275974, ""weight_trajectory"": 535140.4930864547, ""weight_goal"": 782822.018619516, ""Q"": [[535140.4930864547, 0.0, 0.0, 0.0], [0.0, 0.0, 0.0, 0.0], [0.0, 0.0, 535140.4930864547, 0.0], [0.0, 0.0, 0.0, 0.0]], ""R"": [[311.2918394275974, 0.0], [0.0, 311.2918394275974]], ""P"": [[782822.018619516, 0.0, 0.0, 0.0], [0.0, 78282201.8619516, 0.0, 0.0], [0.0, 0.0, 782822.018619516, 0.0], [0.0, 0.0, 0.0, 78282201.8619516]]}","[0.33443952264990906, -0.02310159239390989, 0.0]",False
3,P05,2e6a0a77-88d8-4501-ab04-4d78b67d0190,24,1,haply,mpc,seeded_random,756517391,persist_session,10.0,25.738028821945193,10722.701125255,0,1785938064.543146,1373.0,True,normal,adaptive,-0.08,0.08,0.0,-0.08,-0.08,0.0,-0.0816982370999999,-0.06652628,0.0,-0.024753604,-0.16736016,0.19430414,0.00037055396,-0.003495455,-0.0073358235,"[20.659533401928226, 34.767465338045824, 0.0, 0.0, 0.0, 0.0, -1.2370373916226325, 4.089729663852943]","[-0.13473766631635953, -0.1016587965434185, 0.0]","{""Controller Type"": ""MPC Controller"", ""weight_comfort"": 300.90261337047167, ""weight_trajectory"": 576090.0107675598, ""weight_goal"": 839837.3522214654, ""Q"": [[576090.0107675598, 0.0, 0.0, 0.0], [0.0, 0.0, 0.0, 0.0], [0.0, 0.0, 576090.0107675598, 0.0], [0.0, 0.0, 0.0, 0.0]], ""R"": [[300.90261337047167, 0.0], [0.0, 300.90261337047167]], ""P"": [[839837.3522214654, 0.0, 0.0, 0.0], [0.0, 83983735.22214654, 0.0, 0.0], [0.0, 0.0, 839837.3522214654, 0.0], [0.0, 0.0, 0.0, 83983735.22214654]]}","[0.34856843650099034, 0.029033548652953746, 0.0]",False
3,P05,2e6a0a77-88d8-4501-ab04-4d78b67d0190,24,1,haply,mpc,seeded_random,756517391,persist_session,10.0,25.74794417381287,10722.711027747,0,1785938064.553375,1374.0,True,normal,adaptive,-0.08,0.08,0.0,-0.08,-0.08,0.0,-0.0817420580999999,-0.06661384,0.0,-0.024753604,-0.16736016,0.19430414,0.00037055396,-0.003495455,-0.0073358235,"[20.758249002422303, 34.75806845719221, 0.0, 0.0, 0.0, 0.0, -1.2399899906652423, 4.071475227072878]","[-0.13473766631635953, -0.1016587965434185, 0.0]","{""Controller Type"": ""MPC Controller"", ""weight_comfort"": 300.90261337047167, ""weight_trajectory"": 576090.0107675598, ""weight_goal"": 839837.3522214654, ""Q"": [[576090.0107675598, 0.0, 0.0, 0.0], [0.0, 0.0, 0.0, 0.0], [0.0, 0.0, 576090.0107675598, 0.0], [0.0, 0.0, 0.0, 0.0]], ""R"": [[300.90261337047167, 0.0], [0.0, 300.90261337047167]], ""P"": [[839837.3522214654, 0.0, 0.0, 0.0], [0.0, 83983735.22214654, 0.0, 0.0], [0.0, 0.0, 839837.3522214654, 0.0], [0.0, 0.0, 0.0, 83983735.22214654]]}","[0.347842974004259, -0.3154955322134542, 0.0]",False
3,P05,2e6a0a77-88d8-4501-ab04-4d78b67d0190,24,1,haply,mpc,seeded_random,756517391,persist_session,10.0,25.758056459426882,10722.7211509,0,1785938064.563299,1375.0,True,normal,adaptive,-0.08,0.08,0.0,-0.08,-0.08,0.0,-0.0815270961,-0.06679876,0.0,-0.02469714,-0.16743003,0.19407555,0.00033222273,-0.0029078817,-0.0086066155,"[21.758113707048576, 35.295206114387035, 0.0, 0.0, 0.0, 0.0, -1.2473590694552001, 4.1040638224717725]","[0.7977549288545212, -0.0600073620987405, 0.0]","{""Controller Type"": ""MPC Controller"", ""weight_comfort"": 300.90261337047167, ""weight_trajectory"": 576090.0107675598, ""weight_goal"": 839837.3522214654, ""Q"": [[576090.0107675598, 0.0, 0.0, 0.0], [0.0, 0.0, 0.0, 0.0], [0.0, 0.0, 576090.0107675598, 0.0], [0.0, 0.0, 0.0, 0.0]], ""R"": [[300.90261337047167, 0.0], [0.0, 300.90261337047167]], ""P"": [[839837.3522214654, 0.0, 0.0, 0.0], [0.0, 83983735.22214654, 0.0, 0.0], [0.0, 0.0, 839837.3522214654, 0.0], [0.0, 0.0, 0.0, 83983735.22214654]]}","[-0.14450945517502614, -0.13091670431343677, 0.0]",False
3,P05,2e6a0a77-88d8-4501-ab04-4d78b67d0190,24,1,haply,mpc,seeded_random,756517391,persist_session,10.0,25.768057165145876,10722.731144598,0,1785938064.5731964,1376.0,True,normal,adaptive,-0.08,0.08,0.0,-0.08,-0.08,0.0,-0.0815726661,-0.0670710199999999,0.0,-0.02469714,-0.16743003,0.19407555,0.00033222273,-0.0029078817,-0.0086066155,"[20.44850374994755, 35.4449146188351, 0.0, 0.0, 0.0, 0.0, -1.2600535928920427, 4.149033838466696]","[-0.13103704518922712, -0.09784057534359067, 0.0]","{""Controller Type"": ""MPC Controller"", ""weight_comfort"": 300.90261337047167, ""weight_trajectory"": 576090.0107675598, ""weight_goal"": 839837.3522214654, ""Q"": [[576090.0107675598, 0.0, 0.0, 0.0], [0.0, 0.0, 0.0, 0.0], [0.0, 0.0, 576090.0107675598, 0.0], [0.0, 0.0, 0.0, 0.0]], ""R"": [[300.90261337047167, 0.0], [0.0, 300.90261337047167]], ""P"": [[839837.3522214654, 0.0, 0.0, 0.0], [0.0, 83983735.22214654, 0.0, 0.0], [0.0, 0.0, 839837.3522214654, 0.0], [0.0, 0.0, 0.0, 83983735.22214654]]}","[0.32704712941360453, 0.03550047631332614, 0.0]",False
3,P05,2e6a0a77-88d8-4501-ab04-4d78b67d0190,24,1,haply,mpc,seeded_random,756517391,persist_session,10.0,25.778008756637576,10722.741099506,0,1785938064.5833032,1377.0,True,normal,adaptive,-0.08,0.08,0.0,-0.08,-0.08,0.0,-0.0816164031,-0.06715884,0.0,-0.024726884,-0.16753553,0.19389541,0.0005509945,-0.002792437,-0.009155627,"[20.527325761948383, 35.43671936627229, 0.0, 0.0, 0.0, 0.0, -1.2619145104679002, 4.130412237831167]","[-0.12017131931495888, -0.019685522145917584, 0.0]","{""Controller Type"": ""MPC Controller"", ""weight_comfort"": 289.19436822868033, ""weight_trajectory"": 616406.3574943723, ""weight_goal"": 889731.8867441863, ""Q"": [[616406.3574943723, 0.0, 0.0, 0.0], [0.0, 0.0, 0.0, 0.0], [0.0, 0.0, 616406.3574943723, 0.0], [0.0, 0.0, 0.0, 0.0]], ""R"": [[289.19436822868033, 0.0], [0.0, 289.19436822868033]], ""P"": [[889731.8867441863, 0.0, 0.0, 0.0], [0.0, 88973188.67441863, 0.0, 0.0], [0.0, 0.0, 889731.8867441863, 0.0], [0.0, 0.0, 0.0, 88973188.67441863]]}","[0.3316988889790096, -0.28425249422702725, 0.0]",False
3,P05,2e6a0a77-88d8-4501-ab04-4d78b67d0190,24,1,haply,mpc,seeded_random,756517391,persist_session,10.0,25.787934360504153,10722.7510217,0,1785938064.5931246,1378.0,True,normal,adaptive,-0.08,0.08,0.0,-0.08,-0.08,0.0,-0.0816618981,-0.0674313,0.0,-0.024655126,-0.1675503,0.19380294,0.00060528755,-0.0028429406,-0.009306964,"[20.527325761948383, 35.43671936627229, 0.0, 0.0, 0.0, 0.0, -1.2619145104679002, 4.130412237831167]","[-0.12017131931495888, -0.019685522145917584, 0.0]","{""Controller Type"": ""MPC Controller"", ""weight_comfort"": 289.19436822868033, ""weight_trajectory"": 616406.3574943723, ""weight_goal"": 889731.8867441863, ""Q"": [[616406.3574943723, 0.0, 0.0, 0.0], [0.0, 0.0, 0.0, 0.0], [0.0, 0.0, 616406.3574943723, 0.0], [0.0, 0.0, 0.0, 0.0]], ""R"": [[289.19436822868033, 0.0], [0.0, 289.19436822868033]], ""P"": [[889731.8867441863, 0.0, 0.0, 0.0], [0.0, 88973188.67441863, 0.0, 0.0], [0.0, 0.0, 889731.8867441863, 0.0], [0.0, 0.0, 0.0, 88973188.67441863]]}","[0.3442850396574218, 0.0635420010618686, 0.0]",False
3,P05,2e6a0a77-88d8-4501-ab04-4d78b67d0190,24,1,haply,mpc,seeded_random,756517391,persist_session,10.0,25.79792862892151,10722.761023737,0,1785938064.6032846,1379.0,True,normal,adaptive,-0.08,0.08,0.0,-0.08,-0.08,0.0,-0.0814466241,-0.06761624,0.0,-0.024582766,-0.16756114,0.19380276,0.00070131925,-0.0028974644,-0.009393365,"[21.49375804900575, 35.93476322286892, 0.0, 0.0, 0.0, 0.0, -1.284111011837376, 4.201847992533771]","[0.7924953146101325, -0.06058332166411263, 0.0]","{""Controller Type"": ""MPC Controller"", ""weight_comfort"": 289.19436822868033, ""weight_trajectory"": 616406.3574943723, ""weight_goal"": 889731.8867441863, ""Q"": [[616406.3574943723, 0.0, 0.0, 0.0], [0.0, 0.0, 0.0, 0.0], [0.0, 0.0, 616406.3574943723, 0.0], [0.0, 0.0, 0.0, 0.0]], ""R"": [[289.19436822868033, 0.0], [0.0, 289.19436822868033]], ""P"": [[889731.8867441863, 0.0, 0.0, 0.0], [0.0, 88973188.67441863, 0.0, 0.0], [0.0, 0.0, 889731.8867441863, 0.0], [0.0, 0.0, 0.0, 88973188.67441863]]}","[-0.14838957914250744, -0.09960659515839726, 0.0]",False
3,P05,2e6a0a77-88d8-4501-ab04-4d78b67d0190,24,1,haply,mpc,seeded_random,756517391,persist_session,10.0,25.808141288757326,10722.771233226,0,1785938064.613276,1380.0,True,normal,adaptive,-0.08,0.08,0.0,-0.08,-0.08,0.0,-0.0812295441,-0.0676166,0.0,-0.024525471,-0.16762647,0.19366619,0.0010653465,-0.0029681546,-0.00944199,"[21.15962491813761, 35.71531134679231, 0.0, 0.0, 0.0, 0.0, -1.299401362613157, 4.2218069669242615]","[0.8019914351841888, 0.015938891075889545, 0.0]","{""Controller Type"": ""MPC Controller"", ""weight_comfort"": 284.4782154867304, ""weight_trajectory"": 646448.9072521297, ""weight_goal"": 941124.5366222521, ""Q"": [[646448.9072521297, 0.0, 0.0, 0.0], [0.0, 0.0, 0.0, 0.0], [0.0, 0.0, 646448.9072521297, 0.0], [0.0, 0.0, 0.0, 0.0]], ""R"": [[284.4782154867304, 0.0], [0.0, 284.4782154867304]], ""P"": [[941124.5366222521, 0.0, 0.0, 0.0], [0.0, 94112453.6622252, 0.0, 0.0], [0.0, 0.0, 941124.5366222521, 0.0], [0.0, 0.0, 0.0, 94112453.6622252]]}","[-0.19218658677487946, -0.417225698182932, 0.0]",False
3,P05,2e6a0a77-88d8-4501-ab04-4d78b67d0190,24,1,haply,mpc,seeded_random,756517391,persist_session,10.0,25.817889032363894,10722.780985548,0,1785938064.623162,1381.0,True,normal,adaptive,-0.08,0.08,0.0,-0.08,-0.08,0.0,-0.0810576591,-0.06788974,0.0,-0.024468118,-0.1676917,0.19352955,0.0016526717,-0.0030647013,-0.009402881,"[20.7501289095593, 35.463738028122634, 0.0, 0.0, 0.0, 0.0, -1.3439778172798384, 4.37609399482796]","[0.6385425917642852, -0.10463072738120943, 0.0]","{""Controller Type"": ""MPC Controller"", ""weight_comfort"": 284.4782154867304, ""weight_trajectory"": 646448.9072521297, ""weight_goal"": 941124.5366222521, ""Q"": [[646448.9072521297, 0.0, 0.0, 0.0], [0.0, 0.0, 0.0, 0.0], [0.0, 0.0, 646448.9072521297, 0.0], [0.0, 0.0, 0.0, 0.0]], ""R"": [[284.4782154867304, 0.0], [0.0, 284.4782154867304]], ""P"": [[941124.5366222521, 0.0, 0.0, 0.0], [0.0, 94112453.6622252, 0.0, 0.0], [0.0, 0.0, 941124.5366222521, 0.0], [0.0, 0.0, 0.0, 94112453.6622252]]}","[-0.1421133867350722, 0.08352717344500911, 0.0]",False
3,P05,2e6a0a77-88d8-4501-ab04-4d78b67d0190,24,1,haply,mpc,seeded_random,756517391,persist_session,10.0,25.82796102523804,10722.791032384,0,1785938064.633248,1382.0,True,normal,adaptive,-0.08,0.08,0.0,-0.08,-0.08,0.0,-0.0808856001,-0.06816302,0.0,-0.024468118,-0.1676917,0.19352955,0.0016526717,-0.0030647013,-0.009402881,"[20.540775756473348, 35.31478303714788, 0.0, 0.0, 0.0, 0.0, -1.3414458062931387, 4.367339277777723]","[0.6385425917642852, -0.10463072738120943, 0.0]","{""Controller Type"": ""MPC Controller"", ""weight_comfort"": 284.4782154867304, ""weight_trajectory"": 646448.9072521297, ""weight_goal"": 941124.5366222521, ""Q"": [[646448.9072521297, 0.0, 0.0, 0.0], [0.0, 0.0, 0.0, 0.0], [0.0, 0.0, 646448.9072521297, 0.0], [0.0, 0.0, 0.0, 0.0]], ""R"": [[284.4782154867304, 0.0], [0.0, 284.4782154867304]], ""P"": [[941124.5366222521, 0.0, 0.0, 0.0], [0.0, 94112453.6622252, 0.0, 0.0], [0.0, 0.0, 941124.5366222521, 0.0], [0.0, 0.0, 0.0, 94112453.6622252]]}","[-0.16354476899469517, 0.08323503653339691, 0.0]",False
3,P05,2e6a0a77-88d8-4501-ab04-4d78b67d0190,24,1,haply,mpc,seeded_random,756517391,persist_session,10.0,25.838314828872683,10722.801407115,0,1785938064.6434553,1383.0,True,normal,adaptive,-0.08,0.08,0.0,-0.08,-0.08,0.0,-0.0808856001,-0.06816302,0.0,-0.02446865,-0.16769549,0.19343716,0.0024790599,-0.0032475635,-0.009414817,"[20.540775756473348, 35.31478303714788, 0.0, 0.0, 0.0, 0.0, -1.3414458062931387, 4.367339277777723]","[0.620628982384321, -0.1024536180409059, 0.0]","{""Controller Type"": ""MPC Controller"", ""weight_comfort"": 273.75835739897735, ""weight_trajectory"": 687261.4257743005, ""weight_goal"": 993807.8923183442, ""Q"": [[687261.4257743005, 0.0, 0.0, 0.0], [0.0, 0.0, 0.0, 0.0], [0.0, 0.0, 687261.4257743005, 0.0], [0.0, 0.0, 0.0, 0.0]], ""R"": [[273.75835739897735, 0.0], [0.0, 273.75835739897735]], ""P"": [[993807.8923183442, 0.0, 0.0, 0.0], [0.0, 99380789.23183443, 0.0, 0.0], [0.0, 0.0, 993807.8923183442, 0.0], [0.0, 0.0, 0.0, 99380789.23183443]]}","[0.14143663148190513, -0.39207068032327513, 0.0]",False
3,P05,2e6a0a77-88d8-4501-ab04-4d78b67d0190,24,1,haply,mpc,seeded_random,756517391,persist_session,10.0,25.848205146789553,10722.811285162,0,1785938064.6532695,1384.0,True,normal,adaptive,-0.08,0.08,0.0,-0.08,-0.08,0.0,-0.0808871961,-0.0683478,0.0,-0.024455165,-0.16765213,0.19329667,0.0027494573,-0.0031860957,-0.009266825,"[20.03866445445994, 35.312831302744684, 0.0, 0.0, 0.0, 0.0, -1.3629687197902702, 4.395515461197115]","[0.017746243244736063, 0.01613343347678301, 0.0]","{""Controller Type"": ""MPC Controller"", ""weight_comfort"": 273.75835739897735, ""weight_trajectory"": 687261.4257743005, ""weight_goal"": 993807.8923183442, ""Q"": [[687261.4257743005, 0.0, 0.0, 0.0], [0.0, 0.0, 0.0, 0.0], [0.0, 0.0, 687261.4257743005, 0.0], [0.0, 0.0, 0.0, 0.0]], ""R"": [[273.75835739897735, 0.0], [0.0, 273.75835739897735]], ""P"": [[993807.8923183442, 0.0, 0.0, 0.0], [0.0, 99380789.23183443, 0.0, 0.0], [0.0, 0.0, 993807.8923183442, 0.0], [0.0, 0.0, 0.0, 99380789.23183443]]}","[0.14459991159623845, -0.04922595652071673, 0.0]",False
3,P05,2e6a0a77-88d8-4501-ab04-4d78b67d0190,24,1,haply,mpc,seeded_random,756517391,persist_session,10.0,25.858214435577395,10722.821292082,0,1785938064.66336,1385.0,True,normal,adaptive,-0.08,0.08,0.0,-0.08,-0.08,0.0,-0.0808467411,-0.06862878,0.0,-0.02446966,-0.16770287,0.1932524,0.0029728762,-0.0030848875,-0.009139054,"[20.10401153827215, 35.32671433631061, 0.0, 0.0, 0.0, 0.0, -1.3931306989015582, 4.508281690798192]","[0.15865743198384796, -0.10969784060655821, 0.0]","{""Controller Type"": ""MPC Controller"", ""weight_comfort"": 273.75835739897735, ""weight_trajectory"": 687261.4257743005, ""weight_goal"": 993807.8923183442, ""Q"": [[687261.4257743005, 0.0, 0.0, 0.0], [0.0, 0.0, 0.0, 0.0], [0.0, 0.0, 687261.4257743005, 0.0], [0.0, 0.0, 0.0, 0.0]], ""R"": [[273.75835739897735, 0.0], [0.0, 273.75835739897735]], ""P"": [[993807.8923183442, 0.0, 0.0, 0.0], [0.0, 99380789.23183443, 0.0, 0.0], [0.0, 0.0, 993807.8923183442, 0.0], [0.0, 0.0, 0.0, 99380789.23183443]]}","[0.0635266387072453, 0.1213760959359185, 0.0]",False
3,P05,2e6a0a77-88d8-4501-ab04-4d78b67d0190,24,1,haply,mpc,seeded_random,756517391,persist_session,10.0,25.868016538619997,10722.831109469,0,1785938064.673227,1386.0,True,normal,adaptive,-0.08,0.08,0.0,-0.08,-0.08,0.0,-0.0808902261,-0.06871732,0.0,-0.0244701,-0.16770637,0.19316007,0.0020976972,-0.002795735,-0.009014662,"[19.894003985618824, 35.36777731770372, 0.0, 0.0, 0.0, 0.0, -1.3925239499925288, 4.485002474243859]","[-0.13815666491545514, -0.024533294309183135, 0.0]","{""Controller Type"": ""MPC Controller"", ""weight_comfort"": 264.2653490302702, ""weight_trajectory"": 723965.884595888, ""weight_goal"": 1040175.0011882088, ""Q"": [[723965.884595888, 0.0, 0.0, 0.0], [0.0, 0.0, 0.0, 0.0], [0.0, 0.0, 723965.884595888, 0.0], [0.0, 0.0, 0.0, 0.0]], ""R"": [[264.2653490302702, 0.0], [0.0, 264.2653490302702]], ""P"": [[1040175.0011882088, 0.0, 0.0, 0.0], [0.0, 104017500.11882088, 0.0, 0.0], [0.0, 0.0, 1040175.0011882088, 0.0], [0.0, 0.0, 0.0, 104017500.11882088]]}","[0.22216333234778562, -0.2068233681430524, 0.0]",False
3,P05,2e6a0a77-88d8-4501-ab04-4d78b67d0190,24,1,haply,mpc,seeded_random,756517391,persist_session,10.0,25.878141222000124,10722.841231915,0,1785938064.6834323,1387.0,True,normal,adaptive,-0.08,0.08,0.0,-0.08,-0.08,0.0,-0.0808915461,-0.06890198,0.0,-0.024484998,-0.16776046,0.19302346,0.0013452433,-0.0025886341,-0.008944635,"[20.01576969087077, 35.3675531748953, 0.0, 0.0, 0.0, 0.0, -1.3997166972495012, 4.51379895969599]","[0.01327036697615206, -0.06614118868115466, 0.0]","{""Controller Type"": ""MPC Controller"", ""weight_comfort"": 264.2653490302702, ""weight_trajectory"": 723965.884595888, ""weight_goal"": 1040175.0011882088, ""Q"": [[723965.884595888, 0.0, 0.0, 0.0], [0.0, 0.0, 0.0, 0.0], [0.0, 0.0, 723965.884595888, 0.0], [0.0, 0.0, 0.0, 0.0]], ""R"": [[264.2653490302702, 0.0], [0.0, 264.2653490302702]], ""P"": [[1040175.0011882088, 0.0, 0.0, 0.0], [0.0, 104017500.11882088, 0.0, 0.0], [0.0, 0.0, 1040175.0011882088, 0.0], [0.0, 0.0, 0.0, 104017500.11882088]]}","[0.14562077304478707, -0.0371372461123159, 0.0]",False
3,P05,2e6a0a77-88d8-4501-ab04-4d78b67d0190,24,1,haply,mpc,seeded_random,756517391,persist_session,10.0,25.888054666519167,10722.851114896,0,1785938064.6933105,1388.0,True,normal,adaptive,-0.08,0.08,0.0,-0.08,-0.08,0.0,-0.0809362401,-0.0691751999999999,0.0,-0.024499448,-0.16781108,0.19297908,0.00081816386,-0.0024994495,-0.008917713,"[19.921833444781644, 35.38547161159755, 0.0, 0.0, 0.0, 0.0, -1.4147556135399808, 4.564185459341042]","[0.01327036697615206, -0.06614118868115466, 0.0]","{""Controller Type"": ""MPC Controller"", ""weight_comfort"": 264.2653490302702, ""weight_trajectory"": 723965.884595888, ""weight_goal"": 1040175.0011882088, ""Q"": [[723965.884595888, 0.0, 0.0, 0.0], [0.0, 0.0, 0.0, 0.0], [0.0, 0.0, 723965.884595888, 0.0], [0.0, 0.0, 0.0, 0.0]], ""R"": [[264.2653490302702, 0.0], [0.0, 264.2653490302702]], ""P"": [[1040175.0011882088, 0.0, 0.0, 0.0], [0.0, 104017500.11882088, 0.0, 0.0], [0.0, 0.0, 1040175.0011882088, 0.0], [0.0, 0.0, 0.0, 104017500.11882088]]}","[0.23166948985778962, 0.14339727586217088, 0.0]",False
3,P05,2e6a0a77-88d8-4501-ab04-4d78b67d0190,24,1,haply,mpc,seeded_random,756517391,persist_session,10.0,25.898030576705935,10722.861118836,0,1785938064.703508,1389.0,True,normal,adaptive,-0.08,0.08,0.0,-0.08,-0.08,0.0,-0.0809795901,-0.06926396,0.0,-0.024499448,-0.16781108,0.19297908,0.0004157399,-0.0024010704,-0.008830443,"[19.97301363203821, 35.37674388193871, 0.0, 0.0, 0.0, 0.0, -1.4139246922644952, 4.541866747966069]","[-0.13081708223533486, -0.024351418800553595, 0.0]","{""Controller Type"": ""MPC Controller"", ""weight_comfort"": 254.63321482563447, ""weight_trajectory"": 765171.6452193166, ""weight_goal"": 1096003.7275218398, ""Q"": [[765171.6452193166, 0.0, 0.0, 0.0], [0.0, 0.0, 0.0, 0.0], [0.0, 0.0, 765171.6452193166, 0.0], [0.0, 0.0, 0.0, 0.0]], ""R"": [[254.63321482563447, 0.0], [0.0, 254.63321482563447]], ""P"": [[1096003.7275218398, 0.0, 0.0, 0.0], [0.0, 109600372.75218397, 0.0, 0.0], [0.0, 0.0, 1096003.7275218398, 0.0], [0.0, 0.0, 0.0, 109600372.75218397]]}","[0.23498150481667504, -0.1876653656133927, 0.0]",False
3,P05,2e6a0a77-88d8-4501-ab04-4d78b67d0190,24,1,haply,mpc,seeded_random,756517391,persist_session,10.0,25.90810280799866,10722.871197171,0,1785938064.7137654,1390.0,True,normal,adaptive,-0.08,0.08,0.0,-0.08,-0.08,0.0,-0.0809795901,-0.06926396,0.0,-0.024528703,-0.16791546,0.19279797,0.00014151528,-0.0023718344,-0.008761623,"[20.103477951556872, 35.377266467204635, 0.0, 0.0, 0.0, 0.0, -1.4201261541677157, 4.549970152363155]","[0.01969316797691333, 0.015246531196190747, 0.0]","{""Controller Type"": ""MPC Controller"", ""weight_comfort"": 254.63321482563447, ""weight_trajectory"": 765171.6452193166, ""weight_goal"": 1096003.7275218398, ""Q"": [[765171.6452193166, 0.0, 0.0, 0.0], [0.0, 0.0, 0.0, 0.0], [0.0, 0.0, 765171.6452193166, 0.0], [0.0, 0.0, 0.0, 0.0]], ""R"": [[254.63321482563447, 0.0], [0.0, 254.63321482563447]], ""P"": [[1096003.7275218398, 0.0, 0.0, 0.0], [0.0, 109600372.75218397, 0.0, 0.0], [0.0, 0.0, 1096003.7275218398, 0.0], [0.0, 0.0, 0.0, 109600372.75218397]]}","[0.15845842900638726, -0.3443479084958195, 0.0]",False
3,P05,2e6a0a77-88d8-4501-ab04-4d78b67d0190,24,1,haply,mpc,seeded_random,756517391,persist_session,10.0,25.917980966567995,10722.881058049,0,1785938064.7230527,1391.0,True,normal,adaptive,-0.08,0.08,0.0,-0.08,-0.08,0.0,-0.0810673550999999,-0.0696261799999999,0.0,-0.024543127,-0.167966,0.19275352,-0.00014603316,-0.002565251,-0.008648321,"[19.85892943449145, 35.46503107251837, 0.0, 0.0, 0.0, 0.0, -1.5334520292698997, 4.901754352616449]","[-0.3139460024743666, -0.1752675595041887, 0.0]","{""Controller Type"": ""MPC Controller"", ""weight_comfort"": 254.63321482563447, ""weight_trajectory"": 765171.6452193166, ""weight_goal"": 1096003.7275218398, ""Q"": [[765171.6452193166, 0.0, 0.0, 0.0], [0.0, 0.0, 0.0, 0.0], [0.0, 0.0, 765171.6452193166, 0.0], [0.0, 0.0, 0.0, 0.0]], ""R"": [[254.63321482563447, 0.0], [0.0, 254.63321482563447]], ""P"": [[1096003.7275218398, 0.0, 0.0, 0.0], [0.0, 109600372.75218397, 0.0, 0.0], [0.0, 0.0, 1096003.7275218398, 0.0], [0.0, 0.0, 0.0, 109600372.75218397]]}","[0.34277017810211613, 0.36936119606023976, 0.0]",False
3,P05,2e6a0a77-88d8-4501-ab04-4d78b67d0190,24,1,haply,mpc,seeded_random,756517391,persist_session,10.0,25.927935895919802,10722.891025441,0,1785938064.7332182,1392.0,True,normal,adaptive,-0.08,0.08,0.0,-0.08,-0.08,0.0,-0.0811106271,-0.0697150799999999,0.0,-0.024543127,-0.167966,0.19275352,-0.00037550452,-0.002824526,-0.008479408,"[20.09502770771143, 35.429686711892074, 0.0, 0.0, 0.0, 0.0, -1.531109131816221, 4.864643278295397]","[-0.128497961940935, -0.026795460678121788, 0.0]","{""Controller Type"": ""MPC Controller"", ""weight_comfort"": 246.26020051581304, ""weight_trajectory"": 800890.2424973272, ""weight_goal"": 1143227.379244321, ""Q"": [[800890.2424973272, 0.0, 0.0, 0.0], [0.0, 0.0, 0.0, 0.0], [0.0, 0.0, 800890.2424973272, 0.0], [0.0, 0.0, 0.0, 0.0]], ""R"": [[246.26020051581304, 0.0], [0.0, 246.26020051581304]], ""P"": [[1143227.379244321, 0.0, 0.0, 0.0], [0.0, 114322737.9244321, 0.0, 0.0], [0.0, 0.0, 1143227.379244321, 0.0], [0.0, 0.0, 0.0, 114322737.9244321]]}","[0.25741067628692466, -0.16760888453812073, 0.0]",False
3,P05,2e6a0a77-88d8-4501-ab04-4d78b67d0190,24,1,haply,mpc,seeded_random,756517391,persist_session,10.0,25.937904415130618,10722.900993459,0,1785938064.743086,1393.0,True,normal,adaptive,-0.08,0.08,0.0,-0.08,-0.08,0.0,-0.0811106271,-0.0697150799999999,0.0,-0.02454352,-0.16796932,0.19266108,-0.0005329998,-0.0029836197,-0.008267494,"[20.248541063364335, 35.43033106266125, 0.0, 0.0, 0.0, 0.0, -1.537325739777172, 4.872753647080732]","[0.022488578440435194, 0.01581127224754906, 0.0]","{""Controller Type"": ""MPC Controller"", ""weight_comfort"": 246.26020051581304, ""weight_trajectory"": 800890.2424973272, ""weight_goal"": 1143227.379244321, ""Q"": [[800890.2424973272, 0.0, 0.0, 0.0], [0.0, 0.0, 0.0, 0.0], [0.0, 0.0, 800890.2424973272, 0.0], [0.0, 0.0, 0.0, 0.0]], ""R"": [[246.26020051581304, 0.0], [0.0, 246.26020051581304]], ""P"": [[1143227.379244321, 0.0, 0.0, 0.0], [0.0, 114322737.9244321, 0.0, 0.0], [0.0, 0.0, 1143227.379244321, 0.0], [0.0, 0.0, 0.0, 114322737.9244321]]}","[0.18057978710087272, -0.3254538202353633, 0.0]",False
3,P05,2e6a0a77-88d8-4501-ab04-4d78b67d0190,24,1,haply,mpc,seeded_random,756517391,persist_session,10.0,25.948211488723757,10722.911302022,0,1785938064.7531333,1394.0,True,normal,adaptive,-0.08,0.08,0.0,-0.08,-0.08,0.0,-0.0811118060999999,-0.0698999599999999,0.0,-0.024543932,-0.1679727,0.19256853,-0.0006280663,-0.0030263425,-0.0079025915,"[20.237256064480263, 35.43033079274873, 0.0, 0.0, 0.0, 0.0, -1.55430233172739, 4.936886978170376]","[0.022488578440435194, 0.01581127224754906, 0.0]","{""Controller Type"": ""MPC Controller"", ""weight_comfort"": 246.26020051581304, ""weight_trajectory"": 800890.2424973272, ""weight_goal"": 1143227.379244321, ""Q"": [[800890.2424973272, 0.0, 0.0, 0.0], [0.0, 0.0, 0.0, 0.0], [0.0, 0.0, 800890.2424973272, 0.0], [0.0, 0.0, 0.0, 0.0]], ""R"": [[246.26020051581304, 0.0], [0.0, 246.26020051581304]], ""P"": [[1143227.379244321, 0.0, 0.0, 0.0], [0.0, 114322737.9244321, 0.0, 0.0], [0.0, 0.0, 1143227.379244321, 0.0], [0.0, 0.0, 0.0, 114322737.9244321]]}","[0.1828894767402798, 0.01252091072608687, 0.0]",False
3,P05,2e6a0a77-88d8-4501-ab04-4d78b67d0190,24,1,haply,mpc,seeded_random,756517391,persist_session,10.0,25.95810609817505,10722.921200348,0,1785938064.763238,1395.0,True,normal,adaptive,-0.08,0.08,0.0,-0.08,-0.08,0.0,-0.0811130421,-0.07008506,0.0,-0.024543932,-0.1679727,0.19256853,-0.0006280663,-0.0030263425,-0.0079025915,"[20.230224299144705, 35.4303318355101, 0.0, 0.0, 0.0, 0.0, -1.553493541005778, 4.933851550984957]","[0.018342291568362746, -0.07514588928541481, 0.0]","{""Controller Type"": ""MPC Controller"", ""weight_comfort"": 243.60371963747144, ""weight_trajectory"": 817005.1387777282, ""weight_goal"": 1172359.5095230907, ""Q"": [[817005.1387777282, 0.0, 0.0, 0.0], [0.0, 0.0, 0.0, 0.0], [0.0, 0.0, 817005.1387777282, 0.0], [0.0, 0.0, 0.0, 0.0]], ""R"": [[243.60371963747144, 0.0], [0.0, 243.60371963747144]], ""P"": [[1172359.5095230907, 0.0, 0.0, 0.0], [0.0, 117235950.95230907, 0.0, 0.0], [0.0, 0.0, 1172359.5095230907, 0.0], [0.0, 0.0, 0.0, 117235950.95230907]]}","[0.18353021084328058, 0.018814664252532972, 0.0]",False
3,P05,2e6a0a77-88d8-4501-ab04-4d78b67d0190,24,1,haply,mpc,seeded_random,756517391,persist_session,10.0,25.968003568649294,10722.931095968,0,1785938064.7734177,1396.0,True,normal,adaptive,-0.08,0.08,0.0,-0.08,-0.08,0.0,-0.0811562030999999,-0.0701740599999999,0.0,-0.024558319,-0.1680231,0.19252403,-0.0007179361,-0.002987353,-0.007543611,"[20.123254514313494, 35.4456425644995, 0.0, 0.0, 0.0, 0.0, -1.5524317785958344, 4.921455266488663]","[-0.12702238649765207, -0.027774404119783304, 0.0]","{""Controller Type"": ""MPC Controller"", ""weight_comfort"": 243.60371963747144, ""weight_trajectory"": 817005.1387777282, ""weight_goal"": 1172359.5095230907, ""Q"": [[817005.1387777282, 0.0, 0.0, 0.0], [0.0, 0.0, 0.0, 0.0], [0.0, 0.0, 817005.1387777282, 0.0], [0.0, 0.0, 0.0, 0.0]], ""R"": [[243.60371963747144, 0.0], [0.0, 243.60371963747144]], ""P"": [[1172359.5095230907, 0.0, 0.0, 0.0], [0.0, 117235950.95230907, 0.0, 0.0], [0.0, 0.0, 1172359.5095230907, 0.0], [0.0, 0.0, 0.0, 117235950.95230907]]}","[0.26495472320924773, -0.1513781921722676, 0.0]",False
3,P05,2e6a0a77-88d8-4501-ab04-4d78b67d0190,24,1,haply,mpc,seeded_random,756517391,persist_session,10.0,25.978024063110354,10722.941114215,0,1785938064.783436,1397.0,True,normal,adaptive,-0.08,0.08,0.0,-0.08,-0.08,0.0,-0.0811562030999999,-0.0701740599999999,0.0,-0.02457269,-0.1680734,0.19247955,-0.0007221624,-0.00289631,-0.00737551,"[20.279863305503905, 35.44631058956316, 0.0, 0.0, 0.0, 0.0, -1.558303311469511, 4.929111430719949]","[0.023447640821399638, 0.015311794840300758, 0.0]","{""Controller Type"": ""MPC Controller"", ""weight_comfort"": 243.60371963747144, ""weight_trajectory"": 817005.1387777282, ""weight_goal"": 1172359.5095230907, ""Q"": [[817005.1387777282, 0.0, 0.0, 0.0], [0.0, 0.0, 0.0, 0.0], [0.0, 0.0, 817005.1387777282, 0.0], [0.0, 0.0, 0.0, 0.0]], ""R"": [[243.60371963747144, 0.0], [0.0, 243.60371963747144]], ""P"": [[1172359.5095230907, 0.0, 0.0, 0.0], [0.0, 117235950.95230907, 0.0, 0.0], [0.0, 0.0, 1172359.5095230907, 0.0], [0.0, 0.0, 0.0, 117235950.95230907]]}","[0.1883514206737373, -0.3093377839508864, 0.0]",False
3,P05,2e6a0a77-88d8-4501-ab04-4d78b67d0190,24,1,haply,mpc,seeded_random,756517391,persist_session,10.0,25.988145170211794,10722.951233242,0,1785938064.7932217,1398.0,True,normal,adaptive,-0.08,0.08,0.0,-0.08,-0.08,0.0,-0.0811993161,-0.07026302,0.0,-0.02460146,-0.16817419,0.19239047,-0.00071601965,-0.0028008053,-0.0072307135,"[20.279863305503905, 35.44631058956316, 0.0, 0.0, 0.0, 0.0, -1.558303311469511, 4.929111430719949]","[0.023447640821399638, 0.015311794840300758, 0.0]","{""Controller Type"": ""MPC Controller"", ""weight_comfort"": 239.29542645649926, ""weight_trajectory"": 837083.0915118945, ""weight_goal"": 1201894.3866505031, ""Q"": [[837083.0915118945, 0.0, 0.0, 0.0], [0.0, 0.0, 0.0, 0.0], [0.0, 0.0, 837083.0915118945, 0.0], [0.0, 0.0, 0.0, 0.0]], ""R"": [[239.29542645649926, 0.0], [0.0, 239.29542645649926]], ""P"": [[1201894.3866505031, 0.0, 0.0, 0.0], [0.0, 120189438.66505031, 0.0, 0.0], [0.0, 0.0, 1201894.3866505031, 0.0], [0.0, 0.0, 0.0, 120189438.66505031]]}","[0.2755785735792341, -0.13996094456917843, 0.0]",False
3,P05,2e6a0a77-88d8-4501-ab04-4d78b67d0190,24,1,haply,mpc,seeded_random,756517391,persist_session,10.0,25.998067197799685,10722.961153598,0,1785938064.803258,1399.0,True,normal,adaptive,-0.08,0.08,0.0,-0.08,-0.08,0.0,-0.0812856261,-0.0704411799999999,0.0,-0.024615848,-0.16822462,0.19234584,-0.0008633223,-0.0032500522,-0.006705991,"[20.09384841297661, 35.48032927588493, 0.0, 0.0, 0.0, 0.0, -1.567124710737182, 4.969549908496416]","[-0.2792920745651417, -0.073238023967723, 0.0]","{""Controller Type"": ""MPC Controller"", ""weight_comfort"": 239.29542645649926, ""weight_trajectory"": 837083.0915118945, ""weight_goal"": 1201894.3866505031, ""Q"": [[837083.0915118945, 0.0, 0.0, 0.0], [0.0, 0.0, 0.0, 0.0], [0.0, 0.0, 837083.0915118945, 0.0], [0.0, 0.0, 0.0, 0.0]], ""R"": [[239.29542645649926, 0.0], [0.0, 239.29542645649926]], ""P"": [[1201894.3866505031, 0.0, 0.0, 0.0], [0.0, 120189438.66505031, 0.0, 0.0], [0.0, 0.0, 1201894.3866505031, 0.0], [0.0, 0.0, 0.0, 120189438.66505031]]}","[0.36554909923555445, 0.022289213203787416, 0.0]",False
3,P05,2e6a0a77-88d8-4501-ab04-4d78b67d0190,24,1,haply,mpc,seeded_random,756517391,persist_session,10.0,26.008168992996218,10722.971257301,0,1785938064.8133264,1400.0,True,normal,adaptive,-0.08,0.08,0.0,-0.08,-0.08,0.0,-0.0813287900999999,-0.07053044,0.0,-0.02463022,-0.16827497,0.19230124,-0.0010691434,-0.003899124,-0.0060618003,"[20.09384841297661, 35.48032927588493, 0.0, 0.0, 0.0, 0.0, -1.567124710737182, 4.969549908496416]","[-0.2792920745651417, -0.073238023967723, 0.0]","{""Controller Type"": ""MPC Controller"", ""weight_comfort"": 239.29542645649926, ""weight_trajectory"": 837083.0915118945, ""weight_goal"": 1201894.3866505031, ""Q"": [[837083.0915118945, 0.0, 0.0, 0.0], [0.0, 0.0, 0.0, 0.0], [0.0, 0.0, 837083.0915118945, 0.0], [0.0, 0.0, 0.0, 0.0]], ""R"": [[239.29542645649926, 0.0], [0.0, 239.29542645649926]], ""P"": [[1201894.3866505031, 0.0, 0.0, 0.0], [0.0, 120189438.66505031, 0.0, 0.0], [0.0, 0.0, 1201894.3866505031, 0.0], [0.0, 0.0, 0.0, 120189438.66505031]]}","[0.2945779033125058, -0.13567970135546464, 0.0]",False
3,P05,2e6a0a77-88d8-4501-ab04-4d78b67d0190,24,1,haply,mpc,seeded_random,756517391,persist_session,10.0,26.01816516876221,10722.981256432,0,1785938064.823123,1401.0,True,normal,adaptive,-0.08,0.08,0.0,-0.08,-0.08,0.0,-0.0813719061,-0.0706196399999999,0.0,-0.024644602,-0.16832533,0.19225654,-0.0012002204,-0.0043152277,-0.0057009263,"[20.339738575196066, 35.44957660877905, 0.0, 0.0, 0.0, 0.0, -1.5657946115105055, 4.957268237796433]","[-0.12494754942772365, -0.029120513701551592, 0.0]","{""Controller Type"": ""MPC Controller"", ""weight_comfort"": 233.54343062904223, ""weight_trajectory"": 863723.3300225628, ""weight_goal"": 1240953.6915895846, ""Q"": [[863723.3300225628, 0.0, 0.0, 0.0], [0.0, 0.0, 0.0, 0.0], [0.0, 0.0, 863723.3300225628, 0.0], [0.0, 0.0, 0.0, 0.0]], ""R"": [[233.54343062904223, 0.0], [0.0, 233.54343062904223]], ""P"": [[1240953.6915895846, 0.0, 0.0, 0.0], [0.0, 124095369.15895846, 0.0, 0.0], [0.0, 0.0, 1240953.6915895846, 0.0], [0.0, 0.0, 0.0, 124095369.15895846]]}","[0.30454965931644634, -0.12565882074420226, 0.0]",False
3,P05,2e6a0a77-88d8-4501-ab04-4d78b67d0190,24,1,haply,mpc,seeded_random,756517391,persist_session,10.0,26.028218803405764,10722.991311106,0,1785938064.8331952,1402.0,True,normal,adaptive,-0.08,0.08,0.0,-0.08,-0.08,0.0,-0.0814150521,-0.07070904,0.0,-0.024644602,-0.16832533,0.19225654,-0.0012798228,-0.0045639663,-0.0054116943,"[20.393146444601065, 35.44293684698062, 0.0, 0.0, 0.0, 0.0, -1.5657842209484907, 4.957183728773529]","[-0.12801078295765178, -0.03044843898604746, 0.0]","{""Controller Type"": ""MPC Controller"", ""weight_comfort"": 233.54343062904223, ""weight_trajectory"": 863723.3300225628, ""weight_goal"": 1240953.6915895846, ""Q"": [[863723.3300225628, 0.0, 0.0, 0.0], [0.0, 0.0, 0.0, 0.0], [0.0, 0.0, 863723.3300225628, 0.0], [0.0, 0.0, 0.0, 0.0]], ""R"": [[233.54343062904223, 0.0], [0.0, 233.54343062904223]], ""P"": [[1240953.6915895846, 0.0, 0.0, 0.0], [0.0, 124095369.15895846, 0.0, 0.0], [0.0, 0.0, 1240953.6915895846, 0.0], [0.0, 0.0, 0.0, 124095369.15895846]]}","[0.3094911136568161, -0.12704367909425593, 0.0]",False
3,P05,2e6a0a77-88d8-4501-ab04-4d78b67d0190,24,1,haply,mpc,seeded_random,756517391,persist_session,10.0,26.0380011177063,10723.001082792,0,1785938064.843288,1403.0,True,normal,adaptive,-0.08,0.08,0.0,-0.08,-0.08,0.0,-0.0814150521,-0.07070904,0.0,-0.024644922,-0.16832842,0.19216391,-0.0012455285,-0.0044308007,-0.0053846617,"[20.456881497572017, 35.435483040300234, 0.0, 0.0, 0.0, 0.0, -1.5657008829538057, 4.956469255264368]","[-0.12284595785058752, -0.029446203252735045, 0.0]","{""Controller Type"": ""MPC Controller"", ""weight_comfort"": 233.54343062904223, ""weight_trajectory"": 863723.3300225628, ""weight_goal"": 1240953.6915895846, ""Q"": [[863723.3300225628, 0.0, 0.0, 0.0], [0.0, 0.0, 0.0, 0.0], [0.0, 0.0, 863723.3300225628, 0.0], [0.0, 0.0, 0.0, 0.0]], ""R"": [[233.54343062904223, 0.0], [0.0, 233.54343062904223]], ""P"": [[1240953.6915895846, 0.0, 0.0, 0.0], [0.0, 124095369.15895846, 0.0, 0.0], [0.0, 0.0, 1240953.6915895846, 0.0], [0.0, 0.0, 0.0, 124095369.15895846]]}","[0.2318668554719049, -0.2878838190924394, 0.0]",False
3,P05,2e6a0a77-88d8-4501-ab04-4d78b67d0190,24,1,haply,mpc,seeded_random,756517391,persist_session,10.0,26.048142013549807,10723.01123449,0,1785938064.8532755,1404.0,True,normal,adaptive,-0.08,0.08,0.0,-0.08,-0.08,0.0,-0.0814160120999999,-0.0708943,0.0,-0.024659587,-0.16838172,0.19202645,-0.001202198,-0.0042731515,-0.005435991,"[20.629835324245345, 35.436344406474305, 0.0, 0.0, 0.0, 0.0, -1.5901425027712563, 5.031535688801458]","[0.029216410514847593, 0.01459919762583738, 0.0]","{""Controller Type"": ""MPC Controller"", ""weight_comfort"": 231.83720746132016, ""weight_trajectory"": 873852.4473335713, ""weight_goal"": 1260771.1312594526, ""Q"": [[873852.4473335713, 0.0, 0.0, 0.0], [0.0, 0.0, 0.0, 0.0], [0.0, 0.0, 873852.4473335713, 0.0], [0.0, 0.0, 0.0, 0.0]], ""R"": [[231.83720746132016, 0.0], [0.0, 231.83720746132016]], ""P"": [[1260771.1312594526, 0.0, 0.0, 0.0], [0.0, 126077113.12594526, 0.0, 0.0], [0.0, 0.0, 1260771.1312594526, 0.0], [0.0, 0.0, 0.0, 126077113.12594526]]}","[0.23401840448027844, 0.05501631088300601, 0.0]",False
3,P05,2e6a0a77-88d8-4501-ab04-4d78b67d0190,24,1,haply,mpc,seeded_random,756517391,persist_session,10.0,26.05867653846741,10723.021768299,0,1785938064.8632689,1405.0,True,normal,adaptive,-0.08,0.08,0.0,-0.08,-0.08,0.0,-0.0814600071,-0.07116922,0.0,-0.024659587,-0.16838172,0.19202645,-0.0011682995,-0.0041522407,-0.005565678,"[20.480732565861647, 35.45373434041608, 0.0, 0.0, 0.0, 0.0, -1.604775895695432, 5.078409425522963]","[0.02580598130693511, -0.07885066697501873, 0.0]","{""Controller Type"": ""MPC Controller"", ""weight_comfort"": 231.83720746132016, ""weight_trajectory"": 873852.4473335713, ""weight_goal"": 1260771.1312594526, ""Q"": [[873852.4473335713, 0.0, 0.0, 0.0], [0.0, 0.0, 0.0, 0.0], [0.0, 0.0, 873852.4473335713, 0.0], [0.0, 0.0, 0.0, 0.0]], ""R"": [[231.83720746132016, 0.0], [0.0, 231.83720746132016]], ""P"": [[1260771.1312594526, 0.0, 0.0, 0.0], [0.0, 126077113.12594526, 0.0, 0.0], [0.0, 0.0, 1260771.1312594526, 0.0], [0.0, 0.0, 0.0, 126077113.12594526]]}","[0.3193135497251759, 0.22598922136557384, 0.0]",False
3,P05,2e6a0a77-88d8-4501-ab04-4d78b67d0190,24,1,haply,mpc,seeded_random,756517391,persist_session,10.0,26.068466482162478,10723.031549834,0,1785938064.8733542,1406.0,True,normal,adaptive,-0.08,0.08,0.0,-0.08,-0.08,0.0,-0.0814600071,-0.07116922,0.0,-0.024659587,-0.16838172,0.19202645,-0.0011273368,-0.0040073367,-0.00561631,"[20.682466020686707, 35.45470312588005, 0.0, 0.0, 0.0, 0.0, -1.6216115244072762, 5.100332570139829]","[-0.12618103480076276, -0.1255376081194554, 0.0]","{""Controller Type"": ""MPC Controller"", ""weight_comfort"": 231.83720746132016, ""weight_trajectory"": 873852.4473335713, ""weight_goal"": 1260771.1312594526, ""Q"": [[873852.4473335713, 0.0, 0.0, 0.0], [0.0, 0.0, 0.0, 0.0], [0.0, 0.0, 873852.4473335713, 0.0], [0.0, 0.0, 0.0, 0.0]], ""R"": [[231.83720746132016, 0.0], [0.0, 231.83720746132016]], ""P"": [[1260771.1312594526, 0.0, 0.0, 0.0], [0.0, 126077113.12594526, 0.0, 0.0], [0.0, 0.0, 1260771.1312594526, 0.0], [0.0, 0.0, 0.0, 126077113.12594526]]}","[0.23949237910925888, -0.2728046466901361, 0.0]",False
3,P05,2e6a0a77-88d8-4501-ab04-4d78b67d0190,24,1,haply,mpc,seeded_random,756517391,persist_session,10.0,26.078765687942507,10723.041858347,0,1785938064.883135,1407.0,True,normal,adaptive,-0.08,0.08,0.0,-0.08,-0.08,0.0,-0.0814600071,-0.07116922,0.0,-0.024673944,-0.16843203,0.19198172,-0.0010671593,-0.0037954145,-0.0055497764,"[20.667480578504865, 35.45463116122466, 0.0, 0.0, 0.0, 0.0, -1.6215225956882644, 5.1002167682769555]","[0.030174668383729078, 0.01431930930755196, 0.0]","{""Controller Type"": ""MPC Controller"", ""weight_comfort"": 223.80540537923218, ""weight_trajectory"": 909957.3154117436, ""weight_goal"": 1312375.7425492173, ""Q"": [[909957.3154117436, 0.0, 0.0, 0.0], [0.0, 0.0, 0.0, 0.0], [0.0, 0.0, 909957.3154117436, 0.0], [0.0, 0.0, 0.0, 0.0]], ""R"": [[223.80540537923218, 0.0], [0.0, 223.80540537923218]], ""P"": [[1312375.7425492173, 0.0, 0.0, 0.0], [0.0, 131237574.25492173, 0.0, 0.0], [0.0, 0.0, 1312375.7425492173, 0.0], [0.0, 0.0, 0.0, 131237574.25492173]]}","[0.24049432038551274, -0.2696234135889179, 0.0]",False
3,P05,2e6a0a77-88d8-4501-ab04-4d78b67d0190,24,1,haply,mpc,seeded_random,756517391,persist_session,10.0,26.088497219085696,10723.051574133,0,1785938064.893217,1408.0,True,normal,adaptive,-0.08,0.08,0.0,-0.08,-0.08,0.0,-0.0815030781,-0.07125868,0.0,-0.024688292,-0.1684823,0.19193688,-0.0010018094,-0.0035656965,-0.005435152,"[20.51462146650482, 35.471403948000436, 0.0, 0.0, 0.0, 0.0, -1.6232037969903805, 5.112297751310579]","[0.030174668383729078, 0.01431930930755196, 0.0]","{""Controller Type"": ""MPC Controller"", ""weight_comfort"": 223.80540537923218, ""weight_trajectory"": 909957.3154117436, ""weight_goal"": 1312375.7425492173, ""Q"": [[909957.3154117436, 0.0, 0.0, 0.0], [0.0, 0.0, 0.0, 0.0], [0.0, 0.0, 909957.3154117436, 0.0], [0.0, 0.0, 0.0, 0.0]], ""R"": [[223.80540537923218, 0.0], [0.0, 223.80540537923218]], ""P"": [[1312375.7425492173, 0.0, 0.0, 0.0], [0.0, 131237574.25492173, 0.0, 0.0], [0.0, 0.0, 1312375.7425492173, 0.0], [0.0, 0.0, 0.0, 131237574.25492173]]}","[0.3252127306850973, -0.10566473229644957, 0.0]",False
3,P05,2e6a0a77-88d8-4501-ab04-4d78b67d0190,24,1,haply,mpc,seeded_random,756517391,persist_session,10.0,26.097933588027956,10723.061022397,0,1785938064.9032807,1409.0,True,normal,adaptive,-0.08,0.08,0.0,-0.08,-0.08,0.0,-0.0815461221,-0.07134836,0.0,-0.024702622,-0.16853249,0.19189213,-0.0010496231,-0.0037214456,-0.005122812,"[20.51462146650482, 35.471403948000436, 0.0, 0.0, 0.0, 0.0, -1.6232037969903805, 5.112297751310579]","[-0.12070111112687396, -0.03117366916294011, 0.0]","{""Controller Type"": ""MPC Controller"", ""weight_comfort"": 223.80540537923218, ""weight_trajectory"": 909957.3154117436, ""weight_goal"": 1312375.7425492173, ""Q"": [[909957.3154117436, 0.0, 0.0, 0.0], [0.0, 0.0, 0.0, 0.0], [0.0, 0.0, 909957.3154117436, 0.0], [0.0, 0.0, 0.0, 0.0]], ""R"": [[223.80540537923218, 0.0], [0.0, 223.80540537923218]], ""P"": [[1312375.7425492173, 0.0, 0.0, 0.0], [0.0, 131237574.25492173, 0.0, 0.0], [0.0, 0.0, 1312375.7425492173, 0.0], [0.0, 0.0, 0.0, 131237574.25492173]]}","[0.3323958490572705, -0.10223519113176047, 0.0]",False
3,P05,2e6a0a77-88d8-4501-ab04-4d78b67d0190,24,1,haply,mpc,seeded_random,756517391,persist_session,10.0,26.10812574386597,10723.07121763,0,1785938064.9137704,1410.0,True,normal,adaptive,-0.08,0.08,0.0,-0.08,-0.08,0.0,-0.0815891121,-0.07143786,0.0,-0.024688562,-0.16848521,0.19184412,-0.0010481701,-0.0037135102,-0.0050490336,"[20.645767625098145, 35.457950002101036, 0.0, 0.0, 0.0, 0.0, -1.6230277733920395, 5.11100462149641]","[-0.11250905775943465, -0.02971140697912289, 0.0]","{""Controller Type"": ""MPC Controller"", ""weight_comfort"": 220.20965042224424, ""weight_trajectory"": 925555.6924618997, ""weight_goal"": 1332823.1115233588, ""Q"": [[925555.6924618997, 0.0, 0.0, 0.0], [0.0, 0.0, 0.0, 0.0], [0.0, 0.0, 925555.6924618997, 0.0], [0.0, 0.0, 0.0, 0.0]], ""R"": [[220.20965042224424, 0.0], [0.0, 220.20965042224424]], ""P"": [[1332823.1115233588, 0.0, 0.0, 0.0], [0.0, 133282311.15233588, 0.0, 0.0], [0.0, 0.0, 1332823.1115233588, 0.0], [0.0, 0.0, 0.0, 133282311.15233588]]}","[0.3367544307874607, -0.10494488079006647, 0.0]",False
3,P05,2e6a0a77-88d8-4501-ab04-4d78b67d0190,24,1,haply,mpc,seeded_random,756517391,persist_session,10.0,26.1180370426178,10723.081130646,0,1785938064.923648,1411.0,True,normal,adaptive,-0.08,0.08,0.0,-0.08,-0.08,0.0,-0.0815469321,-0.07153388,0.0,-0.024702908,-0.16853546,0.19179924,-0.0010140404,-0.003593134,-0.0049511045,"[20.99991992226146, 35.49812828692274, 0.0, 0.0, 0.0, 0.0, -1.6232776014931753, 5.112410434959983]","[0.18407437902025137, -0.03595558979794067, 0.0]","{""Controller Type"": ""MPC Controller"", ""weight_comfort"": 220.20965042224424, ""weight_trajectory"": 925555.6924618997, ""weight_goal"": 1332823.1115233588, ""Q"": [[925555.6924618997, 0.0, 0.0, 0.0], [0.0, 0.0, 0.0, 0.0], [0.0, 0.0, 925555.6924618997, 0.0], [0.0, 0.0, 0.0, 0.0]], ""R"": [[220.20965042224424, 0.0], [0.0, 220.20965042224424]], ""P"": [[1332823.1115233588, 0.0, 0.0, 0.0], [0.0, 133282311.15233588, 0.0, 0.0], [0.0, 0.0, 1332823.1115233588, 0.0], [0.0, 0.0, 0.0, 133282311.15233588]]}","[0.17759816845770232, -0.08040470265911984, 0.0]",False
3,P05,2e6a0a77-88d8-4501-ab04-4d78b67d0190,24,1,haply,mpc,seeded_random,756517391,persist_session,10.0,26.12812357902527,10723.091217039,0,1785938064.9333773,1412.0,True,normal,adaptive,-0.08,0.08,0.0,-0.08,-0.08,0.0,-0.0815899700999999,-0.0716236399999999,0.0,-0.02471722,-0.16858558,0.1917545,-0.0009669596,-0.0034276505,-0.00481055,"[20.589295026254725, 35.54223303848522, 0.0, 0.0, 0.0, 0.0, -1.6230605156966864, 5.111100611921839]","[0.18407437902025137, -0.03595558979794067, 0.0]","{""Controller Type"": ""MPC Controller"", ""weight_comfort"": 220.20965042224424, ""weight_trajectory"": 925555.6924618997, ""weight_goal"": 1332823.1115233588, ""Q"": [[925555.6924618997, 0.0, 0.0, 0.0], [0.0, 0.0, 0.0, 0.0], [0.0, 0.0, 925555.6924618997, 0.0], [0.0, 0.0, 0.0, 0.0]], ""R"": [[220.20965042224424, 0.0], [0.0, 220.20965042224424]], ""P"": [[1332823.1115233588, 0.0, 0.0, 0.0], [0.0, 133282311.15233588, 0.0, 0.0], [0.0, 0.0, 1332823.1115233588, 0.0], [0.0, 0.0, 0.0, 133282311.15233588]]}","[0.3428102795662019, -0.08668875567204273, 0.0]",False
3,P05,2e6a0a77-88d8-4501-ab04-4d78b67d0190,24,1,haply,mpc,seeded_random,756517391,persist_session,10.0,26.137951908111575,10723.101039675,0,1785938064.943164,1413.0,True,normal,adaptive,-0.08,0.08,0.0,-0.08,-0.08,0.0,-0.0816329061,-0.07171312,0.0,-0.024745889,-0.16868606,0.1916647,-0.0009548289,-0.0033847487,-0.004779455,"[20.658347267255827, 35.535086328940416, 0.0, 0.0, 0.0, 0.0, -1.6229537269376761, 5.110458285565663]","[-0.12448493740162671, -0.03355793650857422, 0.0]","{""Controller Type"": ""MPC Controller"", ""weight_comfort"": 215.20673024857518, ""weight_trajectory"": 948054.3062343306, ""weight_goal"": 1364452.8807786363, ""Q"": [[948054.3062343306, 0.0, 0.0, 0.0], [0.0, 0.0, 0.0, 0.0], [0.0, 0.0, 948054.3062343306, 0.0], [0.0, 0.0, 0.0, 0.0]], ""R"": [[215.20673024857518, 0.0], [0.0, 215.20673024857518]], ""P"": [[1364452.8807786363, 0.0, 0.0, 0.0], [0.0, 136445288.07786363, 0.0, 0.0], [0.0, 0.0, 1364452.8807786363, 0.0], [0.0, 0.0, 0.0, 136445288.07786363]]}","[0.3499826844397757, -0.08352677734040385, 0.0]",False
3,P05,2e6a0a77-88d8-4501-ab04-4d78b67d0190,24,1,haply,mpc,seeded_random,756517391,persist_session,10.0,26.147895154953005,10723.110989946,0,1785938064.95317,1414.0,True,normal,adaptive,-0.08,0.08,0.0,-0.08,-0.08,0.0,-0.0817189131,-0.07189272,0.0,-0.024745889,-0.16868606,0.1916647,-0.001013745,-0.0035831335,-0.0046032364,"[20.57258317076982, 35.55220138347056, 0.0, 0.0, 0.0, 0.0, -1.6316113400150674, 5.140713016944696]","[-0.2702294801570116, -0.0790443652235835, 0.0]","{""Controller Type"": ""MPC Controller"", ""weight_comfort"": 215.20673024857518, ""weight_trajectory"": 948054.3062343306, ""weight_goal"": 1364452.8807786363, ""Q"": [[948054.3062343306, 0.0, 0.0, 0.0], [0.0, 0.0, 0.0, 0.0], [0.0, 0.0, 948054.3062343306, 0.0], [0.0, 0.0, 0.0, 0.0]], ""R"": [[215.20673024857518, 0.0], [0.0, 215.20673024857518]], ""P"": [[1364452.8807786363, 0.0, 0.0, 0.0], [0.0, 136445288.07786363, 0.0, 0.0], [0.0, 0.0, 1364452.8807786363, 0.0], [0.0, 0.0, 0.0, 136445288.07786363]]}","[0.4408413049275181, 0.08224864982485829, 0.0]",False
3,P05,2e6a0a77-88d8-4501-ab04-4d78b67d0190,24,1,haply,mpc,seeded_random,756517391,persist_session,10.0,26.158064661026003,10723.121155583,0,1785938064.9633205,1415.0,True,normal,adaptive,-0.08,0.08,0.0,-0.08,-0.08,0.0,-0.0817189131,-0.07189272,0.0,-0.024760224,-0.1687363,0.19161965,-0.0010710733,-0.0037750348,-0.004373766,"[21.047229781420977, 35.55474443203655, 0.0, 0.0, 0.0, 0.0, -1.6416957092785476, 5.153838716510434]","[0.03617835898999459, 0.01330968678991975, 0.0]","{""Controller Type"": ""MPC Controller"", ""weight_comfort"": 215.20673024857518, ""weight_trajectory"": 948054.3062343306, ""weight_goal"": 1364452.8807786363, ""Q"": [[948054.3062343306, 0.0, 0.0, 0.0], [0.0, 0.0, 0.0, 0.0], [0.0, 0.0, 948054.3062343306, 0.0], [0.0, 0.0, 0.0, 0.0]], ""R"": [[215.20673024857518, 0.0], [0.0, 215.20673024857518]], ""P"": [[1364452.8807786363, 0.0, 0.0, 0.0], [0.0, 136445288.07786363, 0.0, 0.0], [0.0, 0.0, 1364452.8807786363, 0.0], [0.0, 0.0, 0.0, 136445288.07786363]]}","[0.28432382200528894, -0.24459149020507495, 0.0]",False
3,P05,2e6a0a77-88d8-4501-ab04-4d78b67d0190,24,1,haply,mpc,seeded_random,756517391,persist_session,10.0,26.167959270477297,10723.131053899,0,1785938064.973257,1416.0,True,normal,adaptive,-0.08,0.08,0.0,-0.08,-0.08,0.0,-0.0817619181,-0.07198282,0.0,-0.024774529,-0.1687864,0.19157481,-0.0010901049,-0.0038355994,-0.0041542025,"[20.858694401630977, 35.57246838848545, 0.0, 0.0, 0.0, 0.0, -1.6440552563273254, 5.167446596146296]","[-0.11720092033214083, -0.033674084367391346, 0.0]","{""Controller Type"": ""MPC Controller"", ""weight_comfort"": 212.0450703296094, ""weight_trajectory"": 964352.5945942551, ""weight_goal"": 1395841.105927088, ""Q"": [[964352.5945942551, 0.0, 0.0, 0.0], [0.0, 0.0, 0.0, 0.0], [0.0, 0.0, 964352.5945942551, 0.0], [0.0, 0.0, 0.0, 0.0]], ""R"": [[212.0450703296094, 0.0], [0.0, 212.0450703296094]], ""P"": [[1395841.105927088, 0.0, 0.0, 0.0], [0.0, 139584110.5927088, 0.0, 0.0], [0.0, 0.0, 1395841.105927088, 0.0], [0.0, 0.0, 0.0, 139584110.5927088]]}","[0.37076909512364165, -0.07552153809372, 0.0]",False
3,P05,2e6a0a77-88d8-4501-ab04-4d78b67d0190,24,1,haply,mpc,seeded_random,756517391,persist_session,10.0,26.178110656738284,10723.141198774,0,1785938064.9831092,1417.0,True,normal,adaptive,-0.08,0.08,0.0,-0.08,-0.08,0.0,-0.0818048331,-0.0720724999999999,0.0,-0.024803141,-0.16888665,0.19148478,-0.0011282128,-0.0039646504,-0.0040696785,"[20.92803684493126, 35.56607157859603, 0.0, 0.0, 0.0, 0.0, -1.6439705792508552, 5.1669699091272685]","[-0.11715037976399259, -0.03400008883270336, 0.0]","{""Controller Type"": ""MPC Controller"", ""weight_comfort"": 212.0450703296094, ""weight_trajectory"": 964352.5945942551, ""weight_goal"": 1395841.105927088, ""Q"": [[964352.5945942551, 0.0, 0.0, 0.0], [0.0, 0.0, 0.0, 0.0], [0.0, 0.0, 964352.5945942551, 0.0], [0.0, 0.0, 0.0, 0.0]], ""R"": [[212.0450703296094, 0.0], [0.0, 212.0450703296094]], ""P"": [[1395841.105927088, 0.0, 0.0, 0.0], [0.0, 139584110.5927088, 0.0, 0.0], [0.0, 0.0, 1395841.105927088, 0.0], [0.0, 0.0, 0.0, 139584110.5927088]]}","[0.37838995523857594, -0.07218559516073232, 0.0]",False
3,P05,2e6a0a77-88d8-4501-ab04-4d78b67d0190,24,1,haply,mpc,seeded_random,756517391,persist_session,10.0,26.187875566482546,10723.15097124,0,1785938064.993321,1418.0,True,normal,adaptive,-0.08,0.08,0.0,-0.08,-0.08,0.0,-0.0818906691,-0.07225256,0.0,-0.024817456,-0.1689368,0.19143969,-0.00125131,-0.0043927925,-0.0043113944,"[20.842062187563236, 35.58126420960006, 0.0, 0.0, 0.0, 0.0, -1.6521451016645416, 5.195279240686279]","[-0.2596781133440152, -0.07880693003095196, 0.0]","{""Controller Type"": ""MPC Controller"", ""weight_comfort"": 212.0450703296094, ""weight_trajectory"": 964352.5945942551, ""weight_goal"": 1395841.105927088, ""Q"": [[964352.5945942551, 0.0, 0.0, 0.0], [0.0, 0.0, 0.0, 0.0], [0.0, 0.0, 964352.5945942551, 0.0], [0.0, 0.0, 0.0, 0.0]], ""R"": [[212.0450703296094, 0.0], [0.0, 212.0450703296094]], ""P"": [[1395841.105927088, 0.0, 0.0, 0.0], [0.0, 139584110.5927088, 0.0, 0.0], [0.0, 0.0, 1395841.105927088, 0.0], [0.0, 0.0, 0.0, 139584110.5927088]]}","[0.4664128276563066, 0.08867444417730247, 0.0]",False
3,P05,2e6a0a77-88d8-4501-ab04-4d78b67d0190,24,1,haply,mpc,seeded_random,756517391,persist_session,10.0,26.197911558151247,10723.160998142,0,1785938065.0031106,1419.0,True,normal,adaptive,-0.08,0.08,0.0,-0.08,-0.08,0.0,-0.0819336141,-0.07234274,0.0,-0.024817662,-0.1689395,0.19134666,-0.0013008557,-0.00457122,-0.0046974006,"[20.842062187563236, 35.58126420960006, 0.0, 0.0, 0.0, 0.0, -1.6521451016645416, 5.195279240686279]","[-0.2596781133440152, -0.07880693003095196, 0.0]","{""Controller Type"": ""MPC Controller"", ""weight_comfort"": 204.6191468505958, ""weight_trajectory"": 996900.2125582176, ""weight_goal"": 1438393.044481948, ""Q"": [[996900.2125582176, 0.0, 0.0, 0.0], [0.0, 0.0, 0.0, 0.0], [0.0, 0.0, 996900.2125582176, 0.0], [0.0, 0.0, 0.0, 0.0]], ""R"": [[204.6191468505958, 0.0], [0.0, 204.6191468505958]], ""P"": [[1438393.044481948, 0.0, 0.0, 0.0], [0.0, 143839304.4481948, 0.0, 0.0], [0.0, 0.0, 1438393.044481948, 0.0], [0.0, 0.0, 0.0, 143839304.4481948]]}","[0.40148018115376916, -0.05957450136289242, 0.0]",False
3,P05,2e6a0a77-88d8-4501-ab04-4d78b67d0190,24,1,haply,mpc,seeded_random,756517391,persist_session,10.0,26.207911548614504,10723.171010248,0,1785938065.0131364,1420.0,True,normal,adaptive,-0.08,0.08,0.0,-0.08,-0.08,0.0,-0.0819342321,-0.0725288,0.0,-0.024832163,-0.1689923,0.19120856,-0.0013101131,-0.0046103867,-0.00504563,"[21.441728819144778, 35.55303254869765, 0.0, 0.0, 0.0, 0.0, -1.6594560843426986, 5.214734612431875]","[0.03928174369245451, -0.08437812502107217, 0.0]","{""Controller Type"": ""MPC Controller"", ""weight_comfort"": 204.6191468505958, ""weight_trajectory"": 996900.2125582176, ""weight_goal"": 1438393.044481948, ""Q"": [[996900.2125582176, 0.0, 0.0, 0.0], [0.0, 0.0, 0.0, 0.0], [0.0, 0.0, 996900.2125582176, 0.0], [0.0, 0.0, 0.0, 0.0]], ""R"": [[204.6191468505958, 0.0], [0.0, 204.6191468505958]], ""P"": [[1438393.044481948, 0.0, 0.0, 0.0], [0.0, 143839304.4481948, 0.0, 0.0], [0.0, 0.0, 1438393.044481948, 0.0], [0.0, 0.0, 0.0, 143839304.4481948]]}","[0.3226286538052304, 0.1165785389344201, 0.0]",False
3,P05,2e6a0a77-88d8-4501-ab04-4d78b67d0190,24,1,haply,mpc,seeded_random,756517391,persist_session,10.0,26.21793013572693,10723.181019682,0,1785938065.023094,1421.0,True,normal,adaptive,-0.08,0.08,0.0,-0.08,-0.08,0.0,-0.0819777351,-0.072805,0.0,-0.02483234,-0.16899486,0.19111541,-0.001314646,-0.004631819,-0.005322851,"[21.441728819144778, 35.55303254869765, 0.0, 0.0, 0.0, 0.0, -1.6594560843426986, 5.214734612431875]","[0.03928174369245451, -0.08437812502107217, 0.0]","{""Controller Type"": ""MPC Controller"", ""weight_comfort"": 204.6191468505958, ""weight_trajectory"": 996900.2125582176, ""weight_goal"": 1438393.044481948, ""Q"": [[996900.2125582176, 0.0, 0.0, 0.0], [0.0, 0.0, 0.0, 0.0], [0.0, 0.0, 996900.2125582176, 0.0], [0.0, 0.0, 0.0, 0.0]], ""R"": [[204.6191468505958, 0.0], [0.0, 204.6191468505958]], ""P"": [[1438393.044481948, 0.0, 0.0, 0.0], [0.0, 143839304.4481948, 0.0, 0.0], [0.0, 0.0, 1438393.044481948, 0.0], [0.0, 0.0, 0.0, 143839304.4481948]]}","[0.40848699305971453, 0.2923638705892172, 0.0]",False
3,P05,2e6a0a77-88d8-4501-ab04-4d78b67d0190,24,1,haply,mpc,seeded_random,756517391,persist_session,10.0,26.227940855026247,10723.191035964,0,1785938065.0333405,1422.0,True,normal,adaptive,-0.08,0.08,0.0,-0.08,-0.08,0.0,-0.0819782661,-0.0729912999999999,0.0,-0.024846774,-0.16904743,0.19097723,-0.001323066,-0.00466826,-0.005677129,"[21.48588605329629, 35.57207453088709, 0.0, 0.0, 0.0, 0.0, -1.6636352362956934, 5.224673431399328]","[0.04066136630651919, -0.08333400050479961, 0.0]","{""Controller Type"": ""MPC Controller"", ""weight_comfort"": 195.74585199903305, ""weight_trajectory"": 1037799.5972716389, ""weight_goal"": 1504718.5298812254, ""Q"": [[1037799.5972716389, 0.0, 0.0, 0.0], [0.0, 0.0, 0.0, 0.0], [0.0, 0.0, 1037799.5972716389, 0.0], [0.0, 0.0, 0.0, 0.0]], ""R"": [[195.74585199903305, 0.0], [0.0, 195.74585199903305]], ""P"": [[1504718.5298812254, 0.0, 0.0, 0.0], [0.0, 150471852.98812255, 0.0, 0.0], [0.0, 0.0, 1504718.5298812254, 0.0], [0.0, 0.0, 0.0, 150471852.98812255]]}","[0.3310235882455901, 0.1264773729701376, 0.0]",False
3,P05,2e6a0a77-88d8-4501-ab04-4d78b67d0190,24,1,haply,mpc,seeded_random,756517391,persist_session,10.0,26.238357601165774,10723.201446859,0,1785938065.0431666,1423.0,True,normal,adaptive,-0.08,0.08,0.0,-0.08,-0.08,0.0,-0.0820215681,-0.07326766,0.0,-0.024846926,-0.1690499,0.19088407,-0.0013220311,-0.0046715215,-0.0059990324,"[21.262385635112658, 35.590565866933595, 0.0, 0.0, 0.0, 0.0, -1.6822390097667457, 5.28151398492888]","[0.04066136630651919, -0.08333400050479961, 0.0]","{""Controller Type"": ""MPC Controller"", ""weight_comfort"": 195.74585199903305, ""weight_trajectory"": 1037799.5972716389, ""weight_goal"": 1504718.5298812254, ""Q"": [[1037799.5972716389, 0.0, 0.0, 0.0], [0.0, 0.0, 0.0, 0.0], [0.0, 0.0, 1037799.5972716389, 0.0], [0.0, 0.0, 0.0, 0.0]], ""R"": [[195.74585199903305, 0.0], [0.0, 195.74585199903305]], ""P"": [[1504718.5298812254, 0.0, 0.0, 0.0], [0.0, 150471852.98812255, 0.0, 0.0], [0.0, 0.0, 1504718.5298812254, 0.0], [0.0, 0.0, 0.0, 150471852.98812255]]}","[0.4179041201618777, 0.3164693168480853, 0.0]",False
3,P05,2e6a0a77-88d8-4501-ab04-4d78b67d0190,24,1,haply,mpc,seeded_random,756517391,persist_session,10.0,26.247990427017214,10723.211080865,0,1785938065.053315,1424.0,True,normal,adaptive,-0.08,0.08,0.0,-0.08,-0.08,0.0,-0.0820220241,-0.07345398,0.0,-0.0248328,-0.16900238,0.19083622,-0.0011818662,-0.00420452,-0.0066947723,"[21.529033936987098, 35.59196203598197, 0.0, 0.0, 0.0, 0.0, -1.6693133714273933, 5.239195522109697]","[0.04193294719043445, -0.08526295665936391, 0.0]","{""Controller Type"": ""MPC Controller"", ""weight_comfort"": 195.74585199903305, ""weight_trajectory"": 1037799.5972716389, ""weight_goal"": 1504718.5298812254, ""Q"": [[1037799.5972716389, 0.0, 0.0, 0.0], [0.0, 0.0, 0.0, 0.0], [0.0, 0.0, 1037799.5972716389, 0.0], [0.0, 0.0, 0.0, 0.0]], ""R"": [[195.74585199903305, 0.0], [0.0, 195.74585199903305]], ""P"": [[1504718.5298812254, 0.0, 0.0, 0.0], [0.0, 150471852.98812255, 0.0, 0.0], [0.0, 0.0, 1504718.5298812254, 0.0], [0.0, 0.0, 0.0, 150471852.98812255]]}","[0.33819865414537575, 0.1433373312265748, 0.0]",False
3,P05,2e6a0a77-88d8-4501-ab04-4d78b67d0190,24,1,haply,mpc,seeded_random,756517391,persist_session,10.0,26.25788455963135,10723.220977397,0,1785938065.0630853,1425.0,True,normal,adaptive,-0.08,0.08,0.0,-0.08,-0.08,0.0,-0.0819796461,-0.07354968,0.0,-0.02484717,-0.16905469,0.19069788,-0.00095268455,-0.0034355046,-0.007576471,"[21.529033936987098, 35.59196203598197, 0.0, 0.0, 0.0, 0.0, -1.6693133714273933, 5.239195522109697]","[0.04193294719043445, -0.08526295665936391, 0.0]","{""Controller Type"": ""MPC Controller"", ""weight_comfort"": 184.4513930411146, ""weight_trajectory"": 1088408.5539604574, ""weight_goal"": 1584455.649440604, ""Q"": [[1088408.5539604574, 0.0, 0.0, 0.0], [0.0, 0.0, 0.0, 0.0], [0.0, 0.0, 1088408.5539604574, 0.0], [0.0, 0.0, 0.0, 0.0]], ""R"": [[184.4513930411146, 0.0], [0.0, 184.4513930411146]], ""P"": [[1584455.649440604, 0.0, 0.0, 0.0], [0.0, 158445564.94406042, 0.0, 0.0], [0.0, 0.0, 1584455.649440604, 0.0], [0.0, 0.0, 0.0, 158445564.94406042]]}","[0.252265209262299, -0.00752139140510688, 0.0]",False
3,P05,2e6a0a77-88d8-4501-ab04-4d78b67d0190,24,1,haply,mpc,seeded_random,756517391,persist_session,10.0,26.268343744277956,10723.231436871,0,1785938065.0731812,1426.0,True,normal,adaptive,-0.08,0.08,0.0,-0.08,-0.08,0.0,-0.0820227561,-0.07382636,0.0,-0.024847267,-0.16905703,0.19060475,-0.0007774413,-0.002846518,-0.008205325,"[21.195960808958972, 35.64837099399378, 0.0, 0.0, 0.0, 0.0, -1.699021703219997, 5.324447633644205]","[0.19740430294440636, -0.04040720359186127, 0.0]","{""Controller Type"": ""MPC Controller"", ""weight_comfort"": 184.4513930411146, ""weight_trajectory"": 1088408.5539604574, ""weight_goal"": 1584455.649440604, ""Q"": [[1088408.5539604574, 0.0, 0.0, 0.0], [0.0, 0.0, 0.0, 0.0], [0.0, 0.0, 1088408.5539604574, 0.0], [0.0, 0.0, 0.0, 0.0]], ""R"": [[184.4513930411146, 0.0], [0.0, 184.4513930411146]], ""P"": [[1584455.649440604, 0.0, 0.0, 0.0], [0.0, 158445564.94406042, 0.0, 0.0], [0.0, 0.0, 1584455.649440604, 0.0], [0.0, 0.0, 0.0, 158445564.94406042]]}","[0.4172897552730114, 0.32335411532533204, 0.0]",False
3,P05,2e6a0a77-88d8-4501-ab04-4d78b67d0190,24,1,haply,mpc,seeded_random,756517391,persist_session,10.0,26.278279361724856,10723.241366319,0,1785938065.083146,1427.0,True,normal,adaptive,-0.08,0.08,0.0,-0.08,-0.08,0.0,-0.0820230471,-0.07401262,0.0,-0.024833132,-0.16900945,0.19055703,-0.0006202165,-0.0023180945,-0.008769704,"[21.195960808958972, 35.64837099399378, 0.0, 0.0, 0.0, 0.0, -1.699021703219997, 5.324447633644205]","[-0.10934705940694422, -0.13542926358882226, 0.0]","{""Controller Type"": ""MPC Controller"", ""weight_comfort"": 184.4513930411146, ""weight_trajectory"": 1088408.5539604574, ""weight_goal"": 1584455.649440604, ""Q"": [[1088408.5539604574, 0.0, 0.0, 0.0], [0.0, 0.0, 0.0, 0.0], [0.0, 0.0, 1088408.5539604574, 0.0], [0.0, 0.0, 0.0, 0.0]], ""R"": [[184.4513930411146, 0.0], [0.0, 184.4513930411146]], ""P"": [[1584455.649440604, 0.0, 0.0, 0.0], [0.0, 158445564.94406042, 0.0, 0.0], [0.0, 0.0, 1584455.649440604, 0.0], [0.0, 0.0, 0.0, 158445564.94406042]]}","[0.3395911664465311, 0.16900731464992239, 0.0]",False
3,P05,2e6a0a77-88d8-4501-ab04-4d78b67d0190,24,1,haply,mpc,seeded_random,756517391,persist_session,10.0,26.288361129760744,10723.251445891,0,1785938065.093157,1428.0,True,normal,adaptive,-0.08,0.08,0.0,-0.08,-0.08,0.0,-0.0819806421,-0.07410806,0.0,-0.02481898,-0.16896182,0.19050927,-0.0005275304,-0.0020074348,-0.009142537,"[21.617413297380224, 35.66429667049919, 0.0, 0.0, 0.0, 0.0, -1.682030607623184, 5.266363784529295]","[0.042372015847023284, -0.08867249416176028, 0.0]","{""Controller Type"": ""MPC Controller"", ""weight_comfort"": 173.19616382982036, ""weight_trajectory"": 1138541.585247067, ""weight_goal"": 1654681.1605194223, ""Q"": [[1138541.585247067, 0.0, 0.0, 0.0], [0.0, 0.0, 0.0, 0.0], [0.0, 0.0, 1138541.585247067, 0.0], [0.0, 0.0, 0.0, 0.0]], ""R"": [[173.19616382982036, 0.0], [0.0, 173.19616382982036]], ""P"": [[1654681.1605194223, 0.0, 0.0, 0.0], [0.0, 165468116.05194223, 0.0, 0.0], [0.0, 0.0, 1654681.1605194223, 0.0], [0.0, 0.0, 0.0, 165468116.05194223]]}","[0.2554980472103446, 0.006446129014589623, 0.0]",False
3,P05,2e6a0a77-88d8-4501-ab04-4d78b67d0190,24,1,haply,mpc,seeded_random,756517391,persist_session,10.0,26.29803496360779,10723.261114082,0,1785938065.103137,1429.0,True,normal,adaptive,-0.08,0.08,0.0,-0.08,-0.08,0.0,-0.0819381861,-0.0742035799999999,0.0,-0.02481898,-0.16896182,0.19050927,-0.0005275304,-0.0020074348,-0.009142537,"[21.489786210323516, 35.65234076867476, 0.0, 0.0, 0.0, 0.0, -1.6818559813095917, 5.265667377895493]","[0.19388527184800683, -0.04029673695130301, 0.0]","{""Controller Type"": ""MPC Controller"", ""weight_comfort"": 173.19616382982036, ""weight_trajectory"": 1138541.585247067, ""weight_goal"": 1654681.1605194223, ""Q"": [[1138541.585247067, 0.0, 0.0, 0.0], [0.0, 0.0, 0.0, 0.0], [0.0, 0.0, 1138541.585247067, 0.0], [0.0, 0.0, 0.0, 0.0]], ""R"": [[173.19616382982036, 0.0], [0.0, 173.19616382982036]], ""P"": [[1654681.1605194223, 0.0, 0.0, 0.0], [0.0, 165468116.05194223, 0.0, 0.0], [0.0, 0.0, 1654681.1605194223, 0.0], [0.0, 0.0, 0.0, 165468116.05194223]]}","[0.248017627866177, 0.009872516841618259, 0.0]",False
3,P05,2e6a0a77-88d8-4501-ab04-4d78b67d0190,24,1,haply,mpc,seeded_random,756517391,persist_session,10.0,26.308175382614138,10723.271257925,0,1785938065.11318,1430.0,True,normal,adaptive,-0.08,0.08,0.0,-0.08,-0.08,0.0,-0.0818532531,-0.0743944,0.0,-0.024790669,-0.16886653,0.19041386,-0.00048552608,-0.0018706783,-0.00950131,"[21.539496613352814, 35.66158272625653, 0.0, 0.0, 0.0, 0.0, -1.6934184829501053, 5.302119291883021]","[0.19332067842664377, -0.04064989337032137, 0.0]","{""Controller Type"": ""MPC Controller"", ""weight_comfort"": 173.19616382982036, ""weight_trajectory"": 1138541.585247067, ""weight_goal"": 1654681.1605194223, ""Q"": [[1138541.585247067, 0.0, 0.0, 0.0], [0.0, 0.0, 0.0, 0.0], [0.0, 0.0, 1138541.585247067, 0.0], [0.0, 0.0, 0.0, 0.0]], ""R"": [[173.19616382982036, 0.0], [0.0, 173.19616382982036]], ""P"": [[1654681.1605194223, 0.0, 0.0, 0.0], [0.0, 165468116.05194223, 0.0, 0.0], [0.0, 0.0, 1654681.1605194223, 0.0], [0.0, 0.0, 0.0, 165468116.05194223]]}","[0.15650919448826753, 0.18857094370168115, 0.0]",False
3,P05,2e6a0a77-88d8-4501-ab04-4d78b67d0190,24,1,haply,mpc,seeded_random,756517391,persist_session,10.0,26.31805974006653,10723.281139746,0,1785938065.123087,1431.0,True,normal,adaptive,-0.08,0.08,0.0,-0.08,-0.08,0.0,-0.0818534361,-0.0745804199999999,0.0,-0.024762403,-0.16877338,0.19022565,7.189907e-05,6.372083e-05,-0.008633451,"[21.539496613352814, 35.66158272625653, 0.0, 0.0, 0.0, 0.0, -1.6934184829501053, 5.302119291883021]","[0.34150866095180854, -0.09125016858184054, 0.0]","{""Controller Type"": ""MPC Controller"", ""weight_comfort"": 165.89346065356716, ""weight_trajectory"": 1170921.2215046235, ""weight_goal"": 1703274.4257868293, ""Q"": [[1170921.2215046235, 0.0, 0.0, 0.0], [0.0, 0.0, 0.0, 0.0], [0.0, 0.0, 1170921.2215046235, 0.0], [0.0, 0.0, 0.0, 0.0]], ""R"": [[165.89346065356716, 0.0], [0.0, 165.89346065356716]], ""P"": [[1703274.4257868293, 0.0, 0.0, 0.0], [0.0, 170327442.57868293, 0.0, 0.0], [0.0, 0.0, 1703274.4257868293, 0.0], [0.0, 0.0, 0.0, 170327442.57868293]]}","[0.31303705800933435, 0.19147192715175496, 0.0]",False
3,P05,2e6a0a77-88d8-4501-ab04-4d78b67d0190,24,1,haply,mpc,seeded_random,756517391,persist_session,10.0,26.32810932159424,10723.29119261,0,1785938065.1332092,1432.0,True,normal,adaptive,-0.08,0.08,0.0,-0.08,-0.08,0.0,-0.0817684551,-0.07477082,0.0,-0.024762437,-0.16877548,0.19013269,0.0002871588,0.0008094551,-0.00835802,"[20.977631995205005, 35.65861974717455, 0.0, 0.0, 0.0, 0.0, -1.691886575312088, 5.297307859248628]","[0.03822202246131501, -0.09029616330857845, 0.0]","{""Controller Type"": ""MPC Controller"", ""weight_comfort"": 165.89346065356716, ""weight_trajectory"": 1170921.2215046235, ""weight_goal"": 1703274.4257868293, ""Q"": [[1170921.2215046235, 0.0, 0.0, 0.0], [0.0, 0.0, 0.0, 0.0], [0.0, 0.0, 1170921.2215046235, 0.0], [0.0, 0.0, 0.0, 0.0]], ""R"": [[165.89346065356716, 0.0], [0.0, 165.89346065356716]], ""P"": [[1703274.4257868293, 0.0, 0.0, 0.0], [0.0, 170327442.57868293, 0.0, 0.0], [0.0, 0.0, 1703274.4257868293, 0.0], [0.0, 0.0, 0.0, 170327442.57868293]]}","[0.1439189289285602, 0.19749387272724211, 0.0]",False
3,P05,2e6a0a77-88d8-4501-ab04-4d78b67d0190,24,1,haply,mpc,seeded_random,756517391,persist_session,10.0,26.338521776199343,10723.301601997,0,1785938065.1431265,1433.0,True,normal,adaptive,-0.08,0.08,0.0,-0.08,-0.08,0.0,-0.0817685571,-0.07495674,0.0,-0.02474825,-0.16872773,0.19008513,0.00049792737,0.0015369224,-0.008215802,"[20.751630208313465, 35.71460369677318, 0.0, 0.0, 0.0, 0.0, -1.689344889724749, 5.289395418865225]","[0.3374983587976965, -0.09073068503679589, 0.0]","{""Controller Type"": ""MPC Controller"", ""weight_comfort"": 165.89346065356716, ""weight_trajectory"": 1170921.2215046235, ""weight_goal"": 1703274.4257868293, ""Q"": [[1170921.2215046235, 0.0, 0.0, 0.0], [0.0, 0.0, 0.0, 0.0], [0.0, 0.0, 1170921.2215046235, 0.0], [0.0, 0.0, 0.0, 0.0]], ""R"": [[165.89346065356716, 0.0], [0.0, 165.89346065356716]], ""P"": [[1703274.4257868293, 0.0, 0.0, 0.0], [0.0, 170327442.57868293, 0.0, 0.0], [0.0, 0.0, 1703274.4257868293, 0.0], [0.0, 0.0, 0.0, 170327442.57868293]]}","[0.298566335636246, 0.20161910822115978, 0.0]",False
3,P05,2e6a0a77-88d8-4501-ab04-4d78b67d0190,24,1,haply,mpc,seeded_random,756517391,persist_session,10.0,26.348110971450808,10723.311192085,0,1785938065.153195,1434.0,True,normal,adaptive,-0.08,0.08,0.0,-0.08,-0.08,0.0,-0.0817259961,-0.07505186,0.0,-0.02474825,-0.16872773,0.19008513,0.00049792737,0.0015369224,-0.008215802,"[20.89029865290029, 35.728974089367696, 0.0, 0.0, 0.0, 0.0, -1.6842924441376819, 5.270678184494911]","[0.03633311468095881, -0.09064109921583677, 0.0]","{""Controller Type"": ""MPC Controller"", ""weight_comfort"": 152.38116955162786, ""weight_trajectory"": 1234290.6225799203, ""weight_goal"": 1776415.1270477197, ""Q"": [[1234290.6225799203, 0.0, 0.0, 0.0], [0.0, 0.0, 0.0, 0.0], [0.0, 0.0, 1234290.6225799203, 0.0], [0.0, 0.0, 0.0, 0.0]], ""R"": [[152.38116955162786, 0.0], [0.0, 152.38116955162786]], ""P"": [[1776415.1270477197, 0.0, 0.0, 0.0], [0.0, 177641512.70477197, 0.0, 0.0], [0.0, 0.0, 1776415.1270477197, 0.0], [0.0, 0.0, 0.0, 177641512.70477197]]}","[0.21455439913093402, 0.03567102611697727, 0.0]",False
3,P05,2e6a0a77-88d8-4501-ab04-4d78b67d0190,24,1,haply,mpc,seeded_random,756517391,persist_session,10.0,26.358037290573122,10723.321115348,0,1785938065.1632683,1435.0,True,normal,adaptive,-0.08,0.08,0.0,-0.08,-0.08,0.0,-0.0816834531,-0.07514692,0.0,-0.024734067,-0.16868196,0.18994474,0.0006984983,0.0022335064,-0.007877422,"[20.782558026970534, 35.71755514947052, 0.0, 0.0, 0.0, 0.0, -1.6840664609838873, 5.269847618548122]","[0.18582852674309452, -0.04155595044874126, 0.0]","{""Controller Type"": ""MPC Controller"", ""weight_comfort"": 152.38116955162786, ""weight_trajectory"": 1234290.6225799203, ""weight_goal"": 1776415.1270477197, ""Q"": [[1234290.6225799203, 0.0, 0.0, 0.0], [0.0, 0.0, 0.0, 0.0], [0.0, 0.0, 1234290.6225799203, 0.0], [0.0, 0.0, 0.0, 0.0]], ""R"": [[152.38116955162786, 0.0], [0.0, 152.38116955162786]], ""P"": [[1776415.1270477197, 0.0, 0.0, 0.0], [0.0, 177641512.70477197, 0.0, 0.0], [0.0, 0.0, 1776415.1270477197, 0.0], [0.0, 0.0, 0.0, 177641512.70477197]]}","[0.20742015804262945, 0.0381278344355526, 0.0]",False
3,P05,2e6a0a77-88d8-4501-ab04-4d78b67d0190,24,1,haply,mpc,seeded_random,756517391,persist_session,10.0,26.368369636535647,10723.331442948,0,1785938065.173459,1436.0,True,normal,adaptive,-0.08,0.08,0.0,-0.08,-0.08,0.0,-0.0816834471,-0.07533264,0.0,-0.024734067,-0.16868196,0.18994474,0.0006984983,0.0022335064,-0.007877422,"[20.526287239585717, 35.716201629663615, 0.0, 0.0, 0.0, 0.0, -1.6946118450381216, 5.302357057792516]","[0.034575947378574966, -0.08872298805503488, 0.0]","{""Controller Type"": ""MPC Controller"", ""weight_comfort"": 152.38116955162786, ""weight_trajectory"": 1234290.6225799203, ""weight_goal"": 1776415.1270477197, ""Q"": [[1234290.6225799203, 0.0, 0.0, 0.0], [0.0, 0.0, 0.0, 0.0], [0.0, 0.0, 1234290.6225799203, 0.0], [0.0, 0.0, 0.0, 0.0]], ""R"": [[152.38116955162786, 0.0], [0.0, 152.38116955162786]], ""P"": [[1776415.1270477197, 0.0, 0.0, 0.0], [0.0, 177641512.70477197, 0.0, 0.0], [0.0, 0.0, 1776415.1270477197, 0.0], [0.0, 0.0, 0.0, 177641512.70477197]]}","[0.28527716770366435, 0.20536282054943641, 0.0]",False
3,P05,2e6a0a77-88d8-4501-ab04-4d78b67d0190,24,1,haply,mpc,seeded_random,756517391,persist_session,10.0,26.37801223754883,10723.341098679,0,1785938065.1833224,1437.0,True,normal,adaptive,-0.08,0.08,0.0,-0.08,-0.08,0.0,-0.0816834261,-0.0755185999999999,0.0,-0.024719866,-0.16863613,0.18980433,0.0008080165,0.0026122713,-0.0077676172,"[20.526287239585717, 35.716201629663615, 0.0, 0.0, 0.0, 0.0, -1.6946118450381216, 5.302357057792516]","[0.034575947378574966, -0.08872298805503488, 0.0]","{""Controller Type"": ""MPC Controller"", ""weight_comfort"": 144.2278661835461, ""weight_trajectory"": 1272570.5181471736, ""weight_goal"": 1826126.8388176828, ""Q"": [[1272570.5181471736, 0.0, 0.0, 0.0], [0.0, 0.0, 0.0, 0.0], [0.0, 0.0, 1272570.5181471736, 0.0], [0.0, 0.0, 0.0, 0.0]], ""R"": [[144.2278661835461, 0.0], [0.0, 144.2278661835461]], ""P"": [[1826126.8388176828, 0.0, 0.0, 0.0], [0.0, 182612683.8817683, 0.0, 0.0], [0.0, 0.0, 1826126.8388176828, 0.0], [0.0, 0.0, 0.0, 182612683.8817683]]}","[0.2859636487449835, 0.22366212867898275, 0.0]",False
3,P05,2e6a0a77-88d8-4501-ab04-4d78b67d0190,24,1,haply,mpc,seeded_random,756517391,persist_session,10.0,26.388013181686404,10723.351104079,0,1785938065.1935778,1438.0,True,normal,adaptive,-0.08,0.08,0.0,-0.08,-0.08,0.0,-0.0816408441,-0.07561346,0.0,-0.024719866,-0.16863613,0.18980433,0.00083365483,0.0027022676,-0.007679457,"[20.63206341484671, 35.72952476415938, 0.0, 0.0, 0.0, 0.0, -1.6888566923544563, 5.2820783226635815]","[0.18220940304754943, -0.04145002644643904, 0.0]","{""Controller Type"": ""MPC Controller"", ""weight_comfort"": 144.2278661835461, ""weight_trajectory"": 1272570.5181471736, ""weight_goal"": 1826126.8388176828, ""Q"": [[1272570.5181471736, 0.0, 0.0, 0.0], [0.0, 0.0, 0.0, 0.0], [0.0, 0.0, 1272570.5181471736, 0.0], [0.0, 0.0, 0.0, 0.0]], ""R"": [[144.2278661835461, 0.0], [0.0, 144.2278661835461]], ""P"": [[1826126.8388176828, 0.0, 0.0, 0.0], [0.0, 182612683.8817683, 0.0, 0.0], [0.0, 0.0, 1826126.8388176828, 0.0], [0.0, 0.0, 0.0, 182612683.8817683]]}","[0.20210913674507455, 0.048986927596551245, 0.0]",False
3,P05,2e6a0a77-88d8-4501-ab04-4d78b67d0190,24,1,haply,mpc,seeded_random,756517391,persist_session,10.0,26.398136911392214,10723.361226983,0,1785938065.2033837,1439.0,True,normal,adaptive,-0.08,0.08,0.0,-0.08,-0.08,0.0,-0.0816408441,-0.07561346,0.0,-0.024719838,-0.16863799,0.18971144,0.000849846,0.002758827,-0.007636747,"[20.377824480041586, 35.72820986313872, 0.0, 0.0, 0.0, 0.0, -1.6918228357006333, 5.285912813992352]","[0.18220940304754943, -0.04145002644643904, 0.0]","{""Controller Type"": ""MPC Controller"", ""weight_comfort"": 144.2278661835461, ""weight_trajectory"": 1272570.5181471736, ""weight_goal"": 1826126.8388176828, ""Q"": [[1272570.5181471736, 0.0, 0.0, 0.0], [0.0, 0.0, 0.0, 0.0], [0.0, 0.0, 1272570.5181471736, 0.0], [0.0, 0.0, 0.0, 0.0]], ""R"": [[144.2278661835461, 0.0], [0.0, 144.2278661835461]], ""P"": [[1826126.8388176828, 0.0, 0.0, 0.0], [0.0, 182612683.8817683, 0.0, 0.0], [0.0, 0.0, 1826126.8388176828, 0.0], [0.0, 0.0, 0.0, 182612683.8817683]]}","[0.2787685569055884, -0.12178740420346805, 0.0]",False
3,P05,2e6a0a77-88d8-4501-ab04-4d78b67d0190,24,1,haply,mpc,seeded_random,756517391,persist_session,10.0,26.40790897369385,10723.371000125,0,1785938065.2132866,1440.0,True,normal,adaptive,-0.08,0.08,0.0,-0.08,-0.08,0.0,-0.0816407601,-0.0757992399999999,0.0,-0.024719818,-0.1686399,0.18961854,0.000785014,0.0025419022,-0.007358406,"[20.359542165753986, 35.72811145038066, 0.0, 0.0, 0.0, 0.0, -1.717940333994578, 5.365020024712315]","[0.033708181621659485, -0.09343143541808498, 0.0]","{""Controller Type"": ""MPC Controller"", ""weight_comfort"": 138.16746465942825, ""weight_trajectory"": 1301212.0720217552, ""weight_goal"": 1863746.5651839664, ""Q"": [[1301212.0720217552, 0.0, 0.0, 0.0], [0.0, 0.0, 0.0, 0.0], [0.0, 0.0, 1301212.0720217552, 0.0], [0.0, 0.0, 0.0, 0.0]], ""R"": [[138.16746465942825, 0.0], [0.0, 138.16746465942825]], ""P"": [[1863746.5651839664, 0.0, 0.0, 0.0], [0.0, 186374656.51839665, 0.0, 0.0], [0.0, 0.0, 1863746.5651839664, 0.0], [0.0, 0.0, 0.0, 186374656.51839665]]}","[0.2790981815263972, 0.23074745737882266, 0.0]",False
3,P05,2e6a0a77-88d8-4501-ab04-4d78b67d0190,24,1,haply,mpc,seeded_random,756517391,persist_session,10.0,26.417904911041262,10723.380991098,0,1785938065.2233574,1441.0,True,normal,adaptive,-0.08,0.08,0.0,-0.08,-0.08,0.0,-0.0816407001,-0.07598504,0.0,-0.024719818,-0.1686399,0.18961854,0.0007466215,0.0024145097,-0.0071433345,"[20.340710925745167, 35.72801126650974, 0.0, 0.0, 0.0, 0.0, -1.71617762482524, 5.359698906742993]","[0.0335858674450515, -0.09199272105801316, 0.0]","{""Controller Type"": ""MPC Controller"", ""weight_comfort"": 138.16746465942825, ""weight_trajectory"": 1301212.0720217552, ""weight_goal"": 1863746.5651839664, ""Q"": [[1301212.0720217552, 0.0, 0.0, 0.0], [0.0, 0.0, 0.0, 0.0], [0.0, 0.0, 1301212.0720217552, 0.0], [0.0, 0.0, 0.0, 0.0]], ""R"": [[138.16746465942825, 0.0], [0.0, 138.16746465942825]], ""P"": [[1863746.5651839664, 0.0, 0.0, 0.0], [0.0, 186374656.51839665, 0.0, 0.0], [0.0, 0.0, 1863746.5651839664, 0.0], [0.0, 0.0, 0.0, 186374656.51839665]]}","[0.279134621458221, 0.23013423531157032, 0.0]",False
3,P05,2e6a0a77-88d8-4501-ab04-4d78b67d0190,24,1,haply,mpc,seeded_random,756517391,persist_session,10.0,26.428032932281496,10723.391121578,0,1785938065.2332747,1442.0,True,normal,adaptive,-0.08,0.08,0.0,-0.08,-0.08,0.0,-0.0816407001,-0.07598504,0.0,-0.024719762,-0.16864167,0.18952572,0.00072064245,0.0023293416,-0.0069490927,"[20.321819266358457, 35.727913566737854, 0.0, 0.0, 0.0, 0.0, -1.721567240939505, 5.366660984637322]","[0.03334201090249631, 0.006912023609682472, 0.0]","{""Controller Type"": ""MPC Controller"", ""weight_comfort"": 138.16746465942825, ""weight_trajectory"": 1301212.0720217552, ""weight_goal"": 1863746.5651839664, ""Q"": [[1301212.0720217552, 0.0, 0.0, 0.0], [0.0, 0.0, 0.0, 0.0], [0.0, 0.0, 1301212.0720217552, 0.0], [0.0, 0.0, 0.0, 0.0]], ""R"": [[138.16746465942825, 0.0], [0.0, 138.16746465942825]], ""P"": [[1863746.5651839664, 0.0, 0.0, 0.0], [0.0, 186374656.51839665, 0.0, 0.0], [0.0, 0.0, 1863746.5651839664, 0.0], [0.0, 0.0, 0.0, 186374656.51839665]]}","[0.2792447198077741, -0.11080365401431584, 0.0]",False
3,P05,2e6a0a77-88d8-4501-ab04-4d78b67d0190,24,1,haply,mpc,seeded_random,756517391,persist_session,10.0,26.43803936004639,10723.401130516,0,1785938065.243153,1443.0,True,normal,adaptive,-0.08,0.08,0.0,-0.08,-0.08,0.0,-0.0816405321,-0.0761706799999999,0.0,-0.024733858,-0.16869308,0.18938729,0.0006398559,0.002058134,-0.006644607,"[20.303899557869457, 35.72781328956353, 0.0, 0.0, 0.0, 0.0, -1.7483486304528362, 5.446918069929832]","[0.03391681503743558, -0.0956663452978808, 0.0]","{""Controller Type"": ""MPC Controller"", ""weight_comfort"": 130.33803346540745, ""weight_trajectory"": 1337924.0752177038, ""weight_goal"": 1914196.9580807807, ""Q"": [[1337924.0752177038, 0.0, 0.0, 0.0], [0.0, 0.0, 0.0, 0.0], [0.0, 0.0, 1337924.0752177038, 0.0], [0.0, 0.0, 0.0, 0.0]], ""R"": [[130.33803346540745, 0.0], [0.0, 130.33803346540745]], ""P"": [[1914196.9580807807, 0.0, 0.0, 0.0], [0.0, 191419695.80807808, 0.0, 0.0], [0.0, 0.0, 1914196.9580807807, 0.0], [0.0, 0.0, 0.0, 191419695.80807808]]}","[0.27952150341284865, 0.24278774261265681, 0.0]",False
3,P05,2e6a0a77-88d8-4501-ab04-4d78b67d0190,24,1,haply,mpc,seeded_random,756517391,persist_session,10.0,26.44821077346802,10723.41129097,0,1785938065.253166,1444.0,True,normal,adaptive,-0.08,0.08,0.0,-0.08,-0.08,0.0,-0.0816828201,-0.0764475399999999,0.0,-0.024748016,-0.16874272,0.18934172,0.0004848495,0.0015232103,-0.006745415,"[20.131223750129, 35.744909654491046, 0.0, 0.0, 0.0, 0.0, -1.765584677392282, 5.496666716941769]","[-0.11708662997502632, -0.14571301583085172, 0.0]","{""Controller Type"": ""MPC Controller"", ""weight_comfort"": 130.33803346540745, ""weight_trajectory"": 1337924.0752177038, ""weight_goal"": 1914196.9580807807, ""Q"": [[1337924.0752177038, 0.0, 0.0, 0.0], [0.0, 0.0, 0.0, 0.0], [0.0, 0.0, 1337924.0752177038, 0.0], [0.0, 0.0, 0.0, 0.0]], ""R"": [[130.33803346540745, 0.0], [0.0, 130.33803346540745]], ""P"": [[1914196.9580807807, 0.0, 0.0, 0.0], [0.0, 191419695.80807808, 0.0, 0.0], [0.0, 0.0, 1914196.9580807807, 0.0], [0.0, 0.0, 0.0, 191419695.80807808]]}","[0.36518567284633396, 0.41425147277732666, 0.0]",False
3,P05,2e6a0a77-88d8-4501-ab04-4d78b67d0190,24,1,haply,mpc,seeded_random,756517391,persist_session,10.0,26.458062944412234,10723.421152301,0,1785938065.2632868,1445.0,True,normal,adaptive,-0.08,0.08,0.0,-0.08,-0.08,0.0,-0.0817252941,-0.07653868,0.0,-0.024747906,-0.1687443,0.18924883,0.00036852367,0.001121192,-0.0068483744,"[20.199284093656047, 35.7383924105231, 0.0, 0.0, 0.0, 0.0, -1.7544263089646348, 5.4594275532929535]","[-0.11513272437623451, -0.04309036519102874, 0.0]","{""Controller Type"": ""MPC Controller"", ""weight_comfort"": 130.33803346540745, ""weight_trajectory"": 1337924.0752177038, ""weight_goal"": 1914196.9580807807, ""Q"": [[1337924.0752177038, 0.0, 0.0, 0.0], [0.0, 0.0, 0.0, 0.0], [0.0, 0.0, 1337924.0752177038, 0.0], [0.0, 0.0, 0.0, 0.0]], ""R"": [[130.33803346540745, 0.0], [0.0, 130.33803346540745]], ""P"": [[1914196.9580807807, 0.0, 0.0, 0.0], [0.0, 191419695.80807808, 0.0, 0.0], [0.0, 0.0, 1914196.9580807807, 0.0], [0.0, 0.0, 0.0, 191419695.80807808]]}","[0.3719369237553192, 0.07179337773716626, 0.0]",False
3,P05,2e6a0a77-88d8-4501-ab04-4d78b67d0190,24,1,haply,mpc,seeded_random,756517391,persist_session,10.0,26.46797328948975,10723.431064635,0,1785938065.273183,1446.0,True,normal,adaptive,-0.08,0.08,0.0,-0.08,-0.08,0.0,-0.0817249640999999,-0.07672446,0.0,-0.024733663,-0.16869634,0.18920155,0.0001933632,0.00051317614,-0.0071289856,"[20.428161297117967, 35.739802563418856, 0.0, 0.0, 0.0, 0.0, -1.7679552676669321, 5.499366377362302]","[-0.11513272437623451, -0.04309036519102874, 0.0]","{""Controller Type"": ""MPC Controller"", ""weight_comfort"": 118.43185623622863, ""weight_trajectory"": 1394407.4239791853, ""weight_goal"": 1990743.6606364222, ""Q"": [[1394407.4239791853, 0.0, 0.0, 0.0], [0.0, 0.0, 0.0, 0.0], [0.0, 0.0, 1394407.4239791853, 0.0], [0.0, 0.0, 0.0, 0.0]], ""R"": [[118.43185623622863, 0.0], [0.0, 118.43185623622863]], ""P"": [[1990743.6606364222, 0.0, 0.0, 0.0], [0.0, 199074366.06364223, 0.0, 0.0], [0.0, 0.0, 1990743.6606364222, 0.0], [0.0, 0.0, 0.0, 199074366.06364223]]}","[0.29456251204034795, 0.2591377446686743, 0.0]",False
3,P05,2e6a0a77-88d8-4501-ab04-4d78b67d0190,24,1,haply,mpc,seeded_random,756517391,persist_session,10.0,26.47802263259888,10723.441111683,0,1785938065.2832851,1447.0,True,normal,adaptive,-0.08,0.08,0.0,-0.08,-0.08,0.0,-0.0816822351,-0.07681902,0.0,-0.024733571,-0.16869801,0.1891086,8.383951e-05,0.00013270853,-0.0073180846,"[20.560986166973723, 35.75404994377106, 0.0, 0.0, 0.0, 0.0, -1.7616405474960188, 5.478896654883112]","[0.1858224032455899, -0.04568263274640408, 0.0]","{""Controller Type"": ""MPC Controller"", ""weight_comfort"": 118.43185623622863, ""weight_trajectory"": 1394407.4239791853, ""weight_goal"": 1990743.6606364222, ""Q"": [[1394407.4239791853, 0.0, 0.0, 0.0], [0.0, 0.0, 0.0, 0.0], [0.0, 0.0, 1394407.4239791853, 0.0], [0.0, 0.0, 0.0, 0.0]], ""R"": [[118.43185623622863, 0.0], [0.0, 118.43185623622863]], ""P"": [[1990743.6606364222, 0.0, 0.0, 0.0], [0.0, 199074366.06364223, 0.0, 0.0], [0.0, 0.0, 1990743.6606364222, 0.0], [0.0, 0.0, 0.0, 199074366.06364223]]}","[0.20948252060215894, 0.08728820287593711, 0.0]",False
3,P05,2e6a0a77-88d8-4501-ab04-4d78b67d0190,24,1,haply,mpc,seeded_random,756517391,persist_session,10.0,26.48796063423157,10723.451035091,0,1785938065.2932167,1448.0,True,normal,adaptive,-0.08,0.08,0.0,-0.08,-0.08,0.0,-0.0816819590999999,-0.07700492,0.0,-0.024747718,-0.1687476,0.18906298,2.510113e-05,-7.199313e-05,-0.007450284,"[20.29943799715487, 35.7524948107423, 0.0, 0.0, 0.0, 0.0, -1.7746242098715665, 5.516948334462629]","[0.1858224032455899, -0.04568263274640408, 0.0]","{""Controller Type"": ""MPC Controller"", ""weight_comfort"": 118.43185623622863, ""weight_trajectory"": 1394407.4239791853, ""weight_goal"": 1990743.6606364222, ""Q"": [[1394407.4239791853, 0.0, 0.0, 0.0], [0.0, 0.0, 0.0, 0.0], [0.0, 0.0, 1394407.4239791853, 0.0], [0.0, 0.0, 0.0, 0.0]], ""R"": [[118.43185623622863, 0.0], [0.0, 118.43185623622863]], ""P"": [[1990743.6606364222, 0.0, 0.0, 0.0], [0.0, 199074366.06364223, 0.0, 0.0], [0.0, 0.0, 1990743.6606364222, 0.0], [0.0, 0.0, 0.0, 199074366.06364223]]}","[0.28730632319350324, 0.2657332364692082, 0.0]",False
3,P05,2e6a0a77-88d8-4501-ab04-4d78b67d0190,24,1,haply,mpc,seeded_random,756517391,persist_session,10.0,26.49818783760071,10723.461280197,0,1785938065.3031828,1449.0,True,normal,adaptive,-0.08,0.08,0.0,-0.08,-0.08,0.0,-0.0817244001,-0.07709616,0.0,-0.02473332,-0.16870111,0.18892275,-3.768936e-05,-0.00029120018,-0.0076096784,"[20.118985215104917, 35.77012051817272, 0.0, 0.0, 0.0, 0.0, -1.7681176367197973, 5.496150982263118]","[0.035136392872872145, -0.09795164119437219, 0.0]","{""Controller Type"": ""MPC Controller"", ""weight_comfort"": 108.71826415084844, ""weight_trajectory"": 1438991.8146710587, ""weight_goal"": 2056195.493849346, ""Q"": [[1438991.8146710587, 0.0, 0.0, 0.0], [0.0, 0.0, 0.0, 0.0], [0.0, 0.0, 1438991.8146710587, 0.0], [0.0, 0.0, 0.0, 0.0]], ""R"": [[108.71826415084844, 0.0], [0.0, 108.71826415084844]], ""P"": [[2056195.493849346, 0.0, 0.0, 0.0], [0.0, 205619549.3849346, 0.0, 0.0], [0.0, 0.0, 2056195.493849346, 0.0], [0.0, 0.0, 0.0, 205619549.3849346]]}","[0.3748194547361767, 0.09186209504378652, 0.0]",False
3,P05,2e6a0a77-88d8-4501-ab04-4d78b67d0190,24,1,haply,mpc,seeded_random,756517391,persist_session,10.0,26.507988986968996,10723.47106971,0,1785938065.313099,1450.0,True,normal,adaptive,-0.08,0.08,0.0,-0.08,-0.08,0.0,-0.0816812061,-0.07737662,0.0,-0.02473332,-0.16870111,0.18892275,-7.276489e-05,-0.0004142605,-0.007727362,"[20.118985215104917, 35.77012051817272, 0.0, 0.0, 0.0, 0.0, -1.7681176367197973, 5.496150982263118]","[-0.11763464617691871, -0.0451829501898312, 0.0]","{""Controller Type"": ""MPC Controller"", ""weight_comfort"": 108.71826415084844, ""weight_trajectory"": 1438991.8146710587, ""weight_goal"": 2056195.493849346, ""Q"": [[1438991.8146710587, 0.0, 0.0, 0.0], [0.0, 0.0, 0.0, 0.0], [0.0, 0.0, 1438991.8146710587, 0.0], [0.0, 0.0, 0.0, 0.0]], ""R"": [[108.71826415084844, 0.0], [0.0, 108.71826415084844]], ""P"": [[2056195.493849346, 0.0, 0.0, 0.0], [0.0, 205619549.3849346, 0.0, 0.0], [0.0, 0.0, 2056195.493849346, 0.0], [0.0, 0.0, 0.0, 205619549.3849346]]}","[0.20756742537004405, 0.45432646185737446, 0.0]",False
3,P05,2e6a0a77-88d8-4501-ab04-4d78b67d0190,24,1,haply,mpc,seeded_random,756517391,persist_session,10.0,26.518463907241824,10723.481537714,0,1785938065.3231504,1451.0,True,normal,adaptive,-0.08,0.08,0.0,-0.08,-0.08,0.0,-0.0816812061,-0.07737662,0.0,-0.02473316,-0.16870251,0.18882987,-8.622238e-05,-0.00045930085,-0.007670155,"[20.511309391516633, 35.81350338406814, 0.0, 0.0, 0.0, 0.0, -1.8118649697665747, 5.620321158938029]","[0.19048595647627337, -0.15420852849985747, 0.0]","{""Controller Type"": ""MPC Controller"", ""weight_comfort"": 108.71826415084844, ""weight_trajectory"": 1438991.8146710587, ""weight_goal"": 2056195.493849346, ""Q"": [[1438991.8146710587, 0.0, 0.0, 0.0], [0.0, 0.0, 0.0, 0.0], [0.0, 0.0, 1438991.8146710587, 0.0], [0.0, 0.0, 0.0, 0.0]], ""R"": [[108.71826415084844, 0.0], [0.0, 108.71826415084844]], ""P"": [[2056195.493849346, 0.0, 0.0, 0.0], [0.0, 205619549.3849346, 0.0, 0.0], [0.0, 0.0, 2056195.493849346, 0.0], [0.0, 0.0, 0.0, 205619549.3849346]]}","[0.2883927070246618, -0.07047463274040924, 0.0]",False
3,P05,2e6a0a77-88d8-4501-ab04-4d78b67d0190,24,1,haply,mpc,seeded_random,756517391,persist_session,10.0,26.528526124954226,10723.491615643,0,1785938065.3331594,1452.0,True,normal,adaptive,-0.08,0.08,0.0,-0.08,-0.08,0.0,-0.0816807261,-0.0775623799999999,0.0,-0.024733013,-0.16870399,0.18873693,-9.7001735e-05,-0.0004953912,-0.0076249675,"[20.2270143350549, 35.81198620855299, 0.0, 0.0, 0.0, 0.0, -1.8446733496922714, 5.706533010413558]","[0.034035435828013605, 0.004767300851146654, 0.0]","{""Controller Type"": ""MPC Controller"", ""weight_comfort"": 100.4775194125039, ""weight_trajectory"": 1478821.4978035777, ""weight_goal"": 2109187.1745001306, ""Q"": [[1478821.4978035777, 0.0, 0.0, 0.0], [0.0, 0.0, 0.0, 0.0], [0.0, 0.0, 1478821.4978035777, 0.0], [0.0, 0.0, 0.0, 0.0]], ""R"": [[100.4775194125039, 0.0], [0.0, 100.4775194125039]], ""P"": [[2109187.1745001306, 0.0, 0.0, 0.0], [0.0, 210918717.45001307, 0.0, 0.0], [0.0, 0.0, 2109187.1745001306, 0.0], [0.0, 0.0, 0.0, 210918717.45001307]]}","[0.28799432946078507, 0.2796984978565127, 0.0]",False
3,P05,2e6a0a77-88d8-4501-ab04-4d78b67d0190,24,1,haply,mpc,seeded_random,756517391,persist_session,10.0,26.537894306182864,10723.500988309,0,1785938065.3432715,1453.0,True,normal,adaptive,-0.08,0.08,0.0,-0.08,-0.08,0.0,-0.0816802851,-0.07774826,0.0,-0.02470444,-0.16860777,0.18864267,-8.5395084e-05,-0.00045404898,-0.0075567877,"[20.2270143350549, 35.81198620855299, 0.0, 0.0, 0.0, 0.0, -1.8446733496922714, 5.706533010413558]","[0.03571349192657058, -0.10141209326108996, 0.0]","{""Controller Type"": ""MPC Controller"", ""weight_comfort"": 100.4775194125039, ""weight_trajectory"": 1478821.4978035777, ""weight_goal"": 2109187.1745001306, ""Q"": [[1478821.4978035777, 0.0, 0.0, 0.0], [0.0, 0.0, 0.0, 0.0], [0.0, 0.0, 1478821.4978035777, 0.0], [0.0, 0.0, 0.0, 0.0]], ""R"": [[100.4775194125039, 0.0], [0.0, 100.4775194125039]], ""P"": [[2109187.1745001306, 0.0, 0.0, 0.0], [0.0, 210918717.45001307, 0.0, 0.0], [0.0, 0.0, 2109187.1745001306, 0.0], [0.0, 0.0, 0.0, 210918717.45001307]]}","[0.2879992399785629, 0.28136695134012757, 0.0]",False
3,P05,2e6a0a77-88d8-4501-ab04-4d78b67d0190,24,1,haply,mpc,seeded_random,756517391,persist_session,10.0,26.548023281097414,10723.511112336,0,1785938065.353272,1454.0,True,normal,adaptive,-0.08,0.08,0.0,-0.08,-0.08,0.0,-0.0815945661,-0.0779367799999999,0.0,-0.024704244,-0.16860908,0.18854988,-3.01814e-05,-0.00026701528,-0.007685987,"[20.491750828907918, 35.87496939917736, 0.0, 0.0, 0.0, 0.0, -1.8419076202857638, 5.6985896057958465]","[0.34017773179988975, -0.10362453064316485, 0.0]","{""Controller Type"": ""MPC Controller"", ""weight_comfort"": 100.4775194125039, ""weight_trajectory"": 1478821.4978035777, ""weight_goal"": 2109187.1745001306, ""Q"": [[1478821.4978035777, 0.0, 0.0, 0.0], [0.0, 0.0, 0.0, 0.0], [0.0, 0.0, 1478821.4978035777, 0.0], [0.0, 0.0, 0.0, 0.0]], ""R"": [[100.4775194125039, 0.0], [0.0, 100.4775194125039]], ""P"": [[2109187.1745001306, 0.0, 0.0, 0.0], [0.0, 210918717.45001307, 0.0, 0.0], [0.0, 0.0, 2109187.1745001306, 0.0], [0.0, 0.0, 0.0, 210918717.45001307]]}","[0.11486599699996233, 0.2951095603529529, 0.0]",False
3,P05,2e6a0a77-88d8-4501-ab04-4d78b67d0190,24,1,haply,mpc,seeded_random,756517391,persist_session,10.0,26.557923612594607,10723.521017298,0,1785938065.3636222,1455.0,True,normal,adaptive,-0.08,0.08,0.0,-0.08,-0.08,0.0,-0.0815939780999999,-0.07812236,0.0,-0.024689937,-0.16856089,0.18850276,7.667414e-05,9.9862445e-05,-0.0077049066,"[20.02821533461059, 35.87193935668671, 0.0, 0.0, 0.0, 0.0, -1.8390041378859046, 5.690303073694849]","[0.03396243392149088, -0.09857437921611864, 0.0]","{""Controller Type"": ""MPC Controller"", ""weight_comfort"": 88.58341869175155, ""weight_trajectory"": 1532262.4492421723, ""weight_goal"": 2190191.417699511, ""Q"": [[1532262.4492421723, 0.0, 0.0, 0.0], [0.0, 0.0, 0.0, 0.0], [0.0, 0.0, 1532262.4492421723, 0.0], [0.0, 0.0, 0.0, 0.0]], ""R"": [[88.58341869175155, 0.0], [0.0, 88.58341869175155]], ""P"": [[2190191.417699511, 0.0, 0.0, 0.0], [0.0, 219019141.7699511, 0.0, 0.0], [0.0, 0.0, 2190191.417699511, 0.0], [0.0, 0.0, 0.0, 219019141.7699511]]}","[0.27365253212962376, 0.28389233693191696, 0.0]",False
3,P05,2e6a0a77-88d8-4501-ab04-4d78b67d0190,24,1,haply,mpc,seeded_random,756517391,persist_session,10.0,26.5680201625824,10723.531110774,0,1785938065.373269,1456.0,True,normal,adaptive,-0.08,0.08,0.0,-0.08,-0.08,0.0,-0.0815510570999999,-0.0782166,0.0,-0.024689734,-0.16856217,0.1884099,0.00015822814,0.000379635,-0.007730409,"[20.16942735707469, 35.88916437773186, 0.0, 0.0, 0.0, 0.0, -1.8319273486283159, 5.669322245333066]","[0.03396243392149088, -0.09857437921611864, 0.0]","{""Controller Type"": ""MPC Controller"", ""weight_comfort"": 88.58341869175155, ""weight_trajectory"": 1532262.4492421723, ""weight_goal"": 2190191.417699511, ""Q"": [[1532262.4492421723, 0.0, 0.0, 0.0], [0.0, 0.0, 0.0, 0.0], [0.0, 0.0, 1532262.4492421723, 0.0], [0.0, 0.0, 0.0, 0.0]], ""R"": [[88.58341869175155, 0.0], [0.0, 88.58341869175155]], ""P"": [[2190191.417699511, 0.0, 0.0, 0.0], [0.0, 219019141.7699511, 0.0, 0.0], [0.0, 0.0, 2190191.417699511, 0.0], [0.0, 0.0, 0.0, 219019141.7699511]]}","[0.18455592712081165, 0.13458463750235472, 0.0]",False
3,P05,2e6a0a77-88d8-4501-ab04-4d78b67d0190,24,1,haply,mpc,seeded_random,756517391,persist_session,10.0,26.57797962188721,10723.541071686,0,1785938065.383263,1457.0,True,normal,adaptive,-0.08,0.08,0.0,-0.08,-0.08,0.0,-0.0815504481,-0.07840232,0.0,-0.024703579,-0.16861272,0.18827127,0.00021505439,0.0005747678,-0.007739263,"[19.920829720090268, 35.887525910397656, 0.0, 0.0, 0.0, 0.0, -1.8446347681776347, 5.705277236469389]","[0.033073068471054075, -0.10307456772940186, 0.0]","{""Controller Type"": ""MPC Controller"", ""weight_comfort"": 77.45014325852993, ""weight_trajectory"": 1592002.9273257414, ""weight_goal"": 2258720.9200461246, ""Q"": [[1592002.9273257414, 0.0, 0.0, 0.0], [0.0, 0.0, 0.0, 0.0], [0.0, 0.0, 1592002.9273257414, 0.0], [0.0, 0.0, 0.0, 0.0]], ""R"": [[77.45014325852993, 0.0], [0.0, 77.45014325852993]], ""P"": [[2258720.9200461246, 0.0, 0.0, 0.0], [0.0, 225872092.00461245, 0.0, 0.0], [0.0, 0.0, 2258720.9200461246, 0.0], [0.0, 0.0, 0.0, 225872092.00461245]]}","[0.2660737440359744, 0.3034376505282883, 0.0]",False
3,P05,2e6a0a77-88d8-4501-ab04-4d78b67d0190,24,1,haply,mpc,seeded_random,756517391,persist_session,10.0,26.587990579605105,10723.551079776,0,1785938065.3933084,1458.0,True,normal,adaptive,-0.08,0.08,0.0,-0.08,-0.08,0.0,-0.0815919831,-0.07867958,0.0,-0.02468927,-0.16856451,0.18822429,0.00021670258,0.000577351,-0.007884335,"[19.76037438491082, 35.90421121014896, 0.0, 0.0, 0.0, 0.0, -1.863172885455934, 5.756846716609051]","[-0.11699760303979294, -0.1564345273423481, 0.0]","{""Controller Type"": ""MPC Controller"", ""weight_comfort"": 77.45014325852993, ""weight_trajectory"": 1592002.9273257414, ""weight_goal"": 2258720.9200461246, ""Q"": [[1592002.9273257414, 0.0, 0.0, 0.0], [0.0, 0.0, 0.0, 0.0], [0.0, 0.0, 1592002.9273257414, 0.0], [0.0, 0.0, 0.0, 0.0]], ""R"": [[77.45014325852993, 0.0], [0.0, 77.45014325852993]], ""P"": [[2258720.9200461246, 0.0, 0.0, 0.0], [0.0, 225872092.00461245, 0.0, 0.0], [0.0, 0.0, 2258720.9200461246, 0.0], [0.0, 0.0, 0.0, 225872092.00461245]]}","[0.3520451108445225, 0.4794640667436449, 0.0]",False
3,P05,2e6a0a77-88d8-4501-ab04-4d78b67d0190,24,1,haply,mpc,seeded_random,756517391,persist_session,10.0,26.597999629974368,10723.56109625,0,1785938065.4033098,1459.0,True,normal,adaptive,-0.08,0.08,0.0,-0.08,-0.08,0.0,-0.0815490560999999,-0.07877354,0.0,-0.02470336,-0.16861394,0.1881784,0.00022443639,0.00060225837,-0.00796318,"[20.110944427392912, 35.9456730478683, 0.0, 0.0, 0.0, 0.0, -1.8483199627586553, 5.713931660823405]","[0.18543504874268368, -0.051413583523857886, 0.0]","{""Controller Type"": ""MPC Controller"", ""weight_comfort"": 77.45014325852993, ""weight_trajectory"": 1592002.9273257414, ""weight_goal"": 2258720.9200461246, ""Q"": [[1592002.9273257414, 0.0, 0.0, 0.0], [0.0, 0.0, 0.0, 0.0], [0.0, 0.0, 1592002.9273257414, 0.0], [0.0, 0.0, 0.0, 0.0]], ""R"": [[77.45014325852993, 0.0], [0.0, 77.45014325852993]], ""P"": [[2258720.9200461246, 0.0, 0.0, 0.0], [0.0, 225872092.00461245, 0.0, 0.0], [0.0, 0.0, 2258720.9200461246, 0.0], [0.0, 0.0, 0.0, 225872092.00461245]]}","[0.18768696854060868, 0.14285059445286005, 0.0]",False
3,P05,2e6a0a77-88d8-4501-ab04-4d78b67d0190,24,1,haply,mpc,seeded_random,756517391,persist_session,10.0,26.60813098907471,10723.571218143,0,1785938065.413242,1460.0,True,normal,adaptive,-0.08,0.08,0.0,-0.08,-0.08,0.0,-0.0815913261,-0.07886532,0.0,-0.024703102,-0.16861501,0.18808556,0.00023498705,0.0006385329,-0.007962696,"[19.716856313697484, 35.987998538666865, 0.0, 0.0, 0.0, 0.0, -1.8477993550118712, 5.712433040274222]","[-0.12178251721654385, -0.050689519667945784, 0.0]","{""Controller Type"": ""MPC Controller"", ""weight_comfort"": 77.45014325852993, ""weight_trajectory"": 1592002.9273257414, ""weight_goal"": 2258720.9200461246, ""Q"": [[1592002.9273257414, 0.0, 0.0, 0.0], [0.0, 0.0, 0.0, 0.0], [0.0, 0.0, 1592002.9273257414, 0.0], [0.0, 0.0, 0.0, 0.0]], ""R"": [[77.45014325852993, 0.0], [0.0, 77.45014325852993]], ""P"": [[2258720.9200461246, 0.0, 0.0, 0.0], [0.0, 225872092.00461245, 0.0, 0.0], [0.0, 0.0, 2258720.9200461246, 0.0], [0.0, 0.0, 0.0, 225872092.00461245]]}","[0.3541859824669428, 0.1423848699766164, 0.0]",False
3,P05,2e6a0a77-88d8-4501-ab04-4d78b67d0190,24,1,haply,mpc,seeded_random,756517391,persist_session,10.0,26.618001756668093,10723.581096061,0,1785938065.4231844,1461.0,True,normal,adaptive,-0.08,0.08,0.0,-0.08,-0.08,0.0,-0.0815905521,-0.0790509999999999,0.0,-0.024703102,-0.16861501,0.18808556,0.00025701316,0.00071520003,-0.00791752,"[19.93380741212477, 35.98953543549435, 0.0, 0.0, 0.0, 0.0, -1.8620456085023844, 5.752114363753313]","[0.034507517341694216, -0.10565809489260874, 0.0]","{""Controller Type"": ""MPC Controller"", ""weight_comfort"": 66.77593413062195, ""weight_trajectory"": 1646803.8346093085, ""weight_goal"": 2328050.8402342196, ""Q"": [[1646803.8346093085, 0.0, 0.0, 0.0], [0.0, 0.0, 0.0, 0.0], [0.0, 0.0, 1646803.8346093085, 0.0], [0.0, 0.0, 0.0, 0.0]], ""R"": [[66.77593413062195, 0.0], [0.0, 66.77593413062195]], ""P"": [[2328050.8402342196, 0.0, 0.0, 0.0], [0.0, 232805084.02342194, 0.0, 0.0], [0.0, 0.0, 2328050.8402342196, 0.0], [0.0, 0.0, 0.0, 232805084.02342194]]}","[0.27394248421067774, 0.3235648847310102, 0.0]",False
3,P05,2e6a0a77-88d8-4501-ab04-4d78b67d0190,24,1,haply,mpc,seeded_random,756517391,persist_session,10.0,26.628008422851565,10723.591098788,0,1785938065.4331815,1462.0,True,normal,adaptive,-0.08,0.08,0.0,-0.08,-0.08,0.0,-0.0815905521,-0.0790509999999999,0.0,-0.024717169,-0.16866434,0.18803963,0.00028348668,0.00080622477,-0.007916064,"[19.912481304918643, 35.98942768396339, 0.0, 0.0, 0.0, 0.0, -1.8633466138890593, 5.753782754986808]","[0.031671838955749154, 0.0017683159365807532, 0.0]","{""Controller Type"": ""MPC Controller"", ""weight_comfort"": 66.77593413062195, ""weight_trajectory"": 1646803.8346093085, ""weight_goal"": 2328050.8402342196, ""Q"": [[1646803.8346093085, 0.0, 0.0, 0.0], [0.0, 0.0, 0.0, 0.0], [0.0, 0.0, 1646803.8346093085, 0.0], [0.0, 0.0, 0.0, 0.0]], ""R"": [[66.77593413062195, 0.0], [0.0, 66.77593413062195]], ""P"": [[2328050.8402342196, 0.0, 0.0, 0.0], [0.0, 232805084.02342194, 0.0, 0.0], [0.0, 0.0, 2328050.8402342196, 0.0], [0.0, 0.0, 0.0, 232805084.02342194]]}","[0.27539400272805414, -0.024649522358569317, 0.0]",False
3,P05,2e6a0a77-88d8-4501-ab04-4d78b67d0190,24,1,haply,mpc,seeded_random,756517391,persist_session,10.0,26.63796406745911,10723.601056244,0,1785938065.4433606,1463.0,True,normal,adaptive,-0.08,0.08,0.0,-0.08,-0.08,0.0,-0.0816327531,-0.0791428599999999,0.0,-0.024702825,-0.16861603,0.18799266,0.00030699008,0.0008869754,-0.007917677,"[19.753481029740243, 36.00561822626399, 0.0, 0.0, 0.0, 0.0, -1.8699341179068256, 5.772499775265122]","[-0.1170220966455641, -0.050490691153396404, 0.0]","{""Controller Type"": ""MPC Controller"", ""weight_comfort"": 60.53671348764054, ""weight_trajectory"": 1676597.5307842337, ""weight_goal"": 2370139.3438219014, ""Q"": [[1676597.5307842337, 0.0, 0.0, 0.0], [0.0, 0.0, 0.0, 0.0], [0.0, 0.0, 1676597.5307842337, 0.0], [0.0, 0.0, 0.0, 0.0]], ""R"": [[60.53671348764054, 0.0], [0.0, 60.53671348764054]], ""P"": [[2370139.3438219014, 0.0, 0.0, 0.0], [0.0, 237013934.38219014, 0.0, 0.0], [0.0, 0.0, 2370139.3438219014, 0.0], [0.0, 0.0, 0.0, 237013934.38219014]]}","[0.36000163548651126, 0.14599998872911252, 0.0]",False
3,P05,2e6a0a77-88d8-4501-ab04-4d78b67d0190,24,1,haply,mpc,seeded_random,756517391,persist_session,10.0,26.64817768096924,10723.611259981,0,1785938065.4531884,1464.0,True,normal,adaptive,-0.08,0.08,0.0,-0.08,-0.08,0.0,-0.0815897211,-0.0792368,0.0,-0.024716884,-0.16866535,0.18794672,0.0001766789,0.00045154445,-0.007330686,"[20.124758457468168, 36.04945357333924, 0.0, 0.0, 0.0, 0.0, -1.8699391785139632, 5.772514054615211]","[0.18983803275570163, -0.05374971658236756, 0.0]","{""Controller Type"": ""MPC Controller"", ""weight_comfort"": 60.53671348764054, ""weight_trajectory"": 1676597.5307842337, ""weight_goal"": 2370139.3438219014, ""Q"": [[1676597.5307842337, 0.0, 0.0, 0.0], [0.0, 0.0, 0.0, 0.0], [0.0, 0.0, 1676597.5307842337, 0.0], [0.0, 0.0, 0.0, 0.0]], ""R"": [[60.53671348764054, 0.0], [0.0, 60.53671348764054]], ""P"": [[2370139.3438219014, 0.0, 0.0, 0.0], [0.0, 237013934.38219014, 0.0, 0.0], [0.0, 0.0, 2370139.3438219014, 0.0], [0.0, 0.0, 0.0, 237013934.38219014]]}","[0.19389175325549238, 0.1586004364062112, 0.0]",False
3,P05,2e6a0a77-88d8-4501-ab04-4d78b67d0190,24,1,haply,mpc,seeded_random,756517391,persist_session,10.0,26.658018407821658,10723.621109963,0,1785938065.463172,1465.0,True,normal,adaptive,-0.08,0.08,0.0,-0.08,-0.08,0.0,-0.0816318981,-0.0793286799999999,0.0,-0.024716884,-0.16866535,0.18794672,7.632392e-05,0.00011607273,-0.006885162,"[19.718837167752543, 36.09170316967678, 0.0, 0.0, 0.0, 0.0, -1.8692223295797648, 5.77049764332697]","[-0.12029582371323999, -0.05185190194383971, 0.0]","{""Controller Type"": ""MPC Controller"", ""weight_comfort"": 60.53671348764054, ""weight_trajectory"": 1676597.5307842337, ""weight_goal"": 2370139.3438219014, ""Q"": [[1676597.5307842337, 0.0, 0.0, 0.0], [0.0, 0.0, 0.0, 0.0], [0.0, 0.0, 1676597.5307842337, 0.0], [0.0, 0.0, 0.0, 0.0]], ""R"": [[60.53671348764054, 0.0], [0.0, 60.53671348764054]], ""P"": [[2370139.3438219014, 0.0, 0.0, 0.0], [0.0, 237013934.38219014, 0.0, 0.0], [0.0, 0.0, 2370139.3438219014, 0.0], [0.0, 0.0, 0.0, 237013934.38219014]]}","[0.36171369841897216, 0.15434651655089107, 0.0]",False
3,P05,2e6a0a77-88d8-4501-ab04-4d78b67d0190,24,1,haply,mpc,seeded_random,756517391,persist_session,10.0,26.667941627502444,10723.631031909,0,1785938065.473393,1466.0,True,normal,adaptive,-0.08,0.08,0.0,-0.08,-0.08,0.0,-0.0816318981,-0.0793286799999999,0.0,-0.024716884,-0.16866535,0.18794672,-8.879999e-06,-0.00017110555,-0.0066177286,"[19.930103778077477, 36.09278979193897, 0.0, 0.0, 0.0, 0.0, -1.8696673775613069, 5.77106817937231]","[-0.12029582371323999, -0.05185190194383971, 0.0]","{""Controller Type"": ""MPC Controller"", ""weight_comfort"": 60.53671348764054, ""weight_trajectory"": 1676597.5307842337, ""weight_goal"": 2370139.3438219014, ""Q"": [[1676597.5307842337, 0.0, 0.0, 0.0], [0.0, 0.0, 0.0, 0.0], [0.0, 0.0, 1676597.5307842337, 0.0], [0.0, 0.0, 0.0, 0.0]], ""R"": [[60.53671348764054, 0.0], [0.0, 60.53671348764054]], ""P"": [[2370139.3438219014, 0.0, 0.0, 0.0], [0.0, 237013934.38219014, 0.0, 0.0], [0.0, 0.0, 2370139.3438219014, 0.0], [0.0, 0.0, 0.0, 237013934.38219014]]}","[0.2828943428261704, -0.017356600983752232, 0.0]",False
3,P05,2e6a0a77-88d8-4501-ab04-4d78b67d0190,24,1,haply,mpc,seeded_random,756517391,persist_session,10.0,26.678460178375246,10723.641555942,0,1785938065.4833148,1467.0,True,normal,adaptive,-0.08,0.08,0.0,-0.08,-0.08,0.0,-0.0816318981,-0.0793286799999999,0.0,-0.024716884,-0.16866535,0.18794672,-7.292862e-05,-0.0003869803,-0.006416696,"[19.912074542143966, 36.09269706091486, 0.0, 0.0, 0.0, 0.0, -1.869666755693687, 5.771067382159634]","[0.032494476612383125, 0.0012551446864323176, 0.0]","{""Controller Type"": ""MPC Controller"", ""weight_comfort"": 56.448156880375294, ""weight_trajectory"": 1694284.9407196846, ""weight_goal"": 2398485.0789429564, ""Q"": [[1694284.9407196846, 0.0, 0.0, 0.0], [0.0, 0.0, 0.0, 0.0], [0.0, 0.0, 1694284.9407196846, 0.0], [0.0, 0.0, 0.0, 0.0]], ""R"": [[56.448156880375294, 0.0], [0.0, 56.448156880375294]], ""P"": [[2398485.0789429564, 0.0, 0.0, 0.0], [0.0, 239848507.89429563, 0.0, 0.0], [0.0, 0.0, 2398485.0789429564, 0.0], [0.0, 0.0, 0.0, 239848507.89429563]]}","[0.2831097965174811, -0.017307575522502238, 0.0]",False
3,P05,2e6a0a77-88d8-4501-ab04-4d78b67d0190,24,1,haply,mpc,seeded_random,756517391,persist_session,10.0,26.688268957138064,10723.651346875,0,1785938065.4933004,1468.0,True,normal,adaptive,-0.08,0.08,0.0,-0.08,-0.08,0.0,-0.0816318981,-0.0793286799999999,0.0,-0.02470254,-0.16861703,0.1878998,-0.00013405118,-0.00057561154,-0.0054066526,"[19.912074542143966, 36.09269706091486, 0.0, 0.0, 0.0, 0.0, -1.869666755693687, 5.771067382159634]","[0.032494476612383125, 0.0012551446864323176, 0.0]","{""Controller Type"": ""MPC Controller"", ""weight_comfort"": 56.448156880375294, ""weight_trajectory"": 1694284.9407196846, ""weight_goal"": 2398485.0789429564, ""Q"": [[1694284.9407196846, 0.0, 0.0, 0.0], [0.0, 0.0, 0.0, 0.0], [0.0, 0.0, 1694284.9407196846, 0.0], [0.0, 0.0, 0.0, 0.0]], ""R"": [[56.448156880375294, 0.0], [0.0, 56.448156880375294]], ""P"": [[2398485.0789429564, 0.0, 0.0, 0.0], [0.0, 239848507.89429563, 0.0, 0.0], [0.0, 0.0, 2398485.0789429564, 0.0], [0.0, 0.0, 0.0, 239848507.89429563]]}","[0.2831097965172694, -0.017307575522524443, 0.0]",False
3,P05,2e6a0a77-88d8-4501-ab04-4d78b67d0190,24,1,haply,mpc,seeded_random,756517391,persist_session,10.0,26.6986833190918,10723.661774177,0,1785938065.5031712,1469.0,True,normal,adaptive,-0.08,0.08,0.0,-0.08,-0.08,0.0,-0.0815888660999999,-0.07942252,0.0,-0.02470254,-0.16861703,0.1878998,5.0111645e-05,7.948965e-05,-0.0043661473,"[20.032367297477435, 36.10893647221405, 0.0, 0.0, 0.0, 0.0, -1.8774717616302738, 5.7929035169651675]","[0.03246507854834195, 0.0012551442685425351, 0.0]","{""Controller Type"": ""MPC Controller"", ""weight_comfort"": 56.448156880375294, ""weight_trajectory"": 1694284.9407196846, ""weight_goal"": 2398485.0789429564, ""Q"": [[1694284.9407196846, 0.0, 0.0, 0.0], [0.0, 0.0, 0.0, 0.0], [0.0, 0.0, 1694284.9407196846, 0.0], [0.0, 0.0, 0.0, 0.0]], ""R"": [[56.448156880375294, 0.0], [0.0, 56.448156880375294]], ""P"": [[2398485.0789429564, 0.0, 0.0, 0.0], [0.0, 239848507.89429563, 0.0, 0.0], [0.0, 0.0, 2398485.0789429564, 0.0], [0.0, 0.0, 0.0, 239848507.89429563]]}","[0.1942761718342115, 0.16255294066265197, 0.0]",False
3,P05,2e6a0a77-88d8-4501-ab04-4d78b67d0190,24,1,haply,mpc,seeded_random,756517391,persist_session,10.0,26.708238420486452,10723.671314674,0,1785938065.5131505,1470.0,True,normal,adaptive,-0.08,0.08,0.0,-0.08,-0.08,0.0,-0.0815888660999999,-0.07942252,0.0,-0.02470254,-0.16861703,0.1878998,5.0111645e-05,7.948965e-05,-0.0043661473,"[19.77931600755653, 36.10766016204793, 0.0, 0.0, 0.0, 0.0, -1.8778785008805206, 5.793424881107109]","[0.1892470796972381, -0.053988117048233156, 0.0]","{""Controller Type"": ""MPC Controller"", ""weight_comfort"": 54.402401505194, ""weight_trajectory"": 1702645.4313970224, ""weight_goal"": 2412797.8441043333, ""Q"": [[1702645.4313970224, 0.0, 0.0, 0.0], [0.0, 0.0, 0.0, 0.0], [0.0, 0.0, 1702645.4313970224, 0.0], [0.0, 0.0, 0.0, 0.0]], ""R"": [[54.402401505194, 0.0], [0.0, 54.402401505194]], ""P"": [[2412797.8441043333, 0.0, 0.0, 0.0], [0.0, 241279784.41043332, 0.0, 0.0], [0.0, 0.0, 2412797.8441043333, 0.0], [0.0, 0.0, 0.0, 241279784.41043332]]}","[0.2757472871765373, -0.014866269108285602, 0.0]",False
3,P05,2e6a0a77-88d8-4501-ab04-4d78b67d0190,24,1,haply,mpc,seeded_random,756517391,persist_session,10.0,26.71811347961426,10723.681195058,0,1785938065.5232854,1471.0,True,normal,adaptive,-0.08,0.08,0.0,-0.08,-0.08,0.0,-0.0815888660999999,-0.07942252,0.0,-0.02470254,-0.16861703,0.1878998,0.00027518385,0.000880113,-0.0030945074,"[19.77931600755653, 36.10766016204793, 0.0, 0.0, 0.0, 0.0, -1.8778785008805206, 5.793424881107109]","[0.031426684685593696, 0.0010844372766884928, 0.0]","{""Controller Type"": ""MPC Controller"", ""weight_comfort"": 54.402401505194, ""weight_trajectory"": 1702645.4313970224, ""weight_goal"": 2412797.8441043333, ""Q"": [[1702645.4313970224, 0.0, 0.0, 0.0], [0.0, 0.0, 0.0, 0.0], [0.0, 0.0, 1702645.4313970224, 0.0], [0.0, 0.0, 0.0, 0.0]], ""R"": [[54.402401505194, 0.0], [0.0, 54.402401505194]], ""P"": [[2412797.8441043333, 0.0, 0.0, 0.0], [0.0, 241279784.41043332, 0.0, 0.0], [0.0, 0.0, 2412797.8441043333, 0.0], [0.0, 0.0, 0.0, 241279784.41043332]]}","[0.2757472871351798, -0.014866269110719624, 0.0]",False
3,P05,2e6a0a77-88d8-4501-ab04-4d78b67d0190,24,1,haply,mpc,seeded_random,756517391,persist_session,10.0,26.727960166931155,10723.691041157,0,1785938065.5332294,1472.0,True,normal,adaptive,-0.08,0.08,0.0,-0.08,-0.08,0.0,-0.0815888660999999,-0.07942252,0.0,-0.02470254,-0.16861703,0.1878998,0.00027518385,0.000880113,-0.0030945074,"[19.745388000911486, 36.10748903998089, 0.0, 0.0, 0.0, 0.0, -1.8778775724328927, 5.7934236910097665]","[0.031399721502386284, 0.0010844370087425654, 0.0]","{""Controller Type"": ""MPC Controller"", ""weight_comfort"": 54.402401505194, ""weight_trajectory"": 1702645.4313970224, ""weight_goal"": 2412797.8441043333, ""Q"": [[1702645.4313970224, 0.0, 0.0, 0.0], [0.0, 0.0, 0.0, 0.0], [0.0, 0.0, 1702645.4313970224, 0.0], [0.0, 0.0, 0.0, 0.0]], ""R"": [[54.402401505194, 0.0], [0.0, 54.402401505194]], ""P"": [[2412797.8441043333, 0.0, 0.0, 0.0], [0.0, 241279784.41043332, 0.0, 0.0], [0.0, 0.0, 2412797.8441043333, 0.0], [0.0, 0.0, 0.0, 241279784.41043332]]}","[0.2757472871351786, -0.01486626911071919, 0.0]",False
3,P05,2e6a0a77-88d8-4501-ab04-4d78b67d0190,24,1,haply,mpc,seeded_random,756517391,persist_session,10.0,26.738529977798464,10723.701611884,0,1785938065.5433693,1473.0,True,normal,adaptive,-0.08,0.08,0.0,-0.08,-0.08,0.0,-0.0815458311,-0.07951628,0.0,-0.02461557,-0.16857955,0.18785274,0.0003302036,0.0010223985,-0.0021485644,"[19.745388000911486, 36.10748903998089, 0.0, 0.0, 0.0, 0.0, -1.8778775724328927, 5.7934236910097665]","[0.03137277762599481, 0.0010844367405285567, 0.0]","{""Controller Type"": ""MPC Controller"", ""weight_comfort"": 54.11995812589413, ""weight_trajectory"": 1708862.6078718994, ""weight_goal"": 2412797.8441043333, ""Q"": [[1708862.6078718994, 0.0, 0.0, 0.0], [0.0, 0.0, 0.0, 0.0], [0.0, 0.0, 1708862.6078718994, 0.0], [0.0, 0.0, 0.0, 0.0]], ""R"": [[54.11995812589413, 0.0], [0.0, 54.11995812589413]], ""P"": [[2412797.8441043333, 0.0, 0.0, 0.0], [0.0, 241279784.41043332, 0.0, 0.0], [0.0, 0.0, 2412797.8441043333, 0.0], [0.0, 0.0, 0.0, 241279784.41043332]]}","[0.1890673450838108, 0.1601757101241366, 0.0]",False
3,P05,2e6a0a77-88d8-4501-ab04-4d78b67d0190,24,1,haply,mpc,seeded_random,756517391,persist_session,10.0,26.748489913940432,10723.711563787,0,1785938065.5531857,1474.0,True,normal,adaptive,-0.08,0.08,0.0,-0.08,-0.08,0.0,-0.0813279561,-0.07951664,0.0,-0.02461557,-0.16857955,0.18785274,0.00037346542,0.0011139228,-0.0019072023,"[20.356247423438226, 36.438927436306734, 0.0, 0.0, 0.0, 0.0, -1.885432081176926, 5.813974644553019]","[0.8357935327378624, 0.0006981248625442156, 0.0]","{""Controller Type"": ""MPC Controller"", ""weight_comfort"": 54.11995812589413, ""weight_trajectory"": 1708862.6078718994, ""weight_goal"": 2412797.8441043333, ""Q"": [[1708862.6078718994, 0.0, 0.0, 0.0], [0.0, 0.0, 0.0, 0.0], [0.0, 0.0, 1708862.6078718994, 0.0], [0.0, 0.0, 0.0, 0.0]], ""R"": [[54.11995812589413, 0.0], [0.0, 54.11995812589413]], ""P"": [[2412797.8441043333, 0.0, 0.0, 0.0], [0.0, 241279784.41043332, 0.0, 0.0], [0.0, 0.0, 2412797.8441043333, 0.0], [0.0, 0.0, 0.0, 241279784.41043332]]}","[-0.18386925711066354, -0.011753409337024411, 0.0]",False
3,P05,2e6a0a77-88d8-4501-ab04-4d78b67d0190,24,1,haply,mpc,seeded_random,756517391,persist_session,10.0,26.75848465919495,10723.721567754,0,1785938065.5631795,1475.0,True,normal,adaptive,-0.08,0.08,0.0,-0.08,-0.08,0.0,-0.0813279561,-0.07951664,0.0,-0.024601256,-0.16853128,0.1878059,0.00040639748,0.0011867053,-0.0017450651,"[19.340702639289407, 36.434360455951335, 0.0, 0.0, 0.0, 0.0, -1.8854330728571582, 5.813975915559605]","[0.8357935327378624, 0.0006981248625442156, 0.0]","{""Controller Type"": ""MPC Controller"", ""weight_comfort"": 54.11995812589413, ""weight_trajectory"": 1708862.6078718994, ""weight_goal"": 2412797.8441043333, ""Q"": [[1708862.6078718994, 0.0, 0.0, 0.0], [0.0, 0.0, 0.0, 0.0], [0.0, 0.0, 1708862.6078718994, 0.0], [0.0, 0.0, 0.0, 0.0]], ""R"": [[54.11995812589413, 0.0], [0.0, 54.11995812589413]], ""P"": [[2412797.8441043333, 0.0, 0.0, 0.0], [0.0, 241279784.41043332, 0.0, 0.0], [0.0, 0.0, 2412797.8441043333, 0.0], [0.0, 0.0, 0.0, 241279784.41043332]]}","[0.2304846368301738, -0.012438056046511747, 0.0]",False
3,P05,2e6a0a77-88d8-4501-ab04-4d78b67d0190,24,1,haply,mpc,seeded_random,756517391,persist_session,10.0,26.76794177055359,10723.731028506,0,1785938065.573254,1476.0,True,normal,adaptive,-0.08,0.08,0.0,-0.08,-0.08,0.0,-0.0812850141,-0.07961032,0.0,-0.024601256,-0.16853128,0.1878059,0.00040639748,0.0011867053,-0.0017450651,"[19.44850563204782, 36.44952416169864, 0.0, 0.0, 0.0, 0.0, -1.8928959283517537, 5.834682054872694]","[0.02568360404813046, 0.0009113429300961877, 0.0]","{""Controller Type"": ""MPC Controller"", ""weight_comfort"": 51.393783722339215, ""weight_trajectory"": 1733600.3569404806, ""weight_goal"": 2426896.0938087227, ""Q"": [[1733600.3569404806, 0.0, 0.0, 0.0], [0.0, 0.0, 0.0, 0.0], [0.0, 0.0, 1733600.3569404806, 0.0], [0.0, 0.0, 0.0, 0.0]], ""R"": [[51.393783722339215, 0.0], [0.0, 51.393783722339215]], ""P"": [[2426896.0938087227, 0.0, 0.0, 0.0], [0.0, 242689609.38087228, 0.0, 0.0], [0.0, 0.0, 2426896.0938087227, 0.0], [0.0, 0.0, 0.0, 242689609.38087228]]}","[0.1435593118947408, 0.16364029687205386, 0.0]",False
3,P05,2e6a0a77-88d8-4501-ab04-4d78b67d0190,24,1,haply,mpc,seeded_random,756517391,persist_session,10.0,26.77802854537964,10723.741120522,0,1785938065.583657,1477.0,True,normal,adaptive,-0.08,0.08,0.0,-0.08,-0.08,0.0,-0.0812850141,-0.07961032,0.0,-0.02458692,-0.16848293,0.18775907,0.00041148544,0.0012257801,-0.001499325,"[19.25829715033079, 36.44868377786065, 0.0, 0.0, 0.0, 0.0, -1.893155288822093, 5.835014431041612]","[0.024747183380164798, 0.0007377247529481733, 0.0]","{""Controller Type"": ""MPC Controller"", ""weight_comfort"": 51.393783722339215, ""weight_trajectory"": 1733600.3569404806, ""weight_goal"": 2426896.0938087227, ""Q"": [[1733600.3569404806, 0.0, 0.0, 0.0], [0.0, 0.0, 0.0, 0.0], [0.0, 0.0, 1733600.3569404806, 0.0], [0.0, 0.0, 0.0, 0.0]], ""R"": [[51.393783722339215, 0.0], [0.0, 51.393783722339215]], ""P"": [[2426896.0938087227, 0.0, 0.0, 0.0], [0.0, 242689609.38087228, 0.0, 0.0], [0.0, 0.0, 2426896.0938087227, 0.0], [0.0, 0.0, 0.0, 242689609.38087228]]}","[0.22315640289685915, -0.010004514388610228, 0.0]",False
3,P05,2e6a0a77-88d8-4501-ab04-4d78b67d0190,24,1,haply,mpc,seeded_random,756517391,persist_session,10.0,26.78789216041565,10723.750979742,0,1785938065.593428,1478.0,True,normal,adaptive,-0.08,0.08,0.0,-0.08,-0.08,0.0,-0.0812420061,-0.07970398,0.0,-0.02458692,-0.16848293,0.18775907,0.00041148544,0.0012257801,-0.001499325,"[19.372619613933836, 36.46582289441404, 0.0, 0.0, 0.0, 0.0, -1.9014309146630937, 5.857866729857471]","[0.024747183380164798, 0.0007377247529481733, 0.0]","{""Controller Type"": ""MPC Controller"", ""weight_comfort"": 51.393783722339215, ""weight_trajectory"": 1733600.3569404806, ""weight_goal"": 2426896.0938087227, ""Q"": [[1733600.3569404806, 0.0, 0.0, 0.0], [0.0, 0.0, 0.0, 0.0], [0.0, 0.0, 1733600.3569404806, 0.0], [0.0, 0.0, 0.0, 0.0]], ""R"": [[51.393783722339215, 0.0], [0.0, 51.393783722339215]], ""P"": [[2426896.0938087227, 0.0, 0.0, 0.0], [0.0, 242689609.38087228, 0.0, 0.0], [0.0, 0.0, 2426896.0938087227, 0.0], [0.0, 0.0, 0.0, 242689609.38087228]]}","[0.13349195898493366, 0.17140258781456708, 0.0]",False
3,P05,2e6a0a77-88d8-4501-ab04-4d78b67d0190,24,1,haply,mpc,seeded_random,756517391,persist_session,10.0,26.79799824714661,10723.76108891,0,1785938065.6032317,1479.0,True,normal,adaptive,-0.08,0.08,0.0,-0.08,-0.08,0.0,-0.0812420061,-0.07970398,0.0,-0.02458692,-0.16848293,0.18775907,0.00040817205,0.0012937333,-0.001412848,"[19.17238756060412, 36.46495402087793, 0.0, 0.0, 0.0, 0.0, -1.9016468939300484, 5.858143477796043]","[0.18456696799182407, -0.055587143383685554, 0.0]","{""Controller Type"": ""MPC Controller"", ""weight_comfort"": 47.17482605003247, ""weight_trajectory"": 1754421.7838723524, ""weight_goal"": 2455708.483790875, ""Q"": [[1754421.7838723524, 0.0, 0.0, 0.0], [0.0, 0.0, 0.0, 0.0], [0.0, 0.0, 1754421.7838723524, 0.0], [0.0, 0.0, 0.0, 0.0]], ""R"": [[47.17482605003247, 0.0], [0.0, 47.17482605003247]], ""P"": [[2455708.483790875, 0.0, 0.0, 0.0], [0.0, 245570848.3790875, 0.0, 0.0], [0.0, 0.0, 2455708.483790875, 0.0], [0.0, 0.0, 0.0, 245570848.3790875]]}","[0.21585131523284198, -0.007576055222854427, 0.0]",False
3,P05,2e6a0a77-88d8-4501-ab04-4d78b67d0190,24,1,haply,mpc,seeded_random,756517391,persist_session,10.0,26.808354434967043,10723.771441634,0,1785938065.613459,1480.0,True,normal,adaptive,-0.08,0.08,0.0,-0.08,-0.08,0.0,-0.0812420061,-0.07970398,0.0,-0.02458692,-0.16848293,0.18775907,0.0004073935,0.0013124826,-0.0013898677,"[19.162303281377408, 36.46491026183334, 0.0, 0.0, 0.0, 0.0, -1.901646769386886, 5.8581433182109865]","[0.023799697565520722, 0.0005629254766738947, 0.0]","{""Controller Type"": ""MPC Controller"", ""weight_comfort"": 47.17482605003247, ""weight_trajectory"": 1754421.7838723524, ""weight_goal"": 2455708.483790875, ""Q"": [[1754421.7838723524, 0.0, 0.0, 0.0], [0.0, 0.0, 0.0, 0.0], [0.0, 0.0, 1754421.7838723524, 0.0], [0.0, 0.0, 0.0, 0.0]], ""R"": [[47.17482605003247, 0.0], [0.0, 47.17482605003247]], ""P"": [[2455708.483790875, 0.0, 0.0, 0.0], [0.0, 245570848.3790875, 0.0, 0.0], [0.0, 0.0, 2455708.483790875, 0.0], [0.0, 0.0, 0.0, 245570848.3790875]]}","[0.2158513152063103, -0.007576055218508291, 0.0]",False
3,P05,2e6a0a77-88d8-4501-ab04-4d78b67d0190,24,1,haply,mpc,seeded_random,756517391,persist_session,10.0,26.817966518402102,10723.781057844,0,1785938065.6235642,1481.0,True,normal,adaptive,-0.08,0.08,0.0,-0.08,-0.08,0.0,-0.0812420061,-0.07970398,0.0,-0.02458692,-0.16848293,0.18775907,0.0004073935,0.0013124826,-0.0013898677,"[19.15221952636447, 36.46486650506348, 0.0, 0.0, 0.0, 0.0, -1.901646644719072, 5.8581431584662065]","[0.023799697565520722, 0.0005629254766738947, 0.0]","{""Controller Type"": ""MPC Controller"", ""weight_comfort"": 47.17482605003247, ""weight_trajectory"": 1754421.7838723524, ""weight_goal"": 2455708.483790875, ""Q"": [[1754421.7838723524, 0.0, 0.0, 0.0], [0.0, 0.0, 0.0, 0.0], [0.0, 0.0, 1754421.7838723524, 0.0], [0.0, 0.0, 0.0, 0.0]], ""R"": [[47.17482605003247, 0.0], [0.0, 47.17482605003247]], ""P"": [[2455708.483790875, 0.0, 0.0, 0.0], [0.0, 245570848.3790875, 0.0, 0.0], [0.0, 0.0, 2455708.483790875, 0.0], [0.0, 0.0, 0.0, 245570848.3790875]]}","[0.21585131520630774, -0.007576055218508127, 0.0]",False
3,P05,2e6a0a77-88d8-4501-ab04-4d78b67d0190,24,1,haply,mpc,seeded_random,756517391,persist_session,10.0,26.828385887146,10723.791470278,0,1785938065.6333916,1482.0,True,normal,adaptive,-0.08,0.08,0.0,-0.08,-0.08,0.0,-0.0812420061,-0.07970398,0.0,-0.02458692,-0.16848293,0.18775907,0.00040674268,0.0013281566,-0.001370657,"[19.142136300570954, 36.46482275059009, 0.0, 0.0, 0.0, 0.0, -1.901646519926482, 5.858142998561543]","[0.023774650052340526, 0.000562925402828626, 0.0]","{""Controller Type"": ""MPC Controller"", ""weight_comfort"": 46.98323657350817, ""weight_trajectory"": 1759284.0458244374, ""weight_goal"": 2455708.483790875, ""Q"": [[1759284.0458244374, 0.0, 0.0, 0.0], [0.0, 0.0, 0.0, 0.0], [0.0, 0.0, 1759284.0458244374, 0.0], [0.0, 0.0, 0.0, 0.0]], ""R"": [[46.98323657350817, 0.0], [0.0, 46.98323657350817]], ""P"": [[2455708.483790875, 0.0, 0.0, 0.0], [0.0, 245570848.3790875, 0.0, 0.0], [0.0, 0.0, 2455708.483790875, 0.0], [0.0, 0.0, 0.0, 245570848.3790875]]}","[0.21585131520630774, -0.007576055218508127, 0.0]",False
3,P05,2e6a0a77-88d8-4501-ab04-4d78b67d0190,24,1,haply,mpc,seeded_random,756517391,persist_session,10.0,26.838256416320803,10723.80132758,0,1785938065.6431675,1483.0,True,normal,adaptive,-0.08,0.08,0.0,-0.08,-0.08,0.0,-0.0812420061,-0.07970398,0.0,-0.02458692,-0.16848293,0.18775907,0.00031286542,0.0010241983,-0.0010518358,"[19.142136300570954, 36.46482275059009, 0.0, 0.0, 0.0, 0.0, -1.901646519926482, 5.858142998561543]","[0.023774650052340526, 0.000562925402828626, 0.0]","{""Controller Type"": ""MPC Controller"", ""weight_comfort"": 46.98323657350817, ""weight_trajectory"": 1759284.0458244374, ""weight_goal"": 2455708.483790875, ""Q"": [[1759284.0458244374, 0.0, 0.0, 0.0], [0.0, 0.0, 0.0, 0.0], [0.0, 0.0, 1759284.0458244374, 0.0], [0.0, 0.0, 0.0, 0.0]], ""R"": [[46.98323657350817, 0.0], [0.0, 46.98323657350817]], ""P"": [[2455708.483790875, 0.0, 0.0, 0.0], [0.0, 245570848.3790875, 0.0, 0.0], [0.0, 0.0, 2455708.483790875, 0.0], [0.0, 0.0, 0.0, 245570848.3790875]]}","[0.21586253110946205, -0.007574538203027284, 0.0]",False
3,P05,2e6a0a77-88d8-4501-ab04-4d78b67d0190,24,1,haply,mpc,seeded_random,756517391,persist_session,10.0,26.848120031356814,10723.811201855,0,1785938065.653183,1484.0,True,normal,adaptive,-0.08,0.08,0.0,-0.08,-0.08,0.0,-0.0812420061,-0.07970398,0.0,-0.02458692,-0.16848293,0.18775907,0.00016003943,0.00052390626,-0.0005380436,"[19.13205360900146, 36.464778998434866, 0.0, 0.0, 0.0, 0.0, -1.9016463950089908, 5.8581428384968355]","[0.023762127287906793, 0.0005629253658505502, 0.0]","{""Controller Type"": ""MPC Controller"", ""weight_comfort"": 46.98323657350817, ""weight_trajectory"": 1759284.0458244374, ""weight_goal"": 2455708.483790875, ""Q"": [[1759284.0458244374, 0.0, 0.0, 0.0], [0.0, 0.0, 0.0, 0.0], [0.0, 0.0, 1759284.0458244374, 0.0], [0.0, 0.0, 0.0, 0.0]], ""R"": [[46.98323657350817, 0.0], [0.0, 46.98323657350817]], ""P"": [[2455708.483790875, 0.0, 0.0, 0.0], [0.0, 245570848.3790875, 0.0, 0.0], [0.0, 0.0, 2455708.483790875, 0.0], [0.0, 0.0, 0.0, 245570848.3790875]]}","[0.2158625311094621, -0.007574538203029147, 0.0]",False
3,P05,2e6a0a77-88d8-4501-ab04-4d78b67d0190,24,1,haply,mpc,seeded_random,756517391,persist_session,10.0,26.85824447631836,10723.821332726,0,1785938065.6633065,1485.0,True,normal,adaptive,-0.08,0.08,0.0,-0.08,-0.08,0.0,-0.0812420061,-0.07970398,0.0,-0.02458692,-0.16848293,0.18775907,0.00011628685,0.00038067752,-0.00039094983,"[19.1118898485476, 36.464691501165795, 0.0, 0.0, 0.0, 0.0, -1.9016461447988051, 5.858142517886648]","[0.02374960519319698, 0.0005629253288354642, 0.0]","{""Controller Type"": ""MPC Controller"", ""weight_comfort"": 46.95694317553684, ""weight_trajectory"": 1759951.333980689, ""weight_goal"": 2455708.483790875, ""Q"": [[1759951.333980689, 0.0, 0.0, 0.0], [0.0, 0.0, 0.0, 0.0], [0.0, 0.0, 1759951.333980689, 0.0], [0.0, 0.0, 0.0, 0.0]], ""R"": [[46.95694317553684, 0.0], [0.0, 46.95694317553684]], ""P"": [[2455708.483790875, 0.0, 0.0, 0.0], [0.0, 245570848.3790875, 0.0, 0.0], [0.0, 0.0, 2455708.483790875, 0.0], [0.0, 0.0, 0.0, 245570848.3790875]]}","[0.21586406590525822, -0.00757433059355608, 0.0]",False
3,P05,2e6a0a77-88d8-4501-ab04-4d78b67d0190,24,1,haply,mpc,seeded_random,756517391,persist_session,10.0,26.868001279830935,10723.831086621,0,1785938065.6736803,1486.0,True,normal,adaptive,-0.08,0.08,0.0,-0.08,-0.08,0.0,-0.0812420061,-0.07970398,0.0,-0.02458692,-0.16848293,0.18775907,8.402593e-05,0.00027506784,-0.00028249028,"[19.101808789667068, 36.46464775609535, 0.0, 0.0, 0.0, 0.0, -1.9016460195058602, 5.858142357340848]","[0.02372456303780008, 0.0005629252546941135, 0.0]","{""Controller Type"": ""MPC Controller"", ""weight_comfort"": 46.95694317553684, ""weight_trajectory"": 1759951.333980689, ""weight_goal"": 2455708.483790875, ""Q"": [[1759951.333980689, 0.0, 0.0, 0.0], [0.0, 0.0, 0.0, 0.0], [0.0, 0.0, 1759951.333980689, 0.0], [0.0, 0.0, 0.0, 0.0]], ""R"": [[46.95694317553684, 0.0], [0.0, 46.95694317553684]], ""P"": [[2455708.483790875, 0.0, 0.0, 0.0], [0.0, 245570848.3790875, 0.0, 0.0], [0.0, 0.0, 2455708.483790875, 0.0], [0.0, 0.0, 0.0, 245570848.3790875]]}","[0.21586406590525745, -0.007574330593555981, 0.0]",False
3,P05,2e6a0a77-88d8-4501-ab04-4d78b67d0190,24,1,haply,mpc,seeded_random,756517391,persist_session,10.0,26.878095207214358,10723.841186492,0,1785938065.6835663,1487.0,True,normal,adaptive,-0.08,0.08,0.0,-0.08,-0.08,0.0,-0.0812420061,-0.07970398,0.0,-0.02458692,-0.16848293,0.18775907,6.149479e-05,0.00020130978,-0.0002067419,"[19.091728285018203, 36.464604013429906, 0.0, 0.0, 0.0, 0.0, -1.9016458940875134, 5.858142196634363]","[0.023712042989535113, 0.0005629252175677744, 0.0]","{""Controller Type"": ""MPC Controller"", ""weight_comfort"": 46.95694317553684, ""weight_trajectory"": 1759951.333980689, ""weight_goal"": 2455708.483790875, ""Q"": [[1759951.333980689, 0.0, 0.0, 0.0], [0.0, 0.0, 0.0, 0.0], [0.0, 0.0, 1759951.333980689, 0.0], [0.0, 0.0, 0.0, 0.0]], ""R"": [[46.95694317553684, 0.0], [0.0, 46.95694317553684]], ""P"": [[2455708.483790875, 0.0, 0.0, 0.0], [0.0, 245570848.3790875, 0.0, 0.0], [0.0, 0.0, 2455708.483790875, 0.0], [0.0, 0.0, 0.0, 245570848.3790875]]}","[0.21586406590525584, -0.007574330593555794, 0.0]",False
3,P05,2e6a0a77-88d8-4501-ab04-4d78b67d0190,24,1,haply,mpc,seeded_random,756517391,persist_session,10.0,26.888069210052493,10723.851155877,0,1785938065.693358,1488.0,True,normal,adaptive,-0.08,0.08,0.0,-0.08,-0.08,0.0,-0.0812420061,-0.07970398,0.0,-0.024572585,-0.16843455,0.18771225,4.3338612e-05,0.00014187358,-0.00014570192,"[19.08164833960018, 36.46456027319115, 0.0, 0.0, 0.0, 0.0, -1.9016457685436392, 5.858142035767031]","[0.023712042989535113, 0.0005629252175677744, 0.0]","{""Controller Type"": ""MPC Controller"", ""weight_comfort"": 46.93065403527596, ""weight_trajectory"": 1760618.5140824483, ""weight_goal"": 2455708.483790875, ""Q"": [[1760618.5140824483, 0.0, 0.0, 0.0], [0.0, 0.0, 0.0, 0.0], [0.0, 0.0, 1760618.5140824483, 0.0], [0.0, 0.0, 0.0, 0.0]], ""R"": [[46.93065403527596, 0.0], [0.0, 46.93065403527596]], ""P"": [[2455708.483790875, 0.0, 0.0, 0.0], [0.0, 245570848.3790875, 0.0, 0.0], [0.0, 0.0, 2455708.483790875, 0.0], [0.0, 0.0, 0.0, 245570848.3790875]]}","[0.21586559938121136, -0.00757412315791826, 0.0]",False
3,P05,2e6a0a77-88d8-4501-ab04-4d78b67d0190,24,1,haply,mpc,seeded_random,756517391,persist_session,10.0,26.898215589523318,10723.861308901,0,1785938065.7032185,1489.0,True,normal,adaptive,-0.08,0.08,0.0,-0.08,-0.08,0.0,-0.0811990011,-0.07979762,0.0,-0.024572585,-0.16843455,0.18771225,8.127543e-05,0.00027109007,-0.00026830542,"[19.19021730618867, 36.48133334700172, 0.0, 0.0, 0.0, 0.0, -1.9098363165153136, 5.8806673283820725]","[0.1821163640484065, -0.055459014200929746, 0.0]","{""Controller Type"": ""MPC Controller"", ""weight_comfort"": 46.93065403527596, ""weight_trajectory"": 1760618.5140824483, ""weight_goal"": 2455708.483790875, ""Q"": [[1760618.5140824483, 0.0, 0.0, 0.0], [0.0, 0.0, 0.0, 0.0], [0.0, 0.0, 1760618.5140824483, 0.0], [0.0, 0.0, 0.0, 0.0]], ""R"": [[46.93065403527596, 0.0], [0.0, 46.93065403527596]], ""P"": [[2455708.483790875, 0.0, 0.0, 0.0], [0.0, 245570848.3790875, 0.0, 0.0], [0.0, 0.0, 2455708.483790875, 0.0], [0.0, 0.0, 0.0, 245570848.3790875]]}","[0.12691141809359882, 0.17224044733180544, 0.0]",False
3,P05,2e6a0a77-88d8-4501-ab04-4d78b67d0190,24,1,haply,mpc,seeded_random,756517391,persist_session,10.0,26.90868693351746,10723.871775458,0,1785938065.713351,1490.0,True,normal,adaptive,-0.08,0.08,0.0,-0.08,-0.08,0.0,-0.0811990011,-0.07979762,0.0,-0.024572585,-0.16843455,0.18771225,8.127543e-05,0.00027109007,-0.00026830542,"[19.00395002439694, 36.48053928125623, 0.0, 0.0, 0.0, 0.0, -1.9099794289315455, 5.880850684705793]","[0.022785756983596948, 0.0003865416368271435, 0.0]","{""Controller Type"": ""MPC Controller"", ""weight_comfort"": 46.93065403527596, ""weight_trajectory"": 1760618.5140824483, ""weight_goal"": 2455708.483790875, ""Q"": [[1760618.5140824483, 0.0, 0.0, 0.0], [0.0, 0.0, 0.0, 0.0], [0.0, 0.0, 1760618.5140824483, 0.0], [0.0, 0.0, 0.0, 0.0]], ""R"": [[46.93065403527596, 0.0], [0.0, 46.93065403527596]], ""P"": [[2455708.483790875, 0.0, 0.0, 0.0], [0.0, 245570848.3790875, 0.0, 0.0], [0.0, 0.0, 2455708.483790875, 0.0], [0.0, 0.0, 0.0, 245570848.3790875]]}","[0.12691141809359882, 0.17224044733180544, 0.0]",False
3,P05,2e6a0a77-88d8-4501-ab04-4d78b67d0190,24,1,haply,mpc,seeded_random,756517391,persist_session,10.0,26.918317375183108,10723.881394546,0,1785938065.723188,1491.0,True,normal,adaptive,-0.08,0.08,0.0,-0.08,-0.08,0.0,-0.0809813841,-0.0797979799999999,0.0,-0.024500046,-0.16844532,0.18771207,0.00015151028,0.0003889055,-0.00038563547,"[19.00395002439694, 36.48053928125623, 0.0, 0.0, 0.0, 0.0, -1.9099794289315455, 5.880850684705793]","[0.022785756983596948, 0.0003865416368271435, 0.0]","{""Controller Type"": ""MPC Controller"", ""weight_comfort"": 44.736995288049876, ""weight_trajectory"": 1773431.966433718, ""weight_goal"": 2470176.5577284573, ""Q"": [[1773431.966433718, 0.0, 0.0, 0.0], [0.0, 0.0, 0.0, 0.0], [0.0, 0.0, 1773431.966433718, 0.0], [0.0, 0.0, 0.0, 0.0]], ""R"": [[44.736995288049876, 0.0], [0.0, 44.736995288049876]], ""P"": [[2470176.5577284573, 0.0, 0.0, 0.0], [0.0, 247017655.77284572, 0.0, 0.0], [0.0, 0.0, 2470176.5577284573, 0.0], [0.0, 0.0, 0.0, 247017655.77284572]]}","[-0.24274835106561138, -0.0044744784937412255, 0.0]",False
3,P05,2e6a0a77-88d8-4501-ab04-4d78b67d0190,24,1,haply,mpc,seeded_random,756517391,persist_session,10.0,26.9278994178772,10723.890993597,0,1785938065.733419,1492.0,True,normal,adaptive,-0.08,0.08,0.0,-0.08,-0.08,0.0,-0.0809813841,-0.0797979799999999,0.0,-0.024500046,-0.16844532,0.18771207,0.00028852216,0.00046441428,-0.0004735264,"[19.525121532898247, 36.93251800919852, 0.0, 0.0, 0.0, 0.0, -1.9099789728504644, 5.880850299497649]","[0.8362009387605432, 0.00017063335499199492, 0.0]","{""Controller Type"": ""MPC Controller"", ""weight_comfort"": 44.736995288049876, ""weight_trajectory"": 1773431.966433718, ""weight_goal"": 2470176.5577284573, ""Q"": [[1773431.966433718, 0.0, 0.0, 0.0], [0.0, 0.0, 0.0, 0.0], [0.0, 0.0, 1773431.966433718, 0.0], [0.0, 0.0, 0.0, 0.0]], ""R"": [[44.736995288049876, 0.0], [0.0, 44.736995288049876]], ""P"": [[2470176.5577284573, 0.0, 0.0, 0.0], [0.0, 247017655.77284572, 0.0, 0.0], [0.0, 0.0, 2470176.5577284573, 0.0], [0.0, 0.0, 0.0, 247017655.77284572]]}","[0.17063589034368973, -0.005158332820787475, 0.0]",False
3,P05,2e6a0a77-88d8-4501-ab04-4d78b67d0190,24,1,haply,mpc,seeded_random,756517391,persist_session,10.0,26.938257513046267,10723.901347696,0,1785938065.7433057,1493.0,True,normal,adaptive,-0.08,0.08,0.0,-0.08,-0.08,0.0,-0.0807207891,-0.07989194,0.0,-0.024413181,-0.16840771,0.18766509,0.0004747392,0.0005433766,-0.0005715521,"[18.790708821957484, 36.929636922277936, 0.0, 0.0, 0.0, 0.0, -1.9099794604491995, 5.880850924211524]","[0.018440902865598734, 0.0003858540505999684, 0.0]","{""Controller Type"": ""MPC Controller"", ""weight_comfort"": 44.736995288049876, ""weight_trajectory"": 1773431.966433718, ""weight_goal"": 2470176.5577284573, ""Q"": [[1773431.966433718, 0.0, 0.0, 0.0], [0.0, 0.0, 0.0, 0.0], [0.0, 0.0, 1773431.966433718, 0.0], [0.0, 0.0, 0.0, 0.0]], ""R"": [[44.736995288049876, 0.0], [0.0, 44.736995288049876]], ""P"": [[2470176.5577284573, 0.0, 0.0, 0.0], [0.0, 247017655.77284572, 0.0, 0.0], [0.0, 0.0, 2470176.5577284573, 0.0], [0.0, 0.0, 0.0, 247017655.77284572]]}","[-0.3672045712116549, 0.17483153547247987, 0.0]",False
3,P05,2e6a0a77-88d8-4501-ab04-4d78b67d0190,24,1,haply,mpc,seeded_random,756517391,persist_session,10.0,26.9479292011261,10723.911021545,0,1785938065.7534523,1494.0,True,normal,adaptive,-0.08,0.08,0.0,-0.08,-0.08,0.0,-0.0806778740999999,-0.07998546,0.0,-0.024384579,-0.16831093,0.18757163,0.0008650921,0.0010811919,-0.0011212728,"[18.70090508598412, 37.415607859766446, 0.0, 0.0, 0.0, 0.0, -1.9175129687917218, 5.90149086171896]","[0.17092572880835563, -0.05436535969074311, 0.0]","{""Controller Type"": ""MPC Controller"", ""weight_comfort"": 42.18643729406162, ""weight_trajectory"": 1797404.5528249454, ""weight_goal"": 2484397.1327305203, ""Q"": [[1797404.5528249454, 0.0, 0.0, 0.0], [0.0, 0.0, 0.0, 0.0], [0.0, 0.0, 1797404.5528249454, 0.0], [0.0, 0.0, 0.0, 0.0]], ""R"": [[42.18643729406162, 0.0], [0.0, 42.18643729406162]], ""P"": [[2484397.1327305203, 0.0, 0.0, 0.0], [0.0, 248439713.27305204, 0.0, 0.0], [0.0, 0.0, 2484397.1327305203, 0.0], [0.0, 0.0, 0.0, 248439713.27305204]]}","[0.038868458442928994, 0.1719097442649016, 0.0]",False
3,P05,2e6a0a77-88d8-4501-ab04-4d78b67d0190,24,1,haply,mpc,seeded_random,756517391,persist_session,10.0,26.958241043090823,10723.921326799,0,1785938065.763459,1495.0,True,normal,adaptive,-0.08,0.08,0.0,-0.08,-0.08,0.0,-0.0806349831,-0.08007886,0.0,-0.024384579,-0.16831093,0.18757163,0.0008650921,0.0010811919,-0.0011212728,"[18.70090508598412, 37.415607859766446, 0.0, 0.0, 0.0, 0.0, -1.9175129687917218, 5.90149086171896]","[0.17092572880835563, -0.05436535969074311, 0.0]","{""Controller Type"": ""MPC Controller"", ""weight_comfort"": 42.18643729406162, ""weight_trajectory"": 1797404.5528249454, ""weight_goal"": 2484397.1327305203, ""Q"": [[1797404.5528249454, 0.0, 0.0, 0.0], [0.0, 0.0, 0.0, 0.0], [0.0, 0.0, 1797404.5528249454, 0.0], [0.0, 0.0, 0.0, 0.0]], ""R"": [[42.18643729406162, 0.0], [0.0, 42.18643729406162]], ""P"": [[2484397.1327305203, 0.0, 0.0, 0.0], [0.0, 248439713.27305204, 0.0, 0.0], [0.0, 0.0, 2484397.1327305203, 0.0], [0.0, 0.0, 0.0, 248439713.27305204]]}","[0.03034643840508268, 0.1881752417985118, 0.0]",False
3,P05,2e6a0a77-88d8-4501-ab04-4d78b67d0190,24,1,haply,mpc,seeded_random,756517391,persist_session,10.0,26.96804171562195,10723.931116024,0,1785938065.7732668,1496.0,True,normal,adaptive,-0.08,0.08,0.0,-0.08,-0.08,0.0,-0.0803746581,-0.08017268,0.0,-0.024297804,-0.16827318,0.18752472,0.0011115238,0.0015128729,-0.0015534548,"[18.86632356001272, 37.880161087704, 0.0, 0.0, 0.0, 0.0, -1.9168033268585367, 5.899566609413866]","[0.17217947016115537, -0.0552243132526464, 0.0]","{""Controller Type"": ""MPC Controller"", ""weight_comfort"": 42.18643729406162, ""weight_trajectory"": 1797404.5528249454, ""weight_goal"": 2484397.1327305203, ""Q"": [[1797404.5528249454, 0.0, 0.0, 0.0], [0.0, 0.0, 0.0, 0.0], [0.0, 0.0, 1797404.5528249454, 0.0], [0.0, 0.0, 0.0, 0.0]], ""R"": [[42.18643729406162, 0.0], [0.0, 42.18643729406162]], ""P"": [[2484397.1327305203, 0.0, 0.0, 0.0], [0.0, 248439713.27305204, 0.0, 0.0], [0.0, 0.0, 2484397.1327305203, 0.0], [0.0, 0.0, 0.0, 248439713.27305204]]}","[-0.43093065958027593, 0.20883325528202254, 0.0]",False
3,P05,2e6a0a77-88d8-4501-ab04-4d78b67d0190,24,1,haply,mpc,seeded_random,756517391,persist_session,10.0,26.978058872222903,10723.9411498,0,1785938065.7831216,1497.0,True,normal,adaptive,-0.08,0.08,0.0,-0.08,-0.08,0.0,-0.0803317851,-0.08026602,0.0,-0.024269216,-0.16817628,0.1874314,0.0016517559,0.002175348,-0.0022374494,"[18.577223714075544, 37.730751880100215, 0.0, 0.0, 0.0, 0.0, -1.916182324511899, 5.897893187658731]","[1.0125056963975627, -0.056765252396994884, 0.0]","{""Controller Type"": ""MPC Controller"", ""weight_comfort"": 39.31950854688271, ""weight_trajectory"": 1824055.5730807052, ""weight_goal"": 2501000.0, ""Q"": [[1824055.5730807052, 0.0, 0.0, 0.0], [0.0, 0.0, 0.0, 0.0], [0.0, 0.0, 1824055.5730807052, 0.0], [0.0, 0.0, 0.0, 0.0]], ""R"": [[39.31950854688271, 0.0], [0.0, 39.31950854688271]], ""P"": [[2501000.0, 0.0, 0.0, 0.0], [0.0, 250100000.0, 0.0, 0.0], [0.0, 0.0, 2501000.0, 0.0], [0.0, 0.0, 0.0, 250100000.0]]}","[-0.023589531431514953, 0.22338211681085565, 0.0]",False
3,P05,2e6a0a77-88d8-4501-ab04-4d78b67d0190,24,1,haply,mpc,seeded_random,756517391,persist_session,10.0,26.988394556045535,10723.951477962,0,1785938065.7935133,1498.0,True,normal,adaptive,-0.08,0.08,0.0,-0.08,-0.08,0.0,-0.0802888941,-0.08035932,0.0,-0.024269216,-0.16817628,0.1874314,0.0022769454,0.0023483336,-0.0024821842,"[18.558171887718498, 37.720069259093655, 0.0, 0.0, 0.0, 0.0, -1.9152710211412745, 5.8954491379772005]","[0.17031021260776755, -0.05637183140069204, 0.0]","{""Controller Type"": ""MPC Controller"", ""weight_comfort"": 39.31950854688271, ""weight_trajectory"": 1824055.5730807052, ""weight_goal"": 2501000.0, ""Q"": [[1824055.5730807052, 0.0, 0.0, 0.0], [0.0, 0.0, 0.0, 0.0], [0.0, 0.0, 1824055.5730807052, 0.0], [0.0, 0.0, 0.0, 0.0]], ""R"": [[39.31950854688271, 0.0], [0.0, 39.31950854688271]], ""P"": [[2501000.0, 0.0, 0.0, 0.0], [0.0, 250100000.0, 0.0, 0.0], [0.0, 0.0, 2501000.0, 0.0], [0.0, 0.0, 0.0, 250100000.0]]}","[-0.0268846141375898, 0.2303996793774675, 0.0]",False
3,P05,2e6a0a77-88d8-4501-ab04-4d78b67d0190,24,1,haply,mpc,seeded_random,756517391,persist_session,10.0,26.99841099739075,10723.961491913,0,1785938065.8036067,1499.0,True,normal,adaptive,-0.08,0.08,0.0,-0.08,-0.08,0.0,-0.0802888941,-0.08035932,0.0,-0.024269216,-0.16817628,0.1874314,0.0022769454,0.0023483336,-0.0024821842,"[18.51685579587935, 37.719932089376094, 0.0, 0.0, 0.0, 0.0, -1.9150275546133104, 5.895137439379235]","[0.005349410389980206, -0.0006881077009236742, 0.0]","{""Controller Type"": ""MPC Controller"", ""weight_comfort"": 39.31950854688271, ""weight_trajectory"": 1824055.5730807052, ""weight_goal"": 2501000.0, ""Q"": [[1824055.5730807052, 0.0, 0.0, 0.0], [0.0, 0.0, 0.0, 0.0], [0.0, 0.0, 1824055.5730807052, 0.0], [0.0, 0.0, 0.0, 0.0]], ""R"": [[39.31950854688271, 0.0], [0.0, 39.31950854688271]], ""P"": [[2501000.0, 0.0, 0.0, 0.0], [0.0, 250100000.0, 0.0, 0.0], [0.0, 0.0, 2501000.0, 0.0], [0.0, 0.0, 0.0, 250100000.0]]}","[0.05028227657953464, 0.06253996739830935, 0.0]",False
3,P05,2e6a0a77-88d8-4501-ab04-4d78b67d0190,24,1,haply,mpc,seeded_random,756517391,persist_session,10.0,27.00844198226929,10723.971527084,0,1785938065.8131511,1500.0,True,normal,adaptive,-0.08,0.08,0.0,-0.08,-0.08,0.0,-0.0802888941,-0.08035932,0.0,-0.024269216,-0.16817628,0.1874314,0.0020944478,0.0025765013,-0.0026664035,"[18.516321784241118, 37.71993031645367, 0.0, 0.0, 0.0, 0.0, -1.9150273662313102, 5.895137198202734]","[0.005349256117168589, -0.0006881076332342539, 0.0]","{""Controller Type"": ""MPC Controller"", ""weight_comfort"": 39.15487079561629, ""weight_trajectory"": 1829004.5838837738, ""weight_goal"": 2501000.0, ""Q"": [[1829004.5838837738, 0.0, 0.0, 0.0], [0.0, 0.0, 0.0, 0.0], [0.0, 0.0, 1829004.5838837738, 0.0], [0.0, 0.0, 0.0, 0.0]], ""R"": [[39.15487079561629, 0.0], [0.0, 39.15487079561629]], ""P"": [[2501000.0, 0.0, 0.0, 0.0], [0.0, 250100000.0, 0.0, 0.0], [0.0, 0.0, 2501000.0, 0.0], [0.0, 0.0, 0.0, 250100000.0]]}","[0.05028227657953464, 0.06253996739830935, 0.0]",False
